t,h,h_dot,alpha,alpha_dot,delta,W_g,C_L,C_M,F_y,M_z
2.00000000e-03,0.00000000e+00,0.00000000e+00,0.00000000e+00,0.00000000e+00,0.00000000e+00,3.45357361e-03,1.26327256e-01,3.00480580e-02,1.23800711e+02,2.94470968e+01
4.00000000e-03,-9.76024003e-06,-9.23401555e-03,2.33284460e-05,2.06775589e-02,0.00000000e+00,1.38127612e-02,8.94943834e-02,1.33799198e-02,8.77044957e+01,1.31123214e+01
6.00000000e-03,-3.65016836e-05,-1.78164645e-02,7.94989318e-05,3.65382586e-02,0.00000000e+00,3.10729638e-02,1.11286401e-01,2.00116598e-02,1.09060673e+02,1.96114266e+01
8.00000000e-03,-8.15454132e-05,-2.71778563e-02,1.70681553e-04,5.41990433e-02,0.00000000e+00,5.52265186e-02,1.08025503e-01,1.72811717e-02,1.05864993e+02,1.69355482e+01
1.00000000e-02,-1.45166538e-04,-3.64693930e-02,2.95096092e-04,7.00614764e-02,0.00000000e+00,8.62627027e-02,1.10135612e-01,1.64081150e-02,1.07932900e+02,1.60799527e+01
1.20000000e-02,-2.27561994e-04,-4.59694291e-02,4.50611863e-04,8.54505510e-02,0.00000000e+00,1.24167737e-01,1.13531597e-01,1.65034738e-02,1.11260965e+02,1.61734044e+01
1.40000000e-02,-3.29184012e-04,-5.56790888e-02,6.36777095e-04,1.00657850e-01,0.00000000e+00,1.68924795e-01,1.15824005e-01,1.62862884e-02,1.13507525e+02,1.59605627e+01
1.60000000e-02,-4.50383558e-04,-6.55465530e-02,8.53048182e-04,1.15572556e-01,0.00000000e+00,2.20514004e-01,1.18168285e-01,1.61921747e-02,1.15804919e+02,1.58683312e+01
1.80000000e-02,-5.91478822e-04,-7.55769052e-02,1.09895967e-03,1.30325804e-01,0.00000000e+00,2.78912464e-01,1.20741237e-01,1.62926622e-02,1.18326412e+02,1.59668090e+01
2.00000000e-02,-7.52795089e-04,-8.57631134e-02,1.37428315e-03,1.44976697e-01,0.00000000e+00,3.44094246e-01,1.23085616e-01,1.63646633e-02,1.20623904e+02,1.60373700e+01
2.20000000e-02,-9.34477485e-04,-9.58686431e-02,1.67844423e-03,1.58994342e-01,0.00000000e+00,4.16030413e-01,1.20297661e-01,1.53921897e-02,1.17891708e+02,1.50843460e+01
2.40000000e-02,-1.13624914e-03,-1.05943389e-01,2.01008466e-03,1.72748182e-01,0.00000000e+00,4.94689030e-01,1.23972439e-01,1.62791357e-02,1.21492990e+02,1.59535530e+01
2.60000000e-02,-1.35834578e-03,-1.16160232e-01,2.36956473e-03,1.86693666e-01,0.00000000e+00,5.80035176e-01,1.25389466e-01,1.63022883e-02,1.22881677e+02,1.59762425e+01
2.80000000e-02,-1.60089520e-03,-1.26384767e-01,2.75660208e-03,2.00253342e-01,0.00000000e+00,6.72030960e-01,1.26090405e-01,1.60166600e-02,1.23568597e+02,1.56963268e+01
3.00000000e-02,-1.86388463e-03,-1.36608974e-01,3.17034498e-03,2.13463381e-01,0.00000000e+00,7.70635541e-01,1.27486939e-01,1.61540616e-02,1.24937200e+02,1.58309804e+01
3.20000000e-02,-2.14733686e-03,-1.46841827e-01,3.61031094e-03,2.26456445e-01,0.00000000e+00,8.75805143e-01,1.28564571e-01,1.61844273e-02,1.25993280e+02,1.58607387e+01
3.40000000e-02,-2.45124045e-03,-1.57057463e-01,4.07597540e-03,2.39156506e-01,0.00000000e+00,9.87493076e-01,1.29523755e-01,1.61990802e-02,1.26933280e+02,1.58750985e+01
3.60000000e-02,-2.77554601e-03,-1.67242054e-01,4.56673216e-03,2.51549402e-01,0.00000000e+00,1.10564976e+00,1.30444945e-01,1.62356895e-02,1.27836046e+02,1.59109757e+01
3.80000000e-02,-3.12017978e-03,-1.77383310e-01,5.08196329e-03,2.63627743e-01,0.00000000e+00,1.23022273e+00,1.31283024e-01,1.62699198e-02,1.28657363e+02,1.59445214e+01
4.00000000e-02,-3.48504043e-03,-1.87466338e-01,5.62101771e-03,2.75367978e-01,0.00000000e+00,1.36115668e+00,1.32021577e-01,1.62912665e-02,1.29381145e+02,1.59654412e+01
4.20000000e-02,-3.86990785e-03,-1.97343451e-01,6.18281975e-03,2.86185174e-01,0.00000000e+00,1.49839350e+00,1.29572536e-01,1.51305179e-02,1.26981085e+02,1.48279076e+01
4.40000000e-02,-4.27431632e-03,-2.07073695e-01,6.76541756e-03,2.96491117e-01,0.00000000e+00,1.64187224e+00,1.31851274e-01,1.60462541e-02,1.29214248e+02,1.57253290e+01
4.60000000e-02,-4.69820177e-03,-2.16802659e-01,7.36891866e-03,3.06998696e-01,0.00000000e+00,1.79152922e+00,1.32963171e-01,1.64116017e-02,1.30303907e+02,1.60833697e+01
4.80000000e-02,-5.14144142e-03,-2.26403327e-01,7.99310924e-03,3.17051689e-01,0.00000000e+00,1.94729799e+00,1.32432287e-01,1.59796198e-02,1.29783641e+02,1.56600274e+01
5.00000000e-02,-5.60370315e-03,-2.35836110e-01,8.63672259e-03,3.26500510e-01,0.00000000e+00,2.10910939e+00,1.32775118e-01,1.60590083e-02,1.30119615e+02,1.57378281e+01
5.20000000e-02,-6.08469107e-03,-2.45126716e-01,9.29885158e-03,3.35559835e-01,0.00000000e+00,2.27689160e+00,1.32998395e-01,1.61042390e-02,1.30338427e+02,1.57821542e+01
5.40000000e-02,-6.58410598e-03,-2.54261283e-01,9.97867803e-03,3.44193351e-01,0.00000000e+00,2.45057013e+00,1.33168353e-01,1.61328650e-02,1.30504986e+02,1.58102077e+01
5.60000000e-02,-7.10162538e-03,-2.63229629e-01,1.06753269e-02,3.52379710e-01,0.00000000e+00,2.63006786e+00,1.33302194e-01,1.61574928e-02,1.30636150e+02,1.58343429e+01
5.80000000e-02,-7.63690664e-03,-2.72021191e-01,1.13878877e-02,3.60102324e-01,0.00000000e+00,2.81530511e+00,1.33371010e-01,1.61742255e-02,1.30703590e+02,1.58507410e+01
6.00000000e-02,-8.18958464e-03,-2.80624504e-01,1.21154182e-02,3.67348050e-01,0.00000000e+00,3.00619965e+00,1.33379726e-01,1.61928412e-02,1.30712131e+02,1.58689844e+01
6.20000000e-02,-8.75919399e-03,-2.88911850e-01,1.28565728e-02,3.73533304e-01,0.00000000e+00,3.20266672e+00,1.30603444e-01,1.50044514e-02,1.27991375e+02,1.47043624e+01
6.40000000e-02,-9.34506755e-03,-2.96952475e-01,1.36091346e-02,3.79093444e-01,0.00000000e+00,3.40461910e+00,1.32364306e-01,1.59535717e-02,1.29717020e+02,1.56345002e+01
6.60000000e-02,-9.94693391e-03,-3.04888135e-01,1.43730375e-02,3.84789958e-01,0.00000000e+00,3.61196714e+00,1.33031372e-01,1.63796561e-02,1.30370744e+02,1.60520629e+01
6.80000000e-02,-1.05644626e-02,-3.12587594e-01,1.51479262e-02,3.89934215e-01,0.00000000e+00,3.82461879e+00,1.31854321e-01,1.58992007e-02,1.29217235e+02,1.55812166e+01
7.00000000e-02,-1.11970994e-02,-3.20009758e-01,1.59322886e-02,3.94349885e-01,0.00000000e+00,4.04247963e+00,1.31685669e-01,1.59690352e-02,1.29051955e+02,1.56496545e+01
7.20000000e-02,-1.18443397e-02,-3.27189063e-01,1.67250053e-02,3.98284846e-01,0.00000000e+00,4.26545294e+00,1.31433453e-01,1.60210032e-02,1.28804784e+02,1.57005831e+01
7.40000000e-02,-1.25056877e-02,-3.34116458e-01,1.75250959e-02,4.01721780e-01,0.00000000e+00,4.49343974e+00,1.31169528e-01,1.60652259e-02,1.28546137e+02,1.57439214e+01
7.60000000e-02,-1.31806315e-02,-3.40782813e-01,1.83315425e-02,4.04633911e-01,0.00000000e+00,4.72633881e+00,1.30815995e-01,1.60702822e-02,1.28199675e+02,1.57488766e+01
7.80000000e-02,-1.38686395e-02,-3.47180048e-01,1.91432715e-02,4.07005991e-01,0.00000000e+00,4.96404676e+00,1.30470987e-01,1.60902662e-02,1.27861567e+02,1.57684609e+01
8.00000000e-02,-1.45691680e-02,-3.53301776e-01,1.99592072e-02,4.08839210e-01,0.00000000e+00,5.20645805e+00,1.30071571e-01,1.61040484e-02,1.27470139e+02,1.57819674e+01
8.20000000e-02,-1.52816057e-02,-3.59062136e-01,2.07779453e-02,4.09648020e-01,0.00000000e+00,5.45346506e+00,1.27818769e-01,1.51092242e-02,1.25262393e+02,1.48070397e+01
8.40000000e-02,-1.60052177e-02,-3.64524156e-01,2.15973697e-02,4.09812563e-01,0.00000000e+00,5.70495814e+00,1.28984802e-01,1.59222864e-02,1.26405106e+02,1.56038407e+01
8.60000000e-02,-1.67395779e-02,-3.69799557e-01,2.24172247e-02,4.10020866e-01,0.00000000e+00,5.96082563e+00,1.29431072e-01,1.63722018e-02,1.26842451e+02,1.60447577e+01
8.80000000e-02,-1.74842161e-02,-3.74775326e-01,2.32370815e-02,4.09671674e-01,0.00000000e+00,6.22095394e+00,1.28041286e-01,1.59234053e-02,1.25480461e+02,1.56049372e+01
9.00000000e-02,-1.82384506e-02,-3.79408205e-01,2.40554118e-02,4.08573106e-01,0.00000000e+00,6.48522758e+00,1.27556578e-01,1.59687148e-02,1.25005446e+02,1.56493405e+01
9.20000000e-02,-1.90016451e-02,-3.83735310e-01,2.48710364e-02,4.06968294e-01,0.00000000e+00,6.75352924e+00,1.27108417e-01,1.60265991e-02,1.24566249e+02,1.57060671e+01
9.40000000e-02,-1.97731862e-02,-3.87753917e-01,2.56829463e-02,4.04855513e-01,0.00000000e+00,7.02573979e+00,1.26629487e-01,1.60631857e-02,1.24096897e+02,1.57419220e+01
9.60000000e-02,-2.05524491e-02,-3.91455055e-01,2.64901031e-02,4.02209770e-01,0.00000000e+00,7.30173839e+00,1.26036016e-01,1.60620343e-02,1.23515296e+02,1.57407936e+01
9.80000000e-02,-2.13387895e-02,-3.94830783e-01,2.72914295e-02,3.99030260e-01,0.00000000e+00,7.58140251e+00,1.25430625e-01,1.60888223e-02,1.22922012e+02,1.57670459e+01
1.00000000e-01,-2.21315544e-02,-3.97879821e-01,2.80858739e-02,3.95325445e-01,0.00000000e+00,7.86460799e+00,1.24861011e-01,1.60958161e-02,1.22363791e+02,1.57738998e+01
1.02000000e-01,-2.29300751e-02,-4.00578444e-01,2.88721757e-02,3.90787381e-01,0.00000000e+00,8.15122909e+00,1.23749649e-01,1.54648940e-02,1.21274656e+02,1.51555962e+01
1.04000000e-01,-2.37336571e-02,-4.02960404e-01,2.96486223e-02,3.85647774e-01,0.00000000e+00,8.44113858e+00,1.24011362e-01,1.59444787e-02,1.21531135e+02,1.56255891e+01
1.06000000e-01,-2.45417476e-02,-4.05088674e-01,3.04147199e-02,3.80437937e-01,0.00000000e+00,8.73420775e+00,1.24409406e-01,1.64140295e-02,1.21921218e+02,1.60857489e+01
1.08000000e-01,-2.53537979e-02,-4.06896101e-01,3.11700722e-02,3.74775299e-01,0.00000000e+00,9.03030649e+00,1.23135423e-01,1.60753761e-02,1.20672715e+02,1.57538685e+01
1.10000000e-01,-2.61690884e-02,-4.08338092e-01,3.19133743e-02,3.68442503e-01,0.00000000e+00,9.32930334e+00,1.22519484e-01,1.60717778e-02,1.20069094e+02,1.57503422e+01
1.12000000e-01,-2.69869279e-02,-4.09446609e-01,3.26435226e-02,3.61630377e-01,0.00000000e+00,9.63106556e+00,1.22014500e-01,1.61150804e-02,1.19574210e+02,1.57927788e+01
1.14000000e-01,-2.78066517e-02,-4.10220479e-01,3.33595937e-02,3.54365186e-01,0.00000000e+00,9.93545919e+00,1.21387906e-01,1.61466879e-02,1.18960148e+02,1.58237541e+01
1.16000000e-01,-2.86275816e-02,-4.10652038e-01,3.40606761e-02,3.46639165e-01,0.00000000e+00,1.02423491e+01,1.20715078e-01,1.61524645e-02,1.18300776e+02,1.58294152e+01
1.18000000e-01,-2.94490318e-02,-4.10741574e-01,3.47458436e-02,3.38452927e-01,0.00000000e+00,1.05515990e+01,1.20100849e-01,1.61628132e-02,1.17698832e+02,1.58395569e+01
1.20000000e-01,-3.02703208e-02,-4.10490541e-01,3.54141867e-02,3.29815084e-01,0.00000000e+00,1.08630717e+01,1.19462061e-01,1.61628162e-02,1.17072820e+02,1.58395599e+01
1.22000000e-01,-3.10907925e-02,-4.09937304e-01,3.60647528e-02,3.20650697e-01,0.00000000e+00,1.11766288e+01,1.19738975e-01,1.59906772e-02,1.17344195e+02,1.56708636e+01
1.24000000e-01,-3.19098677e-02,-4.09080599e-01,3.66964638e-02,3.10997899e-01,0.00000000e+00,1.14921311e+01,1.19060398e-01,1.60439991e-02,1.16679190e+02,1.57231192e+01
1.26000000e-01,-3.27269190e-02,-4.07930094e-01,3.73086306e-02,3.01174328e-01,0.00000000e+00,1.18094387e+01,1.19548000e-01,1.65107588e-02,1.17157040e+02,1.61805436e+01
1.28000000e-01,-3.35413840e-02,-4.06473491e-01,3.79009717e-02,2.91066677e-01,0.00000000e+00,1.21284105e+01,1.18562060e-01,1.62980020e-02,1.16190818e+02,1.59720420e+01
1.30000000e-01,-3.43525755e-02,-4.04660737e-01,3.84725636e-02,2.80458576e-01,0.00000000e+00,1.24489051e+01,1.17854855e-01,1.62811763e-02,1.15497758e+02,1.59555528e+01
1.32000000e-01,-3.51598034e-02,-4.02512585e-01,3.90225554e-02,2.69474608e-01,0.00000000e+00,1.27707800e+01,1.17322868e-01,1.62992179e-02,1.14976411e+02,1.59732335e+01
1.34000000e-01,-3.59624070e-02,-4.00036213e-01,3.95502397e-02,2.58157141e-01,0.00000000e+00,1.30938925e+01,1.16746942e-01,1.63395952e-02,1.14412003e+02,1.60128033e+01
1.36000000e-01,-3.67597333e-02,-3.97237499e-01,4.00549767e-02,2.46528866e-01,0.00000000e+00,1.34180991e+01,1.16310617e-01,1.63726078e-02,1.13984405e+02,1.60451557e+01
1.38000000e-01,-3.75511381e-02,-3.94110430e-01,4.05361315e-02,2.34565122e-01,0.00000000e+00,1.37432557e+01,1.15547113e-01,1.63276683e-02,1.13236171e+02,1.60011149e+01
1.40000000e-01,-3.83359501e-02,-3.90646010e-01,4.09930125e-02,2.22264296e-01,0.00000000e+00,1.40692182e+01,1.14848173e-01,1.63227595e-02,1.12551209e+02,1.59963043e+01
1.42000000e-01,-3.91135578e-02,-3.86935075e-01,4.14250618e-02,2.09773147e-01,0.00000000e+00,1.43958418e+01,1.16149559e-01,1.65504878e-02,1.13826568e+02,1.62194780e+01
1.44000000e-01,-3.98835176e-02,-3.82965006e-01,4.18319180e-02,1.97001413e-01,0.00000000e+00,1.47229814e+01,1.15094256e-01,1.63202132e-02,1.12792371e+02,1.59938089e+01
1.46000000e-01,-4.06452156e-02,-3.78691616e-01,4.22129159e-02,1.84002452e-01,0.00000000e+00,1.50504919e+01,1.15296972e-01,1.66231286e-02,1.12991033e+02,1.62906661e+01
1.48000000e-01,-4.13980993e-02,-3.74141058e-01,4.25678567e-02,1.70896898e-01,0.00000000e+00,1.53782278e+01,1.14781929e-01,1.66088649e-02,1.12486290e+02,1.62766876e+01
1.50000000e-01,-4.21415800e-02,-3.69290801e-01,4.28963262e-02,1.57525465e-01,0.00000000e+00,1.57060436e+01,1.14382609e-01,1.65397297e-02,1.12094957e+02,1.62089352e+01
1.52000000e-01,-4.28750673e-02,-3.64147723e-01,4.31977972e-02,1.43911994e-01,0.00000000e+00,1.60337938e+01,1.13947940e-01,1.65370399e-02,1.11668981e+02,1.62062991e+01
1.54000000e-01,-4.35979732e-02,-3.58708089e-01,4.34718481e-02,1.30109405e-01,0.00000000e+00,1.63613329e+01,1.13376149e-01,1.65398960e-02,1.11108626e+02,1.62090981e+01
1.56000000e-01,-4.43097087e-02,-3.52982080e-01,4.37181303e-02,1.16150059e-01,0.00000000e+00,1.66885155e+01,1.13089378e-01,1.65655266e-02,1.10827591e+02,1.62342161e+01
1.58000000e-01,-4.50097166e-02,-3.46978658e-01,4.39363536e-02,1.02048561e-01,0.00000000e+00,1.70151963e+01,1.12632431e-01,1.65590124e-02,1.10379782e+02,1.62278321e+01
1.60000000e-01,-4.56974363e-02,-3.40694681e-01,4.41262360e-02,8.78142742e-02,0.00000000e+00,1.73412304e+01,1.12173028e-01,1.65638642e-02,1.09929567e+02,1.62325869e+01
1.62000000e-01,-4.63723827e-02,-3.34241856e-01,4.42876989e-02,7.37123017e-02,0.00000000e+00,1.76664729e+01,1.14222967e-01,1.70731839e-02,1.11938507e+02,1.67317202e+01
1.64000000e-01,-4.70342796e-02,-3.27602893e-01,4.44210573e-02,5.95684067e-02,0.00000000e+00,1.79907794e+01,1.13253621e-01,1.66721221e-02,1.10988548e+02,1.63386796e+01
1.66000000e-01,-4.76826129e-02,-3.20691888e-01,4.45258309e-02,4.52121326e-02,0.00000000e+00,1.83140060e+01,1.13186620e-01,1.67829391e-02,1.10922888e+02,1.64472803e+01
1.68000000e-01,-4.83168996e-02,-3.13559549e-01,4.46019322e-02,3.08954471e-02,0.00000000e+00,1.86360092e+01,1.13288449e-01,1.68697806e-02,1.11022680e+02,1.65323850e+01
1.70000000e-01,-4.89367043e-02,-3.06207002e-01,4.46494076e-02,1.65710646e-02,0.00000000e+00,1.89566461e+01,1.13130428e-01,1.68404482e-02,1.10867819e+02,1.65036393e+01
1.72000000e-01,-4.95415747e-02,-2.98625133e-01,4.46681839e-02,2.19792950e-03,0.00000000e+00,1.92757742e+01,1.12898321e-01,1.68001359e-02,1.10640355e+02,1.64641331e+01
1.74000000e-01,-5.01310568e-02,-2.90821276e-01,4.46581992e-02,-1.21754095e-02,0.00000000e+00,1.95932519e+01,1.12786940e-01,1.68316259e-02,1.10531202e+02,1.64949934e+01
1.76000000e-01,-5.07047196e-02,-2.82807059e-01,4.46195118e-02,-2.65044716e-02,0.00000000e+00,1.99089383e+01,1.12698312e-01,1.68436570e-02,1.10444346e+02,1.65067839e+01
1.78000000e-01,-5.12621458e-02,-2.74583910e-01,4.45522096e-02,-4.07910181e-02,0.00000000e+00,2.02226932e+01,1.12488596e-01,1.68305542e-02,1.10238824e+02,1.64939431e+01
1.80000000e-01,-5.18029203e-02,-2.66158327e-01,4.44563878e-02,-5.50174765e-02,0.00000000e+00,2.05343774e+01,1.12416700e-01,1.68387060e-02,1.10168366e+02,1.65019318e+01
1.82000000e-01,-5.23267237e-02,-2.57649731e-01,4.43324150e-02,-6.88311331e-02,0.00000000e+00,2.08438523e+01,1.14859509e-01,1.75256106e-02,1.12562319e+02,1.71750984e+01
1.84000000e-01,-5.28334572e-02,-2.49048076e-01,4.41812362e-02,-8.23854570e-02,0.00000000e+00,2.11509808e+01,1.14413711e-01,1.71725930e-02,1.12125437e+02,1.68291412e+01
1.86000000e-01,-5.33227781e-02,-2.40239502e-01,4.40027616e-02,-9.61070196e-02,0.00000000e+00,2.14556263e+01,1.14054646e-01,1.69252059e-02,1.11773553e+02,1.65867018e+01
1.88000000e-01,-5.37943102e-02,-2.31273561e-01,4.37969038e-02,-1.09684993e-01,0.00000000e+00,2.17576537e+01,1.14622215e-01,1.71854728e-02,1.12329771e+02,1.68417633e+01
1.90000000e-01,-5.42477932e-02,-2.22188932e-01,4.35642079e-02,-1.22983676e-01,0.00000000e+00,2.20569288e+01,1.15020112e-01,1.71844548e-02,1.12719710e+02,1.68407657e+01
1.92000000e-01,-5.46829796e-02,-2.12974741e-01,4.33050617e-02,-1.36143509e-01,0.00000000e+00,2.23533189e+01,1.15184750e-01,1.71120876e-02,1.12881055e+02,1.67698459e+01
1.94000000e-01,-5.50995998e-02,-2.03622047e-01,4.30197332e-02,-1.49154330e-01,0.00000000e+00,2.26466923e+01,1.15222740e-01,1.70949438e-02,1.12918285e+02,1.67530449e+01
1.96000000e-01,-5.54973849e-02,-1.94145075e-01,4.27086072e-02,-1.61921014e-01,0.00000000e+00,2.29369187e+01,1.15566529e-01,1.71852957e-02,1.13255199e+02,1.68415898e+01
1.98000000e-01,-5.58761047e-02,-1.84554993e-01,4.23722184e-02,-1.74433866e-01,0.00000000e+00,2.32238694e+01,1.15710320e-01,1.71523045e-02,1.13396113e+02,1.68092584e+01
2.00000000e-01,-5.62355351e-02,-1.74860209e-01,4.20110271e-02,-1.86713607e-01,0.00000000e+00,2.35074170e+01,1.16093557e-01,1.71636363e-02,1.13771686e+02,1.68203636e+01
2.02000000e-01,-5.65755531e-02,-1.65176808e-01,4.16257890e-02,-1.98355873e-01,0.00000000e+00,2.37874354e+01,1.18791562e-01,1.79448478e-02,1.16415731e+02,1.75859508e+01
2.04000000e-01,-5.68962357e-02,-1.55483464e-01,4.12179141e-02,-2.09532550e-01,0.00000000e+00,2.40638006e+01,1.18518494e-01,1.75627867e-02,1.16148124e+02,1.72115309e+01
2.06000000e-01,-5.71973863e-02,-1.45639086e-01,4.07875526e-02,-2.20868441e-01,0.00000000e+00,2.43363896e+01,1.17760754e-01,1.70004669e-02,1.15405539e+02,1.66604575e+01
2.08000000e-01,-5.74787431e-02,-1.35721306e-01,4.03346079e-02,-2.31952914e-01,0.00000000e+00,2.46050816e+01,1.19140561e-01,1.74480227e-02,1.16757750e+02,1.70990622e+01
2.10000000e-01,-5.77402672e-02,-1.25797014e-01,3.98600939e-02,-2.42508082e-01,0.00000000e+00,2.48697573e+01,1.19783976e-01,1.74379314e-02,1.17388296e+02,1.70891728e+01
2.12000000e-01,-5.79819044e-02,-1.15832657e-01,3.93647751e-02,-2.52764076e-01,0.00000000e+00,2.51302990e+01,1.20217515e-01,1.73725957e-02,1.17813165e+02,1.70251438e+01
2.14000000e-01,-5.82035710e-02,-1.05828019e-01,3.88492525e-02,-2.62697646e-01,0.00000000e+00,2.53865913e+01,1.20693059e-01,1.73823193e-02,1.18279198e+02,1.70346729e+01
2.16000000e-01,-5.84051983e-02,-9.57961082e-02,3.83142297e-02,-2.72263396e-01,0.00000000e+00,2.56385202e+01,1.21267094e-01,1.73842625e-02,1.18841752e+02,1.70365772e+01
2.18000000e-01,-5.85867497e-02,-8.57557382e-02,3.77604599e-02,-2.81437727e-01,0.00000000e+00,2.58859740e+01,1.22018426e-01,1.74165801e-02,1.19578057e+02,1.70682485e+01
2.20000000e-01,-5.87482189e-02,-7.57118016e-02,3.71887536e-02,-2.90200009e-01,0.00000000e+00,2.61288428e+01,1.22542854e-01,1.74360339e-02,1.20091997e+02,1.70873132e+01
2.22000000e-01,-5.88896537e-02,-6.57529540e-02,3.66002415e-02,-2.98089934e-01,0.00000000e+00,2.63670188e+01,1.25202072e-01,1.84102402e-02,1.22698031e+02,1.80420354e+01
2.24000000e-01,-5.90112801e-02,-5.58681116e-02,3.59968002e-02,-3.05370348e-01,0.00000000e+00,2.66003961e+01,1.25305353e-01,1.78563033e-02,1.22799246e+02,1.74991772e+01
2.26000000e-01,-5.91130749e-02,-4.59064485e-02,3.53786087e-02,-3.12877978e-01,0.00000000e+00,2.68288713e+01,1.24278529e-01,1.70532234e-02,1.21792958e+02,1.67121590e+01
2.28000000e-01,-5.91949191e-02,-3.59646773e-02,3.47455411e-02,-3.20006408e-01,0.00000000e+00,2.70523429e+01,1.26478982e-01,1.77508468e-02,1.23949403e+02,1.73958299e+01
2.30000000e-01,-5.92570028e-02,-2.61266398e-02,3.40990876e-02,-3.26378068e-01,0.00000000e+00,2.72707116e+01,1.27249499e-01,1.77208066e-02,1.24704509e+02,1.73663905e+01
2.32000000e-01,-5.92994539e-02,-1.63308685e-02,3.34402736e-02,-3.32382655e-01,0.00000000e+00,2.74838806e+01,1.27853180e-01,1.75826459e-02,1.25296117e+02,1.72309929e+01
2.34000000e-01,-5.93223622e-02,-6.58906465e-03,3.27698175e-02,-3.37996461e-01,0.00000000e+00,2.76917552e+01,1.28737393e-01,1.75855840e-02,1.26162645e+02,1.72338723e+01
2.36000000e-01,-5.93258640e-02,3.07188793e-03,3.20886269e-02,-3.43101580e-01,0.00000000e+00,2.78942431e+01,1.29810541e-01,1.76793717e-02,1.27214330e+02,1.73257842e+01
2.38000000e-01,-5.93101282e-02,1.26526008e-02,3.13977470e-02,-3.47702987e-01,0.00000000e+00,2.80912544e+01,1.30523077e-01,1.76578147e-02,1.27912616e+02,1.73046584e+01
2.40000000e-01,-5.92753098e-02,2.21491125e-02,3.06981260e-02,-3.51837945e-01,0.00000000e+00,2.82827016e+01,1.31532696e-01,1.76607113e-02,1.28902042e+02,1.73074971e+01
2.42000000e-01,-5.92216409e-02,3.14819097e-02,2.99910603e-02,-3.54975499e-01,0.00000000e+00,2.84684998e+01,1.33948784e-01,1.87426552e-02,1.31269809e+02,1.83678021e+01
2.44000000e-01,-5.91494707e-02,4.06818688e-02,2.92786782e-02,-3.57431803e-01,0.00000000e+00,2.86485664e+01,1.34085204e-01,1.80739623e-02,1.31403500e+02,1.77124830e+01
2.46000000e-01,-5.90589041e-02,4.98957219e-02,2.85611227e-02,-3.60203608e-01,0.00000000e+00,2.88228216e+01,1.32922362e-01,1.70564359e-02,1.30263914e+02,1.67153072e+01
2.48000000e-01,-5.89499534e-02,5.90111374e-02,2.78381325e-02,-3.62572412e-01,0.00000000e+00,2.89911880e+01,1.35533422e-01,1.78880727e-02,1.32822753e+02,1.75303112e+01
2.50000000e-01,-5.88229893e-02,6.79319674e-02,2.71113998e-02,-3.64091233e-01,0.00000000e+00,2.91535907e+01,1.36469362e-01,1.78030108e-02,1.33739975e+02,1.74469506e+01
2.52000000e-01,-5.86783095e-02,7.67269685e-02,2.63820527e-02,-3.65182394e-01,0.00000000e+00,2.93099578e+01,1.37328635e-01,1.77442810e-02,1.34582062e+02,1.73893954e+01
2.54000000e-01,-5.85161722e-02,8.53858352e-02,2.56509845e-02,-3.65802144e-01,0.00000000e+00,2.94602198e+01,1.38362333e-01,1.77484094e-02,1.35595086e+02,1.73934412e+01
2.56000000e-01,-5.83368735e-02,9.38836577e-02,2.49191950e-02,-3.65895546e-01,0.00000000e+00,2.96043100e+01,1.39662952e-01,1.78037459e-02,1.36869693e+02,1.74476710e+01
2.58000000e-01,-5.81407466e-02,1.02218024e-01,2.41877563e-02,-3.65458012e-01,0.00000000e+00,2.97421644e+01,1.40614950e-01,1.78177906e-02,1.37802651e+02,1.74614348e+01
2.60000000e-01,-5.79281106e-02,1.10388639e-01,2.34577053e-02,-3.64507054e-01,0.00000000e+00,2.98737218e+01,1.41787059e-01,1.78381396e-02,1.38951318e+02,1.74813768e+01
2.62000000e-01,-5.76993128e-02,1.18378010e-01,2.27303609e-02,-3.62607064e-01,0.00000000e+00,2.99989238e+01,1.43015142e-01,1.87700659e-02,1.40154839e+02,1.83946646e+01
2.64000000e-01,-5.74547113e-02,1.26198238e-01,2.20077130e-02,-3.60053144e-01,0.00000000e+00,3.01177149e+01,1.43774752e-01,1.81773372e-02,1.40899257e+02,1.78137905e+01
2.66000000e-01,-5.71945648e-02,1.33951143e-01,2.12899158e-02,-3.57847974e-01,0.00000000e+00,3.02300422e+01,1.42496308e-01,1.70116730e-02,1.39646382e+02,1.66714395e+01
2.68000000e-01,-5.69190169e-02,1.41538742e-01,2.05765706e-02,-3.55268617e-01,0.00000000e+00,3.03358560e+01,1.45419315e-01,1.79427304e-02,1.42510928e+02,1.75838758e+01
2.70000000e-01,-5.66285870e-02,1.48860485e-01,1.98694091e-02,-3.51837654e-01,0.00000000e+00,3.04351092e+01,1.46367849e-01,1.77875875e-02,1.43440492e+02,1.74318358e+01
2.72000000e-01,-5.63236992e-02,1.55995848e-01,1.91694708e-02,-3.48030597e-01,0.00000000e+00,3.05277578e+01,1.47314865e-01,1.77307158e-02,1.44368568e+02,1.73761015e+01
2.74000000e-01,-5.60047394e-02,1.62927602e-01,1.84776015e-02,-3.43751438e-01,0.00000000e+00,3.06137607e+01,1.48550362e-01,1.77884350e-02,1.45579354e+02,1.74326663e+01
2.76000000e-01,-5.56721442e-02,1.69626388e-01,1.77948423e-02,-3.38906488e-01,0.00000000e+00,3.06930796e+01,1.50071124e-01,1.79410048e-02,1.47069701e+02,1.75821847e+01
2.78000000e-01,-5.53263834e-02,1.76100809e-01,1.71222974e-02,-3.33578699e-01,0.00000000e+00,3.07656794e+01,1.50997239e-01,1.78389851e-02,1.47977295e+02,1.74822054e+01
2.80000000e-01,-5.49678829e-02,1.82362222e-01,1.64607999e-02,-3.27842324e-01,0.00000000e+00,3.08315279e+01,1.52147699e-01,1.78513215e-02,1.49104745e+02,1.74942951e+01
2.82000000e-01,-5.45970482e-02,1.88453099e-01,1.58114236e-02,-3.21362819e-01,0.00000000e+00,3.08905957e+01,1.51979961e-01,1.84685607e-02,1.48940361e+02,1.80991895e+01
2.84000000e-01,-5.42142087e-02,1.94336691e-01,1.51757418e-02,-3.14293568e-01,0.00000000e+00,3.09428567e+01,1.53890388e-01,1.81782089e-02,1.50812580e+02,1.78146447e+01
2.86000000e-01,-5.38197958e-02,2.00078831e-01,1.45540314e-02,-3.07551194e-01,0.00000000e+00,3.09882876e+01,1.52089042e-01,1.68914776e-02,1.49047262e+02,1.65536481e+01
2.88000000e-01,-5.34140104e-02,2.05645519e-01,1.39456989e-02,-3.00566095e-01,0.00000000e+00,3.10268684e+01,1.54700664e-01,1.78158822e-02,1.51606650e+02,1.74595646e+01
2.90000000e-01,-5.29974107e-02,2.10916695e-01,1.33522886e-02,-2.92798775e-01,0.00000000e+00,3.10585818e+01,1.55615245e-01,1.76824793e-02,1.52502940e+02,1.73288297e+01
2.92000000e-01,-5.25704973e-02,2.15957351e-01,1.27747020e-02,-2.84734238e-01,0.00000000e+00,3.10834138e+01,1.56623009e-01,1.76113458e-02,1.53490549e+02,1.72591189e+01
2.94000000e-01,-5.21337480e-02,2.20747996e-01,1.22136147e-02,-2.76275065e-01,0.00000000e+00,3.11013534e+01,1.57911785e-01,1.77058481e-02,1.54753549e+02,1.73517311e+01
2.96000000e-01,-5.16876769e-02,2.25281338e-01,1.16698881e-02,-2.67386330e-01,0.00000000e+00,3.11123926e+01,1.59012783e-01,1.77326443e-02,1.55832527e+02,1.73779914e+01
2.98000000e-01,-5.12327909e-02,2.29562365e-01,1.11443287e-02,-2.58108680e-01,0.00000000e+00,3.11165265e+01,1.60112010e-01,1.77676200e-02,1.56909769e+02,1.74122676e+01
3.00000000e-01,-5.07695957e-02,2.33590917e-01,1.06376952e-02,-2.48468337e-01,0.00000000e+00,3.11137533e+01,1.61147866e-01,1.77662633e-02,1.57924909e+02,1.74109381e+01
3.02000000e-01,-5.02985246e-02,2.37473432e-01,1.01507531e-02,-2.38381456e-01,0.00000000e+00,3.11040741e+01,1.59694924e-01,1.80051942e-02,1.56501026e+02,1.76450903e+01
3.04000000e-01,-4.98198378e-02,2.41152253e-01,9.68446228e-03,-2.27855304e-01,0.00000000e+00,3.10874934e+01,1.62015243e-01,1.80178890e-02,1.58774938e+02,1.76575312e+01
3.06000000e-01,-4.93340425e-02,2.44640692e-01,9.23914600e-03,-2.17607903e-01,0.00000000e+00,3.10640184e+01,1.60192232e-01,1.67796870e-02,1.56988387e+02,1.64440932e+01
3.08000000e-01,-4.88414061e-02,2.47932576e-01,8.81410594e-03,-2.07247647e-01,0.00000000e+00,3.10336596e+01,1.62600384e-01,1.76434180e-02,1.59348377e+02,1.72905496e+01
3.10000000e-01,-4.83425159e-02,2.50918887e-01,8.41056700e-03,-1.96270062e-01,0.00000000e+00,3.09964304e+01,1.63272441e-01,1.74945065e-02,1.60006992e+02,1.71446163e+01
3.12000000e-01,-4.78378907e-02,2.53665001e-01,8.02914271e-03,-1.85116968e-01,0.00000000e+00,3.09523475e+01,1.64105146e-01,1.74623816e-02,1.60823043e+02,1.71131340e+01
3.14000000e-01,-4.73280241e-02,2.56158888e-01,7.67026078e-03,-1.73721429e-01,0.00000000e+00,3.09014303e+01,1.65014496e-01,1.74860772e-02,1.61714206e+02,1.71363556e+01
3.16000000e-01,-4.68134317e-02,2.58387868e-01,7.33443367e-03,-1.62060907e-01,0.00000000e+00,3.08437014e+01,1.66103841e-01,1.75340859e-02,1.62781764e+02,1.71834042e+01
3.18000000e-01,-4.62946543e-02,2.60344328e-01,7.02218631e-03,-1.50146666e-01,0.00000000e+00,3.07791865e+01,1.67155807e-01,1.75677218e-02,1.63812691e+02,1.72163674e+01
3.20000000e-01,-4.57722270e-02,2.62041905e-01,6.73398941e-03,-1.38018844e-01,0.00000000e+00,3.07079143e+01,1.67895631e-01,1.75657433e-02,1.64537718e+02,1.72144284e+01
3.22000000e-01,-4.52465496e-02,2.63645070e-01,6.47017432e-03,-1.25795952e-01,0.00000000e+00,3.06299164e+01,1.65077259e-01,1.73854069e-02,1.61775713e+02,1.70376987e+01
3.24000000e-01,-4.47177680e-02,2.65066424e-01,6.23097427e-03,-1.13320101e-01,0.00000000e+00,3.05452273e+01,1.67833538e-01,1.77499338e-02,1.64476867e+02,1.73949351e+01
3.26000000e-01,-4.41864289e-02,2.66270285e-01,6.01674001e-03,-1.01075055e-01,0.00000000e+00,3.04538847e+01,1.65826964e-01,1.65898327e-02,1.62510425e+02,1.62580361e+01
3.28000000e-01,-4.36528068e-02,2.67294254e-01,5.82661925e-03,-8.89122380e-02,0.00000000e+00,3.03559292e+01,1.67685458e-01,1.73008250e-02,1.64331749e+02,1.69548085e+01
3.30000000e-01,-4.31174394e-02,2.68037049e-01,5.66135264e-03,-7.63570799e-02,0.00000000e+00,3.02514043e+01,1.68030090e-01,1.71721358e-02,1.64669488e+02,1.68286931e+01
3.32000000e-01,-4.25808119e-02,2.68549810e-01,5.52121669e-03,-6.37632905e-02,0.00000000e+00,3.01403562e+01,1.68682382e-01,1.71765842e-02,1.65308735e+02,1.68330525e+01
3.34000000e-01,-4.20434025e-02,2.68819045e-01,5.40636530e-03,-5.10707823e-02,0.00000000e+00,3.00228344e+01,1.69334881e-01,1.72100995e-02,1.65948184e+02,1.68658975e+01
3.36000000e-01,-4.15057002e-02,2.68841576e-01,5.31700739e-03,-3.82675329e-02,0.00000000e+00,2.98988911e+01,1.70058038e-01,1.72761585e-02,1.66656877e+02,1.69306353e+01
3.38000000e-01,-4.09681986e-02,2.68620443e-01,5.25334395e-03,-2.53911155e-02,0.00000000e+00,2.97685811e+01,1.70640169e-01,1.72674776e-02,1.67227365e+02,1.69221281e+01
3.40000000e-01,-4.04313759e-02,2.68163097e-01,5.21545659e-03,-1.24942164e-02,0.00000000e+00,2.96319625e+01,1.71193791e-01,1.72597615e-02,1.67769915e+02,1.69145663e+01
3.42000000e-01,-3.98955814e-02,2.67653018e-01,5.20320867e-03,1.65106110e-04,0.00000000e+00,2.94890958e+01,1.67496372e-01,1.67461068e-02,1.64146445e+02,1.64111847e+01
3.44000000e-01,-3.93608624e-02,2.66995185e-01,5.21616114e-03,1.28905933e-02,0.00000000e+00,2.93400445e+01,1.70278982e-01,1.74119928e-02,1.66873402e+02,1.70637529e+01
3.46000000e-01,-3.88277494e-02,2.66114180e-01,5.25466014e-03,2.54497753e-02,0.00000000e+00,2.91848747e+01,1.68355763e-01,1.64468398e-02,1.64988648e+02,1.61179030e+01
3.48000000e-01,-3.82965045e-02,2.65084911e-01,5.31778056e-03,3.77394393e-02,0.00000000e+00,2.90236553e+01,1.69402834e-01,1.69314579e-02,1.66014777e+02,1.65928288e+01
3.50000000e-01,-3.77675693e-02,2.63816460e-01,5.40571760e-03,5.01786455e-02,0.00000000e+00,2.88564580e+01,1.69621910e-01,1.68812685e-02,1.66229472e+02,1.65436432e+01
3.52000000e-01,-3.72413757e-02,2.62342496e-01,5.51842782e-03,6.25168652e-02,0.00000000e+00,2.86833568e+01,1.69903805e-01,1.68754595e-02,1.66505729e+02,1.65379503e+01
3.54000000e-01,-3.67183343e-02,2.60665942e-01,5.65573320e-03,7.47772987e-02,0.00000000e+00,2.85044288e+01,1.70079479e-01,1.69091371e-02,1.66677889e+02,1.65709544e+01
3.56000000e-01,-3.61988458e-02,2.58788569e-01,5.81748047e-03,8.69529318e-02,0.00000000e+00,2.83197533e+01,1.70348151e-01,1.69235541e-02,1.66941188e+02,1.65850830e+01
3.58000000e-01,-3.56833152e-02,2.56708493e-01,6.00347039e-03,9.90167709e-02,0.00000000e+00,2.81294123e+01,1.70599360e-01,1.69352491e-02,1.67187373e+02,1.65965442e+01
3.60000000e-01,-3.51721429e-02,2.54431797e-01,6.21345374e-03,1.10939901e-01,0.00000000e+00,2.79334903e+01,1.70760627e-01,1.69233034e-02,1.67345415e+02,1.65848373e+01
3.62000000e-01,-3.46655934e-02,2.52147046e-01,6.44688698e-03,1.22348590e-01,0.00000000e+00,2.77320742e+01,1.66643040e-01,1.61841997e-02,1.63310179e+02,1.58605157e+01
3.64000000e-01,-3.41636311e-02,2.49747800e-01,6.70278473e-03,1.33662200e-01,0.00000000e+00,2.75252536e+01,1.69328908e-01,1.70847260e-02,1.65942330e+02,1.67430315e+01
3.66000000e-01,-3.36667379e-02,2.47144980e-01,6.98144516e-03,1.44839930e-01,0.00000000e+00,2.73131202e+01,1.67333126e-01,1.62924480e-02,1.63986463e+02,1.59665990e+01
3.68000000e-01,-3.31751185e-02,2.44441114e-01,7.28184673e-03,1.55571121e-01,0.00000000e+00,2.70957682e+01,1.67665961e-01,1.65722090e-02,1.64312641e+02,1.62407649e+01
3.70000000e-01,-3.26890916e-02,2.41559983e-01,7.60366972e-03,1.66212433e-01,0.00000000e+00,2.68732942e+01,1.67496146e-01,1.65591783e-02,1.64146223e+02,1.62279947e+01
3.72000000e-01,-3.22089811e-02,2.38525133e-01,7.94654656e-03,1.76628917e-01,0.00000000e+00,2.66457967e+01,1.67326382e-01,1.65858542e-02,1.63979854e+02,1.62541372e+01
3.74000000e-01,-3.17350907e-02,2.35340925e-01,8.31002658e-03,1.86807216e-01,0.00000000e+00,2.64133770e+01,1.67104876e-01,1.65743115e-02,1.63762778e+02,1.62428253e+01
3.76000000e-01,-3.12677143e-02,2.32011274e-01,8.69360363e-03,1.96727858e-01,0.00000000e+00,2.61761380e+01,1.66896169e-01,1.65889346e-02,1.63558245e+02,1.62571559e+01
3.78000000e-01,-3.08071427e-02,2.28535952e-01,9.09676324e-03,2.06386370e-01,0.00000000e+00,2.59341853e+01,1.66734996e-01,1.65960797e-02,1.63400296e+02,1.62641581e+01
3.80000000e-01,-3.03536658e-02,2.24917728e-01,9.51896374e-03,2.15766849e-01,0.00000000e+00,2.56876261e+01,1.66518853e-01,1.66046398e-02,1.63188476e+02,1.62725470e+01
3.82000000e-01,-2.99074689e-02,2.21303824e-01,9.95943027e-03,2.24546863e-01,0.00000000e+00,2.54365700e+01,1.62976794e-01,1.59612941e-02,1.59717258e+02,1.56420682e+01
3.84000000e-01,-2.94684931e-02,2.17626055e-01,1.04169746e-02,2.33062012e-01,0.00000000e+00,2.51811284e+01,1.64412899e-01,1.66988732e-02,1.61124641e+02,1.63648957e+01
3.86000000e-01,-2.90370586e-02,2.13807466e-01,1.08915434e-02,2.41374801e-01,0.00000000e+00,2.49214146e+01,1.62729887e-01,1.62110479e-02,1.59475290e+02,1.58868269e+01
3.88000000e-01,-2.86132999e-02,2.09933869e-01,1.13821088e-02,2.49140074e-01,0.00000000e+00,2.46575441e+01,1.62223295e-01,1.62472541e-02,1.58978829e+02,1.59223090e+01
3.90000000e-01,-2.81973932e-02,2.05955102e-01,1.18879003e-02,2.56600274e-01,0.00000000e+00,2.43896340e+01,1.61776130e-01,1.62901924e-02,1.58540607e+02,1.59643886e+01
3.92000000e-01,-2.77895467e-02,2.01875497e-01,1.24082933e-02,2.63735620e-01,0.00000000e+00,2.41178031e+01,1.61233647e-01,1.63058707e-02,1.58008974e+02,1.59797533e+01
3.94000000e-01,-2.73899525e-02,1.97703944e-01,1.29426035e-02,2.70512091e-01,0.00000000e+00,2.38421722e+01,1.60645741e-01,1.62974200e-02,1.57432826e+02,1.59714716e+01
3.96000000e-01,-2.69987895e-02,1.93444618e-01,1.34900926e-02,2.76915086e-01,0.00000000e+00,2.35628637e+01,1.60074183e-01,1.63014327e-02,1.56872699e+02,1.59754040e+01
3.98000000e-01,-2.66162294e-02,1.89102239e-01,1.40500154e-02,2.82945462e-01,0.00000000e+00,2.32800015e+01,1.59445862e-01,1.63126954e-02,1.56256945e+02,1.59864415e+01
4.00000000e-01,-2.62424325e-02,1.84681944e-01,1.46216181e-02,2.88591307e-01,0.00000000e+00,2.29937112e+01,1.58825495e-01,1.63085445e-02,1.55648985e+02,1.59823736e+01
4.02000000e-01,-2.58775030e-02,1.80259703e-01,1.52040009e-02,2.93667679e-01,0.00000000e+00,2.27041199e+01,1.56494193e-01,1.59472258e-02,1.53364310e+02,1.56282812e+01
4.04000000e-01,-2.55213955e-02,1.75834672e-01,1.57959877e-02,2.98292457e-01,0.00000000e+00,2.24113562e+01,1.55965697e-01,1.62044428e-02,1.52846383e+02,1.58803540e+01
4.06000000e-01,-2.51742026e-02,1.71352120e-01,1.63969605e-02,3.02601937e-01,0.00000000e+00,2.21155501e+01,1.54985800e-01,1.61421566e-02,1.51886084e+02,1.58193134e+01
4.08000000e-01,-2.48360069e-02,1.66839781e-01,1.70060698e-02,3.06423028e-01,0.00000000e+00,2.18168328e+01,1.53882571e-01,1.60478765e-02,1.50804920e+02,1.57269190e+01
4.10000000e-01,-2.45068660e-02,1.62293704e-01,1.76223590e-02,3.09803734e-01,0.00000000e+00,2.15153370e+01,1.53068754e-01,1.60967963e-02,1.50007379e+02,1.57748603e+01
4.12000000e-01,-2.41868602e-02,1.57705368e-01,1.82450244e-02,3.12793890e-01,0.00000000e+00,2.12111966e+01,1.52239083e-01,1.61163844e-02,1.49194302e+02,1.57940568e+01
4.14000000e-01,-2.38760667e-02,1.53083731e-01,1.88732537e-02,3.15362847e-01,0.00000000e+00,2.09045466e+01,1.51290960e-01,1.61090917e-02,1.48265141e+02,1.57869099e+01
4.16000000e-01,-2.35745412e-02,1.48438319e-01,1.95061862e-02,3.17497476e-01,0.00000000e+00,2.05955230e+01,1.50314272e-01,1.61080161e-02,1.47307986e+02,1.57858558e+01
4.18000000e-01,-2.32823291e-02,1.43769491e-01,2.01429592e-02,3.19205466e-01,0.00000000e+00,2.02842632e+01,1.49433677e-01,1.61225290e-02,1.46445003e+02,1.58000785e+01
4.20000000e-01,-2.29994778e-02,1.39078741e-01,2.07827187e-02,3.20479428e-01,0.00000000e+00,1.99709052e+01,1.48498399e-01,1.61103798e-02,1.45528431e+02,1.57881722e+01
4.22000000e-01,-2.27260201e-02,1.34378973e-01,2.14245466e-02,3.21258036e-01,0.00000000e+00,1.96555883e+01,1.47392936e-01,1.59993241e-02,1.44445078e+02,1.56793376e+01
4.24000000e-01,-2.24619326e-02,1.29723140e-01,2.20673741e-02,3.21471660e-01,0.00000000e+00,1.93384523e+01,1.45296863e-01,1.58426749e-02,1.42390926e+02,1.55258214e+01
4.26000000e-01,-2.22071149e-02,1.25086270e-01,2.27101763e-02,3.21299871e-01,0.00000000e+00,1.90196381e+01,1.44850795e-01,1.61086865e-02,1.41953779e+02,1.57865128e+01
4.28000000e-01,-2.19615934e-02,1.20440654e-01,2.33523186e-02,3.20745574e-01,0.00000000e+00,1.86992873e+01,1.43477981e-01,1.59573240e-02,1.40608421e+02,1.56381775e+01
4.30000000e-01,-2.17253365e-02,1.15818724e-01,2.39928206e-02,3.19684362e-01,0.00000000e+00,1.83775419e+01,1.42349810e-01,1.59600791e-02,1.39502813e+02,1.56408775e+01
4.32000000e-01,-2.14983067e-02,1.11214480e-01,2.46307731e-02,3.18198790e-01,0.00000000e+00,1.80545450e+01,1.41192597e-01,1.59785288e-02,1.38368745e+02,1.56589582e+01
4.34000000e-01,-2.12804639e-02,1.06632184e-01,2.52653352e-02,3.16292462e-01,0.00000000e+00,1.77304398e+01,1.40039928e-01,1.59841802e-02,1.37239130e+02,1.56644966e+01
4.36000000e-01,-2.10717623e-02,1.02073362e-01,2.58956600e-02,3.13961881e-01,0.00000000e+00,1.74053703e+01,1.38921752e-01,1.59894049e-02,1.36143317e+02,1.56696168e+01
4.38000000e-01,-2.08721530e-02,9.75407985e-02,2.65208990e-02,3.11205668e-01,0.00000000e+00,1.70794808e+01,1.37778349e-01,1.59850751e-02,1.35022782e+02,1.56653736e+01
4.40000000e-01,-2.06815794e-02,9.30378935e-02,2.71402022e-02,3.08028666e-01,0.00000000e+00,1.67529159e+01,1.36654615e-01,1.59921544e-02,1.33921522e+02,1.56723113e+01
4.42000000e-01,-2.05000115e-02,8.85199236e-02,2.77527258e-02,3.04419977e-01,0.00000000e+00,1.64258207e+01,1.36629787e-01,1.59554395e-02,1.33897192e+02,1.56363307e+01
4.44000000e-01,-2.03274539e-02,8.40705691e-02,2.83574913e-02,3.00225161e-01,0.00000000e+00,1.60983403e+01,1.33624328e-01,1.56274862e-02,1.30951841e+02,1.53149364e+01
4.46000000e-01,-2.01636815e-02,7.96927675e-02,2.89534186e-02,2.95718629e-01,0.00000000e+00,1.57706201e+01,1.33603036e-01,1.61543185e-02,1.30930975e+02,1.58312321e+01
4.48000000e-01,-2.00086731e-02,7.53295481e-02,2.95401992e-02,2.90962328e-01,0.00000000e+00,1.54428057e+01,1.32000342e-01,1.59433811e-02,1.29360335e+02,1.56245135e+01
4.50000000e-01,-1.98623142e-02,7.10399820e-02,3.01169266e-02,2.85694039e-01,0.00000000e+00,1.51150426e+01,1.30669632e-01,1.59056693e-02,1.28056239e+02,1.55875559e+01
4.52000000e-01,-1.97244735e-02,6.68100247e-02,3.06827093e-02,2.80026596e-01,0.00000000e+00,1.47874762e+01,1.29464911e-01,1.59161073e-02,1.26875613e+02,1.55977852e+01
4.54000000e-01,-1.95950363e-02,6.26367335e-02,3.12367932e-02,2.73999512e-01,0.00000000e+00,1.44602521e+01,1.28271792e-01,1.59447664e-02,1.25706356e+02,1.56258711e+01
4.56000000e-01,-1.94738863e-02,5.85237640e-02,3.17784712e-02,2.67618345e-01,0.00000000e+00,1.41335154e+01,1.27049544e-01,1.59492925e-02,1.24508553e+02,1.56303066e+01
4.58000000e-01,-1.93608978e-02,5.44759231e-02,3.23070267e-02,2.60877491e-01,0.00000000e+00,1.38074112e+01,1.25810985e-01,1.59475893e-02,1.23294765e+02,1.56286375e+01
4.60000000e-01,-1.92559370e-02,5.04965553e-02,3.28217477e-02,2.53786442e-01,0.00000000e+00,1.34820843e+01,1.24576399e-01,1.59524202e-02,1.22084871e+02,1.56333718e+01
4.62000000e-01,-1.91589112e-02,4.65177907e-02,3.33218850e-02,2.46264260e-01,0.00000000e+00,1.31576792e+01,1.24988646e-01,1.57601568e-02,1.22488873e+02,1.54449537e+01
4.64000000e-01,-1.90698250e-02,4.26001618e-02,3.38064888e-02,2.38268217e-01,0.00000000e+00,1.28343398e+01,1.22404469e-01,1.56533098e-02,1.19956380e+02,1.53402436e+01
4.66000000e-01,-1.89884608e-02,3.87571085e-02,3.42748947e-02,2.30177403e-01,0.00000000e+00,1.25122097e+01,1.22566156e-01,1.62337034e-02,1.20114833e+02,1.59090294e+01
4.68000000e-01,-1.89147714e-02,3.49518494e-02,3.47270948e-02,2.21931259e-01,0.00000000e+00,1.21914320e+01,1.20904160e-01,1.59766006e-02,1.18486076e+02,1.56570686e+01
4.70000000e-01,-1.88485857e-02,3.12482573e-02,3.51623304e-02,2.13251075e-01,0.00000000e+00,1.18721489e+01,1.19635002e-01,1.59479389e-02,1.17242302e+02,1.56289801e+01
4.72000000e-01,-1.87897232e-02,2.76274263e-02,3.55799082e-02,2.04284588e-01,0.00000000e+00,1.15545024e+01,1.18474910e-01,1.59758329e-02,1.16105411e+02,1.56563162e+01
4.74000000e-01,-1.87380254e-02,2.40823891e-02,3.59793075e-02,1.95076298e-01,0.00000000e+00,1.12386333e+01,1.17427358e-01,1.60147060e-02,1.15078811e+02,1.56944119e+01
4.76000000e-01,-1.86933392e-02,2.06190250e-02,3.63600542e-02,1.85629167e-01,0.00000000e+00,1.09246819e+01,1.16187445e-01,1.60222706e-02,1.13863697e+02,1.57018252e+01
4.78000000e-01,-1.86554894e-02,1.72455517e-02,3.67216595e-02,1.75935097e-01,0.00000000e+00,1.06127877e+01,1.15004040e-01,1.60168974e-02,1.12703959e+02,1.56965595e+01
4.80000000e-01,-1.86242970e-02,1.39619782e-02,3.70636379e-02,1.66006089e-01,0.00000000e+00,1.03030890e+01,1.13818629e-01,1.60217139e-02,1.11542256e+02,1.57012797e+01
4.82000000e-01,-1.85996479e-02,1.06687074e-02,3.73854442e-02,1.55717676e-01,0.00000000e+00,9.99572334e+00,1.15016056e-01,1.57263955e-02,1.12715735e+02,1.54118676e+01
4.84000000e-01,-1.85815991e-02,7.41004162e-03,3.76863121e-02,1.45134528e-01,0.00000000e+00,9.69082723e+00,1.12849243e-01,1.58371893e-02,1.10592258e+02,1.55204455e+01
4.86000000e-01,-1.85699558e-02,4.22929542e-03,3.79660764e-02,1.34692383e-01,0.00000000e+00,9.38853598e+00,1.13087268e-01,1.64263110e-02,1.10825522e+02,1.60977848e+01
4.88000000e-01,-1.85646447e-02,1.10449724e-03,3.82250520e-02,1.24205813e-01,0.00000000e+00,9.08898381e+00,1.11485683e-01,1.61181554e-02,1.09255969e+02,1.57957922e+01
4.90000000e-01,-1.85654594e-02,-1.90269763e-03,3.84626675e-02,1.13371101e-01,0.00000000e+00,8.79230371e+00,1.10333499e-01,1.60394184e-02,1.08126829e+02,1.57186300e+01
4.92000000e-01,-1.85721966e-02,-4.82159568e-03,3.86784419e-02,1.02394574e-01,0.00000000e+00,8.49862738e+00,1.09465452e-01,1.61332103e-02,1.07276143e+02,1.58105461e+01
4.94000000e-01,-1.85846936e-02,-7.66214833e-03,3.88721966e-02,9.13441712e-02,0.00000000e+00,8.20808521e+00,1.08593143e-01,1.61656496e-02,1.06421281e+02,1.58423366e+01
4.96000000e-01,-1.86027882e-02,-1.04172135e-02,3.90437544e-02,8.01975443e-02,0.00000000e+00,7.92080618e+00,1.07604240e-01,1.61808614e-02,1.05452155e+02,1.58572442e+01
4.98000000e-01,-1.86263011e-02,-1.30802789e-02,3.91929245e-02,6.89575306e-02,0.00000000e+00,7.63691783e+00,1.06624361e-01,1.61873124e-02,1.04491874e+02,1.58635661e+01
5.00000000e-01,-1.86550466e-02,-1.56493151e-02,3.93195284e-02,5.76332933e-02,0.00000000e+00,7.35654619e+00,1.05631135e-01,1.61895556e-02,1.03518512e+02,1.58657645e+01
5.02000000e-01,-1.86889224e-02,-1.82544534e-02,3.94233207e-02,4.61037128e-02,0.00000000e+00,7.07981574e+00,1.07733990e-01,1.59092548e-02,1.05579310e+02,1.55910697e+01
5.04000000e-01,-1.87280684e-02,-2.08655266e-02,3.95038947e-02,3.45013695e-02,0.00000000e+00,6.80684933e+00,1.06078612e-01,1.61566804e-02,1.03957039e+02,1.58335468e+01
5.06000000e-01,-1.87723357e-02,-2.34033292e-02,3.95615418e-02,2.32223149e-02,0.00000000e+00,6.53776815e+00,1.06372865e-01,1.66748261e-02,1.04245408e+02,1.63413295e+01
5.08000000e-01,-1.88216392e-02,-2.58774135e-02,3.95968136e-02,1.19877317e-02,0.00000000e+00,6.27269165e+00,1.04981971e-01,1.63049747e-02,1.02882331e+02,1.59788752e+01
5.10000000e-01,-1.88757702e-02,-2.82388177e-02,3.96093534e-02,5.44272801e-04,0.00000000e+00,6.01173751e+00,1.04172016e-01,1.62589772e-02,1.02088575e+02,1.59337977e+01
5.12000000e-01,-1.89345408e-02,-3.05196728e-02,3.95990022e-02,-1.08819425e-02,0.00000000e+00,5.75502159e+00,1.03570155e-01,1.63310509e-02,1.01498752e+02,1.60044299e+01
5.14000000e-01,-1.89977992e-02,-3.27259281e-02,3.95658752e-02,-2.22338877e-02,0.00000000e+00,5.50265787e+00,1.02936152e-01,1.63721840e-02,1.00877429e+02,1.60447404e+01
5.16000000e-01,-1.90653894e-02,-3.48495715e-02,3.95100980e-02,-3.35388366e-02,0.00000000e+00,5.25475836e+00,1.02182763e-01,1.63546304e-02,1.00139108e+02,1.60275378e+01
5.18000000e-01,-1.91371430e-02,-3.68915521e-02,3.94317635e-02,-4.47782446e-02,0.00000000e+00,5.01143314e+00,1.01605267e-01,1.64024429e-02,9.95731613e+01,1.60743940e+01
5.20000000e-01,-1.92129023e-02,-3.88536005e-02,3.93310425e-02,-5.59313575e-02,0.00000000e+00,4.77279022e+00,1.00925339e-01,1.63964337e-02,9.89068323e+01,1.60685051e+01
5.22000000e-01,-1.92926018e-02,-4.08822886e-02,3.92080222e-02,-6.71082293e-02,0.00000000e+00,4.53893555e+00,1.03804935e-01,1.61813837e-02,1.01728837e+02,1.58577560e+01
5.24000000e-01,-1.93764549e-02,-4.29461052e-02,3.90626865e-02,-7.81698887e-02,0.00000000e+00,4.30997296e+00,1.02422187e-01,1.64351807e-02,1.00373744e+02,1.61064771e+01
5.26000000e-01,-1.94643416e-02,-4.49429924e-02,3.88956414e-02,-8.87835075e-02,0.00000000e+00,4.08600409e+00,1.02950277e-01,1.68875553e-02,1.00891272e+02,1.65498042e+01
5.28000000e-01,-1.95561945e-02,-4.68914003e-02,3.87076777e-02,-9.92092342e-02,0.00000000e+00,3.86712837e+00,1.02031145e-01,1.65652905e-02,9.99905221e+01,1.62339847e+01
5.30000000e-01,-1.96518486e-02,-4.87519203e-02,3.84987907e-02,-1.09655707e-01,0.00000000e+00,3.65344297e+00,1.01669782e-01,1.65498725e-02,9.96363863e+01,1.62188750e+01
5.32000000e-01,-1.97511595e-02,-5.05482980e-02,3.82691664e-02,-1.19934895e-01,0.00000000e+00,3.44504277e+00,1.01335634e-01,1.65925960e-02,9.93089217e+01,1.62607440e+01
5.34000000e-01,-1.98540036e-02,-5.22872628e-02,3.80191930e-02,-1.30001173e-01,0.00000000e+00,3.24202027e+00,1.01160604e-01,1.66437880e-02,9.91373923e+01,1.63109123e+01
5.36000000e-01,-1.99602694e-02,-5.39674984e-02,3.77492954e-02,-1.39866960e-01,0.00000000e+00,3.04446561e+00,1.00823866e-01,1.66319007e-02,9.88073882e+01,1.62992627e+01
5.38000000e-01,-2.00698325e-02,-5.55861760e-02,3.74598625e-02,-1.49526819e-01,0.00000000e+00,2.85246651e+00,1.00609902e-01,1.66665121e-02,9.85977041e+01,1.63331819e+01
5.40000000e-01,-2.01825699e-02,-5.71386227e-02,3.71513268e-02,-1.58978677e-01,0.00000000e+00,2.66610819e+00,1.00190142e-01,1.66316019e-02,9.81863390e+01,1.62989699e+01
5.42000000e-01,-2.02984558e-02,-5.87941776e-02,3.68240762e-02,-1.68237994e-01,0.00000000e+00,2.48547338e+00,1.03958709e-01,1.66069477e-02,1.01879535e+02,1.62748088e+01
5.44000000e-01,-2.04177856e-02,-6.05082538e-02,3.64785425e-02,-1.77245783e-01,0.00000000e+00,2.31064230e+00,1.02524642e-01,1.66696365e-02,1.00474149e+02,1.63362438e+01
5.46000000e-01,-2.05404500e-02,-6.21642298e-02,3.61154283e-02,-1.85750783e-01,0.00000000e+00,2.14169254e+00,1.03595680e-01,1.71470858e-02,1.01523766e+02,1.68041441e+01
5.48000000e-01,-2.06664288e-02,-6.37995970e-02,3.57357736e-02,-1.93904464e-01,0.00000000e+00,1.97869912e+00,1.03064730e-01,1.68680226e-02,1.01003435e+02,1.65306621e+01
5.50000000e-01,-2.07956040e-02,-6.53683082e-02,3.53398841e-02,-2.01947699e-01,0.00000000e+00,1.82173439e+00,1.03086164e-01,1.68166515e-02,1.01024441e+02,1.64803185e+01
5.52000000e-01,-2.09278752e-02,-6.68967791e-02,3.49281630e-02,-2.09720730e-01,0.00000000e+00,1.67086805e+00,1.03197923e-01,1.68502043e-02,1.01133964e+02,1.65132002e+01
5.54000000e-01,-2.10631712e-02,-6.83953427e-02,3.45012299e-02,-2.17150594e-01,0.00000000e+00,1.52616707e+00,1.03485636e-01,1.69301119e-02,1.01415923e+02,1.65915096e+01
5.56000000e-01,-2.12014353e-02,-6.98620262e-02,3.40597831e-02,-2.24246788e-01,0.00000000e+00,1.38769569e+00,1.03575640e-01,1.69228568e-02,1.01504127e+02,1.65843997e+01
5.58000000e-01,-2.13425904e-02,-7.12854340e-02,3.36044519e-02,-2.31029281e-01,0.00000000e+00,1.25551538e+00,1.03620844e-01,1.69408885e-02,1.01548427e+02,1.66020707e+01
5.60000000e-01,-2.14865509e-02,-7.26695614e-02,3.31358828e-02,-2.37486538e-01,0.00000000e+00,1.12968484e+00,1.03827279e-01,1.69387994e-02,1.01750733e+02,1.66000234e+01
5.62000000e-01,-2.16333673e-02,-7.42016904e-02,3.26547871e-02,-2.43521866e-01,0.00000000e+00,1.01025991e+00,1.08271718e-01,1.71417392e-02,1.06106284e+02,1.67989044e+01
5.64000000e-01,-2.17833961e-02,-7.57915804e-02,3.21619908e-02,-2.49263962e-01,0.00000000e+00,8.97293619e-01,1.06395090e-01,1.68526460e-02,1.04267188e+02,1.65155931e+01
5.66000000e-01,-2.19364901e-02,-7.73161087e-02,3.16580306e-02,-2.54557136e-01,0.00000000e+00,7.90836121e-01,1.07987969e-01,1.73663007e-02,1.05828210e+02,1.70189747e+01
5.68000000e-01,-2.20926709e-02,-7.88561230e-02,3.11440928e-02,-2.59354523e-01,0.00000000e+00,6.90934676e-01,1.08025582e-01,1.71610763e-02,1.05865070e+02,1.68178547e+01
5.70000000e-01,-2.22518899e-02,-8.03591550e-02,3.06207629e-02,-2.63926304e-01,0.00000000e+00,5.97633636e-01,1.08417387e-01,1.70941201e-02,1.06249039e+02,1.67522377e+01
5.72000000e-01,-2.24140963e-02,-8.18454012e-02,3.00886173e-02,-2.68153611e-01,0.00000000e+00,5.10974421e-01,1.08951402e-01,1.71256723e-02,1.06772374e+02,1.67831589e+01
5.74000000e-01,-2.25792649e-02,-8.33217773e-02,2.95484138e-02,-2.71983033e-01,0.00000000e+00,4.30995505e-01,1.09529033e-01,1.71591512e-02,1.07338453e+02,1.68159681e+01
5.76000000e-01,-2.27473748e-02,-8.47851758e-02,2.90009464e-02,-2.75420707e-01,0.00000000e+00,3.57732395e-01,1.10014490e-01,1.71672851e-02,1.07814201e+02,1.68239394e+01
5.78000000e-01,-2.29183945e-02,-8.62318639e-02,2.84469829e-02,-2.78480497e-01,0.00000000e+00,2.91217615e-01,1.10528720e-01,1.71622287e-02,1.08318145e+02,1.68189841e+01
5.80000000e-01,-2.30922923e-02,-8.76636216e-02,2.78872821e-02,-2.81153716e-01,0.00000000e+00,2.31480695e-01,1.11079326e-01,1.71802440e-02,1.08857740e+02,1.68366392e+01
5.82000000e-01,-2.32691604e-02,-8.92624282e-02,2.73227783e-02,-2.83211625e-01,0.00000000e+00,1.78548156e-01,1.15869741e-01,1.76482262e-02,1.13552347e+02,1.72952617e+01
5.84000000e-01,-2.34493743e-02,-9.09097443e-02,2.67546259e-02,-2.84984151e-01,0.00000000e+00,1.32443497e-01,1.13677106e-01,1.69683252e-02,1.11403564e+02,1.66289587e+01
5.86000000e-01,-2.36327534e-02,-9.24881515e-02,2.61830696e-02,-2.86414822e-01,0.00000000e+00,9.31871871e-02,1.15750127e-01,1.75499177e-02,1.13435125e+02,1.71989193e+01
5.88000000e-01,-2.38193586e-02,-9.41140248e-02,2.56093659e-02,-2.87246566e-01,0.00000000e+00,6.07966533e-02,1.16302923e-01,1.74062548e-02,1.13976865e+02,1.70581297e+01
5.90000000e-01,-2.40092009e-02,-9.57270309e-02,2.50342751e-02,-2.87790712e-01,0.00000000e+00,3.52862758e-02,1.16992599e-01,1.73322720e-02,1.14652747e+02,1.69856266e+01
5.92000000e-01,-2.42022685e-02,-9.73426501e-02,2.44584535e-02,-2.87959248e-01,0.00000000e+00,1.66673801e-02,1.17933459e-01,1.73721567e-02,1.15574790e+02,1.70247135e+01
5.94000000e-01,-2.43985768e-02,-9.89661672e-02,2.38827222e-02,-2.87701668e-01,0.00000000e+00,4.94823211e-03,1.18773047e-01,1.74041381e-02,1.16397586e+02,1.70560553e+01
5.96000000e-01,-2.45981375e-02,-1.00596237e-01,2.33079211e-02,-2.87032716e-01,0.00000000e+00,1.34034504e-04,1.19708986e-01,1.74142387e-02,1.17314806e+02,1.70659540e+01
5.98000000e-01,-2.48009663e-02,-1.02233171e-01,2.27348536e-02,-2.85970506e-01,0.00000000e+00,0.00000000e+00,1.20582541e-01,1.74105120e-02,1.18170890e+02,1.70623018e+01
6.00000000e-01,-2.50070735e-02,-1.03875139e-01,2.21643047e-02,-2.84509881e-01,0.00000000e+00,0.00000000e+00,1.21502410e-01,1.74348742e-02,1.19072362e+02,1.70861767e+01
6.02000000e-01,-2.52165765e-02,-1.05681534e-01,2.15972750e-02,-2.82357935e-01,0.00000000e+00,0.00000000e+00,1.26127821e-01,1.80507409e-02,1.23605265e+02,1.76897261e+01
6.04000000e-01,-2.54298208e-02,-1.07519560e-01,2.10350573e-02,-2.79929505e-01,0.00000000e+00,0.00000000e+00,1.23974659e-01,1.72110284e-02,1.21495165e+02,1.68668078e+01
6.06000000e-01,-2.56466058e-02,-1.09284139e-01,2.04777075e-02,-2.77275319e-01,0.00000000e+00,0.00000000e+00,1.26174107e-01,1.77273629e-02,1.23650624e+02,1.73728156e+01
6.08000000e-01,-2.58669937e-02,-1.11103325e-01,1.99263360e-02,-2.74051247e-01,0.00000000e+00,0.00000000e+00,1.27042330e-01,1.76182481e-02,1.24501483e+02,1.72658832e+01
6.10000000e-01,-2.60910181e-02,-1.12921048e-01,1.93816972e-02,-2.70535179e-01,0.00000000e+00,0.00000000e+00,1.27961254e-01,1.75607950e-02,1.25402029e+02,1.72095791e+01
6.12000000e-01,-2.63186846e-02,-1.14748745e-01,1.88444318e-02,-2.66664370e-01,0.00000000e+00,0.00000000e+00,1.29126476e-01,1.75937747e-02,1.26543947e+02,1.72418992e+01
6.14000000e-01,-2.65500247e-02,-1.16593881e-01,1.83152966e-02,-2.62408306e-01,0.00000000e+00,0.00000000e+00,1.30249724e-01,1.76118281e-02,1.27644729e+02,1.72595915e+01
6.16000000e-01,-2.67850689e-02,-1.18452185e-01,1.77950429e-02,-2.57785821e-01,0.00000000e+00,0.00000000e+00,1.31345322e-01,1.76178092e-02,1.28718415e+02,1.72654530e+01
6.18000000e-01,-2.70238416e-02,-1.20322716e-01,1.72843892e-02,-2.52809597e-01,0.00000000e+00,0.00000000e+00,1.32476977e-01,1.76228145e-02,1.29827437e+02,1.72703582e+01
6.20000000e-01,-2.72663679e-02,-1.22205429e-01,1.67840349e-02,-2.47487825e-01,0.00000000e+00,0.00000000e+00,1.33602103e-01,1.76261738e-02,1.30930061e+02,1.72736503e+01
6.22000000e-01,-2.75127438e-02,-1.24208867e-01,1.62948223e-02,-2.41589532e-01,0.00000000e+00,0.00000000e+00,1.37301236e-01,1.81317062e-02,1.34555212e+02,1.77690720e+01
6.24000000e-01,-2.77632106e-02,-1.26223290e-01,1.58178294e-02,-2.35462349e-01,0.00000000e+00,0.00000000e+00,1.35895042e-01,1.74226708e-02,1.33177141e+02,1.70742174e+01
6.26000000e-01,-2.80175957e-02,-1.28175889e-01,1.53530746e-02,-2.29182527e-01,0.00000000e+00,0.00000000e+00,1.37925274e-01,1.77856413e-02,1.35166769e+02,1.74299285e+01
6.28000000e-01,-2.82759408e-02,-1.30168459e-01,1.49013953e-02,-2.22458614e-01,0.00000000e+00,0.00000000e+00,1.38929848e-01,1.77068342e-02,1.36151251e+02,1.73526975e+01
6.30000000e-01,-2.85382696e-02,-1.32161064e-01,1.44634063e-02,-2.15485569e-01,0.00000000e+00,0.00000000e+00,1.40059452e-01,1.76800438e-02,1.37258263e+02,1.73264429e+01
6.32000000e-01,-2.88045912e-02,-1.34162855e-01,1.40396433e-02,-2.08227193e-01,0.00000000e+00,0.00000000e+00,1.41310373e-01,1.76974244e-02,1.38484165e+02,1.73434759e+01
6.34000000e-01,-2.90749291e-02,-1.36176766e-01,1.36306920e-02,-2.00677083e-01,0.00000000e+00,0.00000000e+00,1.42541280e-01,1.77051179e-02,1.39690454e+02,1.73510155e+01
6.36000000e-01,-2.93493047e-02,-1.38200348e-01,1.32371205e-02,-1.92848728e-01,0.00000000e+00,0.00000000e+00,1.43767935e-01,1.77160382e-02,1.40892577e+02,1.73617175e+01
6.38000000e-01,-2.96277342e-02,-1.40229518e-01,1.28594713e-02,-1.84759113e-01,0.00000000e+00,0.00000000e+00,1.44936458e-01,1.77107191e-02,1.42037729e+02,1.73565047e+01
6.40000000e-01,-2.99102273e-02,-1.42265363e-01,1.24982565e-02,-1.76410856e-01,0.00000000e+00,0.00000000e+00,1.46221662e-01,1.77395176e-02,1.43297229e+02,1.73847273e+01
6.42000000e-01,-3.01968175e-02,-1.44333969e-01,1.21540169e-02,-1.67779088e-01,0.00000000e+00,0.00000000e+00,1.48033104e-01,1.78105341e-02,1.45072442e+02,1.74543234e+01
6.44000000e-01,-3.04875493e-02,-1.46381746e-01,1.18272523e-02,-1.58979087e-01,0.00000000e+00,0.00000000e+00,1.48099849e-01,1.76222458e-02,1.45137852e+02,1.72698009e+01
6.46000000e-01,-3.07823194e-02,-1.48391818e-01,1.15182167e-02,-1.50004900e-01,0.00000000e+00,0.00000000e+00,1.49550143e-01,1.77310268e-02,1.46559140e+02,1.73764062e+01
6.48000000e-01,-3.10811174e-02,-1.50403198e-01,1.12273885e-02,-1.40796960e-01,0.00000000e+00,0.00000000e+00,1.50561342e-01,1.76936797e-02,1.47550115e+02,1.73398061e+01
6.50000000e-01,-3.13839251e-02,-1.52404080e-01,1.09551403e-02,-1.31421897e-01,0.00000000e+00,0.00000000e+00,1.51768579e-01,1.76890766e-02,1.48733207e+02,1.73352951e+01
6.52000000e-01,-3.16907303e-02,-1.54399846e-01,1.07018180e-02,-1.21871342e-01,0.00000000e+00,0.00000000e+00,1.52938179e-01,1.76962620e-02,1.49879415e+02,1.73423367e+01
6.54000000e-01,-3.20015204e-02,-1.56389456e-01,1.04677697e-02,-1.12148701e-01,0.00000000e+00,0.00000000e+00,1.54153650e-01,1.77119740e-02,1.51070577e+02,1.73577345e+01
6.56000000e-01,-3.23162836e-02,-1.58372303e-01,1.02533279e-02,-1.02268897e-01,0.00000000e+00,0.00000000e+00,1.55341546e-01,1.77157799e-02,1.52234715e+02,1.73614643e+01
6.58000000e-01,-3.26350033e-02,-1.60345635e-01,1.00587857e-02,-9.22516790e-02,0.00000000e+00,0.00000000e+00,1.56525037e-01,1.77184082e-02,1.53394536e+02,1.73640400e+01
6.60000000e-01,-3.29576597e-02,-1.62309332e-01,9.88440134e-03,-8.21143135e-02,0.00000000e+00,0.00000000e+00,1.57742325e-01,1.77147191e-02,1.54587479e+02,1.73604247e+01
6.62000000e-01,-3.32841873e-02,-1.64192998e-01,9.73024685e-03,-7.20993200e-02,0.00000000e+00,0.00000000e+00,1.57312658e-01,1.72372166e-02,1.54166405e+02,1.68924723e+01
6.64000000e-01,-3.36143959e-02,-1.66022995e-01,9.59607233e-03,-6.19819600e-02,0.00000000e+00,0.00000000e+00,1.59176368e-01,1.77338171e-02,1.55992840e+02,1.73791408e+01
6.66000000e-01,-3.39482732e-02,-1.67843862e-01,9.48247275e-03,-5.16340133e-02,0.00000000e+00,0.00000000e+00,1.59817359e-01,1.75547031e-02,1.56621012e+02,1.72036090e+01
6.68000000e-01,-3.42857381e-02,-1.69614832e-01,9.38951052e-03,-4.13247007e-02,0.00000000e+00,0.00000000e+00,1.60757977e-01,1.75157142e-02,1.57542818e+02,1.71653999e+01
6.70000000e-01,-3.46267126e-02,-1.71355906e-01,9.31721193e-03,-3.09584171e-02,0.00000000e+00,0.00000000e+00,1.61895117e-01,1.75667771e-02,1.58657215e+02,1.72154415e+01
6.72000000e-01,-3.49711419e-02,-1.73067169e-01,9.26571778e-03,-2.05307465e-02,0.00000000e+00,0.00000000e+00,1.62866013e-01,1.75667482e-02,1.59608692e+02,1.72154132e+01
6.74000000e-01,-3.53189564e-02,-1.74741224e-01,9.23510457e-03,-1.00796408e-02,0.00000000e+00,0.00000000e+00,1.63858118e-01,1.75679698e-02,1.60580956e+02,1.72166104e+01
6.76000000e-01,-3.56700825e-02,-1.76378835e-01,9.22541183e-03,3.90392374e-04,0.00000000e+00,0.00000000e+00,1.64874059e-01,1.75883580e-02,1.61576577e+02,1.72365908e+01
6.78000000e-01,-3.60244480e-02,-1.77980791e-01,9.23666854e-03,1.08640193e-02,0.00000000e+00,0.00000000e+00,1.65911153e-01,1.75873182e-02,1.62592930e+02,1.72355719e+01
6.80000000e-01,-3.63819799e-02,-1.79544081e-01,9.26885262e-03,2.13147153e-02,0.00000000e+00,0.00000000e+00,1.66882753e-01,1.75819355e-02,1.63545098e+02,1.72302968e+01
6.82000000e-01,-3.67424851e-02,-1.80898585e-01,9.32156366e-03,3.12198934e-02,0.00000000e+00,0.00000000e+00,1.63969492e-01,1.65134619e-02,1.60690103e+02,1.61831927e+01
6.84000000e-01,-3.71055200e-02,-1.82171713e-01,9.39377923e-03,4.11955646e-02,0.00000000e+00,0.00000000e+00,1.67939722e-01,1.78290756e-02,1.64580927e+02,1.74724940e+01
6.86000000e-01,-3.74711795e-02,-1.83456210e-01,9.48652437e-03,5.14389204e-02,0.00000000e+00,0.00000000e+00,1.67214749e-01,1.72035992e-02,1.63870454e+02,1.68595272e+01
6.88000000e-01,-3.78392631e-02,-1.84618163e-01,9.59930307e-03,6.13345402e-02,0.00000000e+00,0.00000000e+00,1.68076177e-01,1.72562486e-02,1.64714653e+02,1.69111236e+01
6.90000000e-01,-3.82096178e-02,-1.85728514e-01,9.73185599e-03,7.12203369e-02,0.00000000e+00,0.00000000e+00,1.69027707e-01,1.73683074e-02,1.65647153e+02,1.70209413e+01
6.92000000e-01,-3.85821419e-02,-1.86785973e-01,9.88415617e-03,8.10637670e-02,0.00000000e+00,0.00000000e+00,1.69876861e-01,1.73808685e-02,1.66479324e+02,1.70332511e+01
6.94000000e-01,-3.89567193e-02,-1.87779839e-01,1.00560372e-02,9.07963932e-02,0.00000000e+00,0.00000000e+00,1.70595401e-01,1.73772933e-02,1.67183493e+02,1.70297475e+01
6.96000000e-01,-3.93332143e-02,-1.88703309e-01,1.02472562e-02,1.00400794e-01,0.00000000e+00,0.00000000e+00,1.71301472e-01,1.73809646e-02,1.67875442e+02,1.70333453e+01
6.98000000e-01,-3.97114863e-02,-1.89557391e-01,1.04575439e-02,1.09860598e-01,0.00000000e+00,0.00000000e+00,1.72058430e-01,1.73703226e-02,1.68617262e+02,1.70229162e+01
7.00000000e-01,-4.00913984e-02,-1.90343302e-01,1.06865998e-02,1.19172099e-01,0.00000000e+00,0.00000000e+00,1.72806538e-01,1.73930888e-02,1.69350407e+02,1.70452270e+01
7.02000000e-01,-4.04726305e-02,-1.90785731e-01,1.09335777e-02,1.27501772e-01,0.00000000e+00,0.00000000e+00,1.67142048e-01,1.56587667e-02,1.63799207e+02,1.53455913e+01
7.04000000e-01,-4.08544648e-02,-1.91113327e-01,1.11966166e-02,1.35845997e-01,0.00000000e+00,0.00000000e+00,1.73239132e-01,1.77961239e-02,1.69774350e+02,1.74402015e+01
7.06000000e-01,-4.12371163e-02,-1.91489776e-01,1.14772103e-02,1.44563191e-01,0.00000000e+00,0.00000000e+00,1.71405575e-01,1.68388430e-02,1.67977463e+02,1.65020662e+01
7.08000000e-01,-4.16203018e-02,-1.91683155e-01,1.17744708e-02,1.52682563e-01,0.00000000e+00,0.00000000e+00,1.72088482e-01,1.69626321e-02,1.68646712e+02,1.66233794e+01
7.10000000e-01,-4.20037952e-02,-1.91795943e-01,1.20878687e-02,1.60694203e-01,0.00000000e+00,0.00000000e+00,1.72652405e-01,1.70571479e-02,1.69199357e+02,1.67160049e+01
7.12000000e-01,-4.23874277e-02,-1.91821885e-01,1.24171316e-02,1.68531921e-01,0.00000000e+00,0.00000000e+00,1.73190632e-01,1.70647288e-02,1.69726819e+02,1.67234342e+01
7.14000000e-01,-4.27710214e-02,-1.91755832e-01,1.27618466e-02,1.76144917e-01,0.00000000e+00,0.00000000e+00,1.73634331e-01,1.70747855e-02,1.70161644e+02,1.67332898e+01
7.16000000e-01,-4.31543854e-02,-1.91591274e-01,1.31215543e-02,1.83522495e-01,0.00000000e+00,0.00000000e+00,1.74018939e-01,1.70814236e-02,1.70538560e+02,1.67397951e+01
7.18000000e-01,-4.35373208e-02,-1.91328193e-01,1.34957780e-02,1.90662188e-01,0.00000000e+00,0.00000000e+00,1.74459117e-01,1.71071413e-02,1.70969935e+02,1.67649985e+01
7.20000000e-01,-4.39196341e-02,-1.90969084e-01,1.38840371e-02,1.97552887e-01,0.00000000e+00,0.00000000e+00,1.74897330e-01,1.71106122e-02,1.71399384e+02,1.67684000e+01
7.22000000e-01,-4.43008926e-02,-1.90153199e-01,1.42851252e-02,2.03147347e-01,0.00000000e+00,0.00000000e+00,1.66900568e-01,1.49568732e-02,1.63562556e+02,1.46577357e+01
7.24000000e-01,-4.46801541e-02,-1.89198065e-01,1.46966106e-02,2.08717956e-01,0.00000000e+00,0.00000000e+00,1.74743743e-01,1.76462654e-02,1.71248868e+02,1.72933401e+01
7.26000000e-01,-4.50577414e-02,-1.88327607e-01,1.51202761e-02,2.14707161e-01,0.00000000e+00,0.00000000e+00,1.71964862e-01,1.64382012e-02,1.68525564e+02,1.61094372e+01
7.28000000e-01,-4.54333112e-02,-1.87227197e-01,1.55549405e-02,2.19948229e-01,0.00000000e+00,0.00000000e+00,1.72440660e-01,1.66947319e-02,1.68991847e+02,1.63608372e+01
7.30000000e-01,-4.58065839e-02,-1.86027397e-01,1.59999720e-02,2.25043768e-01,0.00000000e+00,0.00000000e+00,1.72694353e-01,1.67663989e-02,1.69240466e+02,1.64310709e+01
7.32000000e-01,-4.61773445e-02,-1.84713196e-01,1.64549390e-02,2.29874556e-01,0.00000000e+00,0.00000000e+00,1.72799309e-01,1.67869806e-02,1.69343322e+02,1.64512410e+01
7.34000000e-01,-4.65453549e-02,-1.83276317e-01,1.69192677e-02,2.34401613e-01,0.00000000e+00,0.00000000e+00,1.72837634e-01,1.67903227e-02,1.69380882e+02,1.64545162e+01
7.36000000e-01,-4.69103686e-02,-1.81717636e-01,1.73923434e-02,2.38625593e-01,0.00000000e+00,0.00000000e+00,1.72939112e-01,1.68249010e-02,1.69480330e+02,1.64884030e+01
7.38000000e-01,-4.72721430e-02,-1.80035293e-01,1.78735638e-02,2.42540183e-01,0.00000000e+00,0.00000000e+00,1.72907997e-01,1.68267510e-02,1.69449837e+02,1.64902160e+01
7.40000000e-01,-4.76304282e-02,-1.78230666e-01,1.83622891e-02,2.46132260e-01,0.00000000e+00,0.00000000e+00,1.73013754e-01,1.68446381e-02,1.69553479e+02,1.65077453e+01
7.42000000e-01,-4.79847005e-02,-1.75878426e-01,1.88570774e-02,2.48201412e-01,0.00000000e+00,0.00000000e+00,1.63012669e-01,1.43359383e-02,1.59752415e+02,1.40492195e+01
7.44000000e-01,-4.83338451e-02,-1.73380902e-01,1.93550808e-02,2.50249536e-01,0.00000000e+00,0.00000000e+00,1.72479685e-01,1.75112803e-02,1.69030092e+02,1.71610547e+01
7.46000000e-01,-4.86783106e-02,-1.71013128e-01,1.98584140e-02,2.52805366e-01,0.00000000e+00,0.00000000e+00,1.68865904e-01,1.61195045e-02,1.65488585e+02,1.57971144e+01
7.48000000e-01,-4.90177271e-02,-1.68389593e-01,2.03657476e-02,2.54529202e-01,0.00000000e+00,0.00000000e+00,1.69284628e-01,1.64889830e-02,1.65898935e+02,1.61592034e+01
7.50000000e-01,-4.93517961e-02,-1.65656621e-01,2.08764240e-02,2.56092809e-01,0.00000000e+00,0.00000000e+00,1.69046825e-01,1.65120605e-02,1.65665889e+02,1.61818193e+01
7.52000000e-01,-4.96802616e-02,-1.62785726e-01,2.13899047e-02,2.57335275e-01,0.00000000e+00,0.00000000e+00,1.68754696e-01,1.65479214e-02,1.65379602e+02,1.62169630e+01
7.54000000e-01,-5.00028442e-02,-1.59772747e-01,2.19055391e-02,2.58238890e-01,0.00000000e+00,0.00000000e+00,1.68372238e-01,1.65370423e-02,1.65004793e+02,1.62063015e+01
7.56000000e-01,-5.03192612e-02,-1.56622692e-01,2.24226380e-02,2.58809177e-01,0.00000000e+00,0.00000000e+00,1.68147337e-01,1.65867225e-02,1.64784390e+02,1.62549881e+01
7.58000000e-01,-5.06292498e-02,-1.53344894e-01,2.29405557e-02,2.59049259e-01,0.00000000e+00,0.00000000e+00,1.67931049e-01,1.65837019e-02,1.64572428e+02,1.62520279e+01
7.60000000e-01,-5.09325517e-02,-1.49933466e-01,2.34586006e-02,2.58937668e-01,0.00000000e+00,0.00000000e+00,1.67514519e-01,1.65886476e-02,1.64164228e+02,1.62568747e+01
7.62000000e-01,-5.12285555e-02,-1.45879749e-01,2.39751715e-02,2.57124123e-01,0.00000000e+00,0.00000000e+00,1.55354599e-01,1.37497877e-02,1.52247507e+02,1.34747919e+01
7.64000000e-01,-5.15159861e-02,-1.41699177e-01,2.44871219e-02,2.55347654e-01,0.00000000e+00,0.00000000e+00,1.66914267e-01,1.73987651e-02,1.63575982e+02,1.70507898e+01
7.66000000e-01,-5.17955509e-02,-1.37816728e-01,2.49973091e-02,2.54691567e-01,-5.36160763e-03,0.00000000e+00,1.64618769e-01,1.68305177e-02,1.61326394e+02,1.64939074e+01
7.68000000e-01,-5.20671000e-02,-1.33704782e-01,2.55054280e-02,2.53345397e-01,-1.01104601e-01,0.00000000e+00,1.63784922e-01,1.66766822e-02,1.60509223e+02,1.63431485e+01
7.70000000e-01,-5.23302866e-02,-1.29467703e-01,2.60104878e-02,2.51694831e-01,-1.96847594e-01,0.00000000e+00,1.63860446e-01,1.69137676e-02,1.60583237e+02,1.65754922e+01
7.72000000e-01,-5.25849137e-02,-1.25144934e-01,2.65121206e-02,2.49914185e-01,-2.92590588e-01,0.00000000e+00,1.63878763e-01,1.71209813e-02,1.60601188e+02,1.67785617e+01
7.74000000e-01,-5.28308048e-02,-1.20729777e-01,2.70100445e-02,2.47983590e-01,-3.88333581e-01,0.00000000e+00,1.63726783e-01,1.73111201e-02,1.60452248e+02,1.69648977e+01
7.76000000e-01,-5.30677692e-02,-1.16219180e-01,2.75039549e-02,2.45902909e-01,-4.84076574e-01,0.00000000e+00,1.63601352e-01,1.75123755e-02,1.60329325e+02,1.71621280e+01
7.78000000e-01,-5.32956260e-02,-1.11625346e-01,2.79935631e-02,2.43682728e-01,-5.79819568e-01,0.00000000e+00,1.63660495e-01,1.77186480e-02,1.60387285e+02,1.73642751e+01
7.80000000e-01,-5.35142178e-02,-1.06952379e-01,2.84786012e-02,2.41335695e-01,-6.75562561e-01,0.00000000e+00,1.63555670e-01,1.79399757e-02,1.60284557e+02,1.75811762e+01
7.82000000e-01,-5.37230068e-02,-1.01636326e-01,2.89578290e-02,2.37373593e-01,-7.71305555e-01,0.00000000e+00,1.50358574e-01,1.50146311e-02,1.47351402e+02,1.47143385e+01
7.84000000e-01,-5.39207255e-02,-9.62638626e-02,2.94282205e-02,2.33598697e-01,-8.67048548e-01,0.00000000e+00,1.63874200e-01,1.90066873e-02,1.60596716e+02,1.86265535e+01
7.86000000e-01,-5.41082965e-02,-9.12428303e-02,2.98928571e-02,2.30773645e-01,-9.62791541e-01,0.00000000e+00,1.60122009e-01,1.76731654e-02,1.56919569e+02,1.73197021e+01
7.88000000e-01,-5.42855685e-02,-8.60293651e-02,3.03508970e-02,2.27321432e-01,-1.05853453e+00,0.00000000e+00,1.60845954e-01,1.83460521e-02,1.57629035e+02,1.79791310e+01
7.90000000e-01,-5.44523865e-02,-8.07747489e-02,3.08021987e-02,2.23953009e-01,-1.15427753e+00,0.00000000e+00,1.60543587e-01,1.84951190e-02,1.57332715e+02,1.81252167e+01
7.92000000e-01,-5.46086109e-02,-7.54351590e-02,3.12465914e-02,2.20408126e-01,-1.25002052e+00,0.00000000e+00,1.60157381e-01,1.86119456e-02,1.56954233e+02,1.82397067e+01
7.94000000e-01,-5.47540814e-02,-7.00269203e-02,3.16837391e-02,2.16725147e-01,-1.34576351e+00,0.00000000e+00,1.60149000e-01,1.88312477e-02,1.56946020e+02,1.84546227e+01
7.96000000e-01,-5.48886801e-02,-6.45610544e-02,3.21134137e-02,2.12924855e-01,-1.44150651e+00,0.00000000e+00,1.59931818e-01,1.89810669e-02,1.56733182e+02,1.86014455e+01
7.98000000e-01,-5.50122821e-02,-5.90299596e-02,3.25353485e-02,2.08989556e-01,-1.53724950e+00,0.00000000e+00,1.59656301e-01,1.91522311e-02,1.56463175e+02,1.87691865e+01
8.00000000e-01,-5.51247605e-02,-5.34396433e-02,3.29492850e-02,2.04923857e-01,-1.63299249e+00,0.00000000e+00,1.59488942e-01,1.93003438e-02,1.56299163e+02,1.89143369e+01
8.02000000e-01,-5.52255993e-02,-4.71872243e-02,3.33539529e-02,1.99221933e-01,-1.72873549e+00,0.00000000e+00,1.45032547e-01,1.62980037e-02,1.42131896e+02,1.59720437e+01
8.04000000e-01,-5.53135001e-02,-4.09208138e-02,3.37463626e-02,1.93804579e-01,-1.82447848e+00,0.00000000e+00,1.59905975e-01,2.04607055e-02,1.56707856e+02,2.00514914e+01
8.06000000e-01,-5.53895819e-02,-3.51035031e-02,3.41299074e-02,1.89491477e-01,-1.92022148e+00,0.00000000e+00,1.56171405e-01,1.91654119e-02,1.53047977e+02,1.87821037e+01
8.08000000e-01,-5.54538145e-02,-2.91367899e-02,3.45039793e-02,1.84654565e-01,-2.01596447e+00,0.00000000e+00,1.56963569e-01,1.98976175e-02,1.53824298e+02,1.94996651e+01
8.10000000e-01,-5.55061345e-02,-2.31781797e-02,3.48686301e-02,1.79974284e-01,-2.11170746e+00,0.00000000e+00,1.56812150e-01,2.00170138e-02,1.53675907e+02,1.96166735e+01
8.12000000e-01,-5.55464932e-02,-1.71685731e-02,3.52237734e-02,1.75139604e-01,-2.20745046e+00,0.00000000e+00,1.56125860e-01,2.00828419e-02,1.53003343e+02,1.96811851e+01
8.14000000e-01,-5.55747692e-02,-1.10996039e-02,3.55690833e-02,1.70147053e-01,-2.30319345e+00,0.00000000e+00,1.55680567e-01,2.01809709e-02,1.52566955e+02,1.97773515e+01
8.16000000e-01,-5.55908687e-02,-4.99629801e-03,3.59043061e-02,1.65071161e-01,-2.39893644e+00,0.00000000e+00,1.55479825e-01,2.03888666e-02,1.52370229e+02,1.99810892e+01
8.18000000e-01,-5.55947376e-02,1.13217720e-03,3.62293364e-02,1.59948060e-01,-2.49467944e+00,0.00000000e+00,1.55149003e-01,2.05482966e-02,1.52046023e+02,2.01373306e+01
8.20000000e-01,-5.55863226e-02,7.28674073e-03,3.65440522e-02,1.54755820e-01,-2.59042243e+00,0.00000000e+00,1.54826621e-01,2.06954521e-02,1.51730088e+02,2.02815430e+01
8.22000000e-01,-5.55651535e-02,1.40969907e-02,3.68473089e-02,1.47987562e-01,-2.68616542e+00,0.00000000e+00,1.39681462e-01,1.76760098e-02,1.36887832e+02,1.73224896e+01
8.24000000e-01,-5.55299558e-02,2.08755230e-02,3.71362396e-02,1.41574751e-01,-2.78190842e+00,0.00000000e+00,1.55309039e-01,2.18571693e-02,1.52202858e+02,2.14200259e+01
8.26000000e-01,-5.54820117e-02,2.71136315e-02,3.74144123e-02,1.36368535e-01,-2.87765141e+00,0.00000000e+00,1.51943630e-01,2.06080737e-02,1.48904757e+02,2.01959122e+01
8.28000000e-01,-5.54214313e-02,3.34566871e-02,3.76814265e-02,1.30731485e-01,-2.97339440e+00,0.00000000e+00,1.52388098e-01,2.13366334e-02,1.49340336e+02,2.09099008e+01
8.30000000e-01,-5.53482080e-02,3.97651012e-02,3.79375083e-02,1.25349531e-01,-3.06913740e+00,0.00000000e+00,1.52181127e-01,2.15115483e-02,1.49137505e+02,2.10813173e+01
8.32000000e-01,-5.52623597e-02,4.60903894e-02,3.81827580e-02,1.19867766e-01,-3.16488039e+00,0.00000000e+00,1.51318777e-01,2.14797120e-02,1.48292402e+02,2.10501178e+01
8.34000000e-01,-5.51638300e-02,5.24403973e-02,3.84168896e-02,1.14251326e-01,-3.26062338e+00,0.00000000e+00,1.50825086e-01,2.15656252e-02,1.47808584e+02,2.11343127e+01
8.36000000e-01,-5.50525986e-02,5.87897009e-02,3.86397377e-02,1.08596387e-01,-3.35636638e+00,0.00000000e+00,1.50453142e-01,2.17195648e-02,1.47444079e+02,2.12851735e+01
8.38000000e-01,-5.49286726e-02,6.51368994e-02,3.88512660e-02,1.02927755e-01,-3.45210937e+00,0.00000000e+00,1.49888541e-01,2.18413807e-02,1.46890771e+02,2.14045530e+01
8.40000000e-01,-5.47920517e-02,7.14830428e-02,3.90514306e-02,9.72319735e-02,-3.54785236e+00,0.00000000e+00,1.49388432e-01,2.19508486e-02,1.46400663e+02,2.15118317e+01
8.42000000e-01,-5.46423359e-02,7.84359476e-02,3.92392320e-02,9.00935900e-02,-3.64359536e+00,0.00000000e+00,1.34515514e-01,1.90843644e-02,1.31825204e+02,1.87026771e+01
8.44000000e-01,-5.44783635e-02,8.53054943e-02,3.94120604e-02,8.33382173e-02,-3.73933835e+00,0.00000000e+00,1.50026722e-01,2.30046902e-02,1.47026188e+02,2.25445964e+01
8.46000000e-01,-5.43015122e-02,9.15777089e-02,3.95734141e-02,7.78265769e-02,-3.83508134e+00,0.00000000e+00,1.47055369e-01,2.19276380e-02,1.44114262e+02,2.14890852e+01
8.48000000e-01,-5.41120111e-02,9.79121261e-02,3.97231115e-02,7.19320543e-02,-3.93082434e+00,0.00000000e+00,1.47052164e-01,2.24173045e-02,1.44111120e+02,2.19689584e+01
8.50000000e-01,-5.39098994e-02,1.04192874e-01,3.98613084e-02,6.62867422e-02,-4.02656733e+00,0.00000000e+00,1.46685243e-01,2.26504683e-02,1.43751538e+02,2.21974589e+01
8.52000000e-01,-5.36952425e-02,1.10469397e-01,3.99881897e-02,6.05383400e-02,-4.12231032e+00,0.00000000e+00,1.45424193e-01,2.23845006e-02,1.42515709e+02,2.19368105e+01
8.54000000e-01,-5.34680139e-02,1.16757867e-01,4.01033214e-02,5.45793364e-02,-4.21805332e+00,0.00000000e+00,1.44576816e-01,2.23753160e-02,1.41685280e+02,2.19278097e+01
8.56000000e-01,-5.32282204e-02,1.23032173e-01,4.02064695e-02,4.85640479e-02,-4.31379631e+00,0.00000000e+00,1.43823303e-01,2.24161665e-02,1.40946837e+02,2.19678432e+01
8.58000000e-01,-5.29758967e-02,1.29289234e-01,4.02975439e-02,4.24982746e-02,-4.40953930e+00,0.00000000e+00,1.42945528e-01,2.24019252e-02,1.40086617e+02,2.19538867e+01
8.60000000e-01,-5.27110827e-02,1.35517557e-01,4.03764141e-02,3.63597466e-02,-4.50528230e+00,0.00000000e+00,1.42358567e-01,2.23786265e-02,1.39511396e+02,2.19310539e+01
8.62000000e-01,-5.24334868e-02,1.42255371e-01,4.04421937e-02,2.90376389e-02,-4.60102529e+00,0.00000000e+00,1.28800750e-01,2.00143935e-02,1.26224735e+02,1.96141056e+01
8.64000000e-01,-5.21421304e-02,1.48889436e-01,4.04927575e-02,2.20046109e-02,-4.69676828e+00,0.00000000e+00,1.42432408e-01,2.30607048e-02,1.39583759e+02,2.25994907e+01
8.66000000e-01,-5.18383185e-02,1.54939261e-01,4.05309263e-02,1.60426983e-02,-4.79251128e+00,0.00000000e+00,1.39997441e-01,2.23195772e-02,1.37197493e+02,2.18731857e+01
8.68000000e-01,-5.15223689e-02,1.60995726e-01,4.05567647e-02,9.83551788e-03,-4.88825427e+00,0.00000000e+00,1.39722845e-01,2.25853489e-02,1.36928389e+02,2.21336419e+01
8.70000000e-01,-5.11943961e-02,1.66961485e-01,4.05704119e-02,3.84363508e-03,-4.98399726e+00,0.00000000e+00,1.39464081e-01,2.27934420e-02,1.36674799e+02,2.23375731e+01
8.72000000e-01,-5.08545677e-02,1.72860171e-01,4.05721601e-02,-2.11706729e-03,-5.07974026e+00,0.00000000e+00,1.38540159e-01,2.26557182e-02,1.35769356e+02,2.22026038e+01
8.74000000e-01,-5.05029949e-02,1.78699628e-01,4.05619399e-02,-8.08346140e-03,-5.17548325e+00,0.00000000e+00,1.38002006e-01,2.27693380e-02,1.35241966e+02,2.23139513e+01
8.76000000e-01,-5.01398264e-02,1.84453253e-01,4.05399007e-02,-1.39382037e-02,-5.27122624e+00,0.00000000e+00,1.37604731e-01,2.28609878e-02,1.34852636e+02,2.24037680e+01
8.78000000e-01,-4.97652370e-02,1.90124160e-01,4.05062464e-02,-1.97039735e-02,-5.36696924e+00,0.00000000e+00,1.36900223e-01,2.29103721e-02,1.34162219e+02,2.24521647e+01
8.80000000e-01,-4.93793868e-02,1.95709479e-01,4.04611505e-02,-2.53711587e-02,-5.46271223e+00,0.00000000e+00,1.36477775e-01,2.30058160e-02,1.33748219e+02,2.25456997e+01
8.82000000e-01,-4.89821649e-02,2.01646062e-01,4.04043491e-02,-3.16571482e-02,-5.55845522e+00,0.00000000e+00,1.25473186e-01,2.15328293e-02,1.22963722e+02,2.11021728e+01
8.84000000e-01,-4.85729165e-02,2.07411814e-01,4.03347329e-02,-3.76266985e-02,-5.65419822e+00,0.00000000e+00,1.37153121e-01,2.35731427e-02,1.34410058e+02,2.31016798e+01
8.86000000e-01,-4.81529039e-02,2.12598256e-01,4.02543674e-02,-4.28086235e-02,-5.74994121e+00,0.00000000e+00,1.35602647e-01,2.30733348e-02,1.32890594e+02,2.26118681e+01
8.88000000e-01,-4.77225826e-02,2.17695972e-01,4.01634503e-02,-4.80626915e-02,-5.84568420e+00,0.00000000e+00,1.35734497e-01,2.32939960e-02,1.33019807e+02,2.28281160e+01
8.90000000e-01,-4.72822190e-02,2.22645190e-01,4.00622921e-02,-5.30536695e-02,-5.94142720e+00,0.00000000e+00,1.35498157e-01,2.34831036e-02,1.32788194e+02,2.30134415e+01
8.92000000e-01,-4.68320844e-02,2.27470547e-01,3.99513169e-02,-5.79227343e-02,-6.03717019e+00,0.00000000e+00,1.34973975e-01,2.33933428e-02,1.32274496e+02,2.29254760e+01
8.94000000e-01,-4.63724193e-02,2.32172203e-01,3.98306594e-02,-6.27043945e-02,-6.13291318e+00,0.00000000e+00,1.34655651e-01,2.34961622e-02,1.31962538e+02,2.30262389e+01
8.96000000e-01,-4.59034853e-02,2.36739327e-01,3.97006281e-02,-6.72930389e-02,-6.22865618e+00,0.00000000e+00,1.34308326e-01,2.36146111e-02,1.31622159e+02,2.31423189e+01
8.98000000e-01,-4.54255471e-02,2.41178813e-01,3.95615795e-02,-7.17433566e-02,-6.32439917e+00,0.00000000e+00,1.33754881e-01,2.35896906e-02,1.31079784e+02,2.31178968e+01
9.00000000e-01,-4.49388579e-02,2.45486536e-01,3.94137173e-02,-7.60996964e-02,-6.42014216e+00,0.00000000e+00,1.33431988e-01,2.36024251e-02,1.30763348e+02,2.31303766e+01
9.02000000e-01,-4.44435220e-02,2.49912653e-01,3.92571752e-02,-8.04643402e-02,-6.51588516e+00,0.00000000e+00,1.26962572e-01,2.33504015e-02,1.24423321e+02,2.28833934e+01
9.04000000e-01,-4.39393572e-02,2.54113906e-01,3.90920765e-02,-8.45041368e-02,-6.61162815e+00,0.00000000e+00,1.34588554e-01,2.40501266e-02,1.31896783e+02,2.35691241e+01
9.06000000e-01,-4.34273817e-02,2.57842230e-01,3.89193922e-02,-8.81935137e-02,-6.70737114e+00,0.00000000e+00,1.33849549e-01,2.38407415e-02,1.31172558e+02,2.33639266e+01
9.08000000e-01,-4.29080898e-02,2.61418285e-01,3.87393692e-02,-9.17828071e-02,-6.80311414e+00,0.00000000e+00,1.33922300e-01,2.40045102e-02,1.31243854e+02,2.35244200e+01
9.10000000e-01,-4.23818238e-02,2.64821531e-01,3.85523798e-02,-9.51939637e-02,-6.89885713e+00,0.00000000e+00,1.33605586e-01,2.39489209e-02,1.30933474e+02,2.34699425e+01
9.12000000e-01,-4.18489193e-02,2.68051366e-01,3.83587065e-02,-9.84355087e-02,-6.99460012e+00,0.00000000e+00,1.33637524e-01,2.40851896e-02,1.30964774e+02,2.36034858e+01
9.14000000e-01,-4.13097379e-02,2.71101848e-01,3.81587851e-02,-1.01456112e-01,-7.09034312e+00,0.00000000e+00,1.33407671e-01,2.41283211e-02,1.30739518e+02,2.36457547e+01
9.16000000e-01,-4.07646230e-02,2.73985698e-01,3.79529894e-02,-1.04315611e-01,-7.18608611e+00,0.00000000e+00,1.33093244e-01,2.41305302e-02,1.30431380e+02,2.36479196e+01
9.18000000e-01,-4.02139136e-02,2.76691824e-01,3.77416500e-02,-1.06984025e-01,-7.28182910e+00,0.00000000e+00,1.33076204e-01,2.42286029e-02,1.30414680e+02,2.37440308e+01
9.20000000e-01,-3.96579825e-02,2.79207804e-01,3.75252127e-02,-1.09413404e-01,-7.37757210e+00,0.00000000e+00,1.33008618e-01,2.43240754e-02,1.30348445e+02,2.38375939e+01
9.22000000e-01,-3.90971621e-02,2.81604164e-01,3.73043894e-02,-1.11253448e-01,-7.47331509e+00,0.00000000e+00,1.31303114e-01,2.51509694e-02,1.28677051e+02,2.46479500e+01
9.24000000e-01,-3.85317249e-02,2.83761937e-01,3.70802992e-02,-1.12942965e-01,-7.56905808e+00,0.00000000e+00,1.33977041e-01,2.43205506e-02,1.31297500e+02,2.38341396e+01
9.26000000e-01,-3.79623272e-02,2.85600438e-01,3.68525075e-02,-1.14797519e-01,-7.66480108e+00,0.00000000e+00,1.34123159e-01,2.44799173e-02,1.31440696e+02,2.39903190e+01
9.28000000e-01,-3.73894481e-02,2.87251537e-01,3.66212289e-02,-1.16472517e-01,-7.76054407e+00,0.00000000e+00,1.33686399e-01,2.43677300e-02,1.31012671e+02,2.38803754e+01
9.30000000e-01,-3.68134286e-02,2.88741276e-01,3.63866291e-02,-1.18129985e-01,-7.85628706e+00,0.00000000e+00,1.33197721e-01,2.41822434e-02,1.30533767e+02,2.36985985e+01
9.32000000e-01,-3.62345950e-02,2.90062948e-01,3.61487349e-02,-1.19748465e-01,-7.95203006e+00,0.00000000e+00,1.32894004e-01,2.41103852e-02,1.30236124e+02,2.36281775e+01
9.34000000e-01,-3.56533025e-02,2.91196144e-01,3.59077486e-02,-1.21196936e-01,-8.04777305e+00,0.00000000e+00,1.32861442e-01,2.41954333e-02,1.30204213e+02,2.37115247e+01
9.36000000e-01,-3.50699321e-02,2.92146813e-01,3.56640285e-02,-1.22523400e-01,-8.14351604e+00,0.00000000e+00,1.32400933e-01,2.40188472e-02,1.29752914e+02,2.35384703e+01
9.38000000e-01,-3.44848211e-02,2.92938745e-01,3.54176417e-02,-1.23869830e-01,-8.23925904e+00,0.00000000e+00,1.31797660e-01,2.38020929e-02,1.29161707e+02,2.33260510e+01
9.40000000e-01,-3.38982914e-02,2.93559351e-01,3.51685990e-02,-1.25141533e-01,-8.33500203e+00,0.00000000e+00,1.31619007e-01,2.38204538e-02,1.28986627e+02,2.33440448e+01
9.42000000e-01,-3.33108254e-02,2.93817358e-01,3.49178697e-02,-1.25222208e-01,-8.43074502e+00,0.00000000e+00,1.35476422e-01,2.59440604e-02,1.32766893e+02,2.54251792e+01
9.44000000e-01,-3.27231999e-02,2.93808486e-01,3.46678439e-02,-1.25102261e-01,-8.52648802e+00,0.00000000e+00,1.33058277e-01,2.38842100e-02,1.30397111e+02,2.34065258e+01
9.46000000e-01,-3.21356918e-02,2.93649155e-01,3.44171022e-02,-1.25519941e-01,-8.62223101e+00,0.00000000e+00,1.34195813e-01,2.44575965e-02,1.31511896e+02,2.39684446e+01
9.48000000e-01,-3.15487521e-02,2.93266520e-01,3.41659173e-02,-1.25707960e-01,-8.71797400e+00,0.00000000e+00,1.33483506e-01,2.40074920e-02,1.30813836e+02,2.35273422e+01
9.50000000e-01,-3.09627464e-02,2.92702830e-01,3.39142407e-02,-1.25940409e-01,-8.81371700e+00,0.00000000e+00,1.33640706e-01,2.40049058e-02,1.30967892e+02,2.35248077e+01
9.52000000e-01,-3.03780972e-02,2.91904510e-01,3.36623065e-02,-1.25946626e-01,-8.90945999e+00,0.00000000e+00,1.34190466e-01,2.41224703e-02,1.31506657e+02,2.36400209e+01
9.54000000e-01,-2.97953143e-02,2.90827304e-01,3.34107421e-02,-1.25521155e-01,-9.00520298e+00,0.00000000e+00,1.35395933e-01,2.45515067e-02,1.32688014e+02,2.40604766e+01
9.56000000e-01,-2.92149398e-02,2.89522439e-01,3.31603388e-02,-1.24920275e-01,-9.10094598e+00,0.00000000e+00,1.34767260e-01,2.41326752e-02,1.32071915e+02,2.36500217e+01
9.58000000e-01,-2.86373589e-02,2.88016163e-01,3.29111065e-02,-1.24251147e-01,-9.19668897e+00,0.00000000e+00,1.35381457e-01,2.43384640e-02,1.32673827e+02,2.38516947e+01
9.60000000e-01,-2.80630314e-02,2.86275491e-01,3.26635095e-02,-1.23319089e-01,-9.29243196e+00,0.00000000e+00,1.35549122e-01,2.43304879e-02,1.32838140e+02,2.38438782e+01
9.62000000e-01,-2.74926564e-02,2.83935560e-01,3.24189402e-02,-1.20722103e-01,-9.38817496e+00,0.00000000e+00,1.44719550e-01,2.74829201e-02,1.41825159e+02,2.69332617e+01
9.64000000e-01,-2.69274407e-02,2.81368346e-01,3.21805170e-02,-1.18281152e-01,-9.46788100e+00,0.00000000e+00,1.36235291e-01,2.36611324e-02,1.33510585e+02,2.31879097e+01
9.66000000e-01,-2.63671259e-02,2.78886907e-01,3.19449858e-02,-1.17084943e-01,-9.46788100e+00,0.00000000e+00,1.38131333e-01,2.45333093e-02,1.35368706e+02,2.40426431e+01
9.68000000e-01,-2.58120342e-02,2.76193732e-01,3.17122710e-02,-1.15748044e-01,-9.46788100e+00,0.00000000e+00,1.36640668e-01,2.36233990e-02,1.33907854e+02,2.31509311e+01
9.70000000e-01,-2.52624504e-02,2.73351419e-01,3.14818254e-02,-1.14663459e-01,-9.46788100e+00,0.00000000e+00,1.37118457e-01,2.36740665e-02,1.34376088e+02,2.32005852e+01
9.72000000e-01,-2.47188042e-02,2.70245731e-01,3.12538512e-02,-1.13227896e-01,-9.46788100e+00,0.00000000e+00,1.38344653e-01,2.40338711e-02,1.35577760e+02,2.35531937e+01
9.74000000e-01,-2.41816303e-02,2.66895688e-01,3.10290815e-02,-1.11540768e-01,-9.46788100e+00,0.00000000e+00,1.38429742e-01,2.38803124e-02,1.35661147e+02,2.34027062e+01
9.76000000e-01,-2.36513654e-02,2.63329681e-01,3.08077389e-02,-1.09777424e-01,-9.46788100e+00,0.00000000e+00,1.39048083e-01,2.38769368e-02,1.36267121e+02,2.33993980e+01
9.78000000e-01,-2.31284627e-02,2.59537117e-01,3.05900878e-02,-1.07840069e-01,-9.46788100e+00,0.00000000e+00,1.39439833e-01,2.39338549e-02,1.36651037e+02,2.34551778e+01
9.80000000e-01,-2.26133693e-02,2.55516053e-01,3.03765213e-02,-1.05688760e-01,-9.46788100e+00,0.00000000e+00,1.40166437e-01,2.40200683e-02,1.37363108e+02,2.35396669e+01
9.82000000e-01,-2.21069101e-02,2.50727610e-01,3.01686326e-02,-1.01588023e-01,-9.46788100e+00,0.00000000e+00,1.53218423e-01,2.77273008e-02,1.50154054e+02,2.71727548e+01
9.84000000e-01,-2.16106020e-02,2.45724458e-01,2.99700907e-02,-9.76048935e-02,-9.46788100e+00,0.00000000e+00,1.41111117e-01,2.34876850e-02,1.38288894e+02,2.30179313e+01
9.86000000e-01,-2.11238367e-02,2.40984666e-01,2.97771959e-02,-9.51474731e-02,-9.46788100e+00,0.00000000e+00,1.43071687e-01,2.42483268e-02,1.40210253e+02,2.37633603e+01
9.88000000e-01,-2.06468014e-02,2.36037692e-01,2.95895551e-02,-9.26086083e-02,-9.46788100e+00,0.00000000e+00,1.42038085e-01,2.33894957e-02,1.39197324e+02,2.29217058e+01
9.90000000e-01,-2.01798038e-02,2.30913808e-01,2.94066908e-02,-9.01757438e-02,-9.46788100e+00,0.00000000e+00,1.43372663e-01,2.37636369e-02,1.40505210e+02,2.32883642e+01
9.92000000e-01,-1.97233437e-02,2.25493718e-01,2.92292371e-02,-8.71654299e-02,-9.46788100e+00,0.00000000e+00,1.45211539e-01,2.43468747e-02,1.42307308e+02,2.38599372e+01
9.94000000e-01,-1.92779706e-02,2.19861141e-01,2.90581240e-02,-8.40126911e-02,-9.46788100e+00,0.00000000e+00,1.44679287e-01,2.38168263e-02,1.41785701e+02,2.33404898e+01
9.96000000e-01,-1.88440076e-02,2.14065890e-01,2.88931093e-02,-8.09755600e-02,-9.46788100e+00,0.00000000e+00,1.45446745e-01,2.38672498e-02,1.42537810e+02,2.33899048e+01
9.98000000e-01,-1.84218305e-02,2.08085575e-01,2.87342378e-02,-7.79142829e-02,-9.46788100e+00,0.00000000e+00,1.45533078e-01,2.36392925e-02,1.42622416e+02,2.31665067e+01
1.00000000e+00,-1.80117826e-02,2.01929284e-01,2.85814556e-02,-7.48478482e-02,-9.46788100e+00,0.00000000e+00,1.46186536e-01,2.36585721e-02,1.43262805e+02,2.31854007e+01
1.00200000e+00,-1.76147668e-02,1.94792821e-01,2.84364512e-02,-6.93746923e-02,-9.46788100e+00,0.00000000e+00,1.65168213e-01,2.84819395e-02,1.61864848e+02,2.79123007e+01
1.00400000e+00,-1.72327072e-02,1.87512569e-01,2.83037535e-02,-6.42062065e-02,-9.46788100e+00,0.00000000e+00,1.46396943e-01,2.28270312e-02,1.43469004e+02,2.23704905e+01
1.00600000e+00,-1.68643405e-02,1.80796348e-01,2.81781879e-02,-6.11952697e-02,-9.46788100e+00,0.00000000e+00,1.48954022e-01,2.37726997e-02,1.45974941e+02,2.32972457e+01
1.00800000e+00,-1.65096453e-02,1.73894789e-01,2.80590222e-02,-5.81096595e-02,-9.46788100e+00,0.00000000e+00,1.47804202e-01,2.28122177e-02,1.44848118e+02,2.23559734e+01
1.01000000e+00,-1.61688699e-02,1.66830393e-01,2.79457327e-02,-5.50489631e-02,-9.46788100e+00,0.00000000e+00,1.49948624e-01,2.35573674e-02,1.46949652e+02,2.30862200e+01
1.01200000e+00,-1.58425165e-02,1.59476901e-01,2.78393044e-02,-5.12712374e-02,-9.46788100e+00,0.00000000e+00,1.51865657e-01,2.41637253e-02,1.48828343e+02,2.36804508e+01
1.01400000e+00,-1.55310613e-02,1.51974919e-01,2.77406321e-02,-4.75169418e-02,-9.46788100e+00,0.00000000e+00,1.50845353e-01,2.33656473e-02,1.47828446e+02,2.28983343e+01
1.01600000e+00,-1.52346821e-02,1.44375010e-01,2.76490572e-02,-4.40317776e-02,-9.46788100e+00,0.00000000e+00,1.51703617e-01,2.34665852e-02,1.48669545e+02,2.29972535e+01
1.01800000e+00,-1.49536534e-02,1.36636977e-01,2.75644883e-02,-4.05716968e-02,-9.46788100e+00,0.00000000e+00,1.51747325e-01,2.31907579e-02,1.48712379e+02,2.27269428e+01
1.02000000e+00,-1.46882166e-02,1.28775362e-01,2.74867171e-02,-3.71916554e-02,-9.46788100e+00,0.00000000e+00,1.52392591e-01,2.31861043e-02,1.49344739e+02,2.27223822e+01
1.02200000e+00,-1.44393213e-02,1.19759787e-01,2.74175564e-02,-3.10598984e-02,-9.46788100e+00,0.00000000e+00,1.76645163e-01,2.88656800e-02,1.73112259e+02,2.82883664e+01
1.02400000e+00,-1.42092298e-02,1.10665641e-01,2.73622295e-02,-2.52998568e-02,-9.46788100e+00,0.00000000e+00,1.52311813e-01,2.23240624e-02,1.49265577e+02,2.18775811e+01
1.02600000e+00,-1.39961034e-02,1.02404404e-01,2.73146610e-02,-2.20836345e-02,-9.46788100e+00,0.00000000e+00,1.55409010e-01,2.34570073e-02,1.52300830e+02,2.29878671e+01
1.02800000e+00,-1.37997163e-02,9.39870403e-02,2.72739674e-02,-1.87587487e-02,-9.46788100e+00,0.00000000e+00,1.54322524e-01,2.24925957e-02,1.51236074e+02,2.20427438e+01
1.03000000e+00,-1.36202430e-02,8.54380166e-02,2.72396608e-02,-1.53817302e-02,-9.46788100e+00,0.00000000e+00,1.56985778e-01,2.35161140e-02,1.53846062e+02,2.30457917e+01
1.03200000e+00,-1.34581393e-02,7.66263455e-02,2.72130039e-02,-1.11595972e-02,-9.46788100e+00,0.00000000e+00,1.59100796e-01,2.42267348e-02,1.55918780e+02,2.37422001e+01
1.03400000e+00,-1.33137897e-02,6.77366318e-02,2.71949247e-02,-7.08397065e-03,-9.46788100e+00,0.00000000e+00,1.57594721e-01,2.31810387e-02,1.54442826e+02,2.27174179e+01
1.03600000e+00,-1.31871984e-02,5.88384734e-02,2.71843412e-02,-3.49856719e-03,-9.46788100e+00,0.00000000e+00,1.58228478e-01,2.31811735e-02,1.55063908e+02,2.27175500e+01
1.03800000e+00,-1.30784728e-02,4.98848097e-02,2.71808051e-02,-1.01056331e-04,-9.46788100e+00,0.00000000e+00,1.57967638e-01,2.27801876e-02,1.54808285e+02,2.23245839e+01
1.04000000e+00,-1.29876888e-02,4.08867965e-02,2.71837974e-02,3.08708165e-03,-9.46788100e+00,0.00000000e+00,1.58487039e-01,2.27446704e-02,1.55317298e+02,2.22897769e+01
1.04200000e+00,-1.29157700e-02,3.06222780e-02,2.71952102e-02,9.35979523e-03,-9.46788100e+00,0.00000000e+00,1.86935191e-01,2.92688819e-02,1.83196487e+02,2.86835043e+01
1.04400000e+00,-1.28651922e-02,2.03689060e-02,2.72209364e-02,1.51826218e-02,-9.46788100e+00,0.00000000e+00,1.57770159e-01,2.18342490e-02,1.54614756e+02,2.13975640e+01
1.04600000e+00,-1.28335627e-02,1.12129964e-02,2.72539408e-02,1.80057873e-02,-9.46788100e+00,0.00000000e+00,1.60995029e-01,2.30186607e-02,1.57775128e+02,2.25582875e+01
1.04800000e+00,-1.28204223e-02,1.93397889e-03,2.72931093e-02,2.10535646e-02,-9.46788100e+00,0.00000000e+00,1.60501693e-01,2.23603761e-02,1.57291660e+02,2.19131686e+01
1.05000000e+00,-1.28258956e-02,-7.44828452e-03,2.73382977e-02,2.43152724e-02,-9.46788100e+00,0.00000000e+00,1.63414165e-01,2.35309984e-02,1.60145882e+02,2.30603784e+01
1.05200000e+00,-1.28503521e-02,-1.70355531e-02,2.73909338e-02,2.84220227e-02,-9.46788100e+00,0.00000000e+00,1.65452745e-01,2.42076810e-02,1.62143690e+02,2.37235273e+01
1.05400000e+00,-1.28940338e-02,-2.66168159e-02,2.74517958e-02,3.22438198e-02,-9.46788100e+00,0.00000000e+00,1.63591186e-01,2.30181867e-02,1.60319362e+02,2.25578230e+01
1.05600000e+00,-1.29567713e-02,-3.61260308e-02,2.75195174e-02,3.54781213e-02,-9.46788100e+00,0.00000000e+00,1.64242525e-01,2.30699522e-02,1.60957675e+02,2.26085532e+01
1.05800000e+00,-1.30385345e-02,-4.56300279e-02,2.75935848e-02,3.85273021e-02,-9.46788100e+00,0.00000000e+00,1.64097896e-01,2.27341590e-02,1.60815938e+02,2.22794758e+01
1.06000000e+00,-1.31392702e-02,-5.51021745e-02,2.76734439e-02,4.13024633e-02,-9.46788100e+00,0.00000000e+00,1.64281918e-01,2.26077241e-02,1.60996280e+02,2.21555697e+01
1.06200000e+00,-1.32597770e-02,-6.58249423e-02,2.77608737e-02,4.71957350e-02,-9.46788100e+00,0.00000000e+00,1.94263274e-01,2.94020079e-02,1.90378009e+02,2.88139677e+01
1.06400000e+00,-1.34024974e-02,-7.64389130e-02,2.78618627e-02,5.25431116e-02,-9.46788100e+00,0.00000000e+00,1.62859496e-01,2.16034667e-02,1.59602306e+02,2.11713974e+01
1.06600000e+00,-1.35646973e-02,-8.57999099e-02,2.79689369e-02,5.47267355e-02,-9.46788100e+00,0.00000000e+00,1.66270635e-01,2.29134380e-02,1.62945223e+02,2.24551692e+01
1.06800000e+00,-1.37457310e-02,-9.52118318e-02,2.80809050e-02,5.71134325e-02,-9.46788100e+00,0.00000000e+00,1.65488796e-01,2.21886456e-02,1.62179020e+02,2.17448727e+01
1.07000000e+00,-1.39455525e-02,-1.04635505e-01,2.81974653e-02,5.96121459e-02,-9.46788100e+00,0.00000000e+00,1.68138073e-01,2.33141229e-02,1.64775311e+02,2.28478405e+01
1.07200000e+00,-1.41643442e-02,-1.14165909e-01,2.83198395e-02,6.28396980e-02,-9.46788100e+00,0.00000000e+00,1.69730004e-01,2.38920137e-02,1.66335404e+02,2.34141734e+01
1.07400000e+00,-1.44021503e-02,-1.23597621e-01,2.84485738e-02,6.56918501e-02,-9.46788100e+00,0.00000000e+00,1.67734495e-01,2.27088169e-02,1.64379805e+02,2.22546406e+01
1.07600000e+00,-1.46586411e-02,-1.32888924e-01,2.85822347e-02,6.79856453e-02,-9.46788100e+00,0.00000000e+00,1.68504903e-01,2.29100366e-02,1.65134805e+02,2.24518359e+01
1.07800000e+00,-1.49336579e-02,-1.42108065e-01,2.87204162e-02,7.01292243e-02,-9.46788100e+00,0.00000000e+00,1.68255576e-01,2.25900127e-02,1.64890464e+02,2.21382125e+01
1.08000000e+00,-1.52270048e-02,-1.51224447e-01,2.88625630e-02,7.19899549e-02,-9.46788100e+00,0.00000000e+00,1.68461083e-01,2.25186336e-02,1.65091861e+02,2.20682609e+01
1.08200000e+00,-1.55393212e-02,-1.61489017e-01,2.90103617e-02,7.68287140e-02,-9.46788100e+00,0.00000000e+00,1.97594956e-01,2.90504811e-02,1.93643057e+02,2.84694715e+01
1.08400000e+00,-1.58728137e-02,-1.71532916e-01,2.91694344e-02,8.10026350e-02,-9.46788100e+00,0.00000000e+00,1.65984027e-01,2.13481740e-02,1.62664346e+02,2.09212105e+01
1.08600000e+00,-1.62245639e-02,-1.80243515e-01,2.93322730e-02,8.20278254e-02,-9.46788100e+00,0.00000000e+00,1.69275282e-01,2.26735773e-02,1.65889777e+02,2.22201057e+01
1.08800000e+00,-1.65937630e-02,-1.88916911e-01,2.94976367e-02,8.31894796e-02,-9.46788100e+00,0.00000000e+00,1.68092994e-01,2.18703118e-02,1.64731135e+02,2.14329056e+01
1.09000000e+00,-1.69801835e-02,-1.97518253e-01,2.96650805e-02,8.44255316e-02,-9.46788100e+00,0.00000000e+00,1.70710988e-01,2.30685091e-02,1.67296768e+02,2.26071389e+01
1.09200000e+00,-1.73838534e-02,-2.06145632e-01,2.98358022e-02,8.63565755e-02,-9.46788100e+00,0.00000000e+00,1.71961419e-01,2.35722255e-02,1.68522191e+02,2.31007810e+01
1.09400000e+00,-1.78046511e-02,-2.14600518e-01,3.00102597e-02,8.79169627e-02,-9.46788100e+00,0.00000000e+00,1.70080642e-01,2.25390130e-02,1.66679029e+02,2.20882327e+01
1.09600000e+00,-1.82421280e-02,-2.22864273e-01,3.01871863e-02,8.90518355e-02,-9.46788100e+00,0.00000000e+00,1.71032683e-01,2.29313767e-02,1.67612029e+02,2.24727491e+01
1.09800000e+00,-1.86960031e-02,-2.30970466e-01,3.03663316e-02,8.99836620e-02,-9.46788100e+00,0.00000000e+00,1.70070661e-01,2.23683152e-02,1.66669248e+02,2.19209489e+01
1.10000000e+00,-1.91658838e-02,-2.38887611e-01,3.05468909e-02,9.05704328e-02,-9.46788100e+00,0.00000000e+00,1.70418493e-01,2.24648044e-02,1.67010123e+02,2.20155083e+01
1.10200000e+00,-1.96522078e-02,-2.47786045e-01,3.07304893e-02,9.39706953e-02,-9.46788100e+00,0.00000000e+00,1.96935885e-01,2.85351186e-02,1.92997167e+02,2.79644162e+01
1.10400000e+00,-2.01568429e-02,-2.56406906e-01,3.09223909e-02,9.67971139e-02,-9.46788100e+00,0.00000000e+00,1.68014830e-01,2.15328341e-02,1.64654533e+02,2.11021774e+01
1.10600000e+00,-2.06769588e-02,-2.63712810e-01,3.11156934e-02,9.66471743e-02,-9.46788100e+00,0.00000000e+00,1.70424854e-01,2.25640038e-02,1.67016357e+02,2.21127238e+01
1.10800000e+00,-2.12116078e-02,-2.70889222e-01,3.13090234e-02,9.65629458e-02,-9.46788100e+00,0.00000000e+00,1.69323961e-01,2.19469333e-02,1.65937482e+02,2.15079946e+01
1.11000000e+00,-2.17603948e-02,-2.77884438e-01,3.15018936e-02,9.64013455e-02,-9.46788100e+00,0.00000000e+00,1.70642071e-01,2.26772333e-02,1.67229230e+02,2.22236886e+01
1.11200000e+00,-2.23230762e-02,-2.84775657e-01,3.16949062e-02,9.66558691e-02,-9.46788100e+00,0.00000000e+00,1.71458920e-01,2.30960245e-02,1.68029741e+02,2.26341041e+01
1.11400000e+00,-2.28993319e-02,-2.91418534e-01,3.18882743e-02,9.65462606e-02,-9.46788100e+00,0.00000000e+00,1.69515734e-01,2.21891367e-02,1.66125419e+02,2.17453540e+01
1.11600000e+00,-2.34885675e-02,-2.97787053e-01,3.20807676e-02,9.59511811e-02,-9.46788100e+00,0.00000000e+00,1.69831892e-01,2.23522551e-02,1.66435254e+02,2.19052100e+01
1.11800000e+00,-2.40903236e-02,-3.03920821e-01,3.22719159e-02,9.51114745e-02,-9.46788100e+00,0.00000000e+00,1.68917275e-01,2.19490410e-02,1.65538929e+02,2.15100601e+01
1.12000000e+00,-2.47040850e-02,-3.09806012e-01,3.24610342e-02,9.40027898e-02,-9.42432198e+00,0.00000000e+00,1.69009448e-01,2.20582893e-02,1.65629259e+02,2.16171235e+01
1.12200000e+00,-2.53299674e-02,-3.16320856e-01,3.26493153e-02,9.49761688e-02,-9.32543659e+00,0.00000000e+00,1.88714232e-01,2.65881565e-02,1.84939947e+02,2.60563933e+01
1.12400000e+00,-2.59691390e-02,-3.22491560e-01,3.28405621e-02,9.53846451e-02,-9.22655119e+00,0.00000000e+00,1.66158905e-01,2.11452390e-02,1.62835727e+02,2.07223342e+01
1.12600000e+00,-2.66191698e-02,-3.27516539e-01,3.30292136e-02,9.33328443e-02,-9.12766580e+00,0.00000000e+00,1.67227442e-01,2.16943981e-02,1.63882893e+02,2.12605101e+01
1.12800000e+00,-2.72790541e-02,-3.32314966e-01,3.32138622e-02,9.12341914e-02,-9.02878040e+00,0.00000000e+00,1.66231982e-01,2.13115031e-02,1.62907342e+02,2.08852730e+01
1.13000000e+00,-2.79482600e-02,-3.36858851e-01,3.33940603e-02,8.90003989e-02,-8.92989501e+00,0.00000000e+00,1.66723707e-01,2.16690925e-02,1.63389233e+02,2.12357107e+01
1.13200000e+00,-2.86263710e-02,-3.41225014e-01,3.35700783e-02,8.70883411e-02,-8.83100962e+00,0.00000000e+00,1.67596764e-01,2.22390882e-02,1.64244829e+02,2.17943065e+01
1.13400000e+00,-2.93129732e-02,-3.45310961e-01,3.37422852e-02,8.49836980e-02,-8.73212422e+00,0.00000000e+00,1.65763752e-01,2.15116695e-02,1.62448477e+02,2.10814361e+01
1.13600000e+00,-3.00073788e-02,-3.49042786e-01,3.39096326e-02,8.23083273e-02,-8.63323883e+00,0.00000000e+00,1.64975062e-01,2.12812675e-02,1.61675561e+02,2.08556421e+01
1.13800000e+00,-3.07089495e-02,-3.52482344e-01,3.40713836e-02,7.94305248e-02,-8.53435343e+00,0.00000000e+00,1.64647147e-01,2.13190072e-02,1.61354204e+02,2.08926271e+01
1.14000000e+00,-3.14171224e-02,-3.55643265e-01,3.42272764e-02,7.64353668e-02,-8.43546804e+00,0.00000000e+00,1.64231925e-01,2.12588536e-02,1.60947286e+02,2.08336765e+01
1.14200000e+00,-3.21316777e-02,-3.59036812e-01,3.43779129e-02,7.46218834e-02,-8.33658264e+00,0.00000000e+00,1.75902791e-01,2.40154510e-02,1.72384735e+02,2.35351420e+01
1.14400000e+00,-3.28530305e-02,-3.62071750e-01,3.45254788e-02,7.23808167e-02,-8.23769725e+00,0.00000000e+00,1.61727390e-01,2.05728487e-02,1.58492842e+02,2.01613918e+01
1.14600000e+00,-3.35794153e-02,-3.64282724e-01,3.46664674e-02,6.86866039e-02,-8.13881185e+00,0.00000000e+00,1.62569447e-01,2.11682478e-02,1.59318058e+02,2.07448828e+01
1.14800000e+00,-3.43099813e-02,-3.66223564e-01,3.48002250e-02,6.49921335e-02,-8.03992646e+00,0.00000000e+00,1.61370719e-01,2.07648658e-02,1.58143304e+02,2.03495685e+01
1.15000000e+00,-3.50440923e-02,-3.67838503e-01,3.49262401e-02,6.10039590e-02,-7.94104106e+00,0.00000000e+00,1.60939966e-01,2.07334041e-02,1.57721167e+02,2.03187360e+01
1.15200000e+00,-3.57811823e-02,-3.69223846e-01,3.50444113e-02,5.72713767e-02,-7.84215567e+00,0.00000000e+00,1.62016965e-01,2.14717363e-02,1.58776626e+02,2.10423016e+01
1.15400000e+00,-3.65208267e-02,-3.70367771e-01,3.51554630e-02,5.37448680e-02,-7.74327027e+00,0.00000000e+00,1.61331694e-01,2.13260231e-02,1.58105060e+02,2.08995027e+01
1.15600000e+00,-3.72624159e-02,-3.71155561e-01,3.52591293e-02,4.98261554e-02,-7.64438488e+00,0.00000000e+00,1.59745337e-01,2.07981550e-02,1.56550430e+02,2.03821919e+01
1.15800000e+00,-3.80052215e-02,-3.71602166e-01,3.53545772e-02,4.56218441e-02,-7.54549948e+00,0.00000000e+00,1.59420800e-01,2.08646214e-02,1.56232384e+02,2.04473289e+01
1.16000000e+00,-3.87486296e-02,-3.71756308e-01,3.54416056e-02,4.14010511e-02,-7.44661409e+00,0.00000000e+00,1.58979058e-01,2.08896067e-02,1.55799477e+02,2.04718146e+01
1.16200000e+00,-3.94921477e-02,-3.71761855e-01,3.55205095e-02,3.76722884e-02,-7.34772870e+00,0.00000000e+00,1.62018061e-01,2.20117045e-02,1.58777699e+02,2.15714704e+01
1.16400000e+00,-4.02354422e-02,-3.71415246e-01,3.55921019e-02,3.36542119e-02,-7.24884330e+00,0.00000000e+00,1.56818730e-01,2.03861429e-02,1.53682356e+02,1.99784200e+01
1.16600000e+00,-4.09774978e-02,-3.70602425e-01,3.56547098e-02,2.90114655e-02,-7.14995791e+00,0.00000000e+00,1.57184702e-01,2.07918802e-02,1.54041007e+02,2.03760426e+01
1.16800000e+00,-4.17176736e-02,-3.69522079e-01,3.57082293e-02,2.44911024e-02,-7.05107251e+00,0.00000000e+00,1.56613821e-01,2.07213202e-02,1.53481545e+02,2.03068938e+01
1.17000000e+00,-4.24553678e-02,-3.68114147e-01,3.57525592e-02,1.97981087e-02,-6.95218712e+00,0.00000000e+00,1.55557392e-01,2.04947555e-02,1.52446244e+02,2.00848604e+01
1.17200000e+00,-4.31899218e-02,-3.66393722e-01,3.57873968e-02,1.50676639e-02,-6.85330172e+00,0.00000000e+00,1.55314873e-01,2.06944207e-02,1.52208575e+02,2.02805323e+01
1.17400000e+00,-4.39207591e-02,-3.64397940e-01,3.58129030e-02,1.04469601e-02,-6.75441633e+00,0.00000000e+00,1.55097032e-01,2.07634287e-02,1.51995091e+02,2.03481602e+01
1.17600000e+00,-4.46473145e-02,-3.62103556e-01,3.58291396e-02,5.75871207e-03,-6.65553093e+00,0.00000000e+00,1.54277517e-01,2.05777414e-02,1.51191967e+02,2.01661865e+01
1.17800000e+00,-4.53689603e-02,-3.59489690e-01,3.58358356e-02,9.17127439e-04,-6.55664554e+00,0.00000000e+00,1.53533035e-01,2.04531087e-02,1.50462374e+02,2.00440465e+01
1.18000000e+00,-4.60850860e-02,-3.56594962e-01,3.58328364e-02,-3.88201039e-03,-6.45776014e+00,0.00000000e+00,1.53572095e-01,2.06645256e-02,1.50500653e+02,2.02512350e+01
1.18200000e+00,-4.67951367e-02,-3.53395136e-01,3.58202976e-02,-8.69607234e-03,-6.35887475e+00,0.00000000e+00,1.52212857e-01,2.04058192e-02,1.49168600e+02,1.99977028e+01
1.18400000e+00,-4.74984672e-02,-3.49896346e-01,3.57980228e-02,-1.35540654e-02,-6.25998935e+00,0.00000000e+00,1.52341685e-01,2.05424858e-02,1.49294851e+02,2.01316361e+01
1.18600000e+00,-4.81945412e-02,-3.46126159e-01,3.57660872e-02,-1.84031923e-02,-6.16110396e+00,0.00000000e+00,1.51568434e-01,2.03807775e-02,1.48537065e+02,1.99731619e+01
1.18800000e+00,-4.88827805e-02,-3.42068901e-01,3.57244062e-02,-2.32581402e-02,-6.06221856e+00,0.00000000e+00,1.51268269e-01,2.04727130e-02,1.48242903e+02,2.00632587e+01
1.19000000e+00,-4.95626397e-02,-3.37746025e-01,3.56731279e-02,-2.80032416e-02,-5.96333317e+00,0.00000000e+00,1.50928990e-01,2.05400343e-02,1.47910410e+02,2.01292336e+01
1.19200000e+00,-5.02335813e-02,-3.33148292e-01,3.56124333e-02,-3.26882085e-02,-5.86444777e+00,0.00000000e+00,1.50341223e-01,2.05141423e-02,1.47334399e+02,2.01038594e+01
1.19400000e+00,-5.08950539e-02,-3.28282105e-01,3.55424099e-02,-3.73209421e-02,-5.76556238e+00,0.00000000e+00,1.50075395e-01,2.05515355e-02,1.47073887e+02,2.01405048e+01
1.19600000e+00,-5.15465387e-02,-3.23159386e-01,3.54631949e-02,-4.18856669e-02,-5.66667699e+00,0.00000000e+00,1.49685720e-01,2.05455949e-02,1.46692006e+02,2.01346830e+01
1.19800000e+00,-5.21875183e-02,-3.17777007e-01,3.53749334e-02,-4.63511050e-02,-5.56779159e+00,0.00000000e+00,1.49262137e-01,2.06356834e-02,1.46276894e+02,2.02229698e+01
1.20000000e+00,-5.28174713e-02,-3.12131542e-01,3.52778422e-02,-5.07388817e-02,-5.46890620e+00,0.00000000e+00,1.48703421e-01,2.05716960e-02,1.45729353e+02,2.01602621e+01
1.20200000e+00,-5.34357391e-02,-3.06028055e-01,3.51715160e-02,-5.58193927e-02,-5.37002080e+00,0.00000000e+00,1.43630926e-01,1.90317176e-02,1.40758308e+02,1.86510833e+01
1.20400000e+00,-5.40414435e-02,-2.99714528e-01,3.50547328e-02,-6.06478721e-02,-5.27113541e+00,0.00000000e+00,1.48765779e-01,2.09359772e-02,1.45790464e+02,2.05172576e+01
1.20600000e+00,-5.46345671e-02,-2.93355818e-01,3.49294691e-02,-6.46595684e-02,-5.17225001e+00,0.00000000e+00,1.47442698e-01,2.05688180e-02,1.44493844e+02,2.01574416e+01
1.20800000e+00,-5.52146765e-02,-2.86711685e-01,3.47960093e-02,-6.87990754e-02,-5.07336462e+00,0.00000000e+00,1.46858736e-01,2.04787355e-02,1.43921562e+02,2.00691608e+01
1.21000000e+00,-5.57812608e-02,-2.79838021e-01,3.46543603e-02,-7.28072513e-02,-4.97447922e+00,0.00000000e+00,1.46732264e-01,2.06437798e-02,1.43797619e+02,2.02309042e+01
1.21200000e+00,-5.63338776e-02,-2.72737977e-01,3.45048565e-02,-7.67011116e-02,-4.87559383e+00,0.00000000e+00,1.46108812e-01,2.05066949e-02,1.43186635e+02,2.00965610e+01
1.21400000e+00,-5.68720571e-02,-2.65404515e-01,3.43475726e-02,-8.05699921e-02,-4.77670843e+00,0.00000000e+00,1.45700968e-01,2.04731054e-02,1.42786948e+02,2.00636433e+01
1.21600000e+00,-5.73953486e-02,-2.57850448e-01,3.41826515e-02,-8.43263649e-02,-4.67782304e+00,0.00000000e+00,1.45256322e-01,2.05087904e-02,1.42351196e+02,2.00986146e+01
1.21800000e+00,-5.79033142e-02,-2.50079431e-01,3.40103447e-02,-8.79663025e-02,-4.57893764e+00,0.00000000e+00,1.44809666e-01,2.04728422e-02,1.41913473e+02,2.00633854e+01
1.22000000e+00,-5.83955180e-02,-2.42085916e-01,3.38308444e-02,-9.15190679e-02,-4.48005225e+00,0.00000000e+00,1.44107580e-01,2.04367920e-02,1.41225429e+02,2.00280562e+01
1.22200000e+00,-5.88710991e-02,-2.33254316e-01,3.36430604e-02,-9.68836486e-02,-4.38116685e+00,0.00000000e+00,1.29143198e-01,1.64035135e-02,1.26560334e+02,1.60754432e+01
1.22400000e+00,-5.93284598e-02,-2.24309512e-01,3.34436493e-02,-1.01739257e-01,-4.28228146e+00,0.00000000e+00,1.45233210e-01,2.12225563e-02,1.42328546e+02,2.07981051e+01
1.22600000e+00,-5.97686315e-02,-2.15806163e-01,3.32374572e-02,-1.04564212e-01,-4.18339607e+00,0.00000000e+00,1.43086531e-01,2.03724056e-02,1.40224801e+02,1.99649575e+01
1.22800000e+00,-6.01914917e-02,-2.07013675e-01,3.30251313e-02,-1.07780881e-01,-4.08451067e+00,0.00000000e+00,1.41964457e-01,2.00983307e-02,1.39125168e+02,1.96963641e+01
1.23000000e+00,-6.05965633e-02,-1.98036925e-01,3.28064323e-02,-1.10849598e-01,-3.98562528e+00,0.00000000e+00,1.42124064e-01,2.03718083e-02,1.39281583e+02,1.99643721e+01
1.23200000e+00,-6.09835385e-02,-1.88908879e-01,3.25818760e-02,-1.13703696e-01,-3.88673988e+00,0.00000000e+00,1.41625179e-01,2.02291903e-02,1.38792676e+02,1.98246065e+01
1.23400000e+00,-6.13520778e-02,-1.79599198e-01,3.23516490e-02,-1.16510594e-01,-3.78785449e+00,0.00000000e+00,1.40926117e-01,2.01431346e-02,1.38107595e+02,1.97402719e+01
1.23600000e+00,-6.17018212e-02,-1.70118301e-01,3.21159085e-02,-1.19205259e-01,-3.68896909e+00,0.00000000e+00,1.40517941e-01,2.01291055e-02,1.37707582e+02,1.97265234e+01
1.23800000e+00,-6.20324453e-02,-1.60478959e-01,3.18749223e-02,-1.21758429e-01,-3.59008370e+00,0.00000000e+00,1.39961897e-01,2.00969197e-02,1.37162659e+02,1.96949813e+01
1.24000000e+00,-6.23436328e-02,-1.50683280e-01,3.16289376e-02,-1.24217344e-01,-3.49119830e+00,0.00000000e+00,1.39444943e-01,1.99765459e-02,1.36656044e+02,1.95770149e+01
1.24200000e+00,-6.26343239e-02,-1.39605872e-01,3.13759380e-02,-1.29848182e-01,-3.39231291e+00,0.00000000e+00,1.12427834e-01,1.30794845e-02,1.10179278e+02,1.28178948e+01
1.24400000e+00,-6.29020497e-02,-1.28518584e-01,3.11100124e-02,-1.34778138e-01,-3.29342751e+00,0.00000000e+00,1.41446490e-01,2.10703465e-02,1.38617560e+02,2.06489395e+01
1.24600000e+00,-6.31490765e-02,-1.18448629e-01,3.08390736e-02,-1.36336026e-01,-3.19454212e+00,0.00000000e+00,1.38257600e-01,1.97709704e-02,1.35492448e+02,1.93755510e+01
1.24800000e+00,-6.33756845e-02,-1.08139097e-01,3.05642758e-02,-1.38482498e-01,-3.09565672e+00,0.00000000e+00,1.37740080e-01,1.94432048e-02,1.34985279e+02,1.90543407e+01
1.25000000e+00,-6.35815727e-02,-9.77392561e-02,3.02852930e-02,-1.40404971e-01,-2.99677133e+00,0.00000000e+00,1.37870447e-01,1.98434237e-02,1.35113038e+02,1.94465552e+01
1.25200000e+00,-6.37665779e-02,-8.72440508e-02,3.00028090e-02,-1.42097817e-01,-2.89788593e+00,0.00000000e+00,1.37064661e-01,1.95223255e-02,1.34323368e+02,1.91318790e+01
1.25400000e+00,-6.39304652e-02,-7.66233341e-02,2.97168823e-02,-1.43819829e-01,-2.79900054e+00,0.00000000e+00,1.36318701e-01,1.93744446e-02,1.33592327e+02,1.89869557e+01
1.25600000e+00,-6.40730082e-02,-6.59079827e-02,2.94276343e-02,-1.45384930e-01,-2.70011514e+00,0.00000000e+00,1.36060604e-01,1.94391265e-02,1.33339392e+02,1.90503440e+01
1.25800000e+00,-6.41940519e-02,-5.51247906e-02,2.91354667e-02,-1.46763900e-01,-2.60122975e+00,0.00000000e+00,1.35765523e-01,1.93483223e-02,1.33050212e+02,1.89613559e+01
1.26000000e+00,-6.42934573e-02,-4.42665942e-02,2.88406382e-02,-1.48053747e-01,-2.50234436e+00,0.00000000e+00,1.35163689e-01,1.92055442e-02,1.32460415e+02,1.88214333e+01
1.26200000e+00,-6.43699719e-02,-3.16890188e-02,2.85403466e-02,-1.53700553e-01,-2.40345896e+00,0.00000000e+00,9.62618612e-02,9.77577846e-03,9.43366240e+01,9.58026289e+00
1.26400000e+00,-6.44202916e-02,-1.92286502e-02,2.82264210e-02,-1.58470351e-01,-2.30457357e+00,0.00000000e+00,1.38366572e-01,2.06005815e-02,1.35599241e+02,2.01885698e+01
1.26600000e+00,-6.44479634e-02,-8.38357051e-03,2.79094780e-02,-1.58721213e-01,-2.20568817e+00,0.00000000e+00,1.34276794e-01,1.88082576e-02,1.31591258e+02,1.84320924e+01
1.26800000e+00,-6.44536780e-02,2.68331569e-03,2.75910275e-02,-1.59734872e-01,-2.10680278e+00,0.00000000e+00,1.33275304e-01,1.85449525e-02,1.30609798e+02,1.81740535e+01
1.27000000e+00,-6.44372243e-02,1.37590613e-02,2.72707563e-02,-1.60421918e-01,-2.00791738e+00,0.00000000e+00,1.33980710e-01,1.90366159e-02,1.31301096e+02,1.86558835e+01
1.27200000e+00,-6.43986514e-02,2.48203041e-02,2.69495315e-02,-1.60821444e-01,-1.90903199e+00,0.00000000e+00,1.33344439e-01,1.86897185e-02,1.30677550e+02,1.83159241e+01
1.27400000e+00,-6.43379261e-02,3.59069541e-02,2.66274513e-02,-1.61249747e-01,-1.81014659e+00,0.00000000e+00,1.32936536e-01,1.85162800e-02,1.30277805e+02,1.81459544e+01
1.27600000e+00,-6.42550294e-02,4.69848378e-02,2.63046184e-02,-1.61549272e-01,-1.71126120e+00,0.00000000e+00,1.32917813e-01,1.84989675e-02,1.30259457e+02,1.81289881e+01
1.27800000e+00,-6.41500138e-02,5.80222119e-02,2.59814153e-02,-1.61607256e-01,-1.61237580e+00,0.00000000e+00,1.33070953e-01,1.85615980e-02,1.30409534e+02,1.81903660e+01
1.28000000e+00,-6.40229681e-02,6.90183090e-02,2.56583318e-02,-1.61451725e-01,-1.51349041e+00,0.00000000e+00,1.32890141e-01,1.84855366e-02,1.30232338e+02,1.81158259e+01
1.28200000e+00,-6.38726934e-02,8.18850329e-02,2.53321698e-02,-1.66453257e-01,-1.41460501e+00,0.00000000e+00,8.81825880e-02,7.27229915e-03,8.64189363e+01,7.12685317e+00
1.28400000e+00,-6.36955944e-02,9.45022040e-02,2.49932317e-02,-1.70385991e-01,-1.31571962e+00,0.00000000e+00,1.37330226e-01,2.02472095e-02,1.34583621e+02,1.98422653e+01
1.28600000e+00,-6.34959963e-02,1.05151884e-01,2.46542365e-02,-1.68903068e-01,-1.21683422e+00,0.00000000e+00,1.32571511e-01,1.81547665e-02,1.29920081e+02,1.77916711e+01
1.28800000e+00,-6.32749047e-02,1.15924769e-01,2.43171243e-02,-1.68162748e-01,-1.11794883e+00,0.00000000e+00,1.32690432e-01,1.82066133e-02,1.30036623e+02,1.78424811e+01
1.29000000e+00,-6.30323743e-02,1.26582026e-01,2.39818315e-02,-1.67053475e-01,-1.01906343e+00,0.00000000e+00,1.33337203e-01,1.84497868e-02,1.30670459e+02,1.80807910e+01
1.29200000e+00,-6.27686452e-02,1.37136416e-01,2.36490557e-02,-1.65726224e-01,-9.20178040e-01,0.00000000e+00,1.32984384e-01,1.81882143e-02,1.30324696e+02,1.78244500e+01
1.29400000e+00,-6.24838756e-02,1.47620322e-01,2.33189568e-02,-1.64353751e-01,-8.21292646e-01,0.00000000e+00,1.32702440e-01,1.80725842e-02,1.30048392e+02,1.77111325e+01
1.29600000e+00,-6.21782314e-02,1.58002964e-01,2.29917341e-02,-1.62841241e-01,-7.22407251e-01,0.00000000e+00,1.32898032e-01,1.80140837e-02,1.30240072e+02,1.76538021e+01
1.29800000e+00,-6.18519485e-02,1.68258434e-01,2.26677127e-02,-1.61147444e-01,-6.23521856e-01,0.00000000e+00,1.33052547e-01,1.79895419e-02,1.30391496e+02,1.76297510e+01
1.30000000e+00,-6.15052802e-02,1.78390192e-01,2.23472411e-02,-1.59308538e-01,-5.24636462e-01,0.00000000e+00,1.33000337e-01,1.78601079e-02,1.30340330e+02,1.75029058e+01
1.30200000e+00,-6.11372180e-02,1.90276452e-01,2.20269127e-02,-1.62817474e-01,-4.25751067e-01,0.00000000e+00,8.90959607e-02,6.30749799e-03,8.73140415e+01,6.18134803e+00
1.30400000e+00,-6.07443839e-02,2.01848480e-01,2.16966554e-02,-1.65300620e-01,-3.26865672e-01,0.00000000e+00,1.37186419e-01,1.95433354e-02,1.34442690e+02,1.91524687e+01
1.30600000e+00,-6.03311344e-02,2.11455158e-01,2.13692894e-02,-1.62415418e-01,-2.27980277e-01,0.00000000e+00,1.31686480e-01,1.71066798e-02,1.29052750e+02,1.67645462e+01
1.30800000e+00,-5.98985034e-02,2.21151596e-01,2.10463433e-02,-1.60505762e-01,-1.29094883e-01,0.00000000e+00,1.31596985e-01,1.70335433e-02,1.28965046e+02,1.66928724e+01
1.31000000e+00,-5.94466525e-02,2.30661339e-01,2.07274612e-02,-1.58303883e-01,-3.02094881e-02,0.00000000e+00,1.32399427e-01,1.72636409e-02,1.29751439e+02,1.69183681e+01
1.31200000e+00,-5.89760114e-02,2.39941122e-01,2.04133891e-02,-1.55710104e-01,0.00000000e+00,0.00000000e+00,1.33166607e-01,1.74064333e-02,1.30503275e+02,1.70583046e+01
1.31400000e+00,-5.84870341e-02,2.49001674e-01,2.01048054e-02,-1.52839412e-01,0.00000000e+00,0.00000000e+00,1.33567749e-01,1.74028885e-02,1.30896394e+02,1.70548307e+01
1.31600000e+00,-5.79801430e-02,2.57854708e-01,1.98021677e-02,-1.49764309e-01,0.00000000e+00,0.00000000e+00,1.33914130e-01,1.74019128e-02,1.31235847e+02,1.70538745e+01
1.31800000e+00,-5.74557614e-02,2.66488662e-01,1.95058921e-02,-1.46473261e-01,0.00000000e+00,0.00000000e+00,1.34441815e-01,1.74315784e-02,1.31752979e+02,1.70829468e+01
1.32000000e+00,-5.69143475e-02,2.74883939e-01,1.92164171e-02,-1.42968628e-01,0.00000000e+00,0.00000000e+00,1.35106103e-01,1.74352768e-02,1.32403981e+02,1.70865713e+01
1.32200000e+00,-5.63551260e-02,2.84928459e-01,1.89303695e-02,-1.44935258e-01,0.00000000e+00,0.00000000e+00,9.13769034e-02,5.53879327e-03,8.95493654e+01,5.42801740e+00
1.32400000e+00,-5.57749227e-02,2.94539477e-01,1.86374447e-02,-1.45749563e-01,0.00000000e+00,0.00000000e+00,1.40541760e-01,1.94367920e-02,1.37730924e+02,1.90480562e+01
1.32600000e+00,-5.51783612e-02,3.02060997e-01,1.83511597e-02,-1.40881638e-01,0.00000000e+00,0.00000000e+00,1.35363564e-01,1.70546942e-02,1.32656293e+02,1.67136004e+01
1.32800000e+00,-5.45666972e-02,3.09554829e-01,1.80733304e-02,-1.36895283e-01,0.00000000e+00,0.00000000e+00,1.36226376e-01,1.71878723e-02,1.33501848e+02,1.68441148e+01
1.33000000e+00,-5.39403550e-02,3.16728989e-01,1.78038762e-02,-1.32462421e-01,0.00000000e+00,0.00000000e+00,1.37749973e-01,1.76052063e-02,1.34994974e+02,1.72531022e+01
1.33200000e+00,-5.32999872e-02,3.23594315e-01,1.75437030e-02,-1.27696199e-01,0.00000000e+00,0.00000000e+00,1.38243736e-01,1.75139831e-02,1.35478862e+02,1.71637034e+01
1.33400000e+00,-5.26461561e-02,3.30192046e-01,1.72931577e-02,-1.22830632e-01,0.00000000e+00,0.00000000e+00,1.38692646e-01,1.74538289e-02,1.35918793e+02,1.71047523e+01
1.33600000e+00,-5.19794051e-02,3.36510538e-01,1.70524845e-02,-1.17808935e-01,0.00000000e+00,0.00000000e+00,1.39351967e-01,1.74958459e-02,1.36564928e+02,1.71459289e+01
1.33800000e+00,-5.13003125e-02,3.42531256e-01,1.68220509e-02,-1.12593793e-01,0.00000000e+00,0.00000000e+00,1.40131963e-01,1.75285629e-02,1.37329324e+02,1.71779916e+01
1.34000000e+00,-5.06094822e-02,3.48248797e-01,1.66022248e-02,-1.07205608e-01,0.00000000e+00,0.00000000e+00,1.40820536e-01,1.75428386e-02,1.38004125e+02,1.71919818e+01
1.34200000e+00,-4.99065548e-02,3.55110095e-01,1.63900845e-02,-1.06532593e-01,0.00000000e+00,0.00000000e+00,1.07693467e-01,7.32743001e-03,1.05539597e+02,7.18088141e+00
1.34400000e+00,-4.91893480e-02,3.61512193e-01,1.61767643e-02,-1.04855280e-01,0.00000000e+00,0.00000000e+00,1.45724589e-01,1.93462225e-02,1.42810097e+02,1.89592980e+01
1.34600000e+00,-4.84616317e-02,3.66225809e-01,1.59738799e-02,-9.83535455e-02,0.00000000e+00,0.00000000e+00,1.41227426e-01,1.71612765e-02,1.38402877e+02,1.68180510e+01
1.34800000e+00,-4.77245081e-02,3.70844445e-01,1.57827554e-02,-9.27437918e-02,0.00000000e+00,0.00000000e+00,1.41945731e-01,1.71986396e-02,1.39106817e+02,1.68546668e+01
1.35000000e+00,-4.69784933e-02,3.75104055e-01,1.56031306e-02,-8.67953068e-02,0.00000000e+00,0.00000000e+00,1.43544670e-01,1.76132740e-02,1.40673776e+02,1.72610085e+01
1.35200000e+00,-4.62243303e-02,3.79006058e-01,1.54357547e-02,-8.05760381e-02,0.00000000e+00,0.00000000e+00,1.44161758e-01,1.75253702e-02,1.41278523e+02,1.71748628e+01
1.35400000e+00,-4.54626803e-02,3.82591144e-01,1.52808560e-02,-7.43124555e-02,0.00000000e+00,0.00000000e+00,1.44747477e-01,1.74824526e-02,1.41852527e+02,1.71328036e+01
1.35600000e+00,-4.46941857e-02,3.85846276e-01,1.51385744e-02,-6.79445810e-02,0.00000000e+00,0.00000000e+00,1.45611996e-01,1.75384307e-02,1.42699756e+02,1.71876621e+01
1.35800000e+00,-4.39195231e-02,3.88759574e-01,1.50091563e-02,-6.14586607e-02,0.00000000e+00,0.00000000e+00,1.46423591e-01,1.75427065e-02,1.43495119e+02,1.71918523e+01
1.36000000e+00,-4.31393726e-02,3.91335179e-01,1.48927985e-02,-5.48846892e-02,0.00000000e+00,0.00000000e+00,1.47145149e-01,1.75543475e-02,1.44202246e+02,1.72032606e+01
1.36200000e+00,-4.23537816e-02,3.94511889e-01,1.47871166e-02,-5.20616921e-02,0.00000000e+00,0.00000000e+00,1.25976295e-01,9.51676349e-03,1.23456769e+02,9.32642822e+00
1.36400000e+00,-4.15616152e-02,3.97253452e-01,1.46850376e-02,-4.85103218e-02,0.00000000e+00,0.00000000e+00,1.50859544e-01,1.89365420e-02,1.47842353e+02,1.85578112e+01
1.36600000e+00,-4.07655629e-02,3.98802415e-01,1.45955406e-02,-4.12612261e-02,0.00000000e+00,0.00000000e+00,1.47352107e-01,1.71473707e-02,1.44405065e+02,1.68044233e+01
1.36800000e+00,-3.99665093e-02,4.00195740e-01,1.45194544e-02,-3.48194697e-02,0.00000000e+00,0.00000000e+00,1.47979418e-01,1.71306142e-02,1.45019830e+02,1.67880019e+01
1.37000000e+00,-3.91650295e-02,4.01214864e-01,1.44564061e-02,-2.81625529e-02,0.00000000e+00,0.00000000e+00,1.49557933e-01,1.75062338e-02,1.46566774e+02,1.71561091e+01
1.37200000e+00,-3.83619037e-02,4.01853192e-01,1.44069371e-02,-2.13063253e-02,0.00000000e+00,0.00000000e+00,1.50324332e-01,1.74754993e-02,1.47317845e+02,1.71259893e+01
1.37400000e+00,-3.75578417e-02,4.02154066e-01,1.43711671e-02,-1.44707452e-02,0.00000000e+00,0.00000000e+00,1.50881026e-01,1.74090018e-02,1.47863405e+02,1.70608217e+01
1.37600000e+00,-3.67535110e-02,4.02119656e-01,1.43490478e-02,-7.64460557e-03,0.00000000e+00,0.00000000e+00,1.51593151e-01,1.74213000e-02,1.48561288e+02,1.70728740e+01
1.37800000e+00,-3.59495920e-02,4.01741858e-01,1.43406040e-02,-7.95410721e-04,0.00000000e+00,0.00000000e+00,1.52341174e-01,1.74425382e-02,1.49294350e+02,1.70936874e+01
1.38000000e+00,-3.51467716e-02,4.01022011e-01,1.43458694e-02,6.05859472e-03,0.00000000e+00,0.00000000e+00,1.53029606e-01,1.74361210e-02,1.49969014e+02,1.70873986e+01
1.38200000e+00,-3.43454098e-02,4.00443393e-01,1.43631764e-02,1.04199879e-02,0.00000000e+00,0.00000000e+00,1.42496482e-01,1.22331475e-02,1.39646553e+02,1.19884846e+01
1.38400000e+00,-3.35452410e-02,3.99500321e-01,1.43877997e-02,1.51567585e-02,0.00000000e+00,0.00000000e+00,1.55011042e-01,1.82576707e-02,1.51910821e+02,1.78925173e+01
1.38600000e+00,-3.27478921e-02,3.97831904e-01,1.44253272e-02,2.21790536e-02,0.00000000e+00,0.00000000e+00,1.52930123e-01,1.70811328e-02,1.49871520e+02,1.67395102e+01
1.38800000e+00,-3.19540506e-02,3.95957678e-01,1.44760945e-02,2.85691423e-02,0.00000000e+00,0.00000000e+00,1.53332513e-01,1.70005772e-02,1.50265862e+02,1.66605657e+01
1.39000000e+00,-3.11642896e-02,3.93741059e-01,1.45396481e-02,3.50257231e-02,0.00000000e+00,0.00000000e+00,1.54475097e-01,1.73088723e-02,1.51385595e+02,1.69626949e+01
1.39200000e+00,-3.03793176e-02,3.91177675e-01,1.46162541e-02,4.15674002e-02,0.00000000e+00,0.00000000e+00,1.55017312e-01,1.72859562e-02,1.51916966e+02,1.69402371e+01
1.39400000e+00,-2.95997885e-02,3.88299907e-01,1.47058578e-02,4.80192854e-02,0.00000000e+00,0.00000000e+00,1.55446362e-01,1.72457641e-02,1.52337435e+02,1.69008488e+01
1.39600000e+00,-2.88263293e-02,3.85105122e-01,1.48082788e-02,5.43925483e-02,0.00000000e+00,0.00000000e+00,1.56098414e-01,1.72646383e-02,1.52976446e+02,1.69193455e+01
1.39800000e+00,-2.80595806e-02,3.81591591e-01,1.49233860e-02,6.07028423e-02,0.00000000e+00,0.00000000e+00,1.56621303e-01,1.72754509e-02,1.53488877e+02,1.69299419e+01
1.40000000e+00,-2.73001723e-02,3.77763979e-01,1.50510373e-02,6.69338832e-02,0.00000000e+00,0.00000000e+00,1.57222982e-01,1.72780957e-02,1.54078522e+02,1.69325338e+01
1.40200000e+00,-2.65485607e-02,3.73882233e-01,1.51900813e-02,7.16047723e-02,0.00000000e+00,0.00000000e+00,1.51734693e-01,1.41972115e-02,1.48699999e+02,1.39132672e+01
1.40400000e+00,-2.58048205e-02,3.69734840e-01,1.53374426e-02,7.62548229e-02,0.00000000e+00,0.00000000e+00,1.57342660e-01,1.74431771e-02,1.54195807e+02,1.70943136e+01
1.40600000e+00,-2.50699355e-02,3.65116320e-01,1.54959192e-02,8.21327385e-02,0.00000000e+00,0.00000000e+00,1.56725917e-01,1.69984618e-02,1.53591399e+02,1.66584926e+01
1.40800000e+00,-2.43445122e-02,3.60262315e-01,1.56657193e-02,8.76293556e-02,0.00000000e+00,0.00000000e+00,1.56903866e-01,1.68831433e-02,1.53765789e+02,1.65454804e+01
1.41000000e+00,-2.36290796e-02,3.55118324e-01,1.58463835e-02,9.30461952e-02,0.00000000e+00,0.00000000e+00,1.57641080e-01,1.70868943e-02,1.54488258e+02,1.67451564e+01
1.41200000e+00,-2.29242320e-02,3.49684665e-01,1.60378717e-02,9.84144062e-02,0.00000000e+00,0.00000000e+00,1.57896762e-01,1.70524238e-02,1.54738827e+02,1.67113754e+01
1.41400000e+00,-2.22305182e-02,3.43985120e-01,1.62399327e-02,1.03620046e-01,0.00000000e+00,0.00000000e+00,1.58168093e-01,1.70321800e-02,1.55004731e+02,1.66915364e+01
1.41600000e+00,-2.15484675e-02,3.38021690e-01,1.64522497e-02,1.08672497e-01,0.00000000e+00,0.00000000e+00,1.58471118e-01,1.70321183e-02,1.55301696e+02,1.66914759e+01
1.41800000e+00,-2.08786071e-02,3.31794739e-01,1.66745252e-02,1.13578746e-01,0.00000000e+00,0.00000000e+00,1.58832418e-01,1.70408260e-02,1.55655770e+02,1.67000095e+01
1.42000000e+00,-2.02214621e-02,3.25307410e-01,1.69064619e-02,1.18330798e-01,0.00000000e+00,0.00000000e+00,1.59164694e-01,1.70378451e-02,1.55981400e+02,1.66970882e+01
1.42200000e+00,-1.95775017e-02,3.18633725e-01,1.71473395e-02,1.22319575e-01,0.00000000e+00,0.00000000e+00,1.57903090e-01,1.57811030e-02,1.54745028e+02,1.54654810e+01
1.42400000e+00,-1.89470344e-02,3.11799294e-01,1.73955272e-02,1.25988785e-01,0.00000000e+00,0.00000000e+00,1.57746455e-01,1.67201755e-02,1.54591526e+02,1.63857720e+01
1.42600000e+00,-1.83304602e-02,3.04731371e-01,1.76515324e-02,1.30014675e-01,0.00000000e+00,0.00000000e+00,1.58297267e-01,1.68938562e-02,1.55131322e+02,1.65559791e+01
1.42800000e+00,-1.77282589e-02,2.97438466e-01,1.79154721e-02,1.33869933e-01,0.00000000e+00,0.00000000e+00,1.58058128e-01,1.67374764e-02,1.54896966e+02,1.64027269e+01
1.43000000e+00,-1.71408388e-02,2.89946841e-01,1.81868449e-02,1.37474388e-01,0.00000000e+00,0.00000000e+00,1.58115111e-01,1.67536140e-02,1.54952808e+02,1.64185417e+01
1.43200000e+00,-1.65686096e-02,2.82248191e-01,1.84652545e-02,1.40906087e-01,0.00000000e+00,0.00000000e+00,1.58193198e-01,1.67711768e-02,1.55029334e+02,1.64357532e+01
1.43400000e+00,-1.60119802e-02,2.74348325e-01,1.87503463e-02,1.44153316e-01,0.00000000e+00,0.00000000e+00,1.58240979e-01,1.67723479e-02,1.55076159e+02,1.64369009e+01
1.43600000e+00,-1.54713457e-02,2.66254354e-01,1.90417333e-02,1.47198888e-01,0.00000000e+00,0.00000000e+00,1.58282693e-01,1.67629061e-02,1.55117039e+02,1.64276480e+01
1.43800000e+00,-1.49470884e-02,2.57972007e-01,1.93390080e-02,1.50043759e-01,0.00000000e+00,0.00000000e+00,1.58329465e-01,1.67745807e-02,1.55162876e+02,1.64390891e+01
1.44000000e+00,-1.44395789e-02,2.49507820e-01,1.96417719e-02,1.52684030e-01,0.00000000e+00,0.00000000e+00,1.58354472e-01,1.67648789e-02,1.55187382e+02,1.64295813e+01
1.44200000e+00,-1.39492931e-02,2.40689668e-01,1.99497409e-02,1.55319393e-01,0.00000000e+00,0.00000000e+00,1.62562702e-01,1.72031722e-02,1.59311448e+02,1.68591088e+01
1.44400000e+00,-1.34768531e-02,2.31822247e-01,2.02626890e-02,1.57414153e-01,0.00000000e+00,0.00000000e+00,1.55612637e-01,1.60762777e-02,1.52500385e+02,1.57547522e+01
1.44600000e+00,-1.30219495e-02,2.23036691e-01,2.05790905e-02,1.59048431e-01,0.00000000e+00,0.00000000e+00,1.56900540e-01,1.66879812e-02,1.53762530e+02,1.63542215e+01
1.44800000e+00,-1.25848326e-02,2.14061707e-01,2.08989014e-02,1.60710737e-01,0.00000000e+00,0.00000000e+00,1.56434219e-01,1.65912817e-02,1.53305535e+02,1.62594560e+01
1.45000000e+00,-1.21657730e-02,2.04981234e-01,2.12217138e-02,1.62043649e-01,0.00000000e+00,0.00000000e+00,1.55907638e-01,1.64571751e-02,1.52789485e+02,1.61280316e+01
1.45200000e+00,-1.17649816e-02,1.95789923e-01,2.15468966e-02,1.63107471e-01,0.00000000e+00,0.00000000e+00,1.55715030e-01,1.64905599e-02,1.52600730e+02,1.61607487e+01
1.45400000e+00,-1.13826923e-02,1.86480203e-01,2.18740118e-02,1.63973430e-01,0.00000000e+00,0.00000000e+00,1.55515877e-01,1.65088028e-02,1.52405559e+02,1.61786267e+01
1.45600000e+00,-1.10191334e-02,1.77061534e-01,2.22026486e-02,1.64626775e-01,0.00000000e+00,0.00000000e+00,1.55254670e-01,1.65134815e-02,1.52149576e+02,1.61832119e+01
1.45800000e+00,-1.06745118e-02,1.67544344e-01,2.25323682e-02,1.65054087e-01,0.00000000e+00,0.00000000e+00,1.54966052e-01,1.65051966e-02,1.51866731e+02,1.61750926e+01
1.46000000e+00,-1.03490163e-02,1.57936747e-01,2.28627133e-02,1.65253965e-01,0.00000000e+00,0.00000000e+00,1.54670982e-01,1.65079215e-02,1.51577562e+02,1.61777631e+01
1.46200000e+00,-1.00430971e-02,1.47830854e-01,2.31939812e-02,1.66349440e-01,0.00000000e+00,0.00000000e+00,1.64071957e-01,1.88579854e-02,1.60790518e+02,1.84808257e+01
1.46400000e+00,-9.75765308e-03,1.37784618e-01,2.35276358e-02,1.66732269e-01,0.00000000e+00,0.00000000e+00,1.50905122e-01,1.54883369e-02,1.47887020e+02,1.51785701e+01
1.46600000e+00,-9.49169650e-03,1.28131512e-01,2.38599945e-02,1.65741475e-01,0.00000000e+00,0.00000000e+00,1.52675211e-01,1.64499978e-02,1.49621706e+02,1.61209978e+01
1.46800000e+00,-9.24522197e-03,1.18336009e-01,2.41907625e-02,1.64991795e-01,0.00000000e+00,0.00000000e+00,1.52180595e-01,1.64672534e-02,1.49136983e+02,1.61379083e+01
1.47000000e+00,-9.01836104e-03,1.08527649e-01,2.45197259e-02,1.63888566e-01,0.00000000e+00,0.00000000e+00,1.51083675e-01,1.61782615e-02,1.48062002e+02,1.58546963e+01
1.47200000e+00,-8.81111681e-03,9.87111416e-02,2.48460948e-02,1.62452458e-01,0.00000000e+00,0.00000000e+00,1.50639127e-01,1.62353575e-02,1.47626345e+02,1.59106503e+01
1.47400000e+00,-8.62353486e-03,8.88670599e-02,2.51694204e-02,1.60843300e-01,0.00000000e+00,0.00000000e+00,1.50156577e-01,1.62775670e-02,1.47153446e+02,1.59520156e+01
1.47600000e+00,-8.45566032e-03,7.90053511e-02,2.54893369e-02,1.59037497e-01,0.00000000e+00,0.00000000e+00,1.49640377e-01,1.62803439e-02,1.46647569e+02,1.59547371e+01
1.47800000e+00,-8.30751825e-03,6.91364498e-02,2.58054282e-02,1.57018508e-01,0.00000000e+00,0.00000000e+00,1.49075043e-01,1.62824600e-02,1.46093542e+02,1.59568108e+01
1.48000000e+00,-8.17911332e-03,5.92693529e-02,2.61172711e-02,1.54789903e-01,0.00000000e+00,0.00000000e+00,1.48509734e-01,1.62867431e-02,1.45539539e+02,1.59610082e+01
1.48200000e+00,-8.07087235e-03,4.87550366e-02,2.64258742e-02,1.54490511e-01,0.00000000e+00,0.00000000e+00,1.63273210e-01,2.07731412e-02,1.60007746e+02,2.03576783e+01
1.48400000e+00,-7.98398224e-03,3.84070904e-02,2.67346694e-02,1.53345799e-01,0.00000000e+00,0.00000000e+00,1.43869452e-01,1.49536280e-02,1.40992063e+02,1.46545554e+01
1.48600000e+00,-7.91677648e-03,2.87603772e-02,2.70376931e-02,1.49854750e-01,0.00000000e+00,0.00000000e+00,1.46299420e-01,1.62825662e-02,1.43373432e+02,1.59569148e+01
1.48800000e+00,-7.86900693e-03,1.90143691e-02,2.73344121e-02,1.46849220e-01,0.00000000e+00,0.00000000e+00,1.45759954e-01,1.63978366e-02,1.42844755e+02,1.60698799e+01
1.49000000e+00,-7.84066436e-03,9.35031175e-03,2.76248548e-02,1.43490971e-01,0.00000000e+00,0.00000000e+00,1.44113544e-01,1.59584531e-02,1.41231274e+02,1.56392841e+01
1.49200000e+00,-7.83154330e-03,-2.20176752e-04,2.79081307e-02,1.39764820e-01,0.00000000e+00,0.00000000e+00,1.43459941e-01,1.60318050e-02,1.40590742e+02,1.57111689e+01
1.49400000e+00,-7.84150703e-03,-9.73360065e-03,2.81838326e-02,1.35916502e-01,0.00000000e+00,0.00000000e+00,1.42822562e-01,1.60974458e-02,1.39966111e+02,1.57754969e+01
1.49600000e+00,-7.87043357e-03,-1.91808255e-02,2.84517012e-02,1.31924818e-01,0.00000000e+00,0.00000000e+00,1.42110569e-01,1.61151677e-02,1.39268357e+02,1.57928643e+01
1.49800000e+00,-7.91817808e-03,-2.85496800e-02,2.87114236e-02,1.27770749e-01,0.00000000e+00,0.00000000e+00,1.41342709e-01,1.61293166e-02,1.38515855e+02,1.58067303e+01
1.50000000e+00,-7.98457439e-03,-3.78316944e-02,2.89626768e-02,1.23455739e-01,0.00000000e+00,0.00000000e+00,1.40585411e-01,1.61380344e-02,1.37773702e+02,1.58152737e+01
1.50200000e+00,-8.07000808e-03,-4.78684938e-02,2.92071582e-02,1.22007755e-01,0.00000000e+00,0.00000000e+00,1.59637571e-01,2.24974584e-02,1.56444819e+02,2.20475092e+01
1.50400000e+00,-8.17588154e-03,-5.76550976e-02,2.94501100e-02,1.19663412e-01,0.00000000e+00,0.00000000e+00,1.35561905e-01,1.46040861e-02,1.32850667e+02,1.43120044e+01
1.50600000e+00,-8.29999621e-03,-6.64933426e-02,2.96836958e-02,1.14145217e-01,0.00000000e+00,0.00000000e+00,1.38454183e-01,1.61715739e-02,1.35685100e+02,1.58481424e+01
1.50800000e+00,-8.44189154e-03,-7.53865345e-02,2.99071492e-02,1.09314382e-01,0.00000000e+00,0.00000000e+00,1.37967837e-01,1.63680494e-02,1.35208481e+02,1.60406884e+01
1.51000000e+00,-8.60143535e-03,-8.41192416e-02,3.01207472e-02,1.04174345e-01,0.00000000e+00,0.00000000e+00,1.35970677e-01,1.58297524e-02,1.33251263e+02,1.55131574e+01
1.51200000e+00,-8.77824761e-03,-9.26706126e-02,3.03236037e-02,9.86699925e-02,0.00000000e+00,0.00000000e+00,1.35138865e-01,1.58953882e-02,1.32436088e+02,1.55774805e+01
1.51400000e+00,-8.97203017e-03,-1.01090551e-01,3.05153915e-02,9.31121512e-02,0.00000000e+00,0.00000000e+00,1.34446888e-01,1.59937273e-02,1.31757950e+02,1.56738527e+01
1.51600000e+00,-9.18251732e-03,-1.09371757e-01,3.06960112e-02,8.74927422e-02,0.00000000e+00,0.00000000e+00,1.33581413e-01,1.60264732e-02,1.30909784e+02,1.57059437e+01
1.51800000e+00,-9.40941451e-03,-1.17498943e-01,3.08652988e-02,8.17779138e-02,0.00000000e+00,0.00000000e+00,1.32666796e-01,1.60376070e-02,1.30013460e+02,1.57168549e+01
1.52000000e+00,-9.65240596e-03,-1.25465440e-01,3.10230600e-02,7.59688075e-02,0.00000000e+00,0.00000000e+00,1.31777536e-01,1.60563220e-02,1.29141986e+02,1.57351955e+01
1.52200000e+00,-9.91179924e-03,-1.34216326e-01,3.11715531e-02,7.37277325e-02,0.00000000e+00,0.00000000e+00,1.53078798e-01,2.37404487e-02,1.50017222e+02,2.32656398e+01
1.52400000e+00,-1.01890710e-02,-1.42666805e-01,3.13174030e-02,7.06352384e-02,0.00000000e+00,0.00000000e+00,1.26985217e-01,1.44782046e-02,1.24445512e+02,1.41886405e+01
1.52600000e+00,-1.04817405e-02,-1.50028435e-01,3.14516070e-02,6.38123304e-02,0.00000000e+00,0.00000000e+00,1.29994467e-01,1.61049086e-02,1.27394578e+02,1.57828105e+01
1.52800000e+00,-1.07891916e-02,-1.57400453e-01,3.15732107e-02,5.78268140e-02,0.00000000e+00,0.00000000e+00,1.29707592e-01,1.64120679e-02,1.27113440e+02,1.60838265e+01
1.53000000e+00,-1.11111971e-02,-1.64554665e-01,3.16827702e-02,5.16252978e-02,0.00000000e+00,0.00000000e+00,1.27504128e-01,1.58105258e-02,1.24954046e+02,1.54943153e+01
1.53200000e+00,-1.14472451e-02,-1.71461113e-01,3.17794966e-02,4.51008304e-02,0.00000000e+00,0.00000000e+00,1.26632941e-01,1.58750363e-02,1.24100283e+02,1.55575356e+01
1.53400000e+00,-1.17969144e-02,-1.78176846e-01,3.18631865e-02,3.85957536e-02,0.00000000e+00,0.00000000e+00,1.25874501e-01,1.59734417e-02,1.23357011e+02,1.56539729e+01
1.53600000e+00,-1.21598227e-02,-1.84697985e-01,3.19338950e-02,3.21138538e-02,0.00000000e+00,0.00000000e+00,1.25021569e-01,1.60273429e-02,1.22521138e+02,1.57067960e+01
1.53800000e+00,-1.25355686e-02,-1.91012499e-01,3.19916345e-02,2.56208473e-02,0.00000000e+00,0.00000000e+00,1.24087645e-01,1.60352621e-02,1.21605892e+02,1.57145568e+01
1.54000000e+00,-1.29237312e-02,-1.97114643e-01,3.20363647e-02,1.91072547e-02,0.00000000e+00,0.00000000e+00,1.23202628e-01,1.60506908e-02,1.20738575e+02,1.57296770e+01
1.54200000e+00,-1.33245417e-02,-2.03988461e-01,3.20707595e-02,1.66371051e-02,0.00000000e+00,0.00000000e+00,1.45364703e-01,2.45731491e-02,1.42457409e+02,2.40816861e+01
1.54400000e+00,-1.37394740e-02,-2.10545807e-01,3.21024365e-02,1.34525355e-02,0.00000000e+00,0.00000000e+00,1.19166321e-01,1.45970271e-02,1.16782994e+02,1.43050865e+01
1.54600000e+00,-1.41659598e-02,-2.15955559e-01,3.21218751e-02,6.22629670e-03,0.00000000e+00,0.00000000e+00,1.22007985e-01,1.61204965e-02,1.19567825e+02,1.57980865e+01
1.54800000e+00,-1.46032777e-02,-2.21337559e-01,3.21279583e-02,-7.51370169e-05,0.00000000e+00,0.00000000e+00,1.22065694e-01,1.65494844e-02,1.19624380e+02,1.62184947e+01
1.55000000e+00,-1.50511481e-02,-2.26476702e-01,3.21215195e-02,-6.45902089e-03,0.00000000e+00,0.00000000e+00,1.19967949e-01,1.59408020e-02,1.17568590e+02,1.56219859e+01
1.55200000e+00,-1.55089942e-02,-2.31330353e-01,3.21019480e-02,-1.31042556e-02,0.00000000e+00,0.00000000e+00,1.19112064e-01,1.59756648e-02,1.16729823e+02,1.56561515e+01
1.55400000e+00,-1.59763163e-02,-2.35954102e-01,3.20691541e-02,-1.96722027e-02,0.00000000e+00,0.00000000e+00,1.18391573e-01,1.60588684e-02,1.16023741e+02,1.57376910e+01
1.55600000e+00,-1.64526588e-02,-2.40350212e-01,3.20233254e-02,-2.61407674e-02,0.00000000e+00,0.00000000e+00,1.17663162e-01,1.61214458e-02,1.15309899e+02,1.57990169e+01
1.55800000e+00,-1.69375594e-02,-2.44509798e-01,3.19646418e-02,-3.25330857e-02,0.00000000e+00,0.00000000e+00,1.16805856e-01,1.61376891e-02,1.14469738e+02,1.58149353e+01
1.56000000e+00,-1.74305352e-02,-2.48425163e-01,3.18932331e-02,-3.88654556e-02,0.00000000e+00,0.00000000e+00,1.15964521e-01,1.61478538e-02,1.13645231e+02,1.58248967e+01
1.56200000e+00,-1.79316903e-02,-2.52985833e-01,3.18118468e-02,-4.11982472e-02,0.00000000e+00,0.00000000e+00,1.35958432e-01,2.44180354e-02,1.33239263e+02,2.39296747e+01
1.56400000e+00,-1.84422793e-02,-2.57247714e-01,3.17280859e-02,-4.40618394e-02,0.00000000e+00,0.00000000e+00,1.13131807e-01,1.49146014e-02,1.10869171e+02,1.46163094e+01
1.56600000e+00,-1.89599817e-02,-2.60460520e-01,3.16330352e-02,-5.07716006e-02,0.00000000e+00,0.00000000e+00,1.15657402e-01,1.62119615e-02,1.13344254e+02,1.58877222e+01
1.56800000e+00,-1.94840823e-02,-2.63614697e-01,3.15256209e-02,-5.65493861e-02,0.00000000e+00,0.00000000e+00,1.16027209e-01,1.67197674e-02,1.13706665e+02,1.63853721e+01
1.57000000e+00,-2.00142746e-02,-2.66520026e-01,3.14068647e-02,-6.22866012e-02,0.00000000e+00,0.00000000e+00,1.14158466e-01,1.61297760e-02,1.11875297e+02,1.58071805e+01
1.57200000e+00,-2.05499625e-02,-2.69125518e-01,3.12763497e-02,-6.82110788e-02,0.00000000e+00,0.00000000e+00,1.13382974e-01,1.61426782e-02,1.11115314e+02,1.58198246e+01
1.57400000e+00,-2.10906142e-02,-2.71487283e-01,3.11341164e-02,-7.39914899e-02,0.00000000e+00,0.00000000e+00,1.12866909e-01,1.62313537e-02,1.10609571e+02,1.59067266e+01
1.57600000e+00,-2.16357546e-02,-2.73613484e-01,3.09804985e-02,-7.95997223e-02,0.00000000e+00,0.00000000e+00,1.12319759e-01,1.62869271e-02,1.10073364e+02,1.59611885e+01
1.57800000e+00,-2.21849076e-02,-2.75498906e-01,3.08158205e-02,-8.50534750e-02,0.00000000e+00,0.00000000e+00,1.11715532e-01,1.63225888e-02,1.09481222e+02,1.59961371e+01
1.58000000e+00,-2.27375848e-02,-2.77136289e-01,3.06403715e-02,-9.03769560e-02,0.00000000e+00,0.00000000e+00,1.11028581e-01,1.63119064e-02,1.08808010e+02,1.59856683e+01
1.58200000e+00,-2.32937642e-02,-2.79240762e-01,3.04566702e-02,-9.21647643e-02,0.00000000e+00,0.00000000e+00,1.27162620e-01,2.34827435e-02,1.24619367e+02,2.30130886e+01
1.58400000e+00,-2.38543757e-02,-2.81086951e-01,3.02715002e-02,-9.42704789e-02,0.00000000e+00,0.00000000e+00,1.09560886e-01,1.53804352e-02,1.07369668e+02,1.50728265e+01
1.58600000e+00,-2.44175367e-02,-2.82070211e-01,3.00774205e-02,-9.96276219e-02,0.00000000e+00,0.00000000e+00,1.11591483e-01,1.63829947e-02,1.09359653e+02,1.60553348e+01
1.58800000e+00,-2.49826033e-02,-2.82973667e-01,2.98735684e-02,-1.04116840e-01,0.00000000e+00,0.00000000e+00,1.12305090e-01,1.69128699e-02,1.10058988e+02,1.65746125e+01
1.59000000e+00,-2.55492772e-02,-2.83645907e-01,2.96610592e-02,-1.08447033e-01,0.00000000e+00,0.00000000e+00,1.10811503e-01,1.64149479e-02,1.08595273e+02,1.60866489e+01
1.59200000e+00,-2.61169993e-02,-2.84036744e-01,2.94397259e-02,-1.12858868e-01,0.00000000e+00,0.00000000e+00,1.10362157e-01,1.64271269e-02,1.08154914e+02,1.60985844e+01
1.59400000e+00,-2.66852711e-02,-2.84198004e-01,2.92097490e-02,-1.17082804e-01,0.00000000e+00,0.00000000e+00,1.10085072e-01,1.64825458e-02,1.07883370e+02,1.61528949e+01
1.59600000e+00,-2.72536412e-02,-2.84134129e-01,2.89715308e-02,-1.21102571e-01,0.00000000e+00,0.00000000e+00,1.09741186e-01,1.65170228e-02,1.07546363e+02,1.61866823e+01
1.59800000e+00,-2.78216553e-02,-2.83841834e-01,2.87254658e-02,-1.24931725e-01,0.00000000e+00,0.00000000e+00,1.09385382e-01,1.65326957e-02,1.07197674e+02,1.62020418e+01
1.60000000e+00,-2.83888569e-02,-2.83322065e-01,2.84719320e-02,-1.28568733e-01,0.00000000e+00,0.00000000e+00,1.09057932e-01,1.65596431e-02,1.06876774e+02,1.62284502e+01
1.60200000e+00,-2.89551548e-02,-2.83119081e-01,2.82131078e-02,-1.29330793e-01,0.00000000e+00,0.00000000e+00,1.21412039e-01,2.21981579e-02,1.18983798e+02,2.17541947e+01
1.60400000e+00,-2.95211982e-02,-2.82713632e-01,2.79545307e-02,-1.30209800e-01,0.00000000e+00,0.00000000e+00,1.08948421e-01,1.59447384e-02,1.06769453e+02,1.56258436e+01
1.60600000e+00,-3.00855646e-02,-2.81641104e-01,2.76906136e-02,-1.33571086e-01,0.00000000e+00,0.00000000e+00,1.10435585e-01,1.66122562e-02,1.08226874e+02,1.62800110e+01
1.60800000e+00,-3.06477014e-02,-2.80476643e-01,2.74207382e-02,-1.36194656e-01,0.00000000e+00,0.00000000e+00,1.11393730e-01,1.71087828e-02,1.09165855e+02,1.67666071e+01
1.61000000e+00,-3.12073442e-02,-2.79121791e-01,2.71459957e-02,-1.38577167e-01,0.00000000e+00,0.00000000e+00,1.10560533e-01,1.67267113e-02,1.08349323e+02,1.63921771e+01
1.61200000e+00,-3.17640304e-02,-2.77529828e-01,2.68664308e-02,-1.40957859e-01,0.00000000e+00,0.00000000e+00,1.10403786e-01,1.67142047e-02,1.08195710e+02,1.63799206e+01
1.61400000e+00,-3.23173321e-02,-2.75740760e-01,2.65823058e-02,-1.43126231e-01,0.00000000e+00,0.00000000e+00,1.10478650e-01,1.67673825e-02,1.08269077e+02,1.64320348e+01
1.61600000e+00,-3.28668662e-02,-2.73760801e-01,2.62940880e-02,-1.45051325e-01,0.00000000e+00,0.00000000e+00,1.10437103e-01,1.68139084e-02,1.08228360e+02,1.64776303e+01
1.61800000e+00,-3.34122449e-02,-2.71585240e-01,2.60022478e-02,-1.46755547e-01,0.00000000e+00,0.00000000e+00,1.10368759e-01,1.68147854e-02,1.08161383e+02,1.64784897e+01
1.62000000e+00,-3.39530784e-02,-2.69216591e-01,2.57072050e-02,-1.48251128e-01,0.00000000e+00,0.00000000e+00,1.10349671e-01,1.68309835e-02,1.08142677e+02,1.64943639e+01
1.62200000e+00,-3.44892137e-02,-2.67001535e-01,2.54105815e-02,-1.47739696e-01,0.00000000e+00,0.00000000e+00,1.18343827e-01,2.06038085e-02,1.15976951e+02,2.01917324e+01
1.62400000e+00,-3.50209955e-02,-2.64652864e-01,2.51162957e-02,-1.47153876e-01,0.00000000e+00,0.00000000e+00,1.11577566e-01,1.65662297e-02,1.09346014e+02,1.62349051e+01
1.62600000e+00,-3.55475322e-02,-2.61864852e-01,2.48208995e-02,-1.48167690e-01,0.00000000e+00,0.00000000e+00,1.12387142e-01,1.68246235e-02,1.10139399e+02,1.64881311e+01
1.62800000e+00,-3.60683915e-02,-2.58981749e-01,2.45239827e-02,-1.48644891e-01,0.00000000e+00,0.00000000e+00,1.13619184e-01,1.72686522e-02,1.11346800e+02,1.69232791e+01
1.63000000e+00,-3.65833703e-02,-2.55965265e-01,2.42265204e-02,-1.48821468e-01,0.00000000e+00,0.00000000e+00,1.13486468e-01,1.70307585e-02,1.11216738e+02,1.66901434e+01
1.63200000e+00,-3.70921321e-02,-2.52768114e-01,2.39287477e-02,-1.48921775e-01,0.00000000e+00,0.00000000e+00,1.13563575e-01,1.70034050e-02,1.11292303e+02,1.66633369e+01
1.63400000e+00,-3.75943382e-02,-2.49414168e-01,2.36309675e-02,-1.48820699e-01,0.00000000e+00,0.00000000e+00,1.13935827e-01,1.70280370e-02,1.11657111e+02,1.66874763e+01
1.63600000e+00,-3.80896933e-02,-2.45916986e-01,2.33336204e-02,-1.48486353e-01,0.00000000e+00,0.00000000e+00,1.14274391e-01,1.70681359e-02,1.11988904e+02,1.67267732e+01
1.63800000e+00,-3.85779105e-02,-2.42276286e-01,2.30371686e-02,-1.47932347e-01,0.00000000e+00,0.00000000e+00,1.14582431e-01,1.70653911e-02,1.12290783e+02,1.67240833e+01
1.64000000e+00,-3.90587029e-02,-2.38492308e-01,2.27420276e-02,-1.47173496e-01,0.00000000e+00,0.00000000e+00,1.14866523e-01,1.70761785e-02,1.12569193e+02,1.67346549e+01
1.64200000e+00,-3.95319021e-02,-2.34741821e-01,2.24492598e-02,-1.45236993e-01,0.00000000e+00,0.00000000e+00,1.19243350e-01,1.91184001e-02,1.16858483e+02,1.87360320e+01
1.64400000e+00,-3.99976307e-02,-2.30932067e-01,2.21612318e-02,-1.43072234e-01,0.00000000e+00,0.00000000e+00,1.17298791e-01,1.71428216e-02,1.14952815e+02,1.67999651e+01
1.64600000e+00,-4.04554749e-02,-2.26889140e-01,2.18764450e-02,-1.41696253e-01,0.00000000e+00,0.00000000e+00,1.17548634e-01,1.70553600e-02,1.15197662e+02,1.67142528e+01
1.64800000e+00,-4.09051298e-02,-2.22760070e-01,2.15946666e-02,-1.39990529e-01,0.00000000e+00,0.00000000e+00,1.18973338e-01,1.74317548e-02,1.16593871e+02,1.70831197e+01
1.65000000e+00,-4.13464627e-02,-2.18552321e-01,2.13166982e-02,-1.37961812e-01,0.00000000e+00,0.00000000e+00,1.19329903e-01,1.73354040e-02,1.16943305e+02,1.69886959e+01
1.65200000e+00,-4.17792611e-02,-2.14227524e-01,2.10429040e-02,-1.35806166e-01,0.00000000e+00,0.00000000e+00,1.19788900e-01,1.73061751e-02,1.17393122e+02,1.69600516e+01
1.65400000e+00,-4.22033067e-02,-2.09803536e-01,2.07735936e-02,-1.33470486e-01,0.00000000e+00,0.00000000e+00,1.20491643e-01,1.73276258e-02,1.18081810e+02,1.69810732e+01
1.65600000e+00,-4.26184146e-02,-2.05288595e-01,2.05091525e-02,-1.30939193e-01,0.00000000e+00,0.00000000e+00,1.21070562e-01,1.73379738e-02,1.18649150e+02,1.69912143e+01
1.65800000e+00,-4.30244024e-02,-2.00685637e-01,2.02499621e-02,-1.28219973e-01,0.00000000e+00,0.00000000e+00,1.21767863e-01,1.73507154e-02,1.19332505e+02,1.70037011e+01
1.66000000e+00,-4.34211040e-02,-1.96003032e-01,1.99963873e-02,-1.25328658e-01,0.00000000e+00,0.00000000e+00,1.22466829e-01,1.73357844e-02,1.20017493e+02,1.69890687e+01
1.66200000e+00,-4.38083911e-02,-1.91285330e-01,1.97489581e-02,-1.21971559e-01,0.00000000e+00,0.00000000e+00,1.24128558e-01,1.79736073e-02,1.21645986e+02,1.76141351e+01
1.66400000e+00,-4.41862363e-02,-1.86554018e-01,1.95086936e-02,-1.18325761e-01,0.00000000e+00,0.00000000e+00,1.25252529e-01,1.75970274e-02,1.22747479e+02,1.72450868e+01
1.66600000e+00,-4.45545639e-02,-1.81757868e-01,1.92755864e-02,-1.14782915e-01,0.00000000e+00,0.00000000e+00,1.25639728e-01,1.74230543e-02,1.23126933e+02,1.70745932e+01
1.66800000e+00,-4.49132269e-02,-1.76900536e-01,1.90496481e-02,-1.11110877e-01,0.00000000e+00,0.00000000e+00,1.26770551e-01,1.75439525e-02,1.24235140e+02,1.71930735e+01
1.67000000e+00,-4.52621426e-02,-1.72008038e-01,1.88312890e-02,-1.07219619e-01,0.00000000e+00,0.00000000e+00,1.27686205e-01,1.75696775e-02,1.25132480e+02,1.72182840e+01
1.67200000e+00,-4.56012279e-02,-1.67068729e-01,1.86208695e-02,-1.03178560e-01,0.00000000e+00,0.00000000e+00,1.28464880e-01,1.75561472e-02,1.25895582e+02,1.72050242e+01
1.67400000e+00,-4.59303872e-02,-1.62083942e-01,1.84186585e-02,-9.90119970e-02,0.00000000e+00,0.00000000e+00,1.29330824e-01,1.75425436e-02,1.26744208e+02,1.71916927e+01
1.67600000e+00,-4.62495388e-02,-1.57061932e-01,1.82249086e-02,-9.47147534e-02,0.00000000e+00,0.00000000e+00,1.30220895e-01,1.75519167e-02,1.27616477e+02,1.72008784e+01
1.67800000e+00,-4.65586163e-02,-1.52012007e-01,1.80398975e-02,-9.02704758e-02,0.00000000e+00,0.00000000e+00,1.31222194e-01,1.75850631e-02,1.28597751e+02,1.72333618e+01
1.68000000e+00,-4.68575690e-02,-1.46935227e-01,1.78639251e-02,-8.56786450e-02,0.00000000e+00,0.00000000e+00,1.32054490e-01,1.76083773e-02,1.29413400e+02,1.72562097e+01
1.68200000e+00,-4.71463074e-02,-1.41783727e-01,1.76971531e-02,-8.11315393e-02,0.00000000e+00,0.00000000e+00,1.31854184e-01,1.72510678e-02,1.29217100e+02,1.69060465e+01
1.68400000e+00,-4.74247250e-02,-1.36663975e-01,1.75395810e-02,-7.63113008e-02,0.00000000e+00,0.00000000e+00,1.35090184e-01,1.79546658e-02,1.32388380e+02,1.75955725e+01
1.68600000e+00,-4.76929993e-02,-1.31598222e-01,1.73920975e-02,-7.12066902e-02,0.00000000e+00,0.00000000e+00,1.35326601e-01,1.76351768e-02,1.32620069e+02,1.72824732e+01
1.68800000e+00,-4.79510875e-02,-1.26486872e-01,1.72546995e-02,-6.61842259e-02,0.00000000e+00,0.00000000e+00,1.36152393e-01,1.75839108e-02,1.33429345e+02,1.72322326e+01
1.69000000e+00,-4.81989507e-02,-1.21381341e-01,1.71274467e-02,-6.10326372e-02,0.00000000e+00,0.00000000e+00,1.37506835e-01,1.77223311e-02,1.34756698e+02,1.73678845e+01
1.69200000e+00,-4.84366274e-02,-1.16297544e-01,1.70106659e-02,-5.57356497e-02,0.00000000e+00,0.00000000e+00,1.38621220e-01,1.77201166e-02,1.35848795e+02,1.73657143e+01
1.69400000e+00,-4.86641441e-02,-1.11218532e-01,1.69045494e-02,-5.03706668e-02,0.00000000e+00,0.00000000e+00,1.39496650e-01,1.77112730e-02,1.36706717e+02,1.73570476e+01
1.69600000e+00,-4.88815061e-02,-1.06146418e-01,1.68092238e-02,-4.49448255e-02,0.00000000e+00,0.00000000e+00,1.40577508e-01,1.77094684e-02,1.37765957e+02,1.73552790e+01
1.69800000e+00,-4.90887400e-02,-1.01089667e-01,1.67248151e-02,-3.94515291e-02,0.00000000e+00,0.00000000e+00,1.41568001e-01,1.77300403e-02,1.38736641e+02,1.73754395e+01
1.70000000e+00,-4.92858777e-02,-9.60522884e-02,1.66514631e-02,-3.38901460e-02,0.00000000e+00,0.00000000e+00,1.42660047e-01,1.77453282e-02,1.39806846e+02,1.73904217e+01
1.70200000e+00,-4.94728618e-02,-9.08838924e-02,1.65888113e-02,-2.89934381e-02,0.00000000e+00,0.00000000e+00,1.40053778e-01,1.62432903e-02,1.37252702e+02,1.59184245e+01
1.70400000e+00,-4.96494556e-02,-8.57789859e-02,1.65356983e-02,-2.37833605e-02,0.00000000e+00,0.00000000e+00,1.45606329e-01,1.83252268e-02,1.42694203e+02,1.79587222e+01
1.70600000e+00,-4.98160917e-02,-8.08450223e-02,1.64941523e-02,-1.78616035e-02,0.00000000e+00,0.00000000e+00,1.45428642e-01,1.76752974e-02,1.42520069e+02,1.73217914e+01
1.70800000e+00,-4.99728147e-02,-7.58795860e-02,1.64640023e-02,-1.23142796e-02,0.00000000e+00,0.00000000e+00,1.46170542e-01,1.74939450e-02,1.43247131e+02,1.71440661e+01
1.71000000e+00,-5.01196408e-02,-7.09602316e-02,1.64449433e-02,-6.69486288e-03,0.00000000e+00,0.00000000e+00,1.47724169e-01,1.77971197e-02,1.44769686e+02,1.74411773e+01
1.71200000e+00,-5.02567024e-02,-6.61110479e-02,1.64373176e-02,-9.33329030e-04,0.00000000e+00,0.00000000e+00,1.48948948e-01,1.77790026e-02,1.45969969e+02,1.74234226e+01
1.71400000e+00,-5.03841139e-02,-6.13052192e-02,1.64411886e-02,4.79620349e-03,0.00000000e+00,0.00000000e+00,1.49796989e-01,1.77331371e-02,1.46801049e+02,1.73784743e+01
1.71600000e+00,-5.05019512e-02,-5.65411985e-02,1.64564901e-02,1.05072530e-02,0.00000000e+00,0.00000000e+00,1.50907308e-01,1.77597356e-02,1.47889162e+02,1.74045409e+01
1.71800000e+00,-5.06103157e-02,-5.18327643e-02,1.64832177e-02,1.62183244e-02,0.00000000e+00,0.00000000e+00,1.51999763e-01,1.77690336e-02,1.48959767e+02,1.74136529e+01
1.72000000e+00,-5.07093233e-02,-4.71860095e-02,1.65213585e-02,2.19221335e-02,0.00000000e+00,0.00000000e+00,1.53175833e-01,1.77966505e-02,1.50112316e+02,1.74407175e+01
1.72200000e+00,-5.07988921e-02,-4.22877694e-02,1.65699849e-02,2.62442568e-02,0.00000000e+00,0.00000000e+00,1.46873995e-01,1.49363878e-02,1.43936515e+02,1.46376600e+01
1.72400000e+00,-5.08785417e-02,-3.74904901e-02,1.66265952e-02,3.09556938e-02,0.00000000e+00,0.00000000e+00,1.56205324e-01,1.86930099e-02,1.53081217e+02,1.83191497e+01
1.72600000e+00,-5.09490624e-02,-3.30057744e-02,1.66946044e-02,3.68621208e-02,0.00000000e+00,0.00000000e+00,1.54771665e-01,1.75393406e-02,1.51676231e+02,1.71885538e+01
1.72800000e+00,-5.10105224e-02,-2.84573602e-02,1.67735582e-02,4.20404556e-02,0.00000000e+00,0.00000000e+00,1.55237149e-01,1.72754000e-02,1.52132406e+02,1.69298920e+01
1.73000000e+00,-5.10629498e-02,-2.39958302e-02,1.68627943e-02,4.72609412e-02,0.00000000e+00,0.00000000e+00,1.57248213e-01,1.77531911e-02,1.54103248e+02,1.73981273e+01
1.73200000e+00,-5.11065747e-02,-1.96377726e-02,1.69626862e-02,5.26076449e-02,0.00000000e+00,0.00000000e+00,1.58028970e-01,1.76808428e-02,1.54868391e+02,1.73272259e+01
1.73400000e+00,-5.11415393e-02,-1.53374064e-02,1.70731388e-02,5.78252202e-02,0.00000000e+00,0.00000000e+00,1.58899328e-01,1.76378024e-02,1.55721342e+02,1.72850463e+01
1.73600000e+00,-5.11679751e-02,-1.11131855e-02,1.71939277e-02,6.29537414e-02,0.00000000e+00,0.00000000e+00,1.60041390e-01,1.76643761e-02,1.56840562e+02,1.73110886e+01
1.73800000e+00,-5.11860494e-02,-6.97499073e-03,1.73249148e-02,6.80237926e-02,0.00000000e+00,0.00000000e+00,1.61074021e-01,1.77001250e-02,1.57852541e+02,1.73461225e+01
1.74000000e+00,-5.11959318e-02,-2.92190554e-03,1.74659743e-02,7.30211045e-02,0.00000000e+00,0.00000000e+00,1.62127451e-01,1.77111639e-02,1.58884902e+02,1.73569406e+01
1.74200000e+00,-5.11975171e-02,1.46109227e-03,1.76156934e-02,7.60599492e-02,0.00000000e+00,0.00000000e+00,1.53395161e-01,1.38016834e-02,1.50327258e+02,1.35256498e+01
1.74400000e+00,-5.11901657e-02,5.72667292e-03,1.77705150e-02,7.95499217e-02,0.00000000e+00,0.00000000e+00,1.64829245e-01,1.88781527e-02,1.61532660e+02,1.85005896e+01
1.74600000e+00,-5.11748686e-02,9.60502687e-03,1.79349287e-02,8.45932924e-02,0.00000000e+00,0.00000000e+00,1.62334437e-01,1.72949763e-02,1.59087748e+02,1.69490768e+01
1.74800000e+00,-5.11516871e-02,1.35710998e-02,1.81082132e-02,8.86241736e-02,0.00000000e+00,0.00000000e+00,1.62606459e-01,1.69988125e-02,1.59354330e+02,1.66588362e+01
1.75000000e+00,-5.11206548e-02,1.74311983e-02,1.82894399e-02,9.26768810e-02,0.00000000e+00,0.00000000e+00,1.64573331e-01,1.75980611e-02,1.61281864e+02,1.72460998e+01
1.75200000e+00,-5.10820429e-02,2.11704174e-02,1.84789945e-02,9.68403845e-02,0.00000000e+00,0.00000000e+00,1.65131193e-01,1.75004511e-02,1.61828569e+02,1.71504421e+01
1.75400000e+00,-5.10360213e-02,2.48373579e-02,1.86766722e-02,1.00809941e-01,0.00000000e+00,0.00000000e+00,1.65901630e-01,1.74717319e-02,1.62583597e+02,1.71222973e+01
1.75600000e+00,-5.09827555e-02,2.84113064e-02,1.88821418e-02,1.04640773e-01,0.00000000e+00,0.00000000e+00,1.66884003e-01,1.75012230e-02,1.63546323e+02,1.71511985e+01
1.75800000e+00,-5.09224420e-02,3.18863670e-02,1.90951620e-02,1.08361765e-01,0.00000000e+00,0.00000000e+00,1.67734272e-01,1.75439693e-02,1.64379586e+02,1.71930899e+01
1.76000000e+00,-5.08552763e-02,3.52619322e-02,1.93155108e-02,1.11965714e-01,0.00000000e+00,0.00000000e+00,1.68674503e-01,1.75688520e-02,1.65301013e+02,1.72174749e+01
1.76200000e+00,-5.07811486e-02,3.90060943e-02,1.95415260e-02,1.13321613e-01,0.00000000e+00,0.00000000e+00,1.58530724e-01,1.31473375e-02,1.55360110e+02,1.28843908e+01
1.76400000e+00,-5.06993249e-02,4.26407801e-02,1.97690640e-02,1.15077407e-01,0.00000000e+00,0.00000000e+00,1.70580285e-01,1.87329212e-02,1.67168679e+02,1.83582628e+01
1.76600000e+00,-5.06108625e-02,4.58599649e-02,2.00029627e-02,1.18523771e-01,0.00000000e+00,0.00000000e+00,1.67530720e-01,1.70284588e-02,1.64180106e+02,1.66878897e+01
1.76800000e+00,-5.05158194e-02,4.91777483e-02,2.02424124e-02,1.20850210e-01,0.00000000e+00,0.00000000e+00,1.67514000e-01,1.67232894e-02,1.64163720e+02,1.63888236e+01
1.77000000e+00,-5.04142250e-02,5.23852995e-02,2.04863555e-02,1.23164689e-01,0.00000000e+00,0.00000000e+00,1.69290431e-01,1.73509267e-02,1.65904622e+02,1.70039082e+01
1.77200000e+00,-5.03063738e-02,5.54494108e-02,2.07351446e-02,1.25589264e-01,0.00000000e+00,0.00000000e+00,1.69997965e-01,1.73087926e-02,1.66598006e+02,1.69626168e+01
1.77400000e+00,-5.01924780e-02,5.84375473e-02,2.09885475e-02,1.27766224e-01,0.00000000e+00,0.00000000e+00,1.70148233e-01,1.71922780e-02,1.66745268e+02,1.68484325e+01
1.77600000e+00,-5.00726751e-02,6.13484536e-02,2.12460786e-02,1.29746803e-01,0.00000000e+00,0.00000000e+00,1.70836596e-01,1.72636738e-02,1.67419864e+02,1.69184004e+01
1.77800000e+00,-4.99471485e-02,6.41627876e-02,2.15074437e-02,1.31590811e-01,0.00000000e+00,0.00000000e+00,1.71391714e-01,1.72782300e-02,1.67963880e+02,1.69326654e+01
1.78000000e+00,-4.98160880e-02,6.68810190e-02,2.17723436e-02,1.33287537e-01,0.00000000e+00,0.00000000e+00,1.72023541e-01,1.73322570e-02,1.68583070e+02,1.69856119e+01
1.78200000e+00,-4.96793637e-02,6.99904125e-02,2.20390332e-02,1.32643676e-01,0.00000000e+00,0.00000000e+00,1.61147268e-01,1.27462708e-02,1.57924323e+02,1.24913454e+01
1.78400000e+00,-4.95361954e-02,7.29962347e-02,2.23031815e-02,1.32394327e-01,0.00000000e+00,0.00000000e+00,1.73288017e-01,1.85381591e-02,1.69822257e+02,1.81673959e+01
1.78600000e+00,-4.93876609e-02,7.55788758e-02,2.25697669e-02,1.33879503e-01,0.00000000e+00,0.00000000e+00,1.69833736e-01,1.67671457e-02,1.66437061e+02,1.64318028e+01
1.78800000e+00,-4.92338049e-02,7.82739859e-02,2.28378958e-02,1.34159174e-01,0.00000000e+00,0.00000000e+00,1.69414961e-01,1.63906910e-02,1.66026661e+02,1.60628772e+01
1.79000000e+00,-4.90746357e-02,8.08629758e-02,2.31063890e-02,1.34417017e-01,0.00000000e+00,0.00000000e+00,1.71024843e-01,1.71048184e-02,1.67604346e+02,1.67627220e+01
1.79200000e+00,-4.89104311e-02,8.33349084e-02,2.33756116e-02,1.34746548e-01,0.00000000e+00,0.00000000e+00,1.70819951e-01,1.69256107e-02,1.67403552e+02,1.65870985e+01
1.79400000e+00,-4.87413359e-02,8.57471047e-02,2.36451930e-02,1.34802752e-01,0.00000000e+00,0.00000000e+00,1.71050249e-01,1.69161854e-02,1.67629244e+02,1.65778617e+01
1.79600000e+00,-4.85674992e-02,8.80744848e-02,2.39147219e-02,1.34707849e-01,0.00000000e+00,0.00000000e+00,1.71392368e-01,1.69935068e-02,1.67964521e+02,1.66536367e+01
1.79800000e+00,-4.83891008e-02,9.03075519e-02,2.41839426e-02,1.34490250e-01,0.00000000e+00,0.00000000e+00,1.71806963e-01,1.70433282e-02,1.68370824e+02,1.67024617e+01
1.80000000e+00,-4.82063304e-02,9.24484817e-02,2.44525772e-02,1.34114201e-01,0.00000000e+00,0.00000000e+00,1.72062166e-01,1.70448267e-02,1.68620923e+02,1.67039301e+01
1.80200000e+00,-4.80190637e-02,9.49541738e-02,2.47189651e-02,1.31587026e-01,0.00000000e+00,0.00000000e+00,1.61764401e-01,1.29094154e-02,1.58529113e+02,1.26512271e+01
1.80400000e+00,-4.78265689e-02,9.73770992e-02,2.49791810e-02,1.29443117e-01,0.00000000e+00,0.00000000e+00,1.72435373e-01,1.82222480e-02,1.68986666e+02,1.78578031e+01
1.80600000e+00,-4.76297983e-02,9.94354700e-02,2.52377697e-02,1.28847338e-01,0.00000000e+00,0.00000000e+00,1.68685016e-01,1.65284746e-02,1.65311316e+02,1.61979051e+01
1.80800000e+00,-4.74287496e-02,1.01610066e-01,2.54937892e-02,1.27079911e-01,0.00000000e+00,0.00000000e+00,1.68087172e-01,1.61293850e-02,1.64725429e+02,1.58067973e+01
1.81000000e+00,-4.72234197e-02,1.03692228e-01,2.57460638e-02,1.25274288e-01,0.00000000e+00,0.00000000e+00,1.69177400e-01,1.68094605e-02,1.65793852e+02,1.64732713e+01
1.81200000e+00,-4.70140508e-02,1.05669169e-01,2.59949496e-02,1.23563614e-01,0.00000000e+00,0.00000000e+00,1.68844871e-01,1.66849143e-02,1.65467973e+02,1.63512160e+01
1.81400000e+00,-4.68007778e-02,1.07593973e-01,2.62401738e-02,1.21636150e-01,0.00000000e+00,0.00000000e+00,1.68662601e-01,1.67055150e-02,1.65289349e+02,1.63714047e+01
1.81600000e+00,-4.65837200e-02,1.09451172e-01,2.64814059e-02,1.19576212e-01,0.00000000e+00,0.00000000e+00,1.68660360e-01,1.67523023e-02,1.65287153e+02,1.64172563e+01
1.81800000e+00,-4.63630217e-02,1.11235427e-01,2.67183756e-02,1.17361707e-01,0.00000000e+00,0.00000000e+00,1.68572822e-01,1.67204960e-02,1.65201365e+02,1.63860861e+01
1.82000000e+00,-4.61388261e-02,1.12947971e-01,2.69507427e-02,1.14982159e-01,0.00000000e+00,0.00000000e+00,1.68512920e-01,1.67387922e-02,1.65142661e+02,1.64040163e+01
1.82200000e+00,-4.59110485e-02,1.14932510e-01,2.71771793e-02,1.10915483e-01,0.00000000e+00,0.00000000e+00,1.60365291e-01,1.35041324e-02,1.57157985e+02,1.32340497e+01
1.82400000e+00,-4.56791452e-02,1.16843366e-01,2.73946607e-02,1.07232783e-01,0.00000000e+00,0.00000000e+00,1.68349911e-01,1.78572226e-02,1.64982912e+02,1.75000781e+01
1.82600000e+00,-4.54438523e-02,1.18488385e-01,2.76069203e-02,1.04764936e-01,0.00000000e+00,0.00000000e+00,1.64663016e-01,1.63582374e-02,1.61369756e+02,1.60310727e+01
1.82800000e+00,-4.52051038e-02,1.20265101e-01,2.78129977e-02,1.01213070e-01,0.00000000e+00,0.00000000e+00,1.63330758e-01,1.58776728e-02,1.60064143e+02,1.55601193e+01
1.83000000e+00,-4.49628405e-02,1.21968928e-01,2.80117595e-02,9.76415956e-02,0.00000000e+00,0.00000000e+00,1.64395663e-01,1.66025181e-02,1.61107749e+02,1.62704678e+01
1.83200000e+00,-4.47173018e-02,1.23562263e-01,2.82036603e-02,9.42143930e-02,0.00000000e+00,0.00000000e+00,1.63914790e-01,1.64560248e-02,1.60636495e+02,1.61269043e+01
1.83400000e+00,-4.44686143e-02,1.25121205e-01,2.83884695e-02,9.05657989e-02,0.00000000e+00,0.00000000e+00,1.63175601e-01,1.64033077e-02,1.59912089e+02,1.60752416e+01
1.83600000e+00,-4.42168445e-02,1.26638882e-01,2.85658437e-02,8.67975298e-02,0.00000000e+00,0.00000000e+00,1.62830041e-01,1.64597520e-02,1.59573441e+02,1.61305570e+01
1.83800000e+00,-4.39620993e-02,1.28095798e-01,2.87356146e-02,8.29616729e-02,0.00000000e+00,0.00000000e+00,1.62521847e-01,1.65055318e-02,1.59271410e+02,1.61754212e+01
1.84000000e+00,-4.37045012e-02,1.29492817e-01,2.88976445e-02,7.90570364e-02,0.00000000e+00,0.00000000e+00,1.62132563e-01,1.65484437e-02,1.58889912e+02,1.62174748e+01
1.84200000e+00,-4.34440033e-02,1.31076995e-01,2.90510577e-02,7.39751280e-02,0.00000000e+00,0.00000000e+00,1.56028113e-01,1.42555172e-02,1.52907551e+02,1.39704068e+01
1.84400000e+00,-4.31802183e-02,1.32623533e-01,2.91937313e-02,6.91725105e-02,0.00000000e+00,0.00000000e+00,1.60865409e-01,1.73406487e-02,1.57648101e+02,1.69938357e+01
1.84600000e+00,-4.29136245e-02,1.33997019e-01,2.93283157e-02,6.52218342e-02,0.00000000e+00,0.00000000e+00,1.57901114e-01,1.62375414e-02,1.54743092e+02,1.59127906e+01
1.84800000e+00,-4.26441623e-02,1.35472435e-01,2.94540671e-02,6.04439870e-02,0.00000000e+00,0.00000000e+00,1.56289857e-01,1.57859759e-02,1.53164060e+02,1.54702564e+01
1.85000000e+00,-4.23717722e-02,1.36891750e-01,2.95701054e-02,5.56866341e-02,0.00000000e+00,0.00000000e+00,1.56994362e-01,1.64483073e-02,1.53854475e+02,1.61193412e+01
1.85200000e+00,-4.20966499e-02,1.38229130e-01,2.96769386e-02,5.11166195e-02,0.00000000e+00,0.00000000e+00,1.55964045e-01,1.63336710e-02,1.52844764e+02,1.60069976e+01
1.85400000e+00,-4.18188666e-02,1.39550127e-01,2.97744741e-02,4.64000253e-02,0.00000000e+00,0.00000000e+00,1.55114955e-01,1.62818908e-02,1.52012655e+02,1.59562529e+01
1.85600000e+00,-4.15384739e-02,1.40834396e-01,2.98624932e-02,4.16151611e-02,0.00000000e+00,0.00000000e+00,1.54538649e-01,1.63180649e-02,1.51447876e+02,1.59917036e+01
1.85800000e+00,-4.12555576e-02,1.42075673e-01,2.99409187e-02,3.68062321e-02,0.00000000e+00,0.00000000e+00,1.53815137e-01,1.63453766e-02,1.50738834e+02,1.60184690e+01
1.86000000e+00,-4.09701990e-02,1.43275240e-01,3.00097089e-02,3.19834950e-02,0.00000000e+00,0.00000000e+00,1.53188767e-01,1.63893214e-02,1.50124992e+02,1.60615350e+01
1.86200000e+00,-4.06823920e-02,1.44571877e-01,3.00684005e-02,2.64825109e-02,0.00000000e+00,0.00000000e+00,1.49202555e-01,1.50077336e-02,1.46218503e+02,1.47075789e+01
1.86400000e+00,-4.03919328e-02,1.45836619e-01,3.01157970e-02,2.12185236e-02,0.00000000e+00,0.00000000e+00,1.51568344e-01,1.69567601e-02,1.48536977e+02,1.66176249e+01
1.86600000e+00,-4.00991154e-02,1.46996521e-01,3.01536526e-02,1.65216168e-02,0.00000000e+00,0.00000000e+00,1.49266704e-01,1.62539859e-02,1.46281370e+02,1.59289062e+01
1.86800000e+00,-3.98038976e-02,1.48230114e-01,3.01815084e-02,1.12622035e-02,0.00000000e+00,0.00000000e+00,1.47441431e-01,1.58179693e-02,1.44492602e+02,1.55016099e+01
1.87000000e+00,-3.95062192e-02,1.49427288e-01,3.01987189e-02,6.02891233e-03,0.00000000e+00,0.00000000e+00,1.47692676e-01,1.63355717e-02,1.44738822e+02,1.60088603e+01
1.87200000e+00,-3.92062299e-02,1.50562189e-01,3.02057501e-02,9.84722740e-04,0.00000000e+00,0.00000000e+00,1.46452324e-01,1.62269902e-02,1.43523278e+02,1.59024504e+01
1.87400000e+00,-3.89039776e-02,1.51686321e-01,3.02026192e-02,-4.11722923e-03,0.00000000e+00,0.00000000e+00,1.45481555e-01,1.62119374e-02,1.42571924e+02,1.58876987e+01
1.87600000e+00,-3.85995032e-02,1.52782569e-01,3.01892939e-02,-9.20009134e-03,0.00000000e+00,0.00000000e+00,1.44622879e-01,1.62501016e-02,1.41730422e+02,1.59250995e+01
1.87800000e+00,-3.82928714e-02,1.53842805e-01,3.01658461e-02,-1.42421285e-02,0.00000000e+00,0.00000000e+00,1.43824319e-01,1.62661924e-02,1.40947833e+02,1.59408686e+01
1.88000000e+00,-3.79841513e-02,1.54874134e-01,3.01323464e-02,-1.92526966e-02,0.00000000e+00,0.00000000e+00,1.42782399e-01,1.62703455e-02,1.39926751e+02,1.59449386e+01
1.88200000e+00,-3.76733542e-02,1.55936413e-01,3.00886675e-02,-2.45149785e-02,0.00000000e+00,0.00000000e+00,1.40568281e-01,1.56775582e-02,1.37756916e+02,1.53640071e+01
1.88400000e+00,-3.73604280e-02,1.56965171e-01,3.00344168e-02,-2.95819208e-02,0.00000000e+00,0.00000000e+00,1.41015478e-01,1.66049933e-02,1.38195168e+02,1.62728934e+01
1.88600000e+00,-3.70455385e-02,1.57926392e-01,2.99705695e-02,-3.43043731e-02,0.00000000e+00,0.00000000e+00,1.39579830e-01,1.63113444e-02,1.36788234e+02,1.59851176e+01
1.88800000e+00,-3.67287056e-02,1.58912771e-01,2.98970311e-02,-3.92790222e-02,0.00000000e+00,0.00000000e+00,1.37845219e-01,1.59725890e-02,1.35088315e+02,1.56531372e+01
1.89000000e+00,-3.64098994e-02,1.59881236e-01,2.98134758e-02,-4.42200742e-02,0.00000000e+00,0.00000000e+00,1.37399935e-01,1.62645401e-02,1.34651936e+02,1.59392493e+01
1.89200000e+00,-3.60892132e-02,1.60800952e-01,2.97202790e-02,-4.89689198e-02,0.00000000e+00,0.00000000e+00,1.36370285e-01,1.62448334e-02,1.33642879e+02,1.59199367e+01
1.89400000e+00,-3.57667110e-02,1.61697545e-01,2.96176244e-02,-5.36813918e-02,0.00000000e+00,0.00000000e+00,1.35311243e-01,1.61961641e-02,1.32605018e+02,1.58722409e+01
1.89600000e+00,-3.54424425e-02,1.62564942e-01,2.95055925e-02,-5.83352335e-02,0.00000000e+00,0.00000000e+00,1.34409006e-01,1.62097588e-02,1.31720826e+02,1.58855636e+01
1.89800000e+00,-3.51164703e-02,1.63403680e-01,2.93843450e-02,-6.28967510e-02,0.00000000e+00,0.00000000e+00,1.33323366e-01,1.62186103e-02,1.30656898e+02,1.58942381e+01
1.90000000e+00,-3.47888455e-02,1.64215879e-01,2.92540669e-02,-6.73662251e-02,0.00000000e+00,0.00000000e+00,1.32358012e-01,1.62186769e-02,1.29710852e+02,1.58943034e+01
1.90200000e+00,-3.44596190e-02,1.65009760e-01,2.91148992e-02,-7.18070603e-02,0.00000000e+00,0.00000000e+00,1.31067076e-01,1.60817226e-02,1.28445735e+02,1.57600881e+01
1.90400000e+00,-3.41288420e-02,1.65750234e-01,2.89669863e-02,-7.60263627e-02,0.00000000e+00,0.00000000e+00,1.30908857e-01,1.64741250e-02,1.28290680e+02,1.61446425e+01
1.90600000e+00,-3.37966546e-02,1.66436037e-01,2.88109291e-02,-8.00426184e-02,0.00000000e+00,0.00000000e+00,1.29635664e-01,1.62866136e-02,1.27042951e+02,1.59608814e+01
1.90800000e+00,-3.34630996e-02,1.67119184e-01,2.86467918e-02,-8.40949566e-02,0.00000000e+00,0.00000000e+00,1.28250825e-01,1.61655597e-02,1.25685809e+02,1.58422485e+01
1.91000000e+00,-3.31281952e-02,1.67776264e-01,2.84746291e-02,-8.80275262e-02,0.00000000e+00,0.00000000e+00,1.27513591e-01,1.62936829e-02,1.24963320e+02,1.59678093e+01
1.91200000e+00,-3.27920226e-02,1.68391398e-01,2.82947994e-02,-9.17836119e-02,0.00000000e+00,0.00000000e+00,1.26489240e-01,1.62806407e-02,1.23959455e+02,1.59550279e+01
1.91400000e+00,-3.24546507e-02,1.68974880e-01,2.81075720e-02,-9.54236905e-02,0.00000000e+00,0.00000000e+00,1.25501557e-01,1.62712085e-02,1.22991526e+02,1.59457844e+01
1.91600000e+00,-3.21161453e-02,1.69525030e-01,2.79131839e-02,-9.89447732e-02,0.00000000e+00,0.00000000e+00,1.24507085e-01,1.62541608e-02,1.22016944e+02,1.59290776e+01
1.91800000e+00,-3.17765723e-02,1.70042548e-01,2.77118801e-02,-1.02335189e-01,0.00000000e+00,0.00000000e+00,1.23494199e-01,1.62592957e-02,1.21024316e+02,1.59341098e+01
1.92000000e+00,-3.14359979e-02,1.70525828e-01,2.75039404e-02,-1.05579850e-01,0.00000000e+00,0.00000000e+00,1.22528920e-01,1.62643779e-02,1.20078342e+02,1.59390904e+01
1.92200000e+00,-3.10944972e-02,1.70966903e-01,2.72896820e-02,-1.08642574e-01,0.00000000e+00,0.00000000e+00,1.21694510e-01,1.63363627e-02,1.19260620e+02,1.60096354e+01
1.92400000e+00,-3.07521889e-02,1.71320050e-01,2.70695410e-02,-1.11448968e-01,0.00000000e+00,0.00000000e+00,1.21790715e-01,1.64890937e-02,1.19354901e+02,1.61593119e+01
1.92600000e+00,-3.04092605e-02,1.71607892e-01,2.68439753e-02,-1.14121597e-01,0.00000000e+00,0.00000000e+00,1.20422291e-01,1.62959879e-02,1.18013845e+02,1.59700681e+01
1.92800000e+00,-3.00657785e-02,1.71863974e-01,2.66131162e-02,-1.16701892e-01,0.00000000e+00,0.00000000e+00,1.19730017e-01,1.63541712e-02,1.17335417e+02,1.60270878e+01
1.93000000e+00,-2.97218408e-02,1.72065757e-01,2.63773019e-02,-1.19080966e-01,0.00000000e+00,0.00000000e+00,1.18884305e-01,1.63824582e-02,1.16506619e+02,1.60548090e+01
1.93200000e+00,-2.93775491e-02,1.72217067e-01,2.61369071e-02,-1.21287769e-01,0.00000000e+00,0.00000000e+00,1.18099548e-01,1.63732580e-02,1.15737557e+02,1.60457929e+01
1.93400000e+00,-2.90330031e-02,1.72322629e-01,2.58922543e-02,-1.23339311e-01,0.00000000e+00,0.00000000e+00,1.17141153e-01,1.63596955e-02,1.14798330e+02,1.60325016e+01
1.93600000e+00,-2.86882887e-02,1.72383086e-01,2.56436554e-02,-1.25232561e-01,0.00000000e+00,0.00000000e+00,1.16339823e-01,1.63511567e-02,1.14013026e+02,1.60241335e+01
1.93800000e+00,-2.83435039e-02,1.72393714e-01,2.53914375e-02,-1.26955620e-01,0.00000000e+00,0.00000000e+00,1.15491017e-01,1.63573281e-02,1.13181197e+02,1.60301815e+01
1.94000000e+00,-2.79987457e-02,1.72356532e-01,2.51359456e-02,-1.28509777e-01,0.00000000e+00,0.00000000e+00,1.14642572e-01,1.63413417e-02,1.12349721e+02,1.60145149e+01
1.94200000e+00,-2.76541210e-02,1.72254584e-01,2.48775877e-02,-1.29780084e-01,0.00000000e+00,0.00000000e+00,1.14190774e-01,1.65845919e-02,1.11906958e+02,1.62529001e+01
1.94400000e+00,-2.73098037e-02,1.72038183e-01,2.46169884e-02,-1.30805611e-01,0.00000000e+00,0.00000000e+00,1.14505519e-01,1.64832744e-02,1.12215409e+02,1.61536089e+01
1.94600000e+00,-2.69660243e-02,1.71737777e-01,2.43543964e-02,-1.31784404e-01,0.00000000e+00,0.00000000e+00,1.13346168e-01,1.63079569e-02,1.11079244e+02,1.59817978e+01
1.94800000e+00,-2.66228986e-02,1.71368299e-01,2.40900104e-02,-1.32523823e-01,0.00000000e+00,0.00000000e+00,1.13317083e-01,1.66083570e-02,1.11050742e+02,1.62761898e+01
1.95000000e+00,-2.62806083e-02,1.70912935e-01,2.38244927e-02,-1.32975902e-01,0.00000000e+00,0.00000000e+00,1.12557069e-01,1.65319683e-02,1.10305928e+02,1.62013289e+01
1.95200000e+00,-2.59392858e-02,1.70399267e-01,2.35581892e-02,-1.33304436e-01,0.00000000e+00,0.00000000e+00,1.11891144e-01,1.64873861e-02,1.09653321e+02,1.61576384e+01
1.95400000e+00,-2.55990504e-02,1.69826872e-01,2.32913809e-02,-1.33473983e-01,0.00000000e+00,0.00000000e+00,1.11149617e-01,1.64846108e-02,1.08926624e+02,1.61549185e+01
1.95600000e+00,-2.52600208e-02,1.69190692e-01,2.30244166e-02,-1.33458533e-01,0.00000000e+00,0.00000000e+00,1.10611512e-01,1.64943222e-02,1.08399282e+02,1.61644357e+01
1.95800000e+00,-2.49223337e-02,1.68485360e-01,2.27576707e-02,-1.33257211e-01,0.00000000e+00,0.00000000e+00,1.10006052e-01,1.64936217e-02,1.07805931e+02,1.61637493e+01
1.96000000e+00,-2.45861220e-02,1.67716012e-01,2.24915037e-02,-1.32881943e-01,0.00000000e+00,0.00000000e+00,1.09359700e-01,1.64790553e-02,1.07172506e+02,1.61494742e+01
1.96200000e+00,-2.42515264e-02,1.66861639e-01,2.22263484e-02,-1.32198578e-01,0.00000000e+00,0.00000000e+00,1.09258066e-01,1.67612757e-02,1.07072904e+02,1.64260502e+01
1.96400000e+00,-2.39187651e-02,1.65872921e-01,2.19628228e-02,-1.31345191e-01,0.00000000e+00,0.00000000e+00,1.09778636e-01,1.64591086e-02,1.07583064e+02,1.61299264e+01
1.96600000e+00,-2.35881074e-02,1.64775095e-01,2.17009660e-02,-1.30494302e-01,0.00000000e+00,0.00000000e+00,1.09103942e-01,1.63816138e-02,1.06921863e+02,1.60539815e+01
1.96800000e+00,-2.32597404e-02,1.63563628e-01,2.14410873e-02,-1.29280850e-01,0.00000000e+00,0.00000000e+00,1.09748742e-01,1.68484208e-02,1.07553767e+02,1.65114524e+01
1.97000000e+00,-2.29339278e-02,1.62239886e-01,2.11840586e-02,-1.27743425e-01,0.00000000e+00,0.00000000e+00,1.09062460e-01,1.66938224e-02,1.06881211e+02,1.63599459e+01
1.97200000e+00,-2.26108220e-02,1.60854477e-01,2.09301599e-02,-1.26136653e-01,0.00000000e+00,0.00000000e+00,1.08546534e-01,1.66306197e-02,1.06375603e+02,1.62980073e+01
1.97400000e+00,-2.22905623e-02,1.59390466e-01,2.06796083e-02,-1.24385461e-01,0.00000000e+00,0.00000000e+00,1.08278890e-01,1.66383267e-02,1.06113313e+02,1.63055602e+01
1.97600000e+00,-2.19733182e-02,1.57839380e-01,2.04327427e-02,-1.22447264e-01,0.00000000e+00,0.00000000e+00,1.07985226e-01,1.66697003e-02,1.05825522e+02,1.63363063e+01
1.97800000e+00,-2.16592598e-02,1.56205737e-01,2.01899385e-02,-1.20330071e-01,0.00000000e+00,0.00000000e+00,1.07637667e-01,1.66663247e-02,1.05484914e+02,1.63329982e+01
1.98000000e+00,-2.13485496e-02,1.54490646e-01,1.99515369e-02,-1.18041164e-01,0.00000000e+00,0.00000000e+00,1.07345105e-01,1.66886330e-02,1.05198203e+02,1.63548603e+01
1.98200000e+00,-2.10413608e-02,1.52680156e-01,1.97179382e-02,-1.15505773e-01,0.00000000e+00,0.00000000e+00,1.07351895e-01,1.68489678e-02,1.05204858e+02,1.65119884e+01
1.98400000e+00,-2.07379190e-02,1.50734627e-01,1.94895216e-02,-1.12958666e-01,0.00000000e+00,0.00000000e+00,1.08015721e-01,1.63858552e-02,1.05855407e+02,1.60581381e+01
1.98600000e+00,-2.04385174e-02,1.48646507e-01,1.92661236e-02,-1.10381455e-01,0.00000000e+00,0.00000000e+00,1.08231324e-01,1.65919891e-02,1.06066697e+02,1.62601494e+01
1.98800000e+00,-2.01434399e-02,1.46397876e-01,1.90483290e-02,-1.07304451e-01,0.00000000e+00,0.00000000e+00,1.09348608e-01,1.71225748e-02,1.07161635e+02,1.67801234e+01
1.99000000e+00,-1.98530079e-02,1.44026278e-01,1.88370775e-02,-1.03969917e-01,0.00000000e+00,0.00000000e+00,1.08724201e-01,1.68293859e-02,1.06549717e+02,1.64927982e+01
1.99200000e+00,-1.95673791e-02,1.41588217e-01,1.86324353e-02,-1.00656566e-01,0.00000000e+00,0.00000000e+00,1.08560119e-01,1.67844198e-02,1.06388917e+02,1.64487314e+01
1.99400000e+00,-1.92867172e-02,1.39056778e-01,1.84345419e-02,-9.72073328e-02,0.00000000e+00,0.00000000e+00,1.08604823e-01,1.68305028e-02,1.06432726e+02,1.64938927e+01
1.99600000e+00,-1.90112174e-02,1.36427263e-01,1.82437112e-02,-9.36002471e-02,0.00000000e+00,0.00000000e+00,1.08592250e-01,1.68416739e-02,1.06420405e+02,1.65048405e+01
1.99800000e+00,-1.87410704e-02,1.33704377e-01,1.80602268e-02,-8.98643162e-02,0.00000000e+00,0.00000000e+00,1.08570325e-01,1.68373118e-02,1.06398919e+02,1.65005656e+01
2.00000000e+00,-1.84764607e-02,1.30890352e-01,1.78843338e-02,-8.60085310e-02,0.00000000e+00,0.00000000e+00,1.08550409e-01,1.68404070e-02,1.06379401e+02,1.65035989e+01
2.00200000e+00,-1.82175714e-02,1.27982714e-01,1.77162730e-02,-8.20321859e-02,0.00000000e+00,0.00000000e+00,1.08632633e-01,1.68486657e-02,1.06459981e+02,1.65116924e+01
2.00400000e+00,-1.79646131e-02,1.24950211e-01,1.75561029e-02,-7.82090709e-02,0.00000000e+00,0.00000000e+00,1.09390933e-01,1.62883726e-02,1.07203114e+02,1.59626051e+01
2.00600000e+00,-1.77178821e-02,1.21750472e-01,1.74034807e-02,-7.43200035e-02,0.00000000e+00,0.00000000e+00,1.10513443e-01,1.67675191e-02,1.08303175e+02,1.64321687e+01
2.00800000e+00,-1.74777394e-02,1.18358337e-01,1.72592136e-02,-6.98449413e-02,0.00000000e+00,0.00000000e+00,1.11912635e-01,1.73104955e-02,1.09674382e+02,1.69642856e+01
2.01000000e+00,-1.72445297e-02,1.14844781e-01,1.71242244e-02,-6.51847685e-02,0.00000000e+00,0.00000000e+00,1.11432671e-01,1.69613063e-02,1.09204017e+02,1.66220802e+01
2.01200000e+00,-1.70184050e-02,1.11264207e-01,1.69984115e-02,-6.06190820e-02,0.00000000e+00,0.00000000e+00,1.11618216e-01,1.69305761e-02,1.09385851e+02,1.65919646e+01
2.01400000e+00,-1.67995400e-02,1.07582895e-01,1.68818060e-02,-5.59665786e-02,0.00000000e+00,0.00000000e+00,1.11985025e-01,1.69750647e-02,1.09745325e+02,1.66355634e+01
2.01600000e+00,-1.65881431e-02,1.03797101e-01,1.67746202e-02,-5.12016338e-02,0.00000000e+00,0.00000000e+00,1.12318642e-01,1.70115308e-02,1.10072269e+02,1.66713002e+01
2.01800000e+00,-1.63844178e-02,9.99121149e-02,1.66770555e-02,-4.63525097e-02,0.00000000e+00,0.00000000e+00,1.12623996e-01,1.70104039e-02,1.10371516e+02,1.66701959e+01
2.02000000e+00,-1.61885573e-02,9.59331931e-02,1.65892509e-02,-4.14422571e-02,0.00000000e+00,0.00000000e+00,1.12898640e-01,1.70124043e-02,1.10640667e+02,1.66721562e+01
2.02200000e+00,-1.60007450e-02,9.18642069e-02,1.65113209e-02,-3.64803829e-02,0.00000000e+00,0.00000000e+00,1.13178853e-01,1.70054069e-02,1.10915276e+02,1.66652988e+01
2.02400000e+00,-1.58211615e-02,8.77035718e-02,1.64430992e-02,-3.18637527e-02,0.00000000e+00,0.00000000e+00,1.13557327e-01,1.61883427e-02,1.11286181e+02,1.58645758e+01
2.02600000e+00,-1.56500407e-02,8.33780859e-02,1.63838755e-02,-2.72327809e-02,0.00000000e+00,0.00000000e+00,1.15616578e-01,1.69490666e-02,1.13304246e+02,1.66100853e+01
2.02800000e+00,-1.54877898e-02,7.88416680e-02,1.63346001e-02,-2.19537502e-02,0.00000000e+00,0.00000000e+00,1.17143362e-01,1.74761074e-02,1.14800495e+02,1.71265852e+01
2.03000000e+00,-1.53347424e-02,7.42026984e-02,1.62961047e-02,-1.66084332e-02,0.00000000e+00,0.00000000e+00,1.16744651e-01,1.70309991e-02,1.14409758e+02,1.66903792e+01
2.03200000e+00,-1.51910147e-02,6.95101588e-02,1.62680356e-02,-1.14593361e-02,0.00000000e+00,0.00000000e+00,1.17202771e-01,1.70220416e-02,1.14858715e+02,1.66816007e+01
2.03400000e+00,-1.50567655e-02,6.47219156e-02,1.62502977e-02,-6.26473062e-03,0.00000000e+00,0.00000000e+00,1.17865604e-01,1.70990669e-02,1.15508292e+02,1.67570855e+01
2.03600000e+00,-1.49321934e-02,5.98341725e-02,1.62430183e-02,-1.00759442e-03,0.00000000e+00,0.00000000e+00,1.18491022e-01,1.71407517e-02,1.16121201e+02,1.67979367e+01
2.03800000e+00,-1.48174897e-02,5.48551812e-02,1.62462779e-02,4.26547561e-03,0.00000000e+00,0.00000000e+00,1.19041210e-01,1.71350156e-02,1.16660385e+02,1.67923153e+01
2.04000000e+00,-1.47128289e-02,4.97917982e-02,1.62600736e-02,9.52860489e-03,0.00000000e+00,0.00000000e+00,1.19588049e-01,1.71374453e-02,1.17196288e+02,1.67946964e+01
2.04200000e+00,-1.46183765e-02,4.46473212e-02,1.62843859e-02,1.47820119e-02,0.00000000e+00,0.00000000e+00,1.20144178e-01,1.71471954e-02,1.17741294e+02,1.68042515e+01
2.04400000e+00,-1.45342693e-02,3.94583702e-02,1.63188603e-02,1.95234292e-02,0.00000000e+00,0.00000000e+00,1.19919525e-01,1.61100231e-02,1.17521135e+02,1.57878226e+01
2.04600000e+00,-1.44606316e-02,3.41365730e-02,1.63624369e-02,2.42007714e-02,0.00000000e+00,0.00000000e+00,1.22625769e-01,1.70731050e-02,1.20173254e+02,1.67316429e+01
2.04800000e+00,-1.43978643e-02,2.86028494e-02,1.64161024e-02,2.95365598e-02,0.00000000e+00,0.00000000e+00,1.24336825e-01,1.75666194e-02,1.21850089e+02,1.72152870e+01
2.05000000e+00,-1.43462727e-02,2.29904156e-02,1.64805485e-02,3.48204422e-02,0.00000000e+00,0.00000000e+00,1.24020946e-01,1.70540267e-02,1.21540527e+02,1.67129461e+01
2.05200000e+00,-1.43059255e-02,1.73437817e-02,1.65552008e-02,3.98293667e-02,0.00000000e+00,0.00000000e+00,1.24783631e-01,1.70940832e-02,1.22287958e+02,1.67522016e+01
2.05400000e+00,-1.42769514e-02,1.16164315e-02,1.66398636e-02,4.48346995e-02,0.00000000e+00,0.00000000e+00,1.25647229e-01,1.71653921e-02,1.23134285e+02,1.68220843e+01
2.05600000e+00,-1.42595116e-02,5.81129225e-03,1.67345360e-02,4.98345183e-02,0.00000000e+00,0.00000000e+00,1.26435343e-01,1.72157133e-02,1.23906636e+02,1.68713991e+01
2.05800000e+00,-1.42537510e-02,-6.09294602e-05,1.68391698e-02,5.47865919e-02,0.00000000e+00,0.00000000e+00,1.27143817e-01,1.72126254e-02,1.24600941e+02,1.68683729e+01
2.06000000e+00,-1.42597965e-02,-5.99495261e-03,1.69536337e-02,5.96657296e-02,0.00000000e+00,0.00000000e+00,1.27904652e-01,1.72241444e-02,1.25346559e+02,1.68796615e+01
2.06200000e+00,-1.42777703e-02,-1.19881941e-02,1.70777839e-02,6.44716198e-02,0.00000000e+00,0.00000000e+00,1.28649894e-01,1.72342694e-02,1.26076896e+02,1.68895840e+01
2.06400000e+00,-1.43077458e-02,-1.79761555e-02,1.72111028e-02,6.86515055e-02,0.00000000e+00,0.00000000e+00,1.28001481e-01,1.60988298e-02,1.25441451e+02,1.57768532e+01
2.06600000e+00,-1.43497291e-02,-2.40455148e-02,1.73522923e-02,7.26849344e-02,0.00000000e+00,0.00000000e+00,1.30870052e-01,1.71269692e-02,1.28252651e+02,1.67844298e+01
2.06800000e+00,-1.44040476e-02,-3.02944954e-02,1.75022477e-02,7.73260404e-02,0.00000000e+00,0.00000000e+00,1.32616751e-01,1.75866954e-02,1.29964416e+02,1.72349615e+01
2.07000000e+00,-1.44709351e-02,-3.65854562e-02,1.76615018e-02,8.18251620e-02,0.00000000e+00,0.00000000e+00,1.32371332e-01,1.70545710e-02,1.29723905e+02,1.67134796e+01
2.07200000e+00,-1.45503912e-02,-4.28791037e-02,1.78293317e-02,8.59993547e-02,0.00000000e+00,0.00000000e+00,1.33302497e-01,1.71427203e-02,1.30636447e+02,1.67998659e+01
2.07400000e+00,-1.46424836e-02,-4.92208343e-02,1.80054675e-02,9.01259999e-02,0.00000000e+00,0.00000000e+00,1.34220830e-01,1.72047028e-02,1.31536414e+02,1.68606087e+01
2.07600000e+00,-1.47473026e-02,-5.56047250e-02,1.81897852e-02,9.41769316e-02,0.00000000e+00,0.00000000e+00,1.35117301e-01,1.72454489e-02,1.32414955e+02,1.69005399e+01
2.07800000e+00,-1.48649247e-02,-6.20220105e-02,1.83821030e-02,9.81195758e-02,0.00000000e+00,0.00000000e+00,1.35935182e-01,1.72505291e-02,1.33216479e+02,1.69055185e+01
2.08000000e+00,-1.49954082e-02,-6.84655138e-02,1.85821806e-02,1.01937822e-01,0.00000000e+00,0.00000000e+00,1.36768831e-01,1.72685966e-02,1.34033455e+02,1.69232247e+01
2.08200000e+00,-1.51388025e-02,-7.49325562e-02,1.87897701e-02,1.05629719e-01,0.00000000e+00,0.00000000e+00,1.37629414e-01,1.72803605e-02,1.34876826e+02,1.69347533e+01
2.08400000e+00,-1.52950974e-02,-8.13381740e-02,1.90042438e-02,1.08638336e-01,0.00000000e+00,0.00000000e+00,1.36583135e-01,1.61394710e-02,1.33851472e+02,1.58166816e+01
2.08600000e+00,-1.54641633e-02,-8.77559164e-02,1.92241653e-02,1.11409792e-01,0.00000000e+00,0.00000000e+00,1.39266781e-01,1.70956533e-02,1.36481446e+02,1.67537403e+01
2.08800000e+00,-1.56462056e-02,-9.43003380e-02,1.94502254e-02,1.14694748e-01,0.00000000e+00,0.00000000e+00,1.41002698e-01,1.75389291e-02,1.38182644e+02,1.71881505e+01
2.09000000e+00,-1.58413638e-02,-1.00843586e-01,1.96828195e-02,1.17792469e-01,0.00000000e+00,0.00000000e+00,1.40805729e-01,1.70336146e-02,1.37989614e+02,1.66929423e+01
2.09200000e+00,-1.60495536e-02,-1.07347433e-01,1.99211533e-02,1.20527287e-01,0.00000000e+00,0.00000000e+00,1.41754953e-01,1.71165527e-02,1.38919854e+02,1.67742217e+01
2.09400000e+00,-1.62707564e-02,-1.13855488e-01,2.01648668e-02,1.23169405e-01,0.00000000e+00,0.00000000e+00,1.42683239e-01,1.71861118e-02,1.39829574e+02,1.68423896e+01
2.09600000e+00,-1.65049726e-02,-1.20359081e-01,2.04137512e-02,1.25691901e-01,0.00000000e+00,0.00000000e+00,1.43536111e-01,1.72199753e-02,1.40665388e+02,1.68755758e+01
2.09800000e+00,-1.67521837e-02,-1.26849143e-01,2.06675326e-02,1.28061665e-01,0.00000000e+00,0.00000000e+00,1.44358590e-01,1.72270966e-02,1.41471419e+02,1.68825546e+01
2.10000000e+00,-1.70123566e-02,-1.33320271e-01,2.09258899e-02,1.30269584e-01,0.00000000e+00,0.00000000e+00,1.45191109e-01,1.72484297e-02,1.42287287e+02,1.69034611e+01
2.10200000e+00,-1.72854497e-02,-1.39768811e-01,2.11885022e-02,1.32314479e-01,0.00000000e+00,0.00000000e+00,1.46033774e-01,1.72592252e-02,1.43113098e+02,1.69140406e+01
2.10400000e+00,-1.75713521e-02,-1.46097868e-01,2.14547013e-02,1.33689704e-01,0.00000000e+00,0.00000000e+00,1.44707033e-01,1.62224322e-02,1.41812892e+02,1.58979835e+01
2.10600000e+00,-1.78697990e-02,-1.52363629e-01,2.17230628e-02,1.34767590e-01,0.00000000e+00,0.00000000e+00,1.46965476e-01,1.70180850e-02,1.44026166e+02,1.66777233e+01
2.10800000e+00,-1.81808457e-02,-1.58687869e-01,2.19940327e-02,1.36237023e-01,0.00000000e+00,0.00000000e+00,1.48586914e-01,1.74308045e-02,1.45615176e+02,1.70821884e+01
2.11000000e+00,-1.85045175e-02,-1.64962641e-01,2.22678714e-02,1.37497306e-01,0.00000000e+00,0.00000000e+00,1.48426051e-01,1.69697182e-02,1.45457530e+02,1.66303238e+01
2.11200000e+00,-1.88406391e-02,-1.71151724e-01,2.25437806e-02,1.38395564e-01,0.00000000e+00,0.00000000e+00,1.49303146e-01,1.70646991e-02,1.46317083e+02,1.67234051e+01
2.11400000e+00,-1.91890914e-02,-1.77291278e-01,2.28213751e-02,1.39175906e-01,0.00000000e+00,0.00000000e+00,1.50088118e-01,1.71184444e-02,1.47086355e+02,1.67760755e+01
2.11600000e+00,-1.95497643e-02,-1.83370969e-01,2.31003820e-02,1.39802941e-01,0.00000000e+00,0.00000000e+00,1.50823705e-01,1.71412241e-02,1.47807231e+02,1.67983996e+01
2.11800000e+00,-1.99225314e-02,-1.89384848e-01,2.33804688e-02,1.40252889e-01,0.00000000e+00,0.00000000e+00,1.51568653e-01,1.71466654e-02,1.48537280e+02,1.68037321e+01
2.12000000e+00,-2.03072566e-02,-1.95328052e-01,2.36612745e-02,1.40524339e-01,0.00000000e+00,0.00000000e+00,1.52288555e-01,1.71675859e-02,1.49242784e+02,1.68242342e+01
2.12200000e+00,-2.07037929e-02,-2.01195302e-01,2.39424487e-02,1.40619677e-01,0.00000000e+00,0.00000000e+00,1.53006810e-01,1.71786299e-02,1.49946674e+02,1.68350573e+01
2.12400000e+00,-2.11119245e-02,-2.06892683e-01,2.42233623e-02,1.40128691e-01,0.00000000e+00,0.00000000e+00,1.51627451e-01,1.63383318e-02,1.48594902e+02,1.60115652e+01
2.12600000e+00,-2.15312693e-02,-2.12448512e-01,2.45027435e-02,1.39307709e-01,0.00000000e+00,0.00000000e+00,1.53099620e-01,1.68854384e-02,1.50037627e+02,1.65477296e+01
2.12800000e+00,-2.19617017e-02,-2.17979014e-01,2.47807641e-02,1.38743093e-01,0.00000000e+00,0.00000000e+00,1.54526795e-01,1.72738612e-02,1.51436259e+02,1.69283840e+01
2.13000000e+00,-2.24031190e-02,-2.23410040e-01,2.50575910e-02,1.37991320e-01,0.00000000e+00,0.00000000e+00,1.54356240e-01,1.68883331e-02,1.51269116e+02,1.65505665e+01
2.13200000e+00,-2.28552521e-02,-2.28706480e-01,2.53325091e-02,1.36909251e-01,0.00000000e+00,0.00000000e+00,1.55051070e-01,1.69737427e-02,1.51950049e+02,1.66342678e+01
2.13400000e+00,-2.33178749e-02,-2.33897793e-01,2.56051450e-02,1.35702594e-01,0.00000000e+00,0.00000000e+00,1.55654947e-01,1.70167843e-02,1.52541848e+02,1.66764486e+01
2.13600000e+00,-2.37907661e-02,-2.38973362e-01,2.58752151e-02,1.34339314e-01,0.00000000e+00,0.00000000e+00,1.56185974e-01,1.70313508e-02,1.53062254e+02,1.66907238e+01
2.13800000e+00,-2.42736869e-02,-2.43926872e-01,2.61423871e-02,1.32803301e-01,0.00000000e+00,0.00000000e+00,1.56724675e-01,1.70365076e-02,1.53590181e+02,1.66957775e+01
2.14000000e+00,-2.47663910e-02,-2.48756552e-01,2.64063160e-02,1.31098844e-01,0.00000000e+00,0.00000000e+00,1.57294670e-01,1.70555136e-02,1.54148777e+02,1.67144033e+01
2.14200000e+00,-2.52686274e-02,-2.53457565e-01,2.66666734e-02,1.29230848e-01,0.00000000e+00,0.00000000e+00,1.57798667e-01,1.70659261e-02,1.54642693e+02,1.67246076e+01
2.14400000e+00,-2.57800781e-02,-2.57943728e-01,2.69229181e-02,1.26880951e-01,0.00000000e+00,0.00000000e+00,1.56430798e-01,1.64109740e-02,1.53302182e+02,1.60827545e+01
2.14600000e+00,-2.63002696e-02,-2.62230894e-01,2.71739985e-02,1.24233011e-01,0.00000000e+00,0.00000000e+00,1.57377531e-01,1.68001125e-02,1.54229980e+02,1.64641102e+01
2.14800000e+00,-2.68289343e-02,-2.66417055e-01,2.74199528e-02,1.21739134e-01,0.00000000e+00,0.00000000e+00,1.58369050e-01,1.70867420e-02,1.55201669e+02,1.67450072e+01
2.15000000e+00,-2.73658355e-02,-2.70449705e-01,2.76608456e-02,1.19081180e-01,0.00000000e+00,0.00000000e+00,1.58156661e-01,1.68009026e-02,1.54993527e+02,1.64648845e+01
2.15200000e+00,-2.79106119e-02,-2.74300554e-01,2.78960989e-02,1.16155361e-01,0.00000000e+00,0.00000000e+00,1.58552157e-01,1.68617559e-02,1.55381114e+02,1.65245208e+01
2.15400000e+00,-2.84629315e-02,-2.77992161e-01,2.81253930e-02,1.13118498e-01,0.00000000e+00,0.00000000e+00,1.58929163e-01,1.68966172e-02,1.55750579e+02,1.65586848e+01
2.15600000e+00,-2.90224705e-02,-2.81518755e-01,2.83484853e-02,1.09950195e-01,0.00000000e+00,0.00000000e+00,1.59249385e-01,1.69058486e-02,1.56064397e+02,1.65677316e+01
2.15800000e+00,-2.95888924e-02,-2.84874198e-01,2.85651008e-02,1.06642450e-01,0.00000000e+00,0.00000000e+00,1.59539862e-01,1.69147186e-02,1.56349065e+02,1.65764242e+01
2.16000000e+00,-3.01618514e-02,-2.88055743e-01,2.87749675e-02,1.03203262e-01,0.00000000e+00,0.00000000e+00,1.59849990e-01,1.69311556e-02,1.56652990e+02,1.65925325e+01
2.16200000e+00,-3.07409981e-02,-2.91061329e-01,2.89778294e-02,9.96373049e-02,0.00000000e+00,0.00000000e+00,1.60143462e-01,1.69398796e-02,1.56940593e+02,1.66010820e+01
2.16400000e+00,-3.13259282e-02,-2.93814104e-01,2.91732778e-02,9.57131368e-02,0.00000000e+00,0.00000000e+00,1.58705990e-01,1.64600435e-02,1.55531870e+02,1.61308427e+01
2.16600000e+00,-3.19160940e-02,-2.96326129e-01,2.93605356e-02,9.15695169e-02,0.00000000e+00,0.00000000e+00,1.59325075e-01,1.67484625e-02,1.56138574e+02,1.64134933e+01
2.16800000e+00,-3.25111210e-02,-2.98670719e-01,2.95396071e-02,8.75026776e-02,0.00000000e+00,0.00000000e+00,1.59641136e-01,1.68786829e-02,1.56448314e+02,1.65411093e+01
2.17000000e+00,-3.31106392e-02,-3.00808751e-01,2.97104562e-02,8.33006676e-02,0.00000000e+00,0.00000000e+00,1.59383508e-01,1.67105054e-02,1.56195838e+02,1.63762953e+01
2.17200000e+00,-3.37142132e-02,-3.02732536e-01,2.98726968e-02,7.89292437e-02,0.00000000e+00,0.00000000e+00,1.59553911e-01,1.67566353e-02,1.56362833e+02,1.64215026e+01
2.17400000e+00,-3.43214349e-02,-3.04454791e-01,3.00261212e-02,7.44798623e-02,0.00000000e+00,0.00000000e+00,1.59624046e-01,1.67678599e-02,1.56431565e+02,1.64325027e+01
2.17600000e+00,-3.49318942e-02,-3.05969849e-01,3.01705572e-02,6.99419541e-02,0.00000000e+00,0.00000000e+00,1.59689251e-01,1.67790010e-02,1.56495466e+02,1.64434210e+01
2.17800000e+00,-3.55451760e-02,-3.07277446e-01,3.03058339e-02,6.53213462e-02,0.00000000e+00,0.00000000e+00,1.59777143e-01,1.67894061e-02,1.56581600e+02,1.64536180e+01
2.18000000e+00,-3.61608648e-02,-3.08376189e-01,3.04317849e-02,6.06140948e-02,0.00000000e+00,0.00000000e+00,1.59830314e-01,1.67789811e-02,1.56633708e+02,1.64434014e+01
2.18200000e+00,-3.67785394e-02,-3.09262834e-01,3.05482372e-02,5.58273068e-02,0.00000000e+00,0.00000000e+00,1.59859420e-01,1.67907685e-02,1.56662232e+02,1.64549531e+01
2.18400000e+00,-3.73977253e-02,-3.09863245e-01,3.06549407e-02,5.08104114e-02,0.00000000e+00,0.00000000e+00,1.58193680e-01,1.64504398e-02,1.55029807e+02,1.61214310e+01
2.18600000e+00,-3.80178135e-02,-3.10195453e-01,3.07514193e-02,4.57042049e-02,0.00000000e+00,0.00000000e+00,1.58652706e-01,1.67432297e-02,1.55479652e+02,1.64083651e+01
2.18800000e+00,-3.86383687e-02,-3.10320168e-01,3.08377957e-02,4.06552908e-02,0.00000000e+00,0.00000000e+00,1.58410194e-01,1.66961452e-02,1.55241990e+02,1.63622223e+01
2.19000000e+00,-3.92589355e-02,-3.10206815e-01,3.09139673e-02,3.54965619e-02,0.00000000e+00,0.00000000e+00,1.58155860e-01,1.66236426e-02,1.54992743e+02,1.62911697e+01
2.19200000e+00,-3.98790399e-02,-3.09859354e-01,3.09797350e-02,3.02674041e-02,0.00000000e+00,0.00000000e+00,1.58003021e-01,1.66444015e-02,1.54842961e+02,1.63115135e+01
2.19400000e+00,-4.04982210e-02,-3.09284101e-01,3.10350281e-02,2.50250468e-02,0.00000000e+00,0.00000000e+00,1.57889710e-01,1.66770664e-02,1.54731916e+02,1.63435251e+01
2.19600000e+00,-4.11160247e-02,-3.08481365e-01,3.10798207e-02,1.97610257e-02,0.00000000e+00,0.00000000e+00,1.57733766e-01,1.66650644e-02,1.54579091e+02,1.63317632e+01
2.19800000e+00,-4.17319923e-02,-3.07447318e-01,3.11140531e-02,1.44683746e-02,0.00000000e+00,0.00000000e+00,1.57516970e-01,1.66680346e-02,1.54366631e+02,1.63346739e+01
2.20000000e+00,-4.23456587e-02,-3.06180411e-01,3.11376847e-02,9.16143542e-03,0.00000000e+00,0.00000000e+00,1.57306962e-01,1.66709985e-02,1.54160823e+02,1.63375785e+01
2.20200000e+00,-4.29565601e-02,-3.04682842e-01,3.11506941e-02,3.84742105e-03,0.00000000e+00,0.00000000e+00,1.57119924e-01,1.66739375e-02,1.53977525e+02,1.63404587e+01
2.20400000e+00,-4.35641948e-02,-3.02892358e-01,3.11530032e-02,-1.57332367e-03,0.00000000e+00,0.00000000e+00,1.55429651e-01,1.64524683e-02,1.52321058e+02,1.61234189e+01
2.20600000e+00,-4.41679529e-02,-3.00836826e-01,3.11444232e-02,-6.96047007e-03,0.00000000e+00,0.00000000e+00,1.55863371e-01,1.67344210e-02,1.52746104e+02,1.63997325e+01
2.20800000e+00,-4.47673894e-02,-2.98552271e-01,3.11251835e-02,-1.23142783e-02,0.00000000e+00,0.00000000e+00,1.54980481e-01,1.64971307e-02,1.51880871e+02,1.61671881e+01
2.21000000e+00,-4.53619929e-02,-2.96014236e-01,3.10951243e-02,-1.77308431e-02,0.00000000e+00,0.00000000e+00,1.54804331e-01,1.65619697e-02,1.51708245e+02,1.62307303e+01
2.21200000e+00,-4.59512936e-02,-2.93247123e-01,3.10543041e-02,-2.30815560e-02,0.00000000e+00,0.00000000e+00,1.54449312e-01,1.65792264e-02,1.51360326e+02,1.62476418e+01
2.21400000e+00,-4.65348239e-02,-2.90243745e-01,3.10028277e-02,-2.83878595e-02,0.00000000e+00,0.00000000e+00,1.54059024e-01,1.65838163e-02,1.50977843e+02,1.62521399e+01
2.21600000e+00,-4.71121146e-02,-2.87009475e-01,3.09407835e-02,-3.36479354e-02,0.00000000e+00,0.00000000e+00,1.53779607e-01,1.65897739e-02,1.50704015e+02,1.62579784e+01
2.21800000e+00,-4.76827075e-02,-2.83543804e-01,3.08682730e-02,-3.88524487e-02,0.00000000e+00,0.00000000e+00,1.53323704e-01,1.65989842e-02,1.50257230e+02,1.62670045e+01
2.22000000e+00,-4.82461390e-02,-2.79851823e-01,3.07854160e-02,-4.39935189e-02,0.00000000e+00,0.00000000e+00,1.53105686e-01,1.66066769e-02,1.50043573e+02,1.62745434e+01
2.22200000e+00,-4.88019665e-02,-2.75937413e-01,3.06923451e-02,-4.90652793e-02,0.00000000e+00,0.00000000e+00,1.52679307e-01,1.66135823e-02,1.49625721e+02,1.62813106e+01
2.22400000e+00,-4.93496961e-02,-2.71734246e-01,3.05891762e-02,-5.41049980e-02,0.00000000e+00,0.00000000e+00,1.50846403e-01,1.65286048e-02,1.47829475e+02,1.61980327e+01
2.22600000e+00,-4.98887430e-02,-2.67290339e-01,3.04760326e-02,-5.89834506e-02,0.00000000e+00,0.00000000e+00,1.51472269e-01,1.67924600e-02,1.48442824e+02,1.64566108e+01
2.22800000e+00,-5.04187085e-02,-2.62623035e-01,3.03532314e-02,-6.38784402e-02,0.00000000e+00,0.00000000e+00,1.49971304e-01,1.63204364e-02,1.46971878e+02,1.59940277e+01
2.23000000e+00,-5.09390671e-02,-2.57703592e-01,3.02205048e-02,-6.87945071e-02,0.00000000e+00,0.00000000e+00,1.49848221e-01,1.65606380e-02,1.46851256e+02,1.62294252e+01
2.23200000e+00,-5.14493938e-02,-2.52590523e-01,3.00782176e-02,-7.34641475e-02,0.00000000e+00,0.00000000e+00,1.49633441e-01,1.66363359e-02,1.46640772e+02,1.63036092e+01
2.23400000e+00,-5.19492893e-02,-2.47267685e-01,2.99267188e-02,-7.80279492e-02,0.00000000e+00,0.00000000e+00,1.49048841e-01,1.65682323e-02,1.46067864e+02,1.62368677e+01
2.23600000e+00,-5.24383176e-02,-2.41724423e-01,2.97661544e-02,-8.25189270e-02,0.00000000e+00,0.00000000e+00,1.48497253e-01,1.65616559e-02,1.45527308e+02,1.62304228e+01
2.23800000e+00,-5.29160498e-02,-2.35975464e-01,2.95967252e-02,-8.68867333e-02,0.00000000e+00,0.00000000e+00,1.48165434e-01,1.65865200e-02,1.45202125e+02,1.62547896e+01
2.24000000e+00,-5.33820773e-02,-2.30013375e-01,2.94186940e-02,-9.11247791e-02,0.00000000e+00,0.00000000e+00,1.47345464e-01,1.65814310e-02,1.44398555e+02,1.62498024e+01
2.24200000e+00,-5.38359632e-02,-2.23841121e-01,2.92323209e-02,-9.52206720e-02,0.00000000e+00,0.00000000e+00,1.46984686e-01,1.66203350e-02,1.44044993e+02,1.62879283e+01
2.24400000e+00,-5.42772999e-02,-2.17455997e-01,2.90379901e-02,-9.90483564e-02,0.00000000e+00,0.00000000e+00,1.45999914e-01,1.68683733e-02,1.43079916e+02,1.65310058e+01
2.24600000e+00,-5.47056576e-02,-2.10876514e-01,2.88362880e-02,-1.02635313e-01,0.00000000e+00,0.00000000e+00,1.45966561e-01,1.68389492e-02,1.43047229e+02,1.65021703e+01
2.24800000e+00,-5.51206463e-02,-2.04057568e-01,2.86273171e-02,-1.06419840e-01,0.00000000e+00,0.00000000e+00,1.43819598e-01,1.61566511e-02,1.40943206e+02,1.58335181e+01
2.25000000e+00,-5.55217417e-02,-1.97019249e-01,2.84106392e-02,-1.10158542e-01,0.00000000e+00,0.00000000e+00,1.44143281e-01,1.66271649e-02,1.41260415e+02,1.62946216e+01
2.25200000e+00,-5.59086219e-02,-1.89828792e-01,2.81869224e-02,-1.13538181e-01,0.00000000e+00,0.00000000e+00,1.43451960e-01,1.65921159e-02,1.40582921e+02,1.62602736e+01
2.25400000e+00,-5.62809313e-02,-1.82450045e-01,2.79565677e-02,-1.16795981e-01,0.00000000e+00,0.00000000e+00,1.42812698e-01,1.65551663e-02,1.39956444e+02,1.62240629e+01
2.25600000e+00,-5.66383082e-02,-1.74900543e-01,2.77198319e-02,-1.19913617e-01,0.00000000e+00,0.00000000e+00,1.42409922e-01,1.65494086e-02,1.39561724e+02,1.62184204e+01
2.25800000e+00,-5.69804276e-02,-1.67192196e-01,2.74770301e-02,-1.22855943e-01,0.00000000e+00,0.00000000e+00,1.41925102e-01,1.65774966e-02,1.39086600e+02,1.62459467e+01
2.26000000e+00,-5.73069722e-02,-1.59326699e-01,2.72285313e-02,-1.25613465e-01,0.00000000e+00,0.00000000e+00,1.41435400e-01,1.65834520e-02,1.38606692e+02,1.62517829e+01
2.26200000e+00,-5.76176364e-02,-1.51314220e-01,2.69747221e-02,-1.28152159e-01,0.00000000e+00,0.00000000e+00,1.41059151e-01,1.66752855e-02,1.38237968e+02,1.63417798e+01
2.26400000e+00,-5.79121417e-02,-1.43170705e-01,2.67162675e-02,-1.30173681e-01,0.00000000e+00,0.00000000e+00,1.40810740e-01,1.73006546e-02,1.37994525e+02,1.69546415e+01
2.26600000e+00,-5.81902267e-02,-1.34888468e-01,2.64542221e-02,-1.31903173e-01,0.00000000e+00,0.00000000e+00,1.40121370e-01,1.69145989e-02,1.37318943e+02,1.65763070e+01
2.26800000e+00,-5.84515477e-02,-1.26384313e-01,2.61883870e-02,-1.34034383e-01,0.00000000e+00,0.00000000e+00,1.37792836e-01,1.60785130e-02,1.35036980e+02,1.57569427e+01
2.27000000e+00,-5.86956574e-02,-1.17720331e-01,2.59181487e-02,-1.36069375e-01,0.00000000e+00,0.00000000e+00,1.38414716e-01,1.67313891e-02,1.35646422e+02,1.63967613e+01
2.27200000e+00,-5.89223772e-02,-1.08978708e-01,2.56444263e-02,-1.37629253e-01,0.00000000e+00,0.00000000e+00,1.37864955e-01,1.66853945e-02,1.35107656e+02,1.63516866e+01
2.27400000e+00,-5.91314941e-02,-1.00119867e-01,2.53677173e-02,-1.39060830e-01,0.00000000e+00,0.00000000e+00,1.37418775e-01,1.66059845e-02,1.34670400e+02,1.62738648e+01
2.27600000e+00,-5.93227803e-02,-9.11464864e-02,2.50882921e-02,-1.40328677e-01,0.00000000e+00,0.00000000e+00,1.36786555e-01,1.66304177e-02,1.34050823e+02,1.62978093e+01
2.27800000e+00,-5.94960047e-02,-8.20602050e-02,2.48065401e-02,-1.41390287e-01,0.00000000e+00,0.00000000e+00,1.36231670e-01,1.66368222e-02,1.33507037e+02,1.63040857e+01
2.28000000e+00,-5.96509564e-02,-7.28768436e-02,2.45228659e-02,-1.42249552e-01,0.00000000e+00,0.00000000e+00,1.35820387e-01,1.66502531e-02,1.33103979e+02,1.63172481e+01
2.28200000e+00,-5.97874548e-02,-6.36075440e-02,2.42376861e-02,-1.42892428e-01,0.00000000e+00,0.00000000e+00,1.35375570e-01,1.66839022e-02,1.32668059e+02,1.63502242e+01
2.28400000e+00,-5.99053657e-02,-5.43069516e-02,2.39517540e-02,-1.42848702e-01,0.00000000e+00,0.00000000e+00,1.36089673e-01,1.76830193e-02,1.33367880e+02,1.73293589e+01
2.28600000e+00,-6.00046496e-02,-4.49568248e-02,2.36665372e-02,-1.42436206e-01,0.00000000e+00,0.00000000e+00,1.35066643e-01,1.70502988e-02,1.32365310e+02,1.67092928e+01
2.28800000e+00,-6.00850608e-02,-3.54084126e-02,2.33816056e-02,-1.42628858e-01,0.00000000e+00,0.00000000e+00,1.32151475e-01,1.60057946e-02,1.29508446e+02,1.56856787e+01
2.29000000e+00,-6.01462228e-02,-2.57692580e-02,2.30960888e-02,-1.42720993e-01,0.00000000e+00,0.00000000e+00,1.33484922e-01,1.68535084e-02,1.30815223e+02,1.65164383e+01
2.29200000e+00,-6.01881537e-02,-1.61537944e-02,2.28110986e-02,-1.42247765e-01,0.00000000e+00,0.00000000e+00,1.33086578e-01,1.67851783e-02,1.30424847e+02,1.64494748e+01
2.29400000e+00,-6.02107960e-02,-6.47548033e-03,2.25271712e-02,-1.41664349e-01,0.00000000e+00,0.00000000e+00,1.32240560e-01,1.66789502e-02,1.29595749e+02,1.63453712e+01
2.29600000e+00,-6.02140186e-02,3.25836917e-03,2.22445375e-02,-1.40936535e-01,0.00000000e+00,0.00000000e+00,1.31854876e-01,1.66842243e-02,1.29217779e+02,1.63505398e+01
2.29800000e+00,-6.01977467e-02,1.30159449e-02,2.19635834e-02,-1.39971243e-01,0.00000000e+00,0.00000000e+00,1.31593126e-01,1.67756799e-02,1.28961264e+02,1.64401663e+01
2.30000000e+00,-6.01619491e-02,2.27820542e-02,2.16848078e-02,-1.38773078e-01,0.00000000e+00,0.00000000e+00,1.31403104e-01,1.67742973e-02,1.28775042e+02,1.64388113e+01
2.30200000e+00,-6.01066109e-02,3.25595455e-02,2.14086182e-02,-1.37384218e-01,0.00000000e+00,0.00000000e+00,1.30915314e-01,1.67808376e-02,1.28297007e+02,1.64452208e+01
2.30400000e+00,-6.00317437e-02,4.22877928e-02,2.11357395e-02,-1.35292619e-01,0.00000000e+00,0.00000000e+00,1.31982435e-01,1.78587507e-02,1.29342786e+02,1.75015757e+01
2.30600000e+00,-5.99374948e-02,5.19635297e-02,2.08677359e-02,-1.32768827e-01,0.00000000e+00,0.00000000e+00,1.31412443e-01,1.73040951e-02,1.28784194e+02,1.69580132e+01
2.30800000e+00,-5.98238111e-02,6.17569760e-02,2.06042034e-02,-1.30936066e-01,0.00000000e+00,0.00000000e+00,1.28343674e-01,1.60309820e-02,1.25776801e+02,1.57103623e+01
2.31000000e+00,-5.96904550e-02,7.15681791e-02,2.03440389e-02,-1.29032486e-01,0.00000000e+00,0.00000000e+00,1.29949063e-01,1.70803826e-02,1.27350081e+02,1.67387749e+01
2.31200000e+00,-5.95376094e-02,8.12728547e-02,2.00884729e-02,-1.26529753e-01,0.00000000e+00,0.00000000e+00,1.29624849e-01,1.69224921e-02,1.27032352e+02,1.65840422e+01
2.31400000e+00,-5.93653803e-02,9.09525508e-02,1.98379521e-02,-1.23978774e-01,0.00000000e+00,0.00000000e+00,1.29166340e-01,1.68227268e-02,1.26583013e+02,1.64862723e+01
2.31600000e+00,-5.91738285e-02,1.00588359e-01,1.95926510e-02,-1.21288061e-01,0.00000000e+00,0.00000000e+00,1.29126079e-01,1.68642800e-02,1.26543557e+02,1.65269944e+01
2.31800000e+00,-5.89630616e-02,1.10172075e-01,1.93529245e-02,-1.18410295e-01,0.00000000e+00,0.00000000e+00,1.28702199e-01,1.68717239e-02,1.26128155e+02,1.65342894e+01
2.32000000e+00,-5.87331754e-02,1.19703050e-01,1.91191320e-02,-1.15349316e-01,0.00000000e+00,0.00000000e+00,1.28520814e-01,1.69136178e-02,1.25950398e+02,1.65753454e+01
2.32200000e+00,-5.84843037e-02,1.29152536e-01,1.88916551e-02,-1.12096646e-01,0.00000000e+00,0.00000000e+00,1.28613418e-01,1.69478005e-02,1.26041150e+02,1.66088445e+01
2.32400000e+00,-5.82166509e-02,1.38473447e-01,1.86711902e-02,-1.08176923e-01,0.00000000e+00,0.00000000e+00,1.29378497e-01,1.79972914e-02,1.26790927e+02,1.76373455e+01
2.32600000e+00,-5.79304925e-02,1.47670444e-01,1.84592202e-02,-1.03847989e-01,0.00000000e+00,0.00000000e+00,1.29210562e-01,1.75021313e-02,1.26626350e+02,1.71520887e+01
2.32800000e+00,-5.76259494e-02,1.56897143e-01,1.82553069e-02,-1.00255906e-01,0.00000000e+00,0.00000000e+00,1.26235962e-01,1.61577922e-02,1.23711243e+02,1.58346363e+01
2.33000000e+00,-5.73029445e-02,1.66063055e-01,1.80581726e-02,-9.66998299e-02,0.00000000e+00,0.00000000e+00,1.28031778e-01,1.71435546e-02,1.25471143e+02,1.68006835e+01
2.33200000e+00,-5.69618297e-02,1.75030118e-01,1.78688790e-02,-9.25866230e-02,0.00000000e+00,0.00000000e+00,1.28134635e-01,1.70551143e-02,1.25571943e+02,1.67140121e+01
2.33400000e+00,-5.66029028e-02,1.83878939e-01,1.76878469e-02,-8.84422889e-02,0.00000000e+00,0.00000000e+00,1.27900938e-01,1.69485829e-02,1.25342919e+02,1.66096112e+01
2.33600000e+00,-5.62263907e-02,1.92612659e-01,1.75151661e-02,-8.42136051e-02,0.00000000e+00,0.00000000e+00,1.27786424e-01,1.69837619e-02,1.25230695e+02,1.66440867e+01
2.33800000e+00,-5.58325349e-02,2.01222263e-01,1.73510850e-02,-7.98461102e-02,0.00000000e+00,0.00000000e+00,1.27621270e-01,1.70037722e-02,1.25068845e+02,1.66636967e+01
2.34000000e+00,-5.54215971e-02,2.09688661e-01,1.71958677e-02,-7.53495586e-02,0.00000000e+00,0.00000000e+00,1.27812840e-01,1.70310864e-02,1.25256583e+02,1.66904647e+01
2.34200000e+00,-5.49938815e-02,2.18003321e-01,1.70497599e-02,-7.07432333e-02,0.00000000e+00,0.00000000e+00,1.27709456e-01,1.70235882e-02,1.25155267e+02,1.66831164e+01
2.34400000e+00,-5.45497245e-02,2.26106928e-01,1.69132948e-02,-6.55370699e-02,0.00000000e+00,0.00000000e+00,1.29152082e-01,1.80931474e-02,1.26569040e+02,1.77312845e+01
2.34600000e+00,-5.40895956e-02,2.33997733e-01,1.67878515e-02,-5.99711409e-02,0.00000000e+00,0.00000000e+00,1.28958256e-01,1.75972338e-02,1.26379091e+02,1.72452891e+01
2.34800000e+00,-5.36137609e-02,2.41847620e-01,1.66729092e-02,-5.51565518e-02,0.00000000e+00,0.00000000e+00,1.26255829e-01,1.63498399e-02,1.23730712e+02,1.60228431e+01
2.35000000e+00,-5.31222992e-02,2.49556456e-01,1.65671743e-02,-5.04185350e-02,0.00000000e+00,0.00000000e+00,1.28274003e-01,1.72835899e-02,1.25708523e+02,1.69379181e+01
2.35200000e+00,-5.26157164e-02,2.56993364e-01,1.64715462e-02,-4.52139604e-02,0.00000000e+00,0.00000000e+00,1.28505200e-01,1.71904075e-02,1.25935096e+02,1.68465994e+01
2.35400000e+00,-5.20944453e-02,2.64251000e-01,1.63862881e-02,-4.00548638e-02,0.00000000e+00,0.00000000e+00,1.28237578e-01,1.70642241e-02,1.25672827e+02,1.67229396e+01
2.35600000e+00,-5.15588363e-02,2.71322739e-01,1.63113263e-02,-3.48963943e-02,0.00000000e+00,0.00000000e+00,1.28505802e-01,1.70799020e-02,1.25935686e+02,1.67383039e+01
2.35800000e+00,-5.10093002e-02,2.78175608e-01,1.62467551e-02,-2.96591609e-02,0.00000000e+00,0.00000000e+00,1.28894120e-01,1.71351736e-02,1.26316238e+02,1.67924701e+01
2.36000000e+00,-5.04462784e-02,2.84811688e-01,1.61927368e-02,-2.43512065e-02,0.00000000e+00,0.00000000e+00,1.29002698e-01,1.71490133e-02,1.26422644e+02,1.68060331e+01
2.36200000e+00,-4.98701938e-02,2.91237276e-01,1.61493727e-02,-1.90095848e-02,0.00000000e+00,0.00000000e+00,1.29136399e-01,1.71417138e-02,1.26553671e+02,1.67988795e+01
2.36400000e+00,-4.92814750e-02,2.97444277e-01,1.61169207e-02,-1.33347133e-02,0.00000000e+00,0.00000000e+00,1.29330124e-01,1.77998726e-02,1.26743522e+02,1.74438752e+01
2.36600000e+00,-4.86805992e-02,3.03377523e-01,1.60962164e-02,-7.38598239e-03,0.00000000e+00,0.00000000e+00,1.30652656e-01,1.76845328e-02,1.28039603e+02,1.73308422e+01
2.36800000e+00,-4.80680806e-02,3.09137288e-01,1.60869809e-02,-2.03087024e-03,0.00000000e+00,0.00000000e+00,1.28407288e-01,1.65384127e-02,1.25839142e+02,1.62076444e+01
2.37000000e+00,-4.74441812e-02,3.14700314e-01,1.60879893e-02,3.16872136e-03,0.00000000e+00,0.00000000e+00,1.30179827e-01,1.73574660e-02,1.27576231e+02,1.70103167e+01
2.37200000e+00,-4.68094844e-02,3.19955704e-01,1.60998838e-02,8.71024323e-03,0.00000000e+00,0.00000000e+00,1.30436332e-01,1.72708488e-02,1.27827605e+02,1.69254318e+01
2.37400000e+00,-4.61645194e-02,3.24969582e-01,1.61227623e-02,1.41499404e-02,0.00000000e+00,0.00000000e+00,1.30578942e-01,1.71741917e-02,1.27967363e+02,1.68307079e+01
2.37600000e+00,-4.55097717e-02,3.29735128e-01,1.61564438e-02,1.95301005e-02,0.00000000e+00,0.00000000e+00,1.30913929e-01,1.71918004e-02,1.28295651e+02,1.68479643e+01
2.37800000e+00,-4.48457540e-02,3.34238131e-01,1.62008834e-02,2.49112624e-02,0.00000000e+00,0.00000000e+00,1.31311897e-01,1.72375838e-02,1.28685659e+02,1.68928321e+01
2.38000000e+00,-4.41729978e-02,3.38473262e-01,1.62560819e-02,3.02819312e-02,0.00000000e+00,0.00000000e+00,1.31698956e-01,1.72464360e-02,1.29064977e+02,1.69015073e+01
2.38200000e+00,-4.34920400e-02,3.42439768e-01,1.63219886e-02,3.56188439e-02,0.00000000e+00,0.00000000e+00,1.32046477e-01,1.72587015e-02,1.29405548e+02,1.69135274e+01
2.38400000e+00,-4.28034096e-02,3.46149973e-01,1.63986553e-02,4.11027267e-02,0.00000000e+00,0.00000000e+00,1.32081890e-01,1.76622344e-02,1.29440252e+02,1.73089897e+01
2.38600000e+00,-4.21076415e-02,3.49558078e-01,1.64864926e-02,4.67261641e-02,0.00000000e+00,0.00000000e+00,1.33440155e-01,1.76748098e-02,1.30771352e+02,1.73213136e+01
2.38800000e+00,-4.14053346e-02,3.52730212e-01,1.65852322e-02,5.18581131e-02,0.00000000e+00,0.00000000e+00,1.31875819e-01,1.67694982e-02,1.29238303e+02,1.64341082e+01
2.39000000e+00,-4.06968874e-02,3.55652325e-01,1.66937805e-02,5.67732292e-02,0.00000000e+00,0.00000000e+00,1.33511426e-01,1.73727738e-02,1.30841198e+02,1.70253183e+01
2.39200000e+00,-3.99829451e-02,3.58244771e-01,1.68124440e-02,6.18667075e-02,0.00000000e+00,0.00000000e+00,1.33761941e-01,1.73113115e-02,1.31086702e+02,1.69650853e+01
2.39400000e+00,-3.92640910e-02,3.60563187e-01,1.69411536e-02,6.68197114e-02,0.00000000e+00,0.00000000e+00,1.34056223e-01,1.72597577e-02,1.31375098e+02,1.69145625e+01
2.39600000e+00,-3.85408841e-02,3.62593949e-01,1.70796451e-02,7.16559993e-02,0.00000000e+00,0.00000000e+00,1.34588401e-01,1.72621888e-02,1.31896633e+02,1.69169451e+01
2.39800000e+00,-3.78139109e-02,3.64331174e-01,1.72277195e-02,7.64050297e-02,0.00000000e+00,0.00000000e+00,1.34988232e-01,1.72861952e-02,1.32288468e+02,1.69404713e+01
2.40000000e+00,-3.70837548e-02,3.65775254e-01,1.73852034e-02,8.10613323e-02,0.00000000e+00,0.00000000e+00,1.35484058e-01,1.72906221e-02,1.32774377e+02,1.69448096e+01
2.40200000e+00,-3.63510090e-02,3.66920644e-01,1.75518936e-02,8.56109002e-02,0.00000000e+00,0.00000000e+00,1.35991105e-01,1.72984238e-02,1.33271283e+02,1.69524553e+01
2.40400000e+00,-3.56162263e-02,3.67835033e-01,1.77275464e-02,9.00096281e-02,0.00000000e+00,0.00000000e+00,1.34887542e-01,1.72231325e-02,1.32189791e+02,1.68786699e+01
2.40600000e+00,-3.48798846e-02,3.68425852e-01,1.79119663e-02,9.44595781e-02,0.00000000e+00,0.00000000e+00,1.37543883e-01,1.76676001e-02,1.34793005e+02,1.73142481e+01
2.40800000e+00,-3.41427417e-02,3.68688435e-01,1.81052211e-02,9.86641477e-02,0.00000000e+00,0.00000000e+00,1.36541247e-01,1.69823872e-02,1.33810422e+02,1.66427394e+01
2.41000000e+00,-3.34053023e-02,3.68693949e-01,1.83064205e-02,1.02565131e-01,0.00000000e+00,0.00000000e+00,1.37531224e-01,1.73162203e-02,1.34780600e+02,1.69698959e+01
2.41200000e+00,-3.26681789e-02,3.68379968e-01,1.85154803e-02,1.06464102e-01,0.00000000e+00,0.00000000e+00,1.37988612e-01,1.72752151e-02,1.35228840e+02,1.69297108e+01
2.41400000e+00,-3.19319777e-02,3.67773035e-01,1.87321578e-02,1.10184421e-01,0.00000000e+00,0.00000000e+00,1.38364617e-01,1.72492383e-02,1.35597324e+02,1.69042536e+01
2.41600000e+00,-3.11972831e-02,3.66871592e-01,1.89561104e-02,1.13743492e-01,0.00000000e+00,0.00000000e+00,1.38869584e-01,1.72552257e-02,1.36092192e+02,1.69101212e+01
2.41800000e+00,-3.04646901e-02,3.65671946e-01,1.91870326e-02,1.17153799e-01,0.00000000e+00,0.00000000e+00,1.39347751e-01,1.72654690e-02,1.36560796e+02,1.69201596e+01
2.42000000e+00,-2.97347927e-02,3.64176341e-01,1.94246207e-02,1.20406671e-01,0.00000000e+00,0.00000000e+00,1.39821133e-01,1.72628439e-02,1.37024711e+02,1.69175870e+01
2.42200000e+00,-2.90081824e-02,3.62384359e-01,1.96685483e-02,1.23493187e-01,0.00000000e+00,0.00000000e+00,1.40334666e-01,1.72634825e-02,1.37527973e+02,1.69182129e+01
2.42400000e+00,-2.82854151e-02,3.60352571e-01,1.99184250e-02,1.26327183e-01,0.00000000e+00,0.00000000e+00,1.39516430e-01,1.70885910e-02,1.36726102e+02,1.67468191e+01
2.42600000e+00,-2.75669675e-02,3.58027731e-01,2.01738064e-02,1.29085162e-01,0.00000000e+00,0.00000000e+00,1.41308457e-01,1.74676397e-02,1.38482288e+02,1.71182869e+01
2.42800000e+00,-2.68535119e-02,3.55391350e-01,2.04346458e-02,1.31663314e-01,0.00000000e+00,0.00000000e+00,1.40961555e-01,1.70826728e-02,1.38142324e+02,1.67410193e+01
2.43000000e+00,-2.61455743e-02,3.52496716e-01,2.07002547e-02,1.33934053e-01,0.00000000e+00,0.00000000e+00,1.41552443e-01,1.72008886e-02,1.38721394e+02,1.68568708e+01
2.43200000e+00,-2.54437186e-02,3.49311663e-01,2.09702950e-02,1.36074316e-01,0.00000000e+00,0.00000000e+00,1.42005640e-01,1.71936898e-02,1.39165527e+02,1.68498160e+01
2.43400000e+00,-2.47485148e-02,3.45845862e-01,2.12444256e-02,1.38025035e-01,0.00000000e+00,0.00000000e+00,1.42423704e-01,1.71938416e-02,1.39575230e+02,1.68499647e+01
2.43600000e+00,-2.40605185e-02,3.42105090e-01,2.15222673e-02,1.39784037e-01,0.00000000e+00,0.00000000e+00,1.42799602e-01,1.71874603e-02,1.39943610e+02,1.68437111e+01
2.43800000e+00,-2.33802765e-02,3.38091239e-01,2.18034313e-02,1.41347364e-01,0.00000000e+00,0.00000000e+00,1.43235635e-01,1.71841309e-02,1.40370923e+02,1.68404483e+01
2.44000000e+00,-2.27083366e-02,3.33802901e-01,2.20875263e-02,1.42715069e-01,0.00000000e+00,0.00000000e+00,1.43711084e-01,1.71821278e-02,1.40836862e+02,1.68384852e+01
2.44200000e+00,-2.20452471e-02,3.29241313e-01,2.23741587e-02,1.43883604e-01,0.00000000e+00,0.00000000e+00,1.44189376e-01,1.71750585e-02,1.41305588e+02,1.68315573e+01
2.44400000e+00,-2.13915325e-02,3.24437971e-01,2.26628812e-02,1.44782886e-01,0.00000000e+00,0.00000000e+00,1.44004316e-01,1.70290355e-02,1.41124230e+02,1.66884548e+01
2.44600000e+00,-2.07476497e-02,3.19402880e-01,2.29531357e-02,1.45450266e-01,0.00000000e+00,0.00000000e+00,1.44328150e-01,1.71026630e-02,1.41441587e+02,1.67606098e+01
2.44800000e+00,-2.01140871e-02,3.14118571e-01,2.32445660e-02,1.45943196e-01,0.00000000e+00,0.00000000e+00,1.44634565e-01,1.70789773e-02,1.41741873e+02,1.67373978e+01
2.45000000e+00,-1.94913361e-02,3.08593283e-01,2.35367553e-02,1.46206421e-01,0.00000000e+00,0.00000000e+00,1.44853103e-01,1.70378033e-02,1.41956041e+02,1.66970473e+01
2.45200000e+00,-1.88798743e-02,3.02827523e-01,2.38292497e-02,1.46256743e-01,0.00000000e+00,0.00000000e+00,1.45238885e-01,1.70499074e-02,1.42334107e+02,1.67089093e+01
2.45400000e+00,-1.82801873e-02,2.96819738e-01,2.41216526e-02,1.46112658e-01,0.00000000e+00,0.00000000e+00,1.45588803e-01,1.70475084e-02,1.42677027e+02,1.67065582e+01
2.45600000e+00,-1.76927516e-02,2.90577559e-01,2.44135646e-02,1.45764993e-01,0.00000000e+00,0.00000000e+00,1.45895338e-01,1.70397359e-02,1.42977431e+02,1.66989412e+01
2.45800000e+00,-1.71180307e-02,2.84104965e-01,2.47045776e-02,1.45214887e-01,0.00000000e+00,0.00000000e+00,1.46255137e-01,1.70385288e-02,1.43330034e+02,1.66977583e+01
2.46000000e+00,-1.65564823e-02,2.77406570e-01,2.49942896e-02,1.44462986e-01,0.00000000e+00,0.00000000e+00,1.46560448e-01,1.70303358e-02,1.43629239e+02,1.66897291e+01
2.46200000e+00,-1.60085507e-02,2.70488809e-01,2.52822946e-02,1.43508572e-01,0.00000000e+00,0.00000000e+00,1.46880129e-01,1.70252645e-02,1.43942526e+02,1.66847592e+01
2.46400000e+00,-1.54746773e-02,2.63345663e-01,2.55681760e-02,1.42332338e-01,0.00000000e+00,0.00000000e+00,1.47439947e-01,1.69736021e-02,1.44491148e+02,1.66341301e+01
2.46600000e+00,-1.49552696e-02,2.56050126e-01,2.58513922e-02,1.40808509e-01,0.00000000e+00,0.00000000e+00,1.46171323e-01,1.67008456e-02,1.43247897e+02,1.63668286e+01
2.46800000e+00,-1.44505856e-02,2.48591524e-01,2.61312920e-02,1.39107615e-01,0.00000000e+00,0.00000000e+00,1.47100212e-01,1.70025030e-02,1.44158208e+02,1.66624530e+01
2.47000000e+00,-1.39610413e-02,2.40926315e-01,2.64077429e-02,1.37287109e-01,0.00000000e+00,0.00000000e+00,1.46971707e-01,1.68454273e-02,1.44032273e+02,1.65085188e+01
2.47200000e+00,-1.34869917e-02,2.33094042e-01,2.66802646e-02,1.35202873e-01,0.00000000e+00,0.00000000e+00,1.47102423e-01,1.68390887e-02,1.44160375e+02,1.65023070e+01
2.47400000e+00,-1.30287815e-02,2.25087230e-01,2.69484336e-02,1.32937486e-01,0.00000000e+00,0.00000000e+00,1.47277155e-01,1.68492022e-02,1.44331611e+02,1.65122181e+01
2.47600000e+00,-1.25867580e-02,2.16907560e-01,2.72118990e-02,1.30498844e-01,0.00000000e+00,0.00000000e+00,1.47500038e-01,1.68527909e-02,1.44550038e+02,1.65157351e+01
2.47800000e+00,-1.21612620e-02,2.08561728e-01,2.74703105e-02,1.27882507e-01,0.00000000e+00,0.00000000e+00,1.47652519e-01,1.68464330e-02,1.44699468e+02,1.65095043e+01
2.48000000e+00,-1.17526165e-02,2.00057748e-01,2.77233118e-02,1.25090310e-01,0.00000000e+00,0.00000000e+00,1.47825067e-01,1.68462209e-02,1.44868566e+02,1.65092964e+01
2.48200000e+00,-1.13611329e-02,1.91400985e-01,2.79705588e-02,1.22128725e-01,0.00000000e+00,0.00000000e+00,1.47991632e-01,1.68452924e-02,1.45031800e+02,1.65083865e+01
2.48400000e+00,-1.09871255e-02,1.82574858e-01,2.82116747e-02,1.18939117e-01,0.00000000e+00,0.00000000e+00,1.48693634e-01,1.67133350e-02,1.45719761e+02,1.63790683e+01
2.48600000e+00,-1.06308709e-02,1.73692596e-01,2.84460277e-02,1.15318298e-01,0.00000000e+00,0.00000000e+00,1.46358856e-01,1.62764090e-02,1.43431679e+02,1.59508808e+01
2.48800000e+00,-1.02924100e-02,1.64728095e-01,2.86728974e-02,1.11621753e-01,0.00000000e+00,0.00000000e+00,1.47815956e-01,1.68800224e-02,1.44859637e+02,1.65424219e+01
2.49000000e+00,-9.97206265e-03,1.55607370e-01,2.88925234e-02,1.07938232e-01,0.00000000e+00,0.00000000e+00,1.47357151e-01,1.66189759e-02,1.44410008e+02,1.62865964e+01
2.49200000e+00,-9.67003615e-03,1.46403148e-01,2.91044670e-02,1.03979780e-01,0.00000000e+00,0.00000000e+00,1.47264029e-01,1.66073227e-02,1.44318748e+02,1.62751762e+01
2.49400000e+00,-9.38651392e-03,1.37103140e-01,2.93083475e-02,9.98788043e-02,0.00000000e+00,0.00000000e+00,1.47243036e-01,1.66127402e-02,1.44298175e+02,1.62804854e+01
2.49600000e+00,-9.12168678e-03,1.27708353e-01,2.95039029e-02,9.56588459e-02,0.00000000e+00,0.00000000e+00,1.47278649e-01,1.66386588e-02,1.44333076e+02,1.63058857e+01
2.49800000e+00,-8.87573954e-03,1.18225025e-01,2.96909070e-02,9.13250491e-02,0.00000000e+00,0.00000000e+00,1.47265612e-01,1.66427024e-02,1.44320300e+02,1.63098484e+01
2.50000000e+00,-8.64883960e-03,1.08662315e-01,2.98691236e-02,8.68720459e-02,0.00000000e+00,0.00000000e+00,1.47242370e-01,1.66448492e-02,1.44297523e+02,1.63119522e+01
2.50200000e+00,-8.44113918e-03,9.90262537e-02,3.00383225e-02,8.23100394e-02,0.00000000e+00,0.00000000e+00,1.47244853e-01,1.66574723e-02,1.44299956e+02,1.63243229e+01
2.50400000e+00,-8.25279344e-03,8.93019105e-02,3.01981854e-02,7.74805674e-02,0.00000000e+00,0.00000000e+00,1.47728140e-01,1.63137560e-02,1.44773578e+02,1.59874808e+01
2.50600000e+00,-8.08390958e-03,7.96105017e-02,3.03479605e-02,7.22247971e-02,0.00000000e+00,0.00000000e+00,1.45056946e-01,1.59787527e-02,1.42155807e+02,1.56591777e+01
2.50800000e+00,-7.93435791e-03,6.99093797e-02,3.04871563e-02,6.70765373e-02,0.00000000e+00,0.00000000e+00,1.46694816e-01,1.67404161e-02,1.43760919e+02,1.64056078e+01
2.51000000e+00,-7.80432654e-03,6.01265407e-02,3.06163358e-02,6.20320173e-02,0.00000000e+00,0.00000000e+00,1.45865026e-01,1.63830750e-02,1.42947725e+02,1.60554135e+01
2.51200000e+00,-7.69384754e-03,5.03500208e-02,3.07351161e-02,5.67350896e-02,0.00000000e+00,0.00000000e+00,1.45605392e-01,1.63824547e-02,1.42693284e+02,1.60548056e+01
2.51400000e+00,-7.60293522e-03,4.05603656e-02,3.08432333e-02,5.13737752e-02,0.00000000e+00,0.00000000e+00,1.45389872e-01,1.64045654e-02,1.42482075e+02,1.60764741e+01
2.51600000e+00,-7.53161334e-03,3.07598122e-02,3.09405828e-02,4.59699280e-02,0.00000000e+00,0.00000000e+00,1.45237840e-01,1.64344522e-02,1.42333084e+02,1.61057632e+01
2.51800000e+00,-7.47989923e-03,2.09543690e-02,3.10270878e-02,4.05283356e-02,0.00000000e+00,0.00000000e+00,1.45041953e-01,1.64511350e-02,1.42141114e+02,1.61221123e+01
2.52000000e+00,-7.44779343e-03,1.11525861e-02,3.11026743e-02,3.50539587e-02,0.00000000e+00,0.00000000e+00,1.44850210e-01,1.64758509e-02,1.41953205e+02,1.61463339e+01
2.52200000e+00,-7.43528107e-03,1.36252529e-03,3.11672800e-02,2.95441441e-02,0.00000000e+00,0.00000000e+00,1.44625926e-01,1.64712910e-02,1.41733407e+02,1.61418652e+01
2.52400000e+00,-7.44234327e-03,-8.42746077e-03,3.12206341e-02,2.37092095e-02,0.00000000e+00,0.00000000e+00,1.44866166e-01,1.58719841e-02,1.41968843e+02,1.55545444e+01
2.52600000e+00,-7.46891505e-03,-1.81036610e-02,3.12618638e-02,1.74947571e-02,0.00000000e+00,0.00000000e+00,1.42144305e-01,1.57361083e-02,1.39301419e+02,1.54213862e+01
2.52800000e+00,-7.51472099e-03,-2.77244757e-02,3.12908396e-02,1.16199555e-02,0.00000000e+00,0.00000000e+00,1.43906700e-01,1.66287600e-02,1.41028566e+02,1.62961848e+01
2.53000000e+00,-7.57981623e-03,-3.73502122e-02,3.13084788e-02,5.94785544e-03,0.00000000e+00,0.00000000e+00,1.42751333e-01,1.61890642e-02,1.39896306e+02,1.58652829e+01
2.53200000e+00,-7.66405730e-03,-4.68791366e-02,3.13144872e-02,6.00694471e-05,0.00000000e+00,0.00000000e+00,1.42293200e-01,1.61870213e-02,1.39447336e+02,1.58632808e+01
2.53400000e+00,-7.76728580e-03,-5.63375901e-02,3.13087320e-02,-5.80827028e-03,0.00000000e+00,0.00000000e+00,1.41908641e-01,1.62240583e-02,1.39070468e+02,1.58995771e+01
2.53600000e+00,-7.88936151e-03,-6.57268251e-02,3.12912900e-02,-1.16227917e-02,0.00000000e+00,0.00000000e+00,1.41633913e-01,1.62774466e-02,1.38801235e+02,1.59518977e+01
2.53800000e+00,-8.03014289e-03,-7.50407497e-02,3.12622761e-02,-1.73844327e-02,0.00000000e+00,0.00000000e+00,1.41260002e-01,1.62959602e-02,1.38434802e+02,1.59700410e+01
2.54000000e+00,-8.18946810e-03,-8.42700616e-02,3.12217861e-02,-2.30953922e-02,0.00000000e+00,0.00000000e+00,1.40919622e-01,1.63283195e-02,1.38101229e+02,1.60017531e+01
2.54200000e+00,-8.36716207e-03,-9.34077772e-02,3.11699306e-02,-2.87522384e-02,0.00000000e+00,0.00000000e+00,1.40532841e-01,1.63377771e-02,1.37722184e+02,1.60110216e+01
2.54400000e+00,-8.56305745e-03,-1.02482863e-01,3.11065739e-02,-3.47138338e-02,0.00000000e+00,0.00000000e+00,1.41018223e-01,1.56005295e-02,1.38197858e+02,1.52885189e+01
2.54600000e+00,-8.77697272e-03,-1.11376760e-01,3.10308697e-02,-4.09837328e-02,0.00000000e+00,0.00000000e+00,1.38008634e-01,1.55850604e-02,1.35248461e+02,1.52733592e+01
2.54800000e+00,-9.00847633e-03,-1.20138417e-01,3.09429832e-02,-4.67373962e-02,0.00000000e+00,0.00000000e+00,1.39782265e-01,1.65609726e-02,1.36986620e+02,1.62297531e+01
2.55000000e+00,-9.25748173e-03,-1.28833099e-01,3.08441195e-02,-5.21921015e-02,0.00000000e+00,0.00000000e+00,1.38440650e-01,1.60735395e-02,1.35671837e+02,1.57520687e+01
2.55200000e+00,-9.52369028e-03,-1.37350126e-01,3.07341011e-02,-5.78174411e-02,0.00000000e+00,0.00000000e+00,1.37769222e-01,1.60479414e-02,1.35013838e+02,1.57269825e+01
2.55400000e+00,-9.80678343e-03,-1.45718956e-01,3.06129101e-02,-6.33522319e-02,0.00000000e+00,0.00000000e+00,1.37254379e-01,1.60927394e-02,1.34509292e+02,1.57708847e+01
2.55600000e+00,-1.01064715e-02,-1.53945841e-01,3.04807883e-02,-6.87428461e-02,0.00000000e+00,0.00000000e+00,1.36865106e-01,1.61640341e-02,1.34127804e+02,1.58407534e+01
2.55800000e+00,-1.04224697e-02,-1.62027066e-01,3.03380340e-02,-7.39904993e-02,0.00000000e+00,0.00000000e+00,1.36397170e-01,1.61910303e-02,1.33669227e+02,1.58672097e+01
2.56000000e+00,-1.07544767e-02,-1.69953803e-01,3.01849160e-02,-7.91036189e-02,0.00000000e+00,0.00000000e+00,1.35932948e-01,1.62297773e-02,1.33214289e+02,1.59051817e+01
2.56200000e+00,-1.11021763e-02,-1.77717695e-01,3.00217119e-02,-8.40781777e-02,0.00000000e+00,0.00000000e+00,1.35398474e-01,1.62507603e-02,1.32690504e+02,1.59257451e+01
2.56400000e+00,-1.14652823e-02,-1.85383803e-01,2.98484566e-02,-8.92726796e-02,0.00000000e+00,0.00000000e+00,1.36580795e-01,1.55226902e-02,1.33849179e+02,1.52122364e+01
2.56600000e+00,-1.18435648e-02,-1.92829846e-01,2.96644939e-02,-9.46581738e-02,0.00000000e+00,0.00000000e+00,1.33313500e-01,1.55892742e-02,1.30647230e+02,1.52774888e+01
2.56800000e+00,-1.22364638e-02,-2.00069007e-01,2.94702339e-02,-9.94287217e-02,0.00000000e+00,0.00000000e+00,1.34924317e-01,1.65379671e-02,1.32225830e+02,1.62072078e+01
2.57000000e+00,-1.26437506e-02,-2.07172858e-01,2.92670160e-02,-1.03843792e-01,0.00000000e+00,0.00000000e+00,1.33447259e-01,1.60468903e-02,1.30778314e+02,1.57259525e+01
2.57200000e+00,-1.30649937e-02,-2.14034518e-01,2.90547855e-02,-1.08368802e-01,0.00000000e+00,0.00000000e+00,1.32675517e-01,1.60058717e-02,1.30022007e+02,1.56857543e+01
2.57400000e+00,-1.34997501e-02,-2.20688312e-01,2.88336402e-02,-1.12744685e-01,0.00000000e+00,0.00000000e+00,1.32111721e-01,1.60457848e-02,1.29469487e+02,1.57248691e+01
2.57600000e+00,-1.39476135e-02,-2.27141916e-01,2.86039493e-02,-1.16906647e-01,0.00000000e+00,0.00000000e+00,1.31627169e-01,1.61284788e-02,1.28994625e+02,1.58059092e+01
2.57800000e+00,-1.44081824e-02,-2.33392480e-01,2.83661594e-02,-1.20849899e-01,0.00000000e+00,0.00000000e+00,1.31101313e-01,1.61667801e-02,1.28479287e+02,1.58434445e+01
2.58000000e+00,-1.48810441e-02,-2.39434070e-01,2.81206840e-02,-1.24591769e-01,0.00000000e+00,0.00000000e+00,1.30579290e-01,1.62020397e-02,1.27967705e+02,1.58779989e+01
2.58200000e+00,-1.53657750e-02,-2.45260069e-01,2.78679250e-02,-1.28134733e-01,0.00000000e+00,0.00000000e+00,1.29996567e-01,1.62246615e-02,1.27396636e+02,1.59001683e+01
2.58400000e+00,-1.58620230e-02,-2.50993931e-01,2.76081208e-02,-1.31714123e-01,0.00000000e+00,0.00000000e+00,1.32453921e-01,1.57558754e-02,1.29804843e+02,1.54407579e+01
2.58600000e+00,-1.63695895e-02,-2.56486079e-01,2.73410181e-02,-1.35369056e-01,0.00000000e+00,0.00000000e+00,1.28468982e-01,1.56860195e-02,1.25899602e+02,1.53722991e+01
2.58800000e+00,-1.68877749e-02,-2.61689644e-01,2.70670254e-02,-1.38452825e-01,0.00000000e+00,0.00000000e+00,1.29919333e-01,1.65646606e-02,1.27320946e+02,1.62333674e+01
2.59000000e+00,-1.74162262e-02,-2.66710374e-01,2.67874706e-02,-1.41140988e-01,0.00000000e+00,0.00000000e+00,1.28489761e-01,1.61181150e-02,1.25919965e+02,1.57957527e+01
2.59200000e+00,-1.79544291e-02,-2.71450235e-01,2.65024261e-02,-1.43882202e-01,0.00000000e+00,0.00000000e+00,1.27730178e-01,1.60472263e-02,1.25175575e+02,1.57262817e+01
2.59400000e+00,-1.85018624e-02,-2.75942997e-01,2.62120707e-02,-1.46430058e-01,0.00000000e+00,0.00000000e+00,1.27166034e-01,1.61102382e-02,1.24622713e+02,1.57880334e+01
2.59600000e+00,-1.90580436e-02,-2.80199439e-01,2.59168854e-02,-1.48708687e-01,0.00000000e+00,0.00000000e+00,1.26730739e-01,1.61915910e-02,1.24196125e+02,1.58677592e+01
2.59800000e+00,-1.96225011e-02,-2.84217284e-01,2.56174054e-02,-1.50733149e-01,0.00000000e+00,0.00000000e+00,1.26181892e-01,1.62167463e-02,1.23658254e+02,1.58924114e+01
2.60000000e+00,-2.01947487e-02,-2.87989080e-01,2.53141120e-02,-1.52518837e-01,0.00000000e+00,0.00000000e+00,1.25637089e-01,1.62602501e-02,1.23124347e+02,1.59350450e+01
2.60200000e+00,-2.07742913e-02,-2.91511716e-01,2.50074889e-02,-1.54066273e-01,0.00000000e+00,0.00000000e+00,1.25076083e-01,1.62794503e-02,1.22574561e+02,1.59538613e+01
2.60400000e+00,-2.13607418e-02,-2.94953770e-01,2.46979561e-02,-1.55449814e-01,0.00000000e+00,0.00000000e+00,1.28527469e-01,1.61626483e-02,1.25956920e+02,1.58393953e+01
2.60600000e+00,-2.19539443e-02,-2.98152703e-01,2.43856959e-02,-1.56823950e-01,0.00000000e+00,0.00000000e+00,1.24224015e-01,1.58536606e-02,1.21739535e+02,1.55365874e+01
2.60800000e+00,-2.25531257e-02,-3.01011258e-01,2.40709528e-02,-1.57759485e-01,0.00000000e+00,0.00000000e+00,1.25453263e-01,1.66340856e-02,1.22944198e+02,1.63014038e+01
2.61000000e+00,-2.31578500e-02,-3.03660913e-01,2.37549323e-02,-1.58283494e-01,0.00000000e+00,0.00000000e+00,1.24268092e-01,1.62662022e-02,1.21782730e+02,1.59408782e+01
2.61200000e+00,-2.37675748e-02,-3.06018840e-01,2.34378258e-02,-1.58796975e-01,0.00000000e+00,0.00000000e+00,1.23603862e-01,1.62033937e-02,1.21131785e+02,1.58793259e+01
2.61400000e+00,-2.43817507e-02,-3.08114704e-01,2.31198873e-02,-1.59096231e-01,0.00000000e+00,0.00000000e+00,1.23149356e-01,1.62618041e-02,1.20686369e+02,1.59365681e+01
2.61600000e+00,-2.49998667e-02,-3.09960130e-01,2.28016239e-02,-1.59121035e-01,0.00000000e+00,0.00000000e+00,1.22789930e-01,1.63248350e-02,1.20334131e+02,1.59983383e+01
2.61800000e+00,-2.56214230e-02,-3.11553347e-01,2.24835781e-02,-1.58883383e-01,0.00000000e+00,0.00000000e+00,1.22323150e-01,1.63582688e-02,1.19876687e+02,1.60311034e+01
2.62000000e+00,-2.62459100e-02,-3.12891460e-01,2.21662514e-02,-1.58404246e-01,0.00000000e+00,0.00000000e+00,1.21921030e-01,1.63782103e-02,1.19482610e+02,1.60506461e+01
2.62200000e+00,-2.68728154e-02,-3.13969422e-01,2.18501110e-02,-1.57700418e-01,0.00000000e+00,0.00000000e+00,1.21357150e-01,1.63779928e-02,1.18930007e+02,1.60504329e+01
2.62400000e+00,-2.75017562e-02,-3.15000117e-01,2.15357204e-02,-1.56590623e-01,0.00000000e+00,0.00000000e+00,1.25946645e-01,1.67807927e-02,1.23427712e+02,1.64451769e+01
2.62600000e+00,-2.81326630e-02,-3.15801451e-01,2.12237846e-02,-1.55426563e-01,0.00000000e+00,0.00000000e+00,1.21144132e-01,1.60457657e-02,1.18721250e+02,1.57248503e+01
2.62800000e+00,-2.87647109e-02,-3.16226264e-01,2.09141479e-02,-1.54061943e-01,0.00000000e+00,0.00000000e+00,1.22306116e-01,1.67589337e-02,1.19859994e+02,1.64237550e+01
2.63000000e+00,-2.93974334e-02,-3.16449096e-01,2.06078236e-02,-1.52267230e-01,0.00000000e+00,0.00000000e+00,1.21588347e-01,1.65101908e-02,1.19156580e+02,1.61799869e+01
2.63200000e+00,-3.00303226e-02,-3.16394874e-01,2.03051109e-02,-1.50424545e-01,0.00000000e+00,0.00000000e+00,1.20998575e-01,1.64264345e-02,1.18578603e+02,1.60979058e+01
2.63400000e+00,-3.06628410e-02,-3.16082887e-01,2.00062502e-02,-1.48394679e-01,0.00000000e+00,0.00000000e+00,1.20729598e-01,1.64753306e-02,1.18315006e+02,1.61458240e+01
2.63600000e+00,-3.12944929e-02,-3.15528973e-01,1.97116992e-02,-1.46114435e-01,0.00000000e+00,0.00000000e+00,1.20503816e-01,1.65302775e-02,1.18093739e+02,1.61996719e+01
2.63800000e+00,-3.19247951e-02,-3.14732275e-01,1.94219451e-02,-1.43605295e-01,0.00000000e+00,0.00000000e+00,1.20204808e-01,1.65408403e-02,1.17800712e+02,1.62100235e+01
2.64000000e+00,-3.25532563e-02,-3.13687158e-01,1.91374135e-02,-1.40892914e-01,0.00000000e+00,0.00000000e+00,1.19833286e-01,1.65493117e-02,1.17436620e+02,1.62183255e+01
2.64200000e+00,-3.31793786e-02,-3.12394491e-01,1.88585121e-02,-1.37972580e-01,0.00000000e+00,0.00000000e+00,1.19536554e-01,1.65777267e-02,1.17145822e+02,1.62461722e+01
2.64400000e+00,-3.38028165e-02,-3.11075034e-01,1.85859087e-02,-1.34474040e-01,0.00000000e+00,0.00000000e+00,1.24302066e-01,1.73721685e-02,1.21816025e+02,1.70247252e+01
2.64600000e+00,-3.44235427e-02,-3.09551467e-01,1.83206546e-02,-1.30917485e-01,0.00000000e+00,0.00000000e+00,1.19840000e-01,1.63190578e-02,1.17443200e+02,1.59926767e+01
2.64800000e+00,-3.50407835e-02,-3.07669640e-01,1.80622022e-02,-1.27415773e-01,0.00000000e+00,0.00000000e+00,1.20976796e-01,1.68864556e-02,1.18557260e+02,1.65487265e+01
2.65000000e+00,-3.56541003e-02,-3.05606329e-01,1.78112491e-02,-1.23527692e-01,0.00000000e+00,0.00000000e+00,1.20614120e-01,1.67699598e-02,1.18201837e+02,1.64345606e+01
2.65200000e+00,-3.62630487e-02,-3.03302832e-01,1.75681392e-02,-1.19568054e-01,0.00000000e+00,0.00000000e+00,1.20344540e-01,1.66877425e-02,1.17937649e+02,1.63539877e+01
2.65400000e+00,-3.68671603e-02,-3.00772426e-01,1.73330693e-02,-1.15469781e-01,0.00000000e+00,0.00000000e+00,1.20253555e-01,1.67234835e-02,1.17848484e+02,1.63890138e+01
2.65600000e+00,-3.74659938e-02,-2.98025161e-01,1.71063837e-02,-1.11185967e-01,0.00000000e+00,0.00000000e+00,1.20176634e-01,1.67516172e-02,1.17773101e+02,1.64165848e+01
2.65800000e+00,-3.80591176e-02,-2.95062896e-01,1.68884345e-02,-1.06738676e-01,0.00000000e+00,0.00000000e+00,1.20083335e-01,1.67534621e-02,1.17681668e+02,1.64183929e+01
2.66000000e+00,-3.86461026e-02,-2.91886467e-01,1.66795342e-02,-1.02133725e-01,0.00000000e+00,0.00000000e+00,1.19976734e-01,1.67822489e-02,1.17577199e+02,1.64466039e+01
2.66200000e+00,-3.92265206e-02,-2.88495744e-01,1.64800006e-02,-9.73771978e-02,0.00000000e+00,0.00000000e+00,1.19827640e-01,1.67846412e-02,1.17431087e+02,1.64489483e+01
2.66400000e+00,-3.98000509e-02,-2.85053045e-01,1.62903761e-02,-9.20946404e-02,0.00000000e+00,0.00000000e+00,1.23458205e-01,1.76134003e-02,1.20989041e+02,1.72611323e+01
2.66600000e+00,-4.03666333e-02,-2.81461147e-01,1.61116798e-02,-8.67254240e-02,0.00000000e+00,0.00000000e+00,1.20980794e-01,1.67090162e-02,1.18561178e+02,1.63748359e+01
2.66800000e+00,-4.09257157e-02,-2.77599597e-01,1.59433638e-02,-8.15221823e-02,0.00000000e+00,0.00000000e+00,1.21736778e-01,1.70224716e-02,1.19302042e+02,1.66820221e+01
2.67000000e+00,-4.14769287e-02,-2.73583585e-01,1.57857627e-02,-7.60615318e-02,0.00000000e+00,0.00000000e+00,1.21887384e-01,1.70219519e-02,1.19449636e+02,1.66815128e+01
2.67200000e+00,-4.20199241e-02,-2.69378694e-01,1.56391609e-02,-7.05359636e-02,0.00000000e+00,0.00000000e+00,1.21772837e-01,1.69470489e-02,1.19337381e+02,1.66081079e+01
2.67400000e+00,-4.25543186e-02,-2.64986479e-01,1.55036632e-02,-6.49438942e-02,0.00000000e+00,0.00000000e+00,1.21890322e-01,1.69656947e-02,1.19452515e+02,1.66263809e+01
2.67600000e+00,-4.30797590e-02,-2.60427666e-01,1.53794600e-02,-5.92398132e-02,0.00000000e+00,0.00000000e+00,1.22187680e-01,1.70024081e-02,1.19743927e+02,1.66623599e+01
2.67800000e+00,-4.35959186e-02,-2.55702908e-01,1.52667684e-02,-5.34390417e-02,0.00000000e+00,0.00000000e+00,1.22245347e-01,1.70052978e-02,1.19800440e+02,1.66651919e+01
2.68000000e+00,-4.41024596e-02,-2.50811723e-01,1.51657520e-02,-4.75660262e-02,0.00000000e+00,0.00000000e+00,1.22453610e-01,1.70073466e-02,1.20004538e+02,1.66671997e+01
2.68200000e+00,-4.45990591e-02,-2.45760870e-01,1.50765436e-02,-4.16340421e-02,0.00000000e+00,0.00000000e+00,1.22588730e-01,1.69992146e-02,1.20136955e+02,1.66592303e+01
2.68400000e+00,-4.50854139e-02,-2.40576127e-01,1.49993517e-02,-3.54983263e-02,0.00000000e+00,0.00000000e+00,1.23316262e-01,1.73222254e-02,1.20849937e+02,1.69757809e+01
2.68600000e+00,-4.55613028e-02,-2.35300277e-01,1.49346270e-02,-2.92476075e-02,0.00000000e+00,0.00000000e+00,1.24366087e-01,1.71455823e-02,1.21878765e+02,1.68026706e+01
2.68800000e+00,-4.60265453e-02,-2.29919935e-01,1.48823306e-02,-2.30428927e-02,0.00000000e+00,0.00000000e+00,1.24694341e-01,1.71484239e-02,1.22200455e+02,1.68054554e+01
2.69000000e+00,-4.64809000e-02,-2.24415683e-01,1.48424972e-02,-1.67754377e-02,0.00000000e+00,0.00000000e+00,1.25202052e-01,1.72178170e-02,1.22698011e+02,1.68734606e+01
2.69200000e+00,-4.69241296e-02,-2.18793742e-01,1.48152648e-02,-1.04541176e-02,0.00000000e+00,0.00000000e+00,1.25585311e-01,1.72200045e-02,1.23073605e+02,1.68756044e+01
2.69400000e+00,-4.73559924e-02,-2.13048016e-01,1.48006880e-02,-4.12194512e-03,0.00000000e+00,0.00000000e+00,1.25858314e-01,1.72171877e-02,1.23341148e+02,1.68728440e+01
2.69600000e+00,-4.77762427e-02,-2.07183866e-01,1.47987759e-02,2.20864356e-03,0.00000000e+00,0.00000000e+00,1.26272524e-01,1.72113642e-02,1.23747074e+02,1.68671370e+01
2.69800000e+00,-4.81846595e-02,-2.01217219e-01,1.48095203e-02,8.53579720e-03,0.00000000e+00,0.00000000e+00,1.26821553e-01,1.72227442e-02,1.24285122e+02,1.68782893e+01
2.70000000e+00,-4.85810425e-02,-1.95146983e-01,1.48329200e-02,1.48642435e-02,0.00000000e+00,0.00000000e+00,1.27112390e-01,1.72449228e-02,1.24570142e+02,1.69000243e+01
2.70200000e+00,-4.89651771e-02,-1.88971155e-01,1.48689704e-02,2.11823541e-02,0.00000000e+00,0.00000000e+00,1.27515060e-01,1.72499698e-02,1.24964759e+02,1.69049704e+01
2.70400000e+00,-4.93367644e-02,-1.82551208e-01,1.49174678e-02,2.72280624e-02,0.00000000e+00,0.00000000e+00,1.24467314e-01,1.67399287e-02,1.21977968e+02,1.64051302e+01
2.70600000e+00,-4.96953673e-02,-1.76109400e-01,1.49779792e-02,3.34186223e-02,0.00000000e+00,0.00000000e+00,1.29958105e-01,1.76379869e-02,1.27358943e+02,1.72852272e+01
2.70800000e+00,-5.00412688e-02,-1.69767933e-01,1.50512710e-02,3.98023729e-02,0.00000000e+00,0.00000000e+00,1.29661497e-01,1.72475043e-02,1.27068267e+02,1.69025542e+01
2.71000000e+00,-5.03743787e-02,-1.63335989e-01,1.51370865e-02,4.60327476e-02,0.00000000e+00,0.00000000e+00,1.30589390e-01,1.74361092e-02,1.27977602e+02,1.70873870e+01
2.71200000e+00,-5.06945802e-02,-1.56855206e-01,1.52354198e-02,5.22897915e-02,0.00000000e+00,0.00000000e+00,1.31160567e-01,1.74414008e-02,1.28537356e+02,1.70925728e+01
2.71400000e+00,-5.10017578e-02,-1.50311718e-01,1.53461932e-02,5.84682192e-02,0.00000000e+00,0.00000000e+00,1.31658356e-01,1.74268135e-02,1.29025188e+02,1.70782773e+01
2.71600000e+00,-5.12957890e-02,-1.43711042e-01,1.54692482e-02,6.45798706e-02,0.00000000e+00,0.00000000e+00,1.32251419e-01,1.74745326e-02,1.29606391e+02,1.71250420e+01
2.71800000e+00,-5.15765728e-02,-1.37066726e-01,1.56044485e-02,7.05952665e-02,0.00000000e+00,0.00000000e+00,1.32957787e-01,1.74154509e-02,1.30298631e+02,1.70671419e+01
2.72000000e+00,-5.18440328e-02,-1.30387733e-01,1.57515506e-02,7.64926721e-02,0.00000000e+00,0.00000000e+00,1.33651719e-01,1.74346037e-02,1.30978684e+02,1.70859116e+01
2.72200000e+00,-5.20981021e-02,-1.23676222e-01,1.59103525e-02,8.22900091e-02,0.00000000e+00,0.00000000e+00,1.34299329e-01,1.74298926e-02,1.31613342e+02,1.70812947e+01
2.72400000e+00,-5.23385107e-02,-1.16624350e-01,1.60802059e-02,8.73304577e-02,0.00000000e+00,0.00000000e+00,1.27689253e-01,1.60863892e-02,1.25135468e+02,1.57646615e+01
2.72600000e+00,-5.25646359e-02,-1.09627116e-01,1.62598327e-02,9.26084497e-02,0.00000000e+00,0.00000000e+00,1.37451054e-01,1.81830792e-02,1.34702033e+02,1.78194176e+01
2.72800000e+00,-5.27772036e-02,-1.02906397e-01,1.64509217e-02,9.83094250e-02,0.00000000e+00,0.00000000e+00,1.35913208e-01,1.72448195e-02,1.33194944e+02,1.68999231e+01
2.73000000e+00,-5.29762048e-02,-9.61006608e-02,1.66527714e-02,1.03561864e-01,0.00000000e+00,0.00000000e+00,1.37116750e-01,1.75278226e-02,1.34374415e+02,1.71772662e+01
2.73200000e+00,-5.31616213e-02,-8.93176123e-02,1.68651753e-02,1.08823469e-01,0.00000000e+00,0.00000000e+00,1.37984647e-01,1.75653368e-02,1.35224954e+02,1.72140301e+01
2.73400000e+00,-5.33334820e-02,-8.25445957e-02,1.70879771e-02,1.13952905e-01,0.00000000e+00,0.00000000e+00,1.38781766e-01,1.75665861e-02,1.36006130e+02,1.72152544e+01
2.73600000e+00,-5.34918072e-02,-7.57827911e-02,1.73208855e-02,1.18930196e-01,0.00000000e+00,0.00000000e+00,1.39566701e-01,1.75766671e-02,1.36775367e+02,1.72251337e+01
2.73800000e+00,-5.36366214e-02,-6.90333598e-02,1.75635949e-02,1.23752926e-01,0.00000000e+00,0.00000000e+00,1.40280609e-01,1.75869102e-02,1.37474997e+02,1.72351720e+01
2.74000000e+00,-5.37679514e-02,-6.23001322e-02,1.78157826e-02,1.28403816e-01,0.00000000e+00,0.00000000e+00,1.41044918e-01,1.75743335e-02,1.38224019e+02,1.72228469e+01
2.74200000e+00,-5.38858407e-02,-5.55950188e-02,1.80770975e-02,1.32885705e-01,0.00000000e+00,0.00000000e+00,1.41927317e-01,1.76036435e-02,1.39088771e+02,1.72515706e+01
2.74400000e+00,-5.39900332e-02,-4.84425171e-02,1.83465143e-02,1.36151163e-01,0.00000000e+00,0.00000000e+00,1.31469752e-01,1.54044360e-02,1.28840356e+02,1.50963473e+01
2.74600000e+00,-5.40796892e-02,-4.14076907e-02,1.86218928e-02,1.39702462e-01,0.00000000e+00,0.00000000e+00,1.45438470e-01,1.85957667e-02,1.42529701e+02,1.82238514e+01
2.74800000e+00,-5.41559677e-02,-3.48284610e-02,1.89057400e-02,1.43877482e-01,0.00000000e+00,0.00000000e+00,1.42765198e-01,1.71173093e-02,1.39909894e+02,1.67749631e+01
2.75000000e+00,-5.42189575e-02,-2.81809510e-02,1.91969536e-02,1.47378935e-01,0.00000000e+00,0.00000000e+00,1.44384358e-01,1.75965584e-02,1.41496671e+02,1.72446272e+01
2.75200000e+00,-5.42687546e-02,-2.16280654e-02,1.94952810e-02,1.50918330e-01,0.00000000e+00,0.00000000e+00,1.45409620e-01,1.76216730e-02,1.42501428e+02,1.72692396e+01
2.75400000e+00,-5.43055118e-02,-1.51382605e-02,1.98004899e-02,1.54252174e-01,0.00000000e+00,0.00000000e+00,1.46184973e-01,1.75997444e-02,1.43261274e+02,1.72477496e+01
2.75600000e+00,-5.43293511e-02,-8.71361893e-03,2.01121413e-02,1.57363473e-01,0.00000000e+00,0.00000000e+00,1.47153193e-01,1.75984805e-02,1.44210129e+02,1.72465109e+01
2.75800000e+00,-5.43404118e-02,-2.35726586e-03,2.04298051e-02,1.60266780e-01,0.00000000e+00,0.00000000e+00,1.47896972e-01,1.76157774e-02,1.44939033e+02,1.72634618e+01
2.76000000e+00,-5.43388281e-02,3.92713769e-03,2.07530753e-02,1.62970431e-01,0.00000000e+00,0.00000000e+00,1.48847242e-01,1.76400972e-02,1.45870297e+02,1.72872953e+01
2.76200000e+00,-5.43247604e-02,1.01259262e-02,2.10815677e-02,1.65495346e-01,0.00000000e+00,0.00000000e+00,1.49808092e-01,1.77088469e-02,1.46811930e+02,1.73546700e+01
2.76400000e+00,-5.42979823e-02,1.68378779e-02,2.14140254e-02,1.66473571e-01,0.00000000e+00,0.00000000e+00,1.36664020e-01,1.48679308e-02,1.33930740e+02,1.45705722e+01
2.76600000e+00,-5.42575146e-02,2.33912997e-02,2.17476669e-02,1.67759120e-01,0.00000000e+00,0.00000000e+00,1.53209887e-01,1.88302693e-02,1.50145689e+02,1.84536639e+01
2.76800000e+00,-5.42048064e-02,2.93608409e-02,2.20855827e-02,1.69825861e-01,0.00000000e+00,0.00000000e+00,1.49901677e-01,1.69894132e-02,1.46903644e+02,1.66496249e+01
2.77000000e+00,-5.41400382e-02,3.53797974e-02,2.24264181e-02,1.71064258e-01,0.00000000e+00,0.00000000e+00,1.51551141e-01,1.75779960e-02,1.48520118e+02,1.72264361e+01
2.77200000e+00,-5.40633812e-02,4.12576784e-02,2.27698864e-02,1.72372643e-01,0.00000000e+00,0.00000000e+00,1.52596539e-01,1.76264417e-02,1.49544608e+02,1.72739128e+01
2.77400000e+00,-5.39750831e-02,4.70222395e-02,2.31157626e-02,1.73461957e-01,0.00000000e+00,0.00000000e+00,1.53501927e-01,1.76118131e-02,1.50431888e+02,1.72595768e+01
2.77600000e+00,-5.38753580e-02,5.26882116e-02,2.34635543e-02,1.74281488e-01,0.00000000e+00,0.00000000e+00,1.54109409e-01,1.75566566e-02,1.51027221e+02,1.72055235e+01
2.77800000e+00,-5.37644008e-02,5.82482997e-02,2.38127299e-02,1.74862981e-01,0.00000000e+00,0.00000000e+00,1.55093157e-01,1.76107458e-02,1.51991294e+02,1.72585309e+01
2.78000000e+00,-5.36424493e-02,6.36816660e-02,2.41628711e-02,1.75241685e-01,0.00000000e+00,0.00000000e+00,1.56097306e-01,1.76310329e-02,1.52975360e+02,1.72784122e+01
2.78200000e+00,-5.35097522e-02,6.89979564e-02,2.45135432e-02,1.75390236e-01,0.00000000e+00,0.00000000e+00,1.56767440e-01,1.76285369e-02,1.53632091e+02,1.72759662e+01
2.78400000e+00,-5.33660551e-02,7.49177408e-02,2.48631630e-02,1.73635614e-01,0.00000000e+00,0.00000000e+00,1.40845482e-01,1.41362003e-02,1.38028573e+02,1.38534763e+01
2.78600000e+00,-5.32102149e-02,8.06371353e-02,2.52083710e-02,1.72308887e-01,0.00000000e+00,0.00000000e+00,1.60202366e-01,1.90206876e-02,1.56998319e+02,1.86402739e+01
2.78800000e+00,-5.30439522e-02,8.56880993e-02,2.55530152e-02,1.71907069e-01,0.00000000e+00,0.00000000e+00,1.55128042e-01,1.65699208e-02,1.52025481e+02,1.62385223e+01
2.79000000e+00,-5.28674258e-02,9.07940399e-02,2.58953423e-02,1.70519785e-01,0.00000000e+00,0.00000000e+00,1.57497701e-01,1.74418403e-02,1.54347747e+02,1.70930034e+01
2.79200000e+00,-5.26809108e-02,9.56978851e-02,2.62352286e-02,1.69333888e-01,0.00000000e+00,0.00000000e+00,1.58348012e-01,1.74786553e-02,1.55181051e+02,1.71290822e+01
2.79400000e+00,-5.24847236e-02,1.00467764e-01,2.65725197e-02,1.67910751e-01,0.00000000e+00,0.00000000e+00,1.59046160e-01,1.74262803e-02,1.55865237e+02,1.70777547e+01
2.79600000e+00,-5.22791266e-02,1.05107276e-01,2.69067061e-02,1.66239394e-01,0.00000000e+00,0.00000000e+00,1.59735048e-01,1.74357170e-02,1.56540347e+02,1.70870027e+01
2.79800000e+00,-5.20643904e-02,1.09602967e-01,2.72373464e-02,1.64371775e-01,0.00000000e+00,0.00000000e+00,1.60672355e-01,1.74874184e-02,1.57458908e+02,1.71376700e+01
2.80000000e+00,-5.18408153e-02,1.13947814e-01,2.75640734e-02,1.62324578e-01,0.00000000e+00,0.00000000e+00,1.61452621e-01,1.75263588e-02,1.58223569e+02,1.71758316e+01
2.80200000e+00,-5.16087004e-02,1.18140782e-01,2.78865140e-02,1.60081324e-01,0.00000000e+00,0.00000000e+00,1.62343750e-01,1.75374272e-02,1.59096875e+02,1.71866786e+01
2.80400000e+00,-5.13678547e-02,1.22929974e-01,2.82030543e-02,1.55821758e-01,0.00000000e+00,0.00000000e+00,1.45573020e-01,1.37477947e-02,1.42661560e+02,1.34728388e+01
2.80600000e+00,-5.11171237e-02,1.27504439e-01,2.85101060e-02,1.52019425e-01,0.00000000e+00,0.00000000e+00,1.65334426e-01,1.89376787e-02,1.62027738e+02,1.85589251e+01
2.80800000e+00,-5.08582991e-02,1.31385605e-01,2.88118174e-02,1.49245203e-01,0.00000000e+00,0.00000000e+00,1.59676291e-01,1.63377691e-02,1.56482766e+02,1.60110137e+01
2.81000000e+00,-5.05915508e-02,1.35312493e-01,2.91064286e-02,1.45483763e-01,0.00000000e+00,0.00000000e+00,1.62104730e-01,1.72879612e-02,1.58862636e+02,1.69422020e+01
2.81200000e+00,-5.03171979e-02,1.39016327e-01,2.93939209e-02,1.41974906e-01,0.00000000e+00,0.00000000e+00,1.62664088e-01,1.72800635e-02,1.59410806e+02,1.69344622e+01
2.81400000e+00,-5.00355821e-02,1.42575176e-01,2.96741865e-02,1.38253522e-01,0.00000000e+00,0.00000000e+00,1.63208337e-01,1.72437505e-02,1.59944170e+02,1.68988755e+01
2.81600000e+00,-4.97469928e-02,1.45990582e-01,2.99468016e-02,1.34332142e-01,0.00000000e+00,0.00000000e+00,1.63674207e-01,1.72513106e-02,1.60400723e+02,1.69062844e+01
2.81800000e+00,-4.94517228e-02,1.49251444e-01,3.02114175e-02,1.30264369e-01,0.00000000e+00,0.00000000e+00,1.64422664e-01,1.73161469e-02,1.61134210e+02,1.69698240e+01
2.82000000e+00,-4.91500949e-02,1.52350595e-01,3.04677691e-02,1.26061636e-01,0.00000000e+00,0.00000000e+00,1.65003447e-01,1.73359503e-02,1.61703379e+02,1.69892313e+01
2.82200000e+00,-4.88424311e-02,1.55283725e-01,3.07155848e-02,1.21740113e-01,0.00000000e+00,0.00000000e+00,1.65802685e-01,1.74225874e-02,1.62486631e+02,1.70741356e+01
2.82400000e+00,-4.85285228e-02,1.58872485e-01,3.09532555e-02,1.15207800e-01,0.00000000e+00,0.00000000e+00,1.47134220e-01,1.30373998e-02,1.44191536e+02,1.27766518e+01
2.82600000e+00,-4.82070764e-02,1.62258420e-01,3.11767245e-02,1.09137925e-01,0.00000000e+00,0.00000000e+00,1.67933242e-01,1.87153214e-02,1.64574577e+02,1.83410149e+01
2.82800000e+00,-4.78799910e-02,1.64891622e-01,3.13906967e-02,1.04402382e-01,0.00000000e+00,0.00000000e+00,1.62063979e-01,1.61455945e-02,1.58822699e+02,1.58226826e+01
2.83000000e+00,-4.75474765e-02,1.67574950e-01,3.15937038e-02,9.87215996e-02,0.00000000e+00,0.00000000e+00,1.64058677e-01,1.70236416e-02,1.60777504e+02,1.66831688e+01
2.83200000e+00,-4.72098419e-02,1.70032216e-01,3.17857891e-02,9.33497556e-02,0.00000000e+00,0.00000000e+00,1.64600395e-01,1.70706500e-02,1.61308388e+02,1.67292370e+01
2.83400000e+00,-4.68674502e-02,1.72335648e-01,3.19670255e-02,8.78618611e-02,0.00000000e+00,0.00000000e+00,1.64867844e-01,1.70411906e-02,1.61570487e+02,1.67003668e+01
2.83600000e+00,-4.65205973e-02,1.74492099e-01,3.21371523e-02,8.22476295e-02,0.00000000e+00,0.00000000e+00,1.65212388e-01,1.70507910e-02,1.61908140e+02,1.67097752e+01
2.83800000e+00,-4.61695859e-02,1.76492514e-01,3.22959595e-02,7.65486416e-02,0.00000000e+00,0.00000000e+00,1.65656879e-01,1.70924761e-02,1.62343742e+02,1.67506265e+01
2.84000000e+00,-4.58147326e-02,1.78334987e-01,3.24433009e-02,7.07807079e-02,0.00000000e+00,0.00000000e+00,1.66013924e-01,1.71189106e-02,1.62693646e+02,1.67765324e+01
2.84200000e+00,-4.54563480e-02,1.80024323e-01,3.25790367e-02,6.49443510e-02,0.00000000e+00,0.00000000e+00,1.66316699e-01,1.71451419e-02,1.62990365e+02,1.68022390e+01
2.84400000e+00,-4.50941711e-02,1.82409878e-01,3.27015125e-02,5.67596833e-02,0.00000000e+00,0.00000000e+00,1.46797277e-01,1.23677940e-02,1.43861331e+02,1.21204381e+01
2.84600000e+00,-4.47268405e-02,1.84597532e-01,3.28064417e-02,4.91242042e-02,0.00000000e+00,0.00000000e+00,1.67952731e-01,1.84512944e-02,1.64593676e+02,1.80822685e+01
2.84800000e+00,-4.43563059e-02,1.85997781e-01,3.28991438e-02,4.31903822e-02,0.00000000e+00,0.00000000e+00,1.62177568e-01,1.60742703e-02,1.58934017e+02,1.57527849e+01
2.85000000e+00,-4.39828102e-02,1.87456738e-01,3.29786390e-02,3.64101841e-02,0.00000000e+00,0.00000000e+00,1.63538036e-01,1.67911246e-02,1.60267275e+02,1.64553021e+01
2.85200000e+00,-4.36066141e-02,1.88713065e-01,3.30449909e-02,2.99394668e-02,0.00000000e+00,0.00000000e+00,1.63846758e-01,1.68212995e-02,1.60569823e+02,1.64848735e+01
2.85400000e+00,-4.32280517e-02,1.89828698e-01,3.30983740e-02,2.34345020e-02,0.00000000e+00,0.00000000e+00,1.63740003e-01,1.67981523e-02,1.60465203e+02,1.64621892e+01
2.85600000e+00,-4.28473902e-02,1.90807952e-01,3.31387072e-02,1.68969902e-02,0.00000000e+00,0.00000000e+00,1.63930236e-01,1.68132697e-02,1.60651631e+02,1.64770043e+01
2.85800000e+00,-4.24649180e-02,1.91640077e-01,3.31659747e-02,1.03784886e-02,0.00000000e+00,0.00000000e+00,1.64059302e-01,1.68796721e-02,1.60778116e+02,1.65420786e+01
2.86000000e+00,-4.20809227e-02,1.92333045e-01,3.31802356e-02,3.88166788e-03,0.00000000e+00,0.00000000e+00,1.64050219e-01,1.68818020e-02,1.60769214e+02,1.65441660e+01
2.86200000e+00,-4.16956771e-02,1.92889207e-01,3.31815067e-02,-2.60712944e-03,0.00000000e+00,0.00000000e+00,1.64113588e-01,1.69009790e-02,1.60831317e+02,1.65629595e+01
2.86400000e+00,-4.13089204e-02,1.94113402e-01,3.31682944e-02,-1.13645456e-02,0.00000000e+00,0.00000000e+00,1.45286860e-01,1.21043577e-02,1.42381123e+02,1.18622705e+01
2.86600000e+00,-4.09193344e-02,1.95171171e-01,3.31363964e-02,-1.96003551e-02,0.00000000e+00,0.00000000e+00,1.64827789e-01,1.79540059e-02,1.61531233e+02,1.75949257e+01
2.86800000e+00,-4.05287461e-02,1.95463468e-01,3.30911709e-02,-2.59192955e-02,0.00000000e+00,0.00000000e+00,1.59986433e-01,1.60657201e-02,1.56786705e+02,1.57444057e+01
2.87000000e+00,-4.01374551e-02,1.95793899e-01,3.30323006e-02,-3.28661040e-02,0.00000000e+00,0.00000000e+00,1.60743964e-01,1.65548795e-02,1.57529085e+02,1.62237819e+01
2.87200000e+00,-3.97456813e-02,1.95958120e-01,3.29599111e-02,-3.95060834e-02,0.00000000e+00,0.00000000e+00,1.60672923e-01,1.66090582e-02,1.57459465e+02,1.62768771e+01
2.87400000e+00,-3.93537040e-02,1.96000248e-01,3.28743246e-02,-4.60736512e-02,0.00000000e+00,0.00000000e+00,1.60397390e-01,1.65872888e-02,1.57189442e+02,1.62555430e+01
2.87600000e+00,-3.89617521e-02,1.95934743e-01,3.27756475e-02,-5.25946454e-02,0.00000000e+00,0.00000000e+00,1.59988221e-01,1.65685141e-02,1.56788456e+02,1.62371438e+01
2.87800000e+00,-3.85700425e-02,1.95753095e-01,3.26640076e-02,-5.90231783e-02,0.00000000e+00,0.00000000e+00,1.59913057e-01,1.66245126e-02,1.56714796e+02,1.62920224e+01
2.88000000e+00,-3.81788213e-02,1.95449090e-01,3.25396320e-02,-6.53360328e-02,0.00000000e+00,0.00000000e+00,1.59652599e-01,1.66362271e-02,1.56459547e+02,1.63035026e+01
2.88200000e+00,-3.77883241e-02,1.95028168e-01,3.24027400e-02,-7.15342150e-02,0.00000000e+00,0.00000000e+00,1.59455701e-01,1.66721885e-02,1.56266587e+02,1.63387447e+01
2.88400000e+00,-3.73983493e-02,1.95146125e-01,3.22522550e-02,-7.95923104e-02,0.00000000e+00,0.00000000e+00,1.43876633e-01,1.25203156e-02,1.40999101e+02,1.22699093e+01
2.88600000e+00,-3.70078205e-02,1.95142741e-01,3.20847146e-02,-8.71348786e-02,0.00000000e+00,0.00000000e+00,1.59104082e-01,1.75183474e-02,1.55922000e+02,1.71679805e+01
2.88800000e+00,-3.66181938e-02,1.94516182e-01,3.19049273e-02,-9.28597524e-02,0.00000000e+00,0.00000000e+00,1.55255285e-01,1.60810723e-02,1.52150180e+02,1.57594508e+01
2.89000000e+00,-3.62297331e-02,1.93923701e-01,3.17129805e-02,-9.90271653e-02,0.00000000e+00,0.00000000e+00,1.55134304e-01,1.63177891e-02,1.52031618e+02,1.59914333e+01
2.89200000e+00,-3.58425800e-02,1.93209804e-01,3.15090264e-02,-1.04882963e-01,0.00000000e+00,0.00000000e+00,1.54929219e-01,1.64461977e-02,1.51830634e+02,1.61172737e+01
2.89400000e+00,-3.54569643e-02,1.92390277e-01,3.12935893e-02,-1.10527816e-01,0.00000000e+00,0.00000000e+00,1.54451399e-01,1.64551102e-02,1.51362371e+02,1.61260080e+01
2.89600000e+00,-3.50730795e-02,1.91479730e-01,3.10670170e-02,-1.16019858e-01,0.00000000e+00,0.00000000e+00,1.53918732e-01,1.64455261e-02,1.50840357e+02,1.61166156e+01
2.89800000e+00,-3.46911029e-02,1.90482842e-01,3.08296156e-02,-1.21353364e-01,0.00000000e+00,0.00000000e+00,1.53346759e-01,1.64509187e-02,1.50279824e+02,1.61219004e+01
2.90000000e+00,-3.43112069e-02,1.89397840e-01,3.05817213e-02,-1.26510291e-01,0.00000000e+00,0.00000000e+00,1.52872157e-01,1.64641516e-02,1.49814714e+02,1.61348685e+01
2.90200000e+00,-3.39335718e-02,1.88222543e-01,3.03236953e-02,-1.31485924e-01,0.00000000e+00,0.00000000e+00,1.52369255e-01,1.64648870e-02,1.49321870e+02,1.61355893e+01
2.90400000e+00,-3.35581043e-02,1.87365812e-01,3.00549979e-02,-1.37630921e-01,0.00000000e+00,0.00000000e+00,1.42359073e-01,1.36281398e-02,1.39511892e+02,1.33555770e+01
2.90600000e+00,-3.31841688e-02,1.86418588e-01,2.97734715e-02,-1.43326239e-01,0.00000000e+00,0.00000000e+00,1.51428055e-01,1.70091395e-02,1.48399494e+02,1.66689567e+01
2.90800000e+00,-3.28126973e-02,1.85070436e-01,2.94826323e-02,-1.47612669e-01,0.00000000e+00,0.00000000e+00,1.48689717e-01,1.61716212e-02,1.45715923e+02,1.58481887e+01
2.91000000e+00,-3.24438739e-02,1.83742013e-01,2.91828994e-02,-1.52081307e-01,0.00000000e+00,0.00000000e+00,1.47950843e-01,1.62003365e-02,1.44991826e+02,1.58763297e+01
2.91200000e+00,-3.20777810e-02,1.82335962e-01,2.88745009e-02,-1.56259172e-01,0.00000000e+00,0.00000000e+00,1.47509499e-01,1.63431124e-02,1.44559309e+02,1.60162502e+01
2.91400000e+00,-3.17145841e-02,1.80848966e-01,2.85580539e-02,-1.60150236e-01,0.00000000e+00,0.00000000e+00,1.46871414e-01,1.63518692e-02,1.43933985e+02,1.60248318e+01
2.91600000e+00,-3.13544253e-02,1.79301771e-01,2.82340385e-02,-1.63833451e-01,0.00000000e+00,0.00000000e+00,1.45969834e-01,1.63180243e-02,1.43050437e+02,1.59916638e+01
2.91800000e+00,-3.09974139e-02,1.77699269e-01,2.79028620e-02,-1.67303765e-01,0.00000000e+00,0.00000000e+00,1.45242899e-01,1.63270734e-02,1.42338041e+02,1.60005319e+01
2.92000000e+00,-3.06436696e-02,1.76034666e-01,2.75649819e-02,-1.70536457e-01,0.00000000e+00,0.00000000e+00,1.44526523e-01,1.63354410e-02,1.41635993e+02,1.60087322e+01
2.92200000e+00,-3.02933175e-02,1.74306611e-01,2.72208752e-02,-1.73530695e-01,0.00000000e+00,0.00000000e+00,1.43858588e-01,1.63372468e-02,1.40981416e+02,1.60105018e+01
2.92400000e+00,-2.99463946e-02,1.72651303e-01,2.68706746e-02,-1.76801630e-01,0.00000000e+00,0.00000000e+00,1.39987681e-01,1.52556495e-02,1.37187927e+02,1.49505365e+01
2.92600000e+00,-2.96027397e-02,1.70954948e-01,2.65138701e-02,-1.79770587e-01,0.00000000e+00,0.00000000e+00,1.42005699e-01,1.64626842e-02,1.39165585e+02,1.61334306e+01
2.92800000e+00,-2.92626746e-02,1.69109000e-01,2.61520692e-02,-1.82024156e-01,0.00000000e+00,0.00000000e+00,1.40699664e-01,1.62413120e-02,1.37885671e+02,1.59164858e+01
2.93000000e+00,-2.89263178e-02,1.67241790e-01,2.57858592e-02,-1.84149134e-01,0.00000000e+00,0.00000000e+00,1.39749187e-01,1.62103251e-02,1.36954203e+02,1.58861186e+01
2.93200000e+00,-2.85937335e-02,1.65335430e-01,2.54156449e-02,-1.86015867e-01,0.00000000e+00,0.00000000e+00,1.38891777e-01,1.62552704e-02,1.36113942e+02,1.59301650e+01
2.93400000e+00,-2.82650044e-02,1.63386648e-01,2.50419808e-02,-1.87604914e-01,0.00000000e+00,0.00000000e+00,1.38049057e-01,1.62600517e-02,1.35288076e+02,1.59348506e+01
2.93600000e+00,-2.79402147e-02,1.61396288e-01,2.46653940e-02,-1.88940834e-01,0.00000000e+00,0.00000000e+00,1.37203869e-01,1.62491637e-02,1.34459792e+02,1.59241805e+01
2.93800000e+00,-2.76194477e-02,1.59363217e-01,2.42863883e-02,-1.90020624e-01,0.00000000e+00,0.00000000e+00,1.36420358e-01,1.62566898e-02,1.33691951e+02,1.59315560e+01
2.94000000e+00,-2.73027842e-02,1.57296580e-01,2.39054834e-02,-1.90842671e-01,0.00000000e+00,0.00000000e+00,1.35394783e-01,1.62463715e-02,1.32686887e+02,1.59214441e+01
2.94200000e+00,-2.69902785e-02,1.55204330e-01,2.35231882e-02,-1.91408777e-01,0.00000000e+00,0.00000000e+00,1.34459264e-01,1.62480207e-02,1.31770079e+02,1.59230603e+01
2.94400000e+00,-2.66820751e-02,1.52949658e-01,2.31402603e-02,-1.91356959e-01,0.00000000e+00,0.00000000e+00,1.36665226e-01,1.69964019e-02,1.33931921e+02,1.66564738e+01
2.94600000e+00,-2.63784952e-02,1.50671872e-01,2.27578950e-02,-1.91103247e-01,0.00000000e+00,0.00000000e+00,1.32511685e-01,1.61254192e-02,1.29861451e+02,1.58029108e+01
2.94800000e+00,-2.60793221e-02,1.48492392e-01,2.23757869e-02,-1.90940132e-01,0.00000000e+00,0.00000000e+00,1.31916993e-01,1.62603278e-02,1.29278653e+02,1.59351212e+01
2.95000000e+00,-2.57845521e-02,1.46273273e-01,2.19943528e-02,-1.90449632e-01,0.00000000e+00,0.00000000e+00,1.31022641e-01,1.62675127e-02,1.28402188e+02,1.59421625e+01
2.95200000e+00,-2.54942423e-02,1.44034217e-01,2.16141519e-02,-1.89713842e-01,0.00000000e+00,0.00000000e+00,1.30003834e-01,1.62317642e-02,1.27403758e+02,1.59071289e+01
2.95400000e+00,-2.52084273e-02,1.41777137e-01,2.12356576e-02,-1.88737774e-01,0.00000000e+00,0.00000000e+00,1.29101450e-01,1.62307674e-02,1.26519421e+02,1.59061520e+01
2.95600000e+00,-2.49271476e-02,1.39499369e-01,2.08593753e-02,-1.87500039e-01,0.00000000e+00,0.00000000e+00,1.28181792e-01,1.62429714e-02,1.25618156e+02,1.59181120e+01
2.95800000e+00,-2.46504422e-02,1.37203003e-01,2.04858310e-02,-1.86001966e-01,0.00000000e+00,0.00000000e+00,1.27267871e-01,1.62429897e-02,1.24722513e+02,1.59181299e+01
2.96000000e+00,-2.43783466e-02,1.34890081e-01,2.01155360e-02,-1.84250959e-01,0.00000000e+00,0.00000000e+00,1.26338034e-01,1.62441885e-02,1.23811273e+02,1.59193047e+01
2.96200000e+00,-2.41108927e-02,1.32560846e-01,1.97489943e-02,-1.82249261e-01,0.00000000e+00,0.00000000e+00,1.25456290e-01,1.62447602e-02,1.22947165e+02,1.59198650e+01
2.96400000e+00,-2.38483820e-02,1.29813447e-01,1.93875537e-02,-1.78725764e-01,0.00000000e+00,0.00000000e+00,1.33955796e-01,1.89208530e-02,1.31276680e+02,1.85424360e+01
2.96600000e+00,-2.35916437e-02,1.27058921e-01,1.90341399e-02,-1.75129219e-01,0.00000000e+00,0.00000000e+00,1.23515224e-01,1.58915646e-02,1.21044919e+02,1.55737334e+01
2.96800000e+00,-2.33399087e-02,1.24660843e-01,1.86863630e-02,-1.72543321e-01,0.00000000e+00,0.00000000e+00,1.23561855e-01,1.63016672e-02,1.21090618e+02,1.59756339e+01
2.97000000e+00,-2.30930390e-02,1.22204677e-01,1.83442699e-02,-1.69502590e-01,0.00000000e+00,0.00000000e+00,1.22847303e-01,1.63563314e-02,1.20390357e+02,1.60292048e+01
2.97200000e+00,-2.28510953e-02,1.19740444e-01,1.80084867e-02,-1.66260767e-01,0.00000000e+00,0.00000000e+00,1.21765241e-01,1.62427546e-02,1.19329936e+02,1.59178995e+01
2.97400000e+00,-2.26140766e-02,1.17277205e-01,1.76793439e-02,-1.62843254e-01,0.00000000e+00,0.00000000e+00,1.20879190e-01,1.62535228e-02,1.18461606e+02,1.59284523e+01
2.97600000e+00,-2.23819913e-02,1.14806780e-01,1.73572678e-02,-1.59194638e-01,0.00000000e+00,0.00000000e+00,1.20028501e-01,1.62662583e-02,1.17627931e+02,1.59409331e+01
2.97800000e+00,-2.21548563e-02,1.12326157e-01,1.70427150e-02,-1.55321555e-01,0.00000000e+00,0.00000000e+00,1.19253216e-01,1.62737517e-02,1.16868151e+02,1.59482767e+01
2.98000000e+00,-2.19326902e-02,1.09840328e-01,1.67361210e-02,-1.51239360e-01,0.00000000e+00,0.00000000e+00,1.18326407e-01,1.62655400e-02,1.15959879e+02,1.59402292e+01
2.98200000e+00,-2.17154951e-02,1.07354241e-01,1.64378887e-02,-1.46960557e-01,0.00000000e+00,0.00000000e+00,1.17476068e-01,1.62586536e-02,1.15126547e+02,1.59334806e+01
2.98400000e+00,-2.15037202e-02,1.04197746e-01,1.61498404e-02,-1.40339708e-01,0.00000000e+00,0.00000000e+00,1.32251316e-01,2.07676031e-02,1.29606290e+02,2.03522510e+01
2.98600000e+00,-2.12987057e-02,1.01038845e-01,1.58764939e-02,-1.33772599e-01,0.00000000e+00,0.00000000e+00,1.15844912e-01,1.57523658e-02,1.13528014e+02,1.54373184e+01
2.98800000e+00,-2.10991644e-02,9.84805055e-02,1.56134794e-02,-1.29111264e-01,0.00000000e+00,0.00000000e+00,1.16578511e-01,1.63897947e-02,1.14246941e+02,1.60619988e+01
2.99000000e+00,-2.09048375e-02,9.58415423e-02,1.53603965e-02,-1.23928581e-01,0.00000000e+00,0.00000000e+00,1.16131788e-01,1.64830333e-02,1.13809152e+02,1.61533726e+01
2.99200000e+00,-2.07158008e-02,9.31987229e-02,1.51178527e-02,-1.18614382e-01,0.00000000e+00,0.00000000e+00,1.15114661e-01,1.63171847e-02,1.12812368e+02,1.59908410e+01
2.99400000e+00,-2.05320365e-02,9.05650091e-02,1.48859924e-02,-1.13220045e-01,0.00000000e+00,0.00000000e+00,1.14408151e-01,1.63178260e-02,1.12119988e+02,1.59914695e+01
2.99600000e+00,-2.03535439e-02,8.79265983e-02,1.46650885e-02,-1.07651845e-01,0.00000000e+00,0.00000000e+00,1.13756570e-01,1.63642846e-02,1.11481438e+02,1.60369989e+01
2.99800000e+00,-2.01803332e-02,8.52835578e-02,1.44554981e-02,-1.01914015e-01,0.00000000e+00,0.00000000e+00,1.13091584e-01,1.63721315e-02,1.10829753e+02,1.60446889e+01
3.00000000e+00,-2.00124100e-02,8.26400590e-02,1.42575220e-02,-9.60418996e-02,0.00000000e+00,0.00000000e+00,1.12385684e-01,1.63609408e-02,1.10137970e+02,1.60337220e+01
