t,h,h_dot,alpha,alpha_dot,delta,W_g,C_L,C_M,F_y,M_z
2.00000000e-03,0.00000000e+00,0.00000000e+00,0.00000000e+00,0.00000000e+00,0.00000000e+00,1.41341900e-03,1.26327256e-01,3.00480580e-02,1.23800711e+02,2.94470968e+01
4.00000000e-03,-9.76024003e-06,-9.23401555e-03,2.33284460e-05,2.06775589e-02,0.00000000e+00,5.65335298e-03,8.94943834e-02,1.33799198e-02,8.77044957e+01,1.31123214e+01
6.00000000e-03,-3.65016836e-05,-1.78164645e-02,7.94989318e-05,3.65382586e-02,0.00000000e+00,1.27188329e-02,1.11286401e-01,2.00116598e-02,1.09060673e+02,1.96114266e+01
8.00000000e-03,-8.15454132e-05,-2.71778563e-02,1.70681553e-04,5.41990433e-02,0.00000000e+00,2.26082442e-02,1.08025503e-01,1.72811717e-02,1.05864993e+02,1.69355482e+01
1.00000000e-02,-1.45166538e-04,-3.64693930e-02,2.95096092e-04,7.00614764e-02,0.00000000e+00,3.53193266e-02,1.10135612e-01,1.64081150e-02,1.07932900e+02,1.60799527e+01
1.20000000e-02,-2.27561994e-04,-4.59694291e-02,4.50611863e-04,8.54505510e-02,0.00000000e+00,5.08491753e-02,1.13531597e-01,1.65034738e-02,1.11260965e+02,1.61734044e+01
1.40000000e-02,-3.29184012e-04,-5.56790888e-02,6.36777095e-04,1.00657850e-01,0.00000000e+00,6.91942410e-02,1.15824005e-01,1.62862884e-02,1.13507525e+02,1.59605627e+01
1.60000000e-02,-4.50383558e-04,-6.55465530e-02,8.53048182e-04,1.15572556e-01,0.00000000e+00,9.03503313e-02,1.18168285e-01,1.61921747e-02,1.15804919e+02,1.58683312e+01
1.80000000e-02,-5.91478822e-04,-7.55769052e-02,1.09895967e-03,1.30325804e-01,0.00000000e+00,1.14312611e-01,1.20741237e-01,1.62926622e-02,1.18326412e+02,1.59668090e+01
2.00000000e-02,-7.52795089e-04,-8.57631134e-02,1.37428315e-03,1.44976697e-01,0.00000000e+00,1.41075604e-01,1.23085616e-01,1.63646633e-02,1.20623904e+02,1.60373700e+01
2.20000000e-02,-9.34477485e-04,-9.58686431e-02,1.67844423e-03,1.58994342e-01,0.00000000e+00,1.70633195e-01,1.20297661e-01,1.53921897e-02,1.17891708e+02,1.50843460e+01
2.40000000e-02,-1.13624914e-03,-1.05943389e-01,2.01008466e-03,1.72748182e-01,0.00000000e+00,2.02978627e-01,1.23972439e-01,1.62791357e-02,1.21492990e+02,1.59535530e+01
2.60000000e-02,-1.35834578e-03,-1.16160232e-01,2.36956473e-03,1.86693666e-01,0.00000000e+00,2.38104509e-01,1.25389466e-01,1.63022883e-02,1.22881677e+02,1.59762425e+01
2.80000000e-02,-1.60089520e-03,-1.26384767e-01,2.75660208e-03,2.00253342e-01,0.00000000e+00,2.76002813e-01,1.26090405e-01,1.60166600e-02,1.23568597e+02,1.56963268e+01
3.00000000e-02,-1.86388463e-03,-1.36608974e-01,3.17034498e-03,2.13463381e-01,0.00000000e+00,3.16664879e-01,1.27486939e-01,1.61540616e-02,1.24937200e+02,1.58309804e+01
3.20000000e-02,-2.14733686e-03,-1.46841827e-01,3.61031094e-03,2.26456445e-01,0.00000000e+00,3.60081413e-01,1.28564571e-01,1.61844273e-02,1.25993280e+02,1.58607387e+01
3.40000000e-02,-2.45124045e-03,-1.57057463e-01,4.07597540e-03,2.39156506e-01,0.00000000e+00,4.06242493e-01,1.29523755e-01,1.61990802e-02,1.26933280e+02,1.58750985e+01
3.60000000e-02,-2.77554601e-03,-1.67242054e-01,4.56673216e-03,2.51549402e-01,0.00000000e+00,4.55137569e-01,1.30444945e-01,1.62356895e-02,1.27836046e+02,1.59109757e+01
3.80000000e-02,-3.12017978e-03,-1.77383310e-01,5.08196329e-03,2.63627743e-01,0.00000000e+00,5.06755468e-01,1.31283024e-01,1.62699198e-02,1.28657363e+02,1.59445214e+01
4.00000000e-02,-3.48504043e-03,-1.87466338e-01,5.62101771e-03,2.75367978e-01,0.00000000e+00,5.61084393e-01,1.32021577e-01,1.62912665e-02,1.29381145e+02,1.59654412e+01
4.20000000e-02,-3.86990785e-03,-1.97343451e-01,6.18281975e-03,2.86185174e-01,0.00000000e+00,6.18111926e-01,1.29572536e-01,1.51305179e-02,1.26981085e+02,1.48279076e+01
4.40000000e-02,-4.27431632e-03,-2.07073695e-01,6.76541756e-03,2.96491117e-01,0.00000000e+00,6.77825037e-01,1.31851274e-01,1.60462541e-02,1.29214248e+02,1.57253290e+01
4.60000000e-02,-4.69820177e-03,-2.16802659e-01,7.36891866e-03,3.06998696e-01,0.00000000e+00,7.40210077e-01,1.32963171e-01,1.64116017e-02,1.30303907e+02,1.60833697e+01
4.80000000e-02,-5.14144142e-03,-2.26403327e-01,7.99310924e-03,3.17051689e-01,0.00000000e+00,8.05252790e-01,1.32432287e-01,1.59796198e-02,1.29783641e+02,1.56600274e+01
5.00000000e-02,-5.60370315e-03,-2.35836110e-01,8.63672259e-03,3.26500510e-01,0.00000000e+00,8.72938311e-01,1.32775118e-01,1.60590083e-02,1.30119615e+02,1.57378281e+01
5.20000000e-02,-6.08469107e-03,-2.45126716e-01,9.29885158e-03,3.35559835e-01,0.00000000e+00,9.43251171e-01,1.32998395e-01,1.61042390e-02,1.30338427e+02,1.57821542e+01
5.40000000e-02,-6.58410598e-03,-2.54261283e-01,9.97867803e-03,3.44193351e-01,0.00000000e+00,1.01617530e+00,1.33168353e-01,1.61328650e-02,1.30504986e+02,1.58102077e+01
5.60000000e-02,-7.10162538e-03,-2.63229629e-01,1.06753269e-02,3.52379710e-01,0.00000000e+00,1.09169404e+00,1.33302194e-01,1.61574928e-02,1.30636150e+02,1.58343429e+01
5.80000000e-02,-7.63690664e-03,-2.72021191e-01,1.13878877e-02,3.60102324e-01,0.00000000e+00,1.16979012e+00,1.33371010e-01,1.61742255e-02,1.30703590e+02,1.58507410e+01
6.00000000e-02,-8.18958464e-03,-2.80624504e-01,1.21154182e-02,3.67348050e-01,0.00000000e+00,1.25044569e+00,1.33379726e-01,1.61928412e-02,1.30712131e+02,1.58689844e+01
6.20000000e-02,-8.75919399e-03,-2.88911850e-01,1.28565728e-02,3.73533304e-01,0.00000000e+00,1.33364234e+00,1.30603444e-01,1.50044514e-02,1.27991375e+02,1.47043624e+01
6.40000000e-02,-9.34506755e-03,-2.96952475e-01,1.36091346e-02,3.79093444e-01,0.00000000e+00,1.41936103e+00,1.32364306e-01,1.59535717e-02,1.29717020e+02,1.56345002e+01
6.60000000e-02,-9.94693391e-03,-3.04888135e-01,1.43730375e-02,3.84789958e-01,0.00000000e+00,1.50758219e+00,1.33031372e-01,1.63796561e-02,1.30370744e+02,1.60520629e+01
6.80000000e-02,-1.05644626e-02,-3.12587594e-01,1.51479262e-02,3.89934215e-01,0.00000000e+00,1.59828564e+00,1.31854321e-01,1.58992007e-02,1.29217235e+02,1.55812166e+01
7.00000000e-02,-1.11970994e-02,-3.20009758e-01,1.59322886e-02,3.94349885e-01,0.00000000e+00,1.69145067e+00,1.31685669e-01,1.59690352e-02,1.29051955e+02,1.56496545e+01
7.20000000e-02,-1.18443397e-02,-3.27189063e-01,1.67250053e-02,3.98284846e-01,0.00000000e+00,1.78705597e+00,1.31433453e-01,1.60210032e-02,1.28804784e+02,1.57005831e+01
7.40000000e-02,-1.25056877e-02,-3.34116458e-01,1.75250959e-02,4.01721780e-01,0.00000000e+00,1.88507971e+00,1.31169528e-01,1.60652259e-02,1.28546137e+02,1.57439214e+01
7.60000000e-02,-1.31806315e-02,-3.40782813e-01,1.83315425e-02,4.04633911e-01,0.00000000e+00,1.98549947e+00,1.30815995e-01,1.60702822e-02,1.28199675e+02,1.57488766e+01
7.80000000e-02,-1.38686395e-02,-3.47180048e-01,1.91432715e-02,4.07005991e-01,0.00000000e+00,2.08829231e+00,1.30470987e-01,1.60902662e-02,1.27861567e+02,1.57684609e+01
8.00000000e-02,-1.45691680e-02,-3.53301776e-01,1.99592072e-02,4.08839210e-01,0.00000000e+00,2.19343474e+00,1.30071571e-01,1.61040484e-02,1.27470139e+02,1.57819674e+01
8.20000000e-02,-1.52816057e-02,-3.59062136e-01,2.07779453e-02,4.09648020e-01,0.00000000e+00,2.30090272e+00,1.27818769e-01,1.51092242e-02,1.25262393e+02,1.48070397e+01
8.40000000e-02,-1.60052177e-02,-3.64524156e-01,2.15973697e-02,4.09812563e-01,0.00000000e+00,2.41067170e+00,1.28984802e-01,1.59222864e-02,1.26405106e+02,1.56038407e+01
8.60000000e-02,-1.67395779e-02,-3.69799557e-01,2.24172247e-02,4.10020866e-01,0.00000000e+00,2.52271659e+00,1.29431072e-01,1.63722018e-02,1.26842451e+02,1.60447577e+01
8.80000000e-02,-1.74842161e-02,-3.74775326e-01,2.32370815e-02,4.09671674e-01,0.00000000e+00,2.63701178e+00,1.28041286e-01,1.59234053e-02,1.25480461e+02,1.56049372e+01
9.00000000e-02,-1.82384506e-02,-3.79408205e-01,2.40554118e-02,4.08573106e-01,0.00000000e+00,2.75353116e+00,1.27556578e-01,1.59687148e-02,1.25005446e+02,1.56493405e+01
9.20000000e-02,-1.90016451e-02,-3.83735310e-01,2.48710364e-02,4.06968294e-01,0.00000000e+00,2.87224809e+00,1.27108417e-01,1.60265991e-02,1.24566249e+02,1.57060671e+01
9.40000000e-02,-1.97731862e-02,-3.87753917e-01,2.56829463e-02,4.04855513e-01,0.00000000e+00,2.99313545e+00,1.26629487e-01,1.60631857e-02,1.24096897e+02,1.57419220e+01
9.60000000e-02,-2.05524491e-02,-3.91455055e-01,2.64901031e-02,4.02209770e-01,0.00000000e+00,3.11616560e+00,1.26036016e-01,1.60620343e-02,1.23515296e+02,1.57407936e+01
9.80000000e-02,-2.13387895e-02,-3.94830783e-01,2.72914295e-02,3.99030260e-01,0.00000000e+00,3.24131043e+00,1.25430625e-01,1.60888223e-02,1.22922012e+02,1.57670459e+01
1.00000000e-01,-2.21315544e-02,-3.97879821e-01,2.80858739e-02,3.95325445e-01,0.00000000e+00,3.36854134e+00,1.24861011e-01,1.60958161e-02,1.22363791e+02,1.57738998e+01
1.02000000e-01,-2.29300751e-02,-4.00578444e-01,2.88721757e-02,3.90787381e-01,0.00000000e+00,3.49782925e+00,1.23749649e-01,1.54648940e-02,1.21274656e+02,1.51555962e+01
1.04000000e-01,-2.37336571e-02,-4.02960404e-01,2.96486223e-02,3.85647774e-01,0.00000000e+00,3.62914461e+00,1.24011362e-01,1.59444787e-02,1.21531135e+02,1.56255891e+01
1.06000000e-01,-2.45417476e-02,-4.05088674e-01,3.04147199e-02,3.80437937e-01,0.00000000e+00,3.76245742e+00,1.24409406e-01,1.64140295e-02,1.21921218e+02,1.60857489e+01
1.08000000e-01,-2.53537979e-02,-4.06896101e-01,3.11700722e-02,3.74775299e-01,0.00000000e+00,3.89773720e+00,1.23135423e-01,1.60753761e-02,1.20672715e+02,1.57538685e+01
1.10000000e-01,-2.61690884e-02,-4.08338092e-01,3.19133743e-02,3.68442503e-01,0.00000000e+00,4.03495305e+00,1.22519484e-01,1.60717778e-02,1.20069094e+02,1.57503422e+01
1.12000000e-01,-2.69869279e-02,-4.09446609e-01,3.26435226e-02,3.61630377e-01,0.00000000e+00,4.17407360e+00,1.22014500e-01,1.61150804e-02,1.19574210e+02,1.57927788e+01
1.14000000e-01,-2.78066517e-02,-4.10220479e-01,3.33595937e-02,3.54365186e-01,0.00000000e+00,4.31506706e+00,1.21387906e-01,1.61466879e-02,1.18960148e+02,1.58237541e+01
1.16000000e-01,-2.86275816e-02,-4.10652038e-01,3.40606761e-02,3.46639165e-01,0.00000000e+00,4.45790120e+00,1.20715078e-01,1.61524645e-02,1.18300776e+02,1.58294152e+01
1.18000000e-01,-2.94490318e-02,-4.10741574e-01,3.47458436e-02,3.38452927e-01,0.00000000e+00,4.60254338e+00,1.20100849e-01,1.61628132e-02,1.17698832e+02,1.58395569e+01
1.20000000e-01,-3.02703208e-02,-4.10490541e-01,3.54141867e-02,3.29815084e-01,0.00000000e+00,4.74896056e+00,1.19462061e-01,1.61628162e-02,1.17072820e+02,1.58395599e+01
1.22000000e-01,-3.10907925e-02,-4.09937304e-01,3.60647528e-02,3.20650697e-01,0.00000000e+00,4.89711925e+00,1.19738975e-01,1.59906772e-02,1.17344195e+02,1.56708636e+01
1.24000000e-01,-3.19098677e-02,-4.09080599e-01,3.66964638e-02,3.10997899e-01,0.00000000e+00,5.04698561e+00,1.19060398e-01,1.60439991e-02,1.16679190e+02,1.57231192e+01
1.26000000e-01,-3.27269190e-02,-4.07930094e-01,3.73086306e-02,3.01174328e-01,0.00000000e+00,5.19852539e+00,1.19548000e-01,1.65107588e-02,1.17157040e+02,1.61805436e+01
1.28000000e-01,-3.35413840e-02,-4.06473491e-01,3.79009717e-02,2.91066677e-01,0.00000000e+00,5.35170395e+00,1.18562060e-01,1.62980020e-02,1.16190818e+02,1.59720420e+01
1.30000000e-01,-3.43525755e-02,-4.04660737e-01,3.84725636e-02,2.80458576e-01,0.00000000e+00,5.50648628e+00,1.17854855e-01,1.62811763e-02,1.15497758e+02,1.59555528e+01
1.32000000e-01,-3.51598034e-02,-4.02512585e-01,3.90225554e-02,2.69474608e-01,0.00000000e+00,5.66283702e+00,1.17322868e-01,1.62992179e-02,1.14976411e+02,1.59732335e+01
1.34000000e-01,-3.59624070e-02,-4.00036213e-01,3.95502397e-02,2.58157141e-01,0.00000000e+00,5.82072043e+00,1.16746942e-01,1.63395952e-02,1.14412003e+02,1.60128033e+01
1.36000000e-01,-3.67597333e-02,-3.97237499e-01,4.00549767e-02,2.46528866e-01,0.00000000e+00,5.98010042e+00,1.16310617e-01,1.63726078e-02,1.13984405e+02,1.60451557e+01
1.38000000e-01,-3.75511381e-02,-3.94110430e-01,4.05361315e-02,2.34565122e-01,0.00000000e+00,6.14094058e+00,1.15547113e-01,1.63276683e-02,1.13236171e+02,1.60011149e+01
1.40000000e-01,-3.83359501e-02,-3.90646010e-01,4.09930125e-02,2.22264296e-01,0.00000000e+00,6.30320415e+00,1.14848173e-01,1.63227595e-02,1.12551209e+02,1.59963043e+01
1.42000000e-01,-3.91135578e-02,-3.86935075e-01,4.14250618e-02,2.09773147e-01,0.00000000e+00,6.46685404e+00,1.16149559e-01,1.65504878e-02,1.13826568e+02,1.62194780e+01
1.44000000e-01,-3.98835176e-02,-3.82965006e-01,4.18319180e-02,1.97001413e-01,0.00000000e+00,6.63185285e+00,1.15094256e-01,1.63202132e-02,1.12792371e+02,1.59938089e+01
1.46000000e-01,-4.06452156e-02,-3.78691616e-01,4.22129159e-02,1.84002452e-01,0.00000000e+00,6.79816287e+00,1.15296972e-01,1.66231286e-02,1.12991033e+02,1.62906661e+01
1.48000000e-01,-4.13980993e-02,-3.74141058e-01,4.25678567e-02,1.70896898e-01,0.00000000e+00,6.96574610e+00,1.14781929e-01,1.66088649e-02,1.12486290e+02,1.62766876e+01
1.50000000e-01,-4.21415800e-02,-3.69290801e-01,4.28963262e-02,1.57525465e-01,0.00000000e+00,7.13456424e+00,1.14382609e-01,1.65397297e-02,1.12094957e+02,1.62089352e+01
1.52000000e-01,-4.28750673e-02,-3.64147723e-01,4.31977972e-02,1.43911994e-01,0.00000000e+00,7.30457871e+00,1.13947940e-01,1.65370399e-02,1.11668981e+02,1.62062991e+01
1.54000000e-01,-4.35979732e-02,-3.58708089e-01,4.34718481e-02,1.30109405e-01,0.00000000e+00,7.47575064e+00,1.13376149e-01,1.65398960e-02,1.11108626e+02,1.62090981e+01
1.56000000e-01,-4.43097087e-02,-3.52982080e-01,4.37181303e-02,1.16150059e-01,0.00000000e+00,7.64804093e+00,1.13089378e-01,1.65655266e-02,1.10827591e+02,1.62342161e+01
1.58000000e-01,-4.50097166e-02,-3.46978658e-01,4.39363536e-02,1.02048561e-01,0.00000000e+00,7.82141020e+00,1.12632431e-01,1.65590124e-02,1.10379782e+02,1.62278321e+01
1.60000000e-01,-4.56974363e-02,-3.40694681e-01,4.41262360e-02,8.78142742e-02,0.00000000e+00,7.99581882e+00,1.12173028e-01,1.65638642e-02,1.09929567e+02,1.62325869e+01
1.62000000e-01,-4.63723827e-02,-3.34241856e-01,4.42876989e-02,7.37123017e-02,0.00000000e+00,8.17122694e+00,1.14222967e-01,1.70731839e-02,1.11938507e+02,1.67317202e+01
1.64000000e-01,-4.70342796e-02,-3.27602893e-01,4.44210573e-02,5.95684067e-02,0.00000000e+00,8.34759447e+00,1.13253621e-01,1.66721221e-02,1.10988548e+02,1.63386796e+01
1.66000000e-01,-4.76826129e-02,-3.20691888e-01,4.45258309e-02,4.52121326e-02,0.00000000e+00,8.52488111e+00,1.13186620e-01,1.67829391e-02,1.10922888e+02,1.64472803e+01
1.68000000e-01,-4.83168996e-02,-3.13559549e-01,4.46019322e-02,3.08954471e-02,0.00000000e+00,8.70304633e+00,1.13288449e-01,1.68697806e-02,1.11022680e+02,1.65323850e+01
1.70000000e-01,-4.89367043e-02,-3.06207002e-01,4.46494076e-02,1.65710646e-02,0.00000000e+00,8.88204942e+00,1.13130428e-01,1.68404482e-02,1.10867819e+02,1.65036393e+01
1.72000000e-01,-4.95415747e-02,-2.98625133e-01,4.46681839e-02,2.19792950e-03,0.00000000e+00,9.06184948e+00,1.12898321e-01,1.68001359e-02,1.10640355e+02,1.64641331e+01
1.74000000e-01,-5.01310568e-02,-2.90821276e-01,4.46581992e-02,-1.21754095e-02,0.00000000e+00,9.24240540e+00,1.12786940e-01,1.68316259e-02,1.10531202e+02,1.64949934e+01
1.76000000e-01,-5.07047196e-02,-2.82807059e-01,4.46195118e-02,-2.65044716e-02,0.00000000e+00,9.42367593e+00,1.12698312e-01,1.68436570e-02,1.10444346e+02,1.65067839e+01
1.78000000e-01,-5.12621458e-02,-2.74583910e-01,4.45522096e-02,-4.07910181e-02,0.00000000e+00,9.60561964e+00,1.12488596e-01,1.68305542e-02,1.10238824e+02,1.64939431e+01
1.80000000e-01,-5.18029203e-02,-2.66158327e-01,4.44563878e-02,-5.50174765e-02,0.00000000e+00,9.78819495e+00,1.12416700e-01,1.68387060e-02,1.10168366e+02,1.65019318e+01
1.82000000e-01,-5.23267237e-02,-2.57649731e-01,4.43324150e-02,-6.88311331e-02,0.00000000e+00,9.97136013e+00,1.14859509e-01,1.75256106e-02,1.12562319e+02,1.71750984e+01
1.84000000e-01,-5.28334572e-02,-2.49048076e-01,4.41812362e-02,-8.23854570e-02,0.00000000e+00,1.01550733e+01,1.14413711e-01,1.71725930e-02,1.12125437e+02,1.68291412e+01
1.86000000e-01,-5.33227781e-02,-2.40239502e-01,4.40027616e-02,-9.61070196e-02,0.00000000e+00,1.03392925e+01,1.14054646e-01,1.69252059e-02,1.11773553e+02,1.65867018e+01
1.88000000e-01,-5.37943102e-02,-2.31273561e-01,4.37969038e-02,-1.09684993e-01,0.00000000e+00,1.05239757e+01,1.14622215e-01,1.71854728e-02,1.12329771e+02,1.68417633e+01
1.90000000e-01,-5.42477932e-02,-2.22188932e-01,4.35642079e-02,-1.22983676e-01,0.00000000e+00,1.07090806e+01,1.15020112e-01,1.71844548e-02,1.12719710e+02,1.68407657e+01
1.92000000e-01,-5.46829796e-02,-2.12974741e-01,4.33050617e-02,-1.36143509e-01,0.00000000e+00,1.08945649e+01,1.15184750e-01,1.71120876e-02,1.12881055e+02,1.67698459e+01
1.94000000e-01,-5.50995998e-02,-2.03622047e-01,4.30197332e-02,-1.49154330e-01,0.00000000e+00,1.10803862e+01,1.15222740e-01,1.70949438e-02,1.12918285e+02,1.67530449e+01
1.96000000e-01,-5.54973849e-02,-1.94145075e-01,4.27086072e-02,-1.61921014e-01,0.00000000e+00,1.12665020e+01,1.15566529e-01,1.71852957e-02,1.13255199e+02,1.68415898e+01
1.98000000e-01,-5.58761047e-02,-1.84554993e-01,4.23722184e-02,-1.74433866e-01,0.00000000e+00,1.14528699e+01,1.15710320e-01,1.71523045e-02,1.13396113e+02,1.68092584e+01
2.00000000e-01,-5.62355351e-02,-1.74860209e-01,4.20110271e-02,-1.86713607e-01,0.00000000e+00,1.16394473e+01,1.16093557e-01,1.71636363e-02,1.13771686e+02,1.68203636e+01
2.02000000e-01,-5.65755531e-02,-1.65176808e-01,4.16257890e-02,-1.98355873e-01,0.00000000e+00,1.18261914e+01,1.18791562e-01,1.79448478e-02,1.16415731e+02,1.75859508e+01
2.04000000e-01,-5.68962357e-02,-1.55483464e-01,4.12179141e-02,-2.09532550e-01,0.00000000e+00,1.20130596e+01,1.18518494e-01,1.75627867e-02,1.16148124e+02,1.72115309e+01
2.06000000e-01,-5.71973863e-02,-1.45639086e-01,4.07875526e-02,-2.20868441e-01,0.00000000e+00,1.22000093e+01,1.17760754e-01,1.70004669e-02,1.15405539e+02,1.66604575e+01
2.08000000e-01,-5.74787431e-02,-1.35721306e-01,4.03346079e-02,-2.31952914e-01,0.00000000e+00,1.23869976e+01,1.19140561e-01,1.74480227e-02,1.16757750e+02,1.70990622e+01
2.10000000e-01,-5.77402672e-02,-1.25797014e-01,3.98600939e-02,-2.42508082e-01,0.00000000e+00,1.25739819e+01,1.19783976e-01,1.74379314e-02,1.17388296e+02,1.70891728e+01
2.12000000e-01,-5.79819044e-02,-1.15832657e-01,3.93647751e-02,-2.52764076e-01,0.00000000e+00,1.27609194e+01,1.20217515e-01,1.73725957e-02,1.17813165e+02,1.70251438e+01
2.14000000e-01,-5.82035710e-02,-1.05828019e-01,3.88492525e-02,-2.62697646e-01,0.00000000e+00,1.29477674e+01,1.20693059e-01,1.73823193e-02,1.18279198e+02,1.70346729e+01
2.16000000e-01,-5.84051983e-02,-9.57961082e-02,3.83142297e-02,-2.72263396e-01,0.00000000e+00,1.31344832e+01,1.21267094e-01,1.73842625e-02,1.18841752e+02,1.70365772e+01
2.18000000e-01,-5.85867497e-02,-8.57557382e-02,3.77604599e-02,-2.81437727e-01,0.00000000e+00,1.33210242e+01,1.22018426e-01,1.74165801e-02,1.19578057e+02,1.70682485e+01
2.20000000e-01,-5.87482189e-02,-7.57118016e-02,3.71887536e-02,-2.90200009e-01,0.00000000e+00,1.35073476e+01,1.22542854e-01,1.74360339e-02,1.20091997e+02,1.70873132e+01
2.22000000e-01,-5.88896537e-02,-6.57529540e-02,3.66002415e-02,-2.98089934e-01,0.00000000e+00,1.36934109e+01,1.25202072e-01,1.84102402e-02,1.22698031e+02,1.80420354e+01
2.24000000e-01,-5.90112801e-02,-5.58681116e-02,3.59968002e-02,-3.05370348e-01,0.00000000e+00,1.38791716e+01,1.25305353e-01,1.78563033e-02,1.22799246e+02,1.74991772e+01
2.26000000e-01,-5.91130749e-02,-4.59064485e-02,3.53786087e-02,-3.12877978e-01,0.00000000e+00,1.40645872e+01,1.24278529e-01,1.70532234e-02,1.21792958e+02,1.67121590e+01
2.28000000e-01,-5.91949191e-02,-3.59646773e-02,3.47455411e-02,-3.20006408e-01,0.00000000e+00,1.42496154e+01,1.26478982e-01,1.77508468e-02,1.23949403e+02,1.73958299e+01
2.30000000e-01,-5.92570028e-02,-2.61266398e-02,3.40990876e-02,-3.26378068e-01,0.00000000e+00,1.44342139e+01,1.27249499e-01,1.77208066e-02,1.24704509e+02,1.73663905e+01
2.32000000e-01,-5.92994539e-02,-1.63308685e-02,3.34402736e-02,-3.32382655e-01,0.00000000e+00,1.46183405e+01,1.27853180e-01,1.75826459e-02,1.25296117e+02,1.72309929e+01
2.34000000e-01,-5.93223622e-02,-6.58906465e-03,3.27698175e-02,-3.37996461e-01,0.00000000e+00,1.48019530e+01,1.28737393e-01,1.75855840e-02,1.26162645e+02,1.72338723e+01
2.36000000e-01,-5.93258640e-02,3.07188793e-03,3.20886269e-02,-3.43101580e-01,0.00000000e+00,1.49850096e+01,1.29810541e-01,1.76793717e-02,1.27214330e+02,1.73257842e+01
2.38000000e-01,-5.93101282e-02,1.26526008e-02,3.13977470e-02,-3.47702987e-01,0.00000000e+00,1.51674685e+01,1.30523077e-01,1.76578147e-02,1.27912616e+02,1.73046584e+01
2.40000000e-01,-5.92753098e-02,2.21491125e-02,3.06981260e-02,-3.51837945e-01,0.00000000e+00,1.53492878e+01,1.31532696e-01,1.76607113e-02,1.28902042e+02,1.73074971e+01
2.42000000e-01,-5.92216409e-02,3.14819097e-02,2.99910603e-02,-3.54975499e-01,0.00000000e+00,1.55304261e+01,1.33948784e-01,1.87426552e-02,1.31269809e+02,1.83678021e+01
2.44000000e-01,-5.91494707e-02,4.06818688e-02,2.92786782e-02,-3.57431803e-01,0.00000000e+00,1.57108419e+01,1.34085204e-01,1.80739623e-02,1.31403500e+02,1.77124830e+01
2.46000000e-01,-5.90589041e-02,4.98957219e-02,2.85611227e-02,-3.60203608e-01,0.00000000e+00,1.58904941e+01,1.32922362e-01,1.70564359e-02,1.30263914e+02,1.67153072e+01
2.48000000e-01,-5.89499534e-02,5.90111374e-02,2.78381325e-02,-3.62572412e-01,0.00000000e+00,1.60693416e+01,1.35533422e-01,1.78880727e-02,1.32822753e+02,1.75303112e+01
2.50000000e-01,-5.88229893e-02,6.79319674e-02,2.71113998e-02,-3.64091233e-01,0.00000000e+00,1.62473434e+01,1.36469362e-01,1.78030108e-02,1.33739975e+02,1.74469506e+01
2.52000000e-01,-5.86783095e-02,7.67269685e-02,2.63820527e-02,-3.65182394e-01,0.00000000e+00,1.64244590e+01,1.37328635e-01,1.77442810e-02,1.34582062e+02,1.73893954e+01
2.54000000e-01,-5.85161722e-02,8.53858352e-02,2.56509845e-02,-3.65802144e-01,0.00000000e+00,1.66006478e+01,1.38362333e-01,1.77484094e-02,1.35595086e+02,1.73934412e+01
2.56000000e-01,-5.83368735e-02,9.38836577e-02,2.49191950e-02,-3.65895546e-01,0.00000000e+00,1.67758696e+01,1.39662952e-01,1.78037459e-02,1.36869693e+02,1.74476710e+01
2.58000000e-01,-5.81407466e-02,1.02218024e-01,2.41877563e-02,-3.65458012e-01,0.00000000e+00,1.69500843e+01,1.40614950e-01,1.78177906e-02,1.37802651e+02,1.74614348e+01
2.60000000e-01,-5.79281106e-02,1.10388639e-01,2.34577053e-02,-3.64507054e-01,0.00000000e+00,1.71232521e+01,1.41787059e-01,1.78381396e-02,1.38951318e+02,1.74813768e+01
2.62000000e-01,-5.76993128e-02,1.18378010e-01,2.27303609e-02,-3.62607064e-01,0.00000000e+00,1.72953335e+01,1.43015142e-01,1.87700659e-02,1.40154839e+02,1.83946646e+01
2.64000000e-01,-5.74547113e-02,1.26198238e-01,2.20077130e-02,-3.60053144e-01,0.00000000e+00,1.74662891e+01,1.43774752e-01,1.81773372e-02,1.40899257e+02,1.78137905e+01
2.66000000e-01,-5.71945648e-02,1.33951143e-01,2.12899158e-02,-3.57847974e-01,0.00000000e+00,1.76360798e+01,1.42496308e-01,1.70116730e-02,1.39646382e+02,1.66714395e+01
2.68000000e-01,-5.69190169e-02,1.41538742e-01,2.05765706e-02,-3.55268617e-01,0.00000000e+00,1.78046669e+01,1.45419315e-01,1.79427304e-02,1.42510928e+02,1.75838758e+01
2.70000000e-01,-5.66285870e-02,1.48860485e-01,1.98694091e-02,-3.51837654e-01,0.00000000e+00,1.79720118e+01,1.46367849e-01,1.77875875e-02,1.43440492e+02,1.74318358e+01
2.72000000e-01,-5.63236992e-02,1.55995848e-01,1.91694708e-02,-3.48030597e-01,0.00000000e+00,1.81380763e+01,1.47314865e-01,1.77307158e-02,1.44368568e+02,1.73761015e+01
2.74000000e-01,-5.60047394e-02,1.62927602e-01,1.84776015e-02,-3.43751438e-01,0.00000000e+00,1.83028224e+01,1.48550362e-01,1.77884350e-02,1.45579354e+02,1.74326663e+01
2.76000000e-01,-5.56721442e-02,1.69626388e-01,1.77948423e-02,-3.38906488e-01,0.00000000e+00,1.84662124e+01,1.50071124e-01,1.79410048e-02,1.47069701e+02,1.75821847e+01
2.78000000e-01,-5.53263834e-02,1.76100809e-01,1.71222974e-02,-3.33578699e-01,0.00000000e+00,1.86282091e+01,1.50997239e-01,1.78389851e-02,1.47977295e+02,1.74822054e+01
2.80000000e-01,-5.49678829e-02,1.82362222e-01,1.64607999e-02,-3.27842324e-01,0.00000000e+00,1.87887753e+01,1.52147699e-01,1.78513215e-02,1.49104745e+02,1.74942951e+01
2.82000000e-01,-5.45970482e-02,1.88453099e-01,1.58114236e-02,-3.21362819e-01,0.00000000e+00,1.89478745e+01,1.51979961e-01,1.84685607e-02,1.48940361e+02,1.80991895e+01
2.84000000e-01,-5.42142087e-02,1.94336691e-01,1.51757418e-02,-3.14293568e-01,0.00000000e+00,1.91054702e+01,1.53890388e-01,1.81782089e-02,1.50812580e+02,1.78146447e+01
2.86000000e-01,-5.38197958e-02,2.00078831e-01,1.45540314e-02,-3.07551194e-01,0.00000000e+00,1.92615265e+01,1.52089042e-01,1.68914776e-02,1.49047262e+02,1.65536481e+01
2.88000000e-01,-5.34140104e-02,2.05645519e-01,1.39456989e-02,-3.00566095e-01,0.00000000e+00,1.94160076e+01,1.54700664e-01,1.78158822e-02,1.51606650e+02,1.74595646e+01
2.90000000e-01,-5.29974107e-02,2.10916695e-01,1.33522886e-02,-2.92798775e-01,0.00000000e+00,1.95688783e+01,1.55615245e-01,1.76824793e-02,1.52502940e+02,1.73288297e+01
2.92000000e-01,-5.25704973e-02,2.15957351e-01,1.27747020e-02,-2.84734238e-01,0.00000000e+00,1.97201036e+01,1.56623009e-01,1.76113458e-02,1.53490549e+02,1.72591189e+01
2.94000000e-01,-5.21337480e-02,2.20747996e-01,1.22136147e-02,-2.76275065e-01,0.00000000e+00,1.98696490e+01,1.57911785e-01,1.77058481e-02,1.54753549e+02,1.73517311e+01
2.96000000e-01,-5.16876769e-02,2.25281338e-01,1.16698881e-02,-2.67386330e-01,0.00000000e+00,2.00174803e+01,1.59012783e-01,1.77326443e-02,1.55832527e+02,1.73779914e+01
2.98000000e-01,-5.12327909e-02,2.29562365e-01,1.11443287e-02,-2.58108680e-01,0.00000000e+00,2.01635636e+01,1.60112010e-01,1.77676200e-02,1.56909769e+02,1.74122676e+01
3.00000000e-01,-5.07695957e-02,2.33590917e-01,1.06376952e-02,-2.48468337e-01,0.00000000e+00,2.03078657e+01,1.61147866e-01,1.77662633e-02,1.57924909e+02,1.74109381e+01
3.02000000e-01,-5.02985246e-02,2.37473432e-01,1.01507531e-02,-2.38381456e-01,0.00000000e+00,2.04503535e+01,1.59694924e-01,1.80051942e-02,1.56501026e+02,1.76450903e+01
3.04000000e-01,-4.98198378e-02,2.41152253e-01,9.68446228e-03,-2.27855304e-01,0.00000000e+00,2.05909945e+01,1.62015243e-01,1.80178890e-02,1.58774938e+02,1.76575312e+01
3.06000000e-01,-4.93340425e-02,2.44640692e-01,9.23914600e-03,-2.17607903e-01,0.00000000e+00,2.07297566e+01,1.60192232e-01,1.67796870e-02,1.56988387e+02,1.64440932e+01
3.08000000e-01,-4.88414061e-02,2.47932576e-01,8.81410594e-03,-2.07247647e-01,0.00000000e+00,2.08666079e+01,1.62600384e-01,1.76434180e-02,1.59348377e+02,1.72905496e+01
3.10000000e-01,-4.83425159e-02,2.50918887e-01,8.41056700e-03,-1.96270062e-01,0.00000000e+00,2.10015173e+01,1.63272441e-01,1.74945065e-02,1.60006992e+02,1.71446163e+01
3.12000000e-01,-4.78378907e-02,2.53665001e-01,8.02914271e-03,-1.85116968e-01,0.00000000e+00,2.11344540e+01,1.64105146e-01,1.74623816e-02,1.60823043e+02,1.71131340e+01
3.14000000e-01,-4.73280241e-02,2.56158888e-01,7.67026078e-03,-1.73721429e-01,0.00000000e+00,2.12653874e+01,1.65014496e-01,1.74860772e-02,1.61714206e+02,1.71363556e+01
3.16000000e-01,-4.68134317e-02,2.58387868e-01,7.33443367e-03,-1.62060907e-01,0.00000000e+00,2.13942878e+01,1.66103841e-01,1.75340859e-02,1.62781764e+02,1.71834042e+01
3.18000000e-01,-4.62946543e-02,2.60344328e-01,7.02218631e-03,-1.50146666e-01,0.00000000e+00,2.15211256e+01,1.67155807e-01,1.75677218e-02,1.63812691e+02,1.72163674e+01
3.20000000e-01,-4.57722270e-02,2.62041905e-01,6.73398941e-03,-1.38018844e-01,0.00000000e+00,2.16458719e+01,1.67895631e-01,1.75657433e-02,1.64537718e+02,1.72144284e+01
3.22000000e-01,-4.52465496e-02,2.63645070e-01,6.47017432e-03,-1.25795952e-01,0.00000000e+00,2.17684981e+01,1.65077259e-01,1.73854069e-02,1.61775713e+02,1.70376987e+01
3.24000000e-01,-4.47177680e-02,2.65066424e-01,6.23097427e-03,-1.13320101e-01,0.00000000e+00,2.18889763e+01,1.67833538e-01,1.77499338e-02,1.64476867e+02,1.73949351e+01
3.26000000e-01,-4.41864289e-02,2.66270285e-01,6.01674001e-03,-1.01075055e-01,0.00000000e+00,2.20072788e+01,1.65826964e-01,1.65898327e-02,1.62510425e+02,1.62580361e+01
3.28000000e-01,-4.36528068e-02,2.67294254e-01,5.82661925e-03,-8.89122380e-02,0.00000000e+00,2.21233788e+01,1.67685458e-01,1.73008250e-02,1.64331749e+02,1.69548085e+01
3.30000000e-01,-4.31174394e-02,2.68037049e-01,5.66135264e-03,-7.63570799e-02,0.00000000e+00,2.22372495e+01,1.68030090e-01,1.71721358e-02,1.64669488e+02,1.68286931e+01
3.32000000e-01,-4.25808119e-02,2.68549810e-01,5.52121669e-03,-6.37632905e-02,0.00000000e+00,2.23488651e+01,1.68682382e-01,1.71765842e-02,1.65308735e+02,1.68330525e+01
3.34000000e-01,-4.20434025e-02,2.68819045e-01,5.40636530e-03,-5.10707823e-02,0.00000000e+00,2.24581999e+01,1.69334881e-01,1.72100995e-02,1.65948184e+02,1.68658975e+01
3.36000000e-01,-4.15057002e-02,2.68841576e-01,5.31700739e-03,-3.82675329e-02,0.00000000e+00,2.25652291e+01,1.70058038e-01,1.72761585e-02,1.66656877e+02,1.69306353e+01
3.38000000e-01,-4.09681986e-02,2.68620443e-01,5.25334395e-03,-2.53911155e-02,0.00000000e+00,2.26699281e+01,1.70640169e-01,1.72674776e-02,1.67227365e+02,1.69221281e+01
3.40000000e-01,-4.04313759e-02,2.68163097e-01,5.21545659e-03,-1.24942164e-02,0.00000000e+00,2.27722730e+01,1.71193791e-01,1.72597615e-02,1.67769915e+02,1.69145663e+01
3.42000000e-01,-3.98955814e-02,2.67653018e-01,5.20320867e-03,1.65106110e-04,0.00000000e+00,2.28722405e+01,1.67496372e-01,1.67461068e-02,1.64146445e+02,1.64111847e+01
3.44000000e-01,-3.93608624e-02,2.66995185e-01,5.21616114e-03,1.28905933e-02,0.00000000e+00,2.29698076e+01,1.70278982e-01,1.74119928e-02,1.66873402e+02,1.70637529e+01
3.46000000e-01,-3.88277494e-02,2.66114180e-01,5.25466014e-03,2.54497753e-02,0.00000000e+00,2.30649522e+01,1.68355763e-01,1.64468398e-02,1.64988648e+02,1.61179030e+01
3.48000000e-01,-3.82965045e-02,2.65084911e-01,5.31778056e-03,3.77394393e-02,0.00000000e+00,2.31576523e+01,1.69402834e-01,1.69314579e-02,1.66014777e+02,1.65928288e+01
3.50000000e-01,-3.77675693e-02,2.63816460e-01,5.40571760e-03,5.01786455e-02,0.00000000e+00,2.32478870e+01,1.69621910e-01,1.68812685e-02,1.66229472e+02,1.65436432e+01
3.52000000e-01,-3.72413757e-02,2.62342496e-01,5.51842782e-03,6.25168652e-02,0.00000000e+00,2.33356354e+01,1.69903805e-01,1.68754595e-02,1.66505729e+02,1.65379503e+01
3.54000000e-01,-3.67183343e-02,2.60665942e-01,5.65573320e-03,7.47772987e-02,0.00000000e+00,2.34208777e+01,1.70079479e-01,1.69091371e-02,1.66677889e+02,1.65709544e+01
3.56000000e-01,-3.61988458e-02,2.58788569e-01,5.81748047e-03,8.69529318e-02,0.00000000e+00,2.35035942e+01,1.70348151e-01,1.69235541e-02,1.66941188e+02,1.65850830e+01
3.58000000e-01,-3.56833152e-02,2.56708493e-01,6.00347039e-03,9.90167709e-02,0.00000000e+00,2.35837662e+01,1.70599360e-01,1.69352491e-02,1.67187373e+02,1.65965442e+01
3.60000000e-01,-3.51721429e-02,2.54431797e-01,6.21345374e-03,1.10939901e-01,0.00000000e+00,2.36613752e+01,1.70760627e-01,1.69233034e-02,1.67345415e+02,1.65848373e+01
3.62000000e-01,-3.46655934e-02,2.52147046e-01,6.44688698e-03,1.22348590e-01,0.00000000e+00,2.37364036e+01,1.66643040e-01,1.61841997e-02,1.63310179e+02,1.58605157e+01
3.64000000e-01,-3.41636311e-02,2.49747800e-01,6.70278473e-03,1.33662200e-01,0.00000000e+00,2.38088341e+01,1.69328908e-01,1.70847260e-02,1.65942330e+02,1.67430315e+01
3.66000000e-01,-3.36667379e-02,2.47144980e-01,6.98144516e-03,1.44839930e-01,0.00000000e+00,2.38786503e+01,1.67333126e-01,1.62924480e-02,1.63986463e+02,1.59665990e+01
3.68000000e-01,-3.31751185e-02,2.44441114e-01,7.28184673e-03,1.55571121e-01,0.00000000e+00,2.39458362e+01,1.67665961e-01,1.65722090e-02,1.64312641e+02,1.62407649e+01
3.70000000e-01,-3.26890916e-02,2.41559983e-01,7.60366972e-03,1.66212433e-01,0.00000000e+00,2.40103764e+01,1.67496146e-01,1.65591783e-02,1.64146223e+02,1.62279947e+01
3.72000000e-01,-3.22089811e-02,2.38525133e-01,7.94654656e-03,1.76628917e-01,0.00000000e+00,2.40722562e+01,1.67326382e-01,1.65858542e-02,1.63979854e+02,1.62541372e+01
3.74000000e-01,-3.17350907e-02,2.35340925e-01,8.31002658e-03,1.86807216e-01,0.00000000e+00,2.41314614e+01,1.67104876e-01,1.65743115e-02,1.63762778e+02,1.62428253e+01
3.76000000e-01,-3.12677143e-02,2.32011274e-01,8.69360363e-03,1.96727858e-01,0.00000000e+00,2.41879786e+01,1.66896169e-01,1.65889346e-02,1.63558245e+02,1.62571559e+01
3.78000000e-01,-3.08071427e-02,2.28535952e-01,9.09676324e-03,2.06386370e-01,0.00000000e+00,2.42417947e+01,1.66734996e-01,1.65960797e-02,1.63400296e+02,1.62641581e+01
3.80000000e-01,-3.03536658e-02,2.24917728e-01,9.51896374e-03,2.15766849e-01,0.00000000e+00,2.42928975e+01,1.66518853e-01,1.66046398e-02,1.63188476e+02,1.62725470e+01
3.82000000e-01,-2.99074689e-02,2.21303824e-01,9.95943027e-03,2.24546863e-01,0.00000000e+00,2.43412753e+01,1.62976794e-01,1.59612941e-02,1.59717258e+02,1.56420682e+01
3.84000000e-01,-2.94684931e-02,2.17626055e-01,1.04169746e-02,2.33062012e-01,0.00000000e+00,2.43869171e+01,1.64412899e-01,1.66988732e-02,1.61124641e+02,1.63648957e+01
3.86000000e-01,-2.90370586e-02,2.13807466e-01,1.08915434e-02,2.41374801e-01,0.00000000e+00,2.44298124e+01,1.62729887e-01,1.62110479e-02,1.59475290e+02,1.58868269e+01
3.88000000e-01,-2.86132999e-02,2.09933869e-01,1.13821088e-02,2.49140074e-01,0.00000000e+00,2.44699514e+01,1.62223295e-01,1.62472541e-02,1.58978829e+02,1.59223090e+01
3.90000000e-01,-2.81973932e-02,2.05955102e-01,1.18879003e-02,2.56600274e-01,0.00000000e+00,2.45073250e+01,1.61776130e-01,1.62901924e-02,1.58540607e+02,1.59643886e+01
3.92000000e-01,-2.77895467e-02,2.01875497e-01,1.24082933e-02,2.63735620e-01,0.00000000e+00,2.45419246e+01,1.61233647e-01,1.63058707e-02,1.58008974e+02,1.59797533e+01
3.94000000e-01,-2.73899525e-02,1.97703944e-01,1.29426035e-02,2.70512091e-01,0.00000000e+00,2.45737423e+01,1.60645741e-01,1.62974200e-02,1.57432826e+02,1.59714716e+01
3.96000000e-01,-2.69987895e-02,1.93444618e-01,1.34900926e-02,2.76915086e-01,0.00000000e+00,2.46027708e+01,1.60074183e-01,1.63014327e-02,1.56872699e+02,1.59754040e+01
3.98000000e-01,-2.66162294e-02,1.89102239e-01,1.40500154e-02,2.82945462e-01,0.00000000e+00,2.46290035e+01,1.59445862e-01,1.63126954e-02,1.56256945e+02,1.59864415e+01
4.00000000e-01,-2.62424325e-02,1.84681944e-01,1.46216181e-02,2.88591307e-01,0.00000000e+00,2.46524344e+01,1.58825495e-01,1.63085445e-02,1.55648985e+02,1.59823736e+01
4.02000000e-01,-2.58775030e-02,1.80259703e-01,1.52040009e-02,2.93667679e-01,0.00000000e+00,2.46730582e+01,1.56494193e-01,1.59472258e-02,1.53364310e+02,1.56282812e+01
4.04000000e-01,-2.55213955e-02,1.75834672e-01,1.57959877e-02,2.98292457e-01,0.00000000e+00,2.46908700e+01,1.55965697e-01,1.62044428e-02,1.52846383e+02,1.58803540e+01
4.06000000e-01,-2.51742026e-02,1.71352120e-01,1.63969605e-02,3.02601937e-01,0.00000000e+00,2.47058660e+01,1.54985800e-01,1.61421566e-02,1.51886084e+02,1.58193134e+01
4.08000000e-01,-2.48360069e-02,1.66839781e-01,1.70060698e-02,3.06423028e-01,0.00000000e+00,2.47180426e+01,1.53882571e-01,1.60478765e-02,1.50804920e+02,1.57269190e+01
4.10000000e-01,-2.45068660e-02,1.62293704e-01,1.76223590e-02,3.09803734e-01,0.00000000e+00,2.47273970e+01,1.53068754e-01,1.60967963e-02,1.50007379e+02,1.57748603e+01
4.12000000e-01,-2.41868602e-02,1.57705368e-01,1.82450244e-02,3.12793890e-01,0.00000000e+00,2.47339271e+01,1.52239083e-01,1.61163844e-02,1.49194302e+02,1.57940568e+01
4.14000000e-01,-2.38760667e-02,1.53083731e-01,1.88732537e-02,3.15362847e-01,0.00000000e+00,2.47376315e+01,1.51290960e-01,1.61090917e-02,1.48265141e+02,1.57869099e+01
4.16000000e-01,-2.35745412e-02,1.48438319e-01,1.95061862e-02,3.17497476e-01,0.00000000e+00,2.47385092e+01,1.50314272e-01,1.61080161e-02,1.47307986e+02,1.57858558e+01
4.18000000e-01,-2.32823291e-02,1.43769491e-01,2.01429592e-02,3.19205466e-01,0.00000000e+00,2.47365602e+01,1.49433677e-01,1.61225290e-02,1.46445003e+02,1.58000785e+01
4.20000000e-01,-2.29994778e-02,1.39078741e-01,2.07827187e-02,3.20479428e-01,0.00000000e+00,2.47317847e+01,1.48498399e-01,1.61103798e-02,1.45528431e+02,1.57881722e+01
4.22000000e-01,-2.27260201e-02,1.34378973e-01,2.14245466e-02,3.21258036e-01,0.00000000e+00,2.47241839e+01,1.47392936e-01,1.59993241e-02,1.44445078e+02,1.56793376e+01
4.24000000e-01,-2.24619326e-02,1.29723140e-01,2.20673741e-02,3.21471660e-01,0.00000000e+00,2.47137596e+01,1.45296863e-01,1.58426749e-02,1.42390926e+02,1.55258214e+01
4.26000000e-01,-2.22071149e-02,1.25086270e-01,2.27101763e-02,3.21299871e-01,0.00000000e+00,2.47005141e+01,1.44850795e-01,1.61086865e-02,1.41953779e+02,1.57865128e+01
4.28000000e-01,-2.19615934e-02,1.20440654e-01,2.33523186e-02,3.20745574e-01,0.00000000e+00,2.46844505e+01,1.43477981e-01,1.59573240e-02,1.40608421e+02,1.56381775e+01
4.30000000e-01,-2.17253365e-02,1.15818724e-01,2.39928206e-02,3.19684362e-01,0.00000000e+00,2.46655724e+01,1.42349810e-01,1.59600791e-02,1.39502813e+02,1.56408775e+01
4.32000000e-01,-2.14983067e-02,1.11214480e-01,2.46307731e-02,3.18198790e-01,0.00000000e+00,2.46438842e+01,1.41192597e-01,1.59785288e-02,1.38368745e+02,1.56589582e+01
4.34000000e-01,-2.12804639e-02,1.06632184e-01,2.52653352e-02,3.16292462e-01,0.00000000e+00,2.46193907e+01,1.40039928e-01,1.59841802e-02,1.37239130e+02,1.56644966e+01
4.36000000e-01,-2.10717623e-02,1.02073362e-01,2.58956600e-02,3.13961881e-01,0.00000000e+00,2.45920976e+01,1.38921752e-01,1.59894049e-02,1.36143317e+02,1.56696168e+01
4.38000000e-01,-2.08721530e-02,9.75407985e-02,2.65208990e-02,3.11205668e-01,0.00000000e+00,2.45620112e+01,1.37778349e-01,1.59850751e-02,1.35022782e+02,1.56653736e+01
4.40000000e-01,-2.06815794e-02,9.30378935e-02,2.71402022e-02,3.08028666e-01,0.00000000e+00,2.45291383e+01,1.36654615e-01,1.59921544e-02,1.33921522e+02,1.56723113e+01
4.42000000e-01,-2.05000115e-02,8.85199236e-02,2.77527258e-02,3.04419977e-01,0.00000000e+00,2.44934864e+01,1.36629787e-01,1.59554395e-02,1.33897192e+02,1.56363307e+01
4.44000000e-01,-2.03274539e-02,8.40705691e-02,2.83574913e-02,3.00225161e-01,0.00000000e+00,2.44550637e+01,1.33624328e-01,1.56274862e-02,1.30951841e+02,1.53149364e+01
4.46000000e-01,-2.01636815e-02,7.96927675e-02,2.89534186e-02,2.95718629e-01,0.00000000e+00,2.44138789e+01,1.33603036e-01,1.61543185e-02,1.30930975e+02,1.58312321e+01
4.48000000e-01,-2.00086731e-02,7.53295481e-02,2.95401992e-02,2.90962328e-01,0.00000000e+00,2.43699415e+01,1.32000342e-01,1.59433811e-02,1.29360335e+02,1.56245135e+01
4.50000000e-01,-1.98623142e-02,7.10399820e-02,3.01169266e-02,2.85694039e-01,0.00000000e+00,2.43232615e+01,1.30669632e-01,1.59056693e-02,1.28056239e+02,1.55875559e+01
4.52000000e-01,-1.97244735e-02,6.68100247e-02,3.06827093e-02,2.80026596e-01,0.00000000e+00,2.42738496e+01,1.29464911e-01,1.59161073e-02,1.26875613e+02,1.55977852e+01
4.54000000e-01,-1.95950363e-02,6.26367335e-02,3.12367932e-02,2.73999512e-01,0.00000000e+00,2.42217170e+01,1.28271792e-01,1.59447664e-02,1.25706356e+02,1.56258711e+01
4.56000000e-01,-1.94738863e-02,5.85237640e-02,3.17784712e-02,2.67618345e-01,0.00000000e+00,2.41668757e+01,1.27049544e-01,1.59492925e-02,1.24508553e+02,1.56303066e+01
4.58000000e-01,-1.93608978e-02,5.44759231e-02,3.23070267e-02,2.60877491e-01,0.00000000e+00,2.41093383e+01,1.25810985e-01,1.59475893e-02,1.23294765e+02,1.56286375e+01
4.60000000e-01,-1.92559370e-02,5.04965553e-02,3.28217477e-02,2.53786442e-01,0.00000000e+00,2.40491178e+01,1.24576399e-01,1.59524202e-02,1.22084871e+02,1.56333718e+01
4.62000000e-01,-1.91589112e-02,4.65177907e-02,3.33218850e-02,2.46264260e-01,0.00000000e+00,2.39862280e+01,1.24988646e-01,1.57601568e-02,1.22488873e+02,1.54449537e+01
4.64000000e-01,-1.90698250e-02,4.26001618e-02,3.38064888e-02,2.38268217e-01,0.00000000e+00,2.39206833e+01,1.22404469e-01,1.56533098e-02,1.19956380e+02,1.53402436e+01
4.66000000e-01,-1.89884608e-02,3.87571085e-02,3.42748947e-02,2.30177403e-01,0.00000000e+00,2.38524987e+01,1.22566156e-01,1.62337034e-02,1.20114833e+02,1.59090294e+01
4.68000000e-01,-1.89147714e-02,3.49518494e-02,3.47270948e-02,2.21931259e-01,0.00000000e+00,2.37816897e+01,1.20904160e-01,1.59766006e-02,1.18486076e+02,1.56570686e+01
4.70000000e-01,-1.88485857e-02,3.12482573e-02,3.51623304e-02,2.13251075e-01,0.00000000e+00,2.37082726e+01,1.19635002e-01,1.59479389e-02,1.17242302e+02,1.56289801e+01
4.72000000e-01,-1.87897232e-02,2.76274263e-02,3.55799082e-02,2.04284588e-01,0.00000000e+00,2.36322641e+01,1.18474910e-01,1.59758329e-02,1.16105411e+02,1.56563162e+01
4.74000000e-01,-1.87380254e-02,2.40823891e-02,3.59793075e-02,1.95076298e-01,0.00000000e+00,2.35536817e+01,1.17427358e-01,1.60147060e-02,1.15078811e+02,1.56944119e+01
4.76000000e-01,-1.86933392e-02,2.06190250e-02,3.63600542e-02,1.85629167e-01,0.00000000e+00,2.34725431e+01,1.16187445e-01,1.60222706e-02,1.13863697e+02,1.57018252e+01
4.78000000e-01,-1.86554894e-02,1.72455517e-02,3.67216595e-02,1.75935097e-01,0.00000000e+00,2.33888671e+01,1.15004040e-01,1.60168974e-02,1.12703959e+02,1.56965595e+01
4.80000000e-01,-1.86242970e-02,1.39619782e-02,3.70636379e-02,1.66006089e-01,0.00000000e+00,2.33026726e+01,1.13818629e-01,1.60217139e-02,1.11542256e+02,1.57012797e+01
4.82000000e-01,-1.85996479e-02,1.06687074e-02,3.73854442e-02,1.55717676e-01,0.00000000e+00,2.32139795e+01,1.15016056e-01,1.57263955e-02,1.12715735e+02,1.54118676e+01
4.84000000e-01,-1.85815991e-02,7.41004162e-03,3.76863121e-02,1.45134528e-01,0.00000000e+00,2.31228080e+01,1.12849243e-01,1.58371893e-02,1.10592258e+02,1.55204455e+01
4.86000000e-01,-1.85699558e-02,4.22929542e-03,3.79660764e-02,1.34692383e-01,0.00000000e+00,2.30291789e+01,1.13087268e-01,1.64263110e-02,1.10825522e+02,1.60977848e+01
4.88000000e-01,-1.85646447e-02,1.10449724e-03,3.82250520e-02,1.24205813e-01,0.00000000e+00,2.29331136e+01,1.11485683e-01,1.61181554e-02,1.09255969e+02,1.57957922e+01
4.90000000e-01,-1.85654594e-02,-1.90269763e-03,3.84626675e-02,1.13371101e-01,0.00000000e+00,2.28346341e+01,1.10333499e-01,1.60394184e-02,1.08126829e+02,1.57186300e+01
4.92000000e-01,-1.85721966e-02,-4.82159568e-03,3.86784419e-02,1.02394574e-01,0.00000000e+00,2.27337628e+01,1.09465452e-01,1.61332103e-02,1.07276143e+02,1.58105461e+01
4.94000000e-01,-1.85846936e-02,-7.66214833e-03,3.88721966e-02,9.13441712e-02,0.00000000e+00,2.26305229e+01,1.08593143e-01,1.61656496e-02,1.06421281e+02,1.58423366e+01
4.96000000e-01,-1.86027882e-02,-1.04172135e-02,3.90437544e-02,8.01975443e-02,0.00000000e+00,2.25249379e+01,1.07604240e-01,1.61808614e-02,1.05452155e+02,1.58572442e+01
4.98000000e-01,-1.86263011e-02,-1.30802789e-02,3.91929245e-02,6.89575306e-02,0.00000000e+00,2.24170320e+01,1.06624361e-01,1.61873124e-02,1.04491874e+02,1.58635661e+01
5.00000000e-01,-1.86550466e-02,-1.56493151e-02,3.93195284e-02,5.76332933e-02,0.00000000e+00,2.23068298e+01,1.05631135e-01,1.61895556e-02,1.03518512e+02,1.58657645e+01
5.02000000e-01,-1.86889224e-02,-1.82544534e-02,3.94233207e-02,4.61037128e-02,0.00000000e+00,2.21943565e+01,1.07733990e-01,1.59092548e-02,1.05579310e+02,1.55910697e+01
5.04000000e-01,-1.87280684e-02,-2.08655266e-02,3.95038947e-02,3.45013695e-02,0.00000000e+00,2.20796378e+01,1.06078612e-01,1.61566804e-02,1.03957039e+02,1.58335468e+01
5.06000000e-01,-1.87723357e-02,-2.34033292e-02,3.95615418e-02,2.32223149e-02,0.00000000e+00,2.19626999e+01,1.06372865e-01,1.66748261e-02,1.04245408e+02,1.63413295e+01
5.08000000e-01,-1.88216392e-02,-2.58774135e-02,3.95968136e-02,1.19877317e-02,0.00000000e+00,2.18435696e+01,1.04981971e-01,1.63049747e-02,1.02882331e+02,1.59788752e+01
5.10000000e-01,-1.88757702e-02,-2.82388177e-02,3.96093534e-02,5.44272801e-04,0.00000000e+00,2.17222740e+01,1.04172016e-01,1.62589772e-02,1.02088575e+02,1.59337977e+01
5.12000000e-01,-1.89345408e-02,-3.05196728e-02,3.95990022e-02,-1.08819425e-02,0.00000000e+00,2.15988410e+01,1.03570155e-01,1.63310509e-02,1.01498752e+02,1.60044299e+01
5.14000000e-01,-1.89977992e-02,-3.27259281e-02,3.95658752e-02,-2.22338877e-02,0.00000000e+00,2.14732986e+01,1.02936152e-01,1.63721840e-02,1.00877429e+02,1.60447404e+01
5.16000000e-01,-1.90653894e-02,-3.48495715e-02,3.95100980e-02,-3.35388366e-02,0.00000000e+00,2.13456757e+01,1.02182763e-01,1.63546304e-02,1.00139108e+02,1.60275378e+01
5.18000000e-01,-1.91371430e-02,-3.68915521e-02,3.94317635e-02,-4.47782446e-02,0.00000000e+00,2.12160013e+01,1.01605267e-01,1.64024429e-02,9.95731613e+01,1.60743940e+01
5.20000000e-01,-1.92129023e-02,-3.88536005e-02,3.93310425e-02,-5.59313575e-02,0.00000000e+00,2.10843051e+01,1.00925339e-01,1.63964337e-02,9.89068323e+01,1.60685051e+01
5.22000000e-01,-1.92926018e-02,-4.08822886e-02,3.92080222e-02,-6.71082293e-02,0.00000000e+00,2.09506172e+01,1.03804935e-01,1.61813837e-02,1.01728837e+02,1.58577560e+01
5.24000000e-01,-1.93764549e-02,-4.29461052e-02,3.90626865e-02,-7.81698887e-02,0.00000000e+00,2.08149681e+01,1.02422187e-01,1.64351807e-02,1.00373744e+02,1.61064771e+01
5.26000000e-01,-1.94643416e-02,-4.49429924e-02,3.88956414e-02,-8.87835075e-02,0.00000000e+00,2.06773889e+01,1.02950277e-01,1.68875553e-02,1.00891272e+02,1.65498042e+01
5.28000000e-01,-1.95561945e-02,-4.68914003e-02,3.87076777e-02,-9.92092342e-02,0.00000000e+00,2.05379110e+01,1.02031145e-01,1.65652905e-02,9.99905221e+01,1.62339847e+01
5.30000000e-01,-1.96518486e-02,-4.87519203e-02,3.84987907e-02,-1.09655707e-01,0.00000000e+00,2.03965662e+01,1.01669782e-01,1.65498725e-02,9.96363863e+01,1.62188750e+01
5.32000000e-01,-1.97511595e-02,-5.05482980e-02,3.82691664e-02,-1.19934895e-01,0.00000000e+00,2.02533870e+01,1.01335634e-01,1.65925960e-02,9.93089217e+01,1.62607440e+01
5.34000000e-01,-1.98540036e-02,-5.22872628e-02,3.80191930e-02,-1.30001173e-01,0.00000000e+00,2.01084059e+01,1.01160604e-01,1.66437880e-02,9.91373923e+01,1.63109123e+01
5.36000000e-01,-1.99602694e-02,-5.39674984e-02,3.77492954e-02,-1.39866960e-01,0.00000000e+00,1.99616561e+01,1.00823866e-01,1.66319007e-02,9.88073882e+01,1.62992627e+01
5.38000000e-01,-2.00698325e-02,-5.55861760e-02,3.74598625e-02,-1.49526819e-01,0.00000000e+00,1.98131712e+01,1.00609902e-01,1.66665121e-02,9.85977041e+01,1.63331819e+01
5.40000000e-01,-2.01825699e-02,-5.71386227e-02,3.71513268e-02,-1.58978677e-01,0.00000000e+00,1.96629851e+01,1.00190142e-01,1.66316019e-02,9.81863390e+01,1.62989699e+01
5.42000000e-01,-2.02984558e-02,-5.87941776e-02,3.68240762e-02,-1.68237994e-01,0.00000000e+00,1.95111321e+01,1.03958709e-01,1.66069477e-02,1.01879535e+02,1.62748088e+01
5.44000000e-01,-2.04177856e-02,-6.05082538e-02,3.64785425e-02,-1.77245783e-01,0.00000000e+00,1.93576469e+01,1.02524642e-01,1.66696365e-02,1.00474149e+02,1.63362438e+01
5.46000000e-01,-2.05404500e-02,-6.21642298e-02,3.61154283e-02,-1.85750783e-01,0.00000000e+00,1.92025646e+01,1.03595680e-01,1.71470858e-02,1.01523766e+02,1.68041441e+01
5.48000000e-01,-2.06664288e-02,-6.37995970e-02,3.57357736e-02,-1.93904464e-01,0.00000000e+00,1.90459207e+01,1.03064730e-01,1.68680226e-02,1.01003435e+02,1.65306621e+01
5.50000000e-01,-2.07956040e-02,-6.53683082e-02,3.53398841e-02,-2.01947699e-01,0.00000000e+00,1.88877509e+01,1.03086164e-01,1.68166515e-02,1.01024441e+02,1.64803185e+01
5.52000000e-01,-2.09278752e-02,-6.68967791e-02,3.49281630e-02,-2.09720730e-01,0.00000000e+00,1.87280914e+01,1.03197923e-01,1.68502043e-02,1.01133964e+02,1.65132002e+01
5.54000000e-01,-2.10631712e-02,-6.83953427e-02,3.45012299e-02,-2.17150594e-01,0.00000000e+00,1.85669787e+01,1.03485636e-01,1.69301119e-02,1.01415923e+02,1.65915096e+01
5.56000000e-01,-2.12014353e-02,-6.98620262e-02,3.40597831e-02,-2.24246788e-01,0.00000000e+00,1.84044495e+01,1.03575640e-01,1.69228568e-02,1.01504127e+02,1.65843997e+01
5.58000000e-01,-2.13425904e-02,-7.12854340e-02,3.36044519e-02,-2.31029281e-01,0.00000000e+00,1.82405411e+01,1.03620844e-01,1.69408885e-02,1.01548427e+02,1.66020707e+01
5.60000000e-01,-2.14865509e-02,-7.26695614e-02,3.31358828e-02,-2.37486538e-01,0.00000000e+00,1.80752909e+01,1.03827279e-01,1.69387994e-02,1.01750733e+02,1.66000234e+01
5.62000000e-01,-2.16333673e-02,-7.42016904e-02,3.26547871e-02,-2.43521866e-01,0.00000000e+00,1.79087367e+01,1.08271718e-01,1.71417392e-02,1.06106284e+02,1.67989044e+01
5.64000000e-01,-2.17833961e-02,-7.57915804e-02,3.21619908e-02,-2.49263962e-01,0.00000000e+00,1.77409165e+01,1.06395090e-01,1.68526460e-02,1.04267188e+02,1.65155931e+01
5.66000000e-01,-2.19364901e-02,-7.73161087e-02,3.16580306e-02,-2.54557136e-01,0.00000000e+00,1.75718687e+01,1.07987969e-01,1.73663007e-02,1.05828210e+02,1.70189747e+01
5.68000000e-01,-2.20926709e-02,-7.88561230e-02,3.11440928e-02,-2.59354523e-01,0.00000000e+00,1.74016319e+01,1.08025582e-01,1.71610763e-02,1.05865070e+02,1.68178547e+01
5.70000000e-01,-2.22518899e-02,-8.03591550e-02,3.06207629e-02,-2.63926304e-01,0.00000000e+00,1.72302450e+01,1.08417387e-01,1.70941201e-02,1.06249039e+02,1.67522377e+01
5.72000000e-01,-2.24140963e-02,-8.18454012e-02,3.00886173e-02,-2.68153611e-01,0.00000000e+00,1.70577473e+01,1.08951402e-01,1.71256723e-02,1.06772374e+02,1.67831589e+01
5.74000000e-01,-2.25792649e-02,-8.33217773e-02,2.95484138e-02,-2.71983033e-01,0.00000000e+00,1.68841780e+01,1.09529033e-01,1.71591512e-02,1.07338453e+02,1.68159681e+01
5.76000000e-01,-2.27473748e-02,-8.47851758e-02,2.90009464e-02,-2.75420707e-01,0.00000000e+00,1.67095769e+01,1.10014490e-01,1.71672851e-02,1.07814201e+02,1.68239394e+01
5.78000000e-01,-2.29183945e-02,-8.62318639e-02,2.84469829e-02,-2.78480497e-01,0.00000000e+00,1.65339839e+01,1.10528720e-01,1.71622287e-02,1.08318145e+02,1.68189841e+01
5.80000000e-01,-2.30922923e-02,-8.76636216e-02,2.78872821e-02,-2.81153716e-01,0.00000000e+00,1.63574391e+01,1.11079326e-01,1.71802440e-02,1.08857740e+02,1.68366392e+01
5.82000000e-01,-2.32691604e-02,-8.92624282e-02,2.73227783e-02,-2.83211625e-01,0.00000000e+00,1.61799828e+01,1.15869741e-01,1.76482262e-02,1.13552347e+02,1.72952617e+01
5.84000000e-01,-2.34493743e-02,-9.09097443e-02,2.67546259e-02,-2.84984151e-01,0.00000000e+00,1.60016557e+01,1.13677106e-01,1.69683252e-02,1.11403564e+02,1.66289587e+01
5.86000000e-01,-2.36327534e-02,-9.24881515e-02,2.61830696e-02,-2.86414822e-01,0.00000000e+00,1.58224984e+01,1.15750127e-01,1.75499177e-02,1.13435125e+02,1.71989193e+01
5.88000000e-01,-2.38193586e-02,-9.41140248e-02,2.56093659e-02,-2.87246566e-01,0.00000000e+00,1.56425520e+01,1.16302923e-01,1.74062548e-02,1.13976865e+02,1.70581297e+01
5.90000000e-01,-2.40092009e-02,-9.57270309e-02,2.50342751e-02,-2.87790712e-01,0.00000000e+00,1.54618575e+01,1.16992599e-01,1.73322720e-02,1.14652747e+02,1.69856266e+01
5.92000000e-01,-2.42022685e-02,-9.73426501e-02,2.44584535e-02,-2.87959248e-01,0.00000000e+00,1.52804562e+01,1.17933459e-01,1.73721567e-02,1.15574790e+02,1.70247135e+01
5.94000000e-01,-2.43985768e-02,-9.89661672e-02,2.38827222e-02,-2.87701668e-01,0.00000000e+00,1.50983896e+01,1.18773047e-01,1.74041381e-02,1.16397586e+02,1.70560553e+01
5.96000000e-01,-2.45981375e-02,-1.00596237e-01,2.33079211e-02,-2.87032716e-01,0.00000000e+00,1.49156993e+01,1.19708986e-01,1.74142387e-02,1.17314806e+02,1.70659540e+01
5.98000000e-01,-2.48009663e-02,-1.02233171e-01,2.27348536e-02,-2.85970506e-01,0.00000000e+00,1.47324270e+01,1.20582541e-01,1.74105120e-02,1.18170890e+02,1.70623018e+01
6.00000000e-01,-2.50070735e-02,-1.03875139e-01,2.21643047e-02,-2.84509881e-01,0.00000000e+00,1.45486147e+01,1.21502410e-01,1.74348742e-02,1.19072362e+02,1.70861767e+01
6.02000000e-01,-2.52165765e-02,-1.05681534e-01,2.15972750e-02,-2.82357935e-01,0.00000000e+00,1.43643043e+01,1.26127821e-01,1.80507409e-02,1.23605265e+02,1.76897261e+01
6.04000000e-01,-2.54298208e-02,-1.07519560e-01,2.10350573e-02,-2.79929505e-01,0.00000000e+00,1.41795380e+01,1.23974659e-01,1.72110284e-02,1.21495165e+02,1.68668078e+01
6.06000000e-01,-2.56466058e-02,-1.09284139e-01,2.04777075e-02,-2.77275319e-01,0.00000000e+00,1.39943580e+01,1.26174107e-01,1.77273629e-02,1.23650624e+02,1.73728156e+01
6.08000000e-01,-2.58669937e-02,-1.11103325e-01,1.99263360e-02,-2.74051247e-01,0.00000000e+00,1.38088066e+01,1.27042330e-01,1.76182481e-02,1.24501483e+02,1.72658832e+01
6.10000000e-01,-2.60910181e-02,-1.12921048e-01,1.93816972e-02,-2.70535179e-01,0.00000000e+00,1.36229262e+01,1.27961254e-01,1.75607950e-02,1.25402029e+02,1.72095791e+01
6.12000000e-01,-2.63186846e-02,-1.14748745e-01,1.88444318e-02,-2.66664370e-01,0.00000000e+00,1.34367593e+01,1.29126476e-01,1.75937747e-02,1.26543947e+02,1.72418992e+01
6.14000000e-01,-2.65500247e-02,-1.16593881e-01,1.83152966e-02,-2.62408306e-01,0.00000000e+00,1.32503484e+01,1.30249724e-01,1.76118281e-02,1.27644729e+02,1.72595915e+01
6.16000000e-01,-2.67850689e-02,-1.18452185e-01,1.77950429e-02,-2.57785821e-01,0.00000000e+00,1.30637362e+01,1.31345322e-01,1.76178092e-02,1.28718415e+02,1.72654530e+01
6.18000000e-01,-2.70238416e-02,-1.20322716e-01,1.72843892e-02,-2.52809597e-01,0.00000000e+00,1.28769653e+01,1.32476977e-01,1.76228145e-02,1.29827437e+02,1.72703582e+01
6.20000000e-01,-2.72663679e-02,-1.22205429e-01,1.67840349e-02,-2.47487825e-01,0.00000000e+00,1.26900783e+01,1.33602103e-01,1.76261738e-02,1.30930061e+02,1.72736503e+01
6.22000000e-01,-2.75127438e-02,-1.24208867e-01,1.62948223e-02,-2.41589532e-01,0.00000000e+00,1.25031181e+01,1.37301236e-01,1.81317062e-02,1.34555212e+02,1.77690720e+01
6.24000000e-01,-2.77632106e-02,-1.26223290e-01,1.58178294e-02,-2.35462349e-01,0.00000000e+00,1.23161272e+01,1.35895042e-01,1.74226708e-02,1.33177141e+02,1.70742174e+01
6.26000000e-01,-2.80175957e-02,-1.28175889e-01,1.53530746e-02,-2.29182527e-01,0.00000000e+00,1.21291485e+01,1.37925274e-01,1.77856413e-02,1.35166769e+02,1.74299285e+01
6.28000000e-01,-2.82759408e-02,-1.30168459e-01,1.49013953e-02,-2.22458614e-01,0.00000000e+00,1.19422247e+01,1.38929848e-01,1.77068342e-02,1.36151251e+02,1.73526975e+01
6.30000000e-01,-2.85382696e-02,-1.32161064e-01,1.44634063e-02,-2.15485569e-01,0.00000000e+00,1.17553985e+01,1.40059452e-01,1.76800438e-02,1.37258263e+02,1.73264429e+01
6.32000000e-01,-2.88045912e-02,-1.34162855e-01,1.40396433e-02,-2.08227193e-01,0.00000000e+00,1.15687125e+01,1.41310373e-01,1.76974244e-02,1.38484165e+02,1.73434759e+01
6.34000000e-01,-2.90749291e-02,-1.36176766e-01,1.36306920e-02,-2.00677083e-01,0.00000000e+00,1.13822096e+01,1.42541280e-01,1.77051179e-02,1.39690454e+02,1.73510155e+01
6.36000000e-01,-2.93493047e-02,-1.38200348e-01,1.32371205e-02,-1.92848728e-01,0.00000000e+00,1.11959322e+01,1.43767935e-01,1.77160382e-02,1.40892577e+02,1.73617175e+01
6.38000000e-01,-2.96277342e-02,-1.40229518e-01,1.28594713e-02,-1.84759113e-01,0.00000000e+00,1.10099229e+01,1.44936458e-01,1.77107191e-02,1.42037729e+02,1.73565047e+01
6.40000000e-01,-2.99102273e-02,-1.42265363e-01,1.24982565e-02,-1.76410856e-01,0.00000000e+00,1.08242244e+01,1.46221662e-01,1.77395176e-02,1.43297229e+02,1.73847273e+01
6.42000000e-01,-3.01968175e-02,-1.44333969e-01,1.21540169e-02,-1.67779088e-01,0.00000000e+00,1.06388789e+01,1.48033104e-01,1.78105341e-02,1.45072442e+02,1.74543234e+01
6.44000000e-01,-3.04875493e-02,-1.46381746e-01,1.18272523e-02,-1.58979087e-01,0.00000000e+00,1.04539289e+01,1.48099849e-01,1.76222458e-02,1.45137852e+02,1.72698009e+01
6.46000000e-01,-3.07823194e-02,-1.48391818e-01,1.15182167e-02,-1.50004900e-01,0.00000000e+00,1.02694166e+01,1.49550143e-01,1.77310268e-02,1.46559140e+02,1.73764062e+01
6.48000000e-01,-3.10811174e-02,-1.50403198e-01,1.12273885e-02,-1.40796960e-01,0.00000000e+00,1.00853842e+01,1.50561342e-01,1.76936797e-02,1.47550115e+02,1.73398061e+01
6.50000000e-01,-3.13839251e-02,-1.52404080e-01,1.09551403e-02,-1.31421897e-01,0.00000000e+00,9.90187377e+00,1.51768579e-01,1.76890766e-02,1.48733207e+02,1.73352951e+01
6.52000000e-01,-3.16907303e-02,-1.54399846e-01,1.07018180e-02,-1.21871342e-01,0.00000000e+00,9.71892723e+00,1.52938179e-01,1.76962620e-02,1.49879415e+02,1.73423367e+01
6.54000000e-01,-3.20015204e-02,-1.56389456e-01,1.04677697e-02,-1.12148701e-01,0.00000000e+00,9.53658639e+00,1.54153650e-01,1.77119740e-02,1.51070577e+02,1.73577345e+01
6.56000000e-01,-3.23162836e-02,-1.58372303e-01,1.02533279e-02,-1.02268897e-01,0.00000000e+00,9.35489293e+00,1.55341546e-01,1.77157799e-02,1.52234715e+02,1.73614643e+01
6.58000000e-01,-3.26350033e-02,-1.60345635e-01,1.00587857e-02,-9.22516790e-02,0.00000000e+00,9.17388837e+00,1.56525037e-01,1.77184082e-02,1.53394536e+02,1.73640400e+01
6.60000000e-01,-3.29576597e-02,-1.62309332e-01,9.88440134e-03,-8.21143135e-02,0.00000000e+00,8.99361408e+00,1.57742325e-01,1.77147191e-02,1.54587479e+02,1.73604247e+01
6.62000000e-01,-3.32841873e-02,-1.64192998e-01,9.73024685e-03,-7.20993200e-02,0.00000000e+00,8.81411125e+00,1.57312658e-01,1.72372166e-02,1.54166405e+02,1.68924723e+01
6.64000000e-01,-3.36143959e-02,-1.66022995e-01,9.59607233e-03,-6.19819600e-02,0.00000000e+00,8.63542090e+00,1.59176368e-01,1.77338171e-02,1.55992840e+02,1.73791408e+01
6.66000000e-01,-3.39482732e-02,-1.67843862e-01,9.48247275e-03,-5.16340133e-02,0.00000000e+00,8.45758388e+00,1.59817359e-01,1.75547031e-02,1.56621012e+02,1.72036090e+01
6.68000000e-01,-3.42857381e-02,-1.69614832e-01,9.38951052e-03,-4.13247007e-02,0.00000000e+00,8.28064083e+00,1.60757977e-01,1.75157142e-02,1.57542818e+02,1.71653999e+01
6.70000000e-01,-3.46267126e-02,-1.71355906e-01,9.31721193e-03,-3.09584171e-02,0.00000000e+00,8.10463219e+00,1.61895117e-01,1.75667771e-02,1.58657215e+02,1.72154415e+01
6.72000000e-01,-3.49711419e-02,-1.73067169e-01,9.26571778e-03,-2.05307465e-02,0.00000000e+00,7.92959817e+00,1.62866013e-01,1.75667482e-02,1.59608692e+02,1.72154132e+01
6.74000000e-01,-3.53189564e-02,-1.74741224e-01,9.23510457e-03,-1.00796408e-02,0.00000000e+00,7.75557879e+00,1.63858118e-01,1.75679698e-02,1.60580956e+02,1.72166104e+01
6.76000000e-01,-3.56700825e-02,-1.76378835e-01,9.22541183e-03,3.90392374e-04,0.00000000e+00,7.58261380e+00,1.64874059e-01,1.75883580e-02,1.61576577e+02,1.72365908e+01
6.78000000e-01,-3.60244480e-02,-1.77980791e-01,9.23666854e-03,1.08640193e-02,0.00000000e+00,7.41074275e+00,1.65911153e-01,1.75873182e-02,1.62592930e+02,1.72355719e+01
6.80000000e-01,-3.63819799e-02,-1.79544081e-01,9.26885262e-03,2.13147153e-02,0.00000000e+00,7.24000491e+00,1.66882753e-01,1.75819355e-02,1.63545098e+02,1.72302968e+01
6.82000000e-01,-3.67424851e-02,-1.80898585e-01,9.32156366e-03,3.12198934e-02,0.00000000e+00,7.07043929e+00,1.63969492e-01,1.65134619e-02,1.60690103e+02,1.61831927e+01
6.84000000e-01,-3.71055200e-02,-1.82171713e-01,9.39377923e-03,4.11955646e-02,0.00000000e+00,6.90208466e+00,1.67939722e-01,1.78290756e-02,1.64580927e+02,1.74724940e+01
6.86000000e-01,-3.74711795e-02,-1.83456210e-01,9.48652437e-03,5.14389204e-02,0.00000000e+00,6.73497948e+00,1.67214749e-01,1.72035992e-02,1.63870454e+02,1.68595272e+01
6.88000000e-01,-3.78392631e-02,-1.84618163e-01,9.59930307e-03,6.13345402e-02,0.00000000e+00,6.56916195e+00,1.68076177e-01,1.72562486e-02,1.64714653e+02,1.69111236e+01
6.90000000e-01,-3.82096178e-02,-1.85728514e-01,9.73185599e-03,7.12203369e-02,0.00000000e+00,6.40466996e+00,1.69027707e-01,1.73683074e-02,1.65647153e+02,1.70209413e+01
6.92000000e-01,-3.85821419e-02,-1.86785973e-01,9.88415617e-03,8.10637670e-02,0.00000000e+00,6.24154110e+00,1.69876861e-01,1.73808685e-02,1.66479324e+02,1.70332511e+01
6.94000000e-01,-3.89567193e-02,-1.87779839e-01,1.00560372e-02,9.07963932e-02,0.00000000e+00,6.07981266e+00,1.70595401e-01,1.73772933e-02,1.67183493e+02,1.70297475e+01
6.96000000e-01,-3.93332143e-02,-1.88703309e-01,1.02472562e-02,1.00400794e-01,0.00000000e+00,5.91952160e+00,1.71301472e-01,1.73809646e-02,1.67875442e+02,1.70333453e+01
6.98000000e-01,-3.97114863e-02,-1.89557391e-01,1.04575439e-02,1.09860598e-01,0.00000000e+00,5.76070454e+00,1.72058430e-01,1.73703226e-02,1.68617262e+02,1.70229162e+01
7.00000000e-01,-4.00913984e-02,-1.90343302e-01,1.06865998e-02,1.19172099e-01,0.00000000e+00,5.60339779e+00,1.72806538e-01,1.73930888e-02,1.69350407e+02,1.70452270e+01
7.02000000e-01,-4.04726305e-02,-1.90785731e-01,1.09335777e-02,1.27501772e-01,0.00000000e+00,5.44763729e+00,1.67142048e-01,1.56587667e-02,1.63799207e+02,1.53455913e+01
7.04000000e-01,-4.08544648e-02,-1.91113327e-01,1.11966166e-02,1.35845997e-01,0.00000000e+00,5.29345864e+00,1.73239132e-01,1.77961239e-02,1.69774350e+02,1.74402015e+01
7.06000000e-01,-4.12371163e-02,-1.91489776e-01,1.14772103e-02,1.44563191e-01,0.00000000e+00,5.14089708e+00,1.71405575e-01,1.68388430e-02,1.67977463e+02,1.65020662e+01
7.08000000e-01,-4.16203018e-02,-1.91683155e-01,1.17744708e-02,1.52682563e-01,0.00000000e+00,4.98998747e+00,1.72088482e-01,1.69626321e-02,1.68646712e+02,1.66233794e+01
7.10000000e-01,-4.20037952e-02,-1.91795943e-01,1.20878687e-02,1.60694203e-01,0.00000000e+00,4.84076431e+00,1.72652405e-01,1.70571479e-02,1.69199357e+02,1.67160049e+01
7.12000000e-01,-4.23874277e-02,-1.91821885e-01,1.24171316e-02,1.68531921e-01,0.00000000e+00,4.69326169e+00,1.73190632e-01,1.70647288e-02,1.69726819e+02,1.67234342e+01
7.14000000e-01,-4.27710214e-02,-1.91755832e-01,1.27618466e-02,1.76144917e-01,0.00000000e+00,4.54751332e+00,1.73634331e-01,1.70747855e-02,1.70161644e+02,1.67332898e+01
7.16000000e-01,-4.31543854e-02,-1.91591274e-01,1.31215543e-02,1.83522495e-01,0.00000000e+00,4.40355251e+00,1.74018939e-01,1.70814236e-02,1.70538560e+02,1.67397951e+01
7.18000000e-01,-4.35373208e-02,-1.91328193e-01,1.34957780e-02,1.90662188e-01,0.00000000e+00,4.26141217e+00,1.74459117e-01,1.71071413e-02,1.70969935e+02,1.67649985e+01
7.20000000e-01,-4.39196341e-02,-1.90969084e-01,1.38840371e-02,1.97552887e-01,0.00000000e+00,4.12112478e+00,1.74897330e-01,1.71106122e-02,1.71399384e+02,1.67684000e+01
7.22000000e-01,-4.43008926e-02,-1.90153199e-01,1.42851252e-02,2.03147347e-01,0.00000000e+00,3.98272240e+00,1.66900568e-01,1.49568732e-02,1.63562556e+02,1.46577357e+01
7.24000000e-01,-4.46801541e-02,-1.89198065e-01,1.46966106e-02,2.08717956e-01,0.00000000e+00,3.84623665e+00,1.74743743e-01,1.76462654e-02,1.71248868e+02,1.72933401e+01
7.26000000e-01,-4.50577414e-02,-1.88327607e-01,1.51202761e-02,2.14707161e-01,0.00000000e+00,3.71169873e+00,1.71964862e-01,1.64382012e-02,1.68525564e+02,1.61094372e+01
7.28000000e-01,-4.54333112e-02,-1.87227197e-01,1.55549405e-02,2.19948229e-01,0.00000000e+00,3.57913940e+00,1.72440660e-01,1.66947319e-02,1.68991847e+02,1.63608372e+01
7.30000000e-01,-4.58065839e-02,-1.86027397e-01,1.59999720e-02,2.25043768e-01,0.00000000e+00,3.44858893e+00,1.72694353e-01,1.67663989e-02,1.69240466e+02,1.64310709e+01
7.32000000e-01,-4.61773445e-02,-1.84713196e-01,1.64549390e-02,2.29874556e-01,0.00000000e+00,3.32007717e+00,1.72799309e-01,1.67869806e-02,1.69343322e+02,1.64512410e+01
7.34000000e-01,-4.65453549e-02,-1.83276317e-01,1.69192677e-02,2.34401613e-01,0.00000000e+00,3.19363349e+00,1.72837634e-01,1.67903227e-02,1.69380882e+02,1.64545162e+01
7.36000000e-01,-4.69103686e-02,-1.81717636e-01,1.73923434e-02,2.38625593e-01,0.00000000e+00,3.06928679e+00,1.72939112e-01,1.68249010e-02,1.69480330e+02,1.64884030e+01
7.38000000e-01,-4.72721430e-02,-1.80035293e-01,1.78735638e-02,2.42540183e-01,0.00000000e+00,2.94706547e+00,1.72907997e-01,1.68267510e-02,1.69449837e+02,1.64902160e+01
7.40000000e-01,-4.76304282e-02,-1.78230666e-01,1.83622891e-02,2.46132260e-01,0.00000000e+00,2.82699748e+00,1.73013754e-01,1.68446381e-02,1.69553479e+02,1.65077453e+01
7.42000000e-01,-4.79847192e-02,-1.75906470e-01,1.88571782e-02,2.48352572e-01,-4.73080425e-03,2.70911026e+00,1.63668046e-01,1.46533263e-02,1.60394686e+02,1.43602598e+01
7.44000000e-01,-4.83339675e-02,-1.73452316e-01,1.93557450e-02,2.50641260e-01,-4.62290871e-02,2.59343074e+00,1.72838486e-01,1.76996363e-02,1.69381716e+02,1.73456436e+01
7.46000000e-01,-4.86786135e-02,-1.71125617e-01,1.98600589e-02,2.53403577e-01,-8.77273700e-02,2.47998537e+00,1.69468974e-01,1.63666870e-02,1.66079594e+02,1.60393532e+01
7.48000000e-01,-4.90183079e-02,-1.68555919e-01,2.03688388e-02,2.55385053e-01,-1.29225653e-01,2.36880006e+00,1.69943700e-01,1.67866738e-02,1.66544826e+02,1.64509404e+01
7.50000000e-01,-4.93527763e-02,-1.65894909e-01,2.08815415e-02,2.57279989e-01,-1.70723936e-01,2.25990023e+00,1.70076391e-01,1.69166819e-02,1.66674863e+02,1.65783483e+01
7.52000000e-01,-4.96818125e-02,-1.63121373e-01,2.13977944e-02,2.58928431e-01,-2.12222219e-01,2.15331078e+00,1.70011519e-01,1.70060944e-02,1.66611288e+02,1.66659725e+01
7.54000000e-01,-5.00051824e-02,-1.60228852e-01,2.19170714e-02,2.60301182e-01,-2.53720501e-01,2.04905604e+00,1.69947497e-01,1.70792530e-02,1.66548547e+02,1.67376679e+01
7.56000000e-01,-5.03226521e-02,-1.57222533e-01,2.24388153e-02,2.61398294e-01,-2.95218784e-01,1.94715987e+00,1.69956154e-01,1.71724100e-02,1.66557030e+02,1.68289618e+01
7.58000000e-01,-5.06340015e-02,-1.54109688e-01,2.29625032e-02,2.62253393e-01,-3.36717067e-01,1.84764553e+00,1.70012541e-01,1.73190284e-02,1.66612290e+02,1.69726479e+01
7.60000000e-01,-5.09390185e-02,-1.50888307e-01,2.34876437e-02,2.62830759e-01,-3.78215350e-01,1.75053577e+00,1.69922949e-01,1.73393906e-02,1.66524490e+02,1.69926028e+01
7.62000000e-01,-5.12371573e-02,-1.47070744e-01,2.40127511e-02,2.61795702e-01,-4.19713633e-01,1.65585279e+00,1.58529997e-01,1.46849284e-02,1.55359397e+02,1.43912299e+01
7.64000000e-01,-5.15272245e-02,-1.43137722e-01,2.45348760e-02,2.60834770e-01,-4.61211916e-01,1.56361822e+00,1.69609495e-01,1.82414727e-02,1.66217305e+02,1.78766432e+01
7.66000000e-01,-5.18098515e-02,-1.39419701e-01,2.50565416e-02,2.60550998e-01,-5.02710199e-01,1.47385315e+00,1.65876034e-01,1.68515242e-02,1.62558514e+02,1.65144937e+01
7.68000000e-01,-5.20847434e-02,-1.35461802e-01,2.55765648e-02,2.59494506e-01,-5.44208481e-01,1.38657809e+00,1.66264342e-01,1.73628631e-02,1.62939055e+02,1.70156058e+01
7.70000000e-01,-5.23516403e-02,-1.31416269e-01,2.60944728e-02,2.58367696e-01,-5.85706764e-01,1.30181297e+00,1.66023436e-01,1.74442390e-02,1.62702967e+02,1.70953542e+01
7.72000000e-01,-5.26103300e-02,-1.27253116e-01,2.66098573e-02,2.56973385e-01,-6.27205047e-01,1.21957719e+00,1.65644529e-01,1.75381898e-02,1.62331638e+02,1.71874260e+01
7.74000000e-01,-5.28605740e-02,-1.22971800e-01,2.71221920e-02,2.55317636e-01,-6.68703330e-01,1.13988952e+00,1.65322466e-01,1.76280475e-02,1.62016017e+02,1.72754865e+01
7.76000000e-01,-5.31021436e-02,-1.18580104e-01,2.76309602e-02,2.53410547e-01,-7.10201613e-01,1.06276819e+00,1.65055129e-01,1.77381991e-02,1.61754027e+02,1.73834351e+01
7.78000000e-01,-5.33348183e-02,-1.14074342e-01,2.81356620e-02,2.51245170e-01,-7.51699896e-01,9.88230810e-01,1.64574710e-01,1.78077675e-02,1.61283215e+02,1.74516122e+01
7.80000000e-01,-5.35583674e-02,-1.09458181e-01,2.86357686e-02,2.48821410e-01,-7.93198179e-01,9.16294422e-01,1.64319092e-01,1.79112654e-02,1.61032711e+02,1.75530401e+01
7.82000000e-01,-5.37722122e-02,-1.04183823e-01,2.91298248e-02,2.44713728e-01,-8.34696461e-01,8.46975465e-01,1.50960725e-01,1.49804706e-02,1.47941510e+02,1.46808612e+01
7.84000000e-01,-5.39750404e-02,-9.88160408e-02,2.96146918e-02,2.40708239e-01,-8.76194744e-01,7.80289780e-01,1.63814399e-01,1.88202972e-02,1.60538111e+02,1.84438913e+01
7.86000000e-01,-5.41676868e-02,-9.37638570e-02,3.00932084e-02,2.37528728e-01,-9.17693027e-01,7.16252609e-01,1.59928385e-01,1.73989795e-02,1.56729817e+02,1.70509999e+01
7.88000000e-01,-5.43499495e-02,-8.84922270e-02,3.05643270e-02,2.33629785e-01,-9.59191310e-01,6.54878585e-01,1.60195873e-01,1.79848412e-02,1.56991956e+02,1.76251444e+01
7.90000000e-01,-5.45216067e-02,-8.31471077e-02,3.10277179e-02,2.29716337e-01,-1.00068959e+00,5.96181735e-01,1.59634162e-01,1.80321011e-02,1.56441479e+02,1.76714591e+01
7.92000000e-01,-5.46824688e-02,-7.76982864e-02,3.14830170e-02,2.25539785e-01,-1.04218788e+00,5.40175474e-01,1.59107963e-01,1.80846994e-02,1.55925803e+02,1.77230054e+01
7.94000000e-01,-5.48323355e-02,-7.21529427e-02,3.19297058e-02,2.21106358e-01,-1.08368616e+00,4.86872601e-01,1.58624663e-01,1.81328370e-02,1.55452170e+02,1.77701802e+01
7.96000000e-01,-5.49710193e-02,-6.65156100e-02,3.23673012e-02,2.16461187e-01,-1.12518444e+00,4.36285297e-01,1.58113483e-01,1.82672718e-02,1.54951214e+02,1.79019264e+01
7.98000000e-01,-5.50983336e-02,-6.07817642e-02,3.27954178e-02,2.11617062e-01,-1.16668272e+00,3.88425124e-01,1.57432043e-01,1.83287873e-02,1.54283402e+02,1.79622116e+01
8.00000000e-01,-5.52140849e-02,-5.49557274e-02,3.32136319e-02,2.06566678e-01,-1.20818101e+00,3.43303019e-01,1.56927857e-01,1.84338329e-02,1.53789300e+02,1.80651563e+01
8.02000000e-01,-5.53177141e-02,-4.84660712e-02,3.36205800e-02,1.99859671e-01,-1.24967929e+00,3.00929295e-01,1.42796612e-01,1.54354115e-02,1.39940680e+02,1.51267033e+01
8.04000000e-01,-5.54079219e-02,-4.19355628e-02,3.40132120e-02,1.93364596e-01,-1.29117757e+00,2.61313636e-01,1.56737087e-01,1.94424741e-02,1.53602345e+02,1.90536246e+01
8.06000000e-01,-5.54857174e-02,-3.57966693e-02,3.43946915e-02,1.87849192e-01,-1.33267586e+00,2.24465094e-01,1.52607474e-01,1.80388563e-02,1.49555325e+02,1.76780792e+01
8.08000000e-01,-5.55509813e-02,-2.94667684e-02,3.47641926e-02,1.81709488e-01,-1.37417414e+00,1.90392092e-01,1.52832354e-01,1.86624566e-02,1.49775707e+02,1.82892075e+01
8.10000000e-01,-5.56035637e-02,-2.31056957e-02,3.51215785e-02,1.75643345e-01,-1.41567242e+00,1.59102417e-01,1.52334238e-01,1.87062738e-02,1.49287554e+02,1.83321483e+01
8.12000000e-01,-5.56433562e-02,-1.66728315e-02,3.54666226e-02,1.69362165e-01,-1.45717070e+00,1.30603218e-01,1.51505815e-01,1.87065608e-02,1.48475698e+02,1.83324296e+01
8.14000000e-01,-5.56702045e-02,-1.01641143e-02,3.57989137e-02,1.62910801e-01,-1.49866899e+00,1.04901010e-01,1.50807443e-01,1.88263862e-02,1.47791294e+02,1.84498584e+01
8.16000000e-01,-5.56839704e-02,-3.59204727e-03,3.61181775e-02,1.56326989e-01,-1.54016727e+00,8.20016665e-02,1.50164659e-01,1.88873181e-02,1.47161365e+02,1.85095718e+01
8.18000000e-01,-5.56845336e-02,3.03856914e-03,3.64241294e-02,1.49604831e-01,-1.58166555e+00,6.19104202e-02,1.49470920e-01,1.89758100e-02,1.46481501e+02,1.85962938e+01
8.20000000e-01,-5.56717768e-02,9.72813321e-03,3.67165127e-02,1.42756589e-01,-1.62316384e+00,4.46318632e-02,1.48710335e-01,1.90431418e-02,1.45736128e+02,1.86622790e+01
8.22000000e-01,-5.56451701e-02,1.70941497e-02,3.69941103e-02,1.34340419e-01,-1.66466212e+00,3.01699441e-02,1.33476009e-01,1.60845266e-02,1.30806489e+02,1.57628361e+01
8.24000000e-01,-5.56034108e-02,2.44442919e-02,3.72540639e-02,1.26208426e-01,-1.70616040e+00,1.85279681e-02,1.48771284e-01,2.00145557e-02,1.45795859e+02,1.96142646e+01
8.26000000e-01,-5.55477355e-02,3.12804856e-02,3.74996876e-02,1.19191746e-01,-1.74765868e+00,9.70859572e-03,1.45058832e-01,1.87792329e-02,1.42157656e+02,1.84036482e+01
8.28000000e-01,-5.54782019e-02,3.82470535e-02,3.77305197e-02,1.11708231e-01,-1.78915697e+00,3.71384258e-03,1.45185622e-01,1.93675111e-02,1.42281910e+02,1.89801609e+01
8.30000000e-01,-5.53947514e-02,4.52074676e-02,3.79466365e-02,1.04398772e-01,-1.83065525e+00,5.45078694e-04,1.44549795e-01,1.94562932e-02,1.41658799e+02,1.90671673e+01
8.32000000e-01,-5.52973525e-02,5.21972249e-02,3.81480302e-02,9.69624620e-02,-1.87215353e+00,0.00000000e+00,1.43733364e-01,1.93919783e-02,1.40858697e+02,1.90041388e+01
8.34000000e-01,-5.51859397e-02,5.92212926e-02,3.83344121e-02,8.94147198e-02,-1.91365182e+00,0.00000000e+00,1.42867205e-01,1.94917358e-02,1.40009861e+02,1.91019011e+01
8.36000000e-01,-5.50604526e-02,6.62674892e-02,3.85056636e-02,8.18287799e-02,-1.95515010e+00,0.00000000e+00,1.42220638e-01,1.95595393e-02,1.39376225e+02,1.91683485e+01
8.38000000e-01,-5.49208648e-02,7.33210744e-02,3.86617013e-02,7.42040423e-02,-1.99664838e+00,0.00000000e+00,1.41583848e-01,1.96363205e-02,1.38752171e+02,1.92435941e+01
8.40000000e-01,-5.47671619e-02,8.03842128e-02,3.88024683e-02,6.65621141e-02,-2.03814666e+00,0.00000000e+00,1.40771508e-01,1.97276708e-02,1.37956078e+02,1.93331174e+01
8.42000000e-01,-5.45988895e-02,8.81049734e-02,3.89269865e-02,5.74755206e-02,-2.07964495e+00,0.00000000e+00,1.24873939e-01,1.67853617e-02,1.22376460e+02,1.64496545e+01
8.44000000e-01,-5.44147977e-02,9.57421884e-02,3.90326103e-02,4.87485371e-02,-2.12114323e+00,0.00000000e+00,1.41253126e-01,2.06371909e-02,1.38428064e+02,2.02244471e+01
8.46000000e-01,-5.42163444e-02,1.02743845e-01,3.91228363e-02,4.13048749e-02,-2.16264151e+00,0.00000000e+00,1.38133662e-01,1.96109170e-02,1.35370989e+02,1.92186986e+01
8.48000000e-01,-5.40037947e-02,1.09787001e-01,3.91976284e-02,3.35591205e-02,-2.20413980e+00,0.00000000e+00,1.38577138e-01,2.01131357e-02,1.35805595e+02,1.97108730e+01
8.50000000e-01,-5.37772404e-02,1.16764224e-01,3.92572246e-02,2.60411350e-02,-2.24563808e+00,0.00000000e+00,1.37853399e-01,2.01772118e-02,1.35096331e+02,1.97736675e+01
8.52000000e-01,-5.35367459e-02,1.23729230e-01,3.93017757e-02,1.84973514e-02,-2.28713636e+00,0.00000000e+00,1.36927823e-01,2.01257040e-02,1.34189266e+02,1.97231899e+01
8.54000000e-01,-5.32823370e-02,1.30673959e-01,3.93312124e-02,1.09511495e-02,-2.32863464e+00,0.00000000e+00,1.36278788e-01,2.02172729e-02,1.33553213e+02,1.98129274e+01
8.56000000e-01,-5.30140746e-02,1.37581900e-01,3.93456313e-02,3.48140486e-03,-2.37013293e+00,0.00000000e+00,1.35625804e-01,2.03098409e-02,1.32913288e+02,1.99036441e+01
8.58000000e-01,-5.27320364e-02,1.44449370e-01,3.93451902e-02,-3.91010189e-03,-2.41163121e+00,0.00000000e+00,1.34950178e-01,2.03838861e-02,1.32251174e+02,1.99762084e+01
8.60000000e-01,-5.24363094e-02,1.51268537e-01,3.93300496e-02,-1.12134903e-02,-2.45312949e+00,0.00000000e+00,1.34368282e-01,2.04761600e-02,1.31680916e+02,2.00666368e+01
8.62000000e-01,-5.21266051e-02,1.58623302e-01,3.92996194e-02,-1.95919477e-02,-2.49462778e+00,0.00000000e+00,1.19935738e-01,1.80871097e-02,1.17537024e+02,1.77253675e+01
8.64000000e-01,-5.18019101e-02,1.65837191e-01,3.92519387e-02,-2.75853191e-02,-2.53612606e+00,0.00000000e+00,1.35040011e-01,2.12198088e-02,1.32339211e+02,2.07954126e+01
8.66000000e-01,-5.14637045e-02,1.72378941e-01,3.91900698e-02,-3.43912108e-02,-2.57762434e+00,0.00000000e+00,1.32907618e-01,2.04939811e-02,1.30249465e+02,2.00841015e+01
8.68000000e-01,-5.11124172e-02,1.78886387e-01,3.91143081e-02,-4.12956890e-02,-2.61912262e+00,0.00000000e+00,1.33000618e-01,2.09074933e-02,1.30340606e+02,2.04893434e+01
8.70000000e-01,-5.07482355e-02,1.85278957e-01,3.90250884e-02,-4.78981986e-02,-2.66062091e+00,0.00000000e+00,1.32645228e-01,2.10030624e-02,1.29992324e+02,2.05830011e+01
8.72000000e-01,-5.03713574e-02,1.91587459e-01,3.89227707e-02,-5.44175832e-02,-2.70211919e+00,0.00000000e+00,1.31914281e-01,2.09384664e-02,1.29275996e+02,2.05196971e+01
8.74000000e-01,-4.99819411e-02,1.97812842e-01,3.88074660e-02,-6.08650533e-02,-2.74361747e+00,0.00000000e+00,1.31434078e-01,2.09919307e-02,1.28805397e+02,2.05720921e+01
8.76000000e-01,-4.95801759e-02,2.03933468e-01,3.86794246e-02,-6.71413806e-02,-2.78511576e+00,0.00000000e+00,1.31107525e-01,2.11173550e-02,1.28485374e+02,2.06950079e+01
8.78000000e-01,-4.91662754e-02,2.09951798e-01,3.85390072e-02,-7.32576487e-02,-2.82661404e+00,0.00000000e+00,1.30470305e-01,2.11298029e-02,1.27860899e+02,2.07072069e+01
8.80000000e-01,-4.87404327e-02,2.15874086e-01,3.83864926e-02,-7.92259998e-02,-2.86811232e+00,0.00000000e+00,1.29899747e-01,2.12124038e-02,1.27301752e+02,2.07881557e+01
8.82000000e-01,-4.83025244e-02,2.22178329e-01,3.82216734e-02,-8.58389615e-02,-2.90961060e+00,0.00000000e+00,1.17995394e-01,1.95439071e-02,1.15635487e+02,1.91530290e+01
8.84000000e-01,-4.78518564e-02,2.28277162e-01,3.80434061e-02,-9.20481356e-02,-2.95110889e+00,0.00000000e+00,1.31046496e-01,2.18079765e-02,1.28425566e+02,2.13718170e+01
8.86000000e-01,-4.73898545e-02,2.33717897e-01,3.78541245e-02,-9.72918892e-02,-2.99260717e+00,0.00000000e+00,1.29624174e-01,2.13020403e-02,1.27031690e+02,2.08759995e+01
8.88000000e-01,-4.69170637e-02,2.39040289e-01,3.76542718e-02,-1.02485783e-01,-3.03410545e+00,0.00000000e+00,1.29974214e-01,2.16292784e-02,1.27374729e+02,2.11966928e+01
8.90000000e-01,-4.64338135e-02,2.44182483e-01,3.74444173e-02,-1.07325836e-01,-3.07560374e+00,0.00000000e+00,1.29911103e-01,2.17469557e-02,1.27312881e+02,2.13120166e+01
8.92000000e-01,-4.59404355e-02,2.49171992e-01,3.72250948e-02,-1.11976312e-01,-3.11710202e+00,0.00000000e+00,1.29534950e-01,2.17157862e-02,1.26944251e+02,2.12814704e+01
8.94000000e-01,-4.54372219e-02,2.54016923e-01,3.69966047e-02,-1.16487857e-01,-3.15860030e+00,0.00000000e+00,1.29201538e-01,2.17140111e-02,1.26617507e+02,2.12797309e+01
8.96000000e-01,-4.49244669e-02,2.58713247e-01,3.67592689e-02,-1.20811149e-01,-3.20009858e+00,0.00000000e+00,1.28840993e-01,2.17736595e-02,1.26264173e+02,2.13381863e+01
8.98000000e-01,-4.44024736e-02,2.63252623e-01,3.65135106e-02,-1.24908660e-01,-3.24159687e+00,0.00000000e+00,1.28626469e-01,2.18385285e-02,1.26053940e+02,2.14017579e+01
9.00000000e-01,-4.38715673e-02,2.67625690e-01,3.62597864e-02,-1.28778029e-01,-3.28309515e+00,0.00000000e+00,1.28411232e-01,2.18916621e-02,1.25843007e+02,2.14538289e+01
9.02000000e-01,-4.33318779e-02,2.72138072e-01,3.59983510e-02,-1.32718629e-01,-3.32459343e+00,0.00000000e+00,1.20983534e-01,2.13171200e-02,1.18563863e+02,2.08907776e+01
9.04000000e-01,-4.27831817e-02,2.76400477e-01,3.57291646e-02,-1.36280216e-01,-3.36609172e+00,0.00000000e+00,1.29791421e-01,2.23041879e-02,1.27195593e+02,2.18581042e+01
9.06000000e-01,-4.22266401e-02,2.80116848e-01,3.54535930e-02,-1.39297530e-01,-3.40759000e+00,0.00000000e+00,1.29214979e-01,2.20671051e-02,1.26630679e+02,2.16257630e+01
9.08000000e-01,-4.16628385e-02,2.83646861e-01,3.51721070e-02,-1.42116137e-01,-3.44908828e+00,0.00000000e+00,1.29558200e-01,2.23203317e-02,1.26967036e+02,2.18739251e+01
9.10000000e-01,-4.10921926e-02,2.86966931e-01,3.48853506e-02,-1.44601488e-01,-3.49058656e+00,0.00000000e+00,1.29476143e-01,2.23579876e-02,1.26886620e+02,2.19108278e+01
9.12000000e-01,-4.05150975e-02,2.90096948e-01,3.45938323e-02,-1.46889934e-01,-3.53208485e+00,0.00000000e+00,1.29301153e-01,2.23181259e-02,1.26715130e+02,2.18717634e+01
9.14000000e-01,-3.99319331e-02,2.93034531e-01,3.42979200e-02,-1.48984759e-01,-3.57358313e+00,0.00000000e+00,1.29224413e-01,2.23425381e-02,1.26639924e+02,2.18956873e+01
9.16000000e-01,-3.93430928e-02,2.95772109e-01,3.39980498e-02,-1.50844760e-01,-3.61508141e+00,0.00000000e+00,1.29179202e-01,2.23834103e-02,1.26595617e+02,2.19357421e+01
9.18000000e-01,-3.87489825e-02,2.98302896e-01,3.36947041e-02,-1.52460117e-01,-3.65657970e+00,0.00000000e+00,1.29217169e-01,2.24233721e-02,1.26632825e+02,2.19749047e+01
9.20000000e-01,-3.81500201e-02,3.00625288e-01,3.33883662e-02,-1.53840200e-01,-3.69807798e+00,0.00000000e+00,1.29168957e-01,2.24402030e-02,1.26585578e+02,2.19913989e+01
9.22000000e-01,-3.75465583e-02,3.02832395e-01,3.30796793e-02,-1.54716231e-01,-3.73957626e+00,0.00000000e+00,1.26993886e-01,2.30408095e-02,1.24454009e+02,2.25799933e+01
9.24000000e-01,-3.69388839e-02,3.04749512e-01,3.27697301e-02,-1.55249128e-01,-3.78107454e+00,0.00000000e+00,1.30992827e-01,2.27178659e-02,1.28372971e+02,2.22635086e+01
9.26000000e-01,-3.63278135e-02,3.06286693e-01,3.24586955e-02,-1.55763089e-01,-3.82257283e+00,0.00000000e+00,1.30890092e-01,2.26364393e-02,1.28272290e+02,2.21837105e+01
9.28000000e-01,-3.57138902e-02,3.07594267e-01,3.21468442e-02,-1.56027418e-01,-3.86407111e+00,0.00000000e+00,1.31352026e-01,2.27964774e-02,1.28724986e+02,2.23405478e+01
9.30000000e-01,-3.50975927e-02,3.08667446e-01,3.18347570e-02,-1.56034944e-01,-3.90556939e+00,0.00000000e+00,1.31340793e-01,2.27296411e-02,1.28713977e+02,2.22750483e+01
9.32000000e-01,-3.44793635e-02,3.09525939e-01,3.15228029e-02,-1.55894690e-01,-3.94706768e+00,0.00000000e+00,1.31325544e-01,2.26609730e-02,1.28699033e+02,2.22077535e+01
9.34000000e-01,-3.38596348e-02,3.10165652e-01,3.12112956e-02,-1.55578461e-01,-3.98856596e+00,0.00000000e+00,1.31396873e-01,2.26538880e-02,1.28768935e+02,2.22008102e+01
9.36000000e-01,-3.32388478e-02,3.10584994e-01,3.09006057e-02,-1.55087268e-01,-4.03006424e+00,0.00000000e+00,1.31409229e-01,2.25841877e-02,1.28781045e+02,2.21325040e+01
9.38000000e-01,-3.26174359e-02,3.10792824e-01,3.05910350e-02,-1.54463404e-01,-4.06743933e+00,0.00000000e+00,1.31267596e-01,2.24898761e-02,1.28642244e+02,2.20400786e+01
9.40000000e-01,-3.19958174e-02,3.10789398e-01,3.02828367e-02,-1.53712624e-01,-4.10167848e+00,0.00000000e+00,1.31271399e-01,2.24100028e-02,1.28645971e+02,2.19618028e+01
9.42000000e-01,-3.13745341e-02,3.10402270e-01,2.99768882e-02,-1.51906439e-01,-4.13591763e+00,0.00000000e+00,1.35160817e-01,2.42674996e-02,1.32457601e+02,2.37821496e+01
9.44000000e-01,-3.07544005e-02,3.09726908e-01,2.96753652e-02,-1.49868899e-01,-4.17015677e+00,0.00000000e+00,1.32941589e-01,2.24639369e-02,1.30282757e+02,2.20146582e+01
9.46000000e-01,-3.01357070e-02,3.08930732e-01,2.93769567e-02,-1.48515157e-01,-4.20439592e+00,0.00000000e+00,1.32930247e-01,2.24053659e-02,1.30271642e+02,2.19572586e+01
9.48000000e-01,-2.95188319e-02,3.07902992e-01,2.90814290e-02,-1.46974761e-01,-4.23863506e+00,0.00000000e+00,1.33312901e-01,2.24329290e-02,1.30646643e+02,2.19842704e+01
9.50000000e-01,-2.89042502e-02,3.06642457e-01,2.87891535e-02,-1.45290556e-01,-4.27287421e+00,0.00000000e+00,1.33348059e-01,2.22890000e-02,1.30681098e+02,2.18432200e+01
9.52000000e-01,-2.82924190e-02,3.05146591e-01,2.85003725e-02,-1.43447764e-01,-4.30711336e+00,0.00000000e+00,1.33811490e-01,2.23525257e-02,1.31135261e+02,2.19054752e+01
9.54000000e-01,-2.76838313e-02,3.03399525e-01,2.82155213e-02,-1.41366827e-01,-4.34135250e+00,0.00000000e+00,1.34242895e-01,2.23811013e-02,1.31558037e+02,2.19334793e+01
9.56000000e-01,-2.70789833e-02,3.01408937e-01,2.79350362e-02,-1.39089392e-01,-4.37559165e+00,0.00000000e+00,1.34556465e-01,2.23633651e-02,1.31865335e+02,2.19160978e+01
9.58000000e-01,-2.64783539e-02,2.99180964e-01,2.76592768e-02,-1.36642372e-01,-4.40983079e+00,0.00000000e+00,1.34877918e-01,2.23421302e-02,1.32180360e+02,2.18952876e+01
9.60000000e-01,-2.58824176e-02,2.96715682e-01,2.73885878e-02,-1.34013774e-01,-4.44406994e+00,0.00000000e+00,1.35227085e-01,2.23567397e-02,1.32522543e+02,2.19096049e+01
9.62000000e-01,-2.52919107e-02,2.93621028e-01,2.71243223e-02,-1.29734490e-01,-4.47830909e+00,0.00000000e+00,1.44752246e-01,2.54278642e-02,1.41857201e+02,2.49193069e+01
9.64000000e-01,-2.47081266e-02,2.90236661e-01,2.68697664e-02,-1.25280257e-01,-4.51254823e+00,0.00000000e+00,1.37217228e-01,2.23583026e-02,1.34472883e+02,2.19111365e+01
9.66000000e-01,-2.41309064e-02,2.86938792e-01,2.66223877e-02,-1.22046215e-01,-4.54678738e+00,0.00000000e+00,1.38005719e-01,2.25119831e-02,1.35245604e+02,2.20617435e+01
9.68000000e-01,-2.35605438e-02,2.83382441e-01,2.63817543e-02,-1.18553144e-01,-4.58102652e+00,0.00000000e+00,1.38586914e-01,2.25568317e-02,1.35815175e+02,2.21056951e+01
9.70000000e-01,-2.29975335e-02,2.79590865e-01,2.61482511e-02,-1.14946157e-01,-4.61526567e+00,0.00000000e+00,1.38890965e-01,2.24160464e-02,1.36113146e+02,2.19677255e+01
9.72000000e-01,-2.24423417e-02,2.75557283e-01,2.59220612e-02,-1.11201828e-01,-4.64950481e+00,0.00000000e+00,1.39693483e-01,2.25204741e-02,1.36899614e+02,2.20700646e+01
9.74000000e-01,-2.18954763e-02,2.71265862e-01,2.57035956e-02,-1.07229790e-01,-4.68374396e+00,0.00000000e+00,1.40434426e-01,2.25803051e-02,1.37625738e+02,2.21286990e+01
9.76000000e-01,-2.13574409e-02,2.66730544e-01,2.54932516e-02,-1.03093421e-01,-4.71798311e+00,0.00000000e+00,1.40982252e-01,2.25632347e-02,1.38162607e+02,2.21119700e+01
9.78000000e-01,-2.08287098e-02,2.61961636e-01,2.52913046e-02,-9.88330352e-02,-4.75222225e+00,0.00000000e+00,1.41557304e-01,2.25503907e-02,1.38726158e+02,2.20993829e+01
9.80000000e-01,-2.03097514e-02,2.56957063e-01,2.50980128e-02,-9.44327242e-02,-4.78646140e+00,0.00000000e+00,1.42232469e-01,2.25790210e-02,1.39387820e+02,2.21274406e+01
9.82000000e-01,-1.98014690e-02,2.51071456e-01,2.49150100e-02,-8.78783777e-02,-4.82070054e+00,0.00000000e+00,1.57972514e-01,2.68078886e-02,1.54813063e+02,2.62717308e+01
9.84000000e-01,-1.93056287e-02,2.44941218e-01,2.47465101e-02,-8.13075571e-02,-4.85493969e+00,0.00000000e+00,1.43875439e-01,2.23699243e-02,1.40997930e+02,2.19225258e+01
9.86000000e-01,-1.88214615e-02,2.39174904e-01,2.45885661e-02,-7.65571440e-02,-4.88917884e+00,0.00000000e+00,1.45492855e-01,2.27593096e-02,1.42582998e+02,2.23041234e+01
9.88000000e-01,-1.83491039e-02,2.33146327e-01,2.44404706e-02,-7.15231784e-02,-4.92341798e+00,0.00000000e+00,1.46123379e-01,2.27514880e-02,1.43200911e+02,2.22964582e+01
9.90000000e-01,-1.78890107e-02,2.26915959e-01,2.43024720e-02,-6.64913102e-02,-4.95765713e+00,0.00000000e+00,1.46427023e-01,2.25557060e-02,1.43498482e+02,2.21045919e+01
9.92000000e-01,-1.74415861e-02,2.20466634e-01,2.41745628e-02,-6.13733147e-02,-4.99189627e+00,0.00000000e+00,1.47561226e-01,2.27474710e-02,1.44610002e+02,2.22925216e+01
9.94000000e-01,-1.70073016e-02,2.13781239e-01,2.40571075e-02,-5.60621594e-02,-5.02613542e+00,0.00000000e+00,1.48371033e-01,2.27911957e-02,1.45403612e+02,2.23353718e+01
9.96000000e-01,-1.65866021e-02,2.06884341e-01,2.39503699e-02,-5.06674392e-02,-5.06037457e+00,0.00000000e+00,1.49041205e-01,2.27681931e-02,1.46060381e+02,2.23128292e+01
9.98000000e-01,-1.61798993e-02,1.99784873e-01,2.38544749e-02,-4.52169847e-02,-5.09461371e+00,0.00000000e+00,1.49755671e-01,2.27689687e-02,1.46760558e+02,2.23135893e+01
1.00000000e+00,-1.57875976e-02,1.92483049e-01,2.37695474e-02,-3.96983509e-02,-5.12885286e+00,0.00000000e+00,1.50537626e-01,2.27877291e-02,1.47526873e+02,2.23319745e+01
1.00200000e+00,-1.54106993e-02,1.84082893e-01,2.36973892e-02,-3.16185015e-02,-5.16309200e+00,0.00000000e+00,1.72311096e-01,2.80389261e-02,1.68864874e+02,2.74781476e+01
1.00400000e+00,-1.50513764e-02,1.75517125e-01,2.36429525e-02,-2.37197927e-02,-5.19733115e+00,0.00000000e+00,1.51438235e-01,2.23261562e-02,1.48409471e+02,2.18796331e+01
1.00600000e+00,-1.47081801e-02,1.67627465e-01,2.36009167e-02,-1.82110265e-02,-5.23157029e+00,0.00000000e+00,1.53678622e-01,2.29601763e-02,1.50605050e+02,2.25009728e+01
1.00800000e+00,-1.43810210e-02,1.59506039e-01,2.35702849e-02,-1.24374479e-02,-5.26580944e+00,0.00000000e+00,1.54150263e-01,2.28358747e-02,1.51067258e+02,2.23791572e+01
1.01000000e+00,-1.40702476e-02,1.51247078e-01,2.35510464e-02,-6.84447733e-03,-5.30004859e+00,0.00000000e+00,1.54321896e-01,2.25512959e-02,1.51235458e+02,2.21002700e+01
1.01200000e+00,-1.37761471e-02,1.42816585e-01,2.35429356e-02,-1.20867364e-03,-5.33428773e+00,0.00000000e+00,1.55723459e-01,2.29119176e-02,1.52608989e+02,2.24536793e+01
1.01400000e+00,-1.34991078e-02,1.34196383e-01,2.35463202e-02,4.58978550e-03,-5.36852688e+00,0.00000000e+00,1.56458240e-01,2.28951769e-02,1.53329075e+02,2.24372734e+01
1.01600000e+00,-1.32394608e-02,1.25427338e-01,2.35612593e-02,1.03351631e-02,-5.40276602e+00,0.00000000e+00,1.57046280e-01,2.28194902e-02,1.53905354e+02,2.23631004e+01
1.01800000e+00,-1.29974931e-02,1.16516222e-01,2.35876236e-02,1.60246111e-02,-5.43700517e+00,0.00000000e+00,1.57766522e-01,2.28131197e-02,1.54611191e+02,2.23568573e+01
1.02000000e+00,-1.27734904e-02,1.07463343e-01,2.36253375e-02,2.16837196e-02,-5.47124432e+00,0.00000000e+00,1.58493468e-01,2.28073726e-02,1.55323599e+02,2.23512252e+01
1.02200000e+00,-1.25684901e-02,9.71350323e-02,2.36762805e-02,3.02255323e-02,-5.50548346e+00,0.00000000e+00,1.85855985e-01,2.89336034e-02,1.82138865e+02,2.83549313e+01
1.02400000e+00,-1.23849893e-02,8.67481972e-02,2.37459770e-02,3.83736089e-02,-5.53972261e+00,0.00000000e+00,1.58319108e-01,2.20767130e-02,1.55152726e+02,2.16351788e+01
1.02600000e+00,-1.22208286e-02,7.73644117e-02,2.38278360e-02,4.36134856e-02,-5.57396175e+00,0.00000000e+00,1.61039186e-01,2.29441425e-02,1.57818402e+02,2.24852596e+01
1.02800000e+00,-1.20756511e-02,6.78014320e-02,2.39205987e-02,4.91049901e-02,-5.60820090e+00,0.00000000e+00,1.61282293e-01,2.27351387e-02,1.58056647e+02,2.22804359e+01
1.03000000e+00,-1.19496659e-02,5.81739459e-02,2.40240667e-02,5.43125240e-02,-5.64244005e+00,0.00000000e+00,1.61478823e-01,2.24937532e-02,1.58249246e+02,2.20438781e+01
1.03200000e+00,-1.18430227e-02,4.84453448e-02,2.41378268e-02,5.94871198e-02,-5.67667919e+00,0.00000000e+00,1.62734914e-01,2.28264201e-02,1.59480215e+02,2.23698917e+01
1.03400000e+00,-1.17559553e-02,3.86105468e-02,2.42620318e-02,6.46866888e-02,-5.71091834e+00,0.00000000e+00,1.63209514e-01,2.27214726e-02,1.59945323e+02,2.22670432e+01
1.03600000e+00,-1.16886242e-02,2.87102255e-02,2.43964563e-02,6.97104393e-02,-5.74515748e+00,0.00000000e+00,1.63676012e-01,2.26473503e-02,1.60402492e+02,2.21944032e+01
1.03800000e+00,-1.16411559e-02,1.87476215e-02,2.45407765e-02,7.45886582e-02,-5.77939663e+00,0.00000000e+00,1.64236777e-01,2.26201734e-02,1.60952042e+02,2.21677700e+01
1.04000000e+00,-1.16136720e-02,8.72760695e-03,2.46947183e-02,7.93278415e-02,-5.81363577e+00,0.00000000e+00,1.64752321e-01,2.25734867e-02,1.61457275e+02,2.21220169e+01
1.04200000e+00,-1.16071047e-02,-2.58113327e-03,2.48600847e-02,8.70617822e-02,-5.84787492e+00,0.00000000e+00,1.94252827e-01,2.91396719e-02,1.90367771e+02,2.85568785e+01
1.04400000e+00,-1.16239562e-02,-1.38293706e-02,2.50425756e-02,9.42113324e-02,-5.88211407e+00,0.00000000e+00,1.63428381e-01,2.16041364e-02,1.60159814e+02,2.11720537e+01
1.04600000e+00,-1.16616227e-02,-2.38783998e-02,2.52347931e-02,9.81556740e-02,-5.91635321e+00,0.00000000e+00,1.66497150e-01,2.26849818e-02,1.63167207e+02,2.22312822e+01
1.04800000e+00,-1.17195474e-02,-3.40438650e-02,2.54353845e-02,1.02379361e-01,-5.95059236e+00,0.00000000e+00,1.66580534e-01,2.24752958e-02,1.63248923e+02,2.20257899e+01
1.05000000e+00,-1.17977783e-02,-4.41796280e-02,2.56440489e-02,1.06210694e-01,-5.98483150e+00,0.00000000e+00,1.66400307e-01,2.21579263e-02,1.63072301e+02,2.17147677e+01
1.05200000e+00,-1.18962729e-02,-5.43258824e-02,2.58601551e-02,1.09933785e-01,-6.01907065e+00,0.00000000e+00,1.67588359e-01,2.25553160e-02,1.64236592e+02,2.21042096e+01
1.05400000e+00,-1.20150946e-02,-6.44912418e-02,2.60837638e-02,1.13626467e-01,-6.05330980e+00,0.00000000e+00,1.67775204e-01,2.24120115e-02,1.64419700e+02,2.19637713e+01
1.05600000e+00,-1.21542131e-02,-7.46193578e-02,2.63144508e-02,1.17003913e-01,-6.08754894e+00,0.00000000e+00,1.67812367e-01,2.22217866e-02,1.64456120e+02,2.17773509e+01
1.05800000e+00,-1.23135508e-02,-8.47155585e-02,2.65516201e-02,1.20142421e-01,-6.12178809e+00,0.00000000e+00,1.68288925e-01,2.22480028e-02,1.64923147e+02,2.18030427e+01
1.06000000e+00,-1.24930608e-02,-9.47899857e-02,2.67949248e-02,1.23137386e-01,-6.15602723e+00,0.00000000e+00,1.68727827e-01,2.22668369e-02,1.65353270e+02,2.18215001e+01
1.06200000e+00,-1.26935686e-02,-1.06151195e-01,2.70462721e-02,1.29285458e-01,-6.19026638e+00,0.00000000e+00,1.99949812e-01,2.92233739e-02,1.95950816e+02,2.86389064e+01
1.06400000e+00,-1.29175381e-02,-1.17321302e-01,2.73115339e-02,1.34634877e-01,-6.22450553e+00,0.00000000e+00,1.66042970e-01,2.09666786e-02,1.62722111e+02,2.05473450e+01
1.06600000e+00,-1.31619283e-02,-1.27103139e-01,2.75824995e-02,1.36516425e-01,-6.25874467e+00,0.00000000e+00,1.69464849e-01,2.23307097e-02,1.66075552e+02,2.18840955e+01
1.06800000e+00,-1.34259753e-02,-1.36921928e-01,2.78578021e-02,1.38701592e-01,-6.29298382e+00,0.00000000e+00,1.69021763e-01,2.19963364e-02,1.65641328e+02,2.15564097e+01
1.07000000e+00,-1.37095213e-02,-1.46598702e-01,2.81369446e-02,1.40344822e-01,-6.32722296e+00,0.00000000e+00,1.68421413e-01,2.15912502e-02,1.65052985e+02,2.11594252e+01
1.07200000e+00,-1.40123187e-02,-1.56198410e-01,2.84191028e-02,1.41870219e-01,-6.36146211e+00,0.00000000e+00,1.69653550e-01,2.21514866e-02,1.66260479e+02,2.17084569e+01
1.07400000e+00,-1.43342743e-02,-1.65737193e-01,2.87044327e-02,1.43406529e-01,-6.39570125e+00,0.00000000e+00,1.69586944e-01,2.20211247e-02,1.66195205e+02,2.15807022e+01
1.07600000e+00,-1.46751795e-02,-1.75143904e-01,2.89924877e-02,1.44581006e-01,-6.42994040e+00,0.00000000e+00,1.69311815e-01,2.18029972e-02,1.65925579e+02,2.13669373e+01
1.07800000e+00,-1.50347582e-02,-1.84412998e-01,2.92825293e-02,1.45414338e-01,-6.46417955e+00,0.00000000e+00,1.69268580e-01,2.17190472e-02,1.65883208e+02,2.12846663e+01
1.08000000e+00,-1.54127484e-02,-1.93557507e-01,2.95739966e-02,1.46025098e-01,-6.49841869e+00,0.00000000e+00,1.69448854e-01,2.17519386e-02,1.66059877e+02,2.13168998e+01
1.08200000e+00,-1.58097582e-02,-2.03856857e-01,2.98686919e-02,1.49728725e-01,-6.53265784e+00,0.00000000e+00,1.99454639e-01,2.86308932e-02,1.95465546e+02,2.80582754e+01
1.08400000e+00,-1.62279776e-02,-2.13858911e-01,3.01723173e-02,1.52541482e-01,-6.56689698e+00,0.00000000e+00,1.65873003e-01,2.03140519e-02,1.62555543e+02,1.99077709e+01
1.08600000e+00,-1.66642383e-02,-2.22427801e-01,3.04765983e-02,1.51965130e-01,-6.60113613e+00,0.00000000e+00,1.69491819e-01,2.19521616e-02,1.66101983e+02,2.15131183e+01
1.08800000e+00,-1.71176507e-02,-2.30939533e-01,3.07803559e-02,1.51655904e-01,-6.63537528e+00,0.00000000e+00,1.68203805e-01,2.13087609e-02,1.64839729e+02,2.08825857e+01
1.09000000e+00,-1.75878348e-02,-2.39208738e-01,3.10828015e-02,1.50716055e-01,-6.66961442e+00,0.00000000e+00,1.67628921e-01,2.10609005e-02,1.64276342e+02,2.06396825e+01
1.09200000e+00,-1.80743826e-02,-2.47323463e-01,3.13831682e-02,1.49698218e-01,-6.70385357e+00,0.00000000e+00,1.68532664e-01,2.15745944e-02,1.65162010e+02,2.11431025e+01
1.09400000e+00,-1.85770451e-02,-2.55312955e-01,3.16816634e-02,1.48783932e-01,-6.73809271e+00,0.00000000e+00,1.68773212e-01,2.17050442e-02,1.65397748e+02,2.12709433e+01
1.09600000e+00,-1.90954957e-02,-2.63094251e-01,3.19780790e-02,1.47532345e-01,-6.77233186e+00,0.00000000e+00,1.67867958e-01,2.12905209e-02,1.64510599e+02,2.08647104e+01
1.09800000e+00,-1.96292673e-02,-2.70643350e-01,3.22715128e-02,1.45860892e-01,-6.80657101e+00,0.00000000e+00,1.67673786e-01,2.12436020e-02,1.64320310e+02,2.08187300e+01
1.10000000e+00,-2.01779411e-02,-2.78000589e-01,3.25614226e-02,1.44039451e-01,-6.84081015e+00,0.00000000e+00,1.67833512e-01,2.13905896e-02,1.64476842e+02,2.09627778e+01
1.10200000e+00,-2.07419180e-02,-2.86330186e-01,3.28496293e-02,1.45155514e-01,-6.87504930e+00,0.00000000e+00,1.94966542e-01,2.78211005e-02,1.91067211e+02,2.72646785e+01
1.10400000e+00,-2.13230254e-02,-2.94305052e-01,3.31414890e-02,1.45438463e-01,-6.90928844e+00,0.00000000e+00,1.64253646e-01,2.00581937e-02,1.60968573e+02,1.96570298e+01
1.10600000e+00,-2.19182129e-02,-3.00892000e-01,3.34292768e-02,1.42562093e-01,-6.94352759e+00,0.00000000e+00,1.67366402e-01,2.16020698e-02,1.64019074e+02,2.11700284e+01
1.10800000e+00,-2.25264974e-02,-3.07335083e-01,3.37118761e-02,1.39893897e-01,-6.97776673e+00,0.00000000e+00,1.65830973e-01,2.08998962e-02,1.62514353e+02,2.04818983e+01
1.11000000e+00,-2.31473561e-02,-3.13482517e-01,3.39884878e-02,1.36678895e-01,-7.01200588e+00,0.00000000e+00,1.65500842e-01,2.08507785e-02,1.62190825e+02,2.04337630e+01
1.11200000e+00,-2.37803022e-02,-3.19441953e-01,3.42586597e-02,1.33565945e-01,-7.04624503e+00,0.00000000e+00,1.66580438e-01,2.15013632e-02,1.63248829e+02,2.10713359e+01
1.11400000e+00,-2.44250222e-02,-3.25248866e-01,3.45229573e-02,1.30761615e-01,-7.08048417e+00,0.00000000e+00,1.67176009e-01,2.18772990e-02,1.63832488e+02,2.14397530e+01
1.11600000e+00,-2.50811193e-02,-3.30788352e-01,3.47814938e-02,1.27638716e-01,-7.11472332e+00,0.00000000e+00,1.65664406e-01,2.12032408e-02,1.62351118e+02,2.07791760e+01
1.11800000e+00,-2.57479691e-02,-3.36018088e-01,3.50331836e-02,1.24022990e-01,-7.14896246e+00,0.00000000e+00,1.65360108e-01,2.12038783e-02,1.62052906e+02,2.07798008e+01
1.12000000e+00,-2.64250257e-02,-3.40998841e-01,3.52775213e-02,1.20310622e-01,-7.18320161e+00,0.00000000e+00,1.65352850e-01,2.13509539e-02,1.62045793e+02,2.09239348e+01
1.12200000e+00,-2.71123724e-02,-3.46591433e-01,3.55159625e-02,1.18902424e-01,-7.21744076e+00,0.00000000e+00,1.85246319e-01,2.63818571e-02,1.81541392e+02,2.58542199e+01
1.12400000e+00,-2.78111430e-02,-3.51811418e-01,3.57526932e-02,1.16837754e-01,-7.25167990e+00,0.00000000e+00,1.62327465e-01,2.03116409e-02,1.59080916e+02,1.99054081e+01
1.12600000e+00,-2.85188663e-02,-3.55903749e-01,3.59816745e-02,1.12314672e-01,-7.28591905e+00,0.00000000e+00,1.64656618e-01,2.15506806e-02,1.61363486e+02,2.11196670e+01
1.12800000e+00,-2.92346213e-02,-3.59790987e-01,3.62020943e-02,1.08005262e-01,-7.32015819e+00,0.00000000e+00,1.63361764e-01,2.10767413e-02,1.60094528e+02,2.06552065e+01
1.13000000e+00,-2.99578177e-02,-3.63359542e-01,3.64134550e-02,1.03335139e-01,-7.35439734e+00,0.00000000e+00,1.63098756e-01,2.10973855e-02,1.59836781e+02,2.06754378e+01
1.13200000e+00,-3.06879083e-02,-3.66701501e-01,3.66155307e-02,9.88088087e-02,-7.38863649e+00,0.00000000e+00,1.64012966e-01,2.16691186e-02,1.60732707e+02,2.12357363e+01
1.13400000e+00,-3.14244835e-02,-3.69833128e-01,3.68088676e-02,9.45485730e-02,-7.42287563e+00,0.00000000e+00,1.64183777e-01,2.19338603e-02,1.60900101e+02,2.14951831e+01
1.13600000e+00,-3.21670377e-02,-3.72660041e-01,3.69935745e-02,9.00626536e-02,-7.45711478e+00,0.00000000e+00,1.62942484e-01,2.14610674e-02,1.59683635e+02,2.10318460e+01
1.13800000e+00,-3.29149007e-02,-3.75152570e-01,3.71688847e-02,8.52263894e-02,-7.49135392e+00,0.00000000e+00,1.62464718e-01,2.14508944e-02,1.59215424e+02,2.10218765e+01
1.14000000e+00,-3.36674611e-02,-3.77364817e-01,3.73344719e-02,8.03777971e-02,-7.52559307e+00,0.00000000e+00,1.62527194e-01,2.16737296e-02,1.59276650e+02,2.12402550e+01
1.14200000e+00,-3.44244859e-02,-3.79765917e-01,3.74913193e-02,7.69140898e-02,-7.55983221e+00,0.00000000e+00,1.73048135e-01,2.45834330e-02,1.69587172e+02,2.40917644e+01
1.14400000e+00,-3.51862685e-02,-3.81782612e-01,3.76417842e-02,7.29345341e-02,-7.59407136e+00,0.00000000e+00,1.59754134e-01,2.08072857e-02,1.56559051e+02,2.03911400e+01
1.14600000e+00,-3.59511014e-02,-3.83026827e-01,3.77820790e-02,6.74874100e-02,-7.62831051e+00,0.00000000e+00,1.61235675e-01,2.17057012e-02,1.58010962e+02,2.12715872e+01
1.14800000e+00,-3.67182144e-02,-3.84028988e-01,3.79118830e-02,6.22640433e-02,-7.66254965e+00,0.00000000e+00,1.60355785e-01,2.14644975e-02,1.57148669e+02,2.10352076e+01
1.15000000e+00,-3.74869975e-02,-3.84701393e-01,3.80309870e-02,5.68185269e-02,-7.69678880e+00,0.00000000e+00,1.59802979e-01,2.14117713e-02,1.56606920e+02,2.09835358e+01
1.15200000e+00,-3.82568426e-02,-3.85107663e-01,3.81392464e-02,5.15069476e-02,-7.73102794e+00,0.00000000e+00,1.60419557e-01,2.19024830e-02,1.57211166e+02,2.14644334e+01
1.15400000e+00,-3.90272600e-02,-3.85261707e-01,3.82371616e-02,4.64155766e-02,-7.76526709e+00,0.00000000e+00,1.60197448e-01,2.20159486e-02,1.56993499e+02,2.15756296e+01
1.15600000e+00,-3.97976694e-02,-3.85085785e-01,3.83247960e-02,4.11551838e-02,-7.79950624e+00,0.00000000e+00,1.58998617e-01,2.16750194e-02,1.55818644e+02,2.12415190e+01
1.15800000e+00,-4.05673875e-02,-3.84586422e-01,3.84016842e-02,3.57476124e-02,-7.83374538e+00,0.00000000e+00,1.58924783e-01,2.18190736e-02,1.55746288e+02,2.13826921e+01
1.16000000e+00,-4.13358304e-02,-3.83809973e-01,3.84678505e-02,3.04360629e-02,-7.86798453e+00,0.00000000e+00,1.58799808e-01,2.19732681e-02,1.55623812e+02,2.15338027e+01
1.16200000e+00,-4.21025247e-02,-3.82879614e-01,3.85237587e-02,2.56197146e-02,-7.90222367e+00,0.00000000e+00,1.61590824e-01,2.29403964e-02,1.58359007e+02,2.24815885e+01
1.16400000e+00,-4.28671299e-02,-3.81620899e-01,3.85702232e-02,2.06441211e-02,-7.93646282e+00,0.00000000e+00,1.57373400e-01,2.17073391e-02,1.54225932e+02,2.12731923e+01
1.16600000e+00,-4.36287177e-02,-3.79926231e-01,3.86060481e-02,1.52380090e-02,-7.97070197e+00,0.00000000e+00,1.57627540e-01,2.20901456e-02,1.54474989e+02,2.16483427e+01
1.16800000e+00,-4.43866407e-02,-3.77940425e-01,3.86312279e-02,9.91088711e-03,-8.00494111e+00,0.00000000e+00,1.56765304e-01,2.19112724e-02,1.53629998e+02,2.14730469e+01
1.17000000e+00,-4.51402739e-02,-3.75646481e-01,3.86456496e-02,4.52062249e-03,-8.03918026e+00,0.00000000e+00,1.56588439e-01,2.19804156e-02,1.53456670e+02,2.15408073e+01
1.17200000e+00,-4.58890341e-02,-3.73063833e-01,3.86493501e-02,-8.10040510e-04,-8.07341940e+00,0.00000000e+00,1.56141702e-01,2.20438426e-02,1.53018868e+02,2.16029657e+01
1.17400000e+00,-4.66323407e-02,-3.70198366e-01,3.86424985e-02,-6.00705724e-03,-8.09598300e+00,0.00000000e+00,1.56059072e-01,2.22532866e-02,1.52937890e+02,2.18082209e+01
1.17600000e+00,-4.73696191e-02,-3.67020122e-01,3.86252967e-02,-1.12418400e-02,-8.09598300e+00,0.00000000e+00,1.54864224e-01,2.19421149e-02,1.51766939e+02,2.15032726e+01
1.17800000e+00,-4.81002106e-02,-3.63526019e-01,3.85974900e-02,-1.65384370e-02,-8.09598300e+00,0.00000000e+00,1.54656388e-01,2.20859872e-02,1.51563260e+02,2.16442675e+01
1.18000000e+00,-4.88235301e-02,-3.59742327e-01,3.85591866e-02,-2.17695536e-02,-8.09598300e+00,0.00000000e+00,1.54017193e-01,2.20269727e-02,1.50936849e+02,2.15864332e+01
1.18200000e+00,-4.95389335e-02,-3.55589078e-01,3.85102458e-02,-2.72495094e-02,-8.09598300e+00,0.00000000e+00,1.51877493e-01,2.14959627e-02,1.48839943e+02,2.10660434e+01
1.18400000e+00,-5.02457110e-02,-3.51172741e-01,3.84502914e-02,-3.25752239e-02,-8.09598300e+00,0.00000000e+00,1.53657114e-01,2.22673030e-02,1.50583972e+02,2.18219569e+01
1.18600000e+00,-5.09434934e-02,-3.46559823e-01,3.83801996e-02,-3.75189715e-02,-8.09598300e+00,0.00000000e+00,1.52998707e-01,2.21995975e-02,1.49938733e+02,2.17556055e+01
1.18800000e+00,-5.16317703e-02,-3.41676949e-01,3.83002724e-02,-4.23774655e-02,-8.09598300e+00,0.00000000e+00,1.52987314e-01,2.23340642e-02,1.49927568e+02,2.18873830e+01
1.19000000e+00,-5.23100306e-02,-3.36538157e-01,3.82107751e-02,-4.71079659e-02,-8.09598300e+00,0.00000000e+00,1.52576190e-01,2.23423385e-02,1.49524666e+02,2.18954918e+01
1.19200000e+00,-5.29777396e-02,-3.31124334e-01,3.81118958e-02,-5.17555425e-02,-8.09598300e+00,0.00000000e+00,1.52033174e-01,2.23687688e-02,1.48992511e+02,2.19213935e+01
1.19400000e+00,-5.36343466e-02,-3.25438492e-01,3.80037925e-02,-5.63437216e-02,-8.09598300e+00,0.00000000e+00,1.51602910e-01,2.23144551e-02,1.48570852e+02,2.18681660e+01
1.19600000e+00,-5.42793098e-02,-3.19477124e-01,3.78865431e-02,-6.08985686e-02,-8.09598300e+00,0.00000000e+00,1.50883997e-01,2.22730958e-02,1.47866317e+02,2.18276338e+01
1.19800000e+00,-5.49120716e-02,-3.13240504e-01,3.77602349e-02,-6.53984133e-02,-8.09598300e+00,0.00000000e+00,1.50361684e-01,2.22513059e-02,1.47354451e+02,2.18062797e+01
1.20000000e+00,-5.55320999e-02,-3.06746019e-01,3.76249875e-02,-6.98412224e-02,-8.09598300e+00,0.00000000e+00,1.49946155e-01,2.22014197e-02,1.46947232e+02,2.17573913e+01
1.20200000e+00,-5.61386428e-02,-2.99632235e-01,3.74801625e-02,-7.53451484e-02,-8.09598300e+00,0.00000000e+00,1.40870066e-01,1.98192262e-02,1.38052664e+02,1.94228417e+01
1.20400000e+00,-5.67305048e-02,-2.92332322e-01,3.73238784e-02,-8.04419883e-02,-8.09598300e+00,0.00000000e+00,1.50458552e-01,2.28349140e-02,1.47449381e+02,2.23782157e+01
1.20600000e+00,-5.73080624e-02,-2.85167873e-01,3.71592384e-02,-8.42731442e-02,-8.09598300e+00,0.00000000e+00,1.48779242e-01,2.22422318e-02,1.45803657e+02,2.17973872e+01
1.20800000e+00,-5.78709997e-02,-2.77738483e-01,3.69867516e-02,-8.81556975e-02,-8.09598300e+00,0.00000000e+00,1.48893214e-01,2.24822295e-02,1.45915350e+02,2.20325849e+01
1.21000000e+00,-5.84188986e-02,-2.70132508e-01,3.68068938e-02,-9.16210577e-02,-8.09598300e+00,0.00000000e+00,1.49156480e-01,2.28624285e-02,1.46173351e+02,2.24051799e+01
1.21200000e+00,-5.89513775e-02,-2.62298209e-01,3.66203100e-02,-9.50223945e-02,-8.09598300e+00,0.00000000e+00,1.47936448e-01,2.23514304e-02,1.44977719e+02,2.19044018e+01
1.21400000e+00,-5.94679156e-02,-2.54200226e-01,3.64267081e-02,-9.85678990e-02,-8.09598300e+00,0.00000000e+00,1.47244390e-01,2.22846981e-02,1.44299502e+02,2.18390042e+01
1.21600000e+00,-5.99680530e-02,-2.45914220e-01,3.62262393e-02,-1.01812129e-01,-8.09598300e+00,0.00000000e+00,1.47659341e-01,2.26987826e-02,1.44706155e+02,2.22448069e+01
1.21800000e+00,-6.04514587e-02,-2.37457588e-01,3.60196616e-02,-1.04753243e-01,-8.09598300e+00,0.00000000e+00,1.47237858e-01,2.26270322e-02,1.44293101e+02,2.21744916e+01
1.22000000e+00,-6.09177468e-02,-2.28796185e-01,3.58072863e-02,-1.07604429e-01,-8.09598300e+00,0.00000000e+00,1.46716052e-01,2.25853216e-02,1.43781731e+02,2.21336152e+01
1.22200000e+00,-6.13659533e-02,-2.19099540e-01,3.55876272e-02,-1.12880288e-01,-8.09598300e+00,0.00000000e+00,1.26744113e-01,1.72256554e-02,1.24209231e+02,1.68811423e+01
1.22400000e+00,-6.17941209e-02,-2.09366659e-01,3.53563078e-02,-1.17342441e-01,-8.09598300e+00,0.00000000e+00,1.49405516e-01,2.39651059e-02,1.46417405e+02,2.34858038e+01
1.22600000e+00,-6.22038728e-02,-2.00313097e-01,3.51200256e-02,-1.19152455e-01,-8.09598300e+00,0.00000000e+00,1.45999575e-01,2.24556037e-02,1.43079583e+02,2.20064917e+01
1.22800000e+00,-6.25951917e-02,-1.90987250e-01,3.48794404e-02,-1.21348867e-01,-8.09598300e+00,0.00000000e+00,1.46275346e-01,2.28112946e-02,1.43349839e+02,2.23550687e+01
1.23000000e+00,-6.29677534e-02,-1.81558805e-01,3.46349564e-02,-1.23056007e-01,-8.09598300e+00,0.00000000e+00,1.46681893e-01,2.31340523e-02,1.43748255e+02,2.26713713e+01
1.23200000e+00,-6.33213227e-02,-1.71974062e-01,3.43872669e-02,-1.24687316e-01,-8.09598300e+00,0.00000000e+00,1.45548310e-01,2.26172667e-02,1.42637344e+02,2.21649214e+01
1.23400000e+00,-6.36555177e-02,-1.62191406e-01,3.41360944e-02,-1.26487775e-01,-8.09598300e+00,0.00000000e+00,1.44825130e-01,2.24209205e-02,1.41928627e+02,2.19725021e+01
1.23600000e+00,-6.39700183e-02,-1.52303684e-01,3.38815555e-02,-1.27928796e-01,-8.09598300e+00,0.00000000e+00,1.45700895e-01,2.30087385e-02,1.42786877e+02,2.25485637e+01
1.23800000e+00,-6.42646809e-02,-1.42338747e-01,3.36246837e-02,-1.28913024e-01,-8.09598300e+00,0.00000000e+00,1.45466806e-01,2.30131852e-02,1.42557470e+02,2.25529215e+01
1.24000000e+00,-6.45392877e-02,-1.32245436e-01,3.33659667e-02,-1.29802281e-01,-8.09598300e+00,0.00000000e+00,1.44983942e-01,2.28388503e-02,1.42084263e+02,2.23820733e+01
1.24200000e+00,-6.47926273e-02,-1.20599147e-01,3.31026933e-02,-1.34862865e-01,-8.09598300e+00,0.00000000e+00,1.11291405e-01,1.38829557e-02,1.09065577e+02,1.36052966e+01
1.24400000e+00,-6.50217492e-02,-1.09050122e-01,3.28272762e-02,-1.38782445e-01,-8.09598300e+00,0.00000000e+00,1.49176422e-01,2.48426909e-02,1.46192894e+02,2.43458371e+01
1.24600000e+00,-6.52297243e-02,-9.88458613e-02,3.25504822e-02,-1.38324263e-01,-8.09598300e+00,0.00000000e+00,1.44454069e-01,2.26761482e-02,1.41564987e+02,2.22226252e+01
1.24800000e+00,-6.54169778e-02,-8.84093936e-02,3.22735862e-02,-1.38455588e-01,-8.09598300e+00,0.00000000e+00,1.45321563e-01,2.32098506e-02,1.42415132e+02,2.27456536e+01
1.25000000e+00,-6.55833665e-02,-7.79798276e-02,3.19970942e-02,-1.37935426e-01,-8.09598300e+00,0.00000000e+00,1.46016192e-01,2.36484622e-02,1.43095868e+02,2.31754929e+01
1.25200000e+00,-6.57288324e-02,-6.74532380e-02,3.17218302e-02,-1.37436628e-01,-8.09598300e+00,0.00000000e+00,1.44284686e-01,2.27715230e-02,1.41398993e+02,2.23160925e+01
1.25400000e+00,-6.58530946e-02,-5.67993190e-02,3.14471824e-02,-1.37185777e-01,-8.09598300e+00,0.00000000e+00,1.44098671e-01,2.27355776e-02,1.41216698e+02,2.22808661e+01
1.25600000e+00,-6.59560271e-02,-4.61415625e-02,3.11733596e-02,-1.36526247e-01,-8.09598300e+00,0.00000000e+00,1.45078817e-01,2.32379391e-02,1.42177241e+02,2.27731803e+01
1.25800000e+00,-6.60376572e-02,-3.54783993e-02,3.09013199e-02,-1.35502989e-01,-8.09598300e+00,0.00000000e+00,1.44682179e-01,2.31100020e-02,1.41788536e+02,2.26478020e+01
1.26000000e+00,-6.60978958e-02,-2.47478905e-02,3.06312892e-02,-1.34567396e-01,-8.09598300e+00,0.00000000e+00,1.44040622e-01,2.26677747e-02,1.41159810e+02,2.22144192e+01
1.26200000e+00,-6.61351917e-02,-1.18318671e-02,3.03590884e-02,-1.39573731e-01,-8.09598300e+00,0.00000000e+00,9.39667515e-02,1.02502809e-02,9.20874165e+01,1.00452753e+01
1.26400000e+00,-6.61453852e-02,8.41409581e-04,3.00739860e-02,-1.43093193e-01,-8.09598300e+00,0.00000000e+00,1.49851161e-01,2.53838623e-02,1.46854138e+02,2.48761851e+01
1.26600000e+00,-6.61332527e-02,1.13747222e-02,2.97907521e-02,-1.40558284e-01,-8.09598300e+00,0.00000000e+00,1.43915648e-01,2.25525910e-02,1.41037335e+02,2.21015392e+01
1.26800000e+00,-6.60997551e-02,2.21048882e-02,2.95111995e-02,-1.38853380e-01,-8.09598300e+00,0.00000000e+00,1.45021638e-01,2.32416801e-02,1.42121206e+02,2.27768465e+01
1.27000000e+00,-6.60449160e-02,3.27107712e-02,2.92358922e-02,-1.36318125e-01,-8.09598300e+00,0.00000000e+00,1.46415531e-01,2.39012263e-02,1.43487221e+02,2.34232018e+01
1.27200000e+00,-6.59689276e-02,4.32932748e-02,2.89660187e-02,-1.33645271e-01,-8.09598300e+00,0.00000000e+00,1.44990767e-01,2.31438371e-02,1.42090952e+02,2.26809603e+01
1.27400000e+00,-6.58717075e-02,5.39288691e-02,2.87010541e-02,-1.31357945e-01,-8.09598300e+00,0.00000000e+00,1.44424714e-01,2.27125323e-02,1.41536220e+02,2.22582817e+01
1.27600000e+00,-6.57532757e-02,6.44690681e-02,2.84408355e-02,-1.28697787e-01,-8.09598300e+00,0.00000000e+00,1.46296271e-01,2.35536518e-02,1.43370345e+02,2.30825788e+01
1.27800000e+00,-6.56139010e-02,7.49046038e-02,2.81865469e-02,-1.25611798e-01,-8.09598300e+00,0.00000000e+00,1.45775262e-01,2.32418143e-02,1.42859757e+02,2.27769780e+01
1.28000000e+00,-6.54536661e-02,8.53268800e-02,2.79382875e-02,-1.22677071e-01,-8.09598300e+00,0.00000000e+00,1.45340626e-01,2.28802871e-02,1.42433814e+02,2.24226813e+01
1.28200000e+00,-6.52712620e-02,9.77463245e-02,2.76917262e-02,-1.25909973e-01,-8.09598300e+00,0.00000000e+00,9.76656835e-02,9.94421465e-03,9.57123698e+01,9.74533036e+00
1.28400000e+00,-6.50629005e-02,1.09836379e-01,2.74356481e-02,-1.27642850e-01,-8.09598300e+00,0.00000000e+00,1.51389210e-01,2.56647537e-02,1.48361426e+02,2.51514587e+01
1.28600000e+00,-6.48333164e-02,1.19826561e-01,2.71852505e-02,-1.23232584e-01,-8.09598300e+00,0.00000000e+00,1.44900427e-01,2.24789751e-02,1.42002419e+02,2.20293956e+01
1.28800000e+00,-6.45835157e-02,1.29934569e-01,2.69420585e-02,-1.19811165e-01,-8.09598300e+00,0.00000000e+00,1.46638175e-01,2.32404070e-02,1.43705412e+02,2.27755988e+01
1.29000000e+00,-6.43137348e-02,1.39807543e-01,2.67065447e-02,-1.15581483e-01,-8.09598300e+00,0.00000000e+00,1.48230704e-01,2.38373981e-02,1.45266090e+02,2.33606501e+01
1.29200000e+00,-6.40243629e-02,1.49564401e-01,2.64797813e-02,-1.11278747e-01,-8.09598300e+00,0.00000000e+00,1.47029087e-01,2.30680018e-02,1.44088505e+02,2.26066417e+01
1.29400000e+00,-6.37155078e-02,1.59275493e-01,2.62611854e-02,-1.07342384e-01,-8.09598300e+00,0.00000000e+00,1.46818592e-01,2.27544856e-02,1.43882220e+02,2.22993959e+01
1.29600000e+00,-6.33873881e-02,1.68795795e-01,2.60506849e-02,-1.02996342e-01,-8.09598300e+00,0.00000000e+00,1.48847847e-01,2.36254942e-02,1.45870890e+02,2.31529843e+01
1.29800000e+00,-6.30404497e-02,1.78128366e-01,2.58494558e-02,-9.82667626e-02,-8.09598300e+00,0.00000000e+00,1.48411382e-01,2.32701176e-02,1.45443155e+02,2.28047153e+01
1.30000000e+00,-6.26749258e-02,1.87384312e-01,2.56574464e-02,-9.37943562e-02,-8.09598300e+00,0.00000000e+00,1.47692322e-01,2.28095417e-02,1.44738476e+02,2.23533509e+01
1.30200000e+00,-6.22895466e-02,1.98688957e-01,2.54697180e-02,-9.61614843e-02,-8.09598300e+00,0.00000000e+00,9.74360779e-02,8.64579861e-03,9.54873563e+01,8.47288264e+00
1.30400000e+00,-6.18804494e-02,2.09574504e-01,2.52738002e-02,-9.70297933e-02,-8.09598300e+00,0.00000000e+00,1.54193794e-01,2.56771495e-02,1.51109918e+02,2.51636065e+01
1.30600000e+00,-6.14527855e-02,2.18154705e-01,2.50861092e-02,-9.11329275e-02,-8.09598300e+00,0.00000000e+00,1.47849535e-01,2.25751810e-02,1.44892544e+02,2.21236774e+01
1.30800000e+00,-6.10077994e-02,2.26781616e-01,2.49085567e-02,-8.63036269e-02,-8.09598300e+00,0.00000000e+00,1.49505160e-01,2.31807584e-02,1.46515056e+02,2.27171432e+01
1.31000000e+00,-6.05458597e-02,2.35107618e-01,2.47413481e-02,-8.07942758e-02,-8.09598300e+00,0.00000000e+00,1.51144245e-01,2.37615349e-02,1.48121360e+02,2.32863042e+01
1.31200000e+00,-6.00675081e-02,2.43224921e-01,2.45854417e-02,-7.51917805e-02,-8.09598300e+00,0.00000000e+00,1.50510187e-01,2.31512256e-02,1.47499983e+02,2.26882011e+01
1.31400000e+00,-5.95730457e-02,2.51213621e-01,2.44403213e-02,-6.99786867e-02,-8.09598300e+00,0.00000000e+00,1.50145646e-01,2.27347175e-02,1.47142733e+02,2.22800231e+01
1.31600000e+00,-5.90628266e-02,2.58942925e-01,2.43057844e-02,-6.43795598e-02,-8.09598300e+00,0.00000000e+00,1.52438328e-01,2.37671015e-02,1.49389562e+02,2.32917595e+01
1.31800000e+00,-5.85374526e-02,2.66404469e-01,2.41830615e-02,-5.83928843e-02,-8.09598300e+00,0.00000000e+00,1.52144283e-01,2.33704006e-02,1.49101397e+02,2.29029925e+01
1.32000000e+00,-5.79973036e-02,2.73723602e-01,2.40719309e-02,-5.28290162e-02,-8.09598300e+00,0.00000000e+00,1.51386679e-01,2.27185619e-02,1.48358946e+02,2.22641907e+01
1.32200000e+00,-5.74414681e-02,2.82677703e-01,2.39675129e-02,-5.36130031e-02,-8.09598300e+00,0.00000000e+00,1.09436215e-01,9.89656923e-03,1.07247491e+02,9.69863784e+00
1.32400000e+00,-5.68669107e-02,2.91154993e-01,2.38584165e-02,-5.29912858e-02,-8.09598300e+00,0.00000000e+00,1.57875793e-01,2.55140481e-02,1.54718277e+02,2.50037671e+01
1.32600000e+00,-5.62781798e-02,2.97634830e-01,2.37595209e-02,-4.64100282e-02,-8.09598300e+00,0.00000000e+00,1.51331610e-01,2.22614813e-02,1.48304978e+02,2.18162516e+01
1.32800000e+00,-5.56763708e-02,3.04115571e-01,2.36719729e-02,-4.10338946e-02,-8.09598300e+00,0.00000000e+00,1.52968657e-01,2.28572703e-02,1.49909284e+02,2.24001249e+01
1.33000000e+00,-5.50619656e-02,3.10224251e-01,2.35958643e-02,-3.49394652e-02,-8.09598300e+00,0.00000000e+00,1.55035330e-01,2.36580263e-02,1.51934623e+02,2.31848658e+01
1.33200000e+00,-5.44356481e-02,3.16071489e-01,2.35322288e-02,-2.88243537e-02,-8.09598300e+00,0.00000000e+00,1.53989028e-01,2.28072260e-02,1.50909247e+02,2.23510814e+01
1.33400000e+00,-5.37978103e-02,3.21722746e-01,2.34802777e-02,-2.31429688e-02,-8.09598300e+00,0.00000000e+00,1.54431295e-01,2.26710921e-02,1.51342669e+02,2.22176703e+01
1.33600000e+00,-5.31489793e-02,3.27040763e-01,2.34398686e-02,-1.71441728e-02,-8.09598300e+00,0.00000000e+00,1.56501348e-01,2.34133463e-02,1.53371321e+02,2.29450794e+01
1.33800000e+00,-5.24898476e-02,3.32058225e-01,2.34118250e-02,-1.09593176e-02,-8.09598300e+00,0.00000000e+00,1.56094407e-01,2.30190198e-02,1.52972519e+02,2.25586394e+01
1.34000000e+00,-5.18208844e-02,3.36868664e-01,2.33958012e-02,-5.11961568e-03,-8.09598300e+00,0.00000000e+00,1.55897813e-01,2.26635715e-02,1.52779857e+02,2.22103001e+01
1.34200000e+00,-5.11416256e-02,3.42800056e-01,2.33878732e-02,-4.48927768e-03,-8.09598300e+00,0.00000000e+00,1.24378251e-01,1.20722886e-02,1.21890686e+02,1.18308428e+01
1.34400000e+00,-5.04500028e-02,3.48253668e-01,2.33786473e-02,-2.65479067e-03,-8.09598300e+00,0.00000000e+00,1.61440959e-01,2.51780028e-02,1.58212140e+02,2.46744427e+01
1.34600000e+00,-4.97496574e-02,3.52137702e-01,2.33804325e-02,3.94726745e-03,-8.09598300e+00,0.00000000e+00,1.55353680e-01,2.20790819e-02,1.52246606e+02,2.16375003e+01
1.34800000e+00,-4.90414906e-02,3.55963838e-01,2.33936505e-02,9.37059525e-03,-8.09598300e+00,0.00000000e+00,1.57028821e-01,2.27205561e-02,1.53888244e+02,2.22661450e+01
1.35000000e+00,-4.83260777e-02,3.59376455e-01,2.34183519e-02,1.54492775e-02,-8.09598300e+00,0.00000000e+00,1.59190633e-01,2.34875268e-02,1.56006820e+02,2.30177762e+01
1.35200000e+00,-4.76042095e-02,3.62451961e-01,2.34555456e-02,2.16749964e-02,-8.09598300e+00,0.00000000e+00,1.59026130e-01,2.30797508e-02,1.55845607e+02,2.26181558e+01
1.35400000e+00,-4.68764072e-02,3.65321492e-01,2.35046726e-02,2.73319417e-02,-8.09598300e+00,0.00000000e+00,1.58074302e-01,2.23614935e-02,1.54912816e+02,2.19142636e+01
1.35600000e+00,-4.61431309e-02,3.67879975e-01,2.35649065e-02,3.30385482e-02,-8.09598300e+00,0.00000000e+00,1.60319338e-01,2.32677647e-02,1.57112951e+02,2.28024094e+01
1.35800000e+00,-4.54051270e-02,3.70078904e-01,2.36370090e-02,3.90184096e-02,-8.09598300e+00,0.00000000e+00,1.60460730e-01,2.30356004e-02,1.57251515e+02,2.25748884e+01
1.36000000e+00,-4.46629834e-02,3.72025733e-01,2.37207274e-02,4.46191970e-02,-8.09598300e+00,0.00000000e+00,1.60160065e-01,2.25893662e-02,1.56956864e+02,2.21375789e+01
1.36200000e+00,-4.39165610e-02,3.74667170e-01,2.38126516e-02,4.59693147e-02,-8.09598300e+00,0.00000000e+00,1.38145994e-01,1.42436628e-02,1.35383074e+02,1.39587895e+01
1.36400000e+00,-4.31646025e-02,3.76877004e-01,2.39051339e-02,4.81128081e-02,-8.09598300e+00,0.00000000e+00,1.64117767e-01,2.43865584e-02,1.60835412e+02,2.38988272e+01
1.36600000e+00,-4.24098413e-02,3.77904359e-01,2.40075391e-02,5.39105150e-02,-8.09598300e+00,0.00000000e+00,1.59620187e-01,2.20576332e-02,1.56427783e+02,2.16164806e+01
1.36800000e+00,-4.16530609e-02,3.78817899e-01,2.41200945e-02,5.86861658e-02,-8.09598300e+00,0.00000000e+00,1.60603487e-01,2.24001223e-02,1.57391417e+02,2.19521199e+01
1.37000000e+00,-4.08948506e-02,3.79310062e-01,2.42426582e-02,6.40234573e-02,-8.09598300e+00,0.00000000e+00,1.63279516e-01,2.34094897e-02,1.60013926e+02,2.29412999e+01
1.37200000e+00,-4.01360456e-02,3.79464914e-01,2.43762309e-02,6.94246444e-02,-8.09598300e+00,0.00000000e+00,1.62291994e-01,2.27228023e-02,1.59046154e+02,2.22683463e+01
1.37400000e+00,-3.93771323e-02,3.79407805e-01,2.45199324e-02,7.41893110e-02,-8.09598300e+00,0.00000000e+00,1.62037196e-01,2.22767392e-02,1.58796452e+02,2.18312044e+01
1.37600000e+00,-3.86186136e-02,3.79051780e-01,2.46728951e-02,7.88144028e-02,-8.09598300e+00,0.00000000e+00,1.63083658e-01,2.26464819e-02,1.59821984e+02,2.21935523e+01
1.37800000e+00,-3.78611466e-02,3.78363660e-01,2.48352481e-02,8.35266698e-02,-8.09598300e+00,0.00000000e+00,1.63611388e-01,2.26897246e-02,1.60339160e+02,2.22359302e+01
1.38000000e+00,-3.71053289e-02,3.77420669e-01,2.50067521e-02,8.78644711e-02,-8.09598300e+00,0.00000000e+00,1.62865642e-01,2.21036671e-02,1.59608329e+02,2.16615937e+01
1.38200000e+00,-3.63513580e-02,3.76636580e-01,2.51849778e-02,8.96103938e-02,-8.09598300e+00,0.00000000e+00,1.53739886e-01,1.75029569e-02,1.50665088e+02,1.71528978e+01
1.38400000e+00,-3.55990287e-02,3.75483384e-01,2.53655100e-02,9.18305547e-02,-8.09598300e+00,0.00000000e+00,1.65345338e-01,2.33564614e-02,1.62038431e+02,2.28893321e+01
1.38600000e+00,-3.48498565e-02,3.73682082e-01,2.55536076e-02,9.60119558e-02,-8.09598300e+00,0.00000000e+00,1.62761422e-01,2.18865029e-02,1.59506193e+02,2.14487728e+01
1.38800000e+00,-3.41044205e-02,3.71700504e-01,2.57490568e-02,9.94419220e-02,-8.09598300e+00,0.00000000e+00,1.63464833e-01,2.20570137e-02,1.60195536e+02,2.16158734e+01
1.39000000e+00,-3.33633142e-02,3.69329435e-01,2.59516523e-02,1.03287275e-01,-8.09598300e+00,0.00000000e+00,1.65803567e-01,2.30463082e-02,1.62487495e+02,2.25853820e+01
1.39200000e+00,-3.26273334e-02,3.66612541e-01,2.61623316e-02,1.07321098e-01,-8.09598300e+00,0.00000000e+00,1.65526929e-01,2.27519067e-02,1.62216390e+02,2.22968686e+01
1.39400000e+00,-3.18970016e-02,3.63689226e-01,2.63805221e-02,1.10733137e-01,-8.09598300e+00,0.00000000e+00,1.64653384e-01,2.20514350e-02,1.61360317e+02,2.16104063e+01
1.39600000e+00,-3.11727453e-02,3.60512747e-01,2.66050539e-02,1.13829851e-01,-8.09598300e+00,0.00000000e+00,1.65517640e-01,2.24095475e-02,1.62207287e+02,2.19613565e+01
1.39800000e+00,-3.04551554e-02,3.57029165e-01,2.68358706e-02,1.16970264e-01,-8.09598300e+00,0.00000000e+00,1.65957668e-01,2.24716100e-02,1.62638514e+02,2.20221778e+01
1.40000000e+00,-2.97447840e-02,3.53312444e-01,2.70726914e-02,1.19745320e-01,-8.09598300e+00,0.00000000e+00,1.65151478e-01,2.19798003e-02,1.61848449e+02,2.15402043e+01
1.40200000e+00,-2.90419204e-02,3.49573598e-01,2.73137986e-02,1.20940733e-01,-8.09598300e+00,0.00000000e+00,1.60721670e-01,1.94997170e-02,1.57507237e+02,1.91097227e+01
1.40400000e+00,-2.83466631e-02,3.45574560e-01,2.75564826e-02,1.22178458e-01,-8.09598300e+00,0.00000000e+00,1.65540020e-01,2.24149787e-02,1.62229220e+02,2.19666791e+01
1.40600000e+00,-2.76598914e-02,3.41171563e-01,2.78031018e-02,1.24300163e-01,-8.09598300e+00,0.00000000e+00,1.64536950e-01,2.17065805e-02,1.61246211e+02,2.12724489e+01
1.40800000e+00,-2.69821095e-02,3.36569581e-01,2.80533477e-02,1.25918596e-01,-8.09598300e+00,0.00000000e+00,1.64638246e-01,2.17154334e-02,1.61345481e+02,2.12811247e+01
1.41000000e+00,-2.63138256e-02,3.31648876e-01,2.83069302e-02,1.27767989e-01,-8.09598300e+00,0.00000000e+00,1.66509470e-01,2.25529126e-02,1.63179281e+02,2.21018543e+01
1.41200000e+00,-2.56557113e-02,3.26432263e-01,2.85644924e-02,1.29726567e-01,-8.09598300e+00,0.00000000e+00,1.66159309e-01,2.23117338e-02,1.62836123e+02,2.18654991e+01
1.41400000e+00,-2.50082162e-02,3.21036154e-01,2.88254720e-02,1.31138563e-01,-8.09598300e+00,0.00000000e+00,1.65396222e-01,2.17778398e-02,1.62088297e+02,2.13422830e+01
1.41600000e+00,-2.43717072e-02,3.15429276e-01,2.90888331e-02,1.32230268e-01,-8.09598300e+00,0.00000000e+00,1.65865733e-01,2.20152314e-02,1.62548419e+02,2.15749268e+01
1.41800000e+00,-2.37466739e-02,3.09560183e-01,2.93544040e-02,1.33338354e-01,-8.09598300e+00,0.00000000e+00,1.66397376e-01,2.21911578e-02,1.63069428e+02,2.17473346e+01
1.42000000e+00,-2.31335993e-02,3.03491865e-01,2.96219641e-02,1.34112836e-01,-8.09598300e+00,0.00000000e+00,1.65491744e-01,2.16968623e-02,1.62181909e+02,2.12629250e+01
1.42200000e+00,-2.25328041e-02,2.97277084e-01,2.98903611e-02,1.34145973e-01,-8.09598300e+00,0.00000000e+00,1.64890122e-01,2.10184294e-02,1.61592319e+02,2.05980608e+01
1.42400000e+00,-2.19446006e-02,2.90897925e-01,3.01584001e-02,1.33957192e-01,-8.09598300e+00,0.00000000e+00,1.64505238e-01,2.16140711e-02,1.61215133e+02,2.11817897e+01
1.42600000e+00,-2.13693418e-02,2.84324726e-01,3.04262790e-02,1.33902145e-01,-8.09598300e+00,0.00000000e+00,1.64701641e-01,2.16818356e-02,1.61407608e+02,2.12481989e+01
1.42800000e+00,-2.08074229e-02,2.77569657e-01,3.06938232e-02,1.33568940e-01,-8.09598300e+00,0.00000000e+00,1.64140498e-01,2.14125298e-02,1.60857688e+02,2.09842792e+01
1.43000000e+00,-2.02592038e-02,2.70603668e-01,3.09605148e-02,1.33175818e-01,-8.09598300e+00,0.00000000e+00,1.65126778e-01,2.19372411e-02,1.61824242e+02,2.14984963e+01
1.43200000e+00,-1.97251610e-02,2.63408489e-01,3.12265822e-02,1.32866335e-01,-8.09598300e+00,0.00000000e+00,1.65107281e-01,2.19683000e-02,1.61805135e+02,2.15289340e+01
1.43400000e+00,-1.92056778e-02,2.56051357e-01,3.14917912e-02,1.32273378e-01,-8.09598300e+00,0.00000000e+00,1.64640569e-01,2.17213117e-02,1.61347757e+02,2.12868855e+01
1.43600000e+00,-1.87010472e-02,2.48556779e-01,3.17554135e-02,1.31287155e-01,-8.09598300e+00,0.00000000e+00,1.64169110e-01,2.15198140e-02,1.60885727e+02,2.10894177e+01
1.43800000e+00,-1.82115685e-02,2.40885532e-01,3.20168676e-02,1.30192615e-01,-8.09598300e+00,0.00000000e+00,1.64741941e-01,2.18679185e-02,1.61447102e+02,2.14305602e+01
1.44000000e+00,-1.77376192e-02,2.33043159e-01,3.22761162e-02,1.28996458e-01,-8.09598300e+00,0.00000000e+00,1.64266984e-01,2.16773395e-02,1.60981645e+02,2.12437927e+01
1.44200000e+00,-1.72796271e-02,2.24853999e-01,3.25330371e-02,1.28075798e-01,-8.09598300e+00,0.00000000e+00,1.69073679e-01,2.28136529e-02,1.65692205e+02,2.23573799e+01
1.44400000e+00,-1.68382437e-02,2.16604125e-01,3.27881136e-02,1.26696537e-01,-8.09598300e+00,0.00000000e+00,1.62048600e-01,2.10795690e-02,1.58807628e+02,2.06579777e+01
1.44600000e+00,-1.64131508e-02,2.08443872e-01,3.30393899e-02,1.24667193e-01,-8.09598300e+00,0.00000000e+00,1.63476196e-01,2.18089597e-02,1.60206672e+02,2.13727805e+01
1.44800000e+00,-1.60045826e-02,2.00111969e-01,3.32867993e-02,1.22663319e-01,-8.09598300e+00,0.00000000e+00,1.62690417e-01,2.14872560e-02,1.59436608e+02,2.10575109e+01
1.45000000e+00,-1.56127665e-02,1.91684766e-01,3.35298214e-02,1.20326893e-01,-8.09598300e+00,0.00000000e+00,1.62470270e-01,2.14590487e-02,1.59220865e+02,2.10298678e+01
1.45200000e+00,-1.52379425e-02,1.83109223e-01,3.37681238e-02,1.18015806e-01,-8.09598300e+00,0.00000000e+00,1.63062070e-01,2.18818348e-02,1.59800829e+02,2.14441981e+01
1.45400000e+00,-1.48804266e-02,1.74388115e-01,3.40019369e-02,1.15783088e-01,-8.09598300e+00,0.00000000e+00,1.62917707e-01,2.19584697e-02,1.59659353e+02,2.15193003e+01
1.45600000e+00,-1.45404256e-02,1.65613562e-01,3.42310094e-02,1.13180308e-01,-8.09598300e+00,0.00000000e+00,1.61499613e-01,2.14333385e-02,1.58269620e+02,2.10046718e+01
1.45800000e+00,-1.42180100e-02,1.56782603e-01,3.44544431e-02,1.10255064e-01,-8.09598300e+00,0.00000000e+00,1.61567840e-01,2.16020029e-02,1.58336483e+02,2.11699629e+01
1.46000000e+00,-1.39133573e-02,1.47858506e-01,3.46719802e-02,1.07255667e-01,-8.09598300e+00,0.00000000e+00,1.61152651e-01,2.15896702e-02,1.57929598e+02,2.11578768e+01
1.46200000e+00,-1.36269232e-02,1.38413637e-01,3.48843461e-02,1.05576559e-01,-8.09598300e+00,0.00000000e+00,1.71360780e-01,2.46775484e-02,1.67933564e+02,2.41839974e+01
1.46400000e+00,-1.33596646e-02,1.29026022e-01,3.50938090e-02,1.03181474e-01,-8.09598300e+00,0.00000000e+00,1.57594015e-01,2.03867566e-02,1.54442134e+02,1.99790215e+01
1.46600000e+00,-1.31105465e-02,1.20047194e-01,3.52960108e-02,9.91947124e-02,-8.09598300e+00,0.00000000e+00,1.59738426e-01,2.16271746e-02,1.56543657e+02,2.11946311e+01
1.46800000e+00,-1.28795605e-02,1.10941391e-01,3.54907702e-02,9.54815274e-02,-8.09598300e+00,0.00000000e+00,1.58638330e-01,2.12407036e-02,1.55465564e+02,2.08158896e+01
1.47000000e+00,-1.26667737e-02,1.01846444e-01,3.56776516e-02,9.13402920e-02,-8.09598300e+00,0.00000000e+00,1.57710551e-01,2.09973354e-02,1.54556340e+02,2.05773887e+01
1.47200000e+00,-1.24722381e-02,9.26563794e-02,3.58562728e-02,8.74110807e-02,-8.09598300e+00,0.00000000e+00,1.59235585e-01,2.19425727e-02,1.56050873e+02,2.15037212e+01
1.47400000e+00,-1.22962373e-02,8.33327196e-02,3.60276099e-02,8.39529234e-02,-8.09598300e+00,0.00000000e+00,1.59357558e-01,2.22322682e-02,1.56170407e+02,2.17876228e+01
1.47600000e+00,-1.21388846e-02,7.40430756e-02,3.61918175e-02,8.00943151e-02,-8.09598300e+00,0.00000000e+00,1.57118201e-01,2.13381172e-02,1.53975837e+02,2.09113549e+01
1.47800000e+00,-1.20000253e-02,6.48129680e-02,3.63476686e-02,7.57577866e-02,-8.09598300e+00,0.00000000e+00,1.56795144e-01,2.14535278e-02,1.53659241e+02,2.10244573e+01
1.48000000e+00,-1.18796487e-02,5.55587698e-02,3.64948713e-02,7.14552611e-02,-8.09598300e+00,0.00000000e+00,1.56660718e-01,2.16215394e-02,1.53527503e+02,2.11891086e+01
1.48200000e+00,-1.17782666e-02,4.55900030e-02,3.66351487e-02,6.96410590e-02,-8.09598300e+00,0.00000000e+00,1.72625370e-01,2.68779932e-02,1.69172863e+02,2.63404333e+01
1.48400000e+00,-1.16971781e-02,3.57871055e-02,3.67728475e-02,6.69450911e-02,-8.09598300e+00,0.00000000e+00,1.52081655e-01,1.99680709e-02,1.49040022e+02,1.95687095e+01
1.48600000e+00,-1.16346271e-02,2.67208125e-02,3.69011931e-02,6.16452728e-02,-8.09598300e+00,0.00000000e+00,1.54865427e-01,2.15981213e-02,1.51768119e+02,2.11661589e+01
1.48800000e+00,-1.15903506e-02,1.75709030e-02,3.70197594e-02,5.68416743e-02,-8.09598300e+00,0.00000000e+00,1.53636702e-01,2.11809455e-02,1.50563968e+02,2.07573266e+01
1.49000000e+00,-1.15642826e-02,8.51235620e-03,3.71282769e-02,5.16137845e-02,-8.09598300e+00,0.00000000e+00,1.52480686e-01,2.08646667e-02,1.49431072e+02,2.04473734e+01
1.49200000e+00,-1.15563327e-02,-5.93481013e-04,3.72264905e-02,4.67997744e-02,-8.09598300e+00,0.00000000e+00,1.54639817e-01,2.21920314e-02,1.51547021e+02,2.17481907e+01
1.49400000e+00,-1.15667209e-02,-9.79589649e-03,3.73159742e-02,4.27329036e-02,-8.09598300e+00,0.00000000e+00,1.54784709e-01,2.25624270e-02,1.51689015e+02,2.21111785e+01
1.49600000e+00,-1.15954282e-02,-1.88662102e-02,3.73971179e-02,3.82098417e-02,-8.09598300e+00,0.00000000e+00,1.51750090e-01,2.13521691e-02,1.48715088e+02,2.09251257e+01
1.49800000e+00,-1.16420635e-02,-2.77530993e-02,3.74683711e-02,3.30231118e-02,-8.09598300e+00,0.00000000e+00,1.50842919e-01,2.12732861e-02,1.47826060e+02,2.08478204e+01
1.50000000e+00,-1.17063968e-02,-3.65741899e-02,3.75292479e-02,2.78927178e-02,-8.09598300e+00,0.00000000e+00,1.50701696e-01,2.15594953e-02,1.47687662e+02,2.11283053e+01
1.50200000e+00,-1.17888936e-02,-4.61952737e-02,3.75822046e-02,2.61558381e-02,-8.09598300e+00,0.00000000e+00,1.70171923e-01,2.84730842e-02,1.66768485e+02,2.79036226e+01
1.50400000e+00,-1.18910045e-02,-5.55563480e-02,3.76331943e-02,2.34039516e-02,-8.09598300e+00,0.00000000e+00,1.45419847e-01,1.95023767e-02,1.42511450e+02,1.91123292e+01
1.50600000e+00,-1.20104901e-02,-6.39740559e-02,3.76736127e-02,1.73406959e-02,-8.09598300e+00,0.00000000e+00,1.49069171e-01,2.15828640e-02,1.46087788e+02,2.11512067e+01
1.50800000e+00,-1.21469423e-02,-7.24540701e-02,3.77030855e-02,1.20699310e-02,-8.09598300e+00,0.00000000e+00,1.47954965e-01,2.12100459e-02,1.44995865e+02,2.07858450e+01
1.51000000e+00,-1.23002006e-02,-8.07755625e-02,3.77216443e-02,6.42694982e-03,-8.09598300e+00,0.00000000e+00,1.46581943e-01,2.08303721e-02,1.43650304e+02,2.04137647e+01
1.51200000e+00,-1.24700462e-02,-8.90995763e-02,3.77291982e-02,1.39119471e-03,-8.09598300e+00,0.00000000e+00,1.49366522e-01,2.24975688e-02,1.46379192e+02,2.20476174e+01
1.51400000e+00,-1.26566524e-02,-9.75037802e-02,3.77279229e-02,-2.57385852e-03,-8.09598300e+00,0.00000000e+00,1.49944776e-01,2.30776114e-02,1.46945881e+02,2.26160591e+01
1.51600000e+00,-1.28599305e-02,-1.05711846e-01,3.77186346e-02,-6.94100590e-03,-8.09598300e+00,0.00000000e+00,1.46408943e-01,2.16419936e-02,1.43480764e+02,2.12091537e+01
1.51800000e+00,-1.30793134e-02,-1.13640397e-01,3.76996516e-02,-1.20690802e-02,-8.09598300e+00,0.00000000e+00,1.45171670e-01,2.14553881e-02,1.42268237e+02,2.10262804e+01
1.52000000e+00,-1.33144019e-02,-1.21433575e-01,3.76704265e-02,-1.70949046e-02,-8.09598300e+00,0.00000000e+00,1.45132849e-01,2.18169422e-02,1.42230192e+02,2.13806033e+01
1.52200000e+00,-1.35656095e-02,-1.30069372e-01,3.76339814e-02,-1.80572291e-02,-8.09598300e+00,0.00000000e+00,1.66878058e-01,2.99335365e-02,1.63540497e+02,2.93348658e+01
1.52400000e+00,-1.38344648e-02,-1.38383294e-01,3.75975078e-02,-2.00536379e-02,-8.09598300e+00,0.00000000e+00,1.39770641e-01,1.95944394e-02,1.36975228e+02,1.92025506e+01
1.52600000e+00,-1.41184257e-02,-1.45621693e-01,3.75512523e-02,-2.58216428e-02,-8.09598300e+00,0.00000000e+00,1.44034642e-01,2.19533809e-02,1.41153949e+02,2.15143132e+01
1.52800000e+00,-1.44169761e-02,-1.52896923e-01,3.74948668e-02,-3.06214453e-02,-8.09598300e+00,0.00000000e+00,1.43038590e-01,2.15480827e-02,1.40177818e+02,2.11171210e+01
1.53000000e+00,-1.47298731e-02,-1.59961852e-01,3.74285449e-02,-3.57536357e-02,-8.09598300e+00,0.00000000e+00,1.41645745e-01,2.11630255e-02,1.38812830e+02,2.07397650e+01
1.53200000e+00,-1.50567885e-02,-1.66974278e-01,3.73522930e-02,-4.02248247e-02,-8.09598300e+00,0.00000000e+00,1.44451889e-01,2.28285308e-02,1.41562851e+02,2.23719602e+01
1.53400000e+00,-1.53977940e-02,-1.74022388e-01,3.72684277e-02,-4.35230229e-02,-8.09598300e+00,0.00000000e+00,1.45234521e-01,2.35067216e-02,1.42329830e+02,2.30365871e+01
1.53600000e+00,-1.57527119e-02,-1.80821371e-01,3.71779688e-02,-4.71691949e-02,-8.09598300e+00,0.00000000e+00,1.41499649e-01,2.19702993e-02,1.38669656e+02,2.15308933e+01
1.53800000e+00,-1.61208502e-02,-1.87276320e-01,3.70792414e-02,-5.15795498e-02,-8.09598300e+00,0.00000000e+00,1.40174084e-01,2.17634528e-02,1.37370603e+02,2.13281837e+01
1.54000000e+00,-1.65016843e-02,-1.93531846e-01,3.69717190e-02,-5.58874506e-02,-8.09598300e+00,0.00000000e+00,1.39922874e-01,2.20335283e-02,1.37124417e+02,2.15928577e+01
1.54200000e+00,-1.68954792e-02,-2.00539844e-01,3.68584961e-02,-5.59892190e-02,-8.09598300e+00,0.00000000e+00,1.60944523e-01,3.04309744e-02,1.57725633e+02,2.98223549e+01
1.54400000e+00,-1.73035943e-02,-2.07173922e-01,3.67470448e-02,-5.71664214e-02,-8.09598300e+00,0.00000000e+00,1.34488207e-01,1.96167600e-02,1.31798443e+02,1.92244248e+01
1.54600000e+00,-1.77234544e-02,-2.12727301e-01,3.66272521e-02,-6.22108639e-02,-8.09598300e+00,0.00000000e+00,1.39096354e-01,2.21447275e-02,1.36314427e+02,2.17018330e+01
1.54800000e+00,-1.81545085e-02,-2.18288189e-01,3.64989355e-02,-6.61541219e-02,-8.09598300e+00,0.00000000e+00,1.38159652e-01,2.17464285e-02,1.35396459e+02,2.13114999e+01
1.55000000e+00,-1.85964445e-02,-2.23605107e-01,3.63624667e-02,-7.03507908e-02,-8.09598300e+00,0.00000000e+00,1.36981196e-01,2.14195603e-02,1.34241572e+02,2.09911691e+01
1.55200000e+00,-1.90488701e-02,-2.28833791e-01,3.62180055e-02,-7.38377839e-02,-8.09598300e+00,0.00000000e+00,1.39769827e-01,2.30312004e-02,1.36974430e+02,2.25705764e+01
1.55400000e+00,-1.95117730e-02,-2.34052440e-01,3.60678976e-02,-7.61518002e-02,-8.09598300e+00,0.00000000e+00,1.40504132e-01,2.36681931e-02,1.37694050e+02,2.31948293e+01
1.55600000e+00,-1.99848859e-02,-2.38980158e-01,3.59131689e-02,-7.88098879e-02,-8.09598300e+00,0.00000000e+00,1.36813243e-01,2.20889430e-02,1.34076978e+02,2.16471642e+01
1.55800000e+00,-2.04674501e-02,-2.43542547e-01,3.57522087e-02,-8.21419998e-02,-8.09598300e+00,0.00000000e+00,1.35887886e-01,2.20248356e-02,1.33170128e+02,2.15843389e+01
1.56000000e+00,-2.09589111e-02,-2.47887344e-01,3.55847461e-02,-8.52563765e-02,-8.09598300e+00,0.00000000e+00,1.35722756e-01,2.23080346e-02,1.33008301e+02,2.18618739e+01
1.56200000e+00,-2.14594265e-02,-2.52872626e-01,3.54138781e-02,-8.43289059e-02,-8.09598300e+00,0.00000000e+00,1.54920805e-01,3.02647267e-02,1.51822389e+02,2.96594322e+01
1.56400000e+00,-2.19701564e-02,-2.57490189e-01,3.52467882e-02,-8.43644126e-02,-8.09598300e+00,0.00000000e+00,1.31279020e-01,2.00474041e-02,1.28653440e+02,1.96464561e+01
1.56600000e+00,-2.24887222e-02,-2.61110266e-01,3.50740427e-02,-8.79664453e-02,-8.09598300e+00,0.00000000e+00,1.35830755e-01,2.25334436e-02,1.33114140e+02,2.20827747e+01
1.56800000e+00,-2.30145873e-02,-2.64715163e-01,3.48956774e-02,-9.04361155e-02,-8.09598300e+00,0.00000000e+00,1.35202193e-01,2.21704199e-02,1.32498149e+02,2.17270115e+01
1.57000000e+00,-2.35474099e-02,-2.68060690e-01,3.47121544e-02,-9.31215568e-02,-8.09598300e+00,0.00000000e+00,1.34105723e-01,2.18194460e-02,1.31423608e+02,2.13830571e+01
1.57200000e+00,-2.40867312e-02,-2.71257966e-01,3.45235601e-02,-9.52536987e-02,-8.09598300e+00,0.00000000e+00,1.36127487e-01,2.30633353e-02,1.33404938e+02,2.26020686e+01
1.57400000e+00,-2.46323980e-02,-2.74389510e-01,3.43318268e-02,-9.63551577e-02,-8.09598300e+00,0.00000000e+00,1.37011329e-01,2.37094468e-02,1.34271103e+02,2.32352578e+01
1.57600000e+00,-2.51840947e-02,-2.77229229e-01,3.41379911e-02,-9.76790090e-02,-8.09598300e+00,0.00000000e+00,1.33800042e-01,2.23200845e-02,1.31124041e+02,2.18736828e+01
1.57800000e+00,-2.57410712e-02,-2.79703364e-01,3.39407435e-02,-9.95537336e-02,-8.09598300e+00,0.00000000e+00,1.33005072e-01,2.22721522e-02,1.30344971e+02,2.18267091e+01
1.58000000e+00,-2.63027615e-02,-2.81957501e-01,3.37399584e-02,-1.01155189e-01,-8.09598300e+00,0.00000000e+00,1.33235166e-01,2.26075246e-02,1.30570463e+02,2.21553741e+01
1.58200000e+00,-2.68692617e-02,-2.84752372e-01,3.35386034e-02,-9.90361588e-02,-8.09598300e+00,0.00000000e+00,1.50254549e-01,2.97934188e-02,1.47249458e+02,2.91975504e+01
1.58400000e+00,-2.74415489e-02,-2.87214146e-01,3.33433158e-02,-9.76636280e-02,-8.09598300e+00,0.00000000e+00,1.30111946e-01,2.07605016e-02,1.27509707e+02,2.03452916e+01
1.58600000e+00,-2.80175270e-02,-2.88789130e-01,3.31458603e-02,-9.94238411e-02,-8.09598300e+00,0.00000000e+00,1.34228143e-01,2.29365742e-02,1.31543580e+02,2.24778427e+01
1.58800000e+00,-2.85966741e-02,-2.90317116e-01,3.29462836e-02,-1.00189353e-01,-8.09598300e+00,0.00000000e+00,1.33735053e-01,2.25635697e-02,1.31060352e+02,2.21122983e+01
1.59000000e+00,-2.91786274e-02,-2.91592951e-01,3.27450060e-02,-1.01100201e-01,-8.09598300e+00,0.00000000e+00,1.33081320e-01,2.23443383e-02,1.30419694e+02,2.18974515e+01
1.59200000e+00,-2.97629349e-02,-2.92702326e-01,3.25421759e-02,-1.01571493e-01,-8.09598300e+00,0.00000000e+00,1.34610578e-01,2.31967009e-02,1.31918367e+02,2.27327668e+01
1.59400000e+00,-3.03493780e-02,-2.93723612e-01,3.23393046e-02,-1.01165931e-01,-8.09598300e+00,0.00000000e+00,1.35805986e-01,2.38949279e-02,1.33089866e+02,2.34170293e+01
1.59600000e+00,-3.09376498e-02,-2.94475577e-01,3.21374357e-02,-1.00875017e-01,-8.09598300e+00,0.00000000e+00,1.33116114e-01,2.26674808e-02,1.30453792e+02,2.22141312e+01
1.59800000e+00,-3.15270614e-02,-2.94899249e-01,3.19355277e-02,-1.00999346e-01,-8.09598300e+00,0.00000000e+00,1.32944286e-01,2.27349591e-02,1.30285400e+02,2.22802599e+01
1.60000000e+00,-3.21171072e-02,-2.95113484e-01,3.17336160e-02,-1.00857260e-01,-8.09598300e+00,0.00000000e+00,1.33037815e-01,2.29382042e-02,1.30377059e+02,2.24794401e+01
1.60200000e+00,-3.27076991e-02,-2.95603318e-01,3.15339203e-02,-9.79832229e-02,-8.09598300e+00,0.00000000e+00,1.44203966e-01,2.81832236e-02,1.41319887e+02,2.76195591e+01
1.60400000e+00,-3.32993387e-02,-2.95820552e-01,3.13413478e-02,-9.56117842e-02,-8.09598300e+00,0.00000000e+00,1.31495832e-01,2.16067617e-02,1.28865916e+02,2.11746265e+01
1.60600000e+00,-3.38905670e-02,-2.95416395e-01,3.11499711e-02,-9.54932451e-02,-8.09598300e+00,0.00000000e+00,1.34511752e-01,2.31810511e-02,1.31821517e+02,2.27174301e+01
1.60800000e+00,-3.44809406e-02,-2.94916701e-01,3.09598498e-02,-9.46622611e-02,-8.09598300e+00,0.00000000e+00,1.34084608e-01,2.28302295e-02,1.31402915e+02,2.23736249e+01
1.61000000e+00,-3.50700755e-02,-2.94179594e-01,3.07712446e-02,-9.39474838e-02,-8.09598300e+00,0.00000000e+00,1.33776178e-01,2.26674036e-02,1.31100655e+02,2.22140555e+01
1.61200000e+00,-3.56575504e-02,-2.93279753e-01,3.05842893e-02,-9.28886616e-02,-8.09598300e+00,0.00000000e+00,1.35081282e-01,2.32849176e-02,1.32379656e+02,2.28192192e+01
1.61400000e+00,-3.62431308e-02,-2.92284271e-01,3.04001781e-02,-9.10977269e-02,-8.09598300e+00,0.00000000e+00,1.36325513e-01,2.39404128e-02,1.33599003e+02,2.34616046e+01
1.61600000e+00,-3.68265222e-02,-2.91040759e-01,3.02198292e-02,-8.94104893e-02,-8.09598300e+00,0.00000000e+00,1.34052676e-01,2.28088622e-02,1.31371623e+02,2.23526850e+01
1.61800000e+00,-3.74070990e-02,-2.89505101e-01,3.00423038e-02,-8.80717447e-02,-8.09598300e+00,0.00000000e+00,1.34244385e-01,2.29547889e-02,1.31559497e+02,2.24956932e+01
1.62000000e+00,-3.79844205e-02,-2.87786292e-01,2.98677016e-02,-8.64940261e-02,-8.09598300e+00,0.00000000e+00,1.34492639e-01,2.30604082e-02,1.31802786e+02,2.25992001e+01
1.62200000e+00,-3.85583263e-02,-2.86190564e-01,2.96975494e-02,-8.30839812e-02,-8.09598300e+00,0.00000000e+00,1.41812235e-01,2.65566124e-02,1.38975990e+02,2.60254801e+01
1.62400000e+00,-3.91290448e-02,-2.84387984e-01,2.95351638e-02,-7.99765861e-02,-8.09598300e+00,0.00000000e+00,1.34324736e-01,2.21916228e-02,1.31638242e+02,2.17477904e+01
1.62600000e+00,-3.96955826e-02,-2.82142034e-01,2.93766364e-02,-7.83791974e-02,-8.09598300e+00,0.00000000e+00,1.36085791e-01,2.31600568e-02,1.33364075e+02,2.26968557e+01
1.62800000e+00,-4.02575449e-02,-2.79793981e-01,2.92220147e-02,-7.62301995e-02,-8.09598300e+00,0.00000000e+00,1.36535795e-01,2.31276911e-02,1.33805079e+02,2.26651373e+01
1.63000000e+00,-4.08146413e-02,-2.77270021e-01,2.90717321e-02,-7.40563876e-02,-8.09598300e+00,0.00000000e+00,1.36533200e-01,2.29965633e-02,1.33802536e+02,2.25366321e+01
1.63200000e+00,-4.13665147e-02,-2.74580679e-01,2.89258561e-02,-7.17822533e-02,-8.09598300e+00,0.00000000e+00,1.37187236e-01,2.31289605e-02,1.34443491e+02,2.26663812e+01
1.63400000e+00,-4.19129004e-02,-2.71796036e-01,2.87849422e-02,-6.89995407e-02,-8.09598300e+00,0.00000000e+00,1.38777893e-01,2.38616826e-02,1.36002335e+02,2.33844490e+01
1.63600000e+00,-4.24535840e-02,-2.68839166e-01,2.86499264e-02,-6.61140537e-02,-8.09598300e+00,0.00000000e+00,1.37588349e-01,2.31505867e-02,1.34836582e+02,2.26875750e+01
1.63800000e+00,-4.29881102e-02,-2.65661898e-01,2.85203352e-02,-6.34547551e-02,-8.09598300e+00,0.00000000e+00,1.38004133e-01,2.32007060e-02,1.35244050e+02,2.27366918e+01
1.64000000e+00,-4.35161264e-02,-2.62326925e-01,2.83961828e-02,-6.06823918e-02,-8.09598300e+00,0.00000000e+00,1.38227029e-01,2.32094240e-02,1.35462489e+02,2.27452356e+01
1.64200000e+00,-4.40374233e-02,-2.59000038e-01,2.82783108e-02,-5.68523480e-02,-8.09598300e+00,0.00000000e+00,1.42462265e-01,2.52509647e-02,1.39613020e+02,2.47459454e+01
1.64400000e+00,-4.45520459e-02,-2.55552096e-01,2.81687555e-02,-5.30491085e-02,-8.09598300e+00,0.00000000e+00,1.39613093e-01,2.29949604e-02,1.36820831e+02,2.25350612e+01
1.64600000e+00,-4.50594646e-02,-2.51853606e-01,2.80656093e-02,-5.00035603e-02,-8.09598300e+00,0.00000000e+00,1.40764866e-01,2.35120132e-02,1.37949568e+02,2.30417729e+01
1.64800000e+00,-4.55593828e-02,-2.48038848e-01,2.79688905e-02,-4.67342028e-02,-8.09598300e+00,0.00000000e+00,1.40992634e-01,2.33252243e-02,1.38172781e+02,2.28587198e+01
1.65000000e+00,-4.60515271e-02,-2.44084835e-01,2.78786601e-02,-4.34833844e-02,-8.09598300e+00,0.00000000e+00,1.41544420e-01,2.33428775e-02,1.38713531e+02,2.28760199e+01
1.65200000e+00,-4.65356199e-02,-2.39977513e-01,2.77948966e-02,-4.03230657e-02,-8.09598300e+00,0.00000000e+00,1.41378617e-01,2.30142955e-02,1.38551045e+02,2.25540096e+01
1.65400000e+00,-4.70113760e-02,-2.35778429e-01,2.77175255e-02,-3.69262709e-02,-8.09598300e+00,0.00000000e+00,1.43301036e-01,2.37273745e-02,1.40435015e+02,2.32528270e+01
1.65600000e+00,-4.74786631e-02,-2.31473475e-01,2.76472850e-02,-3.33892320e-02,-8.09598300e+00,0.00000000e+00,1.42736740e-01,2.32068502e-02,1.39882005e+02,2.27427132e+01
1.65800000e+00,-4.79371556e-02,-2.26997068e-01,2.75838337e-02,-3.00544999e-02,-8.09598300e+00,0.00000000e+00,1.43055612e-01,2.32107293e-02,1.40194500e+02,2.27465147e+01
1.66000000e+00,-4.83865720e-02,-2.22401641e-01,2.75270962e-02,-2.66759607e-02,-8.09598300e+00,0.00000000e+00,1.43642964e-01,2.32163719e-02,1.40770104e+02,2.27520445e+01
1.66200000e+00,-4.88267252e-02,-2.17750724e-01,2.74773570e-02,-2.29567452e-02,-8.09598300e+00,0.00000000e+00,1.45371005e-01,2.38532786e-02,1.42463585e+02,2.33762130e+01
1.66400000e+00,-4.92575268e-02,-2.13027726e-01,2.74353148e-02,-1.91690617e-02,-8.09598300e+00,0.00000000e+00,1.45494566e-01,2.32984462e-02,1.42584675e+02,2.28324773e+01
1.66600000e+00,-4.96787551e-02,-2.08183221e-01,2.74005183e-02,-1.56251078e-02,-8.09598300e+00,0.00000000e+00,1.45990002e-01,2.32905347e-02,1.43070202e+02,2.28247240e+01
1.66800000e+00,-5.00902068e-02,-2.03259382e-01,2.73728661e-02,-1.20036520e-02,-8.09598300e+00,0.00000000e+00,1.47019591e-01,2.34201511e-02,1.44079199e+02,2.29517481e+01
1.67000000e+00,-5.04917402e-02,-1.98257015e-01,2.73525169e-02,-8.36230213e-03,-8.09598300e+00,0.00000000e+00,1.47453182e-01,2.33017290e-02,1.44504119e+02,2.28356945e+01
1.67200000e+00,-5.08831492e-02,-1.93126116e-01,2.73392678e-02,-4.94451722e-03,-8.09598300e+00,0.00000000e+00,1.47232165e-01,2.29305421e-02,1.44287522e+02,2.24719313e+01
1.67400000e+00,-5.12641851e-02,-1.87905849e-01,2.73327395e-02,-1.52580146e-03,-8.09598300e+00,0.00000000e+00,1.48496650e-01,2.32929850e-02,1.45526717e+02,2.28271253e+01
1.67600000e+00,-5.16347395e-02,-1.82636000e-01,2.73332690e-02,2.04952020e-03,-8.09598300e+00,0.00000000e+00,1.49119980e-01,2.32585529e-02,1.46137580e+02,2.27933818e+01
1.67800000e+00,-5.19946813e-02,-1.77294469e-01,2.73409011e-02,5.57010874e-03,-8.09598300e+00,0.00000000e+00,1.49781680e-01,2.31875610e-02,1.46786046e+02,2.27238098e+01
1.68000000e+00,-5.23438692e-02,-1.71880709e-01,2.73555065e-02,9.02628356e-03,-8.09598300e+00,0.00000000e+00,1.50304747e-01,2.31427990e-02,1.47298652e+02,2.26799430e+01
1.68200000e+00,-5.26821390e-02,-1.66369263e-01,2.73768898e-02,1.23079142e-02,-8.09598300e+00,0.00000000e+00,1.50282814e-01,2.28503805e-02,1.47277158e+02,2.23933729e+01
1.68400000e+00,-5.30093358e-02,-1.60842102e-01,2.74048621e-02,1.57753445e-02,-8.09598300e+00,0.00000000e+00,1.52631143e-01,2.35713831e-02,1.49578521e+02,2.30999554e+01
1.68600000e+00,-5.33255196e-02,-1.55333150e-01,2.74401606e-02,1.94968582e-02,-8.09598300e+00,0.00000000e+00,1.53311837e-01,2.34325989e-02,1.50245600e+02,2.29639469e+01
1.68800000e+00,-5.36306249e-02,-1.49758880e-01,2.74827153e-02,2.30171037e-02,-8.09598300e+00,0.00000000e+00,1.53618204e-01,2.32082596e-02,1.50545840e+02,2.27440944e+01
1.69000000e+00,-5.39245299e-02,-1.44146720e-01,2.75322186e-02,2.65216737e-02,-8.09598300e+00,0.00000000e+00,1.54848584e-01,2.34689992e-02,1.51751612e+02,2.29996192e+01
1.69200000e+00,-5.42071832e-02,-1.38491741e-01,2.75887609e-02,2.99645920e-02,-8.09598300e+00,0.00000000e+00,1.54948031e-01,2.31581991e-02,1.51849070e+02,2.26950351e+01
1.69400000e+00,-5.44784592e-02,-1.32780273e-01,2.76519441e-02,3.32083358e-02,-8.09598300e+00,0.00000000e+00,1.55766377e-01,2.31398653e-02,1.52651050e+02,2.26770680e+01
1.69600000e+00,-5.47382911e-02,-1.27048985e-01,2.77215990e-02,3.64593184e-02,-8.09598300e+00,0.00000000e+00,1.56629337e-01,2.32715785e-02,1.53496750e+02,2.28061469e+01
1.69800000e+00,-5.49866455e-02,-1.21303345e-01,2.77977892e-02,3.97220038e-02,-8.09598300e+00,0.00000000e+00,1.57481853e-01,2.32719374e-02,1.54332216e+02,2.28064986e+01
1.70000000e+00,-5.52234796e-02,-1.15520438e-01,2.78803715e-02,4.28114179e-02,-8.09598300e+00,0.00000000e+00,1.57715390e-01,2.30245756e-02,1.54561083e+02,2.25640841e+01
1.70200000e+00,-5.54485718e-02,-1.09504399e-01,2.79683449e-02,4.48659404e-02,-8.09598300e+00,0.00000000e+00,1.53895967e-01,2.12244152e-02,1.50818047e+02,2.07999269e+01
1.70400000e+00,-5.56615279e-02,-1.03534476e-01,2.80600685e-02,4.72702176e-02,-8.09598300e+00,0.00000000e+00,1.60556111e-01,2.38889320e-02,1.57344988e+02,2.34111534e+01
1.70600000e+00,-5.58628340e-02,-9.77509838e-02,2.81579642e-02,5.04821406e-02,-8.09598300e+00,0.00000000e+00,1.59919188e-01,2.30581463e-02,1.56720805e+02,2.25969834e+01
1.70800000e+00,-5.60524715e-02,-9.18768664e-02,2.82615922e-02,5.30866979e-02,-8.09598300e+00,0.00000000e+00,1.60010444e-01,2.27610233e-02,1.56810235e+02,2.23058028e+01
1.71000000e+00,-5.62303788e-02,-8.60587451e-02,2.83704643e-02,5.59212462e-02,-8.09598300e+00,0.00000000e+00,1.62703837e-01,2.36953277e-02,1.59449760e+02,2.32214212e+01
1.71200000e+00,-5.63967510e-02,-8.03074398e-02,2.84854432e-02,5.90049386e-02,-8.09598300e+00,0.00000000e+00,1.62953347e-01,2.34469528e-02,1.59694280e+02,2.29780138e+01
1.71400000e+00,-5.65515709e-02,-7.44995309e-02,2.86061794e-02,6.16316564e-02,-8.09598300e+00,0.00000000e+00,1.62668649e-01,2.29075048e-02,1.59415276e+02,2.24493547e+01
1.71600000e+00,-5.66947518e-02,-6.86955795e-02,2.87318598e-02,6.40933234e-02,-8.09598300e+00,0.00000000e+00,1.64238394e-01,2.32790677e-02,1.60953626e+02,2.28134864e+01
1.71800000e+00,-5.68263842e-02,-6.29381805e-02,2.88625906e-02,6.66117969e-02,-8.09598300e+00,0.00000000e+00,1.64854512e-01,2.32124615e-02,1.61557421e+02,2.27482123e+01
1.72000000e+00,-5.69464933e-02,-5.71640112e-02,2.89981074e-02,6.88309082e-02,-8.09598300e+00,0.00000000e+00,1.64850539e-01,2.28433657e-02,1.61553528e+02,2.23864983e+01
1.72200000e+00,-5.70547922e-02,-5.10177264e-02,2.91366689e-02,6.91824023e-02,-8.09598300e+00,0.00000000e+00,1.57067843e-01,1.94899080e-02,1.53926486e+02,1.91001099e+01
1.72400000e+00,-5.71506360e-02,-4.49791450e-02,2.92752064e-02,7.00877195e-02,-8.09598300e+00,0.00000000e+00,1.68174949e-01,2.42036812e-02,1.64811450e+02,2.37196075e+01
1.72600000e+00,-5.72349469e-02,-3.92977046e-02,2.94179772e-02,7.24290111e-02,-8.09598300e+00,0.00000000e+00,1.66124585e-01,2.27069195e-02,1.62802093e+02,2.22527811e+01
1.72800000e+00,-5.73077629e-02,-3.35203509e-02,2.95642890e-02,7.38201899e-02,-8.09598300e+00,0.00000000e+00,1.66551716e-01,2.24178164e-02,1.63220682e+02,2.19694601e+01
1.73000000e+00,-5.73691052e-02,-2.78583740e-02,2.97134654e-02,7.55225223e-02,-8.09598300e+00,0.00000000e+00,1.69344645e-01,2.35725135e-02,1.65957752e+02,2.31010633e+01
1.73200000e+00,-5.74192592e-02,-2.22905795e-02,2.98665299e-02,7.74511332e-02,-8.09598300e+00,0.00000000e+00,1.69184636e-01,2.31106148e-02,1.65800944e+02,2.26484025e+01
1.73400000e+00,-5.74582377e-02,-1.66780639e-02,3.00228552e-02,7.87577363e-02,-8.09598300e+00,0.00000000e+00,1.68640689e-01,2.24896591e-02,1.65267875e+02,2.20398659e+01
1.73600000e+00,-5.74859846e-02,-1.10852666e-02,3.01814073e-02,7.98339763e-02,-8.09598300e+00,0.00000000e+00,1.69894803e-01,2.28531623e-02,1.66496907e+02,2.23960991e+01
1.73800000e+00,-5.75026480e-02,-5.59636370e-03,3.03423067e-02,8.10835737e-02,-8.09598300e+00,0.00000000e+00,1.71226930e-01,2.30828902e-02,1.67802391e+02,2.26212324e+01
1.74000000e+00,-5.75083844e-02,-1.28992368e-04,3.05055162e-02,8.19951437e-02,-8.09598300e+00,0.00000000e+00,1.70467038e-01,2.23763732e-02,1.67057697e+02,2.19288458e+01
1.74200000e+00,-5.75028347e-02,5.83220344e-03,3.06686059e-02,8.03850631e-02,-8.09598300e+00,0.00000000e+00,1.59665963e-01,1.80232951e-02,1.56472644e+02,1.76628292e+01
1.74400000e+00,-5.74851768e-02,1.16115160e-02,3.08276176e-02,7.96164454e-02,-8.09598300e+00,0.00000000e+00,1.74597484e-01,2.43704821e-02,1.71105534e+02,2.38830725e+01
1.74600000e+00,-5.74567393e-02,1.68649337e-02,3.09884291e-02,8.08838368e-02,-8.09598300e+00,0.00000000e+00,1.71743872e-01,2.25259675e-02,1.68308994e+02,2.20754481e+01
1.74800000e+00,-5.74176236e-02,2.22586721e-02,3.11503137e-02,8.08925128e-02,-8.09598300e+00,0.00000000e+00,1.71021231e-01,2.19596528e-02,1.67600807e+02,2.15204597e+01
1.75000000e+00,-5.73678112e-02,2.74926000e-02,3.13122995e-02,8.13516798e-02,-8.09598300e+00,0.00000000e+00,1.75093202e-01,2.37028751e-02,1.71591338e+02,2.32288176e+01
1.75200000e+00,-5.73077682e-02,3.25539206e-02,3.14759797e-02,8.21997110e-02,-8.09598300e+00,0.00000000e+00,1.74585101e-01,2.30093094e-02,1.71093399e+02,2.25491232e+01
1.75400000e+00,-5.72376013e-02,3.76064467e-02,3.16407063e-02,8.24596361e-02,-8.09598300e+00,0.00000000e+00,1.74746565e-01,2.27036296e-02,1.71251634e+02,2.22495570e+01
1.75600000e+00,-5.71573894e-02,4.25886095e-02,3.18056969e-02,8.25375944e-02,-8.09598300e+00,0.00000000e+00,1.75594918e-01,2.28630327e-02,1.72083019e+02,2.24057721e+01
1.75800000e+00,-5.70673237e-02,4.74555439e-02,3.19709481e-02,8.27526854e-02,-8.09598300e+00,0.00000000e+00,1.76723872e-01,2.32274726e-02,1.73189394e+02,2.27629231e+01
1.76000000e+00,-5.69675997e-02,5.22737616e-02,3.21365100e-02,8.26713121e-02,-8.09598300e+00,0.00000000e+00,1.75938867e-01,2.24772476e-02,1.72420090e+02,2.20277027e+01
1.76200000e+00,-5.68578258e-02,5.76961915e-02,3.22996217e-02,7.95729027e-02,-8.09598300e+00,0.00000000e+00,1.61730255e-01,1.71286370e-02,1.58495650e+02,1.67860642e+01
1.76400000e+00,-5.67369130e-02,6.29715375e-02,3.24552516e-02,7.71491289e-02,-8.09598300e+00,0.00000000e+00,1.78411316e-01,2.41170720e-02,1.74843089e+02,2.36347305e+01
1.76600000e+00,-5.66063602e-02,6.76161518e-02,3.26098054e-02,7.71060082e-02,-8.09598300e+00,0.00000000e+00,1.75421858e-01,2.23463181e-02,1.71913421e+02,2.18993917e+01
1.76800000e+00,-5.64663590e-02,7.23948733e-02,3.27627888e-02,7.57327891e-02,-8.09598300e+00,0.00000000e+00,1.74154188e-01,2.15442428e-02,1.70671104e+02,2.11133580e+01
1.77000000e+00,-5.63168794e-02,7.70255139e-02,3.29129175e-02,7.46309143e-02,-8.09598300e+00,0.00000000e+00,1.77681013e-01,2.31308854e-02,1.74127392e+02,2.26682677e+01
1.77200000e+00,-5.61583613e-02,8.14995110e-02,3.30614985e-02,7.38082011e-02,-8.09598300e+00,0.00000000e+00,1.76538741e-01,2.23427398e-02,1.73007966e+02,2.18958850e+01
1.77400000e+00,-5.59908988e-02,8.59473344e-02,3.32078052e-02,7.24678373e-02,-8.09598300e+00,0.00000000e+00,1.76943799e-01,2.22538803e-02,1.73404923e+02,2.18088027e+01
1.77600000e+00,-5.58146278e-02,9.03114082e-02,3.33512559e-02,7.09565283e-02,-8.09598300e+00,0.00000000e+00,1.77074664e-01,2.21894613e-02,1.73533171e+02,2.17456720e+01
1.77800000e+00,-5.56297343e-02,9.45537972e-02,3.34916757e-02,6.95118293e-02,-8.09598300e+00,0.00000000e+00,1.78295346e-01,2.25949039e-02,1.74729439e+02,2.21430058e+01
1.78000000e+00,-5.54364698e-02,9.87104037e-02,3.36291303e-02,6.78078530e-02,-8.09598300e+00,0.00000000e+00,1.77518471e-01,2.18422420e-02,1.73968101e+02,2.14053972e+01
1.78200000e+00,-5.52345282e-02,1.03413806e-01,3.37610188e-02,6.32717794e-02,-8.09598300e+00,0.00000000e+00,1.63888132e-01,1.68402613e-02,1.60610369e+02,1.65034561e+01
1.78400000e+00,-5.50229350e-02,1.07936626e-01,3.38827596e-02,5.95486559e-02,-8.09598300e+00,0.00000000e+00,1.80030348e-01,2.37245009e-02,1.76429742e+02,2.32500109e+01
1.78600000e+00,-5.48032135e-02,1.11811766e-01,3.40008577e-02,5.82919154e-02,-8.09598300e+00,0.00000000e+00,1.77244761e-01,2.21863222e-02,1.73699866e+02,2.17425957e+01
1.78800000e+00,-5.45755996e-02,1.15819408e-01,3.41150694e-02,5.57484835e-02,-8.09598300e+00,0.00000000e+00,1.75092354e-01,2.11878616e-02,1.71590507e+02,2.07641044e+01
1.79000000e+00,-5.43400475e-02,1.19659508e-01,3.42241304e-02,5.36231319e-02,-8.09598300e+00,0.00000000e+00,1.79252862e-01,2.32206692e-02,1.75667805e+02,2.27562558e+01
1.79200000e+00,-5.40970669e-02,1.23341684e-01,3.43297210e-02,5.17364305e-02,-8.09598300e+00,0.00000000e+00,1.76814055e-01,2.18403079e-02,1.73277774e+02,2.14035018e+01
1.79400000e+00,-5.38467086e-02,1.26982134e-01,3.44307615e-02,4.93777623e-02,-8.09598300e+00,0.00000000e+00,1.78199139e-01,2.23753469e-02,1.74635156e+02,2.19278400e+01
1.79600000e+00,-5.35892234e-02,1.30494985e-01,3.45272591e-02,4.70596101e-02,-8.09598300e+00,0.00000000e+00,1.77708156e-01,2.20641261e-02,1.74153993e+02,2.16228436e+01
1.79800000e+00,-5.33248103e-02,1.33885458e-01,3.46190284e-02,4.47840731e-02,-8.09598300e+00,0.00000000e+00,1.78914299e-01,2.25968545e-02,1.75336013e+02,2.21449174e+01
1.80000000e+00,-5.30537395e-02,1.37189096e-01,3.47062304e-02,4.22611859e-02,-8.09598300e+00,0.00000000e+00,1.77537907e-01,2.16704779e-02,1.73987148e+02,2.12370683e+01
1.80200000e+00,-5.27757442e-02,1.40957216e-01,3.47864291e-02,3.72725554e-02,-8.09598300e+00,0.00000000e+00,1.65805979e-01,1.75375901e-02,1.62489859e+02,1.71868383e+01
1.80400000e+00,-5.24900364e-02,1.44536669e-01,3.48559049e-02,3.31600950e-02,-8.09598300e+00,0.00000000e+00,1.79629745e-01,2.36108802e-02,1.76037150e+02,2.31386626e+01
1.80600000e+00,-5.21979815e-02,1.47540226e-01,3.49204967e-02,3.11884279e-02,-8.09598300e+00,0.00000000e+00,1.76891190e-01,2.21240978e-02,1.73353366e+02,2.16816158e+01
1.80800000e+00,-5.18997952e-02,1.50664162e-01,3.49798045e-02,2.79356062e-02,-8.09598300e+00,0.00000000e+00,1.74395306e-01,2.10077132e-02,1.70907400e+02,2.05875589e+01
1.81000000e+00,-5.15954259e-02,1.53636475e-01,3.50324559e-02,2.50079045e-02,-8.09598300e+00,0.00000000e+00,1.77961980e-01,2.28830553e-02,1.74402740e+02,2.24253942e+01
1.81200000e+00,-5.12853573e-02,1.56446831e-01,3.50800441e-02,2.23922198e-02,-8.09598300e+00,0.00000000e+00,1.75660035e-01,2.17316115e-02,1.72146834e+02,2.12969793e+01
1.81400000e+00,-5.09696614e-02,1.59222903e-01,3.51217291e-02,1.93329918e-02,-8.09598300e+00,0.00000000e+00,1.76197464e-01,2.20128724e-02,1.72673515e+02,2.15726149e+01
1.81600000e+00,-5.06485440e-02,1.61881561e-01,3.51574127e-02,1.63286916e-02,-8.09598300e+00,0.00000000e+00,1.75793206e-01,2.18990990e-02,1.72277342e+02,2.14611170e+01
1.81800000e+00,-5.03222234e-02,1.64407926e-01,3.51871226e-02,1.34425248e-02,-8.09598300e+00,0.00000000e+00,1.76635414e-01,2.23044803e-02,1.73102706e+02,2.18583907e+01
1.82000000e+00,-4.99909588e-02,1.66864554e-01,3.52110115e-02,1.02995518e-02,-8.09598300e+00,0.00000000e+00,1.74728540e-01,2.13954122e-02,1.71233969e+02,2.09675040e+01
1.82200000e+00,-4.96545507e-02,1.69642830e-01,3.52270440e-02,5.24162491e-03,-8.09598300e+00,0.00000000e+00,1.66384140e-01,1.83097571e-02,1.63056457e+02,1.79435619e+01
1.82400000e+00,-4.93124875e-02,1.72271095e-01,3.52324481e-02,8.88642734e-04,-8.09598300e+00,0.00000000e+00,1.75452861e-01,2.28848852e-02,1.71943804e+02,2.24271875e+01
1.82600000e+00,-4.89657576e-02,1.74462496e-01,3.52317502e-02,-1.73700280e-03,-8.09598300e+00,0.00000000e+00,1.73770961e-01,2.19354525e-02,1.70295542e+02,2.14967434e+01
1.82800000e+00,-4.86145846e-02,1.76733243e-01,3.52248170e-02,-5.38724578e-03,-8.09598300e+00,0.00000000e+00,1.70741224e-01,2.07257610e-02,1.67326400e+02,2.03112458e+01
1.83000000e+00,-4.82589252e-02,1.78853205e-01,3.52104610e-02,-8.64791534e-03,-8.09598300e+00,0.00000000e+00,1.74400019e-01,2.27341209e-02,1.70912019e+02,2.22794385e+01
1.83200000e+00,-4.78993151e-02,1.80758105e-01,3.51906506e-02,-1.12707203e-02,-8.09598300e+00,0.00000000e+00,1.72838845e-01,2.20373656e-02,1.69382068e+02,2.15966183e+01
1.83400000e+00,-4.75359190e-02,1.82623624e-01,3.51651421e-02,-1.42475952e-02,-8.09598300e+00,0.00000000e+00,1.72361399e-01,2.19556977e-02,1.68914171e+02,2.15165837e+01
1.83600000e+00,-4.71688859e-02,1.84391332e-01,3.51336594e-02,-1.72256983e-02,-8.09598300e+00,0.00000000e+00,1.72135528e-01,2.19910319e-02,1.68692817e+02,2.15512113e+01
1.83800000e+00,-4.67984427e-02,1.86025451e-01,3.50963948e-02,-1.99706282e-02,-8.09598300e+00,0.00000000e+00,1.72465782e-01,2.23930416e-02,1.69016466e+02,2.19451808e+01
1.84000000e+00,-4.64248132e-02,1.87615796e-01,3.50535851e-02,-2.30032120e-02,-8.09598300e+00,0.00000000e+00,1.70114825e-01,2.13272600e-02,1.66712528e+02,2.09007148e+01
1.84200000e+00,-4.60478408e-02,1.89414285e-01,3.50034128e-02,-2.74893156e-02,-8.09598300e+00,0.00000000e+00,1.64531770e-01,1.92721272e-02,1.61241135e+02,1.88866847e+01
1.84400000e+00,-4.56672491e-02,1.91073258e-01,3.49440726e-02,-3.13083500e-02,-8.09598300e+00,0.00000000e+00,1.70275280e-01,2.26444477e-02,1.66869774e+02,2.21915588e+01
1.84600000e+00,-4.52837520e-02,1.92425849e-01,3.48790291e-02,-3.38528851e-02,-8.09598300e+00,0.00000000e+00,1.68566029e-01,2.18553743e-02,1.65194708e+02,2.14182668e+01
1.84800000e+00,-4.48975100e-02,1.93831969e-01,3.48081193e-02,-3.72099619e-02,-8.09598300e+00,0.00000000e+00,1.65877117e-01,2.08389295e-02,1.62559575e+02,2.04221509e+01
1.85000000e+00,-4.45085243e-02,1.95087860e-01,3.47304342e-02,-4.01996362e-02,-8.09598300e+00,0.00000000e+00,1.68906490e-01,2.25169070e-02,1.65528361e+02,2.20665688e+01
1.85200000e+00,-4.41172854e-02,1.96153486e-01,3.46477176e-02,-4.25940639e-02,-8.09598300e+00,0.00000000e+00,1.67133676e-01,2.19711321e-02,1.63791002e+02,2.15317095e+01
1.85400000e+00,-4.37239125e-02,1.97215875e-01,3.45597818e-02,-4.54027272e-02,-8.09598300e+00,0.00000000e+00,1.65775244e-01,2.15229246e-02,1.62459740e+02,2.10924661e+01
1.85600000e+00,-4.33284732e-02,1.98201416e-01,3.44661016e-02,-4.82190740e-02,-8.09598300e+00,0.00000000e+00,1.65705473e-01,2.18223491e-02,1.62391363e+02,2.13859021e+01
1.85800000e+00,-4.29311883e-02,1.99064778e-01,3.43670773e-02,-5.07776890e-02,-8.09598300e+00,0.00000000e+00,1.65390681e-01,2.19234964e-02,1.62082867e+02,2.14850265e+01
1.86000000e+00,-4.25322538e-02,1.99868556e-01,3.42628801e-02,-5.35023312e-02,-8.09598300e+00,0.00000000e+00,1.63844470e-01,2.13260828e-02,1.60567581e+02,2.08995612e+01
1.86200000e+00,-4.21316568e-02,2.00758256e-01,3.41525101e-02,-5.70637197e-02,-8.09598300e+00,0.00000000e+00,1.60116255e-01,2.00108669e-02,1.56913930e+02,1.96106496e+01
1.86400000e+00,-4.17292937e-02,2.01538519e-01,3.40349645e-02,-6.01163863e-02,-8.09598300e+00,0.00000000e+00,1.63120571e-01,2.22273635e-02,1.59858160e+02,2.17828163e+01
1.86600000e+00,-4.13256424e-02,2.02109332e-01,3.39126358e-02,-6.22822572e-02,-8.09598300e+00,0.00000000e+00,1.61717783e-01,2.16983528e-02,1.58483427e+02,2.12643857e+01
1.86800000e+00,-4.09208407e-02,2.02703724e-01,3.37854640e-02,-6.50053279e-02,-8.09598300e+00,0.00000000e+00,1.59267459e-01,2.08771904e-02,1.56082109e+02,2.04596466e+01
1.87000000e+00,-4.05149185e-02,2.03161607e-01,3.36528960e-02,-6.73062349e-02,-8.09598300e+00,0.00000000e+00,1.61596112e-01,2.23961359e-02,1.58364190e+02,2.19482132e+01
1.87200000e+00,-4.01083208e-02,2.03429718e-01,3.35166973e-02,-6.89197051e-02,-8.09598300e+00,0.00000000e+00,1.60383857e-01,2.21261992e-02,1.57176180e+02,2.16836752e+01
1.87400000e+00,-3.97012049e-02,2.03689894e-01,3.33769742e-02,-7.08975324e-02,-8.09598300e+00,0.00000000e+00,1.58459192e-01,2.14325144e-02,1.55290008e+02,2.10038641e+01
1.87600000e+00,-3.92935958e-02,2.03898206e-01,3.32330482e-02,-7.29639481e-02,-8.09598300e+00,0.00000000e+00,1.58269291e-01,2.17355130e-02,1.55103905e+02,2.13008027e+01
1.87800000e+00,-3.88857087e-02,2.03961660e-01,3.30854329e-02,-7.45587586e-02,-8.09598300e+00,0.00000000e+00,1.58514826e-01,2.22122242e-02,1.55344530e+02,2.17679797e+01
1.88000000e+00,-3.84778032e-02,2.03944037e-01,3.29348700e-02,-7.60681796e-02,-8.09598300e+00,0.00000000e+00,1.56833921e-01,2.17002458e-02,1.53697242e+02,2.12662409e+01
1.88200000e+00,-3.80699141e-02,2.03953965e-01,3.27808370e-02,-7.80622391e-02,-8.09598300e+00,0.00000000e+00,1.54541353e-01,2.09756943e-02,1.51450526e+02,2.05561805e+01
1.88400000e+00,-3.76620541e-02,2.03863709e-01,3.26228728e-02,-7.96787982e-02,-8.09598300e+00,0.00000000e+00,1.55845256e-01,2.22677073e-02,1.52728351e+02,2.18223531e+01
1.88600000e+00,-3.72545613e-02,2.03620537e-01,3.24625046e-02,-8.07212977e-02,-8.09598300e+00,0.00000000e+00,1.54787187e-01,2.19519615e-02,1.51691443e+02,2.15129223e+01
1.88800000e+00,-3.68475909e-02,2.03349026e-01,3.22998341e-02,-8.19940009e-02,-8.09598300e+00,0.00000000e+00,1.53184140e-01,2.15526240e-02,1.50120457e+02,2.11215715e+01
1.89000000e+00,-3.64412391e-02,2.02966603e-01,3.21347007e-02,-8.30085524e-02,-8.09598300e+00,0.00000000e+00,1.54060352e-01,2.22583851e-02,1.50979145e+02,2.18132174e+01
1.89200000e+00,-3.60358203e-02,2.02440366e-01,3.19681232e-02,-8.35382801e-02,-8.09598300e+00,0.00000000e+00,1.53233045e-01,2.23325305e-02,1.50168384e+02,2.18858799e+01
1.89400000e+00,-3.56314884e-02,2.01898049e-01,3.18004360e-02,-8.42353776e-02,-8.09598300e+00,0.00000000e+00,1.51133189e-01,2.16677719e-02,1.48110525e+02,2.12344164e+01
1.89600000e+00,-3.52282480e-02,2.01325969e-01,3.16311149e-02,-8.50325919e-02,-8.09598300e+00,0.00000000e+00,1.50634492e-01,2.18808450e-02,1.47621802e+02,2.14432281e+01
1.89800000e+00,-3.48262453e-02,2.00662590e-01,3.14604870e-02,-8.55578028e-02,-8.09598300e+00,0.00000000e+00,1.49982314e-01,2.19951828e-02,1.46982667e+02,2.15552791e+01
1.90000000e+00,-3.44256441e-02,1.99929521e-01,3.12889538e-02,-8.59778064e-02,-8.09598300e+00,0.00000000e+00,1.48989793e-01,2.18567984e-02,1.46009997e+02,2.14196625e+01
1.90200000e+00,-3.40265554e-02,1.99154263e-01,3.11165246e-02,-8.64744759e-02,-8.09598300e+00,0.00000000e+00,1.47707137e-01,2.15881269e-02,1.44752995e+02,2.11563644e+01
1.90400000e+00,-3.36290895e-02,1.98285337e-01,3.09432126e-02,-8.67361228e-02,-8.09598300e+00,0.00000000e+00,1.47930515e-01,2.21026707e-02,1.44971905e+02,2.16606173e+01
1.90600000e+00,-3.32334849e-02,1.97310199e-01,3.07697957e-02,-8.66744615e-02,-8.09598300e+00,0.00000000e+00,1.46955655e-01,2.20189901e-02,1.44016541e+02,2.15786103e+01
1.90800000e+00,-3.28398823e-02,1.96284659e-01,3.05965250e-02,-8.65975080e-02,-8.09598300e+00,0.00000000e+00,1.45891035e-01,2.18872077e-02,1.42973214e+02,2.14494636e+01
1.91000000e+00,-3.24484009e-02,1.95177056e-01,3.04235167e-02,-8.63539583e-02,-8.09598300e+00,0.00000000e+00,1.45673051e-01,2.21214449e-02,1.42759590e+02,2.16790160e+01
1.91200000e+00,-3.20592382e-02,1.93973244e-01,3.02512583e-02,-8.58866951e-02,-8.09598300e+00,0.00000000e+00,1.44957472e-01,2.21105156e-02,1.42058322e+02,2.16683053e+01
1.91400000e+00,-3.16725508e-02,1.92705159e-01,3.00800211e-02,-8.53426947e-02,-8.09598300e+00,0.00000000e+00,1.44013193e-01,2.20376731e-02,1.41132929e+02,2.15969196e+01
1.91600000e+00,-3.12884603e-02,1.91372985e-01,2.99099603e-02,-8.46895027e-02,-8.09598300e+00,0.00000000e+00,1.43314230e-01,2.20965101e-02,1.40447945e+02,2.16545799e+01
1.91800000e+00,-3.09071102e-02,1.89963762e-01,2.97413996e-02,-8.38315978e-02,-8.09598300e+00,0.00000000e+00,1.42694856e-01,2.22262306e-02,1.39840958e+02,2.17817060e+01
1.92000000e+00,-3.05286473e-02,1.88491452e-01,2.95747065e-02,-8.28649288e-02,-8.09598300e+00,0.00000000e+00,1.41692938e-01,2.20862771e-02,1.38859080e+02,2.16445515e+01
1.92200000e+00,-3.01531911e-02,1.86949203e-01,2.94100302e-02,-8.17627819e-02,-8.09598300e+00,0.00000000e+00,1.41257953e-01,2.22749173e-02,1.38432794e+02,2.18294189e+01
1.92400000e+00,-2.97809236e-02,1.85297364e-01,2.92477990e-02,-8.04451451e-02,-8.09598300e+00,0.00000000e+00,1.41208213e-01,2.23063033e-02,1.38384048e+02,2.18601772e+01
1.92600000e+00,-2.94120531e-02,1.83568241e-01,2.90882815e-02,-7.90797027e-02,-8.09598300e+00,0.00000000e+00,1.40045637e-01,2.21468190e-02,1.37244725e+02,2.17038826e+01
1.92800000e+00,-2.90466936e-02,1.81774628e-01,2.89315425e-02,-7.76208096e-02,-8.09598300e+00,0.00000000e+00,1.39725406e-01,2.22779637e-02,1.36930898e+02,2.18324044e+01
1.93000000e+00,-2.86850068e-02,1.79902697e-01,2.87778964e-02,-7.60147018e-02,-8.09598300e+00,0.00000000e+00,1.38915560e-01,2.22356772e-02,1.36137249e+02,2.17909637e+01
1.93200000e+00,-2.83271265e-02,1.77965244e-01,2.86275453e-02,-7.43162672e-02,-8.09598300e+00,0.00000000e+00,1.38327164e-01,2.22562856e-02,1.35560621e+02,2.18111599e+01
1.93400000e+00,-2.79732015e-02,1.75944280e-01,2.84807670e-02,-7.24143200e-02,-8.09598300e+00,0.00000000e+00,1.37969616e-01,2.24524103e-02,1.35210223e+02,2.20033621e+01
1.93600000e+00,-2.76233967e-02,1.73852367e-01,2.83379924e-02,-7.03557127e-02,-8.09598300e+00,0.00000000e+00,1.37121003e-01,2.23803134e-02,1.34378583e+02,2.19327071e+01
1.93800000e+00,-2.72778252e-02,1.71710712e-01,2.81993668e-02,-6.82631801e-02,-8.09598300e+00,0.00000000e+00,1.36302238e-01,2.23247315e-02,1.33576193e+02,2.18782369e+01
1.94000000e+00,-2.69365934e-02,1.69509748e-01,2.80649896e-02,-6.60957927e-02,-8.09598300e+00,0.00000000e+00,1.35712403e-01,2.23445891e-02,1.32998155e+02,2.18976973e+01
1.94200000e+00,-2.65998534e-02,1.67208099e-01,2.79351957e-02,-6.36103522e-02,-8.09598300e+00,0.00000000e+00,1.35896778e-01,2.28059269e-02,1.33178842e+02,2.23498083e+01
1.94400000e+00,-2.62678327e-02,1.64798873e-01,2.78106165e-02,-6.10225513e-02,-8.09598300e+00,0.00000000e+00,1.35506051e-01,2.23803953e-02,1.32795930e+02,2.19327874e+01
1.94600000e+00,-2.59407003e-02,1.62325965e-01,2.76910299e-02,-5.85481805e-02,-8.09598300e+00,0.00000000e+00,1.34704321e-01,2.23959952e-02,1.32010234e+02,2.19480753e+01
1.94800000e+00,-2.56185916e-02,1.59758945e-01,2.75765794e-02,-5.58403198e-02,-8.09598300e+00,0.00000000e+00,1.35065370e-01,2.27059106e-02,1.32364062e+02,2.22517924e+01
1.95000000e+00,-2.53017147e-02,1.57116687e-01,2.74677223e-02,-5.30519319e-02,-8.09598300e+00,0.00000000e+00,1.33864887e-01,2.24083592e-02,1.31187589e+02,2.19601920e+01
1.95200000e+00,-2.49901412e-02,1.54449896e-01,2.73642902e-02,-5.03857542e-02,-8.09598300e+00,0.00000000e+00,1.33084338e-01,2.23005408e-02,1.30422651e+02,2.18545300e+01
1.95400000e+00,-2.46839700e-02,1.51700783e-01,2.72663201e-02,-4.75084177e-02,-8.09598300e+00,0.00000000e+00,1.33278030e-01,2.27104807e-02,1.30612469e+02,2.22562710e+01
1.95600000e+00,-2.43833822e-02,1.48885399e-01,2.71743424e-02,-4.45023136e-02,-8.09598300e+00,0.00000000e+00,1.32167658e-01,2.24381874e-02,1.29524305e+02,2.19894236e+01
1.95800000e+00,-2.40884433e-02,1.46047671e-01,2.70882264e-02,-4.16227969e-02,-8.09598300e+00,0.00000000e+00,1.31380930e-01,2.23205714e-02,1.28753311e+02,2.18741600e+01
1.96000000e+00,-2.37992227e-02,1.43163307e-01,2.70078631e-02,-3.87254749e-02,-8.09598300e+00,0.00000000e+00,1.30884691e-01,2.23595794e-02,1.28266997e+02,2.19123878e+01
1.96200000e+00,-2.35158519e-02,1.40186159e-01,2.69335138e-02,-3.55442906e-02,-8.09598300e+00,0.00000000e+00,1.31223746e-01,2.28089198e-02,1.28599271e+02,2.23527414e+01
1.96400000e+00,-2.32385345e-02,1.37124319e-01,2.68656276e-02,-3.24505369e-02,-8.09598300e+00,0.00000000e+00,1.30587448e-01,2.20777751e-02,1.27975700e+02,2.16362196e+01
1.96600000e+00,-2.29673984e-02,1.33996870e-01,2.68035956e-02,-2.95308861e-02,-8.09598300e+00,0.00000000e+00,1.30530784e-01,2.23536891e-02,1.27920168e+02,2.19066153e+01
1.96800000e+00,-2.27026276e-02,1.30748486e-01,2.67477341e-02,-2.62661502e-02,-8.09598300e+00,0.00000000e+00,1.31238844e-01,2.27210010e-02,1.28614067e+02,2.22665810e+01
1.97000000e+00,-2.24444514e-02,1.27429645e-01,2.66985483e-02,-2.29753550e-02,-8.09598300e+00,0.00000000e+00,1.30056037e-01,2.23367563e-02,1.27454917e+02,2.18900212e+01
1.97200000e+00,-2.21929238e-02,1.24088721e-01,2.66557349e-02,-1.98313078e-02,-8.09598300e+00,0.00000000e+00,1.29687994e-01,2.23505339e-02,1.27094234e+02,2.19035233e+01
1.97400000e+00,-2.19481670e-02,1.20642144e-01,2.66194390e-02,-1.63635134e-02,-8.09598300e+00,0.00000000e+00,1.30512907e-01,2.29630770e-02,1.27902649e+02,2.25038155e+01
1.97600000e+00,-2.17104074e-02,1.17117205e-01,2.65903844e-02,-1.27403622e-02,-8.09598300e+00,0.00000000e+00,1.29563806e-01,2.26336224e-02,1.26972529e+02,2.21809500e+01
1.97800000e+00,-2.14797015e-02,1.13587237e-01,2.65683162e-02,-9.35915332e-03,-8.09598300e+00,0.00000000e+00,1.28732701e-01,2.24223209e-02,1.26158047e+02,2.19738745e+01
1.98000000e+00,-2.12560887e-02,1.10011981e-01,2.65529455e-02,-5.98136100e-03,-8.09598300e+00,0.00000000e+00,1.28782128e-01,2.26031266e-02,1.26206485e+02,2.21510641e+01
1.98200000e+00,-2.10397192e-02,1.06338309e-01,2.65445831e-02,-2.31505864e-03,-8.09598300e+00,0.00000000e+00,1.29251222e-01,2.30144881e-02,1.26666198e+02,2.25541983e+01
1.98400000e+00,-2.08307772e-02,1.02602004e-01,2.65434956e-02,1.06672677e-03,-8.09598300e+00,0.00000000e+00,1.28524814e-01,2.20029256e-02,1.25954318e+02,2.15628670e+01
1.98600000e+00,-2.06293685e-02,9.87797231e-02,2.65487370e-02,4.27900901e-03,-8.09598300e+00,0.00000000e+00,1.29600588e-01,2.26649199e-02,1.27008576e+02,2.22116215e+01
1.98800000e+00,-2.04357716e-02,9.47875009e-02,2.65609766e-02,8.03871147e-03,-8.09598300e+00,0.00000000e+00,1.30899344e-01,2.31679438e-02,1.28281358e+02,2.27045849e+01
1.99000000e+00,-2.02502639e-02,9.07271515e-02,2.65808763e-02,1.17750449e-02,-8.09598300e+00,0.00000000e+00,1.29661590e-01,2.26427362e-02,1.27068358e+02,2.21898815e+01
1.99200000e+00,-2.00728858e-02,8.66326246e-02,2.66080002e-02,1.53964731e-02,-8.09598300e+00,0.00000000e+00,1.30233358e-01,2.29640474e-02,1.27628691e+02,2.25047665e+01
1.99400000e+00,-1.99038142e-02,8.24169768e-02,2.66427194e-02,1.94036383e-02,-8.09598300e+00,0.00000000e+00,1.31094573e-01,2.35003950e-02,1.28472682e+02,2.30303871e+01
1.99600000e+00,-1.97432491e-02,7.81545791e-02,2.66856021e-02,2.33919153e-02,-8.09598300e+00,0.00000000e+00,1.29997617e-01,2.29839986e-02,1.27397665e+02,2.25243186e+01
1.99800000e+00,-1.95911764e-02,7.39214174e-02,2.67359909e-02,2.69360728e-02,-8.09598300e+00,0.00000000e+00,1.29152705e-01,2.26387001e-02,1.26569651e+02,2.21859261e+01
2.00000000e+00,-1.94475780e-02,6.96662744e-02,2.67932743e-02,3.03721078e-02,-8.09598300e+00,0.00000000e+00,1.29321706e-01,2.28374906e-02,1.26735272e+02,2.23807408e+01
2.00200000e+00,-1.93125426e-02,6.53641296e-02,2.68575135e-02,3.38594045e-02,-8.09598300e+00,0.00000000e+00,1.29131143e-01,2.28366419e-02,1.26548520e+02,2.23799090e+01
2.00400000e+00,-1.91861252e-02,6.10564322e-02,2.69283175e-02,3.67551936e-02,-8.09598300e+00,0.00000000e+00,1.28401882e-01,2.16958049e-02,1.25833844e+02,2.12618888e+01
2.00600000e+00,-1.90683860e-02,5.66451307e-02,2.70044789e-02,3.95679026e-02,-8.09598300e+00,0.00000000e+00,1.30573107e-01,2.27699766e-02,1.27961645e+02,2.23145770e+01
2.00800000e+00,-1.89596692e-02,5.20471269e-02,2.70870233e-02,4.30318607e-02,-8.09598300e+00,0.00000000e+00,1.31858470e-01,2.31793068e-02,1.29221301e+02,2.27157207e+01
2.01000000e+00,-1.88602108e-02,4.74290676e-02,2.71764323e-02,4.62347580e-02,-8.09598300e+00,0.00000000e+00,1.30210921e-01,2.23483714e-02,1.27606702e+02,2.19014040e+01
2.01200000e+00,-1.87699711e-02,4.27837686e-02,2.72718881e-02,4.93262000e-02,-8.09598300e+00,0.00000000e+00,1.31739489e-01,2.30805083e-02,1.29104700e+02,2.26188981e+01
2.01400000e+00,-1.86891802e-02,3.79817526e-02,2.73741363e-02,5.30163265e-02,-8.09598300e+00,0.00000000e+00,1.33193967e-01,2.37496125e-02,1.30530088e+02,2.32746202e+01
2.01600000e+00,-1.86180594e-02,3.31567224e-02,2.74838553e-02,5.65593316e-02,-8.09598300e+00,0.00000000e+00,1.31676927e-01,2.29269370e-02,1.29043388e+02,2.24683982e+01
2.01800000e+00,-1.85565072e-02,2.84009688e-02,2.75999652e-02,5.94897926e-02,-8.09598300e+00,0.00000000e+00,1.31053256e-01,2.26285320e-02,1.28432191e+02,2.21759614e+01
2.02000000e+00,-1.85044721e-02,2.36204171e-02,2.77217683e-02,6.23509533e-02,-8.09598300e+00,0.00000000e+00,1.31812159e-01,2.29543274e-02,1.29175916e+02,2.24952409e+01
2.02200000e+00,-1.84620475e-02,1.88069291e-02,2.78493632e-02,6.52034542e-02,-8.09598300e+00,0.00000000e+00,1.31456908e-01,2.27914527e-02,1.28827770e+02,2.23356237e+01
2.02400000e+00,-1.84292148e-02,1.40377672e-02,2.79820496e-02,6.72574232e-02,-8.09598300e+00,0.00000000e+00,1.30488839e-01,2.14668295e-02,1.27879062e+02,2.10374929e+01
2.02600000e+00,-1.84059587e-02,9.17513865e-03,2.81183357e-02,6.92254761e-02,-8.09598300e+00,0.00000000e+00,1.33431460e-01,2.28050860e-02,1.30762831e+02,2.23489843e+01
2.02800000e+00,-1.83926527e-02,4.10486588e-03,2.82594711e-02,7.19727911e-02,-8.09598300e+00,0.00000000e+00,1.35211724e-01,2.33030281e-02,1.32507489e+02,2.28369675e+01
2.03000000e+00,-1.83895400e-02,-9.66572662e-04,2.84059939e-02,7.43707393e-02,-8.09598300e+00,0.00000000e+00,1.33412487e-01,2.22800311e-02,1.30744237e+02,2.18344305e+01
2.03200000e+00,-1.83965345e-02,-6.06124315e-03,2.85568814e-02,7.66596690e-02,-8.09598300e+00,0.00000000e+00,1.35791032e-01,2.32888756e-02,1.33075211e+02,2.28230981e+01
2.03400000e+00,-1.84139029e-02,-1.13327652e-02,2.87131342e-02,7.97009692e-02,-8.09598300e+00,0.00000000e+00,1.37665410e-01,2.40812788e-02,1.34912101e+02,2.35996532e+01
2.03600000e+00,-1.84418732e-02,-1.66157603e-02,2.88755805e-02,8.25851349e-02,-8.09598300e+00,0.00000000e+00,1.36265803e-01,2.31898737e-02,1.33540487e+02,2.27260762e+01
2.03800000e+00,-1.84802869e-02,-2.17802304e-02,2.90429209e-02,8.46387014e-02,-8.09598300e+00,0.00000000e+00,1.35188227e-01,2.25760220e-02,1.32484463e+02,2.21245015e+01
2.04000000e+00,-1.85289817e-02,-2.69260772e-02,2.92139942e-02,8.64806434e-02,-8.09598300e+00,0.00000000e+00,1.36207176e-01,2.29893307e-02,1.33483032e+02,2.25295441e+01
2.04200000e+00,-1.85880028e-02,-3.20892766e-02,2.93888434e-02,8.83223740e-02,-8.09598300e+00,0.00000000e+00,1.36054419e-01,2.28245923e-02,1.33333330e+02,2.23681004e+01
2.04400000e+00,-1.86572829e-02,-3.71686391e-02,2.95666820e-02,8.92616527e-02,-8.09598300e+00,0.00000000e+00,1.34792859e-01,2.13486508e-02,1.32097002e+02,2.09216778e+01
2.04600000e+00,-1.87367049e-02,-4.22892893e-02,2.97457289e-02,8.99593229e-02,-8.09598300e+00,0.00000000e+00,1.37646791e-01,2.25730233e-02,1.34893855e+02,2.21215629e+01
2.04800000e+00,-1.88265731e-02,-4.76095007e-02,2.99270840e-02,9.15039739e-02,-8.09598300e+00,0.00000000e+00,1.40168105e-01,2.33849570e-02,1.37364743e+02,2.29172578e+01
2.05000000e+00,-1.89271357e-02,-5.29188932e-02,3.01115425e-02,9.27453044e-02,-8.09598300e+00,0.00000000e+00,1.38193087e-01,2.21992735e-02,1.35429225e+02,2.17552881e+01
2.05200000e+00,-1.90382523e-02,-5.82337338e-02,3.02979824e-02,9.38623416e-02,-8.09598300e+00,0.00000000e+00,1.41180944e-01,2.33900201e-02,1.38357325e+02,2.29222197e+01
2.05400000e+00,-1.91601907e-02,-6.37287408e-02,3.04875566e-02,9.58263739e-02,-8.09598300e+00,0.00000000e+00,1.43376181e-01,2.42471828e-02,1.40508658e+02,2.37622391e+01
2.05600000e+00,-1.92931605e-02,-6.92136224e-02,3.06811727e-02,9.76176570e-02,-8.09598300e+00,0.00000000e+00,1.42007309e-01,2.33032126e-02,1.39167163e+02,2.28371483e+01
2.05800000e+00,-1.94369348e-02,-7.45328575e-02,3.08773813e-02,9.84400972e-02,-8.09598300e+00,0.00000000e+00,1.40657305e-01,2.24934808e-02,1.37844159e+02,2.20436112e+01
2.06000000e+00,-1.95912533e-02,-7.97941319e-02,3.10747224e-02,9.89465728e-02,-8.09598300e+00,0.00000000e+00,1.41891222e-01,2.29217301e-02,1.39053398e+02,2.24632955e+01
2.06200000e+00,-1.97560938e-02,-8.50291738e-02,3.12730900e-02,9.93367029e-02,-8.09598300e+00,0.00000000e+00,1.41368523e-01,2.25324602e-02,1.38541152e+02,2.20818110e+01
2.06400000e+00,-1.99312863e-02,-9.01387067e-02,3.14714597e-02,9.88126586e-02,-8.09598300e+00,0.00000000e+00,1.40367596e-01,2.12863859e-02,1.37560244e+02,2.08606582e+01
2.06600000e+00,-2.01166476e-02,-9.52466784e-02,3.16681622e-02,9.80209586e-02,-8.09598300e+00,0.00000000e+00,1.42824445e-01,2.22520309e-02,1.39967956e+02,2.18069903e+01
2.06800000e+00,-2.03123665e-02,-1.00494829e-01,3.18640038e-02,9.79196021e-02,-8.09598300e+00,0.00000000e+00,1.45219576e-01,2.30152732e-02,1.42315185e+02,2.25549677e+01
2.07000000e+00,-2.05185937e-02,-1.05693139e-01,3.20595980e-02,9.74544150e-02,-8.09598300e+00,0.00000000e+00,1.43321910e-01,2.17678702e-02,1.40455472e+02,2.13325128e+01
2.07200000e+00,-2.07351418e-02,-1.10895639e-01,3.22538203e-02,9.69874285e-02,-8.09598300e+00,0.00000000e+00,1.47064175e-01,2.32892370e-02,1.44122892e+02,2.28234523e+01
2.07400000e+00,-2.09622951e-02,-1.16276420e-01,3.24481988e-02,9.74969516e-02,-8.09598300e+00,0.00000000e+00,1.49320285e-01,2.40950840e-02,1.46333880e+02,2.36131823e+01
2.07600000e+00,-2.12002182e-02,-1.21613257e-01,3.26436626e-02,9.77883352e-02,-8.09598300e+00,0.00000000e+00,1.47957606e-01,2.31104041e-02,1.44998453e+02,2.26481960e+01
2.07800000e+00,-2.14486195e-02,-1.26757130e-01,3.28387025e-02,9.71054110e-02,-8.09598300e+00,0.00000000e+00,1.46817895e-01,2.23288581e-02,1.43881537e+02,2.18822809e+01
2.08000000e+00,-2.17071985e-02,-1.31828708e-01,3.30319236e-02,9.61814519e-02,-8.09598300e+00,0.00000000e+00,1.48358434e-01,2.28809055e-02,1.45391265e+02,2.24232874e+01
2.08200000e+00,-2.19759033e-02,-1.36853813e-01,3.32233679e-02,9.51668206e-02,-8.09598300e+00,0.00000000e+00,1.47904858e-01,2.24124040e-02,1.44946761e+02,2.19641559e+01
2.08400000e+00,-2.22545047e-02,-1.41715352e-01,3.34119942e-02,9.32573094e-02,-8.09598300e+00,0.00000000e+00,1.46790646e-01,2.12727141e-02,1.43854833e+02,2.08472599e+01
2.08600000e+00,-2.25427245e-02,-1.46516532e-01,3.35961931e-02,9.10418095e-02,-8.09598300e+00,0.00000000e+00,1.48827711e-01,2.20342198e-02,1.45851157e+02,2.15935354e+01
2.08800000e+00,-2.28406391e-02,-1.51420041e-01,3.37766071e-02,8.94946768e-02,-8.09598300e+00,0.00000000e+00,1.51593821e-01,2.29340335e-02,1.48561945e+02,2.24753528e+01
2.09000000e+00,-2.31483588e-02,-1.56254783e-01,3.39539705e-02,8.76456157e-02,-8.09598300e+00,0.00000000e+00,1.49712875e-01,2.16545119e-02,1.46718618e+02,2.12214216e+01
2.09200000e+00,-2.34656340e-02,-1.61053250e-01,3.41271526e-02,8.57411287e-02,-8.09598300e+00,0.00000000e+00,1.53316735e-01,2.30659581e-02,1.50250400e+02,2.26046390e+01
2.09400000e+00,-2.37926639e-02,-1.65989787e-01,3.42975670e-02,8.47845553e-02,-8.09598300e+00,0.00000000e+00,1.55588752e-01,2.38880689e-02,1.52476977e+02,2.34103075e+01
2.09600000e+00,-2.41295503e-02,-1.70862038e-01,3.44662052e-02,8.36996504e-02,-8.09598300e+00,0.00000000e+00,1.54544589e-01,2.30378819e-02,1.51453698e+02,2.25771243e+01
2.09800000e+00,-2.44759605e-02,-1.75507016e-01,3.46317210e-02,8.16480205e-02,-8.09598300e+00,0.00000000e+00,1.53086699e-01,2.20961317e-02,1.50024965e+02,2.16542090e+01
2.10000000e+00,-2.48315046e-02,-1.80041274e-01,3.47926237e-02,7.93359788e-02,-8.09598300e+00,0.00000000e+00,1.54841292e-01,2.27221149e-02,1.51744466e+02,2.22676726e+01
2.10200000e+00,-2.51960803e-02,-1.84507607e-01,3.49490571e-02,7.70122324e-02,-8.09598300e+00,0.00000000e+00,1.54457228e-01,2.22959535e-02,1.51368084e+02,2.18500345e+01
2.10400000e+00,-2.55694226e-02,-1.88805416e-01,3.51002097e-02,7.39941014e-02,-8.09598300e+00,0.00000000e+00,1.53933382e-01,2.14817050e-02,1.50854714e+02,2.10520709e+01
2.10600000e+00,-2.59512300e-02,-1.92995245e-01,3.52448356e-02,7.06790348e-02,-8.09598300e+00,0.00000000e+00,1.55033678e-01,2.18806663e-02,1.51933004e+02,2.14430530e+01
2.10800000e+00,-2.63414260e-02,-1.97218582e-01,3.53832879e-02,6.79070148e-02,-8.09598300e+00,0.00000000e+00,1.57884484e-01,2.28205354e-02,1.54726794e+02,2.23641247e+01
2.11000000e+00,-2.67400409e-02,-2.01346904e-01,3.55163202e-02,6.49199328e-02,-8.09598300e+00,0.00000000e+00,1.56050391e-01,2.16204327e-02,1.52929383e+02,2.11880240e+01
2.11200000e+00,-2.71467592e-02,-2.05393702e-01,3.56429262e-02,6.18706681e-02,-8.09598300e+00,0.00000000e+00,1.59283187e-01,2.28721993e-02,1.56097523e+02,2.24147553e+01
2.11400000e+00,-2.75616665e-02,-2.09516684e-01,3.57643544e-02,5.96486228e-02,-8.09598300e+00,0.00000000e+00,1.61200808e-01,2.35311805e-02,1.57976792e+02,2.30605569e+01
2.11600000e+00,-2.79847607e-02,-2.13541775e-01,3.58814606e-02,5.73364492e-02,-8.09598300e+00,0.00000000e+00,1.60432983e-01,2.28512086e-02,1.57224324e+02,2.23941844e+01
2.11800000e+00,-2.84156774e-02,-2.17332576e-01,3.59931607e-02,5.42151228e-02,-8.09598300e+00,0.00000000e+00,1.59228119e-01,2.19935527e-02,1.56043557e+02,2.15536817e+01
2.12000000e+00,-2.88540116e-02,-2.21004309e-01,3.60982396e-02,5.09715876e-02,-8.09598300e+00,0.00000000e+00,1.61213927e-01,2.27461726e-02,1.57989649e+02,2.22912492e+01
2.12200000e+00,-2.92996337e-02,-2.24584553e-01,3.61970766e-02,4.77723983e-02,-8.09598300e+00,0.00000000e+00,1.60713256e-01,2.22290985e-02,1.57498991e+02,2.17845165e+01
2.12400000e+00,-2.97522259e-02,-2.27978884e-01,3.62889830e-02,4.40539767e-02,-8.09598300e+00,0.00000000e+00,1.60550286e-01,2.17890831e-02,1.57339281e+02,2.13533015e+01
2.12600000e+00,-3.02114400e-02,-2.31209366e-01,3.63730954e-02,4.00398262e-02,-8.09598300e+00,0.00000000e+00,1.60619945e-01,2.17301544e-02,1.57407546e+02,2.12955513e+01
2.12800000e+00,-3.06770257e-02,-2.34383321e-01,3.64493574e-02,3.63482983e-02,-8.09598300e+00,0.00000000e+00,1.63017184e-01,2.25767723e-02,1.59756841e+02,2.21252369e+01
2.13000000e+00,-3.11488903e-02,-2.37432816e-01,3.65183969e-02,3.25192848e-02,-8.09598300e+00,0.00000000e+00,1.61550943e-01,2.15416928e-02,1.58319924e+02,2.11108589e+01
2.13200000e+00,-3.16266831e-02,-2.40371508e-01,3.65794249e-02,2.86757125e-02,-8.09598300e+00,0.00000000e+00,1.64316408e-01,2.26350329e-02,1.61030080e+02,2.21823322e+01
2.13400000e+00,-3.21103778e-02,-2.43312423e-01,3.66335352e-02,2.54852407e-02,-8.09598300e+00,0.00000000e+00,1.65539361e-01,2.29911752e-02,1.62228574e+02,2.25313517e+01
2.13600000e+00,-3.25998406e-02,-2.46115076e-01,3.66813049e-02,2.22033802e-02,-8.09598300e+00,0.00000000e+00,1.65069629e-01,2.25127566e-02,1.61768236e+02,2.20625014e+01
2.13800000e+00,-3.30946902e-02,-2.48695831e-01,3.67219867e-02,1.83785535e-02,-8.09598300e+00,0.00000000e+00,1.64383109e-01,2.19111257e-02,1.61095447e+02,2.14729032e+01
2.14000000e+00,-3.35945284e-02,-2.51133356e-01,3.67547794e-02,1.44941524e-02,-8.09598300e+00,0.00000000e+00,1.65793033e-01,2.24361748e-02,1.62477172e+02,2.19874513e+01
2.14200000e+00,-3.40991463e-02,-2.53455037e-01,3.67800418e-02,1.07275510e-02,-8.09598300e+00,0.00000000e+00,1.65785883e-01,2.21959973e-02,1.62470166e+02,2.17520773e+01
2.14400000e+00,-3.46082076e-02,-2.55565293e-01,3.67974395e-02,6.58588291e-03,-8.09598300e+00,0.00000000e+00,1.64999399e-01,2.16754193e-02,1.61699411e+02,2.12419109e+01
2.14600000e+00,-3.51212781e-02,-2.57481450e-01,3.68062572e-02,2.25194325e-03,-8.09598300e+00,0.00000000e+00,1.65430736e-01,2.18067927e-02,1.62122122e+02,2.13706569e+01
2.14800000e+00,-3.56380728e-02,-2.59306744e-01,3.68066633e-02,-1.75806839e-03,-8.09598300e+00,0.00000000e+00,1.67087427e-01,2.23575974e-02,1.63745679e+02,2.19104454e+01
2.15000000e+00,-3.61584039e-02,-2.60980271e-01,3.67991870e-02,-5.82483090e-03,-8.09598300e+00,0.00000000e+00,1.66124919e-01,2.16786086e-02,1.62802420e+02,2.12450364e+01
2.15200000e+00,-3.66818958e-02,-2.62506716e-01,3.67833723e-02,-9.87909691e-03,-8.09598300e+00,0.00000000e+00,1.67917673e-01,2.23629351e-02,1.64559319e+02,2.19156764e+01
2.15400000e+00,-3.72083864e-02,-2.63966579e-01,3.67599792e-02,-1.34705975e-02,-8.09598300e+00,0.00000000e+00,1.68860928e-01,2.26180188e-02,1.65483710e+02,2.21656584e+01
2.15600000e+00,-3.77376566e-02,-2.65268116e-01,3.67294746e-02,-1.70850521e-02,-8.09598300e+00,0.00000000e+00,1.68533124e-01,2.22726310e-02,1.65162461e+02,2.18271784e+01
2.15800000e+00,-3.82693229e-02,-2.66365828e-01,3.66914715e-02,-2.09506782e-02,-8.09598300e+00,0.00000000e+00,1.68433602e-01,2.20380839e-02,1.65064930e+02,2.15973223e+01
2.16000000e+00,-3.88030294e-02,-2.67327837e-01,3.66457591e-02,-2.46855931e-02,-8.09598300e+00,0.00000000e+00,1.69714903e-01,2.24832460e-02,1.66320605e+02,2.20335810e+01
2.16200000e+00,-3.93385365e-02,-2.68143127e-01,3.65927903e-02,-2.83287360e-02,-8.09598300e+00,0.00000000e+00,1.69373212e-01,2.21565123e-02,1.65985748e+02,2.17133820e+01
2.16400000e+00,-3.98754346e-02,-2.68707343e-01,3.65322253e-02,-3.23000878e-02,-8.09598300e+00,0.00000000e+00,1.68228290e-01,2.17094085e-02,1.64863724e+02,2.12752204e+01
2.16600000e+00,-4.04132309e-02,-2.69069196e-01,3.64635708e-02,-3.63001137e-02,-8.09598300e+00,0.00000000e+00,1.69033128e-01,2.19999023e-02,1.65652465e+02,2.15599042e+01
2.16800000e+00,-4.09516209e-02,-2.69295461e-01,3.63871820e-02,-4.00644516e-02,-8.09598300e+00,0.00000000e+00,1.69453978e-01,2.20965373e-02,1.66064898e+02,2.16546065e+01
2.17000000e+00,-4.14902965e-02,-2.69347268e-01,3.63033337e-02,-4.37977410e-02,-8.09598300e+00,0.00000000e+00,1.69353495e-01,2.19468081e-02,1.65966425e+02,2.15078719e+01
2.17200000e+00,-4.20289158e-02,-2.69257774e-01,3.62121041e-02,-4.73614922e-02,-8.09598300e+00,0.00000000e+00,1.70549362e-01,2.23235534e-02,1.67138375e+02,2.18770823e+01
2.17400000e+00,-4.25672439e-02,-2.69042842e-01,3.61140570e-02,-5.06714665e-02,-8.09598300e+00,0.00000000e+00,1.70817620e-01,2.23407758e-02,1.67401268e+02,2.18939603e+01
2.17600000e+00,-4.31049665e-02,-2.68646962e-01,3.60094093e-02,-5.39947008e-02,-8.09598300e+00,0.00000000e+00,1.70712138e-01,2.21475729e-02,1.67297895e+02,2.17046214e+01
2.17800000e+00,-4.36416977e-02,-2.68049975e-01,3.58980126e-02,-5.74163005e-02,-8.09598300e+00,0.00000000e+00,1.70502049e-01,2.19765591e-02,1.67092008e+02,2.15370279e+01
2.18000000e+00,-4.41770507e-02,-2.67279363e-01,3.57798051e-02,-6.07465482e-02,-8.09598300e+00,0.00000000e+00,1.71028277e-01,2.21718305e-02,1.67607712e+02,2.17283939e+01
2.18200000e+00,-4.47106981e-02,-2.66333134e-01,3.56550749e-02,-6.40039750e-02,-8.09598300e+00,0.00000000e+00,1.70758372e-01,2.19525459e-02,1.67343205e+02,2.15134949e+01
2.18400000e+00,-4.52422041e-02,-2.65118239e-01,3.55236700e-02,-6.74400444e-02,-8.09598300e+00,0.00000000e+00,1.69093800e-01,2.16105245e-02,1.65711924e+02,2.11783140e+01
2.18600000e+00,-4.57710342e-02,-2.63698084e-01,3.53854095e-02,-7.07339963e-02,-8.09598300e+00,0.00000000e+00,1.70284736e-01,2.20547153e-02,1.66879042e+02,2.16136210e+01
2.18800000e+00,-4.62968915e-02,-2.62120557e-01,3.52408387e-02,-7.38709199e-02,-8.09598300e+00,0.00000000e+00,1.69715411e-01,2.17348641e-02,1.66321103e+02,2.13001668e+01
2.19000000e+00,-4.68193959e-02,-2.60362320e-01,3.50899825e-02,-7.69228639e-02,-8.09598300e+00,0.00000000e+00,1.70334465e-01,2.20188497e-02,1.66927775e+02,2.15784727e+01
2.19200000e+00,-4.73382558e-02,-2.58476610e-01,3.49334018e-02,-7.95930229e-02,-8.09598300e+00,0.00000000e+00,1.70979916e-01,2.23136611e-02,1.67560317e+02,2.18673879e+01
2.19400000e+00,-4.78531964e-02,-2.56432043e-01,3.47717415e-02,-8.20665541e-02,-8.09598300e+00,0.00000000e+00,1.70834181e-01,2.22016384e-02,1.67417498e+02,2.17576056e+01
2.19600000e+00,-4.83638398e-02,-2.54171231e-01,3.46050613e-02,-8.46515243e-02,-8.09598300e+00,0.00000000e+00,1.70104452e-01,2.18426754e-02,1.66702363e+02,2.14058219e+01
2.19800000e+00,-4.88697640e-02,-2.51734354e-01,3.44332024e-02,-8.71360745e-02,-8.09598300e+00,0.00000000e+00,1.70859867e-01,2.21679505e-02,1.67442669e+02,2.17245915e+01
2.20000000e+00,-4.93706664e-02,-2.49131196e-01,3.42566259e-02,-8.94573544e-02,-8.09598300e+00,0.00000000e+00,1.70318374e-01,2.19340685e-02,1.66912007e+02,2.14953871e+01
2.20200000e+00,-4.98661605e-02,-2.46335634e-01,3.40753869e-02,-9.17576702e-02,-8.09598300e+00,0.00000000e+00,1.70420053e-01,2.19539903e-02,1.67011652e+02,2.15149105e+01
2.20400000e+00,-5.03558234e-02,-2.43261857e-01,3.38894846e-02,-9.42237847e-02,-8.09598300e+00,0.00000000e+00,1.67826740e-01,2.13214560e-02,1.64470206e+02,2.08950269e+01
2.20600000e+00,-5.08391060e-02,-2.40035240e-01,3.36987665e-02,-9.62779618e-02,-8.09598300e+00,0.00000000e+00,1.70806992e-01,2.25471199e-02,1.67390852e+02,2.20961775e+01
2.20800000e+00,-5.13158723e-02,-2.36670516e-01,3.35045224e-02,-9.81077799e-02,-8.09598300e+00,0.00000000e+00,1.68504996e-01,2.15155831e-02,1.65134896e+02,2.10852715e+01
2.21000000e+00,-5.17856676e-02,-2.33125045e-01,3.33064246e-02,-9.98038543e-02,-8.09598300e+00,0.00000000e+00,1.70432956e-01,2.25456196e-02,1.67024297e+02,2.20947072e+01
2.21200000e+00,-5.22483123e-02,-2.29489288e-01,3.31056906e-02,-1.00924501e-01,-8.09598300e+00,0.00000000e+00,1.70186654e-01,2.24371031e-02,1.66782920e+02,2.19883610e+01
2.21400000e+00,-5.27034902e-02,-2.25651678e-01,3.29026871e-02,-1.02104377e-01,-8.09598300e+00,0.00000000e+00,1.69447454e-01,2.21317638e-02,1.66058505e+02,2.16891286e+01
2.21600000e+00,-5.31507828e-02,-2.21609752e-01,3.26972108e-02,-1.03377596e-01,-8.09598300e+00,0.00000000e+00,1.69080060e-01,2.19481558e-02,1.65698459e+02,2.15091927e+01
2.21800000e+00,-5.35898348e-02,-2.17426222e-01,3.24893612e-02,-1.04374072e-01,-8.09598300e+00,0.00000000e+00,1.69739629e-01,2.24161669e-02,1.66344837e+02,2.19678436e+01
2.22000000e+00,-5.40203776e-02,-2.13077573e-01,3.22798192e-02,-1.05213549e-01,-8.09598300e+00,0.00000000e+00,1.68753926e-01,2.19786762e-02,1.65378847e+02,2.15391027e+01
2.22200000e+00,-5.44420046e-02,-2.08518233e-01,3.20683976e-02,-1.06217124e-01,-8.09598300e+00,0.00000000e+00,1.68276648e-01,2.17700976e-02,1.64911115e+02,2.13346956e+01
2.22400000e+00,-5.48542852e-02,-2.03710903e-01,3.18549758e-02,-1.07183106e-01,-8.09598300e+00,0.00000000e+00,1.66344050e-01,2.17531019e-02,1.63017169e+02,2.13180399e+01
2.22600000e+00,-5.52567746e-02,-1.98793129e-01,3.16400692e-02,-1.07543213e-01,-8.09598300e+00,0.00000000e+00,1.69001611e-01,2.27350373e-02,1.65621579e+02,2.22803365e+01
2.22800000e+00,-5.56493373e-02,-1.93694865e-01,3.14247187e-02,-1.08029579e-01,-8.09598300e+00,0.00000000e+00,1.65351569e-01,2.11805508e-02,1.62044537e+02,2.07569397e+01
2.23000000e+00,-5.60314345e-02,-1.88417259e-01,3.12080063e-02,-1.08432817e-01,-8.09598300e+00,0.00000000e+00,1.67951649e-01,2.26002006e-02,1.64592616e+02,2.21481966e+01
2.23200000e+00,-5.64029984e-02,-1.83127636e-01,3.09915738e-02,-1.07956558e-01,-8.09598300e+00,0.00000000e+00,1.68125420e-01,2.27172493e-02,1.64762911e+02,2.22629043e+01
2.23400000e+00,-5.67638073e-02,-1.77631538e-01,3.07760473e-02,-1.07679462e-01,-8.09598300e+00,0.00000000e+00,1.66094523e-01,2.18741044e-02,1.62772633e+02,2.14366224e+01
2.23600000e+00,-5.71133822e-02,-1.71921946e-01,3.05607106e-02,-1.07620491e-01,-8.09598300e+00,0.00000000e+00,1.66013485e-01,2.19517728e-02,1.62693216e+02,2.15127373e+01
2.23800000e+00,-5.74514405e-02,-1.66130403e-01,3.03458809e-02,-1.07088140e-01,-8.09598300e+00,0.00000000e+00,1.66962847e-01,2.25606617e-02,1.63623590e+02,2.21094485e+01
2.24000000e+00,-5.77778087e-02,-1.60196179e-01,3.01324384e-02,-1.06435195e-01,-8.09598300e+00,0.00000000e+00,1.65367677e-01,2.18996827e-02,1.62060323e+02,2.14616890e+01
2.24200000e+00,-5.80920861e-02,-1.54053285e-01,2.99199747e-02,-1.06030482e-01,-8.09598300e+00,0.00000000e+00,1.64677271e-01,2.17359352e-02,1.61383726e+02,2.13012165e+01
2.24400000e+00,-5.83939068e-02,-1.47737931e-01,2.97084993e-02,-1.05351496e-01,-8.09598300e+00,0.00000000e+00,1.63827235e-01,2.21730375e-02,1.60550690e+02,2.17295767e+01
2.24600000e+00,-5.86830028e-02,-1.41370034e-01,2.94990407e-02,-1.03964491e-01,-8.09598300e+00,0.00000000e+00,1.65835512e-01,2.29223314e-02,1.62518802e+02,2.24638848e+01
2.24800000e+00,-5.89592583e-02,-1.34809113e-01,2.92924082e-02,-1.02927143e-01,-8.09598300e+00,0.00000000e+00,1.61598373e-01,2.11433895e-02,1.58366405e+02,2.07205217e+01
2.25000000e+00,-5.92221448e-02,-1.28106612e-01,2.90874064e-02,-1.01778513e-01,-8.09598300e+00,0.00000000e+00,1.64700668e-01,2.28627054e-02,1.61406654e+02,2.24054512e+01
2.25200000e+00,-5.94717016e-02,-1.21429506e-01,2.88859024e-02,-9.97175197e-02,-8.09598300e+00,0.00000000e+00,1.64256129e-01,2.27697410e-02,1.60971006e+02,2.23143462e+01
2.25400000e+00,-5.97077469e-02,-1.14578469e-01,2.86883732e-02,-9.79011572e-02,-8.09598300e+00,0.00000000e+00,1.62591091e-01,2.20662616e-02,1.59339269e+02,2.16249364e+01
2.25600000e+00,-5.99299125e-02,-1.07572839e-01,2.84942081e-02,-9.62193203e-02,-8.09598300e+00,0.00000000e+00,1.62485831e-01,2.22093249e-02,1.59236115e+02,2.17651384e+01
2.25800000e+00,-6.01380105e-02,-1.00525523e-01,2.83038247e-02,-9.40443808e-02,-8.09598300e+00,0.00000000e+00,1.63344525e-01,2.28284693e-02,1.60077635e+02,2.23718999e+01
2.26000000e+00,-6.03319505e-02,-9.33822022e-02,2.81181087e-02,-9.17522698e-02,-8.09598300e+00,0.00000000e+00,1.61854656e-01,2.21889910e-02,1.58617563e+02,2.17452112e+01
2.26200000e+00,-6.05114467e-02,-8.60999708e-02,2.79366983e-02,-8.96360877e-02,-8.09598300e+00,0.00000000e+00,1.61593498e-01,2.21991818e-02,1.58361628e+02,2.17551981e+01
2.26400000e+00,-6.06762550e-02,-7.86746488e-02,2.77596990e-02,-8.73179111e-02,-8.09598300e+00,0.00000000e+00,1.59886551e-01,2.23591941e-02,1.56688820e+02,2.19120102e+01
2.26600000e+00,-6.08261349e-02,-7.12337812e-02,2.75878807e-02,-8.43187918e-02,-8.09598300e+00,0.00000000e+00,1.62484237e-01,2.33818767e-02,1.59234552e+02,2.29142392e+01
2.26800000e+00,-6.09611021e-02,-6.36609348e-02,2.74221227e-02,-8.17713501e-02,-8.09598300e+00,0.00000000e+00,1.57934945e-01,2.11731495e-02,1.54776246e+02,2.07496865e+01
2.27000000e+00,-6.10806990e-02,-5.59686353e-02,2.72607373e-02,-7.93110479e-02,-8.09598300e+00,0.00000000e+00,1.60700763e-01,2.29675398e-02,1.57486748e+02,2.25081890e+01
2.27200000e+00,-6.11850137e-02,-4.83318666e-02,2.71054501e-02,-7.59934323e-02,-8.09598300e+00,0.00000000e+00,1.60115217e-01,2.27494514e-02,1.56912913e+02,2.22944623e+01
2.27400000e+00,-6.12739406e-02,-4.05662954e-02,2.69565630e-02,-7.29766134e-02,-8.09598300e+00,0.00000000e+00,1.58448500e-01,2.21222062e-02,1.55279530e+02,2.16797620e+01
2.27600000e+00,-6.13472094e-02,-3.26965185e-02,2.68134608e-02,-7.00840084e-02,-8.09598300e+00,0.00000000e+00,1.58310417e-01,2.22831308e-02,1.55144209e+02,2.18374682e+01
2.27800000e+00,-6.14047232e-02,-2.48215590e-02,2.66764934e-02,-6.67917612e-02,-8.09598300e+00,0.00000000e+00,1.58829057e-01,2.27640817e-02,1.55652476e+02,2.23088000e+01
2.28000000e+00,-6.14464578e-02,-1.68897669e-02,2.65463567e-02,-6.34050409e-02,-8.09598300e+00,0.00000000e+00,1.57355360e-01,2.22941135e-02,1.54208253e+02,2.18482312e+01
2.28200000e+00,-6.14722151e-02,-8.85722923e-03,2.64227342e-02,-6.02269443e-02,-8.09598300e+00,0.00000000e+00,1.56717909e-01,2.21482757e-02,1.53583551e+02,2.17053102e+01
2.28400000e+00,-6.14818403e-02,-7.55077624e-04,2.63056161e-02,-5.67981172e-02,-8.09598300e+00,0.00000000e+00,1.55840257e-01,2.26517240e-02,1.52723452e+02,2.21986895e+01
2.28600000e+00,-6.14752678e-02,7.29850028e-03,2.61959663e-02,-5.27324586e-02,-8.09598300e+00,0.00000000e+00,1.57832285e-01,2.33267325e-02,1.54675639e+02,2.28601979e+01
2.28800000e+00,-6.14525637e-02,1.54758550e-02,2.60943087e-02,-4.92330334e-02,-8.09598300e+00,0.00000000e+00,1.52795670e-01,2.13164202e-02,1.49739757e+02,2.08900918e+01
2.29000000e+00,-6.14133273e-02,2.37088702e-02,2.59989978e-02,-4.57881372e-02,-8.09598300e+00,0.00000000e+00,1.56245167e-01,2.30748298e-02,1.53120263e+02,2.26133332e+01
2.29200000e+00,-6.13578087e-02,3.18213018e-02,2.59116258e-02,-4.16388647e-02,-8.09598300e+00,0.00000000e+00,1.55193240e-01,2.26683738e-02,1.52089375e+02,2.22150063e+01
2.29400000e+00,-6.12859912e-02,4.00100237e-02,2.58321931e-02,-3.78635561e-02,-8.09598300e+00,0.00000000e+00,1.53909569e-01,2.21748343e-02,1.50831377e+02,2.17313377e+01
2.29600000e+00,-6.11977557e-02,4.82180483e-02,2.57601266e-02,-3.41557203e-02,-8.09598300e+00,0.00000000e+00,1.54055426e-01,2.24223022e-02,1.50974318e+02,2.19738561e+01
2.29800000e+00,-6.10931662e-02,5.63553736e-02,2.56958498e-02,-3.00284248e-02,-8.09598300e+00,0.00000000e+00,1.54741114e-01,2.29618100e-02,1.51646291e+02,2.25025738e+01
2.30000000e+00,-6.09723331e-02,6.44944023e-02,2.56400436e-02,-2.58550391e-02,-8.09598300e+00,0.00000000e+00,1.53062381e-01,2.24375875e-02,1.50001134e+02,2.19888357e+01
2.30200000e+00,-6.08351621e-02,7.26730439e-02,2.55922671e-02,-2.19255076e-02,-8.09598300e+00,0.00000000e+00,1.52729099e-01,2.23801019e-02,1.49674517e+02,2.19324999e+01
2.30400000e+00,-6.06816360e-02,8.08589591e-02,2.55525018e-02,-1.77556553e-02,-8.09598300e+00,0.00000000e+00,1.51672529e-01,2.28835462e-02,1.48639078e+02,2.24258753e+01
2.30600000e+00,-6.05118085e-02,8.89215159e-02,2.55216871e-02,-1.29219044e-02,-8.09598300e+00,0.00000000e+00,1.54258412e-01,2.37276878e-02,1.51173244e+02,2.32531341e+01
2.30800000e+00,-6.03259141e-02,9.70378705e-02,2.55003471e-02,-8.78869125e-03,-8.09598300e+00,0.00000000e+00,1.48930774e-01,2.13807925e-02,1.45952159e+02,2.09531767e+01
2.31000000e+00,-6.01236494e-02,1.05165666e-01,2.54863887e-02,-4.87109628e-03,-8.09598300e+00,0.00000000e+00,1.52373344e-01,2.32536872e-02,1.49325878e+02,2.27886134e+01
2.31200000e+00,-5.99053770e-02,1.13105180e-01,2.54813357e-02,-2.44095614e-04,-8.09598300e+00,0.00000000e+00,1.51581030e-01,2.28607036e-02,1.48549409e+02,2.24034895e+01
2.31400000e+00,-5.96712229e-02,1.21053500e-01,2.54850981e-02,3.91163539e-03,-8.09598300e+00,0.00000000e+00,1.50288515e-01,2.22681314e-02,1.47282744e+02,2.18227688e+01
2.31600000e+00,-5.94211826e-02,1.28972403e-01,2.54968598e-02,7.88376686e-03,-8.09598300e+00,0.00000000e+00,1.50259680e-01,2.24905228e-02,1.47254486e+02,2.20407124e+01
2.31800000e+00,-5.91554180e-02,1.36764112e-01,2.55168747e-02,1.22182272e-02,-8.09598300e+00,0.00000000e+00,1.51123105e-01,2.30555194e-02,1.48100643e+02,2.25944090e+01
2.32000000e+00,-5.88741641e-02,1.44498803e-01,2.55456676e-02,1.64549872e-02,-8.09598300e+00,0.00000000e+00,1.49327600e-01,2.23248040e-02,1.46341048e+02,2.18783079e+01
2.32200000e+00,-5.85774347e-02,1.52215740e-01,2.55824753e-02,2.03627380e-02,-8.09598300e+00,0.00000000e+00,1.49147269e-01,2.24159203e-02,1.46164324e+02,2.19676019e+01
2.32400000e+00,-5.82653501e-02,1.59859262e-01,2.56272641e-02,2.44887954e-02,-8.09598300e+00,0.00000000e+00,1.48526725e-01,2.28453553e-02,1.45556191e+02,2.23884482e+01
2.32600000e+00,-5.79381261e-02,1.67310033e-01,2.56808040e-02,2.91750991e-02,-8.09598300e+00,0.00000000e+00,1.51010743e-01,2.36665017e-02,1.47990529e+02,2.31931717e+01
2.32800000e+00,-5.75961064e-02,1.74766157e-01,2.57434983e-02,3.31622435e-02,-8.09598300e+00,0.00000000e+00,1.45639861e-01,2.14656089e-02,1.42727064e+02,2.10362967e+01
2.33000000e+00,-5.72390978e-02,1.82167774e-01,2.58133328e-02,3.69689709e-02,-8.09598300e+00,0.00000000e+00,1.49400602e-01,2.33861372e-02,1.46412590e+02,2.29184145e+01
2.33200000e+00,-5.68675996e-02,1.89322987e-01,2.58918073e-02,4.14253933e-02,-8.09598300e+00,0.00000000e+00,1.48394235e-01,2.29395742e-02,1.45426350e+02,2.24807828e+01
2.33400000e+00,-5.64818367e-02,1.96431989e-01,2.59786900e-02,4.53653094e-02,-8.09598300e+00,0.00000000e+00,1.47360415e-01,2.24244623e-02,1.44413207e+02,2.19759730e+01
2.33600000e+00,-5.60819497e-02,2.03423974e-01,2.60731898e-02,4.91871543e-02,-8.09598300e+00,0.00000000e+00,1.47892904e-01,2.28252040e-02,1.44935046e+02,2.23686999e+01
2.33800000e+00,-5.56682707e-02,2.10221117e-01,2.61756540e-02,5.33320402e-02,-8.09598300e+00,0.00000000e+00,1.48564233e-01,2.32472338e-02,1.45592949e+02,2.27822892e+01
2.34000000e+00,-5.52411299e-02,2.16921171e-01,2.62863328e-02,5.71992502e-02,-8.09598300e+00,0.00000000e+00,1.46702115e-01,2.23988359e-02,1.43768072e+02,2.19508591e+01
2.34200000e+00,-5.48006363e-02,2.23545891e-01,2.64041871e-02,6.06706042e-02,-8.09598300e+00,0.00000000e+00,1.46755877e-01,2.25832842e-02,1.43820760e+02,2.21316185e+01
2.34400000e+00,-5.43470318e-02,2.30042441e-01,2.65291461e-02,6.43382463e-02,-8.09598300e+00,0.00000000e+00,1.46020780e-01,2.29878811e-02,1.43100365e+02,2.25281235e+01
2.34600000e+00,-5.38806298e-02,2.36294010e-01,2.66618640e-02,6.84917923e-02,-8.09598300e+00,0.00000000e+00,1.48698847e-01,2.37911447e-02,1.45724870e+02,2.33153218e+01
2.34800000e+00,-5.34019152e-02,2.42456437e-01,2.68026535e-02,7.19557006e-02,-8.09598300e+00,0.00000000e+00,1.44220955e-01,2.17399047e-02,1.41336536e+02,2.13051066e+01
2.35000000e+00,-5.29108857e-02,2.48496502e-01,2.69495096e-02,7.51537768e-02,-8.09598300e+00,0.00000000e+00,1.47574672e-01,2.34417555e-02,1.44623179e+02,2.29729204e+01
2.35200000e+00,-5.24081384e-02,2.54222702e-01,2.71037119e-02,7.90168020e-02,-8.09598300e+00,0.00000000e+00,1.47474569e-01,2.33543329e-02,1.44525078e+02,2.28872462e+01
2.35400000e+00,-5.18940648e-02,2.59843969e-01,2.72652226e-02,8.23485045e-02,-8.09598300e+00,0.00000000e+00,1.45853111e-01,2.25558188e-02,1.42936049e+02,2.21047024e+01
2.35600000e+00,-5.13688510e-02,2.65332592e-01,2.74328756e-02,8.53348164e-02,-8.09598300e+00,0.00000000e+00,1.46309241e-01,2.28676551e-02,1.43383056e+02,2.24103020e+01
2.35800000e+00,-5.08328844e-02,2.70596336e-01,2.76066922e-02,8.85166368e-02,-8.09598300e+00,0.00000000e+00,1.46754309e-01,2.32132164e-02,1.43819223e+02,2.27489520e+01
2.36000000e+00,-5.02865720e-02,2.75700650e-01,2.77868010e-02,9.14866667e-02,-8.09598300e+00,0.00000000e+00,1.45595918e-01,2.26791496e-02,1.42684000e+02,2.22255666e+01
2.36200000e+00,-4.97301750e-02,2.80665139e-01,2.79723911e-02,9.40851436e-02,-8.09598300e+00,0.00000000e+00,1.45500015e-01,2.26973870e-02,1.42590015e+02,2.22434392e+01
2.36400000e+00,-4.91640187e-02,2.85468637e-01,2.81631427e-02,9.66853881e-02,-8.09598300e+00,0.00000000e+00,1.44755866e-01,2.29543082e-02,1.41860748e+02,2.24952221e+01
2.36600000e+00,-4.85884927e-02,2.89983813e-01,2.83593731e-02,9.96462125e-02,-8.09598300e+00,0.00000000e+00,1.47557883e-01,2.37334067e-02,1.44606725e+02,2.32587386e+01
2.36800000e+00,-4.80041982e-02,2.94326874e-01,2.85613695e-02,1.02070036e-01,-8.09598300e+00,0.00000000e+00,1.44025655e-01,2.21146055e-02,1.41145142e+02,2.16723134e+01
2.37000000e+00,-4.74113013e-02,2.98495723e-01,2.87674651e-02,1.04211596e-01,-8.09598300e+00,0.00000000e+00,1.46806113e-01,2.34345586e-02,1.43869990e+02,2.29658674e+01
2.37200000e+00,-4.68104330e-02,3.02338027e-01,2.89785086e-02,1.06792231e-01,-8.09598300e+00,0.00000000e+00,1.46766909e-01,2.33366467e-02,1.43831571e+02,2.28699138e+01
2.37400000e+00,-4.62020456e-02,3.06035728e-01,2.91942342e-02,1.08773263e-01,-8.09598300e+00,0.00000000e+00,1.45233811e-01,2.24832945e-02,1.42329135e+02,2.20336286e+01
2.37600000e+00,-4.55864015e-02,3.09566421e-01,2.94133155e-02,1.10325011e-01,-8.09598300e+00,0.00000000e+00,1.45658365e-01,2.27479283e-02,1.42745198e+02,2.22929697e+01
2.37800000e+00,-4.49639587e-02,3.12828943e-01,2.96356466e-02,1.12045306e-01,-8.09598300e+00,0.00000000e+00,1.46432616e-01,2.31540025e-02,1.43503963e+02,2.26909225e+01
2.38000000e+00,-4.43352203e-02,3.15889657e-01,2.98613435e-02,1.13535813e-01,-8.09598300e+00,0.00000000e+00,1.45254086e-01,2.25873743e-02,1.42349005e+02,2.21356268e+01
2.38200000e+00,-4.37005069e-02,3.18790241e-01,3.00894663e-02,1.14540938e-01,-8.09598300e+00,0.00000000e+00,1.45005070e-01,2.24606436e-02,1.42104968e+02,2.20114307e+01
2.38400000e+00,-4.30601768e-02,3.21514638e-01,3.03194095e-02,1.15399583e-01,-8.09598300e+00,0.00000000e+00,1.44155156e-01,2.26080514e-02,1.41272053e+02,2.21558903e+01
2.38600000e+00,-4.24146518e-02,3.23933840e-01,3.05512431e-02,1.16525951e-01,-8.09598300e+00,0.00000000e+00,1.46877258e-01,2.33533623e-02,1.43939712e+02,2.28862951e+01
2.38800000e+00,-4.17645899e-02,3.26130345e-01,3.07852288e-02,1.17225636e-01,-8.09598300e+00,0.00000000e+00,1.44061318e-01,2.20463288e-02,1.41180091e+02,2.16054022e+01
2.39000000e+00,-4.11102707e-02,3.28116489e-01,3.10199672e-02,1.17657669e-01,-8.09598300e+00,0.00000000e+00,1.46459846e-01,2.31267835e-02,1.43530649e+02,2.26642478e+01
2.39200000e+00,-4.04523584e-02,3.29750981e-01,3.12561467e-02,1.18520453e-01,-8.09598300e+00,0.00000000e+00,1.46914662e-01,2.32875217e-02,1.43976369e+02,2.28217712e+01
2.39400000e+00,-3.97913941e-02,3.31194459e-01,3.14937493e-02,1.18933661e-01,-8.09598300e+00,0.00000000e+00,1.45533661e-01,2.25223281e-02,1.42622988e+02,2.20718815e+01
2.39600000e+00,-3.91277074e-02,3.32447675e-01,3.17315810e-02,1.18896333e-01,-8.09598300e+00,0.00000000e+00,1.45948021e-01,2.26816181e-02,1.43029061e+02,2.22279857e+01
2.39800000e+00,-3.84617949e-02,3.33413634e-01,3.19694068e-02,1.18967282e-01,-8.09598300e+00,0.00000000e+00,1.46814239e-01,2.30893389e-02,1.43877954e+02,2.26275521e+01
2.40000000e+00,-3.77942149e-02,3.34136474e-01,3.22073624e-02,1.18906712e-01,-8.09598300e+00,0.00000000e+00,1.46182506e-01,2.27454892e-02,1.43258856e+02,2.22905794e+01
2.40200000e+00,-3.71253829e-02,3.34658559e-01,3.24447697e-02,1.18450210e-01,-8.09598300e+00,0.00000000e+00,1.46047770e-01,2.25975953e-02,1.43126815e+02,2.21456434e+01
2.40400000e+00,-3.64557228e-02,3.34967445e-01,3.26810543e-02,1.17830389e-01,-8.09598300e+00,0.00000000e+00,1.45699196e-01,2.27404826e-02,1.42785213e+02,2.22856730e+01
2.40600000e+00,-3.57857156e-02,3.34972571e-01,3.29161703e-02,1.17329096e-01,-8.09598300e+00,0.00000000e+00,1.47676679e-01,2.31824881e-02,1.44723145e+02,2.27188384e+01
2.40800000e+00,-3.51160074e-02,3.34715437e-01,3.31501759e-02,1.16535664e-01,-8.09598300e+00,0.00000000e+00,1.46359555e-01,2.24618427e-02,1.43432364e+02,2.20126058e+01
2.41000000e+00,-3.44470086e-02,3.34226235e-01,3.33821552e-02,1.15505663e-01,-8.09598300e+00,0.00000000e+00,1.47636498e-01,2.30177747e-02,1.44683768e+02,2.25574192e+01
2.41200000e+00,-3.37793060e-02,3.33431648e-01,3.36123103e-02,1.14643293e-01,-8.09598300e+00,0.00000000e+00,1.48041906e-01,2.31428421e-02,1.45081068e+02,2.26799852e+01
2.41400000e+00,-3.31134230e-02,3.32425573e-01,3.38404748e-02,1.13400533e-01,-8.09598300e+00,0.00000000e+00,1.47138641e-01,2.25457429e-02,1.44195869e+02,2.20948280e+01
2.41600000e+00,-3.24497412e-02,3.31213286e-01,3.40656538e-02,1.11769791e-01,-8.09598300e+00,0.00000000e+00,1.47437936e-01,2.26508145e-02,1.44489178e+02,2.21977982e+01
2.41800000e+00,-3.17887516e-02,3.29728412e-01,3.42875638e-02,1.10153812e-01,-8.09598300e+00,0.00000000e+00,1.48106572e-01,2.28944089e-02,1.45144440e+02,2.24365207e+01
2.42000000e+00,-3.11309867e-02,3.28004953e-01,3.45061446e-02,1.08351258e-01,-8.09598300e+00,0.00000000e+00,1.47636639e-01,2.25721579e-02,1.44683906e+02,2.21207147e+01
2.42200000e+00,-3.04768726e-02,3.26070197e-01,3.47207501e-02,1.06220685e-01,-8.09598300e+00,0.00000000e+00,1.47696567e-01,2.25133313e-02,1.44742636e+02,2.20630646e+01
2.42400000e+00,-2.98268662e-02,3.23894984e-01,3.49309443e-02,1.03965470e-01,-8.09598300e+00,0.00000000e+00,1.47940590e-01,2.26117277e-02,1.44981778e+02,2.21594932e+01
2.42600000e+00,-2.91814707e-02,3.21452721e-01,3.51365891e-02,1.01675961e-01,-8.09598300e+00,0.00000000e+00,1.48658517e-01,2.27360599e-02,1.45685346e+02,2.22813387e+01
2.42800000e+00,-2.85412160e-02,3.18769349e-01,3.53375112e-02,9.91810137e-02,-8.09598300e+00,0.00000000e+00,1.48337291e-01,2.24685359e-02,1.45370545e+02,2.20191651e+01
2.43000000e+00,-2.79065479e-02,3.15854102e-01,3.55332029e-02,9.65206751e-02,-8.09598300e+00,0.00000000e+00,1.48884111e-01,2.26695530e-02,1.45906429e+02,2.22161619e+01
2.43200000e+00,-2.72779648e-02,3.12691165e-01,3.57235564e-02,9.38041726e-02,-8.09598300e+00,0.00000000e+00,1.48981118e-01,2.26236783e-02,1.46001496e+02,2.21712047e+01
2.43400000e+00,-2.66559286e-02,3.09310204e-01,3.59082780e-02,9.08752517e-02,-8.09598300e+00,0.00000000e+00,1.48887267e-01,2.24887528e-02,1.45909522e+02,2.20389778e+01
2.43600000e+00,-2.60408766e-02,3.05700228e-01,3.60869638e-02,8.78059202e-02,-8.09598300e+00,0.00000000e+00,1.49297171e-01,2.25854724e-02,1.46311227e+02,2.21337630e+01
2.43800000e+00,-2.54332885e-02,3.01849085e-01,3.62594462e-02,8.46534196e-02,-8.09598300e+00,0.00000000e+00,1.49547225e-01,2.25618616e-02,1.46556281e+02,2.21106244e+01
2.44000000e+00,-2.48336277e-02,2.97776903e-01,3.64254694e-02,8.13388501e-02,-8.09598300e+00,0.00000000e+00,1.49550633e-01,2.24838059e-02,1.46559620e+02,2.20341298e+01
2.44200000e+00,-2.42423204e-02,2.93495505e-01,3.65846796e-02,7.78413135e-02,-8.09598300e+00,0.00000000e+00,1.49591699e-01,2.24066718e-02,1.46599865e+02,2.19585383e+01
2.44400000e+00,-2.36598199e-02,2.88952805e-01,3.67368398e-02,7.43515170e-02,-8.09598300e+00,0.00000000e+00,1.50883118e-01,2.27188619e-02,1.47865456e+02,2.22644847e+01
2.44600000e+00,-2.30866521e-02,2.84195756e-01,3.68819865e-02,7.07130423e-02,-8.09598300e+00,0.00000000e+00,1.49902220e-01,2.23034001e-02,1.46904176e+02,2.18573321e+01
2.44800000e+00,-2.25231632e-02,2.79249181e-01,3.70195870e-02,6.69171243e-02,-8.09598300e+00,0.00000000e+00,1.50691923e-01,2.25865216e-02,1.47678084e+02,2.21347912e+01
2.45000000e+00,-2.19697929e-02,2.74096246e-01,3.71495726e-02,6.29976069e-02,-8.09598300e+00,0.00000000e+00,1.50186059e-01,2.22312294e-02,1.47182337e+02,2.17866048e+01
2.45200000e+00,-2.14269146e-02,2.68738754e-01,3.72714983e-02,5.89593706e-02,-8.09598300e+00,0.00000000e+00,1.51018541e-01,2.25131712e-02,1.47998170e+02,2.20629078e+01
2.45400000e+00,-2.08949944e-02,2.63146477e-01,3.73854611e-02,5.49976637e-02,-8.09598300e+00,0.00000000e+00,1.51307452e-01,2.25562832e-02,1.48281303e+02,2.21051575e+01
2.45600000e+00,-2.03744546e-02,2.57365317e-01,3.74914016e-02,5.09049926e-02,-8.09598300e+00,0.00000000e+00,1.51159454e-01,2.23912758e-02,1.48136265e+02,2.19434503e+01
2.45800000e+00,-1.98656440e-02,2.51417963e-01,3.75889371e-02,4.65963473e-02,-8.09598300e+00,0.00000000e+00,1.51013268e-01,2.22440342e-02,1.47993003e+02,2.17991535e+01
2.46000000e+00,-1.93689054e-02,2.45286681e-01,3.76777257e-02,4.21957568e-02,-8.09598300e+00,0.00000000e+00,1.51377436e-01,2.23269212e-02,1.48349888e+02,2.18803827e+01
2.46200000e+00,-1.88846240e-02,2.38965283e-01,3.77576971e-02,3.77606148e-02,-8.09598300e+00,0.00000000e+00,1.51476782e-01,2.22875595e-02,1.48447247e+02,2.18418083e+01
2.46400000e+00,-1.84132046e-02,2.32403390e-01,3.78287840e-02,3.33492039e-02,-8.09598300e+00,0.00000000e+00,1.53122296e-01,2.24800954e-02,1.50059850e+02,2.20304935e+01
2.46600000e+00,-1.79551025e-02,2.25703372e-01,3.78909146e-02,2.86688783e-02,-8.09598300e+00,0.00000000e+00,1.50937395e-01,2.18137297e-02,1.47918647e+02,2.13774551e+01
2.46800000e+00,-1.75104848e-02,2.18862828e-01,3.79434563e-02,2.39836236e-02,-8.09598300e+00,0.00000000e+00,1.52748775e-01,2.25467662e-02,1.49693800e+02,2.20958309e+01
2.47000000e+00,-1.70797668e-02,2.11848958e-01,3.79868307e-02,1.92708067e-02,-8.09598300e+00,0.00000000e+00,1.51442892e-01,2.18197147e-02,1.48414034e+02,2.13833204e+01
2.47200000e+00,-1.66631767e-02,2.04703506e-01,3.80204192e-02,1.43775736e-02,-8.09598300e+00,0.00000000e+00,1.52393760e-01,2.22180776e-02,1.49345885e+02,2.17737160e+01
2.47400000e+00,-1.62611012e-02,1.97335399e-01,3.80445756e-02,9.83625120e-03,-8.09598300e+00,0.00000000e+00,1.53333579e-01,2.25947620e-02,1.50266907e+02,2.21428668e+01
2.47600000e+00,-1.58739480e-02,1.89797990e-01,3.80598202e-02,5.37891247e-03,-8.09598300e+00,0.00000000e+00,1.53158773e-01,2.24179447e-02,1.50095597e+02,2.19695858e+01
2.47800000e+00,-1.55019640e-02,1.82178414e-01,3.80658524e-02,5.63354614e-04,-8.09598300e+00,0.00000000e+00,1.52185947e-01,2.18534058e-02,1.49142228e+02,2.14163377e+01
2.48000000e+00,-1.51453120e-02,1.74442378e-01,3.80620017e-02,-4.36017201e-03,-8.09598300e+00,0.00000000e+00,1.52937215e-01,2.21878486e-02,1.49878471e+02,2.17440916e+01
2.48200000e+00,-1.48042884e-02,1.66565569e-01,3.80484608e-02,-9.21010340e-03,-8.09598300e+00,0.00000000e+00,1.52659511e-01,2.19905058e-02,1.49606321e+02,2.15506957e+01
2.48400000e+00,-1.44791681e-02,1.58511150e-01,3.80251495e-02,-1.40777096e-02,-8.09598300e+00,0.00000000e+00,1.54400716e-01,2.21194437e-02,1.51312702e+02,2.16770548e+01
2.48600000e+00,-1.41702740e-02,1.50411348e-01,3.79919125e-02,-1.93014073e-02,-8.09598300e+00,0.00000000e+00,1.51165268e-01,2.11976618e-02,1.48141963e+02,2.07737086e+01
2.48800000e+00,-1.38775812e-02,1.42223861e-01,3.79480570e-02,-2.43553957e-02,-8.09598300e+00,0.00000000e+00,1.54027131e-01,2.24151572e-02,1.50946589e+02,2.19668540e+01
2.49000000e+00,-1.36014627e-02,1.33910152e-01,3.78945315e-02,-2.93485416e-02,-8.09598300e+00,0.00000000e+00,1.51826754e-01,2.12508704e-02,1.48790219e+02,2.08258530e+01
2.49200000e+00,-1.33419969e-02,1.25511910e-01,3.78306111e-02,-3.44192952e-02,-8.09598300e+00,0.00000000e+00,1.53850236e-01,2.21630755e-02,1.50773231e+02,2.17198140e+01
2.49400000e+00,-1.30995751e-02,1.16873614e-01,3.77574077e-02,-3.86600530e-02,-8.09598300e+00,0.00000000e+00,1.55422109e-01,2.28902382e-02,1.52313667e+02,2.24324334e+01
2.49600000e+00,-1.28745785e-02,1.08121318e-01,3.76760981e-02,-4.27099928e-02,-8.09598300e+00,0.00000000e+00,1.54641699e-01,2.24490746e-02,1.51548865e+02,2.20000931e+01
2.49800000e+00,-1.26670672e-02,9.94030314e-02,3.75861884e-02,-4.73288377e-02,-8.09598300e+00,0.00000000e+00,1.52897792e-01,2.15694957e-02,1.49839836e+02,2.11381058e+01
2.50000000e+00,-1.24769892e-02,9.06505050e-02,3.74867050e-02,-5.20643906e-02,-8.09598300e+00,0.00000000e+00,1.53854509e-01,2.20639548e-02,1.50777419e+02,2.16226757e+01
2.50200000e+00,-1.23045214e-02,8.18136731e-02,3.73780657e-02,-5.65976207e-02,-8.09598300e+00,0.00000000e+00,1.53423832e-01,2.18408135e-02,1.50355356e+02,2.14039972e+01
2.50400000e+00,-1.21497956e-02,7.28852062e-02,3.72602312e-02,-6.12557790e-02,-8.09598300e+00,0.00000000e+00,1.54696377e-01,2.16352890e-02,1.51602449e+02,2.12025832e+01
2.50600000e+00,-1.20129618e-02,6.39848692e-02,3.71327964e-02,-6.62832003e-02,-8.09598300e+00,0.00000000e+00,1.51613025e-01,2.08856895e-02,1.48580764e+02,2.04679757e+01
2.50800000e+00,-1.18938850e-02,5.50411783e-02,3.69953647e-02,-7.09112303e-02,-8.09598300e+00,0.00000000e+00,1.54701088e-01,2.22792671e-02,1.51607066e+02,2.18336817e+01
2.51000000e+00,-1.17928251e-02,4.60554177e-02,3.68491796e-02,-7.54970512e-02,-8.09598300e+00,0.00000000e+00,1.51734278e-01,2.07672311e-02,1.48699592e+02,2.03518865e+01
2.51200000e+00,-1.17096784e-02,3.70470363e-02,3.66933855e-02,-8.00695031e-02,-8.09598300e+00,0.00000000e+00,1.54514339e-01,2.20867247e-02,1.51424052e+02,2.16449903e+01
2.51400000e+00,-1.16447939e-02,2.78032472e-02,3.65297321e-02,-8.33963206e-02,-8.09598300e+00,0.00000000e+00,1.56667871e-01,2.31494633e-02,1.53534513e+02,2.26864741e+01
2.51600000e+00,-1.15985104e-02,1.84919581e-02,3.63600569e-02,-8.63381330e-02,-8.09598300e+00,0.00000000e+00,1.55675758e-01,2.26536346e-02,1.52562242e+02,2.22005619e+01
2.51800000e+00,-1.15707232e-02,9.33503651e-03,3.61838625e-02,-9.00553863e-02,-8.09598300e+00,0.00000000e+00,1.52796340e-01,2.12715413e-02,1.49740414e+02,2.08461105e+01
2.52000000e+00,-1.15611283e-02,2.41062097e-04,3.59997124e-02,-9.39570651e-02,-8.09598300e+00,0.00000000e+00,1.54089482e-01,2.20051023e-02,1.51007692e+02,2.15650003e+01
2.52200000e+00,-1.15697681e-02,-8.86675459e-03,3.58082275e-02,-9.75688742e-02,-8.09598300e+00,0.00000000e+00,1.53153094e-01,2.16078860e-02,1.50090033e+02,2.11757283e+01
2.52400000e+00,-1.15965888e-02,-1.79648237e-02,3.56092704e-02,-1.01430385e-01,-8.09598300e+00,0.00000000e+00,1.54043560e-01,2.11983129e-02,1.50962688e+02,2.07743466e+01
2.52600000e+00,-1.16415482e-02,-2.69440797e-02,3.54022273e-02,-1.05709758e-01,-8.09598300e+00,0.00000000e+00,1.50706909e-01,2.04367236e-02,1.47692771e+02,2.00279892e+01
2.52800000e+00,-1.17043641e-02,-3.59217769e-02,3.51868523e-02,-1.09357799e-01,-8.09598300e+00,0.00000000e+00,1.54483476e-01,2.22174149e-02,1.51393806e+02,2.17730666e+01
2.53000000e+00,-1.17852220e-02,-4.48794772e-02,3.49648783e-02,-1.12882630e-01,-8.09598300e+00,0.00000000e+00,1.50862906e-01,2.03795666e-02,1.47845648e+02,1.99719753e+01
2.53200000e+00,-1.18838569e-02,-5.37995345e-02,3.47353839e-02,-1.16314417e-01,-8.09598300e+00,0.00000000e+00,1.54372812e-01,2.20863873e-02,1.51285356e+02,2.16446596e+01
2.53400000e+00,-1.20005694e-02,-6.29434787e-02,3.45006833e-02,-1.18152343e-01,-8.09598300e+00,0.00000000e+00,1.57010108e-01,2.33906408e-02,1.53869906e+02,2.29228279e+01
2.53600000e+00,-1.21356513e-02,-7.21181524e-02,3.42631707e-02,-1.19396013e-01,-8.09598300e+00,0.00000000e+00,1.56156058e-01,2.29949236e-02,1.53032936e+02,2.25350251e+01
2.53800000e+00,-1.22888676e-02,-8.10312762e-02,3.40224815e-02,-1.21566148e-01,-8.09598300e+00,0.00000000e+00,1.52112473e-01,2.11029186e-02,1.49070223e+02,2.06808603e+01
2.54000000e+00,-1.24596612e-02,-8.97715767e-02,3.37766851e-02,-1.24067878e-01,-8.09598300e+00,0.00000000e+00,1.53476234e-01,2.19488573e-02,1.50406709e+02,2.15098801e+01
2.54200000e+00,-1.26479162e-02,-9.84553330e-02,3.35264499e-02,-1.26209678e-01,-8.09598300e+00,0.00000000e+00,1.52292399e-01,2.15017904e-02,1.49246551e+02,2.10717546e+01
2.54400000e+00,-1.28534348e-02,-1.07067450e-01,3.32716831e-02,-1.28596276e-01,-8.09598300e+00,0.00000000e+00,1.53444795e-01,2.10720308e-02,1.50375899e+02,2.06505902e+01
2.54600000e+00,-1.30760518e-02,-1.15478170e-01,3.30117440e-02,-1.31464142e-01,-8.09598300e+00,0.00000000e+00,1.49368919e-01,2.01213878e-02,1.46381541e+02,1.97189600e+01
2.54800000e+00,-1.33152943e-02,-1.23809166e-01,3.27462923e-02,-1.33633613e-01,-8.09598300e+00,0.00000000e+00,1.53501059e-01,2.21597763e-02,1.50431038e+02,2.17165808e+01
2.55000000e+00,-1.35712315e-02,-1.32054780e-01,3.24773372e-02,-1.35611504e-01,-8.09598300e+00,0.00000000e+00,1.49429092e-01,2.01399800e-02,1.46440511e+02,1.97371804e+01
2.55200000e+00,-1.38434432e-02,-1.40195036e-01,3.22039302e-02,-1.37463518e-01,-8.09598300e+00,0.00000000e+00,1.53228186e-01,2.20343056e-02,1.50163623e+02,2.15936195e+01
2.55400000e+00,-1.41321385e-02,-1.48525556e-01,3.19286860e-02,-1.37511448e-01,-8.09598300e+00,0.00000000e+00,1.56197843e-01,2.35336751e-02,1.53073886e+02,2.30630016e+01
2.55600000e+00,-1.44375364e-02,-1.56842458e-01,3.16543695e-02,-1.36831774e-01,-8.09598300e+00,0.00000000e+00,1.55368960e-01,2.31693817e-02,1.52261581e+02,2.27059941e+01
2.55800000e+00,-1.47592839e-02,-1.64822727e-01,3.13807159e-02,-1.37116352e-01,-8.09598300e+00,0.00000000e+00,1.50925222e-01,2.11187692e-02,1.47906718e+02,2.06963938e+01
2.56000000e+00,-1.50966568e-02,-1.72547265e-01,3.11056399e-02,-1.37797313e-01,-8.09598300e+00,0.00000000e+00,1.52115722e-01,2.19447504e-02,1.49073407e+02,2.15058554e+01
2.56200000e+00,-1.54493934e-02,-1.80152477e-01,3.08297880e-02,-1.38086289e-01,-8.09598300e+00,0.00000000e+00,1.50985185e-01,2.15475783e-02,1.47965481e+02,2.11166267e+01
2.56400000e+00,-1.58171953e-02,-1.87650648e-01,3.05531712e-02,-1.38560549e-01,-8.09598300e+00,0.00000000e+00,1.52586314e-01,2.11608542e-02,1.49534588e+02,2.07376371e+01
2.56600000e+00,-1.61998190e-02,-1.94883362e-01,3.02752041e-02,-1.39547352e-01,-8.09598300e+00,0.00000000e+00,1.47875753e-01,2.00749988e-02,1.44918238e+02,1.96734988e+01
2.56800000e+00,-1.65966245e-02,-2.01959689e-01,2.99954399e-02,-1.39847120e-01,-8.09598300e+00,0.00000000e+00,1.52142440e-01,2.22035514e-02,1.49099591e+02,2.17594804e+01
2.57000000e+00,-1.70075681e-02,-2.08901570e-01,2.97159820e-02,-1.39897258e-01,-8.09598300e+00,0.00000000e+00,1.48060095e-01,2.01996506e-02,1.45098893e+02,1.97956576e+01
2.57200000e+00,-1.74321195e-02,-2.15676544e-01,2.94359215e-02,-1.39841448e-01,-8.09598300e+00,0.00000000e+00,1.51680428e-01,2.20259597e-02,1.48646819e+02,2.15854405e+01
2.57400000e+00,-1.78703559e-02,-2.22573932e-01,2.91577851e-02,-1.38032536e-01,-8.09598300e+00,0.00000000e+00,1.54469940e-01,2.34814436e-02,1.51380541e+02,2.30118147e+01
2.57600000e+00,-1.83223726e-02,-2.29407349e-01,2.88843042e-02,-1.35454539e-01,-8.09598300e+00,0.00000000e+00,1.53847512e-01,2.32485302e-02,1.50770562e+02,2.27835596e+01
2.57800000e+00,-1.87877313e-02,-2.35859830e-01,2.86153705e-02,-1.33771023e-01,-8.09598300e+00,0.00000000e+00,1.49340597e-01,2.12189269e-02,1.46353785e+02,2.07945483e+01
2.58000000e+00,-1.92656023e-02,-2.41997960e-01,2.83489453e-02,-1.32499660e-01,-8.09598300e+00,0.00000000e+00,1.50377831e-01,2.20023585e-02,1.47370275e+02,2.15623114e+01
2.58200000e+00,-1.97556024e-02,-2.47954887e-01,2.80856016e-02,-1.30883760e-01,-8.09598300e+00,0.00000000e+00,1.49081872e-01,2.15652303e-02,1.46100234e+02,2.11339257e+01
2.58400000e+00,-2.02573477e-02,-2.53800545e-01,2.78253880e-02,-1.29301324e-01,-8.09598300e+00,0.00000000e+00,1.51849834e-01,2.15597477e-02,1.48812837e+02,2.11285528e+01
2.58600000e+00,-2.07706129e-02,-2.59358694e-01,2.75681080e-02,-1.28151244e-01,-8.09598300e+00,0.00000000e+00,1.46530346e-01,2.02896347e-02,1.43599739e+02,1.98838420e+01
2.58800000e+00,-2.12946297e-02,-2.64687680e-01,2.73131815e-02,-1.26403466e-01,-8.09598300e+00,0.00000000e+00,1.50750938e-01,2.24495720e-02,1.47735919e+02,2.20005806e+01
2.59000000e+00,-2.18292450e-02,-2.69838777e-01,2.70626712e-02,-1.24389967e-01,-8.09598300e+00,0.00000000e+00,1.46716406e-01,2.04885753e-02,1.43782078e+02,2.00788038e+01
2.59200000e+00,-2.23738394e-02,-2.74771759e-01,2.68156554e-02,-1.22325898e-01,-8.09598300e+00,0.00000000e+00,1.50079751e-01,2.22021166e-02,1.47078156e+02,2.17580742e+01
2.59400000e+00,-2.29283714e-02,-2.79763833e-01,2.65744545e-02,-1.18631777e-01,-8.09598300e+00,0.00000000e+00,1.52603662e-01,2.35640776e-02,1.49551588e+02,2.30927961e+01
2.59600000e+00,-2.34928191e-02,-2.84642559e-01,2.63415994e-02,-1.14231155e-01,-8.09598300e+00,0.00000000e+00,1.52018776e-01,2.33506144e-02,1.48978401e+02,2.28836021e+01
2.59800000e+00,-2.40666698e-02,-2.89113585e-01,2.61169521e-02,-1.10697049e-01,-8.09598300e+00,0.00000000e+00,1.47742632e-01,2.14227760e-02,1.44787780e+02,2.09943205e+01
2.60000000e+00,-2.46490452e-02,-2.93242243e-01,2.58985364e-02,-1.07575035e-01,-8.09598300e+00,0.00000000e+00,1.48755707e-01,2.21723944e-02,1.45780593e+02,2.17289465e+01
2.60200000e+00,-2.52394960e-02,-2.97156792e-01,2.56868655e-02,-1.04132647e-01,-8.09598300e+00,0.00000000e+00,1.47543294e-01,2.17914337e-02,1.44592428e+02,2.13556050e+01
2.60400000e+00,-2.58376113e-02,-3.00979738e-01,2.54821093e-02,-1.00535166e-01,-8.09598300e+00,0.00000000e+00,1.51482237e-01,2.22039955e-02,1.48452592e+02,2.17599156e+01
2.60600000e+00,-2.64432053e-02,-3.04488125e-01,2.52844183e-02,-9.73974069e-02,-8.09598300e+00,0.00000000e+00,1.45121679e-01,2.05426811e-02,1.42219245e+02,2.01318275e+01
2.60800000e+00,-2.70553594e-02,-3.07689882e-01,2.50927432e-02,-9.39244670e-02,-8.09598300e+00,0.00000000e+00,1.49301330e-01,2.26324456e-02,1.46315304e+02,2.21797966e+01
2.61000000e+00,-2.76738407e-02,-3.10705482e-01,2.49089309e-02,-9.01358173e-02,-8.09598300e+00,0.00000000e+00,1.45807819e-01,2.09411198e-02,1.42891663e+02,2.05222974e+01
2.61200000e+00,-2.82980123e-02,-3.13467524e-01,2.47321877e-02,-8.63654981e-02,-8.09598300e+00,0.00000000e+00,1.48460381e-01,2.23400393e-02,1.45491173e+02,2.18932385e+01
2.61400000e+00,-2.89276983e-02,-3.16210871e-01,2.45643508e-02,-8.12724753e-02,-8.09598300e+00,0.00000000e+00,1.50500028e-01,2.34757120e-02,1.47490027e+02,2.30061977e+01
2.61600000e+00,-2.95627484e-02,-3.18793158e-01,2.44074522e-02,-7.56478880e-02,-8.09598300e+00,0.00000000e+00,1.49870202e-01,2.32293484e-02,1.46872798e+02,2.27647614e+01
2.61800000e+00,-3.02026031e-02,-3.20973644e-01,2.42612472e-02,-7.07912395e-02,-8.09598300e+00,0.00000000e+00,1.46325053e-01,2.16528653e-02,1.43398552e+02,2.12198080e+01
2.62000000e+00,-3.08464195e-02,-3.22818897e-01,2.41240678e-02,-6.62638560e-02,-8.09598300e+00,0.00000000e+00,1.47284690e-01,2.23404529e-02,1.44338996e+02,2.18936438e+01
2.62200000e+00,-3.14937243e-02,-3.24432642e-01,2.39963748e-02,-6.14620247e-02,-8.09598300e+00,0.00000000e+00,1.46192649e-01,2.20445397e-02,1.43268796e+02,2.16036489e+01
2.62400000e+00,-3.21441014e-02,-3.25973428e-01,2.38784347e-02,-5.63377175e-02,-8.09598300e+00,0.00000000e+00,1.50882865e-01,2.28468103e-02,1.47865208e+02,2.23898741e+01
2.62600000e+00,-3.27974138e-02,-3.27207841e-01,2.37707466e-02,-5.16292033e-02,-8.09598300e+00,0.00000000e+00,1.44361118e-01,2.10159136e-02,1.41473896e+02,2.05955953e+01
2.62800000e+00,-3.34526948e-02,-3.28085409e-01,2.36719335e-02,-4.68972924e-02,-8.09598300e+00,0.00000000e+00,1.47890030e-01,2.27529442e-02,1.44932229e+02,2.22978853e+01
2.63000000e+00,-3.41096281e-02,-3.28772047e-01,2.35833696e-02,-4.18471325e-02,-8.09598300e+00,0.00000000e+00,1.45259221e-01,2.15552638e-02,1.42354037e+02,2.11241585e+01
2.63200000e+00,-3.47675940e-02,-3.29175173e-01,2.35044257e-02,-3.69758898e-02,-8.09598300e+00,0.00000000e+00,1.46634515e-01,2.22626807e-02,1.43701825e+02,2.18174271e+01
2.63400000e+00,-3.54262569e-02,-3.29470511e-01,2.34359980e-02,-3.13067934e-02,-8.09598300e+00,0.00000000e+00,1.48116061e-01,2.31299514e-02,1.45153740e+02,2.26673524e+01
2.63600000e+00,-3.60853500e-02,-3.29576727e-01,2.33794470e-02,-2.52651006e-02,-8.09598300e+00,0.00000000e+00,1.47594993e-01,2.29614992e-02,1.44643093e+02,2.25022692e+01
2.63800000e+00,-3.67443225e-02,-3.29320944e-01,2.33345508e-02,-1.98035514e-02,-8.09598300e+00,0.00000000e+00,1.45037179e-01,2.18457924e-02,1.42136436e+02,2.14088766e+01
2.64000000e+00,-3.74024404e-02,-3.28775207e-01,2.33001240e-02,-1.45052091e-02,-8.09598300e+00,0.00000000e+00,1.46194092e-01,2.25676319e-02,1.43270210e+02,2.21162792e+01
2.64200000e+00,-3.80592831e-02,-3.28019178e-01,2.32767039e-02,-8.94603090e-03,-8.09598300e+00,0.00000000e+00,1.45488072e-01,2.23575485e-02,1.42578310e+02,2.19103975e+01
2.64400000e+00,-3.87144617e-02,-3.27179925e-01,2.32645456e-02,-3.07830780e-03,-8.09598300e+00,0.00000000e+00,1.49601290e-01,2.31955586e-02,1.46609264e+02,2.27316475e+01
2.64600000e+00,-3.93678197e-02,-3.26065996e-01,2.32641614e-02,2.44558903e-03,-8.09598300e+00,0.00000000e+00,1.44407225e-01,2.16329517e-02,1.41519081e+02,2.12002927e+01
2.64800000e+00,-4.00185048e-02,-3.24620804e-01,2.32742587e-02,7.86568544e-03,-8.09598300e+00,0.00000000e+00,1.47178177e-01,2.29899812e-02,1.44234613e+02,2.25301816e+01
2.65000000e+00,-4.06661757e-02,-3.22984890e-01,2.32957525e-02,1.34783350e-02,-8.09598300e+00,0.00000000e+00,1.45244091e-01,2.20654744e-02,1.42339209e+02,2.16241649e+01
2.65200000e+00,-4.13102574e-02,-3.21068546e-01,2.33279822e-02,1.88061694e-02,-8.09598300e+00,0.00000000e+00,1.45890764e-01,2.24360441e-02,1.42972949e+02,2.19873232e+01
2.65400000e+00,-4.19503438e-02,-3.18993046e-01,2.33712211e-02,2.44999160e-02,-8.09598300e+00,0.00000000e+00,1.46758620e-01,2.28929980e-02,1.43823448e+02,2.24351380e+01
2.65600000e+00,-4.25861178e-02,-3.16749897e-01,2.34261817e-02,3.04933927e-02,-8.09598300e+00,0.00000000e+00,1.47172283e-01,2.31412601e-02,1.44228837e+02,2.26784349e+01
2.65800000e+00,-4.32171640e-02,-3.14237617e-01,2.34930177e-02,3.62214737e-02,-8.09598300e+00,0.00000000e+00,1.45631130e-01,2.24290246e-02,1.42718508e+02,2.19804441e+01
2.66000000e+00,-4.38428884e-02,-3.11455483e-01,2.35708902e-02,4.16834300e-02,-8.09598300e+00,0.00000000e+00,1.45985714e-01,2.26916942e-02,1.43066000e+02,2.22378603e+01
2.66200000e+00,-4.44628455e-02,-3.08462841e-01,2.36598020e-02,4.72213060e-02,-8.09598300e+00,0.00000000e+00,1.45785042e-01,2.27131339e-02,1.42869341e+02,2.22588713e+01
2.66400000e+00,-4.50766598e-02,-3.05350372e-01,2.37599424e-02,5.30096773e-02,-8.09598300e+00,0.00000000e+00,1.48209090e-01,2.33582161e-02,1.45244908e+02,2.28910517e+01
2.66600000e+00,-4.56840904e-02,-3.02002940e-01,2.38716102e-02,5.84522376e-02,-8.09598300e+00,0.00000000e+00,1.45266566e-01,2.21444962e-02,1.42361235e+02,2.17016063e+01
2.66800000e+00,-4.62844985e-02,-2.98395941e-01,2.39935951e-02,6.36604194e-02,-8.09598300e+00,0.00000000e+00,1.47059648e-01,2.30384458e-02,1.44118455e+02,2.25776769e+01
2.67000000e+00,-4.68775515e-02,-2.94604938e-01,2.41262909e-02,6.89272393e-02,-8.09598300e+00,0.00000000e+00,1.45823419e-01,2.24549490e-02,1.42906951e+02,2.20058500e+01
2.67200000e+00,-4.74627554e-02,-2.90569600e-01,2.42690875e-02,7.38691643e-02,-8.09598300e+00,0.00000000e+00,1.46143707e-01,2.25584692e-02,1.43220833e+02,2.21072998e+01
2.67400000e+00,-4.80397121e-02,-2.86357586e-01,2.44217773e-02,7.88257339e-02,-8.09598300e+00,0.00000000e+00,1.46421863e-01,2.27017952e-02,1.43493426e+02,2.22477593e+01
2.67600000e+00,-4.86080804e-02,-2.81987603e-01,2.45844785e-02,8.39144612e-02,-8.09598300e+00,0.00000000e+00,1.47109894e-01,2.30662376e-02,1.44167696e+02,2.26049128e+01
2.67800000e+00,-4.91675286e-02,-2.77416753e-01,2.47573435e-02,8.88657363e-02,-8.09598300e+00,0.00000000e+00,1.46313541e-01,2.26581772e-02,1.43387270e+02,2.22050137e+01
2.68000000e+00,-4.97176000e-02,-2.72624810e-01,2.49397560e-02,9.35388728e-02,-8.09598300e+00,0.00000000e+00,1.46453348e-01,2.27411030e-02,1.43524281e+02,2.22862809e+01
2.68200000e+00,-5.02579049e-02,-2.67648551e-01,2.51314478e-02,9.81351474e-02,-8.09598300e+00,0.00000000e+00,1.46437408e-01,2.27688061e-02,1.43508660e+02,2.23134300e+01
2.68400000e+00,-5.07880654e-02,-2.62479066e-01,2.53322862e-02,1.02715821e-01,-8.09598300e+00,0.00000000e+00,1.46286973e-01,2.29934041e-02,1.43361234e+02,2.25335360e+01
2.68600000e+00,-5.13077312e-02,-2.57174560e-01,2.55422595e-02,1.07219194e-01,-8.09598300e+00,0.00000000e+00,1.47546076e-01,2.29046589e-02,1.44595154e+02,2.24465657e+01
2.68800000e+00,-5.18166852e-02,-2.51752369e-01,2.57610550e-02,1.11560552e-01,-8.09598300e+00,0.00000000e+00,1.47713749e-01,2.29641226e-02,1.44759474e+02,2.25048401e+01
2.69000000e+00,-5.23146387e-02,-2.46177329e-01,2.59884505e-02,1.15825124e-01,-8.09598300e+00,0.00000000e+00,1.48061989e-01,2.30665915e-02,1.45100750e+02,2.26052597e+01
2.69200000e+00,-5.28012849e-02,-2.40437957e-01,2.62242203e-02,1.19886888e-01,-8.09598300e+00,0.00000000e+00,1.47869660e-01,2.28735594e-02,1.44912267e+02,2.24160882e+01
2.69400000e+00,-5.32762659e-02,-2.34511607e-01,2.64677799e-02,1.23621456e-01,-8.09598300e+00,0.00000000e+00,1.47594272e-01,2.27262028e-02,1.44642386e+02,2.22716787e+01
2.69600000e+00,-5.37392343e-02,-2.28439703e-01,2.67186216e-02,1.27229314e-01,-8.09598300e+00,0.00000000e+00,1.48272492e-01,2.29644745e-02,1.45307042e+02,2.25051850e+01
2.69800000e+00,-5.41899489e-02,-2.22254136e-01,2.69766933e-02,1.30831282e-01,-8.09598300e+00,0.00000000e+00,1.48642747e-01,2.30810368e-02,1.45669892e+02,2.26194161e+01
2.70000000e+00,-5.46281515e-02,-2.15919487e-01,2.72417872e-02,1.34193947e-01,-8.09598300e+00,0.00000000e+00,1.48391733e-01,2.28394819e-02,1.45423898e+02,2.23826922e+01
2.70200000e+00,-5.50535227e-02,-2.09428546e-01,2.75132647e-02,1.37250139e-01,-8.09598300e+00,0.00000000e+00,1.48489429e-01,2.28243132e-02,1.45519641e+02,2.23678270e+01
2.70400000e+00,-5.54656435e-02,-2.02604372e-01,2.77903908e-02,1.39710958e-01,-8.09598300e+00,0.00000000e+00,1.43996710e-01,2.19846168e-02,1.41116775e+02,2.15449245e+01
2.70600000e+00,-5.58639120e-02,-1.95737897e-01,2.80721899e-02,1.42293778e-01,-8.09598300e+00,0.00000000e+00,1.50780473e-01,2.34819936e-02,1.47764864e+02,2.30123537e+01
2.70800000e+00,-5.62486532e-02,-1.88958616e-01,2.83596643e-02,1.45024238e-01,-8.09598300e+00,0.00000000e+00,1.49202441e-01,2.27040126e-02,1.46218393e+02,2.22499323e+01
2.71000000e+00,-5.66196447e-02,-1.82026754e-01,2.86520392e-02,1.47383191e-01,-8.09598300e+00,0.00000000e+00,1.50271809e-01,2.31189277e-02,1.47266373e+02,2.26565491e+01
2.71200000e+00,-5.69767213e-02,-1.75036520e-01,2.89492348e-02,1.49798778e-01,-8.09598300e+00,0.00000000e+00,1.50781860e-01,2.32464622e-02,1.47766223e+02,2.27815330e+01
2.71400000e+00,-5.73197168e-02,-1.67935243e-01,2.92510351e-02,1.51915678e-01,-8.09598300e+00,0.00000000e+00,1.50505856e-01,2.29222269e-02,1.47495739e+02,2.24637824e+01
2.71600000e+00,-5.76483903e-02,-1.60726071e-01,2.95567001e-02,1.53736457e-01,-8.09598300e+00,0.00000000e+00,1.50973061e-01,2.30608197e-02,1.47953600e+02,2.25996033e+01
2.71800000e+00,-5.79625713e-02,-1.53442249e-01,2.98659073e-02,1.55446788e-01,-8.09598300e+00,0.00000000e+00,1.51355916e-01,2.31314119e-02,1.48328798e+02,2.26687837e+01
2.72000000e+00,-5.82621033e-02,-1.46074420e-01,3.01783459e-02,1.56945191e-01,-8.09598300e+00,0.00000000e+00,1.51485209e-01,2.30616942e-02,1.48455504e+02,2.26004603e+01
2.72200000e+00,-5.85468085e-02,-1.38615863e-01,3.04934994e-02,1.58160606e-01,-8.09598300e+00,0.00000000e+00,1.51590363e-01,2.29871229e-02,1.48558556e+02,2.25273804e+01
2.72400000e+00,-5.88162453e-02,-1.30675078e-01,3.08101993e-02,1.58192658e-01,-8.09598300e+00,0.00000000e+00,1.42448096e-01,2.10300897e-02,1.39599134e+02,2.06094879e+01
2.72600000e+00,-5.90695382e-02,-1.22778357e-01,3.11264885e-02,1.58552243e-01,-8.09598300e+00,0.00000000e+00,1.54720617e-01,2.41264938e-02,1.51626204e+02,2.36439640e+01
2.72800000e+00,-5.93075663e-02,-1.15192975e-01,3.14447299e-02,1.59394240e-01,-8.09598300e+00,0.00000000e+00,1.51697077e-01,2.24968401e-02,1.48663135e+02,2.20469033e+01
2.73000000e+00,-5.95302387e-02,-1.07500504e-01,3.17637270e-02,1.59728583e-01,-8.09598300e+00,0.00000000e+00,1.54067454e-01,2.35165507e-02,1.50986105e+02,2.30462197e+01
2.73200000e+00,-5.97375986e-02,-9.98534806e-02,3.20838456e-02,1.60364976e-01,-8.09598300e+00,0.00000000e+00,1.54482976e-01,2.35878891e-02,1.51393316e+02,2.31161313e+01
2.73400000e+00,-5.99295958e-02,-9.21213301e-02,3.24048405e-02,1.60481858e-01,-8.09598300e+00,0.00000000e+00,1.53677060e-01,2.28845495e-02,1.50603519e+02,2.24268585e+01
2.73600000e+00,-6.01060285e-02,-8.43060441e-02,3.27254187e-02,1.60067273e-01,-8.09598300e+00,0.00000000e+00,1.54012462e-01,2.29304657e-02,1.50932213e+02,2.24718564e+01
2.73800000e+00,-6.02668264e-02,-7.65002699e-02,3.30451133e-02,1.59658204e-01,-8.09598300e+00,0.00000000e+00,1.55243858e-01,2.33530152e-02,1.52138981e+02,2.28859549e+01
2.74000000e+00,-6.04120133e-02,-6.86701430e-02,3.33638986e-02,1.59019784e-01,-8.09598300e+00,0.00000000e+00,1.54660495e-01,2.29046809e-02,1.51567285e+02,2.24465872e+01
2.74200000e+00,-6.05414601e-02,-6.07697358e-02,3.36808514e-02,1.57869933e-01,-8.09598300e+00,0.00000000e+00,1.54690519e-01,2.27327546e-02,1.51596708e+02,2.22780995e+01
2.74400000e+00,-6.06547529e-02,-5.23603975e-02,3.39944795e-02,1.55372068e-01,-8.09598300e+00,0.00000000e+00,1.43726627e-01,2.05241009e-02,1.40852095e+02,2.01136189e+01
2.74600000e+00,-6.07510289e-02,-4.41418690e-02,3.43028585e-02,1.53652098e-01,-8.09598300e+00,0.00000000e+00,1.59969633e-01,2.48070609e-02,1.56770240e+02,2.43109196e+01
2.74800000e+00,-6.08316056e-02,-3.63511548e-02,3.46094493e-02,1.52474273e-01,-8.09598300e+00,0.00000000e+00,1.54412738e-01,2.21003443e-02,1.51324483e+02,2.16583374e+01
2.75000000e+00,-6.08963412e-02,-2.84219344e-02,3.49121802e-02,1.50433408e-01,-8.09598300e+00,0.00000000e+00,1.57294081e-01,2.34289159e-02,1.54148199e+02,2.29603376e+01
2.75200000e+00,-6.09453765e-02,-2.06174143e-02,3.52114663e-02,1.48817551e-01,-8.09598300e+00,0.00000000e+00,1.57758812e-01,2.34206343e-02,1.54603636e+02,2.29522216e+01
2.75400000e+00,-6.09787882e-02,-1.27789045e-02,3.55070714e-02,1.46633320e-01,-8.09598300e+00,0.00000000e+00,1.56804514e-01,2.26590186e-02,1.53668424e+02,2.22058382e+01
2.75600000e+00,-6.09964883e-02,-4.93463249e-03,3.57976966e-02,1.43994684e-01,-8.09598300e+00,0.00000000e+00,1.57800725e-01,2.28830954e-02,1.54644711e+02,2.24254335e+01
2.75800000e+00,-6.09985993e-02,2.80068031e-03,3.60831625e-02,1.41524536e-01,-8.09598300e+00,0.00000000e+00,1.59399502e-01,2.34215136e-02,1.56211512e+02,2.29530833e+01
2.76000000e+00,-6.09853153e-02,1.04913934e-02,3.63636815e-02,1.38884656e-01,-8.09598300e+00,0.00000000e+00,1.58765820e-01,2.29286013e-02,1.55590504e+02,2.24700292e+01
2.76200000e+00,-6.09566231e-02,1.81980755e-02,3.66383616e-02,1.35735513e-01,-8.09598300e+00,0.00000000e+00,1.58823592e-01,2.27462299e-02,1.55647120e+02,2.22913053e+01
2.76400000e+00,-6.09121632e-02,2.64444001e-02,3.69055657e-02,1.30999722e-01,-8.09598300e+00,0.00000000e+00,1.45825783e-01,1.99816883e-02,1.42909267e+02,1.95820545e+01
2.76600000e+00,-6.08510243e-02,3.44225844e-02,3.71630190e-02,1.27251465e-01,-8.09598300e+00,0.00000000e+00,1.64623898e-01,2.51887098e-02,1.61331420e+02,2.46849356e+01
2.76800000e+00,-6.07748299e-02,4.18652518e-02,3.74150487e-02,1.24219089e-01,-8.09598300e+00,0.00000000e+00,1.57747395e-01,2.18453780e-02,1.54592447e+02,2.14084704e+01
2.77000000e+00,-6.06834997e-02,4.94032339e-02,3.76593007e-02,1.20294793e-01,-8.09598300e+00,0.00000000e+00,1.61682113e-01,2.36672056e-02,1.58448471e+02,2.31938615e+01
2.77200000e+00,-6.05773722e-02,5.67083026e-02,3.78967194e-02,1.17107711e-01,-8.09598300e+00,0.00000000e+00,1.62353500e-01,2.37332561e-02,1.59106430e+02,2.32585910e+01
2.77400000e+00,-6.04566773e-02,6.39971582e-02,3.81273652e-02,1.13371170e-01,-8.09598300e+00,0.00000000e+00,1.61105411e-01,2.28448421e-02,1.57883302e+02,2.23879453e+01
2.77600000e+00,-6.03214013e-02,7.12594553e-02,3.83498541e-02,1.09109628e-01,-8.09598300e+00,0.00000000e+00,1.61899529e-01,2.29508541e-02,1.58661539e+02,2.24918371e+01
2.77800000e+00,-6.01717450e-02,7.83635301e-02,3.85639513e-02,1.05069482e-01,-8.09598300e+00,0.00000000e+00,1.63610096e-01,2.36170890e-02,1.60337894e+02,2.31447473e+01
2.78000000e+00,-6.00080059e-02,8.53795302e-02,3.87700039e-02,1.00837276e-01,-8.09598300e+00,0.00000000e+00,1.62649573e-01,2.28437484e-02,1.59396582e+02,2.23868734e+01
2.78200000e+00,-5.98302446e-02,9.23689001e-02,3.89669078e-02,9.60162031e-02,-8.09598300e+00,0.00000000e+00,1.62809843e-01,2.26642964e-02,1.59553646e+02,2.22110105e+01
2.78400000e+00,-5.96381147e-02,9.99816266e-02,3.91528158e-02,8.93160035e-02,-8.09598300e+00,0.00000000e+00,1.46545147e-01,1.91675403e-02,1.43614244e+02,1.87841895e+01
2.78600000e+00,-5.94305446e-02,1.07254777e-01,3.93250438e-02,8.39233834e-02,-8.09598300e+00,0.00000000e+00,1.69081423e-01,2.56575614e-02,1.65699795e+02,2.51444102e+01
2.78800000e+00,-5.92095393e-02,1.13862364e-01,3.94891489e-02,7.94901915e-02,-8.09598300e+00,0.00000000e+00,1.60320005e-01,2.14173449e-02,1.57113605e+02,2.09889980e+01
2.79000000e+00,-5.89750303e-02,1.20567164e-01,3.96422720e-02,7.39582128e-02,-8.09598300e+00,0.00000000e+00,1.64923152e-01,2.35723441e-02,1.61624689e+02,2.31008973e+01
2.79200000e+00,-5.87274595e-02,1.26988721e-01,3.97854843e-02,6.91800923e-02,-8.09598300e+00,0.00000000e+00,1.64943898e-01,2.32062033e-02,1.61645020e+02,2.27420792e+01
2.79400000e+00,-5.84671266e-02,1.33333443e-01,3.99186738e-02,6.39241073e-02,-8.09598300e+00,0.00000000e+00,1.64619368e-01,2.27616874e-02,1.61326981e+02,2.23064536e+01
2.79600000e+00,-5.81941897e-02,1.39582253e-01,4.00409462e-02,5.83163161e-02,-8.09598300e+00,0.00000000e+00,1.64982646e-01,2.26447120e-02,1.61682993e+02,2.21918178e+01
2.79800000e+00,-5.79089310e-02,1.45630990e-01,4.01521069e-02,5.29602745e-02,-8.09598300e+00,0.00000000e+00,1.66990780e-01,2.34511446e-02,1.63650965e+02,2.29821217e+01
2.80000000e+00,-5.76117666e-02,1.51528422e-01,4.02527535e-02,4.75535534e-02,-8.09598300e+00,0.00000000e+00,1.66116493e-01,2.26842694e-02,1.62794163e+02,2.22305840e+01
2.80200000e+00,-5.73028701e-02,1.57346628e-01,4.03420179e-02,4.16920386e-02,-8.09598300e+00,0.00000000e+00,1.66344332e-01,2.26264370e-02,1.63017446e+02,2.21739083e+01
2.80400000e+00,-5.69819250e-02,1.63847393e-01,4.04181359e-02,3.37522506e-02,-8.09598300e+00,0.00000000e+00,1.47572425e-01,1.84336769e-02,1.44620976e+02,1.80650034e+01
2.80600000e+00,-5.66477224e-02,1.69985399e-01,4.04779072e-02,2.71325690e-02,-8.09598300e+00,0.00000000e+00,1.72119446e-01,2.54858861e-02,1.68677058e+02,2.49761684e+01
2.80800000e+00,-5.63025015e-02,1.75346253e-01,4.05274890e-02,2.17471273e-02,-8.09598300e+00,0.00000000e+00,1.62935713e-01,2.10970910e-02,1.59676999e+02,2.06751491e+01
2.81000000e+00,-5.59462935e-02,1.80773015e-01,4.05641715e-02,1.52752800e-02,-8.09598300e+00,0.00000000e+00,1.67694034e-01,2.32607030e-02,1.64340153e+02,2.27954889e+01
2.81200000e+00,-5.55796332e-02,1.85864180e-01,4.05892038e-02,9.72401108e-03,-8.09598300e+00,0.00000000e+00,1.67805451e-01,2.30673993e-02,1.64449342e+02,2.26060514e+01
2.81400000e+00,-5.52029037e-02,1.90854990e-01,4.06028055e-02,3.77979978e-03,-8.09598300e+00,0.00000000e+00,1.66984133e-01,2.24577335e-02,1.63644451e+02,2.20085788e+01
2.81600000e+00,-5.48163235e-02,1.95680434e-01,4.06042730e-02,-2.23943177e-03,-8.09598300e+00,0.00000000e+00,1.68533724e-01,2.29145148e-02,1.65163049e+02,2.24562245e+01
2.81800000e+00,-5.44203568e-02,2.00243530e-01,4.05941578e-02,-7.79370091e-03,-8.09598300e+00,0.00000000e+00,1.69900962e-01,2.34215404e-02,1.66502943e+02,2.29531096e+01
2.82000000e+00,-5.40154575e-02,2.04644417e-01,4.05730383e-02,-1.34378729e-02,-8.09598300e+00,0.00000000e+00,1.69036792e-01,2.26978958e-02,1.65656056e+02,2.22439378e+01
2.82200000e+00,-5.36018657e-02,2.08915511e-01,4.05402020e-02,-1.93885191e-02,-8.09598300e+00,0.00000000e+00,1.69575206e-01,2.27337747e-02,1.66183702e+02,2.22790992e+01
2.82400000e+00,-5.31793250e-02,2.13892222e-01,4.04940408e-02,-2.75039684e-02,-8.09598300e+00,0.00000000e+00,1.49118286e-01,1.80910404e-02,1.46135921e+02,1.77292196e+01
2.82600000e+00,-5.27465511e-02,2.18487527e-01,4.04311155e-02,-3.42257205e-02,-8.09598300e+00,0.00000000e+00,1.74975193e-01,2.55724851e-02,1.71475689e+02,2.50610354e+01
2.82800000e+00,-5.23059293e-02,2.22251300e-01,4.03580679e-02,-3.95524248e-02,-8.09598300e+00,0.00000000e+00,1.64966950e-01,2.09167702e-02,1.61667611e+02,2.04984348e+01
2.83000000e+00,-5.18574957e-02,2.26090397e-01,4.02721346e-02,-4.60359159e-02,-8.09598300e+00,0.00000000e+00,1.69570409e-01,2.30244132e-02,1.66179001e+02,2.25639249e+01
2.83200000e+00,-5.14017954e-02,2.29587954e-01,4.01745313e-02,-5.16087807e-02,-8.09598300e+00,0.00000000e+00,1.69242215e-01,2.26910005e-02,1.65857371e+02,2.22371805e+01
2.83400000e+00,-5.09392278e-02,2.32959650e-01,4.00655392e-02,-5.74220897e-02,-8.09598300e+00,0.00000000e+00,1.68749240e-01,2.23663746e-02,1.65374255e+02,2.19190471e+01
2.83600000e+00,-5.04700727e-02,2.36157554e-01,3.99448317e-02,-6.32523232e-02,-8.09598300e+00,0.00000000e+00,1.69486625e-01,2.24854296e-02,1.66096893e+02,2.20357210e+01
2.83800000e+00,-4.99947519e-02,2.39123967e-01,3.98127382e-02,-6.87700664e-02,-8.09598300e+00,0.00000000e+00,1.70290692e-01,2.28358684e-02,1.66884878e+02,2.23791511e+01
2.84000000e+00,-4.95136975e-02,2.41909376e-01,3.96697907e-02,-7.42288290e-02,-8.09598300e+00,0.00000000e+00,1.69800668e-01,2.24072265e-02,1.66404655e+02,2.19590820e+01
2.84200000e+00,-4.90272058e-02,2.44557813e-01,3.95156857e-02,-7.98934312e-02,-8.09598300e+00,0.00000000e+00,1.69530921e-01,2.21859656e-02,1.66140302e+02,2.17422463e+01
2.84400000e+00,-4.85350236e-02,2.47870233e-01,3.93487930e-02,-8.76937631e-02,-8.09598300e+00,0.00000000e+00,1.50279827e-01,1.76888093e-02,1.47274231e+02,1.73350331e+01
2.84600000e+00,-4.80359804e-02,2.50799329e-01,3.91658418e-02,-9.40977520e-02,-8.09598300e+00,0.00000000e+00,1.74427868e-01,2.48586196e-02,1.70939311e+02,2.43614472e+01
2.84800000e+00,-4.75324036e-02,2.52862440e-01,3.89735765e-02,-9.87399164e-02,-8.09598300e+00,0.00000000e+00,1.66412831e-01,2.11138780e-02,1.63084574e+02,2.06916005e+01
2.85000000e+00,-4.70245161e-02,2.54947300e-01,3.87703080e-02,-1.04243268e-01,-8.09598300e+00,0.00000000e+00,1.69782471e-01,2.27629650e-02,1.66386822e+02,2.23077057e+01
2.85200000e+00,-4.65128357e-02,2.56700213e-01,3.85572282e-02,-1.08809605e-01,-8.09598300e+00,0.00000000e+00,1.69999863e-01,2.27781489e-02,1.66599865e+02,2.23225859e+01
2.85400000e+00,-4.59978155e-02,2.58302797e-01,3.83349972e-02,-1.13484438e-01,-8.09598300e+00,0.00000000e+00,1.69097608e-01,2.22196408e-02,1.65715656e+02,2.17752480e+01
2.85600000e+00,-4.54797279e-02,2.59750360e-01,3.81032338e-02,-1.18244182e-01,-8.09598300e+00,0.00000000e+00,1.69399057e-01,2.22707883e-02,1.66011076e+02,2.18253725e+01
2.85800000e+00,-4.49589557e-02,2.60985531e-01,3.78622324e-02,-1.22686086e-01,-8.09598300e+00,0.00000000e+00,1.69814629e-01,2.25443398e-02,1.66418336e+02,2.20934530e+01
2.86000000e+00,-4.44359229e-02,2.62014954e-01,3.76126668e-02,-1.26862028e-01,-8.09598300e+00,0.00000000e+00,1.69941534e-01,2.24742324e-02,1.66542704e+02,2.20247477e+01
2.86200000e+00,-4.39109918e-02,2.62900415e-01,3.73547167e-02,-1.31139355e-01,-8.09598300e+00,0.00000000e+00,1.68897169e-01,2.19647581e-02,1.65519226e+02,2.15254629e+01
2.86400000e+00,-4.33838963e-02,2.64423251e-01,3.70866543e-02,-1.37599028e-01,-8.09598300e+00,0.00000000e+00,1.50750220e-01,1.75128997e-02,1.47735216e+02,1.71626417e+01
2.86600000e+00,-4.28535103e-02,2.65628887e-01,3.68050433e-02,-1.42974961e-01,-8.09598300e+00,0.00000000e+00,1.71985893e-01,2.38398466e-02,1.68546175e+02,2.33630496e+01
2.86800000e+00,-4.23219268e-02,2.66015457e-01,3.65160082e-02,-1.46470317e-01,-8.09598300e+00,0.00000000e+00,1.65551515e-01,2.10485835e-02,1.62240485e+02,2.06276118e+01
2.87000000e+00,-4.17894590e-02,2.66386317e-01,3.62188070e-02,-1.50498239e-01,-8.09598300e+00,0.00000000e+00,1.68008085e-01,2.22991574e-02,1.64647924e+02,2.18531742e+01
2.87200000e+00,-4.12565926e-02,2.66440657e-01,3.59146495e-02,-1.53574762e-01,-8.09598300e+00,0.00000000e+00,1.68598195e-01,2.26123507e-02,1.65226232e+02,2.21601036e+01
2.87400000e+00,-4.07238076e-02,2.66328081e-01,3.56045860e-02,-1.56534250e-01,-8.09598300e+00,0.00000000e+00,1.67558820e-01,2.21030540e-02,1.64207643e+02,2.16609930e+01
2.87600000e+00,-4.01913574e-02,2.66099741e-01,3.52883838e-02,-1.59686752e-01,-8.09598300e+00,0.00000000e+00,1.66955908e-01,2.17567771e-02,1.63616790e+02,2.13216416e+01
2.87800000e+00,-3.96595495e-02,2.65660211e-01,3.49661049e-02,-1.62440341e-01,-8.09598300e+00,0.00000000e+00,1.68150901e-01,2.24811598e-02,1.64787883e+02,2.20315366e+01
2.88000000e+00,-3.91288417e-02,2.65033002e-01,3.46388327e-02,-1.64878563e-01,-8.09598300e+00,0.00000000e+00,1.67006634e-01,2.19521778e-02,1.63666502e+02,2.15131343e+01
2.88200000e+00,-3.85994958e-02,2.64288374e-01,3.43065315e-02,-1.67405588e-01,-8.09598300e+00,0.00000000e+00,1.66570560e-01,2.18210848e-02,1.63239149e+02,2.13846631e+01
2.88400000e+00,-3.80713831e-02,2.64001394e-01,3.39680192e-02,-1.71719020e-01,-8.09598300e+00,0.00000000e+00,1.51999597e-01,1.77204270e-02,1.48959605e+02,1.73660184e+01
2.88600000e+00,-3.75436637e-02,2.63454231e-01,3.36202873e-02,-1.75084936e-01,-8.09598300e+00,0.00000000e+00,1.68341261e-01,2.33149168e-02,1.64974436e+02,2.28486185e+01
2.88800000e+00,-3.70180133e-02,2.62236426e-01,3.32688941e-02,-1.76629084e-01,-8.09598300e+00,0.00000000e+00,1.63374583e-01,2.10428293e-02,1.60107091e+02,2.06219727e+01
2.89000000e+00,-3.64947459e-02,2.60976720e-01,3.29135424e-02,-1.78516076e-01,-8.09598300e+00,0.00000000e+00,1.65043880e-01,2.20884945e-02,1.61743003e+02,2.16467246e+01
2.89200000e+00,-3.59743015e-02,2.59424358e-01,3.25554822e-02,-1.79424546e-01,-8.09598300e+00,0.00000000e+00,1.65958484e-01,2.25856547e-02,1.62639314e+02,2.21339416e+01
2.89400000e+00,-3.54571671e-02,2.57694112e-01,3.21960428e-02,-1.80035122e-01,-8.09598300e+00,0.00000000e+00,1.64972061e-01,2.22005296e-02,1.61672620e+02,2.17565190e+01
2.89600000e+00,-3.49435738e-02,2.55890843e-01,3.18351837e-02,-1.80882629e-01,-8.09598300e+00,0.00000000e+00,1.63464897e-01,2.15731476e-02,1.60195599e+02,2.11416846e+01
2.89800000e+00,-3.44337030e-02,2.53938596e-01,3.14726657e-02,-1.81500042e-01,-8.09598300e+00,0.00000000e+00,1.64283298e-01,2.21659191e-02,1.60997632e+02,2.17226007e+01
2.90000000e+00,-3.39279359e-02,2.51811586e-01,3.11094501e-02,-1.81717699e-01,-8.09598300e+00,0.00000000e+00,1.63411312e-01,2.18934449e-02,1.60143085e+02,2.14555760e+01
2.90200000e+00,-3.34265182e-02,2.49592230e-01,3.07457469e-02,-1.82007388e-01,-8.09598300e+00,0.00000000e+00,1.62338967e-01,2.14952571e-02,1.59092188e+02,2.10653520e+01
2.90400000e+00,-3.29294349e-02,2.47570891e-01,3.03806803e-02,-1.83407231e-01,-8.09598300e+00,0.00000000e+00,1.54717781e-01,1.90421369e-02,1.51623425e+02,1.86612941e+01
2.90600000e+00,-3.24363664e-02,2.45351944e-01,3.00126070e-02,-1.84073711e-01,-8.09598300e+00,0.00000000e+00,1.62923019e-01,2.25092818e-02,1.59664559e+02,2.20590961e+01
2.90800000e+00,-3.19482879e-02,2.42741895e-01,2.96452473e-02,-1.83447451e-01,-8.09598300e+00,0.00000000e+00,1.59861792e-01,2.12304784e-02,1.56664556e+02,2.08058688e+01
2.91000000e+00,-3.14654486e-02,2.40057237e-01,2.92787747e-02,-1.82884970e-01,-8.09598300e+00,0.00000000e+00,1.60714075e-01,2.18517037e-02,1.57499794e+02,2.14146696e+01
2.91200000e+00,-3.09882078e-02,2.37149327e-01,2.89142016e-02,-1.81581253e-01,-8.09598300e+00,0.00000000e+00,1.61171044e-01,2.22650295e-02,1.57947623e+02,2.18197290e+01
2.91400000e+00,-3.05169520e-02,2.34090381e-01,2.85526908e-02,-1.79915919e-01,-8.09598300e+00,0.00000000e+00,1.60383971e-01,2.20936183e-02,1.57176292e+02,2.16517460e+01
2.91600000e+00,-3.00518887e-02,2.30967854e-01,2.81944583e-02,-1.78370122e-01,-8.09598300e+00,0.00000000e+00,1.58847597e-01,2.15017058e-02,1.55670646e+02,2.10716717e+01
2.91800000e+00,-2.95931609e-02,2.27724846e-01,2.78393525e-02,-1.76611145e-01,-8.09598300e+00,0.00000000e+00,1.59441484e-01,2.20331258e-02,1.56252655e+02,2.15924633e+01
2.92000000e+00,-2.91410792e-02,2.24346985e-01,2.74882396e-02,-1.74513231e-01,-8.09598300e+00,0.00000000e+00,1.58294537e-01,2.17106828e-02,1.55128646e+02,2.12764691e+01
2.92200000e+00,-2.86958254e-02,2.20890507e-01,2.71413278e-02,-1.72372885e-01,-8.09598300e+00,0.00000000e+00,1.57629799e-01,2.16257390e-02,1.54477203e+02,2.11932242e+01
2.92400000e+00,-2.82575747e-02,2.17347675e-01,2.67986717e-02,-1.70347172e-01,-8.09598300e+00,0.00000000e+00,1.56720447e-01,2.09797048e-02,1.53586038e+02,2.05601107e+01
2.92600000e+00,-2.78265108e-02,2.13690640e-01,2.64601842e-02,-1.67953927e-01,-8.09598300e+00,0.00000000e+00,1.56764677e-01,2.19127383e-02,1.53629384e+02,2.14744835e+01
2.92800000e+00,-2.74028710e-02,2.09945305e-01,2.61271492e-02,-1.65120869e-01,-8.09598300e+00,0.00000000e+00,1.55310250e-01,2.14259324e-02,1.52204045e+02,2.09974138e+01
2.93000000e+00,-2.69867953e-02,2.06101449e-01,2.57998315e-02,-1.62091802e-01,-8.09598300e+00,0.00000000e+00,1.55654743e-01,2.18553734e-02,1.52541648e+02,2.14182659e+01
2.93200000e+00,-2.65785551e-02,2.02122887e-01,2.54790677e-02,-1.58634205e-01,-8.09598300e+00,0.00000000e+00,1.55109239e-01,2.18657879e-02,1.52007055e+02,2.14284721e+01
2.93400000e+00,-2.61783736e-02,1.98039460e-01,2.51654848e-02,-1.54891381e-01,-8.09598300e+00,0.00000000e+00,1.54821747e-01,2.20045854e-02,1.51725312e+02,2.15644937e+01
2.93600000e+00,-2.57864463e-02,1.93882375e-01,2.48595706e-02,-1.51045851e-01,-8.09598300e+00,0.00000000e+00,1.53614105e-01,2.16427666e-02,1.50541823e+02,2.12099113e+01
2.93800000e+00,-2.54028987e-02,1.89643385e-01,2.45614103e-02,-1.47036956e-01,-8.09598300e+00,0.00000000e+00,1.53587431e-01,2.19199425e-02,1.50515683e+02,2.14815437e+01
2.94000000e+00,-2.50279298e-02,1.85318903e-01,2.42715726e-02,-1.42803376e-01,-8.09598300e+00,0.00000000e+00,1.52533232e-01,2.16985975e-02,1.49482567e+02,2.12646256e+01
2.94200000e+00,-2.46616639e-02,1.80933312e-01,2.39902672e-02,-1.38464311e-01,-8.09598300e+00,0.00000000e+00,1.52007605e-01,2.17377365e-02,1.48967453e+02,2.13029817e+01
2.94400000e+00,-2.43044630e-02,1.76148100e-01,2.37183862e-02,-1.33119179e-01,-8.09598300e+00,0.00000000e+00,1.58936353e-01,2.34198708e-02,1.55757626e+02,2.29514734e+01
2.94600000e+00,-2.39570968e-02,1.71324858e-01,2.34577918e-02,-1.27771874e-01,-8.09598300e+00,0.00000000e+00,1.50040514e-01,2.13677163e-02,1.47039703e+02,2.09403619e+01
2.94800000e+00,-2.36189957e-02,1.66753385e-01,2.32068865e-02,-1.23042761e-01,-8.09598300e+00,0.00000000e+00,1.50274592e-01,2.17619544e-02,1.47269100e+02,2.13267154e+01
2.95000000e+00,-2.32901403e-02,1.62096441e-01,2.29658079e-02,-1.18033038e-01,-8.09598300e+00,0.00000000e+00,1.49334231e-01,2.16102769e-02,1.46347546e+02,2.11780714e+01
2.95200000e+00,-2.29706389e-02,1.57396019e-01,2.27348069e-02,-1.12944553e-01,-8.09598300e+00,0.00000000e+00,1.48663227e-01,2.15952075e-02,1.45689963e+02,2.11633034e+01
2.95400000e+00,-2.26606121e-02,1.52611700e-01,2.25142347e-02,-1.07548550e-01,-8.09598300e+00,0.00000000e+00,1.48744399e-01,2.19384833e-02,1.45769511e+02,2.14997137e+01
2.95600000e+00,-2.23602447e-02,1.47748471e-01,2.23048010e-02,-1.01870202e-01,-8.09598300e+00,0.00000000e+00,1.48035355e-01,2.18863470e-02,1.45074647e+02,2.14486201e+01
2.95800000e+00,-2.20696373e-02,1.42856587e-01,2.21067708e-02,-9.61665090e-02,-8.09598300e+00,0.00000000e+00,1.47021720e-01,2.17064520e-02,1.44081285e+02,2.12723230e+01
2.96000000e+00,-2.17888375e-02,1.37935990e-01,2.19201693e-02,-9.04112810e-02,-8.09598300e+00,0.00000000e+00,1.46393999e-01,2.17256061e-02,1.43466119e+02,2.12910940e+01
2.96200000e+00,-2.15179259e-02,1.32966637e-01,2.17452428e-02,-8.44804307e-02,-8.09598300e+00,0.00000000e+00,1.45929252e-01,2.18227820e-02,1.43010667e+02,2.13863264e+01
2.96400000e+00,-2.12574469e-02,1.27283387e-01,2.15835765e-02,-7.65564614e-02,-8.09598300e+00,0.00000000e+00,1.60927268e-01,2.56752363e-02,1.57708722e+02,2.51617316e+01
2.96600000e+00,-2.10087966e-02,1.21593682e-01,2.14389089e-02,-6.87944344e-02,-8.09598300e+00,0.00000000e+00,1.44026134e-01,2.12727500e-02,1.41145611e+02,2.08472950e+01
2.96800000e+00,-2.07706801e-02,1.16492119e-01,2.13073412e-02,-6.26186947e-02,-8.09598300e+00,0.00000000e+00,1.45219447e-01,2.21552056e-02,1.42315058e+02,2.17121015e+01
2.97000000e+00,-2.05428627e-02,1.11338786e-01,2.11885655e-02,-5.62458486e-02,-8.09598300e+00,0.00000000e+00,1.43355024e-01,2.15141595e-02,1.40487923e+02,2.10838763e+01
2.97200000e+00,-2.03253122e-02,1.06204592e-01,2.10822386e-02,-5.00517627e-02,-8.09598300e+00,0.00000000e+00,1.42975373e-01,2.16255760e-02,1.40115865e+02,2.11930645e+01
2.97400000e+00,-2.01180990e-02,1.00988328e-01,2.09886344e-02,-4.34437528e-02,-8.09598300e+00,0.00000000e+00,1.43560051e-01,2.22466133e-02,1.40688850e+02,2.18016811e+01
2.97600000e+00,-1.99214066e-02,9.57004190e-02,2.09087066e-02,-3.64712774e-02,-8.09598300e+00,0.00000000e+00,1.43022303e-01,2.22735665e-02,1.40161856e+02,2.18280951e+01
2.97800000e+00,-1.97352614e-02,9.04664031e-02,2.08425474e-02,-2.98016040e-02,-8.09598300e+00,0.00000000e+00,1.40759707e-01,2.15137496e-02,1.37944513e+02,2.10834746e+01
2.98000000e+00,-1.95595165e-02,8.52691777e-02,2.07893931e-02,-2.32925462e-02,-8.09598300e+00,0.00000000e+00,1.40706776e-01,2.18578673e-02,1.37892640e+02,2.14207099e+01
2.98200000e+00,-1.93942072e-02,8.00382326e-02,2.07495294e-02,-1.65552776e-02,-8.09598300e+00,0.00000000e+00,1.40176841e-01,2.19330727e-02,1.37373304e+02,2.14944113e+01
2.98400000e+00,-1.92400040e-02,7.38467488e-02,2.07249733e-02,-7.11652332e-03,-8.09598300e+00,0.00000000e+00,1.61869245e-01,2.74897176e-02,1.58631860e+02,2.69399233e+01
2.98600000e+00,-1.90987810e-02,6.77139832e-02,2.07207224e-02,1.81118303e-03,-8.09598300e+00,0.00000000e+00,1.37625501e-01,2.08502356e-02,1.34872991e+02,2.04332309e+01
2.98800000e+00,-1.89685761e-02,6.24390764e-02,2.07306766e-02,8.42688232e-03,-8.09598300e+00,0.00000000e+00,1.40739142e-01,2.26484473e-02,1.37924359e+02,2.21954783e+01
2.99000000e+00,-1.88490611e-02,5.71095839e-02,2.07546082e-02,1.53100872e-02,-8.09598300e+00,0.00000000e+00,1.37903504e-01,2.14430295e-02,1.35145434e+02,2.10141689e+01
2.99200000e+00,-1.87400968e-02,5.18415564e-02,2.07916748e-02,2.18300538e-02,-8.09598300e+00,0.00000000e+00,1.38391912e-01,2.19363305e-02,1.35624074e+02,2.14976039e+01
2.99400000e+00,-1.86417687e-02,4.64628545e-02,2.08423420e-02,2.89703388e-02,-8.09598300e+00,0.00000000e+00,1.39665137e-01,2.28146005e-02,1.36871834e+02,2.23583085e+01
2.99600000e+00,-1.85542973e-02,4.10063358e-02,2.09078692e-02,3.65802038e-02,-8.09598300e+00,0.00000000e+00,1.39473970e-01,2.30124932e-02,1.36684491e+02,2.25522433e+01
2.99800000e+00,-1.84776711e-02,3.56582033e-02,2.09883109e-02,4.36622161e-02,-8.09598300e+00,0.00000000e+00,1.36484933e-01,2.18185816e-02,1.33755234e+02,2.13822100e+01
3.00000000e+00,-1.84115940e-02,3.04157325e-02,2.10821981e-02,5.02643303e-02,-8.09598300e+00,0.00000000e+00,1.36444146e-01,2.21366325e-02,1.33715263e+02,2.16938998e+01
