t,h,h_dot,alpha,alpha_dot,delta,W_g,C_L,C_M,F_y,M_z
2.00000000e-03,0.00000000e+00,0.00000000e+00,0.00000000e+00,0.00000000e+00,0.00000000e+00,8.59972941e-04,1.26327256e-01,3.00480580e-02,1.23800711e+02,2.94470968e+01
4.00000000e-03,-9.76024003e-06,-9.23401555e-03,2.33284460e-05,2.06775589e-02,0.00000000e+00,3.43964310e-03,8.94943834e-02,1.33799198e-02,8.77044957e+01,1.31123214e+01
6.00000000e-03,-3.65016836e-05,-1.78164645e-02,7.94989318e-05,3.65382586e-02,0.00000000e+00,7.73826454e-03,1.11286401e-01,2.00116598e-02,1.09060673e+02,1.96114266e+01
8.00000000e-03,-8.15454132e-05,-2.71778563e-02,1.70681553e-04,5.41990433e-02,0.00000000e+00,1.37545943e-02,1.08025503e-01,1.72811717e-02,1.05864993e+02,1.69355482e+01
1.00000000e-02,-1.45166538e-04,-3.64693930e-02,2.95096092e-04,7.00614764e-02,0.00000000e+00,2.14868927e-02,1.10135612e-01,1.64081150e-02,1.07932900e+02,1.60799527e+01
1.20000000e-02,-2.27561994e-04,-4.59694291e-02,4.50611863e-04,8.54505510e-02,0.00000000e+00,3.09329240e-02,1.13531597e-01,1.65034738e-02,1.11260965e+02,1.61734044e+01
1.40000000e-02,-3.29184012e-04,-5.56790888e-02,6.36777095e-04,1.00657850e-01,0.00000000e+00,4.20899566e-02,1.15824005e-01,1.62862884e-02,1.13507525e+02,1.59605627e+01
1.60000000e-02,-4.50383558e-04,-6.55465530e-02,8.53048182e-04,1.15572556e-01,0.00000000e+00,5.49547646e-02,1.18168285e-01,1.61921747e-02,1.15804919e+02,1.58683312e+01
1.80000000e-02,-5.91478822e-04,-7.55769052e-02,1.09895967e-03,1.30325804e-01,0.00000000e+00,6.95236280e-02,1.20741237e-01,1.62926622e-02,1.18326412e+02,1.59668090e+01
2.00000000e-02,-7.52795089e-04,-8.57631134e-02,1.37428315e-03,1.44976697e-01,0.00000000e+00,8.57923341e-02,1.23085616e-01,1.63646633e-02,1.20623904e+02,1.60373700e+01
2.20000000e-02,-9.34477485e-04,-9.58686431e-02,1.67844423e-03,1.58994342e-01,0.00000000e+00,1.03756179e-01,1.20297661e-01,1.53921897e-02,1.17891708e+02,1.50843460e+01
2.40000000e-02,-1.13624914e-03,-1.05943389e-01,2.01008466e-03,1.72748182e-01,0.00000000e+00,1.23409967e-01,1.23972439e-01,1.62791357e-02,1.21492990e+02,1.59535530e+01
2.60000000e-02,-1.35834578e-03,-1.16160232e-01,2.36956473e-03,1.86693666e-01,0.00000000e+00,1.44748017e-01,1.25389466e-01,1.63022883e-02,1.22881677e+02,1.59762425e+01
2.80000000e-02,-1.60089520e-03,-1.26384767e-01,2.75660208e-03,2.00253342e-01,0.00000000e+00,1.67764158e-01,1.26090405e-01,1.60166600e-02,1.23568597e+02,1.56963268e+01
3.00000000e-02,-1.86388463e-03,-1.36608974e-01,3.17034498e-03,2.13463381e-01,0.00000000e+00,1.92451735e-01,1.27486939e-01,1.61540616e-02,1.24937200e+02,1.58309804e+01
3.20000000e-02,-2.14733686e-03,-1.46841827e-01,3.61031094e-03,2.26456445e-01,0.00000000e+00,2.18803610e-01,1.28564571e-01,1.61844273e-02,1.25993280e+02,1.58607387e+01
3.40000000e-02,-2.45124045e-03,-1.57057463e-01,4.07597540e-03,2.39156506e-01,0.00000000e+00,2.46812161e-01,1.29523755e-01,1.61990802e-02,1.26933280e+02,1.58750985e+01
3.60000000e-02,-2.77554601e-03,-1.67242054e-01,4.56673216e-03,2.51549402e-01,0.00000000e+00,2.76469292e-01,1.30444945e-01,1.62356895e-02,1.27836046e+02,1.59109757e+01
3.80000000e-02,-3.12017978e-03,-1.77383310e-01,5.08196329e-03,2.63627743e-01,0.00000000e+00,3.07766425e-01,1.31283024e-01,1.62699198e-02,1.28657363e+02,1.59445214e+01
4.00000000e-02,-3.48504043e-03,-1.87466338e-01,5.62101771e-03,2.75367978e-01,0.00000000e+00,3.40694512e-01,1.32021577e-01,1.62912665e-02,1.29381145e+02,1.59654412e+01
4.20000000e-02,-3.86990785e-03,-1.97343451e-01,6.18281975e-03,2.86185174e-01,0.00000000e+00,3.75244031e-01,1.29572536e-01,1.51305179e-02,1.26981085e+02,1.48279076e+01
4.40000000e-02,-4.27431632e-03,-2.07073695e-01,6.76541756e-03,2.96491117e-01,0.00000000e+00,4.11404992e-01,1.31851274e-01,1.60462541e-02,1.29214248e+02,1.57253290e+01
4.60000000e-02,-4.69820177e-03,-2.16802659e-01,7.36891866e-03,3.06998696e-01,0.00000000e+00,4.49166939e-01,1.32963171e-01,1.64116017e-02,1.30303907e+02,1.60833697e+01
4.80000000e-02,-5.14144142e-03,-2.26403327e-01,7.99310924e-03,3.17051689e-01,0.00000000e+00,4.88518952e-01,1.32432287e-01,1.59796198e-02,1.29783641e+02,1.56600274e+01
5.00000000e-02,-5.60370315e-03,-2.35836110e-01,8.63672259e-03,3.26500510e-01,0.00000000e+00,5.29449653e-01,1.32775118e-01,1.60590083e-02,1.30119615e+02,1.57378281e+01
5.20000000e-02,-6.08469107e-03,-2.45126716e-01,9.29885158e-03,3.35559835e-01,0.00000000e+00,5.71947206e-01,1.32998395e-01,1.61042390e-02,1.30338427e+02,1.57821542e+01
5.40000000e-02,-6.58410598e-03,-2.54261283e-01,9.97867803e-03,3.44193351e-01,0.00000000e+00,6.15999323e-01,1.33168353e-01,1.61328650e-02,1.30504986e+02,1.58102077e+01
5.60000000e-02,-7.10162538e-03,-2.63229629e-01,1.06753269e-02,3.52379710e-01,0.00000000e+00,6.61593266e-01,1.33302194e-01,1.61574928e-02,1.30636150e+02,1.58343429e+01
5.80000000e-02,-7.63690664e-03,-2.72021191e-01,1.13878877e-02,3.60102324e-01,0.00000000e+00,7.08715851e-01,1.33371010e-01,1.61742255e-02,1.30703590e+02,1.58507410e+01
6.00000000e-02,-8.18958464e-03,-2.80624504e-01,1.21154182e-02,3.67348050e-01,0.00000000e+00,7.57353453e-01,1.33379726e-01,1.61928412e-02,1.30712131e+02,1.58689844e+01
6.20000000e-02,-8.75919399e-03,-2.88911850e-01,1.28565728e-02,3.73533304e-01,0.00000000e+00,8.07492008e-01,1.30603444e-01,1.50044514e-02,1.27991375e+02,1.47043624e+01
6.40000000e-02,-9.34506755e-03,-2.96952475e-01,1.36091346e-02,3.79093444e-01,0.00000000e+00,8.59117017e-01,1.32364306e-01,1.59535717e-02,1.29717020e+02,1.56345002e+01
6.60000000e-02,-9.94693391e-03,-3.04888135e-01,1.43730375e-02,3.84789958e-01,0.00000000e+00,9.12213553e-01,1.33031372e-01,1.63796561e-02,1.30370744e+02,1.60520629e+01
6.80000000e-02,-1.05644626e-02,-3.12587594e-01,1.51479262e-02,3.89934215e-01,0.00000000e+00,9.66766263e-01,1.31854321e-01,1.58992007e-02,1.29217235e+02,1.55812166e+01
7.00000000e-02,-1.11970994e-02,-3.20009758e-01,1.59322886e-02,3.94349885e-01,0.00000000e+00,1.02275937e+00,1.31685669e-01,1.59690352e-02,1.29051955e+02,1.56496545e+01
7.20000000e-02,-1.18443397e-02,-3.27189063e-01,1.67250053e-02,3.98284846e-01,0.00000000e+00,1.08017669e+00,1.31433453e-01,1.60210032e-02,1.28804784e+02,1.57005831e+01
7.40000000e-02,-1.25056877e-02,-3.34116458e-01,1.75250959e-02,4.01721780e-01,0.00000000e+00,1.13900162e+00,1.31169528e-01,1.60652259e-02,1.28546137e+02,1.57439214e+01
7.60000000e-02,-1.31806315e-02,-3.40782813e-01,1.83315425e-02,4.04633911e-01,0.00000000e+00,1.19921714e+00,1.30815995e-01,1.60702822e-02,1.28199675e+02,1.57488766e+01
7.80000000e-02,-1.38686395e-02,-3.47180048e-01,1.91432715e-02,4.07005991e-01,0.00000000e+00,1.26080585e+00,1.30470987e-01,1.60902662e-02,1.27861567e+02,1.57684609e+01
8.00000000e-02,-1.45691680e-02,-3.53301776e-01,1.99592072e-02,4.08839210e-01,0.00000000e+00,1.32374993e+00,1.30071571e-01,1.61040484e-02,1.27470139e+02,1.57819674e+01
8.20000000e-02,-1.52816057e-02,-3.59062136e-01,2.07779453e-02,4.09648020e-01,0.00000000e+00,1.38803119e+00,1.27818769e-01,1.51092242e-02,1.25262393e+02,1.48070397e+01
8.40000000e-02,-1.60052177e-02,-3.64524156e-01,2.15973697e-02,4.09812563e-01,0.00000000e+00,1.45363104e+00,1.28984802e-01,1.59222864e-02,1.26405106e+02,1.56038407e+01
8.60000000e-02,-1.67395779e-02,-3.69799557e-01,2.24172247e-02,4.10020866e-01,0.00000000e+00,1.52053050e+00,1.29431072e-01,1.63722018e-02,1.26842451e+02,1.60447577e+01
8.80000000e-02,-1.74842161e-02,-3.74775326e-01,2.32370815e-02,4.09671674e-01,0.00000000e+00,1.58871025e+00,1.28041286e-01,1.59234053e-02,1.25480461e+02,1.56049372e+01
9.00000000e-02,-1.82384506e-02,-3.79408205e-01,2.40554118e-02,4.08573106e-01,0.00000000e+00,1.65815055e+00,1.27556578e-01,1.59687148e-02,1.25005446e+02,1.56493405e+01
9.20000000e-02,-1.90016451e-02,-3.83735310e-01,2.48710364e-02,4.06968294e-01,0.00000000e+00,1.72883134e+00,1.27108417e-01,1.60265991e-02,1.24566249e+02,1.57060671e+01
9.40000000e-02,-1.97731862e-02,-3.87753917e-01,2.56829463e-02,4.04855513e-01,0.00000000e+00,1.80073216e+00,1.26629487e-01,1.60631857e-02,1.24096897e+02,1.57419220e+01
9.60000000e-02,-2.05524491e-02,-3.91455055e-01,2.64901031e-02,4.02209770e-01,0.00000000e+00,1.87383225e+00,1.26036016e-01,1.60620343e-02,1.23515296e+02,1.57407936e+01
9.80000000e-02,-2.13387895e-02,-3.94830783e-01,2.72914295e-02,3.99030260e-01,0.00000000e+00,1.94811045e+00,1.25430625e-01,1.60888223e-02,1.22922012e+02,1.57670459e+01
1.00000000e-01,-2.21315544e-02,-3.97879821e-01,2.80858739e-02,3.95325445e-01,0.00000000e+00,2.02354528e+00,1.24861011e-01,1.60958161e-02,1.22363791e+02,1.57738998e+01
1.02000000e-01,-2.29300751e-02,-4.00578444e-01,2.88721757e-02,3.90787381e-01,0.00000000e+00,2.10011495e+00,1.23749649e-01,1.54648940e-02,1.21274656e+02,1.51555962e+01
1.04000000e-01,-2.37336571e-02,-4.02960404e-01,2.96486223e-02,3.85647774e-01,0.00000000e+00,2.17779729e+00,1.24011362e-01,1.59444787e-02,1.21531135e+02,1.56255891e+01
1.06000000e-01,-2.45417476e-02,-4.05088674e-01,3.04147199e-02,3.80437937e-01,0.00000000e+00,2.25656987e+00,1.24409406e-01,1.64140295e-02,1.21921218e+02,1.60857489e+01
1.08000000e-01,-2.53537979e-02,-4.06896101e-01,3.11700722e-02,3.74775299e-01,0.00000000e+00,2.33640988e+00,1.23135423e-01,1.60753761e-02,1.20672715e+02,1.57538685e+01
1.10000000e-01,-2.61690884e-02,-4.08338092e-01,3.19133743e-02,3.68442503e-01,0.00000000e+00,2.41729426e+00,1.22519484e-01,1.60717778e-02,1.20069094e+02,1.57503422e+01
1.12000000e-01,-2.69869279e-02,-4.09446609e-01,3.26435226e-02,3.61630377e-01,0.00000000e+00,2.49919960e+00,1.22014500e-01,1.61150804e-02,1.19574210e+02,1.57927788e+01
1.14000000e-01,-2.78066517e-02,-4.10220479e-01,3.33595937e-02,3.54365186e-01,0.00000000e+00,2.58210224e+00,1.21387906e-01,1.61466879e-02,1.18960148e+02,1.58237541e+01
1.16000000e-01,-2.86275816e-02,-4.10652038e-01,3.40606761e-02,3.46639165e-01,0.00000000e+00,2.66597818e+00,1.20715078e-01,1.61524645e-02,1.18300776e+02,1.58294152e+01
1.18000000e-01,-2.94490318e-02,-4.10741574e-01,3.47458436e-02,3.38452927e-01,0.00000000e+00,2.75080320e+00,1.20100849e-01,1.61628132e-02,1.17698832e+02,1.58395569e+01
1.20000000e-01,-3.02703208e-02,-4.10490541e-01,3.54141867e-02,3.29815084e-01,0.00000000e+00,2.83655274e+00,1.19462061e-01,1.61628162e-02,1.17072820e+02,1.58395599e+01
1.22000000e-01,-3.10907925e-02,-4.09937304e-01,3.60647528e-02,3.20650697e-01,0.00000000e+00,2.92320203e+00,1.19738975e-01,1.59906772e-02,1.17344195e+02,1.56708636e+01
1.24000000e-01,-3.19098677e-02,-4.09080599e-01,3.66964638e-02,3.10997899e-01,0.00000000e+00,3.01072600e+00,1.19060398e-01,1.60439991e-02,1.16679190e+02,1.57231192e+01
1.26000000e-01,-3.27269190e-02,-4.07930094e-01,3.73086306e-02,3.01174328e-01,0.00000000e+00,3.09909935e+00,1.19548000e-01,1.65107588e-02,1.17157040e+02,1.61805436e+01
1.28000000e-01,-3.35413840e-02,-4.06473491e-01,3.79009717e-02,2.91066677e-01,0.00000000e+00,3.18829652e+00,1.18562060e-01,1.62980020e-02,1.16190818e+02,1.59720420e+01
1.30000000e-01,-3.43525755e-02,-4.04660737e-01,3.84725636e-02,2.80458576e-01,0.00000000e+00,3.27829172e+00,1.17854855e-01,1.62811763e-02,1.15497758e+02,1.59555528e+01
1.32000000e-01,-3.51598034e-02,-4.02512585e-01,3.90225554e-02,2.69474608e-01,0.00000000e+00,3.36905893e+00,1.17322868e-01,1.62992179e-02,1.14976411e+02,1.59732335e+01
1.34000000e-01,-3.59624070e-02,-4.00036213e-01,3.95502397e-02,2.58157141e-01,0.00000000e+00,3.46057190e+00,1.16746942e-01,1.63395952e-02,1.14412003e+02,1.60128033e+01
1.36000000e-01,-3.67597333e-02,-3.97237499e-01,4.00549767e-02,2.46528866e-01,0.00000000e+00,3.55280417e+00,1.16310617e-01,1.63726078e-02,1.13984405e+02,1.60451557e+01
1.38000000e-01,-3.75511381e-02,-3.94110430e-01,4.05361315e-02,2.34565122e-01,0.00000000e+00,3.64572907e+00,1.15547113e-01,1.63276683e-02,1.13236171e+02,1.60011149e+01
1.40000000e-01,-3.83359501e-02,-3.90646010e-01,4.09930125e-02,2.22264296e-01,0.00000000e+00,3.73931974e+00,1.14848173e-01,1.63227595e-02,1.12551209e+02,1.59963043e+01
1.42000000e-01,-3.91135578e-02,-3.86935075e-01,4.14250618e-02,2.09773147e-01,0.00000000e+00,3.83354911e+00,1.16149559e-01,1.65504878e-02,1.13826568e+02,1.62194780e+01
1.44000000e-01,-3.98835176e-02,-3.82965006e-01,4.18319180e-02,1.97001413e-01,0.00000000e+00,3.92838992e+00,1.15094256e-01,1.63202132e-02,1.12792371e+02,1.59938089e+01
1.46000000e-01,-4.06452156e-02,-3.78691616e-01,4.22129159e-02,1.84002452e-01,0.00000000e+00,4.02381477e+00,1.15296972e-01,1.66231286e-02,1.12991033e+02,1.62906661e+01
1.48000000e-01,-4.13980993e-02,-3.74141058e-01,4.25678567e-02,1.70896898e-01,0.00000000e+00,4.11979605e+00,1.14781929e-01,1.66088649e-02,1.12486290e+02,1.62766876e+01
1.50000000e-01,-4.21415800e-02,-3.69290801e-01,4.28963262e-02,1.57525465e-01,0.00000000e+00,4.21630601e+00,1.14382609e-01,1.65397297e-02,1.12094957e+02,1.62089352e+01
1.52000000e-01,-4.28750673e-02,-3.64147723e-01,4.31977972e-02,1.43911994e-01,0.00000000e+00,4.31331675e+00,1.13947940e-01,1.65370399e-02,1.11668981e+02,1.62062991e+01
1.54000000e-01,-4.35979732e-02,-3.58708089e-01,4.34718481e-02,1.30109405e-01,0.00000000e+00,4.41080022e+00,1.13376149e-01,1.65398960e-02,1.11108626e+02,1.62090981e+01
1.56000000e-01,-4.43097087e-02,-3.52982080e-01,4.37181303e-02,1.16150059e-01,0.00000000e+00,4.50872822e+00,1.13089378e-01,1.65655266e-02,1.10827591e+02,1.62342161e+01
1.58000000e-01,-4.50097166e-02,-3.46978658e-01,4.39363536e-02,1.02048561e-01,0.00000000e+00,4.60707244e+00,1.12632431e-01,1.65590124e-02,1.10379782e+02,1.62278321e+01
1.60000000e-01,-4.56974363e-02,-3.40694681e-01,4.41262360e-02,8.78142742e-02,0.00000000e+00,4.70580445e+00,1.12173028e-01,1.65638642e-02,1.09929567e+02,1.62325869e+01
1.62000000e-01,-4.63723827e-02,-3.34241856e-01,4.42876989e-02,7.37123017e-02,0.00000000e+00,4.80489569e+00,1.14222967e-01,1.70731839e-02,1.11938507e+02,1.67317202e+01
1.64000000e-01,-4.70342796e-02,-3.27602893e-01,4.44210573e-02,5.95684067e-02,0.00000000e+00,4.90431751e+00,1.13253621e-01,1.66721221e-02,1.10988548e+02,1.63386796e+01
1.66000000e-01,-4.76826129e-02,-3.20691888e-01,4.45258309e-02,4.52121326e-02,0.00000000e+00,5.00404116e+00,1.13186620e-01,1.67829391e-02,1.10922888e+02,1.64472803e+01
1.68000000e-01,-4.83168996e-02,-3.13559549e-01,4.46019322e-02,3.08954471e-02,0.00000000e+00,5.10403781e+00,1.13288449e-01,1.68697806e-02,1.11022680e+02,1.65323850e+01
1.70000000e-01,-4.89367043e-02,-3.06207002e-01,4.46494076e-02,1.65710646e-02,0.00000000e+00,5.20427855e+00,1.13130428e-01,1.68404482e-02,1.10867819e+02,1.65036393e+01
1.72000000e-01,-4.95415747e-02,-2.98625133e-01,4.46681839e-02,2.19792950e-03,0.00000000e+00,5.30473438e+00,1.12898321e-01,1.68001359e-02,1.10640355e+02,1.64641331e+01
1.74000000e-01,-5.01310568e-02,-2.90821276e-01,4.46581992e-02,-1.21754095e-02,0.00000000e+00,5.40537626e+00,1.12786940e-01,1.68316259e-02,1.10531202e+02,1.64949934e+01
1.76000000e-01,-5.07047196e-02,-2.82807059e-01,4.46195118e-02,-2.65044716e-02,0.00000000e+00,5.50617510e+00,1.12698312e-01,1.68436570e-02,1.10444346e+02,1.65067839e+01
1.78000000e-01,-5.12621458e-02,-2.74583910e-01,4.45522096e-02,-4.07910181e-02,0.00000000e+00,5.60710173e+00,1.12488596e-01,1.68305542e-02,1.10238824e+02,1.64939431e+01
1.80000000e-01,-5.18029203e-02,-2.66158327e-01,4.44563878e-02,-5.50174765e-02,0.00000000e+00,5.70812699e+00,1.12416700e-01,1.68387060e-02,1.10168366e+02,1.65019318e+01
1.82000000e-01,-5.23267237e-02,-2.57649731e-01,4.43324150e-02,-6.88311331e-02,0.00000000e+00,5.80922165e+00,1.14859509e-01,1.75256106e-02,1.12562319e+02,1.71750984e+01
1.84000000e-01,-5.28334572e-02,-2.49048076e-01,4.41812362e-02,-8.23854570e-02,0.00000000e+00,5.91035648e+00,1.14413711e-01,1.71725930e-02,1.12125437e+02,1.68291412e+01
1.86000000e-01,-5.33227781e-02,-2.40239502e-01,4.40027616e-02,-9.61070196e-02,0.00000000e+00,6.01150225e+00,1.14054646e-01,1.69252059e-02,1.11773553e+02,1.65867018e+01
1.88000000e-01,-5.37943102e-02,-2.31273561e-01,4.37969038e-02,-1.09684993e-01,0.00000000e+00,6.11262970e+00,1.14622215e-01,1.71854728e-02,1.12329771e+02,1.68417633e+01
1.90000000e-01,-5.42477932e-02,-2.22188932e-01,4.35642079e-02,-1.22983676e-01,0.00000000e+00,6.21370959e+00,1.15020112e-01,1.71844548e-02,1.12719710e+02,1.68407657e+01
1.92000000e-01,-5.46829796e-02,-2.12974741e-01,4.33050617e-02,-1.36143509e-01,0.00000000e+00,6.31471270e+00,1.15184750e-01,1.71120876e-02,1.12881055e+02,1.67698459e+01
1.94000000e-01,-5.50995998e-02,-2.03622047e-01,4.30197332e-02,-1.49154330e-01,0.00000000e+00,6.41560982e+00,1.15222740e-01,1.70949438e-02,1.12918285e+02,1.67530449e+01
1.96000000e-01,-5.54973849e-02,-1.94145075e-01,4.27086072e-02,-1.61921014e-01,0.00000000e+00,6.51637177e+00,1.15566529e-01,1.71852957e-02,1.13255199e+02,1.68415898e+01
1.98000000e-01,-5.58761047e-02,-1.84554993e-01,4.23722184e-02,-1.74433866e-01,0.00000000e+00,6.61696942e+00,1.15710320e-01,1.71523045e-02,1.13396113e+02,1.68092584e+01
2.00000000e-01,-5.62355351e-02,-1.74860209e-01,4.20110271e-02,-1.86713607e-01,0.00000000e+00,6.71737368e+00,1.16093557e-01,1.71636363e-02,1.13771686e+02,1.68203636e+01
2.02000000e-01,-5.65755531e-02,-1.65176808e-01,4.16257890e-02,-1.98355873e-01,0.00000000e+00,6.81755552e+00,1.18791562e-01,1.79448478e-02,1.16415731e+02,1.75859508e+01
2.04000000e-01,-5.68962357e-02,-1.55483464e-01,4.12179141e-02,-2.09532550e-01,0.00000000e+00,6.91748596e+00,1.18518494e-01,1.75627867e-02,1.16148124e+02,1.72115309e+01
2.06000000e-01,-5.71973426e-02,-1.45573505e-01,4.07873535e-02,-2.21167048e-01,1.36320596e-01,7.01713612e+00,1.16228127e-01,1.63734871e-02,1.13903564e+02,1.60460174e+01
2.08000000e-01,-5.74784164e-02,-1.35493649e-01,4.03331252e-02,-2.32982571e-01,2.91406598e-01,7.11647718e+00,1.16884026e-01,1.65387691e-02,1.14546346e+02,1.62079937e+01
2.10000000e-01,-5.77392665e-02,-1.25337818e-01,3.98556108e-02,-2.44516758e-01,4.46492600e-01,7.21548041e+00,1.16623579e-01,1.62865649e-02,1.14291107e+02,1.59608336e+01
2.12000000e-01,-5.79796897e-02,-1.15065031e-01,3.93551052e-02,-2.55980430e-01,6.01578602e-01,7.31411719e+00,1.16155547e-01,1.59764544e-02,1.13832436e+02,1.56569253e+01
2.14000000e-01,-5.81994529e-02,-1.04681643e-01,3.88317329e-02,-2.67378392e-01,7.56664604e-01,7.41235900e+00,1.15875420e-01,1.56814730e-02,1.13557912e+02,1.53678436e+01
2.16000000e-01,-5.83983537e-02,-9.42042856e-02,3.82856624e-02,-2.78670121e-01,9.11750606e-01,7.51017742e+00,1.15626125e-01,1.54239547e-02,1.13313602e+02,1.51154756e+01
2.18000000e-01,-5.85762054e-02,-8.36299865e-02,3.77171425e-02,-2.89826708e-01,1.06683661e+00,7.60754418e+00,1.15105090e-01,1.51575261e-02,1.12802989e+02,1.48543756e+01
2.20000000e-01,-5.87328070e-02,-7.29558429e-02,3.71264407e-02,-3.00855635e-01,1.22192261e+00,7.70443111e+00,1.14614904e-01,1.48525663e-02,1.12322606e+02,1.45555150e+01
2.22000000e-01,-5.88680360e-02,-6.22925063e-02,3.65141241e-02,-3.11278406e-01,1.37700861e+00,7.80081021e+00,1.16505136e-01,1.55594380e-02,1.14175033e+02,1.52482492e+01
2.24000000e-01,-5.89819784e-02,-5.16312088e-02,3.58815917e-02,-3.21304327e-01,1.53209461e+00,7.89665361e+00,1.15636135e-01,1.47860082e-02,1.13323412e+02,1.44902881e+01
2.26000000e-01,-5.90744547e-02,-4.08107814e-02,3.52286298e-02,-3.31745698e-01,1.68718062e+00,7.99193358e+00,1.13585624e-01,1.37588307e-02,1.11313912e+02,1.34836541e+01
2.28000000e-01,-5.91451711e-02,-2.99146803e-02,3.45546678e-02,-3.42098768e-01,1.84226662e+00,8.08662259e+00,1.14489630e-01,1.40128244e-02,1.12199837e+02,1.37325680e+01
2.30000000e-01,-5.91941155e-02,-1.90216921e-02,3.38605329e-02,-3.52004719e-01,1.99735262e+00,8.18069325e+00,1.14102338e-01,1.37097686e-02,1.11820292e+02,1.34355732e+01
2.32000000e-01,-5.92212294e-02,-8.08595577e-03,3.31467817e-02,-3.61711428e-01,2.15243862e+00,8.27411835e+00,1.13756667e-01,1.34153643e-02,1.11481534e+02,1.31470570e+01
2.34000000e-01,-5.92264380e-02,2.88188359e-03,3.24138165e-02,-3.71224117e-01,2.30752462e+00,8.36687090e+00,1.13439443e-01,1.30738195e-02,1.11170654e+02,1.28123431e+01
2.36000000e-01,-5.92096915e-02,1.38652001e-02,3.16620367e-02,-3.80509671e-01,2.46261063e+00,8.45892406e+00,1.13303128e-01,1.28219570e-02,1.11037066e+02,1.25655178e+01
2.38000000e-01,-5.91709728e-02,2.48550176e-02,3.08919676e-02,-3.89510568e-01,2.61769663e+00,8.55025121e+00,1.13016311e-01,1.25749115e-02,1.10755985e+02,1.23234133e+01
2.40000000e-01,-5.91102684e-02,3.58494154e-02,3.01041779e-02,-3.98236229e-01,2.77278263e+00,8.64082596e+00,1.12745429e-01,1.22778439e-02,1.10490520e+02,1.20322870e+01
2.42000000e-01,-5.90276224e-02,4.67729912e-02,2.92995104e-02,-4.06230449e-01,2.92786863e+00,8.73062210e+00,1.14041254e-01,1.29640243e-02,1.11760429e+02,1.27047438e+01
2.44000000e-01,-5.89232363e-02,5.76067503e-02,2.84796426e-02,-4.13645077e-01,3.08295463e+00,8.81961368e+00,1.14036320e-01,1.23261939e-02,1.11755593e+02,1.20796700e+01
2.46000000e-01,-5.87971537e-02,6.85030782e-02,2.76447150e-02,-4.21382372e-01,3.23804064e+00,8.90777496e+00,1.11594307e-01,1.10971089e-02,1.09362421e+02,1.08751667e+01
2.48000000e-01,-5.86492107e-02,7.94193648e-02,2.67941704e-02,-4.29033783e-01,3.39312664e+00,8.99508045e+00,1.12406879e-01,1.12945771e-02,1.10158741e+02,1.10686856e+01
2.50000000e-01,-5.84795442e-02,9.02337231e-02,2.59289961e-02,-4.36060795e-01,3.54821264e+00,9.08150491e+00,1.12635264e-01,1.11746593e-02,1.10382558e+02,1.09511661e+01
2.52000000e-01,-5.82883211e-02,1.00980146e-01,2.50501691e-02,-4.42725020e-01,3.70329864e+00,9.16702334e+00,1.12477246e-01,1.08033384e-02,1.10227701e+02,1.05872717e+01
2.54000000e-01,-5.80756596e-02,1.11672587e-01,2.41582605e-02,-4.49142541e-01,3.85838464e+00,9.25161102e+00,1.12204344e-01,1.04209723e-02,1.09960257e+02,1.02125529e+01
2.56000000e-01,-5.78416768e-02,1.22295906e-01,2.32538154e-02,-4.55235390e-01,4.01347064e+00,9.33524348e+00,1.12225783e-01,1.01952742e-02,1.09981267e+02,9.99136870e+00
2.58000000e-01,-5.75865332e-02,1.32833336e-01,2.23375826e-02,-4.60932838e-01,4.16855665e+00,9.41789655e+00,1.12171622e-01,9.94436877e-03,1.09928189e+02,9.74548139e+00
2.60000000e-01,-5.73104038e-02,1.43280299e-01,2.14103430e-02,-4.66241922e-01,4.32364265e+00,9.49954633e+00,1.12128359e-01,9.68801476e-03,1.09885792e+02,9.49425446e+00
2.62000000e-01,-5.70134734e-02,1.53635136e-01,2.04730858e-02,-4.70844787e-01,4.47872865e+00,9.58016920e+00,1.11942754e-01,1.00897350e-02,1.09703899e+02,9.88794027e+00
2.64000000e-01,-5.66959825e-02,1.63811167e-01,1.95274758e-02,-4.74679798e-01,4.63381465e+00,9.65974185e+00,1.13756522e-01,9.95046817e-03,1.11481392e+02,9.75145880e+00
2.66000000e-01,-5.63582650e-02,1.73932825e-01,1.85742657e-02,-4.78666115e-01,4.78890065e+00,9.73824128e+00,1.10497639e-01,8.41198626e-03,1.08287687e+02,8.24374654e+00
2.68000000e-01,-5.60002685e-02,1.84028509e-01,1.76127774e-02,-4.82703329e-01,4.94398666e+00,9.81564478e+00,1.11482410e-01,8.47177776e-03,1.09252762e+02,8.30234220e+00
2.70000000e-01,-5.56222880e-02,1.93918730e-01,1.66439376e-02,-4.86012816e-01,5.09907266e+00,9.89192997e+00,1.12253688e-01,8.55683134e-03,1.10008614e+02,8.38569471e+00
2.72000000e-01,-5.52246990e-02,2.03650750e-01,1.56690404e-02,-4.88850981e-01,5.25415866e+00,9.96707480e+00,1.11973341e-01,8.06954521e-03,1.09733874e+02,7.90815431e+00
2.74000000e-01,-5.48077764e-02,2.13245677e-01,1.46887348e-02,-4.91387547e-01,5.40924466e+00,1.00410575e+01,1.12093016e-01,7.79051260e-03,1.09851156e+02,7.63470235e+00
2.76000000e-01,-5.43718246e-02,2.22678177e-01,1.37037637e-02,-4.93513872e-01,5.56433066e+00,1.01138568e+01,1.12248627e-01,7.52443791e-03,1.10003654e+02,7.37394916e+00
2.78000000e-01,-5.39171764e-02,2.31941561e-01,1.27149708e-02,-4.95203020e-01,5.71941667e+00,1.01854515e+01,1.12371341e-01,7.29630522e-03,1.10123914e+02,7.15037911e+00
2.80000000e-01,-5.34441726e-02,2.41033563e-01,1.17232401e-02,-4.96459436e-01,5.87450267e+00,1.02558210e+01,1.12429344e-01,7.01652731e-03,1.10180757e+02,6.87619677e+00
2.82000000e-01,-5.29531405e-02,2.49978053e-01,1.07295851e-02,-4.97037824e-01,6.02958867e+00,1.03249449e+01,1.11846468e-01,7.30028008e-03,1.09609539e+02,7.15427448e+00
2.84000000e-01,-5.24444306e-02,2.58667242e-01,9.73568249e-03,-4.96725857e-01,6.18467467e+00,1.03928032e+01,1.14278029e-01,7.46545145e-03,1.11992469e+02,7.31614242e+00
2.86000000e-01,-5.19185452e-02,2.67245968e-01,8.74261468e-03,-4.96514311e-01,6.33976067e+00,1.04593763e+01,1.10169671e-01,5.67067040e-03,1.07966278e+02,5.55725699e+00
2.88000000e-01,-5.13754904e-02,2.75759319e-01,7.74950817e-03,-4.96478393e-01,6.49484668e+00,1.05246450e+01,1.11407526e-01,5.67811936e-03,1.09179376e+02,5.56455697e+00
2.90000000e-01,-5.08156959e-02,2.83990594e-01,6.75720165e-03,-4.95691760e-01,6.64993268e+00,1.05885904e+01,1.12225055e-01,5.82857312e-03,1.09980553e+02,5.71200166e+00
2.92000000e-01,-5.02396836e-02,2.91988443e-01,5.76710697e-03,-4.94356415e-01,6.80501868e+00,1.06511939e+01,1.12192721e-01,5.41492073e-03,1.09948867e+02,5.30662232e+00
2.94000000e-01,-4.96478772e-02,2.99783731e-01,4.77998609e-03,-4.92705951e-01,6.96010468e+00,1.07124376e+01,1.12159234e-01,5.07918551e-03,1.09916049e+02,4.97760180e+00
2.96000000e-01,-4.90406949e-02,3.07359643e-01,3.79655265e-03,-4.90651302e-01,7.11519068e+00,1.07723036e+01,1.12393469e-01,4.85759360e-03,1.10145599e+02,4.76044172e+00
2.98000000e-01,-4.84185953e-02,3.14700621e-01,2.81768646e-03,-4.88138343e-01,7.27027669e+00,1.08307747e+01,1.12600770e-01,4.64180451e-03,1.10348754e+02,4.54896842e+00
3.00000000e-01,-4.77820505e-02,3.21804477e-01,1.84429866e-03,-4.85176369e-01,7.42536269e+00,1.08878339e+01,1.12767266e-01,4.40834280e-03,1.10511921e+02,4.32017595e+00
3.02000000e-01,-4.71314813e-02,3.28752504e-01,8.77319297e-04,-4.81706984e-01,7.58044869e+00,1.09434649e+01,1.10959686e-01,4.32408395e-03,1.08740492e+02,4.23760227e+00
3.04000000e-01,-4.64672513e-02,3.35384414e-01,-8.19023993e-05,-4.77297403e-01,7.73553469e+00,1.09976514e+01,1.14759285e-01,5.00978908e-03,1.12464099e+02,4.90959330e+00
3.06000000e-01,-4.57900681e-02,3.41829591e-01,-1.03190119e-03,-4.72934073e-01,7.89062069e+00,1.10503778e+01,1.09821260e-01,2.86798615e-03,1.07624835e+02,2.81062643e+00
3.08000000e-01,-4.50999784e-02,3.48206616e-01,-1.97388510e-03,-4.68940351e-01,8.04570670e+00,1.11016288e+01,1.10744707e-01,2.88670588e-03,1.08529813e+02,2.82897177e+00
3.10000000e-01,-4.43974679e-02,3.54244258e-01,-2.90715158e-03,-4.64180206e-01,8.20079270e+00,1.11513898e+01,1.12041831e-01,3.14158535e-03,1.09800995e+02,3.07875365e+00
3.12000000e-01,-4.36831895e-02,3.59999586e-01,-3.83026397e-03,-4.58907174e-01,8.35587870e+00,1.11996461e+01,1.11534436e-01,2.64238376e-03,1.09303747e+02,2.58953608e+00
3.14000000e-01,-4.29576226e-02,3.65525322e-01,-4.74262785e-03,-4.53405530e-01,8.51096470e+00,1.12463840e+01,1.11506497e-01,2.31584091e-03,1.09276367e+02,2.26952409e+00
3.16000000e-01,-4.22212649e-02,3.70786072e-01,-5.64365301e-03,-4.47554316e-01,8.66605070e+00,1.12915899e+01,1.11737060e-01,2.08658957e-03,1.09502318e+02,2.04485778e+00
3.18000000e-01,-4.14746586e-02,3.75776469e-01,-6.53260988e-03,-4.41350293e-01,8.82113671e+00,1.13352506e+01,1.11749722e-01,1.78393901e-03,1.09514728e+02,1.74826023e+00
3.20000000e-01,-4.07183404e-02,3.80494914e-01,-7.40881986e-03,-4.34794818e-01,8.97622271e+00,1.13773537e+01,1.11937270e-01,1.56991143e-03,1.09698525e+02,1.53851321e+00
3.22000000e-01,-3.99527947e-02,3.85039720e-01,-8.27153508e-03,-4.27858277e-01,9.13130871e+00,1.14178869e+01,1.09576460e-01,1.34854047e-03,1.07384931e+02,1.32156966e+00
3.24000000e-01,-3.91783332e-02,3.89356995e-01,-9.11992487e-03,-4.20429651e-01,9.28639471e+00,1.14568384e+01,1.10949818e-01,1.38782163e-03,1.08730821e+02,1.36006519e+00
3.26000000e-01,-3.83955577e-02,3.93387874e-01,-9.95306496e-03,-4.12717952e-01,9.44148071e+00,1.14941972e+01,1.09895323e-01,7.49361156e-04,1.07697417e+02,7.34373932e-01
3.28000000e-01,-3.76049254e-02,3.97203151e-01,-1.07707824e-02,-4.04984807e-01,9.59656672e+00,1.15299522e+01,1.09549485e-01,2.61516609e-04,1.07358496e+02,2.56286276e-01
3.30000000e-01,-3.68069289e-02,4.00742681e-01,-1.15728499e-02,-3.97020207e-01,9.75165272e+00,1.15640932e+01,1.09839197e-01,8.61523914e-05,1.07642413e+02,8.44293436e-02
3.32000000e-01,-3.60021500e-02,4.03989301e-01,-1.23586531e-02,-3.88740540e-01,9.90673872e+00,1.15966104e+01,1.09837834e-01,-2.03098397e-04,1.07641077e+02,-1.99036429e-01
3.34000000e-01,-3.51911648e-02,4.06946275e-01,-1.31276314e-02,-3.80189962e-01,1.00618247e+01,1.16274942e+01,1.09999431e-01,-4.47212866e-04,1.07799442e+02,-4.38268609e-01
3.36000000e-01,-3.43745635e-02,4.09605372e-01,-1.38792211e-02,-3.71351574e-01,1.02169107e+01,1.16567359e+01,1.10143364e-01,-6.76274234e-04,1.07940496e+02,-6.62748750e-01
3.38000000e-01,-3.35529394e-02,4.11970324e-01,-1.46128546e-02,-3.62238541e-01,1.03719967e+01,1.16843269e+01,1.10175547e-01,-9.22481209e-04,1.07972036e+02,-9.04031585e-01
3.40000000e-01,-3.27268728e-02,4.14049390e-01,-1.53280204e-02,-3.52893334e-01,1.05270827e+01,1.17102592e+01,1.10089005e-01,-1.21440764e-03,1.07887225e+02,-1.19011949e+00
3.42000000e-01,-3.18968508e-02,4.15965070e-01,-1.60243442e-02,-3.43422599e-01,1.06821687e+01,1.17345254e+01,1.07225617e-01,-1.65760841e-03,1.05081104e+02,-1.62445624e+00
3.44000000e-01,-3.10631308e-02,4.17703293e-01,-1.67016084e-02,-3.33798280e-01,1.08372547e+01,1.17571185e+01,1.07437155e-01,-1.86346507e-03,1.05288412e+02,-1.82619577e+00
3.46000000e-01,-3.02262501e-02,4.19122849e-01,-1.73593032e-02,-3.23822856e-01,1.09923407e+01,1.17780318e+01,1.07846338e-01,-1.86424567e-03,1.05689411e+02,-1.82696075e+00
3.48000000e-01,-2.93868432e-02,4.20236690e-01,-1.79967084e-02,-3.13560304e-01,1.11474267e+01,1.17972594e+01,1.07733330e-01,-2.17554016e-03,1.05578664e+02,-2.13202935e+00
3.50000000e-01,-2.85454805e-02,4.21084824e-01,-1.86135024e-02,-3.03234664e-01,1.13025127e+01,1.18147957e+01,1.07190579e-01,-2.61717192e-03,1.05046768e+02,-2.56482848e+00
3.52000000e-01,-2.77026769e-02,4.21673594e-01,-1.92096152e-02,-2.92861219e-01,1.14575987e+01,1.18306356e+01,1.06916527e-01,-2.93101538e-03,1.04778196e+02,-2.87239507e+00
3.54000000e-01,-2.68589702e-02,4.21986286e-01,-1.97848618e-02,-2.82359549e-01,1.16126847e+01,1.18447746e+01,1.06755881e-01,-3.17408419e-03,1.04620763e+02,-3.11060250e+00
3.56000000e-01,-2.60149514e-02,4.21969499e-01,-2.03388041e-02,-2.71483906e-01,1.17366760e+01,1.18572085e+01,1.07725789e-01,-2.94179041e-03,1.05571273e+02,-2.88295460e+00
3.58000000e-01,-2.51713258e-02,4.21602297e-01,-2.08704861e-02,-2.60141397e-01,1.17366760e+01,1.18679338e+01,1.08056156e-01,-2.95828485e-03,1.05895033e+02,-2.89911915e+00
3.60000000e-01,-2.43287668e-02,4.20898293e-01,-2.13791203e-02,-2.48424937e-01,1.17366760e+01,1.18769473e+01,1.08715266e-01,-2.88824079e-03,1.06540960e+02,-2.83047598e+00
3.62000000e-01,-2.34878774e-02,4.19977104e-01,-2.18640458e-02,-2.36498466e-01,1.17366760e+01,1.18842465e+01,1.06263097e-01,-3.21508745e-03,1.04137835e+02,-3.15078570e+00
3.64000000e-01,-2.26490108e-02,4.18827258e-01,-2.23249691e-02,-2.24354462e-01,1.17366760e+01,1.18898293e+01,1.07206065e-01,-3.09503036e-03,1.05061944e+02,-3.03312976e+00
3.66000000e-01,-2.18128146e-02,4.17308073e-01,-2.27611299e-02,-2.11709868e-01,1.17366760e+01,1.18936940e+01,1.08061498e-01,-2.79255823e-03,1.05900268e+02,-2.73670707e+00
3.68000000e-01,-2.09800081e-02,4.15444573e-01,-2.31715176e-02,-1.98628813e-01,1.17366760e+01,1.18958395e+01,1.08445996e-01,-2.77048270e-03,1.06277076e+02,-2.71507304e+00
3.70000000e-01,-2.01512546e-02,4.13253626e-01,-2.35554367e-02,-1.85235105e-01,1.17366760e+01,1.18962652e+01,1.08939014e-01,-2.69020155e-03,1.06760234e+02,-2.63639752e+00
3.72000000e-01,-1.93272084e-02,4.10740490e-01,-2.39122715e-02,-1.71561695e-01,1.17366760e+01,1.18949709e+01,1.09237733e-01,-2.69871611e-03,1.07052979e+02,-2.64474179e+00
3.74000000e-01,-1.85084995e-02,4.07917100e-01,-2.42415480e-02,-1.57685040e-01,1.17366760e+01,1.18919571e+01,1.09494196e-01,-2.73963655e-03,1.07304312e+02,-2.68484382e+00
3.76000000e-01,-1.76957414e-02,4.04791543e-01,-2.45429092e-02,-1.43654720e-01,1.17366760e+01,1.18872247e+01,1.09651253e-01,-2.81240740e-03,1.07458228e+02,-2.75615925e+00
3.78000000e-01,-1.68895336e-02,4.01365576e-01,-2.48160752e-02,-1.29486926e-01,1.17366760e+01,1.18807749e+01,1.09918909e-01,-2.84708914e-03,1.07720530e+02,-2.79014735e+00
3.80000000e-01,-1.60904817e-02,3.97635750e-01,-2.50607631e-02,-1.15178448e-01,1.17366760e+01,1.18726096e+01,1.10213733e-01,-2.87249524e-03,1.08009458e+02,-2.81504533e+00
3.82000000e-01,-1.52991129e-02,3.93722557e-01,-2.52768573e-02,-1.00972474e-01,1.17366760e+01,1.18627313e+01,1.07727637e-01,-3.37677301e-03,1.05573084e+02,-3.30923755e+00
3.84000000e-01,-1.45157071e-02,3.89635979e-01,-2.54647329e-02,-8.68862641e-02,1.17366760e+01,1.18511427e+01,1.07853656e-01,-3.39801722e-03,1.05696583e+02,-3.33005688e+00
3.86000000e-01,-1.37407627e-02,3.85258829e-01,-2.56242826e-02,-7.26204017e-02,1.17366760e+01,1.18378473e+01,1.08173786e-01,-3.23341523e-03,1.06010310e+02,-3.16874693e+00
3.88000000e-01,-1.29748657e-02,3.80590787e-01,-2.57550742e-02,-5.81441276e-02,1.17366760e+01,1.18228488e+01,1.08379932e-01,-3.14910549e-03,1.06212333e+02,-3.08612338e+00
3.90000000e-01,-1.22185887e-02,3.75639007e-01,-2.58567471e-02,-4.34998568e-02,1.17366760e+01,1.18061516e+01,1.08610311e-01,-3.03200228e-03,1.06438105e+02,-2.97136223e+00
3.92000000e-01,-1.14724932e-02,3.70411870e-01,-2.59289910e-02,-2.87316864e-02,1.17366760e+01,1.17877605e+01,1.08702540e-01,-2.99826843e-03,1.06528490e+02,-2.93830306e+00
3.94000000e-01,-1.07371165e-02,3.64921803e-01,-2.59716416e-02,-1.39151314e-02,1.17366760e+01,1.17676809e+01,1.08729002e-01,-2.99741848e-03,1.06554422e+02,-2.93747011e+00
3.96000000e-01,-1.00129770e-02,3.59175344e-01,-2.59846450e-02,9.11185090e-04,1.17366760e+01,1.17459185e+01,1.08759090e-01,-3.00240715e-03,1.06583908e+02,-2.94235901e+00
3.98000000e-01,-9.30058113e-03,3.53179937e-01,-2.59680155e-02,1.57095200e-02,1.17366760e+01,1.17224797e+01,1.08706493e-01,-3.03843917e-03,1.06532363e+02,-2.97767039e+00
4.00000000e-01,-8.60041951e-03,3.46941105e-01,-2.59218428e-02,3.04540209e-02,1.17366760e+01,1.16973712e+01,1.08706377e-01,-3.05546550e-03,1.06532249e+02,-2.99435619e+00
4.02000000e-01,-7.91291963e-03,3.40547905e-01,-2.58463551e-02,4.49649967e-02,1.17366760e+01,1.16706003e+01,1.06675389e-01,-3.42672027e-03,1.04541882e+02,-3.35818587e+00
4.04000000e-01,-7.23830600e-03,3.34037548e-01,-2.57421958e-02,5.91566012e-02,1.17366760e+01,1.16421747e+01,1.05910479e-01,-3.58283500e-03,1.03792269e+02,-3.51117830e+00
4.06000000e-01,-6.57689564e-03,3.27337901e-01,-2.56098200e-02,7.32113772e-02,1.17366760e+01,1.16121026e+01,1.05672159e-01,-3.53055499e-03,1.03558716e+02,-3.45994389e+00
4.08000000e-01,-5.92909770e-03,3.20423309e-01,-2.54493635e-02,8.72463854e-02,1.17366760e+01,1.15803928e+01,1.05616937e-01,-3.40083215e-03,1.03504598e+02,-3.33281551e+00
4.10000000e-01,-5.29534540e-03,3.13294232e-01,-2.52608444e-02,1.01266440e-01,1.17366760e+01,1.15470544e+01,1.05481648e-01,-3.29835523e-03,1.03372015e+02,-3.23238812e+00
4.12000000e-01,-4.67605726e-03,3.05960427e-01,-2.50443355e-02,1.15229735e-01,1.17366760e+01,1.15120970e+01,1.05315700e-01,-3.21637562e-03,1.03209386e+02,-3.15204811e+00
4.14000000e-01,-4.07163314e-03,2.98432452e-01,-2.47999961e-02,1.29087129e-01,1.17366760e+01,1.14755308e+01,1.05054189e-01,-3.17725201e-03,1.02953105e+02,-3.11370697e+00
4.16000000e-01,-3.48244892e-03,2.90722288e-01,-2.45280914e-02,1.42787995e-01,1.17366760e+01,1.14373663e+01,1.04731986e-01,-3.16209488e-03,1.02637346e+02,-3.09885298e+00
4.18000000e-01,-2.90886003e-03,2.82838078e-01,-2.42289753e-02,1.56292081e-01,1.17366760e+01,1.13976146e+01,1.04406745e-01,-3.16851435e-03,1.02318610e+02,-3.10514406e+00
4.20000000e-01,-2.35120658e-03,2.74788917e-01,-2.39030812e-02,1.69559002e-01,1.17366760e+01,1.13562871e+01,1.04001432e-01,-3.19977196e-03,1.01921404e+02,-3.13577652e+00
4.22000000e-01,-1.80978411e-03,2.66620141e-01,-2.35509511e-02,1.82508249e-01,1.17366760e+01,1.13133958e+01,1.02748774e-01,-3.33758083e-03,1.00693798e+02,-3.27082921e+00
4.24000000e-01,-1.28476597e-03,2.58391451e-01,-2.31733513e-02,1.95002932e-01,1.17366760e+01,1.12689532e+01,1.01082035e-01,-3.61960995e-03,9.90603946e+01,-3.54721775e+00
4.26000000e-01,-7.76267206e-04,2.50089419e-01,-2.27712317e-02,2.07059069e-01,1.17366760e+01,1.12229720e+01,1.00277740e-01,-3.68857832e-03,9.82721856e+01,-3.61480675e+00
4.28000000e-01,-2.84490108e-04,2.41664667e-01,-2.23452869e-02,2.18857373e-01,1.17366760e+01,1.11754656e+01,9.99008981e-02,-3.55713721e-03,9.79028802e+01,-3.48599446e+00
4.30000000e-01,1.90305100e-04,2.33110377e-01,-2.18959367e-02,2.30453986e-01,1.17366760e+01,1.11264476e+01,9.93939977e-02,-3.47474698e-03,9.74061178e+01,-3.40525204e+00
4.32000000e-01,6.47871935e-04,2.24436897e-01,-2.14236288e-02,2.41813847e-01,1.17366760e+01,1.10759324e+01,9.89154796e-02,-3.38400620e-03,9.69371700e+01,-3.31632607e+00
4.34000000e-01,1.08798001e-03,2.15654412e-01,-2.09288629e-02,2.52901408e-01,1.17366760e+01,1.10239344e+01,9.83126444e-02,-3.34404395e-03,9.63463915e+01,-3.27716307e+00
4.36000000e-01,1.51042331e-03,2.06772523e-01,-2.04122236e-02,2.63688336e-01,1.17366760e+01,1.09704687e+01,9.77536126e-02,-3.28140407e-03,9.57985403e+01,-3.21577599e+00
4.38000000e-01,1.91501026e-03,1.97800868e-01,-1.98743273e-02,2.74148675e-01,1.17366760e+01,1.09155508e+01,9.70709057e-02,-3.26542271e-03,9.51294876e+01,-3.20011426e+00
4.40000000e-01,2.30157371e-03,1.88749608e-01,-1.93158673e-02,2.84251569e-01,1.17366760e+01,1.08591965e+01,9.64212598e-02,-3.23803045e-03,9.44928346e+01,-3.17326984e+00
4.42000000e-01,2.66995310e-03,1.79614966e-01,-1.87375622e-02,2.93992794e-01,1.17366760e+01,1.08014222e+01,9.59749165e-02,-3.20241775e-03,9.40554181e+01,-3.13836939e+00
4.44000000e-01,3.02002998e-03,1.70474931e-01,-1.81402634e-02,3.03183125e-01,1.17366760e+01,1.07422445e+01,9.36521471e-02,-3.54487439e-03,9.17791042e+01,-3.47397690e+00
4.46000000e-01,3.35187987e-03,1.61375467e-01,-1.75252761e-02,3.11703850e-01,1.17366760e+01,1.06816806e+01,9.22807751e-02,-3.73288661e-03,9.04351596e+01,-3.65822888e+00
4.48000000e-01,3.66551130e-03,1.52245188e-01,-1.68937327e-02,3.19797520e-01,1.17366760e+01,1.06197480e+01,9.17747186e-02,-3.54238151e-03,8.99392243e+01,-3.47153388e+00
4.50000000e-01,3.96082610e-03,1.43063131e-01,-1.62462830e-02,3.27595799e-01,1.17366760e+01,1.05564645e+01,9.10425009e-02,-3.43118939e-03,8.92216508e+01,-3.36256560e+00
4.52000000e-01,4.23773759e-03,1.33841722e-01,-1.55835643e-02,3.35071959e-01,1.17366760e+01,1.04918485e+01,9.03961830e-02,-3.27484082e-03,8.85882593e+01,-3.20934400e+00
4.54000000e-01,4.49617275e-03,1.24589955e-01,-1.49062241e-02,3.42204748e-01,1.17366760e+01,1.04259187e+01,8.96044386e-02,-3.18723311e-03,8.78123499e+01,-3.12348845e+00
4.56000000e-01,4.73608648e-03,1.15321799e-01,-1.42150080e-02,3.48943518e-01,1.17366760e+01,1.03586942e+01,8.87828683e-02,-3.11721358e-03,8.70072109e+01,-3.05486931e+00
4.58000000e-01,4.95745353e-03,1.06044023e-01,-1.35107210e-02,3.55275915e-01,1.17366760e+01,1.02901943e+01,8.79842715e-02,-3.03669996e-03,8.62245861e+01,-2.97596596e+00
4.60000000e-01,5.16026476e-03,9.67695222e-02,-1.27941985e-02,3.61167110e-01,1.17366760e+01,1.02204388e+01,8.70128811e-02,-3.02213114e-03,8.52726234e+01,-2.96168852e+00
4.62000000e-01,5.34449024e-03,8.74329640e-02,-1.20662950e-02,3.66694615e-01,1.17366760e+01,1.01494480e+01,8.78924905e-02,-2.76249661e-03,8.61346407e+01,-2.70724667e+00
4.64000000e-01,5.51002392e-03,7.81373629e-02,-1.13278360e-02,3.71598272e-01,1.17366760e+01,1.00772424e+01,8.46664351e-02,-3.27871593e-03,8.29731064e+01,-3.21314161e+00
4.66000000e-01,5.65715051e-03,6.90079747e-02,-1.05805025e-02,3.75601176e-01,1.17366760e+01,1.00038428e+01,8.27701632e-02,-3.58724776e-03,8.11147599e+01,-3.51550281e+00
4.68000000e-01,5.78609850e-03,5.99426123e-02,-9.82581267e-03,3.79032094e-01,1.17366760e+01,9.92927056e+00,8.20806740e-02,-3.40261156e-03,8.04390605e+01,-3.33455933e+00
4.70000000e-01,5.89692671e-03,5.08858785e-02,-9.06455937e-03,3.82185175e-01,1.17366760e+01,9.85354711e+00,8.16268485e-02,-3.08422424e-03,7.99943115e+01,-3.02253976e+00
4.72000000e-01,5.98964699e-03,4.18366037e-02,-8.29722082e-03,3.85115016e-01,1.17366760e+01,9.77669439e+00,8.11125316e-02,-2.77620509e-03,7.94902810e+01,-2.72068098e+00
4.74000000e-01,6.06429491e-03,3.28199980e-02,-7.52430608e-03,3.87734728e-01,1.17366760e+01,9.69873463e+00,8.02172504e-02,-2.63211907e-03,7.86129054e+01,-2.57947669e+00
4.76000000e-01,6.12096981e-03,2.38676224e-02,-6.74657635e-03,3.89912826e-01,1.17366760e+01,9.61969036e+00,7.91123991e-02,-2.59303364e-03,7.75301511e+01,-2.54117297e+00
4.78000000e-01,6.15981627e-03,1.49915461e-02,-5.96497811e-03,3.91605971e-01,1.17366760e+01,9.53958446e+00,7.80809448e-02,-2.53419016e-03,7.65193259e+01,-2.48350636e+00
4.80000000e-01,6.18099024e-03,6.19684490e-03,-5.18047843e-03,3.92810219e-01,1.17366760e+01,9.45844007e+00,7.70020731e-02,-2.49903957e-03,7.54620316e+01,-2.44905878e+00
4.82000000e-01,6.18455733e-03,-2.66731833e-03,-4.39389104e-03,3.93783769e-01,1.17366760e+01,9.37628066e+00,7.96389425e-02,-1.89512577e-03,7.80461637e+01,-1.85722326e+00
4.84000000e-01,6.17037712e-03,-1.14472632e-02,-3.60580993e-03,3.94057567e-01,1.17366760e+01,9.29312999e+00,7.51137652e-02,-2.84219862e-03,7.36114899e+01,-2.78535465e+00
4.86000000e-01,6.13896738e-03,-1.99285759e-02,-2.81844767e-03,3.93151152e-01,1.17366760e+01,9.20901210e+00,7.28823533e-02,-3.24728520e-03,7.14247062e+01,-3.18233949e+00
4.88000000e-01,6.09075607e-03,-2.82700166e-02,-2.03362160e-03,3.91620385e-01,1.17366760e+01,9.12395132e+00,7.22047888e-02,-3.03093132e-03,7.07606930e+01,-2.97031269e+00
4.90000000e-01,6.02593324e-03,-3.65425642e-02,-1.25212290e-03,3.89854479e-01,1.17366760e+01,9.03797224e+00,7.17678619e-02,-2.62370343e-03,7.03325046e+01,-2.57122936e+00
4.92000000e-01,5.94462631e-03,-4.47543734e-02,-4.74287897e-04,3.87962260e-01,1.17366760e+01,8.95109972e+00,7.14156672e-02,-2.18410489e-03,6.99873538e+01,-2.14042279e+00
4.94000000e-01,5.84697244e-03,-5.28811510e-02,2.99572715e-04,3.85839935e-01,1.17366760e+01,8.86335889e+00,7.05448286e-02,-2.00034109e-03,6.91339320e+01,-1.96033427e+00
4.96000000e-01,5.73318944e-03,-6.08763317e-02,1.06877484e-03,3.83272161e-01,1.17366760e+01,8.77477510e+00,6.92366983e-02,-2.01922901e-03,6.78519643e+01,-1.97884443e+00
4.98000000e-01,5.60356831e-03,-6.87197340e-02,1.83231367e-03,3.80182914e-01,1.17366760e+01,8.68537399e+00,6.80241846e-02,-2.00291763e-03,6.66637009e+01,-1.96285928e+00
5.00000000e-01,5.45841309e-03,-7.64092652e-02,2.58917151e-03,3.76591246e-01,1.17366760e+01,8.59518139e+00,6.67945891e-02,-1.99115416e-03,6.54586973e+01,-1.95133108e+00
5.02000000e-01,5.29787734e-03,-8.41796454e-02,3.33863718e-03,3.72937350e-01,1.17366760e+01,8.50422339e+00,7.11924067e-02,-1.06135217e-03,6.97685586e+01,-1.04012513e+00
5.04000000e-01,5.12177031e-03,-9.18363418e-02,4.08044181e-03,3.68564936e-01,1.17366760e+01,8.41252629e+00,6.55440854e-02,-2.43794137e-03,6.42332037e+01,-2.38918254e+00
5.06000000e-01,4.93080866e-03,-9.90780276e-02,4.81196388e-03,3.62793099e-01,1.17366760e+01,8.32011660e+00,6.30238317e-02,-2.95142439e-03,6.17633551e+01,-2.89239590e+00
5.08000000e-01,4.72559091e-03,-1.06120658e-01,5.53121300e-03,3.56419494e-01,1.17366760e+01,8.22702105e+00,6.25391125e-02,-2.67096704e-03,6.12883302e+01,-2.61754770e+00
5.10000000e-01,4.50638509e-03,-1.13074701e-01,6.23762227e-03,3.50016509e-01,1.17366760e+01,8.13326655e+00,6.27147889e-02,-2.00131155e-03,6.14604931e+01,-1.96128532e+00
5.12000000e-01,4.27334705e-03,-1.19946329e-01,6.93133566e-03,3.43698452e-01,1.17366760e+01,8.03888021e+00,6.24875250e-02,-1.49910581e-03,6.12377745e+01,-1.46912370e+00
5.14000000e-01,4.02669033e-03,-1.26682125e-01,7.61230965e-03,3.37220780e-01,1.17366760e+01,7.94388934e+00,6.15266622e-02,-1.36090170e-03,6.02961290e+01,-1.33368367e+00
5.16000000e-01,3.76674672e-03,-1.33225673e-01,8.27992442e-03,3.30301626e-01,1.17366760e+01,7.84832138e+00,6.00903521e-02,-1.46925652e-03,5.88885451e+01,-1.43987139e+00
5.18000000e-01,3.49392342e-03,-1.39565567e-01,8.93319194e-03,3.22896202e-01,1.17366760e+01,7.75220398e+00,5.89689206e-02,-1.44534893e-03,5.77895422e+01,-1.41644195e+00
5.20000000e-01,3.20862392e-03,-1.45696271e-01,9.57119002e-03,3.15012026e-01,1.17366760e+01,7.65556493e+00,5.75059263e-02,-1.55954981e-03,5.63558078e+01,-1.52835882e+00
5.22000000e-01,2.91107236e-03,-1.51925920e-01,1.01933333e-02,3.07267658e-01,1.17366760e+01,7.55843218e+00,6.36848729e-02,-2.59898873e-04,6.24111755e+01,-2.54700895e-01
5.24000000e-01,2.60099957e-03,-1.58036592e-01,1.07998604e-02,2.98923096e-01,1.17366760e+01,7.46083380e+00,5.72315390e-02,-1.94962195e-03,5.60869082e+01,-1.91062951e+00
5.26000000e-01,2.27925551e-03,-1.63653021e-01,1.13880366e-02,2.89095113e-01,1.17366760e+01,7.36279803e+00,5.47390900e-02,-2.52940348e-03,5.36443082e+01,-2.47881541e+00
5.28000000e-01,1.94654265e-03,-1.69036707e-01,1.19559059e-02,2.78764629e-01,1.17366760e+01,7.26435320e+00,5.44868944e-02,-2.18891683e-03,5.33971565e+01,-2.14513849e+00
5.30000000e-01,1.60317326e-03,-1.74323528e-01,1.25032352e-02,2.68644265e-01,1.17366760e+01,7.16552779e+00,5.52570063e-02,-1.30230030e-03,5.41518662e+01,-1.27625429e+00
5.32000000e-01,1.24930746e-03,-1.79521984e-01,1.30306915e-02,2.58836774e-01,1.17366760e+01,7.06635037e+00,5.52894423e-02,-7.74674322e-04,5.41836534e+01,-7.59180835e-01
5.34000000e-01,8.85198323e-04,-1.84550950e-01,1.35385182e-02,2.48933075e-01,1.17366760e+01,6.96684962e+00,5.42481175e-02,-7.74753461e-04,5.31631551e+01,-7.59258392e-01
5.36000000e-01,5.11259877e-04,-1.89345598e-01,1.40261483e-02,2.38616173e-01,1.17366760e+01,6.86705431e+00,5.28468754e-02,-9.41197004e-04,5.17899379e+01,-9.22373064e-01
5.38000000e-01,1.27974449e-04,-1.93902483e-01,1.44927160e-02,2.27899077e-01,1.17366760e+01,6.76699329e+00,5.18023296e-02,-9.43883129e-04,5.07662831e+01,-9.25005466e-01
5.40000000e-01,-2.64191664e-04,-1.98221796e-01,1.49374959e-02,2.16808936e-01,1.17366760e+01,6.66669551e+00,5.04790206e-02,-1.08431981e-03,4.94694402e+01,-1.06263341e+00
5.42000000e-01,-6.65007727e-04,-2.02683582e-01,1.53602645e-02,2.06187778e-01,1.17366760e+01,6.56618996e+00,5.83856396e-02,6.48895188e-04,5.72179269e+01,6.35917285e-01
5.44000000e-01,-1.07484785e-03,-2.07028176e-01,1.57619246e-02,1.95083140e-01,1.17366760e+01,6.46550569e+00,5.10679418e-02,-1.52097148e-03,5.00465829e+01,-1.49055205e+00
5.46000000e-01,-1.49275344e-03,-2.10822309e-01,1.61395703e-02,1.82438466e-01,1.17366760e+01,6.36467184e+00,4.89186024e-02,-2.03903938e-03,4.79402304e+01,-1.99825859e+00
5.48000000e-01,-1.91797335e-03,-2.14370843e-01,1.64914360e-02,1.69430177e-01,1.17366760e+01,6.26371755e+00,4.87855210e-02,-1.77622278e-03,4.78098105e+01,-1.74069833e+00
5.50000000e-01,-2.35016110e-03,-2.17805823e-01,1.68175041e-02,1.56741465e-01,1.17366760e+01,6.16267201e+00,4.97791416e-02,-8.97214563e-04,4.87835588e+01,-8.79270272e-01
5.52000000e-01,-2.78913122e-03,-2.21142678e-01,1.71187076e-02,1.44511326e-01,1.17366760e+01,6.06156445e+00,5.00623290e-02,-3.78372876e-04,4.90610824e+01,-3.70805418e-01
5.54000000e-01,-3.23461467e-03,-2.24303828e-01,1.73955852e-02,1.32334912e-01,1.17366760e+01,5.96042409e+00,4.92969309e-02,-3.83949909e-04,4.83109923e+01,-3.76270911e-01
5.56000000e-01,-3.68618957e-03,-2.27229551e-01,1.76478816e-02,1.19909984e-01,1.17366760e+01,5.85928019e+00,4.82352312e-02,-5.34532558e-04,4.72705266e+01,-5.23841907e-01
5.58000000e-01,-4.14336880e-03,-2.29909180e-01,1.78750392e-02,1.07206163e-01,1.17366760e+01,5.75816199e+00,4.72673400e-02,-6.39665310e-04,4.63219932e+01,-6.26872004e-01
5.60000000e-01,-4.60566466e-03,-2.32346375e-01,1.80765358e-02,9.42467209e-02,1.17366760e+01,5.65709872e+00,4.63339412e-02,-7.77957530e-04,4.54072623e+01,-7.62398379e-01
5.62000000e-01,-5.07285264e-03,-2.34931070e-01,1.82524836e-02,8.19734324e-02,1.17366760e+01,5.55611962e+00,5.45175944e-02,1.05704623e-03,5.34272425e+01,1.03590530e+00
5.64000000e-01,-5.54532304e-03,-2.37416934e-01,1.84042834e-02,6.94810931e-02,1.17366760e+01,5.45525388e+00,4.78707959e-02,-1.01593053e-03,4.69133800e+01,-9.95611922e-01
5.66000000e-01,-6.02217283e-03,-2.39381505e-01,1.85295313e-02,5.56739745e-02,1.17366760e+01,5.35453067e+00,4.62207708e-02,-1.51815407e-03,4.52963554e+01,-1.48779099e+00
5.68000000e-01,-6.50268653e-03,-2.41102300e-01,1.86268089e-02,4.16111422e-02,1.17366760e+01,5.25397911e+00,4.60898253e-02,-1.40796311e-03,4.51680288e+01,-1.37980385e+00
5.70000000e-01,-6.98649783e-03,-2.42696802e-01,1.86962209e-02,2.79156951e-02,1.17366760e+01,5.15362827e+00,4.72125380e-02,-6.42215205e-04,4.62682873e+01,-6.29370901e-01
5.72000000e-01,-7.47340427e-03,-2.44187111e-01,1.87388200e-02,1.47427827e-02,1.17366760e+01,5.05350718e+00,4.76237099e-02,-2.44905152e-04,4.66712357e+01,-2.40007049e-01
5.74000000e-01,-7.96313632e-03,-2.45512490e-01,1.87553271e-02,1.77245552e-03,1.17366760e+01,4.95364478e+00,4.73508242e-02,-1.88109804e-04,4.64038078e+01,-1.84347608e-01
5.76000000e-01,-8.45531605e-03,-2.46630597e-01,1.87458887e-02,-1.12295471e-02,1.17366760e+01,4.85406996e+00,4.67933886e-02,-3.19575961e-04,4.58575208e+01,-3.13184442e-01
5.78000000e-01,-8.94951023e-03,-2.47526000e-01,1.87103543e-02,-2.43134005e-02,1.17366760e+01,4.75481149e+00,4.61772480e-02,-4.05341076e-04,4.52537031e+01,-3.97234254e-01
5.80000000e-01,-9.44527007e-03,-2.48196449e-01,1.86485916e-02,-3.74625117e-02,1.17366760e+01,4.65589809e+00,4.55809372e-02,-5.39423257e-04,4.46693185e+01,-5.28634792e-01
5.82000000e-01,-9.94239838e-03,-2.49020410e-01,1.85611231e-02,-4.96835167e-02,1.17366760e+01,4.55735836e+00,5.38196205e-02,1.42292009e-03,5.27432281e+01,1.39446169e+00
5.84000000e-01,-1.04413146e-02,-2.49788661e-01,1.84499195e-02,-6.18115301e-02,1.17366760e+01,4.45922078e+00,4.83483419e-02,-4.98264998e-04,4.73813751e+01,-4.88299698e-01
5.86000000e-01,-1.09412437e-02,-2.50092929e-01,1.83131718e-02,-7.49971730e-02,1.17366760e+01,4.36151374e+00,4.70571840e-02,-9.87042455e-04,4.61160403e+01,-9.67301606e-01
5.88000000e-01,-1.14415272e-02,-2.50158553e-01,1.81498027e-02,-8.83750232e-02,1.17366760e+01,4.26426548e+00,4.68554311e-02,-1.12963380e-03,4.59183225e+01,-1.10704112e+00
5.90000000e-01,-1.19417827e-02,-2.50081412e-01,1.79598511e-02,-1.01483894e-01,1.17366760e+01,4.16750414e+00,4.78051076e-02,-6.88425318e-04,4.68490054e+01,-6.74656811e-01
5.92000000e-01,-1.24417793e-02,-2.49894006e-01,1.77441809e-02,-1.14122046e-01,1.17366760e+01,4.07125768e+00,4.83611080e-02,-4.44510506e-04,4.73938858e+01,-4.35620296e-01
5.94000000e-01,-1.29412555e-02,-2.49551718e-01,1.75035420e-02,-1.26491583e-01,1.17366760e+01,3.97555394e+00,4.82645502e-02,-4.63311619e-04,4.72992592e+01,-4.54045387e-01
5.96000000e-01,-1.34398708e-02,-2.49036393e-01,1.72383195e-02,-1.38703730e-01,1.17366760e+01,3.88042059e+00,4.83900262e-02,-4.88043748e-04,4.74222257e+01,-4.78282873e-01
5.98000000e-01,-1.39372919e-02,-2.48357304e-01,1.69488533e-02,-1.50726590e-01,1.17366760e+01,3.78588514e+00,4.85010645e-02,-4.74596716e-04,4.75310432e+01,-4.65104781e-01
6.00000000e-01,-1.44331839e-02,-2.47504084e-01,1.66355271e-02,-1.62578633e-01,1.17366760e+01,3.69197492e+00,4.83724780e-02,-5.72264588e-04,4.74050285e+01,-5.60819297e-01
6.02000000e-01,-1.49273782e-02,-2.46755779e-01,1.62991818e-02,-1.73466294e-01,1.17366760e+01,3.59871710e+00,5.49902412e-02,1.07371714e-03,5.38904363e+01,1.05224280e+00
6.04000000e-01,-1.54201969e-02,-2.45992324e-01,1.59419486e-02,-1.83923844e-01,1.17366760e+01,3.50613863e+00,5.20442641e-02,-1.75588915e-04,5.10033788e+01,-1.72077137e-01
6.06000000e-01,-1.59111423e-02,-2.44921209e-01,1.55631735e-02,-1.94850700e-01,1.17366760e+01,3.41426628e+00,5.18130331e-02,-4.48004246e-04,5.07767725e+01,-4.39044161e-01
6.08000000e-01,-1.63997504e-02,-2.43653021e-01,1.51625159e-02,-2.05822445e-01,1.17366760e+01,3.32312662e+00,5.14328511e-02,-8.37707538e-04,5.04041941e+01,-8.20953387e-01
6.10000000e-01,-1.68856509e-02,-2.42229500e-01,1.47399898e-02,-2.16635103e-01,1.17366760e+01,3.23274601e+00,5.21555917e-02,-7.13247467e-04,5.11124798e+01,-6.98982517e-01
6.12000000e-01,-1.73685902e-02,-2.40688690e-01,1.42962165e-02,-2.27086253e-01,1.17366760e+01,3.14315058e+00,5.26406788e-02,-7.08576551e-04,5.15878652e+01,-6.94405020e-01
6.14000000e-01,-1.78483171e-02,-2.39015109e-01,1.38318361e-02,-2.37250396e-01,1.17366760e+01,3.05436623e+00,5.29759786e-02,-7.70053812e-04,5.19164591e+01,-7.54652736e-01
6.16000000e-01,-1.83245570e-02,-2.37201037e-01,1.33473865e-02,-2.47157170e-01,1.17366760e+01,2.96641864e+00,5.32527278e-02,-8.56368995e-04,5.21876733e+01,-8.39241615e-01
6.18000000e-01,-1.87970757e-02,-2.35318650e-01,1.28436070e-02,-2.56464660e-01,1.15780220e+01,2.87933324e+00,5.52446358e-02,-2.27978127e-04,5.41397431e+01,-2.23418564e-01
6.20000000e-01,-1.92658101e-02,-2.33404129e-01,1.23220423e-02,-2.65000582e-01,1.14180886e+01,2.79313520e+00,5.63360106e-02,2.15877534e-05,5.52092904e+01,2.11559983e-02
6.22000000e-01,-1.97307706e-02,-2.31607161e-01,1.17843974e-02,-2.72347572e-01,1.12581551e+01,2.70784947e+00,6.17946810e-02,1.50264476e-03,6.05587873e+01,1.47259187e+00
6.24000000e-01,-2.01922937e-02,-2.29892534e-01,1.12332946e-02,-2.78730740e-01,1.10982217e+01,2.62350068e+00,6.20345307e-02,1.25997870e-03,6.07938401e+01,1.23477912e+00
6.26000000e-01,-2.06502667e-02,-2.28066835e-01,1.06696606e-02,-2.84834686e-01,1.09382882e+01,2.54011324e+00,6.29451889e-02,1.28606026e-03,6.16862851e+01,1.26033906e+00
6.28000000e-01,-2.11045006e-02,-2.26150464e-01,1.00941831e-02,-2.90597811e-01,1.07783548e+01,2.45771126e+00,6.36315308e-02,1.15562231e-03,6.23589002e+01,1.13250987e+00
6.30000000e-01,-2.15548141e-02,-2.24152482e-01,9.50751179e-03,-2.95997396e-01,1.06184213e+01,2.37631856e+00,6.47223247e-02,1.21326480e-03,6.34278782e+01,1.18899951e+00
6.32000000e-01,-2.20010709e-02,-2.22095118e-01,8.91050269e-03,-3.00933296e-01,1.04584879e+01,2.29595869e+00,6.58951818e-02,1.27807331e-03,6.45772782e+01,1.25251185e+00
6.34000000e-01,-2.24431548e-02,-2.19978005e-01,8.30408525e-03,-3.05409281e-01,1.02985544e+01,2.21665486e+00,6.69435976e-02,1.31417585e-03,6.56047256e+01,1.28789234e+00
6.36000000e-01,-2.28809443e-02,-2.17803000e-01,7.68917427e-03,-3.09422263e-01,1.01386210e+01,2.13843003e+00,6.81250278e-02,1.37314130e-03,6.67625273e+01,1.34567847e+00
6.38000000e-01,-2.33143336e-02,-2.15578287e-01,7.06672435e-03,-3.12943065e-01,9.97868755e+00,2.06130680e+00,6.93289904e-02,1.45952029e-03,6.79424106e+01,1.43032989e+00
6.40000000e-01,-2.37432313e-02,-2.13314302e-01,6.43776444e-03,-3.15920299e-01,9.81875411e+00,1.98530748e+00,7.07177529e-02,1.61683264e-03,6.93033978e+01,1.58449598e+00
6.42000000e-01,-2.41676031e-02,-2.11068709e-01,5.80354523e-03,-3.18144515e-01,9.65882066e+00,1.91045404e+00,7.32322498e-02,2.13504896e-03,7.17676048e+01,2.09234798e+00
6.44000000e-01,-2.45875391e-02,-2.08872531e-01,5.16567608e-03,-3.19634250e-01,9.49888721e+00,1.83676812e+00,7.53094697e-02,2.24791087e-03,7.38032803e+01,2.20295266e+00
6.46000000e-01,-2.50031038e-02,-2.06692192e-01,4.52538045e-03,-3.20565717e-01,9.33895377e+00,1.76427104e+00,7.70036445e-02,2.39256809e-03,7.54635717e+01,2.34471673e+00
6.48000000e-01,-2.54143009e-02,-2.04501488e-01,3.88376653e-03,-3.20967263e-01,9.17902032e+00,1.69298376e+00,7.84328974e-02,2.44382017e-03,7.68642394e+01,2.39494377e+00
6.50000000e-01,-2.58211102e-02,-2.02311538e-01,3.24188983e-03,-3.20801225e-01,9.01908687e+00,1.62292688e+00,8.03511020e-02,2.66693829e-03,7.87440800e+01,2.61359952e+00
6.52000000e-01,-2.62235627e-02,-2.00144965e-01,2.60100356e-03,-3.19972373e-01,8.85915343e+00,1.55412068e+00,8.22733610e-02,2.91922267e-03,8.06278938e+01,2.86083821e+00
6.54000000e-01,-2.66217096e-02,-1.98007700e-01,1.96245431e-03,-3.18462644e-01,8.69921998e+00,1.48658503e+00,8.42948680e-02,3.18331713e-03,8.26089706e+01,3.11965079e+00
6.56000000e-01,-2.70156167e-02,-1.95905230e-01,1.32761343e-03,-3.16262325e-01,8.53928653e+00,1.42033948e+00,8.63106023e-02,3.46100558e-03,8.45843903e+01,3.39178547e+00
6.58000000e-01,-2.74053511e-02,-1.93833595e-01,6.97840142e-04,-3.13409382e-01,8.37935309e+00,1.35540317e+00,8.82053697e-02,3.65237889e-03,8.64412623e+01,3.57933131e+00
6.60000000e-01,-2.77909710e-02,-1.91791907e-01,7.44023387e-05,-3.09916858e-01,8.21941964e+00,1.29179489e+00,9.01666740e-02,3.91147944e-03,8.83633405e+01,3.83324985e+00
6.62000000e-01,-2.81724897e-02,-1.89706685e-01,-5.41503902e-04,-3.05939300e-01,8.05948619e+00,1.22953302e+00,9.03109392e-02,3.78899625e-03,8.85047204e+01,3.71321632e+00
6.64000000e-01,-2.85498269e-02,-1.87665236e-01,-1.14890743e-03,-3.01290692e-01,7.89955275e+00,1.16863557e+00,9.42783442e-02,4.45047103e-03,9.23927773e+01,4.36146161e+00
6.66000000e-01,-2.89232318e-02,-1.85745477e-01,-1.74611718e-03,-2.95817936e-01,7.73961930e+00,1.10912015e+00,9.62105595e-02,4.66353244e-03,9.42863483e+01,4.57026179e+00
6.68000000e-01,-2.92928323e-02,-1.83860920e-01,-2.33177787e-03,-2.89743291e-01,7.57968585e+00,1.05100396e+00,9.81257759e-02,4.87474203e-03,9.61632604e+01,4.77724719e+00
6.70000000e-01,-2.96586989e-02,-1.82011505e-01,-2.90469197e-03,-2.83071156e-01,7.41975241e+00,9.94303820e-01,1.00025974e-01,5.09653077e-03,9.80254544e+01,4.99460016e+00
6.72000000e-01,-3.00209035e-02,-1.80199903e-01,-3.46365898e-03,-2.75793819e-01,7.25981896e+00,9.39036114e-01,1.01973560e-01,5.34361160e-03,9.99340886e+01,5.23673937e+00
6.74000000e-01,-3.03795275e-02,-1.78431732e-01,-4.00745960e-03,-2.67905073e-01,7.09988551e+00,8.85216826e-01,1.03975645e-01,5.59984061e-03,1.01896132e+02,5.48784380e+00
6.76000000e-01,-3.07346665e-02,-1.76717532e-01,-4.53486835e-03,-2.59400008e-01,6.93995207e+00,8.32861519e-01,1.06140838e-01,5.88039705e-03,1.04018021e+02,5.76278911e+00
6.78000000e-01,-3.10864494e-02,-1.75081093e-01,-5.04462051e-03,-2.50236339e-01,6.78001862e+00,7.81985330e-01,1.08671169e-01,6.25034030e-03,1.06497746e+02,6.12533350e+00
6.80000000e-01,-3.14350713e-02,-1.73565411e-01,-5.53532138e-03,-2.40334271e-01,6.62008517e+00,7.32602972e-01,1.11814765e-01,6.72530893e-03,1.09578470e+02,6.59080275e+00
6.82000000e-01,-3.17806321e-02,-1.71931352e-01,-6.00597646e-03,-2.30460462e-01,6.46015173e+00,6.84728723e-01,1.08732346e-01,5.51457166e-03,1.06557699e+02,5.40428023e+00
6.84000000e-01,-3.21228862e-02,-1.70431476e-01,-6.45666134e-03,-2.19833960e-01,6.30021828e+00,6.38376427e-01,1.17750752e-01,7.65720061e-03,1.15395737e+02,7.50405660e+00
6.86000000e-01,-3.24625092e-02,-1.69158257e-01,-6.88487665e-03,-2.08554000e-01,6.14028483e+00,5.93559486e-01,1.16806181e-01,6.26976904e-03,1.14470058e+02,6.14437366e+00
6.88000000e-01,-3.27993991e-02,-1.67704880e-01,-7.29129798e-03,-1.97904952e-01,5.98035139e+00,5.50290859e-01,1.16296911e-01,5.74795253e-03,1.13970973e+02,5.63299348e+00
6.90000000e-01,-3.31334015e-02,-1.66360716e-01,-7.67602079e-03,-1.86542516e-01,5.82041794e+00,5.08583059e-01,1.22090483e-01,7.21304286e-03,1.19648673e+02,7.06878200e+00
6.92000000e-01,-3.34649598e-02,-1.65193273e-01,-8.03682961e-03,-1.74222501e-01,5.66048449e+00,4.68448145e-01,1.23137735e-01,7.23745914e-03,1.20674980e+02,7.09270995e+00
6.94000000e-01,-3.37942187e-02,-1.64091933e-01,-8.37257911e-03,-1.61405036e-01,5.50055105e+00,4.29897722e-01,1.26327607e-01,7.77236715e-03,1.23801055e+02,7.61691980e+00
6.96000000e-01,-3.41214042e-02,-1.63105516e-01,-8.68205415e-03,-1.47994234e-01,5.34061760e+00,3.92942937e-01,1.28498126e-01,8.03532391e-03,1.25928164e+02,7.87461743e+00
6.98000000e-01,-3.44466959e-02,-1.62201808e-01,-8.96426034e-03,-1.34139916e-01,5.18068415e+00,3.57594477e-01,1.30919488e-01,8.29453084e-03,1.28301098e+02,8.12864022e+00
7.00000000e-01,-3.47702730e-02,-1.61390475e-01,-9.21832785e-03,-1.19856708e-01,5.02075071e+00,3.23862562e-01,1.33301524e-01,8.56680988e-03,1.30635494e+02,8.39547369e+00
7.02000000e-01,-3.50920771e-02,-1.60308118e-01,-9.44405008e-03,-1.06117768e-01,4.86081726e+00,2.91756946e-01,1.27217338e-01,6.82394184e-03,1.24672992e+02,6.68746300e+00
7.04000000e-01,-3.54115757e-02,-1.59331100e-01,-9.64225841e-03,-9.15682517e-02,4.70088381e+00,2.61286912e-01,1.38375720e-01,9.97932925e-03,1.35608206e+02,9.77974267e+00
7.06000000e-01,-3.57296155e-02,-1.58675091e-01,-9.80954556e-03,-7.58524903e-02,4.54095037e+00,2.32461272e-01,1.37317243e-01,9.02644163e-03,1.34570899e+02,8.84591280e+00
7.08000000e-01,-3.60462374e-02,-1.57961124e-01,-9.94584816e-03,-6.04063970e-02,4.38101692e+00,2.05288360e-01,1.39609054e-01,9.21229107e-03,1.36816873e+02,9.02804525e+00
7.10000000e-01,-3.63615343e-02,-1.57358597e-01,-1.00508308e-02,-4.44499153e-02,4.22108347e+00,1.79776034e-01,1.42497687e-01,9.94131081e-03,1.39647733e+02,9.74248459e+00
7.12000000e-01,-3.66757433e-02,-1.56863372e-01,-1.01233280e-02,-2.80137976e-02,4.06115003e+00,1.55931670e-01,1.44683487e-01,1.01087855e-02,1.41789818e+02,9.90660976e+00
7.14000000e-01,-3.69890411e-02,-1.56448099e-01,-1.01627125e-02,-1.13173485e-02,3.90121658e+00,1.33762164e-01,1.46925220e-01,1.04246904e-02,1.43986715e+02,1.02161966e+01
7.16000000e-01,-3.73015939e-02,-1.56120039e-01,-1.01683979e-02,5.67828656e-03,3.74128313e+00,1.13273925e-01,1.49274268e-01,1.07217368e-02,1.46288783e+02,1.05073021e+01
7.18000000e-01,-3.76135807e-02,-1.55881124e-01,-1.01398158e-02,2.29490796e-02,3.58134969e+00,9.44728781e-02,1.51556190e-01,1.10360481e-02,1.48525066e+02,1.08153272e+01
7.20000000e-01,-3.79251783e-02,-1.55732072e-01,-1.00764213e-02,4.04904069e-02,3.42141624e+00,7.73644599e-02,1.53918437e-01,1.13730110e-02,1.50840069e+02,1.11455508e+01
7.22000000e-01,-3.82362641e-02,-1.55215851e-01,-9.97854541e-03,5.69951163e-02,3.26148279e+00,6.19536172e-02,1.45517456e-01,8.99311242e-03,1.42607107e+02,8.81325017e+00
7.24000000e-01,-3.85460986e-02,-1.54785016e-01,-9.84797894e-03,7.41923907e-02,3.10154935e+00,4.82448062e-02,1.58445358e-01,1.30064636e-02,1.55276451e+02,1.27463343e+01
7.26000000e-01,-3.88556243e-02,-1.54684259e-01,-9.68103967e-03,9.24939082e-02,2.94161590e+00,3.62419907e-02,1.55757435e-01,1.15418317e-02,1.52642287e+02,1.13109951e+01
7.28000000e-01,-3.91647557e-02,-1.54463582e-01,-9.47844747e-03,1.10129228e-01,2.78168245e+00,2.59486415e-02,1.58167641e-01,1.18903460e-02,1.55004289e+02,1.16525391e+01
7.30000000e-01,-3.94735550e-02,-1.54357574e-01,-9.24027640e-03,1.28134041e-01,2.62174901e+00,1.73677350e-02,1.60958281e-01,1.26503301e-02,1.57739116e+02,1.23973235e+01
7.32000000e-01,-3.97822442e-02,-1.54338829e-01,-8.96572376e-03,1.46420144e-01,2.46181556e+00,1.05017524e-02,1.62726773e-01,1.28655313e-02,1.59472238e+02,1.26082207e+01
7.34000000e-01,-4.00909430e-02,-1.54368996e-01,-8.65457593e-03,1.64736080e-01,2.30188211e+00,5.35267906e-03,1.64621095e-01,1.31499732e-02,1.61328673e+02,1.28869738e+01
7.36000000e-01,-4.03997647e-02,-1.54465970e-01,-8.30672716e-03,1.83130433e-01,2.14194867e+00,1.92200382e-03,1.66808550e-01,1.35195540e-02,1.63472379e+02,1.32491629e+01
7.38000000e-01,-4.07088559e-02,-1.54636476e-01,-7.92200261e-03,2.01602161e-01,1.98201522e+00,2.10718703e-04,1.68861899e-01,1.38544544e-02,1.65484661e+02,1.35773653e+01
7.40000000e-01,-4.10183544e-02,-1.54872581e-01,-7.50030027e-03,2.20101244e-01,1.82208177e+00,0.00000000e+00,1.70867002e-01,1.41718532e-02,1.67449662e+02,1.38884161e+01
7.42000000e-01,-4.13280238e-02,-1.54625178e-01,-7.04263730e-03,2.37041058e-01,1.66214833e+00,0.00000000e+00,1.60091833e-01,1.12282238e-02,1.56889996e+02,1.10036593e+01
7.44000000e-01,-4.16368765e-02,-1.54409873e-01,-6.55182954e-03,2.54440426e-01,1.50221488e+00,0.00000000e+00,1.74139908e-01,1.58307863e-02,1.70657110e+02,1.55141705e+01
7.46000000e-01,-4.19458894e-02,-1.54533679e-01,-6.02420400e-03,2.72847206e-01,1.34228143e+00,0.00000000e+00,1.70537723e-01,1.40888833e-02,1.67126969e+02,1.38071057e+01
7.48000000e-01,-4.22549032e-02,-1.54495424e-01,-5.46103679e-03,2.90359937e-01,1.18234799e+00,0.00000000e+00,1.72875758e-01,1.47515669e-02,1.69418243e+02,1.44565356e+01
7.50000000e-01,-4.25639251e-02,-1.54538149e-01,-4.86265268e-03,3.08040011e-01,1.02241454e+00,0.00000000e+00,1.74952499e-01,1.52877632e-02,1.71453449e+02,1.49820079e+01
7.52000000e-01,-4.28730854e-02,-1.54625409e-01,-4.22888609e-03,3.25706063e-01,8.62481094e-01,0.00000000e+00,1.76439849e-01,1.56202938e-02,1.72911052e+02,1.53078880e+01
7.54000000e-01,-4.31824419e-02,-1.54735445e-01,-3.55992727e-03,3.43223859e-01,7.02547648e-01,0.00000000e+00,1.78009637e-01,1.59250693e-02,1.74449444e+02,1.56065679e+01
7.56000000e-01,-4.34920423e-02,-1.54868139e-01,-2.85611057e-03,3.60561802e-01,5.42614201e-01,0.00000000e+00,1.79496136e-01,1.62411448e-02,1.75906213e+02,1.59163219e+01
7.58000000e-01,-4.38019322e-02,-1.55027399e-01,-2.11780814e-03,3.77707659e-01,3.82680755e-01,0.00000000e+00,1.81159505e-01,1.65695859e-02,1.77536315e+02,1.62381942e+01
7.60000000e-01,-4.41121680e-02,-1.55210717e-01,-1.34542438e-03,3.94636872e-01,2.22747308e-01,0.00000000e+00,1.82590101e-01,1.68828898e-02,1.78938299e+02,1.65452320e+01
7.62000000e-01,-4.44223881e-02,-1.54813572e-01,-5.40591425e-04,4.09570220e-01,6.28138612e-02,0.00000000e+00,1.70128850e-01,1.35236709e-02,1.66726273e+02,1.32531975e+01
7.64000000e-01,-4.47313961e-02,-1.54377160e-01,2.92931404e-04,4.24615759e-01,-9.71195855e-02,0.00000000e+00,1.84197579e-01,1.83032581e-02,1.80513628e+02,1.79371929e+01
7.66000000e-01,-4.50401133e-02,-1.54265711e-01,1.15841373e-03,4.40474517e-01,-2.57053032e-01,0.00000000e+00,1.80242649e-01,1.64603867e-02,1.76637796e+02,1.61311790e+01
7.68000000e-01,-4.53483285e-02,-1.53958617e-01,2.05412459e-03,4.55276015e-01,-4.16986479e-01,0.00000000e+00,1.82143239e-01,1.73576312e-02,1.78500374e+02,1.70104786e+01
7.70000000e-01,-4.56559631e-02,-1.53674455e-01,2.97949481e-03,4.70043045e-01,-5.76919925e-01,0.00000000e+00,1.83290942e-01,1.77039456e-02,1.79625124e+02,1.73498667e+01
7.72000000e-01,-4.59630127e-02,-1.53369853e-01,3.93406964e-03,4.84469420e-01,-7.36853372e-01,0.00000000e+00,1.84173367e-01,1.80003623e-02,1.80489900e+02,1.76403550e+01
7.74000000e-01,-4.62694241e-02,-1.53037635e-01,4.91712800e-03,4.98529102e-01,-8.96786819e-01,0.00000000e+00,1.85148289e-01,1.83328605e-02,1.81445324e+02,1.79662033e+01
7.76000000e-01,-4.65751469e-02,-1.52680981e-01,5.92793639e-03,5.12214343e-01,-1.05672027e+00,0.00000000e+00,1.86099483e-01,1.86528116e-02,1.82377493e+02,1.82797553e+01
7.78000000e-01,-4.68801280e-02,-1.52294313e-01,6.96569665e-03,5.25466553e-01,-1.21665371e+00,0.00000000e+00,1.86938164e-01,1.89010007e-02,1.83199401e+02,1.85229807e+01
7.80000000e-01,-4.71843011e-02,-1.51873020e-01,8.02948708e-03,5.38245531e-01,-1.37658716e+00,0.00000000e+00,1.87775117e-01,1.91739485e-02,1.84019615e+02,1.87904696e+01
7.82000000e-01,-4.74871958e-02,-1.50815371e-01,9.11717006e-03,5.48761772e-01,-1.53652061e+00,0.00000000e+00,1.74544294e-01,1.57007777e-02,1.71053409e+02,1.53867622e+01
7.84000000e-01,-4.77874936e-02,-1.49654279e-01,1.02244363e-02,5.59131004e-01,-1.69645405e+00,0.00000000e+00,1.87814786e-01,2.04432102e-02,1.84058490e+02,2.00343460e+01
7.86000000e-01,-4.80859986e-02,-1.48771659e-01,1.13541223e-02,5.70142647e-01,-1.85638750e+00,0.00000000e+00,1.83491478e-01,1.86583716e-02,1.79821648e+02,1.82852042e+01
7.88000000e-01,-4.83824396e-02,-1.47678057e-01,1.25042703e-02,5.80049582e-01,-2.01632095e+00,0.00000000e+00,1.85309146e-01,1.97634710e-02,1.81602963e+02,1.93682016e+01
7.90000000e-01,-4.86767089e-02,-1.46581641e-01,1.36742336e-02,5.89826041e-01,-2.17625439e+00,0.00000000e+00,1.85832365e-01,2.00518511e-02,1.82115718e+02,1.96508141e+01
7.92000000e-01,-4.89687180e-02,-1.45413002e-01,1.48631820e-02,5.99013811e-01,-2.33618784e+00,0.00000000e+00,1.86009922e-01,2.02225156e-02,1.82289724e+02,1.98180653e+01
7.94000000e-01,-4.92582991e-02,-1.44151558e-01,1.60698594e-02,6.07557348e-01,-2.49612129e+00,0.00000000e+00,1.86032788e-01,2.04198990e-02,1.82312132e+02,2.00115010e+01
7.96000000e-01,-4.95452637e-02,-1.42799224e-01,1.72930276e-02,6.15525245e-01,-2.65605473e+00,0.00000000e+00,1.86234072e-01,2.07583430e-02,1.82509391e+02,2.03431762e+01
7.98000000e-01,-4.98294352e-02,-1.41355770e-01,1.85315661e-02,6.22901811e-01,-2.81598818e+00,0.00000000e+00,1.86229160e-01,2.09449797e-02,1.82504576e+02,2.05260801e+01
8.00000000e-01,-5.01106224e-02,-1.39815888e-01,1.97842029e-02,6.29630542e-01,-2.97592163e+00,0.00000000e+00,1.86282435e-01,2.11852275e-02,1.82556786e+02,2.07615229e+01
8.02000000e-01,-5.03882322e-02,-1.37576273e-01,2.10484358e-02,6.33881025e-01,-3.13585507e+00,0.00000000e+00,1.72152700e-01,1.75471504e-02,1.68709646e+02,1.71962073e+01
8.04000000e-01,-5.06608308e-02,-1.35191528e-01,2.23194818e-02,6.37763590e-01,-3.29578852e+00,0.00000000e+00,1.85126872e-01,2.22274075e-02,1.81424334e+02,2.17828593e+01
8.06000000e-01,-5.09291703e-02,-1.33064718e-01,2.35998489e-02,6.42184307e-01,-3.45572197e+00,0.00000000e+00,1.80378804e-01,2.05038530e-02,1.76771228e+02,2.00937759e+01
8.08000000e-01,-5.11928903e-02,-1.30638945e-01,2.48872447e-02,6.45143739e-01,-3.61565541e+00,0.00000000e+00,1.80303557e-01,2.09980699e-02,1.76697485e+02,2.05781085e+01
8.10000000e-01,-5.14516613e-02,-1.28115963e-01,2.61801262e-02,6.47656779e-01,-3.77558886e+00,0.00000000e+00,1.80229942e-01,2.14127892e-02,1.76625343e+02,2.09845334e+01
8.12000000e-01,-5.17052518e-02,-1.25439347e-01,2.74773584e-02,6.49399678e-01,-3.93552231e+00,0.00000000e+00,1.78794442e-01,2.12339485e-02,1.75218553e+02,2.08092696e+01
8.14000000e-01,-5.19532967e-02,-1.22579759e-01,2.87771222e-02,6.50238602e-01,-4.09545575e+00,0.00000000e+00,1.77990789e-01,2.13717570e-02,1.74430973e+02,2.09443219e+01
8.16000000e-01,-5.21954708e-02,-1.19570226e-01,3.00778240e-02,6.50344444e-01,-4.25538920e+00,0.00000000e+00,1.77279759e-01,2.15532620e-02,1.73734164e+02,2.11221968e+01
8.18000000e-01,-5.24314872e-02,-1.16425065e-01,3.13780239e-02,6.49736245e-01,-4.41532265e+00,0.00000000e+00,1.76760918e-01,2.17306118e-02,1.73225699e+02,2.12959995e+01
8.20000000e-01,-5.26610711e-02,-1.13129998e-01,3.26762544e-02,6.48356241e-01,-4.57525609e+00,0.00000000e+00,1.75664341e-01,2.17883638e-02,1.72151054e+02,2.13525966e+01
8.22000000e-01,-5.28835048e-02,-1.09081477e-01,3.39697691e-02,6.44456899e-01,-4.73518954e+00,0.00000000e+00,1.60986127e-01,1.82917024e-02,1.57766404e+02,1.79258684e+01
8.24000000e-01,-5.30973040e-02,-1.04893373e-01,3.52538286e-02,6.40177368e-01,-4.89512299e+00,0.00000000e+00,1.74165739e-01,2.28266965e-02,1.70682424e+02,2.23701626e+01
8.26000000e-01,-5.33032956e-02,-1.01031189e-01,3.65309883e-02,6.36662455e-01,-5.05505643e+00,0.00000000e+00,1.70299076e-01,2.17224561e-02,1.66893095e+02,2.12880070e+01
8.28000000e-01,-5.35012492e-02,-9.68997408e-02,3.77996546e-02,6.31911948e-01,-5.21498988e+00,0.00000000e+00,1.69506459e-01,2.20474653e-02,1.66116330e+02,2.16065160e+01
8.30000000e-01,-5.36908125e-02,-9.26451546e-02,3.90582791e-02,6.26625944e-01,-5.37492333e+00,0.00000000e+00,1.68986422e-01,2.23986018e-02,1.65606693e+02,2.19506297e+01
8.32000000e-01,-5.38717231e-02,-8.82304999e-02,4.03056733e-02,6.20612403e-01,-5.53485677e+00,0.00000000e+00,1.67260779e-01,2.23047490e-02,1.63915564e+02,2.18586540e+01
8.34000000e-01,-5.40436131e-02,-8.36338526e-02,4.15401976e-02,6.13802412e-01,-5.69479022e+00,0.00000000e+00,1.66155578e-01,2.24931933e-02,1.62832467e+02,2.20433295e+01
8.36000000e-01,-5.42061613e-02,-7.88913422e-02,4.27604576e-02,6.06354532e-01,-5.85472367e+00,0.00000000e+00,1.65198531e-01,2.27120433e-02,1.61894561e+02,2.22578024e+01
8.38000000e-01,-5.43590805e-02,-7.40018385e-02,4.39651620e-02,5.98226061e-01,-6.01465711e+00,0.00000000e+00,1.63988907e-01,2.27889068e-02,1.60709129e+02,2.23331287e+01
8.40000000e-01,-5.45020572e-02,-6.89451818e-02,4.51528738e-02,5.89365608e-01,-6.17459056e+00,0.00000000e+00,1.62480284e-01,2.28759114e-02,1.59230678e+02,2.24183932e+01
8.42000000e-01,-5.46343805e-02,-6.31675344e-02,4.63211351e-02,5.78271481e-01,-6.33452401e+00,0.00000000e+00,1.48244182e-01,1.97736392e-02,1.45279298e+02,1.93781664e+01
8.44000000e-01,-5.47546592e-02,-5.72876043e-02,4.74657574e-02,5.66873682e-01,-6.49445745e+00,0.00000000e+00,1.61096796e-01,2.38785441e-02,1.57874860e+02,2.34009732e+01
8.46000000e-01,-5.48637617e-02,-5.17537941e-02,4.85891326e-02,5.56230056e-01,-6.65439090e+00,0.00000000e+00,1.57245053e-01,2.29657038e-02,1.54100152e+02,2.25063897e+01
8.48000000e-01,-5.49615007e-02,-4.59594859e-02,4.96899161e-02,5.44444333e-01,-6.81432435e+00,0.00000000e+00,1.55831064e-01,2.30585958e-02,1.52714443e+02,2.25974239e+01
8.50000000e-01,-5.50475087e-02,-4.00288144e-02,5.07665629e-02,5.32138127e-01,-6.97425779e+00,0.00000000e+00,1.54784838e-01,2.34162713e-02,1.51689141e+02,2.29479458e+01
8.52000000e-01,-5.51215094e-02,-3.39384237e-02,5.18180711e-02,5.19235685e-01,-7.13419124e+00,0.00000000e+00,1.52727659e-01,2.33144621e-02,1.49673106e+02,2.28481728e+01
8.54000000e-01,-5.51831400e-02,-2.76643814e-02,5.28429902e-02,5.05560196e-01,-7.29412469e+00,0.00000000e+00,1.51021988e-01,2.32633477e-02,1.48001548e+02,2.27980807e+01
8.56000000e-01,-5.52320642e-02,-2.12361155e-02,5.38399106e-02,4.91282846e-01,-7.45405813e+00,0.00000000e+00,1.49549385e-01,2.34811208e-02,1.46558398e+02,2.30114984e+01
8.58000000e-01,-5.52679721e-02,-1.46392959e-02,5.48077173e-02,4.76399100e-01,-7.61399158e+00,0.00000000e+00,1.47403256e-01,2.33791288e-02,1.44455191e+02,2.29115462e+01
8.60000000e-01,-5.52905095e-02,-7.87478738e-03,5.57450967e-02,4.60899929e-01,-7.77392503e+00,0.00000000e+00,1.45842432e-01,2.35347483e-02,1.42925584e+02,2.30640533e+01
8.62000000e-01,-5.52990446e-02,-4.70394992e-04,5.66502361e-02,4.43779681e-01,-7.93385847e+00,0.00000000e+00,1.32549989e-01,2.12763426e-02,1.29898989e+02,2.08508157e+01
8.64000000e-01,-5.52923381e-02,7.01349840e-03,5.75200586e-02,4.26424166e-01,-8.09379192e+00,0.00000000e+00,1.43961171e-01,2.42907659e-02,1.41081948e+02,2.38049506e+01
8.66000000e-01,-5.52712140e-02,1.41622650e-02,5.83562314e-02,4.09516504e-01,-8.25372537e+00,0.00000000e+00,1.40237541e-01,2.34177239e-02,1.37432790e+02,2.29493695e+01
8.68000000e-01,-5.52355620e-02,2.15016161e-02,5.91576203e-02,3.91852502e-01,-8.41365881e+00,0.00000000e+00,1.39246586e-01,2.38552512e-02,1.36461654e+02,2.33781462e+01
8.70000000e-01,-5.51851353e-02,2.89494371e-02,5.99234265e-02,3.73866303e-01,-8.57359226e+00,0.00000000e+00,1.37321542e-01,2.38427476e-02,1.34575111e+02,2.33658926e+01
8.72000000e-01,-5.51196292e-02,3.65997670e-02,6.06525116e-02,3.55019287e-01,-8.73352571e+00,0.00000000e+00,1.34010795e-01,2.30975551e-02,1.31330580e+02,2.26356040e+01
8.74000000e-01,-5.50386163e-02,4.44299519e-02,6.13430192e-02,3.35445630e-01,-8.89345915e+00,0.00000000e+00,1.32489369e-01,2.33119396e-02,1.29839582e+02,2.28457008e+01
8.76000000e-01,-5.49418528e-02,5.23451038e-02,6.19941377e-02,3.15637352e-01,-9.05339260e+00,0.00000000e+00,1.31267696e-01,2.35433233e-02,1.28642342e+02,2.30724568e+01
8.78000000e-01,-5.48291784e-02,6.03464036e-02,6.26053663e-02,2.95525707e-01,-9.21332605e+00,0.00000000e+00,1.29589119e-01,2.35565401e-02,1.26997336e+02,2.30854093e+01
8.80000000e-01,-5.47004036e-02,6.84430564e-02,6.31760309e-02,2.75099720e-01,-9.37325949e+00,0.00000000e+00,1.28021314e-01,2.37070739e-02,1.25460888e+02,2.32329324e+01
8.82000000e-01,-5.45550898e-02,7.70142305e-02,6.37053566e-02,2.54060877e-01,-9.53319294e+00,0.00000000e+00,1.17348979e-01,2.30348530e-02,1.15002000e+02,2.25741560e+01
8.84000000e-01,-5.43923804e-02,8.55347984e-02,6.41923282e-02,2.33102684e-01,-9.69312639e+00,0.00000000e+00,1.27911039e-01,2.45806659e-02,1.25352818e+02,2.40890526e+01
8.86000000e-01,-5.42132471e-02,9.36106273e-02,6.46380461e-02,2.12562594e-01,-9.85305983e+00,0.00000000e+00,1.26311948e-01,2.45575543e-02,1.23785709e+02,2.40664032e+01
8.88000000e-01,-5.40179306e-02,1.01697474e-01,6.50425543e-02,1.91986026e-01,-1.00129933e+01,0.00000000e+00,1.26092212e-01,2.50903825e-02,1.23570368e+02,2.45885748e+01
8.90000000e-01,-5.38064450e-02,1.09802628e-01,6.54059037e-02,1.71279760e-01,-1.01729267e+01,0.00000000e+00,1.24190762e-01,2.48128053e-02,1.21706947e+02,2.43165492e+01
8.92000000e-01,-5.35786702e-02,1.17982488e-01,6.57273949e-02,1.50155915e-01,-1.03328602e+01,0.00000000e+00,1.22520465e-01,2.46817564e-02,1.20070055e+02,2.41881213e+01
8.94000000e-01,-5.33345293e-02,1.26141061e-01,6.60065833e-02,1.29115937e-01,-1.04927936e+01,0.00000000e+00,1.22728603e-01,2.53963042e-02,1.20274031e+02,2.48883781e+01
8.96000000e-01,-5.30741132e-02,1.34288872e-01,6.62438572e-02,1.08073751e-01,-1.06527271e+01,0.00000000e+00,1.20679274e-01,2.50246373e-02,1.18265689e+02,2.45241446e+01
8.98000000e-01,-5.27973447e-02,1.42480245e-01,6.64387002e-02,8.67644965e-02,-1.08126605e+01,0.00000000e+00,1.19484784e-01,2.51227723e-02,1.17095089e+02,2.46203169e+01
9.00000000e-01,-5.25041845e-02,1.50683134e-01,6.65908703e-02,6.53879236e-02,-1.09725940e+01,0.00000000e+00,1.18050497e-01,2.51094388e-02,1.15689487e+02,2.46072501e+01
9.02000000e-01,-5.21943542e-02,1.59273076e-01,6.67001455e-02,4.38516597e-02,-1.11325274e+01,0.00000000e+00,1.07945699e-01,2.49524640e-02,1.05786785e+02,2.44534147e+01
9.04000000e-01,-5.18671986e-02,1.67703512e-01,6.67664608e-02,2.25911881e-02,-1.12924609e+01,0.00000000e+00,1.19142222e-01,2.57917930e-02,1.16759378e+02,2.52759571e+01
9.06000000e-01,-5.15239235e-02,1.75558896e-01,6.67908527e-02,1.84446545e-03,-1.14523943e+01,0.00000000e+00,1.18613007e-01,2.60741555e-02,1.16240746e+02,2.55526724e+01
9.08000000e-01,-5.11650055e-02,1.83350548e-01,6.67739076e-02,-1.87989130e-02,-1.16123277e+01,0.00000000e+00,1.17733351e-01,2.59929272e-02,1.15378684e+02,2.54730687e+01
9.10000000e-01,-5.07905185e-02,1.91146383e-01,6.67154740e-02,-3.97169380e-02,-1.17366760e+01,0.00000000e+00,1.15490009e-01,2.54226999e-02,1.13180209e+02,2.49142459e+01
9.12000000e-01,-5.04004311e-02,1.98925527e-01,6.66149670e-02,-6.07442118e-02,-1.17366760e+01,0.00000000e+00,1.14970814e-01,2.56286337e-02,1.12671397e+02,2.51160610e+01
9.14000000e-01,-4.99948396e-02,2.06669955e-01,6.64724880e-02,-8.17850964e-02,-1.17366760e+01,0.00000000e+00,1.13021847e-01,2.51991571e-02,1.10761411e+02,2.46951739e+01
9.16000000e-01,-4.95737610e-02,2.14399737e-01,6.62877640e-02,-1.02919905e-01,-1.17366760e+01,0.00000000e+00,1.11907277e-01,2.51762299e-02,1.09669132e+02,2.46727053e+01
9.18000000e-01,-4.91373009e-02,2.22039084e-01,6.60609987e-02,-1.23769324e-01,-1.17366760e+01,0.00000000e+00,1.11603411e-01,2.54827803e-02,1.09371342e+02,2.49731247e+01
9.20000000e-01,-4.86856693e-02,2.29581507e-01,6.57928928e-02,-1.44309604e-01,-1.17366760e+01,0.00000000e+00,1.10516161e-01,2.54505002e-02,1.08305838e+02,2.49414902e+01
9.22000000e-01,-4.82188952e-02,2.37243449e-01,6.54842280e-02,-1.64148386e-01,-1.17366760e+01,0.00000000e+00,1.05031239e-01,2.65224578e-02,1.02930614e+02,2.59920086e+01
9.24000000e-01,-4.77368831e-02,2.44624053e-01,6.51366489e-02,-1.83462760e-01,-1.17366760e+01,0.00000000e+00,1.13186207e-01,2.60625614e-02,1.10922482e+02,2.55413102e+01
9.26000000e-01,-4.72407161e-02,2.51528995e-01,6.47503810e-02,-2.02771105e-01,-1.17366760e+01,0.00000000e+00,1.12124107e-01,2.59911970e-02,1.09881625e+02,2.54713730e+01
9.28000000e-01,-4.67308244e-02,2.58348020e-01,6.43256416e-02,-2.21963739e-01,-1.17366760e+01,0.00000000e+00,1.11059365e-01,2.57065026e-02,1.08838178e+02,2.51923726e+01
9.30000000e-01,-4.62073846e-02,2.65076105e-01,6.38625426e-02,-2.41131459e-01,-1.17366760e+01,0.00000000e+00,1.10003671e-01,2.53897474e-02,1.07803597e+02,2.48819525e+01
9.32000000e-01,-4.56706486e-02,2.71611175e-01,6.33615148e-02,-2.59700696e-01,-1.17366760e+01,0.00000000e+00,1.11214978e-01,2.62546245e-02,1.08990678e+02,2.57295320e+01
9.34000000e-01,-4.51210594e-02,2.77966996e-01,6.28240756e-02,-2.77766427e-01,-1.17366760e+01,0.00000000e+00,1.09731774e-01,2.56861993e-02,1.07537138e+02,2.51724753e+01
9.36000000e-01,-4.45588738e-02,2.84183116e-01,6.22506200e-02,-2.95575936e-01,-1.17366760e+01,0.00000000e+00,1.09915679e-01,2.59805280e-02,1.07717366e+02,2.54609174e+01
9.38000000e-01,-4.39844574e-02,2.90203654e-01,6.16421397e-02,-3.12833626e-01,-1.17366760e+01,0.00000000e+00,1.09637583e-01,2.59822836e-02,1.07444832e+02,2.54626380e+01
9.40000000e-01,-4.33981592e-02,2.96074178e-01,6.09995032e-02,-3.29764729e-01,-1.17366760e+01,0.00000000e+00,1.08659045e-01,2.57549090e-02,1.06485864e+02,2.52398108e+01
9.42000000e-01,-4.28002393e-02,3.01826694e-01,6.03240055e-02,-3.45309056e-01,-1.17366760e+01,0.00000000e+00,1.07537704e-01,2.79346480e-02,1.05386950e+02,2.73759550e+01
9.44000000e-01,-4.21911054e-02,3.07199839e-01,5.96187806e-02,-3.60083056e-01,-1.17366760e+01,0.00000000e+00,1.12573780e-01,2.63703258e-02,1.10322304e+02,2.58429193e+01
9.46000000e-01,-4.15717262e-02,3.12143722e-01,5.88835551e-02,-3.75034250e-01,-1.17366760e+01,0.00000000e+00,1.12532588e-01,2.65185416e-02,1.10281936e+02,2.59881708e+01
9.48000000e-01,-4.09426495e-02,3.16909040e-01,5.81188655e-02,-3.89652592e-01,-1.17366760e+01,0.00000000e+00,1.11630605e-01,2.59825364e-02,1.09397993e+02,2.54628857e+01
9.50000000e-01,-4.03042019e-02,3.21506537e-01,5.73250799e-02,-4.04068257e-01,-1.17366760e+01,0.00000000e+00,1.11261170e-01,2.58158909e-02,1.09035946e+02,2.52995731e+01
9.52000000e-01,-3.96568249e-02,3.25801733e-01,5.65031808e-02,-4.17601522e-01,-1.17366760e+01,0.00000000e+00,1.13427705e-01,2.66661719e-02,1.11159151e+02,2.61328484e+01
9.54000000e-01,-3.90011743e-02,3.29827996e-01,5.56551194e-02,-4.30466468e-01,-1.17366760e+01,0.00000000e+00,1.12209682e-01,2.60124265e-02,1.09965489e+02,2.54921779e+01
9.56000000e-01,-3.83376560e-02,3.33639718e-01,5.47816081e-02,-4.42891706e-01,-1.17366760e+01,0.00000000e+00,1.13040258e-01,2.63463810e-02,1.10779453e+02,2.58194534e+01
9.58000000e-01,-3.76667950e-02,3.37181995e-01,5.38840522e-02,-4.54567593e-01,-1.17366760e+01,0.00000000e+00,1.13044085e-01,2.63078962e-02,1.10783203e+02,2.57817382e+01
9.60000000e-01,-3.69890691e-02,3.40512566e-01,5.29636288e-02,-4.65806978e-01,-1.17366760e+01,0.00000000e+00,1.12468531e-01,2.59523156e-02,1.10219160e+02,2.54332693e+01
9.62000000e-01,-3.63049946e-02,3.43468463e-01,5.20221194e-02,-4.75103898e-01,-1.17366760e+01,0.00000000e+00,1.16227396e-01,2.90441595e-02,1.13902848e+02,2.84632763e+01
9.64000000e-01,-3.56154851e-02,3.45989579e-01,5.10637846e-02,-4.83543698e-01,-1.17366760e+01,0.00000000e+00,1.17010066e-01,2.63856776e-02,1.14669864e+02,2.58579641e+01
9.66000000e-01,-3.49212498e-02,3.48190346e-01,5.00876677e-02,-4.92398900e-01,-1.17366760e+01,0.00000000e+00,1.18055073e-01,2.67814643e-02,1.15693972e+02,2.62458350e+01
9.68000000e-01,-3.42229107e-02,3.50110764e-01,4.90946098e-02,-5.00622987e-01,-1.17366760e+01,0.00000000e+00,1.17868348e-01,2.62951068e-02,1.15510981e+02,2.57692047e+01
9.70000000e-01,-3.35209850e-02,3.51763808e-01,4.80854935e-02,-5.08370578e-01,-1.17366760e+01,0.00000000e+00,1.18579850e-01,2.63432466e-02,1.16208253e+02,2.58163817e+01
9.72000000e-01,-3.28160913e-02,3.53063126e-01,4.70617697e-02,-5.15154864e-01,-1.17366760e+01,0.00000000e+00,1.20385317e-01,2.68574742e-02,1.17977611e+02,2.63203247e+01
9.74000000e-01,-3.21089334e-02,3.54061096e-01,4.60253197e-02,-5.21270660e-01,-1.17366760e+01,0.00000000e+00,1.19853048e-01,2.62682708e-02,1.17455987e+02,2.57429054e+01
9.76000000e-01,-3.14000206e-02,3.54798524e-01,4.49770043e-02,-5.26910715e-01,-1.17366760e+01,0.00000000e+00,1.20689675e-01,2.63608171e-02,1.18275882e+02,2.58336007e+01
9.78000000e-01,-3.06899426e-02,3.55231090e-01,4.39181651e-02,-5.31818421e-01,-1.17366760e+01,0.00000000e+00,1.21182289e-01,2.62948956e-02,1.18758643e+02,2.57689977e+01
9.80000000e-01,-2.99792947e-02,3.55365987e-01,4.28501782e-02,-5.36054774e-01,-1.17366760e+01,0.00000000e+00,1.21844949e-01,2.62460653e-02,1.19408050e+02,2.57211440e+01
9.82000000e-01,-2.92689362e-02,3.54814555e-01,4.17756108e-02,-5.37794355e-01,-1.17366760e+01,0.00000000e+00,1.31419597e-01,3.00015318e-02,1.28791205e+02,2.94015011e+01
9.84000000e-01,-2.85603239e-02,3.53831929e-01,4.06994923e-02,-5.38796646e-01,-1.17366760e+01,0.00000000e+00,1.26132081e-01,2.62565435e-02,1.23609440e+02,2.57314126e+01
9.86000000e-01,-2.78536730e-02,3.52752585e-01,3.96198960e-02,-5.40591299e-01,-1.17366760e+01,0.00000000e+00,1.27906920e-01,2.67968976e-02,1.25348782e+02,2.62609597e+01
9.88000000e-01,-2.71495360e-02,3.51339603e-01,3.85376288e-02,-5.41633413e-01,-1.17366760e+01,0.00000000e+00,1.28174667e-01,2.62904719e-02,1.25611173e+02,2.57646624e+01
9.90000000e-01,-2.64485265e-02,3.49608754e-01,3.74537720e-02,-5.42061130e-01,-1.17366760e+01,0.00000000e+00,1.29605308e-01,2.65383918e-02,1.27013202e+02,2.60076240e+01
9.92000000e-01,-2.57513579e-02,3.47492619e-01,3.63700558e-02,-5.41481692e-01,-1.17366760e+01,0.00000000e+00,1.31478226e-01,2.68561587e-02,1.28848662e+02,2.63190355e+01
9.94000000e-01,-2.50587694e-02,3.45056432e-01,3.52882442e-02,-5.40303775e-01,-1.17366760e+01,0.00000000e+00,1.31420517e-01,2.62486870e-02,1.28792107e+02,2.57237132e+01
9.96000000e-01,-2.43713400e-02,3.42308459e-01,3.42092381e-02,-5.38529856e-01,-1.17366760e+01,0.00000000e+00,1.33141220e-01,2.65650762e-02,1.30478396e+02,2.60337747e+01
9.98000000e-01,-2.36897608e-02,3.39222723e-01,3.31346140e-02,-5.36022202e-01,-1.17366760e+01,0.00000000e+00,1.33736835e-01,2.62526243e-02,1.31062098e+02,2.57275718e+01
1.00000000e+00,-2.30146494e-02,3.35836582e-01,3.20655142e-02,-5.32967328e-01,-1.17366760e+01,0.00000000e+00,1.34636145e-01,2.61852074e-02,1.31943422e+02,2.56615032e+01
1.00200000e+00,-2.23470456e-02,3.31503806e-01,3.10047268e-02,-5.26939665e-01,-1.17366760e+01,0.00000000e+00,1.50390770e-01,3.09749998e-02,1.47382955e+02,3.03554998e+01
1.00400000e+00,-2.16888880e-02,3.26790289e-01,2.99581079e-02,-5.20383341e-01,-1.17366760e+01,0.00000000e+00,1.38140513e-01,2.57967340e-02,1.35377703e+02,2.52807993e+01
1.00600000e+00,-2.10397679e-02,3.22251596e-01,2.89222732e-02,-5.15207353e-01,-1.17366760e+01,0.00000000e+00,1.40988472e-01,2.65958962e-02,1.38168703e+02,2.60639783e+01
1.00800000e+00,-2.04001331e-02,3.17335787e-01,2.78978679e-02,-5.09147275e-01,-1.17366760e+01,0.00000000e+00,1.41711336e-01,2.61865492e-02,1.38877110e+02,2.56628182e+01
1.01000000e+00,-1.97706395e-02,3.12097837e-01,2.68860717e-02,-5.02505883e-01,-1.17366760e+01,0.00000000e+00,1.43356196e-01,2.63680015e-02,1.40489072e+02,2.58406414e+01
1.01200000e+00,-1.91519860e-02,3.06493521e-01,2.58884182e-02,-4.95003852e-01,-1.17366760e+01,0.00000000e+00,1.45199463e-01,2.65648099e-02,1.42295473e+02,2.60335137e+01
1.01400000e+00,-1.85448572e-02,3.00601538e-01,2.49063402e-02,-4.87076015e-01,-1.17366760e+01,0.00000000e+00,1.45098170e-01,2.58555614e-02,1.42196207e+02,2.53384502e+01
1.01600000e+00,-1.79497807e-02,2.94408240e-01,2.39404638e-02,-4.78623760e-01,-1.17366760e+01,0.00000000e+00,1.47357610e-01,2.62823651e-02,1.44410458e+02,2.57567178e+01
1.01800000e+00,-1.73674531e-02,2.87871608e-01,2.29923246e-02,-4.69452390e-01,-1.17366760e+01,0.00000000e+00,1.48340782e-01,2.60067824e-02,1.45373966e+02,2.54866467e+01
1.02000000e+00,-1.67984846e-02,2.81049614e-01,2.20629355e-02,-4.59859208e-01,-1.17366760e+01,0.00000000e+00,1.49353488e-01,2.58361652e-02,1.46366419e+02,2.53194419e+01
1.02200000e+00,-1.62440453e-02,2.73041718e-01,2.11550712e-02,-4.46991431e-01,-1.17366760e+01,0.00000000e+00,1.71494862e-01,3.15783740e-02,1.68064965e+02,3.09468066e+01
1.02400000e+00,-1.57065076e-02,2.64748860e-01,2.02751277e-02,-4.33886554e-01,-1.17366760e+01,0.00000000e+00,1.51589353e-01,2.50710462e-02,1.48557566e+02,2.45696253e+01
1.02600000e+00,-1.51846951e-02,2.56988224e-01,1.94181094e-02,-4.22904953e-01,-1.17366760e+01,0.00000000e+00,1.54767191e-01,2.58929137e-02,1.51671847e+02,2.53750555e+01
1.02800000e+00,-1.46788092e-02,2.48845879e-01,1.85841381e-02,-4.10978067e-01,-1.17366760e+01,0.00000000e+00,1.56346150e-01,2.58589820e-02,1.53219227e+02,2.53418023e+01
1.03000000e+00,-1.41895253e-02,2.40382956e-01,1.77746298e-02,-3.98402131e-01,-1.17366760e+01,0.00000000e+00,1.58229795e-01,2.60937489e-02,1.55065199e+02,2.55718739e+01
1.03200000e+00,-1.37174827e-02,2.31612060e-01,1.69909487e-02,-3.85197616e-01,-1.17366760e+01,0.00000000e+00,1.59653656e-01,2.60534686e-02,1.56460583e+02,2.55323992e+01
1.03400000e+00,-1.32632340e-02,2.22605699e-01,1.62339954e-02,-3.71759130e-01,-1.17366760e+01,0.00000000e+00,1.59987183e-01,2.54980074e-02,1.56787439e+02,2.49880473e+01
1.03600000e+00,-1.28272131e-02,2.13369575e-01,1.55040662e-02,-3.58089648e-01,-1.17366760e+01,0.00000000e+00,1.61425758e-01,2.54900250e-02,1.58197243e+02,2.49802245e+01
1.03800000e+00,-1.24099348e-02,2.03864854e-01,1.48019313e-02,-3.43978495e-01,-1.17366760e+01,0.00000000e+00,1.62818586e-01,2.54162950e-02,1.59562214e+02,2.49079691e+01
1.04000000e+00,-1.20119250e-02,1.94103254e-01,1.41284053e-02,-3.29487714e-01,-1.17366760e+01,0.00000000e+00,1.64139644e-01,2.53187936e-02,1.60856851e+02,2.48124177e+01
1.04200000e+00,-1.16344164e-02,1.82999785e-01,1.34861442e-02,-3.11751720e-01,-1.17366760e+01,0.00000000e+00,1.91049109e-01,3.13036622e-02,1.87228127e+02,3.06775889e+01
1.04400000e+00,-1.12800342e-02,1.71733783e-01,1.28813691e-02,-2.94059415e-01,-1.17366760e+01,0.00000000e+00,1.64997274e-01,2.43554843e-02,1.61697329e+02,2.38683746e+01
1.04600000e+00,-1.09469116e-02,1.61322246e-01,1.23082130e-02,-2.78907358e-01,-1.17366760e+01,0.00000000e+00,1.68320948e-01,2.51467753e-02,1.64954529e+02,2.46438398e+01
1.04800000e+00,-1.06349601e-02,1.50588409e-01,1.17662497e-02,-2.62990406e-01,-1.17366760e+01,0.00000000e+00,1.69938383e-01,2.51802964e-02,1.66539615e+02,2.46766904e+01
1.05000000e+00,-1.03447426e-02,1.39577678e-01,1.12566605e-02,-2.46459719e-01,-1.17366760e+01,0.00000000e+00,1.72377363e-01,2.57003315e-02,1.68929816e+02,2.51863249e+01
1.05200000e+00,-1.00767911e-02,1.28354395e-01,1.07806260e-02,-2.29606207e-01,-1.17366760e+01,0.00000000e+00,1.72672078e-01,2.51709657e-02,1.69218636e+02,2.46675464e+01
1.05400000e+00,-9.83141125e-03,1.17001808e-01,1.03381687e-02,-2.12853177e-01,-1.17366760e+01,0.00000000e+00,1.73349508e-01,2.48504994e-02,1.69882518e+02,2.43534894e+01
1.05600000e+00,-9.60889991e-03,1.05475125e-01,9.92931491e-03,-1.95947811e-01,-1.17366760e+01,0.00000000e+00,1.74876919e-01,2.48997617e-02,1.71379381e+02,2.44017664e+01
1.05800000e+00,-9.40961995e-03,9.37846473e-02,9.55444001e-03,-1.78948643e-01,-1.17366760e+01,0.00000000e+00,1.75502539e-01,2.45049097e-02,1.71992488e+02,2.40148115e+01
1.06000000e+00,-9.23387102e-03,8.19296263e-02,9.21359982e-03,-1.61830285e-01,-1.17366760e+01,0.00000000e+00,1.77238931e-01,2.46560623e-02,1.73694153e+02,2.41629410e+01
1.06200000e+00,-9.08284221e-03,6.86635500e-02,8.90922334e-03,-1.41555704e-01,-1.17366760e+01,0.00000000e+00,2.07189901e-01,3.06871326e-02,2.03046103e+02,3.00733899e+01
1.06400000e+00,-8.95921872e-03,5.53945849e-02,8.64708786e-03,-1.21714524e-01,-1.17366760e+01,0.00000000e+00,1.76241332e-01,2.33633130e-02,1.72716505e+02,2.28960467e+01
1.06600000e+00,-8.86051276e-03,4.32522465e-02,8.42046177e-03,-1.04728394e-01,-1.17366760e+01,0.00000000e+00,1.80008539e-01,2.43637680e-02,1.76408368e+02,2.38764927e+01
1.06800000e+00,-8.78636877e-03,3.08713729e-02,8.22856100e-03,-8.71622328e-02,-1.17366760e+01,0.00000000e+00,1.81159559e-01,2.42994906e-02,1.77536368e+02,2.38135008e+01
1.07000000e+00,-8.73714084e-03,1.83201583e-02,8.07207231e-03,-6.92069139e-02,-1.17366760e+01,0.00000000e+00,1.83536016e-01,2.49497744e-02,1.79865296e+02,2.44507789e+01
1.07200000e+00,-8.71317142e-03,5.64401212e-03,7.95186391e-03,-5.10557476e-02,-1.17366760e+01,0.00000000e+00,1.83831492e-01,2.45314178e-02,1.80154862e+02,2.40407894e+01
1.07400000e+00,-8.71457633e-03,-7.04944584e-03,7.86759897e-03,-3.32800668e-02,-1.17366760e+01,0.00000000e+00,1.83900207e-01,2.40339671e-02,1.80222202e+02,2.35532878e+01
1.07600000e+00,-8.74140469e-03,-1.97961175e-02,7.81863161e-03,-1.56724295e-02,-1.17366760e+01,0.00000000e+00,1.85242005e-01,2.41015599e-02,1.81537165e+02,2.36195287e+01
1.07800000e+00,-8.79380676e-03,-3.26117261e-02,7.80484911e-03,1.84501060e-03,-1.17366760e+01,0.00000000e+00,1.85886567e-01,2.38177856e-02,1.82168836e+02,2.33414299e+01
1.08000000e+00,-8.87190430e-03,-4.55063955e-02,7.82601125e-03,1.93618369e-02,-1.17366760e+01,0.00000000e+00,1.87674428e-01,2.41233716e-02,1.83920940e+02,2.36409042e+01
1.08200000e+00,-8.97672474e-03,-5.97395695e-02,7.88419044e-03,3.97192207e-02,-1.17366760e+01,0.00000000e+00,2.17963189e-01,2.98552919e-02,2.13603926e+02,2.92581861e+01
1.08400000e+00,-9.11077300e-03,-7.38384140e-02,7.98443735e-03,5.94007436e-02,-1.17366760e+01,0.00000000e+00,1.85570311e-01,2.28394553e-02,1.81858905e+02,2.23826662e+01
1.08600000e+00,-9.27124070e-03,-8.66807549e-02,8.11992388e-03,7.62781095e-02,-1.17366760e+01,0.00000000e+00,1.89859764e-01,2.41561045e-02,1.86062569e+02,2.36729824e+01
1.08800000e+00,-9.45758963e-03,-9.96635113e-02,8.28982044e-03,9.35614435e-02,-1.17366760e+01,0.00000000e+00,1.90319658e-01,2.39272144e-02,1.86513265e+02,2.34486701e+01
1.09000000e+00,-9.66992950e-03,-1.12698401e-01,8.49428363e-03,1.11015702e-01,-1.17366760e+01,0.00000000e+00,1.92758246e-01,2.47998881e-02,1.88903081e+02,2.43038903e+01
1.09200000e+00,-9.90838746e-03,-1.25739632e-01,8.73385877e-03,1.28433280e-01,-1.17366760e+01,0.00000000e+00,1.92361141e-01,2.41853116e-02,1.88513918e+02,2.37016053e+01
1.09400000e+00,-1.01727953e-02,-1.38641814e-01,9.00746727e-03,1.45026729e-01,-1.17366760e+01,0.00000000e+00,1.91614669e-01,2.34540760e-02,1.87782376e+02,2.29849945e+01
1.09600000e+00,-1.04629207e-02,-1.51492975e-01,9.31376013e-03,1.61311845e-01,-1.17366760e+01,0.00000000e+00,1.93484895e-01,2.39690520e-02,1.89615197e+02,2.34896710e+01
1.09800000e+00,-1.07787408e-02,-1.64304506e-01,9.65255083e-03,1.77351288e-01,-1.17366760e+01,0.00000000e+00,1.93214358e-01,2.34157976e-02,1.89350071e+02,2.29474816e+01
1.10000000e+00,-1.11200834e-02,-1.77033046e-01,1.00228806e-02,1.92963755e-01,-1.17366760e+01,0.00000000e+00,1.94280107e-01,2.35954909e-02,1.90394505e+02,2.31235811e+01
1.10200000e+00,-1.14876643e-02,-1.90948520e-01,1.04259654e-02,2.10915185e-01,-1.17366760e+01,0.00000000e+00,2.23895366e-01,2.88941180e-02,2.19417459e+02,2.83162356e+01
1.10400000e+00,-1.18836750e-02,-2.04560402e-01,1.08658517e-02,2.27832475e-01,-1.17366760e+01,0.00000000e+00,1.90361083e-01,2.20458678e-02,1.86553861e+02,2.16049505e+01
1.10600000e+00,-1.23049696e-02,-2.16767909e-01,1.13353863e-02,2.41886480e-01,-1.17366760e+01,0.00000000e+00,1.94468319e-01,2.35491834e-02,1.90578952e+02,2.30781997e+01
1.10800000e+00,-1.27507749e-02,-2.29017707e-01,1.18336472e-02,2.56314793e-01,-1.17366760e+01,0.00000000e+00,1.94938451e-01,2.35374264e-02,1.91039682e+02,2.30666779e+01
1.11000000e+00,-1.32209833e-02,-2.41181807e-01,1.23605693e-02,2.70628820e-01,-1.17366760e+01,0.00000000e+00,1.96254514e-01,2.40562098e-02,1.92329424e+02,2.35750856e+01
1.11200000e+00,-1.37154114e-02,-2.53209794e-01,1.29159390e-02,2.84607741e-01,-1.17366760e+01,0.00000000e+00,1.95744778e-01,2.36216655e-02,1.91829883e+02,2.31492322e+01
1.11400000e+00,-1.42336715e-02,-2.65011334e-01,1.34984568e-02,2.97771595e-01,-1.17366760e+01,0.00000000e+00,1.95145399e-01,2.31721193e-02,1.91242491e+02,2.27086769e+01
1.11600000e+00,-1.47753234e-02,-2.76612924e-01,1.41066091e-02,3.10311052e-01,-1.17366760e+01,0.00000000e+00,1.95446679e-01,2.31746980e-02,1.91537745e+02,2.27112040e+01
1.11800000e+00,-1.53400088e-02,-2.88042898e-01,1.47394016e-02,3.22401460e-01,-1.17366760e+01,0.00000000e+00,1.95698091e-01,2.31285885e-02,1.91784129e+02,2.26660168e+01
1.12000000e+00,-1.59273833e-02,-2.99305392e-01,1.53959448e-02,3.34086818e-01,-1.17366760e+01,0.00000000e+00,1.96281912e-01,2.32576223e-02,1.92356274e+02,2.27924698e+01
1.12200000e+00,-1.65378623e-02,-3.11515639e-01,1.60769539e-02,3.47579383e-01,-1.17366760e+01,0.00000000e+00,2.22779634e-01,2.78895516e-02,2.18324041e+02,2.73317605e+01
1.12400000e+00,-1.71731843e-02,-3.23333522e-01,1.67855725e-02,3.60037395e-01,-1.17366760e+01,0.00000000e+00,1.92249556e-01,2.20929116e-02,1.88404565e+02,2.16510534e+01
1.12600000e+00,-1.78302483e-02,-3.33729401e-01,1.75152699e-02,3.69745148e-01,-1.17366760e+01,0.00000000e+00,1.94872496e-01,2.31552498e-02,1.90975046e+02,2.26921448e+01
1.12800000e+00,-1.85080210e-02,-3.44004030e-01,1.82645728e-02,3.79482531e-01,-1.17366760e+01,0.00000000e+00,1.94907038e-01,2.32215349e-02,1.91008897e+02,2.27571042e+01
1.13000000e+00,-1.92061223e-02,-3.54065400e-01,1.90330077e-02,3.88931429e-01,-1.17366760e+01,0.00000000e+00,1.95546764e-01,2.36436174e-02,1.91635829e+02,2.31707451e+01
1.13200000e+00,-1.99241059e-02,-3.63861753e-01,1.98199331e-02,3.97832259e-01,-1.17366760e+01,0.00000000e+00,1.94535170e-01,2.31916196e-02,1.90644466e+02,2.27277872e+01
1.13400000e+00,-2.06613612e-02,-3.73345981e-01,2.06237981e-02,4.05925253e-01,-1.17366760e+01,0.00000000e+00,1.94232761e-01,2.30929996e-02,1.90348106e+02,2.26311396e+01
1.13600000e+00,-2.14173093e-02,-3.82559359e-01,2.14432622e-02,4.13460464e-01,-1.17366760e+01,0.00000000e+00,1.94339333e-01,2.31883887e-02,1.90452546e+02,2.27246209e+01
1.13800000e+00,-2.21914053e-02,-3.91482739e-01,2.22772242e-02,4.20372221e-01,-1.17366760e+01,0.00000000e+00,1.93738768e-01,2.29728668e-02,1.89863992e+02,2.25134095e+01
1.14000000e+00,-2.29830518e-02,-4.00123537e-01,2.31243880e-02,4.26739336e-01,-1.17366760e+01,0.00000000e+00,1.94163145e-01,2.32528004e-02,1.90279883e+02,2.27877444e+01
1.14200000e+00,-2.37922841e-02,-4.09341271e-01,2.39847859e-02,4.34012783e-01,-1.17366760e+01,0.00000000e+00,2.13789543e-01,2.61015732e-02,2.09513753e+02,2.55795417e+01
1.14400000e+00,-2.46200887e-02,-4.18066784e-01,2.48596793e-02,4.40146884e-01,-1.17366760e+01,0.00000000e+00,1.89381593e-01,2.21083580e-02,1.85593961e+02,2.16661908e+01
1.14600000e+00,-2.54637087e-02,-4.25528524e-01,2.57439927e-02,4.44210003e-01,-1.17366760e+01,0.00000000e+00,1.91114659e-01,2.30162426e-02,1.87292366e+02,2.25559178e+01
1.14800000e+00,-2.63220266e-02,-4.32725945e-01,2.66363341e-02,4.47995312e-01,-1.17366760e+01,0.00000000e+00,1.90182210e-01,2.27984064e-02,1.86378566e+02,2.23424383e+01
1.15000000e+00,-2.71943947e-02,-4.39596755e-01,2.75356709e-02,4.51326073e-01,-1.17366760e+01,0.00000000e+00,1.90575755e-01,2.33455473e-02,1.86764240e+02,2.28786363e+01
1.15200000e+00,-2.80801923e-02,-4.46135554e-01,2.84413283e-02,4.54191768e-01,-1.17366760e+01,0.00000000e+00,1.89628030e-01,2.31148004e-02,1.85835470e+02,2.26525044e+01
1.15400000e+00,-2.89786552e-02,-4.52251801e-01,2.93518009e-02,4.56101993e-01,-1.17366760e+01,0.00000000e+00,1.88010963e-01,2.26398387e-02,1.84250744e+02,2.21870419e+01
1.15600000e+00,-2.98889446e-02,-4.57985692e-01,3.02652881e-02,4.57339953e-01,-1.17366760e+01,0.00000000e+00,1.88100711e-01,2.30081719e-02,1.84338697e+02,2.25480084e+01
1.15800000e+00,-3.08103551e-02,-4.63355299e-01,3.11807816e-02,4.58009374e-01,-1.17366760e+01,0.00000000e+00,1.86998131e-01,2.27539915e-02,1.83258168e+02,2.22989117e+01
1.16000000e+00,-3.17421042e-02,-4.68332556e-01,3.20968624e-02,4.57984164e-01,-1.17366760e+01,0.00000000e+00,1.86518085e-01,2.28588020e-02,1.82787723e+02,2.24016260e+01
1.16200000e+00,-3.26837879e-02,-4.73463727e-01,3.30128947e-02,4.58223549e-01,-1.17366760e+01,0.00000000e+00,1.98261401e-01,2.46179669e-02,1.94296173e+02,2.41256075e+01
1.16400000e+00,-3.36356287e-02,-4.78099360e-01,3.39291788e-02,4.57596430e-01,-1.17366760e+01,0.00000000e+00,1.82688762e-01,2.23490547e-02,1.79034987e+02,2.19020736e+01
1.16600000e+00,-3.45955553e-02,-4.81789870e-01,3.48424260e-02,4.55687766e-01,-1.17366760e+01,0.00000000e+00,1.83997310e-01,2.32334324e-02,1.80317364e+02,2.27687637e+01
1.16800000e+00,-3.55625664e-02,-4.85147713e-01,3.57517413e-02,4.53496259e-01,-1.17366760e+01,0.00000000e+00,1.82795191e-01,2.30552330e-02,1.79139287e+02,2.25941283e+01
1.17000000e+00,-3.65358842e-02,-4.88112661e-01,3.66561093e-02,4.50852081e-01,-1.17366760e+01,0.00000000e+00,1.82749499e-01,2.35762977e-02,1.79094509e+02,2.31047717e+01
1.17200000e+00,-3.75147621e-02,-4.90695252e-01,3.75548807e-02,4.47804549e-01,-1.17366760e+01,0.00000000e+00,1.81840525e-01,2.34937499e-02,1.78203714e+02,2.30238749e+01
1.17400000e+00,-3.84983613e-02,-4.92822141e-01,3.84467810e-02,4.43937413e-01,-1.17366760e+01,0.00000000e+00,1.80121333e-01,2.31316053e-02,1.76518907e+02,2.26689732e+01
1.17600000e+00,-3.94857669e-02,-4.94523343e-01,3.93302486e-02,4.39497668e-01,-1.17366760e+01,0.00000000e+00,1.79946604e-01,2.35557375e-02,1.76347672e+02,2.30846227e+01
1.17800000e+00,-4.04761921e-02,-4.95830677e-01,4.02044885e-02,4.34633296e-01,-1.17366760e+01,0.00000000e+00,1.78997171e-01,2.34911678e-02,1.75417227e+02,2.30213445e+01
1.18000000e+00,-4.14688041e-02,-4.96709897e-01,4.10683709e-02,4.29152746e-01,-1.17366760e+01,0.00000000e+00,1.78041763e-01,2.34986946e-02,1.74480928e+02,2.30287207e+01
1.18200000e+00,-4.24628118e-02,-4.97259217e-01,4.19206718e-02,4.23030710e-01,-1.17366760e+01,0.00000000e+00,1.79400252e-01,2.33647114e-02,1.75812247e+02,2.28974171e+01
1.18400000e+00,-4.34575082e-02,-4.97309329e-01,4.27600060e-02,4.16177034e-01,-1.17366760e+01,0.00000000e+00,1.74495859e-01,2.31647745e-02,1.71005942e+02,2.27014790e+01
1.18600000e+00,-4.44516694e-02,-4.96789905e-01,4.35850431e-02,4.08818088e-01,-1.17366760e+01,0.00000000e+00,1.74209141e-01,2.34857611e-02,1.70724958e+02,2.30160458e+01
1.18800000e+00,-4.54443965e-02,-4.95863535e-01,4.43950292e-02,4.01085606e-01,-1.17366760e+01,0.00000000e+00,1.73094014e-01,2.35409678e-02,1.69632134e+02,2.30701485e+01
1.19000000e+00,-4.64348301e-02,-4.94497084e-01,4.51890537e-02,3.92855532e-01,-1.17366760e+01,0.00000000e+00,1.72016040e-01,2.35789607e-02,1.68575719e+02,2.31073815e+01
1.19200000e+00,-4.74220776e-02,-4.92669760e-01,4.59660425e-02,3.84012246e-01,-1.17366760e+01,0.00000000e+00,1.70390937e-01,2.33673777e-02,1.66983118e+02,2.29000302e+01
1.19400000e+00,-4.84052012e-02,-4.90380604e-01,4.67247094e-02,3.74579022e-01,-1.17366760e+01,0.00000000e+00,1.69258801e-01,2.34283109e-02,1.65873624e+02,2.29597447e+01
1.19600000e+00,-4.93833266e-02,-4.87681463e-01,4.74641330e-02,3.64807454e-01,-1.17366760e+01,0.00000000e+00,1.68806148e-01,2.37174844e-02,1.65430025e+02,2.32431347e+01
1.19800000e+00,-5.03556334e-02,-4.84541854e-01,4.81836201e-02,3.54557252e-01,-1.17366760e+01,0.00000000e+00,1.66915876e-01,2.34556317e-02,1.63577559e+02,2.29865191e+01
1.20000000e+00,-5.13212225e-02,-4.80994890e-01,4.88821496e-02,3.43988380e-01,-1.17366760e+01,0.00000000e+00,1.67183967e-01,2.40508137e-02,1.63840288e+02,2.35697974e+01
1.20200000e+00,-5.22792684e-02,-4.76931109e-01,4.95589878e-02,3.32541027e-01,-1.17366760e+01,0.00000000e+00,1.62676144e-01,2.25831561e-02,1.59422622e+02,2.21314930e+01
1.20400000e+00,-5.32286309e-02,-4.72393324e-01,5.02119269e-02,3.20513522e-01,-1.17366760e+01,0.00000000e+00,1.63875976e-01,2.37708019e-02,1.60598456e+02,2.32953858e+01
1.20600000e+00,-5.41686500e-02,-4.67567943e-01,5.08412785e-02,3.08840852e-01,-1.17366760e+01,0.00000000e+00,1.63648911e-01,2.42317945e-02,1.60375933e+02,2.37471586e+01
1.20800000e+00,-5.50986054e-02,-4.62296757e-01,5.14469971e-02,2.96728481e-01,-1.17366760e+01,0.00000000e+00,1.61071289e-01,2.37180639e-02,1.57849863e+02,2.32437026e+01
1.21000000e+00,-5.60175347e-02,-4.56572064e-01,5.20278912e-02,2.84164242e-01,-1.17366760e+01,0.00000000e+00,1.60576245e-01,2.41182988e-02,1.57364721e+02,2.36359328e+01
1.21200000e+00,-5.69246217e-02,-4.50439446e-01,5.25834649e-02,2.71316246e-01,-1.17366760e+01,0.00000000e+00,1.58968659e-01,2.39213404e-02,1.55789286e+02,2.34429136e+01
1.21400000e+00,-5.78190143e-02,-4.43889693e-01,5.31128940e-02,2.58075081e-01,-1.17366760e+01,0.00000000e+00,1.58156569e-01,2.40547524e-02,1.54993437e+02,2.35736574e+01
1.21600000e+00,-5.86999400e-02,-4.36979268e-01,5.36157384e-02,2.44793745e-01,-1.17366760e+01,0.00000000e+00,1.57759904e-01,2.45608028e-02,1.54604706e+02,2.40695868e+01
1.21800000e+00,-5.95666783e-02,-4.29689283e-01,5.40919930e-02,2.31398504e-01,-1.17366760e+01,0.00000000e+00,1.56392151e-01,2.45014722e-02,1.53264308e+02,2.40114428e+01
1.22000000e+00,-6.04184362e-02,-4.22007932e-01,5.45411818e-02,2.17777298e-01,-1.17366760e+01,0.00000000e+00,1.55598965e-01,2.47337519e-02,1.52486986e+02,2.42390769e+01
1.22200000e+00,-6.12541992e-02,-4.13560280e-01,5.49620867e-02,2.02633000e-01,-1.17366760e+01,0.00000000e+00,1.45341946e-01,2.19117738e-02,1.42435107e+02,2.14735384e+01
1.22400000e+00,-6.20724560e-02,-4.04780608e-01,5.53517229e-02,1.87502268e-01,-1.17366760e+01,0.00000000e+00,1.54556379e-01,2.53252291e-02,1.51465251e+02,2.48187245e+01
1.22600000e+00,-6.28733388e-02,-3.96026673e-01,5.57128511e-02,1.73504532e-01,-1.17366760e+01,0.00000000e+00,1.52516576e-01,2.48114945e-02,1.49466245e+02,2.43152646e+01
1.22800000e+00,-6.36562838e-02,-3.86854436e-01,5.60454299e-02,1.59040119e-01,-1.17366760e+01,0.00000000e+00,1.51210339e-01,2.48266766e-02,1.48186133e+02,2.43301430e+01
1.23000000e+00,-6.44204853e-02,-3.77275404e-01,5.63487529e-02,1.44187651e-01,-1.17366760e+01,0.00000000e+00,1.49288060e-01,2.44363102e-02,1.46302298e+02,2.39475840e+01
1.23200000e+00,-6.51651201e-02,-3.67298399e-01,5.66219357e-02,1.28967991e-01,-1.17366760e+01,0.00000000e+00,1.48029860e-01,2.44523986e-02,1.45069263e+02,2.39633506e+01
1.23400000e+00,-6.58894599e-02,-3.56992997e-01,5.68646488e-02,1.13784357e-01,-1.17366760e+01,0.00000000e+00,1.47569169e-01,2.48648787e-02,1.44617785e+02,2.43675811e+01
1.23600000e+00,-6.65928742e-02,-3.46360743e-01,5.70770598e-02,9.85808140e-02,-1.17366760e+01,0.00000000e+00,1.46177486e-01,2.47202390e-02,1.43253936e+02,2.42258342e+01
1.23800000e+00,-6.72746917e-02,-3.35411687e-01,5.72589664e-02,8.33686950e-02,-1.17366760e+01,0.00000000e+00,1.45776701e-01,2.51129709e-02,1.42861167e+02,2.46107115e+01
1.24000000e+00,-6.79343239e-02,-3.24167105e-01,5.74105595e-02,6.81938957e-02,-1.17366760e+01,0.00000000e+00,1.44702284e-01,2.50213161e-02,1.41808238e+02,2.45208897e+01
1.24200000e+00,-6.85705447e-02,-3.11699547e-01,5.75300893e-02,5.05404977e-02,-1.17366760e+01,0.00000000e+00,1.22442057e-01,2.00880264e-02,1.19993216e+02,1.96862658e+01
1.24400000e+00,-6.91809968e-02,-2.99044074e-01,5.76130290e-02,3.33480915e-02,-1.17366760e+01,0.00000000e+00,1.45347349e-01,2.61148284e-02,1.42440402e+02,2.55925319e+01
1.24600000e+00,-6.97671432e-02,-2.87021850e-01,5.76650487e-02,1.85060345e-02,-1.17366760e+01,0.00000000e+00,1.42072995e-01,2.51017170e-02,1.39231535e+02,2.45996826e+01
1.24800000e+00,-7.03288479e-02,-2.74645165e-01,5.76868001e-02,3.28439060e-03,-1.17366760e+01,0.00000000e+00,1.41700264e-01,2.53553771e-02,1.38866259e+02,2.48482696e+01
1.25000000e+00,-7.08655229e-02,-2.61967024e-01,5.76780997e-02,-1.20669794e-02,-1.17366760e+01,0.00000000e+00,1.39461272e-01,2.48232249e-02,1.36672046e+02,2.43267604e+01
1.25200000e+00,-7.13765373e-02,-2.49020908e-01,5.76385639e-02,-2.73707812e-02,-1.17366760e+01,0.00000000e+00,1.39662692e-01,2.54050297e-02,1.36869438e+02,2.48969291e+01
1.25400000e+00,-7.18614847e-02,-2.35891990e-01,5.75688739e-02,-4.22886683e-02,-1.17366760e+01,0.00000000e+00,1.39201852e-01,2.55398047e-02,1.36417815e+02,2.50290086e+01
1.25600000e+00,-7.23199247e-02,-2.22492213e-01,5.74693346e-02,-5.73183877e-02,-1.17366760e+01,0.00000000e+00,1.37130298e-01,2.50342016e-02,1.34387692e+02,2.45335176e+01
1.25800000e+00,-7.27512861e-02,-2.08841342e-01,5.73396409e-02,-7.22872620e-02,-1.17366760e+01,0.00000000e+00,1.36911347e-01,2.54883873e-02,1.34173120e+02,2.49786195e+01
1.26000000e+00,-7.31551263e-02,-1.94944748e-01,5.71801953e-02,-8.72414742e-02,-1.17366760e+01,0.00000000e+00,1.34741571e-01,2.48432681e-02,1.32046739e+02,2.43464028e+01
1.26200000e+00,-7.35297181e-02,-1.79027856e-01,5.69879529e-02,-1.06278250e-01,-1.17366760e+01,0.00000000e+00,9.28226563e-02,1.66516967e-02,9.09662032e+01,1.63186627e+01
1.26400000e+00,-7.38712898e-02,-1.63189162e-01,5.67559889e-02,-1.23955656e-01,-1.17366760e+01,0.00000000e+00,1.39424487e-01,2.73731327e-02,1.36635998e+02,2.68256700e+01
1.26600000e+00,-7.41835720e-02,-1.48996194e-01,5.64949683e-02,-1.37376304e-01,-1.17366760e+01,0.00000000e+00,1.33885693e-01,2.52191002e-02,1.31207979e+02,2.47147182e+01
1.26800000e+00,-7.44670783e-02,-1.34508795e-01,5.62062159e-02,-1.51198662e-01,-1.17366760e+01,0.00000000e+00,1.34917867e-01,2.61231556e-02,1.32219510e+02,2.56006925e+01
1.27000000e+00,-7.47215295e-02,-1.19904952e-01,5.58903955e-02,-1.64688293e-01,-1.17366760e+01,0.00000000e+00,1.33301314e-01,2.54718006e-02,1.30635287e+02,2.49623646e+01
1.27200000e+00,-7.49466103e-02,-1.05169354e-01,5.55475555e-02,-1.78038838e-01,-1.17366760e+01,0.00000000e+00,1.33736630e-01,2.59308195e-02,1.31061897e+02,2.54122031e+01
1.27400000e+00,-7.51421902e-02,-9.04086948e-02,5.51787083e-02,-1.90687127e-01,-1.17366760e+01,0.00000000e+00,1.34372487e-01,2.64241276e-02,1.31685037e+02,2.58956450e+01
1.27600000e+00,-7.53081488e-02,-7.55036143e-02,5.47848528e-02,-2.03266655e-01,-1.17366760e+01,0.00000000e+00,1.31777311e-01,2.55175896e-02,1.29141764e+02,2.50072378e+01
1.27800000e+00,-7.54441279e-02,-6.04834161e-02,5.43658149e-02,-2.15586547e-01,-1.17366760e+01,0.00000000e+00,1.32853865e-01,2.63755832e-02,1.30196787e+02,2.58480715e+01
1.28000000e+00,-7.55500410e-02,-4.54010282e-02,5.39227977e-02,-2.27469898e-01,-1.17366760e+01,0.00000000e+00,1.31250145e-01,2.58058443e-02,1.28625142e+02,2.52897274e+01
1.28200000e+00,-7.56241927e-02,-2.80098148e-02,5.34525793e-02,-2.44386427e-01,-1.17366760e+01,0.00000000e+00,7.95760162e-02,1.51454287e-02,7.79844958e+01,1.48425201e+01
1.28400000e+00,-7.56622226e-02,-1.08320251e-02,5.29462446e-02,-2.59814578e-01,-1.17366760e+01,0.00000000e+00,1.36621166e-01,2.82137857e-02,1.33888742e+02,2.76495100e+01
1.28600000e+00,-7.56689969e-02,4.13173067e-03,5.24169815e-02,-2.69752242e-01,-1.17366760e+01,0.00000000e+00,1.31428193e-01,2.59178116e-02,1.28799629e+02,2.53994554e+01
1.28800000e+00,-7.56455773e-02,1.92730334e-02,5.18669922e-02,-2.80055112e-01,-1.17366760e+01,0.00000000e+00,1.32343045e-01,2.66657960e-02,1.29696184e+02,2.61324801e+01
1.29000000e+00,-7.55918718e-02,3.44638066e-02,5.12968829e-02,-2.90175262e-01,-1.17366760e+01,0.00000000e+00,1.29895660e-01,2.54909815e-02,1.27297747e+02,2.49811619e+01
1.29200000e+00,-7.55077015e-02,4.96854231e-02,5.07064100e-02,-3.00117186e-01,-1.17366760e+01,0.00000000e+00,1.30997431e-01,2.62004926e-02,1.28377482e+02,2.56764827e+01
1.29400000e+00,-7.53932088e-02,6.47889400e-02,5.00970264e-02,-3.09140834e-01,-1.17366760e+01,0.00000000e+00,1.31782423e-01,2.65516302e-02,1.29146775e+02,2.60205976e+01
1.29600000e+00,-7.52485483e-02,7.98886860e-02,4.94699999e-02,-3.17934694e-01,-1.17366760e+01,0.00000000e+00,1.29966204e-01,2.57906349e-02,1.27366880e+02,2.52748222e+01
1.29800000e+00,-7.50736974e-02,9.49235147e-02,4.88256699e-02,-3.26155220e-01,-1.17366760e+01,0.00000000e+00,1.31933540e-01,2.68380397e-02,1.29294869e+02,2.63012789e+01
1.30000000e+00,-7.48689034e-02,1.09884537e-01,4.81657638e-02,-3.33798627e-01,-1.17366760e+01,0.00000000e+00,1.30080084e-01,2.60623872e-02,1.27478483e+02,2.55411394e+01
1.30200000e+00,-7.46321505e-02,1.27858413e-01,4.74860379e-02,-3.48097323e-01,-1.17366760e+01,0.00000000e+00,5.96677759e-02,1.19024912e-02,5.84744203e+01,1.16644414e+01
1.30400000e+00,-7.43577548e-02,1.45404867e-01,4.67745994e-02,-3.60559494e-01,-1.17366760e+01,0.00000000e+00,1.37904104e-01,2.89071375e-02,1.35146022e+02,2.83289948e+01
1.30600000e+00,-7.40526494e-02,1.59773985e-01,4.60486273e-02,-3.65780910e-01,-1.17366760e+01,0.00000000e+00,1.31481359e-01,2.60657232e-02,1.28851732e+02,2.55444088e+01
1.30800000e+00,-7.37185876e-02,1.74249949e-01,4.53111324e-02,-3.71517249e-01,-1.17366760e+01,0.00000000e+00,1.32739615e-01,2.67751727e-02,1.30084822e+02,2.62396693e+01
1.31000000e+00,-7.33556949e-02,1.88657834e-01,4.45627001e-02,-3.77040891e-01,-1.17366760e+01,0.00000000e+00,1.30168522e-01,2.54451878e-02,1.27565151e+02,2.49362841e+01
1.31200000e+00,-7.29640302e-02,2.02954770e-01,4.38031982e-02,-3.82220598e-01,-1.17366760e+01,0.00000000e+00,1.32193520e-01,2.64143015e-02,1.29549650e+02,2.58860155e+01
1.31400000e+00,-7.25440745e-02,2.16953766e-01,4.30346480e-02,-3.86155106e-01,-1.17366760e+01,0.00000000e+00,1.33759714e-01,2.69626133e-02,1.31084519e+02,2.64233610e+01
1.31600000e+00,-7.20963159e-02,2.30801694e-01,4.22588121e-02,-3.89738105e-01,-1.17366760e+01,0.00000000e+00,1.32124935e-01,2.60452181e-02,1.29482437e+02,2.55243138e+01
1.31800000e+00,-7.16209951e-02,2.44458577e-01,4.14760523e-02,-3.92786019e-01,-1.17366760e+01,0.00000000e+00,1.34399755e-01,2.69688720e-02,1.31711760e+02,2.64294946e+01
1.32000000e+00,-7.11186449e-02,2.57870506e-01,4.06881340e-02,-3.95135026e-01,-1.17366760e+01,0.00000000e+00,1.33802851e-01,2.63875826e-02,1.31126794e+02,2.58598309e+01
1.32200000e+00,-7.05879738e-02,2.73591191e-01,3.98915687e-02,-4.03398446e-01,-1.17366760e+01,0.00000000e+00,7.61791976e-02,1.34191316e-02,7.46556137e+01,1.31507490e+01
1.32400000e+00,-7.00246286e-02,2.88789310e-01,3.90758061e-02,-4.09763868e-01,-1.17366760e+01,0.00000000e+00,1.41481077e-01,2.92097683e-02,1.38651456e+02,2.86255730e+01
1.32600000e+00,-6.94346599e-02,3.01222462e-01,3.82570100e-02,-4.09384503e-01,-1.17366760e+01,0.00000000e+00,1.36023611e-01,2.64064394e-02,1.33303139e+02,2.58783106e+01
1.32800000e+00,-6.88197796e-02,3.13594304e-01,3.74379693e-02,-4.09453349e-01,-1.17366760e+01,0.00000000e+00,1.37945091e-01,2.70990273e-02,1.35186189e+02,2.65570467e+01
1.33000000e+00,-6.81804445e-02,3.25723513e-01,3.66194459e-02,-4.09148268e-01,-1.17366760e+01,0.00000000e+00,1.36523795e-01,2.60218350e-02,1.33793319e+02,2.55013983e+01
1.33200000e+00,-6.75170598e-02,3.37591362e-01,3.58016271e-02,-4.08466873e-01,-1.17366760e+01,0.00000000e+00,1.38685714e-01,2.67204060e-02,1.35911999e+02,2.61859979e+01
1.33400000e+00,-6.68303461e-02,3.49058705e-01,3.49862852e-02,-4.06725372e-01,-1.17366760e+01,0.00000000e+00,1.40323813e-01,2.70815733e-02,1.37517336e+02,2.65399418e+01
1.33600000e+00,-6.61210086e-02,3.60250637e-01,3.41749563e-02,-4.04637869e-01,-1.17366760e+01,0.00000000e+00,1.39376629e-01,2.62867589e-02,1.36589096e+02,2.57610238e+01
1.33800000e+00,-6.53895674e-02,3.71106819e-01,3.33681862e-02,-4.01871797e-01,-1.17366760e+01,0.00000000e+00,1.42243079e-01,2.73523364e-02,1.39398217e+02,2.68052897e+01
1.34000000e+00,-6.46368201e-02,3.81604931e-01,3.25679144e-02,-3.98437947e-01,-1.17366760e+01,0.00000000e+00,1.41641911e-01,2.65437663e-02,1.38809073e+02,2.60128910e+01
1.34200000e+00,-6.38618144e-02,3.94102756e-01,3.17704372e-02,-4.00999069e-01,-1.17366760e+01,0.00000000e+00,8.92366642e-02,1.36298730e-02,8.74519309e+01,1.33572756e+01
1.34400000e+00,-6.30608056e-02,4.06005766e-01,3.09651115e-02,-4.01770814e-01,-1.17366760e+01,0.00000000e+00,1.49054562e-01,2.91505641e-02,1.46073470e+02,2.85675528e+01
1.34600000e+00,-6.22395174e-02,4.15319757e-01,3.01676823e-02,-3.96050280e-01,-1.17366760e+01,0.00000000e+00,1.43068633e-01,2.61154960e-02,1.40207261e+02,2.55931861e+01
1.34800000e+00,-6.13996025e-02,4.24520003e-01,2.93804485e-02,-3.91022549e-01,-1.17366760e+01,0.00000000e+00,1.44893902e-01,2.65697620e-02,1.41996024e+02,2.60383668e+01
1.35000000e+00,-6.05416703e-02,4.33370885e-01,2.86038301e-02,-3.85637944e-01,-1.17366760e+01,0.00000000e+00,1.44265112e-01,2.57529086e-02,1.41379810e+02,2.52378504e+01
1.35200000e+00,-5.96663547e-02,4.41868081e-01,2.78381281e-02,-3.79906355e-01,-1.17366760e+01,0.00000000e+00,1.46048172e-01,2.62019449e-02,1.43127208e+02,2.56779060e+01
1.35400000e+00,-5.87745269e-02,4.49871937e-01,2.70849204e-02,-3.73101276e-01,-1.17366760e+01,0.00000000e+00,1.48545951e-01,2.69274575e-02,1.45575032e+02,2.63889083e+01
1.35600000e+00,-5.78671256e-02,4.57487923e-01,2.63459977e-02,-3.65884135e-01,-1.17366760e+01,0.00000000e+00,1.47735561e-01,2.60082915e-02,1.44780850e+02,2.54881256e+01
1.35800000e+00,-5.69448378e-02,4.64710001e-01,2.56216699e-02,-3.58238059e-01,-1.17366760e+01,0.00000000e+00,1.50251501e-01,2.67899992e-02,1.47246471e+02,2.62541992e+01
1.36000000e+00,-5.60085980e-02,4.71463380e-01,2.49135535e-02,-3.49830016e-01,-1.17366760e+01,0.00000000e+00,1.51072873e-01,2.65926554e-02,1.48051416e+02,2.60608023e+01
1.36200000e+00,-5.50580810e-02,4.79571707e-01,2.42188733e-02,-3.46635906e-01,-1.17366760e+01,0.00000000e+00,1.10861614e-01,1.48515142e-02,1.08644382e+02,1.45544839e+01
1.36400000e+00,-5.40906930e-02,4.87107491e-01,2.35278630e-02,-3.42162740e-01,-1.17366760e+01,0.00000000e+00,1.56588293e-01,2.82893127e-02,1.53456527e+02,2.77235264e+01
1.36600000e+00,-5.31110767e-02,4.92504735e-01,2.28540940e-02,-3.31882376e-01,-1.17366760e+01,0.00000000e+00,1.52858796e-01,2.60739970e-02,1.49801620e+02,2.55525171e+01
1.36800000e+00,-5.21208086e-02,4.97700062e-01,2.21998678e-02,-3.22300463e-01,-1.17366760e+01,0.00000000e+00,1.53244231e-01,2.58847613e-02,1.50179346e+02,2.53670660e+01
1.37000000e+00,-5.11205756e-02,5.02446696e-01,2.15651894e-02,-3.12272769e-01,-1.17366760e+01,0.00000000e+00,1.55198086e-01,2.60989588e-02,1.52094125e+02,2.55769796e+01
1.37200000e+00,-5.01113299e-02,5.06731324e-01,2.09510246e-02,-3.01873403e-01,-1.17366760e+01,0.00000000e+00,1.55819120e-01,2.57832853e-02,1.52702738e+02,2.52676196e+01
1.37400000e+00,-4.90939920e-02,5.10503447e-01,2.03581158e-02,-2.90844166e-01,-1.17366760e+01,0.00000000e+00,1.58884973e-01,2.65696223e-02,1.55707273e+02,2.60382299e+01
1.37600000e+00,-4.80696447e-02,5.13782636e-01,1.97879893e-02,-2.79302865e-01,-1.17366760e+01,0.00000000e+00,1.58989315e-01,2.60389231e-02,1.55809529e+02,2.55181447e+01
1.37800000e+00,-4.70391354e-02,5.16651049e-01,1.92410005e-02,-2.67617341e-01,-1.17366760e+01,0.00000000e+00,1.60083419e-01,2.60861910e-02,1.56881751e+02,2.55644672e+01
1.38000000e+00,-4.60033536e-02,5.19049944e-01,1.87178147e-02,-2.55489770e-01,-1.17366760e+01,0.00000000e+00,1.61515457e-01,2.62144557e-02,1.58285148e+02,2.56901666e+01
1.38200000e+00,-4.49625498e-02,5.22027444e-01,1.82165202e-02,-2.47143379e-01,-1.17366760e+01,0.00000000e+00,1.38077612e-01,1.74294002e-02,1.35316060e+02,1.70808122e+01
1.38400000e+00,-4.39156230e-02,5.24436153e-01,1.77298925e-02,-2.37820490e-01,-1.17366760e+01,0.00000000e+00,1.66272001e-01,2.75658196e-02,1.62946561e+02,2.70145032e+01
1.38600000e+00,-4.28657798e-02,5.25383062e-01,1.72681233e-02,-2.24170262e-01,-1.17366760e+01,0.00000000e+00,1.63669800e-01,2.58471560e-02,1.60396404e+02,2.53302129e+01
1.38800000e+00,-4.18142886e-02,5.26033206e-01,1.68328485e-02,-2.11064443e-01,-1.17366760e+01,0.00000000e+00,1.64625985e-01,2.57959518e-02,1.61333465e+02,2.52800327e+01
1.39000000e+00,-4.07619879e-02,5.26171946e-01,1.64241853e-02,-1.97479135e-01,-1.17366760e+01,0.00000000e+00,1.67030682e-01,2.62643035e-02,1.63690068e+02,2.57390174e+01
1.39200000e+00,-3.97099107e-02,5.25845995e-01,1.60430450e-02,-1.83724188e-01,-1.17366760e+01,0.00000000e+00,1.66895132e-01,2.56018974e-02,1.63557229e+02,2.50898595e+01
1.39400000e+00,-3.86588996e-02,5.25076565e-01,1.56893507e-02,-1.69875982e-01,-1.17366760e+01,0.00000000e+00,1.68811118e-01,2.59491635e-02,1.65434896e+02,2.54301802e+01
1.39600000e+00,-3.76099166e-02,5.23838876e-01,1.53636852e-02,-1.55811532e-01,-1.17366760e+01,0.00000000e+00,1.69269235e-01,2.55848071e-02,1.65883851e+02,2.50731110e+01
1.39800000e+00,-3.65638181e-02,5.22190250e-01,1.50660574e-02,-1.41817803e-01,-1.17366760e+01,0.00000000e+00,1.69867571e-01,2.53698266e-02,1.66470220e+02,2.48624300e+01
1.40000000e+00,-3.55214682e-02,5.20072821e-01,1.47965673e-02,-1.27594215e-01,-1.17366760e+01,0.00000000e+00,1.71706669e-01,2.56765203e-02,1.68272536e+02,2.51629899e+01
1.40200000e+00,-3.44835250e-02,5.17958131e-01,1.45541278e-02,-1.15699465e-01,-1.17366760e+01,0.00000000e+00,1.61321552e-01,2.01300464e-02,1.58095121e+02,1.97274455e+01
1.40400000e+00,-3.34499259e-02,5.15408001e-01,1.43339509e-02,-1.03532760e-01,-1.17366760e+01,0.00000000e+00,1.73434762e-01,2.59282359e-02,1.69966066e+02,2.54096712e+01
1.40600000e+00,-3.24224974e-02,5.11951292e-01,1.41418436e-02,-8.85958860e-02,-1.17366760e+01,0.00000000e+00,1.74104881e-01,2.56640916e-02,1.70622783e+02,2.51508097e+01
1.40800000e+00,-3.14023775e-02,5.08109509e-01,1.39793931e-02,-7.39204368e-02,-1.17366760e+01,0.00000000e+00,1.74089997e-01,2.51414151e-02,1.70608197e+02,2.46385868e+01
1.41000000e+00,-3.03903480e-02,5.03834757e-01,1.38461920e-02,-5.91998639e-02,-1.17366760e+01,0.00000000e+00,1.75943632e-01,2.55625437e-02,1.72424760e+02,2.50512928e+01
1.41200000e+00,-2.93873138e-02,4.99147121e-01,1.37425400e-02,-4.45596151e-02,-1.17366760e+01,0.00000000e+00,1.75531050e-01,2.48187208e-02,1.72020429e+02,2.43223464e+01
1.41400000e+00,-2.83939939e-02,4.94107896e-01,1.36676901e-02,-3.03144744e-02,-1.17366760e+01,0.00000000e+00,1.76030318e-01,2.46204588e-02,1.72509711e+02,2.41280497e+01
1.41600000e+00,-2.74111794e-02,4.88622816e-01,1.36213682e-02,-1.59402969e-02,-1.17366760e+01,0.00000000e+00,1.77904460e-01,2.50175553e-02,1.74346371e+02,2.45172042e+01
1.41800000e+00,-2.64397893e-02,4.82707859e-01,1.36039286e-02,-1.56658936e-03,-1.17366760e+01,0.00000000e+00,1.78121775e-01,2.45886644e-02,1.74559340e+02,2.40968911e+01
1.42000000e+00,-2.54806128e-02,4.76395661e-01,1.36149953e-02,1.26474161e-02,-1.17366760e+01,0.00000000e+00,1.79331472e-01,2.46923541e-02,1.75744843e+02,2.41985070e+01
1.42200000e+00,-2.45343554e-02,4.69860277e-01,1.36536694e-02,2.55882952e-02,-1.17366760e+01,0.00000000e+00,1.75585810e-01,2.19661581e-02,1.72074094e+02,2.15268350e+01
1.42400000e+00,-2.36013655e-02,4.63034204e-01,1.37171153e-02,3.81792473e-02,-1.17366760e+01,0.00000000e+00,1.78480398e-01,2.40434859e-02,1.74910790e+02,2.35626162e+01
1.42600000e+00,-2.26825807e-02,4.55665023e-01,1.38072132e-02,5.20102930e-02,-1.17366760e+01,0.00000000e+00,1.80746762e-01,2.46922197e-02,1.77131826e+02,2.41983753e+01
1.42800000e+00,-2.17789971e-02,4.47858367e-01,1.39252608e-02,6.59979110e-02,-1.17366760e+01,0.00000000e+00,1.81295237e-01,2.45350456e-02,1.77669332e+02,2.40443447e+01
1.43000000e+00,-2.08913773e-02,4.39706558e-01,1.40710226e-02,7.97122208e-02,-1.17366760e+01,0.00000000e+00,1.81533164e-01,2.43211577e-02,1.77902501e+02,2.38347345e+01
1.43200000e+00,-2.00204164e-02,4.31186504e-01,1.42440261e-02,9.33011049e-02,-1.17366760e+01,0.00000000e+00,1.82755749e-01,2.45133825e-02,1.79100634e+02,2.40231149e+01
1.43400000e+00,-1.91668633e-02,4.22318522e-01,1.44440636e-02,1.06644892e-01,-1.17366760e+01,0.00000000e+00,1.82659518e-01,2.40869825e-02,1.79006328e+02,2.36052428e+01
1.43600000e+00,-1.83313588e-02,4.13125797e-01,1.46703839e-02,1.19656120e-01,-1.17366760e+01,0.00000000e+00,1.83486434e-01,2.41333376e-02,1.79816705e+02,2.36506708e+01
1.43800000e+00,-1.75146273e-02,4.03532352e-01,1.49227500e-02,1.32760246e-01,-1.17366760e+01,0.00000000e+00,1.85317229e-01,2.46371688e-02,1.81610885e+02,2.41444254e+01
1.44000000e+00,-1.67174727e-02,3.93573967e-01,1.52013345e-02,1.45728702e-01,-1.17366760e+01,0.00000000e+00,1.85466261e-01,2.42412129e-02,1.81756936e+02,2.37563886e+01
1.44200000e+00,-1.59405877e-02,3.83231210e-01,1.55050819e-02,1.57822916e-01,-1.17366760e+01,0.00000000e+00,1.87915188e-01,2.32310418e-02,1.84156884e+02,2.27664209e+01
1.44400000e+00,-1.51846818e-02,3.72687583e-01,1.58323059e-02,1.69436764e-01,-1.17366760e+01,0.00000000e+00,1.83946308e-01,2.36956606e-02,1.80267382e+02,2.32217474e+01
1.44600000e+00,-1.44499170e-02,3.62024478e-01,1.61828038e-02,1.81012931e-01,-1.17366760e+01,0.00000000e+00,1.84665686e-01,2.36479161e-02,1.80972372e+02,2.31749578e+01
1.44800000e+00,-1.37368073e-02,3.51026290e-01,1.65563017e-02,1.92505266e-01,-1.17366760e+01,0.00000000e+00,1.85910349e-01,2.40485829e-02,1.82192142e+02,2.35676113e+01
1.45000000e+00,-1.30460357e-02,3.39692285e-01,1.69528515e-02,2.04037468e-01,-1.17366760e+01,0.00000000e+00,1.86827858e-01,2.42933882e-02,1.83091301e+02,2.38075205e+01
1.45200000e+00,-1.23782002e-02,3.28115179e-01,1.73721504e-02,2.15117959e-01,-1.17366760e+01,0.00000000e+00,1.86092106e-01,2.36948564e-02,1.82370264e+02,2.32209593e+01
1.45400000e+00,-1.17337272e-02,3.16309854e-01,1.78130032e-02,2.25718401e-01,-1.17366760e+01,0.00000000e+00,1.86851721e-01,2.39112215e-02,1.83114687e+02,2.34329971e+01
1.45600000e+00,-1.11131423e-02,3.04232255e-01,1.82748834e-02,2.36107922e-01,-1.17366760e+01,0.00000000e+00,1.87339318e-01,2.39076992e-02,1.83592531e+02,2.34295452e+01
1.45800000e+00,-1.05169410e-02,2.91940379e-01,1.87570900e-02,2.45980044e-01,-1.17366760e+01,0.00000000e+00,1.86941824e-01,2.35099898e-02,1.83202988e+02,2.30397900e+01
1.46000000e+00,-9.94554260e-03,2.79405827e-01,1.92586048e-02,2.55554044e-01,-1.17366760e+01,0.00000000e+00,1.88294564e-01,2.39944899e-02,1.84528672e+02,2.35146001e+01
1.46200000e+00,-9.39974645e-03,2.66228180e-01,1.97794596e-02,2.65358186e-01,-1.17366760e+01,0.00000000e+00,1.97460650e-01,2.47331572e-02,1.93511437e+02,2.42384941e+01
1.46400000e+00,-8.88063048e-03,2.53049615e-01,2.03193140e-02,2.74077171e-01,-1.17366760e+01,0.00000000e+00,1.84023895e-01,2.24842356e-02,1.80343417e+02,2.20345509e+01
1.46600000e+00,-8.38734671e-03,2.40172963e-01,2.08751165e-02,2.81818629e-01,-1.17366760e+01,0.00000000e+00,1.86326609e-01,2.34722077e-02,1.82600077e+02,2.30027635e+01
1.46800000e+00,-7.92009118e-03,2.27067496e-01,2.14465030e-02,2.89431969e-01,-1.17366760e+01,0.00000000e+00,1.85502947e-01,2.30284212e-02,1.81792889e+02,2.25678527e+01
1.47000000e+00,-7.47918413e-03,2.13800935e-01,2.20326114e-02,2.96695772e-01,-1.17366760e+01,0.00000000e+00,1.86437706e-01,2.35728681e-02,1.82708952e+02,2.31014108e+01
1.47200000e+00,-7.06501808e-03,2.00338426e-01,2.26332069e-02,3.03840737e-01,-1.17366760e+01,0.00000000e+00,1.86645961e-01,2.36340326e-02,1.82913042e+02,2.31613520e+01
1.47400000e+00,-6.67788507e-03,1.86793954e-01,2.32474881e-02,3.10256420e-01,-1.17366760e+01,0.00000000e+00,1.85137410e-01,2.29169570e-02,1.81434662e+02,2.24586179e+01
1.47600000e+00,-6.31791394e-03,1.73141977e-01,2.38738926e-02,3.16162202e-01,-1.17366760e+01,0.00000000e+00,1.86163942e-01,2.34562083e-02,1.82440663e+02,2.29870841e+01
1.47800000e+00,-5.98541240e-03,1.59347161e-01,2.45119235e-02,3.21747971e-01,-1.17366760e+01,0.00000000e+00,1.85704621e-01,2.31543915e-02,1.81990528e+02,2.26913036e+01
1.48000000e+00,-5.68056774e-03,1.45488689e-01,2.51604248e-02,3.26644250e-01,-1.17366760e+01,0.00000000e+00,1.85106358e-01,2.29333558e-02,1.81404231e+02,2.24746887e+01
1.48200000e+00,-5.40405728e-03,1.30730828e-01,2.58194750e-02,3.33002059e-01,-1.17366760e+01,0.00000000e+00,2.04404676e-01,2.71612923e-02,2.00316582e+02,2.66180664e+01
1.48400000e+00,-5.15757821e-03,1.16072260e-01,2.64917451e-02,3.38328268e-01,-1.17366760e+01,0.00000000e+00,1.80712921e-01,2.17258571e-02,1.77098663e+02,2.12913400e+01
1.48600000e+00,-4.93919670e-03,1.02270964e-01,2.71710577e-02,3.41058981e-01,-1.17366760e+01,0.00000000e+00,1.82533627e-01,2.26827029e-02,1.78882954e+02,2.22290489e+01
1.48800000e+00,-4.74859966e-03,8.83117166e-02,2.78560473e-02,3.43889081e-01,-1.17366760e+01,0.00000000e+00,1.82791018e-01,2.29118540e-02,1.79135198e+02,2.24536169e+01
1.49000000e+00,-4.58601136e-03,7.42601848e-02,2.85465254e-02,3.46586382e-01,-1.17366760e+01,0.00000000e+00,1.83305525e-01,2.33892559e-02,1.79639415e+02,2.29214708e+01
1.49200000e+00,-4.45159374e-03,6.01564189e-02,2.92422310e-02,3.49041020e-01,-1.17366760e+01,0.00000000e+00,1.82856739e-01,2.33953333e-02,1.79199604e+02,2.29274266e+01
1.49400000e+00,-4.34535139e-03,4.61040938e-02,2.99421838e-02,3.50737222e-01,-1.17366760e+01,0.00000000e+00,1.81178776e-01,2.27964669e-02,1.77555201e+02,2.23405376e+01
1.49600000e+00,-4.26713020e-03,3.21225092e-02,3.06446496e-02,3.51638063e-01,-1.17366760e+01,0.00000000e+00,1.80508091e-01,2.27289877e-02,1.76897929e+02,2.22744079e+01
1.49800000e+00,-4.21683955e-03,1.81736185e-02,3.13483796e-02,3.52004273e-01,-1.17366760e+01,0.00000000e+00,1.79947315e-01,2.26794184e-02,1.76348369e+02,2.22258301e+01
1.50000000e+00,-4.19441493e-03,4.25593115e-03,3.20523439e-02,3.51886450e-01,-1.17366760e+01,0.00000000e+00,1.79539065e-01,2.27186845e-02,1.75948284e+02,2.22643108e+01
1.50200000e+00,-4.20053208e-03,-1.07360530e-02,3.27577419e-02,3.54492941e-01,-1.17366760e+01,0.00000000e+00,2.05041008e-01,2.94048039e-02,2.00940187e+02,2.88167078e+01
1.50400000e+00,-4.23720793e-03,-2.55012726e-02,3.34695887e-02,3.56009393e-01,-1.17366760e+01,0.00000000e+00,1.74477517e-01,2.14464488e-02,1.70987967e+02,2.10175198e+01
1.50600000e+00,-4.30170968e-03,-3.90253019e-02,3.41792918e-02,3.53794607e-01,-1.17366760e+01,0.00000000e+00,1.76509129e-01,2.25877353e-02,1.72978947e+02,2.21359805e+01
1.50800000e+00,-4.39333569e-03,-5.25891565e-02,3.48848177e-02,3.51655643e-01,-1.17366760e+01,0.00000000e+00,1.76100687e-01,2.26143369e-02,1.72578674e+02,2.21620502e+01
1.51000000e+00,-4.51206442e-03,-6.61501942e-02,3.55859352e-02,3.49547839e-01,-1.17366760e+01,0.00000000e+00,1.77357211e-01,2.36556311e-02,1.73810067e+02,2.31825184e+01
1.51200000e+00,-4.65792551e-03,-7.96948070e-02,3.62830694e-02,3.47530470e-01,-1.17366760e+01,0.00000000e+00,1.76852234e-01,2.38008678e-02,1.73315189e+02,2.33248504e+01
1.51400000e+00,-4.83069513e-03,-9.30166543e-02,3.69754126e-02,3.44546474e-01,-1.17366760e+01,0.00000000e+00,1.73507525e-01,2.26168495e-02,1.70037375e+02,2.21645125e+01
1.51600000e+00,-5.02982877e-03,-1.06093466e-01,3.76605940e-02,3.40570668e-01,-1.17366760e+01,0.00000000e+00,1.72698516e-01,2.26994844e-02,1.69244546e+02,2.22454947e+01
1.51800000e+00,-5.25495671e-03,-1.19001863e-01,3.83373275e-02,3.36043360e-01,-1.17366760e+01,0.00000000e+00,1.71357061e-01,2.24278078e-02,1.67929919e+02,2.19792517e+01
1.52000000e+00,-5.50572448e-03,-1.31742663e-01,3.90044247e-02,3.31001931e-01,-1.17366760e+01,0.00000000e+00,1.70777220e-01,2.25753746e-02,1.67361676e+02,2.21238671e+01
1.52200000e+00,-5.78275345e-03,-1.45722503e-01,3.96640993e-02,3.30105949e-01,-1.17366760e+01,0.00000000e+00,2.02516336e-01,3.20724525e-02,1.98466010e+02,3.14310035e+01
1.52400000e+00,-6.08839452e-03,-1.59372450e-01,4.03241223e-02,3.28121243e-01,-1.17366760e+01,0.00000000e+00,1.65505543e-01,2.12331072e-02,1.62195432e+02,2.08084451e+01
1.52600000e+00,-6.41916990e-03,-1.71412432e-01,4.09732633e-02,3.21155351e-01,-1.17366760e+01,0.00000000e+00,1.67546863e-01,2.25471773e-02,1.64195926e+02,2.20962338e+01
1.52800000e+00,-6.77402821e-03,-1.83428359e-01,4.16089971e-02,3.14569546e-01,-1.17366760e+01,0.00000000e+00,1.67791101e-01,2.29417889e-02,1.64435279e+02,2.24829531e+01
1.53000000e+00,-7.15283232e-03,-1.95367767e-01,4.22317103e-02,3.08236865e-01,-1.17366760e+01,0.00000000e+00,1.68802347e-01,2.39706951e-02,1.65426300e+02,2.34912812e+01
1.53200000e+00,-7.55543094e-03,-2.07204677e-01,4.28421470e-02,3.02207803e-01,-1.17366760e+01,0.00000000e+00,1.68634103e-01,2.44536054e-02,1.65261421e+02,2.39645333e+01
1.53400000e+00,-7.98141946e-03,-2.18694260e-01,4.34399085e-02,2.95229380e-01,-1.17366760e+01,0.00000000e+00,1.64116402e-01,2.28346428e-02,1.60834074e+02,2.23779500e+01
1.53600000e+00,-8.42993768e-03,-2.29778405e-01,4.40222829e-02,2.87078628e-01,-1.17366760e+01,0.00000000e+00,1.62776069e-01,2.28281498e-02,1.59520547e+02,2.23715868e+01
1.53800000e+00,-8.90035481e-03,-2.40595161e-01,4.45879511e-02,2.78520189e-01,-1.17366760e+01,0.00000000e+00,1.61664013e-01,2.27904695e-02,1.58430732e+02,2.23346601e+01
1.54000000e+00,-9.39212089e-03,-2.51115795e-01,4.51360080e-02,2.69428423e-01,-1.17366760e+01,0.00000000e+00,1.59827753e-01,2.24953008e-02,1.56631198e+02,2.20453948e+01
1.54200000e+00,-9.90555834e-03,-2.62746870e-01,4.56687483e-02,2.64961051e-01,-1.17366760e+01,0.00000000e+00,1.91757664e-01,3.32606332e-02,1.87922511e+02,3.25954205e+01
1.54400000e+00,-1.04428654e-02,-2.74013618e-01,4.61953083e-02,2.59678317e-01,-1.17366760e+01,0.00000000e+00,1.55652344e-01,2.15374575e-02,1.52539297e+02,2.11067084e+01
1.54600000e+00,-1.10004927e-02,-2.83600272e-01,4.67038606e-02,2.48994571e-01,-1.17366760e+01,0.00000000e+00,1.57011227e-01,2.26548126e-02,1.53871003e+02,2.22017163e+01
1.54800000e+00,-1.15772119e-02,-2.93104972e-01,4.71917173e-02,2.38956815e-01,-1.17366760e+01,0.00000000e+00,1.58406327e-01,2.35944640e-02,1.55238201e+02,2.31225748e+01
1.55000000e+00,-1.21728301e-02,-3.02485984e-01,4.76600306e-02,2.29433076e-01,-1.17366760e+01,0.00000000e+00,1.58944771e-01,2.44066755e-02,1.55765876e+02,2.39185420e+01
1.55200000e+00,-1.27870337e-02,-3.11683756e-01,4.81097495e-02,2.20359148e-01,-1.17366760e+01,0.00000000e+00,1.59100709e-01,2.51848051e-02,1.55918695e+02,2.46811090e+01
1.55400000e+00,-1.34192637e-02,-3.20429409e-01,4.85408813e-02,2.10406585e-01,-1.17366760e+01,0.00000000e+00,1.53504853e-01,2.31822344e-02,1.50434756e+02,2.27185897e+01
1.55600000e+00,-1.40683915e-02,-3.28635322e-01,4.89505175e-02,1.99166525e-01,-1.17366760e+01,0.00000000e+00,1.51753667e-01,2.30721048e-02,1.48718594e+02,2.26106628e+01
1.55800000e+00,-1.47335834e-02,-3.36508809e-01,4.93374222e-02,1.87738650e-01,-1.17366760e+01,0.00000000e+00,1.51134726e-01,2.33453960e-02,1.48112032e+02,2.28784880e+01
1.56000000e+00,-1.54141865e-02,-3.44022090e-01,4.97012476e-02,1.75974095e-01,-1.17366760e+01,0.00000000e+00,1.48861606e-01,2.28899188e-02,1.45884374e+02,2.24321204e+01
1.56200000e+00,-1.61103079e-02,-3.52489480e-01,5.00446180e-02,1.69157899e-01,-1.17366760e+01,0.00000000e+00,1.79079378e-01,3.42260402e-02,1.75497790e+02,3.35415194e+01
1.56400000e+00,-1.68239101e-02,-3.60605452e-01,5.03775910e-02,1.61909979e-01,-1.17366760e+01,0.00000000e+00,1.46440022e-01,2.24615846e-02,1.43511222e+02,2.20123529e+01
1.56600000e+00,-1.75516489e-02,-3.67100361e-01,5.06886591e-02,1.49264231e-01,-1.17366760e+01,0.00000000e+00,1.47113514e-01,2.33455803e-02,1.44171244e+02,2.28786687e+01
1.56800000e+00,-1.82922031e-02,-3.73432519e-01,5.09751077e-02,1.37308051e-01,-1.17366760e+01,0.00000000e+00,1.48656372e-01,2.43231302e-02,1.45683245e+02,2.38366676e+01
1.57000000e+00,-1.90452436e-02,-3.79561607e-01,5.12382420e-02,1.25877759e-01,-1.17366760e+01,0.00000000e+00,1.48490379e-01,2.48300142e-02,1.45520572e+02,2.43334140e+01
1.57200000e+00,-1.98102735e-02,-3.85426649e-01,5.14789503e-02,1.14944765e-01,-1.17366760e+01,0.00000000e+00,1.48707359e-01,2.57153355e-02,1.45733212e+02,2.52010288e+01
1.57400000e+00,-2.05865811e-02,-3.90738140e-01,5.16973808e-02,1.03051584e-01,-1.17366760e+01,0.00000000e+00,1.41870274e-01,2.31313040e-02,1.39032868e+02,2.26686779e+01
1.57600000e+00,-2.13728180e-02,-3.95437635e-01,5.18903173e-02,8.98995268e-02,-1.17366760e+01,0.00000000e+00,1.40805497e-01,2.33539481e-02,1.37989387e+02,2.28868691e+01
1.57800000e+00,-2.21681134e-02,-3.99809783e-01,5.20571361e-02,7.69833209e-02,-1.17366760e+01,0.00000000e+00,1.40695197e-01,2.38699673e-02,1.37881293e+02,2.33925679e+01
1.58000000e+00,-2.29717893e-02,-4.03780234e-01,5.21981408e-02,6.39023810e-02,-1.17366760e+01,0.00000000e+00,1.37962951e-01,2.32148972e-02,1.35203692e+02,2.27505992e+01
1.58200000e+00,-2.37836949e-02,-4.08441497e-01,5.23159022e-02,5.55555047e-02,-1.17366760e+01,0.00000000e+00,1.63447714e-01,3.39791034e-02,1.60178759e+02,3.32995213e+01
1.58400000e+00,-2.46053294e-02,-4.12763997e-01,5.24202290e-02,4.70084082e-02,-1.17366760e+01,0.00000000e+00,1.36734803e-01,2.29464424e-02,1.34000107e+02,2.24875135e+01
1.58600000e+00,-2.54337991e-02,-4.15658792e-01,5.25005989e-02,3.34562799e-02,-1.17366760e+01,0.00000000e+00,1.36837024e-01,2.35939184e-02,1.34100284e+02,2.31220400e+01
1.58800000e+00,-2.62678502e-02,-4.18381992e-01,5.25547116e-02,2.08901352e-02,-1.17366760e+01,0.00000000e+00,1.39522520e-01,2.50985519e-02,1.36732069e+02,2.45965808e+01
1.59000000e+00,-2.71071774e-02,-4.20880743e-01,5.25846003e-02,8.98522027e-03,-1.17366760e+01,0.00000000e+00,1.38433430e-01,2.50293923e-02,1.35664761e+02,2.45288045e+01
1.59200000e+00,-2.79511770e-02,-4.23085196e-01,5.25909973e-02,-2.40254246e-03,-1.17366760e+01,0.00000000e+00,1.39526200e-01,2.61979175e-02,1.36735676e+02,2.56739592e+01
1.59400000e+00,-2.87991747e-02,-4.24774408e-01,5.25746052e-02,-1.43675295e-02,-1.17366760e+01,0.00000000e+00,1.33308620e-01,2.37991100e-02,1.30642448e+02,2.33231278e+01
1.59600000e+00,-2.96498762e-02,-4.25866050e-01,5.25328785e-02,-2.73053824e-02,-1.17366760e+01,0.00000000e+00,1.32502344e-01,2.41015636e-02,1.29852297e+02,2.36195323e+01
1.59800000e+00,-3.05024174e-02,-4.26625478e-01,5.24656771e-02,-3.98032008e-02,-1.17366760e+01,0.00000000e+00,1.32501887e-01,2.46318803e-02,1.29851849e+02,2.41392427e+01
1.60000000e+00,-3.13560941e-02,-4.26958891e-01,5.23736079e-02,-5.23877688e-02,-1.17366760e+01,0.00000000e+00,1.29514547e-01,2.37930352e-02,1.26924256e+02,2.33171745e+01
1.60200000e+00,-3.22105264e-02,-4.27702462e-01,5.22588074e-02,-6.09509787e-02,-1.17366760e+01,0.00000000e+00,1.49059073e-01,3.29128077e-02,1.46077892e+02,3.22545516e+01
1.60400000e+00,-3.30667267e-02,-4.28180233e-01,5.21299629e-02,-6.92754889e-02,-1.17366760e+01,0.00000000e+00,1.30289631e-01,2.41128366e-02,1.27683839e+02,2.36305799e+01
1.60600000e+00,-3.39224946e-02,-4.27528996e-01,5.19790432e-02,-8.15930496e-02,-1.17366760e+01,0.00000000e+00,1.29665420e-01,2.43208378e-02,1.27072112e+02,2.38344211e+01
1.60800000e+00,-3.47766958e-02,-4.26657388e-01,5.18041465e-02,-9.30769514e-02,-1.17366760e+01,0.00000000e+00,1.32116738e-01,2.56176151e-02,1.29474403e+02,2.51052628e+01
1.61000000e+00,-3.56289638e-02,-4.25545233e-01,5.16071744e-02,-1.03902434e-01,-1.17366760e+01,0.00000000e+00,1.31006020e-01,2.54258885e-02,1.28385900e+02,2.49173707e+01
1.61200000e+00,-3.64786758e-02,-4.24131704e-01,5.13888963e-02,-1.14188659e-01,-1.17366760e+01,0.00000000e+00,1.32016469e-01,2.64419646e-02,1.29376139e+02,2.59131253e+01
1.61400000e+00,-3.73251784e-02,-4.22249866e-01,5.11502332e-02,-1.24754626e-01,-1.17366760e+01,0.00000000e+00,1.26980309e-01,2.45019621e-02,1.24440703e+02,2.40119229e+01
1.61600000e+00,-3.81673273e-02,-4.19846126e-01,5.08894950e-02,-1.35894853e-01,-1.17366760e+01,0.00000000e+00,1.26705284e-01,2.48686907e-02,1.24171179e+02,2.43713169e+01
1.61800000e+00,-3.90043536e-02,-4.17128427e-01,5.06069732e-02,-1.46556013e-01,-1.17366760e+01,0.00000000e+00,1.26487680e-01,2.51083054e-02,1.23957927e+02,2.46061393e+01
1.62000000e+00,-3.98355782e-02,-4.14016576e-01,5.03032863e-02,-1.57194173e-01,-1.17366760e+01,0.00000000e+00,1.24292868e-01,2.44874422e-02,1.21807011e+02,2.39976933e+01
1.62200000e+00,-4.06605638e-02,-4.11120523e-01,4.99803759e-02,-1.64563734e-01,-1.17366760e+01,0.00000000e+00,1.38277307e-01,3.15112790e-02,1.35511760e+02,3.08810535e+01
1.62400000e+00,-4.14799313e-02,-4.08030970e-01,4.96453529e-02,-1.71450780e-01,-1.17366760e+01,0.00000000e+00,1.26471762e-01,2.50240442e-02,1.23942327e+02,2.45235633e+01
1.62600000e+00,-4.22921321e-02,-4.04108105e-01,4.92926516e-02,-1.81219416e-01,-1.17366760e+01,0.00000000e+00,1.25450968e-01,2.49629565e-02,1.22941948e+02,2.44636974e+01
1.62800000e+00,-4.30962086e-02,-3.99952573e-01,4.89209487e-02,-1.90277949e-01,-1.17366760e+01,0.00000000e+00,1.27615738e-01,2.59873290e-02,1.25063423e+02,2.54675824e+01
1.63000000e+00,-4.38917847e-02,-3.95560532e-01,4.85319168e-02,-1.98770932e-01,-1.17366760e+01,0.00000000e+00,1.26436550e-01,2.55977471e-02,1.23907819e+02,2.50857921e+01
1.63200000e+00,-4.46782688e-02,-3.90895672e-01,4.81262110e-02,-2.06744906e-01,-1.17366760e+01,0.00000000e+00,1.27679888e-01,2.65004831e-02,1.25126290e+02,2.59704734e+01
1.63400000e+00,-4.54551239e-02,-3.85865625e-01,4.77049766e-02,-2.14659794e-01,-1.17366760e+01,0.00000000e+00,1.24264916e-01,2.51231661e-02,1.21779618e+02,2.46207028e+01
1.63600000e+00,-4.62214553e-02,-3.80421607e-01,4.72674142e-02,-2.22811082e-01,-1.17366760e+01,0.00000000e+00,1.24284283e-01,2.53825525e-02,1.21798597e+02,2.48749014e+01
1.63800000e+00,-4.69766358e-02,-3.74715827e-01,4.68140879e-02,-2.30428996e-01,-1.17366760e+01,0.00000000e+00,1.24336101e-01,2.55982564e-02,1.21849379e+02,2.50862912e+01
1.64000000e+00,-4.77201044e-02,-3.68688694e-01,4.63458556e-02,-2.37810862e-01,-1.17366760e+01,0.00000000e+00,1.22868584e-01,2.52121235e-02,1.20411212e+02,2.47078810e+01
1.64200000e+00,-4.84514170e-02,-3.62701194e-01,4.58643782e-02,-2.42892360e-01,-1.17366760e+01,0.00000000e+00,1.31256857e-01,2.97412967e-02,1.28631719e+02,2.91464708e+01
1.64400000e+00,-4.91708403e-02,-3.56610395e-01,4.53747232e-02,-2.47318275e-01,-1.17366760e+01,0.00000000e+00,1.26352041e-01,2.58902669e-02,1.23825001e+02,2.53724616e+01
1.64600000e+00,-4.98775087e-02,-3.49994741e-01,4.48739654e-02,-2.53453644e-01,-1.17366760e+01,0.00000000e+00,1.24787817e-01,2.54402788e-02,1.22292060e+02,2.49314733e+01
1.64800000e+00,-5.05706625e-02,-3.43144004e-01,4.43612164e-02,-2.59127312e-01,-1.17366760e+01,0.00000000e+00,1.26545091e-01,2.61292659e-02,1.24014189e+02,2.56066805e+01
1.65000000e+00,-5.12499648e-02,-3.36113460e-01,4.38378400e-02,-2.64225281e-01,-1.17366760e+01,0.00000000e+00,1.26160054e-01,2.59030801e-02,1.23636853e+02,2.53850185e+01
1.65200000e+00,-5.19149787e-02,-3.28876412e-01,4.33046490e-02,-2.68822815e-01,-1.17366760e+01,0.00000000e+00,1.27177753e-01,2.64199143e-02,1.24634198e+02,2.58915160e+01
1.65400000e+00,-5.25653252e-02,-3.21421516e-01,4.27628333e-02,-2.72993583e-01,-1.17366760e+01,0.00000000e+00,1.26408691e-01,2.60265428e-02,1.23880517e+02,2.55060120e+01
1.65600000e+00,-5.32004899e-02,-3.13704322e-01,4.22127826e-02,-2.77002428e-01,-1.17366760e+01,0.00000000e+00,1.26264938e-01,2.59756603e-02,1.23739639e+02,2.54561470e+01
1.65800000e+00,-5.38199990e-02,-3.05771820e-01,4.16550863e-02,-2.80617230e-01,-1.17366760e+01,0.00000000e+00,1.26466949e-01,2.60584396e-02,1.23937610e+02,2.55372709e+01
1.66000000e+00,-5.44234225e-02,-2.97607402e-01,4.10905048e-02,-2.83945355e-01,-1.17366760e+01,0.00000000e+00,1.25804716e-01,2.57722163e-02,1.23288622e+02,2.52567720e+01
1.66200000e+00,-5.50103431e-02,-2.89314789e-01,4.05201797e-02,-2.85961354e-01,-1.17366760e+01,0.00000000e+00,1.28296444e-01,2.79988354e-02,1.25730515e+02,2.74388587e+01
1.66400000e+00,-5.55806768e-02,-2.81014850e-01,3.99472105e-02,-2.87150842e-01,-1.17366760e+01,0.00000000e+00,1.30323148e-01,2.66889655e-02,1.27716685e+02,2.61551862e+01
1.66600000e+00,-5.61342881e-02,-2.72543365e-01,3.93712075e-02,-2.88893554e-01,-1.17366760e+01,0.00000000e+00,1.28841521e-01,2.60154520e-02,1.26264690e+02,2.54951429e+01
1.66800000e+00,-5.66707253e-02,-2.63884430e-01,3.87918336e-02,-2.90340314e-01,-1.17366760e+01,0.00000000e+00,1.30357318e-01,2.64831382e-02,1.27750171e+02,2.59534755e+01
1.67000000e+00,-5.71897359e-02,-2.55090571e-01,3.82101178e-02,-2.91379752e-01,-1.17366760e+01,0.00000000e+00,1.29961275e-01,2.60398217e-02,1.27362050e+02,2.55190253e+01
1.67200000e+00,-5.76910162e-02,-2.46189677e-01,3.76266535e-02,-2.91910805e-01,-1.17366760e+01,0.00000000e+00,1.31984603e-01,2.67170050e-02,1.29344911e+02,2.61826649e+01
1.67400000e+00,-5.81744200e-02,-2.37176820e-01,3.70427923e-02,-2.91965314e-01,-1.17366760e+01,0.00000000e+00,1.31327779e-01,2.62060178e-02,1.28701224e+02,2.56818974e+01
1.67600000e+00,-5.86396169e-02,-2.28004073e-01,3.64589411e-02,-2.91796601e-01,-1.17366760e+01,0.00000000e+00,1.32083318e-01,2.63514427e-02,1.29441652e+02,2.58244139e+01
1.67800000e+00,-5.90863928e-02,-2.18766141e-01,3.58760222e-02,-2.91003600e-01,-1.17366760e+01,0.00000000e+00,1.33489391e-01,2.66833845e-02,1.30819603e+02,2.61497168e+01
1.68000000e+00,-5.95145934e-02,-2.09396188e-01,3.52950658e-02,-2.90002052e-01,-1.17366760e+01,0.00000000e+00,1.32531953e-01,2.59588136e-02,1.29881314e+02,2.54396373e+01
1.68200000e+00,-5.99238543e-02,-1.99841378e-01,3.47163889e-02,-2.88438132e-01,-1.17366760e+01,0.00000000e+00,1.32549589e-01,2.70365824e-02,1.29898597e+02,2.64958507e+01
1.68400000e+00,-6.03140020e-02,-1.90351133e-01,3.41419004e-02,-2.85993544e-01,-1.17366760e+01,0.00000000e+00,1.37264446e-01,2.69856662e-02,1.34519157e+02,2.64459529e+01
1.68600000e+00,-6.06852910e-02,-1.80909104e-01,3.35724770e-02,-2.83455616e-01,-1.17366760e+01,0.00000000e+00,1.36745631e-01,2.64179936e-02,1.34010718e+02,2.58896338e+01
1.68800000e+00,-6.10375897e-02,-1.71393982e-01,3.30082984e-02,-2.80587030e-01,-1.17366760e+01,0.00000000e+00,1.38471229e-01,2.68726314e-02,1.35701805e+02,2.63351788e+01
1.69000000e+00,-6.13708239e-02,-1.61814317e-01,3.24503042e-02,-2.77455416e-01,-1.17366760e+01,0.00000000e+00,1.37996688e-01,2.61716584e-02,1.35236755e+02,2.56482252e+01
1.69200000e+00,-6.16848181e-02,-1.52191416e-01,3.18986662e-02,-2.74039723e-01,-1.17366760e+01,0.00000000e+00,1.40063467e-01,2.66795238e-02,1.37262198e+02,2.61459334e+01
1.69400000e+00,-6.19796249e-02,-1.42621590e-01,3.13546414e-02,-2.69879995e-01,-1.17366760e+01,0.00000000e+00,1.41682575e-01,2.69545566e-02,1.38848924e+02,2.64154655e+01
1.69600000e+00,-6.22552892e-02,-1.33028857e-01,3.08193834e-02,-2.65364454e-01,-1.17366760e+01,0.00000000e+00,1.41817615e-01,2.66598823e-02,1.38981262e+02,2.61266847e+01
1.69800000e+00,-6.25117226e-02,-1.23409427e-01,3.02934029e-02,-2.60520035e-01,-1.17366760e+01,0.00000000e+00,1.43191363e-01,2.68915342e-02,1.40327536e+02,2.63537035e+01
1.70000000e+00,-6.27489121e-02,-1.13767716e-01,2.97774703e-02,-2.55425092e-01,-1.17366760e+01,0.00000000e+00,1.43272505e-01,2.64466009e-02,1.40407055e+02,2.59176689e+01
1.70200000e+00,-6.29665740e-02,-1.03796880e-01,2.92713923e-02,-2.50795449e-01,-1.17366760e+01,0.00000000e+00,1.37317720e-01,2.51899518e-02,1.34571366e+02,2.46861528e+01
1.70400000e+00,-6.31642255e-02,-9.40148967e-02,2.87750423e-02,-2.45035343e-01,-1.17366760e+01,0.00000000e+00,1.49339549e-01,2.81082343e-02,1.46352758e+02,2.75460696e+01
1.70600000e+00,-6.33429072e-02,-8.46433244e-02,2.82920251e-02,-2.38113981e-01,-1.17366760e+01,0.00000000e+00,1.48404720e-01,2.69345258e-02,1.45436625e+02,2.63958353e+01
1.70800000e+00,-6.35027833e-02,-7.52484390e-02,2.78225394e-02,-2.31263090e-01,-1.17366760e+01,0.00000000e+00,1.50138304e-01,2.72868714e-02,1.47135538e+02,2.67411340e+01
1.71000000e+00,-6.36439213e-02,-6.58840496e-02,2.73671125e-02,-2.24202524e-01,-1.17366760e+01,0.00000000e+00,1.50307679e-01,2.67211244e-02,1.47301525e+02,2.61867019e+01
1.71200000e+00,-6.37663222e-02,-5.65238007e-02,2.69257324e-02,-2.17137313e-01,-1.17366760e+01,0.00000000e+00,1.51272479e-01,2.66632110e-02,1.48247029e+02,2.61299468e+01
1.71400000e+00,-6.38700623e-02,-4.72322725e-02,2.64987739e-02,-2.09756197e-01,-1.17366760e+01,0.00000000e+00,1.52798348e-01,2.67712845e-02,1.49742381e+02,2.62358588e+01
1.71600000e+00,-6.39552759e-02,-3.79775631e-02,2.60867681e-02,-2.02284306e-01,-1.17366760e+01,0.00000000e+00,1.52866218e-01,2.62621018e-02,1.49808894e+02,2.57368598e+01
1.71800000e+00,-6.40220096e-02,-2.87784549e-02,2.56897512e-02,-1.94640704e-01,-1.17366760e+01,0.00000000e+00,1.54680003e-01,2.65614582e-02,1.51586403e+02,2.60302291e+01
1.72000000e+00,-6.40704385e-02,-1.96525386e-02,2.53083347e-02,-1.86803071e-01,-1.17366760e+01,0.00000000e+00,1.55009112e-01,2.61212821e-02,1.51908930e+02,2.55988565e+01
1.72200000e+00,-6.41003149e-02,-1.00693083e-02,2.49414421e-02,-1.80610325e-01,-1.17366760e+01,0.00000000e+00,1.44276163e-01,2.25819673e-02,1.41390640e+02,2.21303279e+01
1.72400000e+00,-6.41108651e-02,-7.10110176e-04,2.45865365e-02,-1.73453227e-01,-1.17366760e+01,0.00000000e+00,1.60369410e-01,2.76358706e-02,1.57162021e+02,2.70831532e+01
1.72600000e+00,-6.41035805e-02,8.01137213e-03,2.42489663e-02,-1.64290598e-01,-1.17366760e+01,0.00000000e+00,1.59153954e-01,2.63055258e-02,1.55970875e+02,2.57794152e+01
1.72800000e+00,-6.40788033e-02,1.67572302e-02,2.39290167e-02,-1.55663972e-01,-1.17366760e+01,0.00000000e+00,1.59633282e-01,2.60502058e-02,1.56440617e+02,2.55292017e+01
1.73000000e+00,-6.40366283e-02,2.53880180e-02,2.36264372e-02,-1.46847258e-01,-1.17366760e+01,0.00000000e+00,1.61533905e-01,2.62686941e-02,1.58303227e+02,2.57433202e+01
1.73200000e+00,-6.39773453e-02,3.38777697e-02,2.33417240e-02,-1.37886114e-01,-1.17366760e+01,0.00000000e+00,1.62479699e-01,2.59429651e-02,1.59230105e+02,2.54241058e+01
1.73400000e+00,-6.39012451e-02,4.21757228e-02,2.30751635e-02,-1.28518935e-01,-1.17366760e+01,0.00000000e+00,1.65428565e-01,2.67364020e-02,1.62119994e+02,2.62016740e+01
1.73600000e+00,-6.38087597e-02,5.02976663e-02,2.28278335e-02,-1.18873912e-01,-1.17366760e+01,0.00000000e+00,1.65870794e-01,2.61688691e-02,1.62553378e+02,2.56454917e+01
1.73800000e+00,-6.37001486e-02,5.82783520e-02,2.25997014e-02,-1.09178535e-01,-1.17366760e+01,0.00000000e+00,1.67875479e-01,2.65122661e-02,1.64517969e+02,2.59820208e+01
1.74000000e+00,-6.35757778e-02,6.60618574e-02,2.23913499e-02,-9.91372718e-02,-1.17366760e+01,0.00000000e+00,1.69494999e-01,2.65931578e-02,1.66105099e+02,2.60612947e+01
1.74200000e+00,-6.34355690e-02,7.43435982e-02,2.22015463e-02,-9.15046287e-02,-1.17366760e+01,0.00000000e+00,1.55121478e-01,2.11819626e-02,1.52019049e+02,2.07583234e+01
1.74400000e+00,-6.32785817e-02,8.23578982e-02,2.20259183e-02,-8.29919704e-02,-1.17366760e+01,0.00000000e+00,1.74496728e-01,2.81864011e-02,1.71006793e+02,2.76226731e+01
1.74600000e+00,-6.31066797e-02,8.95587946e-02,2.18713642e-02,-7.18007612e-02,-1.17366760e+01,0.00000000e+00,1.72754614e-01,2.65787878e-02,1.69299522e+02,2.60472121e+01
1.74800000e+00,-6.29203242e-02,9.67932406e-02,2.17380043e-02,-6.16758457e-02,-1.17366760e+01,0.00000000e+00,1.72221034e-01,2.57535549e-02,1.68776613e+02,2.52384838e+01
1.75000000e+00,-6.27196103e-02,1.03872354e-01,2.16246206e-02,-5.16113569e-02,-1.17366760e+01,0.00000000e+00,1.74774933e-01,2.62859065e-02,1.71279434e+02,2.57601884e+01
1.75200000e+00,-6.25049659e-02,1.10754702e-01,2.15315742e-02,-4.15239405e-02,-1.17366760e+01,0.00000000e+00,1.75094898e-01,2.56646032e-02,1.71593000e+02,2.51513111e+01
1.75400000e+00,-6.22767231e-02,1.17439649e-01,2.14585751e-02,-3.13610526e-02,-1.17366760e+01,0.00000000e+00,1.77551920e-01,2.63359353e-02,1.74000882e+02,2.58092166e+01
1.75600000e+00,-6.20353725e-02,1.23876928e-01,2.14063331e-02,-2.08934415e-02,-1.17366760e+01,0.00000000e+00,1.78938474e-01,2.62253086e-02,1.75359705e+02,2.57008024e+01
1.75800000e+00,-6.17813262e-02,1.30147921e-01,2.13748278e-02,-1.06861616e-02,-1.17366760e+01,0.00000000e+00,1.79389408e-01,2.57402956e-02,1.75801620e+02,2.52254897e+01
1.76000000e+00,-6.15149028e-02,1.36235918e-01,2.13634830e-02,-6.37103164e-04,-1.17366760e+01,0.00000000e+00,1.81064731e-01,2.58729017e-02,1.77443437e+02,2.53554436e+01
1.76200000e+00,-6.12359990e-02,1.42899135e-01,2.13701508e-02,6.21960628e-03,-1.17366760e+01,0.00000000e+00,1.63697514e-01,1.90458345e-02,1.60423564e+02,1.86649178e+01
1.76400000e+00,-6.09434661e-02,1.49322606e-01,2.13887146e-02,1.36057859e-02,-1.17366760e+01,0.00000000e+00,1.84306440e-01,2.70082801e-02,1.80620312e+02,2.64681145e+01
1.76600000e+00,-6.06393804e-02,1.54738400e-01,2.14269533e-02,2.45607904e-02,-1.17366760e+01,0.00000000e+00,1.84784117e-01,2.65869290e-02,1.81088434e+02,2.60551904e+01
1.76800000e+00,-6.03245684e-02,1.60070381e-01,2.14864114e-02,3.46963544e-02,-1.17366760e+01,0.00000000e+00,1.83716820e-01,2.53689943e-02,1.80042483e+02,2.48616144e+01
1.77000000e+00,-5.99991881e-02,1.65268572e-01,2.15653912e-02,4.43105820e-02,-1.17366760e+01,0.00000000e+00,1.85275668e-01,2.56015584e-02,1.81570155e+02,2.50895272e+01
1.77200000e+00,-5.96636829e-02,1.70183617e-01,2.16638283e-02,5.41865235e-02,-1.17366760e+01,0.00000000e+00,1.87614617e-01,2.60549500e-02,1.83862325e+02,2.55338510e+01
1.77400000e+00,-5.93186022e-02,1.74875891e-01,2.17820461e-02,6.39257334e-02,-1.17366760e+01,0.00000000e+00,1.87683506e-01,2.54794230e-02,1.83929836e+02,2.49698346e+01
1.77600000e+00,-5.89643118e-02,1.79369492e-01,2.19193788e-02,7.34363089e-02,-1.17366760e+01,0.00000000e+00,1.89383451e-01,2.57673656e-02,1.85595782e+02,2.52520183e+01
1.77800000e+00,-5.86012800e-02,1.83629419e-01,2.20757290e-02,8.28534144e-02,-1.17366760e+01,0.00000000e+00,1.90197812e-01,2.55027185e-02,1.86393856e+02,2.49926641e+01
1.78000000e+00,-5.82299358e-02,1.87676751e-01,2.22506041e-02,9.19880837e-02,-1.17366760e+01,0.00000000e+00,1.91336547e-01,2.54206112e-02,1.87509816e+02,2.49121989e+01
1.78200000e+00,-5.78502622e-02,1.92190220e-01,2.24416306e-02,9.80471644e-02,-1.17366760e+01,0.00000000e+00,1.76223693e-01,1.93170708e-02,1.72699219e+02,1.89307294e+01
1.78400000e+00,-5.74613265e-02,1.96476411e-01,2.26430654e-02,1.04514919e-01,-1.17366760e+01,0.00000000e+00,1.93491026e-01,2.65640032e-02,1.89621206e+02,2.60327231e+01
1.78600000e+00,-5.70649735e-02,1.99837159e-01,2.28618655e-02,1.14245193e-01,-1.17366760e+01,0.00000000e+00,1.94627189e-01,2.64736851e-02,1.90734646e+02,2.59442114e+01
1.78800000e+00,-5.66620654e-02,2.03066567e-01,2.30995454e-02,1.23224436e-01,-1.17366760e+01,0.00000000e+00,1.93284228e-01,2.53233828e-02,1.89418544e+02,2.48169152e+01
1.79000000e+00,-5.62527716e-02,2.06199454e-01,2.33541477e-02,1.31280437e-01,-1.17366760e+01,0.00000000e+00,1.93554368e-01,2.48961875e-02,1.89683280e+02,2.43982637e+01
1.79200000e+00,-5.58374595e-02,2.09044580e-01,2.36247290e-02,1.39429058e-01,-1.17366760e+01,0.00000000e+00,1.96630020e-01,2.59010623e-02,1.92697420e+02,2.53830411e+01
1.79400000e+00,-5.54167814e-02,2.11607581e-01,2.39118619e-02,1.47574741e-01,-1.17366760e+01,0.00000000e+00,1.96723363e-01,2.52968334e-02,1.92788895e+02,2.47908967e+01
1.79600000e+00,-5.49911334e-02,2.14014214e-01,2.42146160e-02,1.55102574e-01,-1.17366760e+01,0.00000000e+00,1.96819167e-01,2.50335974e-02,1.92882783e+02,2.45329254e+01
1.79800000e+00,-5.45609030e-02,2.16153244e-01,2.45323023e-02,1.62675519e-01,-1.17366760e+01,0.00000000e+00,1.99473428e-01,2.58423069e-02,1.95483959e+02,2.53254608e+01
1.80000000e+00,-5.41266605e-02,2.18082180e-01,2.48650330e-02,1.69821022e-01,-1.17366760e+01,0.00000000e+00,1.98191571e-01,2.46087131e-02,1.94227740e+02,2.41165388e+01
1.80200000e+00,-5.36882554e-02,2.20489329e-01,2.52093265e-02,1.73577098e-01,-1.17366760e+01,0.00000000e+00,1.84729213e-01,1.92178442e-02,1.81034629e+02,1.88334873e+01
1.80400000e+00,-5.32448600e-02,2.22661241e-01,2.55597121e-02,1.77888854e-01,-1.17366760e+01,0.00000000e+00,2.00078710e-01,2.62743182e-02,1.96077136e+02,2.57488318e+01
1.80600000e+00,-5.27981087e-02,2.24085750e-01,2.59225562e-02,1.84711971e-01,-1.17366760e+01,0.00000000e+00,1.98552947e-01,2.50046582e-02,1.94581888e+02,2.45045651e+01
1.80800000e+00,-5.23485884e-02,2.25403201e-01,2.62979653e-02,1.90643228e-01,-1.17366760e+01,0.00000000e+00,1.98916316e-01,2.49361591e-02,1.94937990e+02,2.44374359e+01
1.81000000e+00,-5.18965944e-02,2.26572984e-01,2.66847653e-02,1.96028790e-01,-1.17366760e+01,0.00000000e+00,1.98318645e-01,2.44095657e-02,1.94352273e+02,2.39213744e+01
1.81200000e+00,-5.14424158e-02,2.27563688e-01,2.70818009e-02,2.00994972e-01,-1.17366760e+01,0.00000000e+00,1.99397570e-01,2.46210416e-02,1.95409619e+02,2.41286208e+01
1.81400000e+00,-5.09865156e-02,2.28290434e-01,2.74887451e-02,2.05961025e-01,-1.17366760e+01,0.00000000e+00,2.00768143e-01,2.49886209e-02,1.96752780e+02,2.44888485e+01
1.81600000e+00,-5.05293704e-02,2.28842749e-01,2.79053496e-02,2.10484082e-01,-1.17366760e+01,0.00000000e+00,1.99744095e-01,2.42844311e-02,1.95749213e+02,2.37987425e+01
1.81800000e+00,-5.00712933e-02,2.29172095e-01,2.83305480e-02,2.14806961e-01,-1.17366760e+01,0.00000000e+00,2.02240507e-01,2.51741444e-02,1.98195697e+02,2.46706615e+01
1.82000000e+00,-4.96128649e-02,2.29227133e-01,2.87645621e-02,2.19106892e-01,-1.17366760e+01,0.00000000e+00,2.02412021e-01,2.48544897e-02,1.98363780e+02,2.43573999e+01
1.82200000e+00,-4.91541517e-02,2.29631711e-01,2.92050093e-02,2.20457908e-01,-1.17366760e+01,0.00000000e+00,1.90329146e-01,1.96126661e-02,1.86522563e+02,1.92204127e+01
1.82400000e+00,-4.86944337e-02,2.29892879e-01,2.96464983e-02,2.21965519e-01,-1.17366760e+01,0.00000000e+00,2.02012178e-01,2.58136476e-02,1.97971934e+02,2.52973747e+01
1.82600000e+00,-4.82350047e-02,2.29517225e-01,3.00944428e-02,2.25830144e-01,-1.17366760e+01,0.00000000e+00,2.01458121e-01,2.51983237e-02,1.97428958e+02,2.46943572e+01
1.82800000e+00,-4.77763711e-02,2.29132150e-01,3.05489333e-02,2.28366471e-01,-1.17366760e+01,0.00000000e+00,1.98486704e-01,2.36736650e-02,1.94516970e+02,2.32001917e+01
1.83000000e+00,-4.73185098e-02,2.28696618e-01,3.10073235e-02,2.30025124e-01,-1.17366760e+01,0.00000000e+00,1.98897894e-01,2.40102520e-02,1.94919936e+02,2.35300469e+01
1.83200000e+00,-4.68617376e-02,2.28031508e-01,3.14690759e-02,2.31746970e-01,-1.17366760e+01,0.00000000e+00,2.00120047e-01,2.44652579e-02,1.96117646e+02,2.39759528e+01
1.83400000e+00,-4.64065125e-02,2.27173342e-01,3.19341407e-02,2.33212818e-01,-1.17366760e+01,0.00000000e+00,1.99689549e-01,2.41366491e-02,1.95695758e+02,2.36539161e+01
1.83600000e+00,-4.59531555e-02,2.26148372e-01,3.24017084e-02,2.34350581e-01,-1.17366760e+01,0.00000000e+00,2.00312906e-01,2.44440968e-02,1.96306648e+02,2.39552148e+01
1.83800000e+00,-4.55020296e-02,2.24957534e-01,3.28713276e-02,2.35165228e-01,-1.17366760e+01,0.00000000e+00,1.99878008e-01,2.41289348e-02,1.95880447e+02,2.36463561e+01
1.84000000e+00,-4.50533778e-02,2.23687991e-01,3.33418406e-02,2.35186878e-01,-1.17366760e+01,0.00000000e+00,1.98484397e-01,2.34516849e-02,1.94514710e+02,2.29826512e+01
1.84200000e+00,-4.46071435e-02,2.22619631e-01,3.38107210e-02,2.33177665e-01,-1.17366760e+01,0.00000000e+00,1.91529510e-01,2.05365881e-02,1.87698920e+02,2.01258563e+01
1.84400000e+00,-4.41629634e-02,2.21455093e-01,3.42746121e-02,2.31259569e-01,-1.17366760e+01,0.00000000e+00,1.97101551e-01,2.43066453e-02,1.93159520e+02,2.38205124e+01
1.84600000e+00,-4.37216327e-02,2.19826087e-01,3.47369529e-02,2.31131715e-01,-1.17366760e+01,0.00000000e+00,1.98773752e-01,2.49548700e-02,1.94798277e+02,2.44557726e+01
1.84800000e+00,-4.32837341e-02,2.18084576e-01,3.51987624e-02,2.30439175e-01,-1.17366760e+01,0.00000000e+00,1.96148638e-01,2.37812804e-02,1.92225665e+02,2.33056548e+01
1.85000000e+00,-4.28493001e-02,2.16334656e-01,3.56581270e-02,2.28872768e-01,-1.17366760e+01,0.00000000e+00,1.95416789e-01,2.37774768e-02,1.91508453e+02,2.33019272e+01
1.85200000e+00,-4.24184813e-02,2.14456003e-01,3.61141340e-02,2.27127109e-01,-1.17366760e+01,0.00000000e+00,1.95632327e-01,2.40571780e-02,1.91719680e+02,2.35760344e+01
1.85400000e+00,-4.19915414e-02,2.12479361e-01,3.65663257e-02,2.24916895e-01,-1.17366760e+01,0.00000000e+00,1.94213262e-01,2.34492039e-02,1.90328997e+02,2.29802198e+01
1.85600000e+00,-4.15686267e-02,2.10408385e-01,3.70134990e-02,2.22252802e-01,-1.17366760e+01,0.00000000e+00,1.94375950e-01,2.37443917e-02,1.90488431e+02,2.32695038e+01
1.85800000e+00,-4.11500249e-02,2.08161837e-01,3.74553593e-02,2.19622295e-01,-1.17366760e+01,0.00000000e+00,1.94889724e-01,2.41520080e-02,1.90991929e+02,2.36689679e+01
1.86000000e+00,-4.07360205e-02,2.05853703e-01,3.78916006e-02,2.16410603e-01,-1.17366760e+01,0.00000000e+00,1.92425940e-01,2.31489119e-02,1.88577421e+02,2.26859337e+01
1.86200000e+00,-4.03265490e-02,2.03637197e-01,3.83201204e-02,2.11877165e-01,-1.17366760e+01,0.00000000e+00,1.89396890e-01,2.19915880e-02,1.85608952e+02,2.15517562e+01
1.86400000e+00,-3.99215136e-02,2.01357870e-01,3.87391483e-02,2.07402194e-01,-1.17366760e+01,0.00000000e+00,1.90578353e-01,2.38721761e-02,1.86766786e+02,2.33947325e+01
1.86600000e+00,-3.95212104e-02,1.98939138e-01,3.91500096e-02,2.03347843e-01,-1.17366760e+01,0.00000000e+00,1.89376765e-01,2.34630222e-02,1.85589230e+02,2.29937618e+01
1.86800000e+00,-3.91257822e-02,1.96482600e-01,3.95522061e-02,1.98793116e-01,-1.17366760e+01,0.00000000e+00,1.88223819e-01,2.33982905e-02,1.84459342e+02,2.29303247e+01
1.87000000e+00,-3.87353151e-02,1.93973543e-01,3.99449815e-02,1.93937542e-01,-1.17366760e+01,0.00000000e+00,1.87406290e-01,2.33946143e-02,1.83658165e+02,2.29267220e+01
1.87200000e+00,-3.83499049e-02,1.91439255e-01,4.03276289e-02,1.88591067e-01,-1.17366760e+01,0.00000000e+00,1.85656853e-01,2.29166619e-02,1.81943716e+02,2.24583287e+01
1.87400000e+00,-3.79696140e-02,1.88821069e-01,4.06992654e-02,1.83124001e-01,-1.17366760e+01,0.00000000e+00,1.86251786e-01,2.36746653e-02,1.82526750e+02,2.32011720e+01
1.87600000e+00,-3.75946582e-02,1.86146500e-01,4.10599540e-02,1.77400644e-01,-1.17366760e+01,0.00000000e+00,1.83902539e-01,2.28962453e-02,1.80224488e+02,2.24383204e+01
1.87800000e+00,-3.72250429e-02,1.83449576e-01,4.14085957e-02,1.71269039e-01,-1.17366760e+01,0.00000000e+00,1.83745954e-01,2.33183286e-02,1.80071035e+02,2.28519620e+01
1.88000000e+00,-3.68609224e-02,1.80658806e-01,4.17450331e-02,1.65141807e-01,-1.17366760e+01,0.00000000e+00,1.83111732e-01,2.33885372e-02,1.79449497e+02,2.29207665e+01
1.88200000e+00,-3.65023688e-02,1.77926359e-01,4.20685781e-02,1.58137390e-01,-1.17366760e+01,0.00000000e+00,1.79444857e-01,2.19420737e-02,1.75855960e+02,2.15032322e+01
1.88400000e+00,-3.61491821e-02,1.75246191e-01,4.23773828e-02,1.50833198e-01,-1.17366760e+01,0.00000000e+00,1.78996057e-01,2.32035072e-02,1.75416136e+02,2.27394370e+01
1.88600000e+00,-3.58014687e-02,1.72438987e-01,4.26723664e-02,1.44212260e-01,-1.17366760e+01,0.00000000e+00,1.79563555e-01,2.38003575e-02,1.75972284e+02,2.33243503e+01
1.88800000e+00,-3.54594420e-02,1.69608000e-01,4.29540184e-02,1.37271115e-01,-1.17366760e+01,0.00000000e+00,1.76748098e-01,2.29365184e-02,1.73213136e+02,2.24777880e+01
1.89000000e+00,-3.51230624e-02,1.66738484e-01,4.32213976e-02,1.30249989e-01,-1.17366760e+01,0.00000000e+00,1.77706326e-01,2.40173696e-02,1.74152200e+02,2.35370222e+01
1.89200000e+00,-3.47925202e-02,1.63820799e-01,4.34750043e-02,1.23207949e-01,-1.17366760e+01,0.00000000e+00,1.75163410e-01,2.32577279e-02,1.71660142e+02,2.27925733e+01
1.89400000e+00,-3.44677529e-02,1.60942628e-01,4.37139204e-02,1.15702394e-01,-1.17366760e+01,0.00000000e+00,1.74120106e-01,2.33888228e-02,1.70637704e+02,2.29210464e+01
1.89600000e+00,-3.41487980e-02,1.57992048e-01,4.39379348e-02,1.08378187e-01,-1.17366760e+01,0.00000000e+00,1.74239717e-01,2.39614139e-02,1.70754923e+02,2.34821856e+01
1.89800000e+00,-3.38357939e-02,1.55027649e-01,4.41473174e-02,1.00880388e-01,-1.17366760e+01,0.00000000e+00,1.71875755e-01,2.33265809e-02,1.68438240e+02,2.28600493e+01
1.90000000e+00,-3.35286789e-02,1.52076018e-01,4.43412918e-02,9.31357660e-02,-1.17366760e+01,0.00000000e+00,1.71422278e-01,2.37236160e-02,1.67993832e+02,2.32491437e+01
1.90200000e+00,-3.32274961e-02,1.49114979e-01,4.45197952e-02,8.52932788e-02,-1.17366760e+01,0.00000000e+00,1.69624840e-01,2.33793373e-02,1.66232344e+02,2.29117506e+01
1.90400000e+00,-3.29321498e-02,1.46257682e-01,4.46821619e-02,7.69962140e-02,-1.17366760e+01,0.00000000e+00,1.66575335e-01,2.30047647e-02,1.63243828e+02,2.25446694e+01
1.90600000e+00,-3.26424863e-02,1.43368963e-01,4.48279818e-02,6.90017016e-02,-1.17366760e+01,0.00000000e+00,1.67982881e-01,2.42260449e-02,1.64623224e+02,2.37415240e+01
1.90800000e+00,-3.23587005e-02,1.40440492e-01,4.49582585e-02,6.11419690e-02,-1.17366760e+01,0.00000000e+00,1.65175541e-01,2.34769311e-02,1.61872030e+02,2.30073924e+01
1.91000000e+00,-3.20806907e-02,1.37562522e-01,4.50723797e-02,5.30273230e-02,-1.17366760e+01,0.00000000e+00,1.64521605e-01,2.38573434e-02,1.61231173e+02,2.33801965e+01
1.91200000e+00,-3.18084478e-02,1.34688376e-01,4.51703944e-02,4.49526018e-02,-1.17366760e+01,0.00000000e+00,1.62852061e-01,2.37040360e-02,1.59595020e+02,2.32299553e+01
1.91400000e+00,-3.15418884e-02,1.31887373e-01,4.52519792e-02,3.65615844e-02,-1.17366760e+01,0.00000000e+00,1.60624934e-01,2.33133827e-02,1.57412435e+02,2.28471150e+01
1.91600000e+00,-3.12808847e-02,1.29106821e-01,4.53166377e-02,2.81659231e-02,-1.17366760e+01,0.00000000e+00,1.60232233e-01,2.37901129e-02,1.57027588e+02,2.33143106e+01
1.91800000e+00,-3.10254466e-02,1.26348016e-01,4.53646412e-02,1.97677790e-02,-1.17366760e+01,0.00000000e+00,1.58020216e-01,2.33801471e-02,1.54859811e+02,2.29125441e+01
1.92000000e+00,-3.07754576e-02,1.23641669e-01,4.53956272e-02,1.12472740e-02,-1.17366760e+01,0.00000000e+00,1.56954659e-01,2.35810324e-02,1.53815566e+02,2.31094118e+01
1.92200000e+00,-3.05308802e-02,1.20934907e-01,4.54097589e-02,2.91961785e-03,-1.17366760e+01,0.00000000e+00,1.56022330e-01,2.38085388e-02,1.52901883e+02,2.33323680e+01
1.92400000e+00,-3.02916729e-02,1.18295886e-01,4.54071974e-02,-5.57037423e-03,-1.17366760e+01,0.00000000e+00,1.53408137e-01,2.32400586e-02,1.50339975e+02,2.27752574e+01
1.92600000e+00,-3.00576586e-02,1.15713988e-01,4.53874402e-02,-1.41161559e-02,-1.17366760e+01,0.00000000e+00,1.52766668e-01,2.36667287e-02,1.49711335e+02,2.31933941e+01
1.92800000e+00,-2.98288201e-02,1.13127311e-01,4.53509040e-02,-2.24052313e-02,-1.17366760e+01,0.00000000e+00,1.51641186e-01,2.37300801e-02,1.48608362e+02,2.32554785e+01
1.93000000e+00,-2.96051330e-02,1.10565148e-01,4.52978908e-02,-3.05871241e-02,-1.17366760e+01,0.00000000e+00,1.50357344e-01,2.38193199e-02,1.47350197e+02,2.33429336e+01
1.93200000e+00,-2.93865715e-02,1.07984961e-01,4.52287971e-02,-3.84066766e-02,-1.17366760e+01,0.00000000e+00,1.50267686e-01,2.43951601e-02,1.47262332e+02,2.39072569e+01
1.93400000e+00,-2.91731755e-02,1.05431305e-01,4.51443480e-02,-4.61002380e-02,-1.17366760e+01,0.00000000e+00,1.47984892e-01,2.39662507e-02,1.45025194e+02,2.34869257e+01
1.93600000e+00,-2.89647980e-02,1.02950126e-01,4.50443674e-02,-5.38368822e-02,-1.17366760e+01,0.00000000e+00,1.46862892e-01,2.41650753e-02,1.43925634e+02,2.36817738e+01
1.93800000e+00,-2.87613543e-02,1.00499935e-01,4.49291315e-02,-6.13770883e-02,-1.17366760e+01,0.00000000e+00,1.45589981e-01,2.42170383e-02,1.42678182e+02,2.37326975e+01
1.94000000e+00,-2.85627554e-02,9.81139546e-02,4.47988710e-02,-6.88993087e-02,-1.17366760e+01,0.00000000e+00,1.43731465e-01,2.40198048e-02,1.40856835e+02,2.35394087e+01
1.94200000e+00,-2.83688783e-02,9.57582667e-02,4.46537092e-02,-7.61592006e-02,-1.17366760e+01,0.00000000e+00,1.43289853e-01,2.45632976e-02,1.40424055e+02,2.40720316e+01
1.94400000e+00,-2.81797203e-02,9.34056993e-02,4.44943509e-02,-8.32441213e-02,-1.17366760e+01,0.00000000e+00,1.42104776e-01,2.41622882e-02,1.39262681e+02,2.36790425e+01
1.94600000e+00,-2.79951980e-02,9.11394167e-02,4.43205811e-02,-9.05563249e-02,-1.17366760e+01,0.00000000e+00,1.39757958e-01,2.38409602e-02,1.36962799e+02,2.33641410e+01
1.94800000e+00,-2.78151553e-02,8.88841199e-02,4.41323640e-02,-9.75110053e-02,-1.17366760e+01,0.00000000e+00,1.40369202e-01,2.46467479e-02,1.37561818e+02,2.41538129e+01
1.95000000e+00,-2.76396521e-02,8.66429485e-02,4.39307052e-02,-1.04213547e-01,-1.17366760e+01,0.00000000e+00,1.37985961e-01,2.40848256e-02,1.35226241e+02,2.36031291e+01
1.95200000e+00,-2.74685539e-02,8.44461232e-02,4.37156488e-02,-1.10707652e-01,-1.17366760e+01,0.00000000e+00,1.37927302e-01,2.47797369e-02,1.35168756e+02,2.42841422e+01
1.95400000e+00,-2.73018278e-02,8.23090240e-02,4.34879958e-02,-1.17019997e-01,-1.17366760e+01,0.00000000e+00,1.35220451e-01,2.41436690e-02,1.32516042e+02,2.36607956e+01
1.95600000e+00,-2.71392398e-02,8.02890386e-02,4.32474914e-02,-1.23448405e-01,-1.17366760e+01,0.00000000e+00,1.33855127e-01,2.41951821e-02,1.31178024e+02,2.37112785e+01
1.95800000e+00,-2.69806409e-02,7.83151506e-02,4.29943869e-02,-1.29599758e-01,-1.17366760e+01,0.00000000e+00,1.32840514e-01,2.43661619e-02,1.30183704e+02,2.38788387e+01
1.96000000e+00,-2.68259296e-02,7.64155897e-02,4.27291691e-02,-1.35635973e-01,-1.17366760e+01,0.00000000e+00,1.30847518e-01,2.40604314e-02,1.28230568e+02,2.35792228e+01
1.96200000e+00,-2.66749759e-02,7.45199850e-02,4.24521755e-02,-1.41173498e-01,-1.17366760e+01,0.00000000e+00,1.31508130e-01,2.50195431e-02,1.28877968e+02,2.45191522e+01
1.96400000e+00,-2.65278807e-02,7.25778766e-02,4.21647163e-02,-1.46349217e-01,-1.17366760e+01,0.00000000e+00,1.30725470e-01,2.44112955e-02,1.28110960e+02,2.39230696e+01
1.96600000e+00,-2.63846051e-02,7.07246389e-02,4.18665609e-02,-1.51851519e-01,-1.17366760e+01,0.00000000e+00,1.28254189e-01,2.39103327e-02,1.25689105e+02,2.34321260e+01
1.96800000e+00,-2.62449954e-02,6.88515381e-02,4.15576754e-02,-1.56806253e-01,-1.17366760e+01,0.00000000e+00,1.30042436e-01,2.51214934e-02,1.27441587e+02,2.46190635e+01
1.97000000e+00,-2.61092134e-02,6.69568343e-02,4.12396545e-02,-1.61283082e-01,-1.17366760e+01,0.00000000e+00,1.27642729e-01,2.44609406e-02,1.25089874e+02,2.39717218e+01
1.97200000e+00,-2.59771396e-02,6.51047600e-02,4.09127376e-02,-1.65468187e-01,-1.17366760e+01,0.00000000e+00,1.27960637e-01,2.52685725e-02,1.25401424e+02,2.47632011e+01
1.97400000e+00,-2.58487630e-02,6.32996349e-02,4.05779745e-02,-1.69364213e-01,-1.17366760e+01,0.00000000e+00,1.25490194e-01,2.45910474e-02,1.22980390e+02,2.40992265e+01
1.97600000e+00,-2.57238664e-02,6.16065518e-02,4.02352286e-02,-1.73338382e-01,-1.17366760e+01,0.00000000e+00,1.24316000e-01,2.46165530e-02,1.21829680e+02,2.41242220e+01
1.97800000e+00,-2.56023244e-02,5.99320777e-02,3.98848994e-02,-1.76894883e-01,-1.17366760e+01,0.00000000e+00,1.24056350e-01,2.49687549e-02,1.21575223e+02,2.44693798e+01
1.98000000e+00,-2.54841109e-02,5.82982691e-02,3.95278273e-02,-1.80184074e-01,-1.17366760e+01,0.00000000e+00,1.22394010e-01,2.46688725e-02,1.19946129e+02,2.41754950e+01
1.98200000e+00,-2.53691156e-02,5.66880043e-02,3.91644463e-02,-1.83048612e-01,-1.17366760e+01,0.00000000e+00,1.22560922e-01,2.53422151e-02,1.20109703e+02,2.48353708e+01
1.98400000e+00,-2.52573917e-02,5.50285735e-02,3.87958210e-02,-1.85630978e-01,-1.17366760e+01,0.00000000e+00,1.22624115e-01,2.47355789e-02,1.20171632e+02,2.42408673e+01
1.98600000e+00,-2.51489805e-02,5.34004674e-02,3.84217849e-02,-1.88419459e-01,-1.17366760e+01,0.00000000e+00,1.20937238e-01,2.43763711e-02,1.18518493e+02,2.38888437e+01
1.98800000e+00,-2.50438337e-02,5.17065359e-02,3.80425982e-02,-1.90525500e-01,-1.17366760e+01,0.00000000e+00,1.23297186e-01,2.56272863e-02,1.20831242e+02,2.51147405e+01
1.99000000e+00,-2.49422052e-02,4.99362921e-02,3.76601424e-02,-1.91942386e-01,-1.17366760e+01,0.00000000e+00,1.21883549e-01,2.52771176e-02,1.19445878e+02,2.47715753e+01
1.99200000e+00,-2.48440951e-02,4.81562064e-02,3.72751864e-02,-1.92822694e-01,-1.17366760e+01,0.00000000e+00,1.22719075e-01,2.62040623e-02,1.20264693e+02,2.56799810e+01
1.99400000e+00,-2.47495234e-02,4.64616179e-02,3.68888840e-02,-1.93654353e-01,-1.17366760e+01,0.00000000e+00,1.19106586e-01,2.48276421e-02,1.16724454e+02,2.43310893e+01
1.99600000e+00,-2.46581559e-02,4.49061185e-02,3.65003802e-02,-1.94769260e-01,-1.17366760e+01,0.00000000e+00,1.18716724e-01,2.50550041e-02,1.16342390e+02,2.45539040e+01
1.99800000e+00,-2.45698925e-02,4.33601262e-02,3.61100859e-02,-1.95465892e-01,-1.17366760e+01,0.00000000e+00,1.18157593e-01,2.51483472e-02,1.15794441e+02,2.46453802e+01
2.00000000e+00,-2.44846667e-02,4.18871334e-02,3.57185595e-02,-1.96098116e-01,-1.17366760e+01,0.00000000e+00,1.16309097e-01,2.46311174e-02,1.13982915e+02,2.41384950e+01
2.00200000e+00,-2.44023329e-02,4.04307642e-02,3.53259506e-02,-1.96344608e-01,-1.17366760e+01,0.00000000e+00,1.17091150e-01,2.53972974e-02,1.14749327e+02,2.48893514e+01
2.00400000e+00,-2.43230022e-02,3.88866050e-02,3.49333737e-02,-1.96302214e-01,-1.17366760e+01,0.00000000e+00,1.17706674e-01,2.46766197e-02,1.15352540e+02,2.41830873e+01
2.00600000e+00,-2.42468059e-02,3.73133392e-02,3.45406621e-02,-1.96379300e-01,-1.17366760e+01,0.00000000e+00,1.17142845e-01,2.45855340e-02,1.14799988e+02,2.40938233e+01
2.00800000e+00,-2.41738583e-02,3.55758813e-02,3.41485480e-02,-1.95419225e-01,-1.17366760e+01,0.00000000e+00,1.20941065e-01,2.62931975e-02,1.18522244e+02,2.57673335e+01
2.01000000e+00,-2.41045747e-02,3.37299694e-02,3.37594694e-02,-1.93732881e-01,-1.17366760e+01,0.00000000e+00,1.19103922e-01,2.55534288e-02,1.16721844e+02,2.50423603e+01
2.01200000e+00,-2.40389584e-02,3.18541337e-02,3.33739739e-02,-1.91510584e-01,-1.17366760e+01,0.00000000e+00,1.21097135e-01,2.68666520e-02,1.18675192e+02,2.63293189e+01
2.01400000e+00,-2.39771350e-02,3.00130578e-02,3.29935498e-02,-1.89104198e-01,-1.17366760e+01,0.00000000e+00,1.17779302e-01,2.53953094e-02,1.15423716e+02,2.48874032e+01
2.01600000e+00,-2.39188035e-02,2.83260239e-02,3.26172309e-02,-1.87187110e-01,-1.17366760e+01,0.00000000e+00,1.17014492e-01,2.53012428e-02,1.14674202e+02,2.47952179e+01
2.01800000e+00,-2.38638508e-02,2.66090494e-02,3.22451215e-02,-1.84789838e-01,-1.17366760e+01,0.00000000e+00,1.18023406e-01,2.58707086e-02,1.15662938e+02,2.53532944e+01
2.02000000e+00,-2.38123426e-02,2.49290773e-02,3.18781209e-02,-1.82318485e-01,-1.17366760e+01,0.00000000e+00,1.15722387e-01,2.49314003e-02,1.13407939e+02,2.44327723e+01
2.02200000e+00,-2.37641139e-02,2.32801058e-02,3.15159629e-02,-1.79674196e-01,-1.17366760e+01,0.00000000e+00,1.16898651e-01,2.57153200e-02,1.14560678e+02,2.52010136e+01
2.02400000e+00,-2.37193142e-02,2.14930808e-02,3.11596866e-02,-1.76636190e-01,-1.17366760e+01,0.00000000e+00,1.18575435e-01,2.52475920e-02,1.16203926e+02,2.47426401e+01
2.02600000e+00,-2.36781850e-02,1.96408823e-02,3.08093306e-02,-1.73729429e-01,-1.17366760e+01,0.00000000e+00,1.18078254e-01,2.49381392e-02,1.15716689e+02,2.44393764e+01
2.02800000e+00,-2.36408839e-02,1.75888210e-02,3.04654511e-02,-1.69799466e-01,-1.17366760e+01,0.00000000e+00,1.22933112e-01,2.69025776e-02,1.20474450e+02,2.63645260e+01
2.03000000e+00,-2.36079405e-02,1.53705987e-02,3.01306707e-02,-1.65062660e-01,-1.17366760e+01,0.00000000e+00,1.21682955e-01,2.61514769e-02,1.19249296e+02,2.56284474e+01
2.03200000e+00,-2.35794350e-02,1.31021526e-02,2.98054899e-02,-1.59891796e-01,-1.17366760e+01,0.00000000e+00,1.23864883e-01,2.73471061e-02,1.21387585e+02,2.68001640e+01
2.03400000e+00,-2.35555068e-02,1.08713792e-02,2.94911013e-02,-1.54724149e-01,-1.17366760e+01,0.00000000e+00,1.20598022e-01,2.56933951e-02,1.18186062e+02,2.51795272e+01
2.03600000e+00,-2.35358530e-02,8.78543103e-03,2.91861866e-02,-1.50166550e-01,-1.17366760e+01,0.00000000e+00,1.20311737e-01,2.56291697e-02,1.17905502e+02,2.51165863e+01
2.03800000e+00,-2.35204033e-02,6.64212714e-03,2.88907245e-02,-1.45174904e-01,-1.17366760e+01,0.00000000e+00,1.21803495e-01,2.61803866e-02,1.19367425e+02,2.56567789e+01
2.04000000e+00,-2.35092885e-02,4.49274888e-03,2.86055624e-02,-1.40070104e-01,-1.17366760e+01,0.00000000e+00,1.20354091e-01,2.54571870e-02,1.17947009e+02,2.49480433e+01
2.04200000e+00,-2.35024342e-02,2.34053159e-03,2.83305507e-02,-1.34805526e-01,-1.17366760e+01,0.00000000e+00,1.21805183e-01,2.61207927e-02,1.19369079e+02,2.55983768e+01
2.04400000e+00,-2.35000040e-02,7.18774640e-05,2.80664349e-02,-1.29399007e-01,-1.17366760e+01,0.00000000e+00,1.23045886e-01,2.53755704e-02,1.20584968e+02,2.48680590e+01
2.04600000e+00,-2.35021784e-02,-2.24438511e-03,2.78127278e-02,-1.24332718e-01,-1.17366760e+01,0.00000000e+00,1.22925954e-01,2.50421338e-02,1.20467435e+02,2.45412911e+01
2.04800000e+00,-2.35091302e-02,-4.78368256e-03,2.75697573e-02,-1.18286757e-01,-1.17366760e+01,0.00000000e+00,1.28304316e-01,2.70824787e-02,1.25738229e+02,2.65408291e+01
2.05000000e+00,-2.35214361e-02,-7.50747219e-03,2.73400721e-02,-1.11503741e-01,-1.17366760e+01,0.00000000e+00,1.27326326e-01,2.62582782e-02,1.24779799e+02,2.57331127e+01
2.05200000e+00,-2.35392157e-02,-1.03146839e-02,2.71240178e-02,-1.04307634e-01,-1.17366760e+01,0.00000000e+00,1.30387522e-01,2.76380708e-02,1.27779772e+02,2.70853094e+01
2.05400000e+00,-2.35627009e-02,-1.31309349e-02,2.69228669e-02,-9.70734960e-02,-1.17366760e+01,0.00000000e+00,1.27717612e-01,2.60477011e-02,1.25163260e+02,2.55267470e+01
2.05600000e+00,-2.35916395e-02,-1.57971579e-02,2.67351711e-02,-9.06682555e-02,-1.17366760e+01,0.00000000e+00,1.27107071e-01,2.56274432e-02,1.24564930e+02,2.51148944e+01
2.05800000e+00,-2.36259314e-02,-1.85262294e-02,2.65604057e-02,-8.39453676e-02,-1.17366760e+01,0.00000000e+00,1.29455140e-01,2.64620965e-02,1.26866037e+02,2.59328545e+01
2.06000000e+00,-2.36657544e-02,-2.12703564e-02,2.63993897e-02,-7.72223817e-02,-1.17366760e+01,0.00000000e+00,1.27772653e-01,2.53948200e-02,1.25217200e+02,2.48869236e+01
2.06200000e+00,-2.37110171e-02,-2.40209085e-02,2.62515074e-02,-7.05125987e-02,-1.17366760e+01,0.00000000e+00,1.29963662e-01,2.62204445e-02,1.27364389e+02,2.56960357e+01
2.06400000e+00,-2.37619421e-02,-2.69274940e-02,2.61174817e-02,-6.35892857e-02,-1.17366760e+01,0.00000000e+00,1.31822683e-01,2.56486976e-02,1.29186230e+02,2.51357236e+01
2.06600000e+00,-2.38187539e-02,-2.98742105e-02,2.59968517e-02,-5.71137336e-02,-1.17366760e+01,0.00000000e+00,1.31353119e-01,2.51055924e-02,1.28726056e+02,2.46034805e+01
2.06800000e+00,-2.38815751e-02,-3.30252458e-02,2.58895502e-02,-4.98531373e-02,-1.17366760e+01,0.00000000e+00,1.37097357e-01,2.71403915e-02,1.34355410e+02,2.65975837e+01
2.07000000e+00,-2.39509832e-02,-3.63688497e-02,2.57978581e-02,-4.19642209e-02,-1.17366760e+01,0.00000000e+00,1.36405829e-01,2.62901776e-02,1.33677712e+02,2.57643740e+01
2.07200000e+00,-2.40270894e-02,-3.97707798e-02,2.57217843e-02,-3.39388830e-02,-1.17366760e+01,0.00000000e+00,1.39067811e-01,2.73148577e-02,1.36286455e+02,2.67685605e+01
2.07400000e+00,-2.41100784e-02,-4.31908142e-02,2.56620674e-02,-2.59661803e-02,-1.17366760e+01,0.00000000e+00,1.37492267e-01,2.60910552e-02,1.34742421e+02,2.55692341e+01
2.07600000e+00,-2.41997574e-02,-4.64679694e-02,2.56173022e-02,-1.89194879e-02,-1.17366760e+01,0.00000000e+00,1.36447719e-01,2.53042852e-02,1.33718764e+02,2.47981995e+01
2.07800000e+00,-2.42959720e-02,-4.97775957e-02,2.55864187e-02,-1.18290320e-02,-1.17366760e+01,0.00000000e+00,1.39023075e-01,2.61359564e-02,1.36242613e+02,2.56132372e+01
2.08000000e+00,-2.43988984e-02,-5.31331270e-02,2.55699941e-02,-4.72650883e-03,-1.17366760e+01,0.00000000e+00,1.38346852e-01,2.53031985e-02,1.35579915e+02,2.47971345e+01
2.08200000e+00,-2.45085183e-02,-5.65094618e-02,2.55674409e-02,2.26842871e-03,-1.17366760e+01,0.00000000e+00,1.40390365e-01,2.59036702e-02,1.37582558e+02,2.53855968e+01
2.08400000e+00,-2.46250268e-02,-6.00216159e-02,2.55791747e-02,9.42369828e-03,-1.17366760e+01,0.00000000e+00,1.42457434e-01,2.56535607e-02,1.39608285e+02,2.51404895e+01
2.08600000e+00,-2.47486306e-02,-6.35724735e-02,2.56048698e-02,1.61801781e-02,-1.17366760e+01,0.00000000e+00,1.42289242e-01,2.51005223e-02,1.39443457e+02,2.45985118e+01
2.08800000e+00,-2.48794221e-02,-6.72814716e-02,2.56442077e-02,2.34051032e-02,-1.17366760e+01,0.00000000e+00,1.47205559e-01,2.66901770e-02,1.44261448e+02,2.61563735e+01
2.09000000e+00,-2.50178703e-02,-7.11611658e-02,2.56987966e-02,3.10896474e-02,-1.17366760e+01,0.00000000e+00,1.47392289e-01,2.61400727e-02,1.44444443e+02,2.56172713e+01
2.09200000e+00,-2.51641004e-02,-7.50912771e-02,2.57685730e-02,3.87841688e-02,-1.17366760e+01,0.00000000e+00,1.49561439e-01,2.68076988e-02,1.46570210e+02,2.62715448e+01
2.09400000e+00,-2.53182434e-02,-7.90333337e-02,2.58538253e-02,4.63166614e-02,-1.17366760e+01,0.00000000e+00,1.48913561e-01,2.59186267e-02,1.45935290e+02,2.54002542e+01
2.09600000e+00,-2.54801733e-02,-8.28846842e-02,2.59533334e-02,5.30898941e-02,-1.17366760e+01,0.00000000e+00,1.48747989e-01,2.53533596e-02,1.45773029e+02,2.48462924e+01
2.09800000e+00,-2.56498038e-02,-8.67685679e-02,2.60661387e-02,5.97938717e-02,-1.17366760e+01,0.00000000e+00,1.51042754e-01,2.59317063e-02,1.48021899e+02,2.54130721e+01
2.10000000e+00,-2.58272705e-02,-9.06868147e-02,2.61924422e-02,6.63977755e-02,-1.17366760e+01,0.00000000e+00,1.50983633e-01,2.53209968e-02,1.47963960e+02,2.48145769e+01
2.10200000e+00,-2.60125507e-02,-9.46045659e-02,2.63315442e-02,7.27232707e-02,-1.17366760e+01,0.00000000e+00,1.52527717e-01,2.55434694e-02,1.49477163e+02,2.50326001e+01
2.10400000e+00,-2.62057586e-02,-9.86270732e-02,2.64833820e-02,7.91189150e-02,-1.17366760e+01,0.00000000e+00,1.54992394e-01,2.56825425e-02,1.51892546e+02,2.51688916e+01
2.10600000e+00,-2.64070450e-02,-1.02628587e-01,2.66476490e-02,8.49584307e-02,-1.17366760e+01,0.00000000e+00,1.53663838e-01,2.46083610e-02,1.50590561e+02,2.41161938e+01
2.10800000e+00,-2.66162944e-02,-1.06662373e-01,2.68231320e-02,9.06723286e-02,-1.17366760e+01,0.00000000e+00,1.57438400e-01,2.56672884e-02,1.54289632e+02,2.51539427e+01
2.11000000e+00,-2.68337964e-02,-1.10849037e-01,2.70106118e-02,9.67963898e-02,-1.17366760e+01,0.00000000e+00,1.58994643e-01,2.57346186e-02,1.55814750e+02,2.52199262e+01
2.11200000e+00,-2.70597289e-02,-1.15093202e-01,2.72103484e-02,1.02966698e-01,-1.17366760e+01,0.00000000e+00,1.60609118e-01,2.60471919e-02,1.57396935e+02,2.55262480e+01
2.11400000e+00,-2.72941639e-02,-1.19329402e-01,2.74223041e-02,1.08875383e-01,-1.17366760e+01,0.00000000e+00,1.60704940e-01,2.54858058e-02,1.57490841e+02,2.49760897e+01
2.11600000e+00,-2.75370159e-02,-1.23519669e-01,2.76455044e-02,1.14265847e-01,-1.17366760e+01,0.00000000e+00,1.61501143e-01,2.52760799e-02,1.58271121e+02,2.47705583e+01
2.11800000e+00,-2.77882448e-02,-1.27713161e-01,2.78792091e-02,1.19418643e-01,-1.17366760e+01,0.00000000e+00,1.62814035e-01,2.53186914e-02,1.59557754e+02,2.48123175e+01
2.12000000e+00,-2.80478858e-02,-1.31932507e-01,2.81230983e-02,1.24450403e-01,-1.17366760e+01,0.00000000e+00,1.64207586e-01,2.53683762e-02,1.60923435e+02,2.48610087e+01
2.12200000e+00,-2.83159914e-02,-1.36176796e-01,2.83769322e-02,1.29364512e-01,-1.17366760e+01,0.00000000e+00,1.65568218e-01,2.54323499e-02,1.62256854e+02,2.49237029e+01
2.12400000e+00,-2.85925952e-02,-1.40424436e-01,2.86403673e-02,1.33995098e-01,-1.17366760e+01,0.00000000e+00,1.66526530e-01,2.51476736e-02,1.63195999e+02,2.46447201e+01
2.12600000e+00,-2.88776527e-02,-1.44617384e-01,2.89125949e-02,1.38149123e-01,-1.17366760e+01,0.00000000e+00,1.66600010e-01,2.48192155e-02,1.63268009e+02,2.43228312e+01
2.12800000e+00,-2.91710606e-02,-1.48804075e-01,2.91928227e-02,1.42091573e-01,-1.17366760e+01,0.00000000e+00,1.68758478e-01,2.51023002e-02,1.65383309e+02,2.46002542e+01
2.13000000e+00,-2.94729230e-02,-1.53071835e-01,2.94810591e-02,1.46180814e-01,-1.17366760e+01,0.00000000e+00,1.70941198e-01,2.55374402e-02,1.67522374e+02,2.50266914e+01
2.13200000e+00,-2.97833815e-02,-1.57390054e-01,2.97776009e-02,1.50352467e-01,-1.17366760e+01,0.00000000e+00,1.72454304e-01,2.56972104e-02,1.69005218e+02,2.51832662e+01
2.13400000e+00,-3.01024452e-02,-1.61651195e-01,3.00821736e-02,1.54081200e-01,-1.17366760e+01,0.00000000e+00,1.72194549e-01,2.50412742e-02,1.68750658e+02,2.45404487e+01
2.13600000e+00,-3.04299580e-02,-1.65869912e-01,3.03936957e-02,1.57464882e-01,-1.17366760e+01,0.00000000e+00,1.74119360e-01,2.54166072e-02,1.70636973e+02,2.49082751e+01
2.13800000e+00,-3.07659116e-02,-1.70068831e-01,3.07118659e-02,1.60597780e-01,-1.17366760e+01,0.00000000e+00,1.74457211e-01,2.49680855e-02,1.70968067e+02,2.44687238e+01
2.14000000e+00,-3.11101973e-02,-1.74213623e-01,3.10357970e-02,1.63295994e-01,-1.17366760e+01,0.00000000e+00,1.75648115e-01,2.49658465e-02,1.72135153e+02,2.44665296e+01
2.14200000e+00,-3.14627744e-02,-1.78370817e-01,3.13650160e-02,1.65943391e-01,-1.17366760e+01,0.00000000e+00,1.77608235e-01,2.53306625e-02,1.74056070e+02,2.48240493e+01
2.14400000e+00,-3.18236342e-02,-1.82458428e-01,3.16993232e-02,1.68219881e-01,-1.17366760e+01,0.00000000e+00,1.76951149e-01,2.46639037e-02,1.73412126e+02,2.41706256e+01
2.14600000e+00,-3.21925287e-02,-1.86426932e-01,3.20375392e-02,1.69961966e-01,-1.17366760e+01,0.00000000e+00,1.77820181e-01,2.46913884e-02,1.74263777e+02,2.41975606e+01
2.14800000e+00,-3.25693229e-02,-1.90366960e-01,3.23790502e-02,1.71522746e-01,-1.17366760e+01,0.00000000e+00,1.79345505e-01,2.47705694e-02,1.75758595e+02,2.42751580e+01
2.15000000e+00,-3.29539877e-02,-1.94293762e-01,3.27235353e-02,1.72941170e-01,-1.17366760e+01,0.00000000e+00,1.80635228e-01,2.48841156e-02,1.77022524e+02,2.43864333e+01
2.15200000e+00,-3.33464783e-02,-1.98191105e-01,3.30707333e-02,1.74237246e-01,-1.17366760e+01,0.00000000e+00,1.81845180e-01,2.50092211e-02,1.78208276e+02,2.45090367e+01
2.15400000e+00,-3.37466897e-02,-2.01994732e-01,3.34201903e-02,1.75092366e-01,-1.17366760e+01,0.00000000e+00,1.81696733e-01,2.44573709e-02,1.78062798e+02,2.39682235e+01
2.15600000e+00,-3.41543926e-02,-2.05701403e-01,3.37708006e-02,1.75494264e-01,-1.17366760e+01,0.00000000e+00,1.82892625e-01,2.45586076e-02,1.79234773e+02,2.40674355e+01
2.15800000e+00,-3.45694748e-02,-2.09377290e-01,3.41220785e-02,1.75762971e-01,-1.17366760e+01,0.00000000e+00,1.84350772e-01,2.46795100e-02,1.80663757e+02,2.41859198e+01
2.16000000e+00,-3.49918647e-02,-2.12997624e-01,3.44736848e-02,1.75780092e-01,-1.17366760e+01,0.00000000e+00,1.85027771e-01,2.45327886e-02,1.81327215e+02,2.40421329e+01
2.16200000e+00,-3.54214250e-02,-2.16557626e-01,3.48250568e-02,1.75584072e-01,-1.17366760e+01,0.00000000e+00,1.86433017e-01,2.47341649e-02,1.82704357e+02,2.42394816e+01
2.16400000e+00,-3.58579790e-02,-2.19943327e-01,3.51756526e-02,1.74835537e-01,-1.17366760e+01,0.00000000e+00,1.84504502e-01,2.38741424e-02,1.80814412e+02,2.33966596e+01
2.16600000e+00,-3.63010856e-02,-2.23159971e-01,3.55241044e-02,1.73645217e-01,-1.17366760e+01,0.00000000e+00,1.86086647e-01,2.43051433e-02,1.82364914e+02,2.38190405e+01
2.16800000e+00,-3.67505816e-02,-2.26320672e-01,3.58701859e-02,1.72383508e-01,-1.17366760e+01,0.00000000e+00,1.86853662e-01,2.42191944e-02,1.83116588e+02,2.37348105e+01
2.17000000e+00,-3.72063053e-02,-2.29386879e-01,3.62134639e-02,1.70860071e-01,-1.17366760e+01,0.00000000e+00,1.87586175e-01,2.42467783e-02,1.83834451e+02,2.37618427e+01
2.17200000e+00,-3.76680895e-02,-2.32393672e-01,3.65536191e-02,1.69326018e-01,-1.17366760e+01,0.00000000e+00,1.89222713e-01,2.46834889e-02,1.85438258e+02,2.41898191e+01
2.17400000e+00,-3.81358136e-02,-2.35300903e-01,3.68905983e-02,1.67537484e-01,-1.17366760e+01,0.00000000e+00,1.89065828e-01,2.41947020e-02,1.85284511e+02,2.37108080e+01
2.17600000e+00,-3.86091860e-02,-2.38047548e-01,3.72234023e-02,1.65198799e-01,-1.17366760e+01,0.00000000e+00,1.89323201e-01,2.40050819e-02,1.85536737e+02,2.35249803e+01
2.17800000e+00,-3.90879336e-02,-2.40688914e-01,3.75512568e-02,1.62655095e-01,-1.17366760e+01,0.00000000e+00,1.90503053e-01,2.42337710e-02,1.86692992e+02,2.37490956e+01
2.18000000e+00,-3.95718771e-02,-2.43233327e-01,3.78738969e-02,1.59922843e-01,-1.17366760e+01,0.00000000e+00,1.90997758e-01,2.40713204e-02,1.87177802e+02,2.35898940e+01
2.18200000e+00,-4.00607964e-02,-2.45671893e-01,3.81908033e-02,1.56973230e-01,-1.17366760e+01,0.00000000e+00,1.92010870e-01,2.42314552e-02,1.88170652e+02,2.37468261e+01
2.18400000e+00,-4.05543963e-02,-2.47858013e-01,3.85014023e-02,1.53442473e-01,-1.17366760e+01,0.00000000e+00,1.89118936e-01,2.32965771e-02,1.85336558e+02,2.28306455e+01
2.18600000e+00,-4.10521086e-02,-2.49864388e-01,3.88044308e-02,1.49698146e-01,-1.17366760e+01,0.00000000e+00,1.91865492e-01,2.42176425e-02,1.88028182e+02,2.37332896e+01
2.18800000e+00,-4.15538182e-02,-2.51817239e-01,3.91003117e-02,1.46128912e-01,-1.17366760e+01,0.00000000e+00,1.91955754e-01,2.40882209e-02,1.88116639e+02,2.36064564e+01
2.19000000e+00,-4.20592778e-02,-2.53620524e-01,3.93888068e-02,1.42350224e-01,-1.17366760e+01,0.00000000e+00,1.92489266e-01,2.41916697e-02,1.88639480e+02,2.37078363e+01
2.19200000e+00,-4.25682056e-02,-2.55281734e-01,3.96695862e-02,1.38382061e-01,-1.17366760e+01,0.00000000e+00,1.92783475e-01,2.40932251e-02,1.88927806e+02,2.36113606e+01
2.19400000e+00,-4.30803071e-02,-2.56796488e-01,3.99421756e-02,1.34174811e-01,-1.17366760e+01,0.00000000e+00,1.93241116e-01,2.40809448e-02,1.89376294e+02,2.35993259e+01
2.19600000e+00,-4.35953176e-02,-2.58200324e-01,4.02062796e-02,1.29958790e-01,-1.17366760e+01,0.00000000e+00,1.94390010e-01,2.44538387e-02,1.90502210e+02,2.39647619e+01
2.19800000e+00,-4.41130271e-02,-2.59482148e-01,4.04619574e-02,1.25662678e-01,-1.17366760e+01,0.00000000e+00,1.94610863e-01,2.42798170e-02,1.90718646e+02,2.37942206e+01
2.20000000e+00,-4.46331495e-02,-2.60619026e-01,4.07087825e-02,1.21144907e-01,-1.17366760e+01,0.00000000e+00,1.95244185e-01,2.43430222e-02,1.91339301e+02,2.38561618e+01
2.20200000e+00,-4.51554114e-02,-2.61618285e-01,4.09464716e-02,1.16528976e-01,-1.17366760e+01,0.00000000e+00,1.95654248e-01,2.44152098e-02,1.91741163e+02,2.39269056e+01
2.20400000e+00,-4.56793887e-02,-2.62266590e-01,4.11744300e-02,1.11210454e-01,-1.17366760e+01,0.00000000e+00,1.91317659e-01,2.31960222e-02,1.87491306e+02,2.27321018e+01
2.20600000e+00,-4.62043168e-02,-2.62673431e-01,4.13911899e-02,1.05706740e-01,-1.17366760e+01,0.00000000e+00,1.94295382e-01,2.43384561e-02,1.90409475e+02,2.38516870e+01
2.20800000e+00,-4.67300189e-02,-2.62984973e-01,4.15973905e-02,1.00403407e-01,-1.17366760e+01,0.00000000e+00,1.93380797e-01,2.39133237e-02,1.89513181e+02,2.34350572e+01
2.21000000e+00,-4.72561202e-02,-2.63091813e-01,4.17926512e-02,9.48716185e-02,-1.17366760e+01,0.00000000e+00,1.93806195e-01,2.41401364e-02,1.89930071e+02,2.36573337e+01
2.21200000e+00,-4.77822605e-02,-2.63010168e-01,4.19767741e-02,8.91854596e-02,-1.17366760e+01,0.00000000e+00,1.93271599e-01,2.38546255e-02,1.89406167e+02,2.33775330e+01
2.21400000e+00,-4.83080192e-02,-2.62715974e-01,4.21491910e-02,8.31962630e-02,-1.17366760e+01,0.00000000e+00,1.93132466e-01,2.37528002e-02,1.89269817e+02,2.32777442e+01
2.21600000e+00,-4.88330173e-02,-2.62261258e-01,4.23095645e-02,7.72151973e-02,-1.17366760e+01,0.00000000e+00,1.93808102e-01,2.41032539e-02,1.89931940e+02,2.36211888e+01
2.21800000e+00,-4.93569599e-02,-2.61650107e-01,4.24580615e-02,7.12485933e-02,-1.17366760e+01,0.00000000e+00,1.93756448e-01,2.39977155e-02,1.89881319e+02,2.35177612e+01
2.22000000e+00,-4.98795032e-02,-2.60867197e-01,4.25945214e-02,6.52257322e-02,-1.17366760e+01,0.00000000e+00,1.94063283e-01,2.41825773e-02,1.90182017e+02,2.36989257e+01
2.22200000e+00,-5.04003167e-02,-2.59916258e-01,4.27189332e-02,5.91560630e-02,-1.17366760e+01,0.00000000e+00,1.94085350e-01,2.40796615e-02,1.90203643e+02,2.35980683e+01
2.22400000e+00,-5.09189235e-02,-2.58598185e-01,4.28307915e-02,5.25551543e-02,-1.17366760e+01,0.00000000e+00,1.89722893e-01,2.32299366e-02,1.85928436e+02,2.27653379e+01
2.22600000e+00,-5.14345675e-02,-2.57067239e-01,4.29292912e-02,4.61602940e-02,-1.17366760e+01,0.00000000e+00,1.93326717e-01,2.46555696e-02,1.89460182e+02,2.41624582e+01
2.22800000e+00,-5.19470954e-02,-2.55390764e-01,4.30154955e-02,3.98597704e-02,-1.17366760e+01,0.00000000e+00,1.90512738e-01,2.35535948e-02,1.86702484e+02,2.30825229e+01
2.23000000e+00,-5.24559683e-02,-2.53470842e-01,4.30885920e-02,3.33518172e-02,-1.17366760e+01,0.00000000e+00,1.91799869e-01,2.43273014e-02,1.87963872e+02,2.38407554e+01
2.23200000e+00,-5.29608551e-02,-2.51365388e-01,4.31489314e-02,2.68868334e-02,-1.17366760e+01,0.00000000e+00,1.90307244e-01,2.37325844e-02,1.86501099e+02,2.32579327e+01
2.23400000e+00,-5.34612403e-02,-2.48975723e-01,4.31958335e-02,1.99631351e-02,-1.17366760e+01,0.00000000e+00,1.89252965e-01,2.34342667e-02,1.85467906e+02,2.29655814e+01
2.23600000e+00,-5.39566392e-02,-2.46407910e-01,4.32288767e-02,1.31784815e-02,-1.17366760e+01,0.00000000e+00,1.90198903e-01,2.40744535e-02,1.86394925e+02,2.35929644e+01
2.23800000e+00,-5.44467399e-02,-2.43641951e-01,4.32485355e-02,6.37600790e-03,-1.17366760e+01,0.00000000e+00,1.88634710e-01,2.34276805e-02,1.84862016e+02,2.29591269e+01
2.24000000e+00,-5.49310510e-02,-2.40641887e-01,4.32542520e-02,-6.19515786e-04,-1.17366760e+01,0.00000000e+00,1.88694179e-01,2.36802790e-02,1.84920295e+02,2.32066735e+01
2.24200000e+00,-5.54092065e-02,-2.37490547e-01,4.32462619e-02,-7.30843571e-03,-1.17366760e+01,0.00000000e+00,1.89015887e-01,2.40625834e-02,1.85235569e+02,2.35813317e+01
2.24400000e+00,-5.58807356e-02,-2.33922952e-01,4.32246374e-02,-1.45685675e-02,-1.17366760e+01,0.00000000e+00,1.82830709e-01,2.24532727e-02,1.79174094e+02,2.20042073e+01
2.24600000e+00,-5.63447540e-02,-2.30138840e-01,4.31882067e-02,-2.15001391e-02,-1.17366760e+01,0.00000000e+00,1.87759968e-01,2.47031646e-02,1.84004768e+02,2.42091013e+01
2.24800000e+00,-5.68012631e-02,-2.26312960e-01,4.31391185e-02,-2.77092058e-02,-1.17366760e+01,0.00000000e+00,1.85596722e-01,2.39021706e-02,1.81884788e+02,2.34241272e+01
2.25000000e+00,-5.72498088e-02,-2.22191499e-01,4.30771128e-02,-3.43038646e-02,-1.17366760e+01,0.00000000e+00,1.84531241e-01,2.38079154e-02,1.80840616e+02,2.33317571e+01
2.25200000e+00,-5.76899250e-02,-2.17913892e-01,4.30021331e-02,-4.05534309e-02,-1.17366760e+01,0.00000000e+00,1.85558216e-01,2.45220070e-02,1.81847052e+02,2.40315669e+01
2.25400000e+00,-5.81213365e-02,-2.13444498e-01,4.29149427e-02,-4.67375575e-02,-1.17366760e+01,0.00000000e+00,1.83589459e-01,2.38231988e-02,1.79917670e+02,2.33467349e+01
2.25600000e+00,-5.85435537e-02,-2.08751190e-01,4.28151469e-02,-5.29757481e-02,-1.17366760e+01,0.00000000e+00,1.83791653e-01,2.42685409e-02,1.80115819e+02,2.37831701e+01
2.25800000e+00,-5.89562538e-02,-2.03926665e-01,4.27032959e-02,-5.88296709e-02,-1.17366760e+01,0.00000000e+00,1.83911857e-01,2.44723984e-02,1.80233620e+02,2.39829505e+01
2.26000000e+00,-5.93590906e-02,-1.98847441e-01,4.25796522e-02,-6.49475254e-02,-1.17366760e+01,0.00000000e+00,1.81148943e-01,2.35403567e-02,1.77525964e+02,2.30695496e+01
2.26200000e+00,-5.97514969e-02,-1.93548294e-01,4.24435076e-02,-7.10627310e-02,-1.17366760e+01,0.00000000e+00,1.81997761e-01,2.42860170e-02,1.78357806e+02,2.38002967e+01
2.26400000e+00,-6.01330762e-02,-1.87937908e-01,4.22953964e-02,-7.71852784e-02,-1.17366760e+01,0.00000000e+00,1.77013555e-01,2.33158020e-02,1.73473284e+02,2.28494860e+01
2.26600000e+00,-6.05031213e-02,-1.82136647e-01,4.21350273e-02,-8.29166971e-02,-1.17366760e+01,0.00000000e+00,1.80582105e-01,2.48803462e-02,1.76970463e+02,2.43827392e+01
2.26800000e+00,-6.08615575e-02,-1.76237359e-01,4.19640493e-02,-8.81685821e-02,-1.17366760e+01,0.00000000e+00,1.77672736e-01,2.40801898e-02,1.74119281e+02,2.35985860e+01
2.27000000e+00,-6.12078844e-02,-1.70058614e-01,4.17821993e-02,-9.36510568e-02,-1.17366760e+01,0.00000000e+00,1.76904202e-01,2.41388023e-02,1.73366118e+02,2.36560262e+01
2.27200000e+00,-6.15416578e-02,-1.63678734e-01,4.15895123e-02,-9.90326237e-02,-1.17366760e+01,0.00000000e+00,1.75723322e-01,2.40189262e-02,1.72208855e+02,2.35385476e+01
2.27400000e+00,-6.18624826e-02,-1.57123720e-01,4.13862036e-02,-1.04211952e-01,-1.17366760e+01,0.00000000e+00,1.75457426e-01,2.42750010e-02,1.71948277e+02,2.37895010e+01
2.27600000e+00,-6.21700311e-02,-1.50386303e-01,4.11727608e-02,-1.09246829e-01,-1.17366760e+01,0.00000000e+00,1.73998991e-01,2.40192598e-02,1.70519012e+02,2.35388746e+01
2.27800000e+00,-6.24638954e-02,-1.43450340e-01,4.09492698e-02,-1.14201465e-01,-1.17366760e+01,0.00000000e+00,1.73245011e-01,2.41261939e-02,1.69780111e+02,2.36436700e+01
2.28000000e+00,-6.27437356e-02,-1.36369152e-01,4.07161537e-02,-1.18858010e-01,-1.17366760e+01,0.00000000e+00,1.72918707e-01,2.43138521e-02,1.69460333e+02,2.38275750e+01
2.28200000e+00,-6.30092657e-02,-1.29128508e-01,4.04739580e-02,-1.23334180e-01,-1.17366760e+01,0.00000000e+00,1.71715948e-01,2.41606378e-02,1.68281629e+02,2.36774250e+01
2.28400000e+00,-6.32600931e-02,-1.21653074e-01,4.02229334e-02,-1.27635769e-01,-1.17366760e+01,0.00000000e+00,1.69510197e-01,2.43234700e-02,1.66119993e+02,2.38370006e+01
2.28600000e+00,-6.34958159e-02,-1.14084478e-01,3.99638785e-02,-1.31242166e-01,-1.17366760e+01,0.00000000e+00,1.71494217e-01,2.52513103e-02,1.68064333e+02,2.47462841e+01
2.28800000e+00,-6.37163030e-02,-1.06323789e-01,3.96978993e-02,-1.34946604e-01,-1.17366760e+01,0.00000000e+00,1.66852754e-01,2.37391411e-02,1.63515699e+02,2.32643583e+01
2.29000000e+00,-6.39209362e-02,-9.83008357e-02,3.94239349e-02,-1.38886703e-01,-1.17366760e+01,0.00000000e+00,1.67068959e-01,2.43669386e-02,1.63727580e+02,2.38795998e+01
2.29200000e+00,-6.41094279e-02,-9.01601942e-02,3.91425914e-02,-1.42468461e-01,-1.17366760e+01,0.00000000e+00,1.65674514e-01,2.40908384e-02,1.62361023e+02,2.36090217e+01
2.29400000e+00,-6.42814810e-02,-8.18755242e-02,3.88541762e-02,-1.45877547e-01,-1.17366760e+01,0.00000000e+00,1.65141653e-01,2.43187745e-02,1.61838820e+02,2.38323990e+01
2.29600000e+00,-6.44368514e-02,-7.34730628e-02,3.85593267e-02,-1.48918404e-01,-1.17366760e+01,0.00000000e+00,1.64224579e-01,2.44438039e-02,1.60940087e+02,2.39549278e+01
2.29800000e+00,-6.45752707e-02,-6.49168491e-02,3.82585804e-02,-1.51842563e-01,-1.17366760e+01,0.00000000e+00,1.62713628e-01,2.41352704e-02,1.59459355e+02,2.36525650e+01
2.30000000e+00,-6.46964415e-02,-5.62447287e-02,3.79521387e-02,-1.54493452e-01,-1.17366760e+01,0.00000000e+00,1.62540653e-01,2.45807502e-02,1.59289839e+02,2.40891352e+01
2.30200000e+00,-6.48001994e-02,-4.74972652e-02,3.76408912e-02,-1.56717455e-01,-1.17366760e+01,0.00000000e+00,1.61835702e-01,2.45875894e-02,1.58598988e+02,2.40958376e+01
2.30400000e+00,-6.48863315e-02,-3.86010943e-02,3.73254476e-02,-1.58673398e-01,-1.17366760e+01,0.00000000e+00,1.59805048e-01,2.46935948e-02,1.56608947e+02,2.41997229e+01
2.30600000e+00,-6.49545872e-02,-2.96801284e-02,3.70067353e-02,-1.59822896e-01,-1.17366760e+01,0.00000000e+00,1.61850014e-01,2.58255702e-02,1.58613014e+02,2.53090588e+01
2.30800000e+00,-6.50049491e-02,-2.06048733e-02,3.66860343e-02,-1.61154974e-01,-1.17366760e+01,0.00000000e+00,1.56647562e-01,2.38526480e-02,1.53514611e+02,2.33755951e+01
2.31000000e+00,-6.50368547e-02,-1.13016373e-02,3.63618175e-02,-1.62933938e-01,-1.17366760e+01,0.00000000e+00,1.56821138e-01,2.44251661e-02,1.53684715e+02,2.39366628e+01
2.31200000e+00,-6.50501313e-02,-1.96183236e-03,3.60346080e-02,-1.64248628e-01,-1.17366760e+01,0.00000000e+00,1.55939491e-01,2.43602658e-02,1.52820701e+02,2.38730605e+01
2.31400000e+00,-6.50446452e-02,7.46330254e-03,3.57049545e-02,-1.65366143e-01,-1.17366760e+01,0.00000000e+00,1.54820825e-01,2.43685736e-02,1.51724409e+02,2.38812021e+01
2.31600000e+00,-6.50202566e-02,1.69207007e-02,3.53734700e-02,-1.65994004e-01,-1.17366760e+01,0.00000000e+00,1.55025115e-01,2.49148088e-02,1.51924613e+02,2.44165126e+01
2.31800000e+00,-6.49769303e-02,2.64261610e-02,3.50411837e-02,-1.66314043e-01,-1.17366760e+01,0.00000000e+00,1.53382768e-01,2.45401199e-02,1.50315113e+02,2.40493175e+01
2.32000000e+00,-6.49145125e-02,3.59907497e-02,3.47083663e-02,-1.66405279e-01,-1.17366760e+01,0.00000000e+00,1.53172953e-01,2.49196915e-02,1.50109494e+02,2.44212977e+01
2.32200000e+00,-6.48329492e-02,4.55825835e-02,3.43758338e-02,-1.66089698e-01,-1.17366760e+01,0.00000000e+00,1.52119410e-01,2.49188682e-02,1.49077022e+02,2.44204908e+01
2.32400000e+00,-6.47321540e-02,5.52166092e-02,3.40442907e-02,-1.65349458e-01,-1.17366760e+01,0.00000000e+00,1.51403527e-01,2.53371584e-02,1.48375456e+02,2.48304152e+01
2.32600000e+00,-6.46121403e-02,6.47642737e-02,3.37150266e-02,-1.63723425e-01,-1.17366760e+01,0.00000000e+00,1.53196842e-01,2.63071872e-02,1.50132905e+02,2.57810434e+01
2.32800000e+00,-6.44730258e-02,7.44185689e-02,3.33892519e-02,-1.62314917e-01,-1.17366760e+01,0.00000000e+00,1.47815349e-01,2.44144979e-02,1.44859042e+02,2.39262079e+01
2.33000000e+00,-6.43143857e-02,8.41933374e-02,3.30656116e-02,-1.61139335e-01,-1.17366760e+01,0.00000000e+00,1.49126690e-01,2.53555276e-02,1.46144156e+02,2.48484170e+01
2.33200000e+00,-6.41362839e-02,9.39210039e-02,3.27449724e-02,-1.59547089e-01,-1.17366760e+01,0.00000000e+00,1.47501761e-01,2.48303498e-02,1.44551726e+02,2.43337428e+01
2.33400000e+00,-6.39387156e-02,1.03627857e-01,3.24276561e-02,-1.57605677e-01,-1.17366760e+01,0.00000000e+00,1.48039943e-01,2.56343937e-02,1.45079144e+02,2.51217058e+01
2.33600000e+00,-6.37218178e-02,1.13266758e-01,3.21149555e-02,-1.55055642e-01,-1.17366760e+01,0.00000000e+00,1.47358377e-01,2.56601119e-02,1.44411209e+02,2.51469097e+01
2.33800000e+00,-6.34856363e-02,1.22924029e-01,3.18074477e-02,-1.52484338e-01,-1.17366760e+01,0.00000000e+00,1.45722063e-01,2.52386762e-02,1.42807622e+02,2.47339026e+01
2.34000000e+00,-6.32301286e-02,1.32570820e-01,3.15051302e-02,-1.49744846e-01,-1.17366760e+01,0.00000000e+00,1.45556911e-01,2.55801745e-02,1.42645773e+02,2.50685710e+01
2.34200000e+00,-6.29553513e-02,1.42220182e-01,3.12085325e-02,-1.46909136e-01,-1.17366760e+01,0.00000000e+00,1.43458210e-01,2.50157469e-02,1.40589046e+02,2.45154320e+01
2.34400000e+00,-6.26612757e-02,1.51827860e-01,3.09177459e-02,-1.43695234e-01,-1.17366760e+01,0.00000000e+00,1.44169701e-01,2.59573528e-02,1.41286307e+02,2.54382057e+01
2.34600000e+00,-6.23481529e-02,1.61266022e-01,3.06342819e-02,-1.39685942e-01,-1.17366760e+01,0.00000000e+00,1.44901865e-01,2.62787216e-02,1.42003828e+02,2.57531472e+01
2.34800000e+00,-6.20161871e-02,1.70740876e-01,3.03587493e-02,-1.36055770e-01,-1.17366760e+01,0.00000000e+00,1.40640888e-01,2.47663942e-02,1.37828071e+02,2.42710663e+01
2.35000000e+00,-6.16652053e-02,1.80191801e-01,3.00900105e-02,-1.32498021e-01,-1.17366760e+01,0.00000000e+00,1.42634659e-01,2.57414163e-02,1.39781966e+02,2.52265880e+01
2.35200000e+00,-6.12954957e-02,1.89529131e-01,2.98289087e-02,-1.28713090e-01,-1.17366760e+01,0.00000000e+00,1.40315306e-01,2.48686570e-02,1.37509000e+02,2.43712839e+01
2.35400000e+00,-6.09071459e-02,1.98780811e-01,2.95753007e-02,-1.24714402e-01,-1.17366760e+01,0.00000000e+00,1.41503823e-01,2.58262362e-02,1.38673746e+02,2.53097115e+01
2.35600000e+00,-6.05004886e-02,2.07858174e-01,2.93304668e-02,-1.20092234e-01,-1.17366760e+01,0.00000000e+00,1.41106087e-01,2.58257058e-02,1.38283965e+02,2.53091917e+01
2.35800000e+00,-6.00757461e-02,2.16886215e-01,2.90948784e-02,-1.15550151e-01,-1.17366760e+01,0.00000000e+00,1.39225888e-01,2.53197062e-02,1.36441370e+02,2.48133120e+01
2.36000000e+00,-5.96329968e-02,2.25834697e-01,2.88683280e-02,-1.10915350e-01,-1.17366760e+01,0.00000000e+00,1.39387548e-01,2.56948187e-02,1.36599797e+02,2.51809223e+01
2.36200000e+00,-5.91724703e-02,2.34688728e-01,2.86512767e-02,-1.06191011e-01,-1.17366760e+01,0.00000000e+00,1.37709723e-01,2.51956251e-02,1.34955528e+02,2.46917126e+01
2.36400000e+00,-5.86943674e-02,2.43354598e-01,2.84439295e-02,-1.00918385e-01,-1.17366760e+01,0.00000000e+00,1.39917078e-01,2.65474087e-02,1.37118737e+02,2.60164605e+01
2.36600000e+00,-5.81992381e-02,2.51741141e-01,2.82480981e-02,-9.49033598e-02,-1.17366760e+01,0.00000000e+00,1.40229352e-01,2.64717099e-02,1.37424765e+02,2.59422757e+01
2.36800000e+00,-5.76874271e-02,2.60091257e-01,2.80639931e-02,-8.93727701e-02,-1.17366760e+01,0.00000000e+00,1.36624239e-01,2.52652442e-02,1.33891754e+02,2.47599394e+01
2.37000000e+00,-5.71589439e-02,2.68335198e-01,2.78905959e-02,-8.38588920e-02,-1.17366760e+01,0.00000000e+00,1.38430115e-01,2.61867391e-02,1.35661513e+02,2.56630043e+01
2.37200000e+00,-5.66141938e-02,2.76417862e-01,2.77285731e-02,-7.83216242e-02,-1.17366760e+01,0.00000000e+00,1.35978882e-01,2.50805536e-02,1.33259304e+02,2.45789425e+01
2.37400000e+00,-5.60533942e-02,2.84317862e-01,2.75774084e-02,-7.26359395e-02,-1.17366760e+01,0.00000000e+00,1.38153055e-01,2.62800808e-02,1.35389994e+02,2.57544792e+01
2.37600000e+00,-5.54770810e-02,2.91979927e-01,2.74383066e-02,-6.65344237e-02,-1.17366760e+01,0.00000000e+00,1.36865504e-01,2.57521483e-02,1.34128194e+02,2.52371053e+01
2.37800000e+00,-5.48855414e-02,2.99541701e-01,2.73110673e-02,-6.07379479e-02,-1.17366760e+01,0.00000000e+00,1.35698650e-01,2.54556516e-02,1.32984677e+02,2.49465386e+01
2.38000000e+00,-5.42790543e-02,3.06893375e-01,2.71955394e-02,-5.46645714e-02,-1.17366760e+01,0.00000000e+00,1.36854277e-01,2.61658955e-02,1.34117192e+02,2.56425776e+01
2.38200000e+00,-5.36581003e-02,3.14046421e-01,2.70924880e-02,-4.84727269e-02,-1.17366760e+01,0.00000000e+00,1.35300319e-01,2.55545376e-02,1.32594312e+02,2.50434469e+01
2.38400000e+00,-5.30230338e-02,3.20951669e-01,2.70018532e-02,-4.19739415e-02,-1.17366760e+01,0.00000000e+00,1.37488880e-01,2.66781109e-02,1.34739103e+02,2.61445486e+01
2.38600000e+00,-5.23745212e-02,3.27515480e-01,2.69249547e-02,-3.49314691e-02,-1.17366760e+01,0.00000000e+00,1.38011822e-01,2.65830051e-02,1.35251586e+02,2.60513450e+01
2.38800000e+00,-5.17130702e-02,3.33931862e-01,2.68618196e-02,-2.83504330e-02,-1.17366760e+01,0.00000000e+00,1.35560486e-01,2.56166164e-02,1.32849276e+02,2.51042841e+01
2.39000000e+00,-5.10389102e-02,3.40173641e-01,2.68114300e-02,-2.19538627e-02,-1.17366760e+01,0.00000000e+00,1.36614192e-01,2.61212498e-02,1.33881908e+02,2.55988248e+01
2.39200000e+00,-5.03525189e-02,3.46200461e-01,2.67739202e-02,-1.56831591e-02,-1.17366760e+01,0.00000000e+00,1.35004978e-01,2.52962255e-02,1.32304879e+02,2.47903010e+01
2.39400000e+00,-4.96542863e-02,3.51960443e-01,2.67488168e-02,-9.23340921e-03,-1.17366760e+01,0.00000000e+00,1.37173443e-01,2.64586496e-02,1.34429975e+02,2.59294766e+01
2.39600000e+00,-4.89448843e-02,3.57409665e-01,2.67372227e-02,-2.42950803e-03,-1.17366760e+01,0.00000000e+00,1.36497948e-01,2.60202215e-02,1.33767989e+02,2.54998171e+01
2.39800000e+00,-4.82247842e-02,3.62654017e-01,2.67389262e-02,4.11556998e-03,-1.17366760e+01,0.00000000e+00,1.36103900e-01,2.59151343e-02,1.33381822e+02,2.53968317e+01
2.40000000e+00,-4.74944461e-02,3.67631554e-01,2.67537431e-02,1.07477792e-02,-1.17366760e+01,0.00000000e+00,1.36791288e-01,2.62215889e-02,1.34055462e+02,2.56971571e+01
2.40200000e+00,-4.67544236e-02,3.72360697e-01,2.67818490e-02,1.72775711e-02,-1.17366760e+01,0.00000000e+00,1.35886618e-01,2.57376136e-02,1.33168886e+02,2.52228613e+01
2.40400000e+00,-4.60051948e-02,3.76802746e-01,2.68229342e-02,2.39285952e-02,-1.17366760e+01,0.00000000e+00,1.37402173e-01,2.65320833e-02,1.34654130e+02,2.60014416e+01
2.40600000e+00,-4.52474700e-02,3.80858768e-01,2.68778043e-02,3.09409832e-02,-1.17366760e+01,0.00000000e+00,1.38738351e-01,2.65716402e-02,1.35963584e+02,2.60402074e+01
2.40800000e+00,-4.44819285e-02,3.84661633e-01,2.69464526e-02,3.75851033e-02,-1.17366760e+01,0.00000000e+00,1.37084089e-01,2.58543958e-02,1.34342408e+02,2.53373079e+01
2.41000000e+00,-4.37089899e-02,3.88214812e-01,2.70280187e-02,4.40401915e-02,-1.17366760e+01,0.00000000e+00,1.38277876e-01,2.62887744e-02,1.35512318e+02,2.57629989e+01
2.41200000e+00,-4.29292587e-02,3.91483807e-01,2.71225199e-02,5.03551287e-02,-1.17366760e+01,0.00000000e+00,1.37373045e-01,2.56925996e-02,1.34625584e+02,2.51787476e+01
2.41400000e+00,-4.21432586e-02,3.94446992e-01,2.72294160e-02,5.66352777e-02,-1.17366760e+01,0.00000000e+00,1.39019906e-01,2.63659376e-02,1.36239508e+02,2.58386189e+01
2.41600000e+00,-4.13516964e-02,3.97071696e-01,2.73491332e-02,6.30236640e-02,-1.17366760e+01,0.00000000e+00,1.38831598e-01,2.60881833e-02,1.36054966e+02,2.55664196e+01
2.41800000e+00,-4.05551597e-02,3.99414546e-01,2.74813751e-02,6.92086340e-02,-1.17366760e+01,0.00000000e+00,1.39113515e-01,2.61253552e-02,1.36331245e+02,2.56028481e+01
2.42000000e+00,-3.97542551e-02,4.01432058e-01,2.76259809e-02,7.54134052e-02,-1.17366760e+01,0.00000000e+00,1.39904352e-01,2.63337998e-02,1.37106265e+02,2.58071238e+01
2.42200000e+00,-3.89496367e-02,4.03141797e-01,2.77829325e-02,8.14738814e-02,-1.17366760e+01,0.00000000e+00,1.39744208e-01,2.60441963e-02,1.36949324e+02,2.55233123e+01
2.42400000e+00,-3.81418988e-02,4.04535181e-01,2.79517985e-02,8.74174269e-02,-1.17366760e+01,0.00000000e+00,1.40708867e-01,2.63271838e-02,1.37894689e+02,2.58006401e+01
2.42600000e+00,-3.73317313e-02,4.05575565e-01,2.81325475e-02,9.32790410e-02,-1.17366760e+01,0.00000000e+00,1.41383782e-01,2.61280210e-02,1.38556106e+02,2.56054606e+01
2.42800000e+00,-3.65197885e-02,4.06328146e-01,2.83246463e-02,9.87382622e-02,-1.17366760e+01,0.00000000e+00,1.40809159e-01,2.57547259e-02,1.37992976e+02,2.52396314e+01
2.43000000e+00,-3.57066292e-02,4.06764992e-01,2.85273956e-02,1.04040030e-01,-1.17366760e+01,0.00000000e+00,1.42125693e-01,2.60850165e-02,1.39283179e+02,2.55633162e+01
2.43200000e+00,-3.48929336e-02,4.06894185e-01,2.87406072e-02,1.09042877e-01,-1.17366760e+01,0.00000000e+00,1.41356478e-01,2.54297823e-02,1.38529348e+02,2.49211866e+01
2.43400000e+00,-3.40792658e-02,4.06703374e-01,2.89634409e-02,1.13856307e-01,-1.17366760e+01,0.00000000e+00,1.42960640e-01,2.60038282e-02,1.40101427e+02,2.54837517e+01
2.43600000e+00,-3.32663586e-02,4.06154880e-01,2.91960505e-02,1.18696895e-01,-1.17366760e+01,0.00000000e+00,1.43076554e-01,2.58170857e-02,1.40215023e+02,2.53007440e+01
2.43800000e+00,-3.24548452e-02,4.05308020e-01,2.94380347e-02,1.23246937e-01,-1.17366760e+01,0.00000000e+00,1.43304849e-01,2.57377916e-02,1.40438752e+02,2.52230358e+01
2.44000000e+00,-3.16453567e-02,4.04115922e-01,2.96889996e-02,1.27739011e-01,-1.17366760e+01,0.00000000e+00,1.44531149e-01,2.60521057e-02,1.41640526e+02,2.55310636e+01
2.44200000e+00,-3.08386015e-02,4.02593888e-01,2.99488603e-02,1.32035423e-01,-1.17366760e+01,0.00000000e+00,1.44422794e-01,2.56965381e-02,1.41534338e+02,2.51826074e+01
2.44400000e+00,-3.00352216e-02,4.00711147e-01,3.02170559e-02,1.36203732e-01,-1.17366760e+01,0.00000000e+00,1.46394345e-01,2.61646699e-02,1.43466458e+02,2.56413765e+01
2.44600000e+00,-2.92359959e-02,3.98469900e-01,3.04935603e-02,1.40199714e-01,-1.17366760e+01,0.00000000e+00,1.46266853e-01,2.57281577e-02,1.43341516e+02,2.52135945e+01
2.44800000e+00,-2.84415280e-02,3.95949744e-01,3.07775206e-02,1.43694549e-01,-1.17366760e+01,0.00000000e+00,1.46416183e-01,2.55169661e-02,1.43487859e+02,2.50066268e+01
2.45000000e+00,-2.76524196e-02,3.93095618e-01,3.10682202e-02,1.47011934e-01,-1.17366760e+01,0.00000000e+00,1.47617756e-01,2.57696229e-02,1.44665401e+02,2.52542305e+01
2.45200000e+00,-2.68693495e-02,3.89935516e-01,3.13653584e-02,1.50014517e-01,-1.17366760e+01,0.00000000e+00,1.47160885e-01,2.52794101e-02,1.44217668e+02,2.47738219e+01
2.45400000e+00,-2.60928781e-02,3.86474656e-01,3.16680517e-02,1.52677291e-01,-1.17366760e+01,0.00000000e+00,1.48293241e-01,2.54876922e-02,1.45327376e+02,2.49779384e+01
2.45600000e+00,-2.53236893e-02,3.82656129e-01,3.19760339e-02,1.55289583e-01,-1.17366760e+01,0.00000000e+00,1.49224160e-01,2.56123526e-02,1.46239677e+02,2.51001055e+01
2.45800000e+00,-2.45624418e-02,3.78555239e-01,3.22889311e-02,1.57483565e-01,-1.17366760e+01,0.00000000e+00,1.48660487e-01,2.50557084e-02,1.45687277e+02,2.45545943e+01
2.46000000e+00,-2.38096637e-02,3.74161378e-01,3.26057496e-02,1.59349715e-01,-1.17366760e+01,0.00000000e+00,1.49907287e-01,2.53760746e-02,1.46909141e+02,2.48685531e+01
2.46200000e+00,-2.30660083e-02,3.69449466e-01,3.29261987e-02,1.61018885e-01,-1.17366760e+01,0.00000000e+00,1.50002799e-01,2.50993176e-02,1.47002743e+02,2.45973312e+01
2.46400000e+00,-2.23321231e-02,3.64351706e-01,3.32497765e-02,1.62615010e-01,-1.17366760e+01,0.00000000e+00,1.52912157e-01,2.56843779e-02,1.49853914e+02,2.51706904e+01
2.46600000e+00,-2.16088252e-02,3.58918348e-01,3.35765263e-02,1.64012559e-01,-1.17366760e+01,0.00000000e+00,1.51918303e-01,2.51486711e-02,1.48879937e+02,2.46456977e+01
2.46800000e+00,-2.08966265e-02,3.53219837e-01,3.39055716e-02,1.65027493e-01,-1.17366760e+01,0.00000000e+00,1.53271196e-01,2.53509171e-02,1.50205772e+02,2.48438988e+01
2.47000000e+00,-2.01961671e-02,3.47189492e-01,3.42365388e-02,1.65896257e-01,-1.17366760e+01,0.00000000e+00,1.53929962e-01,2.53142987e-02,1.50851363e+02,2.48080127e+01
2.47200000e+00,-1.95080741e-02,3.40850729e-01,3.45690371e-02,1.66585687e-01,-1.17366760e+01,0.00000000e+00,1.54835340e-01,2.54492048e-02,1.51738633e+02,2.49402207e+01
2.47400000e+00,-1.88329540e-02,3.34227300e-01,3.49026917e-02,1.66990356e-01,-1.17366760e+01,0.00000000e+00,1.55043799e-01,2.51930353e-02,1.51942923e+02,2.46891746e+01
2.47600000e+00,-1.81713387e-02,3.27343208e-01,3.52367293e-02,1.66991193e-01,-1.17366760e+01,0.00000000e+00,1.55497492e-01,2.50787356e-02,1.52387542e+02,2.45771609e+01
2.47800000e+00,-1.75237681e-02,3.20178655e-01,3.55704647e-02,1.66704427e-01,-1.17366760e+01,0.00000000e+00,1.56282119e-01,2.50662210e-02,1.53156477e+02,2.45648966e+01
2.48000000e+00,-1.68908123e-02,3.12731818e-01,3.59033827e-02,1.66171263e-01,-1.17366760e+01,0.00000000e+00,1.56896491e-01,2.50373445e-02,1.53758561e+02,2.45365976e+01
2.48200000e+00,-1.62730418e-02,3.04983578e-01,3.62350717e-02,1.65521030e-01,-1.17366760e+01,0.00000000e+00,1.58250694e-01,2.52946004e-02,1.55085680e+02,2.47887084e+01
2.48400000e+00,-1.56711224e-02,2.96868723e-01,3.65654460e-02,1.64839646e-01,-1.17366760e+01,0.00000000e+00,1.60516844e-01,2.54441936e-02,1.57306507e+02,2.49353097e+01
2.48600000e+00,-1.50856983e-02,2.88556761e-01,3.68940186e-02,1.63540894e-01,-1.17366760e+01,0.00000000e+00,1.58043647e-01,2.44685875e-02,1.54882775e+02,2.39792158e+01
2.48800000e+00,-1.45170293e-02,2.80043822e-01,3.72193682e-02,1.61880001e-01,-1.17366760e+01,0.00000000e+00,1.60536484e-01,2.51495498e-02,1.57325754e+02,2.46465588e+01
2.49000000e+00,-1.39657206e-02,2.71234529e-01,3.75414836e-02,1.60136642e-01,-1.17366760e+01,0.00000000e+00,1.60432329e-01,2.47563261e-02,1.57223682e+02,2.42611996e+01
2.49200000e+00,-1.34322733e-02,2.62152083e-01,3.78598756e-02,1.58334600e-01,-1.17366760e+01,0.00000000e+00,1.62527852e-01,2.54819906e-02,1.59277295e+02,2.49723508e+01
2.49400000e+00,-1.29172721e-02,2.52829965e-01,3.81746829e-02,1.56323862e-01,-1.17366760e+01,0.00000000e+00,1.61790789e-01,2.47687562e-02,1.58554973e+02,2.42733810e+01
2.49600000e+00,-1.24210652e-02,2.43340222e-01,3.84847899e-02,1.53741430e-01,-1.17366760e+01,0.00000000e+00,1.62355533e-01,2.47260500e-02,1.59108423e+02,2.42315290e+01
2.49800000e+00,-1.19440788e-02,2.33599149e-01,3.87895933e-02,1.51076009e-01,-1.17366760e+01,0.00000000e+00,1.63730365e-01,2.50310891e-02,1.60455758e+02,2.45304673e+01
2.50000000e+00,-1.14868005e-02,2.23660317e-01,3.90888635e-02,1.48064915e-01,-1.17366760e+01,0.00000000e+00,1.63203271e-01,2.44291882e-02,1.59939206e+02,2.39406044e+01
2.50200000e+00,-1.10495637e-02,2.13532241e-01,3.93816407e-02,1.44735478e-01,-1.17366760e+01,0.00000000e+00,1.64542053e-01,2.47825095e-02,1.61251212e+02,2.42868593e+01
2.50400000e+00,-1.06328596e-02,2.03122053e-01,3.96677806e-02,1.41368839e-01,-1.17366760e+01,0.00000000e+00,1.66351527e-01,2.47612303e-02,1.63024496e+02,2.42660057e+01
2.50600000e+00,-1.02371147e-02,1.92652978e-01,3.99465473e-02,1.37149197e-01,-1.17366760e+01,0.00000000e+00,1.62644674e-01,2.33919138e-02,1.59391780e+02,2.29240755e+01
2.50800000e+00,-9.86232133e-03,1.82073468e-01,4.02161578e-02,1.32600194e-01,-1.17366760e+01,0.00000000e+00,1.65829638e-01,2.44569721e-02,1.62513046e+02,2.39678326e+01
2.51000000e+00,-9.50901809e-03,1.71198114e-01,4.04771767e-02,1.28394087e-01,-1.17366760e+01,0.00000000e+00,1.66629405e-01,2.44862450e-02,1.63296816e+02,2.39965201e+01
2.51200000e+00,-9.17768211e-03,1.60092913e-01,4.07298442e-02,1.24353031e-01,-1.17366760e+01,0.00000000e+00,1.68450623e-01,2.51660503e-02,1.65081611e+02,2.46627293e+01
2.51400000e+00,-8.86874399e-03,1.48841385e-01,4.09744606e-02,1.20119795e-01,-1.17366760e+01,0.00000000e+00,1.67480828e-01,2.44339801e-02,1.64131211e+02,2.39453005e+01
2.51600000e+00,-8.58234539e-03,1.37546641e-01,4.12098507e-02,1.15177574e-01,-1.17366760e+01,0.00000000e+00,1.67076439e-01,2.40161380e-02,1.63734910e+02,2.35358152e+01
2.51800000e+00,-8.31863395e-03,1.26137125e-01,4.14349879e-02,1.09960837e-01,-1.17366760e+01,0.00000000e+00,1.67963576e-01,2.41815286e-02,1.64604305e+02,2.36978981e+01
2.52000000e+00,-8.07787837e-03,1.14605398e-01,4.16495577e-02,1.04539693e-01,-1.17366760e+01,0.00000000e+00,1.67919796e-01,2.38957971e-02,1.64561400e+02,2.34178812e+01
2.52200000e+00,-7.86029520e-03,1.02949406e-01,4.18530476e-02,9.89699704e-02,-1.17366760e+01,0.00000000e+00,1.69043669e-01,2.41626451e-02,1.65662795e+02,2.36793922e+01
2.52400000e+00,-7.66618141e-03,9.11424189e-02,4.20453377e-02,9.32503919e-02,-1.17366760e+01,0.00000000e+00,1.69815466e-01,2.38582548e-02,1.66419156e+02,2.33810897e+01
2.52600000e+00,-7.49570673e-03,7.93636244e-02,4.22255856e-02,8.68354702e-02,-1.17366760e+01,0.00000000e+00,1.66945037e-01,2.29631682e-02,1.63606136e+02,2.25039048e+01
2.52800000e+00,-7.34875493e-03,6.75428035e-02,4.23925765e-02,8.02659740e-02,-1.17366760e+01,0.00000000e+00,1.69549842e-01,2.37750875e-02,1.66158845e+02,2.32995858e+01
2.53000000e+00,-7.22567950e-03,5.55060161e-02,4.25469659e-02,7.41710725e-02,-1.17366760e+01,0.00000000e+00,1.70937884e-01,2.41824067e-02,1.67519126e+02,2.36987585e+01
2.53200000e+00,-7.12686480e-03,4.32683450e-02,4.26896602e-02,6.86751471e-02,-1.17366760e+01,0.00000000e+00,1.73387523e-01,2.52384933e-02,1.69919773e+02,2.47337234e+01
2.53400000e+00,-7.05263794e-03,3.09829387e-02,4.28215864e-02,6.30591238e-02,-1.17366760e+01,0.00000000e+00,1.71397151e-01,2.41210012e-02,1.67969208e+02,2.36385812e+01
2.53600000e+00,-7.00286661e-03,1.87971855e-02,4.29413315e-02,5.65954270e-02,-1.17366760e+01,0.00000000e+00,1.70602826e-01,2.36328911e-02,1.67190770e+02,2.31602333e+01
2.53800000e+00,-6.97745747e-03,6.59903827e-03,4.30478305e-02,4.99253558e-02,-1.17366760e+01,0.00000000e+00,1.71429609e-01,2.38426936e-02,1.68001017e+02,2.33658397e+01
2.54000000e+00,-6.97647615e-03,-5.60765616e-03,4.31409013e-02,4.30578648e-02,-1.17366760e+01,0.00000000e+00,1.70744676e-01,2.33542323e-02,1.67329783e+02,2.28871476e+01
2.54200000e+00,-6.99989784e-03,-1.78289660e-02,4.32200063e-02,3.61069417e-02,-1.17366760e+01,0.00000000e+00,1.71912508e-01,2.37834383e-02,1.68474258e+02,2.33077695e+01
2.54400000e+00,-7.04784041e-03,-3.01228682e-02,4.32853864e-02,2.92420900e-02,-1.17366760e+01,0.00000000e+00,1.72782193e-01,2.36310857e-02,1.69326549e+02,2.31584640e+01
2.54600000e+00,-7.12029279e-03,-4.22719976e-02,4.33365296e-02,2.17097058e-02,-1.17366760e+01,0.00000000e+00,1.69071179e-01,2.24583448e-02,1.65689755e+02,2.20091779e+01
2.54800000e+00,-7.21689191e-03,-5.43663905e-02,4.33721994e-02,1.41385015e-02,-1.17366760e+01,0.00000000e+00,1.72242503e-01,2.36037221e-02,1.68797653e+02,2.31316477e+01
2.55000000e+00,-7.33785942e-03,-6.66123758e-02,4.33935817e-02,7.31439303e-03,-1.17366760e+01,0.00000000e+00,1.73551045e-01,2.40598602e-02,1.70080024e+02,2.35786630e+01
2.55200000e+00,-7.48341778e-03,-7.89728917e-02,4.34019874e-02,1.28580793e-03,-1.17366760e+01,0.00000000e+00,1.76056670e-01,2.52880750e-02,1.72535537e+02,2.47823135e+01
2.55400000e+00,-7.65372215e-03,-9.12901665e-02,4.33987688e-02,-4.67706624e-03,-1.17366760e+01,0.00000000e+00,1.73880411e-01,2.41955529e-02,1.70402802e+02,2.37116419e+01
2.55600000e+00,-7.84841705e-03,-1.03365359e-01,4.33826434e-02,-1.15934716e-02,-1.17366760e+01,0.00000000e+00,1.71939749e-01,2.32663391e-02,1.68500954e+02,2.28010123e+01
2.55800000e+00,-8.06710263e-03,-1.15319120e-01,4.33522302e-02,-1.87569377e-02,-1.17366760e+01,0.00000000e+00,1.72779274e-01,2.36364742e-02,1.69323688e+02,2.31637448e+01
2.56000000e+00,-8.30963256e-03,-1.27181433e-01,4.33075680e-02,-2.59917619e-02,-1.17366760e+01,0.00000000e+00,1.71734133e-01,2.30556728e-02,1.68299450e+02,2.25945593e+01
2.56200000e+00,-8.57576189e-03,-1.38944049e-01,4.32482343e-02,-3.32698472e-02,-1.17366760e+01,0.00000000e+00,1.72574103e-01,2.34639069e-02,1.69122621e+02,2.29946288e+01
2.56400000e+00,-8.86540149e-03,-1.50695776e-01,4.31746612e-02,-4.02890490e-02,-1.17366760e+01,0.00000000e+00,1.73796107e-01,2.34968360e-02,1.70320185e+02,2.30268993e+01
2.56600000e+00,-9.17837700e-03,-1.62195529e-01,4.30866972e-02,-4.78794714e-02,-1.17366760e+01,0.00000000e+00,1.69193762e-01,2.21422658e-02,1.65809887e+02,2.16994205e+01
2.56800000e+00,-9.51405654e-03,-1.73504682e-01,4.29831146e-02,-5.55130949e-02,-1.17366760e+01,0.00000000e+00,1.72036479e-01,2.32613750e-02,1.68595750e+02,2.27961475e+01
2.57000000e+00,-9.87245013e-03,-1.84895427e-01,4.28653107e-02,-6.21480364e-02,-1.17366760e+01,0.00000000e+00,1.73979527e-01,2.40729757e-02,1.70499936e+02,2.35915162e+01
2.57200000e+00,-1.02536656e-02,-1.96327183e-01,4.27352033e-02,-6.77617641e-02,-1.17366760e+01,0.00000000e+00,1.76060115e-01,2.52214086e-02,1.72538913e+02,2.47169804e+01
2.57400000e+00,-1.06576704e-02,-2.07626283e-01,4.25944201e-02,-7.31407504e-02,-1.17366760e+01,0.00000000e+00,1.74131410e-01,2.43667263e-02,1.70648782e+02,2.38793918e+01
2.57600000e+00,-1.10839327e-02,-2.18568424e-01,4.24420344e-02,-7.94285302e-02,-1.17366760e+01,0.00000000e+00,1.71153674e-01,2.30986473e-02,1.67730601e+02,2.26366744e+01
2.57800000e+00,-1.15317626e-02,-2.29238243e-01,4.22764447e-02,-8.61082032e-02,-1.17366760e+01,0.00000000e+00,1.71380051e-01,2.33103332e-02,1.67952450e+02,2.28441266e+01
2.58000000e+00,-1.20007644e-02,-2.39726109e-01,4.20976522e-02,-9.27119330e-02,-1.17366760e+01,0.00000000e+00,1.70687574e-01,2.30053184e-02,1.67273822e+02,2.25452121e+01
2.58200000e+00,-1.24905524e-02,-2.50042107e-01,4.19057172e-02,-9.91354361e-02,-1.17366760e+01,0.00000000e+00,1.71320025e-01,2.34170941e-02,1.67893624e+02,2.29487522e+01
2.58400000e+00,-1.30008776e-02,-2.60275335e-01,4.17013743e-02,-1.05163275e-01,-1.17366760e+01,0.00000000e+00,1.72877563e-01,2.35463780e-02,1.69420012e+02,2.30754504e+01
2.58600000e+00,-1.35314391e-02,-2.70186570e-01,4.14847997e-02,-1.11587620e-01,-1.17366760e+01,0.00000000e+00,1.68086180e-01,2.22779849e-02,1.64724456e+02,2.18324252e+01
2.58800000e+00,-1.40814269e-02,-2.79802304e-01,4.12550461e-02,-1.17978526e-01,-1.17366760e+01,0.00000000e+00,1.70422931e-01,2.32910334e-02,1.67014472e+02,2.28252127e+01
2.59000000e+00,-1.46506127e-02,-2.89364693e-01,4.10134878e-02,-1.23466160e-01,-1.17366760e+01,0.00000000e+00,1.71446949e-01,2.38311558e-02,1.68018010e+02,2.33545327e+01
2.59200000e+00,-1.52388358e-02,-2.98852194e-01,4.07618649e-02,-1.27928712e-01,-1.17366760e+01,0.00000000e+00,1.73436082e-01,2.50851363e-02,1.69967360e+02,2.45834335e+01
2.59400000e+00,-1.58458835e-02,-3.08132698e-01,4.05020473e-02,-1.31979743e-01,-1.17366760e+01,0.00000000e+00,1.71527320e-01,2.43253868e-02,1.68096774e+02,2.38388791e+01
2.59600000e+00,-1.64710852e-02,-3.16991225e-01,4.02334647e-02,-1.36752540e-01,-1.17366760e+01,0.00000000e+00,1.68642812e-01,2.31883447e-02,1.65269955e+02,2.27245778e+01
2.59800000e+00,-1.71136176e-02,-3.25503518e-01,3.99548752e-02,-1.41768266e-01,-1.17366760e+01,0.00000000e+00,1.68647043e-01,2.34195711e-02,1.65274102e+02,2.29511797e+01
2.60000000e+00,-1.77729106e-02,-3.33732856e-01,3.96664461e-02,-1.46702281e-01,-1.17366760e+01,0.00000000e+00,1.67379038e-01,2.29498100e-02,1.64031457e+02,2.24908138e+01
2.60200000e+00,-1.84483670e-02,-3.41689311e-01,3.93681901e-02,-1.51450311e-01,-1.17366760e+01,0.00000000e+00,1.67751816e-01,2.33858535e-02,1.64396779e+02,2.29181364e+01
2.60400000e+00,-1.91396048e-02,-3.49551074e-01,3.90610973e-02,-1.55519830e-01,-1.17366760e+01,0.00000000e+00,1.70777021e-01,2.39370132e-02,1.67361481e+02,2.34582730e+01
2.60600000e+00,-1.98463102e-02,-3.57021153e-01,3.87458911e-02,-1.59918840e-01,-1.17366760e+01,0.00000000e+00,1.64337172e-01,2.22456589e-02,1.61050429e+02,2.18007458e+01
2.60800000e+00,-2.05674271e-02,-3.64097859e-01,3.84215125e-02,-1.64182108e-01,-1.17366760e+01,0.00000000e+00,1.67442745e-01,2.37603894e-02,1.64093890e+02,2.32851816e+01
2.61000000e+00,-2.13026208e-02,-3.71053344e-01,3.80898434e-02,-1.67424248e-01,-1.17366760e+01,0.00000000e+00,1.67477579e-01,2.39165446e-02,1.64128028e+02,2.34382137e+01
2.61200000e+00,-2.20515135e-02,-3.77818425e-01,3.77523725e-02,-1.69831043e-01,-1.17366760e+01,0.00000000e+00,1.69079207e-01,2.50327510e-02,1.65697623e+02,2.45320960e+01
2.61400000e+00,-2.28137034e-02,-3.84296901e-01,3.74107812e-02,-1.71844959e-01,-1.17366760e+01,0.00000000e+00,1.66975601e-01,2.42539944e-02,1.63636089e+02,2.37689145e+01
2.61600000e+00,-2.35883717e-02,-3.90281197e-01,3.70645389e-02,-1.74539316e-01,-1.17366760e+01,0.00000000e+00,1.63830566e-01,2.31109165e-02,1.60553955e+02,2.26486982e+01
2.61800000e+00,-2.43745687e-02,-3.95876180e-01,3.67125936e-02,-1.77279233e-01,-1.17366760e+01,0.00000000e+00,1.64273301e-01,2.36567551e-02,1.60987835e+02,2.31836200e+01
2.62000000e+00,-2.51716595e-02,-4.01145840e-01,3.63555983e-02,-1.79754697e-01,-1.17366760e+01,0.00000000e+00,1.62713728e-01,2.31570047e-02,1.59459453e+02,2.26938646e+01
2.62200000e+00,-2.59789244e-02,-4.06074102e-01,3.59936983e-02,-1.82044877e-01,-1.17366760e+01,0.00000000e+00,1.62865340e-01,2.35296422e-02,1.59608033e+02,2.30590494e+01
2.62400000e+00,-2.67958857e-02,-4.10897061e-01,3.56279684e-02,-1.83510782e-01,-1.17366760e+01,0.00000000e+00,1.66902516e-01,2.43653558e-02,1.63564466e+02,2.38780487e+01
2.62600000e+00,-2.76222423e-02,-4.15314545e-01,3.52595688e-02,-1.85106221e-01,-1.17366760e+01,0.00000000e+00,1.60117613e-01,2.27320300e-02,1.56915261e+02,2.22773894e+01
2.62800000e+00,-2.84568176e-02,-4.19242614e-01,3.48875638e-02,-1.86671230e-01,-1.17366760e+01,0.00000000e+00,1.62262923e-01,2.38985222e-02,1.59017664e+02,2.34205517e+01
2.63000000e+00,-2.92990653e-02,-4.22949422e-01,3.45134263e-02,-1.87422711e-01,-1.17366760e+01,0.00000000e+00,1.61807471e-01,2.39054702e-02,1.58571321e+02,2.34273608e+01
2.63200000e+00,-3.01484332e-02,-4.26383204e-01,3.41383236e-02,-1.87498430e-01,-1.17366760e+01,0.00000000e+00,1.62802508e-01,2.47811904e-02,1.59546458e+02,2.42855666e+01
2.63400000e+00,-3.10043775e-02,-4.29486079e-01,3.37637044e-02,-1.87166493e-01,-1.17366760e+01,0.00000000e+00,1.61049350e-01,2.42258169e-02,1.57828363e+02,2.37413006e+01
2.63600000e+00,-3.18660704e-02,-4.32128218e-01,3.33894611e-02,-1.87129225e-01,-1.17366760e+01,0.00000000e+00,1.59059468e-01,2.36280097e-02,1.55878279e+02,2.31554495e+01
2.63800000e+00,-3.27326383e-02,-4.34392384e-01,3.30153038e-02,-1.86917423e-01,-1.17366760e+01,0.00000000e+00,1.59281716e-01,2.40576137e-02,1.56096082e+02,2.35764614e+01
2.64000000e+00,-3.36033972e-02,-4.36292451e-01,3.26419546e-02,-1.86460853e-01,-1.17366760e+01,0.00000000e+00,1.57651607e-01,2.36082221e-02,1.54498575e+02,2.31360577e+01
2.64200000e+00,-3.44775610e-02,-4.37821800e-01,3.22696234e-02,-1.85759934e-01,-1.17366760e+01,0.00000000e+00,1.57748595e-01,2.40383612e-02,1.54593623e+02,2.35575940e+01
2.64400000e+00,-3.53546524e-02,-4.39303201e-01,3.18996937e-02,-1.83890883e-01,-1.17366760e+01,0.00000000e+00,1.63685237e-01,2.55310109e-02,1.60411533e+02,2.50203907e+01
2.64600000e+00,-3.62345287e-02,-4.40416980e-01,3.15341107e-02,-1.81945525e-01,-1.17366760e+01,0.00000000e+00,1.56335711e-01,2.36753712e-02,1.53208996e+02,2.32018637e+01
2.64800000e+00,-3.71159682e-02,-4.41002524e-01,3.11718809e-02,-1.80046375e-01,-1.17366760e+01,0.00000000e+00,1.58534743e-01,2.49158726e-02,1.55364048e+02,2.44175551e+01
2.65000000e+00,-3.79983471e-02,-4.41300512e-01,3.08143033e-02,-1.77580081e-01,-1.17366760e+01,0.00000000e+00,1.56817847e-01,2.43539555e-02,1.53681491e+02,2.38668764e+01
2.65200000e+00,-3.88809318e-02,-4.41240928e-01,3.04617635e-02,-1.74809434e-01,-1.17366760e+01,0.00000000e+00,1.57384088e-01,2.50500111e-02,1.54236407e+02,2.45490108e+01
2.65400000e+00,-3.97630802e-02,-4.40835559e-01,3.01153142e-02,-1.71665889e-01,-1.17366760e+01,0.00000000e+00,1.55940333e-01,2.46404467e-02,1.52821527e+02,2.41476378e+01
2.65600000e+00,-4.06439802e-02,-4.39989423e-01,2.97749789e-02,-1.68703875e-01,-1.17366760e+01,0.00000000e+00,1.54278709e-01,2.41815632e-02,1.51193134e+02,2.36979320e+01
2.65800000e+00,-4.15227807e-02,-4.38757507e-01,2.94405963e-02,-1.65595406e-01,-1.17366760e+01,0.00000000e+00,1.54104355e-01,2.44689304e-02,1.51022267e+02,2.39795517e+01
2.66000000e+00,-4.23987562e-02,-4.37144637e-01,2.91127165e-02,-1.62308055e-01,-1.17366760e+01,0.00000000e+00,1.52533939e-01,2.40872872e-02,1.49483260e+02,2.36055415e+01
2.66200000e+00,-4.32711092e-02,-4.35156736e-01,2.87914962e-02,-1.58822611e-01,-1.17366760e+01,0.00000000e+00,1.52470020e-01,2.44244538e-02,1.49420619e+02,2.39359648e+01
2.66400000e+00,-4.41392936e-02,-4.33034491e-01,2.84780341e-02,-1.54425221e-01,-1.17366760e+01,0.00000000e+00,1.56490605e-01,2.55519527e-02,1.53360793e+02,2.50409136e+01
2.66600000e+00,-4.50030287e-02,-4.30584528e-01,2.81739136e-02,-1.49850385e-01,-1.17366760e+01,0.00000000e+00,1.51872530e-01,2.43605256e-02,1.48835080e+02,2.38733151e+01
2.66800000e+00,-4.58613343e-02,-4.27688399e-01,2.78786353e-02,-1.45271475e-01,-1.17366760e+01,0.00000000e+00,1.53083143e-01,2.51368735e-02,1.50021480e+02,2.46341360e+01
2.67000000e+00,-4.67135882e-02,-4.24501174e-01,2.75930920e-02,-1.40296036e-01,-1.17366760e+01,0.00000000e+00,1.52040322e-01,2.47828798e-02,1.48999515e+02,2.42872222e+01
2.67200000e+00,-4.75591144e-02,-4.20977135e-01,2.73176010e-02,-1.35095877e-01,-1.17366760e+01,0.00000000e+00,1.52129144e-01,2.52129206e-02,1.49086561e+02,2.47086621e+01
2.67400000e+00,-4.83972786e-02,-4.17125888e-01,2.70529069e-02,-1.29598188e-01,-1.17366760e+01,0.00000000e+00,1.51251946e-01,2.50270174e-02,1.48226907e+02,2.45264771e+01
2.67600000e+00,-4.92273565e-02,-4.12882546e-01,2.67991429e-02,-1.24198577e-01,-1.17366760e+01,0.00000000e+00,1.49760123e-01,2.46423185e-02,1.46764921e+02,2.41494721e+01
2.67800000e+00,-5.00485905e-02,-4.08311803e-01,2.65562681e-02,-1.18565788e-01,-1.17366760e+01,0.00000000e+00,1.50323904e-01,2.51672397e-02,1.47317426e+02,2.46638949e+01
2.68000000e+00,-5.08603791e-02,-4.03404107e-01,2.63249861e-02,-1.12773384e-01,-1.17366760e+01,0.00000000e+00,1.48532996e-01,2.46445585e-02,1.45562336e+02,2.41516673e+01
2.68200000e+00,-5.16619704e-02,-3.98141635e-01,2.61052191e-02,-1.06914224e-01,-1.17366760e+01,0.00000000e+00,1.48598616e-01,2.49910513e-02,1.45626643e+02,2.44912303e+01
2.68400000e+00,-5.24527922e-02,-3.92649054e-01,2.58977167e-02,-1.00473994e-01,-1.17366760e+01,0.00000000e+00,1.49633954e-01,2.55652094e-02,1.46641275e+02,2.50539052e+01
2.68600000e+00,-5.32323750e-02,-3.86869033e-01,2.57033800e-02,-9.39483154e-02,-1.17366760e+01,0.00000000e+00,1.48269157e-01,2.48900860e-02,1.45303774e+02,2.43922843e+01
2.68800000e+00,-5.40000478e-02,-3.80758251e-01,2.55218734e-02,-8.74976946e-02,-1.17366760e+01,0.00000000e+00,1.48196429e-01,2.51457599e-02,1.45232501e+02,2.46428447e+01
2.69000000e+00,-5.47552006e-02,-3.74336371e-01,2.53534485e-02,-8.09582259e-02,-1.17366760e+01,0.00000000e+00,1.47190106e-01,2.48332891e-02,1.44246304e+02,2.43366233e+01
2.69200000e+00,-5.54971847e-02,-3.67601614e-01,2.51980517e-02,-7.44019221e-02,-1.17366760e+01,0.00000000e+00,1.46969646e-01,2.49564401e-02,1.44030253e+02,2.44573113e+01
2.69400000e+00,-5.62254362e-02,-3.60610557e-01,2.50560563e-02,-6.75223692e-02,-1.17366760e+01,0.00000000e+00,1.47174337e-01,2.53061600e-02,1.44230850e+02,2.48000368e+01
2.69600000e+00,-5.69394614e-02,-3.53371258e-01,2.49281429e-02,-6.03717754e-02,-1.17366760e+01,0.00000000e+00,1.47027035e-01,2.53397111e-02,1.44086495e+02,2.48329169e+01
2.69800000e+00,-5.76387360e-02,-3.45854224e-01,2.48145940e-02,-5.31840566e-02,-1.17366760e+01,0.00000000e+00,1.46423248e-01,2.52189362e-02,1.43494783e+02,2.47145575e+01
2.70000000e+00,-5.83226812e-02,-3.38041482e-01,2.47153886e-02,-4.60234724e-02,-1.17366760e+01,0.00000000e+00,1.45732058e-01,2.51381100e-02,1.42817416e+02,2.46353478e+01
2.70200000e+00,-5.89907263e-02,-3.29965311e-01,2.46305861e-02,-3.87339404e-02,-1.17366760e+01,0.00000000e+00,1.45753822e-01,2.53654944e-02,1.42838746e+02,2.48581845e+01
2.70400000e+00,-5.96423104e-02,-3.21541126e-01,2.45604741e-02,-3.14125692e-02,-1.17366760e+01,0.00000000e+00,1.42953032e-01,2.51017780e-02,1.40093971e+02,2.45997424e+01
2.70600000e+00,-6.02767743e-02,-3.12942113e-01,2.45051093e-02,-2.38310415e-02,-1.17366760e+01,0.00000000e+00,1.46883029e-01,2.58294259e-02,1.43945369e+02,2.53128374e+01
2.70800000e+00,-6.08940125e-02,-3.04243558e-01,2.44652843e-02,-1.60479983e-02,-1.17366760e+01,0.00000000e+00,1.45700954e-01,2.54646676e-02,1.42786935e+02,2.49553742e+01
2.71000000e+00,-6.14935871e-02,-2.95302874e-01,2.44409062e-02,-8.28161606e-03,-1.17366760e+01,0.00000000e+00,1.46155988e-01,2.57564784e-02,1.43232868e+02,2.52413488e+01
2.71200000e+00,-6.20750745e-02,-2.86137938e-01,2.44321133e-02,-5.81953237e-04,-1.17366760e+01,0.00000000e+00,1.45244834e-01,2.53088907e-02,1.42339937e+02,2.48027129e+01
2.71400000e+00,-6.26380035e-02,-2.76770070e-01,2.44386034e-02,7.15527057e-03,-1.17366760e+01,0.00000000e+00,1.46047483e-01,2.58414664e-02,1.43126534e+02,2.53246371e+01
2.71600000e+00,-6.31820618e-02,-2.67262784e-01,2.44609918e-02,1.52785216e-02,-1.17366760e+01,0.00000000e+00,1.46467028e-01,2.61478487e-02,1.43537688e+02,2.56248918e+01
2.71800000e+00,-6.37069168e-02,-2.57548721e-01,2.44996417e-02,2.32881027e-02,-1.17366760e+01,0.00000000e+00,1.45539632e-01,2.56547839e-02,1.42628839e+02,2.51416882e+01
2.72000000e+00,-6.42121307e-02,-2.47645717e-01,2.45540761e-02,3.11956080e-02,-1.17366760e+01,0.00000000e+00,1.46216517e-01,2.60081476e-02,1.43292186e+02,2.54879846e+01
2.72200000e+00,-6.46973878e-02,-2.37574847e-01,2.46244641e-02,3.91631202e-02,-1.17366760e+01,0.00000000e+00,1.45619304e-01,2.58780288e-02,1.42706918e+02,2.53604682e+01
2.72400000e+00,-6.51621027e-02,-2.27012862e-01,2.47102725e-02,4.64466228e-02,-1.17366760e+01,0.00000000e+00,1.38576614e-01,2.46919400e-02,1.35805082e+02,2.41981012e+01
2.72600000e+00,-6.56053995e-02,-2.16391314e-01,2.48104518e-02,5.40317773e-02,-1.17366760e+01,0.00000000e+00,1.47890048e-01,2.66513358e-02,1.44932247e+02,2.61183091e+01
2.72800000e+00,-6.60277704e-02,-2.05923440e-01,2.49266441e-02,6.19836443e-02,-1.17366760e+01,0.00000000e+00,1.45657981e-01,2.56243413e-02,1.42744821e+02,2.51118545e+01
2.73000000e+00,-6.64289536e-02,-1.95246021e-01,2.50581116e-02,6.95233071e-02,-1.17366760e+01,0.00000000e+00,1.46312017e-01,2.59708680e-02,1.43385777e+02,2.54514506e+01
2.73200000e+00,-6.68086547e-02,-1.84419002e-01,2.52046077e-02,7.68685763e-02,-1.17366760e+01,0.00000000e+00,1.45305864e-01,2.54225483e-02,1.42399747e+02,2.49140973e+01
2.73400000e+00,-6.71665428e-02,-1.73461809e-01,2.53654820e-02,8.40579900e-02,-1.17366760e+01,0.00000000e+00,1.46236451e-01,2.58706344e-02,1.43311722e+02,2.53532217e+01
2.73600000e+00,-6.75024628e-02,-1.62445824e-01,2.55409220e-02,9.13709522e-02,-1.17366760e+01,0.00000000e+00,1.46719141e-01,2.59295161e-02,1.43784758e+02,2.54109258e+01
2.73800000e+00,-6.78162546e-02,-1.51322552e-01,2.57308639e-02,9.85310781e-02,-1.17366760e+01,0.00000000e+00,1.46336318e-01,2.58182374e-02,1.43409592e+02,2.53018727e+01
2.74000000e+00,-6.81076997e-02,-1.40119392e-01,2.59350400e-02,1.05681715e-01,-1.17366760e+01,0.00000000e+00,1.47277233e-01,2.61983753e-02,1.44331688e+02,2.56744078e+01
2.74200000e+00,-6.83766746e-02,-1.28830009e-01,2.61535397e-02,1.12755853e-01,-1.17366760e+01,0.00000000e+00,1.46563221e-01,2.59668966e-02,1.43631957e+02,2.54475586e+01
2.74400000e+00,-6.86226207e-02,-1.16942056e-01,2.63851973e-02,1.18531001e-01,-1.17366760e+01,0.00000000e+00,1.35345746e-01,2.38002234e-02,1.32638831e+02,2.33242190e+01
2.74600000e+00,-6.88445304e-02,-1.05185425e-01,2.66281520e-02,1.25038339e-01,-1.17366760e+01,0.00000000e+00,1.51492266e-01,2.78484361e-02,1.48462421e+02,2.72914674e+01
2.74800000e+00,-6.90436642e-02,-9.38814694e-02,2.68858847e-02,1.32346754e-01,-1.17366760e+01,0.00000000e+00,1.47595015e-01,2.58467510e-02,1.44643114e+02,2.53298159e+01
2.75000000e+00,-6.92199555e-02,-8.24262775e-02,2.71570316e-02,1.38894052e-01,-1.17366760e+01,0.00000000e+00,1.49444208e-01,2.66355707e-02,1.46455324e+02,2.61028593e+01
2.75200000e+00,-6.93733579e-02,-7.09540027e-02,2.74413392e-02,1.45258781e-01,-1.17366760e+01,0.00000000e+00,1.48494832e-01,2.58670286e-02,1.45524936e+02,2.53496880e+01
2.75400000e+00,-6.95037425e-02,-5.94382196e-02,2.77378119e-02,1.51241359e-01,-1.17366760e+01,0.00000000e+00,1.49538935e-01,2.62545379e-02,1.46548157e+02,2.57294472e+01
2.75600000e+00,-6.96111370e-02,-4.79617998e-02,2.80463535e-02,1.57297193e-01,-1.17366760e+01,0.00000000e+00,1.50338201e-01,2.64590944e-02,1.47331437e+02,2.59299125e+01
2.75800000e+00,-6.96955722e-02,-3.64591240e-02,2.83667740e-02,1.63013120e-01,-1.17366760e+01,0.00000000e+00,1.49661562e-01,2.59964382e-02,1.46668331e+02,2.54765094e+01
2.76000000e+00,-6.97569733e-02,-2.49562102e-02,2.86982517e-02,1.68497648e-01,-1.17366760e+01,0.00000000e+00,1.50880882e-01,2.64447008e-02,1.47863265e+02,2.59158068e+01
2.76200000e+00,-6.97953976e-02,-1.34541429e-02,2.90405669e-02,1.73685607e-01,-1.17366760e+01,0.00000000e+00,1.50041897e-01,2.58607915e-02,1.47041059e+02,2.53435757e+01
2.76400000e+00,-6.98103967e-02,-1.36222221e-03,2.93919047e-02,1.77239729e-01,-1.17366760e+01,0.00000000e+00,1.37268627e-01,2.35155646e-02,1.34523255e+02,2.30452533e+01
2.76600000e+00,-6.98010213e-02,1.04675036e-02,2.97500939e-02,1.81645760e-01,-1.17366760e+01,0.00000000e+00,1.56141548e-01,2.81591372e-02,1.53018718e+02,2.75959544e+01
2.76800000e+00,-6.97689058e-02,2.17284785e-02,3.01189199e-02,1.86700133e-01,-1.17366760e+01,0.00000000e+00,1.50342293e-01,2.54010686e-02,1.47335447e+02,2.48930472e+01
2.77000000e+00,-6.97140289e-02,3.31071467e-02,3.04961540e-02,1.90643904e-01,-1.17366760e+01,0.00000000e+00,1.52990007e-01,2.63653222e-02,1.49930207e+02,2.58380157e+01
2.77200000e+00,-6.96365287e-02,4.44085677e-02,3.08813072e-02,1.94305230e-01,-1.17366760e+01,0.00000000e+00,1.51560767e-01,2.53568586e-02,1.48529551e+02,2.48497214e+01
2.77400000e+00,-6.95364357e-02,5.56484009e-02,3.12731655e-02,1.97652421e-01,-1.17366760e+01,0.00000000e+00,1.53658087e-01,2.62644262e-02,1.50584926e+02,2.57391377e+01
2.77600000e+00,-6.94140482e-02,6.67186351e-02,3.16720446e-02,2.01191109e-01,-1.17366760e+01,0.00000000e+00,1.54570031e-01,2.63271775e-02,1.51478630e+02,2.58006339e+01
2.77800000e+00,-6.92695894e-02,7.77464760e-02,3.20775071e-02,2.04095618e-01,-1.17366760e+01,0.00000000e+00,1.53514439e-01,2.55112571e-02,1.50444150e+02,2.50010320e+01
2.78000000e+00,-6.91031192e-02,8.86889409e-02,3.24881689e-02,2.06612997e-01,-1.17366760e+01,0.00000000e+00,1.55250904e-01,2.61002442e-02,1.52145886e+02,2.55782393e+01
2.78200000e+00,-6.89149330e-02,9.94824635e-02,3.29038908e-02,2.09027950e-01,-1.17366760e+01,0.00000000e+00,1.55502728e-01,2.58891351e-02,1.52392674e+02,2.53713524e+01
2.78400000e+00,-6.87047918e-02,1.10872262e-01,3.33230021e-02,2.09525253e-01,-1.17366760e+01,0.00000000e+00,1.39647688e-01,2.26733930e-02,1.36854734e+02,2.22199251e+01
2.78600000e+00,-6.84717113e-02,1.21861040e-01,3.37427720e-02,2.11192594e-01,-1.17366760e+01,0.00000000e+00,1.63017099e-01,2.89444230e-02,1.59756757e+02,2.83655346e+01
2.78800000e+00,-6.82178486e-02,1.32098361e-01,3.41683865e-02,2.13780957e-01,-1.17366760e+01,0.00000000e+00,1.55176294e-01,2.52133224e-02,1.52072768e+02,2.47090559e+01
2.79000000e+00,-6.79432334e-02,1.42462340e-01,3.45968157e-02,2.14749255e-01,-1.17366760e+01,0.00000000e+00,1.57858185e-01,2.61555940e-02,1.54701021e+02,2.56324821e+01
2.79200000e+00,-6.76481465e-02,1.52605455e-01,3.50273485e-02,2.15665075e-01,-1.17366760e+01,0.00000000e+00,1.57969910e-01,2.57177926e-02,1.54810512e+02,2.52034367e+01
2.79400000e+00,-6.73329331e-02,1.62566341e-01,3.54593138e-02,2.16337497e-01,-1.17366760e+01,0.00000000e+00,1.59584051e-01,2.62615384e-02,1.56392370e+02,2.57363077e+01
2.79600000e+00,-6.69980418e-02,1.72286277e-01,3.58927421e-02,2.17075347e-01,-1.17366760e+01,0.00000000e+00,1.60906310e-01,2.64740001e-02,1.57688184e+02,2.59445201e+01
2.79800000e+00,-6.66438891e-02,1.81854553e-01,3.63272444e-02,2.17257223e-01,-1.17366760e+01,0.00000000e+00,1.60275974e-01,2.57151229e-02,1.57070454e+02,2.52008204e+01
2.80000000e+00,-6.62707538e-02,1.91227562e-01,3.67615680e-02,2.17134631e-01,-1.17366760e+01,0.00000000e+00,1.62461688e-01,2.64554607e-02,1.59212454e+02,2.59263515e+01
2.80200000e+00,-6.58791302e-02,2.00373484e-01,3.71956754e-02,2.16850772e-01,-1.17366760e+01,0.00000000e+00,1.62422870e-01,2.59968426e-02,1.59174413e+02,2.54769058e+01
2.80400000e+00,-6.54688227e-02,2.10175016e-01,3.76273309e-02,2.14107020e-01,-1.17366760e+01,0.00000000e+00,1.43831399e-01,2.19096301e-02,1.40954771e+02,2.14714375e+01
2.80600000e+00,-6.50387554e-02,2.19488705e-01,3.80529286e-02,2.12600550e-01,-1.17366760e+01,0.00000000e+00,1.70351370e-01,2.92029615e-02,1.66944343e+02,2.86189022e+01
2.80800000e+00,-6.45914992e-02,2.27855551e-01,3.84786069e-02,2.12404876e-01,-1.17366760e+01,0.00000000e+00,1.62339324e-01,2.52689109e-02,1.59092537e+02,2.47635326e+01
2.81000000e+00,-6.41272560e-02,2.36338271e-01,3.89012418e-02,2.10249840e-01,-1.17366760e+01,0.00000000e+00,1.63888795e-01,2.56949082e-02,1.60611019e+02,2.51810101e+01
2.81200000e+00,-6.36463646e-02,2.44493311e-01,3.93197142e-02,2.08256622e-01,-1.17366760e+01,0.00000000e+00,1.66104225e-01,2.62072139e-02,1.62782140e+02,2.56830697e+01
2.81400000e+00,-6.31494798e-02,2.52352762e-01,3.97342013e-02,2.06163011e-01,-1.17366760e+01,0.00000000e+00,1.66771969e-01,2.60771333e-02,1.63436529e+02,2.55555906e+01
2.81600000e+00,-6.26371372e-02,2.59936727e-01,4.01442863e-02,2.03949547e-01,-1.17366760e+01,0.00000000e+00,1.68390360e-01,2.65423937e-02,1.65022552e+02,2.60115458e+01
2.81800000e+00,-6.21098932e-02,2.67280207e-01,4.05497450e-02,2.01354412e-01,-1.17366760e+01,0.00000000e+00,1.68117540e-01,2.58562276e-02,1.64755189e+02,2.53391031e+01
2.82000000e+00,-6.15681506e-02,2.74422373e-01,4.09493145e-02,1.98175093e-01,-1.17366760e+01,0.00000000e+00,1.68701447e-01,2.58882857e-02,1.65327418e+02,2.53705200e+01
2.82200000e+00,-6.10123921e-02,2.81281948e-01,4.13423436e-02,1.94843090e-01,-1.17366760e+01,0.00000000e+00,1.70212360e-01,2.60985703e-02,1.66808112e+02,2.55765989e+01
2.82400000e+00,-6.04425557e-02,2.88842145e-01,4.17269516e-02,1.88908586e-01,-1.17366760e+01,0.00000000e+00,1.47707731e-01,2.09771434e-02,1.44753576e+02,2.05576005e+01
2.82600000e+00,-5.98573437e-02,2.95922129e-01,4.20986720e-02,1.84014816e-01,-1.17366760e+01,0.00000000e+00,1.76687137e-01,2.88165907e-02,1.73153394e+02,2.82402589e+01
2.82800000e+00,-5.92596406e-02,3.01841970e-01,4.24643112e-02,1.81071648e-01,-1.17366760e+01,0.00000000e+00,1.69961924e-01,2.55947774e-02,1.66562686e+02,2.50828819e+01
2.83000000e+00,-5.86499167e-02,3.07850493e-01,4.28215949e-02,1.76083162e-01,-1.17366760e+01,0.00000000e+00,1.69662159e-01,2.50358554e-02,1.66268916e+02,2.45351383e+01
2.83200000e+00,-5.80284725e-02,3.13508226e-01,4.31686675e-02,1.71130091e-01,-1.17366760e+01,0.00000000e+00,1.73109398e-01,2.61670083e-02,1.69647210e+02,2.56436682e+01
2.83400000e+00,-5.73961590e-02,3.18753168e-01,4.35063070e-02,1.66464557e-01,-1.17366760e+01,0.00000000e+00,1.74167864e-01,2.61236260e-02,1.70684507e+02,2.56011535e+01
2.83600000e+00,-5.67536328e-02,3.23738689e-01,4.38342964e-02,1.61455059e-01,-1.17366760e+01,0.00000000e+00,1.73946764e-01,2.59155987e-02,1.70467829e+02,2.53972868e+01
2.83800000e+00,-5.61013998e-02,3.28430957e-01,4.41520246e-02,1.56291608e-01,-1.17366760e+01,0.00000000e+00,1.75715466e-01,2.62564912e-02,1.72201157e+02,2.57313614e+01
2.84000000e+00,-5.54400611e-02,3.32895052e-01,4.44590317e-02,1.50481598e-01,-1.17366760e+01,0.00000000e+00,1.73898161e-01,2.49993273e-02,1.70420198e+02,2.44993408e+01
2.84200000e+00,-5.47699947e-02,3.37096468e-01,4.47536831e-02,1.44269836e-01,-1.17366760e+01,0.00000000e+00,1.76401079e-01,2.58367215e-02,1.72873057e+02,2.53199870e+01
2.84400000e+00,-5.40912551e-02,3.41928002e-01,4.50345253e-02,1.35679771e-01,-1.17366760e+01,0.00000000e+00,1.53651814e-01,2.04116087e-02,1.50578778e+02,2.00033766e+01
2.84600000e+00,-5.34025733e-02,3.46323680e-01,4.52969017e-02,1.27838564e-01,-1.17366760e+01,0.00000000e+00,1.80983684e-01,2.77870681e-02,1.77364011e+02,2.72313268e+01
2.84800000e+00,-5.27067556e-02,3.49526554e-01,4.55473515e-02,1.22205263e-01,-1.17366760e+01,0.00000000e+00,1.75857266e-01,2.54059235e-02,1.72340120e+02,2.48978051e+01
2.85000000e+00,-5.20044591e-02,3.52741525e-01,4.57845789e-02,1.14856400e-01,-1.17366760e+01,0.00000000e+00,1.74981208e-01,2.45279307e-02,1.71481584e+02,2.40373721e+01
2.85200000e+00,-5.12960055e-02,3.55632555e-01,4.60066578e-02,1.07328518e-01,-1.17366760e+01,0.00000000e+00,1.77655754e-01,2.53505329e-02,1.74102639e+02,2.48435222e+01
2.85400000e+00,-5.05822269e-02,3.58076564e-01,4.62142300e-02,1.00306124e-01,-1.17366760e+01,0.00000000e+00,1.79610408e-01,2.58883740e-02,1.76018200e+02,2.53706065e+01
2.85600000e+00,-4.98638680e-02,3.60267398e-01,4.64075876e-02,9.28417854e-02,-1.17366760e+01,0.00000000e+00,1.77716602e-01,2.47020778e-02,1.74162270e+02,2.42080362e+01
2.85800000e+00,-4.91413340e-02,3.62193112e-01,4.65854211e-02,8.51133001e-02,-1.17366760e+01,0.00000000e+00,1.79915514e-01,2.55911810e-02,1.76317203e+02,2.50793574e+01
2.86000000e+00,-4.84153306e-02,3.63766289e-01,4.67481159e-02,7.74975287e-02,-1.17366760e+01,0.00000000e+00,1.80034481e-01,2.51741598e-02,1.76433791e+02,2.46706767e+01
2.86200000e+00,-4.76864316e-02,3.65095461e-01,4.68950347e-02,6.93171248e-02,-1.17366760e+01,0.00000000e+00,1.79672648e-01,2.46191971e-02,1.76079195e+02,2.41268131e+01
2.86400000e+00,-4.69545656e-02,3.66999368e-01,4.70237734e-02,5.87205081e-02,-1.17366760e+01,0.00000000e+00,1.60636856e-01,2.02904771e-02,1.57424119e+02,1.98846676e+01
2.86600000e+00,-4.62187286e-02,3.68461582e-01,4.71305640e-02,4.90944071e-02,-1.17366760e+01,0.00000000e+00,1.83994532e-01,2.68132160e-02,1.80314642e+02,2.62769517e+01
2.86800000e+00,-4.54814045e-02,3.68896048e-01,4.72214103e-02,4.13571663e-02,-1.17366760e+01,0.00000000e+00,1.78635246e-01,2.43879749e-02,1.75062541e+02,2.39002154e+01
2.87000000e+00,-4.47432201e-02,3.69217015e-01,4.72953786e-02,3.26989785e-02,-1.17366760e+01,0.00000000e+00,1.80622322e-01,2.49893855e-02,1.77009876e+02,2.44895978e+01
2.87200000e+00,-4.40047652e-02,3.69194847e-01,4.73522581e-02,2.41185686e-02,-1.17366760e+01,0.00000000e+00,1.80625266e-01,2.46359644e-02,1.77012760e+02,2.41432451e+01
2.87400000e+00,-4.32666605e-02,3.68843020e-01,4.73919139e-02,1.56296228e-02,-1.17366760e+01,0.00000000e+00,1.82299101e-01,2.52415224e-02,1.78653119e+02,2.47366920e+01
2.87600000e+00,-4.25296028e-02,3.68176631e-01,4.74148293e-02,7.21985947e-03,-1.17366760e+01,0.00000000e+00,1.81956351e-01,2.48383104e-02,1.78317224e+02,2.43415442e+01
2.87800000e+00,-4.17941035e-02,3.67285863e-01,4.74205349e-02,-1.57745677e-03,-1.17366760e+01,0.00000000e+00,1.81534701e-01,2.44397642e-02,1.77904007e+02,2.39509689e+01
2.88000000e+00,-4.10606409e-02,3.66122754e-01,4.74084648e-02,-1.04568014e-02,-1.17366760e+01,0.00000000e+00,1.82328266e-01,2.46525285e-02,1.78681701e+02,2.41594780e+01
2.88200000e+00,-4.03297938e-02,3.64687691e-01,4.73786435e-02,-1.94325207e-02,-1.17366760e+01,0.00000000e+00,1.81917708e-01,2.41985073e-02,1.78279354e+02,2.37145372e+01
2.88400000e+00,-3.96015695e-02,3.63733562e-01,4.73291500e-02,-3.07850335e-02,-1.17366760e+01,0.00000000e+00,1.65140768e-01,1.95972689e-02,1.61837952e+02,1.92053236e+01
2.88600000e+00,-3.88751154e-02,3.62395818e-01,4.72561015e-02,-4.12406049e-02,-1.17366760e+01,0.00000000e+00,1.84947362e-01,2.59815187e-02,1.81248415e+02,2.54618883e+01
2.88800000e+00,-3.81525939e-02,3.60146640e-01,4.71655959e-02,-4.95837073e-02,-1.17366760e+01,0.00000000e+00,1.80531201e-01,2.39053259e-02,1.76920577e+02,2.34272194e+01
2.89000000e+00,-3.74346097e-02,3.57776059e-01,4.70573425e-02,-5.85630548e-02,-1.17366760e+01,0.00000000e+00,1.81913666e-01,2.44951002e-02,1.78275392e+02,2.40051982e+01
2.89200000e+00,-3.67217003e-02,3.55089445e-01,4.69315667e-02,-6.72079263e-02,-1.17366760e+01,0.00000000e+00,1.82085642e-01,2.44312423e-02,1.78443929e+02,2.39426175e+01
2.89400000e+00,-3.60143978e-02,3.52184019e-01,4.67884002e-02,-7.60187294e-02,-1.17366760e+01,0.00000000e+00,1.81241042e-01,2.39458574e-02,1.77616221e+02,2.34669403e+01
2.89600000e+00,-3.53131339e-02,3.49024229e-01,4.66275557e-02,-8.47337404e-02,-1.17366760e+01,0.00000000e+00,1.82292213e-01,2.44061271e-02,1.78646369e+02,2.39180046e+01
2.89800000e+00,-3.46184914e-02,3.45578796e-01,4.64496474e-02,-9.31753884e-02,-1.17366760e+01,0.00000000e+00,1.82231284e-01,2.42689372e-02,1.78586658e+02,2.37835585e+01
2.90000000e+00,-3.39309722e-02,3.41903074e-01,4.62548406e-02,-1.01637216e-01,-1.17366760e+01,0.00000000e+00,1.82046216e-01,2.40889265e-02,1.78405292e+02,2.36071480e+01
2.90200000e+00,-3.32510546e-02,3.37964015e-01,4.60432323e-02,-1.09898533e-01,-1.17366760e+01,0.00000000e+00,1.82818544e-01,2.43909122e-02,1.79162173e+02,2.39030939e+01
2.90400000e+00,-3.25789700e-02,3.34244142e-01,4.58141196e-02,-1.19849996e-01,-1.17366760e+01,0.00000000e+00,1.71422339e-01,2.02178070e-02,1.67993892e+02,1.98134509e+01
2.90600000e+00,-3.19142220e-02,3.30308375e-01,4.55640704e-02,-1.29444471e-01,-1.17366760e+01,0.00000000e+00,1.82421633e-01,2.47872410e-02,1.78773200e+02,2.42914962e+01
2.90800000e+00,-3.12581621e-02,3.25734220e-01,4.52977104e-02,-1.36985960e-01,-1.17366760e+01,0.00000000e+00,1.80965586e-01,2.41495641e-02,1.77346274e+02,2.36665728e+01
2.91000000e+00,-3.06113876e-02,3.21006427e-01,4.50160413e-02,-1.44655405e-01,-1.17366760e+01,0.00000000e+00,1.80712786e-01,2.41194171e-02,1.77098530e+02,2.36370288e+01
2.91200000e+00,-2.99742777e-02,3.16066719e-01,4.47192218e-02,-1.52125449e-01,-1.17366760e+01,0.00000000e+00,1.80696566e-01,2.41471433e-02,1.77082635e+02,2.36642004e+01
2.91400000e+00,-2.93472536e-02,3.10927721e-01,4.44076436e-02,-1.59439340e-01,-1.17366760e+01,0.00000000e+00,1.80230264e-01,2.40050628e-02,1.76625659e+02,2.35249616e+01
2.91600000e+00,-2.87307052e-02,3.05581177e-01,4.40816139e-02,-1.66528955e-01,-1.17366760e+01,0.00000000e+00,1.80491635e-01,2.41550598e-02,1.76881802e+02,2.36719586e+01
2.91800000e+00,-2.81250643e-02,3.00031492e-01,4.37416638e-02,-1.73414485e-01,-1.17366760e+01,0.00000000e+00,1.80010595e-01,2.39506093e-02,1.76410383e+02,2.34715971e+01
2.92000000e+00,-2.75306791e-02,2.94332035e-01,4.33879424e-02,-1.80320456e-01,-1.17366760e+01,0.00000000e+00,1.79116109e-01,2.36096507e-02,1.75533787e+02,2.31374577e+01
2.92200000e+00,-2.69478625e-02,2.88443105e-01,4.30205636e-02,-1.86954080e-01,-1.17366760e+01,0.00000000e+00,1.79656517e-01,2.40001886e-02,1.76063387e+02,2.35201848e+01
2.92400000e+00,-2.63769848e-02,2.82437016e-01,4.26398263e-02,-1.94037187e-01,-1.17366760e+01,0.00000000e+00,1.77169066e-01,2.21250633e-02,1.73625684e+02,2.16825621e+01
2.92600000e+00,-2.58181835e-02,2.76327291e-01,4.22445318e-02,-2.00944949e-01,-1.17366760e+01,0.00000000e+00,1.77491771e-01,2.38064774e-02,1.73941935e+02,2.33303478e+01
2.92800000e+00,-2.52718050e-02,2.70023425e-01,4.18367578e-02,-2.06785875e-01,-1.17366760e+01,0.00000000e+00,1.77219786e-01,2.37842208e-02,1.73675391e+02,2.33085364e+01
2.93000000e+00,-2.47382024e-02,2.63550700e-01,4.14176094e-02,-2.12295296e-01,-1.17366760e+01,0.00000000e+00,1.77055298e-01,2.39058013e-02,1.73514192e+02,2.34276852e+01
2.93200000e+00,-2.42177200e-02,2.56901410e-01,4.09878720e-02,-2.17361702e-01,-1.17366760e+01,0.00000000e+00,1.77069818e-01,2.41022974e-02,1.73528422e+02,2.36202514e+01
2.93400000e+00,-2.37106826e-02,2.50123299e-01,4.05483028e-02,-2.22217790e-01,-1.17366760e+01,0.00000000e+00,1.75898787e-01,2.37212837e-02,1.72380811e+02,2.32468580e+01
2.93600000e+00,-2.32172951e-02,2.43242681e-01,4.00990760e-02,-2.26961194e-01,-1.17366760e+01,0.00000000e+00,1.75409500e-01,2.36990238e-02,1.71901310e+02,2.32250433e+01
2.93800000e+00,-2.27378278e-02,2.36188204e-01,3.96408024e-02,-2.31188118e-01,-1.17366760e+01,0.00000000e+00,1.76018728e-01,2.41524743e-02,1.72498353e+02,2.36694248e+01
2.94000000e+00,-2.22726406e-02,2.28986200e-01,3.91745880e-02,-2.35018291e-01,-1.17366760e+01,0.00000000e+00,1.75030049e-01,2.38673510e-02,1.71529448e+02,2.33900039e+01
2.94200000e+00,-2.18219510e-02,2.21682198e-01,3.87008752e-02,-2.38629465e-01,-1.17366760e+01,0.00000000e+00,1.74693316e-01,2.39369215e-02,1.71199450e+02,2.34581831e+01
2.94400000e+00,-2.13861938e-02,2.13955363e-01,3.82205073e-02,-2.41585062e-01,-1.17366760e+01,0.00000000e+00,1.81322281e-01,2.45584368e-02,1.77695835e+02,2.40672680e+01
2.94600000e+00,-2.09661168e-02,2.06247730e-01,3.77344887e-02,-2.44609958e-01,-1.17366760e+01,0.00000000e+00,1.70783437e-01,2.30983144e-02,1.67367769e+02,2.26363481e+01
2.94800000e+00,-2.05610379e-02,1.98787425e-01,3.72421050e-02,-2.47578557e-01,-1.17366760e+01,0.00000000e+00,1.72205844e-01,2.39744898e-02,1.68761727e+02,2.34950000e+01
2.95000000e+00,-2.01710675e-02,1.91176484e-01,3.67446056e-02,-2.49900516e-01,-1.17366760e+01,0.00000000e+00,1.71088927e-01,2.37458553e-02,1.67667148e+02,2.32709382e+01
2.95200000e+00,-1.97963669e-02,1.83513230e-01,3.62426700e-02,-2.51971888e-01,-1.17366760e+01,0.00000000e+00,1.70338264e-01,2.37842914e-02,1.66931498e+02,2.33086055e+01
2.95400000e+00,-1.94370696e-02,1.75767409e-01,3.57370118e-02,-2.53602747e-01,-1.17366760e+01,0.00000000e+00,1.70053701e-01,2.39488246e-02,1.66652627e+02,2.34698482e+01
2.95600000e+00,-1.90933242e-02,1.67981207e-01,3.52283958e-02,-2.55028508e-01,-1.17366760e+01,0.00000000e+00,1.68443989e-01,2.34887741e-02,1.65075109e+02,2.30189987e+01
2.95800000e+00,-1.87651692e-02,1.60158412e-01,3.47170639e-02,-2.56205083e-01,-1.17366760e+01,0.00000000e+00,1.68198077e-01,2.37419124e-02,1.64834115e+02,2.32670742e+01
2.96000000e+00,-1.84527272e-02,1.52280600e-01,3.42038342e-02,-2.56993620e-01,-1.17366760e+01,0.00000000e+00,1.67146916e-01,2.35704168e-02,1.63803978e+02,2.30990085e+01
2.96200000e+00,-1.81560587e-02,1.44384949e-01,3.36892303e-02,-2.57570906e-01,-1.17366760e+01,0.00000000e+00,1.66160928e-01,2.34504302e-02,1.62837709e+02,2.29814216e+01
2.96400000e+00,-1.78756835e-02,1.35745219e-01,3.31748518e-02,-2.56196605e-01,-1.17366760e+01,0.00000000e+00,1.82211037e-01,2.69316619e-02,1.78566817e+02,2.63930287e+01
2.96600000e+00,-1.76130430e-02,1.27157596e-01,3.26644641e-02,-2.54791846e-01,-1.17366760e+01,0.00000000e+00,1.62763179e-01,2.27844193e-02,1.59507915e+02,2.23287309e+01
2.96800000e+00,-1.73665855e-02,1.19271310e-01,3.21548689e-02,-2.54610238e-01,-1.17366760e+01,0.00000000e+00,1.63778699e-01,2.36362788e-02,1.60503125e+02,2.31635532e+01
2.97000000e+00,-1.71360173e-02,1.11295853e-01,3.16465195e-02,-2.53684078e-01,-1.17366760e+01,0.00000000e+00,1.62932135e-01,2.36206646e-02,1.59673492e+02,2.31482513e+01
2.97200000e+00,-1.69214129e-02,1.03304177e-01,3.11404355e-02,-2.52303718e-01,-1.17366760e+01,0.00000000e+00,1.62373205e-01,2.38661429e-02,1.59125740e+02,2.33888201e+01
2.97400000e+00,-1.67228041e-02,9.53071613e-02,3.06375993e-02,-2.50481401e-01,-1.17366760e+01,0.00000000e+00,1.61402960e-01,2.38292735e-02,1.58174900e+02,2.33526880e+01
2.97600000e+00,-1.65401520e-02,8.73585713e-02,3.01386050e-02,-2.48516387e-01,-1.17366760e+01,0.00000000e+00,1.59718095e-01,2.34520133e-02,1.56523733e+02,2.29829731e+01
2.97800000e+00,-1.63733300e-02,7.94697099e-02,2.96436198e-02,-2.46422395e-01,-1.17366760e+01,0.00000000e+00,1.58613225e-01,2.33920378e-02,1.55440961e+02,2.29241971e+01
2.98000000e+00,-1.62222510e-02,7.16141524e-02,2.91531187e-02,-2.44023515e-01,-1.17366760e+01,0.00000000e+00,1.57674488e-01,2.33903041e-02,1.54520998e+02,2.29224980e+01
2.98200000e+00,-1.60868678e-02,6.37670297e-02,2.86678260e-02,-2.41174302e-01,-1.17366760e+01,0.00000000e+00,1.57278938e-01,2.36428870e-02,1.54133359e+02,2.31700293e+01
2.98400000e+00,-1.59678561e-02,5.49101269e-02,2.81903837e-02,-2.35382179e-01,-1.17366760e+01,0.00000000e+00,1.80264059e-01,2.88834121e-02,1.76658778e+02,2.83057439e+01
2.98600000e+00,-1.58671598e-02,4.61544095e-02,2.77262608e-02,-2.29644570e-01,-1.17366760e+01,0.00000000e+00,1.54055252e-01,2.28627213e-02,1.50974147e+02,2.24054668e+01
2.98800000e+00,-1.57825422e-02,3.84430384e-02,2.72703979e-02,-2.26018133e-01,-1.17366760e+01,0.00000000e+00,1.55138310e-01,2.37994255e-02,1.52035543e+02,2.33234370e+01
2.99000000e+00,-1.57134118e-02,3.06953498e-02,2.68226744e-02,-2.21662591e-01,-1.17366760e+01,0.00000000e+00,1.54307910e-01,2.37517491e-02,1.51221752e+02,2.32767142e+01
2.99200000e+00,-1.56597823e-02,2.29154551e-02,2.63842703e-02,-2.16523072e-01,-1.17366760e+01,0.00000000e+00,1.55421409e-01,2.48166942e-02,1.52312981e+02,2.43203603e+01
2.99400000e+00,-1.56217365e-02,1.51558497e-02,2.59569736e-02,-2.10796249e-01,-1.17366760e+01,0.00000000e+00,1.53491450e-01,2.43717312e-02,1.50421621e+02,2.38842966e+01
2.99600000e+00,-1.55990288e-02,7.59137405e-03,2.55408673e-02,-2.05396302e-01,-1.17366760e+01,0.00000000e+00,1.50645338e-01,2.35339025e-02,1.47632431e+02,2.30632244e+01
2.99800000e+00,-1.55912735e-02,1.73112118e-04,2.51353799e-02,-2.00009080e-01,-1.17366760e+01,0.00000000e+00,1.49981199e-01,2.37635900e-02,1.46981575e+02,2.32883182e+01
3.00000000e+00,-1.55982684e-02,-7.14324718e-03,2.47409665e-02,-1.94418630e-01,-1.17366760e+01,0.00000000e+00,1.48291281e-01,2.33947417e-02,1.45325456e+02,2.29268468e+01
