t,h,h_dot,alpha,alpha_dot,delta,W_g,C_L,C_M,F_y,M_z
2.00000000e-03,0.00000000e+00,0.00000000e+00,0.00000000e+00,0.00000000e+00,0.00000000e+00,1.82609735e-02,1.26327256e-01,3.00480580e-02,1.23800711e+02,2.94470968e+01
4.00000000e-03,-9.76024003e-06,-9.23401555e-03,2.33284460e-05,2.06775589e-02,0.00000000e+00,7.30160846e-02,8.94943834e-02,1.33799198e-02,8.77044957e+01,1.31123214e+01
6.00000000e-03,-3.65016836e-05,-1.78164645e-02,7.94989318e-05,3.65382586e-02,0.00000000e+00,1.64181948e-01,1.11286401e-01,2.00116598e-02,1.09060673e+02,1.96114266e+01
8.00000000e-03,-8.15454132e-05,-2.71778563e-02,1.70681553e-04,5.41990433e-02,0.00000000e+00,2.91619728e-01,1.08025503e-01,1.72811717e-02,1.05864993e+02,1.69355482e+01
1.00000000e-02,-1.45166538e-04,-3.64693930e-02,2.95096092e-04,7.00614764e-02,0.00000000e+00,4.55135353e-01,1.10135612e-01,1.64081150e-02,1.07932900e+02,1.60799527e+01
1.20000000e-02,-2.27561994e-04,-4.59694291e-02,4.50611863e-04,8.54505510e-02,0.00000000e+00,6.54479807e-01,1.13531597e-01,1.65034738e-02,1.11260965e+02,1.61734044e+01
1.40000000e-02,-3.29184012e-04,-5.56790888e-02,6.36777095e-04,1.00657850e-01,0.00000000e+00,8.89349512e-01,1.15824005e-01,1.62862884e-02,1.13507525e+02,1.59605627e+01
1.60000000e-02,-4.50383558e-04,-6.55465530e-02,8.53048182e-04,1.15572556e-01,0.00000000e+00,1.15938679e+00,1.18168285e-01,1.61921747e-02,1.15804919e+02,1.58683312e+01
1.80000000e-02,-5.91478822e-04,-7.55769052e-02,1.09895967e-03,1.30325804e-01,0.00000000e+00,1.46418040e+00,1.20741237e-01,1.62926622e-02,1.18326412e+02,1.59668090e+01
2.00000000e-02,-7.52795089e-04,-8.57631134e-02,1.37428315e-03,1.44976697e-01,0.00000000e+00,1.80326619e+00,1.23085616e-01,1.63646633e-02,1.20623904e+02,1.60373700e+01
2.20000000e-02,-9.34477485e-04,-9.58686431e-02,1.67844423e-03,1.58994342e-01,0.00000000e+00,2.17612776e+00,1.20297661e-01,1.53921897e-02,1.17891708e+02,1.50843460e+01
2.40000000e-02,-1.13624914e-03,-1.05943389e-01,2.01008466e-03,1.72748182e-01,0.00000000e+00,2.58219730e+00,1.23972439e-01,1.62791357e-02,1.21492990e+02,1.59535530e+01
2.60000000e-02,-1.35834578e-03,-1.16160232e-01,2.36956473e-03,1.86693666e-01,0.00000000e+00,3.02085639e+00,1.25389466e-01,1.63022883e-02,1.22881677e+02,1.59762425e+01
2.80000000e-02,-1.60089520e-03,-1.26384767e-01,2.75660208e-03,2.00253342e-01,0.00000000e+00,3.49143703e+00,1.26090405e-01,1.60166600e-02,1.23568597e+02,1.56963268e+01
3.00000000e-02,-1.86388463e-03,-1.36608974e-01,3.17034498e-03,2.13463381e-01,0.00000000e+00,3.99322256e+00,1.27486939e-01,1.61540616e-02,1.24937200e+02,1.58309804e+01
3.20000000e-02,-2.14733686e-03,-1.46841827e-01,3.61031094e-03,2.26456445e-01,0.00000000e+00,4.52544883e+00,1.28564571e-01,1.61844273e-02,1.25993280e+02,1.58607387e+01
3.40000000e-02,-2.45124045e-03,-1.57057463e-01,4.07597540e-03,2.39156506e-01,0.00000000e+00,5.08730533e+00,1.29523755e-01,1.61990802e-02,1.26933280e+02,1.58750985e+01
3.60000000e-02,-2.77554601e-03,-1.67242054e-01,4.56673216e-03,2.51549402e-01,0.00000000e+00,5.67793640e+00,1.30444945e-01,1.62356895e-02,1.27836046e+02,1.59109757e+01
3.80000000e-02,-3.12017978e-03,-1.77383310e-01,5.08196329e-03,2.63627743e-01,0.00000000e+00,6.29644259e+00,1.31283024e-01,1.62699198e-02,1.28657363e+02,1.59445214e+01
4.00000000e-02,-3.48504043e-03,-1.87466338e-01,5.62101771e-03,2.75367978e-01,0.00000000e+00,6.94188199e+00,1.32021577e-01,1.62912665e-02,1.29381145e+02,1.59654412e+01
4.20000000e-02,-3.86990785e-03,-1.97343451e-01,6.18281975e-03,2.86185174e-01,0.00000000e+00,7.61327166e+00,1.29572536e-01,1.51305179e-02,1.26981085e+02,1.48279076e+01
4.40000000e-02,-4.27431632e-03,-2.07073695e-01,6.76541756e-03,2.96491117e-01,0.00000000e+00,8.30958917e+00,1.31851274e-01,1.60462541e-02,1.29214248e+02,1.57253290e+01
4.60000000e-02,-4.69820177e-03,-2.16802659e-01,7.36891866e-03,3.06998696e-01,0.00000000e+00,9.02977409e+00,1.32963171e-01,1.64116017e-02,1.30303907e+02,1.60833697e+01
4.80000000e-02,-5.14144142e-03,-2.26403327e-01,7.99310924e-03,3.17051689e-01,0.00000000e+00,9.77272968e+00,1.32432287e-01,1.59796198e-02,1.29783641e+02,1.56600274e+01
5.00000000e-02,-5.60370315e-03,-2.35836110e-01,8.63672259e-03,3.26500510e-01,0.00000000e+00,1.05373245e+01,1.32775118e-01,1.60590083e-02,1.30119615e+02,1.57378281e+01
5.20000000e-02,-6.08469107e-03,-2.45126716e-01,9.29885158e-03,3.35559835e-01,0.00000000e+00,1.13223942e+01,1.32998395e-01,1.61042390e-02,1.30338427e+02,1.57821542e+01
5.40000000e-02,-6.58410598e-03,-2.54261283e-01,9.97867803e-03,3.44193351e-01,0.00000000e+00,1.21267431e+01,1.33168353e-01,1.61328650e-02,1.30504986e+02,1.58102077e+01
5.60000000e-02,-7.10162538e-03,-2.63229629e-01,1.06753269e-02,3.52379710e-01,0.00000000e+00,1.29491464e+01,1.33302194e-01,1.61574928e-02,1.30636150e+02,1.58343429e+01
5.80000000e-02,-7.63690664e-03,-2.72021191e-01,1.13878877e-02,3.60102324e-01,0.00000000e+00,1.37883516e+01,1.33371010e-01,1.61742255e-02,1.30703590e+02,1.58507410e+01
6.00000000e-02,-8.18958464e-03,-2.80624504e-01,1.21154182e-02,3.67348050e-01,0.00000000e+00,1.46430807e+01,1.33379726e-01,1.61928412e-02,1.30712131e+02,1.58689844e+01
6.20000000e-02,-8.75919399e-03,-2.88911850e-01,1.28565728e-02,3.73533304e-01,0.00000000e+00,1.55120320e+01,1.30603444e-01,1.50044514e-02,1.27991375e+02,1.47043624e+01
6.40000000e-02,-9.34506755e-03,-2.96952475e-01,1.36091346e-02,3.79093444e-01,0.00000000e+00,1.63938823e+01,1.32364306e-01,1.59535717e-02,1.29717020e+02,1.56345002e+01
6.60000000e-02,-9.94693391e-03,-3.04888135e-01,1.43730375e-02,3.84789958e-01,0.00000000e+00,1.72872887e+01,1.33031372e-01,1.63796561e-02,1.30370744e+02,1.60520629e+01
6.80000000e-02,-1.05644626e-02,-3.12587594e-01,1.51479262e-02,3.89934215e-01,0.00000000e+00,1.81908904e+01,1.31854321e-01,1.58992007e-02,1.29217235e+02,1.55812166e+01
7.00000000e-02,-1.11970994e-02,-3.20009758e-01,1.59322886e-02,3.94349885e-01,0.00000000e+00,1.91033115e+01,1.31685669e-01,1.59690352e-02,1.29051955e+02,1.56496545e+01
7.20000000e-02,-1.18443397e-02,-3.27189063e-01,1.67250053e-02,3.98284846e-01,0.00000000e+00,2.00231625e+01,1.31433453e-01,1.60210032e-02,1.28804784e+02,1.57005831e+01
7.40000000e-02,-1.25056877e-02,-3.34116458e-01,1.75250959e-02,4.01721780e-01,0.00000000e+00,2.09490424e+01,1.31169528e-01,1.60652259e-02,1.28546137e+02,1.57439214e+01
7.60000000e-02,-1.31806315e-02,-3.40782813e-01,1.83315425e-02,4.04633911e-01,0.00000000e+00,2.18795415e+01,1.30815995e-01,1.60702822e-02,1.28199675e+02,1.57488766e+01
7.80000000e-02,-1.38686395e-02,-3.47180048e-01,1.91432715e-02,4.07005991e-01,0.00000000e+00,2.28132424e+01,1.30470987e-01,1.60902662e-02,1.27861567e+02,1.57684609e+01
8.00000000e-02,-1.45691680e-02,-3.53301776e-01,1.99592072e-02,4.08839210e-01,0.00000000e+00,2.37487235e+01,1.30071571e-01,1.61040484e-02,1.27470139e+02,1.57819674e+01
8.20000000e-02,-1.52816057e-02,-3.59062136e-01,2.07779453e-02,4.09648020e-01,0.00000000e+00,2.46845600e+01,1.27818769e-01,1.51092242e-02,1.25262393e+02,1.48070397e+01
8.40000000e-02,-1.60052177e-02,-3.64524156e-01,2.15973697e-02,4.09812563e-01,0.00000000e+00,2.56193267e+01,1.28984802e-01,1.59222864e-02,1.26405106e+02,1.56038407e+01
8.60000000e-02,-1.67395779e-02,-3.69799557e-01,2.24172247e-02,4.10020866e-01,0.00000000e+00,2.65516002e+01,1.29431072e-01,1.63722018e-02,1.26842451e+02,1.60447577e+01
8.80000000e-02,-1.74842161e-02,-3.74775326e-01,2.32370815e-02,4.09671674e-01,0.00000000e+00,2.74799607e+01,1.28041286e-01,1.59234053e-02,1.25480461e+02,1.56049372e+01
9.00000000e-02,-1.82384506e-02,-3.79408205e-01,2.40554118e-02,4.08573106e-01,0.00000000e+00,2.84029943e+01,1.27556578e-01,1.59687148e-02,1.25005446e+02,1.56493405e+01
9.20000000e-02,-1.90016451e-02,-3.83735310e-01,2.48710364e-02,4.06968294e-01,0.00000000e+00,2.93192955e+01,1.27108417e-01,1.60265991e-02,1.24566249e+02,1.57060671e+01
9.40000000e-02,-1.97731862e-02,-3.87753917e-01,2.56829463e-02,4.04855513e-01,0.00000000e+00,3.02274688e+01,1.26629487e-01,1.60631857e-02,1.24096897e+02,1.57419220e+01
9.60000000e-02,-2.05524491e-02,-3.91455055e-01,2.64901031e-02,4.02209770e-01,0.00000000e+00,3.11261312e+01,1.26036016e-01,1.60620343e-02,1.23515296e+02,1.57407936e+01
9.80000000e-02,-2.13387895e-02,-3.94830783e-01,2.72914295e-02,3.99030260e-01,0.00000000e+00,3.20139141e+01,1.25430625e-01,1.60888223e-02,1.22922012e+02,1.57670459e+01
1.00000000e-01,-2.21315544e-02,-3.97879821e-01,2.80858739e-02,3.95325445e-01,0.00000000e+00,3.28894655e+01,1.24861011e-01,1.60958161e-02,1.22363791e+02,1.57738998e+01
1.02000000e-01,-2.29300751e-02,-4.00578444e-01,2.88721757e-02,3.90787381e-01,0.00000000e+00,3.37514520e+01,1.23749649e-01,1.54648940e-02,1.21274656e+02,1.51555962e+01
1.04000000e-01,-2.37336571e-02,-4.02960404e-01,2.96486223e-02,3.85647774e-01,0.00000000e+00,3.45985610e+01,1.24011362e-01,1.59444787e-02,1.21531135e+02,1.56255891e+01
1.06000000e-01,-2.45417476e-02,-4.05088674e-01,3.04147199e-02,3.80437937e-01,0.00000000e+00,3.54295025e+01,1.24409406e-01,1.64140295e-02,1.21921218e+02,1.60857489e+01
1.08000000e-01,-2.53537979e-02,-4.06896101e-01,3.11700722e-02,3.74775299e-01,0.00000000e+00,3.62430109e+01,1.23135423e-01,1.60753761e-02,1.20672715e+02,1.57538685e+01
1.10000000e-01,-2.61690884e-02,-4.08338092e-01,3.19133743e-02,3.68442503e-01,0.00000000e+00,3.70378474e+01,1.22519484e-01,1.60717778e-02,1.20069094e+02,1.57503422e+01
1.12000000e-01,-2.69869279e-02,-4.09446609e-01,3.26435226e-02,3.61630377e-01,0.00000000e+00,3.78128016e+01,1.22014500e-01,1.61150804e-02,1.19574210e+02,1.57927788e+01
1.14000000e-01,-2.78066517e-02,-4.10220479e-01,3.33595937e-02,3.54365186e-01,0.00000000e+00,3.85666933e+01,1.21387906e-01,1.61466879e-02,1.18960148e+02,1.58237541e+01
1.16000000e-01,-2.86275816e-02,-4.10652038e-01,3.40606761e-02,3.46639165e-01,0.00000000e+00,3.92983744e+01,1.20715078e-01,1.61524645e-02,1.18300776e+02,1.58294152e+01
1.18000000e-01,-2.94490318e-02,-4.10741574e-01,3.47458436e-02,3.38452927e-01,0.00000000e+00,4.00067306e+01,1.20100849e-01,1.61628132e-02,1.17698832e+02,1.58395569e+01
1.20000000e-01,-3.02703208e-02,-4.10490541e-01,3.54141867e-02,3.29815084e-01,0.00000000e+00,4.06906832e+01,1.19462061e-01,1.61628162e-02,1.17072820e+02,1.58395599e+01
1.22000000e-01,-3.10907925e-02,-4.09937304e-01,3.60647528e-02,3.20650697e-01,0.00000000e+00,4.13491907e+01,1.19738975e-01,1.59906772e-02,1.17344195e+02,1.56708636e+01
1.24000000e-01,-3.19098677e-02,-4.09080599e-01,3.66964638e-02,3.10997899e-01,0.00000000e+00,4.19812502e+01,1.19060398e-01,1.60439991e-02,1.16679190e+02,1.57231192e+01
1.26000000e-01,-3.27269190e-02,-4.07930094e-01,3.73086306e-02,3.01174328e-01,0.00000000e+00,4.25858991e+01,1.19548000e-01,1.65107588e-02,1.17157040e+02,1.61805436e+01
1.28000000e-01,-3.35413840e-02,-4.06473491e-01,3.79009717e-02,2.91066677e-01,0.00000000e+00,4.31622166e+01,1.18562060e-01,1.62980020e-02,1.16190818e+02,1.59720420e+01
1.30000000e-01,-3.43525755e-02,-4.04660737e-01,3.84725636e-02,2.80458576e-01,0.00000000e+00,4.37093251e+01,1.17854855e-01,1.62811763e-02,1.15497758e+02,1.59555528e+01
1.32000000e-01,-3.51598034e-02,-4.02512585e-01,3.90225554e-02,2.69474608e-01,0.00000000e+00,4.42263914e+01,1.17322868e-01,1.62992179e-02,1.14976411e+02,1.59732335e+01
1.34000000e-01,-3.59624070e-02,-4.00036213e-01,3.95502397e-02,2.58157141e-01,0.00000000e+00,4.47126281e+01,1.16746942e-01,1.63395952e-02,1.14412003e+02,1.60128033e+01
1.36000000e-01,-3.67597333e-02,-3.97237499e-01,4.00549767e-02,2.46528866e-01,0.00000000e+00,4.51672946e+01,1.16310617e-01,1.63726078e-02,1.13984405e+02,1.60451557e+01
1.38000000e-01,-3.75511381e-02,-3.94110430e-01,4.05361315e-02,2.34565122e-01,0.00000000e+00,4.55896986e+01,1.15547113e-01,1.63276683e-02,1.13236171e+02,1.60011149e+01
1.40000000e-01,-3.83359501e-02,-3.90646010e-01,4.09930125e-02,2.22264296e-01,0.00000000e+00,4.59791968e+01,1.14848173e-01,1.63227595e-02,1.12551209e+02,1.59963043e+01
1.42000000e-01,-3.91135578e-02,-3.86935075e-01,4.14250618e-02,2.09773147e-01,0.00000000e+00,4.63351960e+01,1.16149559e-01,1.65504878e-02,1.13826568e+02,1.62194780e+01
1.44000000e-01,-3.98835176e-02,-3.82965006e-01,4.18319180e-02,1.97001413e-01,0.00000000e+00,4.66571542e+01,1.15094256e-01,1.63202132e-02,1.12792371e+02,1.59938089e+01
1.46000000e-01,-4.06452156e-02,-3.78691616e-01,4.22129159e-02,1.84002452e-01,0.00000000e+00,4.69445809e+01,1.15296972e-01,1.66231286e-02,1.12991033e+02,1.62906661e+01
1.48000000e-01,-4.13980993e-02,-3.74141058e-01,4.25678567e-02,1.70896898e-01,0.00000000e+00,4.71970385e+01,1.14781929e-01,1.66088649e-02,1.12486290e+02,1.62766876e+01
1.50000000e-01,-4.21415800e-02,-3.69290801e-01,4.28963262e-02,1.57525465e-01,0.00000000e+00,4.74141425e+01,1.14382609e-01,1.65397297e-02,1.12094957e+02,1.62089352e+01
1.52000000e-01,-4.28750673e-02,-3.64147723e-01,4.31977972e-02,1.43911994e-01,0.00000000e+00,4.75955623e+01,1.13947940e-01,1.65370399e-02,1.11668981e+02,1.62062991e+01
1.54000000e-01,-4.35979732e-02,-3.58708089e-01,4.34718481e-02,1.30109405e-01,0.00000000e+00,4.77410216e+01,1.13376149e-01,1.65398960e-02,1.11108626e+02,1.62090981e+01
1.56000000e-01,-4.43097087e-02,-3.52982080e-01,4.37181303e-02,1.16150059e-01,0.00000000e+00,4.78502989e+01,1.13089378e-01,1.65655266e-02,1.10827591e+02,1.62342161e+01
1.58000000e-01,-4.50097166e-02,-3.46978658e-01,4.39363536e-02,1.02048561e-01,0.00000000e+00,4.79232277e+01,1.12632431e-01,1.65590124e-02,1.10379782e+02,1.62278321e+01
1.60000000e-01,-4.56974363e-02,-3.40694681e-01,4.41262360e-02,8.78142742e-02,0.00000000e+00,4.79596971e+01,1.12173028e-01,1.65638642e-02,1.09929567e+02,1.62325869e+01
1.62000000e-01,-4.63723827e-02,-3.34241856e-01,4.42876989e-02,7.37123017e-02,0.00000000e+00,4.79596515e+01,1.14222967e-01,1.70731839e-02,1.11938507e+02,1.67317202e+01
1.64000000e-01,-4.70342796e-02,-3.27602893e-01,4.44210573e-02,5.95684067e-02,0.00000000e+00,4.79230909e+01,1.13253621e-01,1.66721221e-02,1.10988548e+02,1.63386796e+01
1.66000000e-01,-4.76826129e-02,-3.20691888e-01,4.45258309e-02,4.52121326e-02,0.00000000e+00,4.78500710e+01,1.13186620e-01,1.67829391e-02,1.10922888e+02,1.64472803e+01
1.68000000e-01,-4.83168996e-02,-3.13559549e-01,4.46019322e-02,3.08954471e-02,0.00000000e+00,4.77407030e+01,1.13288449e-01,1.68697806e-02,1.11022680e+02,1.65323850e+01
1.70000000e-01,-4.89367043e-02,-3.06207002e-01,4.46494076e-02,1.65710646e-02,0.00000000e+00,4.75951535e+01,1.13130428e-01,1.68404482e-02,1.10867819e+02,1.65036393e+01
1.72000000e-01,-4.95415747e-02,-2.98625133e-01,4.46681839e-02,2.19792950e-03,0.00000000e+00,4.74136441e+01,1.12898321e-01,1.68001359e-02,1.10640355e+02,1.64641331e+01
1.74000000e-01,-5.01310568e-02,-2.90821276e-01,4.46581992e-02,-1.21754095e-02,0.00000000e+00,4.71964513e+01,1.12786940e-01,1.68316259e-02,1.10531202e+02,1.64949934e+01
1.76000000e-01,-5.07047196e-02,-2.82807059e-01,4.46195118e-02,-2.65044716e-02,0.00000000e+00,4.69439057e+01,1.12698312e-01,1.68436570e-02,1.10444346e+02,1.65067839e+01
1.78000000e-01,-5.12621458e-02,-2.74583910e-01,4.45522096e-02,-4.07910181e-02,0.00000000e+00,4.66563921e+01,1.12488596e-01,1.68305542e-02,1.10238824e+02,1.64939431e+01
1.80000000e-01,-5.18029203e-02,-2.66158327e-01,4.44563878e-02,-5.50174765e-02,0.00000000e+00,4.63343483e+01,1.12416700e-01,1.68387060e-02,1.10168366e+02,1.65019318e+01
1.82000000e-01,-5.23267237e-02,-2.57649731e-01,4.43324150e-02,-6.88311331e-02,0.00000000e+00,4.59782646e+01,1.14859509e-01,1.75256106e-02,1.12562319e+02,1.71750984e+01
1.84000000e-01,-5.28334572e-02,-2.49048076e-01,4.41812362e-02,-8.23854570e-02,0.00000000e+00,4.55886833e+01,1.14413711e-01,1.71725930e-02,1.12125437e+02,1.68291412e+01
1.86000000e-01,-5.33227781e-02,-2.40239502e-01,4.40027616e-02,-9.61070196e-02,0.00000000e+00,4.51661979e+01,1.14054646e-01,1.69252059e-02,1.11773553e+02,1.65867018e+01
1.88000000e-01,-5.37943102e-02,-2.31273561e-01,4.37969038e-02,-1.09684993e-01,0.00000000e+00,4.47114515e+01,1.14622215e-01,1.71854728e-02,1.12329771e+02,1.68417633e+01
1.90000000e-01,-5.42477932e-02,-2.22188932e-01,4.35642079e-02,-1.22983676e-01,0.00000000e+00,4.42251369e+01,1.15020112e-01,1.71844548e-02,1.12719710e+02,1.68407657e+01
1.92000000e-01,-5.46829796e-02,-2.12974741e-01,4.33050617e-02,-1.36143509e-01,0.00000000e+00,4.37079945e+01,1.15184750e-01,1.71120876e-02,1.12881055e+02,1.67698459e+01
1.94000000e-01,-5.50995998e-02,-2.03622047e-01,4.30197332e-02,-1.49154330e-01,0.00000000e+00,4.31608119e+01,1.15222740e-01,1.70949438e-02,1.12918285e+02,1.67530449e+01
1.96000000e-01,-5.54973849e-02,-1.94145075e-01,4.27086072e-02,-1.61921014e-01,0.00000000e+00,4.25844224e+01,1.15566529e-01,1.71852957e-02,1.13255199e+02,1.68415898e+01
1.98000000e-01,-5.58761047e-02,-1.84554993e-01,4.23722184e-02,-1.74433866e-01,0.00000000e+00,4.19797038e+01,1.15710320e-01,1.71523045e-02,1.13396113e+02,1.68092584e+01
2.00000000e-01,-5.62355351e-02,-1.74860209e-01,4.20110271e-02,-1.86713607e-01,0.00000000e+00,4.13475770e+01,1.16093557e-01,1.71636363e-02,1.13771686e+02,1.68203636e+01
2.02000000e-01,-5.65755531e-02,-1.65176808e-01,4.16257890e-02,-1.98355873e-01,0.00000000e+00,4.06890047e+01,1.18791562e-01,1.79448478e-02,1.16415731e+02,1.75859508e+01
2.04000000e-01,-5.68962357e-02,-1.55483464e-01,4.12179141e-02,-2.09532550e-01,0.00000000e+00,4.00049897e+01,1.18518494e-01,1.75627867e-02,1.16148124e+02,1.72115309e+01
2.06000000e-01,-5.71973863e-02,-1.45639086e-01,4.07875526e-02,-2.20868441e-01,0.00000000e+00,3.92965738e+01,1.17760754e-01,1.70004669e-02,1.15405539e+02,1.66604575e+01
2.08000000e-01,-5.74787431e-02,-1.35721306e-01,4.03346079e-02,-2.31952914e-01,0.00000000e+00,3.85648358e+01,1.19140561e-01,1.74480227e-02,1.16757750e+02,1.70990622e+01
2.10000000e-01,-5.77402672e-02,-1.25797014e-01,3.98600939e-02,-2.42508082e-01,0.00000000e+00,3.78108900e+01,1.19783976e-01,1.74379314e-02,1.17388296e+02,1.70891728e+01
2.12000000e-01,-5.79819044e-02,-1.15832657e-01,3.93647751e-02,-2.52764076e-01,0.00000000e+00,3.70358846e+01,1.20217515e-01,1.73725957e-02,1.17813165e+02,1.70251438e+01
2.14000000e-01,-5.82035710e-02,-1.05828019e-01,3.88492525e-02,-2.62697646e-01,0.00000000e+00,3.62409999e+01,1.20693059e-01,1.73823193e-02,1.18279198e+02,1.70346729e+01
2.16000000e-01,-5.84051983e-02,-9.57961082e-02,3.83142297e-02,-2.72263396e-01,0.00000000e+00,3.54274463e+01,1.21267094e-01,1.73842625e-02,1.18841752e+02,1.70365772e+01
2.18000000e-01,-5.85867497e-02,-8.57557382e-02,3.77604599e-02,-2.81437727e-01,0.00000000e+00,3.45964629e+01,1.22018426e-01,1.74165801e-02,1.19578057e+02,1.70682485e+01
2.20000000e-01,-5.87482189e-02,-7.57118016e-02,3.71887536e-02,-2.90200009e-01,0.00000000e+00,3.37493151e+01,1.22542854e-01,1.74360339e-02,1.20091997e+02,1.70873132e+01
2.22000000e-01,-5.88896537e-02,-6.57529540e-02,3.66002415e-02,-2.98089934e-01,0.00000000e+00,3.28872929e+01,1.25202072e-01,1.84102402e-02,1.22698031e+02,1.80420354e+01
2.24000000e-01,-5.90112801e-02,-5.58681116e-02,3.59968002e-02,-3.05370348e-01,0.00000000e+00,3.20117093e+01,1.25305353e-01,1.78563033e-02,1.22799246e+02,1.74991772e+01
2.26000000e-01,-5.91130749e-02,-4.59064485e-02,3.53786087e-02,-3.12877978e-01,0.00000000e+00,3.11238975e+01,1.24278529e-01,1.70532234e-02,1.21792958e+02,1.67121590e+01
2.28000000e-01,-5.91949191e-02,-3.59646773e-02,3.47455411e-02,-3.20006408e-01,0.00000000e+00,3.02252097e+01,1.26478982e-01,1.77508468e-02,1.23949403e+02,1.73958299e+01
2.30000000e-01,-5.92570028e-02,-2.61266398e-02,3.40990876e-02,-3.26378068e-01,0.00000000e+00,2.93170143e+01,1.27249499e-01,1.77208066e-02,1.24704509e+02,1.73663905e+01
2.32000000e-01,-5.92994539e-02,-1.63308685e-02,3.34402736e-02,-3.32382655e-01,0.00000000e+00,2.84006945e+01,1.27853180e-01,1.75826459e-02,1.25296117e+02,1.72309929e+01
2.34000000e-01,-5.93223622e-02,-6.58906465e-03,3.27698175e-02,-3.37996461e-01,0.00000000e+00,2.74776458e+01,1.28737393e-01,1.75855840e-02,1.26162645e+02,1.72338723e+01
2.36000000e-01,-5.93258640e-02,3.07188793e-03,3.20886269e-02,-3.43101580e-01,0.00000000e+00,2.65492738e+01,1.29810541e-01,1.76793717e-02,1.27214330e+02,1.73257842e+01
2.38000000e-01,-5.93101282e-02,1.26526008e-02,3.13977470e-02,-3.47702987e-01,0.00000000e+00,2.56169923e+01,1.30523077e-01,1.76578147e-02,1.27912616e+02,1.73046584e+01
2.40000000e-01,-5.92753098e-02,2.21491125e-02,3.06981260e-02,-3.51837945e-01,0.00000000e+00,2.46822211e+01,1.31532696e-01,1.76607113e-02,1.28902042e+02,1.73074971e+01
2.42000000e-01,-5.92216409e-02,3.14819097e-02,2.99910603e-02,-3.54975499e-01,0.00000000e+00,2.37463837e+01,1.33948784e-01,1.87426552e-02,1.31269809e+02,1.83678021e+01
2.44000000e-01,-5.91494707e-02,4.06818688e-02,2.92786782e-02,-3.57431803e-01,0.00000000e+00,2.28109054e+01,1.34085204e-01,1.80739623e-02,1.31403500e+02,1.77124830e+01
2.46000000e-01,-5.90589041e-02,4.98957219e-02,2.85611227e-02,-3.60203608e-01,0.00000000e+00,2.18772106e+01,1.32922362e-01,1.70564359e-02,1.30263914e+02,1.67153072e+01
2.48000000e-01,-5.89499534e-02,5.90111374e-02,2.78381325e-02,-3.62572412e-01,0.00000000e+00,2.09467214e+01,1.35533422e-01,1.78880727e-02,1.32822753e+02,1.75303112e+01
2.50000000e-01,-5.88229893e-02,6.79319674e-02,2.71113998e-02,-3.64091233e-01,0.00000000e+00,2.00208547e+01,1.36469362e-01,1.78030108e-02,1.33739975e+02,1.74469506e+01
2.52000000e-01,-5.86783095e-02,7.67269685e-02,2.63820527e-02,-3.65182394e-01,0.00000000e+00,1.91010206e+01,1.37328635e-01,1.77442810e-02,1.34582062e+02,1.73893954e+01
2.54000000e-01,-5.85161722e-02,8.53858352e-02,2.56509845e-02,-3.65802144e-01,0.00000000e+00,1.81886198e+01,1.38362333e-01,1.77484094e-02,1.35595086e+02,1.73934412e+01
2.56000000e-01,-5.83368735e-02,9.38836577e-02,2.49191950e-02,-3.65895546e-01,0.00000000e+00,1.72850419e+01,1.39662952e-01,1.78037459e-02,1.36869693e+02,1.74476710e+01
2.58000000e-01,-5.81407466e-02,1.02218024e-01,2.41877563e-02,-3.65458012e-01,0.00000000e+00,1.63916627e+01,1.40614950e-01,1.78177906e-02,1.37802651e+02,1.74614348e+01
2.60000000e-01,-5.79281106e-02,1.10388639e-01,2.34577053e-02,-3.64507054e-01,0.00000000e+00,1.55098430e+01,1.41787059e-01,1.78381396e-02,1.38951318e+02,1.74813768e+01
2.62000000e-01,-5.76993128e-02,1.18378010e-01,2.27303609e-02,-3.62607064e-01,0.00000000e+00,1.46409256e+01,1.43015142e-01,1.87700659e-02,1.40154839e+02,1.83946646e+01
2.64000000e-01,-5.74547113e-02,1.26198238e-01,2.20077130e-02,-3.60053144e-01,0.00000000e+00,1.37862337e+01,1.43774752e-01,1.81773372e-02,1.40899257e+02,1.78137905e+01
2.66000000e-01,-5.71945648e-02,1.33951143e-01,2.12899158e-02,-3.57847974e-01,0.00000000e+00,1.29470689e+01,1.42496308e-01,1.70116730e-02,1.39646382e+02,1.66714395e+01
2.68000000e-01,-5.69190169e-02,1.41538742e-01,2.05765706e-02,-3.55268617e-01,0.00000000e+00,1.21247092e+01,1.45419315e-01,1.79427304e-02,1.42510928e+02,1.75838758e+01
2.70000000e-01,-5.66285870e-02,1.48860485e-01,1.98694091e-02,-3.51837654e-01,0.00000000e+00,1.13204069e+01,1.46367849e-01,1.77875875e-02,1.43440492e+02,1.74318358e+01
2.72000000e-01,-5.63236992e-02,1.55995848e-01,1.91694708e-02,-3.48030597e-01,0.00000000e+00,1.05353870e+01,1.47314865e-01,1.77307158e-02,1.44368568e+02,1.73761015e+01
2.74000000e-01,-5.60047394e-02,1.62927602e-01,1.84776015e-02,-3.43751438e-01,0.00000000e+00,9.77084483e+00,1.48550362e-01,1.77884350e-02,1.45579354e+02,1.74326663e+01
2.76000000e-01,-5.56721442e-02,1.69626388e-01,1.77948423e-02,-3.38906488e-01,0.00000000e+00,9.02794477e+00,1.50071124e-01,1.79410048e-02,1.47069701e+02,1.75821847e+01
2.78000000e-01,-5.53263834e-02,1.76100809e-01,1.71222974e-02,-3.33578699e-01,0.00000000e+00,8.30781817e+00,1.50997239e-01,1.78389851e-02,1.47977295e+02,1.74822054e+01
2.80000000e-01,-5.49678829e-02,1.82362222e-01,1.64607999e-02,-3.27842324e-01,0.00000000e+00,7.61156167e+00,1.52147699e-01,1.78513215e-02,1.49104745e+02,1.74942951e+01
2.82000000e-01,-5.45970482e-02,1.88453099e-01,1.58114236e-02,-3.21362819e-01,0.00000000e+00,6.94023562e+00,1.51979961e-01,1.84685607e-02,1.48940361e+02,1.80991895e+01
2.84000000e-01,-5.42142087e-02,1.94336691e-01,1.51757418e-02,-3.14293568e-01,0.00000000e+00,6.29486234e+00,1.53890388e-01,1.81782089e-02,1.50812580e+02,1.78146447e+01
2.86000000e-01,-5.38197958e-02,2.00078831e-01,1.45540314e-02,-3.07551194e-01,0.00000000e+00,5.67642468e+00,1.52089042e-01,1.68914776e-02,1.49047262e+02,1.65536481e+01
2.88000000e-01,-5.34140104e-02,2.05645519e-01,1.39456989e-02,-3.00566095e-01,0.00000000e+00,5.08586444e+00,1.54700664e-01,1.78158822e-02,1.51606650e+02,1.74595646e+01
2.90000000e-01,-5.29974107e-02,2.10916695e-01,1.33522886e-02,-2.92798775e-01,0.00000000e+00,4.52408098e+00,1.55615245e-01,1.76824793e-02,1.52502940e+02,1.73288297e+01
2.92000000e-01,-5.25704973e-02,2.15957351e-01,1.27747020e-02,-2.84734238e-01,0.00000000e+00,3.99192981e+00,1.56623009e-01,1.76113458e-02,1.53490549e+02,1.72591189e+01
2.94000000e-01,-5.21337480e-02,2.20747996e-01,1.22136147e-02,-2.76275065e-01,0.00000000e+00,3.49022136e+00,1.57911785e-01,1.77058481e-02,1.54753549e+02,1.73517311e+01
2.96000000e-01,-5.16876769e-02,2.25281338e-01,1.16698881e-02,-2.67386330e-01,0.00000000e+00,3.01971965e+00,1.59012783e-01,1.77326443e-02,1.55832527e+02,1.73779914e+01
2.98000000e-01,-5.12327909e-02,2.29562365e-01,1.11443287e-02,-2.58108680e-01,0.00000000e+00,2.58114122e+00,1.60112010e-01,1.77676200e-02,1.56909769e+02,1.74122676e+01
3.00000000e-01,-5.07695957e-02,2.33590917e-01,1.06376952e-02,-2.48468337e-01,0.00000000e+00,2.17515396e+00,1.61147866e-01,1.77662633e-02,1.57924909e+02,1.74109381e+01
3.02000000e-01,-5.02985246e-02,2.37473432e-01,1.01507531e-02,-2.38381456e-01,0.00000000e+00,1.80237614e+00,1.59694924e-01,1.80051942e-02,1.56501026e+02,1.76450903e+01
3.04000000e-01,-4.98198378e-02,2.41152253e-01,9.68446228e-03,-2.27855304e-01,0.00000000e+00,1.46337546e+00,1.62015243e-01,1.80178890e-02,1.58774938e+02,1.76575312e+01
3.06000000e-01,-4.93340425e-02,2.44640692e-01,9.23914600e-03,-2.17607903e-01,0.00000000e+00,1.15866818e+00,1.60192232e-01,1.67796870e-02,1.56988387e+02,1.64440932e+01
3.08000000e-01,-4.88414061e-02,2.47932576e-01,8.81410594e-03,-2.07247647e-01,0.00000000e+00,8.88718328e-01,1.62600384e-01,1.76434180e-02,1.59348377e+02,1.72905496e+01
3.10000000e-01,-4.83425159e-02,2.50918887e-01,8.41056700e-03,-1.96270062e-01,0.00000000e+00,6.53937012e-01,1.63272441e-01,1.74945065e-02,1.60006992e+02,1.71446163e+01
3.12000000e-01,-4.78378907e-02,2.53665001e-01,8.02914271e-03,-1.85116968e-01,0.00000000e+00,4.54681774e-01,1.64105146e-01,1.74623816e-02,1.60823043e+02,1.71131340e+01
3.14000000e-01,-4.73280241e-02,2.56158888e-01,7.67026078e-03,-1.73721429e-01,0.00000000e+00,2.91256057e-01,1.65014496e-01,1.74860772e-02,1.61714206e+02,1.71363556e+01
3.16000000e-01,-4.68134317e-02,2.58387868e-01,7.33443367e-03,-1.62060907e-01,0.00000000e+00,1.63908737e-01,1.66103841e-01,1.75340859e-02,1.62781764e+02,1.71834042e+01
3.18000000e-01,-4.62946543e-02,2.60344328e-01,7.02218631e-03,-1.50146666e-01,0.00000000e+00,7.28337508e-02,1.67155807e-01,1.75677218e-02,1.63812691e+02,1.72163674e+01
3.20000000e-01,-4.57722270e-02,2.62041905e-01,6.73398941e-03,-1.38018844e-01,0.00000000e+00,1.81697943e-02,1.67895631e-01,1.75657433e-02,1.64537718e+02,1.72144284e+01
3.22000000e-01,-4.52465496e-02,2.63645070e-01,6.47017432e-03,-1.25795952e-01,0.00000000e+00,0.00000000e+00,1.65077259e-01,1.73854069e-02,1.61775713e+02,1.70376987e+01
3.24000000e-01,-4.47177680e-02,2.65066424e-01,6.23097427e-03,-1.13320101e-01,0.00000000e+00,0.00000000e+00,1.67833538e-01,1.77499338e-02,1.64476867e+02,1.73949351e+01
3.26000000e-01,-4.41864289e-02,2.66270285e-01,6.01674001e-03,-1.01075055e-01,0.00000000e+00,0.00000000e+00,1.65826964e-01,1.65898327e-02,1.62510425e+02,1.62580361e+01
3.28000000e-01,-4.36528068e-02,2.67294254e-01,5.82661925e-03,-8.89122380e-02,0.00000000e+00,0.00000000e+00,1.67685458e-01,1.73008250e-02,1.64331749e+02,1.69548085e+01
3.30000000e-01,-4.31174394e-02,2.68037049e-01,5.66135264e-03,-7.63570799e-02,0.00000000e+00,0.00000000e+00,1.68030090e-01,1.71721358e-02,1.64669488e+02,1.68286931e+01
3.32000000e-01,-4.25808119e-02,2.68549810e-01,5.52121669e-03,-6.37632905e-02,0.00000000e+00,0.00000000e+00,1.68682382e-01,1.71765842e-02,1.65308735e+02,1.68330525e+01
3.34000000e-01,-4.20434025e-02,2.68819045e-01,5.40636530e-03,-5.10707823e-02,0.00000000e+00,0.00000000e+00,1.69334881e-01,1.72100995e-02,1.65948184e+02,1.68658975e+01
3.36000000e-01,-4.15057002e-02,2.68841576e-01,5.31700739e-03,-3.82675329e-02,0.00000000e+00,0.00000000e+00,1.70058038e-01,1.72761585e-02,1.66656877e+02,1.69306353e+01
3.38000000e-01,-4.09681986e-02,2.68620443e-01,5.25334395e-03,-2.53911155e-02,0.00000000e+00,0.00000000e+00,1.70640169e-01,1.72674776e-02,1.67227365e+02,1.69221281e+01
3.40000000e-01,-4.04313759e-02,2.68163097e-01,5.21545659e-03,-1.24942164e-02,0.00000000e+00,0.00000000e+00,1.71193791e-01,1.72597615e-02,1.67769915e+02,1.69145663e+01
3.42000000e-01,-3.98955814e-02,2.67653018e-01,5.20320867e-03,1.65106110e-04,0.00000000e+00,0.00000000e+00,1.67496372e-01,1.67461068e-02,1.64146445e+02,1.64111847e+01
3.44000000e-01,-3.93608624e-02,2.66995185e-01,5.21616114e-03,1.28905933e-02,0.00000000e+00,0.00000000e+00,1.70278982e-01,1.74119928e-02,1.66873402e+02,1.70637529e+01
3.46000000e-01,-3.88277494e-02,2.66114180e-01,5.25466014e-03,2.54497753e-02,0.00000000e+00,0.00000000e+00,1.68355763e-01,1.64468398e-02,1.64988648e+02,1.61179030e+01
3.48000000e-01,-3.82965045e-02,2.65084911e-01,5.31778056e-03,3.77394393e-02,0.00000000e+00,0.00000000e+00,1.69402834e-01,1.69314579e-02,1.66014777e+02,1.65928288e+01
3.50000000e-01,-3.77675693e-02,2.63816460e-01,5.40571760e-03,5.01786455e-02,0.00000000e+00,0.00000000e+00,1.69621910e-01,1.68812685e-02,1.66229472e+02,1.65436432e+01
3.52000000e-01,-3.72413757e-02,2.62342496e-01,5.51842782e-03,6.25168652e-02,0.00000000e+00,0.00000000e+00,1.69903805e-01,1.68754595e-02,1.66505729e+02,1.65379503e+01
3.54000000e-01,-3.67183343e-02,2.60665942e-01,5.65573320e-03,7.47772987e-02,0.00000000e+00,0.00000000e+00,1.70079479e-01,1.69091371e-02,1.66677889e+02,1.65709544e+01
3.56000000e-01,-3.61988458e-02,2.58788569e-01,5.81748047e-03,8.69529318e-02,0.00000000e+00,0.00000000e+00,1.70348151e-01,1.69235541e-02,1.66941188e+02,1.65850830e+01
3.58000000e-01,-3.56833152e-02,2.56708493e-01,6.00347039e-03,9.90167709e-02,0.00000000e+00,0.00000000e+00,1.70599360e-01,1.69352491e-02,1.67187373e+02,1.65965442e+01
3.60000000e-01,-3.51721429e-02,2.54431797e-01,6.21345374e-03,1.10939901e-01,0.00000000e+00,0.00000000e+00,1.70760627e-01,1.69233034e-02,1.67345415e+02,1.65848373e+01
3.62000000e-01,-3.46655934e-02,2.52147046e-01,6.44688698e-03,1.22348590e-01,0.00000000e+00,0.00000000e+00,1.66643040e-01,1.61841997e-02,1.63310179e+02,1.58605157e+01
3.64000000e-01,-3.41636311e-02,2.49747800e-01,6.70278473e-03,1.33662200e-01,0.00000000e+00,0.00000000e+00,1.69328908e-01,1.70847260e-02,1.65942330e+02,1.67430315e+01
3.66000000e-01,-3.36667379e-02,2.47144980e-01,6.98144516e-03,1.44839930e-01,0.00000000e+00,0.00000000e+00,1.67333126e-01,1.62924480e-02,1.63986463e+02,1.59665990e+01
3.68000000e-01,-3.31751185e-02,2.44441114e-01,7.28184673e-03,1.55571121e-01,0.00000000e+00,0.00000000e+00,1.67665961e-01,1.65722090e-02,1.64312641e+02,1.62407649e+01
3.70000000e-01,-3.26890916e-02,2.41559983e-01,7.60366972e-03,1.66212433e-01,0.00000000e+00,0.00000000e+00,1.67496146e-01,1.65591783e-02,1.64146223e+02,1.62279947e+01
3.72000000e-01,-3.22089811e-02,2.38525133e-01,7.94654656e-03,1.76628917e-01,0.00000000e+00,0.00000000e+00,1.67326382e-01,1.65858542e-02,1.63979854e+02,1.62541372e+01
3.74000000e-01,-3.17350907e-02,2.35340925e-01,8.31002658e-03,1.86807216e-01,0.00000000e+00,0.00000000e+00,1.67104876e-01,1.65743115e-02,1.63762778e+02,1.62428253e+01
3.76000000e-01,-3.12677143e-02,2.32011274e-01,8.69360363e-03,1.96727858e-01,0.00000000e+00,0.00000000e+00,1.66896169e-01,1.65889346e-02,1.63558245e+02,1.62571559e+01
3.78000000e-01,-3.08071427e-02,2.28535952e-01,9.09676324e-03,2.06386370e-01,0.00000000e+00,0.00000000e+00,1.66734996e-01,1.65960797e-02,1.63400296e+02,1.62641581e+01
3.80000000e-01,-3.03536658e-02,2.24917728e-01,9.51896374e-03,2.15766849e-01,0.00000000e+00,0.00000000e+00,1.66518853e-01,1.66046398e-02,1.63188476e+02,1.62725470e+01
3.82000000e-01,-2.99074689e-02,2.21303824e-01,9.95943027e-03,2.24546863e-01,0.00000000e+00,0.00000000e+00,1.62976794e-01,1.59612941e-02,1.59717258e+02,1.56420682e+01
3.84000000e-01,-2.94684931e-02,2.17626055e-01,1.04169746e-02,2.33062012e-01,0.00000000e+00,0.00000000e+00,1.64412899e-01,1.66988732e-02,1.61124641e+02,1.63648957e+01
3.86000000e-01,-2.90370586e-02,2.13807466e-01,1.08915434e-02,2.41374801e-01,0.00000000e+00,0.00000000e+00,1.62729887e-01,1.62110479e-02,1.59475290e+02,1.58868269e+01
3.88000000e-01,-2.86132999e-02,2.09933869e-01,1.13821088e-02,2.49140074e-01,0.00000000e+00,0.00000000e+00,1.62223295e-01,1.62472541e-02,1.58978829e+02,1.59223090e+01
3.90000000e-01,-2.81973932e-02,2.05955102e-01,1.18879003e-02,2.56600274e-01,0.00000000e+00,0.00000000e+00,1.61776130e-01,1.62901924e-02,1.58540607e+02,1.59643886e+01
3.92000000e-01,-2.77895467e-02,2.01875497e-01,1.24082933e-02,2.63735620e-01,0.00000000e+00,0.00000000e+00,1.61233647e-01,1.63058707e-02,1.58008974e+02,1.59797533e+01
3.94000000e-01,-2.73899525e-02,1.97703944e-01,1.29426035e-02,2.70512091e-01,0.00000000e+00,0.00000000e+00,1.60645741e-01,1.62974200e-02,1.57432826e+02,1.59714716e+01
3.96000000e-01,-2.69987895e-02,1.93444618e-01,1.34900926e-02,2.76915086e-01,0.00000000e+00,0.00000000e+00,1.60074183e-01,1.63014327e-02,1.56872699e+02,1.59754040e+01
3.98000000e-01,-2.66162294e-02,1.89102239e-01,1.40500154e-02,2.82945462e-01,0.00000000e+00,0.00000000e+00,1.59445862e-01,1.63126954e-02,1.56256945e+02,1.59864415e+01
4.00000000e-01,-2.62424325e-02,1.84681944e-01,1.46216181e-02,2.88591307e-01,0.00000000e+00,0.00000000e+00,1.58825495e-01,1.63085445e-02,1.55648985e+02,1.59823736e+01
4.02000000e-01,-2.58775030e-02,1.80259703e-01,1.52040009e-02,2.93667679e-01,0.00000000e+00,0.00000000e+00,1.56494193e-01,1.59472258e-02,1.53364310e+02,1.56282812e+01
4.04000000e-01,-2.55213955e-02,1.75834672e-01,1.57959877e-02,2.98292457e-01,0.00000000e+00,0.00000000e+00,1.55965697e-01,1.62044428e-02,1.52846383e+02,1.58803540e+01
4.06000000e-01,-2.51742026e-02,1.71352120e-01,1.63969605e-02,3.02601937e-01,0.00000000e+00,0.00000000e+00,1.54985800e-01,1.61421566e-02,1.51886084e+02,1.58193134e+01
4.08000000e-01,-2.48360069e-02,1.66839781e-01,1.70060698e-02,3.06423028e-01,0.00000000e+00,0.00000000e+00,1.53882571e-01,1.60478765e-02,1.50804920e+02,1.57269190e+01
4.10000000e-01,-2.45068660e-02,1.62293704e-01,1.76223590e-02,3.09803734e-01,0.00000000e+00,0.00000000e+00,1.53068754e-01,1.60967963e-02,1.50007379e+02,1.57748603e+01
4.12000000e-01,-2.41868602e-02,1.57705368e-01,1.82450244e-02,3.12793890e-01,0.00000000e+00,0.00000000e+00,1.52239083e-01,1.61163844e-02,1.49194302e+02,1.57940568e+01
4.14000000e-01,-2.38760667e-02,1.53083731e-01,1.88732537e-02,3.15362847e-01,0.00000000e+00,0.00000000e+00,1.51290960e-01,1.61090917e-02,1.48265141e+02,1.57869099e+01
4.16000000e-01,-2.35745412e-02,1.48438319e-01,1.95061862e-02,3.17497476e-01,0.00000000e+00,0.00000000e+00,1.50314272e-01,1.61080161e-02,1.47307986e+02,1.57858558e+01
4.18000000e-01,-2.32823291e-02,1.43769491e-01,2.01429592e-02,3.19205466e-01,0.00000000e+00,0.00000000e+00,1.49433677e-01,1.61225290e-02,1.46445003e+02,1.58000785e+01
4.20000000e-01,-2.29994778e-02,1.39078741e-01,2.07827187e-02,3.20479428e-01,0.00000000e+00,0.00000000e+00,1.48498399e-01,1.61103798e-02,1.45528431e+02,1.57881722e+01
4.22000000e-01,-2.27260201e-02,1.34378973e-01,2.14245466e-02,3.21258036e-01,0.00000000e+00,0.00000000e+00,1.47392936e-01,1.59993241e-02,1.44445078e+02,1.56793376e+01
4.24000000e-01,-2.24619326e-02,1.29723140e-01,2.20673741e-02,3.21471660e-01,0.00000000e+00,0.00000000e+00,1.45296863e-01,1.58426749e-02,1.42390926e+02,1.55258214e+01
4.26000000e-01,-2.22071149e-02,1.25086270e-01,2.27101763e-02,3.21299871e-01,0.00000000e+00,0.00000000e+00,1.44850795e-01,1.61086865e-02,1.41953779e+02,1.57865128e+01
4.28000000e-01,-2.19615934e-02,1.20440654e-01,2.33523186e-02,3.20745574e-01,0.00000000e+00,0.00000000e+00,1.43477981e-01,1.59573240e-02,1.40608421e+02,1.56381775e+01
4.30000000e-01,-2.17253365e-02,1.15818724e-01,2.39928206e-02,3.19684362e-01,0.00000000e+00,0.00000000e+00,1.42349810e-01,1.59600791e-02,1.39502813e+02,1.56408775e+01
4.32000000e-01,-2.14983067e-02,1.11214480e-01,2.46307731e-02,3.18198790e-01,0.00000000e+00,0.00000000e+00,1.41192597e-01,1.59785288e-02,1.38368745e+02,1.56589582e+01
4.34000000e-01,-2.12804639e-02,1.06632184e-01,2.52653352e-02,3.16292462e-01,0.00000000e+00,0.00000000e+00,1.40039928e-01,1.59841802e-02,1.37239130e+02,1.56644966e+01
4.36000000e-01,-2.10717623e-02,1.02073362e-01,2.58956600e-02,3.13961881e-01,0.00000000e+00,0.00000000e+00,1.38921752e-01,1.59894049e-02,1.36143317e+02,1.56696168e+01
4.38000000e-01,-2.08721530e-02,9.75407985e-02,2.65208990e-02,3.11205668e-01,0.00000000e+00,0.00000000e+00,1.37778349e-01,1.59850751e-02,1.35022782e+02,1.56653736e+01
4.40000000e-01,-2.06815794e-02,9.30378935e-02,2.71402022e-02,3.08028666e-01,0.00000000e+00,0.00000000e+00,1.36654615e-01,1.59921544e-02,1.33921522e+02,1.56723113e+01
4.42000000e-01,-2.05000115e-02,8.85199236e-02,2.77527258e-02,3.04419977e-01,0.00000000e+00,0.00000000e+00,1.36629787e-01,1.59554395e-02,1.33897192e+02,1.56363307e+01
4.44000000e-01,-2.03274539e-02,8.40705691e-02,2.83574913e-02,3.00225161e-01,0.00000000e+00,0.00000000e+00,1.33624328e-01,1.56274862e-02,1.30951841e+02,1.53149364e+01
4.46000000e-01,-2.01636815e-02,7.96927675e-02,2.89534186e-02,2.95718629e-01,0.00000000e+00,0.00000000e+00,1.33603036e-01,1.61543185e-02,1.30930975e+02,1.58312321e+01
4.48000000e-01,-2.00086731e-02,7.53295481e-02,2.95401992e-02,2.90962328e-01,0.00000000e+00,0.00000000e+00,1.32000342e-01,1.59433811e-02,1.29360335e+02,1.56245135e+01
4.50000000e-01,-1.98623142e-02,7.10399820e-02,3.01169266e-02,2.85694039e-01,0.00000000e+00,0.00000000e+00,1.30669632e-01,1.59056693e-02,1.28056239e+02,1.55875559e+01
4.52000000e-01,-1.97244735e-02,6.68100247e-02,3.06827093e-02,2.80026596e-01,0.00000000e+00,0.00000000e+00,1.29464911e-01,1.59161073e-02,1.26875613e+02,1.55977852e+01
4.54000000e-01,-1.95950363e-02,6.26367335e-02,3.12367932e-02,2.73999512e-01,0.00000000e+00,0.00000000e+00,1.28271792e-01,1.59447664e-02,1.25706356e+02,1.56258711e+01
4.56000000e-01,-1.94738863e-02,5.85237640e-02,3.17784712e-02,2.67618345e-01,0.00000000e+00,0.00000000e+00,1.27049544e-01,1.59492925e-02,1.24508553e+02,1.56303066e+01
4.58000000e-01,-1.93608978e-02,5.44759231e-02,3.23070267e-02,2.60877491e-01,0.00000000e+00,0.00000000e+00,1.25810985e-01,1.59475893e-02,1.23294765e+02,1.56286375e+01
4.60000000e-01,-1.92559370e-02,5.04965553e-02,3.28217477e-02,2.53786442e-01,0.00000000e+00,0.00000000e+00,1.24576399e-01,1.59524202e-02,1.22084871e+02,1.56333718e+01
4.62000000e-01,-1.91589112e-02,4.65177907e-02,3.33218850e-02,2.46264260e-01,0.00000000e+00,0.00000000e+00,1.24988646e-01,1.57601568e-02,1.22488873e+02,1.54449537e+01
4.64000000e-01,-1.90698250e-02,4.26001618e-02,3.38064888e-02,2.38268217e-01,0.00000000e+00,0.00000000e+00,1.22404469e-01,1.56533098e-02,1.19956380e+02,1.53402436e+01
4.66000000e-01,-1.89884608e-02,3.87571085e-02,3.42748947e-02,2.30177403e-01,0.00000000e+00,0.00000000e+00,1.22566156e-01,1.62337034e-02,1.20114833e+02,1.59090294e+01
4.68000000e-01,-1.89147714e-02,3.49518494e-02,3.47270948e-02,2.21931259e-01,0.00000000e+00,0.00000000e+00,1.20904160e-01,1.59766006e-02,1.18486076e+02,1.56570686e+01
4.70000000e-01,-1.88485857e-02,3.12482573e-02,3.51623304e-02,2.13251075e-01,0.00000000e+00,0.00000000e+00,1.19635002e-01,1.59479389e-02,1.17242302e+02,1.56289801e+01
4.72000000e-01,-1.87897232e-02,2.76274263e-02,3.55799082e-02,2.04284588e-01,0.00000000e+00,0.00000000e+00,1.18474910e-01,1.59758329e-02,1.16105411e+02,1.56563162e+01
4.74000000e-01,-1.87380254e-02,2.40823891e-02,3.59793075e-02,1.95076298e-01,0.00000000e+00,0.00000000e+00,1.17427358e-01,1.60147060e-02,1.15078811e+02,1.56944119e+01
4.76000000e-01,-1.86933392e-02,2.06190250e-02,3.63600542e-02,1.85629167e-01,0.00000000e+00,0.00000000e+00,1.16187445e-01,1.60222706e-02,1.13863697e+02,1.57018252e+01
4.78000000e-01,-1.86554894e-02,1.72455517e-02,3.67216595e-02,1.75935097e-01,0.00000000e+00,0.00000000e+00,1.15004040e-01,1.60168974e-02,1.12703959e+02,1.56965595e+01
4.80000000e-01,-1.86242970e-02,1.39619782e-02,3.70636379e-02,1.66006089e-01,0.00000000e+00,0.00000000e+00,1.13818629e-01,1.60217139e-02,1.11542256e+02,1.57012797e+01
4.82000000e-01,-1.85996479e-02,1.06687074e-02,3.73854442e-02,1.55717676e-01,0.00000000e+00,0.00000000e+00,1.15016056e-01,1.57263955e-02,1.12715735e+02,1.54118676e+01
4.84000000e-01,-1.85815991e-02,7.41004162e-03,3.76863121e-02,1.45134528e-01,0.00000000e+00,0.00000000e+00,1.12849243e-01,1.58371893e-02,1.10592258e+02,1.55204455e+01
4.86000000e-01,-1.85699558e-02,4.22929542e-03,3.79660764e-02,1.34692383e-01,0.00000000e+00,0.00000000e+00,1.13087268e-01,1.64263110e-02,1.10825522e+02,1.60977848e+01
4.88000000e-01,-1.85646447e-02,1.10449724e-03,3.82250520e-02,1.24205813e-01,0.00000000e+00,0.00000000e+00,1.11485683e-01,1.61181554e-02,1.09255969e+02,1.57957922e+01
4.90000000e-01,-1.85654594e-02,-1.90269763e-03,3.84626675e-02,1.13371101e-01,0.00000000e+00,0.00000000e+00,1.10333499e-01,1.60394184e-02,1.08126829e+02,1.57186300e+01
4.92000000e-01,-1.85721966e-02,-4.82159568e-03,3.86784419e-02,1.02394574e-01,0.00000000e+00,0.00000000e+00,1.09465452e-01,1.61332103e-02,1.07276143e+02,1.58105461e+01
4.94000000e-01,-1.85846936e-02,-7.66214833e-03,3.88721966e-02,9.13441712e-02,0.00000000e+00,0.00000000e+00,1.08593143e-01,1.61656496e-02,1.06421281e+02,1.58423366e+01
4.96000000e-01,-1.86027882e-02,-1.04172135e-02,3.90437544e-02,8.01975443e-02,0.00000000e+00,0.00000000e+00,1.07604240e-01,1.61808614e-02,1.05452155e+02,1.58572442e+01
4.98000000e-01,-1.86263011e-02,-1.30802789e-02,3.91929245e-02,6.89575306e-02,0.00000000e+00,0.00000000e+00,1.06624361e-01,1.61873124e-02,1.04491874e+02,1.58635661e+01
5.00000000e-01,-1.86550466e-02,-1.56493151e-02,3.93195284e-02,5.76332933e-02,0.00000000e+00,0.00000000e+00,1.05631135e-01,1.61895556e-02,1.03518512e+02,1.58657645e+01
5.02000000e-01,-1.86889224e-02,-1.82544534e-02,3.94233207e-02,4.61037128e-02,0.00000000e+00,0.00000000e+00,1.07733990e-01,1.59092548e-02,1.05579310e+02,1.55910697e+01
5.04000000e-01,-1.87280684e-02,-2.08655266e-02,3.95038947e-02,3.45013695e-02,0.00000000e+00,0.00000000e+00,1.06078612e-01,1.61566804e-02,1.03957039e+02,1.58335468e+01
5.06000000e-01,-1.87723357e-02,-2.34033292e-02,3.95615418e-02,2.32223149e-02,0.00000000e+00,0.00000000e+00,1.06372865e-01,1.66748261e-02,1.04245408e+02,1.63413295e+01
5.08000000e-01,-1.88216392e-02,-2.58774135e-02,3.95968136e-02,1.19877317e-02,0.00000000e+00,0.00000000e+00,1.04981971e-01,1.63049747e-02,1.02882331e+02,1.59788752e+01
5.10000000e-01,-1.88757702e-02,-2.82388177e-02,3.96093534e-02,5.44272801e-04,0.00000000e+00,0.00000000e+00,1.04172016e-01,1.62589772e-02,1.02088575e+02,1.59337977e+01
5.12000000e-01,-1.89345408e-02,-3.05196728e-02,3.95990022e-02,-1.08819425e-02,0.00000000e+00,0.00000000e+00,1.03570155e-01,1.63310509e-02,1.01498752e+02,1.60044299e+01
5.14000000e-01,-1.89977992e-02,-3.27259281e-02,3.95658752e-02,-2.22338877e-02,0.00000000e+00,0.00000000e+00,1.02936152e-01,1.63721840e-02,1.00877429e+02,1.60447404e+01
5.16000000e-01,-1.90653894e-02,-3.48495715e-02,3.95100980e-02,-3.35388366e-02,0.00000000e+00,0.00000000e+00,1.02182763e-01,1.63546304e-02,1.00139108e+02,1.60275378e+01
5.18000000e-01,-1.91371430e-02,-3.68915521e-02,3.94317635e-02,-4.47782446e-02,0.00000000e+00,0.00000000e+00,1.01605267e-01,1.64024429e-02,9.95731613e+01,1.60743940e+01
5.20000000e-01,-1.92129023e-02,-3.88536005e-02,3.93310425e-02,-5.59313575e-02,0.00000000e+00,0.00000000e+00,1.00925339e-01,1.63964337e-02,9.89068323e+01,1.60685051e+01
5.22000000e-01,-1.92926018e-02,-4.08822886e-02,3.92080222e-02,-6.71082293e-02,0.00000000e+00,0.00000000e+00,1.03804935e-01,1.61813837e-02,1.01728837e+02,1.58577560e+01
5.24000000e-01,-1.93764549e-02,-4.29461052e-02,3.90626865e-02,-7.81698887e-02,0.00000000e+00,0.00000000e+00,1.02422187e-01,1.64351807e-02,1.00373744e+02,1.61064771e+01
5.26000000e-01,-1.94643416e-02,-4.49429924e-02,3.88956414e-02,-8.87835075e-02,0.00000000e+00,0.00000000e+00,1.02950277e-01,1.68875553e-02,1.00891272e+02,1.65498042e+01
5.28000000e-01,-1.95561945e-02,-4.68914003e-02,3.87076777e-02,-9.92092342e-02,0.00000000e+00,0.00000000e+00,1.02031145e-01,1.65652905e-02,9.99905221e+01,1.62339847e+01
5.30000000e-01,-1.96518486e-02,-4.87519203e-02,3.84987907e-02,-1.09655707e-01,0.00000000e+00,0.00000000e+00,1.01669782e-01,1.65498725e-02,9.96363863e+01,1.62188750e+01
5.32000000e-01,-1.97511595e-02,-5.05482980e-02,3.82691664e-02,-1.19934895e-01,0.00000000e+00,0.00000000e+00,1.01335634e-01,1.65925960e-02,9.93089217e+01,1.62607440e+01
5.34000000e-01,-1.98540036e-02,-5.22872628e-02,3.80191930e-02,-1.30001173e-01,0.00000000e+00,0.00000000e+00,1.01160604e-01,1.66437880e-02,9.91373923e+01,1.63109123e+01
5.36000000e-01,-1.99602694e-02,-5.39674984e-02,3.77492954e-02,-1.39866960e-01,0.00000000e+00,0.00000000e+00,1.00823866e-01,1.66319007e-02,9.88073882e+01,1.62992627e+01
5.38000000e-01,-2.00698325e-02,-5.55861760e-02,3.74598625e-02,-1.49526819e-01,0.00000000e+00,0.00000000e+00,1.00609902e-01,1.66665121e-02,9.85977041e+01,1.63331819e+01
5.40000000e-01,-2.01825699e-02,-5.71386227e-02,3.71513268e-02,-1.58978677e-01,0.00000000e+00,0.00000000e+00,1.00190142e-01,1.66316019e-02,9.81863390e+01,1.62989699e+01
5.42000000e-01,-2.02984558e-02,-5.87941776e-02,3.68240762e-02,-1.68237994e-01,0.00000000e+00,0.00000000e+00,1.03958709e-01,1.66069477e-02,1.01879535e+02,1.62748088e+01
5.44000000e-01,-2.04177856e-02,-6.05082538e-02,3.64785425e-02,-1.77245783e-01,0.00000000e+00,0.00000000e+00,1.02524642e-01,1.66696365e-02,1.00474149e+02,1.63362438e+01
5.46000000e-01,-2.05404500e-02,-6.21642298e-02,3.61154283e-02,-1.85750783e-01,0.00000000e+00,0.00000000e+00,1.03595680e-01,1.71470858e-02,1.01523766e+02,1.68041441e+01
5.48000000e-01,-2.06664288e-02,-6.37995970e-02,3.57357736e-02,-1.93904464e-01,0.00000000e+00,0.00000000e+00,1.03064730e-01,1.68680226e-02,1.01003435e+02,1.65306621e+01
5.50000000e-01,-2.07956040e-02,-6.53683082e-02,3.53398841e-02,-2.01947699e-01,0.00000000e+00,0.00000000e+00,1.03086164e-01,1.68166515e-02,1.01024441e+02,1.64803185e+01
5.52000000e-01,-2.09278752e-02,-6.68967791e-02,3.49281630e-02,-2.09720730e-01,0.00000000e+00,0.00000000e+00,1.03197923e-01,1.68502043e-02,1.01133964e+02,1.65132002e+01
5.54000000e-01,-2.10631712e-02,-6.83953427e-02,3.45012299e-02,-2.17150594e-01,0.00000000e+00,0.00000000e+00,1.03485636e-01,1.69301119e-02,1.01415923e+02,1.65915096e+01
5.56000000e-01,-2.12014353e-02,-6.98620262e-02,3.40597831e-02,-2.24246788e-01,0.00000000e+00,0.00000000e+00,1.03575640e-01,1.69228568e-02,1.01504127e+02,1.65843997e+01
5.58000000e-01,-2.13425904e-02,-7.12854340e-02,3.36044519e-02,-2.31029281e-01,0.00000000e+00,0.00000000e+00,1.03620844e-01,1.69408885e-02,1.01548427e+02,1.66020707e+01
5.60000000e-01,-2.14865509e-02,-7.26695614e-02,3.31358828e-02,-2.37486538e-01,0.00000000e+00,0.00000000e+00,1.03827279e-01,1.69387994e-02,1.01750733e+02,1.66000234e+01
5.62000000e-01,-2.16333673e-02,-7.42016904e-02,3.26547871e-02,-2.43521866e-01,0.00000000e+00,0.00000000e+00,1.08271718e-01,1.71417392e-02,1.06106284e+02,1.67989044e+01
5.64000000e-01,-2.17833961e-02,-7.57915804e-02,3.21619908e-02,-2.49263962e-01,0.00000000e+00,0.00000000e+00,1.06395090e-01,1.68526460e-02,1.04267188e+02,1.65155931e+01
5.66000000e-01,-2.19364901e-02,-7.73161087e-02,3.16580306e-02,-2.54557136e-01,0.00000000e+00,0.00000000e+00,1.07987969e-01,1.73663007e-02,1.05828210e+02,1.70189747e+01
5.68000000e-01,-2.20926709e-02,-7.88561230e-02,3.11440928e-02,-2.59354523e-01,0.00000000e+00,0.00000000e+00,1.08025582e-01,1.71610763e-02,1.05865070e+02,1.68178547e+01
5.70000000e-01,-2.22518899e-02,-8.03591550e-02,3.06207629e-02,-2.63926304e-01,0.00000000e+00,0.00000000e+00,1.08417387e-01,1.70941201e-02,1.06249039e+02,1.67522377e+01
5.72000000e-01,-2.24140963e-02,-8.18454012e-02,3.00886173e-02,-2.68153611e-01,0.00000000e+00,0.00000000e+00,1.08951402e-01,1.71256723e-02,1.06772374e+02,1.67831589e+01
5.74000000e-01,-2.25792649e-02,-8.33217773e-02,2.95484138e-02,-2.71983033e-01,0.00000000e+00,0.00000000e+00,1.09529033e-01,1.71591512e-02,1.07338453e+02,1.68159681e+01
5.76000000e-01,-2.27473748e-02,-8.47851758e-02,2.90009464e-02,-2.75420707e-01,0.00000000e+00,0.00000000e+00,1.10014490e-01,1.71672851e-02,1.07814201e+02,1.68239394e+01
5.78000000e-01,-2.29183945e-02,-8.62318639e-02,2.84469829e-02,-2.78480497e-01,0.00000000e+00,0.00000000e+00,1.10528720e-01,1.71622287e-02,1.08318145e+02,1.68189841e+01
5.80000000e-01,-2.30922923e-02,-8.76636216e-02,2.78872821e-02,-2.81153716e-01,0.00000000e+00,0.00000000e+00,1.11079326e-01,1.71802440e-02,1.08857740e+02,1.68366392e+01
5.82000000e-01,-2.32691604e-02,-8.92624282e-02,2.73227783e-02,-2.83211625e-01,0.00000000e+00,0.00000000e+00,1.15869741e-01,1.76482262e-02,1.13552347e+02,1.72952617e+01
5.84000000e-01,-2.34493743e-02,-9.09097443e-02,2.67546259e-02,-2.84984151e-01,0.00000000e+00,0.00000000e+00,1.13677106e-01,1.69683252e-02,1.11403564e+02,1.66289587e+01
5.86000000e-01,-2.36327729e-02,-9.25173783e-02,2.61831598e-02,-2.86279607e-01,-5.36936748e-02,0.00000000e+00,1.16433159e-01,1.78338272e-02,1.14104496e+02,1.74771507e+01
5.88000000e-01,-2.38195081e-02,-9.42213953e-02,2.56100427e-02,-2.86772239e-01,-1.28894900e-01,0.00000000e+00,1.17446751e-01,1.78349418e-02,1.15097816e+02,1.74782430e+01
5.90000000e-01,-2.40096712e-02,-9.59444953e-02,2.50363422e-02,-2.86857848e-01,-2.04096125e-01,0.00000000e+00,1.18424410e-01,1.78686603e-02,1.16055922e+02,1.75112871e+01
5.92000000e-01,-2.42033069e-02,-9.76987795e-02,2.44629341e-02,-2.86459297e-01,-2.79297350e-01,0.00000000e+00,1.19749011e-01,1.80319173e-02,1.17354030e+02,1.76712789e+01
5.94000000e-01,-2.44004976e-02,-9.95000289e-02,2.38908766e-02,-2.85503374e-01,-3.54498576e-01,0.00000000e+00,1.21124263e-01,1.82210065e-02,1.18701778e+02,1.78565864e+01
5.96000000e-01,-2.46013383e-02,-1.01348173e-01,2.33212859e-02,-2.83999563e-01,-4.29699801e-01,0.00000000e+00,1.22476829e-01,1.83676555e-02,1.20027293e+02,1.80003024e+01
5.98000000e-01,-2.48059206e-02,-1.03241807e-01,2.27552249e-02,-2.81976079e-01,-5.04901026e-01,0.00000000e+00,1.23849575e-01,1.85023514e-02,1.21372583e+02,1.81323043e+01
6.00000000e-01,-2.50143347e-02,-1.05179256e-01,2.21937244e-02,-2.79438535e-01,-5.80102251e-01,0.00000000e+00,1.25194150e-01,1.86435245e-02,1.22690267e+02,1.82706541e+01
6.02000000e-01,-2.52267696e-02,-1.07314551e-01,2.16379925e-02,-2.76118508e-01,-6.55303476e-01,0.00000000e+00,1.30198395e-01,1.93495980e-02,1.27594427e+02,1.89626061e+01
6.04000000e-01,-2.54436426e-02,-1.09524398e-01,2.10895159e-02,-2.72400207e-01,-7.30504702e-01,0.00000000e+00,1.28697471e-01,1.86944275e-02,1.26123522e+02,1.83205390e+01
6.06000000e-01,-2.56648521e-02,-1.11711719e-01,2.05486397e-02,-2.68309826e-01,-8.05705927e-01,0.00000000e+00,1.31468994e-01,1.93563155e-02,1.28839614e+02,1.89691892e+01
6.08000000e-01,-2.58905564e-02,-1.13999470e-01,2.00167350e-02,-2.63531878e-01,-8.80907152e-01,0.00000000e+00,1.32877425e-01,1.93758416e-02,1.30219877e+02,1.89883248e+01
6.10000000e-01,-2.61208753e-02,-1.16325130e-01,1.94947744e-02,-2.58360779e-01,-9.56108377e-01,0.00000000e+00,1.34225502e-01,1.94337995e-02,1.31540992e+02,1.90451235e+01
6.12000000e-01,-2.63558901e-02,-1.18700559e-01,1.89835937e-02,-2.52736979e-01,-1.03130960e+00,0.00000000e+00,1.35949244e-01,1.95935398e-02,1.33230259e+02,1.92016690e+01
6.14000000e-01,-2.65957176e-02,-1.21136090e-01,1.84841600e-02,-2.46612939e-01,-1.10651083e+00,0.00000000e+00,1.37577803e-01,1.97678653e-02,1.34826247e+02,1.93725080e+01
6.16000000e-01,-2.68404718e-02,-1.23627627e-01,1.79974609e-02,-2.40010492e-01,-1.18171205e+00,0.00000000e+00,1.39245821e-01,1.98997658e-02,1.36460905e+02,1.95017705e+01
6.18000000e-01,-2.70902654e-02,-1.26175158e-01,1.75244203e-02,-2.32954584e-01,-1.25691328e+00,0.00000000e+00,1.40914988e-01,2.00410609e-02,1.38096688e+02,1.96402396e+01
6.20000000e-01,-2.73452080e-02,-1.28776015e-01,1.70659354e-02,-2.25459451e-01,-1.33211450e+00,0.00000000e+00,1.42562501e-01,2.01636896e-02,1.39711251e+02,1.97604158e+01
6.22000000e-01,-2.76054723e-02,-1.31531028e-01,1.66230122e-02,-2.17319947e-01,-1.40731573e+00,0.00000000e+00,1.46630732e-01,2.07575870e-02,1.43698117e+02,2.03424352e+01
6.24000000e-01,-2.78713613e-02,-1.34329767e-01,1.61968665e-02,-2.08864214e-01,-1.48251695e+00,0.00000000e+00,1.45743257e-01,2.02152064e-02,1.42828391e+02,1.98109022e+01
6.26000000e-01,-2.81427756e-02,-1.37104867e-01,1.57877237e-02,-2.00155929e-01,-1.55771818e+00,0.00000000e+00,1.48282719e-01,2.06997013e-02,1.45317065e+02,2.02857072e+01
6.28000000e-01,-2.84198278e-02,-1.39950583e-01,1.53965680e-02,-1.90959806e-01,-1.63291940e+00,0.00000000e+00,1.49643421e-01,2.06766479e-02,1.46650553e+02,2.02631150e+01
6.30000000e-01,-2.87025987e-02,-1.42827454e-01,1.50240806e-02,-1.81469582e-01,-1.70812063e+00,0.00000000e+00,1.51307362e-01,2.07810453e-02,1.48281215e+02,2.03654244e+01
6.32000000e-01,-2.89911680e-02,-1.45749866e-01,1.46709304e-02,-1.71618380e-01,-1.78332185e+00,0.00000000e+00,1.53051345e-01,2.09258449e-02,1.49990318e+02,2.05073280e+01
6.34000000e-01,-2.92856317e-02,-1.48722606e-01,1.43378522e-02,-1.61399479e-01,-1.85852308e+00,0.00000000e+00,1.54875110e-01,2.10728728e-02,1.51777608e+02,2.06514154e+01
6.36000000e-01,-2.95860873e-02,-1.51738633e-01,1.40255496e-02,-1.50854934e-01,-1.93372430e+00,0.00000000e+00,1.56503229e-01,2.11589426e-02,1.53373164e+02,2.07357637e+01
6.38000000e-01,-2.98926107e-02,-1.54791393e-01,1.37346359e-02,-1.40005274e-01,-2.00892553e+00,0.00000000e+00,1.58223270e-01,2.12933110e-02,1.55058805e+02,2.08674447e+01
6.40000000e-01,-3.02052773e-02,-1.57880748e-01,1.34657338e-02,-1.28847675e-01,-2.08412675e+00,0.00000000e+00,1.59898163e-01,2.14166269e-02,1.56700200e+02,2.09882944e+01
6.42000000e-01,-3.05241717e-02,-1.61027064e-01,1.32194433e-02,-1.17393007e-01,-2.15932798e+00,0.00000000e+00,1.62144719e-01,2.15603614e-02,1.58901824e+02,2.11291541e+01
6.44000000e-01,-3.08493822e-02,-1.64168422e-01,1.29962860e-02,-1.05751997e-01,-2.23452921e+00,0.00000000e+00,1.62424215e-01,2.14842173e-02,1.59175731e+02,2.10545329e+01
6.46000000e-01,-3.11808313e-02,-1.67288665e-01,1.27965749e-02,-9.39016702e-02,-2.30973043e+00,0.00000000e+00,1.64344295e-01,2.17096019e-02,1.61057409e+02,2.12754099e+01
6.48000000e-01,-3.15185537e-02,-1.70434134e-01,1.26208377e-02,-8.18138714e-02,-2.38493166e+00,0.00000000e+00,1.65757792e-01,2.17266931e-02,1.62442636e+02,2.12921593e+01
6.50000000e-01,-3.18625776e-02,-1.73594282e-01,1.24694429e-02,-6.95408086e-02,-2.46013288e+00,0.00000000e+00,1.67482766e-01,2.18772000e-02,1.64133111e+02,2.14396560e+01
6.52000000e-01,-3.22129432e-02,-1.76772914e-01,1.23428208e-02,-5.70482500e-02,-2.53533411e+00,0.00000000e+00,1.69036867e-01,2.20014408e-02,1.65656130e+02,2.15614120e+01
6.54000000e-01,-3.25696775e-02,-1.79963879e-01,1.22413745e-02,-4.43688869e-02,-2.61053533e+00,0.00000000e+00,1.70670069e-01,2.21192165e-02,1.67256667e+02,2.16768321e+01
6.56000000e-01,-3.29328066e-02,-1.83166683e-01,1.21654537e-02,-3.15268676e-02,-2.68573656e+00,0.00000000e+00,1.72264758e-01,2.22291665e-02,1.68819463e+02,2.17845832e+01
6.58000000e-01,-3.33023474e-02,-1.86374164e-01,1.21153548e-02,-1.85531878e-02,-2.76093778e+00,0.00000000e+00,1.73782932e-01,2.23187145e-02,1.70307274e+02,2.18723402e+01
6.60000000e-01,-3.36783050e-02,-1.89584283e-01,1.20913262e-02,-5.45166473e-03,-2.83613901e+00,0.00000000e+00,1.75382344e-01,2.24578454e-02,1.71874697e+02,2.20086885e+01
6.62000000e-01,-3.40606410e-02,-1.92729119e-01,1.20934523e-02,7.50618962e-03,-2.91134023e+00,0.00000000e+00,1.75365631e-01,2.20148728e-02,1.71858319e+02,2.15745754e+01
6.64000000e-01,-3.44491676e-02,-1.95793244e-01,1.21213268e-02,2.04278517e-02,-2.98654146e+00,0.00000000e+00,1.76655459e-01,2.24164486e-02,1.73122350e+02,2.19681196e+01
6.66000000e-01,-3.48437807e-02,-1.98807530e-01,1.21752210e-02,3.34353953e-02,-3.06174268e+00,0.00000000e+00,1.77409985e-01,2.22668082e-02,1.73861786e+02,2.18214720e+01
6.68000000e-01,-3.52443472e-02,-2.01745983e-01,1.22549478e-02,4.62620100e-02,-3.13694391e+00,0.00000000e+00,1.78141359e-01,2.21453267e-02,1.74578532e+02,2.17024201e+01
6.70000000e-01,-3.56507234e-02,-2.04622512e-01,1.23602035e-02,5.89904137e-02,-3.21214513e+00,0.00000000e+00,1.79268548e-01,2.22058317e-02,1.75683177e+02,2.17617151e+01
6.72000000e-01,-3.60627953e-02,-2.07436180e-01,1.24908280e-02,7.15967814e-02,-3.28734636e+00,0.00000000e+00,1.80024775e-01,2.20706187e-02,1.76424279e+02,2.16292064e+01
6.74000000e-01,-3.64804184e-02,-2.10175290e-01,1.26464669e-02,8.40175394e-02,-3.36254758e+00,0.00000000e+00,1.80924286e-01,2.20334983e-02,1.77305800e+02,2.15928284e+01
6.76000000e-01,-3.69034499e-02,-2.12844499e-01,1.28267990e-02,9.62894527e-02,-3.43774881e+00,0.00000000e+00,1.81833728e-01,2.20107915e-02,1.78197053e+02,2.15705757e+01
6.78000000e-01,-3.73317506e-02,-2.15444987e-01,1.30315235e-02,1.08409517e-01,-3.51295003e+00,0.00000000e+00,1.82804154e-01,2.20022724e-02,1.79148071e+02,2.15622270e+01
6.80000000e-01,-3.77651842e-02,-2.17977033e-01,1.32603310e-02,1.20370545e-01,-3.58815126e+00,0.00000000e+00,1.83762246e-01,2.19989493e-02,1.80087001e+02,2.15589704e+01
6.82000000e-01,-3.82035098e-02,-2.20285761e-01,1.35125592e-02,1.31662015e-01,-3.66335248e+00,0.00000000e+00,1.81154317e-01,2.09525078e-02,1.77531231e+02,2.05334577e+01
6.84000000e-01,-3.86462440e-02,-2.22469667e-01,1.37869301e-02,1.42879971e-01,-3.73855371e+00,0.00000000e+00,1.84450806e-01,2.22320913e-02,1.80761790e+02,2.17874495e+01
6.86000000e-01,-3.90933717e-02,-2.24628503e-01,1.40842282e-02,1.54321527e-01,-3.81375493e+00,0.00000000e+00,1.84209582e-01,2.18418473e-02,1.80525390e+02,2.14050104e+01
6.88000000e-01,-3.95446657e-02,-2.26648778e-01,1.44039424e-02,1.65352505e-01,-3.88895616e+00,0.00000000e+00,1.84888710e-01,2.18225043e-02,1.81190936e+02,2.13860542e+01
6.90000000e-01,-3.99999125e-02,-2.28587537e-01,1.47455541e-02,1.76257300e-01,-3.96415738e+00,0.00000000e+00,1.86013148e-01,2.20605509e-02,1.82292885e+02,2.16193399e+01
6.92000000e-01,-4.04589602e-02,-2.30442839e-01,1.51088639e-02,1.87000530e-01,-4.03935861e+00,0.00000000e+00,1.86678194e-01,2.19979908e-02,1.82944630e+02,2.15580309e+01
6.94000000e-01,-4.09216156e-02,-2.32195766e-01,1.54933835e-02,1.97484764e-01,-4.11455984e+00,0.00000000e+00,1.87390491e-01,2.20619361e-02,1.83642682e+02,2.16206974e+01
6.96000000e-01,-4.13876812e-02,-2.33855607e-01,1.58986744e-02,2.07776226e-01,-4.18976106e+00,0.00000000e+00,1.88300789e-01,2.21681360e-02,1.84534774e+02,2.17247732e+01
6.98000000e-01,-4.18569851e-02,-2.35436092e-01,1.63243883e-02,2.17917517e-01,-4.26496229e+00,0.00000000e+00,1.89360720e-01,2.23507422e-02,1.85573506e+02,2.19037273e+01
7.00000000e-01,-4.23293637e-02,-2.36923789e-01,1.67701992e-02,2.27840902e-01,-4.34016351e+00,0.00000000e+00,1.89982584e-01,2.23435539e-02,1.86182933e+02,2.18966828e+01
7.02000000e-01,-4.28044391e-02,-2.38049744e-01,1.72349980e-02,2.36633603e-01,-4.41536474e+00,0.00000000e+00,1.84780915e-01,2.06377106e-02,1.81085297e+02,2.02249564e+01
7.04000000e-01,-4.32814546e-02,-2.39013559e-01,1.77166195e-02,2.45255124e-01,-4.49056596e+00,0.00000000e+00,1.90084055e-01,2.26688673e-02,1.86282374e+02,2.22154899e+01
7.06000000e-01,-4.37604988e-02,-2.39985563e-01,1.82162247e-02,2.54185960e-01,-4.56576719e+00,0.00000000e+00,1.88878703e-01,2.19969716e-02,1.85101129e+02,2.15570321e+01
7.08000000e-01,-4.42412614e-02,-2.40754505e-01,1.87329408e-02,2.62482966e-01,-4.64096841e+00,0.00000000e+00,1.89260406e-01,2.20732196e-02,1.85475198e+02,2.16317552e+01
7.10000000e-01,-4.47234417e-02,-2.41410737e-01,1.92660237e-02,2.70580677e-01,-4.71616964e+00,0.00000000e+00,1.90178374e-01,2.23368841e-02,1.86374806e+02,2.18901464e+01
7.12000000e-01,-4.52068317e-02,-2.41957993e-01,1.98151014e-02,2.78435213e-01,-4.79137086e+00,0.00000000e+00,1.90657655e-01,2.23439598e-02,1.86844502e+02,2.18970806e+01
7.14000000e-01,-4.56911860e-02,-2.42373818e-01,2.03795151e-02,2.85915719e-01,-4.86657209e+00,0.00000000e+00,1.91059293e-01,2.23550213e-02,1.87238107e+02,2.19079209e+01
7.16000000e-01,-4.61762382e-02,-2.42656496e-01,2.09585376e-02,2.93056365e-01,-4.94177331e+00,0.00000000e+00,1.91504744e-01,2.24548344e-02,1.87674649e+02,2.20057377e+01
7.18000000e-01,-4.66617271e-02,-2.42811748e-01,2.15515462e-02,2.99905418e-01,-5.01697454e+00,0.00000000e+00,1.92044133e-01,2.25873062e-02,1.88203250e+02,2.21355600e+01
7.20000000e-01,-4.71473992e-02,-2.42837968e-01,2.21579321e-02,3.06413646e-01,-5.09217576e+00,0.00000000e+00,1.92454080e-01,2.26030249e-02,1.88604998e+02,2.21509644e+01
7.22000000e-01,-4.76327476e-02,-2.42367263e-01,2.27761857e-02,3.11399487e-01,-5.16737699e+00,0.00000000e+00,1.84395683e-01,2.02728185e-02,1.80707770e+02,1.98673621e+01
7.24000000e-01,-4.81167447e-02,-2.41711297e-01,2.34034224e-02,3.16223830e-01,-5.24257821e+00,0.00000000e+00,1.92079028e-01,2.31582814e-02,1.88237448e+02,2.26951158e+01
7.26000000e-01,-4.85996366e-02,-2.41120977e-01,2.40414276e-02,3.21568019e-01,-5.31777944e+00,0.00000000e+00,1.89873807e-01,2.22731423e-02,1.86076331e+02,2.18276795e+01
7.28000000e-01,-4.90810573e-02,-2.40273636e-01,2.46891477e-02,3.26092073e-01,-5.39298066e+00,0.00000000e+00,1.90006442e-01,2.23602616e-02,1.86206313e+02,2.19130564e+01
7.30000000e-01,-4.95606394e-02,-2.39288795e-01,2.53456034e-02,3.30327402e-01,-5.46818189e+00,0.00000000e+00,1.90579686e-01,2.26031584e-02,1.86768093e+02,2.21510952e+01
7.32000000e-01,-5.00380995e-02,-2.38134532e-01,2.60101700e-02,3.34131895e-01,-5.54338311e+00,0.00000000e+00,1.89949687e-01,2.24037186e-02,1.86150693e+02,2.19556442e+01
7.34000000e-01,-5.05130545e-02,-2.36795597e-01,2.66817789e-02,3.37408382e-01,-5.61858434e+00,0.00000000e+00,1.90146943e-01,2.24529505e-02,1.86344004e+02,2.20038915e+01
7.36000000e-01,-5.09851688e-02,-2.35287050e-01,2.73595365e-02,3.40284374e-01,-5.69378556e+00,0.00000000e+00,1.89846327e-01,2.25301037e-02,1.86049401e+02,2.20795017e+01
7.38000000e-01,-5.14540832e-02,-2.33599308e-01,2.80426438e-02,3.42751529e-01,-5.76898679e+00,0.00000000e+00,1.89794290e-01,2.25696344e-02,1.85998405e+02,2.21182418e+01
7.40000000e-01,-5.19194485e-02,-2.31735217e-01,2.87302353e-02,3.44757675e-01,-5.84418801e+00,0.00000000e+00,1.89531893e-01,2.25438628e-02,1.85741255e+02,2.20929855e+01
7.42000000e-01,-5.23806014e-02,-2.29237262e-01,2.94204097e-02,3.44866822e-01,-5.91938924e+00,0.00000000e+00,1.78756539e-01,1.95735272e-02,1.75181408e+02,1.91820566e+01
7.44000000e-01,-5.28362662e-02,-2.26542273e-01,3.01096074e-02,3.44833160e-01,-5.96027925e+00,0.00000000e+00,1.88658916e-01,2.32288939e-02,1.84885738e+02,2.27643161e+01
7.46000000e-01,-5.32868547e-02,-2.23973596e-01,3.08002169e-02,3.45511339e-01,-5.99191069e+00,0.00000000e+00,1.85396565e-01,2.20538808e-02,1.81688634e+02,2.16128032e+01
7.48000000e-01,-5.37319327e-02,-2.21063088e-01,3.14908951e-02,3.45053080e-01,-6.02354212e+00,0.00000000e+00,1.84316258e-01,2.18303329e-02,1.80629933e+02,2.13937262e+01
7.50000000e-01,-5.41709753e-02,-2.17954886e-01,3.21801447e-02,3.44168110e-01,-6.05517355e+00,0.00000000e+00,1.84373557e-01,2.21432067e-02,1.80686086e+02,2.17003425e+01
7.52000000e-01,-5.46036068e-02,-2.14628653e-01,3.28672327e-02,3.42780968e-01,-6.08680498e+00,0.00000000e+00,1.82766539e-01,2.17583365e-02,1.79111208e+02,2.13231698e+01
7.54000000e-01,-5.50293216e-02,-2.11049936e-01,3.35508030e-02,3.40695538e-01,-6.11843642e+00,0.00000000e+00,1.81963348e-01,2.16548408e-02,1.78324081e+02,2.12217440e+01
7.56000000e-01,-5.54476637e-02,-2.07256877e-01,3.42296715e-02,3.38095184e-01,-6.15006785e+00,0.00000000e+00,1.81188330e-01,2.16483534e-02,1.77564564e+02,2.12153863e+01
7.58000000e-01,-5.58582206e-02,-2.03271036e-01,3.49028949e-02,3.35061604e-01,-6.18169928e+00,0.00000000e+00,1.80826160e-01,2.17084567e-02,1.77209637e+02,2.12742876e+01
7.60000000e-01,-5.62606255e-02,-1.99101678e-01,3.55696486e-02,3.31624068e-01,-6.21333072e+00,0.00000000e+00,1.80201844e-01,2.17543280e-02,1.76597808e+02,2.13192414e+01
7.62000000e-01,-5.66541219e-02,-1.94174360e-01,3.62279757e-02,3.26063662e-01,-6.24496215e+00,0.00000000e+00,1.66346084e-01,1.81950289e-02,1.63019162e+02,1.78311283e+01
7.64000000e-01,-5.70372133e-02,-1.89082596e-01,3.68739583e-02,3.20585692e-01,-6.27659358e+00,0.00000000e+00,1.79507919e-01,2.28526978e-02,1.75917761e+02,2.23956438e+01
7.66000000e-01,-5.74106022e-02,-1.84215726e-01,3.75109434e-02,3.16045111e-01,-6.30822501e+00,0.00000000e+00,1.74668817e-01,2.10743008e-02,1.71175441e+02,2.06528148e+01
7.68000000e-01,-5.77738325e-02,-1.78983310e-01,3.81373293e-02,3.10290516e-01,-6.33985645e+00,0.00000000e+00,1.73952468e-01,2.12016434e-02,1.70473418e+02,2.07776105e+01
7.70000000e-01,-5.81264364e-02,-1.73602254e-01,3.87520480e-02,3.04449848e-01,-6.37148788e+00,0.00000000e+00,1.74095782e-01,2.17741960e-02,1.70613866e+02,2.13387121e+01
7.72000000e-01,-5.84681047e-02,-1.68015939e-01,3.93548425e-02,2.98179860e-01,-6.40311931e+00,0.00000000e+00,1.71967816e-01,2.11641290e-02,1.68528459e+02,2.07408464e+01
7.74000000e-01,-5.87983466e-02,-1.62199374e-01,3.99443613e-02,2.91300650e-01,-6.43475075e+00,0.00000000e+00,1.71434937e-01,2.13403973e-02,1.68006238e+02,2.09135894e+01
7.76000000e-01,-5.91167879e-02,-1.56211457e-01,4.05198532e-02,2.84133715e-01,-6.46638218e+00,0.00000000e+00,1.70587625e-01,2.13852298e-02,1.67175872e+02,2.09575252e+01
7.78000000e-01,-5.94230720e-02,-1.50042906e-01,4.10806636e-02,2.76617992e-01,-6.49801361e+00,0.00000000e+00,1.69739341e-01,2.14124904e-02,1.66344554e+02,2.09842406e+01
7.80000000e-01,-5.97168391e-02,-1.43693746e-01,4.16260772e-02,2.68730304e-01,-6.52964504e+00,0.00000000e+00,1.68791136e-01,2.13868308e-02,1.65415314e+02,2.09590942e+01
7.82000000e-01,-5.99973369e-02,-1.36579525e-01,4.21542902e-02,2.58900995e-01,-6.56127648e+00,0.00000000e+00,1.54179797e-01,1.80953881e-02,1.51096201e+02,1.77334803e+01
7.84000000e-01,-6.02631135e-02,-1.29399637e-01,4.26619923e-02,2.49538190e-01,-6.59290791e+00,0.00000000e+00,1.69456421e-01,2.30954359e-02,1.66067292e+02,2.26335271e+01
7.86000000e-01,-6.05151589e-02,-1.22554884e-01,4.31531700e-02,2.41265877e-01,-6.62453934e+00,0.00000000e+00,1.64096105e-01,2.10892373e-02,1.60814183e+02,2.06674525e+01
7.88000000e-01,-6.07531272e-02,-1.15401497e-01,4.36263363e-02,2.31914364e-01,-6.65617078e+00,0.00000000e+00,1.64216198e-01,2.15099695e-02,1.60931874e+02,2.10797701e+01
7.90000000e-01,-6.09767024e-02,-1.08154389e-01,4.40808730e-02,2.22631146e-01,-6.68780221e+00,0.00000000e+00,1.63760693e-01,2.18857190e-02,1.60485479e+02,2.14480046e+01
7.92000000e-01,-6.11856188e-02,-1.00718397e-01,4.45165912e-02,2.12943388e-01,-6.71943364e+00,0.00000000e+00,1.61538090e-01,2.12871893e-02,1.58307329e+02,2.08614455e+01
7.94000000e-01,-6.13794380e-02,-9.30754726e-02,4.49322771e-02,2.02701580e-01,-6.75106507e+00,0.00000000e+00,1.60538536e-01,2.13207685e-02,1.57327765e+02,2.08943531e+01
7.96000000e-01,-6.15578236e-02,-8.52867950e-02,4.53272603e-02,1.92254073e-01,-6.78269651e+00,0.00000000e+00,1.59620121e-01,2.14239401e-02,1.56427719e+02,2.09954613e+01
7.98000000e-01,-6.17205113e-02,-7.73872905e-02,4.57012394e-02,1.81725557e-01,-6.81432794e+00,0.00000000e+00,1.59309057e-01,2.16892848e-02,1.56122876e+02,2.12554991e+01
8.00000000e-01,-6.18672915e-02,-6.93659018e-02,4.60540395e-02,1.71012484e-01,-6.84595937e+00,0.00000000e+00,1.58002847e-01,2.15449038e-02,1.54842790e+02,2.11140058e+01
8.02000000e-01,-6.19974268e-02,-6.05223291e-02,4.63840196e-02,1.58395159e-01,-6.87759080e+00,0.00000000e+00,1.41194213e-01,1.81685714e-02,1.38370329e+02,1.78052000e+01
8.04000000e-01,-6.21093866e-02,-5.16875096e-02,4.66880239e-02,1.46383320e-01,-6.90922224e+00,0.00000000e+00,1.59158425e-01,2.32553316e-02,1.55975257e+02,2.27902250e+01
8.06000000e-01,-6.22045097e-02,-4.33519614e-02,4.69703872e-02,1.35622855e-01,-6.94085367e+00,0.00000000e+00,1.53671057e-01,2.12028285e-02,1.50597636e+02,2.07787719e+01
8.08000000e-01,-6.22826392e-02,-3.47835114e-02,4.72299688e-02,1.24042662e-01,-6.97248510e+00,0.00000000e+00,1.54388915e-01,2.19103135e-02,1.51301137e+02,2.14721073e+01
8.10000000e-01,-6.23436263e-02,-2.61888875e-02,4.74667481e-02,1.12747868e-01,-7.00411654e+00,0.00000000e+00,1.53592317e-01,2.21447527e-02,1.50520470e+02,2.17018577e+01
8.12000000e-01,-6.23872963e-02,-1.74466577e-02,4.76807345e-02,1.01114414e-01,-7.03574797e+00,0.00000000e+00,1.51331790e-01,2.15098581e-02,1.48305154e+02,2.10796609e+01
8.14000000e-01,-6.24133183e-02,-8.56250496e-03,4.78709661e-02,8.91215420e-02,-7.06737940e+00,0.00000000e+00,1.50524586e-01,2.16669898e-02,1.47514094e+02,2.12336500e+01
8.16000000e-01,-6.24215004e-02,3.90545258e-04,4.80372554e-02,7.71807568e-02,-7.09901083e+00,0.00000000e+00,1.49825134e-01,2.18616237e-02,1.46828632e+02,2.14243913e+01
8.18000000e-01,-6.24117136e-02,9.40725959e-03,4.81797204e-02,6.52867912e-02,-7.13064227e+00,0.00000000e+00,1.48993790e-01,2.19736414e-02,1.46013915e+02,2.15341686e+01
8.20000000e-01,-6.23838235e-02,1.84957472e-02,4.82983617e-02,5.33315156e-02,-7.16227370e+00,0.00000000e+00,1.47957351e-01,2.19072918e-02,1.44998204e+02,2.14691460e+01
8.22000000e-01,-6.23372181e-02,2.83530418e-02,4.83918592e-02,3.95956830e-02,-7.19390513e+00,0.00000000e+00,1.30687601e-01,1.83751912e-02,1.28073849e+02,1.80076874e+01
8.24000000e-01,-6.22704665e-02,3.81277175e-02,4.84572162e-02,2.65672474e-02,-7.22553657e+00,0.00000000e+00,1.49384024e-01,2.34911328e-02,1.46396344e+02,2.30213102e+01
8.26000000e-01,-6.21851145e-02,4.72914711e-02,4.84991385e-02,1.50542958e-02,-7.25716800e+00,0.00000000e+00,1.44303608e-01,2.16206600e-02,1.41417536e+02,2.11882468e+01
8.28000000e-01,-6.20812057e-02,5.65975281e-02,4.85171193e-02,3.07022476e-03,-7.28879943e+00,0.00000000e+00,1.45248603e-01,2.25328892e-02,1.42343631e+02,2.20822314e+01
8.30000000e-01,-6.19587594e-02,6.58510659e-02,4.85117304e-02,-8.44751801e-03,-7.32043086e+00,0.00000000e+00,1.44569038e-01,2.25964912e-02,1.41677657e+02,2.21445613e+01
8.32000000e-01,-6.18177521e-02,7.51785849e-02,4.84831548e-02,-2.02268208e-02,-7.35206230e+00,0.00000000e+00,1.42406761e-01,2.19478197e-02,1.39558626e+02,2.15088633e+01
8.34000000e-01,-6.16579971e-02,8.45780026e-02,4.84306463e-02,-3.22712719e-02,-7.38369373e+00,0.00000000e+00,1.41623191e-01,2.19698527e-02,1.38790727e+02,2.15304557e+01
8.36000000e-01,-6.14794546e-02,9.39556740e-02,4.83542804e-02,-4.39996895e-02,-7.41532516e+00,0.00000000e+00,1.41495739e-01,2.25069061e-02,1.38665824e+02,2.20567680e+01
8.38000000e-01,-6.12822021e-02,1.03291924e-01,4.82548904e-02,-5.53637946e-02,-7.44695660e+00,0.00000000e+00,1.41019009e-01,2.25972088e-02,1.38198629e+02,2.21452646e+01
8.40000000e-01,-6.10662725e-02,1.12649841e-01,4.81327592e-02,-6.68269114e-02,-7.47858803e+00,0.00000000e+00,1.39264872e-01,2.21292620e-02,1.36479575e+02,2.16866767e+01
8.42000000e-01,-6.08311044e-02,1.22755147e-01,4.79864878e-02,-7.99323366e-02,-7.51021946e+00,0.00000000e+00,1.21675066e-01,1.89461917e-02,1.19241565e+02,1.85672679e+01
8.44000000e-01,-6.05753783e-02,1.32670910e-01,4.78136566e-02,-9.20980331e-02,-7.54185089e+00,0.00000000e+00,1.41648120e-01,2.38601446e-02,1.38815157e+02,2.33829417e+01
8.46000000e-01,-6.03009306e-02,1.41821889e-01,4.76192138e-02,-1.02586547e-01,-7.57348233e+00,0.00000000e+00,1.37342828e-01,2.21930078e-02,1.34595972e+02,2.17491477e+01
8.48000000e-01,-6.00080480e-02,1.51037008e-01,4.74030528e-02,-1.13461399e-01,-7.60511376e+00,0.00000000e+00,1.37796150e-01,2.27449031e-02,1.35040227e+02,2.22900051e+01
8.50000000e-01,-5.96968684e-02,1.60123489e-01,4.71657859e-02,-1.23709786e-01,-7.63674519e+00,0.00000000e+00,1.37845703e-01,2.31732270e-02,1.35088789e+02,2.27097624e+01
8.52000000e-01,-5.93675764e-02,1.69176431e-01,4.69082249e-02,-1.33941237e-01,-7.66837663e+00,0.00000000e+00,1.35928673e-01,2.24166491e-02,1.33210099e+02,2.19683161e+01
8.54000000e-01,-5.90201686e-02,1.78220405e-01,4.66299304e-02,-1.44308413e-01,-7.70000806e+00,0.00000000e+00,1.35256252e-01,2.24950252e-02,1.32551127e+02,2.20451247e+01
8.56000000e-01,-5.86547696e-02,1.87152081e-01,4.63313047e-02,-1.54205471e-01,-7.73163949e+00,0.00000000e+00,1.35606489e-01,2.29809053e-02,1.32894359e+02,2.25212872e+01
8.58000000e-01,-5.82716452e-02,1.95956352e-01,4.60134199e-02,-1.63635577e-01,-7.76327092e+00,0.00000000e+00,1.35141804e-01,2.30249025e-02,1.32438968e+02,2.25644044e+01
8.60000000e-01,-5.78709823e-02,2.04703468e-01,4.56768126e-02,-1.72990455e-01,-7.79490236e+00,0.00000000e+00,1.33707064e-01,2.26617543e-02,1.31032923e+02,2.22085192e+01
8.62000000e-01,-5.74523944e-02,2.14106024e-01,4.53205862e-02,-1.83652980e-01,-7.82653379e+00,0.00000000e+00,1.16446350e-01,1.97754353e-02,1.14117423e+02,1.93799266e+01
8.64000000e-01,-5.70147257e-02,2.23257382e-01,4.49427752e-02,-1.93453940e-01,-7.85816522e+00,0.00000000e+00,1.36042679e-01,2.39347374e-02,1.33321826e+02,2.34560427e+01
8.66000000e-01,-5.65599466e-02,2.31536184e-01,4.45479213e-02,-2.01528660e-01,-7.88979665e+00,0.00000000e+00,1.33156904e-01,2.28379829e-02,1.30493766e+02,2.23812232e+01
8.68000000e-01,-5.60886081e-02,2.39774331e-01,4.41366174e-02,-2.09668193e-01,-7.92142809e+00,0.00000000e+00,1.33178769e-01,2.32144831e-02,1.30515194e+02,2.27501934e+01
8.70000000e-01,-5.56009763e-02,2.47821959e-01,4.37097146e-02,-2.17108731e-01,-7.95305952e+00,0.00000000e+00,1.33661143e-01,2.36984009e-02,1.30987920e+02,2.32244329e+01
8.72000000e-01,-5.50973835e-02,2.55774623e-01,4.32682341e-02,-2.24471795e-01,-7.98469095e+00,0.00000000e+00,1.31319331e-01,2.27493817e-02,1.28692944e+02,2.22943941e+01
8.74000000e-01,-5.45779321e-02,2.63645781e-01,4.28118059e-02,-2.31867085e-01,-8.01632239e+00,0.00000000e+00,1.31357533e-01,2.29817714e-02,1.28730383e+02,2.25221360e+01
8.76000000e-01,-5.40429332e-02,2.71317749e-01,4.23411661e-02,-2.38661968e-01,-8.04795382e+00,0.00000000e+00,1.31638017e-01,2.33401121e-02,1.29005256e+02,2.28733099e+01
8.78000000e-01,-5.34927880e-02,2.78799460e-01,4.18575079e-02,-2.44932088e-01,-8.07958525e+00,0.00000000e+00,1.31342973e-01,2.33948966e-02,1.28716114e+02,2.29269986e+01
8.80000000e-01,-5.29278325e-02,2.86135494e-01,4.13615473e-02,-2.51037828e-01,-8.11121668e+00,0.00000000e+00,1.30460266e-01,2.29791189e-02,1.27851061e+02,2.25195365e+01
8.82000000e-01,-5.23479208e-02,2.93959252e-01,4.08527875e-02,-2.57997145e-01,-8.14284812e+00,0.00000000e+00,1.15243379e-01,2.08791634e-02,1.12938512e+02,2.04615801e+01
8.84000000e-01,-5.17522032e-02,3.01471520e-01,4.03301447e-02,-2.64077633e-01,-8.17447955e+00,0.00000000e+00,1.32907783e-01,2.40798671e-02,1.30249627e+02,2.35982698e+01
8.86000000e-01,-5.11426373e-02,3.08079975e-01,3.97975292e-02,-2.68579875e-01,-8.20611098e+00,0.00000000e+00,1.31414072e-01,2.34328431e-02,1.28785791e+02,2.29641862e+01
8.88000000e-01,-5.05199887e-02,3.14530348e-01,3.92559164e-02,-2.72945364e-01,-8.23774242e+00,0.00000000e+00,1.31545374e-01,2.35949955e-02,1.28914467e+02,2.31230956e+01
8.90000000e-01,-4.98846854e-02,3.20726583e-01,3.87061879e-02,-2.76650663e-01,-8.26937385e+00,0.00000000e+00,1.32191954e-01,2.40348242e-02,1.29548115e+02,2.35541277e+01
8.92000000e-01,-4.92372075e-02,3.26735109e-01,3.81494811e-02,-2.80104988e-01,-8.30100528e+00,0.00000000e+00,1.30670675e-01,2.33278871e-02,1.28057261e+02,2.28613294e+01
8.94000000e-01,-4.85778645e-02,3.32564271e-01,3.75858664e-02,-2.83411713e-01,-8.33263671e+00,0.00000000e+00,1.31024801e-01,2.35408588e-02,1.28404305e+02,2.30700416e+01
8.96000000e-01,-4.79071219e-02,3.38136169e-01,3.70162069e-02,-2.86159452e-01,-8.36426815e+00,0.00000000e+00,1.31229702e-01,2.36885603e-02,1.28605108e+02,2.32147891e+01
8.98000000e-01,-4.72254755e-02,3.43474509e-01,3.64415146e-02,-2.88478274e-01,-8.39589958e+00,0.00000000e+00,1.30939929e-01,2.36211353e-02,1.28321131e+02,2.31487125e+01
9.00000000e-01,-4.65333624e-02,3.48605124e-01,3.58624835e-02,-2.90512633e-01,-8.42753101e+00,0.00000000e+00,1.30454848e-01,2.34593087e-02,1.27845751e+02,2.29901225e+01
9.02000000e-01,-4.58309065e-02,3.53958536e-01,3.52793137e-02,-2.92772453e-01,-8.45916245e+00,0.00000000e+00,1.20020834e-01,2.23156677e-02,1.17620417e+02,2.18693543e+01
9.04000000e-01,-4.51177741e-02,3.58943226e-01,3.46919254e-02,-2.94234914e-01,-8.49079388e+00,0.00000000e+00,1.33270704e-01,2.42945901e-02,1.30605290e+02,2.38086983e+01
9.06000000e-01,-4.43956501e-02,3.63153178e-01,3.41030989e-02,-2.94610173e-01,-8.52242531e+00,0.00000000e+00,1.32246804e-01,2.37566736e-02,1.29601868e+02,2.32815401e+01
9.08000000e-01,-4.36653122e-02,3.67136879e-01,3.35136318e-02,-2.94764751e-01,-8.55405674e+00,0.00000000e+00,1.32612110e-01,2.39158039e-02,1.29959868e+02,2.34374879e+01
9.10000000e-01,-4.29272933e-02,3.70834531e-01,3.29243800e-02,-2.94409133e-01,-8.58568818e+00,0.00000000e+00,1.32921647e-01,2.39856746e-02,1.30263214e+02,2.35059611e+01
9.12000000e-01,-4.21821362e-02,3.74289088e-01,3.23361345e-02,-2.93844686e-01,-8.61731961e+00,0.00000000e+00,1.32223918e-01,2.35135522e-02,1.29579440e+02,2.30432812e+01
9.14000000e-01,-4.14303112e-02,3.77482247e-01,3.17491982e-02,-2.92984948e-01,-8.64895104e+00,0.00000000e+00,1.32905716e-01,2.37667027e-02,1.30247602e+02,2.32913686e+01
9.16000000e-01,-4.06724166e-02,3.80361237e-01,3.11645821e-02,-2.91544176e-01,-8.68058248e+00,0.00000000e+00,1.33390301e-01,2.38974255e-02,1.30722495e+02,2.34194770e+01
9.18000000e-01,-3.99090512e-02,3.82962857e-01,3.05832758e-02,-2.89721941e-01,-8.71221391e+00,0.00000000e+00,1.33166344e-01,2.37362284e-02,1.30503017e+02,2.32615038e+01
9.20000000e-01,-3.91407467e-02,3.85292191e-01,3.00059282e-02,-2.87549017e-01,-8.74384534e+00,0.00000000e+00,1.33490724e-01,2.38078844e-02,1.30820909e+02,2.33317267e+01
9.22000000e-01,-3.83679463e-02,3.87525740e-01,2.94333372e-02,-2.84989963e-01,-8.77547677e+00,0.00000000e+00,1.29105075e-01,2.37277038e-02,1.26522973e+02,2.32531497e+01
9.24000000e-01,-3.75908818e-02,3.89402240e-01,2.88662910e-02,-2.81946904e-01,-8.80710821e+00,0.00000000e+00,1.35498855e-01,2.40125501e-02,1.32788877e+02,2.35322991e+01
9.26000000e-01,-3.68107122e-02,3.90716410e-01,2.83059084e-02,-2.78365682e-01,-8.83873964e+00,0.00000000e+00,1.35882054e-01,2.40553280e-02,1.33164413e+02,2.35742214e+01
9.28000000e-01,-3.60282108e-02,3.91738635e-01,2.77530418e-02,-2.74464224e-01,-8.87037107e+00,0.00000000e+00,1.35937437e-01,2.38933400e-02,1.33218689e+02,2.34154732e+01
9.30000000e-01,-3.52439445e-02,3.92480625e-01,2.72082063e-02,-2.70330637e-01,-8.90200250e+00,0.00000000e+00,1.36031444e-01,2.37625595e-02,1.33310815e+02,2.32873083e+01
9.32000000e-01,-3.44584712e-02,3.92948351e-01,2.66718521e-02,-2.65997849e-01,-8.93363394e+00,0.00000000e+00,1.35936333e-01,2.35434848e-02,1.33217606e+02,2.30726151e+01
9.34000000e-01,-3.36723677e-02,3.93091237e-01,2.61445069e-02,-2.61227163e-01,-8.96526537e+00,0.00000000e+00,1.37205738e-01,2.39264605e-02,1.34461623e+02,2.34479312e+01
9.36000000e-01,-3.28863312e-02,3.92896748e-01,2.56272612e-02,-2.55979920e-01,-8.99689680e+00,0.00000000e+00,1.37402704e-01,2.38027289e-02,1.34654650e+02,2.33266743e+01
9.38000000e-01,-3.21009809e-02,3.92402075e-01,2.51207761e-02,-2.50449360e-01,-9.02852824e+00,0.00000000e+00,1.37807392e-01,2.37953608e-02,1.35051244e+02,2.33194536e+01
9.40000000e-01,-3.13169448e-02,3.91574548e-01,2.46257534e-02,-2.44484364e-01,-9.06015967e+00,0.00000000e+00,1.38777209e-01,2.40050346e-02,1.36001665e+02,2.35249339e+01
9.42000000e-01,-3.05349695e-02,3.90316840e-01,2.41435179e-02,-2.37500539e-01,-9.09179110e+00,0.00000000e+00,1.41471303e-01,2.52422284e-02,1.38641877e+02,2.47373838e+01
9.44000000e-01,-2.97559089e-02,3.88711869e-01,2.36759395e-02,-2.30234308e-01,-9.12342253e+00,0.00000000e+00,1.40525729e-01,2.39268089e-02,1.37715214e+02,2.34482727e+01
9.46000000e-01,-2.89803090e-02,3.86826364e-01,2.32224796e-02,-2.23119698e-01,-9.15505397e+00,0.00000000e+00,1.41687751e-01,2.42733128e-02,1.38853996e+02,2.37878466e+01
9.48000000e-01,-2.82088164e-02,3.84621496e-01,2.27836841e-02,-2.15669961e-01,-9.18668540e+00,0.00000000e+00,1.41681695e-01,2.40003524e-02,1.38848061e+02,2.35203453e+01
9.50000000e-01,-2.74420094e-02,3.82137178e-01,2.23598588e-02,-2.08131751e-01,-9.21831683e+00,0.00000000e+00,1.41948164e-01,2.38504865e-02,1.39109201e+02,2.33734768e+01
9.52000000e-01,-2.66804757e-02,3.79340792e-01,2.19513200e-02,-2.00349344e-01,-9.24994827e+00,0.00000000e+00,1.42746098e-01,2.39261401e-02,1.39891176e+02,2.34476173e+01
9.54000000e-01,-2.59248660e-02,3.76214703e-01,2.15586873e-02,-1.92228180e-01,-9.28157970e+00,0.00000000e+00,1.43471688e-01,2.39973434e-02,1.40602254e+02,2.35173965e+01
9.56000000e-01,-2.51758226e-02,3.72780082e-01,2.11825616e-02,-1.83875515e-01,-9.31321113e+00,0.00000000e+00,1.43827189e-01,2.38713389e-02,1.40950645e+02,2.33939121e+01
9.58000000e-01,-2.44339466e-02,3.69044151e-01,2.08233059e-02,-1.75341826e-01,-9.34484256e+00,0.00000000e+00,1.44441341e-01,2.38606233e-02,1.41552514e+02,2.33834108e+01
9.60000000e-01,-2.36998578e-02,3.64990546e-01,2.04813801e-02,-1.66529411e-01,-9.37647400e+00,0.00000000e+00,1.45241507e-01,2.39643442e-02,1.42336677e+02,2.34850573e+01
9.62000000e-01,-2.29744203e-02,3.60283157e-01,2.01581136e-02,-1.56329190e-01,-9.40810543e+00,0.00000000e+00,1.53778053e-01,2.63078252e-02,1.50702492e+02,2.57816687e+01
9.64000000e-01,-2.22589168e-02,3.55288313e-01,1.98560438e-02,-1.46158247e-01,-9.43973686e+00,0.00000000e+00,1.46097061e-01,2.34670378e-02,1.43175120e+02,2.29976971e+01
9.66000000e-01,-2.15532607e-02,3.50302957e-01,1.95728844e-02,-1.36881524e-01,-9.47136830e+00,0.00000000e+00,1.47775810e-01,2.40226063e-02,1.44820294e+02,2.35421541e+01
9.68000000e-01,-2.08579081e-02,3.45013010e-01,1.93086587e-02,-1.27393322e-01,-9.50299973e+00,0.00000000e+00,1.47516731e-01,2.35295726e-02,1.44566397e+02,2.30589812e+01
9.70000000e-01,-2.01733873e-02,3.39455133e-01,1.90633035e-02,-1.17916519e-01,-9.53463116e+00,0.00000000e+00,1.48426255e-01,2.36443250e-02,1.45457729e+02,2.31714385e+01
9.72000000e-01,-1.95003163e-02,3.33554164e-01,1.88372697e-02,-1.08024065e-01,-9.56626259e+00,0.00000000e+00,1.50015577e-01,2.40751193e-02,1.47015265e+02,2.35936169e+01
9.74000000e-01,-1.88393658e-02,3.27360493e-01,1.86313128e-02,-9.79733936e-02,-9.59789403e+00,0.00000000e+00,1.49845261e-01,2.36780795e-02,1.46848356e+02,2.32045179e+01
9.76000000e-01,-1.81910552e-02,3.20895543e-01,1.84454014e-02,-8.78848712e-02,-9.62952546e+00,0.00000000e+00,1.51036169e-01,2.38848853e-02,1.48015446e+02,2.34071876e+01
9.78000000e-01,-1.75559740e-02,3.14145065e-01,1.82798555e-02,-7.76731015e-02,-9.66115689e+00,0.00000000e+00,1.51305559e-01,2.36961084e-02,1.48279448e+02,2.32221863e+01
9.80000000e-01,-1.69346448e-02,3.07139800e-01,1.81347040e-02,-6.74687662e-02,-9.69278833e+00,0.00000000e+00,1.51889387e-01,2.36577603e-02,1.48851600e+02,2.31846051e+01
9.82000000e-01,-1.63280558e-02,2.99173047e-01,1.80112695e-02,-5.53310072e-02,-9.72441976e+00,0.00000000e+00,1.68789855e-01,2.75733373e-02,1.65414058e+02,2.70218706e+01
9.84000000e-01,-1.57381116e-02,2.90967724e-01,1.79132798e-02,-4.33434482e-02,-9.75605119e+00,0.00000000e+00,1.52613954e-01,2.31973327e-02,1.49561675e+02,2.27333861e+01
9.86000000e-01,-1.51639218e-02,2.83157079e-01,1.78367722e-02,-3.30411184e-02,-9.78768262e+00,0.00000000e+00,1.54848398e-01,2.39225874e-02,1.51751430e+02,2.34441356e+01
9.88000000e-01,-1.46056683e-02,2.75069024e-01,1.77811798e-02,-2.26420403e-02,-9.81931406e+00,0.00000000e+00,1.54506234e-01,2.33167082e-02,1.51416110e+02,2.28503741e+01
9.90000000e-01,-1.40638309e-02,2.66703117e-01,1.77462983e-02,-1.21015909e-02,-9.85094549e+00,0.00000000e+00,1.56884017e-01,2.41652494e-02,1.53746336e+02,2.36819444e+01
9.92000000e-01,-1.35390896e-02,2.57986570e-01,1.77331634e-02,-9.76265698e-04,-9.88257692e+00,0.00000000e+00,1.58380768e-01,2.45210815e-02,1.55213153e+02,2.40306598e+01
9.94000000e-01,-1.30320204e-02,2.49066353e-01,1.77422522e-02,9.93759154e-03,-9.91420835e+00,0.00000000e+00,1.57467572e-01,2.37298552e-02,1.54318220e+02,2.32552581e+01
9.96000000e-01,-1.25429547e-02,2.39950390e-01,1.77727693e-02,2.06348320e-02,-9.94583979e+00,0.00000000e+00,1.58925467e-01,2.41056547e-02,1.55746958e+02,2.36235416e+01
9.98000000e-01,-1.20723696e-02,2.30608327e-01,1.78247617e-02,3.12873035e-02,-9.97747122e+00,0.00000000e+00,1.58871387e-01,2.37057833e-02,1.55693959e+02,2.32316677e+01
1.00000000e+00,-1.16206468e-02,2.21078186e-01,1.78977645e-02,4.17087053e-02,-1.00091027e+01,0.00000000e+00,1.59594053e-01,2.37206724e-02,1.56402172e+02,2.32462590e+01
1.00200000e+00,-1.11888572e-02,2.10347639e-01,1.79931984e-02,5.45325050e-02,-1.00407341e+01,0.00000000e+00,1.83354592e-01,2.88798492e-02,1.79687500e+02,2.83022523e+01
1.00400000e+00,-1.07793263e-02,1.99511986e-01,1.81155140e-02,6.67857768e-02,-1.00723655e+01,0.00000000e+00,1.58661404e-01,2.26924620e-02,1.55488176e+02,2.22386127e+01
1.00600000e+00,-1.03902827e-02,1.89466172e-01,1.82586557e-02,7.65105769e-02,-1.01039970e+01,0.00000000e+00,1.61681558e-01,2.37731655e-02,1.58447927e+02,2.32977022e+01
1.00800000e+00,-1.00216280e-02,1.79170703e-01,1.84216612e-02,8.63927819e-02,-1.01356284e+01,0.00000000e+00,1.61443791e-01,2.32516447e-02,1.58214915e+02,2.27866118e+01
1.01000000e+00,-9.67374836e-03,1.68652495e-01,1.86043060e-02,9.63936101e-02,-1.01672598e+01,0.00000000e+00,1.64003832e-01,2.42790527e-02,1.60723756e+02,2.37934716e+01
1.01200000e+00,-9.34718770e-03,1.57879809e-01,1.88074716e-02,1.06748314e-01,-1.01988913e+01,0.00000000e+00,1.64680634e-01,2.42804308e-02,1.61387021e+02,2.37948222e+01
1.01400000e+00,-9.04227604e-03,1.47036747e-01,1.90308676e-02,1.16455738e-01,-1.02305227e+01,0.00000000e+00,1.63114970e-01,2.32355072e-02,1.59852670e+02,2.27707970e+01
1.01600000e+00,-8.75912183e-03,1.36072015e-01,1.92730876e-02,1.25852782e-01,-1.02621541e+01,0.00000000e+00,1.65167716e-01,2.39711740e-02,1.61864361e+02,2.34917505e+01
1.01800000e+00,-8.49810098e-03,1.24937790e-01,1.95342402e-02,1.35192048e-01,-1.02937855e+01,0.00000000e+00,1.64899381e-01,2.34834485e-02,1.61601393e+02,2.30137795e+01
1.02000000e+00,-8.25944796e-03,1.13687647e-01,1.98136417e-02,1.44210172e-01,-1.03254170e+01,0.00000000e+00,1.65882422e-01,2.36925602e-02,1.62564774e+02,2.32187090e+01
1.02200000e+00,-8.04428841e-03,1.01030578e-01,2.01130587e-02,1.56194518e-01,-1.03570484e+01,0.00000000e+00,1.95969246e-01,3.01328049e-02,1.92049861e+02,2.95301488e+01
1.02400000e+00,-7.85530472e-03,8.84048540e-02,2.04378092e-02,1.67263469e-01,-1.03886798e+01,0.00000000e+00,1.63553866e-01,2.22300276e-02,1.60282789e+02,2.17854271e+01
1.02600000e+00,-7.68990981e-03,7.69178684e-02,2.07799982e-02,1.75160957e-01,-1.04203113e+01,0.00000000e+00,1.67963198e-01,2.39616146e-02,1.64603934e+02,2.34823823e+01
1.02800000e+00,-7.54776829e-03,6.52283188e-02,2.11385885e-02,1.83261639e-01,-1.04519427e+01,0.00000000e+00,1.67079180e-01,2.31654280e-02,1.63737597e+02,2.27021195e+01
1.03000000e+00,-7.42907548e-03,5.34203498e-02,2.15129950e-02,1.91287773e-01,-1.04835741e+01,0.00000000e+00,1.69713408e-01,2.43367872e-02,1.66319140e+02,2.38500515e+01
1.03200000e+00,-7.33420997e-03,4.14277753e-02,2.19039904e-02,1.99690082e-01,-1.05152056e+01,0.00000000e+00,1.70569630e-01,2.45101465e-02,1.67158237e+02,2.40199435e+01
1.03400000e+00,-7.26333249e-03,2.94830369e-02,2.23111729e-02,2.07218866e-01,-1.05468370e+01,0.00000000e+00,1.67968124e-01,2.30817635e-02,1.64608762e+02,2.26201283e+01
1.03600000e+00,-7.21626284e-03,1.75607825e-02,2.27324347e-02,2.14100960e-01,-1.05784684e+01,0.00000000e+00,1.69611441e-01,2.37517605e-02,1.66219212e+02,2.32767253e+01
1.03800000e+00,-7.19312203e-03,5.58952037e-03,2.31673844e-02,2.20694610e-01,-1.06100999e+01,0.00000000e+00,1.68875497e-01,2.30949215e-02,1.65497987e+02,2.26330230e+01
1.04000000e+00,-7.19390823e-03,-6.38695422e-03,2.36148817e-02,2.26791189e-01,-1.06417313e+01,0.00000000e+00,1.69690824e-01,2.33451956e-02,1.66297007e+02,2.28782917e+01
1.04200000e+00,-7.21968449e-03,-1.98852758e-02,2.40769019e-02,2.36416325e-01,-1.06733627e+01,0.00000000e+00,2.04594371e-01,3.11579543e-02,2.00502483e+02,3.05347952e+01
1.04400000e+00,-7.27334810e-03,-3.32318028e-02,2.45598337e-02,2.44971842e-01,-1.07049942e+01,0.00000000e+00,1.66525152e-01,2.17858425e-02,1.63194649e+02,2.13501257e+01
1.04600000e+00,-7.35164102e-03,-4.51223764e-02,2.50542015e-02,2.49645847e-01,-1.07366256e+01,0.00000000e+00,1.71163446e-01,2.37150896e-02,1.67740177e+02,2.32407878e+01
1.04800000e+00,-7.45393887e-03,-5.71648411e-02,2.55586683e-02,2.54696715e-01,-1.07682570e+01,0.00000000e+00,1.70860330e-01,2.32954337e-02,1.67443123e+02,2.28295251e+01
1.05000000e+00,-7.58031463e-03,-6.92286677e-02,2.60729037e-02,2.59620612e-01,-1.07998885e+01,0.00000000e+00,1.72645089e-01,2.41812215e-02,1.69192188e+02,2.36975970e+01
1.05200000e+00,-7.73089444e-03,-8.13538387e-02,2.65972891e-02,2.64752080e-01,-1.08315199e+01,0.00000000e+00,1.73473529e-01,2.44781486e-02,1.70004059e+02,2.39885857e+01
1.05400000e+00,-7.90561689e-03,-9.33093736e-02,2.71312180e-02,2.68842735e-01,-1.08631513e+01,0.00000000e+00,1.70058409e-01,2.27575035e-02,1.66657241e+02,2.23023535e+01
1.05600000e+00,-8.10403518e-03,-1.05119785e-01,2.76721177e-02,2.72119888e-01,-1.08947828e+01,0.00000000e+00,1.71653951e-01,2.35420088e-02,1.68220872e+02,2.30711686e+01
1.05800000e+00,-8.32608199e-03,-1.16909142e-01,2.82195790e-02,2.75219162e-01,-1.09264142e+01,0.00000000e+00,1.71330882e-01,2.31649086e-02,1.67904264e+02,2.27016104e+01
1.06000000e+00,-8.57159043e-03,-1.28576526e-01,2.87725332e-02,2.77626711e-01,-1.09580456e+01,0.00000000e+00,1.70760167e-01,2.28789824e-02,1.67344964e+02,2.24214027e+01
1.06200000e+00,-8.84138685e-03,-1.41741938e-01,2.93325615e-02,2.83747214e-01,-1.09896771e+01,0.00000000e+00,2.08486656e-01,3.17564980e-02,2.04316923e+02,3.11213680e+01
1.06400000e+00,-9.13842833e-03,-1.54712632e-01,2.99069805e-02,2.89055935e-01,-1.10213085e+01,0.00000000e+00,1.68579619e-01,2.19928208e-02,1.65208027e+02,2.15529644e+01
1.06600000e+00,-9.45912057e-03,-1.66008178e-01,3.04858834e-02,2.90012215e-01,-1.10529399e+01,0.00000000e+00,1.71914792e-01,2.34474011e-02,1.68476496e+02,2.29784530e+01
1.06800000e+00,-9.80250699e-03,-1.77372636e-01,3.10673294e-02,2.91418514e-01,-1.10845714e+01,0.00000000e+00,1.72946649e-01,2.37674687e-02,1.69487716e+02,2.32921194e+01
1.07000000e+00,-1.01685766e-02,-1.88685301e-01,3.16515320e-02,2.92786539e-01,-1.11162028e+01,0.00000000e+00,1.73646635e-01,2.42010805e-02,1.70173702e+02,2.37170589e+01
1.07200000e+00,-1.05571961e-02,-1.99919897e-01,3.22384475e-02,2.94112421e-01,-1.11478342e+01,0.00000000e+00,1.74248876e-01,2.45169136e-02,1.70763898e+02,2.40265754e+01
1.07400000e+00,-1.09680882e-02,-2.10902604e-01,3.28273482e-02,2.94488235e-01,-1.11794657e+01,0.00000000e+00,1.71069759e-01,2.30478980e-02,1.67648364e+02,2.25869401e+01
1.07600000e+00,-1.14006295e-02,-2.21619726e-01,3.34157644e-02,2.93910130e-01,-1.12110971e+01,0.00000000e+00,1.71530010e-01,2.33554590e-02,1.68099409e+02,2.28883498e+01
1.07800000e+00,-1.18544792e-02,-2.32204927e-01,3.40028306e-02,2.93094888e-01,-1.12427285e+01,0.00000000e+00,1.71648684e-01,2.33891187e-02,1.68215710e+02,2.29213363e+01
1.08000000e+00,-1.23293268e-02,-2.42606606e-01,3.45878207e-02,2.91794802e-01,-1.12743600e+01,0.00000000e+00,1.71075288e-01,2.31739630e-02,1.67653782e+02,2.27104837e+01
1.08200000e+00,-1.28258406e-02,-2.54410718e-01,3.51725178e-02,2.94256036e-01,-1.13059914e+01,0.00000000e+00,2.08426887e-01,3.21189641e-02,2.04258349e+02,3.14765848e+01
1.08400000e+00,-1.33467741e-02,-2.65921509e-01,3.57642972e-02,2.95896324e-01,-1.13376228e+01,0.00000000e+00,1.68424231e-01,2.22948619e-02,1.65055747e+02,2.18489647e+01
1.08600000e+00,-1.38883345e-02,-2.75644135e-01,3.63530924e-02,2.93020952e-01,-1.13692543e+01,0.00000000e+00,1.71023446e-01,2.34829453e-02,1.67602977e+02,2.30132864e+01
1.08800000e+00,-1.44493047e-02,-2.85297881e-01,3.69365437e-02,2.90389587e-01,-1.14008857e+01,0.00000000e+00,1.71354539e-01,2.36415931e-02,1.67927448e+02,2.31687612e+01
1.09000000e+00,-1.50294456e-02,-2.94830948e-01,3.75147380e-02,2.87889038e-01,-1.14325171e+01,0.00000000e+00,1.72900344e-01,2.45845765e-02,1.69442337e+02,2.40928850e+01
1.09200000e+00,-1.56285129e-02,-3.04190545e-01,3.80880656e-02,2.85337140e-01,-1.14641486e+01,0.00000000e+00,1.72153001e-01,2.43538496e-02,1.68709941e+02,2.38667726e+01
1.09400000e+00,-1.62459709e-02,-3.13194955e-01,3.86554204e-02,2.81786113e-01,-1.14957800e+01,0.00000000e+00,1.69603976e-01,2.32992647e-02,1.66211896e+02,2.28332794e+01
1.09600000e+00,-1.68810831e-02,-3.21884965e-01,3.92147352e-02,2.77522774e-01,-1.15274114e+01,0.00000000e+00,1.69955294e-01,2.36594658e-02,1.66556188e+02,2.31862765e+01
1.09800000e+00,-1.75333546e-02,-3.30340612e-01,3.97653170e-02,2.72967788e-01,-1.15590429e+01,0.00000000e+00,1.69417498e-01,2.34754631e-02,1.66029148e+02,2.30059539e+01
1.10000000e+00,-1.82022774e-02,-3.38544100e-01,4.03063701e-02,2.68058543e-01,-1.15906743e+01,0.00000000e+00,1.69489959e-01,2.36908039e-02,1.66100159e+02,2.32169878e+01
1.10200000e+00,-1.88883732e-02,-3.48010881e-01,4.08401886e-02,2.67104773e-01,-1.16223057e+01,0.00000000e+00,2.04501312e-01,3.25415448e-02,2.00411286e+02,3.18907140e+01
1.10400000e+00,-1.95940723e-02,-3.57104712e-01,4.13742302e-02,2.65312967e-01,-1.16539372e+01,0.00000000e+00,1.66496431e-01,2.26947495e-02,1.63166502e+02,2.22408545e+01
1.10600000e+00,-2.03156046e-02,-3.64417464e-01,4.18984463e-02,2.59030216e-01,-1.16855686e+01,0.00000000e+00,1.68742400e-01,2.38665441e-02,1.65367552e+02,2.33892132e+01
1.10800000e+00,-2.10516454e-02,-3.71585136e-01,4.24105620e-02,2.53063807e-01,-1.17172000e+01,0.00000000e+00,1.69085357e-01,2.40927690e-02,1.65703650e+02,2.36109136e+01
1.11000000e+00,-2.18017991e-02,-3.78533780e-01,4.29107256e-02,2.47133563e-01,-1.17488315e+01,0.00000000e+00,1.69719518e-01,2.46594107e-02,1.66325128e+02,2.41662225e+01
1.11200000e+00,-2.25655996e-02,-3.85211019e-01,4.33990082e-02,2.41071334e-01,-1.17804629e+01,0.00000000e+00,1.68950954e-01,2.45157204e-02,1.65571935e+02,2.40254060e+01
1.11400000e+00,-2.33423747e-02,-3.91485576e-01,4.38744790e-02,2.34211197e-01,-1.18120943e+01,0.00000000e+00,1.66625010e-01,2.36665666e-02,1.63292509e+02,2.31932353e+01
1.11600000e+00,-2.41312930e-02,-3.97386866e-01,4.43354610e-02,2.26763143e-01,-1.18437258e+01,0.00000000e+00,1.66644548e-01,2.39432658e-02,1.63311657e+02,2.34644005e+01
1.11800000e+00,-2.49317081e-02,-4.02967059e-01,4.47813206e-02,2.18998740e-01,-1.18707390e+01,0.00000000e+00,1.65632816e-01,2.36426217e-02,1.62320160e+02,2.31697693e+01
1.12000000e+00,-2.57429413e-02,-4.08217406e-01,4.52112363e-02,2.10904787e-01,-1.18707390e+01,0.00000000e+00,1.65537597e-01,2.38690031e-02,1.62226846e+02,2.33916230e+01
1.12200000e+00,-2.65651191e-02,-4.14279679e-01,4.56270886e-02,2.06033593e-01,-1.18707390e+01,0.00000000e+00,1.91293608e-01,3.10037047e-02,1.87467736e+02,3.03836306e+01
1.12400000e+00,-2.73997980e-02,-4.19948900e-01,4.60349618e-02,2.00549528e-01,-1.18707390e+01,0.00000000e+00,1.63141734e-01,2.31669732e-02,1.59878900e+02,2.27036337e+01
1.12600000e+00,-2.82439489e-02,-4.24169440e-01,4.64268829e-02,1.91460023e-01,-1.18707390e+01,0.00000000e+00,1.64315437e-01,2.39995132e-02,1.61029128e+02,2.35195230e+01
1.12800000e+00,-2.90963000e-02,-4.28126409e-01,4.68008997e-02,1.82517194e-01,-1.18707390e+01,0.00000000e+00,1.63924365e-01,2.40127915e-02,1.60645877e+02,2.35325357e+01
1.13000000e+00,-2.99562565e-02,-4.31786457e-01,4.71569865e-02,1.73626641e-01,-1.18707390e+01,0.00000000e+00,1.64382126e-01,2.46215868e-02,1.61094483e+02,2.41291551e+01
1.13200000e+00,-3.08232305e-02,-4.35123443e-01,4.74953841e-02,1.64702875e-01,-1.18707390e+01,0.00000000e+00,1.63438721e-01,2.44301178e-02,1.60169946e+02,2.39415155e+01
1.13400000e+00,-3.16964662e-02,-4.38034363e-01,4.78154009e-02,1.55183428e-01,-1.18707390e+01,0.00000000e+00,1.61542346e-01,2.38322506e-02,1.58311499e+02,2.33556056e+01
1.13600000e+00,-3.25750933e-02,-4.40533308e-01,4.81158277e-02,1.45228846e-01,-1.18707390e+01,0.00000000e+00,1.60973974e-01,2.39500070e-02,1.57754495e+02,2.34710069e+01
1.13800000e+00,-3.34583690e-02,-4.42686565e-01,4.83962477e-02,1.35171443e-01,-1.18707390e+01,0.00000000e+00,1.60665945e-01,2.40211265e-02,1.57452626e+02,2.35407040e+01
1.14000000e+00,-3.43455942e-02,-4.44471862e-01,4.86563700e-02,1.24898792e-01,-1.18707390e+01,0.00000000e+00,1.59610813e-01,2.38739774e-02,1.56418597e+02,2.33964979e+01
1.14200000e+00,-3.52365337e-02,-4.46672970e-01,4.88975300e-02,1.17156412e-01,-1.18707390e+01,0.00000000e+00,1.77647180e-01,2.96802067e-02,1.74094236e+02,2.90866025e+01
1.14400000e+00,-3.61320368e-02,-4.48500249e-01,4.91248019e-02,1.09123706e-01,-1.18707390e+01,0.00000000e+00,1.58176839e-01,2.35921311e-02,1.55013302e+02,2.31202885e+01
1.14600000e+00,-3.70297990e-02,-4.49223985e-01,4.93322503e-02,9.84293711e-02,-1.18707390e+01,0.00000000e+00,1.59185858e-01,2.43942064e-02,1.56002140e+02,2.39063223e+01
1.14800000e+00,-3.79287320e-02,-4.49646585e-01,4.95186662e-02,8.79552828e-02,-1.18707390e+01,0.00000000e+00,1.58476362e-01,2.43250002e-02,1.55306835e+02,2.38385002e+01
1.15000000e+00,-3.88281595e-02,-4.49730547e-01,4.96841076e-02,7.75354880e-02,-1.18707390e+01,0.00000000e+00,1.58614503e-01,2.47487865e-02,1.55442213e+02,2.42538108e+01
1.15200000e+00,-3.97274513e-02,-4.49510147e-01,4.98289624e-02,6.73469596e-02,-1.18707390e+01,0.00000000e+00,1.58706049e-01,2.50215339e-02,1.55531928e+02,2.45211032e+01
1.15400000e+00,-4.06259467e-02,-4.48909638e-01,4.99533659e-02,5.69642042e-02,-1.18707390e+01,0.00000000e+00,1.57069187e-01,2.45230233e-02,1.53927804e+02,2.40325629e+01
1.15600000e+00,-4.15228273e-02,-4.47915366e-01,5.00566544e-02,4.63342264e-02,-1.18707390e+01,0.00000000e+00,1.56830166e-01,2.46545113e-02,1.53693563e+02,2.41614211e+01
1.15800000e+00,-4.24173580e-02,-4.46545899e-01,5.01386520e-02,3.56280016e-02,-1.18707390e+01,0.00000000e+00,1.55609450e-01,2.44844758e-02,1.52497261e+02,2.39947863e+01
1.16000000e+00,-4.33087494e-02,-4.44784294e-01,5.01990897e-02,2.48067603e-02,-1.18707390e+01,0.00000000e+00,1.54950557e-01,2.45038466e-02,1.51851546e+02,2.40137697e+01
1.16200000e+00,-4.41964787e-02,-4.42998025e-01,5.02389027e-02,1.55207996e-02,-1.18707390e+01,0.00000000e+00,1.62287405e-01,2.77679081e-02,1.59041657e+02,2.72125499e+01
1.16400000e+00,-4.50805279e-02,-4.40891282e-01,5.02611971e-02,6.27130630e-03,-1.18707390e+01,0.00000000e+00,1.54686596e-01,2.46158111e-02,1.51592864e+02,2.41234949e+01
1.16600000e+00,-4.59596170e-02,-4.38144288e-01,5.02630718e-02,-4.35226462e-03,-1.18707390e+01,0.00000000e+00,1.54513650e-01,2.48907496e-02,1.51423377e+02,2.43929347e+01
1.16800000e+00,-4.68328626e-02,-4.35033724e-01,5.02437762e-02,-1.49935407e-02,-1.18707390e+01,0.00000000e+00,1.53331907e-01,2.45554058e-02,1.50265269e+02,2.40642976e+01
1.17000000e+00,-4.76995075e-02,-4.31556599e-01,5.02030667e-02,-2.56812722e-02,-1.18707390e+01,0.00000000e+00,1.53036717e-01,2.47394594e-02,1.49975983e+02,2.42446702e+01
1.17200000e+00,-4.85588817e-02,-4.27768512e-01,5.01412316e-02,-3.60984139e-02,-1.18707390e+01,0.00000000e+00,1.53096095e-01,2.50393130e-02,1.50034173e+02,2.45385267e+01
1.17400000e+00,-4.94103540e-02,-4.23639022e-01,5.00587218e-02,-4.64424405e-02,-1.18707390e+01,0.00000000e+00,1.52026434e-01,2.47792663e-02,1.48985906e+02,2.42836810e+01
1.17600000e+00,-5.02532238e-02,-4.19188595e-01,4.99556096e-02,-5.65648411e-02,-1.18707390e+01,0.00000000e+00,1.52495205e-01,2.53613774e-02,1.49445301e+02,2.48541498e+01
1.17800000e+00,-5.10868930e-02,-4.14415110e-01,4.98325895e-02,-6.64965935e-02,-1.18707390e+01,0.00000000e+00,1.51302091e-01,2.50077313e-02,1.48276050e+02,2.45075767e+01
1.18000000e+00,-5.19106389e-02,-4.09273634e-01,4.96895701e-02,-7.65080301e-02,-1.18707390e+01,0.00000000e+00,1.50641472e-01,2.49938989e-02,1.47628643e+02,2.44940209e+01
1.18200000e+00,-5.27238164e-02,-4.03875479e-01,4.95270786e-02,-8.57378589e-02,-1.18707390e+01,0.00000000e+00,1.51964258e-01,2.64200641e-02,1.48924972e+02,2.58916628e+01
1.18400000e+00,-5.35259729e-02,-3.98225435e-01,4.93468517e-02,-9.46180935e-02,-1.18707390e+01,0.00000000e+00,1.51326542e-01,2.54738026e-02,1.48300011e+02,2.49643265e+01
1.18600000e+00,-5.43165144e-02,-3.92269835e-01,4.91484780e-02,-1.03690582e-01,-1.18707390e+01,0.00000000e+00,1.51301759e-01,2.57368605e-02,1.48275723e+02,2.52221233e+01
1.18800000e+00,-5.50948524e-02,-3.86014424e-01,4.89322290e-02,-1.12553713e-01,-1.18707390e+01,0.00000000e+00,1.50699848e-01,2.56079383e-02,1.47685851e+02,2.50957795e+01
1.19000000e+00,-5.58603537e-02,-3.79431516e-01,4.86982671e-02,-1.21410896e-01,-1.18707390e+01,0.00000000e+00,1.49924653e-01,2.54187273e-02,1.46926160e+02,2.49103528e+01
1.19200000e+00,-5.66123784e-02,-3.72548581e-01,4.84467136e-02,-1.30075716e-01,-1.18707390e+01,0.00000000e+00,1.49855897e-01,2.56559098e-02,1.46858779e+02,2.51427916e+01
1.19400000e+00,-5.73503518e-02,-3.65371304e-01,4.81780709e-02,-1.38580650e-01,-1.18707390e+01,0.00000000e+00,1.49100017e-01,2.53740197e-02,1.46118016e+02,2.48665393e+01
1.19600000e+00,-5.80736562e-02,-3.57882990e-01,4.78924257e-02,-1.47033659e-01,-1.18707390e+01,0.00000000e+00,1.48522690e-01,2.53602980e-02,1.45552236e+02,2.48530920e+01
1.19800000e+00,-5.87816930e-02,-3.50108482e-01,4.75901082e-02,-1.55228684e-01,-1.18707390e+01,0.00000000e+00,1.48223823e-01,2.54870162e-02,1.45259347e+02,2.49772759e+01
1.20000000e+00,-5.94739028e-02,-3.42052937e-01,4.72716634e-02,-1.63194981e-01,-1.18707390e+01,0.00000000e+00,1.47639014e-01,2.53887339e-02,1.44686233e+02,2.48809593e+01
1.20200000e+00,-6.01495066e-02,-3.33400219e-01,4.69371179e-02,-1.71476829e-01,-1.18707390e+01,0.00000000e+00,1.39819292e-01,2.43500834e-02,1.37022907e+02,2.38630817e+01
1.20400000e+00,-6.08073859e-02,-3.24570818e-01,4.65860980e-02,-1.79245901e-01,-1.18707390e+01,0.00000000e+00,1.48917254e-01,2.59668854e-02,1.45938909e+02,2.54475477e+01
1.20600000e+00,-6.14478582e-02,-3.15843927e-01,4.62206620e-02,-1.86223531e-01,-1.18707390e+01,0.00000000e+00,1.47478405e-01,2.54921050e-02,1.44528837e+02,2.49822629e+01
1.20800000e+00,-6.20705828e-02,-3.06848854e-01,4.58413397e-02,-1.92997576e-01,-1.18707390e+01,0.00000000e+00,1.47770608e-01,2.58551278e-02,1.44815196e+02,2.53380252e+01
1.21000000e+00,-6.26750763e-02,-2.97587816e-01,4.54487547e-02,-1.99647013e-01,-1.18707390e+01,0.00000000e+00,1.46235728e-01,2.51955091e-02,1.43311013e+02,2.46915989e+01
1.21200000e+00,-6.32607719e-02,-2.88083561e-01,4.50428854e-02,-2.06095768e-01,-1.18707390e+01,0.00000000e+00,1.46907128e-01,2.56992337e-02,1.43968985e+02,2.51852490e+01
1.21400000e+00,-6.38273019e-02,-2.78416418e-01,4.46247626e-02,-2.11958181e-01,-1.18707390e+01,0.00000000e+00,1.47093556e-01,2.58313431e-02,1.44151685e+02,2.53147163e+01
1.21600000e+00,-6.43742771e-02,-2.68508604e-01,4.41951308e-02,-2.17703398e-01,-1.18707390e+01,0.00000000e+00,1.45788639e-01,2.53337998e-02,1.42872866e+02,2.48271238e+01
1.21800000e+00,-6.49011847e-02,-2.58373289e-01,4.37540917e-02,-2.23234549e-01,-1.18707390e+01,0.00000000e+00,1.46119987e-01,2.56529128e-02,1.43197587e+02,2.51398545e+01
1.22000000e+00,-6.54076498e-02,-2.48057193e-01,4.33024792e-02,-2.28335893e-01,-1.18707390e+01,0.00000000e+00,1.45740658e-01,2.55929021e-02,1.42825845e+02,2.50810441e+01
1.22200000e+00,-6.58926409e-02,-2.36582397e-01,4.28393986e-02,-2.35461258e-01,-1.18707390e+01,0.00000000e+00,1.23048736e-01,2.07455635e-02,1.20587761e+02,2.03306522e+01
1.22400000e+00,-6.63539632e-02,-2.25083337e-01,4.23612581e-02,-2.41651003e-01,-1.18707390e+01,0.00000000e+00,1.48987919e-01,2.68766587e-02,1.46008161e+02,2.63391255e+01
1.22600000e+00,-6.67935383e-02,-2.14430317e-01,4.18746232e-02,-2.45098072e-01,-1.18707390e+01,0.00000000e+00,1.46450036e-01,2.58086118e-02,1.43521035e+02,2.52924396e+01
1.22800000e+00,-6.72115467e-02,-2.03570609e-01,4.13809329e-02,-2.48444629e-01,-1.18707390e+01,0.00000000e+00,1.47614778e-01,2.63837857e-02,1.44662483e+02,2.58561099e+01
1.23000000e+00,-6.76077315e-02,-1.92576963e-01,4.08810894e-02,-2.51424084e-01,-1.18707390e+01,0.00000000e+00,1.46599162e-01,2.58663061e-02,1.43667179e+02,2.53489799e+01
1.23200000e+00,-6.79817304e-02,-1.81397140e-01,4.03753002e-02,-2.54308029e-01,-1.18707390e+01,0.00000000e+00,1.46362872e-01,2.58629024e-02,1.43435614e+02,2.53456444e+01
1.23400000e+00,-6.83332595e-02,-1.70126484e-01,3.98642460e-02,-2.56608964e-01,-1.18707390e+01,0.00000000e+00,1.47392266e-01,2.63609661e-02,1.44444420e+02,2.58337468e+01
1.23600000e+00,-6.86621770e-02,-1.58766909e-01,3.93491742e-02,-2.58445161e-01,-1.18707390e+01,0.00000000e+00,1.47016353e-01,2.61033251e-02,1.44076026e+02,2.55812586e+01
1.23800000e+00,-6.89682771e-02,-1.47332309e-01,3.88307672e-02,-2.59828694e-01,-1.18707390e+01,0.00000000e+00,1.48184586e-01,2.65711482e-02,1.45220895e+02,2.60397253e+01
1.24000000e+00,-6.92514589e-02,-1.35826600e-01,3.83101709e-02,-2.60745057e-01,-1.18707390e+01,0.00000000e+00,1.47713295e-01,2.63405890e-02,1.44759029e+02,2.58137772e+01
1.24200000e+00,-6.95104341e-02,-1.22596969e-01,3.77850561e-02,-2.65757059e-01,-1.18707390e+01,0.00000000e+00,1.10066914e-01,1.72257117e-02,1.07865576e+02,1.68811975e+01
1.24400000e+00,-6.97419228e-02,-1.09481360e-01,3.72479743e-02,-2.69522173e-01,-1.18707390e+01,0.00000000e+00,1.52323339e-01,2.81928212e-02,1.49276872e+02,2.76289648e+01
1.24600000e+00,-6.99493721e-02,-9.78845463e-02,3.67099091e-02,-2.68875000e-01,-1.18707390e+01,0.00000000e+00,1.47297581e-01,2.57180427e-02,1.44351629e+02,2.52036818e+01
1.24800000e+00,-7.01333132e-02,-8.60660856e-02,3.61721441e-02,-2.68723155e-01,-1.18707390e+01,0.00000000e+00,1.48693879e-01,2.63849005e-02,1.45720001e+02,2.58572025e+01
1.25000000e+00,-7.02936152e-02,-7.42157508e-02,3.56352859e-02,-2.68167200e-01,-1.18707390e+01,0.00000000e+00,1.47909642e-01,2.57990884e-02,1.44951449e+02,2.52831067e+01
1.25200000e+00,-7.04301293e-02,-6.22950514e-02,3.50995637e-02,-2.67478630e-01,-1.18707390e+01,0.00000000e+00,1.48212690e-01,2.58976919e-02,1.45248436e+02,2.53797381e+01
1.25400000e+00,-7.05428153e-02,-5.04041147e-02,3.45657953e-02,-2.66154243e-01,-1.18707390e+01,0.00000000e+00,1.49573589e-01,2.63706567e-02,1.46582118e+02,2.58432436e+01
1.25600000e+00,-7.06317351e-02,-3.84971432e-02,3.40351341e-02,-2.64548779e-01,-1.18707390e+01,0.00000000e+00,1.48612400e-01,2.57289146e-02,1.45640152e+02,2.52143363e+01
1.25800000e+00,-7.06967969e-02,-2.65798044e-02,3.35078334e-02,-2.62593523e-01,-1.18707390e+01,0.00000000e+00,1.49911152e-01,2.63508501e-02,1.46912929e+02,2.58238331e+01
1.26000000e+00,-7.07380844e-02,-1.47076955e-02,3.29851494e-02,-2.60054290e-01,-1.18707390e+01,0.00000000e+00,1.50054803e-01,2.62069715e-02,1.47053707e+02,2.56828321e+01
1.26200000e+00,-7.07541585e-02,-6.31971009e-04,3.24635262e-02,-2.63649228e-01,-1.18707390e+01,0.00000000e+00,9.86041727e-02,1.27306578e-02,9.66320892e+01,1.24760446e+01
1.26400000e+00,-7.07407697e-02,1.32077072e-02,3.19315174e-02,-2.65797463e-01,-1.18707390e+01,0.00000000e+00,1.55521089e-01,2.84855128e-02,1.52410667e+02,2.79158025e+01
1.26600000e+00,-7.07027966e-02,2.48440551e-02,3.14047031e-02,-2.61395903e-01,-1.18707390e+01,0.00000000e+00,1.49827346e-01,2.57241423e-02,1.46830799e+02,2.52096595e+01
1.26800000e+00,-7.06412976e-02,3.66242250e-02,3.08855206e-02,-2.57614161e-01,-1.18707390e+01,0.00000000e+00,1.51706527e-01,2.64413529e-02,1.48672397e+02,2.59125258e+01
1.27000000e+00,-7.05563729e-02,4.82947121e-02,3.03745690e-02,-2.53348592e-01,-1.18707390e+01,0.00000000e+00,1.51744734e-01,2.60080207e-02,1.48709840e+02,2.54878603e+01
1.27200000e+00,-7.04481426e-02,5.99294755e-02,2.98721433e-02,-2.49057494e-01,-1.18707390e+01,0.00000000e+00,1.51705298e-01,2.57754420e-02,1.48671192e+02,2.52599332e+01
1.27400000e+00,-7.03167406e-02,7.14357258e-02,2.93787457e-02,-2.44156583e-01,-1.18707390e+01,0.00000000e+00,1.53722191e-01,2.65812406e-02,1.50647747e+02,2.60496157e+01
1.27600000e+00,-7.01624745e-02,8.28298265e-02,2.88958219e-02,-2.38798259e-01,-1.18707390e+01,0.00000000e+00,1.53113128e-01,2.60434604e-02,1.50050865e+02,2.55225912e+01
1.27800000e+00,-6.99854783e-02,9.41384717e-02,2.84236857e-02,-2.33240447e-01,-1.18707390e+01,0.00000000e+00,1.54320464e-01,2.63232589e-02,1.51234055e+02,2.57967937e+01
1.28000000e+00,-6.97860125e-02,1.05309241e-01,2.79631492e-02,-2.27248949e-01,-1.18707390e+01,0.00000000e+00,1.54752298e-01,2.62934314e-02,1.51657252e+02,2.57675628e+01
1.28200000e+00,-6.95627092e-02,1.18778055e-01,2.75097143e-02,-2.28719617e-01,-1.18707390e+01,0.00000000e+00,9.88501420e-02,1.00119643e-02,9.68731392e+01,9.81172506e+00
1.28400000e+00,-6.93111189e-02,1.31918994e-01,2.70492213e-02,-2.28765406e-01,-1.18707390e+01,0.00000000e+00,1.60417371e-01,2.86276547e-02,1.57209024e+02,2.80551016e+01
1.28600000e+00,-6.90366867e-02,1.42579803e-01,2.65998431e-02,-2.21025984e-01,-1.18707390e+01,0.00000000e+00,1.54607156e-01,2.57078358e-02,1.51515013e+02,2.51936791e+01
1.28800000e+00,-6.87407312e-02,1.53343320e-01,2.61644542e-02,-2.14281180e-01,-1.18707390e+01,0.00000000e+00,1.55645469e-01,2.59152444e-02,1.52532559e+02,2.53969395e+01
1.29000000e+00,-6.84234442e-02,1.63910774e-01,2.57429917e-02,-2.07126458e-01,-1.18707390e+01,0.00000000e+00,1.56641804e-01,2.59632692e-02,1.53508968e+02,2.54440038e+01
1.29200000e+00,-6.80852146e-02,1.74288510e-01,2.53361260e-02,-1.99705251e-01,-1.18707390e+01,0.00000000e+00,1.57360079e-01,2.58903458e-02,1.54212877e+02,2.53725389e+01
1.29400000e+00,-6.77264468e-02,1.84431203e-01,2.49445314e-02,-1.91743150e-01,-1.18707390e+01,0.00000000e+00,1.59247034e-01,2.65359932e-02,1.56062093e+02,2.60052733e+01
1.29600000e+00,-6.73476218e-02,1.94375885e-01,2.45693711e-02,-1.83454654e-01,-1.18707390e+01,0.00000000e+00,1.58935273e-01,2.60361093e-02,1.55756568e+02,2.55153871e+01
1.29800000e+00,-6.69490445e-02,2.04168708e-01,2.42107222e-02,-1.75152007e-01,-1.18707390e+01,0.00000000e+00,1.59581984e-01,2.60499695e-02,1.56390344e+02,2.55289701e+01
1.30000000e+00,-6.65310935e-02,2.13741803e-01,2.38689874e-02,-1.66512784e-01,-1.18707390e+01,0.00000000e+00,1.60697136e-01,2.62508903e-02,1.57483194e+02,2.57258725e+01
1.30200000e+00,-6.60924603e-02,2.25740195e-01,2.35390418e-02,-1.66316145e-01,-1.18707390e+01,0.00000000e+00,9.93740641e-02,7.85636752e-03,9.73865828e+01,7.69924017e+00
1.30400000e+00,-6.56283913e-02,2.37350877e-01,2.32045922e-02,-1.64816418e-01,-1.18707390e+01,0.00000000e+00,1.66019961e-01,2.85090292e-02,1.62699562e+02,2.79388486e+01
1.30600000e+00,-6.51449315e-02,2.46149685e-01,2.28856419e-02,-1.54518517e-01,-1.18707390e+01,0.00000000e+00,1.61169201e-01,2.58637458e-02,1.57945817e+02,2.53464709e+01
1.30800000e+00,-6.46437528e-02,2.55008081e-01,2.25856581e-02,-1.45510463e-01,-1.18707390e+01,0.00000000e+00,1.60572560e-01,2.53693943e-02,1.57361109e+02,2.48620064e+01
1.31000000e+00,-6.41250655e-02,2.63617041e-01,2.23037505e-02,-1.36276787e-01,-1.18707390e+01,0.00000000e+00,1.62799070e-01,2.59308807e-02,1.59543089e+02,2.54122631e+01
1.31200000e+00,-6.35894949e-02,2.71910670e-01,2.20408336e-02,-1.26619213e-01,-1.18707390e+01,0.00000000e+00,1.63603026e-01,2.58796290e-02,1.60330965e+02,2.53620364e+01
1.31400000e+00,-6.30376104e-02,2.79922941e-01,2.17974790e-02,-1.16653726e-01,-1.18707390e+01,0.00000000e+00,1.64901396e-01,2.62255056e-02,1.61603368e+02,2.57009955e+01
1.31600000e+00,-6.24700001e-02,2.87639785e-01,2.15744515e-02,-1.06339042e-01,-1.18707390e+01,0.00000000e+00,1.65904494e-01,2.62897892e-02,1.62586404e+02,2.57639934e+01
1.31800000e+00,-6.18871994e-02,2.95134416e-01,2.13720520e-02,-9.61305369e-02,-1.18707390e+01,0.00000000e+00,1.65367075e-01,2.57092966e-02,1.62059733e+02,2.51951106e+01
1.32000000e+00,-6.12896276e-02,3.02381314e-01,2.11899450e-02,-8.58986660e-02,-1.18707390e+01,0.00000000e+00,1.66845040e-01,2.60745375e-02,1.63508139e+02,2.55530467e+01
1.32200000e+00,-6.06763279e-02,3.11647443e-01,2.10230243e-02,-8.38151614e-02,-1.18707390e+01,0.00000000e+00,1.13211300e-01,8.36541562e-03,1.10947074e+02,8.19810730e+00
1.32400000e+00,-6.00433432e-02,3.20455557e-01,2.08554631e-02,-8.05643170e-02,-1.18707390e+01,0.00000000e+00,1.72419979e-01,2.82853837e-02,1.68971579e+02,2.77196760e+01
1.32600000e+00,-5.93962087e-02,3.26709127e-01,2.07064032e-02,-6.88596701e-02,-1.18707390e+01,0.00000000e+00,1.67646874e-01,2.58920907e-02,1.64293937e+02,2.53742489e+01
1.32800000e+00,-5.87365253e-02,3.32934784e-01,2.05791894e-02,-5.84075263e-02,-1.18707390e+01,0.00000000e+00,1.67712635e-01,2.54703558e-02,1.64358383e+02,2.49609487e+01
1.33000000e+00,-5.80646693e-02,3.38860833e-01,2.04727868e-02,-4.79348398e-02,-1.18707390e+01,0.00000000e+00,1.69187824e-01,2.57789562e-02,1.65804067e+02,2.52633771e+01
1.33200000e+00,-5.73813154e-02,3.44436776e-01,2.03876527e-02,-3.71582124e-02,-1.18707390e+01,0.00000000e+00,1.70338278e-01,2.59823262e-02,1.66931512e+02,2.54626797e+01
1.33400000e+00,-5.66871070e-02,3.49735574e-01,2.03240963e-02,-2.64680694e-02,-1.18707390e+01,0.00000000e+00,1.70018722e-01,2.55022387e-02,1.66618348e+02,2.49921939e+01
1.33600000e+00,-5.59825785e-02,3.54726292e-01,2.02818030e-02,-1.57440051e-02,-1.18707390e+01,0.00000000e+00,1.71806675e-01,2.59887640e-02,1.68370542e+02,2.54689887e+01
1.33800000e+00,-5.52684211e-02,3.59388168e-01,2.02611551e-02,-4.96764877e-03,-1.18707390e+01,0.00000000e+00,1.71892249e-01,2.55780782e-02,1.68454404e+02,2.50665167e+01
1.34000000e+00,-5.45452169e-02,3.63763375e-01,2.02618118e-02,5.62772584e-03,-1.18707390e+01,0.00000000e+00,1.72619728e-01,2.56054979e-02,1.69167334e+02,2.50933880e+01
1.34200000e+00,-5.38123424e-02,3.69676179e-01,2.02788488e-02,8.99839160e-03,-1.18707390e+01,0.00000000e+00,1.30001849e-01,1.04353830e-02,1.27401812e+02,1.02266754e+01
1.34400000e+00,-5.30668180e-02,3.75130418e-01,2.02984268e-02,1.33004633e-02,-1.18707390e+01,0.00000000e+00,1.77274483e-01,2.75878430e-02,1.73728993e+02,2.70360861e+01
1.34600000e+00,-5.23132341e-02,3.78464682e-01,2.03368543e-02,2.48076215e-02,-1.18707390e+01,0.00000000e+00,1.73401890e-01,2.56089394e-02,1.69933852e+02,2.50967606e+01
1.34800000e+00,-5.15530221e-02,3.81704703e-01,2.03968632e-02,3.51238764e-02,-1.18707390e+01,0.00000000e+00,1.73284268e-01,2.51696201e-02,1.69818583e+02,2.46662277e+01
1.35000000e+00,-5.07866341e-02,3.84616585e-01,2.04772759e-02,4.53292101e-02,-1.18707390e+01,0.00000000e+00,1.74825561e-01,2.54868419e-02,1.71329050e+02,2.49771050e+01
1.35200000e+00,-5.00148102e-02,3.87146793e-01,2.05783051e-02,5.57221068e-02,-1.18707390e+01,0.00000000e+00,1.75912954e-01,2.57034095e-02,1.72394695e+02,2.51893413e+01
1.35400000e+00,-4.92382563e-02,3.89362907e-01,2.07000755e-02,6.59818202e-02,-1.18707390e+01,0.00000000e+00,1.75835107e-01,2.53770330e-02,1.72318405e+02,2.48694923e+01
1.35600000e+00,-4.84575446e-02,3.91299978e-01,2.08420197e-02,7.59224942e-02,-1.18707390e+01,0.00000000e+00,1.76068386e-01,2.52324490e-02,1.72547018e+02,2.47278000e+01
1.35800000e+00,-4.76732534e-02,3.92941591e-01,2.10035902e-02,8.56002542e-02,-1.18707390e+01,0.00000000e+00,1.76343735e-01,2.50520215e-02,1.72816860e+02,2.45509810e+01
1.36000000e+00,-4.68859620e-02,3.94307644e-01,2.11841588e-02,9.48851293e-02,-1.18707390e+01,0.00000000e+00,1.76086339e-01,2.46619145e-02,1.72564612e+02,2.41686762e+01
1.36200000e+00,-4.60953124e-02,3.96739214e-01,2.13791243e-02,9.81613106e-02,-1.18707390e+01,0.00000000e+00,1.44999467e-01,1.27161666e-02,1.42099478e+02,1.24618433e+01
1.36400000e+00,-4.52992917e-02,3.98741056e-01,2.15772719e-02,1.02138830e-01,-1.18707390e+01,0.00000000e+00,1.79640199e-01,2.64163458e-02,1.76047395e+02,2.58880189e+01
1.36600000e+00,-4.45014251e-02,3.99127707e-01,2.17913727e-02,1.11655601e-01,-1.18707390e+01,0.00000000e+00,1.76230542e-01,2.46449140e-02,1.72705932e+02,2.41520157e+01
1.36800000e+00,-4.37028861e-02,3.99356500e-01,2.20232494e-02,1.20205045e-01,-1.18707390e+01,0.00000000e+00,1.76811426e-01,2.47136821e-02,1.73275197e+02,2.42194085e+01
1.37000000e+00,-4.29042185e-02,3.99256083e-01,2.22721238e-02,1.28650952e-01,-1.18707390e+01,0.00000000e+00,1.77403354e-01,2.47796679e-02,1.73855287e+02,2.42840745e+01
1.37200000e+00,-4.21060928e-02,3.98809075e-01,2.25378120e-02,1.37035009e-01,-1.18707390e+01,0.00000000e+00,1.78393470e-01,2.49599915e-02,1.74825601e+02,2.44607917e+01
1.37400000e+00,-4.13092137e-02,3.98014907e-01,2.28202104e-02,1.45338875e-01,-1.18707390e+01,0.00000000e+00,1.79007396e-01,2.50113726e-02,1.75427248e+02,2.45111451e+01
1.37600000e+00,-4.05142324e-02,3.96921924e-01,2.31189527e-02,1.53320526e-01,-1.18707390e+01,0.00000000e+00,1.78882078e-01,2.47071462e-02,1.75304436e+02,2.42130033e+01
1.37800000e+00,-3.97217208e-02,3.95536721e-01,2.34332656e-02,1.60961762e-01,-1.18707390e+01,0.00000000e+00,1.79360869e-01,2.47427283e-02,1.75773651e+02,2.42478738e+01
1.38000000e+00,-3.89322968e-02,3.93834612e-01,2.37626696e-02,1.68407871e-01,-1.18707390e+01,0.00000000e+00,1.79836321e-01,2.47650978e-02,1.76239595e+02,2.42697958e+01
1.38200000e+00,-3.81460886e-02,3.92573184e-01,2.41041542e-02,1.71740405e-01,-1.18707390e+01,0.00000000e+00,1.62639334e-01,1.65942573e-02,1.59386548e+02,1.62623722e+01
1.38400000e+00,-3.73622087e-02,3.91004779e-01,2.44496721e-02,1.75133934e-01,-1.18707390e+01,0.00000000e+00,1.80605384e-01,2.53858929e-02,1.76993276e+02,2.48781750e+01
1.38600000e+00,-3.65827112e-02,3.88473750e-01,2.48070122e-02,1.82010553e-01,-1.18707390e+01,0.00000000e+00,1.78759793e-01,2.44128653e-02,1.75184597e+02,2.39246080e+01
1.38800000e+00,-3.58084501e-02,3.85738225e-01,2.51772498e-02,1.88190520e-01,-1.18707390e+01,0.00000000e+00,1.79052457e-01,2.44499948e-02,1.75471408e+02,2.39609949e+01
1.39000000e+00,-3.50399671e-02,3.82689626e-01,2.55596901e-02,1.94244254e-01,-1.18707390e+01,0.00000000e+00,1.79789933e-01,2.46917716e-02,1.76194134e+02,2.41979362e+01
1.39200000e+00,-3.42778720e-02,3.79370462e-01,2.59539843e-02,1.99934159e-01,-1.18707390e+01,0.00000000e+00,1.79140282e-01,2.42472258e-02,1.75557476e+02,2.37622812e+01
1.39400000e+00,-3.35226527e-02,3.75800149e-01,2.63591309e-02,2.05180416e-01,-1.18707390e+01,0.00000000e+00,1.79479170e-01,2.43371795e-02,1.75889586e+02,2.38504359e+01
1.39600000e+00,-3.27748591e-02,3.71948252e-01,2.67745236e-02,2.10153225e-01,-1.18707390e+01,0.00000000e+00,1.79600169e-01,2.42646227e-02,1.76008166e+02,2.37793303e+01
1.39800000e+00,-3.20350341e-02,3.67834720e-01,2.71994914e-02,2.14747384e-01,-1.18707390e+01,0.00000000e+00,1.79536904e-01,2.41475870e-02,1.75946166e+02,2.36646353e+01
1.40000000e+00,-3.13037014e-02,3.63449372e-01,2.76333071e-02,2.19032442e-01,-1.18707390e+01,0.00000000e+00,1.79964003e-01,2.42337921e-02,1.76364723e+02,2.37491162e+01
1.40200000e+00,-3.05811990e-02,3.59120330e-01,2.80741252e-02,2.21073985e-01,-1.18707390e+01,0.00000000e+00,1.72305279e-01,2.00670604e-02,1.68859173e+02,1.96657192e+01
1.40400000e+00,-2.98673586e-02,3.54583627e-01,2.85174334e-02,2.22861027e-01,-1.18707390e+01,0.00000000e+00,1.78971242e-01,2.43324215e-02,1.75391818e+02,2.38457731e+01
1.40600000e+00,-2.91632247e-02,3.49506639e-01,2.89667252e-02,2.26381793e-01,-1.18707390e+01,0.00000000e+00,1.79161758e-01,2.43465347e-02,1.75578523e+02,2.38596040e+01
1.40800000e+00,-2.84694798e-02,3.44208029e-01,2.94226661e-02,2.29460823e-01,-1.18707390e+01,0.00000000e+00,1.78465201e-01,2.40552656e-02,1.74895897e+02,2.35741603e+01
1.41000000e+00,-2.77865567e-02,3.38663364e-01,2.98844091e-02,2.32300696e-01,-1.18707390e+01,0.00000000e+00,1.79314123e-01,2.45030262e-02,1.75727840e+02,2.40129657e+01
1.41200000e+00,-2.71149787e-02,3.32890202e-01,3.03516327e-02,2.34786349e-01,-1.18707390e+01,0.00000000e+00,1.78298844e-01,2.39781475e-02,1.74732867e+02,2.34985846e+01
1.41400000e+00,-2.64551162e-02,3.26936625e-01,3.08231674e-02,2.36691425e-01,-1.18707390e+01,0.00000000e+00,1.78119130e-01,2.39572154e-02,1.74556748e+02,2.34780711e+01
1.41600000e+00,-2.58073822e-02,3.20757981e-01,3.12982092e-02,2.38312839e-01,-1.18707390e+01,0.00000000e+00,1.78245410e-01,2.40606941e-02,1.74680502e+02,2.35794802e+01
1.41800000e+00,-2.51722205e-02,3.14374936e-01,3.17761526e-02,2.39535139e-01,-1.18707390e+01,0.00000000e+00,1.77684494e-01,2.38017129e-02,1.74130804e+02,2.33256786e+01
1.42000000e+00,-2.45500103e-02,3.07800203e-01,3.22560647e-02,2.40329902e-01,-1.18707390e+01,0.00000000e+00,1.77618683e-01,2.38485400e-02,1.74066310e+02,2.33715692e+01
1.42200000e+00,-2.39411061e-02,3.01095832e-01,3.27367805e-02,2.40087204e-01,-1.18707390e+01,0.00000000e+00,1.75715831e-01,2.23107945e-02,1.72201514e+02,2.18645786e+01
1.42400000e+00,-2.33457077e-02,2.94270337e-01,3.32161110e-02,2.39390712e-01,-1.18707390e+01,0.00000000e+00,1.75560892e-01,2.35811270e-02,1.72049674e+02,2.31095045e+01
1.42600000e+00,-2.27641880e-02,2.87200077e-01,3.36946995e-02,2.39228443e-01,-1.18707390e+01,0.00000000e+00,1.76659589e-01,2.41159046e-02,1.73126397e+02,2.36335865e+01
1.42800000e+00,-2.21970520e-02,2.79912979e-01,3.41729078e-02,2.38890727e-01,-1.18707390e+01,0.00000000e+00,1.75968478e-01,2.38961219e-02,1.72449109e+02,2.34181994e+01
1.43000000e+00,-2.16446365e-02,2.72475257e-01,3.46499928e-02,2.38148580e-01,-1.18707390e+01,0.00000000e+00,1.75639534e-01,2.39488362e-02,1.72126743e+02,2.34698594e+01
1.43200000e+00,-2.11072508e-02,2.64887719e-01,3.51252648e-02,2.37050443e-01,-1.18707390e+01,0.00000000e+00,1.75051573e-01,2.38282794e-02,1.71550542e+02,2.33517138e+01
1.43400000e+00,-2.05851641e-02,2.57182412e-01,3.55978547e-02,2.35442550e-01,-1.18707390e+01,0.00000000e+00,1.74098153e-01,2.35546000e-02,1.70616190e+02,2.30835080e+01
1.43600000e+00,-2.00786184e-02,2.49331267e-01,3.60668271e-02,2.33522836e-01,-1.18707390e+01,0.00000000e+00,1.74292447e-01,2.38445085e-02,1.70806599e+02,2.33676183e+01
1.43800000e+00,-1.95879592e-02,2.41299836e-01,3.65318621e-02,2.31477217e-01,-1.18707390e+01,0.00000000e+00,1.74272930e-01,2.39554816e-02,1.70787471e+02,2.34763720e+01
1.44000000e+00,-1.91135139e-02,2.33126076e-01,3.69925219e-02,2.29110593e-01,-1.18707390e+01,0.00000000e+00,1.73711961e-01,2.38297424e-02,1.70237722e+02,2.33531475e+01
1.44200000e+00,-1.86556495e-02,2.24660456e-01,3.74482760e-02,2.26701333e-01,-1.18707390e+01,0.00000000e+00,1.77321053e-01,2.45180698e-02,1.73774632e+02,2.40277084e+01
1.44400000e+00,-1.82149032e-02,2.16148223e-01,3.78989920e-02,2.23789343e-01,-1.18707390e+01,0.00000000e+00,1.71168234e-01,2.34194900e-02,1.67744869e+02,2.29511002e+01
1.44600000e+00,-1.77909866e-02,2.07740966e-01,3.83429914e-02,2.20214422e-01,-1.18707390e+01,0.00000000e+00,1.71373282e-01,2.37623220e-02,1.67945817e+02,2.32870755e+01
1.44800000e+00,-1.73840195e-02,1.99213527e-01,3.87797177e-02,2.16441491e-01,-1.18707390e+01,0.00000000e+00,1.70619660e-01,2.36292727e-02,1.67207266e+02,2.31566873e+01
1.45000000e+00,-1.69941982e-02,1.90587581e-01,3.92085920e-02,2.12420520e-01,-1.18707390e+01,0.00000000e+00,1.70457786e-01,2.38560001e-02,1.67048631e+02,2.33788801e+01
1.45200000e+00,-1.66217396e-02,1.81855904e-01,3.96293024e-02,2.08253538e-01,-1.18707390e+01,0.00000000e+00,1.70014248e-01,2.39254954e-02,1.66613963e+02,2.34469855e+01
1.45400000e+00,-1.62668272e-02,1.73045365e-01,4.00414243e-02,2.03813759e-01,-1.18707390e+01,0.00000000e+00,1.69367428e-01,2.38739338e-02,1.65980079e+02,2.33964551e+01
1.45600000e+00,-1.59296077e-02,1.64160568e-01,4.04443863e-02,1.99117235e-01,-1.18707390e+01,0.00000000e+00,1.68960436e-01,2.39641526e-02,1.65581228e+02,2.34848696e+01
1.45800000e+00,-1.56102160e-02,1.55229184e-01,4.08376582e-02,1.94068265e-01,-1.18707390e+01,0.00000000e+00,1.67812300e-01,2.36979913e-02,1.64456054e+02,2.32240315e+01
1.46000000e+00,-1.53087230e-02,1.46249712e-01,4.12204557e-02,1.88713862e-01,-1.18707390e+01,0.00000000e+00,1.67586380e-01,2.38720808e-02,1.64234653e+02,2.33946392e+01
1.46200000e+00,-1.50255599e-02,1.36756105e-01,4.15934119e-02,1.84706522e-01,-1.18707390e+01,0.00000000e+00,1.77476637e-01,2.70600995e-02,1.73927105e+02,2.65188975e+01
1.46400000e+00,-1.47616694e-02,1.27306198e-01,4.19588757e-02,1.80090236e-01,-1.18707390e+01,0.00000000e+00,1.64371738e-01,2.31176046e-02,1.61084303e+02,2.26552525e+01
1.46600000e+00,-1.45160226e-02,1.18325085e-01,4.23124952e-02,1.73557637e-01,-1.18707390e+01,0.00000000e+00,1.64480297e-01,2.35456040e-02,1.61190691e+02,2.30746920e+01
1.46800000e+00,-1.42884181e-02,1.09270477e-01,4.26531407e-02,1.67076687e-01,-1.18707390e+01,0.00000000e+00,1.64194195e-01,2.37152919e-02,1.60910311e+02,2.32409861e+01
1.47000000e+00,-1.40789800e-02,1.00156890e-01,4.29808209e-02,1.60624217e-01,-1.18707390e+01,0.00000000e+00,1.64111635e-01,2.40761415e-02,1.60829402e+02,2.35946187e+01
1.47200000e+00,-1.38878110e-02,9.10125956e-02,4.32956089e-02,1.54128854e-01,-1.18707390e+01,0.00000000e+00,1.63313840e-01,2.40775944e-02,1.60047563e+02,2.35960426e+01
1.47400000e+00,-1.37148834e-02,8.19376190e-02,4.35969874e-02,1.47110103e-01,-1.18707390e+01,0.00000000e+00,1.61043087e-01,2.34108957e-02,1.57822225e+02,2.29426778e+01
1.47600000e+00,-1.35600355e-02,7.29002432e-02,4.38838506e-02,1.39793301e-01,-1.18707390e+01,0.00000000e+00,1.61134298e-01,2.38647947e-02,1.57911612e+02,2.33874988e+01
1.47800000e+00,-1.34232712e-02,6.38796660e-02,4.41560527e-02,1.32314771e-01,-1.18707390e+01,0.00000000e+00,1.59497222e-01,2.34633024e-02,1.56307278e+02,2.29940363e+01
1.48000000e+00,-1.33044777e-02,5.49177338e-02,4.44128859e-02,1.24500564e-01,-1.18707390e+01,0.00000000e+00,1.58757580e-01,2.35302935e-02,1.55582428e+02,2.30596876e+01
1.48200000e+00,-1.32041214e-02,4.51742316e-02,4.46560202e-02,1.19633690e-01,-1.18707390e+01,0.00000000e+00,1.76902517e-01,2.99994874e-02,1.73364467e+02,2.93994977e+01
1.48400000e+00,-1.31237099e-02,3.55370158e-02,4.48910541e-02,1.14217254e-01,-1.18707390e+01,0.00000000e+00,1.55576968e-01,2.27142557e-02,1.52465429e+02,2.22599706e+01
1.48600000e+00,-1.30613975e-02,2.67634023e-02,4.51106976e-02,1.05513616e-01,-1.18707390e+01,0.00000000e+00,1.56177987e-01,2.34170081e-02,1.53054428e+02,2.29486679e+01
1.48800000e+00,-1.30166889e-02,1.79408152e-02,4.53133441e-02,9.71632226e-02,-1.18707390e+01,0.00000000e+00,1.56320392e-01,2.37486320e-02,1.53193984e+02,2.32736594e+01
1.49000000e+00,-1.29896549e-02,9.08725823e-03,4.54995702e-02,8.91424450e-02,-1.18707390e+01,0.00000000e+00,1.56644871e-01,2.43782165e-02,1.53511973e+02,2.38906522e+01
1.49200000e+00,-1.29803356e-02,2.40205695e-04,4.56700852e-02,8.13786308e-02,-1.18707390e+01,0.00000000e+00,1.56056181e-01,2.45347627e-02,1.52935058e+02,2.40440674e+01
1.49400000e+00,-1.29885937e-02,-8.45619523e-03,4.58247724e-02,7.31463151e-02,-1.18707390e+01,0.00000000e+00,1.53156288e-01,2.36191067e-02,1.50093162e+02,2.31467246e+01
1.49600000e+00,-1.30140733e-02,-1.70219810e-02,4.59624623e-02,6.46018203e-02,-1.18707390e+01,0.00000000e+00,1.53177080e-01,2.40797095e-02,1.50113538e+02,2.35981153e+01
1.49800000e+00,-1.30566437e-02,-2.55308783e-02,4.60832267e-02,5.61279741e-02,-1.18707390e+01,0.00000000e+00,1.52139668e-01,2.39433634e-02,1.49096874e+02,2.34644962e+01
1.50000000e+00,-1.31161171e-02,-3.39202637e-02,4.61868389e-02,4.74511832e-02,-1.18707390e+01,0.00000000e+00,1.50835569e-01,2.38052739e-02,1.47818857e+02,2.33291684e+01
1.50200000e+00,-1.31929332e-02,-4.32223244e-02,4.62757650e-02,4.28739772e-02,-1.18707390e+01,0.00000000e+00,1.74056900e-01,3.26778742e-02,1.70575762e+02,3.20243167e+01
1.50400000e+00,-1.32888942e-02,-5.23561424e-02,4.63579957e-02,3.77886038e-02,-1.18707390e+01,0.00000000e+00,1.47648698e-01,2.28575383e-02,1.44695724e+02,2.24003875e+01
1.50600000e+00,-1.34016046e-02,-6.03602420e-02,4.64240391e-02,2.83831463e-02,-1.18707390e+01,0.00000000e+00,1.48545819e-01,2.37082504e-02,1.45574903e+02,2.32340854e+01
1.50800000e+00,-1.35303509e-02,-6.83878885e-02,4.64719357e-02,1.95887491e-02,-1.18707390e+01,0.00000000e+00,1.49217155e-01,2.42121986e-02,1.46232812e+02,2.37279547e+01
1.51000000e+00,-1.36751555e-02,-7.64146260e-02,4.65027487e-02,1.13261440e-02,-1.18707390e+01,0.00000000e+00,1.49673889e-01,2.48719156e-02,1.46680411e+02,2.43744773e+01
1.51200000e+00,-1.38359820e-02,-8.44002871e-02,4.65175757e-02,3.56655535e-03,-1.18707390e+01,0.00000000e+00,1.49537533e-01,2.52924062e-02,1.46546783e+02,2.47865580e+01
1.51400000e+00,-1.40125934e-02,-9.21409562e-02,4.65166659e-02,-4.71645953e-03,-1.18707390e+01,0.00000000e+00,1.45358924e-01,2.37752264e-02,1.42451745e+02,2.32997218e+01
1.51600000e+00,-1.42043753e-02,-9.96259067e-02,4.64983631e-02,-1.35195547e-02,-1.18707390e+01,0.00000000e+00,1.45097020e-01,2.41782304e-02,1.42195080e+02,2.36946658e+01
1.51800000e+00,-1.44110179e-02,-1.06992301e-01,4.64627178e-02,-2.21274465e-02,-1.18707390e+01,0.00000000e+00,1.44245285e-01,2.41375494e-02,1.41360379e+02,2.36547984e+01
1.52000000e+00,-1.46322319e-02,-1.14189711e-01,4.64098132e-02,-3.07955649e-02,-1.18707390e+01,0.00000000e+00,1.42924635e-01,2.39797671e-02,1.40066142e+02,2.35001717e+01
1.52200000e+00,-1.48684757e-02,-1.22435361e-01,4.63429580e-02,-3.43307992e-02,-1.18707390e+01,0.00000000e+00,1.70636290e-01,3.48181217e-02,1.67223564e+02,3.41217593e+01
1.52400000e+00,-1.51218499e-02,-1.30495876e-01,4.62722483e-02,-3.82280586e-02,-1.18707390e+01,0.00000000e+00,1.40632180e-01,2.31196980e-02,1.37819537e+02,2.26573040e+01
1.52600000e+00,-1.53895647e-02,-1.37214690e-01,4.61866299e-02,-4.72487850e-02,-1.18707390e+01,0.00000000e+00,1.41442277e-01,2.39453849e-02,1.38613432e+02,2.34664772e+01
1.52800000e+00,-1.56707147e-02,-1.43942608e-01,4.60838258e-02,-5.54106310e-02,-1.18707390e+01,0.00000000e+00,1.43112609e-01,2.47790166e-02,1.40250357e+02,2.42834362e+01
1.53000000e+00,-1.59653066e-02,-1.50627726e-01,4.59653952e-02,-6.29608076e-02,-1.18707390e+01,0.00000000e+00,1.42819583e-01,2.50631991e-02,1.39963191e+02,2.45619351e+01
1.53200000e+00,-1.62731731e-02,-1.57234133e-01,4.58324254e-02,-6.98468909e-02,-1.18707390e+01,0.00000000e+00,1.43759566e-01,2.59858693e-02,1.40884375e+02,2.54661519e+01
1.53400000e+00,-1.65940411e-02,-1.63537627e-01,4.56856833e-02,-7.72193604e-02,-1.18707390e+01,0.00000000e+00,1.38334510e-01,2.38355190e-02,1.35567820e+02,2.33588086e+01
1.53600000e+00,-1.69270846e-02,-1.69482618e-01,4.55230708e-02,-8.53074648e-02,-1.18707390e+01,0.00000000e+00,1.38076671e-01,2.42547835e-02,1.35315138e+02,2.37696878e+01
1.53800000e+00,-1.72718781e-02,-1.75287419e-01,4.53447283e-02,-9.29832791e-02,-1.18707390e+01,0.00000000e+00,1.37849487e-01,2.44492954e-02,1.35092497e+02,2.39603095e+01
1.54000000e+00,-1.76280913e-02,-1.80877727e-01,4.51511388e-02,-1.00657440e-01,-1.18707390e+01,0.00000000e+00,1.35949395e-01,2.39848087e-02,1.33230407e+02,2.35051125e+01
1.54200000e+00,-1.79960596e-02,-1.87473753e-01,4.49457456e-02,-1.02861904e-01,-1.18707390e+01,0.00000000e+00,1.64328927e-01,3.56384439e-02,1.61042348e+02,3.49256750e+01
1.54400000e+00,-1.83778731e-02,-1.93900069e-01,4.47396141e-02,-1.05181542e-01,-1.18707390e+01,0.00000000e+00,1.35072536e-01,2.34487501e-02,1.32371085e+02,2.29797751e+01
1.54600000e+00,-1.87707559e-02,-1.98970518e-01,4.45214914e-02,-1.12792930e-01,-1.18707390e+01,0.00000000e+00,1.35832359e-01,2.42226158e-02,1.33115712e+02,2.37381635e+01
1.54800000e+00,-1.91737628e-02,-2.04052328e-01,4.42891962e-02,-1.19273668e-01,-1.18707390e+01,0.00000000e+00,1.38607181e-01,2.54928755e-02,1.35835037e+02,2.49830180e+01
1.55000000e+00,-1.95869288e-02,-2.09079534e-01,4.40449053e-02,-1.24991653e-01,-1.18707390e+01,0.00000000e+00,1.37908552e-01,2.54769926e-02,1.35150381e+02,2.49674527e+01
1.55200000e+00,-2.00100036e-02,-2.13990707e-01,4.37896920e-02,-1.30016220e-01,-1.18707390e+01,0.00000000e+00,1.39329399e-01,2.65859048e-02,1.36542811e+02,2.60541867e+01
1.55400000e+00,-2.04426595e-02,-2.18553779e-01,4.35245188e-02,-1.35523014e-01,-1.18707390e+01,0.00000000e+00,1.33287164e-01,2.40880776e-02,1.30621421e+02,2.36063161e+01
1.55600000e+00,-2.08839419e-02,-2.22701659e-01,4.32470663e-02,-1.41830119e-01,-1.18707390e+01,0.00000000e+00,1.33212730e-01,2.45123049e-02,1.30548475e+02,2.40220588e+01
1.55800000e+00,-2.13333807e-02,-2.26721254e-01,4.29576456e-02,-1.47466332e-01,-1.18707390e+01,0.00000000e+00,1.33941902e-01,2.50851731e-02,1.31263064e+02,2.45834696e+01
1.56000000e+00,-2.17906613e-02,-2.30492466e-01,4.26572009e-02,-1.53102731e-01,-1.18707390e+01,0.00000000e+00,1.31125895e-01,2.40849578e-02,1.28503377e+02,2.36032586e+01
1.56200000e+00,-2.22559529e-02,-2.35167224e-01,4.23487482e-02,-1.53469704e-01,-1.18707390e+01,0.00000000e+00,1.58836112e-01,3.57059751e-02,1.55659390e+02,3.49918556e+01
1.56400000e+00,-2.27312610e-02,-2.39738281e-01,4.20435185e-02,-1.53541546e-01,-1.18707390e+01,0.00000000e+00,1.32562447e-01,2.42677006e-02,1.29911198e+02,2.37823466e+01
1.56600000e+00,-2.32140397e-02,-2.43009861e-01,4.17311461e-02,-1.58766982e-01,-1.18707390e+01,0.00000000e+00,1.32398353e-01,2.44444841e-02,1.29750386e+02,2.39555944e+01
1.56800000e+00,-2.37032815e-02,-2.46253025e-01,4.14091476e-02,-1.62947024e-01,-1.18707390e+01,0.00000000e+00,1.35879094e-01,2.60038114e-02,1.33161512e+02,2.54837351e+01
1.57000000e+00,-2.41990205e-02,-2.49449253e-01,4.10799493e-02,-1.66240181e-01,-1.18707390e+01,0.00000000e+00,1.35335250e-01,2.58371194e-02,1.32628545e+02,2.53203770e+01
1.57200000e+00,-2.47009792e-02,-2.52496466e-01,4.07445942e-02,-1.68922434e-01,-1.18707390e+01,0.00000000e+00,1.36482118e-01,2.68081951e-02,1.33752475e+02,2.62720312e+01
1.57400000e+00,-2.52087818e-02,-2.55206901e-01,4.04040469e-02,-1.71923538e-01,-1.18707390e+01,0.00000000e+00,1.31599523e-01,2.46824583e-02,1.28967532e+02,2.41888091e+01
1.57600000e+00,-2.57215412e-02,-2.57519053e-01,4.00564409e-02,-1.75613354e-01,-1.18707390e+01,0.00000000e+00,1.31351493e-01,2.48675417e-02,1.28724463e+02,2.43701909e+01
1.57800000e+00,-2.62387517e-02,-2.59671739e-01,3.97019727e-02,-1.78734420e-01,-1.18707390e+01,0.00000000e+00,1.32086504e-01,2.53712069e-02,1.29444774e+02,2.48637827e+01
1.58000000e+00,-2.67600634e-02,-2.61577234e-01,3.93415496e-02,-1.81785869e-01,-1.18707390e+01,0.00000000e+00,1.29822872e-01,2.44999803e-02,1.27226415e+02,2.40099807e+01
1.58200000e+00,-2.72855228e-02,-2.64175914e-01,3.89778553e-02,-1.80298906e-01,-1.18707390e+01,0.00000000e+00,1.52564444e-01,3.43778301e-02,1.49513155e+02,3.36902735e+01
1.58400000e+00,-2.78166964e-02,-2.66668699e-01,3.86205571e-02,-1.78507011e-01,-1.18707390e+01,0.00000000e+00,1.31672985e-01,2.46282589e-02,1.29039525e+02,2.41356937e+01
1.58600000e+00,-2.83514717e-02,-2.68072707e-01,3.82609321e-02,-1.81057513e-01,-1.18707390e+01,0.00000000e+00,1.31482248e-01,2.47504463e-02,1.28852603e+02,2.42554374e+01
1.58800000e+00,-2.88889552e-02,-2.69428597e-01,3.78969813e-02,-1.82626795e-01,-1.18707390e+01,0.00000000e+00,1.34930752e-01,2.61686640e-02,1.32232137e+02,2.56452908e+01
1.59000000e+00,-2.94291479e-02,-2.70727224e-01,3.75309681e-02,-1.83381387e-01,-1.18707390e+01,0.00000000e+00,1.34548469e-01,2.59379131e-02,1.31857500e+02,2.54191548e+01
1.59200000e+00,-2.99717659e-02,-2.71878606e-01,3.71638132e-02,-1.83599851e-01,-1.18707390e+01,0.00000000e+00,1.35914793e-01,2.67696524e-02,1.33196497e+02,2.62342594e+01
1.59400000e+00,-3.05164729e-02,-2.72745873e-01,3.67964904e-02,-1.83935825e-01,-1.18707390e+01,0.00000000e+00,1.32352183e-01,2.51665625e-02,1.29705139e+02,2.46632312e+01
1.59600000e+00,-3.10625094e-02,-2.73253166e-01,3.64277291e-02,-1.84782900e-01,-1.18707390e+01,0.00000000e+00,1.31958363e-01,2.51704103e-02,1.29319196e+02,2.46670021e+01
1.59800000e+00,-3.16093702e-02,-2.73587305e-01,3.60576405e-02,-1.85207458e-01,-1.18707390e+01,0.00000000e+00,1.32768737e-01,2.55249436e-02,1.30113362e+02,2.50144447e+01
1.60000000e+00,-3.21567224e-02,-2.73717154e-01,3.56870365e-02,-1.85426279e-01,-1.18707390e+01,0.00000000e+00,1.31652124e-01,2.50728952e-02,1.29019082e+02,2.45714373e+01
1.60200000e+00,-3.27045360e-02,-2.74292854e-01,3.53183062e-02,-1.82089450e-01,-1.18707390e+01,0.00000000e+00,1.47657495e-01,3.24606331e-02,1.44704345e+02,3.18114205e+01
1.60400000e+00,-3.32538377e-02,-2.74784430e-01,3.49588880e-02,-1.78438370e-01,-1.18707390e+01,0.00000000e+00,1.34167547e-01,2.52171113e-02,1.31484196e+02,2.47127690e+01
1.60600000e+00,-3.38031519e-02,-2.74493322e-01,3.46023997e-02,-1.78016564e-01,-1.18707390e+01,0.00000000e+00,1.33853474e-01,2.51729547e-02,1.31176404e+02,2.46694956e+01
1.60800000e+00,-3.43517586e-02,-2.74123631e-01,3.42473071e-02,-1.76866867e-01,-1.18707390e+01,0.00000000e+00,1.36811235e-01,2.62372964e-02,1.34075011e+02,2.57125504e+01
1.61000000e+00,-3.48995967e-02,-2.73679252e-01,3.38953565e-02,-1.75080845e-01,-1.18707390e+01,0.00000000e+00,1.36582059e-01,2.60050880e-02,1.33850418e+02,2.54849862e+01
1.61200000e+00,-3.54463852e-02,-2.73099163e-01,3.35473060e-02,-1.72811362e-01,-1.18707390e+01,0.00000000e+00,1.38105934e-01,2.67540066e-02,1.35343815e+02,2.62189265e+01
1.61400000e+00,-3.59918385e-02,-2.72286792e-01,3.32040850e-02,-1.70580835e-01,-1.18707390e+01,0.00000000e+00,1.35609972e-01,2.54320209e-02,1.32897772e+02,2.49233804e+01
1.61600000e+00,-3.65353410e-02,-2.71187464e-01,3.28647389e-02,-1.68715925e-01,-1.18707390e+01,0.00000000e+00,1.35841637e-01,2.55010546e-02,1.33124804e+02,2.49910335e+01
1.61800000e+00,-3.70764974e-02,-2.69951767e-01,3.25295219e-02,-1.66400195e-01,-1.18707390e+01,0.00000000e+00,1.36845973e-01,2.58985081e-02,1.34109054e+02,2.53805380e+01
1.62000000e+00,-3.76150341e-02,-2.68545103e-01,3.21992771e-02,-1.63876120e-01,-1.18707390e+01,0.00000000e+00,1.36248375e-01,2.54655509e-02,1.33523407e+02,2.49562398e+01
1.62200000e+00,-3.81508507e-02,-2.67397681e-01,3.18756499e-02,-1.58903685e-01,-1.18707390e+01,0.00000000e+00,1.47282989e-01,3.05736089e-02,1.44337329e+02,2.99621367e+01
1.62400000e+00,-3.86845915e-02,-2.66200327e-01,3.15639046e-02,-1.53567758e-01,-1.18707390e+01,0.00000000e+00,1.39442991e-01,2.57806971e-02,1.36654131e+02,2.52650831e+01
1.62600000e+00,-3.92152776e-02,-2.64441385e-01,3.12598571e-02,-1.50514304e-01,-1.18707390e+01,0.00000000e+00,1.38499266e-01,2.53470810e-02,1.35729281e+02,2.48401394e+01
1.62800000e+00,-3.97422904e-02,-2.62582457e-01,3.09621445e-02,-1.47015183e-01,-1.18707390e+01,0.00000000e+00,1.41416382e-01,2.62894961e-02,1.38588054e+02,2.57637062e+01
1.63000000e+00,-4.02655686e-02,-2.60665335e-01,3.06721394e-02,-1.43001522e-01,-1.18707390e+01,0.00000000e+00,1.41418765e-01,2.60111645e-02,1.38590390e+02,2.54909412e+01
1.63200000e+00,-4.07848782e-02,-2.58637856e-01,3.03903692e-02,-1.38641703e-01,-1.18707390e+01,0.00000000e+00,1.43085157e-01,2.66118247e-02,1.40223454e+02,2.60795883e+01
1.63400000e+00,-4.13000265e-02,-2.56470069e-01,3.01176788e-02,-1.34122548e-01,-1.18707390e+01,0.00000000e+00,1.42354102e-01,2.59541812e-02,1.39507020e+02,2.54350976e+01
1.63600000e+00,-4.18106226e-02,-2.54098556e-01,2.98537596e-02,-1.29782600e-01,-1.18707390e+01,0.00000000e+00,1.42502324e-01,2.58568742e-02,1.39652278e+02,2.53397367e+01
1.63800000e+00,-4.23163365e-02,-2.51600746e-01,2.95987133e-02,-1.25195371e-01,-1.18707390e+01,0.00000000e+00,1.43541313e-01,2.61070275e-02,1.40670487e+02,2.55848869e+01
1.64000000e+00,-4.28169352e-02,-2.48967270e-01,2.93530636e-02,-1.20479906e-01,-1.18707390e+01,0.00000000e+00,1.43429278e-01,2.57731792e-02,1.40560692e+02,2.52577156e+01
1.64200000e+00,-4.33122525e-02,-2.46404216e-01,2.91176432e-02,-1.14490374e-01,-1.18707390e+01,0.00000000e+00,1.49240990e-01,2.84427199e-02,1.46256171e+02,2.78738655e+01
1.64400000e+00,-4.38025243e-02,-2.43799535e-01,2.88952721e-02,-1.08245790e-01,-1.18707390e+01,0.00000000e+00,1.46469138e-01,2.59881631e-02,1.43539755e+02,2.54683998e+01
1.64600000e+00,-4.42872538e-02,-2.40899561e-01,2.86839026e-02,-1.03137262e-01,-1.18707390e+01,0.00000000e+00,1.46309470e-01,2.57540904e-02,1.43383280e+02,2.52390086e+01
1.64800000e+00,-4.47660651e-02,-2.37913541e-01,2.84828878e-02,-9.77815146e-02,-1.18707390e+01,0.00000000e+00,1.48379348e-01,2.62177655e-02,1.45411761e+02,2.56934101e+01
1.65000000e+00,-4.52388647e-02,-2.34862730e-01,2.82929403e-02,-9.21801505e-02,-1.18707390e+01,0.00000000e+00,1.48667389e-01,2.59959948e-02,1.45694041e+02,2.54760749e+01
1.65200000e+00,-4.57054668e-02,-2.31737972e-01,2.81143527e-02,-8.63007119e-02,-1.18707390e+01,0.00000000e+00,1.50473153e-01,2.65439625e-02,1.47463690e+02,2.60130832e+01
1.65400000e+00,-4.61657478e-02,-2.28509944e-01,2.79477971e-02,-8.03318373e-02,-1.18707390e+01,0.00000000e+00,1.50024701e-01,2.59433171e-02,1.47024207e+02,2.54244508e+01
1.65600000e+00,-4.66194062e-02,-2.25131358e-01,2.77929008e-02,-7.45497634e-02,-1.18707390e+01,0.00000000e+00,1.50672036e-01,2.59282329e-02,1.47658595e+02,2.54096682e+01
1.65800000e+00,-4.70662054e-02,-2.21651123e-01,2.76496485e-02,-6.86920329e-02,-1.18707390e+01,0.00000000e+00,1.51310934e-01,2.58950878e-02,1.48284715e+02,2.53771860e+01
1.66000000e+00,-4.75059263e-02,-2.18044382e-01,2.75180845e-02,-6.29065601e-02,-1.18707390e+01,0.00000000e+00,1.51320098e-01,2.55862396e-02,1.48293696e+02,2.50745148e+01
1.66200000e+00,-4.79383635e-02,-2.14408468e-01,2.73983178e-02,-5.66778436e-02,-1.18707390e+01,0.00000000e+00,1.54174249e-01,2.66518938e-02,1.51090764e+02,2.61188559e+01
1.66400000e+00,-4.83635372e-02,-2.10738034e-01,2.72914804e-02,-5.02881335e-02,-1.18707390e+01,0.00000000e+00,1.53999107e-01,2.57688801e-02,1.50919125e+02,2.52535025e+01
1.66600000e+00,-4.87812231e-02,-2.06928713e-01,2.71968697e-02,-4.43416912e-02,-1.18707390e+01,0.00000000e+00,1.54354001e-01,2.55838810e-02,1.51266921e+02,2.50722034e+01
1.66800000e+00,-4.91912034e-02,-2.03046451e-01,2.71141505e-02,-3.83400130e-02,-1.18707390e+01,0.00000000e+00,1.55657264e-01,2.57642157e-02,1.52544119e+02,2.52489314e+01
1.67000000e+00,-4.95933506e-02,-1.99076830e-01,2.70434403e-02,-3.24423408e-02,-1.18707390e+01,0.00000000e+00,1.55611589e-01,2.52621209e-02,1.52499357e+02,2.47568785e+01
1.67200000e+00,-4.99874660e-02,-1.95040136e-01,2.69844011e-02,-2.65147077e-02,-1.18707390e+01,0.00000000e+00,1.57323706e-01,2.57403761e-02,1.54177232e+02,2.52255686e+01
1.67400000e+00,-5.03734967e-02,-1.90981717e-01,2.69375448e-02,-2.03421413e-02,-1.18707390e+01,0.00000000e+00,1.58271733e-01,2.57067791e-02,1.55106298e+02,2.51926435e+01
1.67600000e+00,-5.07513445e-02,-1.86850716e-01,2.69029715e-02,-1.42611410e-02,-1.18707390e+01,0.00000000e+00,1.58728939e-01,2.54962940e-02,1.55554360e+02,2.49863681e+01
1.67800000e+00,-5.11208850e-02,-1.82697863e-01,2.68806173e-02,-8.00454554e-03,-1.18707390e+01,0.00000000e+00,1.60794736e-01,2.60409015e-02,1.57578841e+02,2.55200835e+01
1.68000000e+00,-5.14821222e-02,-1.78524420e-01,2.68710326e-02,-1.62893801e-03,-1.18707390e+01,0.00000000e+00,1.61213635e-01,2.57297858e-02,1.57989363e+02,2.52151901e+01
1.68200000e+00,-5.18349138e-02,-1.74247765e-01,2.68738870e-02,4.42491471e-03,-1.18707390e+01,0.00000000e+00,1.61280276e-01,2.53671206e-02,1.58054671e+02,2.48597782e+01
1.68400000e+00,-5.21791234e-02,-1.69986250e-01,2.68889323e-02,1.07786607e-02,-1.18707390e+01,0.00000000e+00,1.64394787e-01,2.63782268e-02,1.61106891e+02,2.58506622e+01
1.68600000e+00,-5.25148635e-02,-1.65731667e-01,2.69171198e-02,1.73097094e-02,-1.18707390e+01,0.00000000e+00,1.64200266e-01,2.57768410e-02,1.60916260e+02,2.52613041e+01
1.68800000e+00,-5.28420090e-02,-1.61415555e-01,2.69580137e-02,2.36047185e-02,-1.18707390e+01,0.00000000e+00,1.65645210e-01,2.59386380e-02,1.62332305e+02,2.54198652e+01
1.69000000e+00,-5.31605147e-02,-1.57083012e-01,2.70115289e-02,2.98849875e-02,-1.18707390e+01,0.00000000e+00,1.66434034e-01,2.58197782e-02,1.63105354e+02,2.53033826e+01
1.69200000e+00,-5.34702958e-02,-1.52682637e-01,2.70773836e-02,3.59102097e-02,-1.18707390e+01,0.00000000e+00,1.66606853e-01,2.54948888e-02,1.63274716e+02,2.49849910e+01
1.69400000e+00,-5.37712317e-02,-1.48261933e-01,2.71551630e-02,4.19253826e-02,-1.18707390e+01,0.00000000e+00,1.68433724e-01,2.59073659e-02,1.65065050e+02,2.53892186e+01
1.69600000e+00,-5.40633520e-02,-1.43853879e-01,2.72451273e-02,4.80038419e-02,-1.18707390e+01,0.00000000e+00,1.69305063e-01,2.57537523e-02,1.65918962e+02,2.52386773e+01
1.69800000e+00,-5.43466415e-02,-1.39437284e-01,2.73471520e-02,5.40426948e-02,-1.18707390e+01,0.00000000e+00,1.70564743e-01,2.59675255e-02,1.67153449e+02,2.54481750e+01
1.70000000e+00,-5.46210980e-02,-1.35015974e-01,2.74612873e-02,6.00653647e-02,-1.18707390e+01,0.00000000e+00,1.71453401e-01,2.58803653e-02,1.68024333e+02,2.53627579e+01
1.70200000e+00,-5.48865596e-02,-1.30375945e-01,2.75866384e-02,6.49256744e-02,-1.18707390e+01,0.00000000e+00,1.67639521e-01,2.37046720e-02,1.64286730e+02,2.32305786e+01
1.70400000e+00,-5.51425892e-02,-1.25717017e-01,2.77209855e-02,6.97791381e-02,-1.18707390e+01,0.00000000e+00,1.73121114e-01,2.60560851e-02,1.69658691e+02,2.55349634e+01
1.70600000e+00,-5.53895589e-02,-1.21254846e-01,2.78664243e-02,7.56364267e-02,-1.18707390e+01,0.00000000e+00,1.74271506e-01,2.60170712e-02,1.70786076e+02,2.54967298e+01
1.70800000e+00,-5.56275761e-02,-1.16743956e-01,2.80232752e-02,8.11096852e-02,-1.18707390e+01,0.00000000e+00,1.73944002e-01,2.54718014e-02,1.70465122e+02,2.49623654e+01
1.71000000e+00,-5.58565303e-02,-1.12226492e-01,2.81907817e-02,8.64609882e-02,-1.18707390e+01,0.00000000e+00,1.76005414e-01,2.59982234e-02,1.72485306e+02,2.54782589e+01
1.71200000e+00,-5.60764830e-02,-1.07710536e-01,2.83690314e-02,9.16807347e-02,-1.18707390e+01,0.00000000e+00,1.75793151e-01,2.54481319e-02,1.72277288e+02,2.49391693e+01
1.71400000e+00,-5.62873747e-02,-1.03197962e-01,2.85574256e-02,9.67818874e-02,-1.18707390e+01,0.00000000e+00,1.77824485e-01,2.60163753e-02,1.74267995e+02,2.54960478e+01
1.71600000e+00,-5.64892987e-02,-9.87211550e-02,2.87561572e-02,1.01880443e-01,-1.18707390e+01,0.00000000e+00,1.78295547e-01,2.57244737e-02,1.74729636e+02,2.52099842e+01
1.71800000e+00,-5.66822311e-02,-9.42020794e-02,2.89646422e-02,1.06521317e-01,-1.18707390e+01,0.00000000e+00,1.78430145e-01,2.53516073e-02,1.74861542e+02,2.48445752e+01
1.72000000e+00,-5.68661115e-02,-8.96896782e-02,2.91821402e-02,1.11008834e-01,-1.18707390e+01,0.00000000e+00,1.79971040e-01,2.57114721e-02,1.76371619e+02,2.51972427e+01
1.72200000e+00,-5.70407684e-02,-8.48450423e-02,2.94074416e-02,1.13642681e-01,-1.18707390e+01,0.00000000e+00,1.72111746e-01,2.17812686e-02,1.68669511e+02,2.13456433e+01
1.72400000e+00,-5.72054961e-02,-8.00070917e-02,2.96367287e-02,1.16302985e-01,-1.18707390e+01,0.00000000e+00,1.81492228e-01,2.60937423e-02,1.77862383e+02,2.55718675e+01
1.72600000e+00,-5.73610380e-02,-7.55309828e-02,2.98738177e-02,1.20709441e-01,-1.18707390e+01,0.00000000e+00,1.81855012e-01,2.57833125e-02,1.78217912e+02,2.52676462e+01
1.72800000e+00,-5.75075834e-02,-7.09998442e-02,3.01192028e-02,1.24570483e-01,-1.18707390e+01,0.00000000e+00,1.81421052e-01,2.52978491e-02,1.77792631e+02,2.47918921e+01
1.73000000e+00,-5.76450378e-02,-6.64693751e-02,3.03719608e-02,1.28223323e-01,-1.18707390e+01,0.00000000e+00,1.83011288e-01,2.57059010e-02,1.79351062e+02,2.51917830e+01
1.73200000e+00,-5.77734903e-02,-6.19829833e-02,3.06320109e-02,1.31748335e-01,-1.18707390e+01,0.00000000e+00,1.83517923e-01,2.53995697e-02,1.79847565e+02,2.48915783e+01
1.73400000e+00,-5.78929624e-02,-5.74856100e-02,3.08986765e-02,1.34856931e-01,-1.18707390e+01,0.00000000e+00,1.83748304e-01,2.52115000e-02,1.80073338e+02,2.47072700e+01
1.73600000e+00,-5.80034558e-02,-5.30229265e-02,3.11713579e-02,1.37844431e-01,-1.18707390e+01,0.00000000e+00,1.85248797e-01,2.55337216e-02,1.81543821e+02,2.50230472e+01
1.73800000e+00,-5.81050662e-02,-4.85783827e-02,3.14498738e-02,1.40561326e-01,-1.18707390e+01,0.00000000e+00,1.85019754e-01,2.50402267e-02,1.81319359e+02,2.45394222e+01
1.74000000e+00,-5.81977618e-02,-4.41225668e-02,3.17333243e-02,1.42860030e-01,-1.18707390e+01,0.00000000e+00,1.85760308e-01,2.50599172e-02,1.82045102e+02,2.45587188e+01
1.74200000e+00,-5.82812432e-02,-3.91968260e-02,3.20197030e-02,1.42742805e-01,-1.18707390e+01,0.00000000e+00,1.74739779e-01,2.03780308e-02,1.71244984e+02,1.99704702e+01
1.74400000e+00,-5.83545831e-02,-3.43219631e-02,3.23044840e-02,1.42907939e-01,-1.18707390e+01,0.00000000e+00,1.87568510e-01,2.60597071e-02,1.83817140e+02,2.55385130e+01
1.74600000e+00,-5.84188741e-02,-2.99616434e-02,3.25928489e-02,1.45344099e-01,-1.18707390e+01,0.00000000e+00,1.87305880e-01,2.55558274e-02,1.83559763e+02,2.50447108e+01
1.74800000e+00,-5.84743914e-02,-2.55438850e-02,3.28853772e-02,1.47055621e-01,-1.18707390e+01,0.00000000e+00,1.86697506e-01,2.49558376e-02,1.82963556e+02,2.44567209e+01
1.75000000e+00,-5.85210203e-02,-2.10821623e-02,3.31806656e-02,1.48158477e-01,-1.18707390e+01,0.00000000e+00,1.86677396e-01,2.46995978e-02,1.82943848e+02,2.42056058e+01
1.75200000e+00,-5.85587333e-02,-1.66403987e-02,3.34778634e-02,1.49039847e-01,-1.18707390e+01,0.00000000e+00,1.87489925e-01,2.49151445e-02,1.83740126e+02,2.44168416e+01
1.75400000e+00,-5.85876033e-02,-1.22307087e-02,3.37767075e-02,1.49745053e-01,-1.18707390e+01,0.00000000e+00,1.87680551e-01,2.47564381e-02,1.83926940e+02,2.42613093e+01
1.75600000e+00,-5.86076537e-02,-7.81727937e-03,3.40765637e-02,1.50030307e-01,-1.18707390e+01,0.00000000e+00,1.87584224e-01,2.44618826e-02,1.83832540e+02,2.39726450e+01
1.75800000e+00,-5.86189169e-02,-3.47060014e-03,3.43767682e-02,1.50224766e-01,-1.18707390e+01,0.00000000e+00,1.89350112e-01,2.49946627e-02,1.85563109e+02,2.44947695e+01
1.76000000e+00,-5.86215939e-02,7.89395321e-04,3.46774477e-02,1.50396651e-01,-1.18707390e+01,0.00000000e+00,1.89649052e-01,2.48439482e-02,1.85856071e+02,2.43470692e+01
1.76200000e+00,-5.86153846e-02,5.61143627e-03,3.49764205e-02,1.47667560e-01,-1.18707390e+01,0.00000000e+00,1.76184812e-01,1.93333593e-02,1.72661115e+02,1.89466921e+01
1.76400000e+00,-5.85992105e-02,1.03399465e-02,3.52685118e-02,1.45528972e-01,-1.18707390e+01,0.00000000e+00,1.91722791e-01,2.65020099e-02,1.87888336e+02,2.59719697e+01
1.76600000e+00,-5.85744101e-02,1.44905539e-02,3.55602368e-02,1.45940832e-01,-1.18707390e+01,0.00000000e+00,1.89503236e-01,2.51032303e-02,1.85713171e+02,2.46011656e+01
1.76800000e+00,-5.85411701e-02,1.87583505e-02,3.58515229e-02,1.45224508e-01,-1.18707390e+01,0.00000000e+00,1.88730427e-01,2.45503182e-02,1.84955819e+02,2.40593118e+01
1.77000000e+00,-5.84993735e-02,2.30308832e-02,3.61408326e-02,1.44054949e-01,-1.18707390e+01,0.00000000e+00,1.89068837e-01,2.45656532e-02,1.85287460e+02,2.40743401e+01
1.77200000e+00,-5.84490739e-02,2.72623892e-02,3.64276201e-02,1.42701471e-01,-1.18707390e+01,0.00000000e+00,1.89295799e-01,2.45745074e-02,1.85509883e+02,2.40830173e+01
1.77400000e+00,-5.83903605e-02,3.14391403e-02,3.67115586e-02,1.41228155e-01,-1.18707390e+01,0.00000000e+00,1.89886118e-01,2.47203375e-02,1.86088396e+02,2.42259308e+01
1.77600000e+00,-5.83233618e-02,3.55493216e-02,3.69924401e-02,1.39615929e-01,-1.18707390e+01,0.00000000e+00,1.90321249e-01,2.46848371e-02,1.86514824e+02,2.41911404e+01
1.77800000e+00,-5.82482306e-02,3.95584020e-02,3.72700528e-02,1.38049417e-01,-1.18707390e+01,0.00000000e+00,1.91651722e-01,2.52135431e-02,1.87818687e+02,2.47092723e+01
1.78000000e+00,-5.81651664e-02,4.35101219e-02,3.75445246e-02,1.36313216e-01,-1.18707390e+01,0.00000000e+00,1.90999647e-01,2.47214252e-02,1.87179654e+02,2.42269967e+01
1.78200000e+00,-5.80737387e-02,4.81388437e-02,3.78130476e-02,1.31190323e-01,-1.18707390e+01,0.00000000e+00,1.75103627e-01,1.84901512e-02,1.71601554e+02,1.81203482e+01
1.78400000e+00,-5.79726220e-02,5.27510816e-02,3.80694054e-02,1.26246444e-01,-1.18707390e+01,0.00000000e+00,1.90579138e-01,2.54658585e-02,1.86767555e+02,2.49565413e+01
1.78600000e+00,-5.78631705e-02,5.67092304e-02,3.83199309e-02,1.24148682e-01,-1.18707390e+01,0.00000000e+00,1.89510594e-01,2.48228526e-02,1.85720382e+02,2.43263955e+01
1.78800000e+00,-5.77457274e-02,6.07539881e-02,3.85654047e-02,1.21157803e-01,-1.18707390e+01,0.00000000e+00,1.87613026e-01,2.39430343e-02,1.83860766e+02,2.34641736e+01
1.79000000e+00,-5.76201479e-02,6.48086941e-02,3.88043100e-02,1.17788753e-01,-1.18707390e+01,0.00000000e+00,1.88269607e-01,2.43717548e-02,1.84504215e+02,2.38843197e+01
1.79200000e+00,-5.74865565e-02,6.87675644e-02,3.90366281e-02,1.14522406e-01,-1.18707390e+01,0.00000000e+00,1.88778131e-01,2.44918222e-02,1.85002569e+02,2.40019857e+01
1.79400000e+00,-5.73451173e-02,7.26669980e-02,3.92622996e-02,1.11106161e-01,-1.18707390e+01,0.00000000e+00,1.88519813e-01,2.43808838e-02,1.84749417e+02,2.38932661e+01
1.79600000e+00,-5.71959045e-02,7.65424638e-02,3.94808822e-02,1.07434016e-01,-1.18707390e+01,0.00000000e+00,1.88135962e-01,2.42684301e-02,1.84373243e+02,2.37830615e+01
1.79800000e+00,-5.70389775e-02,8.03727909e-02,3.96919210e-02,1.03589805e-01,-1.18707390e+01,0.00000000e+00,1.88309233e-01,2.43227644e-02,1.84543048e+02,2.38363091e+01
1.80000000e+00,-5.68744461e-02,8.41540097e-02,3.98950907e-02,9.95195833e-02,-1.18707390e+01,0.00000000e+00,1.87955831e-01,2.40859112e-02,1.84196715e+02,2.36041929e+01
1.80200000e+00,-5.67020146e-02,8.84555368e-02,4.00882783e-02,9.28681958e-02,-1.18707390e+01,0.00000000e+00,1.74760233e-01,1.91832652e-02,1.71265029e+02,1.87995999e+01
1.80400000e+00,-5.65206881e-02,9.26607696e-02,4.02670083e-02,8.68837418e-02,-1.18707390e+01,0.00000000e+00,1.88743779e-01,2.57439935e-02,1.84968903e+02,2.52291137e+01
1.80600000e+00,-5.63317773e-02,9.62572894e-02,4.04376014e-02,8.35813981e-02,-1.18707390e+01,0.00000000e+00,1.87456765e-01,2.50580189e-02,1.83707630e+02,2.45568585e+01
1.80800000e+00,-5.61356028e-02,9.99380288e-02,4.06007418e-02,7.93910286e-02,-1.18707390e+01,0.00000000e+00,1.85189302e-01,2.41147254e-02,1.81485516e+02,2.36324309e+01
1.81000000e+00,-5.59319998e-02,1.03656884e-01,4.07548228e-02,7.46865262e-02,-1.18707390e+01,0.00000000e+00,1.84919239e-01,2.42008880e-02,1.81220854e+02,2.37168702e+01
1.81200000e+00,-5.57210163e-02,1.07314176e-01,4.08994743e-02,6.99615817e-02,-1.18707390e+01,0.00000000e+00,1.84920546e-01,2.42803894e-02,1.81222135e+02,2.37947816e+01
1.81400000e+00,-5.55027613e-02,1.10944199e-01,4.10345380e-02,6.50400108e-02,-1.18707390e+01,0.00000000e+00,1.83789572e-01,2.39831005e-02,1.80113780e+02,2.35034385e+01
1.81600000e+00,-5.52772552e-02,1.14550659e-01,4.11595250e-02,5.99544055e-02,-1.18707390e+01,0.00000000e+00,1.83645046e-01,2.41167124e-02,1.79972145e+02,2.36343781e+01
1.81800000e+00,-5.50446041e-02,1.18088929e-01,4.12743520e-02,5.48633650e-02,-1.18707390e+01,0.00000000e+00,1.83498298e-01,2.41378050e-02,1.79828332e+02,2.36550489e+01
1.82000000e+00,-5.48049222e-02,1.21593191e-01,4.13788268e-02,4.95449314e-02,-1.18707390e+01,0.00000000e+00,1.82497435e-01,2.37908072e-02,1.78847486e+02,2.33149911e+01
1.82200000e+00,-5.45579367e-02,1.25539360e-01,4.14710865e-02,4.20590164e-02,-1.18707390e+01,0.00000000e+00,1.71171391e-01,1.97228460e-02,1.67747963e+02,1.93283891e+01
1.82400000e+00,-5.43028325e-02,1.29383844e-01,4.15475148e-02,3.52507002e-02,-1.18707390e+01,0.00000000e+00,1.82807494e-01,2.53254098e-02,1.79151344e+02,2.48189017e+01
1.82600000e+00,-5.40407602e-02,1.32690091e-01,4.16136961e-02,3.08523762e-02,-1.18707390e+01,0.00000000e+00,1.81622688e-01,2.48777312e-02,1.77990234e+02,2.43801765e+01
1.82800000e+00,-5.37720489e-02,1.36031221e-01,4.16705453e-02,2.58856288e-02,-1.18707390e+01,0.00000000e+00,1.79812413e-01,2.42154832e-02,1.76216165e+02,2.37311735e+01
1.83000000e+00,-5.34966313e-02,1.39378294e-01,4.17169857e-02,2.05395332e-02,-1.18707390e+01,0.00000000e+00,1.79249201e-01,2.41499982e-02,1.75664217e+02,2.36669982e+01
1.83200000e+00,-5.32145670e-02,1.42678480e-01,4.17526525e-02,1.51170451e-02,-1.18707390e+01,0.00000000e+00,1.78618961e-01,2.41082969e-02,1.75046582e+02,2.36261310e+01
1.83400000e+00,-5.29259517e-02,1.45927135e-01,4.17774594e-02,9.70283172e-03,-1.18707390e+01,0.00000000e+00,1.78110612e-01,2.42050203e-02,1.74548400e+02,2.37209199e+01
1.83600000e+00,-5.26308842e-02,1.49137224e-01,4.17914237e-02,4.22847319e-03,-1.18707390e+01,0.00000000e+00,1.77124532e-01,2.40042222e-02,1.73582042e+02,2.35241378e+01
1.83800000e+00,-5.23294305e-02,1.52305897e-01,4.17943354e-02,-1.30271875e-03,-1.18707390e+01,0.00000000e+00,1.76630539e-01,2.40921498e-02,1.73097928e+02,2.36103068e+01
1.84000000e+00,-5.20217029e-02,1.55411124e-01,4.17862414e-02,-6.79103874e-03,-1.18707390e+01,0.00000000e+00,1.76107752e-01,2.40848879e-02,1.72585597e+02,2.36031901e+01
1.84200000e+00,-5.17076036e-02,1.58789926e-01,4.17662383e-02,-1.36785631e-02,-1.18707390e+01,0.00000000e+00,1.67687089e-01,2.11292628e-02,1.64333347e+02,2.07066776e+01
1.84400000e+00,-5.13866040e-02,1.62077508e-01,4.17319200e-02,-1.99770365e-02,-1.18707390e+01,0.00000000e+00,1.75632898e-01,2.52751217e-02,1.72120240e+02,2.47696193e+01
1.84600000e+00,-5.10595529e-02,1.64976028e-01,4.16874966e-02,-2.45258739e-02,-1.18707390e+01,0.00000000e+00,1.74120457e-01,2.47401135e-02,1.70638048e+02,2.42453112e+01
1.84800000e+00,-5.07266693e-02,1.67920392e-01,4.16334348e-02,-2.96472664e-02,-1.18707390e+01,0.00000000e+00,1.71856185e-01,2.39981417e-02,1.68419061e+02,2.35181789e+01
1.85000000e+00,-5.03878869e-02,1.70841483e-01,4.15688334e-02,-3.48799825e-02,-1.18707390e+01,0.00000000e+00,1.71910734e-01,2.44163234e-02,1.68472519e+02,2.39279969e+01
1.85200000e+00,-5.00433646e-02,1.73670713e-01,4.14940844e-02,-3.98583715e-02,-1.18707390e+01,0.00000000e+00,1.71201893e-01,2.44272267e-02,1.67777855e+02,2.39386822e+01
1.85400000e+00,-4.96932469e-02,1.76435677e-01,4.14094666e-02,-4.47366600e-02,-1.18707390e+01,0.00000000e+00,1.70565673e-01,2.45075523e-02,1.67154359e+02,2.40174012e+01
1.85600000e+00,-4.93376534e-02,1.79153470e-01,4.13151430e-02,-4.96070396e-02,-1.18707390e+01,0.00000000e+00,1.69412464e-01,2.43110593e-02,1.66024215e+02,2.38248381e+01
1.85800000e+00,-4.89766718e-02,1.81813090e-01,4.12110673e-02,-5.44341428e-02,-1.18707390e+01,0.00000000e+00,1.68989153e-01,2.44516944e-02,1.65609369e+02,2.39626605e+01
1.86000000e+00,-4.86104525e-02,1.84395476e-01,4.10974983e-02,-5.91234207e-02,-1.18707390e+01,0.00000000e+00,1.68238266e-01,2.44400317e-02,1.64873501e+02,2.39512311e+01
1.86200000e+00,-4.82389710e-02,1.87156186e-01,4.09739809e-02,-6.47016965e-02,-1.18707390e+01,0.00000000e+00,1.61800662e-01,2.24113847e-02,1.58564649e+02,2.19631570e+01
1.86400000e+00,-4.78618805e-02,1.89837752e-01,4.08389595e-02,-6.98781990e-02,-1.18707390e+01,0.00000000e+00,1.67020697e-01,2.50927594e-02,1.63680283e+02,2.45909043e+01
1.86600000e+00,-4.74798351e-02,1.92196707e-01,4.06953417e-02,-7.37444148e-02,-1.18707390e+01,0.00000000e+00,1.66230181e-01,2.49580864e-02,1.62905577e+02,2.44589247e+01
1.86800000e+00,-4.70930903e-02,1.94560812e-01,4.05438029e-02,-7.78790220e-02,-1.18707390e+01,0.00000000e+00,1.63752832e-01,2.43145745e-02,1.60477776e+02,2.38282830e+01
1.87000000e+00,-4.67015980e-02,1.96915686e-01,4.03837764e-02,-8.20874678e-02,-1.18707390e+01,0.00000000e+00,1.63259708e-01,2.45762319e-02,1.59994514e+02,2.40847073e+01
1.87200000e+00,-4.63054481e-02,1.99239759e-01,4.02154270e-02,-8.63349249e-02,-1.18707390e+01,0.00000000e+00,1.61248167e-01,2.39938945e-02,1.58023204e+02,2.35140166e+01
1.87400000e+00,-4.59046734e-02,2.01512063e-01,4.00384820e-02,-9.05143303e-02,-1.18707390e+01,0.00000000e+00,1.61207131e-01,2.44680388e-02,1.57982988e+02,2.39786781e+01
1.87600000e+00,-4.54994625e-02,2.03690415e-01,3.98535504e-02,-9.44225860e-02,-1.18707390e+01,0.00000000e+00,1.60144671e-01,2.43004433e-02,1.56941778e+02,2.38144345e+01
1.87800000e+00,-4.50899368e-02,2.05831249e-01,3.96607475e-02,-9.83971504e-02,-1.18707390e+01,0.00000000e+00,1.58749523e-01,2.40550392e-02,1.55574533e+02,2.35739384e+01
1.88000000e+00,-4.46761994e-02,2.07879183e-01,3.94601504e-02,-1.02088989e-01,-1.18707390e+01,0.00000000e+00,1.58946515e-01,2.46088702e-02,1.55767585e+02,2.41166928e+01
1.88200000e+00,-4.42584142e-02,2.09935839e-01,3.92522911e-02,-1.05931465e-01,-1.18707390e+01,0.00000000e+00,1.55143479e-01,2.34434111e-02,1.52040609e+02,2.29745429e+01
1.88400000e+00,-4.38365014e-02,2.11924532e-01,3.90365891e-02,-1.09527122e-01,-1.18707390e+01,0.00000000e+00,1.57098778e-01,2.48203654e-02,1.53956803e+02,2.43239581e+01
1.88600000e+00,-4.34108650e-02,2.13689955e-01,3.88147928e-02,-1.12207522e-01,-1.18707390e+01,0.00000000e+00,1.56893447e-01,2.50488047e-02,1.53755578e+02,2.45478286e+01
1.88800000e+00,-4.29817617e-02,2.15425100e-01,3.85876913e-02,-1.14989383e-01,-1.18707390e+01,0.00000000e+00,1.54310412e-01,2.42840649e-02,1.51224203e+02,2.37983836e+01
1.89000000e+00,-4.25491868e-02,2.17126934e-01,3.83548034e-02,-1.17819132e-01,-1.18707390e+01,0.00000000e+00,1.54147658e-01,2.46167764e-02,1.51064704e+02,2.41244409e+01
1.89200000e+00,-4.21133087e-02,2.18746768e-01,3.81165180e-02,-1.20494065e-01,-1.18707390e+01,0.00000000e+00,1.52674985e-01,2.42696989e-02,1.49621485e+02,2.37843049e+01
1.89400000e+00,-4.16742513e-02,2.20289189e-01,3.78729391e-02,-1.23000985e-01,-1.18707390e+01,0.00000000e+00,1.52378843e-01,2.46225224e-02,1.49331266e+02,2.41300720e+01
1.89600000e+00,-4.12322101e-02,2.21744288e-01,3.76246917e-02,-1.25241480e-01,-1.18707390e+01,0.00000000e+00,1.51112914e-01,2.44752024e-02,1.48090655e+02,2.39856983e+01
1.89800000e+00,-4.07872969e-02,2.23165346e-01,3.73719482e-02,-1.27519502e-01,-1.18707390e+01,0.00000000e+00,1.49548175e-01,2.41836138e-02,1.46557212e+02,2.36999415e+01
1.90000000e+00,-4.03396313e-02,2.24462557e-01,3.71148947e-02,-1.29376090e-01,-1.18707390e+01,0.00000000e+00,1.50357946e-01,2.49933961e-02,1.47350787e+02,2.44935282e+01
1.90200000e+00,-3.98895264e-02,2.25640111e-01,3.68546877e-02,-1.30866834e-01,-1.18707390e+01,0.00000000e+00,1.48674705e-01,2.45803910e-02,1.45701211e+02,2.40887832e+01
1.90400000e+00,-3.94371560e-02,2.26689984e-01,3.65916435e-02,-1.32033519e-01,-1.18707390e+01,0.00000000e+00,1.49653152e-01,2.52983531e-02,1.46660089e+02,2.47923860e+01
1.90600000e+00,-3.89828854e-02,2.27561530e-01,3.63269137e-02,-1.32660259e-01,-1.18707390e+01,0.00000000e+00,1.49137019e-01,2.53358206e-02,1.46154279e+02,2.48291042e+01
1.90800000e+00,-3.85269385e-02,2.28390173e-01,3.60609469e-02,-1.33370243e-01,-1.18707390e+01,0.00000000e+00,1.46937056e-01,2.47439349e-02,1.43998315e+02,2.42490562e+01
1.91000000e+00,-3.80693794e-02,2.29136786e-01,3.57935668e-02,-1.33879030e-01,-1.18707390e+01,0.00000000e+00,1.47321834e-01,2.53764248e-02,1.44375398e+02,2.48688963e+01
1.91200000e+00,-3.76104412e-02,2.29808543e-01,3.55254850e-02,-1.34306536e-01,-1.18707390e+01,0.00000000e+00,1.44942525e-01,2.45317020e-02,1.42043675e+02,2.40410679e+01
1.91400000e+00,-3.71501682e-02,2.30445794e-01,3.52562697e-02,-1.34840608e-01,-1.18707390e+01,0.00000000e+00,1.44373483e-01,2.47683941e-02,1.41486013e+02,2.42730262e+01
1.91600000e+00,-3.66887403e-02,2.30959719e-01,3.49863717e-02,-1.35000947e-01,-1.18707390e+01,0.00000000e+00,1.44059751e-01,2.49306876e-02,1.41178556e+02,2.44320739e+01
1.91800000e+00,-3.62263910e-02,2.31381125e-01,3.47163701e-02,-1.35005007e-01,-1.18707390e+01,0.00000000e+00,1.42762889e-01,2.47107086e-02,1.39907631e+02,2.42164944e+01
1.92000000e+00,-3.57633027e-02,2.31672233e-01,3.44466055e-02,-1.34628446e-01,-1.18707390e+01,0.00000000e+00,1.43325491e-01,2.53441317e-02,1.40458982e+02,2.48372491e+01
1.92200000e+00,-3.52997976e-02,2.31820014e-01,3.41781254e-02,-1.33848262e-01,-1.18707390e+01,0.00000000e+00,1.42329015e-01,2.51740546e-02,1.39482434e+02,2.46705735e+01
1.92400000e+00,-3.48361442e-02,2.31785364e-01,3.39114942e-02,-1.32645549e-01,-1.18707390e+01,0.00000000e+00,1.43803531e-01,2.58496849e-02,1.40927461e+02,2.53326912e+01
1.92600000e+00,-3.43727704e-02,2.31579324e-01,3.36477915e-02,-1.31070415e-01,-1.18707390e+01,0.00000000e+00,1.42550501e-01,2.55783998e-02,1.39699491e+02,2.50668318e+01
1.92800000e+00,-3.39098575e-02,2.31327416e-01,3.33871367e-02,-1.29608955e-01,-1.18707390e+01,0.00000000e+00,1.41095462e-01,2.52381123e-02,1.38273552e+02,2.47333500e+01
1.93000000e+00,-3.34475149e-02,2.30994355e-01,3.31293847e-02,-1.28103902e-01,-1.18707390e+01,0.00000000e+00,1.40671333e-01,2.53010860e-02,1.37857907e+02,2.47950643e+01
1.93200000e+00,-3.29859384e-02,2.30573764e-01,3.28747842e-02,-1.26504269e-01,-1.18707390e+01,0.00000000e+00,1.39371152e-01,2.50722652e-02,1.36583729e+02,2.45708199e+01
1.93400000e+00,-3.25252869e-02,2.30052586e-01,3.26234925e-02,-1.24717364e-01,-1.18707390e+01,0.00000000e+00,1.39259329e-01,2.53344802e-02,1.36474142e+02,2.48277906e+01
1.93600000e+00,-3.20657936e-02,2.29433188e-01,3.23760000e-02,-1.22802539e-01,-1.18707390e+01,0.00000000e+00,1.37912838e-01,2.49864179e-02,1.35154581e+02,2.44866895e+01
1.93800000e+00,-3.16076145e-02,2.28723172e-01,3.21323453e-02,-1.20793307e-01,-1.18707390e+01,0.00000000e+00,1.37633783e-01,2.51837654e-02,1.34881108e+02,2.46800901e+01
1.94000000e+00,-3.11509854e-02,2.27886435e-01,3.18930338e-02,-1.18473540e-01,-1.18707390e+01,0.00000000e+00,1.37143066e-01,2.52954290e-02,1.34400204e+02,2.47895204e+01
1.94200000e+00,-3.06961405e-02,2.26942118e-01,3.16585824e-02,-1.15956979e-01,-1.18707390e+01,0.00000000e+00,1.36430833e-01,2.52608874e-02,1.33702216e+02,2.47556696e+01
1.94400000e+00,-3.02433393e-02,2.25814185e-01,3.14293944e-02,-1.13157644e-01,-1.18707390e+01,0.00000000e+00,1.37732915e-01,2.55604475e-02,1.34978257e+02,2.50492385e+01
1.94600000e+00,-2.97929722e-02,2.24553584e-01,3.12059458e-02,-1.10367327e-01,-1.18707390e+01,0.00000000e+00,1.35849314e-01,2.49215766e-02,1.33132327e+02,2.44231450e+01
1.94800000e+00,-2.93451870e-02,2.23200024e-01,3.09879453e-02,-1.07546708e-01,-1.18707390e+01,0.00000000e+00,1.36244353e-01,2.53115062e-02,1.33519466e+02,2.48052760e+01
1.95000000e+00,-2.89002869e-02,2.21674405e-01,3.07760383e-02,-1.04307134e-01,-1.18707390e+01,0.00000000e+00,1.36231905e-01,2.54969391e-02,1.33507267e+02,2.49870003e+01
1.95200000e+00,-2.84585730e-02,2.20023286e-01,3.05708392e-02,-1.00883987e-01,-1.18707390e+01,0.00000000e+00,1.35564471e-01,2.54022903e-02,1.32853182e+02,2.48942445e+01
1.95400000e+00,-2.80202588e-02,2.18274606e-01,3.03725302e-02,-9.74189785e-02,-1.18707390e+01,0.00000000e+00,1.34926479e-01,2.53000959e-02,1.32227949e+02,2.47940939e+01
1.95600000e+00,-2.75855453e-02,2.16419830e-01,3.01812284e-02,-9.38562690e-02,-1.18707390e+01,0.00000000e+00,1.34487495e-01,2.53326335e-02,1.31797746e+02,2.48259808e+01
1.95800000e+00,-2.71546598e-02,2.14444496e-01,2.99972065e-02,-9.01416390e-02,-1.18707390e+01,0.00000000e+00,1.34218186e-01,2.53545823e-02,1.31533822e+02,2.48474907e+01
1.96000000e+00,-2.67278434e-02,2.12355020e-01,2.98207289e-02,-8.63265236e-02,-1.18707390e+01,0.00000000e+00,1.33662001e-01,2.52898883e-02,1.30988761e+02,2.47840905e+01
1.96200000e+00,-2.63053420e-02,2.10112187e-01,2.96521377e-02,-8.21554611e-02,-1.18707390e+01,0.00000000e+00,1.34343742e-01,2.58592135e-02,1.31656867e+02,2.53420292e+01
1.96400000e+00,-2.58875284e-02,2.07668789e-01,2.94922666e-02,-7.77450862e-02,-1.18707390e+01,0.00000000e+00,1.34928102e-01,2.55620056e-02,1.32229540e+02,2.50507655e+01
1.96600000e+00,-2.54747253e-02,2.05137728e-01,2.93409272e-02,-7.36798999e-02,-1.18707390e+01,0.00000000e+00,1.33012026e-01,2.49167689e-02,1.30351786e+02,2.44184335e+01
1.96800000e+00,-2.50670638e-02,2.02477267e-01,2.91976249e-02,-6.94978393e-02,-1.18707390e+01,0.00000000e+00,1.34613328e-01,2.56009514e-02,1.31921061e+02,2.50889323e+01
1.97000000e+00,-2.46649419e-02,1.99628321e-01,2.90631574e-02,-6.49834998e-02,-1.18707390e+01,0.00000000e+00,1.34122238e-01,2.54202780e-02,1.31439793e+02,2.49118724e+01
1.97200000e+00,-2.42686391e-02,1.96646438e-01,2.89377970e-02,-6.03100780e-02,-1.18707390e+01,0.00000000e+00,1.34472507e-01,2.57538989e-02,1.31783057e+02,2.52388209e+01
1.97400000e+00,-2.38784176e-02,1.93572307e-01,2.88218950e-02,-5.56697256e-02,-1.18707390e+01,0.00000000e+00,1.33079839e-01,2.51833654e-02,1.30418242e+02,2.46796981e+01
1.97600000e+00,-2.34943916e-02,1.90435637e-01,2.87149781e-02,-5.12393074e-02,-1.18707390e+01,0.00000000e+00,1.32786227e-01,2.51587030e-02,1.30130503e+02,2.46555289e+01
1.97800000e+00,-2.31167579e-02,1.87174679e-01,2.86170198e-02,-4.66859151e-02,-1.18707390e+01,0.00000000e+00,1.32888174e-01,2.52997025e-02,1.30230411e+02,2.47937085e+01
1.98000000e+00,-2.27457656e-02,1.83804590e-01,2.85282611e-02,-4.20926008e-02,-1.18707390e+01,0.00000000e+00,1.32294126e-01,2.51138184e-02,1.29648243e+02,2.46115421e+01
1.98200000e+00,-2.23816382e-02,1.80286533e-01,2.84488028e-02,-3.72691355e-02,-1.18707390e+01,0.00000000e+00,1.33359112e-01,2.56673486e-02,1.30691929e+02,2.51540016e+01
1.98400000e+00,-2.20247547e-02,1.76565673e-01,2.83792537e-02,-3.23418551e-02,-1.18707390e+01,0.00000000e+00,1.34104712e-01,2.52303344e-02,1.31422618e+02,2.47257277e+01
1.98600000e+00,-2.16754429e-02,1.72743796e-01,2.83191796e-02,-2.77982422e-02,-1.18707390e+01,0.00000000e+00,1.32852475e-01,2.47743282e-02,1.30195425e+02,2.42788416e+01
1.98800000e+00,-2.13339004e-02,1.68740665e-01,2.82682785e-02,-2.29281103e-02,-1.18707390e+01,0.00000000e+00,1.35535951e-01,2.58410660e-02,1.32825232e+02,2.53242447e+01
1.99000000e+00,-2.10006187e-02,1.64529881e-01,2.82277139e-02,-1.76878869e-02,-1.18707390e+01,0.00000000e+00,1.34966958e-01,2.54910414e-02,1.32267618e+02,2.49812205e+01
1.99200000e+00,-2.06758675e-02,1.60189139e-01,2.81975937e-02,-1.23475430e-02,-1.18707390e+01,0.00000000e+00,1.35904113e-01,2.60060451e-02,1.33186031e+02,2.54859242e+01
1.99400000e+00,-2.03599215e-02,1.55759243e-01,2.81782627e-02,-7.09865184e-03,-1.18707390e+01,0.00000000e+00,1.34453004e-01,2.52692769e-02,1.31763944e+02,2.47638913e+01
1.99600000e+00,-2.00528634e-02,1.51280080e-01,2.81689914e-02,-2.16131888e-03,-1.18707390e+01,0.00000000e+00,1.34530561e-01,2.53368286e-02,1.31839950e+02,2.48300920e+01
1.99800000e+00,-1.97548809e-02,1.46681340e-01,2.81696522e-02,2.82808685e-03,-1.18707390e+01,0.00000000e+00,1.34795985e-01,2.53774876e-02,1.32100065e+02,2.48699379e+01
2.00000000e+00,-1.94662022e-02,1.41986383e-01,2.81802471e-02,7.73263233e-03,-1.18707390e+01,0.00000000e+00,1.34403238e-01,2.51718267e-02,1.31715173e+02,2.46683901e+01
2.00200000e+00,-1.91870121e-02,1.37176368e-01,2.82006091e-02,1.26768402e-02,-1.18707390e+01,0.00000000e+00,1.35185950e-01,2.54878290e-02,1.32482231e+02,2.49780725e+01
2.00400000e+00,-1.89175967e-02,1.32216369e-01,2.82308443e-02,1.74558233e-02,-1.18707390e+01,0.00000000e+00,1.35688505e-01,2.48662202e-02,1.32974735e+02,2.43688958e+01
2.00600000e+00,-1.86582115e-02,1.27159050e-01,2.82701499e-02,2.18109884e-02,-1.18707390e+01,0.00000000e+00,1.35322033e-01,2.46525917e-02,1.32615593e+02,2.41595399e+01
2.00800000e+00,-1.84091154e-02,1.21869324e-01,2.83184449e-02,2.67009230e-02,-1.18707390e+01,0.00000000e+00,1.39064475e-01,2.60557877e-02,1.36283185e+02,2.55346719e+01
2.01000000e+00,-1.81708830e-02,1.16356439e-01,2.83772417e-02,3.20230488e-02,-1.18707390e+01,0.00000000e+00,1.38569468e-01,2.56415553e-02,1.35798078e+02,2.51287242e+01
2.01200000e+00,-1.79437769e-02,1.10712729e-01,2.84466146e-02,3.74614299e-02,-1.18707390e+01,0.00000000e+00,1.40244665e-01,2.63967373e-02,1.37439771e+02,2.58688026e+01
2.01400000e+00,-1.77280853e-02,1.04989294e-01,2.85269950e-02,4.27612523e-02,-1.18707390e+01,0.00000000e+00,1.38648295e-01,2.54633222e-02,1.35875329e+02,2.49540558e+01
2.01600000e+00,-1.75238206e-02,9.92645211e-02,2.86172788e-02,4.74899343e-02,-1.18707390e+01,0.00000000e+00,1.38585131e-01,2.53249463e-02,1.35813429e+02,2.48184474e+01
2.01800000e+00,-1.73310957e-02,9.34369963e-02,2.87169439e-02,5.22023509e-02,-1.18707390e+01,0.00000000e+00,1.39452382e-01,2.55696474e-02,1.36663334e+02,2.50582544e+01
2.02000000e+00,-1.71501264e-02,8.75288108e-02,2.88259914e-02,5.67696611e-02,-1.18707390e+01,0.00000000e+00,1.38968559e-01,2.51742549e-02,1.36189188e+02,2.46707698e+01
2.02200000e+00,-1.69810422e-02,8.15279808e-02,2.89439839e-02,6.12789219e-02,-1.18707390e+01,0.00000000e+00,1.40212575e-01,2.56145446e-02,1.37408323e+02,2.51022537e+01
2.02400000e+00,-1.68240841e-02,7.54226691e-02,2.90708914e-02,6.54646680e-02,-1.18707390e+01,0.00000000e+00,1.40103841e-01,2.46747183e-02,1.37301764e+02,2.41812239e+01
2.02600000e+00,-1.66793955e-02,6.92513806e-02,2.92054897e-02,6.91211691e-02,-1.18707390e+01,0.00000000e+00,1.40548017e-01,2.46944444e-02,1.37737057e+02,2.42005555e+01
2.02800000e+00,-1.65472298e-02,6.28533524e-02,2.93477371e-02,7.33191453e-02,-1.18707390e+01,0.00000000e+00,1.44297377e-01,2.60128511e-02,1.41411430e+02,2.54925941e+01
2.03000000e+00,-1.64281199e-02,5.62485573e-02,2.94990398e-02,7.79274631e-02,-1.18707390e+01,0.00000000e+00,1.44380359e-01,2.57699949e-02,1.41492752e+02,2.52545950e+01
2.03200000e+00,-1.63223141e-02,4.95260206e-02,2.96595344e-02,8.26668363e-02,-1.18707390e+01,0.00000000e+00,1.46157653e-01,2.65153207e-02,1.43234500e+02,2.59850143e+01
2.03400000e+00,-1.62300321e-02,4.27791808e-02,2.98294833e-02,8.70704291e-02,-1.18707390e+01,0.00000000e+00,1.44167302e-01,2.53060918e-02,1.41283956e+02,2.47999699e+01
2.03600000e+00,-1.61511584e-02,3.60907279e-02,3.00072935e-02,9.06901730e-02,-1.18707390e+01,0.00000000e+00,1.44122154e-01,2.51225376e-02,1.41239711e+02,2.46200869e+01
2.03800000e+00,-1.60857161e-02,2.93318698e-02,3.01921948e-02,9.42361694e-02,-1.18707390e+01,0.00000000e+00,1.45250758e-01,2.54140033e-02,1.42345743e+02,2.49057232e+01
2.04000000e+00,-1.60338580e-02,2.25324265e-02,3.03840758e-02,9.75386661e-02,-1.18707390e+01,0.00000000e+00,1.44619412e-01,2.48841559e-02,1.41727023e+02,2.43864728e+01
2.04200000e+00,-1.59956224e-02,1.56789483e-02,3.05822597e-02,1.00706566e-01,-1.18707390e+01,0.00000000e+00,1.46173408e-01,2.54133369e-02,1.43249940e+02,2.49050702e+01
2.04400000e+00,-1.59711809e-02,8.76741192e-03,3.07866643e-02,1.03517914e-01,-1.18707390e+01,0.00000000e+00,1.45748326e-01,2.44265363e-02,1.42833360e+02,2.39380056e+01
2.04600000e+00,-1.59605621e-02,1.84190576e-03,3.09959180e-02,1.05709206e-01,-1.18707390e+01,0.00000000e+00,1.46384931e-01,2.44098698e-02,1.43457232e+02,2.39216724e+01
2.04800000e+00,-1.59639377e-02,-5.27024064e-03,3.12097957e-02,1.08342282e-01,-1.18707390e+01,0.00000000e+00,1.50108356e-01,2.56583754e-02,1.47106189e+02,2.51452079e+01
2.05000000e+00,-1.59817715e-02,-1.25751109e-02,3.14295959e-02,1.11438567e-01,-1.18707390e+01,0.00000000e+00,1.51004190e-01,2.56948753e-02,1.47984106e+02,2.51809778e+01
2.05200000e+00,-1.60143136e-02,-1.99931117e-02,3.16557100e-02,1.14774844e-01,-1.18707390e+01,0.00000000e+00,1.52987396e-01,2.64838181e-02,1.49927648e+02,2.59541417e+01
2.05400000e+00,-1.60617457e-02,-2.74136474e-02,3.18885042e-02,1.17824518e-01,-1.18707390e+01,0.00000000e+00,1.51420232e-01,2.54245340e-02,1.48391828e+02,2.49160433e+01
2.05600000e+00,-1.61238955e-02,-3.47251112e-02,3.21264188e-02,1.19990455e-01,-1.18707390e+01,0.00000000e+00,1.50916131e-01,2.49678075e-02,1.47897809e+02,2.44684514e+01
2.05800000e+00,-1.62006429e-02,-4.20317980e-02,3.23682691e-02,1.21860963e-01,-1.18707390e+01,0.00000000e+00,1.51905332e-01,2.51491634e-02,1.48867225e+02,2.46461801e+01
2.06000000e+00,-1.62920173e-02,-4.93305336e-02,3.26136515e-02,1.23414648e-01,-1.18707390e+01,0.00000000e+00,1.51446409e-01,2.46526648e-02,1.48417481e+02,2.41596115e+01
2.06200000e+00,-1.63979806e-02,-5.66525882e-02,3.28618471e-02,1.24847434e-01,-1.18707390e+01,0.00000000e+00,1.53285432e-01,2.52494027e-02,1.50219724e+02,2.47444147e+01
2.06400000e+00,-1.65186256e-02,-6.39714663e-02,3.31127714e-02,1.25875675e-01,-1.18707390e+01,0.00000000e+00,1.52327084e-01,2.41614887e-02,1.49280543e+02,2.36782590e+01
2.06600000e+00,-1.66538394e-02,-7.12496782e-02,3.33649424e-02,1.26292921e-01,-1.18707390e+01,0.00000000e+00,1.53409280e-01,2.43269932e-02,1.50341094e+02,2.38404533e+01
2.06800000e+00,-1.68037146e-02,-7.86633397e-02,3.36181993e-02,1.27094389e-01,-1.18707390e+01,0.00000000e+00,1.56685547e-01,2.53294953e-02,1.53551836e+02,2.48229054e+01
2.07000000e+00,-1.69685868e-02,-8.62180788e-02,3.38736007e-02,1.28316883e-01,-1.18707390e+01,0.00000000e+00,1.58020986e-01,2.55750903e-02,1.54860566e+02,2.50635885e+01
2.07200000e+00,-1.71486265e-02,-9.38321757e-02,3.41315984e-02,1.29736724e-01,-1.18707390e+01,0.00000000e+00,1.59511259e-01,2.61117380e-02,1.56321034e+02,2.55895032e+01
2.07400000e+00,-1.73438627e-02,-1.01367167e-01,3.43922308e-02,1.30681463e-01,-1.18707390e+01,0.00000000e+00,1.57735347e-01,2.49497105e-02,1.54580640e+02,2.44507163e+01
2.07600000e+00,-1.75539975e-02,-1.08755680e-01,3.46537637e-02,1.30785353e-01,-1.18707390e+01,0.00000000e+00,1.57773657e-01,2.47203426e-02,1.54618184e+02,2.42259357e+01
2.07800000e+00,-1.77788516e-02,-1.16093400e-01,3.49151829e-02,1.30605365e-01,-1.18707390e+01,0.00000000e+00,1.58354000e-01,2.47273678e-02,1.55186920e+02,2.42328204e+01
2.08000000e+00,-1.80183483e-02,-1.23396992e-01,3.51760391e-02,1.30206417e-01,-1.18707390e+01,0.00000000e+00,1.58901416e-01,2.46335431e-02,1.55723388e+02,2.41408722e+01
2.08200000e+00,-1.82724307e-02,-1.30687223e-01,3.54359479e-02,1.29716457e-01,-1.18707390e+01,0.00000000e+00,1.60086196e-01,2.49078368e-02,1.56884472e+02,2.44096801e+01
2.08400000e+00,-1.85410502e-02,-1.37906952e-01,3.56946156e-02,1.28792480e-01,-1.18707390e+01,0.00000000e+00,1.59417184e-01,2.40923784e-02,1.56228841e+02,2.36105308e+01
2.08600000e+00,-1.88239793e-02,-1.45007894e-01,3.59506911e-02,1.27228448e-01,-1.18707390e+01,0.00000000e+00,1.59591071e-01,2.39307989e-02,1.56399250e+02,2.34521829e+01
2.08800000e+00,-1.91211059e-02,-1.52144997e-01,3.62036566e-02,1.25855258e-01,-1.18707390e+01,0.00000000e+00,1.62658661e-01,2.48549434e-02,1.59405488e+02,2.43578446e+01
2.09000000e+00,-1.94326251e-02,-1.59380889e-01,3.64544357e-02,1.24967457e-01,-1.18707390e+01,0.00000000e+00,1.64413026e-01,2.53082679e-02,1.61124766e+02,2.48021026e+01
2.09200000e+00,-1.97586568e-02,-1.66657767e-01,3.67037629e-02,1.24434249e-01,-1.18707390e+01,0.00000000e+00,1.66248193e-01,2.59556647e-02,1.62923229e+02,2.54365514e+01
2.09400000e+00,-2.00991824e-02,-1.73823927e-01,3.69519300e-02,1.23536968e-01,-1.18707390e+01,0.00000000e+00,1.64576194e-01,2.48988876e-02,1.61284670e+02,2.44009098e+01
2.09600000e+00,-2.04538255e-02,-1.80799541e-01,3.71973950e-02,1.21866210e-01,-1.18707390e+01,0.00000000e+00,1.64662168e-01,2.46834591e-02,1.61368925e+02,2.41897899e+01
2.09800000e+00,-2.08223100e-02,-1.87669336e-01,3.74391815e-02,1.19875505e-01,-1.18707390e+01,0.00000000e+00,1.65083386e-01,2.45735184e-02,1.61781718e+02,2.40820480e+01
2.10000000e+00,-2.12044366e-02,-1.94439885e-01,3.76767147e-02,1.17611304e-01,-1.18707390e+01,0.00000000e+00,1.65434763e-01,2.44496320e-02,1.62126068e+02,2.39606394e+01
2.10200000e+00,-2.16000352e-02,-2.01158889e-01,3.79096355e-02,1.15360233e-01,-1.18707390e+01,0.00000000e+00,1.67080877e-01,2.49347599e-02,1.63739259e+02,2.44360647e+01
2.10400000e+00,-2.20089811e-02,-2.07741304e-01,3.81378671e-02,1.12676449e-01,-1.18707390e+01,0.00000000e+00,1.65554301e-01,2.38684273e-02,1.62243215e+02,2.33910588e+01
2.10600000e+00,-2.24308756e-02,-2.14136510e-01,3.83599426e-02,1.09394802e-01,-1.18707390e+01,0.00000000e+00,1.66124171e-01,2.39984347e-02,1.62801687e+02,2.35184660e+01
2.10800000e+00,-2.28655086e-02,-2.20503864e-01,3.85755829e-02,1.06318054e-01,-1.18707390e+01,0.00000000e+00,1.68425554e-01,2.46078531e-02,1.65057043e+02,2.41156960e+01
2.11000000e+00,-2.33128873e-02,-2.26865675e-01,3.87854034e-02,1.03524145e-01,-1.18707390e+01,0.00000000e+00,1.69620701e-01,2.48930066e-02,1.66228287e+02,2.43951465e+01
2.11200000e+00,-2.37729449e-02,-2.33187822e-01,3.89898653e-02,1.01008849e-01,-1.18707390e+01,0.00000000e+00,1.71228466e-01,2.54858068e-02,1.67803897e+02,2.49760906e+01
2.11400000e+00,-2.42455316e-02,-2.39349403e-01,3.91892336e-02,9.81857501e-02,-1.18707390e+01,0.00000000e+00,1.69701193e-01,2.45328199e-02,1.66307169e+02,2.40421635e+01
2.11600000e+00,-2.47301851e-02,-2.45274983e-01,3.93821475e-02,9.46715578e-02,-1.18707390e+01,0.00000000e+00,1.69645816e-01,2.43122042e-02,1.66252900e+02,2.38259601e+01
2.11800000e+00,-2.52265368e-02,-2.51058546e-01,3.95677991e-02,9.09763045e-02,-1.18707390e+01,0.00000000e+00,1.70410776e-01,2.44194957e-02,1.67002560e+02,2.39311058e+01
2.12000000e+00,-2.57343253e-02,-2.56701068e-01,3.97459280e-02,8.70939802e-02,-1.18707390e+01,0.00000000e+00,1.70472151e-01,2.41755727e-02,1.67062708e+02,2.36920613e+01
2.12200000e+00,-2.62532664e-02,-2.62231526e-01,3.99161782e-02,8.32164815e-02,-1.18707390e+01,0.00000000e+00,1.72005760e-01,2.46744462e-02,1.68565645e+02,2.41809573e+01
2.12400000e+00,-2.67831426e-02,-2.67598876e-01,4.00786652e-02,7.91460049e-02,-1.18707390e+01,0.00000000e+00,1.70964185e-01,2.40042471e-02,1.67544901e+02,2.35241621e+01
2.12600000e+00,-2.73234999e-02,-2.72723253e-01,4.02324139e-02,7.45530504e-02,-1.18707390e+01,0.00000000e+00,1.70718158e-01,2.37992595e-02,1.67303795e+02,2.33232744e+01
2.12800000e+00,-2.78739697e-02,-2.77748736e-01,4.03769984e-02,7.01414219e-02,-1.18707390e+01,0.00000000e+00,1.73126404e-01,2.45932453e-02,1.69663876e+02,2.41013804e+01
2.13000000e+00,-2.84344505e-02,-2.82707802e-01,4.05131914e-02,6.60474504e-02,-1.18707390e+01,0.00000000e+00,1.73721181e-01,2.46622530e-02,1.70246757e+02,2.41690079e+01
2.13200000e+00,-2.90047285e-02,-2.87558229e-01,4.06413479e-02,6.21930075e-02,-1.18707390e+01,0.00000000e+00,1.75223302e-01,2.52807043e-02,1.71718836e+02,2.47750902e+01
2.13400000e+00,-2.95845667e-02,-2.92233469e-01,4.07618949e-02,5.82357601e-02,-1.18707390e+01,0.00000000e+00,1.74341612e-01,2.46202432e-02,1.70854780e+02,2.41278383e+01
2.13600000e+00,-3.01735020e-02,-2.96668102e-01,4.08739851e-02,5.38198660e-02,-1.18707390e+01,0.00000000e+00,1.74390363e-01,2.44799215e-02,1.70902556e+02,2.39903230e+01
2.13800000e+00,-3.07711206e-02,-3.00925100e-01,4.09771318e-02,4.93401699e-02,-1.18707390e+01,0.00000000e+00,1.75051772e-01,2.46355090e-02,1.71550736e+02,2.41427988e+01
2.14000000e+00,-3.13770849e-02,-3.05005991e-01,4.10713172e-02,4.48176440e-02,-1.18707390e+01,0.00000000e+00,1.75205091e-01,2.45264068e-02,1.71700989e+02,2.40358787e+01
2.14200000e+00,-3.19910202e-02,-3.08900284e-01,4.11563390e-02,4.02001263e-02,-1.18707390e+01,0.00000000e+00,1.75687166e-01,2.45594639e-02,1.72173422e+02,2.40682746e+01
2.14400000e+00,-3.26125345e-02,-3.12567264e-01,4.12319824e-02,3.53795493e-02,-1.18707390e+01,0.00000000e+00,1.74951816e-01,2.42101886e-02,1.71452780e+02,2.37259848e+01
2.14600000e+00,-3.32410949e-02,-3.15942780e-01,4.12975819e-02,3.01460410e-02,-1.18707390e+01,0.00000000e+00,1.73993531e-01,2.37885400e-02,1.70513660e+02,2.33127692e+01
2.14800000e+00,-3.38761931e-02,-3.19149458e-01,4.13526562e-02,2.50470825e-02,-1.18707390e+01,0.00000000e+00,1.76177916e-01,2.45734162e-02,1.72654358e+02,2.40819478e+01
2.15000000e+00,-3.45176252e-02,-3.22254826e-01,4.13980634e-02,2.03878381e-02,-1.18707390e+01,0.00000000e+00,1.76849544e-01,2.47782810e-02,1.73312553e+02,2.42827154e+01
2.15200000e+00,-3.51651011e-02,-3.25193247e-01,4.14343490e-02,1.59407168e-02,-1.18707390e+01,0.00000000e+00,1.77550241e-01,2.50723321e-02,1.73999236e+02,2.45708854e+01
2.15400000e+00,-3.58182435e-02,-3.27899647e-01,4.14617499e-02,1.13789972e-02,-1.18707390e+01,0.00000000e+00,1.76748337e-01,2.45787119e-02,1.73213370e+02,2.40871376e+01
2.15600000e+00,-3.64765161e-02,-3.30330763e-01,4.14796377e-02,6.47633029e-03,-1.18707390e+01,0.00000000e+00,1.76481159e-01,2.43842251e-02,1.72951536e+02,2.38965406e+01
2.15800000e+00,-3.71394056e-02,-3.32520356e-01,4.14875609e-02,1.43233652e-03,-1.18707390e+01,0.00000000e+00,1.76506818e-01,2.42954383e-02,1.72976682e+02,2.38095296e+01
2.16000000e+00,-3.78064421e-02,-3.34476750e-01,4.14853113e-02,-3.69524424e-03,-1.18707390e+01,0.00000000e+00,1.76468991e-01,2.42076496e-02,1.72939611e+02,2.37234966e+01
2.16200000e+00,-3.84771770e-02,-3.36229868e-01,4.14728472e-02,-8.72196018e-03,-1.18707390e+01,0.00000000e+00,1.77224884e-01,2.44914188e-02,1.73680387e+02,2.40015904e+01
2.16400000e+00,-3.91511874e-02,-3.37721731e-01,4.14503745e-02,-1.38220961e-02,-1.18707390e+01,0.00000000e+00,1.75859965e-01,2.40234896e-02,1.72342766e+02,2.35430198e+01
2.16600000e+00,-3.98278709e-02,-3.38924005e-01,4.14174699e-02,-1.90556703e-02,-1.18707390e+01,0.00000000e+00,1.75976853e-01,2.41664722e-02,1.72457316e+02,2.36831428e+01
2.16800000e+00,-4.05067639e-02,-3.39947006e-01,4.13743672e-02,-2.39662352e-02,-1.18707390e+01,0.00000000e+00,1.77208531e-01,2.46419484e-02,1.73664360e+02,2.41491094e+01
2.17000000e+00,-4.11875319e-02,-3.40779527e-01,4.13217512e-02,-2.86574089e-02,-1.18707390e+01,0.00000000e+00,1.77079575e-01,2.45537207e-02,1.73537983e+02,2.40626463e+01
2.17200000e+00,-4.18697359e-02,-3.41392939e-01,4.12598381e-02,-3.31977568e-02,-1.18707390e+01,0.00000000e+00,1.77654919e-01,2.48719616e-02,1.74101820e+02,2.43745224e+01
2.17400000e+00,-4.25529353e-02,-3.41753759e-01,4.11889304e-02,-3.77827484e-02,-1.18707390e+01,0.00000000e+00,1.76752609e-01,2.43605584e-02,1.73217557e+02,2.38733473e+01
2.17600000e+00,-4.32365603e-02,-3.41828697e-01,4.11085730e-02,-4.25689885e-02,-1.18707390e+01,0.00000000e+00,1.76554747e-01,2.43367002e-02,1.73023652e+02,2.38499662e+01
2.17800000e+00,-4.39200995e-02,-3.41677821e-01,4.10187609e-02,-4.71956148e-02,-1.18707390e+01,0.00000000e+00,1.77056319e-01,2.45691931e-02,1.73515193e+02,2.40778092e+01
2.18000000e+00,-4.46031019e-02,-3.41272307e-01,4.09197788e-02,-5.18397621e-02,-1.18707390e+01,0.00000000e+00,1.76181517e-01,2.41603942e-02,1.72657887e+02,2.36771863e+01
2.18200000e+00,-4.52850147e-02,-3.40605813e-01,4.08113901e-02,-5.65014510e-02,-1.18707390e+01,0.00000000e+00,1.76527127e-01,2.43794545e-02,1.72996585e+02,2.38918654e+01
2.18400000e+00,-4.59653495e-02,-3.39675972e-01,4.06938561e-02,-6.10384889e-02,-1.18707390e+01,0.00000000e+00,1.75585123e-01,2.42559807e-02,1.72073421e+02,2.37708611e+01
2.18600000e+00,-4.66435355e-02,-3.38471424e-01,4.05672769e-02,-6.55144802e-02,-1.18707390e+01,0.00000000e+00,1.75648934e-01,2.43286013e-02,1.72135955e+02,2.38420293e+01
2.18800000e+00,-4.73190913e-02,-3.37050974e-01,4.04319713e-02,-6.97307755e-02,-1.18707390e+01,0.00000000e+00,1.76060458e-01,2.46095350e-02,1.72539249e+02,2.41173443e+01
2.19000000e+00,-4.79916014e-02,-3.35423603e-01,4.02885657e-02,-7.36292928e-02,-1.18707390e+01,0.00000000e+00,1.76310123e-01,2.47923623e-02,1.72783921e+02,2.42965151e+01
2.19200000e+00,-4.86606177e-02,-3.33544270e-01,4.01375162e-02,-7.74347349e-02,-1.18707390e+01,0.00000000e+00,1.75641599e-01,2.45906623e-02,1.72128767e+02,2.40988490e+01
2.19400000e+00,-4.93255970e-02,-3.31392794e-01,3.99788109e-02,-8.12639878e-02,-1.18707390e+01,0.00000000e+00,1.75387882e-01,2.45172272e-02,1.71880124e+02,2.40268826e+01
2.19600000e+00,-4.99860061e-02,-3.28967165e-01,3.98124492e-02,-8.51097938e-02,-1.18707390e+01,0.00000000e+00,1.74636157e-01,2.43198228e-02,1.71143434e+02,2.38334264e+01
2.19800000e+00,-5.06412696e-02,-3.26247366e-01,3.96382989e-02,-8.90648106e-02,-1.18707390e+01,0.00000000e+00,1.73873909e-01,2.40408115e-02,1.70396430e+02,2.35599953e+01
2.20000000e+00,-5.12908563e-02,-3.23318648e-01,3.94563905e-02,-9.27191128e-02,-1.18707390e+01,0.00000000e+00,1.75068876e-01,2.46926963e-02,1.71567498e+02,2.41988424e+01
2.20200000e+00,-5.19344016e-02,-3.20176148e-01,3.92675768e-02,-9.61418565e-02,-1.18707390e+01,0.00000000e+00,1.74144455e-01,2.42584974e-02,1.70661566e+02,2.37733274e+01
2.20400000e+00,-5.25713382e-02,-3.16699662e-01,3.90717223e-02,-9.97156991e-02,-1.18707390e+01,0.00000000e+00,1.72477946e-01,2.40972047e-02,1.69028387e+02,2.36152606e+01
2.20600000e+00,-5.32010675e-02,-3.13024009e-01,3.88690649e-02,-1.02763234e-01,-1.18707390e+01,0.00000000e+00,1.74646054e-01,2.50750247e-02,1.71153133e+02,2.45735242e+01
2.20800000e+00,-5.38232929e-02,-3.09136351e-01,3.86608085e-02,-1.05602139e-01,-1.18707390e+01,0.00000000e+00,1.72618960e-01,2.42387228e-02,1.69166580e+02,2.37539483e+01
2.21000000e+00,-5.44374483e-02,-3.05001731e-01,3.84467353e-02,-1.08322717e-01,-1.18707390e+01,0.00000000e+00,1.73905521e-01,2.50187467e-02,1.70427411e+02,2.45183718e+01
2.21200000e+00,-5.50431620e-02,-3.00660343e-01,3.82277341e-02,-1.10718554e-01,-1.18707390e+01,0.00000000e+00,1.72749442e-01,2.46084568e-02,1.69294454e+02,2.41162877e+01
2.21400000e+00,-5.56398862e-02,-2.96013772e-01,3.80037224e-02,-1.13322285e-01,-1.18707390e+01,0.00000000e+00,1.71664191e-01,2.42634112e-02,1.68230907e+02,2.37781429e+01
2.21600000e+00,-5.62270813e-02,-2.91163541e-01,3.77746610e-02,-1.15602083e-01,-1.18707390e+01,0.00000000e+00,1.72803612e-01,2.49621476e-02,1.69347540e+02,2.44629046e+01
2.21800000e+00,-5.68043959e-02,-2.86096638e-01,3.75414520e-02,-1.17675037e-01,-1.18707390e+01,0.00000000e+00,1.71334362e-01,2.43652410e-02,1.67907675e+02,2.38779362e+01
2.22000000e+00,-5.73713071e-02,-2.80788726e-01,3.73039916e-02,-1.19701801e-01,-1.18707390e+01,0.00000000e+00,1.71821263e-01,2.47207321e-02,1.68384838e+02,2.42263174e+01
2.22200000e+00,-5.79274395e-02,-2.75313955e-01,3.70629505e-02,-1.21270060e-01,-1.18707390e+01,0.00000000e+00,1.71997404e-01,2.49839672e-02,1.68557456e+02,2.44842879e+01
2.22400000e+00,-5.84723508e-02,-2.69520963e-01,3.68188369e-02,-1.22950021e-01,-1.18707390e+01,0.00000000e+00,1.68856870e-01,2.41381790e-02,1.65479732e+02,2.36554154e+01
2.22600000e+00,-5.90053873e-02,-2.63523784e-01,3.65713701e-02,-1.24300489e-01,-1.18707390e+01,0.00000000e+00,1.71601932e-01,2.53226880e-02,1.68169893e+02,2.48162342e+01
2.22800000e+00,-5.95263508e-02,-2.57383864e-01,3.63219269e-02,-1.25212988e-01,-1.18707390e+01,0.00000000e+00,1.69798999e-01,2.47014727e-02,1.66403019e+02,2.42074432e+01
2.23000000e+00,-6.00347425e-02,-2.50973631e-01,3.60704753e-02,-1.26189781e-01,-1.18707390e+01,0.00000000e+00,1.69461564e-01,2.48289391e-02,1.66072333e+02,2.43323603e+01
2.23200000e+00,-6.05301266e-02,-2.44385302e-01,3.58173988e-02,-1.26820104e-01,-1.18707390e+01,0.00000000e+00,1.69708138e-01,2.50674578e-02,1.66313976e+02,2.45661087e+01
2.23400000e+00,-6.10121432e-02,-2.37586276e-01,3.55632490e-02,-1.27369302e-01,-1.18707390e+01,0.00000000e+00,1.68500520e-01,2.46363583e-02,1.65130509e+02,2.41436312e+01
2.23600000e+00,-6.14803246e-02,-2.30566647e-01,3.53079440e-02,-1.27884860e-01,-1.18707390e+01,0.00000000e+00,1.68403644e-01,2.47735774e-02,1.65035572e+02,2.42781058e+01
2.23800000e+00,-6.19342888e-02,-2.23365564e-01,3.50518981e-02,-1.28117616e-01,-1.18707390e+01,0.00000000e+00,1.67995519e-01,2.48642945e-02,1.64635608e+02,2.43670086e+01
2.24000000e+00,-6.23736317e-02,-2.15931719e-01,3.47954646e-02,-1.28363858e-01,-1.18707390e+01,0.00000000e+00,1.66581256e-01,2.43790163e-02,1.63249631e+02,2.38914359e+01
2.24200000e+00,-6.27978951e-02,-2.08316981e-01,3.45385840e-02,-1.28398216e-01,-1.18707390e+01,0.00000000e+00,1.67262910e-01,2.49421308e-02,1.63917652e+02,2.44432881e+01
2.24400000e+00,-6.32067681e-02,-2.00504998e-01,3.42821380e-02,-1.28033180e-01,-1.18707390e+01,0.00000000e+00,1.65341583e-01,2.48508494e-02,1.62034751e+02,2.43538324e+01
2.24600000e+00,-6.35998050e-02,-1.92527880e-01,3.40266951e-02,-1.27302431e-01,-1.18707390e+01,0.00000000e+00,1.66645143e-01,2.53445894e-02,1.63312240e+02,2.48376977e+01
2.24800000e+00,-6.39767754e-02,-1.84394494e-01,3.37730276e-02,-1.26422745e-01,-1.18707390e+01,0.00000000e+00,1.64800328e-01,2.48007038e-02,1.61504322e+02,2.43046897e+01
2.25000000e+00,-6.43372385e-02,-1.76044412e-01,3.35209297e-02,-1.25654673e-01,-1.18707390e+01,0.00000000e+00,1.64558072e-01,2.47498664e-02,1.61266910e+02,2.42548691e+01
2.25200000e+00,-6.46808507e-02,-1.67540818e-01,3.32705050e-02,-1.24742413e-01,-1.18707390e+01,0.00000000e+00,1.64052779e-01,2.47452444e-02,1.60771723e+02,2.42503395e+01
2.25400000e+00,-6.50073305e-02,-1.58930308e-01,3.30222299e-02,-1.23425441e-01,-1.18707390e+01,0.00000000e+00,1.64759959e-01,2.52441865e-02,1.61464760e+02,2.47393028e+01
2.25600000e+00,-6.53164552e-02,-1.50144758e-01,3.27768616e-02,-1.22020957e-01,-1.18707390e+01,0.00000000e+00,1.62521682e-01,2.45777988e-02,1.59271248e+02,2.40862428e+01
2.25800000e+00,-6.56077955e-02,-1.41188101e-01,3.25341788e-02,-1.20567354e-01,-1.18707390e+01,0.00000000e+00,1.63176455e-01,2.50000436e-02,1.59912926e+02,2.45000427e+01
2.26000000e+00,-6.58811591e-02,-1.32158614e-01,3.22948392e-02,-1.18743306e-01,-1.18707390e+01,0.00000000e+00,1.63088186e-01,2.50127162e-02,1.59826422e+02,2.45124618e+01
2.26200000e+00,-6.61363391e-02,-1.22992861e-01,3.20592585e-02,-1.16839892e-01,-1.18707390e+01,0.00000000e+00,1.62112658e-01,2.48293134e-02,1.58870405e+02,2.43327272e+01
2.26400000e+00,-6.63730313e-02,-1.13678331e-01,3.18277512e-02,-1.14529119e-01,-1.18707390e+01,0.00000000e+00,1.61581771e-01,2.55361497e-02,1.58350135e+02,2.50254267e+01
2.26600000e+00,-6.65910364e-02,-1.04339802e-01,3.16016422e-02,-1.11468156e-01,-1.18707390e+01,0.00000000e+00,1.63369669e-01,2.60797473e-02,1.60102276e+02,2.55581523e+01
2.26800000e+00,-6.67902874e-02,-9.48465732e-02,3.13816819e-02,-1.08702146e-01,-1.18707390e+01,0.00000000e+00,1.59631883e-01,2.46015990e-02,1.56439246e+02,2.41095670e+01
2.27000000e+00,-6.69702948e-02,-8.51615649e-02,3.11666658e-02,-1.06187878e-01,-1.18707390e+01,0.00000000e+00,1.60397265e-01,2.52432002e-02,1.57189319e+02,2.47383362e+01
2.27200000e+00,-6.71308793e-02,-7.53949532e-02,3.09570356e-02,-1.03515742e-01,-1.18707390e+01,0.00000000e+00,1.59075673e-01,2.46323721e-02,1.55894160e+02,2.41397247e+01
2.27400000e+00,-6.72718375e-02,-6.55726989e-02,3.07527440e-02,-1.00631867e-01,-1.18707390e+01,0.00000000e+00,1.60287853e-01,2.53946763e-02,1.57082096e+02,2.48867828e+01
2.27600000e+00,-6.73931480e-02,-5.57173636e-02,3.05547441e-02,-9.73941518e-02,-1.18707390e+01,0.00000000e+00,1.59333091e-01,2.50908948e-02,1.56146430e+02,2.45890770e+01
2.27800000e+00,-6.74946339e-02,-4.57524374e-02,3.03631045e-02,-9.42507810e-02,-1.18707390e+01,0.00000000e+00,1.58596067e-01,2.49215910e-02,1.55424146e+02,2.44231592e+01
2.28000000e+00,-6.75761388e-02,-3.57590566e-02,3.01779484e-02,-9.07962706e-02,-1.18707390e+01,0.00000000e+00,1.59374346e-01,2.54781030e-02,1.56186859e+02,2.49685409e+01
2.28200000e+00,-6.76376316e-02,-2.57078579e-02,2.99999770e-02,-8.72554745e-02,-1.18707390e+01,0.00000000e+00,1.57787916e-01,2.48469820e-02,1.54632157e+02,2.43500423e+01
2.28400000e+00,-6.76789265e-02,-1.55911325e-02,2.98291087e-02,-8.34414764e-02,-1.18707390e+01,0.00000000e+00,1.58221574e-01,2.58059699e-02,1.55057142e+02,2.52898505e+01
2.28600000e+00,-6.77000675e-02,-5.58149257e-03,2.96668367e-02,-7.86890778e-02,-1.18707390e+01,0.00000000e+00,1.60503783e-01,2.65829871e-02,1.57293707e+02,2.60513274e+01
2.28800000e+00,-6.77011646e-02,4.55994223e-03,2.95139833e-02,-7.44902072e-02,-1.18707390e+01,0.00000000e+00,1.55191918e-01,2.44239048e-02,1.52088080e+02,2.39354267e+01
2.29000000e+00,-6.76817247e-02,1.48559607e-02,2.93685506e-02,-7.07792769e-02,-1.18707390e+01,0.00000000e+00,1.56775002e-01,2.53495906e-02,1.53639502e+02,2.48425987e+01
2.29200000e+00,-6.76417920e-02,2.50751304e-02,2.92311763e-02,-6.66032073e-02,-1.18707390e+01,0.00000000e+00,1.56703406e-01,2.52022762e-02,1.53569338e+02,2.46982306e+01
2.29400000e+00,-6.75814369e-02,3.52753103e-02,2.91022561e-02,-6.22497030e-02,-1.18707390e+01,0.00000000e+00,1.56767701e-01,2.55361049e-02,1.53632347e+02,2.50253828e+01
2.29600000e+00,-6.75007081e-02,4.54494460e-02,2.89823738e-02,-5.76017137e-02,-1.18707390e+01,0.00000000e+00,1.56694522e-01,2.56472557e-02,1.53560632e+02,2.51343106e+01
2.29800000e+00,-6.73996167e-02,5.56570932e-02,2.88717534e-02,-5.30974247e-02,-1.18707390e+01,0.00000000e+00,1.55200995e-01,2.50745782e-02,1.52096975e+02,2.45730866e+01
2.30000000e+00,-6.72780832e-02,6.58595857e-02,2.87699786e-02,-4.86014262e-02,-1.18707390e+01,0.00000000e+00,1.55864573e-01,2.54826572e-02,1.52747282e+02,2.49730040e+01
2.30200000e+00,-6.71362010e-02,7.60280824e-02,2.86774061e-02,-4.40177753e-02,-1.18707390e+01,0.00000000e+00,1.54878646e-01,2.51244242e-02,1.51781073e+02,2.46219357e+01
2.30400000e+00,-6.69739914e-02,8.61658152e-02,2.85940690e-02,-3.91919706e-02,-1.18707390e+01,0.00000000e+00,1.55300728e-01,2.58699676e-02,1.52194713e+02,2.53525682e+01
2.30600000e+00,-6.67916577e-02,9.61237424e-02,2.85212067e-02,-3.35136561e-02,-1.18707390e+01,0.00000000e+00,1.57632611e-01,2.68075009e-02,1.54479959e+02,2.62713509e+01
2.30800000e+00,-6.65894809e-02,1.06104955e-01,2.84597310e-02,-2.82602328e-02,-1.18707390e+01,0.00000000e+00,1.53146716e-01,2.48880320e-02,1.50083781e+02,2.43902713e+01
2.31000000e+00,-6.63671862e-02,1.16163663e-01,2.84077310e-02,-2.36588639e-02,-1.18707390e+01,0.00000000e+00,1.54048251e-01,2.53627069e-02,1.50967286e+02,2.48554527e+01
2.31200000e+00,-6.61248930e-02,1.26122258e-01,2.83651958e-02,-1.89070410e-02,-1.18707390e+01,0.00000000e+00,1.53548879e-01,2.51411187e-02,1.50477902e+02,2.46382963e+01
2.31400000e+00,-6.58627620e-02,1.35983515e-01,2.83321851e-02,-1.40318045e-02,-1.18707390e+01,0.00000000e+00,1.54223281e-01,2.55726332e-02,1.51138815e+02,2.50611806e+01
2.31600000e+00,-6.55810267e-02,1.45743121e-01,2.83091852e-02,-8.98174105e-03,-1.18707390e+01,0.00000000e+00,1.53664198e-01,2.54731571e-02,1.50590914e+02,2.49636939e+01
2.31800000e+00,-6.52798329e-02,1.55437775e-01,2.82961914e-02,-4.03181503e-03,-1.18707390e+01,0.00000000e+00,1.53321919e-01,2.53418536e-02,1.50255481e+02,2.48350165e+01
2.32000000e+00,-6.49593411e-02,1.65034126e-01,2.82930500e-02,9.06158052e-04,-1.18707390e+01,0.00000000e+00,1.53384283e-01,2.54415710e-02,1.50316597e+02,2.49327396e+01
2.32200000e+00,-6.46197617e-02,1.74532483e-01,2.82997928e-02,5.80926104e-03,-1.18707390e+01,0.00000000e+00,1.52878498e-01,2.52762813e-02,1.49820928e+02,2.47707557e+01
2.32400000e+00,-6.42612888e-02,1.83914465e-01,2.83164751e-02,1.09944229e-02,-1.18707390e+01,0.00000000e+00,1.53215765e-01,2.60553780e-02,1.50151450e+02,2.55342705e+01
2.32600000e+00,-6.38842992e-02,1.93003453e-01,2.83443330e-02,1.70232610e-02,-1.18707390e+01,0.00000000e+00,1.56684910e-01,2.70845603e-02,1.53551212e+02,2.65428691e+01
2.32800000e+00,-6.34893223e-02,2.02021525e-01,2.83842200e-02,2.25300208e-02,-1.18707390e+01,0.00000000e+00,1.51685209e-01,2.50141326e-02,1.48651504e+02,2.45138500e+01
2.33000000e+00,-6.30761951e-02,2.11066632e-01,2.84339086e-02,2.72200954e-02,-1.18707390e+01,0.00000000e+00,1.52717768e-01,2.54394314e-02,1.49663413e+02,2.49306427e+01
2.33200000e+00,-6.26451976e-02,2.19898938e-01,2.84932490e-02,3.21331460e-02,-1.18707390e+01,0.00000000e+00,1.53175645e-01,2.55649317e-02,1.50112132e+02,2.50536331e+01
2.33400000e+00,-6.21967279e-02,2.28538281e-01,2.85625509e-02,3.72108067e-02,-1.18707390e+01,0.00000000e+00,1.53601228e-01,2.58818954e-02,1.50529204e+02,2.53642575e+01
2.33600000e+00,-6.17311527e-02,2.37015239e-01,2.86421169e-02,4.23253999e-02,-1.18707390e+01,0.00000000e+00,1.53204225e-01,2.57540190e-02,1.50140141e+02,2.52389387e+01
2.33800000e+00,-6.12487556e-02,2.45359369e-01,2.87316910e-02,4.71977782e-02,-1.18707390e+01,0.00000000e+00,1.52801265e-01,2.54994393e-02,1.49745239e+02,2.49894506e+01
2.34000000e+00,-6.07498206e-02,2.53545466e-01,2.88307824e-02,5.18818223e-02,-1.18707390e+01,0.00000000e+00,1.52857629e-01,2.54983479e-02,1.49800477e+02,2.49883809e+01
2.34200000e+00,-6.02346905e-02,2.61556357e-01,2.89391420e-02,5.64514042e-02,-1.18707390e+01,0.00000000e+00,1.52723062e-01,2.54121066e-02,1.49668601e+02,2.49038644e+01
2.34400000e+00,-5.97037066e-02,2.69400180e-01,2.90566658e-02,6.11375377e-02,-1.18707390e+01,0.00000000e+00,1.52459105e-01,2.59089948e-02,1.49409922e+02,2.53908149e+01
2.34600000e+00,-5.91573257e-02,2.76890188e-01,2.91841691e-02,6.65389476e-02,-1.18707390e+01,0.00000000e+00,1.56561477e-01,2.70934863e-02,1.53430247e+02,2.65516166e+01
2.34800000e+00,-5.85962505e-02,2.84223219e-01,2.93225028e-02,7.14622739e-02,-1.18707390e+01,0.00000000e+00,1.51576817e-01,2.51009710e-02,1.48545281e+02,2.45989516e+01
2.35000000e+00,-5.80204529e-02,2.91526158e-01,2.94694230e-02,7.54929687e-02,-1.18707390e+01,0.00000000e+00,1.52594259e-01,2.54281069e-02,1.49542374e+02,2.49195447e+01
2.35200000e+00,-5.74303297e-02,2.98553313e-01,2.96245619e-02,7.96546260e-02,-1.18707390e+01,0.00000000e+00,1.53232670e-01,2.55957932e-02,1.50168016e+02,2.50838773e+01
2.35400000e+00,-5.68264207e-02,3.05308799e-01,2.97881437e-02,8.39694383e-02,-1.18707390e+01,0.00000000e+00,1.54040353e-01,2.59815237e-02,1.50959545e+02,2.54618933e+01
2.35600000e+00,-5.62092514e-02,3.11829010e-01,2.99604228e-02,8.82589630e-02,-1.18707390e+01,0.00000000e+00,1.53719059e-01,2.57870561e-02,1.50644678e+02,2.52713150e+01
2.35800000e+00,-5.55792218e-02,3.18173610e-01,3.01408889e-02,9.21125478e-02,-1.18707390e+01,0.00000000e+00,1.53026800e-01,2.53226824e-02,1.49966264e+02,2.48162288e+01
2.36000000e+00,-5.49367152e-02,3.24280826e-01,3.03287651e-02,9.58043091e-02,-1.18707390e+01,0.00000000e+00,1.54046289e-01,2.57142927e-02,1.50965363e+02,2.52000069e+01
2.36200000e+00,-5.42822741e-02,3.30124550e-01,3.05240872e-02,9.94677296e-02,-1.18707390e+01,0.00000000e+00,1.53865548e-01,2.55407110e-02,1.50788237e+02,2.50298968e+01
2.36400000e+00,-5.36163488e-02,3.35770621e-01,3.07265731e-02,1.03036722e-01,-1.18707390e+01,0.00000000e+00,1.53251931e-01,2.58039053e-02,1.50186893e+02,2.52878272e+01
2.36600000e+00,-5.29394402e-02,3.41043922e-01,3.09365703e-02,1.07109991e-01,-1.18707390e+01,0.00000000e+00,1.57072332e-01,2.68975800e-02,1.53930886e+02,2.63596284e+01
2.36800000e+00,-5.22523219e-02,3.46094072e-01,3.11546456e-02,1.10632142e-01,-1.18707390e+01,0.00000000e+00,1.52877770e-01,2.49570733e-02,1.49820214e+02,2.44579318e+01
2.37000000e+00,-5.15551528e-02,3.51010852e-01,3.13786141e-02,1.13427148e-01,-1.18707390e+01,0.00000000e+00,1.54518020e-01,2.56901523e-02,1.51427660e+02,2.51763492e+01
2.37200000e+00,-5.08484791e-02,3.55626695e-01,3.16083275e-02,1.16182194e-01,-1.18707390e+01,0.00000000e+00,1.54160057e-01,2.52001898e-02,1.51076855e+02,2.46961860e+01
2.37400000e+00,-5.01328295e-02,3.59967383e-01,3.18432294e-02,1.18767010e-01,-1.18707390e+01,0.00000000e+00,1.55123579e-01,2.56673798e-02,1.52021107e+02,2.51540322e+01
2.37600000e+00,-4.94087994e-02,3.64023298e-01,3.20833638e-02,1.21304161e-01,-1.18707390e+01,0.00000000e+00,1.54920730e-01,2.54421286e-02,1.51822315e+02,2.49332860e+01
2.37800000e+00,-4.86768956e-02,3.67840235e-01,3.23281905e-02,1.23458092e-01,-1.18707390e+01,0.00000000e+00,1.54748864e-01,2.52118485e-02,1.51653887e+02,2.47076115e+01
2.38000000e+00,-4.79376446e-02,3.71347961e-01,3.25771848e-02,1.25595091e-01,-1.18707390e+01,0.00000000e+00,1.56126051e-01,2.57614432e-02,1.53003530e+02,2.52462144e+01
2.38200000e+00,-4.71917041e-02,3.74555263e-01,3.28305177e-02,1.27652310e-01,-1.18707390e+01,0.00000000e+00,1.55692896e-01,2.54054221e-02,1.52579038e+02,2.48973136e+01
2.38400000e+00,-4.64395636e-02,3.77552486e-01,3.30876177e-02,1.29444924e-01,-1.18707390e+01,0.00000000e+00,1.54907482e-01,2.55725893e-02,1.51809333e+02,2.50611375e+01
2.38600000e+00,-4.56817559e-02,3.80157123e-01,3.33485513e-02,1.31618362e-01,-1.18707390e+01,0.00000000e+00,1.58691460e-01,2.65767001e-02,1.55517630e+02,2.60451661e+01
2.38800000e+00,-4.49191192e-02,3.82485753e-01,3.36137780e-02,1.33322243e-01,-1.18707390e+01,0.00000000e+00,1.55140894e-01,2.49650721e-02,1.52038076e+02,2.44657706e+01
2.39000000e+00,-4.41519555e-02,3.84600483e-01,3.38815123e-02,1.34534251e-01,-1.18707390e+01,0.00000000e+00,1.57436120e-01,2.59262904e-02,1.54287397e+02,2.54077646e+01
2.39200000e+00,-4.33809302e-02,3.86395807e-01,3.41518422e-02,1.35637147e-01,-1.18707390e+01,0.00000000e+00,1.56317929e-01,2.51217171e-02,1.53191570e+02,2.46192828e+01
2.39400000e+00,-4.26065566e-02,3.87914569e-01,3.44238424e-02,1.36412241e-01,-1.18707390e+01,0.00000000e+00,1.57583668e-01,2.56265067e-02,1.54431995e+02,2.51139765e+01
2.39600000e+00,-4.18294985e-02,3.89093438e-01,3.46975157e-02,1.37224048e-01,-1.18707390e+01,0.00000000e+00,1.57922010e-01,2.55893949e-02,1.54763569e+02,2.50776070e+01
2.39800000e+00,-4.10503473e-02,3.90025676e-01,3.49724035e-02,1.37533296e-01,-1.18707390e+01,0.00000000e+00,1.56990328e-01,2.49641523e-02,1.53850522e+02,2.44648692e+01
2.40000000e+00,-4.02695938e-02,3.90660998e-01,3.52475098e-02,1.37633946e-01,-1.18707390e+01,0.00000000e+00,1.58489481e-01,2.55445403e-02,1.55319691e+02,2.50336495e+01
2.40200000e+00,-3.94879375e-02,3.90945085e-01,3.55229782e-02,1.37793048e-01,-1.18707390e+01,0.00000000e+00,1.58818294e-01,2.54802877e-02,1.55641928e+02,2.49706820e+01
2.40400000e+00,-3.87059395e-02,3.91040061e-01,3.57983447e-02,1.37446275e-01,-1.18707390e+01,0.00000000e+00,1.56525247e-01,2.48761764e-02,1.53394742e+02,2.43786528e+01
2.40600000e+00,-3.79240264e-02,3.90761348e-01,3.60729236e-02,1.37339789e-01,-1.18707390e+01,0.00000000e+00,1.61166785e-01,2.63770365e-02,1.57943449e+02,2.58494957e+01
2.40800000e+00,-3.71431452e-02,3.90105976e-01,3.63476808e-02,1.37198857e-01,-1.18707390e+01,0.00000000e+00,1.58949623e-01,2.51963511e-02,1.55770631e+02,2.46924241e+01
2.41000000e+00,-3.63637548e-02,3.89222085e-01,3.66213639e-02,1.36525347e-01,-1.18707390e+01,0.00000000e+00,1.60140945e-01,2.56504231e-02,1.56938126e+02,2.51374146e+01
2.41200000e+00,-3.55864521e-02,3.88045410e-01,3.68936231e-02,1.35613171e-01,-1.18707390e+01,0.00000000e+00,1.59441205e-01,2.50846540e-02,1.56252381e+02,2.45829609e+01
2.41400000e+00,-3.48117429e-02,3.86614186e-01,3.71635297e-02,1.34270661e-01,-1.18707390e+01,0.00000000e+00,1.59759288e-01,2.51332726e-02,1.56564102e+02,2.46306071e+01
2.41600000e+00,-3.40402054e-02,3.84867864e-01,3.74306613e-02,1.32861554e-01,-1.18707390e+01,0.00000000e+00,1.60499037e-01,2.53270589e-02,1.57289056e+02,2.48205177e+01
2.41800000e+00,-3.32724815e-02,3.82806406e-01,3.76949073e-02,1.31349564e-01,-1.18707390e+01,0.00000000e+00,1.60847838e-01,2.52954168e-02,1.57630882e+02,2.47895084e+01
2.42000000e+00,-3.25091723e-02,3.80456295e-01,3.79559262e-02,1.29637449e-01,-1.18707390e+01,0.00000000e+00,1.61003593e-01,2.52805672e-02,1.57783521e+02,2.47749559e+01
2.42200000e+00,-3.17508508e-02,3.77814540e-01,3.82133572e-02,1.27775420e-01,-1.18707390e+01,0.00000000e+00,1.61461841e-01,2.53492584e-02,1.58232604e+02,2.48422733e+01
2.42400000e+00,-3.09980641e-02,3.74947778e-01,3.84667700e-02,1.25526685e-01,-1.18707390e+01,0.00000000e+00,1.60104596e-01,2.48317611e-02,1.56902504e+02,2.43351259e+01
2.42600000e+00,-3.02512723e-02,3.71762150e-01,3.87154811e-02,1.23303730e-01,-1.18707390e+01,0.00000000e+00,1.62803963e-01,2.57596276e-02,1.59547884e+02,2.52444350e+01
2.42800000e+00,-2.95112313e-02,3.68252897e-01,3.89599520e-02,1.21031463e-01,-1.18707390e+01,0.00000000e+00,1.61611509e-01,2.50783717e-02,1.58379278e+02,2.45768043e+01
2.43000000e+00,-2.87784097e-02,3.64520140e-01,3.91993213e-02,1.18330676e-01,-1.18707390e+01,0.00000000e+00,1.62029378e-01,2.52032201e-02,1.58788791e+02,2.46991557e+01
2.43200000e+00,-2.80533230e-02,3.60528973e-01,3.94331042e-02,1.15374200e-01,-1.18707390e+01,0.00000000e+00,1.61714661e-01,2.48768294e-02,1.58480368e+02,2.43792928e+01
2.43400000e+00,-2.73364643e-02,3.56282091e-01,3.96606413e-02,1.12152583e-01,-1.18707390e+01,0.00000000e+00,1.62135725e-01,2.49730547e-02,1.58893011e+02,2.44735936e+01
2.43600000e+00,-2.66283825e-02,3.51753356e-01,3.98816598e-02,1.08848870e-01,-1.18707390e+01,0.00000000e+00,1.62502250e-01,2.50215892e-02,1.59252205e+02,2.45211574e+01
2.43800000e+00,-2.59296304e-02,3.46955393e-01,4.00959446e-02,1.05406969e-01,-1.18707390e+01,0.00000000e+00,1.62703356e-01,2.49905144e-02,1.59449289e+02,2.44907042e+01
2.44000000e+00,-2.52407422e-02,3.41885668e-01,4.03032149e-02,1.01855932e-01,-1.18707390e+01,0.00000000e+00,1.63208553e-01,2.50900572e-02,1.59944382e+02,2.45882561e+01
2.44200000e+00,-2.45622605e-02,3.36556707e-01,4.05032509e-02,9.81286954e-02,-1.18707390e+01,0.00000000e+00,1.63200771e-01,2.49079388e-02,1.59936755e+02,2.44097800e+01
2.44400000e+00,-2.38946698e-02,3.30995980e-01,4.06955524e-02,9.41355461e-02,-1.18707390e+01,0.00000000e+00,1.63152065e-01,2.48082368e-02,1.59889023e+02,2.43120720e+01
2.44600000e+00,-2.32384325e-02,3.25201480e-01,4.08797013e-02,9.00048264e-02,-1.18707390e+01,0.00000000e+00,1.63282901e-01,2.48839306e-02,1.60017243e+02,2.43862520e+01
2.44800000e+00,-2.25940292e-02,3.19159051e-01,4.10555284e-02,8.58090996e-02,-1.18707390e+01,0.00000000e+00,1.63660571e-01,2.49246756e-02,1.60387360e+02,2.44261821e+01
2.45000000e+00,-2.19619704e-02,3.12855421e-01,4.12229187e-02,8.15848125e-02,-1.18707390e+01,0.00000000e+00,1.64201262e-01,2.50648369e-02,1.60917237e+02,2.45635402e+01
2.45200000e+00,-2.13427666e-02,3.06313195e-01,4.13818024e-02,7.72627107e-02,-1.18707390e+01,0.00000000e+00,1.64154655e-01,2.49480888e-02,1.60871562e+02,2.44491271e+01
2.45400000e+00,-2.07368439e-02,2.99581605e-01,4.15317530e-02,7.26158792e-02,-1.18707390e+01,0.00000000e+00,1.63652517e-01,2.45993111e-02,1.60379467e+02,2.41073248e+01
2.45600000e+00,-2.01445765e-02,2.92645515e-01,4.16721361e-02,6.77743232e-02,-1.18707390e+01,0.00000000e+00,1.64070315e-01,2.47418881e-02,1.60788909e+02,2.42470503e+01
2.45800000e+00,-1.95664032e-02,2.85497365e-01,4.18027742e-02,6.28186245e-02,-1.18707390e+01,0.00000000e+00,1.63858945e-01,2.45483556e-02,1.60581766e+02,2.40573885e+01
2.46000000e+00,-1.90027160e-02,2.78155772e-01,4.19232850e-02,5.76745622e-02,-1.18707390e+01,0.00000000e+00,1.63959211e-01,2.45207634e-02,1.60680027e+02,2.40303481e+01
2.46200000e+00,-1.84539306e-02,2.70588551e-01,4.20334780e-02,5.25388092e-02,-1.18707390e+01,0.00000000e+00,1.64620656e-01,2.47253200e-02,1.61328243e+02,2.42308136e+01
2.46400000e+00,-1.79205181e-02,2.62786883e-01,4.21334057e-02,4.73512266e-02,-1.18707390e+01,0.00000000e+00,1.65051571e-01,2.45568287e-02,1.61750539e+02,2.40656921e+01
2.46600000e+00,-1.74028670e-02,2.54859278e-01,4.22226593e-02,4.18282412e-02,-1.18707390e+01,0.00000000e+00,1.63305390e-01,2.41510383e-02,1.60039283e+02,2.36680175e+01
2.46800000e+00,-1.69011700e-02,2.46798163e-01,4.23006240e-02,3.61632051e-02,-1.18707390e+01,0.00000000e+00,1.64043108e-01,2.43723653e-02,1.60762246e+02,2.38849180e+01
2.47000000e+00,-1.64158224e-02,2.38514911e-01,4.23674001e-02,3.06302017e-02,-1.18707390e+01,0.00000000e+00,1.64500478e-01,2.45258350e-02,1.61210468e+02,2.40353183e+01
2.47200000e+00,-1.59472488e-02,2.30024066e-01,4.24232508e-02,2.52562088e-02,-1.18707390e+01,0.00000000e+00,1.65034379e-01,2.47881234e-02,1.61733691e+02,2.42923609e+01
2.47400000e+00,-1.54958211e-02,2.21390807e-01,4.24683342e-02,1.97461554e-02,-1.18707390e+01,0.00000000e+00,1.64108014e-01,2.43068645e-02,1.60825854e+02,2.38207272e+01
2.47600000e+00,-1.50617637e-02,2.12640441e-01,4.25020807e-02,1.40041231e-02,-1.18707390e+01,0.00000000e+00,1.64191917e-01,2.43517540e-02,1.60908078e+02,2.38647189e+01
2.47800000e+00,-1.46453700e-02,2.03724119e-01,4.25243927e-02,8.32501657e-03,-1.18707390e+01,0.00000000e+00,1.64550573e-01,2.44731449e-02,1.61259562e+02,2.39836820e+01
2.48000000e+00,-1.42469526e-02,1.94679704e-01,4.25353033e-02,2.52970827e-03,-1.18707390e+01,0.00000000e+00,1.63895854e-01,2.41257756e-02,1.60617937e+02,2.36432601e+01
2.48200000e+00,-1.38667439e-02,1.85496274e-01,4.25345131e-02,-3.26324229e-03,-1.18707390e+01,0.00000000e+00,1.64657893e-01,2.44793525e-02,1.61364736e+02,2.39897655e+01
2.48400000e+00,-1.35050962e-02,1.76119830e-01,4.25223291e-02,-8.93812215e-03,-1.18707390e+01,0.00000000e+00,1.65415719e-01,2.43585097e-02,1.62107404e+02,2.38713395e+01
2.48600000e+00,-1.31622743e-02,1.66728728e-01,4.24984349e-02,-1.51014998e-02,-1.18707390e+01,0.00000000e+00,1.62163423e-01,2.34223166e-02,1.58920154e+02,2.29538703e+01
2.48800000e+00,-1.28382135e-02,1.57289220e-01,4.24618598e-02,-2.13598568e-02,-1.18707390e+01,0.00000000e+00,1.63863074e-01,2.41094987e-02,1.60585812e+02,2.36273088e+01
2.49000000e+00,-1.25332351e-02,1.47673229e-01,4.24132250e-02,-2.72739025e-02,-1.18707390e+01,0.00000000e+00,1.63758571e-01,2.40779625e-02,1.60483399e+02,2.35964033e+01
2.49200000e+00,-1.22476236e-02,1.37902827e-01,4.23530161e-02,-3.28100482e-02,-1.18707390e+01,0.00000000e+00,1.65099981e-01,2.48190093e-02,1.61797981e+02,2.43226291e+01
2.49400000e+00,-1.19816819e-02,1.28045210e-01,4.22820271e-02,-3.82827311e-02,-1.18707390e+01,0.00000000e+00,1.63585359e-01,2.41119495e-02,1.60313652e+02,2.36297105e+01
2.49600000e+00,-1.17354442e-02,1.18185396e-01,4.21996492e-02,-4.41093322e-02,-1.18707390e+01,0.00000000e+00,1.63100987e-01,2.39608244e-02,1.59838967e+02,2.34816079e+01
2.49800000e+00,-1.15089827e-02,1.08262061e-01,4.21056129e-02,-4.99012334e-02,-1.18707390e+01,0.00000000e+00,1.63180574e-01,2.40528215e-02,1.59916963e+02,2.35717651e+01
2.50000000e+00,-1.13024282e-02,9.82903811e-02,4.20000338e-02,-5.57089662e-02,-1.18707390e+01,0.00000000e+00,1.62503825e-01,2.37791243e-02,1.59253748e+02,2.33035419e+01
2.50200000e+00,-1.11158764e-02,8.82358502e-02,4.18829167e-02,-6.13073479e-02,-1.18707390e+01,0.00000000e+00,1.63552775e-01,2.43272657e-02,1.60281719e+02,2.38407204e+01
2.50400000e+00,-1.09495843e-02,7.80319914e-02,4.17549995e-02,-6.66130277e-02,-1.18707390e+01,0.00000000e+00,1.64594187e-01,2.42129315e-02,1.61302303e+02,2.37286729e+01
2.50600000e+00,-1.08036995e-02,6.79014781e-02,4.16161335e-02,-7.24152723e-02,-1.18707390e+01,0.00000000e+00,1.60606440e-01,2.30888975e-02,1.57394311e+02,2.26271195e+01
2.50800000e+00,-1.06779643e-02,5.77920954e-02,4.14653906e-02,-7.81393069e-02,-1.18707390e+01,0.00000000e+00,1.63032916e-01,2.41641608e-02,1.59772258e+02,2.36808776e+01
2.51000000e+00,-1.05726388e-02,4.75213145e-02,4.13040576e-02,-8.31414127e-02,-1.18707390e+01,0.00000000e+00,1.63476216e-01,2.43758143e-02,1.60206692e+02,2.38882980e+01
2.51200000e+00,-1.04879478e-02,3.71473836e-02,4.11332256e-02,-8.75425628e-02,-1.18707390e+01,0.00000000e+00,1.64709654e-01,2.51833788e-02,1.61415461e+02,2.46797113e+01
2.51400000e+00,-1.04240466e-02,2.67773812e-02,4.09539625e-02,-9.18309040e-02,-1.18707390e+01,0.00000000e+00,1.62820351e-01,2.43582153e-02,1.59563944e+02,2.38710510e+01
2.51600000e+00,-1.03807491e-02,1.65411505e-02,4.07655325e-02,-9.66734376e-02,-1.18707390e+01,0.00000000e+00,1.61188448e-01,2.37528888e-02,1.57964679e+02,2.32778310e+01
2.51800000e+00,-1.03578671e-02,6.32735285e-03,4.05673302e-02,-1.01423842e-01,-1.18707390e+01,0.00000000e+00,1.62067724e-01,2.42704311e-02,1.58826369e+02,2.37850225e+01
2.52000000e+00,-1.03554141e-02,-3.84795114e-03,4.03598468e-02,-1.06159729e-01,-1.18707390e+01,0.00000000e+00,1.60227290e-01,2.34888455e-02,1.57022744e+02,2.30190686e+01
2.52200000e+00,-1.03732280e-02,-1.39770243e-02,4.01427274e-02,-1.10841458e-01,-1.18707390e+01,0.00000000e+00,1.61091553e-01,2.40758990e-02,1.57869722e+02,2.35943810e+01
2.52400000e+00,-1.04113614e-02,-2.41650265e-02,3.99166914e-02,-1.15207575e-01,-1.18707390e+01,0.00000000e+00,1.61874052e-01,2.38301850e-02,1.58636571e+02,2.33535813e+01
2.52600000e+00,-1.04697751e-02,-3.41835099e-02,3.96815308e-02,-1.20123001e-01,-1.18707390e+01,0.00000000e+00,1.57566035e-01,2.25888912e-02,1.54414714e+02,2.21371134e+01
2.52800000e+00,-1.05480398e-02,-4.41184396e-02,3.94363585e-02,-1.24799799e-01,-1.18707390e+01,0.00000000e+00,1.60520122e-01,2.39828290e-02,1.57309720e+02,2.35031725e+01
2.53000000e+00,-1.06463222e-02,-5.41633766e-02,3.91829520e-02,-1.28546197e-01,-1.18707390e+01,0.00000000e+00,1.60897916e-01,2.41813470e-02,1.57679958e+02,2.36977200e+01
2.53200000e+00,-1.07647201e-02,-6.42485670e-02,3.89226751e-02,-1.31540683e-01,-1.18707390e+01,0.00000000e+00,1.62386143e-01,2.51905699e-02,1.59138420e+02,2.46867585e+01
2.53400000e+00,-1.09032705e-02,-7.42647273e-02,3.86569790e-02,-1.34250572e-01,-1.18707390e+01,0.00000000e+00,1.60374859e-01,2.44002177e-02,1.57167362e+02,2.39122133e+01
2.53600000e+00,-1.10616166e-02,-8.40373073e-02,3.83852598e-02,-1.37579950e-01,-1.18707390e+01,0.00000000e+00,1.57946868e-01,2.35034043e-02,1.54787930e+02,2.30333363e+01
2.53800000e+00,-1.12393119e-02,-9.36482630e-02,3.81065835e-02,-1.41022847e-01,-1.18707390e+01,0.00000000e+00,1.58009435e-01,2.37652670e-02,1.54849247e+02,2.32899616e+01
2.54000000e+00,-1.14361478e-02,-1.03166468e-01,3.78213103e-02,-1.44252930e-01,-1.18707390e+01,0.00000000e+00,1.57347422e-01,2.35438868e-02,1.54200474e+02,2.30730090e+01
2.54200000e+00,-1.16519126e-02,-1.12586822e-01,3.75297230e-02,-1.47256283e-01,-1.18707390e+01,0.00000000e+00,1.57445745e-01,2.38258774e-02,1.54296830e+02,2.33493599e+01
2.54400000e+00,-1.18864925e-02,-1.22003153e-01,3.72325112e-02,-1.49920610e-01,-1.18707390e+01,0.00000000e+00,1.59129992e-01,2.38320164e-02,1.55947392e+02,2.33553760e+01
2.54600000e+00,-1.21398029e-02,-1.31236107e-01,3.69298623e-02,-1.52852137e-01,-1.18707390e+01,0.00000000e+00,1.55190539e-01,2.28338130e-02,1.52086729e+02,2.23771367e+01
2.54800000e+00,-1.24113113e-02,-1.40280673e-01,3.66212157e-02,-1.55614150e-01,-1.18707390e+01,0.00000000e+00,1.56907407e-01,2.37481063e-02,1.53769258e+02,2.32731442e+01
2.55000000e+00,-1.27009370e-02,-1.49342241e-01,3.63080131e-02,-1.57465236e-01,-1.18707390e+01,0.00000000e+00,1.57915111e-01,2.42992216e-02,1.54756809e+02,2.38132372e+01
2.55200000e+00,-1.30086992e-02,-1.58432232e-01,3.59920918e-02,-1.58210890e-01,-1.18707390e+01,0.00000000e+00,1.60046886e-01,2.56174978e-02,1.56845948e+02,2.51051479e+01
2.55400000e+00,-1.33345828e-02,-1.67397633e-01,3.56754359e-02,-1.58556951e-01,-1.18707390e+01,0.00000000e+00,1.57627203e-01,2.46856999e-02,1.54474659e+02,2.41919859e+01
2.55600000e+00,-1.36780514e-02,-1.76005534e-01,3.53573295e-02,-1.59704567e-01,-1.18707390e+01,0.00000000e+00,1.54461508e-01,2.34809999e-02,1.51372277e+02,2.30113799e+01
2.55800000e+00,-1.40384265e-02,-1.84345736e-01,3.50364488e-02,-1.61105496e-01,-1.18707390e+01,0.00000000e+00,1.54279491e-01,2.36961933e-02,1.51193901e+02,2.32222695e+01
2.56000000e+00,-1.44153282e-02,-1.92526779e-01,3.47131010e-02,-1.62216311e-01,-1.18707390e+01,0.00000000e+00,1.53785605e-01,2.36284895e-02,1.50709893e+02,2.31559197e+01
2.56200000e+00,-1.48084458e-02,-2.00576085e-01,3.43878698e-02,-1.62897777e-01,-1.18707390e+01,0.00000000e+00,1.54377351e-01,2.41331074e-02,1.51289804e+02,2.36504452e+01
2.56400000e+00,-1.52176315e-02,-2.08623869e-01,3.40618580e-02,-1.63057132e-01,-1.18707390e+01,0.00000000e+00,1.57057548e-01,2.42587576e-02,1.53916397e+02,2.37735825e+01
2.56600000e+00,-1.56427982e-02,-2.16457138e-01,3.37355266e-02,-1.63388537e-01,-1.18707390e+01,0.00000000e+00,1.52803155e-01,2.33058752e-02,1.49747092e+02,2.28397577e+01
2.56800000e+00,-1.60832878e-02,-2.24031955e-01,3.34084593e-02,-1.63486761e-01,-1.18707390e+01,0.00000000e+00,1.54583099e-01,2.42810839e-02,1.51491437e+02,2.37954622e+01
2.57000000e+00,-1.65388688e-02,-2.31520905e-01,3.30820530e-02,-1.62874890e-01,-1.18707390e+01,0.00000000e+00,1.54485017e-01,2.43298411e-02,1.51395317e+02,2.38432443e+01
2.57200000e+00,-1.70093353e-02,-2.38955733e-01,3.27576311e-02,-1.61256156e-01,-1.18707390e+01,0.00000000e+00,1.57128653e-01,2.59304883e-02,1.53986080e+02,2.54118786e+01
2.57400000e+00,-1.74945890e-02,-2.46236534e-01,3.24374078e-02,-1.59068295e-01,-1.18707390e+01,0.00000000e+00,1.54817111e-01,2.50660427e-02,1.51720769e+02,2.45647219e+01
2.57600000e+00,-1.79939911e-02,-2.53081833e-01,3.21207593e-02,-1.57778295e-01,-1.18707390e+01,0.00000000e+00,1.51000586e-01,2.35929138e-02,1.47980574e+02,2.31210555e+01
2.57800000e+00,-1.85067019e-02,-2.59605403e-01,3.18061408e-02,-1.56718913e-01,-1.18707390e+01,0.00000000e+00,1.51457814e-01,2.41321395e-02,1.48428658e+02,2.36494968e+01
2.58000000e+00,-1.90322614e-02,-2.65902062e-01,3.14940220e-02,-1.55451922e-01,-1.18707390e+01,0.00000000e+00,1.49962666e-01,2.35822604e-02,1.46963412e+02,2.31106152e+01
2.58200000e+00,-1.95701580e-02,-2.71970587e-01,3.11844731e-02,-1.53975102e-01,-1.18707390e+01,0.00000000e+00,1.50493057e-01,2.41298075e-02,1.47483196e+02,2.36472114e+01
2.58400000e+00,-2.01201459e-02,-2.78042263e-01,3.08785803e-02,-1.51810311e-01,-1.18707390e+01,0.00000000e+00,1.54501305e-01,2.45884817e-02,1.51411279e+02,2.40967120e+01
2.58600000e+00,-2.06821619e-02,-2.83866213e-01,3.05771135e-02,-1.49822997e-01,-1.18707390e+01,0.00000000e+00,1.49268033e-01,2.33257375e-02,1.46282673e+02,2.28592227e+01
2.58800000e+00,-2.12554092e-02,-2.89387824e-01,3.02794944e-02,-1.47526709e-01,-1.18707390e+01,0.00000000e+00,1.52093505e-01,2.48110210e-02,1.49051635e+02,2.43148006e+01
2.59000000e+00,-2.18396509e-02,-2.94816053e-01,2.99875964e-02,-1.44345859e-01,-1.18707390e+01,0.00000000e+00,1.51832968e-01,2.47641483e-02,1.48796309e+02,2.42688653e+01
2.59200000e+00,-2.24345833e-02,-3.00109100e-01,2.97026317e-02,-1.40383969e-01,-1.18707390e+01,0.00000000e+00,1.53769592e-01,2.60418127e-02,1.50694200e+02,2.55209764e+01
2.59400000e+00,-2.30399469e-02,-3.05191537e-01,2.94263709e-02,-1.35956518e-01,-1.18707390e+01,0.00000000e+00,1.51832327e-01,2.53448647e-02,1.48795680e+02,2.48379674e+01
2.59600000e+00,-2.36550311e-02,-3.09796477e-01,2.91581742e-02,-1.32476093e-01,-1.18707390e+01,0.00000000e+00,1.47613654e-01,2.36693466e-02,1.44661381e+02,2.31959597e+01
2.59800000e+00,-2.42789026e-02,-3.14056093e-01,2.88963343e-02,-1.29194081e-01,-1.18707390e+01,0.00000000e+00,1.48838408e-01,2.45530701e-02,1.45861640e+02,2.40620087e+01
2.60000000e+00,-2.49110980e-02,-3.18079645e-01,2.86415963e-02,-1.25614418e-01,-1.18707390e+01,0.00000000e+00,1.47241566e-01,2.39287135e-02,1.44296735e+02,2.34501393e+01
2.60200000e+00,-2.55510300e-02,-3.21816485e-01,2.83939053e-02,-1.21991657e-01,-1.18707390e+01,0.00000000e+00,1.47347222e-01,2.42882445e-02,1.44400278e+02,2.38024796e+01
2.60400000e+00,-2.61983848e-02,-3.25584624e-01,2.81542086e-02,-1.17500608e-01,-1.18707390e+01,0.00000000e+00,1.53242304e-01,2.54070780e-02,1.50177458e+02,2.48989365e+01
2.60600000e+00,-2.68532046e-02,-3.29106975e-01,2.79238250e-02,-1.13126414e-01,-1.18707390e+01,0.00000000e+00,1.46934378e-01,2.37119626e-02,1.43995690e+02,2.32377233e+01
2.60800000e+00,-2.75145567e-02,-3.32245247e-01,2.77017191e-02,-1.08728036e-01,-1.18707390e+01,0.00000000e+00,1.49653354e-01,2.51388519e-02,1.46660287e+02,2.46360749e+01
2.61000000e+00,-2.81821036e-02,-3.35260416e-01,2.74894440e-02,-1.03532898e-01,-1.18707390e+01,0.00000000e+00,1.49494696e-01,2.50789996e-02,1.46504802e+02,2.45774196e+01
2.61200000e+00,-2.88554693e-02,-3.38082096e-01,2.72879310e-02,-9.78225774e-02,-1.18707390e+01,0.00000000e+00,1.50617272e-01,2.59300786e-02,1.47604927e+02,2.54114771e+01
2.61400000e+00,-2.95342655e-02,-3.40654113e-01,2.70983465e-02,-9.18230689e-02,-1.18707390e+01,0.00000000e+00,1.49191200e-01,2.54126962e-02,1.46207376e+02,2.49044423e+01
2.61600000e+00,-3.02177944e-02,-3.42788987e-01,2.69201636e-02,-8.65362436e-02,-1.18707390e+01,0.00000000e+00,1.45973142e-01,2.41773788e-02,1.43053679e+02,2.36938312e+01
2.61800000e+00,-3.09051980e-02,-3.44588651e-01,2.67521135e-02,-8.13814962e-02,-1.18707390e+01,0.00000000e+00,1.46962248e-01,2.48933428e-02,1.44023003e+02,2.43954759e+01
2.62000000e+00,-3.15959835e-02,-3.46140128e-01,2.65947882e-02,-7.60007833e-02,-1.18707390e+01,0.00000000e+00,1.45806183e-01,2.44247111e-02,1.42890059e+02,2.39362169e+01
2.62200000e+00,-3.22895636e-02,-3.47399389e-01,2.64481217e-02,-7.06030789e-02,-1.18707390e+01,0.00000000e+00,1.45790491e-01,2.47173067e-02,1.42874681e+02,2.42229606e+01
2.62400000e+00,-3.29856068e-02,-3.48697297e-01,2.63129569e-02,-6.43339649e-02,-1.18707390e+01,0.00000000e+00,1.52386184e-01,2.60582425e-02,1.49338460e+02,2.55370777e+01
2.62600000e+00,-3.36841844e-02,-3.49742557e-01,2.61906564e-02,-5.82588961e-02,-1.18707390e+01,0.00000000e+00,1.45584600e-01,2.41326917e-02,1.42672908e+02,2.36500379e+01
2.62800000e+00,-3.43842983e-02,-3.50369770e-01,2.60798039e-02,-5.23600297e-02,-1.18707390e+01,0.00000000e+00,1.48330212e-01,2.55277205e-02,1.45363608e+02,2.50171661e+01
2.63000000e+00,-3.50855502e-02,-3.50827096e-01,2.59815668e-02,-4.59355103e-02,-1.18707390e+01,0.00000000e+00,1.47337175e-01,2.50930529e-02,1.44390431e+02,2.45911919e+01
2.63200000e+00,-3.57874378e-02,-3.51031073e-01,2.58961939e-02,-3.93129399e-02,-1.18707390e+01,0.00000000e+00,1.48138870e-01,2.58188165e-02,1.45176093e+02,2.53024401e+01
2.63400000e+00,-3.64895162e-02,-3.50997637e-01,2.58244986e-02,-3.24150341e-02,-1.18707390e+01,0.00000000e+00,1.47520670e-01,2.55657316e-02,1.44570257e+02,2.50544170e+01
2.63600000e+00,-3.71911765e-02,-3.50586392e-01,2.57661650e-02,-2.60701927e-02,-1.18707390e+01,0.00000000e+00,1.45039668e-01,2.45719482e-02,1.42138875e+02,2.40805093e+01
2.63800000e+00,-3.78916592e-02,-3.49871368e-01,2.57201424e-02,-1.98384818e-02,-1.18707390e+01,0.00000000e+00,1.46143194e-01,2.52600269e-02,1.43220330e+02,2.47548264e+01
2.64000000e+00,-3.85904997e-02,-3.48913059e-01,2.56868931e-02,-1.34837670e-02,-1.18707390e+01,0.00000000e+00,1.45063247e-01,2.47800110e-02,1.42161982e+02,2.42844108e+01
2.64200000e+00,-3.92871217e-02,-3.47670076e-01,2.56661397e-02,-7.23042530e-03,-1.18707390e+01,0.00000000e+00,1.45182764e-01,2.50150605e-02,1.42279109e+02,2.45147593e+01
2.64400000e+00,-3.99811921e-02,-3.46445111e-01,2.56585151e-02,-1.61705549e-04,-1.18707390e+01,0.00000000e+00,1.51155329e-01,2.64778081e-02,1.48132223e+02,2.59482519e+01
2.64600000e+00,-4.06727535e-02,-3.44997202e-01,2.56653879e-02,6.74956684e-03,-1.18707390e+01,0.00000000e+00,1.45623961e-01,2.46914594e-02,1.42711482e+02,2.41976302e+01
2.64800000e+00,-4.13609364e-02,-3.43182607e-01,2.56853190e-02,1.33693224e-02,-1.18707390e+01,0.00000000e+00,1.48212076e-01,2.58917616e-02,1.45247835e+02,2.53739264e+01
2.65000000e+00,-4.20453650e-02,-3.41189642e-01,2.57190620e-02,2.02843343e-02,-1.18707390e+01,0.00000000e+00,1.47051022e-01,2.53565482e-02,1.44110001e+02,2.48494173e+01
2.65200000e+00,-4.27255182e-02,-3.38931567e-01,2.57664051e-02,2.71224930e-02,-1.18707390e+01,0.00000000e+00,1.47578503e-01,2.57953143e-02,1.44626933e+02,2.52794080e+01
2.65400000e+00,-4.34009346e-02,-3.36438542e-01,2.58275755e-02,3.39958627e-02,-1.18707390e+01,0.00000000e+00,1.47084444e-01,2.55150159e-02,1.44142755e+02,2.50047156e+01
2.65600000e+00,-4.40710763e-02,-3.33651361e-01,2.59021471e-02,4.05070969e-02,-1.18707390e+01,0.00000000e+00,1.46186569e-01,2.51390367e-02,1.43262838e+02,2.46362560e+01
2.65800000e+00,-4.47353752e-02,-3.30616952e-01,2.59895524e-02,4.69411260e-02,-1.18707390e+01,0.00000000e+00,1.46742510e-01,2.54752183e-02,1.43807660e+02,2.49657139e+01
2.66000000e+00,-4.53933907e-02,-3.27352491e-01,2.60898954e-02,5.33508986e-02,-1.18707390e+01,0.00000000e+00,1.46195534e-01,2.52288325e-02,1.43271623e+02,2.47242558e+01
2.66200000e+00,-4.60446184e-02,-3.23837828e-01,2.62028564e-02,5.96113047e-02,-1.18707390e+01,0.00000000e+00,1.46226303e-01,2.53205157e-02,1.43301777e+02,2.48141054e+01
2.66400000e+00,-4.66887156e-02,-3.20283487e-01,2.63287072e-02,6.64214479e-02,-1.18707390e+01,0.00000000e+00,1.50540898e-01,2.65598131e-02,1.47530080e+02,2.60286168e+01
2.66600000e+00,-4.73256272e-02,-3.16541384e-01,2.64684121e-02,7.30365414e-02,-1.18707390e+01,0.00000000e+00,1.47052989e-01,2.51078836e-02,1.44111930e+02,2.46057259e+01
2.66800000e+00,-4.79546958e-02,-3.12521346e-01,2.66206339e-02,7.93224734e-02,-1.18707390e+01,0.00000000e+00,1.49197948e-01,2.60838528e-02,1.46213989e+02,2.55621758e+01
2.67000000e+00,-4.85756053e-02,-3.08340456e-01,2.67857808e-02,8.57266748e-02,-1.18707390e+01,0.00000000e+00,1.48379833e-01,2.55894013e-02,1.45412237e+02,2.50776133e+01
2.67200000e+00,-4.91879166e-02,-3.03947973e-01,2.69634253e-02,9.19579276e-02,-1.18707390e+01,0.00000000e+00,1.49269874e-01,2.59720845e-02,1.46284476e+02,2.54526428e+01
2.67400000e+00,-4.97912792e-02,-2.99378563e-01,2.71536170e-02,9.81958886e-02,-1.18707390e+01,0.00000000e+00,1.49189422e-01,2.58726225e-02,1.46205634e+02,2.53551701e+01
2.67600000e+00,-5.03852805e-02,-2.94583706e-01,2.73560010e-02,1.04122104e-01,-1.18707390e+01,0.00000000e+00,1.48870184e-01,2.56044039e-02,1.45892781e+02,2.50923158e+01
2.67800000e+00,-5.09694794e-02,-2.89586832e-01,2.75699845e-02,1.09866850e-01,-1.18707390e+01,0.00000000e+00,1.49258062e-01,2.57950660e-02,1.46272901e+02,2.52791646e+01
2.68000000e+00,-5.15435142e-02,-2.84419512e-01,2.77954217e-02,1.15541571e-01,-1.18707390e+01,0.00000000e+00,1.49594288e-01,2.57771476e-02,1.46602403e+02,2.52616046e+01
2.68200000e+00,-5.21070309e-02,-2.79062384e-01,2.80320139e-02,1.21011088e-01,-1.18707390e+01,0.00000000e+00,1.49444607e-01,2.57000826e-02,1.46455715e+02,2.51860809e+01
2.68400000e+00,-5.26596430e-02,-2.73524154e-01,2.82794306e-02,1.26427331e-01,-1.18707390e+01,0.00000000e+00,1.49896054e-01,2.60165752e-02,1.46898133e+02,2.54962437e+01
2.68600000e+00,-5.32010295e-02,-2.67838942e-01,2.85375989e-02,1.31657069e-01,-1.18707390e+01,0.00000000e+00,1.50452593e-01,2.56752529e-02,1.47443541e+02,2.51617478e+01
2.68800000e+00,-5.37309038e-02,-2.62011264e-01,2.88058470e-02,1.36569125e-01,-1.18707390e+01,0.00000000e+00,1.50916212e-01,2.57309568e-02,1.47897888e+02,2.52163377e+01
2.69000000e+00,-5.42489704e-02,-2.56027349e-01,2.90837429e-02,1.41282461e-01,-1.18707390e+01,0.00000000e+00,1.51055162e-01,2.56531917e-02,1.48034059e+02,2.51401279e+01
2.69200000e+00,-5.47549047e-02,-2.49880806e-01,2.93708255e-02,1.45768675e-01,-1.18707390e+01,0.00000000e+00,1.51271103e-01,2.56624996e-02,1.48245681e+02,2.51492496e+01
2.69400000e+00,-5.52484064e-02,-2.43603413e-01,2.96667502e-02,1.50153874e-01,-1.18707390e+01,0.00000000e+00,1.52051674e-01,2.58621230e-02,1.49010641e+02,2.53448806e+01
2.69600000e+00,-5.57292383e-02,-2.37205901e-01,2.99713523e-02,1.54406151e-01,-1.18707390e+01,0.00000000e+00,1.52415398e-01,2.58168865e-02,1.49367090e+02,2.53005488e+01
2.69800000e+00,-5.61971585e-02,-2.30701241e-01,3.02843147e-02,1.58568201e-01,-1.18707390e+01,0.00000000e+00,1.53394193e-01,2.61181329e-02,1.50326309e+02,2.55957702e+01
2.70000000e+00,-5.66519806e-02,-2.24102510e-01,3.06055844e-02,1.62669224e-01,-1.18707390e+01,0.00000000e+00,1.53956893e-01,2.61460617e-02,1.50877755e+02,2.56231404e+01
2.70200000e+00,-5.70934649e-02,-2.17348238e-01,3.09347233e-02,1.66367935e-01,-1.18707390e+01,0.00000000e+00,1.53390974e-01,2.57423242e-02,1.50323155e+02,2.52274777e+01
2.70400000e+00,-5.75211377e-02,-2.10240303e-01,3.12705131e-02,1.69252127e-01,-1.18707390e+01,0.00000000e+00,1.49212632e-01,2.49148414e-02,1.46228379e+02,2.44165446e+01
2.70600000e+00,-5.79343850e-02,-2.03070775e-01,3.16117074e-02,1.72099673e-01,-1.18707390e+01,0.00000000e+00,1.55354670e-01,2.61517244e-02,1.52247577e+02,2.56286899e+01
2.70800000e+00,-5.83334692e-02,-1.95973812e-01,3.19589313e-02,1.74976485e-01,-1.18707390e+01,0.00000000e+00,1.54194911e-01,2.54710709e-02,1.51111013e+02,2.49616495e+01
2.71000000e+00,-5.87182015e-02,-1.88758632e-01,3.23114026e-02,1.77537089e-01,-1.18707390e+01,0.00000000e+00,1.55762379e-01,2.59905040e-02,1.52647132e+02,2.54706939e+01
2.71200000e+00,-5.90884493e-02,-1.81461795e-01,3.26689295e-02,1.79872490e-01,-1.18707390e+01,0.00000000e+00,1.55338903e-01,2.55081238e-02,1.52232125e+02,2.49979614e+01
2.71400000e+00,-5.94439822e-02,-1.74065293e-01,3.30306575e-02,1.81855357e-01,-1.18707390e+01,0.00000000e+00,1.56365940e-01,2.57664779e-02,1.53238622e+02,2.52511484e+01
2.71600000e+00,-5.97846747e-02,-1.66615203e-01,3.33962863e-02,1.83741384e-01,-1.18707390e+01,0.00000000e+00,1.56898237e-01,2.58264008e-02,1.53760273e+02,2.53098727e+01
2.71800000e+00,-6.01103844e-02,-1.59077158e-01,3.37654055e-02,1.85301111e-01,-1.18707390e+01,0.00000000e+00,1.57000212e-01,2.56082195e-02,1.53860208e+02,2.50960551e+01
2.72000000e+00,-6.04209512e-02,-1.51490920e-01,3.41373623e-02,1.86668178e-01,-1.18707390e+01,0.00000000e+00,1.58338291e-01,2.59528208e-02,1.55171525e+02,2.54337644e+01
2.72200000e+00,-6.07163167e-02,-1.43857637e-01,3.45119321e-02,1.87816131e-01,-1.18707390e+01,0.00000000e+00,1.58343131e-01,2.56828968e-02,1.55176269e+02,2.51692388e+01
2.72400000e+00,-6.09960498e-02,-1.35726427e-01,3.48877155e-02,1.87597194e-01,-1.18707390e+01,0.00000000e+00,1.49019179e-01,2.36204872e-02,1.46038796e+02,2.31480775e+01
2.72600000e+00,-6.12592429e-02,-1.27625974e-01,3.52624147e-02,1.87519000e-01,-1.18707390e+01,0.00000000e+00,1.61244067e-01,2.65138027e-02,1.58019186e+02,2.59835267e+01
2.72800000e+00,-6.15067797e-02,-1.19864588e-01,3.56381750e-02,1.88016064e-01,-1.18707390e+01,0.00000000e+00,1.58994493e-01,2.53644608e-02,1.55814603e+02,2.48571716e+01
2.73000000e+00,-6.17386463e-02,-1.12020792e-01,3.60141614e-02,1.88036781e-01,-1.18707390e+01,0.00000000e+00,1.61243228e-01,2.60510900e-02,1.58018363e+02,2.55300682e+01
2.73200000e+00,-6.19548598e-02,-1.04172363e-01,3.63901913e-02,1.87861349e-01,-1.18707390e+01,0.00000000e+00,1.60683178e-01,2.54899498e-02,1.57469515e+02,2.49801508e+01
2.73400000e+00,-6.21552982e-02,-9.62675377e-02,3.67653293e-02,1.87269668e-01,-1.18707390e+01,0.00000000e+00,1.61593920e-01,2.57135318e-02,1.58362042e+02,2.51992612e+01
2.73600000e+00,-6.23399329e-02,-8.83670742e-02,3.71391827e-02,1.86547044e-01,-1.18707390e+01,0.00000000e+00,1.62324562e-01,2.57494548e-02,1.59078070e+02,2.52344657e+01
2.73800000e+00,-6.25087467e-02,-8.04369481e-02,3.75112751e-02,1.85460915e-01,-1.18707390e+01,0.00000000e+00,1.62311184e-01,2.54825073e-02,1.59064960e+02,2.49728572e+01
2.74000000e+00,-6.26616993e-02,-7.25347234e-02,3.78809687e-02,1.84288392e-01,-1.18707390e+01,0.00000000e+00,1.64257469e-01,2.60967458e-02,1.60972320e+02,2.55748108e+01
2.74200000e+00,-6.27989168e-02,-6.46793602e-02,3.82483841e-02,1.83049088e-01,-1.18707390e+01,0.00000000e+00,1.64558404e-01,2.58676876e-02,1.61267235e+02,2.53503338e+01
2.74400000e+00,-6.29200635e-02,-5.62942383e-02,3.86120763e-02,1.80176919e-01,-1.18707390e+01,0.00000000e+00,1.52900885e-01,2.31899037e-02,1.49842867e+02,2.27261057e+01
2.74600000e+00,-6.30242026e-02,-4.80722943e-02,3.89694856e-02,1.77895191e-01,-1.18707390e+01,0.00000000e+00,1.69256040e-01,2.76188082e-02,1.65870919e+02,2.70664320e+01
2.74800000e+00,-6.31126799e-02,-4.03411583e-02,3.93242319e-02,1.76475664e-01,-1.18707390e+01,0.00000000e+00,1.65123326e-01,2.55068735e-02,1.61820859e+02,2.49967360e+01
2.75000000e+00,-6.31854748e-02,-3.24714546e-02,3.96746820e-02,1.73996881e-01,-1.18707390e+01,0.00000000e+00,1.66644518e-01,2.58970918e-02,1.63311628e+02,2.53791499e+01
2.75200000e+00,-6.32425922e-02,-2.46413996e-02,4.00200370e-02,1.71244475e-01,-1.18707390e+01,0.00000000e+00,1.66548014e-01,2.54269792e-02,1.63217054e+02,2.49184396e+01
2.75400000e+00,-6.32840900e-02,-1.68857160e-02,4.03595863e-02,1.68381683e-01,-1.18707390e+01,0.00000000e+00,1.68752914e-01,2.61516621e-02,1.65377856e+02,2.56286289e+01
2.75600000e+00,-6.33102074e-02,-9.23855948e-03,4.06936176e-02,1.65599799e-01,-1.18707390e+01,0.00000000e+00,1.69328450e-01,2.60751075e-02,1.65941881e+02,2.55536053e+01
2.75800000e+00,-6.33210497e-02,-1.59961324e-03,4.10216635e-02,1.62335004e-01,-1.18707390e+01,0.00000000e+00,1.69064437e-01,2.56079556e-02,1.65683148e+02,2.50957965e+01
2.76000000e+00,-6.33166363e-02,5.99361677e-03,4.13427783e-02,1.58801169e-01,-1.18707390e+01,0.00000000e+00,1.70391761e-01,2.59705788e-02,1.66983926e+02,2.54511673e+01
2.76200000e+00,-6.32971227e-02,1.35157470e-02,4.16567430e-02,1.55079585e-01,-1.18707390e+01,0.00000000e+00,1.70597276e-01,2.56638764e-02,1.67185330e+02,2.51505989e+01
2.76400000e+00,-6.32621412e-02,2.16859569e-02,4.19617733e-02,1.49373342e-01,-1.18707390e+01,0.00000000e+00,1.54994743e-01,2.22426260e-02,1.51894848e+02,2.17977735e+01
2.76600000e+00,-6.32105535e-02,2.95942331e-02,4.22548782e-02,1.44629476e-01,-1.18707390e+01,0.00000000e+00,1.76330383e-01,2.81049332e-02,1.72803775e+02,2.75428345e+01
2.76800000e+00,-6.31442037e-02,3.68434212e-02,4.25410248e-02,1.40985962e-01,-1.18707390e+01,0.00000000e+00,1.69883481e-01,2.49623165e-02,1.66485812e+02,2.44630702e+01
2.77000000e+00,-6.30630886e-02,4.42294391e-02,4.28179878e-02,1.36091180e-01,-1.18707390e+01,0.00000000e+00,1.72501188e-01,2.58762251e-02,1.69051164e+02,2.53587006e+01
2.77200000e+00,-6.29674312e-02,5.13975765e-02,4.30856396e-02,1.31571482e-01,-1.18707390e+01,0.00000000e+00,1.74223275e-01,2.61338278e-02,1.70738810e+02,2.56111513e+01
2.77400000e+00,-6.28575798e-02,5.84433669e-02,4.33442137e-02,1.26961798e-01,-1.18707390e+01,0.00000000e+00,1.74492170e-01,2.60586020e-02,1.71002326e+02,2.55374300e+01
2.77600000e+00,-6.27337181e-02,6.53986135e-02,4.35933936e-02,1.22212405e-01,-1.18707390e+01,0.00000000e+00,1.75356395e-01,2.61984861e-02,1.71849268e+02,2.56745164e+01
2.77800000e+00,-6.25960226e-02,7.22980219e-02,4.38327752e-02,1.17030813e-01,-1.18707390e+01,0.00000000e+00,1.74701073e-01,2.54954460e-02,1.71207052e+02,2.49855371e+01
2.78000000e+00,-6.24445681e-02,7.91343085e-02,4.40612351e-02,1.11426692e-01,-1.18707390e+01,0.00000000e+00,1.75623014e-01,2.56402548e-02,1.72110554e+02,2.51274497e+01
2.78200000e+00,-6.22795799e-02,8.58288049e-02,4.42784836e-02,1.05825050e-01,-1.18707390e+01,0.00000000e+00,1.76694917e-01,2.58132948e-02,1.73161019e+02,2.52970289e+01
2.78400000e+00,-6.21008123e-02,9.31841656e-02,4.44831867e-02,9.82007824e-02,-1.18707390e+01,0.00000000e+00,1.58750064e-01,2.16900265e-02,1.55575063e+02,2.12562260e+01
2.78600000e+00,-6.19070608e-02,1.00213189e-01,4.46721018e-02,9.17987259e-02,-1.18707390e+01,0.00000000e+00,1.82769048e-01,2.86516529e-02,1.79113667e+02,2.80786198e+01
2.78800000e+00,-6.17004751e-02,1.06468961e-01,4.48513517e-02,8.68518470e-02,-1.18707390e+01,0.00000000e+00,1.75157626e-01,2.50022926e-02,1.71654473e+02,2.45022467e+01
2.79000000e+00,-6.14810435e-02,1.12937022e-01,4.50183113e-02,8.01082770e-02,-1.18707390e+01,0.00000000e+00,1.76043615e-01,2.51216617e-02,1.72522743e+02,2.46192285e+01
2.79200000e+00,-6.12488976e-02,1.19149183e-01,4.51720592e-02,7.37761974e-02,-1.18707390e+01,0.00000000e+00,1.79267895e-01,2.60882917e-02,1.75682537e+02,2.55665259e+01
2.79400000e+00,-6.10045809e-02,1.25160173e-01,4.53135354e-02,6.76231822e-02,-1.18707390e+01,0.00000000e+00,1.78774579e-01,2.57021072e-02,1.75199088e+02,2.51880651e+01
2.79600000e+00,-6.07483225e-02,1.31072697e-01,4.54423922e-02,6.12305577e-02,-1.18707390e+01,0.00000000e+00,1.79501120e-01,2.57720404e-02,1.75911098e+02,2.52565996e+01
2.79800000e+00,-6.04803773e-02,1.36854454e-01,4.55583591e-02,5.46900530e-02,-1.18707390e+01,0.00000000e+00,1.79666604e-01,2.55600241e-02,1.76073272e+02,2.50488236e+01
2.80000000e+00,-6.02009575e-02,1.42557010e-01,4.56608521e-02,4.76991362e-02,-1.18707390e+01,0.00000000e+00,1.79094191e-01,2.49758546e-02,1.75512307e+02,2.44763375e+01
2.80200000e+00,-5.99102204e-02,1.48152765e-01,4.57489833e-02,4.04497010e-02,-1.18707390e+01,0.00000000e+00,1.79811828e-01,2.51462615e-02,1.76215591e+02,2.46433362e+01
2.80400000e+00,-5.96079219e-02,1.54385319e-01,4.58213681e-02,3.12763604e-02,-1.18707390e+01,0.00000000e+00,1.61770618e-01,2.10444566e-02,1.58535206e+02,2.06235675e+01
2.80600000e+00,-5.92929265e-02,1.60246834e-01,4.58749901e-02,2.34547627e-02,-1.18707390e+01,0.00000000e+00,1.85936036e-01,2.80638196e-02,1.82217316e+02,2.75025432e+01
2.80800000e+00,-5.89674942e-02,1.65268902e-01,4.59164102e-02,1.74677827e-02,-1.18707390e+01,0.00000000e+00,1.78749853e-01,2.49567342e-02,1.75174856e+02,2.44575995e+01
2.81000000e+00,-5.86317173e-02,1.70491333e-01,4.59437277e-02,9.78058996e-03,-1.18707390e+01,0.00000000e+00,1.78534414e-01,2.45372050e-02,1.74963726e+02,2.40464609e+01
2.81200000e+00,-5.82856626e-02,1.75513211e-01,4.59556557e-02,2.27811049e-03,-1.18707390e+01,0.00000000e+00,1.80632014e-01,2.53646032e-02,1.77019374e+02,2.48573111e+01
2.81400000e+00,-5.79298486e-02,1.80258906e-01,4.59532214e-02,-4.65255382e-03,-1.18707390e+01,0.00000000e+00,1.82103010e-01,2.57368214e-02,1.78460950e+02,2.52220850e+01
2.81600000e+00,-5.75646943e-02,1.84903536e-01,4.59368326e-02,-1.19024895e-02,-1.18707390e+01,0.00000000e+00,1.80031722e-01,2.46739310e-02,1.76431087e+02,2.41804524e+01
2.81800000e+00,-5.71903220e-02,1.89416866e-01,4.59055455e-02,-1.92512567e-02,-1.18707390e+01,0.00000000e+00,1.82133657e-01,2.54877318e-02,1.78490983e+02,2.49779771e+01
2.82000000e+00,-5.68071530e-02,1.93741016e-01,4.58598668e-02,-2.65412743e-02,-1.18707390e+01,0.00000000e+00,1.81342148e-01,2.47349205e-02,1.77715305e+02,2.42402221e+01
2.82200000e+00,-5.64154338e-02,1.97951461e-01,4.57991372e-02,-3.41960793e-02,-1.18707390e+01,0.00000000e+00,1.81610237e-01,2.46384072e-02,1.77978033e+02,2.41456390e+01
2.82400000e+00,-5.60149076e-02,2.02821261e-01,4.57218456e-02,-4.37058421e-02,-1.18707390e+01,0.00000000e+00,1.62684027e-01,2.07345772e-02,1.59430347e+02,2.03198856e+01
2.82600000e+00,-5.56044066e-02,2.07304300e-01,4.56252937e-02,-5.17462032e-02,-1.18707390e+01,0.00000000e+00,1.87316617e-01,2.75884829e-02,1.83570285e+02,2.70367133e+01
2.82800000e+00,-5.51862669e-02,2.10922591e-01,4.55160055e-02,-5.80695709e-02,-1.18707390e+01,0.00000000e+00,1.79491947e-01,2.41847882e-02,1.75902108e+02,2.37010924e+01
2.83000000e+00,-5.47606264e-02,2.14675624e-01,4.53921030e-02,-6.57615502e-02,-1.18707390e+01,0.00000000e+00,1.80708893e-01,2.45419305e-02,1.77094716e+02,2.40510919e+01
2.83200000e+00,-5.43277056e-02,2.18216832e-01,4.52530873e-02,-7.32614314e-02,-1.18707390e+01,0.00000000e+00,1.80922276e-01,2.43924668e-02,1.77303831e+02,2.39046175e+01
2.83400000e+00,-5.38879084e-02,2.21534149e-01,4.50992983e-02,-8.03997484e-02,-1.18707390e+01,0.00000000e+00,1.82364185e-01,2.50841214e-02,1.78716901e+02,2.45824390e+01
2.83600000e+00,-5.34416855e-02,2.24676781e-01,4.49316088e-02,-8.73574334e-02,-1.18707390e+01,0.00000000e+00,1.81374443e-01,2.45348694e-02,1.77746954e+02,2.40441720e+01
2.83800000e+00,-5.29892837e-02,2.27695647e-01,4.47497851e-02,-9.44403868e-02,-1.18707390e+01,0.00000000e+00,1.81575616e-01,2.45643364e-02,1.77944103e+02,2.40730496e+01
2.84000000e+00,-5.25310462e-02,2.30499550e-01,4.45540558e-02,-1.01210493e-01,-1.18707390e+01,0.00000000e+00,1.82668469e-01,2.49147188e-02,1.79015100e+02,2.44164244e+01
2.84200000e+00,-5.20673939e-02,2.33140954e-01,4.43449448e-02,-1.07978052e-01,-1.18707390e+01,0.00000000e+00,1.81598700e-01,2.42736813e-02,1.77966726e+02,2.37882077e+01
2.84400000e+00,-5.15979762e-02,2.36541612e-01,4.41205796e-02,-1.17091200e-01,-1.18707390e+01,0.00000000e+00,1.61107539e-01,1.96742380e-02,1.57885388e+02,1.92807533e+01
2.84600000e+00,-5.11214571e-02,2.39597757e-01,4.38775080e-02,-1.24812765e-01,-1.18707390e+01,0.00000000e+00,1.85773131e-01,2.68509970e-02,1.82057669e+02,2.63139771e+01
2.84800000e+00,-5.06402009e-02,2.41730264e-01,4.36227272e-02,-1.30436431e-01,-1.18707390e+01,0.00000000e+00,1.78770272e-01,2.37158615e-02,1.75194866e+02,2.32415443e+01
2.85000000e+00,-5.01544923e-02,2.43928524e-01,4.33551499e-02,-1.36978554e-01,-1.18707390e+01,0.00000000e+00,1.80280898e-01,2.45436392e-02,1.76675280e+02,2.40527664e+01
2.85200000e+00,-4.96646685e-02,2.45854333e-01,4.30752827e-02,-1.42816135e-01,-1.18707390e+01,0.00000000e+00,1.81146179e-01,2.47973002e-02,1.77523255e+02,2.43013542e+01
2.85400000e+00,-4.91712267e-02,2.47552516e-01,4.27841427e-02,-1.48267700e-01,-1.18707390e+01,0.00000000e+00,1.81578885e-01,2.49402188e-02,1.77947307e+02,2.44414145e+01
2.85600000e+00,-4.86745913e-02,2.49051308e-01,4.24824513e-02,-1.53360299e-01,-1.18707390e+01,0.00000000e+00,1.81757505e-01,2.51218868e-02,1.78122355e+02,2.46194490e+01
2.85800000e+00,-4.81751058e-02,2.50423645e-01,4.21706837e-02,-1.58479593e-01,-1.18707390e+01,0.00000000e+00,1.80462020e-01,2.44408647e-02,1.76852779e+02,2.39520474e+01
2.86000000e+00,-4.76729701e-02,2.51686010e-01,4.18484613e-02,-1.63706219e-01,-1.18707390e+01,0.00000000e+00,1.80233436e-01,2.44384253e-02,1.76628767e+02,2.39496568e+01
2.86200000e+00,-4.71684847e-02,2.52763948e-01,4.15160610e-02,-1.68629727e-01,-1.18707390e+01,0.00000000e+00,1.80657902e-01,2.46042899e-02,1.77044744e+02,2.41122041e+01
2.86400000e+00,-4.66614588e-02,2.54525052e-01,4.11724659e-02,-1.75767667e-01,-1.18707390e+01,0.00000000e+00,1.60136776e-01,1.93020666e-02,1.56934040e+02,1.89160253e+01
2.86600000e+00,-4.61505489e-02,2.56039527e-01,4.08136445e-02,-1.81924578e-01,-1.18707390e+01,0.00000000e+00,1.82257877e-01,2.61538399e-02,1.78612720e+02,2.56307631e+01
2.86800000e+00,-4.56379201e-02,2.56624939e-01,4.04465069e-02,-1.85472610e-01,-1.18707390e+01,0.00000000e+00,1.77664026e-01,2.42549688e-02,1.74110745e+02,2.37698695e+01
2.87000000e+00,-4.51240211e-02,2.57252426e-01,4.00712361e-02,-1.89797565e-01,-1.18707390e+01,0.00000000e+00,1.77082245e-01,2.39887432e-02,1.73540601e+02,2.35089683e+01
2.87200000e+00,-4.46090492e-02,2.57671716e-01,3.96876351e-02,-1.93645017e-01,-1.18707390e+01,0.00000000e+00,1.78327102e-01,2.47108789e-02,1.74760560e+02,2.42166613e+01
2.87400000e+00,-4.40934757e-02,2.57878822e-01,3.92970071e-02,-1.96965954e-01,-1.18707390e+01,0.00000000e+00,1.77832595e-01,2.45372237e-02,1.74275943e+02,2.40464792e+01
2.87600000e+00,-4.35776221e-02,2.57953688e-01,3.88998365e-02,-2.00188982e-01,-1.18707390e+01,0.00000000e+00,1.77206546e-01,2.43503256e-02,1.73662415e+02,2.38633191e+01
2.87800000e+00,-4.30617878e-02,2.57838276e-01,3.84965196e-02,-2.03009481e-01,-1.18707390e+01,0.00000000e+00,1.78067697e-01,2.48071631e-02,1.74506343e+02,2.43110198e+01
2.88000000e+00,-4.25463698e-02,2.57571700e-01,3.80879465e-02,-2.05608098e-01,-1.18707390e+01,0.00000000e+00,1.76530284e-01,2.42334249e-02,1.72999678e+02,2.37487564e+01
2.88200000e+00,-4.20315874e-02,2.57175507e-01,3.76741692e-02,-2.08083623e-01,-1.18707390e+01,0.00000000e+00,1.76892728e-01,2.44754681e-02,1.73354873e+02,2.39859587e+01
2.88400000e+00,-4.15172955e-02,2.57337601e-01,3.72543758e-02,-2.12413194e-01,-1.18707390e+01,0.00000000e+00,1.59286062e-01,1.97435546e-02,1.56100341e+02,1.93486835e+01
2.88600000e+00,-4.10023539e-02,2.57324401e-01,3.68249801e-02,-2.16047578e-01,-1.18707390e+01,0.00000000e+00,1.76786369e-01,2.53231085e-02,1.73250641e+02,2.48166463e+01
2.88800000e+00,-4.04885378e-02,2.56501411e-01,3.63918379e-02,-2.17203446e-01,-1.18707390e+01,0.00000000e+00,1.74010877e-01,2.43276157e-02,1.70530660e+02,2.38410634e+01
2.89000000e+00,-3.99763751e-02,2.55638128e-01,3.59560389e-02,-2.18550478e-01,-1.18707390e+01,0.00000000e+00,1.73543569e-01,2.42998530e-02,1.70072698e+02,2.38138559e+01
2.89200000e+00,-3.94660992e-02,2.54604020e-01,3.55179142e-02,-2.19480243e-01,-1.18707390e+01,0.00000000e+00,1.73832995e-01,2.45779881e-02,1.70356335e+02,2.40864284e+01
2.89400000e+00,-3.89580696e-02,2.53404066e-01,3.50783751e-02,-2.20024242e-01,-1.18707390e+01,0.00000000e+00,1.73266963e-01,2.44818963e-02,1.69801624e+02,2.39922583e+01
2.89600000e+00,-3.84525628e-02,2.52084259e-01,3.46379543e-02,-2.20362664e-01,-1.18707390e+01,0.00000000e+00,1.72501767e-01,2.43804765e-02,1.69051732e+02,2.38928670e+01
2.89800000e+00,-3.79498134e-02,2.50643302e-01,3.41970885e-02,-2.20454992e-01,-1.18707390e+01,0.00000000e+00,1.71988008e-01,2.43686942e-02,1.68548248e+02,2.38813204e+01
2.90000000e+00,-3.74500753e-02,2.49073815e-01,3.37563203e-02,-2.20268381e-01,-1.18707390e+01,0.00000000e+00,1.71419386e-01,2.43362460e-02,1.67990998e+02,2.38495211e+01
2.90200000e+00,-3.69535943e-02,2.47390054e-01,3.33161166e-02,-2.19929353e-01,-1.18707390e+01,0.00000000e+00,1.70598579e-01,2.40596170e-02,1.67186608e+02,2.35784246e+01
2.90400000e+00,-3.64602884e-02,2.46046240e-01,3.28757424e-02,-2.20880970e-01,-1.18707390e+01,0.00000000e+00,1.59442699e-01,2.09982858e-02,1.56253845e+02,2.05783201e+01
2.90600000e+00,-3.59695157e-02,2.44542827e-01,3.24330405e-02,-2.21161158e-01,-1.18707390e+01,0.00000000e+00,1.70316319e-01,2.48368991e-02,1.66909992e+02,2.43401611e+01
2.90800000e+00,-3.54824829e-02,2.42490786e-01,3.19923128e-02,-2.19618870e-01,-1.18707390e+01,0.00000000e+00,1.68278510e-01,2.41934037e-02,1.64912940e+02,2.37095356e+01
2.91000000e+00,-3.49996204e-02,2.40337025e-01,3.15547421e-02,-2.17810966e-01,-1.18707390e+01,0.00000000e+00,1.68742848e-01,2.47686480e-02,1.65367991e+02,2.42732750e+01
2.91200000e+00,-3.45212275e-02,2.38044267e-01,3.11213442e-02,-2.15590191e-01,-1.18707390e+01,0.00000000e+00,1.67611972e-01,2.44399718e-02,1.64259732e+02,2.39511723e+01
2.91400000e+00,-3.40474941e-02,2.35675447e-01,3.06924259e-02,-2.13302668e-01,-1.18707390e+01,0.00000000e+00,1.66643364e-01,2.42950881e-02,1.63310497e+02,2.38091863e+01
2.91600000e+00,-3.35786244e-02,2.33158555e-01,3.02684609e-02,-2.10524178e-01,-1.18707390e+01,0.00000000e+00,1.67234410e-01,2.48637702e-02,1.63889722e+02,2.43664948e+01
2.91800000e+00,-3.31149155e-02,2.30558175e-01,2.98504181e-02,-2.07612288e-01,-1.18707390e+01,0.00000000e+00,1.64798218e-01,2.39766630e-02,1.61502254e+02,2.34971297e+01
2.92000000e+00,-3.26564302e-02,2.27900095e-01,2.94380324e-02,-2.04669491e-01,-1.18707390e+01,0.00000000e+00,1.64829214e-01,2.43383643e-02,1.61532630e+02,2.38515970e+01
2.92200000e+00,-3.22034132e-02,2.25094921e-01,2.90320736e-02,-2.01226578e-01,-1.18707390e+01,0.00000000e+00,1.64525986e-01,2.44450858e-02,1.61235466e+02,2.39561841e+01
2.92400000e+00,-3.17560272e-02,2.22324647e-01,2.86328714e-02,-1.98165584e-01,-1.18707390e+01,0.00000000e+00,1.60350097e-01,2.29651000e-02,1.57143096e+02,2.25057980e+01
2.92600000e+00,-3.13141858e-02,2.19447520e-01,2.82397082e-02,-1.94659303e-01,-1.18707390e+01,0.00000000e+00,1.63404541e-01,2.48167897e-02,1.60136450e+02,2.43204539e+01
2.92800000e+00,-3.08783677e-02,2.16374504e-01,2.78547778e-02,-1.90337663e-01,-1.18707390e+01,0.00000000e+00,1.61357243e-01,2.41248478e-02,1.58130098e+02,2.36423508e+01
2.93000000e+00,-3.04487056e-02,2.13274798e-01,2.74783251e-02,-1.86064753e-01,-1.18707390e+01,0.00000000e+00,1.60508178e-01,2.41749933e-02,1.57298015e+02,2.36914934e+01
2.93200000e+00,-3.00253298e-02,2.10083181e-01,2.71107565e-02,-1.81435291e-01,-1.18707390e+01,0.00000000e+00,1.60035862e-01,2.43462899e-02,1.56835145e+02,2.38593641e+01
2.93400000e+00,-2.96084032e-02,2.06846123e-01,2.67526224e-02,-1.76747998e-01,-1.18707390e+01,0.00000000e+00,1.58153304e-01,2.37828268e-02,1.54990238e+02,2.33071702e+01
2.93600000e+00,-2.91979981e-02,2.03529950e-01,2.64039408e-02,-1.71796353e-01,-1.18707390e+01,0.00000000e+00,1.58520910e-01,2.44010840e-02,1.55350492e+02,2.39130623e+01
2.93800000e+00,-2.87943633e-02,2.00093842e-01,2.60657387e-02,-1.66392203e-01,-1.18707390e+01,0.00000000e+00,1.57646919e-01,2.42472893e-02,1.54493981e+02,2.37623435e+01
2.94000000e+00,-2.83976458e-02,1.96623035e-01,2.57383784e-02,-1.60978456e-01,-1.18707390e+01,0.00000000e+00,1.56079065e-01,2.39513575e-02,1.52957484e+02,2.34723304e+01
2.94200000e+00,-2.80079292e-02,1.93065298e-01,2.54220576e-02,-1.55215781e-01,-1.18707390e+01,0.00000000e+00,1.56482463e-01,2.45255018e-02,1.53352814e+02,2.40349918e+01
2.94400000e+00,-2.76255723e-02,1.89226097e-01,2.51180294e-02,-1.48681978e-01,-1.18707390e+01,0.00000000e+00,1.59519456e-01,2.51330178e-02,1.56329067e+02,2.46303575e+01
2.94600000e+00,-2.72510368e-02,1.85368811e-01,2.48272795e-02,-1.42223390e-01,-1.18707390e+01,0.00000000e+00,1.53831629e-01,2.39495672e-02,1.50754996e+02,2.34705758e+01
2.94800000e+00,-2.68840237e-02,1.81621630e-01,2.45490194e-02,-1.35939424e-01,-1.18707390e+01,0.00000000e+00,1.53935370e-01,2.43664462e-02,1.50856663e+02,2.38791173e+01
2.95000000e+00,-2.65245935e-02,1.77809660e-01,2.42836694e-02,-1.29434071e-01,-1.18707390e+01,0.00000000e+00,1.52395901e-01,2.40325234e-02,1.49347983e+02,2.35518730e+01
2.95200000e+00,-2.61728326e-02,1.73926255e-01,2.40314690e-02,-1.22650015e-01,-1.18707390e+01,0.00000000e+00,1.52717338e-01,2.45884371e-02,1.49662991e+02,2.40966684e+01
2.95400000e+00,-2.58289443e-02,1.69959070e-01,2.37932726e-02,-1.15561035e-01,-1.18707390e+01,0.00000000e+00,1.51530206e-01,2.43293779e-02,1.48499602e+02,2.38427903e+01
2.95600000e+00,-2.54930193e-02,1.65957473e-01,2.35692540e-02,-1.08428267e-01,-1.18707390e+01,0.00000000e+00,1.50762890e-01,2.43574218e-02,1.47747632e+02,2.38702733e+01
2.95800000e+00,-2.51651547e-02,1.61895529e-01,2.33597155e-02,-1.01061511e-01,-1.18707390e+01,0.00000000e+00,1.50247383e-01,2.45181930e-02,1.47242435e+02,2.40278291e+01
2.96000000e+00,-2.48454661e-02,1.57790267e-01,2.31650962e-02,-9.35623888e-02,-1.18707390e+01,0.00000000e+00,1.49148662e-01,2.43541677e-02,1.46165689e+02,2.38670843e+01
2.96200000e+00,-2.45340149e-02,1.53653116e-01,2.29855100e-02,-8.59972002e-02,-1.18707390e+01,0.00000000e+00,1.48433239e-01,2.43972378e-02,1.45464574e+02,2.39092931e+01
2.96400000e+00,-2.42312533e-02,1.48916505e-01,2.28222682e-02,-7.66911894e-02,-1.18707390e+01,0.00000000e+00,1.60666394e-01,2.77713809e-02,1.57453066e+02,2.72159533e+01
2.96600000e+00,-2.39383710e-02,1.44146688e-01,2.26787003e-02,-6.74525786e-02,-1.18707390e+01,0.00000000e+00,1.46798063e-01,2.40466621e-02,1.43862102e+02,2.35657289e+01
2.96800000e+00,-2.36543419e-02,1.39863721e-01,2.25514759e-02,-5.96867872e-02,-1.18707390e+01,0.00000000e+00,1.46954007e-01,2.44950466e-02,1.44014927e+02,2.40051457e+01
2.97000000e+00,-2.33789604e-02,1.35514365e-01,2.24401091e-02,-5.16869559e-02,-1.18707390e+01,0.00000000e+00,1.46083644e-01,2.43755490e-02,1.43161971e+02,2.38880380e+01
2.97200000e+00,-2.31123250e-02,1.31104174e-01,2.23448650e-02,-4.34817926e-02,-1.18707390e+01,0.00000000e+00,1.46181018e-01,2.47866573e-02,1.43257397e+02,2.42909242e+01
2.97400000e+00,-2.28545902e-02,1.26624196e-01,2.22663684e-02,-3.49970922e-02,-1.18707390e+01,0.00000000e+00,1.45592171e-01,2.48467038e-02,1.42680328e+02,2.43497697e+01
2.97600000e+00,-2.26058195e-02,1.22157285e-01,2.22047894e-02,-2.66431330e-02,-1.18707390e+01,0.00000000e+00,1.43826607e-01,2.44208268e-02,1.40950075e+02,2.39324102e+01
2.97800000e+00,-2.23659690e-02,1.17678422e-01,2.21598032e-02,-1.82780581e-02,-1.18707390e+01,0.00000000e+00,1.43895262e-01,2.48023818e-02,1.41017357e+02,2.43063342e+01
2.98000000e+00,-2.21351176e-02,1.13181915e-01,2.21316968e-02,-9.88361463e-03,-1.18707390e+01,0.00000000e+00,1.42336025e-01,2.44388705e-02,1.39489304e+02,2.39500931e+01
2.98200000e+00,-2.19132401e-02,1.08687340e-01,2.21202352e-02,-1.53959718e-03,-1.18707390e+01,0.00000000e+00,1.42020564e-01,2.46767738e-02,1.39180153e+02,2.41832383e+01
2.98400000e+00,-2.17009603e-02,1.03304696e-01,2.21272830e-02,9.42087038e-03,-1.18707390e+01,0.00000000e+00,1.61334150e-01,2.99367377e-02,1.58107467e+02,2.93380030e+01
2.98600000e+00,-2.15000289e-02,9.79106571e-02,2.21576915e-02,2.00408435e-02,-1.18707390e+01,0.00000000e+00,1.40623387e-01,2.40007953e-02,1.37810919e+02,2.35207794e+01
2.98800000e+00,-2.13088034e-02,9.32880012e-02,2.22058385e-02,2.82491499e-02,-1.18707390e+01,0.00000000e+00,1.41729200e-01,2.49401351e-02,1.38894616e+02,2.44413324e+01
2.99000000e+00,-2.11269104e-02,8.86150701e-02,2.22708201e-02,3.66555271e-02,-1.18707390e+01,0.00000000e+00,1.40294229e-01,2.45059145e-02,1.37488345e+02,2.40157962e+01
2.99200000e+00,-2.09543594e-02,8.39177570e-02,2.23524942e-02,4.51123224e-02,-1.18707390e+01,0.00000000e+00,1.40871263e-01,2.51592268e-02,1.38053838e+02,2.46560423e+01
2.99400000e+00,-2.07912687e-02,7.91763671e-02,2.24513933e-02,5.37549596e-02,-1.18707390e+01,0.00000000e+00,1.39973471e-01,2.50337405e-02,1.37174002e+02,2.45330657e+01
2.99600000e+00,-2.06375967e-02,7.45208053e-02,2.25671704e-02,6.18821550e-02,-1.18707390e+01,0.00000000e+00,1.37592117e-01,2.42393352e-02,1.34840274e+02,2.37545485e+01
2.99800000e+00,-2.04931719e-02,6.98856708e-02,2.26988252e-02,6.98641915e-02,-1.18707390e+01,0.00000000e+00,1.38298316e-01,2.49139095e-02,1.35532350e+02,2.44156313e+01
3.00000000e+00,-2.03580588e-02,6.52434361e-02,2.28466161e-02,7.78296797e-02,-1.18707390e+01,0.00000000e+00,1.36636054e-01,2.44124393e-02,1.33903333e+02,2.39241905e+01
