t,h,h_dot,alpha,alpha_dot,delta,W_g,C_L,C_M,F_y,M_z
2.00000000e-03,0.00000000e+00,0.00000000e+00,0.00000000e+00,0.00000000e+00,0.00000000e+00,3.76070656e-04,1.26327256e-01,3.00480580e-02,1.23800711e+02,2.94470968e+01
4.00000000e-03,-9.76024003e-06,-9.23401555e-03,2.33284460e-05,2.06775589e-02,0.00000000e+00,1.50422870e-03,8.94943834e-02,1.33799198e-02,8.77044957e+01,1.31123214e+01
6.00000000e-03,-3.65016836e-05,-1.78164645e-02,7.94989318e-05,3.65382586e-02,0.00000000e+00,3.38431236e-03,1.11286401e-01,2.00116598e-02,1.09060673e+02,1.96114266e+01
8.00000000e-03,-8.15454132e-05,-2.71778563e-02,1.70681553e-04,5.41990433e-02,0.00000000e+00,6.01605205e-03,1.08025503e-01,1.72811717e-02,1.05864993e+02,1.69355482e+01
1.00000000e-02,-1.45166538e-04,-3.64693930e-02,2.95096092e-04,7.00614764e-02,0.00000000e+00,9.39907041e-03,1.10135612e-01,1.64081150e-02,1.07932900e+02,1.60799527e+01
1.20000000e-02,-2.27561994e-04,-4.59694291e-02,4.50611863e-04,8.54505510e-02,0.00000000e+00,1.35328823e-02,1.13531597e-01,1.65034738e-02,1.11260965e+02,1.61734044e+01
1.40000000e-02,-3.29184012e-04,-5.56790888e-02,6.36777095e-04,1.00657850e-01,0.00000000e+00,1.84168951e-02,1.15824005e-01,1.62862884e-02,1.13507525e+02,1.59605627e+01
1.60000000e-02,-4.50383558e-04,-6.55465530e-02,8.53048182e-04,1.15572556e-01,0.00000000e+00,2.40504084e-02,1.18168285e-01,1.61921747e-02,1.15804919e+02,1.58683312e+01
1.80000000e-02,-5.91478822e-04,-7.55769052e-02,1.09895967e-03,1.30325804e-01,0.00000000e+00,3.04326143e-02,1.20741237e-01,1.62926622e-02,1.18326412e+02,1.59668090e+01
2.00000000e-02,-7.52795089e-04,-8.57631134e-02,1.37428315e-03,1.44976697e-01,0.00000000e+00,3.75625978e-02,1.23085616e-01,1.63646633e-02,1.20623904e+02,1.60373700e+01
2.20000000e-02,-9.34477485e-04,-9.58686431e-02,1.67844423e-03,1.58994342e-01,0.00000000e+00,4.54393365e-02,1.20297661e-01,1.53921897e-02,1.17891708e+02,1.50843460e+01
2.40000000e-02,-1.13624914e-03,-1.05943389e-01,2.01008466e-03,1.72748182e-01,0.00000000e+00,5.40617010e-02,1.23972439e-01,1.62791357e-02,1.21492990e+02,1.59535530e+01
2.60000000e-02,-1.35834578e-03,-1.16160232e-01,2.36956473e-03,1.86693666e-01,0.00000000e+00,6.34284548e-02,1.25389466e-01,1.63022883e-02,1.22881677e+02,1.59762425e+01
2.80000000e-02,-1.60089520e-03,-1.26384767e-01,2.75660208e-03,2.00253342e-01,0.00000000e+00,7.35382549e-02,1.26090405e-01,1.60166600e-02,1.23568597e+02,1.56963268e+01
3.00000000e-02,-1.86388463e-03,-1.36608974e-01,3.17034498e-03,2.13463381e-01,0.00000000e+00,8.43896516e-02,1.27486939e-01,1.61540616e-02,1.24937200e+02,1.58309804e+01
3.20000000e-02,-2.14733686e-03,-1.46841827e-01,3.61031094e-03,2.26456445e-01,0.00000000e+00,9.59810889e-02,1.28564571e-01,1.61844273e-02,1.25993280e+02,1.58607387e+01
3.40000000e-02,-2.45124045e-03,-1.57057463e-01,4.07597540e-03,2.39156506e-01,0.00000000e+00,1.08310905e-01,1.29523755e-01,1.61990802e-02,1.26933280e+02,1.58750985e+01
3.60000000e-02,-2.77554601e-03,-1.67242054e-01,4.56673216e-03,2.51549402e-01,0.00000000e+00,1.21377331e-01,1.30444945e-01,1.62356895e-02,1.27836046e+02,1.59109757e+01
3.80000000e-02,-3.12017978e-03,-1.77383310e-01,5.08196329e-03,2.63627743e-01,0.00000000e+00,1.35178494e-01,1.31283024e-01,1.62699198e-02,1.28657363e+02,1.59445214e+01
4.00000000e-02,-3.48504043e-03,-1.87466338e-01,5.62101771e-03,2.75367978e-01,0.00000000e+00,1.49712416e-01,1.32021577e-01,1.62912665e-02,1.29381145e+02,1.59654412e+01
4.20000000e-02,-3.86990785e-03,-1.97343451e-01,6.18281975e-03,2.86185174e-01,0.00000000e+00,1.64977011e-01,1.29572536e-01,1.51305179e-02,1.26981085e+02,1.48279076e+01
4.40000000e-02,-4.27431632e-03,-2.07073695e-01,6.76541756e-03,2.96491117e-01,0.00000000e+00,1.80970091e-01,1.31851274e-01,1.60462541e-02,1.29214248e+02,1.57253290e+01
4.60000000e-02,-4.69820177e-03,-2.16802659e-01,7.36891866e-03,3.06998696e-01,0.00000000e+00,1.97689364e-01,1.32963171e-01,1.64116017e-02,1.30303907e+02,1.60833697e+01
4.80000000e-02,-5.14144142e-03,-2.26403327e-01,7.99310924e-03,3.17051689e-01,0.00000000e+00,2.15132430e-01,1.32432287e-01,1.59796198e-02,1.29783641e+02,1.56600274e+01
5.00000000e-02,-5.60370315e-03,-2.35836110e-01,8.63672259e-03,3.26500510e-01,0.00000000e+00,2.33296791e-01,1.32775118e-01,1.60590083e-02,1.30119615e+02,1.57378281e+01
5.20000000e-02,-6.08469107e-03,-2.45126716e-01,9.29885158e-03,3.35559835e-01,0.00000000e+00,2.52179839e-01,1.32998395e-01,1.61042390e-02,1.30338427e+02,1.57821542e+01
5.40000000e-02,-6.58410598e-03,-2.54261283e-01,9.97867803e-03,3.44193351e-01,0.00000000e+00,2.71778869e-01,1.33168353e-01,1.61328650e-02,1.30504986e+02,1.58102077e+01
5.60000000e-02,-7.10162538e-03,-2.63229629e-01,1.06753269e-02,3.52379710e-01,0.00000000e+00,2.92091070e-01,1.33302194e-01,1.61574928e-02,1.30636150e+02,1.58343429e+01
5.80000000e-02,-7.63690664e-03,-2.72021191e-01,1.13878877e-02,3.60102324e-01,0.00000000e+00,3.13113529e-01,1.33371010e-01,1.61742255e-02,1.30703590e+02,1.58507410e+01
6.00000000e-02,-8.18958464e-03,-2.80624504e-01,1.21154182e-02,3.67348050e-01,0.00000000e+00,3.34843232e-01,1.33379726e-01,1.61928412e-02,1.30712131e+02,1.58689844e+01
6.20000000e-02,-8.75919399e-03,-2.88911850e-01,1.28565728e-02,3.73533304e-01,0.00000000e+00,3.57277062e-01,1.30603444e-01,1.50044514e-02,1.27991375e+02,1.47043624e+01
6.40000000e-02,-9.34506755e-03,-2.96952475e-01,1.36091346e-02,3.79093444e-01,0.00000000e+00,3.80411804e-01,1.32364306e-01,1.59535717e-02,1.29717020e+02,1.56345002e+01
6.60000000e-02,-9.94693391e-03,-3.04888135e-01,1.43730375e-02,3.84789958e-01,0.00000000e+00,4.04244139e-01,1.33031372e-01,1.63796561e-02,1.30370744e+02,1.60520629e+01
6.80000000e-02,-1.05644626e-02,-3.12587594e-01,1.51479262e-02,3.89934215e-01,0.00000000e+00,4.28770651e-01,1.31854321e-01,1.58992007e-02,1.29217235e+02,1.55812166e+01
7.00000000e-02,-1.11970994e-02,-3.20009758e-01,1.59322886e-02,3.94349885e-01,0.00000000e+00,4.53987823e-01,1.31685669e-01,1.59690352e-02,1.29051955e+02,1.56496545e+01
7.20000000e-02,-1.18443397e-02,-3.27189063e-01,1.67250053e-02,3.98284846e-01,0.00000000e+00,4.79892038e-01,1.31433453e-01,1.60210032e-02,1.28804784e+02,1.57005831e+01
7.40000000e-02,-1.25056877e-02,-3.34116458e-01,1.75250959e-02,4.01721780e-01,0.00000000e+00,5.06479583e-01,1.31169528e-01,1.60652259e-02,1.28546137e+02,1.57439214e+01
7.60000000e-02,-1.31806315e-02,-3.40782813e-01,1.83315425e-02,4.04633911e-01,0.00000000e+00,5.33746644e-01,1.30815995e-01,1.60702822e-02,1.28199675e+02,1.57488766e+01
7.80000000e-02,-1.38686395e-02,-3.47180048e-01,1.91432715e-02,4.07005991e-01,0.00000000e+00,5.61689313e-01,1.30470987e-01,1.60902662e-02,1.27861567e+02,1.57684609e+01
8.00000000e-02,-1.45691680e-02,-3.53301776e-01,1.99592072e-02,4.08839210e-01,0.00000000e+00,5.90303581e-01,1.30071571e-01,1.61040484e-02,1.27470139e+02,1.57819674e+01
8.20000000e-02,-1.52816057e-02,-3.59062136e-01,2.07779453e-02,4.09648020e-01,0.00000000e+00,6.19585348e-01,1.27818769e-01,1.51092242e-02,1.25262393e+02,1.48070397e+01
8.40000000e-02,-1.60052177e-02,-3.64524156e-01,2.15973697e-02,4.09812563e-01,0.00000000e+00,6.49530412e-01,1.28984802e-01,1.59222864e-02,1.26405106e+02,1.56038407e+01
8.60000000e-02,-1.67395779e-02,-3.69799557e-01,2.24172247e-02,4.10020866e-01,0.00000000e+00,6.80134482e-01,1.29431072e-01,1.63722018e-02,1.26842451e+02,1.60447577e+01
8.80000000e-02,-1.74842161e-02,-3.74775326e-01,2.32370815e-02,4.09671674e-01,0.00000000e+00,7.11393167e-01,1.28041286e-01,1.59234053e-02,1.25480461e+02,1.56049372e+01
9.00000000e-02,-1.82384506e-02,-3.79408205e-01,2.40554118e-02,4.08573106e-01,0.00000000e+00,7.43301987e-01,1.27556578e-01,1.59687148e-02,1.25005446e+02,1.56493405e+01
9.20000000e-02,-1.90016451e-02,-3.83735310e-01,2.48710364e-02,4.06968294e-01,0.00000000e+00,7.75856366e-01,1.27108417e-01,1.60265991e-02,1.24566249e+02,1.57060671e+01
9.40000000e-02,-1.97731862e-02,-3.87753917e-01,2.56829463e-02,4.04855513e-01,0.00000000e+00,8.09051636e-01,1.26629487e-01,1.60631857e-02,1.24096897e+02,1.57419220e+01
9.60000000e-02,-2.05524491e-02,-3.91455055e-01,2.64901031e-02,4.02209770e-01,0.00000000e+00,8.42883036e-01,1.26036016e-01,1.60620343e-02,1.23515296e+02,1.57407936e+01
9.80000000e-02,-2.13387895e-02,-3.94830783e-01,2.72914295e-02,3.99030260e-01,0.00000000e+00,8.77345716e-01,1.25430625e-01,1.60888223e-02,1.22922012e+02,1.57670459e+01
1.00000000e-01,-2.21315544e-02,-3.97879821e-01,2.80858739e-02,3.95325445e-01,0.00000000e+00,9.12434734e-01,1.24861011e-01,1.60958161e-02,1.22363791e+02,1.57738998e+01
1.02000000e-01,-2.29300751e-02,-4.00578444e-01,2.88721757e-02,3.90787381e-01,0.00000000e+00,9.48145059e-01,1.23749649e-01,1.54648940e-02,1.21274656e+02,1.51555962e+01
1.04000000e-01,-2.37336571e-02,-4.02960404e-01,2.96486223e-02,3.85647774e-01,0.00000000e+00,9.84471570e-01,1.24011362e-01,1.59444787e-02,1.21531135e+02,1.56255891e+01
1.06000000e-01,-2.45417476e-02,-4.05088674e-01,3.04147199e-02,3.80437937e-01,0.00000000e+00,1.02140906e+00,1.24409406e-01,1.64140295e-02,1.21921218e+02,1.60857489e+01
1.08000000e-01,-2.53537979e-02,-4.06896101e-01,3.11700722e-02,3.74775299e-01,0.00000000e+00,1.05895223e+00,1.23135423e-01,1.60753761e-02,1.20672715e+02,1.57538685e+01
1.10000000e-01,-2.61690884e-02,-4.08338092e-01,3.19133743e-02,3.68442503e-01,0.00000000e+00,1.09709569e+00,1.22519484e-01,1.60717778e-02,1.20069094e+02,1.57503422e+01
1.12000000e-01,-2.69869279e-02,-4.09446609e-01,3.26435226e-02,3.61630377e-01,0.00000000e+00,1.13583399e+00,1.22014500e-01,1.61150804e-02,1.19574210e+02,1.57927788e+01
1.14000000e-01,-2.78066517e-02,-4.10220479e-01,3.33595937e-02,3.54365186e-01,0.00000000e+00,1.17516156e+00,1.21387906e-01,1.61466879e-02,1.18960148e+02,1.58237541e+01
1.16000000e-01,-2.86275816e-02,-4.10652038e-01,3.40606761e-02,3.46639165e-01,0.00000000e+00,1.21507276e+00,1.20715078e-01,1.61524645e-02,1.18300776e+02,1.58294152e+01
1.18000000e-01,-2.94490318e-02,-4.10741574e-01,3.47458436e-02,3.38452927e-01,0.00000000e+00,1.25556187e+00,1.20100849e-01,1.61628132e-02,1.17698832e+02,1.58395569e+01
1.20000000e-01,-3.02703208e-02,-4.10490541e-01,3.54141867e-02,3.29815084e-01,0.00000000e+00,1.29662309e+00,1.19462061e-01,1.61628162e-02,1.17072820e+02,1.58395599e+01
1.22000000e-01,-3.10907925e-02,-4.09937304e-01,3.60647528e-02,3.20650697e-01,0.00000000e+00,1.33825053e+00,1.19738975e-01,1.59906772e-02,1.17344195e+02,1.56708636e+01
1.24000000e-01,-3.19098677e-02,-4.09080599e-01,3.66964638e-02,3.10997899e-01,0.00000000e+00,1.38043821e+00,1.19060398e-01,1.60439991e-02,1.16679190e+02,1.57231192e+01
1.26000000e-01,-3.27269190e-02,-4.07930094e-01,3.73086306e-02,3.01174328e-01,0.00000000e+00,1.42318010e+00,1.19548000e-01,1.65107588e-02,1.17157040e+02,1.61805436e+01
1.28000000e-01,-3.35413840e-02,-4.06473491e-01,3.79009717e-02,2.91066677e-01,0.00000000e+00,1.46647005e+00,1.18562060e-01,1.62980020e-02,1.16190818e+02,1.59720420e+01
1.30000000e-01,-3.43525755e-02,-4.04660737e-01,3.84725636e-02,2.80458576e-01,0.00000000e+00,1.51030187e+00,1.17854855e-01,1.62811763e-02,1.15497758e+02,1.59555528e+01
1.32000000e-01,-3.51598034e-02,-4.02512585e-01,3.90225554e-02,2.69474608e-01,0.00000000e+00,1.55466927e+00,1.17322868e-01,1.62992179e-02,1.14976411e+02,1.59732335e+01
1.34000000e-01,-3.59624070e-02,-4.00036213e-01,3.95502397e-02,2.58157141e-01,0.00000000e+00,1.59956588e+00,1.16746942e-01,1.63395952e-02,1.14412003e+02,1.60128033e+01
1.36000000e-01,-3.67597333e-02,-3.97237499e-01,4.00549767e-02,2.46528866e-01,0.00000000e+00,1.64498527e+00,1.16310617e-01,1.63726078e-02,1.13984405e+02,1.60451557e+01
1.38000000e-01,-3.75511381e-02,-3.94110430e-01,4.05361315e-02,2.34565122e-01,0.00000000e+00,1.69092093e+00,1.15547113e-01,1.63276683e-02,1.13236171e+02,1.60011149e+01
1.40000000e-01,-3.83359501e-02,-3.90646010e-01,4.09930125e-02,2.22264296e-01,0.00000000e+00,1.73736627e+00,1.14848173e-01,1.63227595e-02,1.12551209e+02,1.59963043e+01
1.42000000e-01,-3.91135578e-02,-3.86935075e-01,4.14250618e-02,2.09773147e-01,0.00000000e+00,1.78431462e+00,1.16149559e-01,1.65504878e-02,1.13826568e+02,1.62194780e+01
1.44000000e-01,-3.98835176e-02,-3.82965006e-01,4.18319180e-02,1.97001413e-01,0.00000000e+00,1.83175927e+00,1.15094256e-01,1.63202132e-02,1.12792371e+02,1.59938089e+01
1.46000000e-01,-4.06452156e-02,-3.78691616e-01,4.22129159e-02,1.84002452e-01,0.00000000e+00,1.87969339e+00,1.15296972e-01,1.66231286e-02,1.12991033e+02,1.62906661e+01
1.48000000e-01,-4.13980993e-02,-3.74141058e-01,4.25678567e-02,1.70896898e-01,0.00000000e+00,1.92811013e+00,1.14781929e-01,1.66088649e-02,1.12486290e+02,1.62766876e+01
1.50000000e-01,-4.21415800e-02,-3.69290801e-01,4.28963262e-02,1.57525465e-01,0.00000000e+00,1.97700254e+00,1.14382609e-01,1.65397297e-02,1.12094957e+02,1.62089352e+01
1.52000000e-01,-4.28750673e-02,-3.64147723e-01,4.31977972e-02,1.43911994e-01,0.00000000e+00,2.02636360e+00,1.13947940e-01,1.65370399e-02,1.11668981e+02,1.62062991e+01
1.54000000e-01,-4.35979732e-02,-3.58708089e-01,4.34718481e-02,1.30109405e-01,0.00000000e+00,2.07618624e+00,1.13376149e-01,1.65398960e-02,1.11108626e+02,1.62090981e+01
1.56000000e-01,-4.43097087e-02,-3.52982080e-01,4.37181303e-02,1.16150059e-01,0.00000000e+00,2.12646332e+00,1.13089378e-01,1.65655266e-02,1.10827591e+02,1.62342161e+01
1.58000000e-01,-4.50097166e-02,-3.46978658e-01,4.39363536e-02,1.02048561e-01,0.00000000e+00,2.17718763e+00,1.12632431e-01,1.65590124e-02,1.10379782e+02,1.62278321e+01
1.60000000e-01,-4.56974363e-02,-3.40694681e-01,4.41262360e-02,8.78142742e-02,0.00000000e+00,2.22835189e+00,1.12173028e-01,1.65638642e-02,1.09929567e+02,1.62325869e+01
1.62000000e-01,-4.63723827e-02,-3.34241856e-01,4.42876989e-02,7.37123017e-02,0.00000000e+00,2.27994876e+00,1.14222967e-01,1.70731839e-02,1.11938507e+02,1.67317202e+01
1.64000000e-01,-4.70342796e-02,-3.27602893e-01,4.44210573e-02,5.95684067e-02,0.00000000e+00,2.33197086e+00,1.13253621e-01,1.66721221e-02,1.10988548e+02,1.63386796e+01
1.66000000e-01,-4.76826129e-02,-3.20691888e-01,4.45258309e-02,4.52121326e-02,0.00000000e+00,2.38441071e+00,1.13186620e-01,1.67829391e-02,1.10922888e+02,1.64472803e+01
1.68000000e-01,-4.83168996e-02,-3.13559549e-01,4.46019322e-02,3.08954471e-02,0.00000000e+00,2.43726080e+00,1.13288449e-01,1.68697806e-02,1.11022680e+02,1.65323850e+01
1.70000000e-01,-4.89367043e-02,-3.06207002e-01,4.46494076e-02,1.65710646e-02,0.00000000e+00,2.49051355e+00,1.13130428e-01,1.68404482e-02,1.10867819e+02,1.65036393e+01
1.72000000e-01,-4.95415747e-02,-2.98625133e-01,4.46681839e-02,2.19792950e-03,0.00000000e+00,2.54416132e+00,1.12898321e-01,1.68001359e-02,1.10640355e+02,1.64641331e+01
1.74000000e-01,-5.01310568e-02,-2.90821276e-01,4.46581992e-02,-1.21754095e-02,0.00000000e+00,2.59819643e+00,1.12786940e-01,1.68316259e-02,1.10531202e+02,1.64949934e+01
1.76000000e-01,-5.07047196e-02,-2.82807059e-01,4.46195118e-02,-2.65044716e-02,0.00000000e+00,2.65261113e+00,1.12698312e-01,1.68436570e-02,1.10444346e+02,1.65067839e+01
1.78000000e-01,-5.12621458e-02,-2.74583910e-01,4.45522096e-02,-4.07910181e-02,0.00000000e+00,2.70739760e+00,1.12488596e-01,1.68305542e-02,1.10238824e+02,1.64939431e+01
1.80000000e-01,-5.18029203e-02,-2.66158327e-01,4.44563878e-02,-5.50174765e-02,0.00000000e+00,2.76254800e+00,1.12416700e-01,1.68387060e-02,1.10168366e+02,1.65019318e+01
1.82000000e-01,-5.23267237e-02,-2.57649731e-01,4.43324150e-02,-6.88311331e-02,0.00000000e+00,2.81805442e+00,1.14859509e-01,1.75256106e-02,1.12562319e+02,1.71750984e+01
1.84000000e-01,-5.28334572e-02,-2.49048076e-01,4.41812362e-02,-8.23854570e-02,0.00000000e+00,2.87390890e+00,1.14413711e-01,1.71725930e-02,1.12125437e+02,1.68291412e+01
1.86000000e-01,-5.33227781e-02,-2.40239502e-01,4.40027616e-02,-9.61070196e-02,0.00000000e+00,2.93010342e+00,1.14054646e-01,1.69252059e-02,1.11773553e+02,1.65867018e+01
1.88000000e-01,-5.37943102e-02,-2.31273561e-01,4.37969038e-02,-1.09684993e-01,0.00000000e+00,2.98662994e+00,1.14622215e-01,1.71854728e-02,1.12329771e+02,1.68417633e+01
1.90000000e-01,-5.42477932e-02,-2.22188932e-01,4.35642079e-02,-1.22983676e-01,0.00000000e+00,3.04348035e+00,1.15020112e-01,1.71844548e-02,1.12719710e+02,1.68407657e+01
1.92000000e-01,-5.46829796e-02,-2.12974741e-01,4.33050617e-02,-1.36143509e-01,0.00000000e+00,3.10064649e+00,1.15184750e-01,1.71120876e-02,1.12881055e+02,1.67698459e+01
1.94000000e-01,-5.50995998e-02,-2.03622047e-01,4.30197332e-02,-1.49154330e-01,0.00000000e+00,3.15812016e+00,1.15222740e-01,1.70949438e-02,1.12918285e+02,1.67530449e+01
1.96000000e-01,-5.54973849e-02,-1.94145075e-01,4.27086072e-02,-1.61921014e-01,0.00000000e+00,3.21589314e+00,1.15566529e-01,1.71852957e-02,1.13255199e+02,1.68415898e+01
1.98000000e-01,-5.58761047e-02,-1.84554993e-01,4.23722184e-02,-1.74433866e-01,0.00000000e+00,3.27395712e+00,1.15710320e-01,1.71523045e-02,1.13396113e+02,1.68092584e+01
2.00000000e-01,-5.62355351e-02,-1.74860209e-01,4.20110271e-02,-1.86713607e-01,0.00000000e+00,3.33230380e+00,1.16093557e-01,1.71636363e-02,1.13771686e+02,1.68203636e+01
2.02000000e-01,-5.65755531e-02,-1.65176808e-01,4.16257890e-02,-1.98355873e-01,0.00000000e+00,3.39092479e+00,1.18791562e-01,1.79448478e-02,1.16415731e+02,1.75859508e+01
2.04000000e-01,-5.68962357e-02,-1.55483464e-01,4.12179141e-02,-2.09532550e-01,0.00000000e+00,3.44981170e+00,1.18518494e-01,1.75627867e-02,1.16148124e+02,1.72115309e+01
2.06000000e-01,-5.71973863e-02,-1.45639086e-01,4.07875526e-02,-2.20868441e-01,0.00000000e+00,3.50895607e+00,1.17760754e-01,1.70004669e-02,1.15405539e+02,1.66604575e+01
2.08000000e-01,-5.74787431e-02,-1.35721306e-01,4.03346079e-02,-2.31952914e-01,0.00000000e+00,3.56834944e+00,1.19140561e-01,1.74480227e-02,1.16757750e+02,1.70990622e+01
2.10000000e-01,-5.77402672e-02,-1.25797014e-01,3.98600939e-02,-2.42508082e-01,0.00000000e+00,3.62798328e+00,1.19783976e-01,1.74379314e-02,1.17388296e+02,1.70891728e+01
2.12000000e-01,-5.79819044e-02,-1.15832657e-01,3.93647751e-02,-2.52764076e-01,0.00000000e+00,3.68784904e+00,1.20217515e-01,1.73725957e-02,1.17813165e+02,1.70251438e+01
2.14000000e-01,-5.82035710e-02,-1.05828019e-01,3.88492525e-02,-2.62697646e-01,0.00000000e+00,3.74793815e+00,1.20693059e-01,1.73823193e-02,1.18279198e+02,1.70346729e+01
2.16000000e-01,-5.84051983e-02,-9.57961082e-02,3.83142297e-02,-2.72263396e-01,0.00000000e+00,3.80824197e+00,1.21267094e-01,1.73842625e-02,1.18841752e+02,1.70365772e+01
2.18000000e-01,-5.85867497e-02,-8.57557382e-02,3.77604599e-02,-2.81437727e-01,0.00000000e+00,3.86875187e+00,1.22018426e-01,1.74165801e-02,1.19578057e+02,1.70682485e+01
2.20000000e-01,-5.87482189e-02,-7.57118016e-02,3.71887536e-02,-2.90200009e-01,0.00000000e+00,3.92945916e+00,1.22542854e-01,1.74360339e-02,1.20091997e+02,1.70873132e+01
2.22000000e-01,-5.88896537e-02,-6.57529540e-02,3.66002415e-02,-2.98089934e-01,0.00000000e+00,3.99035516e+00,1.25202072e-01,1.84102402e-02,1.22698031e+02,1.80420354e+01
2.24000000e-01,-5.90112801e-02,-5.58681116e-02,3.59968002e-02,-3.05370348e-01,0.00000000e+00,4.05143111e+00,1.25305353e-01,1.78563033e-02,1.22799246e+02,1.74991772e+01
2.26000000e-01,-5.91130749e-02,-4.59064485e-02,3.53786087e-02,-3.12877978e-01,0.00000000e+00,4.11267826e+00,1.24278529e-01,1.70532234e-02,1.21792958e+02,1.67121590e+01
2.28000000e-01,-5.91949191e-02,-3.59646773e-02,3.47455411e-02,-3.20006408e-01,0.00000000e+00,4.17408784e+00,1.26478982e-01,1.77508468e-02,1.23949403e+02,1.73958299e+01
2.30000000e-01,-5.92570028e-02,-2.61266398e-02,3.40990876e-02,-3.26378068e-01,0.00000000e+00,4.23565104e+00,1.27249499e-01,1.77208066e-02,1.24704509e+02,1.73663905e+01
2.32000000e-01,-5.92994539e-02,-1.63308685e-02,3.34402736e-02,-3.32382655e-01,0.00000000e+00,4.29735902e+00,1.27853180e-01,1.75826459e-02,1.25296117e+02,1.72309929e+01
2.34000000e-01,-5.93223622e-02,-6.58906465e-03,3.27698175e-02,-3.37996461e-01,0.00000000e+00,4.35920294e+00,1.28737393e-01,1.75855840e-02,1.26162645e+02,1.72338723e+01
2.36000000e-01,-5.93258640e-02,3.07188793e-03,3.20886269e-02,-3.43101580e-01,0.00000000e+00,4.42117394e+00,1.29810541e-01,1.76793717e-02,1.27214330e+02,1.73257842e+01
2.38000000e-01,-5.93101282e-02,1.26526008e-02,3.13977470e-02,-3.47702987e-01,0.00000000e+00,4.48326312e+00,1.30523077e-01,1.76578147e-02,1.27912616e+02,1.73046584e+01
2.40000000e-01,-5.92753098e-02,2.21491125e-02,3.06981260e-02,-3.51837945e-01,0.00000000e+00,4.54546158e+00,1.31532696e-01,1.76607113e-02,1.28902042e+02,1.73074971e+01
2.42000000e-01,-5.92216409e-02,3.14819097e-02,2.99910603e-02,-3.54975499e-01,0.00000000e+00,4.60776041e+00,1.33948784e-01,1.87426552e-02,1.31269809e+02,1.83678021e+01
2.44000000e-01,-5.91494707e-02,4.06818688e-02,2.92786782e-02,-3.57431803e-01,0.00000000e+00,4.67015067e+00,1.34085204e-01,1.80739623e-02,1.31403500e+02,1.77124830e+01
2.46000000e-01,-5.90589041e-02,4.98957219e-02,2.85611227e-02,-3.60203608e-01,0.00000000e+00,4.73262342e+00,1.32922362e-01,1.70564359e-02,1.30263914e+02,1.67153072e+01
2.48000000e-01,-5.89499534e-02,5.90111374e-02,2.78381325e-02,-3.62572412e-01,0.00000000e+00,4.79516969e+00,1.35533422e-01,1.78880727e-02,1.32822753e+02,1.75303112e+01
2.50000000e-01,-5.88229893e-02,6.79319674e-02,2.71113998e-02,-3.64091233e-01,0.00000000e+00,4.85778053e+00,1.36469362e-01,1.78030108e-02,1.33739975e+02,1.74469506e+01
2.52000000e-01,-5.86783095e-02,7.67269685e-02,2.63820527e-02,-3.65182394e-01,0.00000000e+00,4.92044694e+00,1.37328635e-01,1.77442810e-02,1.34582062e+02,1.73893954e+01
2.54000000e-01,-5.85161722e-02,8.53858352e-02,2.56509845e-02,-3.65802144e-01,0.00000000e+00,4.98315995e+00,1.38362333e-01,1.77484094e-02,1.35595086e+02,1.73934412e+01
2.56000000e-01,-5.83368735e-02,9.38836577e-02,2.49191950e-02,-3.65895546e-01,0.00000000e+00,5.04591056e+00,1.39662952e-01,1.78037459e-02,1.36869693e+02,1.74476710e+01
2.58000000e-01,-5.81407466e-02,1.02218024e-01,2.41877563e-02,-3.65458012e-01,0.00000000e+00,5.10868978e+00,1.40614950e-01,1.78177906e-02,1.37802651e+02,1.74614348e+01
2.60000000e-01,-5.79281106e-02,1.10388639e-01,2.34577053e-02,-3.64507054e-01,0.00000000e+00,5.17148860e+00,1.41787059e-01,1.78381396e-02,1.38951318e+02,1.74813768e+01
2.62000000e-01,-5.76993128e-02,1.18378010e-01,2.27303609e-02,-3.62607064e-01,0.00000000e+00,5.23429801e+00,1.43015142e-01,1.87700659e-02,1.40154839e+02,1.83946646e+01
2.64000000e-01,-5.74547113e-02,1.26198238e-01,2.20077130e-02,-3.60053144e-01,0.00000000e+00,5.29710902e+00,1.43774752e-01,1.81773372e-02,1.40899257e+02,1.78137905e+01
2.66000000e-01,-5.71945648e-02,1.33951143e-01,2.12899158e-02,-3.57847974e-01,0.00000000e+00,5.35991262e+00,1.42496308e-01,1.70116730e-02,1.39646382e+02,1.66714395e+01
2.68000000e-01,-5.69190169e-02,1.41538742e-01,2.05765706e-02,-3.55268617e-01,0.00000000e+00,5.42269979e+00,1.45419315e-01,1.79427304e-02,1.42510928e+02,1.75838758e+01
2.70000000e-01,-5.66285870e-02,1.48860485e-01,1.98694091e-02,-3.51837654e-01,0.00000000e+00,5.48546154e+00,1.46367849e-01,1.77875875e-02,1.43440492e+02,1.74318358e+01
2.72000000e-01,-5.63236992e-02,1.55995848e-01,1.91694708e-02,-3.48030597e-01,0.00000000e+00,5.54818887e+00,1.47314865e-01,1.77307158e-02,1.44368568e+02,1.73761015e+01
2.74000000e-01,-5.60047394e-02,1.62927602e-01,1.84776015e-02,-3.43751438e-01,0.00000000e+00,5.61087279e+00,1.48550362e-01,1.77884350e-02,1.45579354e+02,1.74326663e+01
2.76000000e-01,-5.56721442e-02,1.69626388e-01,1.77948423e-02,-3.38906488e-01,0.00000000e+00,5.67350429e+00,1.50071124e-01,1.79410048e-02,1.47069701e+02,1.75821847e+01
2.78000000e-01,-5.53263834e-02,1.76100809e-01,1.71222974e-02,-3.33578699e-01,0.00000000e+00,5.73607441e+00,1.50997239e-01,1.78389851e-02,1.47977295e+02,1.74822054e+01
2.80000000e-01,-5.49678829e-02,1.82362222e-01,1.64607999e-02,-3.27842324e-01,0.00000000e+00,5.79857418e+00,1.52147699e-01,1.78513215e-02,1.49104745e+02,1.74942951e+01
2.82000000e-01,-5.45970482e-02,1.88453099e-01,1.58114236e-02,-3.21362819e-01,0.00000000e+00,5.86099462e+00,1.51979961e-01,1.84685607e-02,1.48940361e+02,1.80991895e+01
2.84000000e-01,-5.42142087e-02,1.94336691e-01,1.51757418e-02,-3.14293568e-01,0.00000000e+00,5.92332679e+00,1.53890388e-01,1.81782089e-02,1.50812580e+02,1.78146447e+01
2.86000000e-01,-5.38197958e-02,2.00078831e-01,1.45540314e-02,-3.07551194e-01,0.00000000e+00,5.98556175e+00,1.52089042e-01,1.68914776e-02,1.49047262e+02,1.65536481e+01
2.88000000e-01,-5.34140104e-02,2.05645519e-01,1.39456989e-02,-3.00566095e-01,0.00000000e+00,6.04769058e+00,1.54700664e-01,1.78158822e-02,1.51606650e+02,1.74595646e+01
2.90000000e-01,-5.29974107e-02,2.10916695e-01,1.33522886e-02,-2.92798775e-01,0.00000000e+00,6.10970437e+00,1.55615245e-01,1.76824793e-02,1.52502940e+02,1.73288297e+01
2.92000000e-01,-5.25704973e-02,2.15957351e-01,1.27747020e-02,-2.84734238e-01,0.00000000e+00,6.17159423e+00,1.56623009e-01,1.76113458e-02,1.53490549e+02,1.72591189e+01
2.94000000e-01,-5.21337480e-02,2.20747996e-01,1.22136147e-02,-2.76275065e-01,0.00000000e+00,6.23335128e+00,1.57911785e-01,1.77058481e-02,1.54753549e+02,1.73517311e+01
2.96000000e-01,-5.16876769e-02,2.25281338e-01,1.16698881e-02,-2.67386330e-01,0.00000000e+00,6.29496667e+00,1.59012783e-01,1.77326443e-02,1.55832527e+02,1.73779914e+01
2.98000000e-01,-5.12327909e-02,2.29562365e-01,1.11443287e-02,-2.58108680e-01,0.00000000e+00,6.35643156e+00,1.60112010e-01,1.77676200e-02,1.56909769e+02,1.74122676e+01
3.00000000e-01,-5.07695957e-02,2.33590917e-01,1.06376952e-02,-2.48468337e-01,0.00000000e+00,6.41773713e+00,1.61147866e-01,1.77662633e-02,1.57924909e+02,1.74109381e+01
3.02000000e-01,-5.02985246e-02,2.37473432e-01,1.01507531e-02,-2.38381456e-01,0.00000000e+00,6.47887461e+00,1.59694924e-01,1.80051942e-02,1.56501026e+02,1.76450903e+01
3.04000000e-01,-4.98198378e-02,2.41152253e-01,9.68446228e-03,-2.27855304e-01,0.00000000e+00,6.53983521e+00,1.62015243e-01,1.80178890e-02,1.58774938e+02,1.76575312e+01
3.06000000e-01,-4.93340425e-02,2.44640692e-01,9.23914600e-03,-2.17607903e-01,0.00000000e+00,6.60061021e+00,1.60192232e-01,1.67796870e-02,1.56988387e+02,1.64440932e+01
3.08000000e-01,-4.88414061e-02,2.47932576e-01,8.81410594e-03,-2.07247647e-01,0.00000000e+00,6.66119088e+00,1.62600384e-01,1.76434180e-02,1.59348377e+02,1.72905496e+01
3.10000000e-01,-4.83425159e-02,2.50918887e-01,8.41056700e-03,-1.96270062e-01,0.00000000e+00,6.72156854e+00,1.63272441e-01,1.74945065e-02,1.60006992e+02,1.71446163e+01
3.12000000e-01,-4.78378907e-02,2.53665001e-01,8.02914271e-03,-1.85116968e-01,0.00000000e+00,6.78173454e+00,1.64105146e-01,1.74623816e-02,1.60823043e+02,1.71131340e+01
3.14000000e-01,-4.73280241e-02,2.56158888e-01,7.67026078e-03,-1.73721429e-01,0.00000000e+00,6.84168023e+00,1.65014496e-01,1.74860772e-02,1.61714206e+02,1.71363556e+01
3.16000000e-01,-4.68134317e-02,2.58387868e-01,7.33443367e-03,-1.62060907e-01,0.00000000e+00,6.90139704e+00,1.66103841e-01,1.75340859e-02,1.62781764e+02,1.71834042e+01
3.18000000e-01,-4.62946621e-02,2.60332568e-01,7.02223437e-03,-1.50074586e-01,-3.37271357e-02,6.96087638e+00,1.67430645e-01,1.77190655e-02,1.64082032e+02,1.73646842e+01
3.20000000e-01,-4.57722964e-02,2.61984959e-01,6.73436793e-03,-1.37739400e-01,-7.81927069e-02,7.02010975e+00,1.68677057e-01,1.78501038e-02,1.65303516e+02,1.74931017e+01
3.22000000e-01,-4.52467971e-02,2.63525085e-01,6.47138787e-03,-1.25237587e-01,-1.22658278e-01,7.07908864e+00,1.65770422e-01,1.76880274e-02,1.62455013e+02,1.73342669e+01
3.24000000e-01,-4.47183263e-02,2.64869742e-01,6.23363060e-03,-1.12416304e-01,-1.67123849e-01,7.13780460e+00,1.68936432e-01,1.81758277e-02,1.65557703e+02,1.78123112e+01
3.26000000e-01,-4.41874819e-02,2.65968844e-01,6.02162226e-03,-9.97455578e-02,-2.11589420e-01,7.19624920e+00,1.67179455e-01,1.70639475e-02,1.63835866e+02,1.67226685e+01
3.28000000e-01,-4.36545857e-02,2.66865869e-01,5.83463388e-03,-8.70965721e-02,-2.56054992e-01,7.25441407e+00,1.69312180e-01,1.78579226e-02,1.65925936e+02,1.75007642e+01
3.30000000e-01,-4.31202278e-02,2.67448873e-01,5.67356652e-03,-7.39517978e-02,-3.00520563e-01,7.31229086e+00,1.70157729e-01,1.78691548e-02,1.66754575e+02,1.75117717e+01
3.32000000e-01,-4.25849603e-02,2.67776728e-01,5.53890900e-03,-6.06835759e-02,-3.44986134e-01,7.36987129e+00,1.70906341e-01,1.79192649e-02,1.67488214e+02,1.75608796e+01
3.34000000e-01,-4.20492918e-02,2.67848229e-01,5.43092754e-03,-4.72723976e-02,-3.89451705e-01,7.42714708e+00,1.71775691e-01,1.80094977e-02,1.68340177e+02,1.76493077e+01
3.36000000e-01,-4.15137438e-02,2.67655068e-01,5.34991862e-03,-3.37124124e-02,-4.33917276e-01,7.48411003e+00,1.72718352e-01,1.81103589e-02,1.69263985e+02,1.77481517e+01
3.38000000e-01,-4.09788485e-02,2.67196410e-01,5.29617111e-03,-2.00126087e-02,-4.78382847e-01,7.54075197e+00,1.73611495e-01,1.82206120e-02,1.70139266e+02,1.78561998e+01
3.40000000e-01,-4.04451364e-02,2.66470460e-01,5.26994450e-03,-6.19835605e-03,-5.22848418e-01,7.59706478e+00,1.74604616e-01,1.83074889e-02,1.71112524e+02,1.79413392e+01
3.42000000e-01,-3.99130197e-02,2.65664941e-01,5.27126736e-03,7.45043724e-03,-5.67313990e-01,7.65304038e+00,1.71123666e-01,1.78696025e-02,1.67701192e+02,1.75122105e+01
3.44000000e-01,-3.93825868e-02,2.64694199e-01,5.29981341e-03,2.11999518e-02,-6.11779561e-01,7.70867075e+00,1.74131698e-01,1.85541136e-02,1.70649064e+02,1.81830313e+01
3.46000000e-01,-3.88544041e-02,2.63481652e-01,5.35597049e-03,3.48044941e-02,-6.56245132e-01,7.76394791e+00,1.72457378e-01,1.76399149e-02,1.69008231e+02,1.72871166e+01
3.48000000e-01,-3.83287796e-02,2.62090034e-01,5.43890404e-03,4.82180054e-02,-7.00710703e-01,7.81886393e+00,1.74019853e-01,1.82661770e-02,1.70539456e+02,1.79008534e+01
3.50000000e-01,-3.78062204e-02,2.60433732e-01,5.54898314e-03,6.18424470e-02,-7.45176274e-01,7.87341095e+00,1.74369936e-01,1.82343452e-02,1.70882537e+02,1.78696583e+01
3.52000000e-01,-3.72871904e-02,2.58558870e-01,5.68622138e-03,7.53882232e-02,-7.89641845e-01,7.92758113e+00,1.74882527e-01,1.82915808e-02,1.71384877e+02,1.79257492e+01
3.54000000e-01,-3.67721340e-02,2.56460495e-01,5.85051238e-03,8.88985220e-02,-8.34107417e-01,7.98136671e+00,1.75379907e-01,1.83890635e-02,1.71872309e+02,1.80212822e+01
3.56000000e-01,-3.62614992e-02,2.54135987e-01,6.04180066e-03,1.02386606e-01,-8.78572988e-01,8.03475997e+00,1.75988875e-01,1.85127139e-02,1.72469097e+02,1.81424596e+01
3.58000000e-01,-3.57557430e-02,2.51581981e-01,6.26002580e-03,1.15825197e-01,-9.23038559e-01,8.08775327e+00,1.76603761e-01,1.85914388e-02,1.73071686e+02,1.82196101e+01
3.60000000e-01,-3.52553159e-02,2.48810991e-01,6.50503326e-03,1.29161523e-01,-9.67504130e-01,8.14033901e+00,1.76962919e-01,1.86426163e-02,1.73423661e+02,1.82697640e+01
3.62000000e-01,-3.47605157e-02,2.46015023e-01,6.77636608e-03,1.42039190e-01,-1.01196970e+00,8.19250963e+00,1.73136735e-01,1.80110212e-02,1.69674000e+02,1.76508007e+01
3.64000000e-01,-3.42713405e-02,2.43092074e-01,7.07314285e-03,1.54846070e-01,-1.05643527e+00,8.24425767e+00,1.75925231e-01,1.89128192e-02,1.72406726e+02,1.85345628e+01
3.66000000e-01,-3.37882910e-02,2.39953801e-01,7.39565342e-03,1.67507591e-01,-1.10090084e+00,8.29557570e+00,1.74212211e-01,1.81614097e-02,1.70727967e+02,1.77981815e+01
3.68000000e-01,-3.33116099e-02,2.36688539e-01,7.74291432e-03,1.79780800e-01,-1.14536641e+00,8.34645637e+00,1.74988172e-01,1.85888405e-02,1.71488408e+02,1.82170637e+01
3.70000000e-01,-3.28416685e-02,2.33225841e-01,8.11475272e-03,1.92018171e-01,-1.18983199e+00,8.39689237e+00,1.74975515e-01,1.86123714e-02,1.71476005e+02,1.82401239e+01
3.72000000e-01,-3.23788178e-02,2.29596280e-01,8.51083520e-03,2.04027855e-01,-1.23429756e+00,8.44687647e+00,1.75094215e-01,1.86718414e-02,1.71592331e+02,1.82984046e+01
3.74000000e-01,-3.19233955e-02,2.25798499e-01,8.93072271e-03,2.15825421e-01,-1.27876313e+00,8.49640152e+00,1.75173265e-01,1.87621447e-02,1.71669799e+02,1.83869018e+01
3.76000000e-01,-3.14757347e-02,2.21834466e-01,9.37399215e-03,2.27405916e-01,-1.32322870e+00,8.54546040e+00,1.75308652e-01,1.88447089e-02,1.71802479e+02,1.84678147e+01
3.78000000e-01,-3.10361654e-02,2.17708836e-01,9.84018135e-03,2.38738907e-01,-1.36769427e+00,8.59404608e+00,1.75344293e-01,1.89039754e-02,1.71837407e+02,1.85258959e+01
3.80000000e-01,-3.06050046e-02,2.13425345e-01,1.03287695e-02,2.49804584e-01,-1.41215984e+00,8.64215160e+00,1.75460390e-01,1.89770633e-02,1.71951183e+02,1.85975220e+01
3.82000000e-01,-3.01824689e-02,2.09134464e-01,1.08390100e-02,2.60285731e-01,-1.45662541e+00,8.68977006e+00,1.72050108e-01,1.84016244e-02,1.68609106e+02,1.80335919e+01
3.84000000e-01,-2.97685142e-02,2.04772325e-01,1.13697354e-02,2.70501260e-01,-1.50109098e+00,8.73689462e+00,1.73728658e-01,1.91735628e-02,1.70254084e+02,1.87900915e+01
3.86000000e-01,-2.93634801e-02,2.00259481e-01,1.19208656e-02,2.80492723e-01,-1.54555656e+00,8.78351854e+00,1.72246868e-01,1.87145057e-02,1.68801931e+02,1.83402155e+01
3.88000000e-01,-2.89675217e-02,1.95678496e-01,1.24913483e-02,2.89947320e-01,-1.59002213e+00,8.82963513e+00,1.72070003e-01,1.88577775e-02,1.68628603e+02,1.84806219e+01
3.90000000e-01,-2.85808473e-02,1.90975767e-01,1.30804778e-02,2.99136368e-01,-1.63448770e+00,8.87523777e+00,1.71916070e-01,1.89949652e-02,1.68477749e+02,1.86150659e+01
3.92000000e-01,-2.82036923e-02,1.86162497e-01,1.36876772e-02,3.08000507e-01,-1.67895327e+00,8.92031992e+00,1.71554654e-01,1.90395744e-02,1.68123561e+02,1.86587830e+01
3.94000000e-01,-2.78362630e-02,1.81250621e-01,1.43122315e-02,3.16492253e-01,-1.72341884e+00,8.96487513e+00,1.71200823e-01,1.91020413e-02,1.67776807e+02,1.87200005e+01
3.96000000e-01,-2.74787544e-02,1.76241992e-01,1.49534027e-02,3.24618824e-01,-1.76788441e+00,9.00889699e+00,1.70876718e-01,1.91856903e-02,1.67459183e+02,1.88019765e+01
3.98000000e-01,-2.71313572e-02,1.71140189e-01,1.56104575e-02,3.32371354e-01,-1.81234998e+00,9.05237921e+00,1.70521388e-01,1.92523863e-02,1.67110961e+02,1.88673386e+01
4.00000000e-01,-2.67942514e-02,1.65951678e-01,1.62826250e-02,3.39729288e-01,-1.85681555e+00,9.09531554e+00,1.70129845e-01,1.93146440e-02,1.66727249e+02,1.89283511e+01
4.02000000e-01,-2.64675504e-02,1.60763197e-01,1.69689750e-02,3.46487859e-01,-1.90128112e+00,9.13769983e+00,1.67832496e-01,1.89720070e-02,1.64475846e+02,1.85925668e+01
4.04000000e-01,-2.61512022e-02,1.55569323e-01,1.76682643e-02,3.52778237e-01,-1.94574670e+00,9.17952600e+00,1.67652293e-01,1.93283165e-02,1.64299247e+02,1.89417502e+01
4.06000000e-01,-2.58453145e-02,1.50313416e-01,1.83798649e-02,3.58734141e-01,-1.99021227e+00,9.22078806e+00,1.66763586e-01,1.92840474e-02,1.63428314e+02,1.88983665e+01
4.08000000e-01,-2.55499679e-02,1.45028462e-01,1.91028515e-02,3.64166016e-01,-2.03467784e+00,9.26148008e+00,1.65898500e-01,1.92589682e-02,1.62580530e+02,1.88737888e+01
4.10000000e-01,-2.52652272e-02,1.39703648e-01,1.98362325e-02,3.69153237e-01,-2.07914341e+00,9.30159623e+00,1.65348883e-01,1.93963421e-02,1.62041906e+02,1.90084153e+01
4.12000000e-01,-2.49911833e-02,1.34333952e-01,2.05791953e-02,3.73736794e-01,-2.12360898e+00,9.34113076e+00,1.64688308e-01,1.94711525e-02,1.61394542e+02,1.90817294e+01
4.14000000e-01,-2.47279141e-02,1.28930324e-01,2.13308809e-02,3.77872213e-01,-2.16807455e+00,9.38007800e+00,1.63970594e-01,1.95278157e-02,1.60691182e+02,1.91372594e+01
4.16000000e-01,-2.44754801e-02,1.23499538e-01,2.20903773e-02,3.81547448e-01,-2.21254012e+00,9.41843237e+00,1.63240085e-01,1.95886904e-02,1.59975283e+02,1.91969166e+01
4.18000000e-01,-2.42339313e-02,1.18045684e-01,2.28567618e-02,3.84759395e-01,-2.25700569e+00,9.45618837e+00,1.62515552e-01,1.96488662e-02,1.59265241e+02,1.92558889e+01
4.20000000e-01,-2.40033093e-02,1.12573831e-01,2.36291053e-02,3.87506974e-01,-2.30147126e+00,9.49334057e+00,1.61755733e-01,1.97161763e-02,1.58520619e+02,1.93218527e+01
4.22000000e-01,-2.37836328e-02,1.07106639e-01,2.44064042e-02,3.89676461e-01,-2.34593684e+00,9.52988366e+00,1.60591035e-01,1.95449431e-02,1.57379214e+02,1.91540443e+01
4.24000000e-01,-2.35748516e-02,1.01686265e-01,2.51874121e-02,3.91247485e-01,-2.39040241e+00,9.56581240e+00,1.58935206e-01,1.95750533e-02,1.55756502e+02,1.91835523e+01
4.26000000e-01,-2.33768781e-02,9.62804749e-02,2.59711533e-02,3.92457238e-01,-2.43486798e+00,9.60112163e+00,1.58612090e-01,1.99057552e-02,1.55439848e+02,1.95076401e+01
4.28000000e-01,-2.31897224e-02,9.08855788e-02,2.67569273e-02,3.93196434e-01,-2.47933355e+00,9.63580629e+00,1.57130785e-01,1.97095387e-02,1.53988169e+02,1.93153479e+01
4.30000000e-01,-2.30133098e-02,8.55295455e-02,2.75435488e-02,3.93350268e-01,-2.52379912e+00,9.66986141e+00,1.56241996e-01,1.98007294e-02,1.53117156e+02,1.94047148e+01
4.32000000e-01,-2.28475937e-02,8.01892778e-02,2.83300333e-02,3.93061505e-01,-2.56826469e+00,9.70328210e+00,1.55387792e-01,1.99041648e-02,1.52280036e+02,1.95060815e+01
4.34000000e-01,-2.26925358e-02,7.48744529e-02,2.91154889e-02,3.92314019e-01,-2.61273026e+00,9.73606357e+00,1.54359970e-01,1.99602212e-02,1.51272770e+02,1.95610168e+01
4.36000000e-01,-2.25480740e-02,6.95925143e-02,2.98989695e-02,3.91086813e-01,-2.65719583e+00,9.76820112e+00,1.53418468e-01,2.00169580e-02,1.50350098e+02,1.96166189e+01
4.38000000e-01,-2.24141408e-02,6.43478812e-02,3.06795163e-02,3.89379819e-01,-2.70166141e+00,9.79969015e+00,1.52373470e-01,2.00688778e-02,1.49326000e+02,1.96675003e+01
4.40000000e-01,-2.22906542e-02,5.91456200e-02,3.14561704e-02,3.87195356e-01,-2.74612698e+00,9.83052613e+00,1.51399033e-01,2.01251141e-02,1.48371052e+02,1.97226118e+01
4.42000000e-01,-2.21775350e-02,5.39784577e-02,3.22278849e-02,3.84391670e-01,-2.79059255e+00,9.86070465e+00,1.50608768e-01,1.98726689e-02,1.47596592e+02,1.94752156e+01
4.44000000e-01,-2.20746888e-02,4.88886512e-02,3.29933278e-02,3.80973994e-01,-2.83505812e+00,9.89022137e+00,1.48731013e-01,1.99312012e-02,1.45756393e+02,1.95325772e+01
4.46000000e-01,-2.19819535e-02,4.38390518e-02,3.37516473e-02,3.77356008e-01,-2.87952369e+00,9.91907208e+00,1.48891632e-01,2.05370128e-02,1.45913800e+02,2.01262725e+01
4.48000000e-01,-2.18993018e-02,3.88356338e-02,3.45024918e-02,3.73348176e-01,-2.92398926e+00,9.94725262e+00,1.46956653e-01,2.01871298e-02,1.44017520e+02,1.97833872e+01
4.50000000e-01,-2.18265408e-02,3.39376052e-02,3.52445999e-02,3.68680294e-01,-2.96845483e+00,9.97475896e+00,1.45814950e-01,2.02135913e-02,1.42898651e+02,1.98093195e+01
4.52000000e-01,-2.17635059e-02,2.91077239e-02,3.59769330e-02,3.63592452e-01,-3.01292040e+00,1.00015872e+01,1.44829909e-01,2.03538753e-02,1.41933311e+02,1.99467978e+01
4.54000000e-01,-2.17100637e-02,2.43470346e-02,3.66987099e-02,3.58114950e-01,-3.05738597e+00,1.00277334e+01,1.43742367e-01,2.04290128e-02,1.40867520e+02,2.00204326e+01
4.56000000e-01,-2.16660646e-02,1.96661014e-02,3.74091059e-02,3.52207126e-01,-3.10185155e+00,1.00531938e+01,1.42587882e-01,2.04678618e-02,1.39736124e+02,2.00585046e+01
4.58000000e-01,-2.16313443e-02,1.50676459e-02,3.81072498e-02,3.45866457e-01,-3.14631712e+00,1.00779649e+01,1.41512828e-01,2.05203780e-02,1.38682572e+02,2.01099704e+01
4.60000000e-01,-2.16057367e-02,1.05552011e-02,3.87922926e-02,3.39107130e-01,-3.19078269e+00,1.01020430e+01,1.40350517e-01,2.05704607e-02,1.37543506e+02,2.01590515e+01
4.62000000e-01,-2.15890921e-02,6.08983791e-03,3.94632592e-02,3.31719204e-01,-3.23524826e+00,1.01254247e+01,1.40258555e-01,2.01624287e-02,1.37453384e+02,1.97591801e+01
4.64000000e-01,-2.15813303e-02,1.69505363e-03,4.01188466e-02,3.23847049e-01,-3.27971383e+00,1.01481067e+01,1.38619880e-01,2.04938225e-02,1.35847483e+02,2.00839460e+01
4.66000000e-01,-2.15822791e-02,-2.65044653e-03,4.07586975e-02,3.16050029e-01,-3.32417940e+00,1.01700857e+01,1.39096951e-01,2.12374127e-02,1.36315012e+02,2.08126644e+01
4.68000000e-01,-2.15918782e-02,-6.91520091e-03,4.13828420e-02,3.07946103e-01,-3.36864497e+00,1.01913585e+01,1.36793883e-01,2.07445071e-02,1.34058005e+02,2.03296170e+01
4.70000000e-01,-2.16098320e-02,-1.10181271e-02,4.19900356e-02,2.99172779e-01,-3.41311054e+00,1.02119221e+01,1.35445186e-01,2.07033134e-02,1.32736283e+02,2.02892471e+01
4.72000000e-01,-2.16358813e-02,-1.50168775e-02,4.25793045e-02,2.90056467e-01,-3.45757612e+00,1.02317736e+01,1.34555838e-01,2.08700943e-02,1.31864722e+02,2.04526924e+01
4.74000000e-01,-2.16698374e-02,-1.89224676e-02,4.31500839e-02,2.80673746e-01,-3.50204169e+00,1.02509100e+01,1.33529461e-01,2.09633287e-02,1.30858872e+02,2.05440622e+01
4.76000000e-01,-2.17115007e-02,-2.27223056e-02,4.37017892e-02,2.70975620e-01,-3.54650726e+00,1.02693288e+01,1.32409216e-01,2.10001461e-02,1.29761031e+02,2.05801432e+01
4.78000000e-01,-2.17606511e-02,-2.64089061e-02,4.42337720e-02,2.60956030e-01,-3.59097283e+00,1.02870271e+01,1.31269501e-01,2.10526182e-02,1.28644111e+02,2.06315658e+01
4.80000000e-01,-2.18170583e-02,-2.99784888e-02,4.47454098e-02,2.50631249e-01,-3.63543840e+00,1.03040025e+01,1.30120639e-01,2.10946552e-02,1.27518226e+02,2.06727621e+01
4.82000000e-01,-2.18805285e-02,-3.34932359e-02,4.52359092e-02,2.39724884e-01,-3.67990397e+00,1.03202526e+01,1.30491923e-01,2.05369789e-02,1.27882085e+02,2.01262393e+01
4.84000000e-01,-2.19510065e-02,-3.69708853e-02,4.57041287e-02,2.28547638e-01,-3.72436954e+00,1.03357749e+01,1.29814842e-01,2.11995426e-02,1.27218545e+02,2.07755517e+01
4.86000000e-01,-2.20283932e-02,-4.04203240e-02,4.61503608e-02,2.17761933e-01,-3.76883511e+00,1.03505674e+01,1.30450383e-01,2.20007350e-02,1.27841375e+02,2.15607203e+01
4.88000000e-01,-2.21126168e-02,-4.37632893e-02,4.65750260e-02,2.06750531e-01,-3.81330068e+00,1.03646278e+01,1.28000572e-01,2.13368986e-02,1.25440560e+02,2.09101606e+01
4.90000000e-01,-2.22033119e-02,-4.69045794e-02,4.69769229e-02,1.95079055e-01,-3.85776626e+00,1.03779542e+01,1.26465205e-01,2.11941161e-02,1.23935901e+02,2.07702338e+01
4.92000000e-01,-2.23001516e-02,-4.99206070e-02,4.73551984e-02,1.83191944e-01,-3.90223183e+00,1.03905446e+01,1.25851678e-01,2.14295216e-02,1.23334644e+02,2.10009312e+01
4.94000000e-01,-2.24029306e-02,-5.28410033e-02,4.77096331e-02,1.71218464e-01,-3.94669740e+00,1.04023973e+01,1.25057574e-01,2.15240424e-02,1.22556423e+02,2.10935616e+01
4.96000000e-01,-2.25114352e-02,-5.56407220e-02,4.80399497e-02,1.59061121e-01,-3.99116297e+00,1.04135104e+01,1.23905995e-01,2.15204185e-02,1.21427875e+02,2.10900101e+01
4.98000000e-01,-2.26254041e-02,-5.83064275e-02,4.83457469e-02,1.46707853e-01,-4.03562854e+00,1.04238826e+01,1.22845432e-01,2.15546814e-02,1.20388523e+02,2.11235878e+01
5.00000000e-01,-2.27445730e-02,-6.08403599e-02,4.86266590e-02,1.34171447e-01,-4.08009411e+00,1.04335121e+01,1.21789181e-01,2.15424155e-02,1.19353398e+02,2.11115672e+01
5.02000000e-01,-2.28687405e-02,-6.33366094e-02,4.88821304e-02,1.21181677e-01,-4.12455968e+00,1.04423978e+01,1.22968341e-01,2.09732844e-02,1.20508975e+02,2.05538187e+01
5.04000000e-01,-2.29979271e-02,-6.58443163e-02,4.91114053e-02,1.08221323e-01,-4.16902525e+00,1.04505382e+01,1.23101240e-01,2.19370365e-02,1.20639215e+02,2.14982957e+01
5.06000000e-01,-2.31320964e-02,-6.83200718e-02,4.93153852e-02,9.58152331e-02,-4.21349082e+00,1.04579323e+01,1.23306854e-01,2.24331739e-02,1.20840717e+02,2.19845104e+01
5.08000000e-01,-2.32711030e-02,-7.06393374e-02,4.94944796e-02,8.31292362e-02,-4.25795640e+00,1.04645790e+01,1.20569575e-01,2.16104762e-02,1.18158183e+02,2.11782666e+01
5.10000000e-01,-2.34145106e-02,-7.27438714e-02,4.96475238e-02,6.98756895e-02,-4.30242197e+00,1.04704773e+01,1.19451131e-01,2.14659143e-02,1.17062108e+02,2.10365960e+01
5.12000000e-01,-2.35620060e-02,-7.47395511e-02,4.97739772e-02,5.66143820e-02,-4.34688754e+00,1.04756263e+01,1.19221789e-01,2.17802617e-02,1.16837353e+02,2.13446565e+01
5.14000000e-01,-2.37134081e-02,-7.66441417e-02,4.98740440e-02,4.34470640e-02,-4.39135311e+00,1.04800254e+01,1.18550707e-01,2.18115230e-02,1.16179693e+02,2.13752925e+01
5.16000000e-01,-2.38684991e-02,-7.84236151e-02,4.99477186e-02,3.02094188e-02,-4.43581868e+00,1.04836739e+01,1.17556824e-01,2.17432901e-02,1.15205687e+02,2.13084243e+01
5.18000000e-01,-2.40270160e-02,-8.00732505e-02,4.99948362e-02,1.69035807e-02,-4.48028425e+00,1.04865712e+01,1.16803936e-01,2.17411260e-02,1.14467857e+02,2.13063035e+01
5.20000000e-01,-2.41887112e-02,-8.16015240e-02,5.00153431e-02,3.61298062e-03,-4.52474982e+00,1.04887171e+01,1.16034558e-01,2.18099988e-02,1.13713867e+02,2.13737988e+01
5.22000000e-01,-2.43534346e-02,-8.31485011e-02,5.00092277e-02,-9.76827107e-03,-4.56921539e+00,1.04901111e+01,1.18579466e-01,2.15475573e-02,1.16207876e+02,2.11166062e+01
5.24000000e-01,-2.45213572e-02,-8.47734777e-02,4.99765187e-02,-2.27765071e-02,-4.61368097e+00,1.04907530e+01,1.19221361e-01,2.25516086e-02,1.16836933e+02,2.21005764e+01
5.26000000e-01,-2.46925083e-02,-8.63682574e-02,4.99185400e-02,-3.51572221e-02,-4.65814654e+00,1.04906428e+01,1.19264449e-01,2.27869700e-02,1.16879160e+02,2.23312306e+01
5.28000000e-01,-2.48667333e-02,-8.78177207e-02,4.98357714e-02,-4.77155590e-02,-4.70261211e+00,1.04897805e+01,1.17241872e-01,2.20656224e-02,1.14897035e+02,2.16243099e+01
5.30000000e-01,-2.50436532e-02,-8.90781699e-02,4.97274451e-02,-6.06228993e-02,-4.74707768e+00,1.04881662e+01,1.16286690e-01,2.19049228e-02,1.13960956e+02,2.14668244e+01
5.32000000e-01,-2.52229883e-02,-9.02519929e-02,4.95934034e-02,-7.33448511e-02,-4.79154325e+00,1.04858001e+01,1.16676799e-01,2.22684877e-02,1.14343263e+02,2.18231180e+01
5.34000000e-01,-2.54046196e-02,-9.13634323e-02,4.94342565e-02,-8.57806596e-02,-4.83600882e+00,1.04826826e+01,1.16307053e-01,2.22832699e-02,1.13980912e+02,2.18376045e+01
5.36000000e-01,-2.55883733e-02,-9.23718197e-02,4.92503449e-02,-9.81201799e-02,-4.88047439e+00,1.04788142e+01,1.15764586e-01,2.22129070e-02,1.13449294e+02,2.17686488e+01
5.38000000e-01,-2.57740382e-02,-9.32772926e-02,4.90418669e-02,-1.10323013e-01,-4.92493996e+00,1.04741953e+01,1.15414087e-01,2.22773461e-02,1.13105805e+02,2.18317992e+01
5.40000000e-01,-2.59614221e-02,-9.40922241e-02,4.88092002e-02,-1.22304931e-01,-4.96940553e+00,1.04688266e+01,1.15175152e-01,2.23491316e-02,1.12871649e+02,2.19021490e+01
5.42000000e-01,-2.61504514e-02,-9.49735930e-02,4.85527668e-02,-1.34107478e-01,-5.01387111e+00,1.04627090e+01,1.18506201e-01,2.22923413e-02,1.16136077e+02,2.18464945e+01
5.44000000e-01,-2.63413932e-02,-9.59700742e-02,4.82731498e-02,-1.45340819e-01,-5.05833668e+00,1.04558432e+01,1.19419668e-01,2.31490947e-02,1.17031274e+02,2.26861128e+01
5.46000000e-01,-2.65343178e-02,-9.69457288e-02,4.79718355e-02,-1.55926203e-01,-5.10280225e+00,1.04482304e+01,1.19590418e-01,2.32262958e-02,1.17198610e+02,2.27617699e+01
5.48000000e-01,-2.67290988e-02,-9.78054119e-02,4.76494433e-02,-1.66514168e-01,-5.14726782e+00,1.04398714e+01,1.18296138e-01,2.26874198e-02,1.15930216e+02,2.22336715e+01
5.50000000e-01,-2.69254427e-02,-9.85199307e-02,4.73056964e-02,-1.77225712e-01,-5.19173339e+00,1.04307677e+01,1.17798128e-01,2.24802094e-02,1.15442166e+02,2.20306052e+01
5.52000000e-01,-2.71231376e-02,-9.91730505e-02,4.69407418e-02,-1.87635159e-01,-5.23619896e+00,1.04209204e+01,1.18472569e-01,2.28044459e-02,1.16103118e+02,2.23483570e+01
5.54000000e-01,-2.73221132e-02,-9.97936413e-02,4.65554471e-02,-1.97607624e-01,-5.28066453e+00,1.04103310e+01,1.18659735e-01,2.28511059e-02,1.16286540e+02,2.23940838e+01
5.56000000e-01,-2.75222710e-02,-1.00352447e-01,4.61504911e-02,-2.07310433e-01,-5.32513010e+00,1.03990009e+01,1.18660423e-01,2.27959212e-02,1.16287214e+02,2.23400027e+01
5.58000000e-01,-2.77234771e-02,-1.00842438e-01,4.57263754e-02,-2.16758317e-01,-5.36959568e+00,1.03869320e+01,1.18692165e-01,2.27841902e-02,1.16318322e+02,2.23285064e+01
5.60000000e-01,-2.79255954e-02,-1.01264474e-01,4.52836629e-02,-2.25898621e-01,-5.41406125e+00,1.03741257e+01,1.18720683e-01,2.28128404e-02,1.16346270e+02,2.23565836e+01
5.62000000e-01,-2.81286272e-02,-1.01824757e-01,4.48231696e-02,-2.34455879e-01,-5.45852682e+00,1.03605841e+01,1.23577977e-01,2.33537030e-02,1.21106418e+02,2.28866289e+01
5.64000000e-01,-2.83329745e-02,-1.02505161e-01,4.43462683e-02,-2.42369859e-01,-5.50299239e+00,1.03463089e+01,1.23192893e-01,2.34850583e-02,1.20729035e+02,2.30153572e+01
5.66000000e-01,-2.85386103e-02,-1.03129284e-01,4.38539748e-02,-2.49856946e-01,-5.54745796e+00,1.03313024e+01,1.23938948e-01,2.35495570e-02,1.21460169e+02,2.30785658e+01
5.68000000e-01,-2.87454552e-02,-1.03698772e-01,4.33469936e-02,-2.57114390e-01,-5.59192353e+00,1.03155666e+01,1.23602327e-01,2.32457875e-02,1.21130281e+02,2.27808718e+01
5.70000000e-01,-2.89533439e-02,-1.04176076e-01,4.28255797e-02,-2.64278242e-01,-5.63638910e+00,1.02991037e+01,1.23479918e-01,2.30040628e-02,1.21010320e+02,2.25439815e+01
5.72000000e-01,-2.91621384e-02,-1.04621622e-01,4.22901470e-02,-2.71042733e-01,-5.68085467e+00,1.02819162e+01,1.24562878e-01,2.33219497e-02,1.22071620e+02,2.28555107e+01
5.74000000e-01,-2.93718316e-02,-1.05068868e-01,4.17417633e-02,-2.77275373e-01,-5.72532024e+00,1.02640066e+01,1.25229569e-01,2.33395834e-02,1.22724977e+02,2.28727917e+01
5.76000000e-01,-2.95823943e-02,-1.05486802e-01,4.11812858e-02,-2.83147562e-01,-5.76978582e+00,1.02453773e+01,1.25595089e-01,2.32802728e-02,1.23083187e+02,2.28146674e+01
5.78000000e-01,-2.97937537e-02,-1.05867190e-01,4.06094127e-02,-2.88660325e-01,-5.81425139e+00,1.02260310e+01,1.26076030e-01,2.32793351e-02,1.23554509e+02,2.28137484e+01
5.80000000e-01,-3.00058436e-02,-1.06218366e-01,4.00269326e-02,-2.93741009e-01,-5.85871696e+00,1.02059706e+01,1.26642355e-01,2.33572002e-02,1.24109508e+02,2.28900562e+01
5.82000000e-01,-3.02187358e-02,-1.06732438e-01,3.94349688e-02,-2.98041714e-01,-5.90318253e+00,1.01851989e+01,1.31618528e-01,2.40726774e-02,1.28986158e+02,2.35912239e+01
5.84000000e-01,-3.04328358e-02,-1.07340180e-01,3.88351182e-02,-3.01813746e-01,-5.94764810e+00,1.01637188e+01,1.30576340e-01,2.36114937e-02,1.27964813e+02,2.31392638e+01
5.86000000e-01,-3.06480570e-02,-1.07888573e-01,3.82279131e-02,-3.05286871e-01,-5.99211367e+00,1.01415336e+01,1.31986388e-01,2.38341075e-02,1.29346660e+02,2.33574254e+01
5.88000000e-01,-3.08643931e-02,-1.08441551e-01,3.76142769e-02,-3.08300784e-01,-6.03657924e+00,1.01186462e+01,1.32447223e-01,2.37000092e-02,1.29798279e+02,2.32260090e+01
5.90000000e-01,-3.10817942e-02,-1.08951063e-01,3.69948789e-02,-3.11061250e-01,-6.08104481e+00,1.00950601e+01,1.32743294e-01,2.34823788e-02,1.30088428e+02,2.30127313e+01
5.92000000e-01,-3.13001955e-02,-1.09457765e-01,3.63703358e-02,-3.13365866e-01,-6.12551038e+00,1.00707786e+01,1.34162384e-01,2.37656236e-02,1.31479137e+02,2.32903111e+01
5.94000000e-01,-3.15196415e-02,-1.09988764e-01,3.57417959e-02,-3.15099949e-01,-6.16997596e+00,1.00458051e+01,1.35100264e-01,2.37827509e-02,1.32398259e+02,2.33070959e+01
5.96000000e-01,-3.17401511e-02,-1.10520547e-01,3.51102102e-02,-3.16422883e-01,-6.21444153e+00,1.00201434e+01,1.35978624e-01,2.37269266e-02,1.33259051e+02,2.32523880e+01
5.98000000e-01,-3.19617230e-02,-1.11051352e-01,3.44763943e-02,-3.17310943e-01,-6.25890710e+00,9.99379696e+00,1.36883993e-01,2.37904961e-02,1.34146313e+02,2.33146862e+01
6.00000000e-01,-3.21843607e-02,-1.11588395e-01,3.38412934e-02,-3.17708487e-01,-6.30337267e+00,9.96676967e+00,1.37939666e-01,2.38494310e-02,1.35180873e+02,2.33724424e+01
6.02000000e-01,-3.24081890e-02,-1.12294115e-01,3.32061336e-02,-3.17246256e-01,-6.34783824e+00,9.93906537e+00,1.42650032e-01,2.46876871e-02,1.39797031e+02,2.41939333e+01
6.04000000e-01,-3.26335773e-02,-1.13060189e-01,3.25725919e-02,-3.16358744e-01,-6.39230381e+00,9.91068805e+00,1.41186625e-01,2.38366493e-02,1.38362893e+02,2.33599163e+01
6.06000000e-01,-3.28603883e-02,-1.13763995e-01,3.19408056e-02,-3.15310815e-01,-6.43676938e+00,9.88164177e+00,1.43043687e-01,2.41214714e-02,1.40182813e+02,2.36390419e+01
6.08000000e-01,-3.30886672e-02,-1.14518544e-01,3.13117516e-02,-3.13658611e-01,-6.48123495e+00,9.85193070e+00,1.44232775e-01,2.42057352e-02,1.41348120e+02,2.37216205e+01
6.10000000e-01,-3.33184618e-02,-1.15272059e-01,3.06864162e-02,-3.11638796e-01,-6.52570053e+00,9.82155909e+00,1.44892312e-01,2.39989402e-02,1.41994466e+02,2.35189614e+01
6.12000000e-01,-3.35497585e-02,-1.16030213e-01,3.00654375e-02,-3.09257294e-01,-6.57016610e+00,9.79053130e+00,1.46226271e-01,2.40768681e-02,1.43301746e+02,2.35953307e+01
6.14000000e-01,-3.37825995e-02,-1.16813666e-01,2.94496867e-02,-3.06426446e-01,-6.61463167e+00,9.75885179e+00,1.47381003e-01,2.40613454e-02,1.44433383e+02,2.35801185e+01
6.16000000e-01,-3.40170157e-02,-1.17600927e-01,2.88399801e-02,-3.03223068e-01,-6.65909724e+00,9.72652508e+00,1.48225654e-01,2.39865137e-02,1.45261141e+02,2.35067834e+01
6.18000000e-01,-3.42530029e-02,-1.18387740e-01,2.82370417e-02,-2.99648831e-01,-6.70356281e+00,9.69355583e+00,1.49293745e-01,2.39770094e-02,1.46307870e+02,2.34974692e+01
6.20000000e-01,-3.44905739e-02,-1.19185401e-01,2.76416554e-02,-2.95668783e-01,-6.74802838e+00,9.65994875e+00,1.50415273e-01,2.39861608e-02,1.47406968e+02,2.35064376e+01
6.22000000e-01,-3.47298205e-02,-1.20097108e-01,2.70548289e-02,-2.90995242e-01,-6.79249395e+00,9.62570867e+00,1.53908137e-01,2.45924902e-02,1.50829974e+02,2.41006404e+01
6.24000000e-01,-3.49709787e-02,-1.21033355e-01,2.64778911e-02,-2.85996646e-01,-6.83695952e+00,9.59084049e+00,1.52953404e-01,2.38421898e-02,1.49894336e+02,2.33653460e+01
6.26000000e-01,-3.52139189e-02,-1.21916973e-01,2.59109383e-02,-2.80854063e-01,-6.88142509e+00,9.55534922e+00,1.54657963e-01,2.40827314e-02,1.51564804e+02,2.36010768e+01
6.28000000e-01,-3.54586658e-02,-1.22829505e-01,2.53547930e-02,-2.75234343e-01,-6.92589067e+00,9.51923994e+00,1.55623261e-01,2.40469353e-02,1.52510796e+02,2.35659966e+01
6.30000000e-01,-3.57052204e-02,-1.23717274e-01,2.48101221e-02,-2.69432897e-01,-6.97035624e+00,9.48251783e+00,1.56088356e-01,2.36837066e-02,1.52966589e+02,2.32100325e+01
6.32000000e-01,-3.59535305e-02,-1.24598327e-01,2.42772464e-02,-2.63353952e-01,-7.01482181e+00,9.44518816e+00,1.57489775e-01,2.38657130e-02,1.54339979e+02,2.33883988e+01
6.34000000e-01,-3.62036176e-02,-1.25485336e-01,2.37569620e-02,-2.56891566e-01,-7.05928738e+00,9.40725627e+00,1.58265428e-01,2.37426629e-02,1.55100119e+02,2.32678097e+01
6.36000000e-01,-3.64554628e-02,-1.26358776e-01,2.32498546e-02,-2.50167611e-01,-7.10375295e+00,9.36872762e+00,1.59224992e-01,2.36875807e-02,1.56040492e+02,2.32138291e+01
6.38000000e-01,-3.67090371e-02,-1.27208722e-01,2.27564193e-02,-2.43252060e-01,-7.14821852e+00,9.32960772e+00,1.59782941e-01,2.34371019e-02,1.56587282e+02,2.29683599e+01
6.40000000e-01,-3.69642905e-02,-1.28047936e-01,2.22770327e-02,-2.36057073e-01,-7.19268409e+00,9.28990218e+00,1.61054510e-01,2.35863744e-02,1.57833420e+02,2.31146469e+01
6.42000000e-01,-3.72212252e-02,-1.28881678e-01,2.18123826e-02,-2.28574662e-01,-7.23714966e+00,9.24961670e+00,1.61749074e-01,2.33735720e-02,1.58514093e+02,2.29061006e+01
6.44000000e-01,-3.74797880e-02,-1.29671621e-01,2.13628138e-02,-2.20972563e-01,-7.28161523e+00,9.20875706e+00,1.62138504e-01,2.31922633e-02,1.58895734e+02,2.27284180e+01
6.46000000e-01,-3.77398802e-02,-1.30414347e-01,2.09285784e-02,-2.13241483e-01,-7.32608081e+00,9.16732910e+00,1.62765873e-01,2.30208208e-02,1.59510556e+02,2.25604044e+01
6.48000000e-01,-3.80014240e-02,-1.31125055e-01,2.05099461e-02,-2.05363088e-01,-7.37054638e+00,9.12533877e+00,1.63522472e-01,2.29002286e-02,1.60252023e+02,2.24422240e+01
6.50000000e-01,-3.82643678e-02,-1.31816924e-01,2.01072653e-02,-1.97275839e-01,-7.41501195e+00,9.08279210e+00,1.64469283e-01,2.28806635e-02,1.61179898e+02,2.24230502e+01
6.52000000e-01,-3.85286813e-02,-1.32493114e-01,1.97209976e-02,-1.88956402e-01,-7.45947752e+00,9.03969518e+00,1.65310999e-01,2.28323969e-02,1.62004779e+02,2.23757490e+01
6.54000000e-01,-3.87943405e-02,-1.33169541e-01,1.93516298e-02,-1.80351790e-01,-7.50394309e+00,8.99605420e+00,1.66640718e-01,2.29480916e-02,1.63307904e+02,2.24891297e+01
6.56000000e-01,-3.90613507e-02,-1.33832819e-01,1.89996995e-02,-1.71583519e-01,-7.54840866e+00,8.95187541e+00,1.67180672e-01,2.26695808e-02,1.63837059e+02,2.22161892e+01
6.58000000e-01,-3.93296582e-02,-1.34475819e-01,1.86653810e-02,-1.62687355e-01,-7.59287423e+00,8.90716514e+00,1.68354538e-01,2.27353279e-02,1.64987447e+02,2.22806213e+01
6.60000000e-01,-3.95992553e-02,-1.35120885e-01,1.83491037e-02,-1.53560734e-01,-7.63733980e+00,8.86192981e+00,1.69427084e-01,2.26977711e-02,1.66038542e+02,2.22438157e+01
6.62000000e-01,-3.98700649e-02,-1.35650742e-01,1.80510153e-02,-1.44618248e-01,-7.68180538e+00,8.81617591e+00,1.67870785e-01,2.19193018e-02,1.64513370e+02,2.14809158e+01
6.64000000e-01,-4.01418662e-02,-1.36192404e-01,1.77709139e-02,-1.35251074e-01,-7.72627095e+00,8.76990998e+00,1.71919707e-01,2.31853190e-02,1.68481313e+02,2.27216126e+01
6.66000000e-01,-4.04148719e-02,-1.36790151e-01,1.75102995e-02,-1.25451105e-01,-7.77073652e+00,8.72313868e+00,1.71407404e-01,2.24513971e-02,1.67979256e+02,2.20023691e+01
6.68000000e-01,-4.06890144e-02,-1.37369278e-01,1.72691672e-02,-1.15564600e-01,-7.81520209e+00,8.67586870e+00,1.73720212e-01,2.30184946e-02,1.70245808e+02,2.25581247e+01
6.70000000e-01,-4.09643840e-02,-1.38000794e-01,1.70483475e-02,-1.05218528e-01,-7.85966766e+00,8.62810682e+00,1.74876927e-01,2.30963655e-02,1.71379389e+02,2.26344382e+01
6.72000000e-01,-4.12410114e-02,-1.38623111e-01,1.68483829e-02,-9.47377597e-02,-7.90413323e+00,8.57985990e+00,1.75760914e-01,2.30112841e-02,1.72245695e+02,2.25510584e+01
6.74000000e-01,-4.15188449e-02,-1.39198160e-01,1.66693314e-02,-8.43546635e-02,-7.93381400e+00,8.53113484e+00,1.76038009e-01,2.26313084e-02,1.72517249e+02,2.21786822e+01
6.76000000e-01,-4.17977841e-02,-1.39743249e-01,1.65109706e-02,-7.39620486e-02,-7.93381400e+00,8.48193865e+00,1.77335663e-01,2.28008104e-02,1.73788949e+02,2.23447942e+01
6.78000000e-01,-4.20778004e-02,-1.40262127e-01,1.63735127e-02,-6.35251391e-02,-7.93381400e+00,8.43227836e+00,1.77709225e-01,2.25236425e-02,1.74155041e+02,2.20731696e+01
6.80000000e-01,-4.23588038e-02,-1.40737764e-01,1.62568235e-02,-5.31581382e-02,-7.93381400e+00,8.38216110e+00,1.78617175e-01,2.24831443e-02,1.75044831e+02,2.20334814e+01
6.82000000e-01,-4.26405561e-02,-1.40920293e-01,1.61602714e-02,-4.37040950e-02,-7.93381400e+00,8.33159406e+00,1.73158958e-01,2.04654261e-02,1.69695778e+02,2.00561176e+01
6.84000000e-01,-4.29224726e-02,-1.41084334e-01,1.60822185e-02,-3.39330295e-02,-7.93381400e+00,8.28058449e+00,1.80486219e-01,2.30332517e-02,1.76876495e+02,2.25725867e+01
6.86000000e-01,-4.32049681e-02,-1.41360374e-01,1.60249080e-02,-2.36088708e-02,-7.93381400e+00,8.22913971e+00,1.78080825e-01,2.15401892e-02,1.74519208e+02,2.11093855e+01
6.88000000e-01,-4.34878609e-02,-1.41556551e-01,1.59876385e-02,-1.35014485e-02,-7.93381400e+00,8.17726708e+00,1.80928658e-01,2.25210189e-02,1.77310085e+02,2.20705986e+01
6.90000000e-01,-4.37712531e-02,-1.41840905e-01,1.59713213e-02,-2.76551702e-03,-7.93381400e+00,8.12497405e+00,1.82453562e-01,2.28317590e-02,1.78804491e+02,2.23751238e+01
6.92000000e-01,-4.40552186e-02,-1.42116411e-01,1.59766465e-02,8.07551686e-03,-7.93381400e+00,8.07226811e+00,1.83038827e-01,2.27448055e-02,1.79378051e+02,2.22899094e+01
6.94000000e-01,-4.43396473e-02,-1.42284834e-01,1.60033274e-02,1.84726818e-02,-7.93381400e+00,8.01915683e+00,1.82272372e-01,2.19338950e-02,1.78626924e+02,2.14952171e+01
6.96000000e-01,-4.46243144e-02,-1.42387914e-01,1.60504058e-02,2.86726820e-02,-7.93381400e+00,7.96564782e+00,1.83835348e-01,2.23940756e-02,1.80158641e+02,2.19461940e+01
6.98000000e-01,-4.49091772e-02,-1.42458404e-01,1.61180192e-02,3.88742939e-02,-7.93381400e+00,7.91174875e+00,1.83835909e-01,2.20296773e-02,1.80159191e+02,2.15890838e+01
7.00000000e-01,-4.51940900e-02,-1.42441952e-01,1.62056752e-02,4.87341749e-02,-7.93381400e+00,7.85746735e+00,1.84129566e-01,2.17979608e-02,1.80446975e+02,2.13620016e+01
7.02000000e-01,-4.54786586e-02,-1.41995906e-01,1.63119956e-02,5.71539047e-02,-7.93381400e+00,7.80281141e+00,1.76121723e-01,1.91550713e-02,1.72599289e+02,1.87719699e+01
7.04000000e-01,-4.57620641e-02,-1.41535487e-01,1.64345935e-02,6.60275229e-02,-7.93381400e+00,7.74778876e+00,1.86109629e-01,2.29224292e-02,1.82387437e+02,2.24639807e+01
7.06000000e-01,-4.60449032e-02,-1.41228941e-01,1.65765419e-02,7.55554647e-02,-7.93381400e+00,7.69240728e+00,1.82027149e-01,2.07272430e-02,1.78386606e+02,2.03126982e+01
7.08000000e-01,-4.63268895e-02,-1.40786864e-01,1.67364787e-02,8.45784373e-02,-7.93381400e+00,7.63667493e+00,1.85246495e-01,2.20873766e-02,1.81541565e+02,2.16456291e+01
7.10000000e-01,-4.66081199e-02,-1.40448650e-01,1.69153325e-02,9.43166084e-02,-7.93381400e+00,7.58059969e+00,1.86751318e-01,2.24799932e-02,1.83016292e+02,2.20303934e+01
7.12000000e-01,-4.68886547e-02,-1.40066438e-01,1.71136599e-02,1.03926881e-01,-7.93381400e+00,7.52418961e+00,1.86509921e-01,2.20982852e-02,1.82779722e+02,2.16563195e+01
7.14000000e-01,-4.71683200e-02,-1.39585732e-01,1.73307538e-02,1.13107859e-01,-7.93381400e+00,7.46745277e+00,1.86734685e-01,2.18852675e-02,1.82999991e+02,2.14475622e+01
7.16000000e-01,-4.74469690e-02,-1.39062076e-01,1.75660206e-02,1.22182860e-01,-7.93381400e+00,7.41039731e+00,1.87783098e-01,2.22082395e-02,1.84027436e+02,2.17640747e+01
7.18000000e-01,-4.77245288e-02,-1.38479209e-01,1.78193797e-02,1.31099614e-01,-7.93381400e+00,7.35303141e+00,1.87619181e-01,2.19113756e-02,1.83866798e+02,2.14731481e+01
7.20000000e-01,-4.80008070e-02,-1.37778024e-01,1.80900708e-02,1.39493996e-01,-7.93381400e+00,7.29536329e+00,1.87276433e-01,2.14950177e-02,1.83530905e+02,2.10651174e+01
7.22000000e-01,-4.82752815e-02,-1.36537745e-01,1.83761853e-02,1.46132973e-01,-7.93381400e+00,7.23740123e+00,1.77267003e-01,1.86326040e-02,1.73721663e+02,1.82599519e+01
7.24000000e-01,-4.85469550e-02,-1.35292967e-01,1.86749903e-02,1.53353194e-01,-7.93381400e+00,7.17915353e+00,1.89394768e-01,2.31392440e-02,1.85606873e+02,2.26764591e+01
7.26000000e-01,-4.88165656e-02,-1.34216613e-01,1.89899441e-02,1.61092562e-01,-7.93381400e+00,7.12062855e+00,1.83407495e-01,2.01688635e-02,1.79739345e+02,1.97654862e+01
7.28000000e-01,-4.90836859e-02,-1.32937007e-01,1.93187943e-02,1.67982515e-01,-7.93381400e+00,7.06183468e+00,1.86831275e-01,2.18233862e-02,1.83094649e+02,2.13869184e+01
7.30000000e-01,-4.93483792e-02,-1.31755735e-01,1.96623616e-02,1.75603601e-01,-7.93381400e+00,7.00278035e+00,1.87870849e-01,2.21912199e-02,1.84113432e+02,2.17473955e+01
7.32000000e-01,-4.96106639e-02,-1.30507054e-01,2.00210646e-02,1.83008510e-01,-7.93381400e+00,6.94347403e+00,1.87402239e-01,2.18790021e-02,1.83654194e+02,2.14414221e+01
7.34000000e-01,-4.98702955e-02,-1.29090565e-01,2.03938779e-02,1.89636852e-01,-7.93381400e+00,6.88392422e+00,1.86074670e-01,2.10910234e-02,1.82353177e+02,2.06692029e+01
7.36000000e-01,-5.01269522e-02,-1.27563110e-01,2.07793605e-02,1.95887935e-01,-7.93381400e+00,6.82413947e+00,1.86910674e-01,2.16352884e-02,1.83172461e+02,2.12025827e+01
7.38000000e-01,-5.03804990e-02,-1.25962257e-01,2.11773272e-02,2.01985372e-01,-7.93381400e+00,6.76412833e+00,1.86435737e-01,2.13345177e-02,1.82707023e+02,2.09078274e+01
7.40000000e-01,-5.06307185e-02,-1.24237283e-01,2.15869637e-02,2.07575519e-01,-7.93381400e+00,6.70389943e+00,1.86059884e-01,2.11533680e-02,1.82338686e+02,2.07303006e+01
7.42000000e-01,-5.08770475e-02,-1.21911309e-01,2.20063461e-02,2.11241295e-01,-7.93381400e+00,6.64346139e+00,1.74411556e-01,1.78926516e-02,1.70923325e+02,1.75347985e+01
7.44000000e-01,-5.11183696e-02,-1.19594214e-01,2.24323323e-02,2.15511956e-01,-7.93381400e+00,6.58282288e+00,1.88247570e-01,2.30301447e-02,1.84482618e+02,2.25695418e+01
7.46000000e-01,-5.13555824e-02,-1.17514162e-01,2.28689078e-02,2.20553400e-01,-7.93381400e+00,6.52199259e+00,1.81895097e-01,2.01319382e-02,1.78257195e+02,1.97292994e+01
7.48000000e-01,-5.15882684e-02,-1.15197264e-01,2.33138895e-02,2.24610328e-01,-7.93381400e+00,6.46097926e+00,1.84622154e-01,2.15977503e-02,1.80929711e+02,2.11657953e+01
7.50000000e-01,-5.18164308e-02,-1.12969369e-01,2.37677933e-02,2.29333596e-01,-7.93381400e+00,6.39979162e+00,1.85846516e-01,2.21771110e-02,1.82129585e+02,2.17335688e+01
7.52000000e-01,-5.20400912e-02,-1.10659450e-01,2.42310458e-02,2.33789678e-01,-7.93381400e+00,6.33843845e+00,1.84540550e-01,2.16968434e-02,1.80849739e+02,2.12629065e+01
7.54000000e-01,-5.22589497e-02,-1.08171225e-01,2.47024318e-02,2.37465461e-01,-7.93381400e+00,6.27692855e+00,1.83476638e-01,2.12111180e-02,1.79807106e+02,2.07868957e+01
7.56000000e-01,-5.24727113e-02,-1.05585936e-01,2.51806812e-02,2.40801689e-01,-7.93381400e+00,6.21527074e+00,1.84027955e-01,2.16659740e-02,1.80347396e+02,2.12326546e+01
7.58000000e-01,-5.26812324e-02,-1.02909181e-01,2.56654615e-02,2.43872385e-01,-7.93381400e+00,6.15347386e+00,1.83052352e-01,2.13450150e-02,1.79391305e+02,2.09181147e+01
7.60000000e-01,-5.28842466e-02,-1.00080166e-01,2.61557311e-02,2.46283640e-01,-7.93381400e+00,6.09154677e+00,1.82138749e-01,2.09811583e-02,1.78495974e+02,2.05615351e+01
7.62000000e-01,-5.30811108e-02,-9.65877609e-02,2.66491711e-02,2.46557755e-01,-7.93381400e+00,6.02949836e+00,1.69171183e-01,1.75637150e-02,1.65787759e+02,1.72124407e+01
7.64000000e-01,-5.32706124e-02,-9.31175223e-02,2.71424103e-02,2.47503859e-01,-7.93381400e+00,5.96733750e+00,1.84218673e-01,2.30962414e-02,1.80534300e+02,2.26343166e+01
7.66000000e-01,-5.34537542e-02,-8.99073013e-02,2.76397072e-02,2.49231057e-01,-7.93381400e+00,5.90507313e+00,1.76754763e-01,1.99127201e-02,1.73219668e+02,1.95144657e+01
7.68000000e-01,-5.36300735e-02,-8.64449867e-02,2.81386353e-02,2.49909405e-01,-7.93381400e+00,5.84271417e+00,1.79781526e-01,2.16072696e-02,1.76185895e+02,2.11751242e+01
7.70000000e-01,-5.37995829e-02,-8.30557929e-02,2.86397595e-02,2.51209705e-01,-7.93381400e+00,5.78026956e+00,1.79860948e-01,2.19335568e-02,1.76263729e+02,2.14948856e+01
7.72000000e-01,-5.39622245e-02,-7.95583005e-02,2.91432177e-02,2.52125498e-01,-7.93381400e+00,5.71774825e+00,1.78592726e-01,2.15189927e-02,1.75020871e+02,2.10886128e+01
7.74000000e-01,-5.41177033e-02,-7.58915766e-02,2.96477556e-02,2.52282508e-01,-7.93381400e+00,5.65515922e+00,1.77190521e-01,2.10615198e-02,1.73646710e+02,2.06402895e+01
7.76000000e-01,-5.42657362e-02,-7.21429381e-02,3.01522003e-02,2.52218316e-01,-7.93381400e+00,5.59251143e+00,1.77902337e-01,2.17753721e-02,1.74344290e+02,2.13398646e+01
7.78000000e-01,-5.44062222e-02,-6.83149833e-02,3.06564895e-02,2.51945189e-01,-7.93381400e+00,5.52981386e+00,1.76499441e-01,2.13434415e-02,1.72969452e+02,2.09165726e+01
7.80000000e-01,-5.45388918e-02,-6.43306277e-02,3.11595279e-02,2.50992492e-01,-7.93381400e+00,5.46707551e+00,1.75346849e-01,2.10679257e-02,1.71839912e+02,2.06465672e+01
7.82000000e-01,-5.46630724e-02,-5.96378791e-02,3.16590072e-02,2.47861705e-01,-7.93381400e+00,5.40430538e+00,1.60978185e-01,1.74861925e-02,1.57758622e+02,1.71364687e+01
7.84000000e-01,-5.47774571e-02,-5.49656999e-02,3.21514119e-02,2.45386350e-01,-7.93381400e+00,5.34151246e+00,1.76781214e-01,2.31484677e-02,1.73245590e+02,2.26854984e+01
7.86000000e-01,-5.48831545e-02,-5.06224196e-02,3.26411602e-02,2.43822396e-01,-7.93381400e+00,5.27870576e+00,1.69543801e-01,2.00992843e-02,1.66152925e+02,1.96972986e+01
7.88000000e-01,-5.49797956e-02,-4.60523985e-02,3.31260438e-02,2.41271942e-01,-7.93381400e+00,5.21589429e+00,1.72290580e-01,2.17716200e-02,1.68844768e+02,2.13361876e+01
7.90000000e-01,-5.50674088e-02,-4.15494743e-02,3.36066109e-02,2.39265882e-01,-7.93381400e+00,5.15308704e+00,1.71845218e-01,2.19292984e-02,1.68408314e+02,2.14907124e+01
7.92000000e-01,-5.51459400e-02,-3.69662382e-02,3.40828934e-02,2.36939034e-01,-7.93381400e+00,5.09029303e+00,1.71073619e-01,2.17796075e-02,1.67652147e+02,2.13440153e+01
7.94000000e-01,-5.52151672e-02,-3.22231503e-02,3.45538327e-02,2.33810851e-01,-7.93381400e+00,5.02752127e+00,1.68694232e-01,2.09212657e-02,1.65320347e+02,2.05028404e+01
7.96000000e-01,-5.52747679e-02,-2.73830438e-02,3.50179529e-02,2.30406778e-01,-7.93381400e+00,4.96478074e+00,1.69312866e-01,2.18649727e-02,1.65926609e+02,2.14276732e+01
7.98000000e-01,-5.53246524e-02,-2.24724518e-02,3.54753581e-02,2.26850076e-01,-7.93381400e+00,4.90208045e+00,1.67474318e-01,2.12557237e-02,1.64124831e+02,2.08306092e+01
8.00000000e-01,-5.53645496e-02,-1.73997892e-02,3.59248734e-02,2.22573805e-01,-7.93381400e+00,4.83942939e+00,1.65872000e-01,2.09984689e-02,1.62554560e+02,2.05784995e+01
8.02000000e-01,-5.53937623e-02,-1.15932987e-02,3.63642631e-02,2.16212488e-01,-7.93381400e+00,4.77683655e+00,1.50587982e-01,1.75092594e-02,1.47576222e+02,1.71590742e+01
8.04000000e-01,-5.54109720e-02,-5.86060786e-03,3.67902145e-02,2.10587606e-01,-7.93381400e+00,4.71431089e+00,1.67761385e-01,2.31553907e-02,1.64406157e+02,2.26922829e+01
8.06000000e-01,-5.54174951e-02,-5.63559382e-04,3.72073223e-02,2.06025986e-01,-7.93381400e+00,4.65186138e+00,1.60842255e-01,2.03385768e-02,1.57625410e+02,1.99318053e+01
8.08000000e-01,-5.54130757e-02,4.95942445e-03,3.76136648e-02,2.00483943e-01,-7.93381400e+00,4.58949699e+00,1.62468436e-01,2.16803011e-02,1.59219068e+02,2.12466951e+01
8.10000000e-01,-5.53977048e-02,1.04113023e-02,3.80096371e-02,1.95510448e-01,-7.93381400e+00,4.52722664e+00,1.62400590e-01,2.20996741e-02,1.59152578e+02,2.16576806e+01
8.12000000e-01,-5.53713797e-02,1.59393617e-02,3.83955176e-02,1.90253541e-01,-7.93381400e+00,4.46505927e+00,1.60495837e-01,2.16387738e-02,1.57285921e+02,2.12059984e+01
8.14000000e-01,-5.53338479e-02,2.16167157e-02,3.87702027e-02,1.84323803e-01,-7.93381400e+00,4.40300380e+00,1.58628662e-01,2.12250426e-02,1.55456089e+02,2.08005418e+01
8.16000000e-01,-5.52848843e-02,2.73367835e-02,3.91327594e-02,1.78313954e-01,-7.93381400e+00,4.34106911e+00,1.59121414e-01,2.19910444e-02,1.55938986e+02,2.15512235e+01
8.18000000e-01,-5.52244734e-02,3.30977733e-02,3.94833998e-02,1.72216055e-01,-7.93381400e+00,4.27926410e+00,1.57202693e-01,2.15435826e-02,1.54058639e+02,2.11127109e+01
8.20000000e-01,-5.51524164e-02,3.89739541e-02,3.98212830e-02,1.65607170e-01,-7.93381400e+00,4.21759763e+00,1.55865408e-01,2.14038491e-02,1.52748100e+02,2.09757721e+01
8.22000000e-01,-5.50681286e-02,4.55236079e-02,4.01446104e-02,1.57171528e-01,-7.93381400e+00,4.15607853e+00,1.40803231e-01,1.81743329e-02,1.37987166e+02,1.78108462e+01
8.24000000e-01,-5.49703838e-02,5.19805811e-02,4.04503638e-02,1.49327705e-01,-7.93381400e+00,4.09471563e+00,1.57260528e-01,2.30863744e-02,1.54115317e+02,2.26246469e+01
8.26000000e-01,-5.48605362e-02,5.79426514e-02,4.07426599e-02,1.42591805e-01,-7.93381400e+00,4.03351773e+00,1.51495107e-01,2.09200264e-02,1.48465205e+02,2.05016259e+01
8.28000000e-01,-5.47385134e-02,6.40543493e-02,4.10202529e-02,1.35138749e-01,-7.93381400e+00,3.97249360e+00,1.52793076e-01,2.19807205e-02,1.49737215e+02,2.15411061e+01
8.30000000e-01,-5.46043703e-02,7.00888789e-02,4.12835442e-02,1.28179626e-01,-7.93381400e+00,3.91165199e+00,1.52227911e-01,2.23357774e-02,1.49183353e+02,2.18890619e+01
8.32000000e-01,-5.44581227e-02,7.61761943e-02,4.15328296e-02,1.21007785e-01,-7.93381400e+00,3.85100163e+00,1.50390526e-01,2.18932317e-02,1.47382715e+02,2.14553671e+01
8.34000000e-01,-5.42996014e-02,8.23596139e-02,4.17672291e-02,1.13316695e-01,-7.93381400e+00,3.79055122e+00,1.48713341e-01,2.15838397e-02,1.45739074e+02,2.11521629e+01
8.36000000e-01,-5.41286746e-02,8.85574934e-02,4.19860512e-02,1.05557970e-01,-7.93381400e+00,3.73030941e+00,1.48682654e-01,2.20670579e-02,1.45709001e+02,2.16257167e+01
8.38000000e-01,-5.39453734e-02,9.47524704e-02,4.21894751e-02,9.78203907e-02,-7.93381400e+00,3.67028486e+00,1.47310075e-01,2.19219680e-02,1.44363873e+02,2.14835286e+01
8.40000000e-01,-5.37496342e-02,1.00993241e-01,4.23771371e-02,8.97892092e-02,-7.93381400e+00,3.61048616e+00,1.46040164e-01,2.17221324e-02,1.43119361e+02,2.12876897e+01
8.42000000e-01,-5.35409901e-02,1.07849398e-01,4.25475748e-02,8.01725843e-02,-7.93381400e+00,3.55092190e+00,1.31254058e-01,1.88413332e-02,1.28628977e+02,1.84645066e+01
8.44000000e-01,-5.33183074e-02,1.14599383e-01,4.26981929e-02,7.11041007e-02,-7.93381400e+00,3.49160060e+00,1.46731844e-01,2.30918206e-02,1.43797207e+02,2.26299842e+01
8.46000000e-01,-5.30829598e-02,1.20798635e-01,4.28327500e-02,6.31738451e-02,-7.93381400e+00,3.43253079e+00,1.42227087e-01,2.14258230e-02,1.39382545e+02,2.09973066e+01
8.48000000e-01,-5.28350673e-02,1.27066197e-01,4.29505736e-02,5.47714671e-02,-7.93381400e+00,3.37372092e+00,1.43137736e-01,2.22726334e-02,1.40274981e+02,2.18271807e+01
8.50000000e-01,-5.25747632e-02,1.33231485e-01,4.30521392e-02,4.68239275e-02,-7.93381400e+00,3.31517943e+00,1.42517191e-01,2.25288792e-02,1.39666847e+02,2.20783017e+01
8.52000000e-01,-5.23021336e-02,1.39408407e-01,4.31377588e-02,3.87107164e-02,-7.93381400e+00,3.25691472e+00,1.40665521e-01,2.20504794e-02,1.37852210e+02,2.16094699e+01
8.54000000e-01,-5.20171012e-02,1.45627818e-01,4.32067180e-02,3.02014381e-02,-7.93381400e+00,3.19893514e+00,1.39222894e-01,2.17995005e-02,1.36438436e+02,2.13635105e+01
8.56000000e-01,-5.17196602e-02,1.51790496e-01,4.32586600e-02,2.18353097e-02,-7.93381400e+00,3.14124901e+00,1.39588388e-01,2.24286078e-02,1.36796620e+02,2.19800356e+01
8.58000000e-01,-5.14099828e-02,1.57887866e-01,4.32941892e-02,1.36641239e-02,-7.93381400e+00,3.08386459e+00,1.38245868e-01,2.22627642e-02,1.35480951e+02,2.18175089e+01
8.60000000e-01,-5.10881138e-02,1.63977611e-01,4.33132186e-02,5.34611177e-03,-7.93381400e+00,3.02679011e+00,1.37163941e-01,2.21509913e-02,1.34420662e+02,2.17079715e+01
8.62000000e-01,-5.07537642e-02,1.70529446e-01,4.33148861e-02,-4.00303126e-03,-7.93381400e+00,2.97003376e+00,1.24744764e-01,2.01044846e-02,1.22249869e+02,1.97023949e+01
8.64000000e-01,-5.04060898e-02,1.76940634e-01,4.32974918e-02,-1.29244251e-02,-7.93381400e+00,2.91360368e+00,1.37639321e-01,2.30278203e-02,1.34886535e+02,2.25672639e+01
8.66000000e-01,-5.00463852e-02,1.82776556e-01,4.32638814e-02,-2.08063552e-02,-7.93381400e+00,2.85750796e+00,1.35274622e-01,2.22414739e-02,1.32569129e+02,2.17966444e+01
8.68000000e-01,-4.96749904e-02,1.88602263e-01,4.32141031e-02,-2.89331068e-02,-7.93381400e+00,2.80175463e+00,1.34870057e-01,2.24461605e-02,1.32172656e+02,2.19972373e+01
8.70000000e-01,-4.92920494e-02,1.94318135e-01,4.31483573e-02,-3.67474622e-02,-7.93381400e+00,2.74635171e+00,1.34738547e-01,2.28064875e-02,1.32043776e+02,2.23503577e+01
8.72000000e-01,-4.88977477e-02,1.99989254e-01,4.30670699e-02,-4.46268328e-02,-7.93381400e+00,2.69130712e+00,1.32720133e-01,2.21967493e-02,1.30065730e+02,2.17528143e+01
8.74000000e-01,-4.84921043e-02,2.05642554e-01,4.29696761e-02,-5.27669030e-02,-7.93381400e+00,2.63662876e+00,1.31866695e-01,2.21234671e-02,1.29229361e+02,2.16809978e+01
8.76000000e-01,-4.80752480e-02,2.11190081e-01,4.28561485e-02,-6.06877642e-02,-7.93381400e+00,2.58232448e+00,1.31811614e-01,2.24979499e-02,1.29175382e+02,2.20479909e+01
8.78000000e-01,-4.76474226e-02,2.16619631e-01,4.27271313e-02,-6.82992888e-02,-7.93381400e+00,2.52840206e+00,1.31153244e-01,2.25915737e-02,1.28530180e+02,2.21397423e+01
8.80000000e-01,-4.72088191e-02,2.21974676e-01,4.25829702e-02,-7.58824259e-02,-7.93381400e+00,2.47486924e+00,1.29994084e-01,2.23546778e-02,1.27394202e+02,2.19075842e+01
8.82000000e-01,-4.67593483e-02,2.27593083e-01,4.24233734e-02,-8.38077376e-02,-7.93381400e+00,2.42173368e+00,1.21352538e-01,2.16485498e-02,1.18925487e+02,2.12155788e+01
8.84000000e-01,-4.62985824e-02,2.33008185e-01,4.22480427e-02,-9.12780232e-02,-7.93381400e+00,2.36900300e+00,1.31006212e-01,2.30624551e-02,1.28386088e+02,2.26012060e+01
8.86000000e-01,-4.58276726e-02,2.37887739e-01,4.20587221e-02,-9.80572985e-02,-7.93381400e+00,2.31668478e+00,1.30042683e-01,2.28312842e-02,1.27441829e+02,2.23746585e+01
8.88000000e-01,-4.53470982e-02,2.42667180e-01,4.18558311e-02,-1.04810208e-01,-7.93381400e+00,2.26478650e+00,1.29442117e-01,2.28307180e-02,1.26853274e+02,2.23741036e+01
8.90000000e-01,-4.48570906e-02,2.47316579e-01,4.16396179e-02,-1.11358132e-01,-7.93381400e+00,2.21331562e+00,1.29100431e-01,2.29553657e-02,1.26518423e+02,2.24962584e+01
8.92000000e-01,-4.43579050e-02,2.51856253e-01,4.14104334e-02,-1.17853766e-01,-7.93381400e+00,2.16227951e+00,1.27949714e-01,2.26157071e-02,1.25390720e+02,2.21633929e+01
8.94000000e-01,-4.38497349e-02,2.56292046e-01,4.11682197e-02,-1.24324090e-01,-7.93381400e+00,2.11168549e+00,1.27397709e-01,2.26651282e-02,1.24849755e+02,2.22118256e+01
8.96000000e-01,-4.33328364e-02,2.60578406e-01,4.09133092e-02,-1.30536207e-01,-7.93381400e+00,2.06154082e+00,1.27239588e-01,2.27960820e-02,1.24694796e+02,2.23401604e+01
8.98000000e-01,-4.28075212e-02,2.64714842e-01,4.06462349e-02,-1.36508295e-01,-7.93381400e+00,2.01185268e+00,1.26629740e-01,2.27898632e-02,1.24097145e+02,2.23340660e+01
9.00000000e-01,-4.22740664e-02,2.68717221e-01,4.03673834e-02,-1.42319385e-01,-7.93381400e+00,1.96262821e+00,1.26033814e-01,2.27380399e-02,1.23513138e+02,2.22832791e+01
9.02000000e-01,-4.17326288e-02,2.72754877e-01,4.00771750e-02,-1.47804058e-01,-7.93381400e+00,1.91387445e+00,1.21401877e-01,2.30627039e-02,1.18973839e+02,2.26014498e+01
9.04000000e-01,-4.11832149e-02,2.76540585e-01,3.97764487e-02,-1.52866485e-01,-7.93381400e+00,1.86559840e+00,1.27452093e-01,2.31968138e-02,1.24903051e+02,2.27328775e+01
9.06000000e-01,-4.06267571e-02,2.79890365e-01,3.94658782e-02,-1.57675192e-01,-7.93381400e+00,1.81780698e+00,1.27059600e-01,2.31535670e-02,1.24518408e+02,2.26904957e+01
9.08000000e-01,-4.00637606e-02,2.83079461e-01,3.91458499e-02,-1.62330899e-01,-7.93381400e+00,1.77050705e+00,1.26624107e-01,2.30626848e-02,1.24091625e+02,2.26014311e+01
9.10000000e-01,-3.94945485e-02,2.86104659e-01,3.88166607e-02,-1.66827572e-01,-7.93381400e+00,1.72370538e+00,1.26255298e-01,2.30189587e-02,1.23730192e+02,2.25585795e+01
9.12000000e-01,-3.89194454e-02,2.88974699e-01,3.84786097e-02,-1.71219072e-01,-7.93381400e+00,1.67740870e+00,1.25566818e-01,2.28023066e-02,1.23055482e+02,2.23462605e+01
9.14000000e-01,-3.83387761e-02,2.91655214e-01,3.81319535e-02,-1.75357012e-01,-7.93381400e+00,1.63162363e+00,1.25954937e-01,2.30576795e-02,1.23435839e+02,2.25965260e+01
9.16000000e-01,-3.77529610e-02,2.94131062e-01,3.77774161e-02,-1.79143404e-01,-7.93381400e+00,1.58635674e+00,1.25577420e-01,2.30352843e-02,1.23065872e+02,2.25745786e+01
9.18000000e-01,-3.71623723e-02,2.96426199e-01,3.74155263e-02,-1.82710143e-01,-7.93381400e+00,1.54161452e+00,1.25366028e-01,2.30032176e-02,1.22858707e+02,2.25431532e+01
9.20000000e-01,-3.65673767e-02,2.98540570e-01,3.70467101e-02,-1.86075060e-01,-7.93381400e+00,1.49740339e+00,1.24953088e-01,2.29334144e-02,1.22454026e+02,2.24747461e+01
9.22000000e-01,-3.59683617e-02,3.00427476e-01,3.66719021e-02,-1.88426054e-01,-7.93381400e+00,1.45372969e+00,1.25799251e-01,2.45970904e-02,1.23283266e+02,2.41051485e+01
9.24000000e-01,-3.53658527e-02,3.02035615e-01,3.62932332e-02,-1.90435947e-01,-7.93381400e+00,1.41059968e+00,1.26555441e-01,2.31091697e-02,1.24024332e+02,2.26469863e+01
9.26000000e-01,-3.47604075e-02,3.03361302e-01,3.59099969e-02,-1.92687972e-01,-7.93381400e+00,1.36801955e+00,1.27462604e-01,2.35423390e-02,1.24913352e+02,2.30714922e+01
9.28000000e-01,-3.41525558e-02,3.04464420e-01,3.55227020e-02,-1.94609049e-01,-7.93381400e+00,1.32599539e+00,1.26798844e-01,2.32513360e-02,1.24262867e+02,2.27863093e+01
9.30000000e-01,-3.35426720e-02,3.05384318e-01,3.51316106e-02,-1.96455346e-01,-7.93381400e+00,1.28453324e+00,1.26769220e-01,2.31413662e-02,1.24233836e+02,2.26785389e+01
9.32000000e-01,-3.29311554e-02,3.06098915e-01,3.47369741e-02,-1.98161424e-01,-7.93381400e+00,1.24363905e+00,1.26607275e-01,2.29825909e-02,1.24075130e+02,2.25229391e+01
9.34000000e-01,-3.23184407e-02,3.06566999e-01,3.43392250e-02,-1.99477364e-01,-7.93381400e+00,1.20331866e+00,1.27529913e-01,2.33926377e-02,1.24979315e+02,2.29247849e+01
9.36000000e-01,-3.17050546e-02,3.06784363e-01,3.39393558e-02,-2.00356554e-01,-7.93381400e+00,1.16357788e+00,1.27459740e-01,2.33284621e-02,1.24910545e+02,2.28618929e+01
9.38000000e-01,-3.10914406e-02,3.06795714e-01,3.35379241e-02,-2.01047846e-01,-7.93381400e+00,1.12442239e+00,1.27335001e-01,2.32138534e-02,1.24788301e+02,2.27495763e+01
9.40000000e-01,-3.04780159e-02,3.06590789e-01,3.31353245e-02,-2.01499169e-01,-7.93381400e+00,1.08585780e+00,1.27505278e-01,2.32572212e-02,1.24955173e+02,2.27920768e+01
9.42000000e-01,-2.98654049e-02,3.05894738e-01,3.27329785e-02,-2.00374023e-01,-7.93381400e+00,1.04788966e+00,1.33808101e-01,2.59478170e-02,1.31131939e+02,2.54288607e+01
9.44000000e-01,-2.92546273e-02,3.04913199e-01,3.23339615e-02,-1.99049071e-01,-7.93381400e+00,1.01052340e+00,1.29186300e-01,2.31058850e-02,1.26602574e+02,2.26437673e+01
9.46000000e-01,-2.86458078e-02,3.03848099e-01,3.19362756e-02,-1.98484086e-01,-7.93381400e+00,9.73764386e-01,1.30786631e-01,2.37843536e-02,1.28170898e+02,2.33086665e+01
9.48000000e-01,-2.80394019e-02,3.02532526e-01,3.15402722e-02,-1.97548543e-01,-7.93381400e+00,9.37617882e-01,1.30083656e-01,2.33175740e-02,1.27481983e+02,2.28512226e+01
9.50000000e-01,-2.74357929e-02,3.01044081e-01,3.11460279e-02,-1.96693208e-01,-7.93381400e+00,9.02089073e-01,1.29892833e-01,2.30524440e-02,1.27294976e+02,2.25913951e+01
9.52000000e-01,-2.68353730e-02,2.99334576e-01,3.07536140e-02,-1.95665935e-01,-7.93381400e+00,8.67183055e-01,1.30341063e-01,2.31174818e-02,1.27734242e+02,2.26551322e+01
9.54000000e-01,-2.62386317e-02,2.97359410e-01,3.03636404e-02,-1.94224377e-01,-7.93381400e+00,8.32904832e-01,1.31221396e-01,2.33643689e-02,1.28596968e+02,2.28970815e+01
9.56000000e-01,-2.56460928e-02,2.95148094e-01,2.99768927e-02,-1.92518513e-01,-7.93381400e+00,7.99259320e-01,1.31013306e-01,2.31190717e-02,1.28393040e+02,2.26566903e+01
9.58000000e-01,-2.50581669e-02,2.92745531e-01,2.95935968e-02,-1.90766949e-01,-7.93381400e+00,7.66251342e-01,1.30881254e-01,2.29120161e-02,1.28263629e+02,2.24537758e+01
9.60000000e-01,-2.44752618e-02,2.90116272e-01,2.92139839e-02,-1.88776981e-01,-7.93381400e+00,7.33885633e-01,1.31541644e-01,2.30763932e-02,1.28910811e+02,2.26148654e+01
9.62000000e-01,-2.38981932e-02,2.86749945e-01,2.88399145e-02,-1.84648899e-01,-7.93381400e+00,7.02166833e-01,1.43380876e-01,2.68641132e-02,1.40513259e+02,2.63268309e+01
9.64000000e-01,-2.33284340e-02,2.83125597e-01,2.84754078e-02,-1.80491460e-01,-7.93381400e+00,6.71099489e-01,1.32904576e-01,2.26153354e-02,1.30246484e+02,2.21630287e+01
9.66000000e-01,-2.27655949e-02,2.79645118e-01,2.81170754e-02,-1.77643872e-01,-7.93381400e+00,6.40688058e-01,1.35410479e-01,2.36017464e-02,1.32702269e+02,2.31297114e+01
9.68000000e-01,-2.22100359e-02,2.75891103e-01,2.77651299e-02,-1.74349918e-01,-7.93381400e+00,6.10936899e-01,1.34746009e-01,2.30481175e-02,1.32051089e+02,2.25871551e+01
9.70000000e-01,-2.16621554e-02,2.71949686e-01,2.74196340e-02,-1.71118514e-01,-7.93381400e+00,5.81850279e-01,1.35301131e-01,2.29755794e-02,1.32595109e+02,2.25160678e+01
9.72000000e-01,-2.11224156e-02,2.67740625e-01,2.70808959e-02,-1.67527059e-01,-7.93381400e+00,5.53432369e-01,1.36577115e-01,2.33185247e-02,1.33845572e+02,2.28521542e+01
9.74000000e-01,-2.05913834e-02,2.63245843e-01,2.67498479e-02,-1.63452543e-01,-7.93381400e+00,5.25687242e-01,1.37624574e-01,2.35149656e-02,1.34872083e+02,2.30446663e+01
9.76000000e-01,-2.00695750e-02,2.58536966e-01,2.64271515e-02,-1.59279342e-01,-7.93381400e+00,4.98618879e-01,1.37301157e-01,2.30629517e-02,1.34555134e+02,2.26016926e+01
9.78000000e-01,-1.95573634e-02,2.53636405e-01,2.61127292e-02,-1.55108081e-01,-7.93381400e+00,4.72231159e-01,1.37902564e-01,2.30600299e-02,1.35144512e+02,2.25988293e+01
9.80000000e-01,-1.90551812e-02,2.48508145e-01,2.58068692e-02,-1.50711790e-01,-7.93381400e+00,4.46527867e-01,1.38501639e-01,2.30965705e-02,1.35731606e+02,2.26346391e+01
9.82000000e-01,-1.85639633e-02,2.42431233e-01,2.55115478e-02,-1.43817242e-01,-7.93381400e+00,4.21512689e-01,1.56036442e-01,2.78794957e-02,1.52915713e+02,2.73219058e+01
9.84000000e-01,-1.80855769e-02,2.36173394e-01,2.52314198e-02,-1.37193138e-01,-7.93381400e+00,3.97189211e-01,1.38797812e-01,2.21256611e-02,1.36021856e+02,2.16831479e+01
9.86000000e-01,-1.76189853e-02,2.30342166e-01,2.49614944e-02,-1.32490332e-01,-7.93381400e+00,3.73560921e-01,1.42235259e-01,2.34592589e-02,1.39390554e+02,2.29900737e+01
9.88000000e-01,-1.71643772e-02,2.24257490e-01,2.47016888e-02,-1.27442103e-01,-7.93381400e+00,3.50631207e-01,1.40984326e-01,2.24774437e-02,1.38164639e+02,2.20278948e+01
9.90000000e-01,-1.67220561e-02,2.18021670e-01,2.44515922e-02,-1.22594532e-01,-7.93381400e+00,3.28403357e-01,1.42131048e-01,2.26788407e-02,1.39288427e+02,2.22252639e+01
9.92000000e-01,-1.62924744e-02,2.11509992e-01,2.42116469e-02,-1.17242577e-01,-7.93381400e+00,3.06880559e-01,1.43897220e-01,2.31912285e-02,1.41019276e+02,2.27274039e+01
9.94000000e-01,-1.58761977e-02,2.04726013e-01,2.39829678e-02,-1.11371830e-01,-7.93381400e+00,2.86065898e-01,1.45068306e-01,2.34387298e-02,1.42166940e+02,2.29699552e+01
9.96000000e-01,-1.54736603e-02,1.97807182e-01,2.37660167e-02,-1.05715408e-01,-7.93381400e+00,2.65962359e-01,1.43734089e-01,2.24290670e-02,1.40859407e+02,2.19804856e+01
9.98000000e-01,-1.50850605e-02,1.90751040e-01,2.35599901e-02,-1.00233044e-01,-7.93381400e+00,2.46572825e-01,1.45076042e-01,2.27768505e-02,1.42174521e+02,2.23213135e+01
1.00000000e+00,-1.47107960e-02,1.83485020e-01,2.33652523e-02,-9.44990202e-02,-7.93381400e+00,2.27900076e-01,1.45553619e-01,2.26767687e-02,1.42642547e+02,2.22232334e+01
1.00200000e+00,-1.43518947e-02,1.75057576e-01,2.31838759e-02,-8.59425607e-02,-7.93381400e+00,2.09946790e-01,1.69252712e-01,2.84389260e-02,1.65867658e+02,2.78701475e+01
1.00400000e+00,-1.40106299e-02,1.66533904e-01,2.30211556e-02,-7.78755024e-02,-7.93381400e+00,1.92715540e-01,1.44980229e-01,2.14133167e-02,1.42080624e+02,2.09850504e+01
1.00600000e+00,-1.36852712e-02,1.58742064e-01,2.28707767e-02,-7.22042164e-02,-7.93381400e+00,1.76208799e-01,1.49464307e-01,2.31931767e-02,1.46475020e+02,2.27293132e+01
1.00800000e+00,-1.33758235e-02,1.50707422e-01,2.27326105e-02,-6.61252230e-02,-7.93381400e+00,1.60428932e-01,1.48094949e-01,2.20691670e-02,1.45133050e+02,2.16277836e+01
1.01000000e+00,-1.30825113e-02,1.42568070e-01,2.26060640e-02,-6.03639229e-02,-7.93381400e+00,1.45378202e-01,1.49483637e-01,2.23432292e-02,1.46493964e+02,2.18963646e+01
1.01200000e+00,-1.28057255e-02,1.34167224e-01,2.24915548e-02,-5.40027666e-02,-7.93381400e+00,1.31058767e-01,1.51911820e-01,2.31621433e-02,1.48873584e+02,2.26989004e+01
1.01400000e+00,-1.25460055e-02,1.25521749e-01,2.23904149e-02,-4.70987146e-02,-7.93381400e+00,1.17472682e-01,1.53044653e-01,2.33354801e-02,1.49983760e+02,2.28687705e+01
1.01600000e+00,-1.23036789e-02,1.16815789e-01,2.23028641e-02,-4.06383141e-02,-7.93381400e+00,1.04621893e-01,1.51311430e-01,2.21031326e-02,1.48285201e+02,2.16610699e+01
1.01800000e+00,-1.20787850e-02,1.08045890e-01,2.22276199e-02,-3.45404427e-02,-7.93381400e+00,9.25082436e-02,1.52667206e-01,2.24645772e-02,1.49613862e+02,2.20152856e+01
1.02000000e+00,-1.18716031e-02,9.91142534e-02,2.21648437e-02,-2.82305463e-02,-7.93381400e+00,8.11334708e-02,1.53363157e-01,2.24559197e-02,1.50295894e+02,2.20068013e+01
1.02200000e+00,-1.16831707e-02,8.89186706e-02,2.21166698e-02,-1.89629464e-02,-7.93381400e+00,7.04992055e-02,1.80624071e-01,2.86005987e-02,1.77011590e+02,2.80285868e+01
1.02400000e+00,-1.15159151e-02,7.87430718e-02,2.20884660e-02,-1.04838183e-02,-7.93381400e+00,6.06069726e-02,1.51487641e-01,2.07566570e-02,1.48457888e+02,2.03415239e+01
1.02600000e+00,-1.13675500e-02,6.95400185e-02,2.20729142e-02,-4.73515809e-03,-7.93381400e+00,5.14581905e-02,1.56649890e-01,2.28449151e-02,1.53516892e+02,2.23880168e+01
1.02800000e+00,-1.12378977e-02,6.01230339e-02,2.20698446e-02,1.49236457e-03,-7.93381400e+00,4.30541711e-02,1.55389781e-01,2.17547924e-02,1.52281985e+02,2.13196965e+01
1.03000000e+00,-1.11270890e-02,5.06593583e-02,2.20786321e-02,7.34263227e-03,-7.93381400e+00,3.53961194e-02,1.56797855e-01,2.20632415e-02,1.53661898e+02,2.16219767e+01
1.03200000e+00,-1.10354057e-02,4.09775350e-02,2.20996365e-02,1.38248332e-02,-7.93381400e+00,2.84851336e-02,1.59699551e-01,2.31086482e-02,1.56505560e+02,2.26464752e+01
1.03400000e+00,-1.09633118e-02,3.10963662e-02,2.21343072e-02,2.08705411e-02,-7.93381400e+00,2.23222046e-02,1.60827258e-01,2.32927072e-02,1.57610713e+02,2.28268531e+01
1.03600000e+00,-1.09110044e-02,2.12389625e-02,2.21827027e-02,2.72924093e-02,-7.93381400e+00,1.69082162e-02,1.58676876e-01,2.18656282e-02,1.55503339e+02,2.14283157e+01
1.03800000e+00,-1.08783350e-02,1.14128850e-02,2.22430878e-02,3.31308254e-02,-7.93381400e+00,1.22439445e-02,1.59788526e-01,2.21519373e-02,1.56592756e+02,2.17088986e+01
1.04000000e+00,-1.08654087e-02,1.50300107e-03,2.23152977e-02,3.90768063e-02,-7.93381400e+00,8.33005851e-03,1.60489281e-01,2.21921360e-02,1.57279495e+02,2.17482933e+01
1.04200000e+00,-1.08731901e-02,-9.70733338e-03,2.24014367e-02,4.80848491e-02,-7.93381400e+00,5.16711936e-03,1.90196097e-01,2.86990061e-02,1.86392175e+02,2.81250260e+01
1.04400000e+00,-1.09041508e-02,-2.07868799e-02,2.25069796e-02,5.61069850e-02,-7.93381400e+00,2.75558061e-03,1.57638728e-01,2.02696658e-02,1.54485953e+02,1.98642725e+01
1.04600000e+00,-1.09555437e-02,-3.06756356e-02,2.26238010e-02,6.10337794e-02,-7.93381400e+00,1.09578804e-03,1.62749930e-01,2.23668868e-02,1.59494932e+02,2.19195491e+01
1.04800000e+00,-1.10269506e-02,-4.07102039e-02,2.27514139e-02,6.64093949e-02,-7.93381400e+00,1.87979665e-04,1.61587852e-01,2.13917830e-02,1.58356095e+02,2.09639473e+01
1.05000000e+00,-1.11183600e-02,-5.07080746e-02,2.28891275e-02,7.13183985e-02,-7.93381400e+00,0.00000000e+00,1.62597832e-01,2.15822032e-02,1.59345876e+02,2.11505592e+01
1.05200000e+00,-1.12298897e-02,-6.08662249e-02,2.30371428e-02,7.69102074e-02,-7.93381400e+00,0.00000000e+00,1.66202327e-01,2.30342476e-02,1.62878281e+02,2.25735626e+01
1.05400000e+00,-1.13619247e-02,-7.11739737e-02,2.31972013e-02,8.31513861e-02,-7.93381400e+00,0.00000000e+00,1.67129337e-01,2.31713401e-02,1.63786751e+02,2.27079133e+01
1.05600000e+00,-1.15145034e-02,-8.13584789e-02,2.33692051e-02,8.85778242e-02,-7.93381400e+00,0.00000000e+00,1.64526236e-01,2.15674989e-02,1.61235712e+02,2.11361489e+01
1.05800000e+00,-1.16872765e-02,-9.14198722e-02,2.35510315e-02,9.32826831e-02,-7.93381400e+00,0.00000000e+00,1.65621883e-01,2.19145897e-02,1.62309446e+02,2.14762979e+01
1.06000000e+00,-1.18801848e-02,-1.01484065e-01,2.37423646e-02,9.80307872e-02,-7.93381400e+00,0.00000000e+00,1.66125319e-01,2.19296576e-02,1.62802812e+02,2.14910645e+01
1.06200000e+00,-1.20940516e-02,-1.12806451e-01,2.39451360e-02,1.05750533e-01,-7.93381400e+00,0.00000000e+00,1.96723886e-01,2.84390046e-02,1.92789408e+02,2.78702245e+01
1.06400000e+00,-1.23312453e-02,-1.23880886e-01,2.41646140e-02,1.12341480e-01,-7.93381400e+00,0.00000000e+00,1.62220369e-01,1.98705909e-02,1.58975962e+02,1.94731791e+01
1.06600000e+00,-1.25886797e-02,-1.33612138e-01,2.43923726e-02,1.15738563e-01,-7.93381400e+00,0.00000000e+00,1.67399287e-01,2.20591951e-02,1.64051301e+02,2.16180112e+01
1.06800000e+00,-1.28657451e-02,-1.43420396e-01,2.46278726e-02,1.19592204e-01,-7.93381400e+00,0.00000000e+00,1.66241398e-01,2.11636912e-02,1.62916570e+02,2.07404174e+01
1.07000000e+00,-1.31622840e-02,-1.53112741e-01,2.48704070e-02,1.22944307e-01,-7.93381400e+00,0.00000000e+00,1.67071827e-01,2.13515798e-02,1.63730390e+02,2.09245482e+01
1.07200000e+00,-1.34782392e-02,-1.62869666e-01,2.51200226e-02,1.26855498e-01,-7.93381400e+00,0.00000000e+00,1.70290005e-01,2.26922874e-02,1.66884205e+02,2.22384416e+01
1.07400000e+00,-1.38138073e-02,-1.72693605e-01,2.53782310e-02,1.31369609e-01,-7.93381400e+00,0.00000000e+00,1.71336954e-01,2.29841446e-02,1.67910215e+02,2.25244617e+01
1.07600000e+00,-1.41688804e-02,-1.82317842e-01,2.56449663e-02,1.35081777e-01,-7.93381400e+00,0.00000000e+00,1.68482536e-01,2.13884259e-02,1.65112885e+02,2.09606574e+01
1.07800000e+00,-1.45429376e-02,-1.91730500e-01,2.59180384e-02,1.38014395e-01,-7.93381400e+00,0.00000000e+00,1.69407970e-01,2.17367844e-02,1.66019811e+02,2.13020487e+01
1.08000000e+00,-1.49357445e-02,-2.01056181e-01,2.61969965e-02,1.40905907e-01,-7.93381400e+00,0.00000000e+00,1.69618555e-01,2.16994599e-02,1.66226184e+02,2.12654707e+01
1.08200000e+00,-1.53478957e-02,-2.11481754e-01,2.64834688e-02,1.46507158e-01,-7.93381400e+00,0.00000000e+00,1.98433073e-01,2.78318747e-02,1.94464411e+02,2.72752372e+01
1.08400000e+00,-1.57814549e-02,-2.21582511e-01,2.67823005e-02,1.51021841e-01,-7.93381400e+00,0.00000000e+00,1.65524473e-01,1.98432801e-02,1.62213983e+02,1.94464145e+01
1.08600000e+00,-1.62333030e-02,-2.30299259e-01,2.70854619e-02,1.52395315e-01,-7.93381400e+00,0.00000000e+00,1.69745567e-01,2.16711056e-02,1.66350656e+02,2.12376835e+01
1.08800000e+00,-1.67026294e-02,-2.38982259e-01,2.73920896e-02,1.54080673e-01,-7.93381400e+00,0.00000000e+00,1.68531476e-01,2.09352133e-02,1.65160847e+02,2.05165091e+01
1.09000000e+00,-1.71891022e-02,-2.47470489e-01,2.77014636e-02,1.55284610e-01,-7.93381400e+00,0.00000000e+00,1.69130780e-01,2.11020704e-02,1.65748164e+02,2.06800290e+01
1.09200000e+00,-1.76924938e-02,-2.55932318e-01,2.80135528e-02,1.56975520e-01,-7.93381400e+00,0.00000000e+00,1.71989402e-01,2.24025902e-02,1.68549614e+02,2.19545384e+01
1.09400000e+00,-1.82128121e-02,-2.64365164e-01,2.83297026e-02,1.59171719e-01,-7.93381400e+00,0.00000000e+00,1.72666506e-01,2.26134197e-02,1.69213176e+02,2.21611513e+01
1.09600000e+00,-1.87497772e-02,-2.72532210e-01,2.86497302e-02,1.60603902e-01,-7.93381400e+00,0.00000000e+00,1.70128134e-01,2.12554135e-02,1.66725572e+02,2.08303053e+01
1.09800000e+00,-1.93027520e-02,-2.80415802e-01,2.89716067e-02,1.61268976e-01,-7.93381400e+00,0.00000000e+00,1.70524738e-01,2.14628081e-02,1.67114243e+02,2.10335520e+01
1.10000000e+00,-1.98713252e-02,-2.88126553e-01,2.92947514e-02,1.61851912e-01,-7.93381400e+00,0.00000000e+00,1.70699108e-01,2.15443931e-02,1.67285126e+02,2.11135052e+01
1.10200000e+00,-2.04558254e-02,-2.96688026e-01,2.96205264e-02,1.64702566e-01,-7.93381400e+00,0.00000000e+00,1.95141616e-01,2.66872981e-02,1.91238784e+02,2.61535522e+01
1.10400000e+00,-2.10578197e-02,-3.04863083e-01,2.99528673e-02,1.66512067e-01,-7.93381400e+00,0.00000000e+00,1.66548668e-01,1.98325878e-02,1.63217694e+02,1.94359361e+01
1.10600000e+00,-2.16744230e-02,-3.11756150e-01,3.02847931e-02,1.65649304e-01,-7.93381400e+00,0.00000000e+00,1.70190347e-01,2.15528396e-02,1.66786540e+02,2.11217828e+01
1.10800000e+00,-2.23047685e-02,-3.18535579e-01,3.06156624e-02,1.65083442e-01,-7.93381400e+00,0.00000000e+00,1.69011030e-01,2.09286288e-02,1.65630809e+02,2.05100562e+01
1.11000000e+00,-2.29483799e-02,-3.25036826e-01,3.09447705e-02,1.63983106e-01,-7.93381400e+00,0.00000000e+00,1.68917235e-01,2.09015633e-02,1.65538890e+02,2.04835320e+01
1.11200000e+00,-2.36048321e-02,-3.31412476e-01,3.12718370e-02,1.63245860e-01,-7.93381400e+00,0.00000000e+00,1.71408928e-01,2.21583602e-02,1.67980749e+02,2.17151930e+01
1.11400000e+00,-2.42739560e-02,-3.37677471e-01,3.15980655e-02,1.62975947e-01,-7.93381400e+00,0.00000000e+00,1.71768047e-01,2.23486451e-02,1.68332686e+02,2.19016722e+01
1.11600000e+00,-2.49553325e-02,-3.43628373e-01,3.19233218e-02,1.62077760e-01,-7.93381400e+00,0.00000000e+00,1.69607081e-01,2.13045488e-02,1.66214940e+02,2.08784578e+01
1.11800000e+00,-2.56482470e-02,-3.49245461e-01,3.22459321e-02,1.60512951e-01,-7.93381400e+00,0.00000000e+00,1.69601057e-01,2.14109058e-02,1.66209036e+02,2.09826877e+01
1.12000000e+00,-2.63521588e-02,-3.54629118e-01,3.25653327e-02,1.58886770e-01,-7.93381400e+00,0.00000000e+00,1.69876488e-01,2.16326794e-02,1.66478958e+02,2.12000258e+01
1.12200000e+00,-2.70671171e-02,-3.60543163e-01,3.28826165e-02,1.58966198e-01,-7.93381400e+00,0.00000000e+00,1.87807978e-01,2.54444447e-02,1.84051819e+02,2.49355558e+01
1.12400000e+00,-2.77940544e-02,-3.66041716e-01,3.32006186e-02,1.58177468e-01,-7.93381400e+00,0.00000000e+00,1.66077836e-01,2.02646744e-02,1.62756279e+02,1.98593809e+01
1.12600000e+00,-2.85305672e-02,-3.70465237e-01,3.35139550e-02,1.55331779e-01,-7.93381400e+00,0.00000000e+00,1.68681590e-01,2.15757385e-02,1.65307958e+02,2.11442237e+01
1.12800000e+00,-2.92757958e-02,-3.74709410e-01,3.38221336e-02,1.52767915e-01,-7.93381400e+00,0.00000000e+00,1.67952920e-01,2.12974973e-02,1.64593861e+02,2.08715474e+01
1.13000000e+00,-3.00291921e-02,-3.78634498e-01,3.41247457e-02,1.49782687e-01,-7.93381400e+00,0.00000000e+00,1.67359354e-01,2.11247890e-02,1.64012167e+02,2.07022932e+01
1.13200000e+00,-3.07901795e-02,-3.82328178e-01,3.44213389e-02,1.46909283e-01,-7.93381400e+00,0.00000000e+00,1.68742488e-01,2.19571347e-02,1.65367638e+02,2.15179920e+01
1.13400000e+00,-3.15583632e-02,-3.85809504e-01,3.47125466e-02,1.44281625e-01,-7.93381400e+00,0.00000000e+00,1.68653692e-01,2.20576888e-02,1.65280618e+02,2.16165351e+01
1.13600000e+00,-3.23331776e-02,-3.88930964e-01,3.49980957e-02,1.41099578e-01,-7.93381400e+00,0.00000000e+00,1.66645349e-01,2.12026258e-02,1.63312442e+02,2.07785733e+01
1.13800000e+00,-3.31138489e-02,-3.91695105e-01,3.52766005e-02,1.37400849e-01,-7.93381400e+00,0.00000000e+00,1.66665466e-01,2.13725470e-02,1.63332156e+02,2.09450961e+01
1.14000000e+00,-3.38997735e-02,-3.94182544e-01,3.55476870e-02,1.33683982e-01,-7.93381400e+00,0.00000000e+00,1.66584918e-01,2.15533342e-02,1.63253220e+02,2.11222675e+01
1.14200000e+00,-3.46906443e-02,-3.96767790e-01,3.58119030e-02,1.30816846e-01,-7.93381400e+00,0.00000000e+00,1.75396810e-01,2.35348744e-02,1.71888874e+02,2.30641769e+01
1.14400000e+00,-3.54865754e-02,-3.98949139e-01,3.60705620e-02,1.27361246e-01,-7.93381400e+00,0.00000000e+00,1.63634544e-01,2.06888723e-02,1.60361853e+02,2.02750948e+01
1.14600000e+00,-3.62859610e-02,-4.00410769e-01,3.63206285e-02,1.22826474e-01,-7.93381400e+00,0.00000000e+00,1.65098412e-01,2.16288305e-02,1.61796444e+02,2.11962539e+01
1.14800000e+00,-3.70880466e-02,-4.01614708e-01,3.65619698e-02,1.18444481e-01,-7.93381400e+00,0.00000000e+00,1.64155459e-01,2.13560876e-02,1.60872350e+02,2.09289659e+01
1.15000000e+00,-3.78921918e-02,-4.02476600e-01,3.67942003e-02,1.13753431e-01,-7.93381400e+00,0.00000000e+00,1.63666401e-01,2.13137804e-02,1.60393073e+02,2.08875048e+01
1.15200000e+00,-3.86977643e-02,-4.03055403e-01,3.70170198e-02,1.09116844e-01,-7.91552756e+00,0.00000000e+00,1.64113989e-01,2.17906320e-02,1.60831710e+02,2.13548193e+01
1.15400000e+00,-3.95042214e-02,-4.03346260e-01,3.72307145e-02,1.04550483e-01,-7.86746860e+00,0.00000000e+00,1.63519795e-01,2.17683141e-02,1.60249399e+02,2.13329478e+01
1.15600000e+00,-4.03108918e-02,-4.03250773e-01,3.74349096e-02,9.95160252e-02,-7.81940964e+00,0.00000000e+00,1.61671277e-01,2.11018065e-02,1.58437851e+02,2.06797704e+01
1.15800000e+00,-4.11169754e-02,-4.02781645e-01,3.76284990e-02,9.40621584e-02,-7.77135067e+00,0.00000000e+00,1.61370809e-01,2.11667518e-02,1.58143393e+02,2.07434168e+01
1.16000000e+00,-4.19218075e-02,-4.01996337e-01,3.78111286e-02,8.85638722e-02,-7.72329171e+00,0.00000000e+00,1.60856011e-01,2.12717125e-02,1.57638890e+02,2.08462782e+01
1.16200000e+00,-4.27247862e-02,-4.00949202e-01,3.79827889e-02,8.31171075e-02,-7.67523275e+00,0.00000000e+00,1.61811688e-01,2.15223560e-02,1.58575454e+02,2.10919089e+01
1.16400000e+00,-4.35253520e-02,-3.99523593e-01,3.81433888e-02,7.73579864e-02,-7.62717378e+00,0.00000000e+00,1.58552740e-01,2.08478040e-02,1.55381685e+02,2.04308479e+01
1.16600000e+00,-4.43226030e-02,-3.97681650e-01,3.82920161e-02,7.12918825e-02,-7.57911482e+00,0.00000000e+00,1.58598557e-01,2.10928088e-02,1.55426586e+02,2.06709526e+01
1.16800000e+00,-4.51158829e-02,-3.95546096e-01,3.84286025e-02,6.52949708e-02,-7.53105586e+00,0.00000000e+00,1.58176101e-01,2.11906096e-02,1.55012579e+02,2.07667975e+01
1.17000000e+00,-4.59045705e-02,-3.93085309e-01,3.85531476e-02,5.92253935e-02,-7.48299689e+00,0.00000000e+00,1.57446819e-01,2.11206725e-02,1.54297882e+02,2.06982591e+01
1.17200000e+00,-4.66880106e-02,-3.90304292e-01,3.86654917e-02,5.31372890e-02,-7.43493793e+00,0.00000000e+00,1.57099722e-01,2.13147052e-02,1.53957728e+02,2.08884110e+01
1.17400000e+00,-4.74655796e-02,-3.87211116e-01,3.87656872e-02,4.70348646e-02,-7.38687897e+00,0.00000000e+00,1.56512408e-01,2.12362327e-02,1.53382160e+02,2.08115081e+01
1.17600000e+00,-4.82366370e-02,-3.83790807e-01,3.88535384e-02,4.07933192e-02,-7.33882000e+00,0.00000000e+00,1.55763584e-01,2.11507299e-02,1.52648312e+02,2.07277153e+01
1.17800000e+00,-4.90005207e-02,-3.80037337e-01,3.89287797e-02,3.44306123e-02,-7.29076104e+00,0.00000000e+00,1.54978197e-01,2.10919919e-02,1.51878633e+02,2.06701521e+01
1.18000000e+00,-4.97565925e-02,-3.75993099e-01,3.89913175e-02,2.81529050e-02,-7.24270207e+00,0.00000000e+00,1.55157451e-01,2.14210651e-02,1.52054302e+02,2.09926438e+01
1.18200000e+00,-5.05042004e-02,-3.71509859e-01,3.90410287e-02,2.13313496e-02,-7.19464311e+00,0.00000000e+00,1.50840682e-01,2.00241616e-02,1.47823868e+02,1.96236784e+01
1.18400000e+00,-5.12424169e-02,-3.66704165e-01,3.90765863e-02,1.44248838e-02,-7.14658415e+00,0.00000000e+00,1.53668414e-01,2.12965345e-02,1.50595046e+02,2.08706038e+01
1.18600000e+00,-5.19708890e-02,-3.61706364e-01,3.90990173e-02,7.95212056e-03,-7.09852518e+00,0.00000000e+00,1.52318516e-01,2.09691683e-02,1.49272146e+02,2.05497850e+01
1.18800000e+00,-5.26890376e-02,-3.56401398e-01,3.91083972e-02,1.48291285e-03,-7.05046622e+00,0.00000000e+00,1.52374693e-01,2.13200603e-02,1.49327199e+02,2.08936591e+01
1.19000000e+00,-5.33963207e-02,-3.50835712e-01,3.91050848e-02,-4.78253259e-03,-7.00240726e+00,0.00000000e+00,1.52022467e-01,2.13946962e-02,1.48982018e+02,2.09668023e+01
1.19200000e+00,-5.40921821e-02,-3.44972547e-01,3.90892345e-02,-1.10967867e-02,-6.95434829e+00,0.00000000e+00,1.51127610e-01,2.11975329e-02,1.48105057e+02,2.07735822e+01
1.19400000e+00,-5.47760034e-02,-3.38798077e-01,3.90606095e-02,-1.75432536e-02,-6.90628933e+00,0.00000000e+00,1.50355312e-01,2.10789136e-02,1.47348205e+02,2.06573353e+01
1.19600000e+00,-5.54471828e-02,-3.32336238e-01,3.90190763e-02,-2.39675638e-02,-6.85823037e+00,0.00000000e+00,1.49917746e-01,2.11873379e-02,1.46919391e+02,2.07635912e+01
1.19800000e+00,-5.61051719e-02,-3.25609712e-01,3.89648158e-02,-3.02771337e-02,-6.81017140e+00,0.00000000e+00,1.49568905e-01,2.12448205e-02,1.46577527e+02,2.08199241e+01
1.20000000e+00,-5.67494398e-02,-3.18610470e-01,3.88980190e-02,-3.65097854e-02,-6.76211244e+00,0.00000000e+00,1.48832798e-01,2.12559134e-02,1.45856142e+02,2.08307952e+01
1.20200000e+00,-5.73791382e-02,-3.10897984e-01,3.88178307e-02,-4.41611062e-02,-6.71405348e+00,0.00000000e+00,1.38073407e-01,1.81554032e-02,1.35311939e+02,1.77922952e+01
1.20400000e+00,-5.79929131e-02,-3.03007444e-01,3.87217046e-02,-5.13176316e-02,-6.66599451e+00,0.00000000e+00,1.49715268e-01,2.21603518e-02,1.46720963e+02,2.17171448e+01
1.20600000e+00,-5.85912959e-02,-2.95308778e-01,3.86135831e-02,-5.69398690e-02,-6.61793555e+00,0.00000000e+00,1.47472900e-01,2.12236561e-02,1.44523442e+02,2.07991830e+01
1.20800000e+00,-5.91739391e-02,-2.87296434e-01,3.84937256e-02,-6.28913499e-02,-6.56987658e+00,0.00000000e+00,1.47174282e-01,2.13004840e-02,1.44230796e+02,2.08744743e+01
1.21000000e+00,-5.97403564e-02,-2.79096193e-01,3.83622429e-02,-6.85050557e-02,-6.52181762e+00,0.00000000e+00,1.47739414e-01,2.17471406e-02,1.44784626e+02,2.13121978e+01
1.21200000e+00,-6.02901744e-02,-2.70671802e-01,3.82197858e-02,-7.39981051e-02,-6.47375866e+00,0.00000000e+00,1.46458994e-01,2.13524553e-02,1.43529814e+02,2.09254062e+01
1.21400000e+00,-6.08228726e-02,-2.61990948e-01,3.80662090e-02,-7.95534349e-02,-6.42569969e+00,0.00000000e+00,1.46130409e-01,2.13992962e-02,1.43207800e+02,2.09713102e+01
1.21600000e+00,-6.13380054e-02,-2.53110877e-01,3.79017534e-02,-8.48368334e-02,-6.37764073e+00,0.00000000e+00,1.46045075e-01,2.16904862e-02,1.43124173e+02,2.12566764e+01
1.21800000e+00,-6.18351916e-02,-2.44044085e-01,3.77270547e-02,-8.98306197e-02,-6.32958177e+00,0.00000000e+00,1.45862801e-01,2.17596739e-02,1.42945545e+02,2.13244804e+01
1.22000000e+00,-6.23140468e-02,-2.34774900e-01,3.75424939e-02,-9.47299714e-02,-6.28152280e+00,0.00000000e+00,1.45262394e-01,2.16270461e-02,1.42357146e+02,2.11945052e+01
1.22200000e+00,-6.27735293e-02,-2.24362909e-01,3.73463506e-02,-1.02305323e-01,-6.23346384e+00,0.00000000e+00,1.22950406e-01,1.58652702e-02,1.20491398e+02,1.55479648e+01
1.22400000e+00,-6.32114696e-02,-2.13907757e-01,3.71338694e-02,-1.08985846e-01,-6.18540488e+00,0.00000000e+00,1.47872913e-01,2.32049600e-02,1.44915455e+02,2.27408608e+01
1.22600000e+00,-6.36296832e-02,-2.04236846e-01,3.69123910e-02,-1.12690767e-01,-6.13734591e+00,0.00000000e+00,1.44729199e-01,2.17960960e-02,1.41834615e+02,2.13601741e+01
1.22800000e+00,-6.40282179e-02,-1.94267255e-01,3.66827544e-02,-1.16923531e-01,-6.08928695e+00,0.00000000e+00,1.44187462e-01,2.17707014e-02,1.41303713e+02,2.13352874e+01
1.23000000e+00,-6.44066556e-02,-1.84152797e-01,3.64449017e-02,-1.20849222e-01,-6.04122799e+00,0.00000000e+00,1.44474550e-01,2.21024882e-02,1.41585059e+02,2.16604384e+01
1.23200000e+00,-6.47647250e-02,-1.73882179e-01,3.61994550e-02,-1.24628740e-01,-5.99316902e+00,0.00000000e+00,1.43503210e-01,2.17284097e-02,1.40633146e+02,2.12938415e+01
1.23400000e+00,-6.51020698e-02,-1.63439806e-01,3.59463973e-02,-1.28392349e-01,-5.94511006e+00,0.00000000e+00,1.43257431e-01,2.17759232e-02,1.40392283e+02,2.13404047e+01
1.23600000e+00,-6.54183987e-02,-1.52869168e-01,3.56860499e-02,-1.31909514e-01,-5.89705109e+00,0.00000000e+00,1.43131376e-01,2.18752252e-02,1.40268748e+02,2.14377207e+01
1.23800000e+00,-6.57134641e-02,-1.42175003e-01,3.54189272e-02,-1.35174789e-01,-5.84899213e+00,0.00000000e+00,1.42823179e-01,2.19243842e-02,1.39966715e+02,2.14858965e+01
1.24000000e+00,-6.59870091e-02,-1.31346440e-01,3.51454391e-02,-1.38307497e-01,-5.80093317e+00,0.00000000e+00,1.42267967e-01,2.17640662e-02,1.39422608e+02,2.13287849e+01
1.24200000e+00,-6.62377237e-02,-1.18828707e-01,3.48629125e-02,-1.45616591e-01,-5.75287420e+00,0.00000000e+00,1.05447289e-01,1.27569488e-02,1.03338343e+02,1.25018099e+01
1.24400000e+00,-6.64623762e-02,-1.06389400e-01,3.45637025e-02,-1.51831534e-01,-5.70481524e+00,0.00000000e+00,1.45987569e-01,2.36365053e-02,1.43067818e+02,2.31637752e+01
1.24600000e+00,-6.66642749e-02,-9.54404842e-02,3.42586335e-02,-1.53476046e-01,-5.65675628e+00,0.00000000e+00,1.41966345e-01,2.19150494e-02,1.39127018e+02,2.14767484e+01
1.24800000e+00,-6.68439611e-02,-8.42260017e-02,3.39492996e-02,-1.55868529e-01,-5.60869731e+00,0.00000000e+00,1.41294489e-01,2.16255789e-02,1.38468599e+02,2.11930673e+01
1.25000000e+00,-6.70011499e-02,-7.29680214e-02,3.36353956e-02,-1.57906744e-01,-5.56063835e+00,0.00000000e+00,1.42279065e-01,2.22111088e-02,1.39433484e+02,2.17668866e+01
1.25200000e+00,-6.71358163e-02,-6.16846989e-02,3.33178680e-02,-1.59651961e-01,-5.51257939e+00,0.00000000e+00,1.41847625e-01,2.17876723e-02,1.39010672e+02,2.13519189e+01
1.25400000e+00,-6.72478416e-02,-5.03307150e-02,3.29968181e-02,-1.61351746e-01,-5.46452042e+00,0.00000000e+00,1.41588691e-01,2.18485411e-02,1.38756918e+02,2.14115702e+01
1.25600000e+00,-6.73371141e-02,-3.89391287e-02,3.26726868e-02,-1.62712858e-01,-5.41646146e+00,0.00000000e+00,1.41744194e-01,2.20360839e-02,1.38909310e+02,2.15953622e+01
1.25800000e+00,-6.74035737e-02,-2.75108471e-02,3.23461480e-02,-1.63801967e-01,-5.36840250e+00,0.00000000e+00,1.41320355e-01,2.19534463e-02,1.38493948e+02,2.15143774e+01
1.26000000e+00,-6.74471360e-02,-1.60503953e-02,3.20176103e-02,-1.64694091e-01,-5.32034353e+00,0.00000000e+00,1.41394847e-01,2.19805969e-02,1.38566950e+02,2.15409850e+01
1.26200000e+00,-6.74665781e-02,-2.79430076e-03,3.16840801e-02,-1.70522792e-01,-5.27228457e+00,0.00000000e+00,9.95713256e-02,1.11167833e-02,9.75798991e+01,1.08944477e+01
1.26400000e+00,-6.74584333e-02,1.02817068e-02,3.13363068e-02,-1.75170618e-01,-5.22422560e+00,0.00000000e+00,1.45592568e-01,2.39651832e-02,1.42680717e+02,2.34858796e+01
1.26600000e+00,-6.74266452e-02,2.15667710e-02,3.09870160e-02,-1.74391235e-01,-5.17616664e+00,0.00000000e+00,1.41207243e-01,2.20090846e-02,1.38383099e+02,2.15689029e+01
1.26800000e+00,-6.73720204e-02,3.30705988e-02,3.06381122e-02,-1.74556250e-01,-5.12810768e+00,0.00000000e+00,1.40081628e-01,2.14845088e-02,1.37279995e+02,2.10548186e+01
1.27000000e+00,-6.72943852e-02,4.45409419e-02,3.02889741e-02,-1.74446634e-01,-5.08004871e+00,0.00000000e+00,1.41402849e-01,2.20867752e-02,1.38574792e+02,2.16450397e+01
1.27200000e+00,-6.71939064e-02,5.59366198e-02,2.99405724e-02,-1.73966891e-01,-5.03198975e+00,0.00000000e+00,1.41052641e-01,2.17634900e-02,1.38231588e+02,2.13282202e+01
1.27400000e+00,-6.70706714e-02,6.72832601e-02,2.95932335e-02,-1.73296785e-01,-4.98393079e+00,0.00000000e+00,1.41589101e-01,2.19899055e-02,1.38757319e+02,2.15501074e+01
1.27600000e+00,-6.69248297e-02,7.85453628e-02,2.92476400e-02,-1.72244585e-01,-4.93587182e+00,0.00000000e+00,1.41883536e-01,2.20713935e-02,1.39045865e+02,2.16299656e+01
1.27800000e+00,-6.67565317e-02,8.97447740e-02,2.89044027e-02,-1.70970990e-01,-4.88781286e+00,0.00000000e+00,1.41725918e-01,2.19637627e-02,1.38891400e+02,2.15244875e+01
1.28000000e+00,-6.65658802e-02,1.00899858e-01,2.85638406e-02,-1.69570571e-01,-4.83975390e+00,0.00000000e+00,1.41408569e-01,2.18505174e-02,1.38580397e+02,2.14135071e+01
1.28200000e+00,-6.63515452e-02,1.14135460e-01,2.82221724e-02,-1.74091240e-01,-4.79169493e+00,0.00000000e+00,9.14112230e-02,9.04832497e-03,8.95829985e+01,8.86735847e+00
1.28400000e+00,-6.61095433e-02,1.27063714e-01,2.78683249e-02,-1.77338798e-01,-4.74363597e+00,0.00000000e+00,1.46670979e-01,2.40195936e-02,1.43737560e+02,2.35392018e+01
1.28600000e+00,-6.58447913e-02,1.37740638e-01,2.75170257e-02,-1.74273986e-01,-4.69557701e+00,0.00000000e+00,1.41900979e-01,2.17947647e-02,1.39062959e+02,2.13588694e+01
1.28800000e+00,-6.55584835e-02,1.48563473e-01,2.71705061e-02,-1.72293284e-01,-4.64751804e+00,0.00000000e+00,1.40968407e-01,2.12481893e-02,1.38149039e+02,2.08232256e+01
1.29000000e+00,-6.52506300e-02,1.59247405e-01,2.68280785e-02,-1.69973862e-01,-4.59945908e+00,0.00000000e+00,1.42677441e-01,2.20156744e-02,1.39823892e+02,2.15753609e+01
1.29200000e+00,-6.49216038e-02,1.69766505e-01,2.64908705e-02,-1.67264760e-01,-4.55140011e+00,0.00000000e+00,1.42177168e-01,2.15832849e-02,1.39333624e+02,2.11516192e+01
1.29400000e+00,-6.45716400e-02,1.80171514e-01,2.61590511e-02,-1.64508232e-01,-4.50334115e+00,0.00000000e+00,1.42529169e-01,2.16400884e-02,1.39678586e+02,2.12072866e+01
1.29600000e+00,-6.42010282e-02,1.90410845e-01,2.58330574e-02,-1.61421984e-01,-4.45528219e+00,0.00000000e+00,1.43065156e-01,2.18084270e-02,1.40203853e+02,2.13722585e+01
1.29800000e+00,-6.38101082e-02,2.00482851e-01,2.55135360e-02,-1.58076462e-01,-4.40722322e+00,0.00000000e+00,1.43289129e-01,2.17264903e-02,1.40423346e+02,2.12919605e+01
1.30000000e+00,-6.33992056e-02,2.10391589e-01,2.52008633e-02,-1.54563352e-01,-4.35916426e+00,0.00000000e+00,1.43566541e-01,2.17120972e-02,1.40695210e+02,2.12778552e+01
1.30200000e+00,-6.29672227e-02,2.22278884e-01,2.48912115e-02,-1.57155850e-01,-4.31110530e+00,0.00000000e+00,9.35748272e-02,8.46866684e-03,9.17033307e+01,8.29929350e+00
1.30400000e+00,-6.25103439e-02,2.33785563e-01,2.45730475e-02,-1.58537674e-01,-4.26304633e+00,0.00000000e+00,1.48781195e-01,2.38003570e-02,1.45805571e+02,2.33243499e+01
1.30600000e+00,-6.20336259e-02,2.42974185e-01,2.42613440e-02,-1.53495227e-01,-4.21498737e+00,0.00000000e+00,1.43887411e-01,2.15057347e-02,1.41009663e+02,2.10756200e+01
1.30800000e+00,-6.15384015e-02,2.52231191e-01,2.39583050e-02,-1.49595055e-01,-4.16692841e+00,0.00000000e+00,1.43178483e-01,2.09681957e-02,1.40314913e+02,2.05488317e+01
1.31000000e+00,-6.10248573e-02,2.61254048e-01,2.36631766e-02,-1.45375672e-01,-4.11886944e+00,0.00000000e+00,1.45203710e-01,2.17524903e-02,1.42299636e+02,2.13174405e+01
1.31200000e+00,-6.04935600e-02,2.70014921e-01,2.33770595e-02,-1.40770439e-01,-4.07081048e+00,0.00000000e+00,1.44999117e-01,2.13674630e-02,1.42099135e+02,2.09401138e+01
1.31400000e+00,-5.99449311e-02,2.78575552e-01,2.31001063e-02,-1.36148061e-01,-4.02275152e+00,0.00000000e+00,1.45439312e-01,2.13909592e-02,1.42530526e+02,2.09631400e+01
1.31600000e+00,-5.93794178e-02,2.86896192e-01,2.28326287e-02,-1.31283533e-01,-3.97469255e+00,0.00000000e+00,1.46024769e-01,2.14916586e-02,1.43104273e+02,2.10618254e+01
1.31800000e+00,-5.87975122e-02,2.94967988e-01,2.25751098e-02,-1.26212564e-01,-3.92663359e+00,0.00000000e+00,1.46537020e-01,2.14543343e-02,1.43606279e+02,2.10252476e+01
1.32000000e+00,-5.81997067e-02,3.02798559e-01,2.23278701e-02,-1.21004137e-01,-3.87857462e+00,0.00000000e+00,1.46813621e-01,2.14248685e-02,1.43877348e+02,2.09963712e+01
1.32200000e+00,-5.75852253e-02,3.12267972e-01,2.20872485e-02,-1.21561835e-01,-3.83051566e+00,0.00000000e+00,1.03261727e-01,9.00691666e-03,1.01196492e+02,8.82677833e+00
1.32400000e+00,-5.69509329e-02,3.21290268e-01,2.18423624e-02,-1.21010706e-01,-3.78245670e+00,0.00000000e+00,1.52123467e-01,2.34031812e-02,1.49080997e+02,2.29351176e+01
1.32600000e+00,-5.63014770e-02,3.28193549e-01,2.16071807e-02,-1.14497430e-01,-3.73439773e+00,0.00000000e+00,1.47503876e-01,2.11827051e-02,1.44553798e+02,2.07590510e+01
1.32800000e+00,-5.56381725e-02,3.35076128e-01,2.13836408e-02,-1.09081871e-01,-3.68633877e+00,0.00000000e+00,1.47220734e-01,2.07775019e-02,1.44276320e+02,2.03619518e+01
1.33000000e+00,-5.49613772e-02,3.41651683e-01,2.11710468e-02,-1.03376085e-01,-3.63827981e+00,0.00000000e+00,1.49180444e-01,2.14859143e-02,1.46196835e+02,2.10561960e+01
1.33200000e+00,-5.42717742e-02,3.47914605e-01,2.09703246e-02,-9.73881779e-02,-3.59022084e+00,0.00000000e+00,1.48922462e-01,2.10804666e-02,1.45944013e+02,2.06588573e+01
1.33400000e+00,-5.35698898e-02,3.53921000e-01,2.07814465e-02,-9.14715713e-02,-3.54216188e+00,0.00000000e+00,1.49469824e-01,2.10640215e-02,1.46480427e+02,2.06427410e+01
1.33600000e+00,-5.28562950e-02,3.59620232e-01,2.06045428e-02,-8.53982604e-02,-3.49410292e+00,0.00000000e+00,1.50298273e-01,2.11542043e-02,1.47292308e+02,2.07311202e+01
1.33800000e+00,-5.21316175e-02,3.65006600e-01,2.04399482e-02,-7.91828756e-02,-3.44604395e+00,0.00000000e+00,1.50887084e-01,2.11245682e-02,1.47869342e+02,2.07020769e+01
1.34000000e+00,-5.13964678e-02,3.70094199e-01,2.02878437e-02,-7.29188275e-02,-3.39798499e+00,0.00000000e+00,1.51299469e-01,2.10365009e-02,1.48273480e+02,2.06157709e+01
1.34200000e+00,-5.06505158e-02,3.76269072e-01,2.01450771e-02,-7.14477417e-02,-3.34992603e+00,0.00000000e+00,1.19414460e-01,1.08589280e-02,1.17026171e+02,1.06417494e+01
1.34400000e+00,-4.98916876e-02,3.81999936e-01,2.00026382e-02,-6.90990218e-02,-3.30186706e+00,0.00000000e+00,1.55505979e-01,2.26749851e-02,1.52395859e+02,2.22214854e+01
1.34600000e+00,-4.91236301e-02,3.86059689e-01,1.98719017e-02,-6.19195213e-02,-3.25380810e+00,0.00000000e+00,1.52210569e-01,2.08089319e-02,1.49166357e+02,2.03927533e+01
1.34800000e+00,-4.83475138e-02,3.90022050e-01,1.97542581e-02,-5.57929300e-02,-3.20574914e+00,0.00000000e+00,1.51462442e-01,2.02943360e-02,1.48433193e+02,1.98884493e+01
1.35000000e+00,-4.75637579e-02,3.93660482e-01,1.96488431e-02,-4.94966714e-02,-3.15769017e+00,0.00000000e+00,1.53397098e-01,2.10119521e-02,1.50329156e+02,2.05917131e+01
1.35200000e+00,-4.67731105e-02,3.96940961e-01,1.95564236e-02,-4.29721668e-02,-3.10963121e+00,0.00000000e+00,1.53386136e-01,2.06387137e-02,1.50318413e+02,2.02259394e+01
1.35400000e+00,-4.59761920e-02,3.99924569e-01,1.94768660e-02,-3.65803570e-02,-3.06157224e+00,0.00000000e+00,1.53841152e-01,2.06171650e-02,1.50764329e+02,2.02048217e+01
1.35600000e+00,-4.51736310e-02,4.02580019e-01,1.94101416e-02,-3.01294408e-02,-3.01351328e+00,0.00000000e+00,1.54513846e-01,2.06648306e-02,1.51423569e+02,2.02515340e+01
1.35800000e+00,-4.43660982e-02,4.04895984e-01,1.93563789e-02,-2.36325496e-02,-2.96545432e+00,0.00000000e+00,1.55191592e-01,2.06342112e-02,1.52087761e+02,2.02215270e+01
1.36000000e+00,-4.35542682e-02,4.06880228e-01,1.93155990e-02,-1.71541662e-02,-2.91739535e+00,0.00000000e+00,1.55646432e-01,2.05650785e-02,1.52533504e+02,2.01537769e+01
1.36200000e+00,-4.27382849e-02,4.09303026e-01,1.92855452e-02,-1.40008699e-02,-2.86933639e+00,0.00000000e+00,1.38291751e-01,1.36101784e-02,1.35525916e+02,1.33379748e+01
1.36400000e+00,-4.19173315e-02,4.11312854e-01,1.92599683e-02,-1.02887450e-02,-2.82127743e+00,0.00000000e+00,1.58604333e-01,2.17005320e-02,1.55432246e+02,2.12665214e+01
1.36600000e+00,-4.10937256e-02,4.12284567e-01,1.92465100e-02,-3.39699333e-03,-2.77321846e+00,0.00000000e+00,1.55830453e-01,2.02620878e-02,1.52713844e+02,1.98568461e+01
1.36800000e+00,-4.02682931e-02,4.13106442e-01,1.92457697e-02,2.57877713e-03,-2.72515950e+00,0.00000000e+00,1.55370943e-01,1.97743575e-02,1.52263524e+02,1.93788704e+01
1.37000000e+00,-3.94415331e-02,4.13578546e-01,1.92568689e-02,8.62015008e-03,-2.67710054e+00,0.00000000e+00,1.57256849e-01,2.04132184e-02,1.54111712e+02,2.00049541e+01
1.37200000e+00,-3.86142278e-02,4.13677363e-01,1.92803513e-02,1.48131124e-02,-2.62904157e+00,0.00000000e+00,1.57340742e-01,2.01235423e-02,1.54193927e+02,1.97210715e+01
1.37400000e+00,-3.77870259e-02,4.13472706e-01,1.93159891e-02,2.08076673e-02,-2.58098261e+00,0.00000000e+00,1.57594956e-01,2.00452185e-02,1.54443057e+02,1.96443141e+01
1.37600000e+00,-3.69605507e-02,4.12947465e-01,1.93635313e-02,2.67261421e-02,-2.53292365e+00,0.00000000e+00,1.58083287e-01,2.00293483e-02,1.54921621e+02,1.96287613e+01
1.37800000e+00,-3.61354549e-02,4.12094040e-01,1.94228489e-02,3.25775860e-02,-2.48486468e+00,0.00000000e+00,1.58525018e-01,1.99868659e-02,1.55354517e+02,1.95871286e+01
1.38000000e+00,-3.53123913e-02,4.10915446e-01,1.94937724e-02,3.83251897e-02,-2.43680572e+00,0.00000000e+00,1.58958121e-01,1.99103526e-02,1.55778958e+02,1.95121455e+01
1.38200000e+00,-3.44917607e-02,4.09785394e-01,1.95747274e-02,4.19397370e-02,-2.38874675e+00,0.00000000e+00,1.50686817e-01,1.56234705e-02,1.47673081e+02,1.53110011e+01
1.38400000e+00,-3.36734787e-02,4.08311920e-01,1.96616575e-02,4.57432840e-02,-2.34068779e+00,0.00000000e+00,1.60297858e-01,2.04300036e-02,1.57091901e+02,2.00214035e+01
1.38600000e+00,-3.28589326e-02,4.06209079e-01,1.97588998e-02,5.13456064e-02,-2.29262883e+00,0.00000000e+00,1.58735626e-01,1.95356713e-02,1.55560914e+02,1.91449579e+01
1.38800000e+00,-3.20487754e-02,4.03906750e-01,1.98665858e-02,5.62669359e-02,-2.24456986e+00,0.00000000e+00,1.58336605e-01,1.91523969e-02,1.55169873e+02,1.87693489e+01
1.39000000e+00,-3.12435145e-02,4.01291187e-01,1.99839230e-02,6.11213884e-02,-2.19651090e+00,0.00000000e+00,1.59471087e-01,1.95609604e-02,1.56281665e+02,1.91697412e+01
1.39200000e+00,-3.04438378e-02,3.98334911e-01,2.01111033e-02,6.60236308e-02,-2.14845194e+00,0.00000000e+00,1.59758336e-01,1.94323788e-02,1.56563169e+02,1.90437312e+01
1.39400000e+00,-2.96503717e-02,3.95083270e-01,2.02478761e-02,7.07137354e-02,-2.10039297e+00,0.00000000e+00,1.59882620e-01,1.93091436e-02,1.56684968e+02,1.89229608e+01
1.39600000e+00,-2.88636982e-02,3.91541464e-01,2.03938273e-02,7.52074824e-02,-2.05233401e+00,0.00000000e+00,1.60102668e-01,1.92268794e-02,1.56900614e+02,1.88423418e+01
1.39800000e+00,-2.80844045e-02,3.87701765e-01,2.05485973e-02,7.95382298e-02,-2.00427505e+00,0.00000000e+00,1.60466530e-01,1.91863295e-02,1.57257200e+02,1.88026030e+01
1.40000000e+00,-2.73130892e-02,3.83565023e-01,2.07118743e-02,8.37100991e-02,-1.95621608e+00,0.00000000e+00,1.60730621e-01,1.91249324e-02,1.57516008e+02,1.87424337e+01
1.40200000e+00,-2.65502146e-02,3.79323021e-01,2.08826036e-02,8.66309915e-02,-1.90815712e+00,0.00000000e+00,1.56681287e-01,1.68030758e-02,1.53547661e+02,1.64670143e+01
1.40400000e+00,-2.57959611e-02,3.74835060e-01,2.10582883e-02,8.93869243e-02,-1.86009816e+00,0.00000000e+00,1.60302902e-01,1.90286712e-02,1.57096843e+02,1.86480978e+01
1.40600000e+00,-2.50511442e-02,3.69942369e-01,2.12406916e-02,9.29532558e-02,-1.81203919e+00,0.00000000e+00,1.60038822e-01,1.87631984e-02,1.56838046e+02,1.83879344e+01
1.40800000e+00,-2.43163493e-02,3.64813090e-01,2.14298684e-02,9.61701820e-02,-1.76398023e+00,0.00000000e+00,1.59812228e-01,1.85641867e-02,1.56615984e+02,1.81929030e+01
1.41000000e+00,-2.35920702e-02,3.59416261e-01,2.16252644e-02,9.92252576e-02,-1.71592126e+00,0.00000000e+00,1.60356466e-01,1.87013637e-02,1.57149336e+02,1.83273365e+01
1.41200000e+00,-2.28788732e-02,3.53736036e-01,2.18267136e-02,1.02196603e-01,-1.66786230e+00,0.00000000e+00,1.60589414e-01,1.86749982e-02,1.57377626e+02,1.83014983e+01
1.41400000e+00,-2.21773008e-02,3.47793671e-01,2.20339305e-02,1.04987385e-01,-1.61980334e+00,0.00000000e+00,1.60730769e-01,1.86172309e-02,1.57516154e+02,1.82448863e+01
1.41600000e+00,-2.14878715e-02,3.41591867e-01,2.22465458e-02,1.07602165e-01,-1.57174437e+00,0.00000000e+00,1.60998705e-01,1.86082283e-02,1.57778731e+02,1.82360637e+01
1.41800000e+00,-2.08111061e-02,3.35131013e-01,2.24642307e-02,1.10054272e-01,-1.52368541e+00,0.00000000e+00,1.61233239e-01,1.85857471e-02,1.58008574e+02,1.82140321e+01
1.42000000e+00,-2.01475159e-02,3.28417514e-01,2.26866528e-02,1.12341351e-01,-1.47562645e+00,0.00000000e+00,1.61458070e-01,1.85786367e-02,1.58228908e+02,1.82070640e+01
1.42200000e+00,-1.94975844e-02,3.21481491e-01,2.29132925e-02,1.14173189e-01,-1.42756748e+00,0.00000000e+00,1.61099312e-01,1.79531656e-02,1.57877326e+02,1.75941023e+01
1.42400000e+00,-1.88616992e-02,3.14381565e-01,2.31431213e-02,1.15668654e-01,-1.37950852e+00,0.00000000e+00,1.60068244e-01,1.82003122e-02,1.56866879e+02,1.78363060e+01
1.42600000e+00,-1.82401964e-02,3.07074215e-01,2.33760263e-02,1.17252923e-01,-1.33144956e+00,0.00000000e+00,1.60843130e-01,1.84716464e-02,1.57626267e+02,1.81022135e+01
1.42800000e+00,-1.76335606e-02,2.99529560e-01,2.36120724e-02,1.18746371e-01,-1.28339059e+00,0.00000000e+00,1.60630624e-01,1.83462595e-02,1.57418011e+02,1.79793343e+01
1.43000000e+00,-1.70422098e-02,2.91787424e-01,2.38508569e-02,1.20007419e-01,-1.23533163e+00,0.00000000e+00,1.60598948e-01,1.83244329e-02,1.57386969e+02,1.79579442e+01
1.43200000e+00,-1.64665447e-02,2.83844589e-01,2.40919822e-02,1.21088635e-01,-1.18727267e+00,0.00000000e+00,1.60588820e-01,1.83128006e-02,1.57377043e+02,1.79465446e+01
1.43400000e+00,-1.59069624e-02,2.75705343e-01,2.43350891e-02,1.21986375e-01,-1.13921370e+00,0.00000000e+00,1.60587469e-01,1.82862352e-02,1.57375720e+02,1.79205105e+01
1.43600000e+00,-1.53638483e-02,2.67378621e-01,2.45797918e-02,1.22680203e-01,-1.09115474e+00,0.00000000e+00,1.60502162e-01,1.82340655e-02,1.57292119e+02,1.78693842e+01
1.43800000e+00,-1.48375669e-02,2.58873521e-01,2.48256690e-02,1.23162719e-01,-1.04309577e+00,0.00000000e+00,1.60424916e-01,1.81937326e-02,1.57216418e+02,1.78298579e+01
1.44000000e+00,-1.43284670e-02,2.50199195e-01,2.50722988e-02,1.23429554e-01,-9.95036811e-01,0.00000000e+00,1.60265328e-01,1.81335560e-02,1.57060021e+02,1.77708849e+01
1.44200000e+00,-1.38370325e-02,2.41131178e-01,2.53196040e-02,1.24021562e-01,-9.46977848e-01,0.00000000e+00,1.65576139e-01,1.92293803e-02,1.62264616e+02,1.88447927e+01
1.44400000e+00,-1.33639704e-02,2.32020985e-01,2.55679992e-02,1.24034822e-01,-8.98918884e-01,0.00000000e+00,1.57351580e-01,1.72734707e-02,1.54204549e+02,1.69280013e+01
1.44600000e+00,-1.29088553e-02,2.23050734e-01,2.58152077e-02,1.23244646e-01,-8.50859920e-01,0.00000000e+00,1.58554387e-01,1.78964746e-02,1.55383299e+02,1.75385451e+01
1.44800000e+00,-1.24718901e-02,2.13896582e-01,2.60610218e-02,1.22520516e-01,-8.02800957e-01,0.00000000e+00,1.58044531e-01,1.77635394e-02,1.54883640e+02,1.74082686e+01
1.45000000e+00,-1.20533319e-02,2.04648063e-01,2.63050682e-02,1.21464182e-01,-7.54741993e-01,0.00000000e+00,1.57304983e-01,1.75482212e-02,1.54158883e+02,1.71972568e+01
1.45200000e+00,-1.16533613e-02,1.95304338e-01,2.65466931e-02,1.20129796e-01,-7.06683030e-01,0.00000000e+00,1.56966113e-01,1.75256183e-02,1.53826791e+02,1.71751060e+01
1.45400000e+00,-1.12721825e-02,1.85858647e-01,2.67854540e-02,1.18595307e-01,-6.58624066e-01,0.00000000e+00,1.56537501e-01,1.74699026e-02,1.53406751e+02,1.71205045e+01
1.45600000e+00,-1.09099877e-02,1.76321486e-01,2.70209275e-02,1.16840606e-01,-6.10565103e-01,0.00000000e+00,1.56107967e-01,1.74004854e-02,1.52985807e+02,1.70524757e+01
1.45800000e+00,-1.05669518e-02,1.66701523e-01,2.72526657e-02,1.14859772e-01,-5.62506139e-01,0.00000000e+00,1.55632875e-01,1.73270967e-02,1.52520217e+02,1.69805547e+01
1.46000000e+00,-1.02432310e-02,1.57007551e-01,2.74802179e-02,1.12655897e-01,-5.14447175e-01,0.00000000e+00,1.55155213e-01,1.72582823e-02,1.52052109e+02,1.69131167e+01
1.46200000e+00,-9.93930896e-03,1.46732560e-01,2.77041751e-02,1.11780596e-01,-4.66388212e-01,0.00000000e+00,1.66687548e-01,2.04362651e-02,1.63353797e+02,2.00275398e+01
1.46400000e+00,-9.65624680e-03,1.36538424e-01,2.79268339e-02,1.10145902e-01,-4.18329248e-01,0.00000000e+00,1.50912688e-01,1.59827696e-02,1.47894434e+02,1.56631142e+01
1.46600000e+00,-9.39282118e-03,1.26845388e-01,2.81435648e-02,1.06720446e-01,-3.70270285e-01,0.00000000e+00,1.52788339e-01,1.69885207e-02,1.49732573e+02,1.66487503e+01
1.46800000e+00,-9.14895906e-03,1.17011644e-01,2.83539272e-02,1.03612312e-01,-3.22211321e-01,0.00000000e+00,1.52169854e-01,1.69506036e-02,1.49126457e+02,1.66115916e+01
1.47000000e+00,-8.92477093e-03,1.07183414e-01,2.85577852e-02,1.00160967e-01,-2.74152358e-01,0.00000000e+00,1.50789247e-01,1.65607199e-02,1.47773462e+02,1.62295055e+01
1.47200000e+00,-8.72021610e-03,9.73691485e-02,2.87543498e-02,9.63778032e-02,-2.26093394e-01,0.00000000e+00,1.50133635e-01,1.65364568e-02,1.47130962e+02,1.62057277e+01
1.47400000e+00,-8.53530232e-03,8.75429082e-02,2.89431955e-02,9.24433124e-02,-1.78034431e-01,0.00000000e+00,1.49519475e-01,1.65144592e-02,1.46529085e+02,1.61841700e+01
1.47600000e+00,-8.37004505e-03,7.77157864e-02,2.91240108e-02,8.83404832e-02,-1.29975467e-01,0.00000000e+00,1.48765078e-01,1.64430833e-02,1.45789777e+02,1.61142217e+01
1.47800000e+00,-8.22443091e-03,6.79010597e-02,2.92964301e-02,8.40465928e-02,-8.19165034e-02,0.00000000e+00,1.48001076e-01,1.63614743e-02,1.45041055e+02,1.60342448e+01
1.48000000e+00,-8.09842872e-03,5.81044738e-02,2.94600782e-02,7.95742356e-02,-3.38575398e-02,0.00000000e+00,1.47272588e-01,1.63040784e-02,1.44327136e+02,1.59779969e+01
1.48200000e+00,-7.99253364e-03,4.75270137e-02,2.96164165e-02,7.76357210e-02,0.00000000e+00,0.00000000e+00,1.65341486e-01,2.19045010e-02,1.62034656e+02,2.14664110e+01
1.48400000e+00,-7.90821126e-03,3.71136198e-02,2.97701203e-02,7.49462685e-02,0.00000000e+00,0.00000000e+00,1.42706648e-01,1.49480755e-02,1.39852515e+02,1.46491140e+01
1.48600000e+00,-7.84352843e-03,2.75262818e-02,2.99143830e-02,6.95290724e-02,0.00000000e+00,0.00000000e+00,1.45471772e-01,1.63873507e-02,1.42562337e+02,1.60596037e+01
1.48800000e+00,-7.79818450e-03,1.78214061e-02,3.00486707e-02,6.47630665e-02,0.00000000e+00,0.00000000e+00,1.45043408e-01,1.65087114e-02,1.42142540e+02,1.61785372e+01
1.49000000e+00,-7.77219161e-03,8.19332207e-03,3.01732710e-02,5.97506662e-02,0.00000000e+00,0.00000000e+00,1.43425783e-01,1.60501792e-02,1.40557268e+02,1.57291757e+01
1.49200000e+00,-7.76535101e-03,-1.34447191e-03,3.02874946e-02,5.44701644e-02,0.00000000e+00,0.00000000e+00,1.42838763e-01,1.61112971e-02,1.39981987e+02,1.57890712e+01
1.49400000e+00,-7.77753743e-03,-1.08341607e-02,3.03911524e-02,4.91908020e-02,0.00000000e+00,0.00000000e+00,1.42362409e-01,1.62028093e-02,1.39515160e+02,1.58787531e+01
1.49600000e+00,-7.80864913e-03,-2.02660598e-02,3.04842505e-02,4.39003821e-02,0.00000000e+00,0.00000000e+00,1.41703800e-01,1.62232413e-02,1.38869724e+02,1.58987765e+01
1.49800000e+00,-7.85855338e-03,-2.96255328e-02,3.05667256e-02,3.85675470e-02,0.00000000e+00,0.00000000e+00,1.41039131e-01,1.62337750e-02,1.38218348e+02,1.59090995e+01
1.50000000e+00,-7.92709906e-03,-3.89067124e-02,3.06384956e-02,3.31971240e-02,0.00000000e+00,0.00000000e+00,1.40395909e-01,1.62490628e-02,1.37587991e+02,1.59240815e+01
1.50200000e+00,-8.01472558e-03,-4.90058544e-02,3.07016713e-02,3.10618911e-02,0.00000000e+00,0.00000000e+00,1.60828010e-01,2.31160080e-02,1.57611449e+02,2.26536879e+01
1.50400000e+00,-8.12296089e-03,-5.88626567e-02,3.07622138e-02,2.81330600e-02,0.00000000e+00,0.00000000e+00,1.35574895e-01,1.46704341e-02,1.32863397e+02,1.43770254e+01
1.50600000e+00,-8.24951931e-03,-6.77341547e-02,3.08120193e-02,2.19280774e-02,0.00000000e+00,0.00000000e+00,1.38801140e-01,1.63131489e-02,1.36025117e+02,1.59868859e+01
1.50800000e+00,-8.39394619e-03,-7.66786658e-02,3.08504894e-02,1.65678677e-02,0.00000000e+00,0.00000000e+00,1.38423448e-01,1.65007693e-02,1.35654979e+02,1.61707540e+01
1.51000000e+00,-8.55613244e-03,-8.54708954e-02,3.08781607e-02,1.10126051e-02,0.00000000e+00,0.00000000e+00,1.36530656e-01,1.59454933e-02,1.33800043e+02,1.56265834e+01
1.51200000e+00,-8.73571566e-03,-9.40919761e-02,3.08943770e-02,5.21325086e-03,0.00000000e+00,0.00000000e+00,1.35854868e-01,1.60139579e-02,1.33137771e+02,1.56936787e+01
1.51400000e+00,-8.93242041e-03,-1.02593158e-01,3.08990676e-02,-5.05314359e-04,0.00000000e+00,0.00000000e+00,1.35299909e-01,1.61241115e-02,1.32593911e+02,1.58016292e+01
1.51600000e+00,-9.14600351e-03,-1.10967173e-01,3.08923997e-02,-6.15803389e-03,0.00000000e+00,0.00000000e+00,1.34592581e-01,1.61449517e-02,1.31900729e+02,1.58220526e+01
1.51800000e+00,-9.37619446e-03,-1.19199231e-01,3.08744547e-02,-1.17818042e-02,0.00000000e+00,0.00000000e+00,1.33828155e-01,1.61615378e-02,1.31151592e+02,1.58383070e+01
1.52000000e+00,-9.62270112e-03,-1.27282323e-01,3.08452960e-02,-1.73702850e-02,0.00000000e+00,0.00000000e+00,1.33090867e-01,1.61796528e-02,1.30429050e+02,1.58560597e+01
1.52200000e+00,-9.88589587e-03,-1.36223523e-01,3.08075465e-02,-1.90999875e-02,0.00000000e+00,0.00000000e+00,1.55993147e-01,2.42084190e-02,1.52873284e+02,2.37242506e+01
1.52400000e+00,-1.01673986e-02,-1.44869798e-01,3.07683935e-02,-2.15830276e-02,0.00000000e+00,0.00000000e+00,1.28460278e-01,1.45428526e-02,1.25891073e+02,1.42519956e+01
1.52600000e+00,-1.04646188e-02,-1.52381718e-01,3.07187124e-02,-2.78188798e-02,0.00000000e+00,0.00000000e+00,1.31882030e-01,1.62629469e-02,1.29244389e+02,1.59376880e+01
1.52800000e+00,-1.07769454e-02,-1.59923537e-01,3.06577804e-02,-3.30613223e-02,0.00000000e+00,0.00000000e+00,1.31677673e-01,1.65431364e-02,1.29044120e+02,1.62122737e+01
1.53000000e+00,-1.11041733e-02,-1.67255921e-01,3.05863896e-02,-3.84199314e-02,0.00000000e+00,0.00000000e+00,1.29629207e-01,1.59192764e-02,1.27036623e+02,1.56008908e+01
1.53200000e+00,-1.14458121e-02,-1.74352861e-01,3.05039621e-02,-4.39863798e-02,0.00000000e+00,0.00000000e+00,1.28935766e-01,1.59914085e-02,1.26357051e+02,1.56715803e+01
1.53400000e+00,-1.18014670e-02,-1.81273196e-01,3.04105437e-02,-4.94034797e-02,0.00000000e+00,0.00000000e+00,1.28377383e-01,1.61015271e-02,1.25809835e+02,1.57794965e+01
1.53600000e+00,-1.21707837e-02,-1.88011783e-01,3.03064442e-02,-5.46765702e-02,0.00000000e+00,0.00000000e+00,1.27675974e-01,1.61471309e-02,1.25122455e+02,1.58241883e+01
1.53800000e+00,-1.25533842e-02,-1.94555395e-01,3.01919085e-02,-5.98429701e-02,0.00000000e+00,0.00000000e+00,1.26917761e-01,1.61639637e-02,1.24379406e+02,1.58406844e+01
1.54000000e+00,-1.29488705e-02,-2.00896822e-01,3.00671375e-02,-6.49116263e-02,0.00000000e+00,0.00000000e+00,1.26153888e-01,1.61761263e-02,1.23630811e+02,1.58526038e+01
1.54200000e+00,-1.33575072e-02,-2.08041873e-01,2.99350331e-02,-6.58243266e-02,0.00000000e+00,0.00000000e+00,1.49004207e-01,2.46995316e-02,1.46024123e+02,2.42055410e+01
1.54400000e+00,-1.37808283e-02,-2.14872427e-01,2.98034212e-02,-6.73649793e-02,0.00000000e+00,0.00000000e+00,1.22231062e-01,1.46700217e-02,1.19786441e+02,1.43766213e+01
1.54600000e+00,-1.42162232e-02,-2.20542477e-01,2.96629538e-02,-7.28344178e-02,0.00000000e+00,0.00000000e+00,1.25417468e-01,1.62546783e-02,1.22909119e+02,1.59295848e+01
1.54800000e+00,-1.46629876e-02,-2.26196613e-01,2.95127747e-02,-7.72672964e-02,0.00000000e+00,0.00000000e+00,1.25483111e-01,1.66330617e-02,1.22973449e+02,1.63004004e+01
1.55000000e+00,-1.51208490e-02,-2.31609749e-01,2.93538770e-02,-8.17116079e-02,0.00000000e+00,0.00000000e+00,1.23501237e-01,1.60054651e-02,1.21031212e+02,1.56853557e+01
1.55200000e+00,-1.55892409e-02,-2.36744342e-01,2.91858184e-02,-8.63205805e-02,0.00000000e+00,0.00000000e+00,1.22776798e-01,1.60492461e-02,1.20321262e+02,1.57282611e+01
1.55400000e+00,-1.60676821e-02,-2.41662572e-01,2.90087236e-02,-9.07362115e-02,0.00000000e+00,0.00000000e+00,1.22330840e-01,1.61601144e-02,1.19884223e+02,1.58369121e+01
1.55600000e+00,-1.65557478e-02,-2.46365740e-01,2.88230117e-02,-9.49447320e-02,0.00000000e+00,0.00000000e+00,1.21716224e-01,1.62203990e-02,1.19281900e+02,1.58959910e+01
1.55800000e+00,-1.70529928e-02,-2.50840425e-01,2.86290553e-02,-9.89872746e-02,0.00000000e+00,0.00000000e+00,1.21032537e-01,1.62330819e-02,1.18611887e+02,1.59084203e+01
1.56000000e+00,-1.75589528e-02,-2.55080192e-01,2.84271645e-02,-1.02876994e-01,0.00000000e+00,0.00000000e+00,1.20339604e-01,1.62543588e-02,1.17932812e+02,1.59292716e+01
1.56200000e+00,-1.80737295e-02,-2.59943880e-01,2.82201218e-02,-1.02905652e-01,0.00000000e+00,0.00000000e+00,1.39795351e-01,2.40422040e-02,1.36999444e+02,2.35613599e+01
1.56400000e+00,-1.85985251e-02,-2.64502705e-01,2.80152241e-02,-1.03410651e-01,0.00000000e+00,0.00000000e+00,1.17479774e-01,1.49614351e-02,1.15130179e+02,1.46622064e+01
1.56600000e+00,-1.91310581e-02,-2.68038271e-01,2.78041228e-02,-1.07450024e-01,0.00000000e+00,0.00000000e+00,1.20217328e-01,1.63237226e-02,1.17812981e+02,1.59972481e+01
1.56800000e+00,-1.96706422e-02,-2.71519952e-01,2.75860987e-02,-1.10477360e-01,0.00000000e+00,0.00000000e+00,1.20611059e-01,1.67755134e-02,1.18198838e+02,1.64400031e+01
1.57000000e+00,-2.02169702e-02,-2.74750090e-01,2.73622739e-02,-1.13413939e-01,0.00000000e+00,0.00000000e+00,1.18785840e-01,1.61956442e-02,1.16410123e+02,1.58717314e+01
1.57200000e+00,-2.07694453e-02,-2.77684281e-01,2.71323692e-02,-1.16461192e-01,0.00000000e+00,0.00000000e+00,1.18193408e-01,1.62160294e-02,1.15829540e+02,1.58917088e+01
1.57400000e+00,-2.13275500e-02,-2.80382509e-01,2.68965750e-02,-1.19289673e-01,0.00000000e+00,0.00000000e+00,1.17816806e-01,1.63191688e-02,1.15460469e+02,1.59927855e+01
1.57600000e+00,-2.18908208e-02,-2.82848981e-01,2.66553668e-02,-1.21883674e-01,0.00000000e+00,0.00000000e+00,1.17365792e-01,1.63646951e-02,1.15018477e+02,1.60374012e+01
1.57800000e+00,-2.24587865e-02,-2.85076235e-01,2.64091683e-02,-1.24285708e-01,0.00000000e+00,0.00000000e+00,1.16854110e-01,1.63713856e-02,1.14517028e+02,1.60439579e+01
1.58000000e+00,-2.30309635e-02,-2.87060062e-01,2.61583503e-02,-1.26498308e-01,0.00000000e+00,0.00000000e+00,1.16340143e-01,1.64049246e-02,1.14013340e+02,1.60768261e+01
1.58200000e+00,-2.36072996e-02,-2.89453177e-01,2.59053436e-02,-1.25458552e-01,0.00000000e+00,0.00000000e+00,1.31113788e-01,2.28366501e-02,1.28491512e+02,2.23799171e+01
1.58400000e+00,-2.41885932e-02,-2.91571878e-01,2.56563091e-02,-1.24728981e-01,0.00000000e+00,0.00000000e+00,1.14663355e-01,1.53973152e-02,1.12370088e+02,1.50893689e+01
1.58600000e+00,-2.47730452e-02,-2.92877733e-01,2.54045129e-02,-1.26871407e-01,0.00000000e+00,0.00000000e+00,1.16885414e-01,1.64495709e-02,1.14547705e+02,1.61205795e+01
1.58800000e+00,-2.53600489e-02,-2.94100750e-01,2.51494201e-02,-1.28119038e-01,0.00000000e+00,0.00000000e+00,1.17514426e-01,1.69116212e-02,1.15164137e+02,1.65733888e+01
1.59000000e+00,-2.59492908e-02,-2.95087757e-01,2.48921468e-02,-1.29201616e-01,0.00000000e+00,0.00000000e+00,1.16176362e-01,1.64289069e-02,1.13852835e+02,1.61003287e+01
1.59200000e+00,-2.65402128e-02,-2.95794020e-01,2.46325783e-02,-1.30337082e-01,0.00000000e+00,0.00000000e+00,1.15775006e-01,1.64302756e-02,1.13459505e+02,1.61016701e+01
1.59400000e+00,-2.71323119e-02,-2.96267763e-01,2.43709473e-02,-1.31249366e-01,0.00000000e+00,0.00000000e+00,1.15574368e-01,1.65239951e-02,1.13262880e+02,1.61935152e+01
1.59600000e+00,-2.77251347e-02,-2.96517790e-01,2.41077405e-02,-1.31922234e-01,0.00000000e+00,0.00000000e+00,1.15385540e-01,1.65570905e-02,1.13077829e+02,1.62259487e+01
1.59800000e+00,-2.83182297e-02,-2.96537729e-01,2.38433957e-02,-1.32389013e-01,0.00000000e+00,0.00000000e+00,1.15039196e-01,1.65791449e-02,1.12738413e+02,1.62475620e+01
1.60000000e+00,-2.89111276e-02,-2.96320665e-01,2.35783096e-02,-1.32668054e-01,0.00000000e+00,0.00000000e+00,1.14688078e-01,1.65725836e-02,1.12394317e+02,1.62411319e+01
1.60200000e+00,-2.95036721e-02,-2.96343222e-01,2.33144097e-02,-1.30418197e-01,0.00000000e+00,0.00000000e+00,1.25476030e-01,2.15097197e-02,1.22966509e+02,2.10795253e+01
1.60400000e+00,-3.00963553e-02,-2.96148111e-01,2.30565530e-02,-1.28293910e-01,0.00000000e+00,0.00000000e+00,1.14439992e-01,1.59394301e-02,1.12151192e+02,1.56206415e+01
1.60600000e+00,-3.06878523e-02,-2.95334646e-01,2.27997937e-02,-1.28330018e-01,0.00000000e+00,0.00000000e+00,1.15858536e-01,1.66083183e-02,1.13541365e+02,1.62761519e+01
1.60800000e+00,-3.12776218e-02,-2.94413071e-01,2.25437040e-02,-1.27659517e-01,0.00000000e+00,0.00000000e+00,1.16731860e-01,1.70565284e-02,1.14397223e+02,1.67153979e+01
1.61000000e+00,-3.18653705e-02,-2.93290464e-01,2.22893030e-02,-1.26767925e-01,0.00000000e+00,0.00000000e+00,1.15963315e-01,1.67085817e-02,1.13644049e+02,1.63744100e+01
1.61200000e+00,-3.24506202e-02,-2.91922654e-01,2.20366312e-02,-1.25877959e-01,0.00000000e+00,0.00000000e+00,1.15785093e-01,1.66918050e-02,1.13469391e+02,1.63579689e+01
1.61400000e+00,-3.30329217e-02,-2.90345720e-01,2.17859197e-02,-1.24795312e-01,0.00000000e+00,0.00000000e+00,1.15836414e-01,1.67544329e-02,1.13519685e+02,1.64193442e+01
1.61600000e+00,-3.36118714e-02,-2.88571203e-01,2.15375925e-02,-1.23498998e-01,0.00000000e+00,0.00000000e+00,1.15901346e-01,1.67850249e-02,1.13583319e+02,1.64493244e+01
1.61800000e+00,-3.41870737e-02,-2.86597391e-01,2.12920450e-02,-1.22020786e-01,0.00000000e+00,0.00000000e+00,1.15882864e-01,1.67848618e-02,1.13565207e+02,1.64491645e+01
1.62000000e+00,-3.47581256e-02,-2.84420593e-01,2.10496214e-02,-1.20374412e-01,0.00000000e+00,0.00000000e+00,1.15828483e-01,1.67910165e-02,1.13511913e+02,1.64551962e+01
1.62200000e+00,-3.53248096e-02,-2.82324209e-01,2.08116589e-02,-1.17060930e-01,0.00000000e+00,0.00000000e+00,1.22396720e-01,1.99430419e-02,1.19948786e+02,1.95441811e+01
1.62400000e+00,-3.58873209e-02,-2.80075490e-01,2.05814065e-02,-1.13704088e-01,0.00000000e+00,0.00000000e+00,1.16869500e-01,1.65515170e-02,1.14532110e+02,1.62204866e+01
1.62600000e+00,-3.64448428e-02,-2.77423597e-01,2.03559498e-02,-1.11686338e-01,0.00000000e+00,0.00000000e+00,1.17537516e-01,1.68094087e-02,1.15186766e+02,1.64732205e+01
1.62800000e+00,-3.69969369e-02,-2.74654187e-01,2.01349798e-02,-1.09190777e-01,0.00000000e+00,0.00000000e+00,1.18641588e-01,1.72377896e-02,1.16268756e+02,1.68930338e+01
1.63000000e+00,-3.75433585e-02,-2.71733228e-01,1.99193457e-02,-1.06456601e-01,0.00000000e+00,0.00000000e+00,1.18468561e-01,1.70010945e-02,1.16099190e+02,1.66610726e+01
1.63200000e+00,-3.80837440e-02,-2.68623614e-01,1.97091670e-02,-1.03702043e-01,0.00000000e+00,0.00000000e+00,1.18657123e-01,1.69791975e-02,1.16283980e+02,1.66396135e+01
1.63400000e+00,-3.86177412e-02,-2.65346398e-01,1.95046337e-02,-1.00803325e-01,0.00000000e+00,0.00000000e+00,1.18924568e-01,1.70103246e-02,1.16546077e+02,1.66701181e+01
1.63600000e+00,-3.91450217e-02,-2.61907336e-01,1.93060602e-02,-9.77448723e-02,0.00000000e+00,0.00000000e+00,1.19193471e-01,1.70295677e-02,1.16809602e+02,1.66889763e+01
1.63800000e+00,-3.96652634e-02,-2.58307497e-01,1.91137488e-02,-9.45445656e-02,0.00000000e+00,0.00000000e+00,1.19429100e-01,1.70320480e-02,1.17040518e+02,1.66914070e+01
1.64000000e+00,-4.01781455e-02,-2.54548416e-01,1.89279717e-02,-9.12096031e-02,0.00000000e+00,0.00000000e+00,1.19674416e-01,1.70454625e-02,1.17280927e+02,1.67045532e+01
1.64200000e+00,-4.06834411e-02,-2.50765429e-01,1.87494942e-02,-8.69990716e-02,0.00000000e+00,0.00000000e+00,1.23010881e-01,1.86132918e-02,1.20550663e+02,1.82410259e+01
1.64400000e+00,-4.11811469e-02,-2.46891969e-01,1.85800714e-02,-8.26444604e-02,0.00000000e+00,0.00000000e+00,1.21638802e-01,1.71039862e-02,1.19206026e+02,1.67619065e+01
1.64600000e+00,-4.16708616e-02,-2.42797367e-01,1.84184861e-02,-7.89351744e-02,0.00000000e+00,0.00000000e+00,1.21857664e-01,1.70264052e-02,1.19420511e+02,1.66858771e+01
1.64800000e+00,-4.21522659e-02,-2.38597060e-01,1.82644798e-02,-7.50023487e-02,0.00000000e+00,0.00000000e+00,1.23115695e-01,1.73516102e-02,1.20653381e+02,1.70045780e+01
1.65000000e+00,-4.26251846e-02,-2.34299008e-01,1.81186233e-02,-7.08495748e-02,0.00000000e+00,0.00000000e+00,1.23451614e-01,1.72780171e-02,1.20982582e+02,1.69324568e+01
1.65200000e+00,-4.30893738e-02,-2.29868735e-01,1.79811190e-02,-6.66405753e-02,0.00000000e+00,0.00000000e+00,1.23833369e-01,1.72714811e-02,1.21356702e+02,1.69260514e+01
1.65400000e+00,-4.35445790e-02,-2.25317618e-01,1.78521123e-02,-6.23546295e-02,0.00000000e+00,0.00000000e+00,1.24362245e-01,1.72534878e-02,1.21875000e+02,1.69084180e+01
1.65600000e+00,-4.39905698e-02,-2.20654779e-01,1.77317544e-02,-5.79877244e-02,0.00000000e+00,0.00000000e+00,1.24882427e-01,1.72676986e-02,1.22384778e+02,1.69223446e+01
1.65800000e+00,-4.44271243e-02,-2.15881227e-01,1.76202191e-02,-5.35343745e-02,0.00000000e+00,0.00000000e+00,1.25358296e-01,1.72737872e-02,1.22851130e+02,1.69283114e+01
1.66000000e+00,-4.48540245e-02,-2.11002341e-01,1.75176666e-02,-4.90065054e-02,0.00000000e+00,0.00000000e+00,1.25925805e-01,1.72757674e-02,1.23407289e+02,1.69302521e+01
1.66200000e+00,-4.52710885e-02,-2.06055776e-01,1.74243657e-02,-4.42196895e-02,0.00000000e+00,0.00000000e+00,1.27201573e-01,1.76821067e-02,1.24657542e+02,1.73284646e+01
1.66400000e+00,-4.56782224e-02,-2.01071370e-01,1.73409116e-02,-3.92472931e-02,0.00000000e+00,0.00000000e+00,1.28385422e-01,1.75440460e-02,1.25817714e+02,1.71931651e+01
1.66600000e+00,-4.60753192e-02,-1.96004766e-01,1.72673011e-02,-3.43880454e-02,0.00000000e+00,0.00000000e+00,1.28543039e-01,1.73374563e-02,1.25972178e+02,1.69907072e+01
1.66800000e+00,-4.64621809e-02,-1.90847431e-01,1.72033523e-02,-2.95394572e-02,0.00000000e+00,0.00000000e+00,1.29444335e-01,1.74283458e-02,1.26855448e+02,1.70797789e+01
1.67000000e+00,-4.68386716e-02,-1.85634044e-01,1.71492115e-02,-2.45885513e-02,0.00000000e+00,0.00000000e+00,1.30327881e-01,1.74728618e-02,1.27721323e+02,1.71234045e+01
1.67200000e+00,-4.72046779e-02,-1.80361772e-01,1.71050287e-02,-1.95917550e-02,0.00000000e+00,0.00000000e+00,1.31077638e-01,1.74595130e-02,1.28456085e+02,1.71103228e+01
1.67400000e+00,-4.75600754e-02,-1.75024554e-01,1.70708592e-02,-1.45728095e-02,0.00000000e+00,0.00000000e+00,1.31733222e-01,1.74684930e-02,1.29098558e+02,1.71191232e+01
1.67600000e+00,-4.79047348e-02,-1.69625510e-01,1.70467503e-02,-9.53455202e-03,0.00000000e+00,0.00000000e+00,1.32468463e-01,1.74635516e-02,1.29819094e+02,1.71142806e+01
1.67800000e+00,-4.82385410e-02,-1.64171834e-01,1.70327298e-02,-4.48313905e-03,0.00000000e+00,0.00000000e+00,1.33203783e-01,1.74740165e-02,1.30539707e+02,1.71245362e+01
1.68000000e+00,-4.85613889e-02,-1.58668256e-01,1.70288216e-02,5.74102477e-04,0.00000000e+00,0.00000000e+00,1.33960319e-01,1.74681382e-02,1.31281113e+02,1.71187754e+01
1.68200000e+00,-4.88731161e-02,-1.53017767e-01,1.70348017e-02,5.29459420e-03,0.00000000e+00,0.00000000e+00,1.32338465e-01,1.67737489e-02,1.29691695e+02,1.64382739e+01
1.68400000e+00,-4.91734644e-02,-1.47373887e-01,1.70501384e-02,1.02226269e-02,0.00000000e+00,0.00000000e+00,1.36589792e-01,1.79237389e-02,1.33857996e+02,1.75652641e+01
1.68600000e+00,-4.94626649e-02,-1.41809931e-01,1.70759218e-02,1.54951483e-02,0.00000000e+00,0.00000000e+00,1.36589538e-01,1.75314858e-02,1.33857748e+02,1.71808561e+01
1.68800000e+00,-4.97406632e-02,-1.36184590e-01,1.71119627e-02,2.05332733e-02,0.00000000e+00,0.00000000e+00,1.37447711e-01,1.74811658e-02,1.34698757e+02,1.71315425e+01
1.69000000e+00,-5.00073956e-02,-1.30547797e-01,1.71580665e-02,2.55887350e-02,0.00000000e+00,0.00000000e+00,1.38522333e-01,1.76316823e-02,1.35751887e+02,1.72790487e+01
1.69200000e+00,-5.02628444e-02,-1.24896002e-01,1.72143265e-02,3.06574681e-02,0.00000000e+00,0.00000000e+00,1.39205512e-01,1.75873195e-02,1.36421401e+02,1.72355731e+01
1.69400000e+00,-5.05069694e-02,-1.19228895e-01,1.72806518e-02,3.56594323e-02,0.00000000e+00,0.00000000e+00,1.40180522e-01,1.75842396e-02,1.37376912e+02,1.72325548e+01
1.69600000e+00,-5.07397566e-02,-1.13556718e-01,1.73569316e-02,4.06124083e-02,0.00000000e+00,0.00000000e+00,1.41010483e-01,1.75914395e-02,1.38190274e+02,1.72396107e+01
1.69800000e+00,-5.09611983e-02,-1.07887589e-01,1.74430809e-02,4.55345383e-02,0.00000000e+00,0.00000000e+00,1.42082602e-01,1.76405542e-02,1.39240950e+02,1.72877431e+01
1.70000000e+00,-5.11713097e-02,-1.02222619e-01,1.75390362e-02,5.04063864e-02,0.00000000e+00,0.00000000e+00,1.42845966e-01,1.76209824e-02,1.39989047e+02,1.72685627e+01
1.70200000e+00,-5.13699468e-02,-9.63446960e-02,1.76440613e-02,5.43107084e-02,0.00000000e+00,0.00000000e+00,1.38751677e-01,1.57580319e-02,1.35976643e+02,1.54428713e+01
1.70400000e+00,-5.15567265e-02,-9.05238509e-02,1.77564731e-02,5.85059524e-02,0.00000000e+00,0.00000000e+00,1.45728590e-01,1.83906693e-02,1.42814018e+02,1.80228559e+01
1.70600000e+00,-5.17321736e-02,-8.49000403e-02,1.78785986e-02,6.34713667e-02,0.00000000e+00,0.00000000e+00,1.44810929e-01,1.75469983e-02,1.41914710e+02,1.71960583e+01
1.70800000e+00,-5.18962751e-02,-7.91988273e-02,1.80099724e-02,6.78576145e-02,0.00000000e+00,0.00000000e+00,1.45282766e-01,1.73608663e-02,1.42377111e+02,1.70136490e+01
1.71000000e+00,-5.20489947e-02,-7.35363199e-02,1.81500218e-02,7.22329312e-02,0.00000000e+00,0.00000000e+00,1.46985241e-01,1.77223556e-02,1.44045537e+02,1.73679085e+01
1.71200000e+00,-5.21904578e-02,-6.79299991e-02,1.82989268e-02,7.66422967e-02,0.00000000e+00,0.00000000e+00,1.47773397e-01,1.76432440e-02,1.44817929e+02,1.72903792e+01
1.71400000e+00,-5.23207292e-02,-6.23454655e-02,1.84564823e-02,8.08887086e-02,0.00000000e+00,0.00000000e+00,1.48580599e-01,1.76036519e-02,1.45608987e+02,1.72515789e+01
1.71600000e+00,-5.24398620e-02,-5.67943566e-02,1.86224016e-02,8.50149902e-02,0.00000000e+00,0.00000000e+00,1.49549643e-01,1.76264275e-02,1.46558651e+02,1.72738990e+01
1.71800000e+00,-5.25479379e-02,-5.12900860e-02,1.87964843e-02,8.90543291e-02,0.00000000e+00,0.00000000e+00,1.50579839e-01,1.76681944e-02,1.47568242e+02,1.73148305e+01
1.72000000e+00,-5.26450564e-02,-4.58369049e-02,1.89785648e-02,9.30125135e-02,0.00000000e+00,0.00000000e+00,1.51558568e-01,1.77145779e-02,1.48527397e+02,1.73602863e+01
1.72200000e+00,-5.27310666e-02,-4.00554653e-02,1.91674252e-02,9.53071672e-02,0.00000000e+00,0.00000000e+00,1.43634547e-01,1.44450844e-02,1.40761856e+02,1.41561827e+01
1.72400000e+00,-5.28053493e-02,-3.43805780e-02,1.93600344e-02,9.79630143e-02,0.00000000e+00,0.00000000e+00,1.54678591e-01,1.87470649e-02,1.51585020e+02,1.83721236e+01
1.72600000e+00,-5.28688288e-02,-2.90654559e-02,1.95601361e-02,1.01907087e-01,0.00000000e+00,0.00000000e+00,1.52581063e-01,1.74332282e-02,1.49529442e+02,1.70845637e+01
1.72800000e+00,-5.29215529e-02,-2.36630397e-02,1.97670770e-02,1.04972661e-01,0.00000000e+00,0.00000000e+00,1.53091229e-01,1.71974461e-02,1.50029405e+02,1.68534972e+01
1.73000000e+00,-5.29635331e-02,-1.83387812e-02,1.99800039e-02,1.08003980e-01,0.00000000e+00,0.00000000e+00,1.54771917e-01,1.76642923e-02,1.51676479e+02,1.73110065e+01
1.73200000e+00,-5.29949698e-02,-1.31071659e-02,2.01991149e-02,1.11068302e-01,0.00000000e+00,0.00000000e+00,1.55534074e-01,1.75784687e-02,1.52423392e+02,1.72268993e+01
1.73400000e+00,-5.30160058e-02,-7.94160249e-03,2.04241447e-02,1.13934100e-01,0.00000000e+00,0.00000000e+00,1.56508231e-01,1.75678807e-02,1.53378066e+02,1.72165231e+01
1.73600000e+00,-5.30267830e-02,-2.84616867e-03,2.06547525e-02,1.16651639e-01,0.00000000e+00,0.00000000e+00,1.57281635e-01,1.75955949e-02,1.54136002e+02,1.72436830e+01
1.73800000e+00,-5.30274403e-02,2.17442410e-03,2.08906718e-02,1.19249939e-01,0.00000000e+00,0.00000000e+00,1.58282985e-01,1.76535563e-02,1.55117325e+02,1.73004852e+01
1.74000000e+00,-5.30181383e-02,7.11557505e-03,2.11316478e-02,1.21691632e-01,0.00000000e+00,0.00000000e+00,1.59082261e-01,1.76101176e-02,1.55900616e+02,1.72579153e+01
1.74200000e+00,-5.29987222e-02,1.24405112e-02,2.13760167e-02,1.22001209e-01,0.00000000e+00,0.00000000e+00,1.49177608e-01,1.35269395e-02,1.46194056e+02,1.32564007e+01
1.74400000e+00,-5.29684645e-02,1.76329559e-02,2.16199635e-02,1.22776896e-01,0.00000000e+00,0.00000000e+00,1.61953177e-01,1.89370004e-02,1.58714114e+02,1.85582604e+01
1.74600000e+00,-5.29284800e-02,2.23908541e-02,2.18681958e-02,1.25159770e-01,0.00000000e+00,0.00000000e+00,1.59024665e-01,1.72539510e-02,1.55844171e+02,1.69088720e+01
1.74800000e+00,-5.28788290e-02,2.72569116e-02,2.21198448e-02,1.26406027e-01,0.00000000e+00,0.00000000e+00,1.59040340e-01,1.69101952e-02,1.55859533e+02,1.65719913e+01
1.75000000e+00,-5.28195195e-02,3.20223194e-02,2.23737868e-02,1.27602661e-01,0.00000000e+00,0.00000000e+00,1.60911999e-01,1.75121065e-02,1.57693759e+02,1.71618644e+01
1.75200000e+00,-5.27508291e-02,3.66536633e-02,2.26303019e-02,1.28868973e-01,0.00000000e+00,0.00000000e+00,1.61631279e-01,1.74223638e-02,1.58398654e+02,1.70739165e+01
1.75400000e+00,-5.26729576e-02,4.12059284e-02,2.28891030e-02,1.29895831e-01,0.00000000e+00,0.00000000e+00,1.62142803e-01,1.73787761e-02,1.58899947e+02,1.70312006e+01
1.75600000e+00,-5.25860633e-02,4.56714057e-02,2.31497661e-02,1.30744078e-01,0.00000000e+00,0.00000000e+00,1.62968236e-01,1.74194787e-02,1.59708871e+02,1.70710892e+01
1.75800000e+00,-5.24903436e-02,5.00293758e-02,2.34119994e-02,1.31472348e-01,0.00000000e+00,0.00000000e+00,1.63891441e-01,1.75012581e-02,1.60613612e+02,1.71512329e+01
1.76000000e+00,-5.23860159e-02,5.42821940e-02,2.36755544e-02,1.32049007e-01,0.00000000e+00,0.00000000e+00,1.64591126e-01,1.74775042e-02,1.61299304e+02,1.71279541e+01
1.76200000e+00,-5.22728970e-02,5.90117597e-02,2.39385129e-02,1.30102328e-01,0.00000000e+00,0.00000000e+00,1.51846286e-01,1.25808911e-02,1.48809360e+02,1.23292732e+01
1.76400000e+00,-5.21500667e-02,6.35945909e-02,2.41962938e-02,1.28650456e-01,0.00000000e+00,0.00000000e+00,1.67036848e-01,1.88853491e-02,1.63696111e+02,1.85076421e+01
1.76600000e+00,-5.20188740e-02,6.76443230e-02,2.44543872e-02,1.29107247e-01,0.00000000e+00,0.00000000e+00,1.63248774e-01,1.69555614e-02,1.59983799e+02,1.66164502e+01
1.76800000e+00,-5.18794097e-02,7.18136391e-02,2.47118882e-02,1.28312301e-01,0.00000000e+00,0.00000000e+00,1.63121050e-01,1.66260999e-02,1.59858629e+02,1.62935779e+01
1.77000000e+00,-5.17317080e-02,7.58501389e-02,2.49676515e-02,1.27539984e-01,0.00000000e+00,0.00000000e+00,1.65163237e-01,1.73687866e-02,1.61859973e+02,1.70214109e+01
1.77200000e+00,-5.15761086e-02,7.97373368e-02,2.52221146e-02,1.26867401e-01,0.00000000e+00,0.00000000e+00,1.65355558e-01,1.71992149e-02,1.62048447e+02,1.68552306e+01
1.77400000e+00,-5.14128131e-02,8.35428984e-02,2.54749389e-02,1.25921446e-01,0.00000000e+00,0.00000000e+00,1.65753431e-01,1.71565244e-02,1.62438362e+02,1.68133939e+01
1.77600000e+00,-5.12420075e-02,8.72427638e-02,2.57256991e-02,1.24823605e-01,0.00000000e+00,0.00000000e+00,1.66446250e-01,1.72390783e-02,1.63117325e+02,1.68942968e+01
1.77800000e+00,-5.10639188e-02,9.08274869e-02,2.59741589e-02,1.23614227e-01,0.00000000e+00,0.00000000e+00,1.67004921e-01,1.72778366e-02,1.63664823e+02,1.69322799e+01
1.78000000e+00,-5.08787721e-02,9.43004448e-02,2.62200604e-02,1.22261441e-01,0.00000000e+00,0.00000000e+00,1.67560758e-01,1.72898921e-02,1.64209543e+02,1.69440943e+01
1.78200000e+00,-5.06864606e-02,9.81580314e-02,2.64616691e-02,1.18605665e-01,0.00000000e+00,0.00000000e+00,1.56462423e-01,1.27902030e-02,1.53333174e+02,1.25343990e+01
1.78400000e+00,-5.04862301e-02,1.01880436e-01,2.66948133e-02,1.15444933e-01,0.00000000e+00,0.00000000e+00,1.69101036e-01,1.86637128e-02,1.65719015e+02,1.82904385e+01
1.78600000e+00,-5.02792423e-02,1.05147636e-01,2.69246226e-02,1.14044749e-01,0.00000000e+00,0.00000000e+00,1.65422839e-01,1.68143367e-02,1.62114382e+02,1.64780499e+01
1.78800000e+00,-5.00655687e-02,1.08521110e-01,2.71501614e-02,1.11398313e-01,0.00000000e+00,0.00000000e+00,1.64887194e-01,1.63710668e-02,1.61589450e+02,1.60436455e+01
1.79000000e+00,-4.98452414e-02,1.11769288e-01,2.73702100e-02,1.08743174e-01,0.00000000e+00,0.00000000e+00,1.66565516e-01,1.71115456e-02,1.63234206e+02,1.67693147e+01
1.79200000e+00,-4.96185946e-02,1.14862941e-01,2.75852363e-02,1.06241403e-01,0.00000000e+00,0.00000000e+00,1.66660518e-01,1.70011720e-02,1.63327307e+02,1.66611485e+01
1.79400000e+00,-4.93858474e-02,1.17870080e-01,2.77950308e-02,1.03522373e-01,0.00000000e+00,0.00000000e+00,1.66699483e-01,1.69563226e-02,1.63365494e+02,1.66171961e+01
1.79600000e+00,-4.91471826e-02,1.20774663e-01,2.79992450e-02,1.00682146e-01,0.00000000e+00,0.00000000e+00,1.67120627e-01,1.70396675e-02,1.63778215e+02,1.66988742e+01
1.79800000e+00,-4.89028239e-02,1.23566479e-01,2.81976979e-02,9.77497105e-02,0.00000000e+00,0.00000000e+00,1.67351270e-01,1.70474706e-02,1.64004245e+02,1.67065212e+01
1.80000000e+00,-4.86529916e-02,1.26245917e-01,2.83901607e-02,9.46925400e-02,0.00000000e+00,0.00000000e+00,1.67718152e-01,1.70540343e-02,1.64363789e+02,1.67129536e+01
1.80200000e+00,-4.83976101e-02,1.29270434e-01,2.85750938e-02,8.95742789e-02,0.00000000e+00,0.00000000e+00,1.57214731e-01,1.29872460e-02,1.54070437e+02,1.27275010e+01
1.80400000e+00,-4.81359934e-02,1.32169693e-01,2.87487964e-02,8.49637330e-02,0.00000000e+00,0.00000000e+00,1.68522026e-01,1.83700986e-02,1.65151585e+02,1.80026966e+01
1.80600000e+00,-4.78692059e-02,1.34657236e-01,2.89160147e-02,8.19520773e-02,0.00000000e+00,0.00000000e+00,1.64667571e-01,1.65833079e-02,1.61374220e+02,1.62516417e+01
1.80800000e+00,-4.75972961e-02,1.37247321e-01,2.90758302e-02,7.77787168e-02,0.00000000e+00,0.00000000e+00,1.63916822e-01,1.61616552e-02,1.60638486e+02,1.58384221e+01
1.81000000e+00,-4.73203017e-02,1.39709763e-01,2.92271647e-02,7.36580677e-02,0.00000000e+00,0.00000000e+00,1.65399249e-01,1.69118650e-02,1.62091264e+02,1.65736277e+01
1.81200000e+00,-4.70385513e-02,1.42030804e-01,2.93705808e-02,6.97148765e-02,0.00000000e+00,0.00000000e+00,1.64930515e-01,1.67406115e-02,1.61631905e+02,1.64057993e+01
1.81400000e+00,-4.67522317e-02,1.44272034e-01,2.95058996e-02,6.55847261e-02,0.00000000e+00,0.00000000e+00,1.64936136e-01,1.67144279e-02,1.61637413e+02,1.63801394e+01
1.81600000e+00,-4.64615290e-02,1.46414539e-01,2.96328715e-02,6.13823577e-02,0.00000000e+00,0.00000000e+00,1.64873169e-01,1.67721276e-02,1.61575705e+02,1.64366850e+01
1.81800000e+00,-4.61666390e-02,1.48458853e-01,2.97514041e-02,5.71426570e-02,0.00000000e+00,0.00000000e+00,1.64831757e-01,1.68071270e-02,1.61535122e+02,1.64709845e+01
1.82000000e+00,-4.58677604e-02,1.50402953e-01,2.98614052e-02,5.28474765e-02,0.00000000e+00,0.00000000e+00,1.64783099e-01,1.68145685e-02,1.61487437e+02,1.64782771e+01
1.82200000e+00,-4.55648686e-02,1.52584907e-01,2.99617407e-02,4.69725652e-02,0.00000000e+00,0.00000000e+00,1.56809632e-01,1.36367940e-02,1.53673440e+02,1.33640581e+01
1.82400000e+00,-4.52574977e-02,1.54651566e-01,3.00496089e-02,4.15676903e-02,0.00000000e+00,0.00000000e+00,1.64977111e-01,1.79291817e-02,1.61677568e+02,1.75705981e+01
1.82600000e+00,-4.49464691e-02,1.56408068e-01,3.01288665e-02,3.74453559e-02,0.00000000e+00,0.00000000e+00,1.61525184e-01,1.64436563e-02,1.58294680e+02,1.61147832e+01
1.82800000e+00,-4.46318027e-02,1.58258650e-01,3.01987299e-02,3.23324365e-02,0.00000000e+00,0.00000000e+00,1.60217557e-01,1.59517990e-02,1.57013206e+02,1.56327630e+01
1.83000000e+00,-4.43134979e-02,1.60014166e-01,3.02582366e-02,2.72799916e-02,0.00000000e+00,0.00000000e+00,1.61155517e-01,1.66577076e-02,1.57932406e+02,1.63245535e+01
1.83200000e+00,-4.39918324e-02,1.61640145e-01,3.03080158e-02,2.24763897e-02,0.00000000e+00,0.00000000e+00,1.60625339e-01,1.65471850e-02,1.57412832e+02,1.62162413e+01
1.83400000e+00,-4.36669874e-02,1.63190935e-01,3.03480825e-02,1.75833863e-02,0.00000000e+00,0.00000000e+00,1.60267092e-01,1.65292864e-02,1.57061750e+02,1.61987006e+01
1.83600000e+00,-4.33391257e-02,1.64656105e-01,3.03783443e-02,1.26828906e-02,0.00000000e+00,0.00000000e+00,1.59955648e-01,1.65766918e-02,1.56756535e+02,1.62451580e+01
1.83800000e+00,-4.30084223e-02,1.66032366e-01,3.03988266e-02,7.80118084e-03,0.00000000e+00,0.00000000e+00,1.59650725e-01,1.65999717e-02,1.56457710e+02,1.62679723e+01
1.84000000e+00,-4.26750549e-02,1.67320677e-01,3.04095515e-02,2.92310632e-03,0.00000000e+00,0.00000000e+00,1.59294747e-01,1.66016343e-02,1.56108852e+02,1.62696016e+01
1.84200000e+00,-4.23390441e-02,1.68752130e-01,3.04098223e-02,-2.99987506e-03,0.00000000e+00,0.00000000e+00,1.53568535e-01,1.44093734e-02,1.50497164e+02,1.41211859e+01
1.84400000e+00,-4.20001046e-02,1.70096253e-01,3.03978310e-02,-8.50446598e-03,0.00000000e+00,0.00000000e+00,1.58574409e-01,1.74651514e-02,1.55402921e+02,1.71158484e+01
1.84600000e+00,-4.16587976e-02,1.71232648e-01,3.03764288e-02,-1.30726167e-02,0.00000000e+00,0.00000000e+00,1.55640954e-01,1.63461814e-02,1.52528135e+02,1.60192578e+01
1.84800000e+00,-4.13151283e-02,1.72437644e-01,3.03450494e-02,-1.83774564e-02,0.00000000e+00,0.00000000e+00,1.54170862e-01,1.58761486e-02,1.51087445e+02,1.55586256e+01
1.85000000e+00,-4.09691045e-02,1.73556459e-01,3.03029884e-02,-2.35782024e-02,0.00000000e+00,0.00000000e+00,1.54834748e-01,1.65067531e-02,1.51738053e+02,1.61766181e+01
1.85200000e+00,-4.06209853e-02,1.74551034e-01,3.02509411e-02,-2.84721284e-02,0.00000000e+00,0.00000000e+00,1.54236349e-01,1.64478070e-02,1.51151622e+02,1.61188509e+01
1.85400000e+00,-4.02709449e-02,1.75478767e-01,3.01890949e-02,-3.33735436e-02,0.00000000e+00,0.00000000e+00,1.53543053e-01,1.64046824e-02,1.50472192e+02,1.60765888e+01
1.85600000e+00,-3.99191122e-02,1.76343424e-01,3.01174668e-02,-3.82451057e-02,0.00000000e+00,0.00000000e+00,1.52841702e-01,1.64101353e-02,1.49784868e+02,1.60819326e+01
1.85800000e+00,-3.95656175e-02,1.77138658e-01,3.00361619e-02,-4.30455087e-02,0.00000000e+00,0.00000000e+00,1.52282913e-01,1.64398607e-02,1.49237255e+02,1.61110635e+01
1.86000000e+00,-3.92106108e-02,1.77854147e-01,2.99453426e-02,-4.77591515e-02,0.00000000e+00,0.00000000e+00,1.51810108e-01,1.64644330e-02,1.48773906e+02,1.61351443e+01
1.86200000e+00,-3.88541558e-02,1.78637284e-01,2.98447470e-02,-5.30401758e-02,0.00000000e+00,0.00000000e+00,1.47795379e-01,1.51072907e-02,1.44839471e+02,1.48051449e+01
1.86400000e+00,-3.84961049e-02,1.79355516e-01,2.97333997e-02,-5.79947191e-02,0.00000000e+00,0.00000000e+00,1.50407044e-01,1.69927991e-02,1.47398903e+02,1.66529431e+01
1.86600000e+00,-3.81368327e-02,1.79925385e-01,2.96132141e-02,-6.22802236e-02,0.00000000e+00,0.00000000e+00,1.48331686e-01,1.63416232e-02,1.45365053e+02,1.60147907e+01
1.86800000e+00,-3.77763873e-02,1.80519294e-01,2.94840081e-02,-6.69716855e-02,0.00000000e+00,0.00000000e+00,1.46905337e-01,1.59580100e-02,1.43967230e+02,1.56388498e+01
1.87000000e+00,-3.74148020e-02,1.81043399e-01,2.93454151e-02,-7.15316303e-02,0.00000000e+00,0.00000000e+00,1.47013315e-01,1.64215857e-02,1.44073049e+02,1.60931540e+01
1.87200000e+00,-3.70522724e-02,1.81479563e-01,2.91980687e-02,-7.58109637e-02,0.00000000e+00,0.00000000e+00,1.46002674e-01,1.63382670e-02,1.43082620e+02,1.60115017e+01
1.87400000e+00,-3.66889160e-02,1.81867387e-01,2.90422023e-02,-8.00437093e-02,0.00000000e+00,0.00000000e+00,1.45178326e-01,1.62984397e-02,1.42274760e+02,1.59724709e+01
1.87600000e+00,-3.63248429e-02,1.82195063e-01,2.88779598e-02,-8.41775579e-02,0.00000000e+00,0.00000000e+00,1.44437534e-01,1.63129159e-02,1.41548784e+02,1.59866576e+01
1.87800000e+00,-3.59601780e-02,1.82459468e-01,2.87055822e-02,-8.81761627e-02,0.00000000e+00,0.00000000e+00,1.43681074e-01,1.63377047e-02,1.40807452e+02,1.60109506e+01
1.88000000e+00,-3.55950475e-02,1.82660166e-01,2.85253436e-02,-9.20419944e-02,0.00000000e+00,0.00000000e+00,1.42946399e-01,1.63357094e-02,1.40087471e+02,1.60089952e+01
1.88200000e+00,-3.52295469e-02,1.82846417e-01,2.83373415e-02,-9.60169549e-02,0.00000000e+00,0.00000000e+00,1.41035728e-01,1.58416678e-02,1.38215014e+02,1.55248344e+01
1.88400000e+00,-3.48636973e-02,1.82979559e-01,2.81414525e-02,-9.97269281e-02,0.00000000e+00,0.00000000e+00,1.41201505e-01,1.66136505e-02,1.38377475e+02,1.62813775e+01
1.88600000e+00,-3.44976857e-02,1.83027206e-01,2.79386965e-02,-1.03042876e-01,0.00000000e+00,0.00000000e+00,1.40045894e-01,1.63804243e-02,1.37244977e+02,1.60528158e+01
1.88800000e+00,-3.41316026e-02,1.83053636e-01,2.77292172e-02,-1.06454533e-01,0.00000000e+00,0.00000000e+00,1.38708988e-01,1.61148847e-02,1.35934808e+02,1.57925870e+01
1.89000000e+00,-3.37655032e-02,1.83031922e-01,2.75129612e-02,-1.09741996e-01,0.00000000e+00,0.00000000e+00,1.38182289e-01,1.63335371e-02,1.35418643e+02,1.60068664e+01
1.89200000e+00,-3.33995185e-02,1.82944817e-01,2.72904116e-02,-1.12785884e-01,0.00000000e+00,0.00000000e+00,1.37249042e-01,1.63094729e-02,1.34504061e+02,1.59832834e+01
1.89400000e+00,-3.30337580e-02,1.82806595e-01,2.70619105e-02,-1.15690480e-01,0.00000000e+00,0.00000000e+00,1.36390422e-01,1.63006762e-02,1.33662614e+02,1.59746626e+01
1.89600000e+00,-3.26683273e-02,1.82615681e-01,2.68277481e-02,-1.18447444e-01,0.00000000e+00,0.00000000e+00,1.35496471e-01,1.62859692e-02,1.32786541e+02,1.59602498e+01
1.89800000e+00,-3.23033308e-02,1.82371516e-01,2.65882300e-02,-1.21040468e-01,0.00000000e+00,0.00000000e+00,1.34654255e-01,1.63036899e-02,1.31961170e+02,1.59776161e+01
1.90000000e+00,-3.19388755e-02,1.82075939e-01,2.63436975e-02,-1.23466609e-01,0.00000000e+00,0.00000000e+00,1.33721495e-01,1.62879247e-02,1.31047065e+02,1.59621662e+01
1.90200000e+00,-3.15750582e-02,1.81733728e-01,2.60944506e-02,-1.25762259e-01,0.00000000e+00,0.00000000e+00,1.32772656e-01,1.62224690e-02,1.30117203e+02,1.58980196e+01
1.90400000e+00,-3.12119858e-02,1.81323676e-01,2.58408225e-02,-1.27796903e-01,0.00000000e+00,0.00000000e+00,1.32341284e-01,1.64743091e-02,1.29694458e+02,1.61448229e+01
1.90600000e+00,-3.08498028e-02,1.80854670e-01,2.55834186e-02,-1.29598192e-01,0.00000000e+00,0.00000000e+00,1.31191790e-01,1.63453001e-02,1.28567954e+02,1.60183941e+01
1.90800000e+00,-3.04885910e-02,1.80349832e-01,2.53224770e-02,-1.31328663e-01,0.00000000e+00,0.00000000e+00,1.30227865e-01,1.62508948e-02,1.27623307e+02,1.59258769e+01
1.91000000e+00,-3.01284397e-02,1.79790613e-01,2.50582223e-02,-1.32881639e-01,0.00000000e+00,0.00000000e+00,1.29520304e-01,1.63410073e-02,1.26929898e+02,1.60141872e+01
1.91200000e+00,-2.97694681e-02,1.79172047e-01,2.47910985e-02,-1.34212530e-01,0.00000000e+00,0.00000000e+00,1.28681752e-01,1.63360021e-02,1.26108117e+02,1.60092820e+01
1.91400000e+00,-2.94117837e-02,1.78505220e-01,2.45214875e-02,-1.35370422e-01,0.00000000e+00,0.00000000e+00,1.27725478e-01,1.63194562e-02,1.25170969e+02,1.59930671e+01
1.91600000e+00,-2.90554812e-02,1.77787477e-01,2.42497373e-02,-1.36347622e-01,0.00000000e+00,0.00000000e+00,1.26960055e-01,1.63274734e-02,1.24420854e+02,1.60009239e+01
1.91800000e+00,-2.87006670e-02,1.77019964e-01,2.39762181e-02,-1.37143254e-01,0.00000000e+00,0.00000000e+00,1.25988895e-01,1.63101632e-02,1.23469117e+02,1.59839600e+01
1.92000000e+00,-2.83474303e-02,1.76208927e-01,2.37012812e-02,-1.37763436e-01,0.00000000e+00,0.00000000e+00,1.25090269e-01,1.63032407e-02,1.22588463e+02,1.59771759e+01
1.92200000e+00,-2.79958676e-02,1.75343338e-01,2.34253267e-02,-1.38140056e-01,0.00000000e+00,0.00000000e+00,1.24390249e-01,1.64273542e-02,1.21902444e+02,1.60988071e+01
1.92400000e+00,-2.76461110e-02,1.74396672e-01,2.31488737e-02,-1.38287639e-01,0.00000000e+00,0.00000000e+00,1.24125857e-01,1.63891279e-02,1.21643340e+02,1.60613453e+01
1.92600000e+00,-2.72983258e-02,1.73382670e-01,2.28722629e-02,-1.38305045e-01,0.00000000e+00,0.00000000e+00,1.23120553e-01,1.63054521e-02,1.20658142e+02,1.59793430e+01
1.92800000e+00,-2.69526184e-02,1.72311681e-01,2.25957965e-02,-1.38108044e-01,0.00000000e+00,0.00000000e+00,1.22631066e-01,1.64441583e-02,1.20178445e+02,1.61152751e+01
1.93000000e+00,-2.66091216e-02,1.71176865e-01,2.23199918e-02,-1.37669458e-01,0.00000000e+00,0.00000000e+00,1.21803355e-01,1.64183641e-02,1.19367287e+02,1.60899969e+01
1.93200000e+00,-2.62679426e-02,1.69994472e-01,2.20452239e-02,-1.37072981e-01,0.00000000e+00,0.00000000e+00,1.20952900e-01,1.63828125e-02,1.18533842e+02,1.60551563e+01
1.93400000e+00,-2.59291766e-02,1.68762801e-01,2.17718149e-02,-1.36304005e-01,0.00000000e+00,0.00000000e+00,1.20184397e-01,1.63895545e-02,1.17780709e+02,1.60617634e+01
1.93600000e+00,-2.55929271e-02,1.67477573e-01,2.15001362e-02,-1.35342615e-01,0.00000000e+00,0.00000000e+00,1.19454310e-01,1.63981979e-02,1.17065224e+02,1.60702339e+01
1.93800000e+00,-2.52592989e-02,1.66143536e-01,2.12305657e-02,-1.34199390e-01,0.00000000e+00,0.00000000e+00,1.18596004e-01,1.63856730e-02,1.16224084e+02,1.60579595e+01
1.94000000e+00,-2.49283843e-02,1.64762486e-01,2.09634528e-02,-1.32885018e-01,0.00000000e+00,0.00000000e+00,1.17845951e-01,1.63753187e-02,1.15489032e+02,1.60478124e+01
1.94200000e+00,-2.46002981e-02,1.63307737e-01,2.06992309e-02,-1.31262724e-01,0.00000000e+00,0.00000000e+00,1.17634024e-01,1.66539097e-02,1.15281344e+02,1.63208315e+01
1.94400000e+00,-2.42752176e-02,1.61756671e-01,2.04385063e-02,-1.29483751e-01,0.00000000e+00,0.00000000e+00,1.17436629e-01,1.63309919e-02,1.15087896e+02,1.60043721e+01
1.94600000e+00,-2.39533162e-02,1.60138407e-01,2.01812964e-02,-1.27704111e-01,0.00000000e+00,0.00000000e+00,1.16569914e-01,1.62871480e-02,1.14238516e+02,1.59614050e+01
1.94800000e+00,-2.36347196e-02,1.58436638e-01,1.99279068e-02,-1.25599143e-01,0.00000000e+00,0.00000000e+00,1.16780294e-01,1.66510459e-02,1.14444688e+02,1.63180249e+01
1.95000000e+00,-2.33196232e-02,1.56654458e-01,1.96790828e-02,-1.23219769e-01,0.00000000e+00,0.00000000e+00,1.15869408e-01,1.65066955e-02,1.13552020e+02,1.61765615e+01
1.95200000e+00,-2.30081293e-02,1.54831038e-01,1.94350809e-02,-1.20760671e-01,0.00000000e+00,0.00000000e+00,1.15193773e-01,1.64688176e-02,1.12889897e+02,1.61394412e+01
1.95400000e+00,-2.27003349e-02,1.52953962e-01,1.91961438e-02,-1.18146014e-01,0.00000000e+00,0.00000000e+00,1.14602972e-01,1.64908207e-02,1.12310913e+02,1.61610043e+01
1.95600000e+00,-2.23963529e-02,1.51017671e-01,1.89626143e-02,-1.15355132e-01,0.00000000e+00,0.00000000e+00,1.14088106e-01,1.65039738e-02,1.11806344e+02,1.61738943e+01
1.95800000e+00,-2.20963025e-02,1.49023809e-01,1.87348330e-02,-1.12399661e-01,0.00000000e+00,0.00000000e+00,1.13490782e-01,1.65096940e-02,1.11220966e+02,1.61795001e+01
1.96000000e+00,-2.18002916e-02,1.46979070e-01,1.85131129e-02,-1.09298321e-01,0.00000000e+00,0.00000000e+00,1.12852229e-01,1.64921550e-02,1.10595184e+02,1.61623119e+01
1.96200000e+00,-2.15084384e-02,1.44856209e-01,1.82978335e-02,-1.05906398e-01,0.00000000e+00,0.00000000e+00,1.12925223e-01,1.68107308e-02,1.10666719e+02,1.64745162e+01
1.96400000e+00,-2.12209294e-02,1.42639480e-01,1.80894991e-02,-1.02496854e-01,0.00000000e+00,0.00000000e+00,1.12689663e-01,1.62301027e-02,1.10435870e+02,1.59055006e+01
1.96600000e+00,-2.09379343e-02,1.40341954e-01,1.78878022e-02,-9.91531825e-02,0.00000000e+00,0.00000000e+00,1.12493753e-01,1.63829793e-02,1.10243878e+02,1.60553198e+01
1.96800000e+00,-2.06596399e-02,1.37926952e-01,1.76931747e-02,-9.53770646e-02,0.00000000e+00,0.00000000e+00,1.13153212e-01,1.68582672e-02,1.10890148e+02,1.65211019e+01
1.97000000e+00,-2.03862857e-02,1.35423117e-01,1.75064581e-02,-9.13546612e-02,0.00000000e+00,0.00000000e+00,1.12327905e-01,1.66315472e-02,1.10081347e+02,1.62989163e+01
1.97200000e+00,-2.01179728e-02,1.32881229e-01,1.73277471e-02,-8.73456497e-02,0.00000000e+00,0.00000000e+00,1.11841742e-01,1.65732243e-02,1.09604907e+02,1.62417599e+01
1.97400000e+00,-1.98548005e-02,1.30279724e-01,1.71571460e-02,-8.32308258e-02,0.00000000e+00,0.00000000e+00,1.11562069e-01,1.66082621e-02,1.09330828e+02,1.62760969e+01
1.97600000e+00,-1.95968962e-02,1.27614643e-01,1.69949123e-02,-7.89831984e-02,0.00000000e+00,0.00000000e+00,1.11211177e-01,1.66184910e-02,1.08986954e+02,1.62861212e+01
1.97800000e+00,-1.93443809e-02,1.24891241e-01,1.68412873e-02,-7.46245308e-02,0.00000000e+00,0.00000000e+00,1.10852447e-01,1.66200995e-02,1.08635398e+02,1.62876975e+01
1.98000000e+00,-1.90973663e-02,1.22115267e-01,1.66964703e-02,-7.01817759e-02,0.00000000e+00,0.00000000e+00,1.10411907e-01,1.65862997e-02,1.08203669e+02,1.62545737e+01
1.98200000e+00,-1.88559708e-02,1.19262807e-01,1.65606953e-02,-6.55364173e-02,0.00000000e+00,0.00000000e+00,1.10657577e-01,1.68495280e-02,1.08444426e+02,1.65125374e+01
1.98400000e+00,-1.86203739e-02,1.16322097e-01,1.64342260e-02,-6.10389266e-02,0.00000000e+00,0.00000000e+00,1.10538865e-01,1.60933751e-02,1.08328088e+02,1.57715076e+01
1.98600000e+00,-1.83907545e-02,1.13273180e-01,1.63165027e-02,-5.65967468e-02,0.00000000e+00,0.00000000e+00,1.11299305e-01,1.65634771e-02,1.09073319e+02,1.62322075e+01
1.98800000e+00,-1.81673812e-02,1.10074306e-01,1.62081972e-02,-5.16172944e-02,0.00000000e+00,0.00000000e+00,1.12206567e-01,1.70643937e-02,1.09962436e+02,1.67231059e+01
1.99000000e+00,-1.79505112e-02,1.06794555e-01,1.61101280e-02,-4.64960594e-02,0.00000000e+00,0.00000000e+00,1.11405418e-01,1.67188718e-02,1.09177310e+02,1.63844943e+01
1.99200000e+00,-1.77402241e-02,1.03483156e-01,1.60221342e-02,-4.14930130e-02,0.00000000e+00,0.00000000e+00,1.11215995e-01,1.66885701e-02,1.08991675e+02,1.63547987e+01
1.99400000e+00,-1.75366207e-02,1.00108688e-01,1.59442023e-02,-3.64204648e-02,0.00000000e+00,0.00000000e+00,1.11203380e-01,1.67513620e-02,1.08979312e+02,1.64163347e+01
1.99600000e+00,-1.73398353e-02,9.66652182e-02,1.58765134e-02,-3.12563126e-02,0.00000000e+00,0.00000000e+00,1.11207980e-01,1.67820459e-02,1.08983820e+02,1.64464049e+01
1.99800000e+00,-1.71500015e-02,9.31591285e-02,1.58192135e-02,-2.60376042e-02,0.00000000e+00,0.00000000e+00,1.11102693e-01,1.67818906e-02,1.08880639e+02,1.64462528e+01
2.00000000e+00,-1.69672360e-02,8.95972296e-02,1.57723808e-02,-2.07922112e-02,0.00000000e+00,0.00000000e+00,1.11005629e-01,1.67690133e-02,1.08785516e+02,1.64336331e+01
2.00200000e+00,-1.67916512e-02,8.59774024e-02,1.57360589e-02,-1.55253630e-02,0.00000000e+00,0.00000000e+00,1.11008245e-01,1.67728886e-02,1.08788080e+02,1.64374308e+01
2.00400000e+00,-1.66233677e-02,8.22957121e-02,1.57100446e-02,-1.06106468e-02,0.00000000e+00,0.00000000e+00,1.11062475e-01,1.59906691e-02,1.08841226e+02,1.56708557e+01
2.00600000e+00,-1.64625566e-02,7.84817324e-02,1.56936123e-02,-5.70200376e-03,0.00000000e+00,0.00000000e+00,1.12771327e-01,1.67347114e-02,1.10515901e+02,1.64000171e+01
2.00800000e+00,-1.63095592e-02,7.44901316e-02,1.56876457e-02,-1.79718810e-04,0.00000000e+00,0.00000000e+00,1.13947860e-01,1.72679613e-02,1.11668903e+02,1.69226021e+01
2.01000000e+00,-1.61646425e-02,7.04288114e-02,1.56929177e-02,5.37898164e-03,0.00000000e+00,0.00000000e+00,1.13200906e-01,1.68163805e-02,1.10936888e+02,1.64800529e+01
2.01200000e+00,-1.60278585e-02,6.63456400e-02,1.57090114e-02,1.07123946e-02,0.00000000e+00,0.00000000e+00,1.13325234e-01,1.68158957e-02,1.11058730e+02,1.64795778e+01
2.01400000e+00,-1.58993022e-02,6.21991617e-02,1.57357768e-02,1.60600903e-02,0.00000000e+00,0.00000000e+00,1.13613903e-01,1.68824163e-02,1.11341625e+02,1.65447680e+01
2.01600000e+00,-1.57791062e-02,5.79861889e-02,1.57732665e-02,2.14298399e-02,0.00000000e+00,0.00000000e+00,1.13880692e-01,1.69135520e-02,1.11603078e+02,1.65752809e+01
2.01800000e+00,-1.56673964e-02,5.37147640e-02,1.58214823e-02,2.67788329e-02,0.00000000e+00,0.00000000e+00,1.14050457e-01,1.69055417e-02,1.11769448e+02,1.65674309e+01
2.02000000e+00,-1.55642822e-02,4.93906835e-02,1.58803583e-02,3.20925504e-02,0.00000000e+00,0.00000000e+00,1.14251752e-01,1.69214466e-02,1.11966717e+02,1.65830177e+01
2.02200000e+00,-1.54698683e-02,4.50146422e-02,1.59498281e-02,3.73697075e-02,0.00000000e+00,0.00000000e+00,1.14476090e-01,1.69258869e-02,1.12186569e+02,1.65873692e+01
2.02400000e+00,-1.53842418e-02,4.06113800e-02,1.60294782e-02,4.21085155e-02,0.00000000e+00,0.00000000e+00,1.14170871e-01,1.59032326e-02,1.11887453e+02,1.55851680e+01
2.02600000e+00,-1.53075046e-02,3.60854252e-02,1.61182173e-02,4.67799272e-02,0.00000000e+00,0.00000000e+00,1.16698355e-01,1.69093463e-02,1.14364388e+02,1.65711593e+01
2.02800000e+00,-1.52400278e-02,3.13678466e-02,1.62170294e-02,5.20985954e-02,0.00000000e+00,0.00000000e+00,1.18078620e-01,1.74008411e-02,1.15717048e+02,1.70528243e+01
2.03000000e+00,-1.51820680e-02,2.65981037e-02,1.63265548e-02,5.73319278e-02,0.00000000e+00,0.00000000e+00,1.17424662e-01,1.68845166e-02,1.15076169e+02,1.65468263e+01
2.03200000e+00,-1.51336398e-02,2.18218672e-02,1.64461464e-02,6.22492439e-02,0.00000000e+00,0.00000000e+00,1.17815564e-01,1.69063562e-02,1.15459253e+02,1.65682291e+01
2.03400000e+00,-1.50948167e-02,1.69914338e-02,1.65755248e-02,6.71260875e-02,0.00000000e+00,0.00000000e+00,1.18354503e-01,1.69823994e-02,1.15987413e+02,1.66427514e+01
2.03600000e+00,-1.50657107e-02,1.21060004e-02,1.67146259e-02,7.19656602e-02,0.00000000e+00,0.00000000e+00,1.18843261e-01,1.70248613e-02,1.16466396e+02,1.66843641e+01
2.03800000e+00,-1.50464237e-02,7.17402828e-03,1.68633345e-02,7.67258789e-02,0.00000000e+00,0.00000000e+00,1.19264442e-01,1.70263259e-02,1.16879154e+02,1.66857994e+01
2.04000000e+00,-1.50370424e-02,2.20028526e-03,1.70214632e-02,8.13867385e-02,0.00000000e+00,0.00000000e+00,1.19722482e-01,1.70402956e-02,1.17328032e+02,1.66994897e+01
2.04200000e+00,-1.50376488e-02,-2.81289800e-03,1.71888162e-02,8.59496828e-02,0.00000000e+00,0.00000000e+00,1.20170570e-01,1.70580081e-02,1.17767159e+02,1.67168479e+01
2.04400000e+00,-1.50482885e-02,-7.81787064e-03,1.73648197e-02,8.98493324e-02,0.00000000e+00,0.00000000e+00,1.19597011e-01,1.58977977e-02,1.17205071e+02,1.55798417e+01
2.04600000e+00,-1.50689835e-02,-1.29176846e-02,1.75481127e-02,9.35978215e-02,0.00000000e+00,0.00000000e+00,1.22535049e-01,1.70011020e-02,1.20084348e+02,1.66610800e+01
2.04800000e+00,-1.51000809e-02,-1.81998492e-02,1.77396301e-02,9.79749684e-02,0.00000000e+00,0.00000000e+00,1.24090438e-01,1.74891835e-02,1.21608630e+02,1.71393998e+01
2.05000000e+00,-1.51418025e-02,-2.35113196e-02,1.79399042e-02,1.02189498e-01,0.00000000e+00,0.00000000e+00,1.23538713e-01,1.69441083e-02,1.21067939e+02,1.66052261e+01
2.05200000e+00,-1.51941178e-02,-2.88102850e-02,1.81481359e-02,1.06025731e-01,0.00000000e+00,0.00000000e+00,1.24203688e-01,1.69910408e-02,1.21719614e+02,1.66512200e+01
2.05400000e+00,-1.52570691e-02,-3.41475157e-02,1.83639508e-02,1.09777496e-01,0.00000000e+00,0.00000000e+00,1.24925003e-01,1.70735808e-02,1.22426503e+02,1.67321092e+01
2.05600000e+00,-1.53307308e-02,-3.95191503e-02,1.85871861e-02,1.13439630e-01,0.00000000e+00,0.00000000e+00,1.25587031e-01,1.71203100e-02,1.23075291e+02,1.67779038e+01
2.05800000e+00,-1.54151630e-02,-4.49166232e-02,1.88176201e-02,1.16968023e-01,0.00000000e+00,0.00000000e+00,1.26196002e-01,1.71205993e-02,1.23672082e+02,1.67781873e+01
2.06000000e+00,-1.55104117e-02,-5.03357519e-02,1.90549586e-02,1.20346977e-01,0.00000000e+00,0.00000000e+00,1.26848507e-01,1.71443024e-02,1.24311537e+02,1.68014163e+01
2.06200000e+00,-1.56165170e-02,-5.57713649e-02,1.92989033e-02,1.23568850e-01,0.00000000e+00,0.00000000e+00,1.27425183e-01,1.71380535e-02,1.24876680e+02,1.67952925e+01
2.06400000e+00,-1.57334641e-02,-6.11573480e-02,1.95487451e-02,1.26057561e-01,0.00000000e+00,0.00000000e+00,1.26621399e-01,1.59612065e-02,1.24088971e+02,1.56419823e+01
2.06600000e+00,-1.58611776e-02,-6.65902229e-02,1.98029906e-02,1.28331869e-01,0.00000000e+00,0.00000000e+00,1.29541442e-01,1.70503586e-02,1.26950613e+02,1.67093514e+01
2.06800000e+00,-1.59999235e-02,-7.21708665e-02,2.00624498e-02,1.31171954e-01,0.00000000e+00,0.00000000e+00,1.31184268e-01,1.75182893e-02,1.28560582e+02,1.71679235e+01
2.07000000e+00,-1.61498628e-02,-7.77541593e-02,2.03275338e-02,1.33795159e-01,0.00000000e+00,0.00000000e+00,1.30804493e-01,1.69727006e-02,1.28188403e+02,1.66332466e+01
2.07200000e+00,-1.63109148e-02,-8.32993834e-02,2.05973587e-02,1.36010726e-01,0.00000000e+00,0.00000000e+00,1.31586784e-01,1.70472090e-02,1.28955049e+02,1.67062648e+01
2.07400000e+00,-1.64830665e-02,-8.88538374e-02,2.08715036e-02,1.38116666e-01,0.00000000e+00,0.00000000e+00,1.32402827e-01,1.71333612e-02,1.29754771e+02,1.67906939e+01
2.07600000e+00,-1.66663330e-02,-9.44126682e-02,2.11497363e-02,1.40089130e-01,0.00000000e+00,0.00000000e+00,1.33162424e-01,1.71637002e-02,1.30499175e+02,1.68204262e+01
2.07800000e+00,-1.68607148e-02,-9.99679479e-02,2.14317454e-02,1.41889510e-01,0.00000000e+00,0.00000000e+00,1.33883957e-01,1.71742816e-02,1.31206278e+02,1.68307960e+01
2.08000000e+00,-1.70661985e-02,-1.05513787e-01,2.17171722e-02,1.43506637e-01,0.00000000e+00,0.00000000e+00,1.34596607e-01,1.71861326e-02,1.31904675e+02,1.68424100e+01
2.08200000e+00,-1.72827617e-02,-1.11047237e-01,2.20056516e-02,1.44943180e-01,0.00000000e+00,0.00000000e+00,1.35339701e-01,1.72067500e-02,1.32632907e+02,1.68626150e+01
2.08400000e+00,-1.75103294e-02,-1.16493640e-01,2.22964689e-02,1.45665796e-01,0.00000000e+00,0.00000000e+00,1.34397918e-01,1.61026717e-02,1.31709959e+02,1.57806183e+01
2.08600000e+00,-1.77487276e-02,-1.21926958e-01,2.25881319e-02,1.46114062e-01,0.00000000e+00,0.00000000e+00,1.36957970e-01,1.70474148e-02,1.34218810e+02,1.67064665e+01
2.08800000e+00,-1.79981009e-02,-1.27455728e-01,2.28812344e-02,1.47026208e-01,0.00000000e+00,0.00000000e+00,1.38641531e-01,1.74947179e-02,1.35868701e+02,1.71448235e+01
2.09000000e+00,-1.82585309e-02,-1.32955150e-01,2.31760869e-02,1.47713752e-01,0.00000000e+00,0.00000000e+00,1.38375635e-01,1.69968647e-02,1.35608123e+02,1.66569274e+01
2.09200000e+00,-1.85298761e-02,-1.38386400e-01,2.34718233e-02,1.48002163e-01,0.00000000e+00,0.00000000e+00,1.39241403e-01,1.70792929e-02,1.36456575e+02,1.67377071e+01
2.09400000e+00,-1.88120592e-02,-1.43791641e-01,2.37680073e-02,1.48158120e-01,0.00000000e+00,0.00000000e+00,1.40049341e-01,1.71418914e-02,1.37248354e+02,1.67990535e+01
2.09600000e+00,-1.91050201e-02,-1.49163153e-01,2.40643515e-02,1.48157588e-01,0.00000000e+00,0.00000000e+00,1.40822813e-01,1.71741575e-02,1.38006356e+02,1.68306744e+01
2.09800000e+00,-1.94086846e-02,-1.54493859e-01,2.43605179e-02,1.47977453e-01,0.00000000e+00,0.00000000e+00,1.41552891e-01,1.71880619e-02,1.38721833e+02,1.68443007e+01
2.10000000e+00,-1.97229652e-02,-1.59779043e-01,2.46561364e-02,1.47610055e-01,0.00000000e+00,0.00000000e+00,1.42303070e-01,1.72035410e-02,1.39457009e+02,1.68594701e+01
2.10200000e+00,-2.00477680e-02,-1.65015080e-01,2.49508311e-02,1.47052223e-01,0.00000000e+00,0.00000000e+00,1.43034473e-01,1.72095474e-02,1.40173783e+02,1.68653565e+01
2.10400000e+00,-2.03829426e-02,-1.70126672e-01,2.52439221e-02,1.45859703e-01,0.00000000e+00,0.00000000e+00,1.42110263e-01,1.62904437e-02,1.39268057e+02,1.59646349e+01
2.10600000e+00,-2.07282240e-02,-1.75162323e-01,2.55340670e-02,1.44362838e-01,0.00000000e+00,0.00000000e+00,1.44058016e-01,1.69858637e-02,1.41176855e+02,1.66461464e+01
2.10800000e+00,-2.10836112e-02,-1.80226933e-01,2.58216015e-02,1.43207931e-01,0.00000000e+00,0.00000000e+00,1.45667426e-01,1.74194642e-02,1.42754078e+02,1.70710749e+01
2.11000000e+00,-2.14490882e-02,-1.85226239e-01,2.61067704e-02,1.41860476e-01,0.00000000e+00,0.00000000e+00,1.45495020e-01,1.69895982e-02,1.42585119e+02,1.66498063e+01
2.11200000e+00,-2.18244464e-02,-1.90120972e-01,2.63888025e-02,1.40151813e-01,0.00000000e+00,0.00000000e+00,1.46267958e-01,1.70648786e-02,1.43342599e+02,1.67235810e+01
2.11400000e+00,-2.22095263e-02,-1.94946956e-01,2.66672913e-02,1.38313675e-01,0.00000000e+00,0.00000000e+00,1.47012305e-01,1.71164139e-02,1.44072059e+02,1.67740856e+01
2.11600000e+00,-2.26041834e-02,-1.99696713e-01,2.69419568e-02,1.36324878e-01,0.00000000e+00,0.00000000e+00,1.47688979e-01,1.71418242e-02,1.44735199e+02,1.67989877e+01
2.11800000e+00,-2.30082583e-02,-2.04364250e-01,2.72124782e-02,1.34167160e-01,0.00000000e+00,0.00000000e+00,1.48370504e-01,1.71491762e-02,1.45403094e+02,1.68061927e+01
2.12000000e+00,-2.34215838e-02,-2.08946846e-01,2.74785143e-02,1.31842778e-01,0.00000000e+00,0.00000000e+00,1.49059441e-01,1.71729863e-02,1.46078252e+02,1.68295266e+01
2.12200000e+00,-2.38439871e-02,-2.13441472e-01,2.77397397e-02,1.29353978e-01,0.00000000e+00,0.00000000e+00,1.49744671e-01,1.71782472e-02,1.46749778e+02,1.68346823e+01
2.12400000e+00,-2.42752417e-02,-2.17774208e-01,2.79955876e-02,1.26351391e-01,0.00000000e+00,0.00000000e+00,1.48779114e-01,1.64612087e-02,1.45803532e+02,1.61319846e+01
2.12600000e+00,-2.47149921e-02,-2.21969319e-01,2.82449496e-02,1.23055359e-01,0.00000000e+00,0.00000000e+00,1.50101380e-01,1.69199014e-02,1.47099352e+02,1.65815034e+01
2.12800000e+00,-2.51630930e-02,-2.26125392e-01,2.84879636e-02,1.19991151e-01,0.00000000e+00,0.00000000e+00,1.51507873e-01,1.72962342e-02,1.48477715e+02,1.69503096e+01
2.13000000e+00,-2.56194241e-02,-2.30177068e-01,2.87248198e-02,1.16785343e-01,0.00000000e+00,0.00000000e+00,1.51370406e-01,1.69623256e-02,1.48342998e+02,1.66230791e+01
2.13200000e+00,-2.60837071e-02,-2.34087469e-01,2.89549121e-02,1.13290254e-01,0.00000000e+00,0.00000000e+00,1.51980669e-01,1.70191559e-02,1.48941056e+02,1.66787728e+01
2.13400000e+00,-2.65556989e-02,-2.37885193e-01,2.91779105e-02,1.09689699e-01,0.00000000e+00,0.00000000e+00,1.52574878e-01,1.70609846e-02,1.49523380e+02,1.67197649e+01
2.13600000e+00,-2.70351693e-02,-2.41565144e-01,2.93935892e-02,1.05966590e-01,0.00000000e+00,0.00000000e+00,1.53127545e-01,1.70715349e-02,1.50064994e+02,1.67301042e+01
2.13800000e+00,-2.75218777e-02,-2.45122518e-01,2.96016879e-02,1.02110176e-01,0.00000000e+00,0.00000000e+00,1.53669111e-01,1.70800276e-02,1.50595729e+02,1.67384271e+01
2.14000000e+00,-2.80155768e-02,-2.48555976e-01,2.98019454e-02,9.81269540e-02,0.00000000e+00,0.00000000e+00,1.54248073e-01,1.70930655e-02,1.51163112e+02,1.67512042e+01
2.14200000e+00,-2.85160180e-02,-2.51864087e-01,2.99941167e-02,9.40251538e-02,0.00000000e+00,0.00000000e+00,1.54811718e-01,1.71073276e-02,1.51715484e+02,1.67651810e+01
2.14400000e+00,-2.90229036e-02,-2.54977881e-01,3.01778053e-02,8.95622779e-02,0.00000000e+00,0.00000000e+00,1.53832351e-01,1.65993598e-02,1.50755704e+02,1.62673726e+01
2.14600000e+00,-2.95358055e-02,-2.57905554e-01,3.03522192e-02,8.48795500e-02,0.00000000e+00,0.00000000e+00,1.54637483e-01,1.68969432e-02,1.51544733e+02,1.65590044e+01
2.14800000e+00,-3.00544560e-02,-2.60728494e-01,3.05174190e-02,8.03401556e-02,0.00000000e+00,0.00000000e+00,1.55607329e-01,1.71380778e-02,1.52495183e+02,1.67953163e+01
2.15000000e+00,-3.05786247e-02,-2.63409322e-01,3.06735154e-02,7.57040372e-02,0.00000000e+00,0.00000000e+00,1.55584554e-01,1.69187850e-02,1.52472863e+02,1.65804093e+01
2.15200000e+00,-3.11079787e-02,-2.65918262e-01,3.08201075e-02,7.08764306e-02,0.00000000e+00,0.00000000e+00,1.55901664e-01,1.69475271e-02,1.52783631e+02,1.66085765e+01
2.15400000e+00,-3.16421962e-02,-2.68274835e-01,3.09569760e-02,6.59811667e-02,0.00000000e+00,0.00000000e+00,1.56375393e-01,1.69742921e-02,1.53247885e+02,1.66348063e+01
2.15600000e+00,-3.21809743e-02,-2.70475834e-01,3.10839833e-02,6.10126278e-02,0.00000000e+00,0.00000000e+00,1.56655413e-01,1.69771842e-02,1.53522305e+02,1.66376405e+01
2.15800000e+00,-3.27239938e-02,-2.72518226e-01,3.12009819e-02,5.59772471e-02,0.00000000e+00,0.00000000e+00,1.57093521e-01,1.70031835e-02,1.53951651e+02,1.66631199e+01
2.16000000e+00,-3.32709411e-02,-2.74401533e-01,3.13078528e-02,5.08827031e-02,0.00000000e+00,0.00000000e+00,1.57395111e-01,1.70077484e-02,1.54247209e+02,1.66675934e+01
2.16200000e+00,-3.38214910e-02,-2.76121581e-01,3.14044709e-02,4.57253848e-02,0.00000000e+00,0.00000000e+00,1.57765734e-01,1.70115467e-02,1.54610420e+02,1.66713157e+01
2.16400000e+00,-3.43752742e-02,-2.77611812e-01,3.14905931e-02,4.03262348e-02,0.00000000e+00,0.00000000e+00,1.56539298e-01,1.66253502e-02,1.53408512e+02,1.62928432e+01
2.16600000e+00,-3.49317974e-02,-2.78890653e-01,3.15657126e-02,3.48323285e-02,0.00000000e+00,0.00000000e+00,1.57363859e-01,1.69222248e-02,1.54216581e+02,1.65837803e+01
2.16800000e+00,-3.54907367e-02,-2.80019231e-01,3.16300014e-02,2.94568064e-02,0.00000000e+00,0.00000000e+00,1.57586082e-01,1.69678742e-02,1.54434361e+02,1.66285167e+01
2.17000000e+00,-3.60517457e-02,-2.80954981e-01,3.16834827e-02,2.39955782e-02,0.00000000e+00,0.00000000e+00,1.57433682e-01,1.68209466e-02,1.54285008e+02,1.64845277e+01
2.17200000e+00,-3.66144294e-02,-2.81699983e-01,3.17259323e-02,1.84571905e-02,0.00000000e+00,0.00000000e+00,1.57719007e-01,1.68688204e-02,1.54564627e+02,1.65314440e+01
2.17400000e+00,-3.71784276e-02,-2.82267966e-01,3.17573208e-02,1.29327831e-02,0.00000000e+00,0.00000000e+00,1.57898828e-01,1.68973876e-02,1.54740852e+02,1.65594398e+01
2.17600000e+00,-3.77433784e-02,-2.82651706e-01,3.17776631e-02,7.40793736e-03,0.00000000e+00,0.00000000e+00,1.58023875e-01,1.68992152e-02,1.54863397e+02,1.65612309e+01
2.17800000e+00,-3.83089110e-02,-2.82850205e-01,3.17869495e-02,1.87855994e-03,0.00000000e+00,0.00000000e+00,1.58185908e-01,1.69033988e-02,1.55022189e+02,1.65653308e+01
2.18000000e+00,-3.88746560e-02,-2.82863870e-01,3.17851805e-02,-3.64603124e-03,0.00000000e+00,0.00000000e+00,1.58322936e-01,1.69089899e-02,1.55156478e+02,1.65708101e+01
2.18200000e+00,-3.94402432e-02,-2.82692734e-01,3.17723779e-02,-9.15187110e-03,0.00000000e+00,0.00000000e+00,1.58485213e-01,1.69267176e-02,1.55315509e+02,1.65881832e+01
2.18400000e+00,-4.00052578e-02,-2.82267833e-01,3.17484924e-02,-1.47786870e-02,0.00000000e+00,0.00000000e+00,1.57006999e-01,1.66232171e-02,1.53866859e+02,1.62907527e+01
2.18600000e+00,-4.05691603e-02,-2.81611545e-01,3.17132652e-02,-2.04024844e-02,0.00000000e+00,0.00000000e+00,1.57684167e-01,1.68850432e-02,1.54530484e+02,1.65473423e+01
2.18800000e+00,-4.11315854e-02,-2.80777475e-01,3.16669477e-02,-2.59284412e-02,0.00000000e+00,0.00000000e+00,1.57447205e-01,1.67646667e-02,1.54298261e+02,1.64293734e+01
2.19000000e+00,-4.16921315e-02,-2.79735416e-01,3.16095335e-02,-3.14812642e-02,0.00000000e+00,0.00000000e+00,1.57404031e-01,1.67488990e-02,1.54255950e+02,1.64139210e+01
2.19200000e+00,-4.22503944e-02,-2.78494291e-01,3.15410564e-02,-3.69834438e-02,0.00000000e+00,0.00000000e+00,1.57357715e-01,1.67753936e-02,1.54210561e+02,1.64398857e+01
2.19400000e+00,-4.28059759e-02,-2.77053931e-01,3.14616471e-02,-4.24146136e-02,0.00000000e+00,0.00000000e+00,1.57289546e-01,1.67867284e-02,1.54143755e+02,1.64509938e+01
2.19600000e+00,-4.33584754e-02,-2.75411510e-01,3.13714451e-02,-4.77749945e-02,0.00000000e+00,0.00000000e+00,1.57152863e-01,1.67973124e-02,1.54009806e+02,1.64613662e+01
2.19800000e+00,-4.39074871e-02,-2.73566871e-01,3.12705915e-02,-5.30688100e-02,0.00000000e+00,0.00000000e+00,1.57053364e-01,1.67845375e-02,1.53912297e+02,1.64488467e+01
2.20000000e+00,-4.44526120e-02,-2.71526007e-01,3.11592201e-02,-5.82872843e-02,0.00000000e+00,0.00000000e+00,1.57025810e-01,1.67984880e-02,1.53885294e+02,1.64625182e+01
2.20200000e+00,-4.49934618e-02,-2.69291167e-01,3.10375050e-02,-6.34117932e-02,0.00000000e+00,0.00000000e+00,1.56944734e-01,1.68099904e-02,1.53805839e+02,1.64737906e+01
2.20400000e+00,-4.55295994e-02,-2.66790445e-01,3.09055702e-02,-6.85403824e-02,0.00000000e+00,0.00000000e+00,1.55199475e-01,1.66035314e-02,1.52095486e+02,1.62714608e+01
2.20600000e+00,-4.60604798e-02,-2.64074137e-01,3.07634581e-02,-7.34971151e-02,0.00000000e+00,0.00000000e+00,1.56251798e-01,1.69697537e-02,1.53126762e+02,1.66303586e+01
2.20800000e+00,-4.65857686e-02,-2.61166754e-01,3.06116391e-02,-7.83678414e-02,0.00000000e+00,0.00000000e+00,1.55034292e-01,1.65691442e-02,1.51933606e+02,1.62377613e+01
2.21000000e+00,-4.71049920e-02,-2.58027041e-01,3.04499708e-02,-8.32623424e-02,0.00000000e+00,0.00000000e+00,1.55074126e-01,1.66909090e-02,1.51972644e+02,1.63570908e+01
2.21200000e+00,-4.76177515e-02,-2.54699507e-01,3.02787046e-02,-8.79845733e-02,0.00000000e+00,0.00000000e+00,1.54844640e-01,1.66880087e-02,1.51747747e+02,1.63542485e+01
2.21400000e+00,-4.81236609e-02,-2.51178363e-01,3.00981214e-02,-9.25735476e-02,0.00000000e+00,0.00000000e+00,1.54694105e-01,1.67145222e-02,1.51600223e+02,1.63802317e+01
2.21600000e+00,-4.86223399e-02,-2.47469542e-01,2.99085048e-02,-9.70209399e-02,0.00000000e+00,0.00000000e+00,1.54544992e-01,1.67161329e-02,1.51454092e+02,1.63818102e+01
2.21800000e+00,-4.91134111e-02,-2.43568806e-01,2.97101358e-02,-1.01321099e-01,0.00000000e+00,0.00000000e+00,1.54234065e-01,1.67419468e-02,1.51149384e+02,1.64071078e+01
2.22000000e+00,-4.95964876e-02,-2.39476854e-01,2.95033184e-02,-1.05474286e-01,0.00000000e+00,0.00000000e+00,1.54036875e-01,1.67308777e-02,1.50956138e+02,1.63962601e+01
2.22200000e+00,-5.00711918e-02,-2.35194814e-01,2.92883358e-02,-1.09481819e-01,0.00000000e+00,0.00000000e+00,1.53684673e-01,1.67422035e-02,1.50610980e+02,1.64073594e+01
2.22400000e+00,-5.05371033e-02,-2.30667451e-01,2.90654956e-02,-1.13332675e-01,0.00000000e+00,0.00000000e+00,1.52125966e-01,1.67429841e-02,1.49083446e+02,1.64081244e+01
2.22600000e+00,-5.09937319e-02,-2.25945525e-01,2.88351787e-02,-1.16923119e-01,0.00000000e+00,0.00000000e+00,1.52885037e-01,1.69612719e-02,1.49827337e+02,1.66220465e+01
2.22800000e+00,-5.14407515e-02,-2.21022694e-01,2.85977876e-02,-1.20536852e-01,0.00000000e+00,0.00000000e+00,1.51100385e-01,1.63564194e-02,1.48078377e+02,1.60292910e+01
2.23000000e+00,-5.18776783e-02,-2.15883285e-01,2.83530578e-02,-1.24110825e-01,0.00000000e+00,0.00000000e+00,1.51411806e-01,1.66966040e-02,1.48383570e+02,1.63626719e+01
2.23200000e+00,-5.23041810e-02,-2.10588523e-01,2.81015590e-02,-1.27362694e-01,0.00000000e+00,0.00000000e+00,1.50973341e-01,1.66745715e-02,1.47953874e+02,1.63410801e+01
2.23400000e+00,-5.27199141e-02,-2.05116343e-01,2.78437132e-02,-1.30455370e-01,0.00000000e+00,0.00000000e+00,1.50681989e-01,1.66636725e-02,1.47668349e+02,1.63303990e+01
2.23600000e+00,-5.31245353e-02,-1.99477602e-01,2.75798541e-02,-1.33373287e-01,0.00000000e+00,0.00000000e+00,1.50407201e-01,1.66656533e-02,1.47399057e+02,1.63323402e+01
2.23800000e+00,-5.35177142e-02,-1.93673410e-01,2.73103558e-02,-1.36087621e-01,0.00000000e+00,0.00000000e+00,1.50049013e-01,1.67071198e-02,1.47048033e+02,1.63729774e+01
2.24000000e+00,-5.38991166e-02,-1.87700639e-01,2.70356305e-02,-1.38611583e-01,0.00000000e+00,0.00000000e+00,1.49605726e-01,1.66738183e-02,1.46613611e+02,1.63403420e+01
2.24200000e+00,-5.42684077e-02,-1.81564275e-01,2.67560302e-02,-1.40954418e-01,0.00000000e+00,0.00000000e+00,1.49265823e-01,1.66888491e-02,1.46280507e+02,1.63550722e+01
2.24400000e+00,-5.46252498e-02,-1.75242074e-01,2.64720643e-02,-1.42920030e-01,0.00000000e+00,0.00000000e+00,1.48201872e-01,1.70607830e-02,1.45237835e+02,1.67195674e+01
2.24600000e+00,-5.49692672e-02,-1.68756779e-01,2.61845614e-02,-1.44568731e-01,0.00000000e+00,0.00000000e+00,1.48289433e-01,1.69440047e-02,1.45323644e+02,1.66051246e+01
2.24800000e+00,-5.53001435e-02,-1.62071377e-01,2.58936410e-02,-1.46440032e-01,0.00000000e+00,0.00000000e+00,1.46254041e-01,1.61786742e-02,1.43328960e+02,1.58551007e+01
2.25000000e+00,-5.56174368e-02,-1.55212014e-01,2.55988707e-02,-1.48207143e-01,0.00000000e+00,0.00000000e+00,1.46842529e-01,1.67423703e-02,1.43905679e+02,1.64075229e+01
2.25200000e+00,-5.59209168e-02,-1.48240594e-01,2.53010911e-02,-1.49556268e-01,0.00000000e+00,0.00000000e+00,1.46141308e-01,1.66311849e-02,1.43218482e+02,1.62985612e+01
2.25400000e+00,-5.62102982e-02,-1.41117761e-01,2.50007401e-02,-1.50763699e-01,0.00000000e+00,0.00000000e+00,1.45695673e-01,1.66112189e-02,1.42781759e+02,1.62789945e+01
2.25600000e+00,-5.64852986e-02,-1.33860986e-01,2.46981763e-02,-1.51761156e-01,0.00000000e+00,0.00000000e+00,1.45285879e-01,1.66401110e-02,1.42380162e+02,1.63073088e+01
2.25800000e+00,-5.67456633e-02,-1.26485950e-01,2.43938611e-02,-1.52510320e-01,0.00000000e+00,0.00000000e+00,1.45087682e-01,1.66979717e-02,1.42185928e+02,1.63640122e+01
2.26000000e+00,-5.69911616e-02,-1.18989735e-01,2.40882905e-02,-1.53026306e-01,0.00000000e+00,0.00000000e+00,1.44488804e-01,1.66932480e-02,1.41599028e+02,1.63593830e+01
2.26200000e+00,-5.72215444e-02,-1.11376807e-01,2.37819066e-02,-1.53316246e-01,0.00000000e+00,0.00000000e+00,1.44272116e-01,1.67348872e-02,1.41386674e+02,1.64001895e+01
2.26400000e+00,-5.74365993e-02,-1.03659632e-01,2.34753904e-02,-1.53058882e-01,0.00000000e+00,0.00000000e+00,1.43839768e-01,1.74041103e-02,1.40962973e+02,1.70560281e+01
2.26600000e+00,-5.76361063e-02,-9.58274382e-02,2.31698940e-02,-1.52467029e-01,0.00000000e+00,0.00000000e+00,1.43244978e-01,1.70003049e-02,1.40380078e+02,1.66602988e+01
2.26800000e+00,-5.78197790e-02,-8.78001849e-02,2.28652209e-02,-1.52327254e-01,0.00000000e+00,0.00000000e+00,1.40813685e-01,1.60198430e-02,1.37997411e+02,1.56994462e+01
2.27000000e+00,-5.79872289e-02,-7.96557518e-02,2.25606597e-02,-1.52075418e-01,0.00000000e+00,0.00000000e+00,1.41907001e-01,1.68003966e-02,1.39068861e+02,1.64643887e+01
2.27200000e+00,-5.81383841e-02,-7.14844443e-02,2.22572821e-02,-1.51279250e-01,0.00000000e+00,0.00000000e+00,1.41452911e-01,1.67286849e-02,1.38623852e+02,1.63941112e+01
2.27400000e+00,-5.82731028e-02,-6.32173393e-02,2.19556241e-02,-1.50361066e-01,0.00000000e+00,0.00000000e+00,1.40801889e-01,1.66251985e-02,1.37985851e+02,1.62926945e+01
2.27600000e+00,-5.83911959e-02,-5.48638562e-02,2.16559530e-02,-1.49270188e-01,0.00000000e+00,0.00000000e+00,1.40432556e-01,1.66626416e-02,1.37623904e+02,1.63293888e+01
2.27800000e+00,-5.84925130e-02,-4.64425151e-02,2.13587034e-02,-1.47939307e-01,0.00000000e+00,0.00000000e+00,1.40077635e-01,1.67037944e-02,1.37276082e+02,1.63697185e+01
2.28000000e+00,-5.85769231e-02,-3.79569543e-02,2.10643439e-02,-1.46386199e-01,0.00000000e+00,0.00000000e+00,1.39655566e-01,1.67079638e-02,1.36862455e+02,1.63738045e+01
2.28200000e+00,-5.86443061e-02,-2.94194081e-02,2.07732965e-02,-1.44626279e-01,0.00000000e+00,0.00000000e+00,1.39447758e-01,1.67214061e-02,1.36658803e+02,1.63869780e+01
2.28400000e+00,-5.86945741e-02,-2.08419375e-02,2.04862566e-02,-1.42239717e-01,0.00000000e+00,0.00000000e+00,1.39167972e-01,1.76123272e-02,1.36384613e+02,1.72600807e+01
2.28600000e+00,-5.87276434e-02,-1.22187547e-02,2.02045847e-02,-1.39482457e-01,0.00000000e+00,0.00000000e+00,1.38684701e-01,1.70959666e-02,1.35911007e+02,1.67540472e+01
2.28800000e+00,-5.87433467e-02,-3.44192204e-03,1.99279247e-02,-1.37328311e-01,0.00000000e+00,0.00000000e+00,1.35741423e-01,1.59502210e-02,1.33026594e+02,1.56312166e+01
2.29000000e+00,-5.87413652e-02,5.40368552e-03,1.96553250e-02,-1.35093959e-01,0.00000000e+00,0.00000000e+00,1.37097623e-01,1.68740513e-02,1.34355671e+02,1.65365703e+01
2.29200000e+00,-5.87217627e-02,1.42031534e-02,1.93879448e-02,-1.32265752e-01,0.00000000e+00,0.00000000e+00,1.36695462e-01,1.68136055e-02,1.33961553e+02,1.64773334e+01
2.29400000e+00,-5.86845350e-02,2.30290810e-02,1.91263351e-02,-1.29327944e-01,0.00000000e+00,0.00000000e+00,1.36211436e-01,1.67291837e-02,1.33487208e+02,1.63946000e+01
2.29600000e+00,-5.86296331e-02,3.18749327e-02,1.88707170e-02,-1.26264171e-01,0.00000000e+00,0.00000000e+00,1.35817807e-01,1.67115988e-02,1.33101451e+02,1.63773668e+01
2.29800000e+00,-5.85570304e-02,4.07280561e-02,1.86214014e-02,-1.23015821e-01,0.00000000e+00,0.00000000e+00,1.35484976e-01,1.67591323e-02,1.32775277e+02,1.64239496e+01
2.30000000e+00,-5.84667219e-02,4.95797036e-02,1.83787832e-02,-1.19573322e-01,0.00000000e+00,0.00000000e+00,1.35151213e-01,1.67711271e-02,1.32448189e+02,1.64357046e+01
2.30200000e+00,-5.83587183e-02,5.84212338e-02,1.81432295e-02,-1.15948870e-01,0.00000000e+00,0.00000000e+00,1.34875829e-01,1.68030814e-02,1.32178312e+02,1.64670198e+01
2.30400000e+00,-5.82330795e-02,6.71989559e-02,1.79154398e-02,-1.11646385e-01,0.00000000e+00,0.00000000e+00,1.35652518e-01,1.78672299e-02,1.32939468e+02,1.75098853e+01
2.30600000e+00,-5.80899567e-02,7.59254705e-02,1.76968828e-02,-1.06985655e-01,0.00000000e+00,0.00000000e+00,1.34939674e-01,1.72408782e-02,1.32240881e+02,1.68960607e+01
2.30800000e+00,-5.79293075e-02,8.47571286e-02,1.74870023e-02,-1.03067098e-01,0.00000000e+00,0.00000000e+00,1.31920086e-01,1.60079105e-02,1.29281684e+02,1.56877523e+01
2.31000000e+00,-5.77509271e-02,9.35903063e-02,1.72846377e-02,-9.91136225e-02,0.00000000e+00,0.00000000e+00,1.33484184e-01,1.70235403e-02,1.30814500e+02,1.66830695e+01
2.31200000e+00,-5.75550234e-02,1.02307838e-01,1.70909108e-02,-9.46157809e-02,0.00000000e+00,0.00000000e+00,1.33058825e-01,1.68719467e-02,1.30397649e+02,1.65345078e+01
2.31400000e+00,-5.73417244e-02,1.10982401e-01,1.69061865e-02,-9.01000343e-02,0.00000000e+00,0.00000000e+00,1.32782458e-01,1.67953911e-02,1.30126809e+02,1.64594833e+01
2.31600000e+00,-5.71111327e-02,1.19598654e-01,1.67305861e-02,-8.54710426e-02,0.00000000e+00,0.00000000e+00,1.32574224e-01,1.68569134e-02,1.29922739e+02,1.65197751e+01
2.31800000e+00,-5.68633707e-02,1.28153605e-01,1.65643950e-02,-8.07030183e-02,0.00000000e+00,0.00000000e+00,1.32227327e-01,1.68478659e-02,1.29582781e+02,1.65109086e+01
2.32000000e+00,-5.65985743e-02,1.36624471e-01,1.64078551e-02,-7.58134649e-02,0.00000000e+00,0.00000000e+00,1.32412108e-01,1.68863882e-02,1.29763866e+02,1.65486605e+01
2.32200000e+00,-5.63169263e-02,1.45015071e-01,1.62612171e-02,-7.08100013e-02,0.00000000e+00,0.00000000e+00,1.31838031e-01,1.68754445e-02,1.29201271e+02,1.65379357e+01
2.32400000e+00,-5.60185783e-02,1.53309252e-01,1.61249873e-02,-6.52482553e-02,0.00000000e+00,0.00000000e+00,1.32263645e-01,1.78614096e-02,1.29618372e+02,1.75041814e+01
2.32600000e+00,-5.57037793e-02,1.61468406e-01,1.60004517e-02,-5.93450642e-02,0.00000000e+00,0.00000000e+00,1.32456862e-01,1.74117974e-02,1.29807725e+02,1.70635615e+01
2.32800000e+00,-5.53726996e-02,1.69635177e-01,1.58871069e-02,-5.41919644e-02,0.00000000e+00,0.00000000e+00,1.29416186e-01,1.61228639e-02,1.26827862e+02,1.58004067e+01
2.33000000e+00,-5.50252865e-02,1.77730112e-01,1.57836523e-02,-4.90862018e-02,0.00000000e+00,0.00000000e+00,1.31332683e-01,1.71626321e-02,1.28706029e+02,1.68193795e+01
2.33200000e+00,-5.46618997e-02,1.85644202e-01,1.56910781e-02,-4.35065618e-02,0.00000000e+00,0.00000000e+00,1.30707998e-01,1.69829997e-02,1.28093838e+02,1.66433397e+01
2.33400000e+00,-5.42827735e-02,1.93462550e-01,1.56095741e-02,-3.80048998e-02,0.00000000e+00,0.00000000e+00,1.30506981e-01,1.68802732e-02,1.27896841e+02,1.65426678e+01
2.33600000e+00,-5.38881338e-02,2.01154421e-01,1.55390607e-02,-3.24999035e-02,0.00000000e+00,0.00000000e+00,1.30473388e-01,1.68870214e-02,1.27863921e+02,1.65492810e+01
2.33800000e+00,-5.34782502e-02,2.08704799e-01,1.54796262e-02,-2.69173600e-02,0.00000000e+00,0.00000000e+00,1.30498240e-01,1.69558671e-02,1.27888275e+02,1.66167498e+01
2.34000000e+00,-5.30534099e-02,2.16112360e-01,1.54314380e-02,-2.12647297e-02,0.00000000e+00,0.00000000e+00,1.30372872e-01,1.69629884e-02,1.27765414e+02,1.66237286e+01
2.34200000e+00,-5.26139008e-02,2.23369790e-01,1.53945886e-02,-1.55801815e-02,0.00000000e+00,0.00000000e+00,1.30448302e-01,1.69679028e-02,1.27839336e+02,1.66285447e+01
2.34400000e+00,-5.21600619e-02,2.30430504e-01,1.53694185e-02,-9.44377824e-03,0.00000000e+00,0.00000000e+00,1.31293771e-01,1.78730303e-02,1.28667896e+02,1.75155697e+01
2.34600000e+00,-5.16923170e-02,2.37283999e-01,1.53569805e-02,-3.05677230e-03,0.00000000e+00,0.00000000e+00,1.31500225e-01,1.74735172e-02,1.28870221e+02,1.71240469e+01
2.34800000e+00,-5.12109614e-02,2.44084169e-01,1.53566797e-02,2.56270567e-03,0.00000000e+00,0.00000000e+00,1.28638128e-01,1.62591857e-02,1.26065365e+02,1.59340020e+01
2.35000000e+00,-5.07160614e-02,2.50762684e-01,1.53671253e-02,8.02305981e-03,0.00000000e+00,0.00000000e+00,1.30330437e-01,1.71522668e-02,1.27723828e+02,1.68092215e+01
2.35200000e+00,-5.02080725e-02,2.57198485e-01,1.53890206e-02,1.38564077e-02,0.00000000e+00,0.00000000e+00,1.30189262e-01,1.70709917e-02,1.27585477e+02,1.67295719e+01
2.35400000e+00,-4.96873779e-02,2.63468680e-01,1.54224858e-02,1.95921232e-02,0.00000000e+00,0.00000000e+00,1.29975335e-01,1.69927959e-02,1.27375828e+02,1.66529400e+01
2.35600000e+00,-4.91543183e-02,2.69558123e-01,1.54673432e-02,2.52589275e-02,0.00000000e+00,0.00000000e+00,1.30086440e-01,1.69881132e-02,1.27484712e+02,1.66483509e+01
2.35800000e+00,-4.86092806e-02,2.75444807e-01,1.55235187e-02,3.09215408e-02,0.00000000e+00,0.00000000e+00,1.30288153e-01,1.70619406e-02,1.27682390e+02,1.67207018e+01
2.36000000e+00,-4.80526762e-02,2.81125722e-01,1.55910243e-02,3.65766967e-02,0.00000000e+00,0.00000000e+00,1.30374345e-01,1.70665855e-02,1.27766858e+02,1.67252538e+01
2.36200000e+00,-4.74849139e-02,2.86602368e-01,1.56697916e-02,4.21810469e-02,0.00000000e+00,0.00000000e+00,1.30449062e-01,1.70655327e-02,1.27840081e+02,1.67242220e+01
2.36400000e+00,-4.69064029e-02,2.91874849e-01,1.57598757e-02,4.79760636e-02,0.00000000e+00,0.00000000e+00,1.30444260e-01,1.75931507e-02,1.27835374e+02,1.72412877e+01
2.36600000e+00,-4.63175819e-02,2.96896142e-01,1.58617923e-02,5.39157518e-02,0.00000000e+00,0.00000000e+00,1.31532660e-01,1.75123592e-02,1.28902007e+02,1.71621120e+01
2.36800000e+00,-4.57189300e-02,3.01749949e-01,1.59751422e-02,5.92607533e-02,0.00000000e+00,0.00000000e+00,1.29490858e-01,1.65045784e-02,1.26901040e+02,1.61744868e+01
2.37000000e+00,-4.51107069e-02,3.06416635e-01,1.60986964e-02,6.43973521e-02,0.00000000e+00,0.00000000e+00,1.30959352e-01,1.72493733e-02,1.28340165e+02,1.69043859e+01
2.37200000e+00,-4.44934503e-02,3.10803058e-01,1.62328775e-02,6.97527719e-02,0.00000000e+00,0.00000000e+00,1.31019087e-01,1.71533729e-02,1.28398705e+02,1.68103055e+01
2.37400000e+00,-4.38676440e-02,3.14965560e-01,1.63775823e-02,7.49204498e-02,0.00000000e+00,0.00000000e+00,1.31100316e-01,1.70599017e-02,1.28478310e+02,1.67187036e+01
2.37600000e+00,-4.32337467e-02,3.18890135e-01,1.65324720e-02,7.99572035e-02,0.00000000e+00,0.00000000e+00,1.31420348e-01,1.70977732e-02,1.28791941e+02,1.67558178e+01
2.37800000e+00,-4.25922481e-02,3.22567716e-01,1.66973617e-02,8.49197327e-02,0.00000000e+00,0.00000000e+00,1.31650344e-01,1.71376302e-02,1.29017337e+02,1.67948776e+01
2.38000000e+00,-4.19436352e-02,3.26006256e-01,1.68720738e-02,8.97666562e-02,0.00000000e+00,0.00000000e+00,1.31725491e-01,1.71027169e-02,1.29090981e+02,1.67606625e+01
2.38200000e+00,-4.12883841e-02,3.29203219e-01,1.70563389e-02,9.44794493e-02,0.00000000e+00,0.00000000e+00,1.31959605e-01,1.71173945e-02,1.29320413e+02,1.67750466e+01
2.38400000e+00,-4.06269759e-02,3.32169805e-01,1.72500011e-02,9.92064021e-02,0.00000000e+00,0.00000000e+00,1.31721787e-01,1.74071788e-02,1.29087352e+02,1.70590352e+01
2.38600000e+00,-3.99598948e-02,3.34851612e-01,1.74532004e-02,1.03987302e-01,0.00000000e+00,0.00000000e+00,1.33179759e-01,1.75189612e-02,1.30516163e+02,1.71685819e+01
2.38800000e+00,-3.92877233e-02,3.37302660e-01,1.76656448e-02,1.08310019e-01,0.00000000e+00,0.00000000e+00,1.31636957e-01,1.67471198e-02,1.29004218e+02,1.64121774e+01
2.39000000e+00,-3.86108293e-02,3.39535944e-01,1.78862483e-02,1.12344442e-01,0.00000000e+00,0.00000000e+00,1.32752019e-01,1.72273511e-02,1.30096979e+02,1.68828041e+01
2.39200000e+00,-3.79297727e-02,3.41479485e-01,1.81150526e-02,1.16424015e-01,0.00000000e+00,0.00000000e+00,1.32855940e-01,1.71670757e-02,1.30198822e+02,1.68237342e+01
2.39400000e+00,-3.72450819e-02,3.43167303e-01,1.83518121e-02,1.20305122e-01,0.00000000e+00,0.00000000e+00,1.33145354e-01,1.71474027e-02,1.30482447e+02,1.68044546e+01
2.39600000e+00,-3.65572799e-02,3.44590474e-01,1.85961525e-02,1.24005360e-01,0.00000000e+00,0.00000000e+00,1.33431301e-01,1.71349651e-02,1.30762675e+02,1.67922658e+01
2.39800000e+00,-3.58668984e-02,3.45746077e-01,1.88477270e-02,1.27545826e-01,0.00000000e+00,0.00000000e+00,1.33766843e-01,1.71699782e-02,1.31091506e+02,1.68265787e+01
2.40000000e+00,-3.51744762e-02,3.46630873e-01,1.91062279e-02,1.30924356e-01,0.00000000e+00,0.00000000e+00,1.34110697e-01,1.71629568e-02,1.31428483e+02,1.68196976e+01
2.40200000e+00,-3.44805544e-02,3.47246409e-01,1.93713019e-02,1.34119159e-01,0.00000000e+00,0.00000000e+00,1.34396783e-01,1.71616973e-02,1.31708847e+02,1.68184634e+01
2.40400000e+00,-3.37856325e-02,3.47649011e-01,1.96425596e-02,1.37096700e-01,0.00000000e+00,0.00000000e+00,1.33415315e-01,1.70932000e-02,1.30747009e+02,1.67513360e+01
2.40600000e+00,-3.30901533e-02,3.47759268e-01,1.99196651e-02,1.40038851e-01,0.00000000e+00,0.00000000e+00,1.35551468e-01,1.74820920e-02,1.32840439e+02,1.71324502e+01
2.40800000e+00,-3.23947946e-02,3.47570822e-01,2.02025414e-02,1.42720669e-01,0.00000000e+00,0.00000000e+00,1.34718154e-01,1.69497263e-02,1.32023791e+02,1.66107318e+01
2.41000000e+00,-3.17000285e-02,3.47144569e-01,2.04903146e-02,1.45052695e-01,0.00000000e+00,0.00000000e+00,1.35435300e-01,1.71580319e-02,1.32726594e+02,1.68148713e+01
2.41200000e+00,-3.10064081e-02,3.46430623e-01,2.07826887e-02,1.47289442e-01,0.00000000e+00,0.00000000e+00,1.35775859e-01,1.71664856e-02,1.33060342e+02,1.68231559e+01
2.41400000e+00,-3.03144844e-02,3.45449109e-01,2.10793316e-02,1.49315178e-01,0.00000000e+00,0.00000000e+00,1.36035441e-01,1.71380517e-02,1.33314732e+02,1.67952906e+01
2.41600000e+00,-2.96247885e-02,3.44202352e-01,2.13798037e-02,1.51122387e-01,0.00000000e+00,0.00000000e+00,1.36338814e-01,1.71362924e-02,1.33612038e+02,1.67935666e+01
2.41800000e+00,-2.89378521e-02,3.42689904e-01,2.16836814e-02,1.52719896e-01,0.00000000e+00,0.00000000e+00,1.36630305e-01,1.71313370e-02,1.33897699e+02,1.67887102e+01
2.42000000e+00,-2.82542088e-02,3.40907644e-01,2.19905492e-02,1.54116334e-01,0.00000000e+00,0.00000000e+00,1.37055760e-01,1.71520425e-02,1.34314645e+02,1.68090017e+01
2.42200000e+00,-2.75743993e-02,3.38858875e-01,2.23000077e-02,1.55304353e-01,0.00000000e+00,0.00000000e+00,1.37300246e-01,1.71354492e-02,1.34554241e+02,1.67927402e+01
2.42400000e+00,-2.68989254e-02,3.36581888e-01,2.26115859e-02,1.56221331e-01,0.00000000e+00,0.00000000e+00,1.36865390e-01,1.70278426e-02,1.34128082e+02,1.66872858e+01
2.42600000e+00,-2.62282482e-02,3.34040109e-01,2.29247836e-02,1.56974056e-01,0.00000000e+00,0.00000000e+00,1.38002643e-01,1.72377988e-02,1.35242590e+02,1.68930429e+01
2.42800000e+00,-2.55629483e-02,3.31223452e-01,2.32393459e-02,1.57522486e-01,0.00000000e+00,0.00000000e+00,1.37846222e-01,1.70481501e-02,1.35089298e+02,1.67071871e+01
2.43000000e+00,-2.49035162e-02,3.28164155e-01,2.35546840e-02,1.57786610e-01,0.00000000e+00,0.00000000e+00,1.38277069e-01,1.70914045e-02,1.35511527e+02,1.67495764e+01
2.43200000e+00,-2.42504644e-02,3.24845759e-01,2.38703659e-02,1.57861068e-01,0.00000000e+00,0.00000000e+00,1.38556245e-01,1.71009702e-02,1.35785120e+02,1.67589508e+01
2.43400000e+00,-2.36043005e-02,3.21276375e-01,2.41859841e-02,1.57719294e-01,0.00000000e+00,0.00000000e+00,1.38852812e-01,1.70884605e-02,1.36075756e+02,1.67466912e+01
2.43600000e+00,-2.29655256e-02,3.17456851e-01,2.45010986e-02,1.57360817e-01,0.00000000e+00,0.00000000e+00,1.39171423e-01,1.70964040e-02,1.36387995e+02,1.67544760e+01
2.43800000e+00,-2.23346380e-02,3.13390057e-01,2.48152833e-02,1.56786377e-01,0.00000000e+00,0.00000000e+00,1.39464327e-01,1.70842090e-02,1.36675041e+02,1.67425248e+01
2.44000000e+00,-2.17121282e-02,3.09079154e-01,2.51280961e-02,1.55989953e-01,0.00000000e+00,0.00000000e+00,1.39776467e-01,1.70776445e-02,1.36980937e+02,1.67360916e+01
2.44200000e+00,-2.10984829e-02,3.04525974e-01,2.54390972e-02,1.54974613e-01,0.00000000e+00,0.00000000e+00,1.40097930e-01,1.70693915e-02,1.37295971e+02,1.67280037e+01
2.44400000e+00,-2.04941855e-02,2.99731040e-01,2.57478378e-02,1.53724083e-01,0.00000000e+00,0.00000000e+00,1.40473173e-01,1.70255327e-02,1.37663710e+02,1.66850220e+01
2.44600000e+00,-1.98996993e-02,2.94725275e-01,2.60538181e-02,1.52210496e-01,0.00000000e+00,0.00000000e+00,1.40151222e-01,1.69549473e-02,1.37348197e+02,1.66158484e+01
2.44800000e+00,-1.93154263e-02,2.89506561e-01,2.63565499e-02,1.50502144e-01,0.00000000e+00,0.00000000e+00,1.40658517e-01,1.70498835e-02,1.37845347e+02,1.67088858e+01
2.45000000e+00,-1.87418241e-02,2.84061246e-01,2.66556958e-02,1.48597477e-01,0.00000000e+00,0.00000000e+00,1.40741740e-01,1.69709915e-02,1.37926905e+02,1.66315716e+01
2.45200000e+00,-1.81793234e-02,2.78402794e-01,2.69507819e-02,1.46456049e-01,0.00000000e+00,0.00000000e+00,1.41024174e-01,1.69753346e-02,1.38203690e+02,1.66358279e+01
2.45400000e+00,-1.76283570e-02,2.72528275e-01,2.72413904e-02,1.44120286e-01,0.00000000e+00,0.00000000e+00,1.41269136e-01,1.69791793e-02,1.38443754e+02,1.66395957e+01
2.45600000e+00,-1.70893505e-02,2.66443480e-01,2.75271339e-02,1.41590806e-01,0.00000000e+00,0.00000000e+00,1.41513010e-01,1.69779442e-02,1.38682750e+02,1.66383853e+01
2.45800000e+00,-1.65627199e-02,2.60153465e-01,2.78076265e-02,1.38870562e-01,0.00000000e+00,0.00000000e+00,1.41740034e-01,1.69805662e-02,1.38905234e+02,1.66409548e+01
2.46000000e+00,-1.60488702e-02,2.53663238e-01,2.80824887e-02,1.35959174e-01,0.00000000e+00,0.00000000e+00,1.41970377e-01,1.69705702e-02,1.39130969e+02,1.66311587e+01
2.46200000e+00,-1.55481973e-02,2.46977514e-01,2.83513349e-02,1.32855427e-01,0.00000000e+00,0.00000000e+00,1.42194015e-01,1.69621232e-02,1.39350135e+02,1.66228807e+01
2.46400000e+00,-1.50611085e-02,2.40069128e-01,2.86137805e-02,1.29556810e-01,0.00000000e+00,0.00000000e+00,1.43169122e-01,1.69377925e-02,1.40305740e+02,1.65990366e+01
2.46600000e+00,-1.45880113e-02,2.33024976e-01,2.88693239e-02,1.25900834e-01,0.00000000e+00,0.00000000e+00,1.41475736e-01,1.65785466e-02,1.38646222e+02,1.62469756e+01
2.46800000e+00,-1.41291009e-02,2.25842395e-01,2.91172953e-02,1.22112014e-01,0.00000000e+00,0.00000000e+00,1.42628511e-01,1.70147593e-02,1.39775940e+02,1.66744641e+01
2.47000000e+00,-1.36847727e-02,2.18463257e-01,2.93577412e-02,1.18277184e-01,0.00000000e+00,0.00000000e+00,1.42411546e-01,1.68270080e-02,1.39563315e+02,1.64904679e+01
2.47200000e+00,-1.32553453e-02,2.10938094e-01,2.95902313e-02,1.14183334e-01,0.00000000e+00,0.00000000e+00,1.42504606e-01,1.68048643e-02,1.39654514e+02,1.64687670e+01
2.47400000e+00,-1.28411246e-02,2.03256630e-01,2.98143669e-02,1.09927983e-01,0.00000000e+00,0.00000000e+00,1.42651215e-01,1.68099382e-02,1.39798191e+02,1.64737395e+01
2.47600000e+00,-1.24424211e-02,1.95421676e-01,3.00298507e-02,1.05533820e-01,0.00000000e+00,0.00000000e+00,1.42804694e-01,1.68231152e-02,1.39948601e+02,1.64866529e+01
2.47800000e+00,-1.20595363e-02,1.87439015e-01,3.02364138e-02,1.01007056e-01,0.00000000e+00,0.00000000e+00,1.42944643e-01,1.68285374e-02,1.40085750e+02,1.64919667e+01
2.48000000e+00,-1.16927589e-02,1.79315550e-01,3.04337898e-02,9.63466765e-02,0.00000000e+00,0.00000000e+00,1.43067750e-01,1.68265160e-02,1.40206395e+02,1.64899857e+01
2.48200000e+00,-1.13423638e-02,1.71057595e-01,3.06217144e-02,9.15571642e-02,0.00000000e+00,0.00000000e+00,1.43193326e-01,1.68278969e-02,1.40329459e+02,1.64913390e+01
2.48400000e+00,-1.10086402e-02,1.62632059e-01,3.07998818e-02,8.65626193e-02,0.00000000e+00,0.00000000e+00,1.44225160e-01,1.66526961e-02,1.41340656e+02,1.63196421e+01
2.48600000e+00,-1.06918719e-02,1.54152023e-01,3.09677093e-02,8.11848631e-02,0.00000000e+00,0.00000000e+00,1.41846285e-01,1.62654521e-02,1.39009359e+02,1.59401430e+01
2.48800000e+00,-1.03920795e-02,1.45600933e-01,3.11246335e-02,7.58255138e-02,0.00000000e+00,0.00000000e+00,1.43403512e-01,1.69177322e-02,1.40535442e+02,1.65793775e+01
2.49000000e+00,-1.01095648e-02,1.36904932e-01,3.12710586e-02,7.05370041e-02,0.00000000e+00,0.00000000e+00,1.42890739e-01,1.66254562e-02,1.40032924e+02,1.62929471e+01
2.49200000e+00,-9.84450641e-03,1.28139013e-01,3.14066219e-02,6.50090436e-02,0.00000000e+00,0.00000000e+00,1.42837866e-01,1.66110357e-02,1.39981109e+02,1.62788150e+01
2.49400000e+00,-9.59706578e-03,1.19287512e-01,3.15310384e-02,5.93964692e-02,0.00000000e+00,0.00000000e+00,1.42834543e-01,1.66278758e-02,1.39977852e+02,1.62953183e+01
2.49600000e+00,-9.36741223e-03,1.10352217e-01,3.16441696e-02,5.37266254e-02,0.00000000e+00,0.00000000e+00,1.42884812e-01,1.66547540e-02,1.40027116e+02,1.63216589e+01
2.49800000e+00,-9.15570933e-03,1.01338313e-01,3.17459097e-02,4.80039532e-02,0.00000000e+00,0.00000000e+00,1.42906478e-01,1.66646638e-02,1.40048348e+02,1.63313705e+01
2.50000000e+00,-8.96210567e-03,9.22543765e-02,3.18361484e-02,4.22257484e-02,0.00000000e+00,0.00000000e+00,1.42903805e-01,1.66694582e-02,1.40045729e+02,1.63360690e+01
2.50200000e+00,-8.78673340e-03,8.31080715e-02,3.19147801e-02,3.63986498e-02,0.00000000e+00,0.00000000e+00,1.42894973e-01,1.66767420e-02,1.40037074e+02,1.63432072e+01
2.50400000e+00,-8.62973119e-03,7.38750581e-02,3.19815753e-02,3.03200533e-02,0.00000000e+00,0.00000000e+00,1.43610690e-01,1.62394353e-02,1.40738477e+02,1.59146466e+01
2.50600000e+00,-8.49121685e-03,6.46665186e-02,3.20358296e-02,2.38955122e-02,0.00000000e+00,0.00000000e+00,1.41154658e-01,1.60307165e-02,1.38331565e+02,1.57101021e+01
2.50800000e+00,-8.37107241e-03,5.54470446e-02,3.20773154e-02,1.77079939e-02,0.00000000e+00,0.00000000e+00,1.42847925e-01,1.67987854e-02,1.39990967e+02,1.64628097e+01
2.51000000e+00,-8.26947864e-03,4.61526163e-02,3.21067710e-02,1.16845483e-02,0.00000000e+00,0.00000000e+00,1.42038842e-01,1.64196175e-02,1.39198065e+02,1.60912251e+01
2.51200000e+00,-8.18645388e-03,3.68702870e-02,3.21239252e-02,5.46860549e-03,0.00000000e+00,0.00000000e+00,1.41849572e-01,1.64217764e-02,1.39012581e+02,1.60933408e+01
2.51400000e+00,-8.12200412e-03,2.75780237e-02,3.21286490e-02,-7.41887459e-04,0.00000000e+00,0.00000000e+00,1.41706932e-01,1.64403411e-02,1.38872794e+02,1.61115343e+01
2.51600000e+00,-8.07614790e-03,1.82765894e-02,3.21209809e-02,-6.91753502e-03,0.00000000e+00,0.00000000e+00,1.41651578e-01,1.64864866e-02,1.38818546e+02,1.61567569e+01
2.51800000e+00,-8.04890030e-03,8.97134511e-03,3.21010092e-02,-1.30476846e-02,0.00000000e+00,0.00000000e+00,1.41535550e-01,1.65098153e-02,1.38704839e+02,1.61796190e+01
2.52000000e+00,-8.04025862e-03,-3.28053352e-04,3.20688163e-02,-1.91386270e-02,0.00000000e+00,0.00000000e+00,1.41406470e-01,1.65252814e-02,1.38578340e+02,1.61947758e+01
2.52200000e+00,-8.05020369e-03,-9.61421820e-03,3.20244843e-02,-2.51851371e-02,0.00000000e+00,0.00000000e+00,1.41269585e-01,1.65422187e-02,1.38444193e+02,1.62113743e+01
2.52400000e+00,-8.07871920e-03,-1.89059495e-02,3.19678879e-02,-3.15134001e-02,0.00000000e+00,0.00000000e+00,1.41731416e-01,1.58555709e-02,1.38896788e+02,1.55384595e+01
2.52600000e+00,-8.12576022e-03,-2.80967875e-02,3.18982327e-02,-3.81386201e-02,0.00000000e+00,0.00000000e+00,1.39258315e-01,1.58221035e-02,1.36473148e+02,1.55056614e+01
2.52800000e+00,-8.19107409e-03,-3.72392314e-02,3.18156431e-02,-4.42994303e-02,0.00000000e+00,0.00000000e+00,1.41096523e-01,1.67149590e-02,1.38274593e+02,1.63806598e+01
2.53000000e+00,-8.27472104e-03,-4.63875131e-02,3.17212191e-02,-5.01840744e-02,0.00000000e+00,0.00000000e+00,1.40040138e-01,1.62692629e-02,1.37239335e+02,1.59438776e+01
2.53200000e+00,-8.37656095e-03,-5.54410185e-02,3.16148091e-02,-5.62152656e-02,0.00000000e+00,0.00000000e+00,1.39676201e-01,1.62578083e-02,1.36882677e+02,1.59326521e+01
2.53400000e+00,-8.49643992e-03,-6.44267382e-02,3.14964201e-02,-6.21534747e-02,0.00000000e+00,0.00000000e+00,1.39398046e-01,1.62977370e-02,1.36610085e+02,1.59717823e+01
2.53600000e+00,-8.63422425e-03,-7.33469770e-02,3.13662837e-02,-6.79589581e-02,0.00000000e+00,0.00000000e+00,1.39234405e-01,1.63528700e-02,1.36449717e+02,1.60258126e+01
2.53800000e+00,-8.78978198e-03,-8.21984543e-02,3.12246756e-02,-7.36274475e-02,0.00000000e+00,0.00000000e+00,1.39024952e-01,1.63853130e-02,1.36244453e+02,1.60576067e+01
2.54000000e+00,-8.96296513e-03,-9.09705326e-02,3.10718587e-02,-7.91686980e-02,0.00000000e+00,0.00000000e+00,1.38756938e-01,1.64039049e-02,1.35981799e+02,1.60758268e+01
2.54200000e+00,-9.15360564e-03,-9.96549032e-02,3.09080889e-02,-8.45777407e-02,0.00000000e+00,0.00000000e+00,1.38496196e-01,1.64310778e-02,1.35726272e+02,1.61024563e+01
2.54400000e+00,-9.36155246e-03,-1.08290854e-01,3.07333901e-02,-9.02232099e-02,0.00000000e+00,0.00000000e+00,1.39287761e-01,1.56603382e-02,1.36502005e+02,1.53471314e+01
2.54600000e+00,-9.58665996e-03,-1.16763175e-01,3.05470491e-02,-9.60891609e-02,0.00000000e+00,0.00000000e+00,1.36475422e-01,1.57044909e-02,1.33745913e+02,1.53904011e+01
2.54800000e+00,-9.82852388e-03,-1.25113571e-01,3.03494456e-02,-1.01336951e-01,0.00000000e+00,0.00000000e+00,1.38379072e-01,1.66777825e-02,1.35611491e+02,1.63442268e+01
2.55000000e+00,-1.00870733e-02,-1.33402584e-01,3.01419464e-02,-1.06217158e-01,0.00000000e+00,0.00000000e+00,1.37117710e-01,1.61815900e-02,1.34375356e+02,1.58579582e+01
2.55200000e+00,-1.03620199e-02,-1.41520196e-01,2.99245072e-02,-1.11202025e-01,0.00000000e+00,0.00000000e+00,1.36585090e-01,1.61495172e-02,1.33853388e+02,1.58265268e+01
2.55400000e+00,-1.06530619e-02,-1.49499500e-01,2.96972457e-02,-1.16025811e-01,0.00000000e+00,0.00000000e+00,1.36229036e-01,1.61970209e-02,1.33504455e+02,1.58730805e+01
2.55600000e+00,-1.09599305e-02,-1.57347646e-01,2.94605487e-02,-1.20632536e-01,0.00000000e+00,0.00000000e+00,1.35993191e-01,1.62688871e-02,1.33273327e+02,1.59435093e+01
2.55800000e+00,-1.12823623e-02,-1.65060504e-01,2.92148596e-02,-1.25023167e-01,0.00000000e+00,0.00000000e+00,1.35668232e-01,1.63014248e-02,1.32954867e+02,1.59753964e+01
2.56000000e+00,-1.16200759e-02,-1.72628502e-01,2.89605926e-02,-1.29208917e-01,0.00000000e+00,0.00000000e+00,1.35334074e-01,1.63374158e-02,1.32627392e+02,1.60106675e+01
2.56200000e+00,-1.19727755e-02,-1.80045374e-01,2.86981608e-02,-1.33189453e-01,0.00000000e+00,0.00000000e+00,1.34985593e-01,1.63589046e-02,1.32285881e+02,1.60317265e+01
2.56400000e+00,-1.23402050e-02,-1.87383671e-01,2.84277452e-02,-1.37304312e-01,0.00000000e+00,0.00000000e+00,1.36467479e-01,1.56708122e-02,1.33738130e+02,1.53573960e+01
2.56600000e+00,-1.27221722e-02,-1.94515033e-01,2.81488622e-02,-1.41541135e-01,0.00000000e+00,0.00000000e+00,1.33238754e-01,1.57062425e-02,1.30573979e+02,1.53921176e+01
2.56800000e+00,-1.31181313e-02,-2.01445561e-01,2.78620206e-02,-1.45118155e-01,0.00000000e+00,0.00000000e+00,1.34978589e-01,1.66475004e-02,1.32279017e+02,1.63145504e+01
2.57000000e+00,-1.35278726e-02,-2.08253318e-01,2.75686662e-02,-1.48280212e-01,0.00000000e+00,0.00000000e+00,1.33686764e-01,1.61594443e-02,1.31013029e+02,1.58362554e+01
2.57200000e+00,-1.39509931e-02,-2.14833868e-01,2.72688681e-02,-1.51489780e-01,0.00000000e+00,0.00000000e+00,1.33096431e-01,1.61208128e-02,1.30434502e+02,1.57983966e+01
2.57400000e+00,-1.43870789e-02,-2.21220586e-01,2.69628499e-02,-1.54485240e-01,0.00000000e+00,0.00000000e+00,1.32691114e-01,1.61729308e-02,1.30037292e+02,1.58494722e+01
2.57600000e+00,-1.48357522e-02,-2.27422518e-01,2.66511099e-02,-1.57206630e-01,0.00000000e+00,0.00000000e+00,1.32415654e-01,1.62518726e-02,1.29767341e+02,1.59268351e+01
2.57800000e+00,-1.52966435e-02,-2.33436269e-01,2.63342014e-02,-1.59661048e-01,0.00000000e+00,0.00000000e+00,1.32031549e-01,1.62815972e-02,1.29390918e+02,1.59559652e+01
2.58000000e+00,-1.57693665e-02,-2.39253779e-01,2.60126332e-02,-1.61864170e-01,0.00000000e+00,0.00000000e+00,1.31665086e-01,1.63208772e-02,1.29031784e+02,1.59944597e+01
2.58200000e+00,-1.62535238e-02,-2.44869140e-01,2.56869107e-02,-1.63818310e-01,0.00000000e+00,0.00000000e+00,1.31237114e-01,1.63397051e-02,1.28612372e+02,1.60129110e+01
2.58400000e+00,-1.67487893e-02,-2.50403969e-01,2.53573877e-02,-1.65730861e-01,0.00000000e+00,0.00000000e+00,1.33803701e-01,1.59381979e-02,1.31127627e+02,1.56194340e+01
2.58600000e+00,-1.72549831e-02,-2.55703874e-01,2.50239550e-02,-1.67691710e-01,0.00000000e+00,0.00000000e+00,1.29857753e-01,1.57627988e-02,1.27260598e+02,1.54475429e+01
2.58800000e+00,-1.77714185e-02,-2.60724269e-01,2.46870004e-02,-1.69083447e-01,0.00000000e+00,0.00000000e+00,1.31467574e-01,1.66520425e-02,1.28838222e+02,1.63190017e+01
2.59000000e+00,-1.82977701e-02,-2.65579642e-01,2.43479250e-02,-1.70019550e-01,0.00000000e+00,0.00000000e+00,1.30278377e-01,1.62351514e-02,1.27672809e+02,1.59104484e+01
2.59200000e+00,-1.88335615e-02,-2.70171780e-01,2.40069247e-02,-1.70951908e-01,0.00000000e+00,0.00000000e+00,1.29671366e-01,1.61731539e-02,1.27077939e+02,1.58496909e+01
2.59400000e+00,-1.93783021e-02,-2.74531144e-01,2.36642708e-02,-1.71654225e-01,0.00000000e+00,0.00000000e+00,1.29267979e-01,1.62288068e-02,1.26682620e+02,1.59042306e+01
2.59600000e+00,-1.99315386e-02,-2.78669217e-01,2.33205071e-02,-1.72057614e-01,0.00000000e+00,0.00000000e+00,1.28999569e-01,1.63096997e-02,1.26419578e+02,1.59835057e+01
2.59800000e+00,-2.04928308e-02,-2.82585160e-01,2.29762307e-02,-1.72175510e-01,0.00000000e+00,0.00000000e+00,1.28643226e-01,1.63363002e-02,1.26070362e+02,1.60095742e+01
2.60000000e+00,-2.10617258e-02,-2.86271009e-01,2.26319795e-02,-1.72031755e-01,0.00000000e+00,0.00000000e+00,1.28251703e-01,1.63670770e-02,1.25686669e+02,1.60397355e+01
2.60200000e+00,-2.16377581e-02,-2.89721704e-01,2.22882752e-02,-1.71630636e-01,0.00000000e+00,0.00000000e+00,1.27836387e-01,1.63853547e-02,1.25279659e+02,1.60576476e+01
2.60400000e+00,-2.22205653e-02,-2.93101422e-01,2.19456007e-02,-1.71013916e-01,0.00000000e+00,0.00000000e+00,1.31337028e-01,1.63298493e-02,1.28710288e+02,1.60032523e+01
2.60600000e+00,-2.28100029e-02,-2.96239835e-01,2.16042270e-02,-1.70386022e-01,0.00000000e+00,0.00000000e+00,1.26996247e-01,1.59208647e-02,1.24456322e+02,1.56024474e+01
2.60800000e+00,-2.34053030e-02,-2.99045790e-01,2.12643318e-02,-1.69345451e-01,0.00000000e+00,0.00000000e+00,1.28416466e-01,1.67101386e-02,1.25848136e+02,1.63759358e+01
2.61000000e+00,-2.40060593e-02,-3.01661679e-01,2.09271415e-02,-1.67860542e-01,0.00000000e+00,0.00000000e+00,1.27448166e-01,1.63712146e-02,1.24899203e+02,1.60437903e+01
2.61200000e+00,-2.46117665e-02,-3.04002794e-01,2.05929151e-02,-1.66337394e-01,0.00000000e+00,0.00000000e+00,1.26930536e-01,1.63123282e-02,1.24391925e+02,1.59860817e+01
2.61400000e+00,-2.52219049e-02,-3.06095455e-01,2.02619371e-02,-1.64596436e-01,0.00000000e+00,0.00000000e+00,1.26614454e-01,1.63548800e-02,1.24082165e+02,1.60277824e+01
2.61600000e+00,-2.58359894e-02,-3.07949747e-01,1.99347125e-02,-1.62580829e-01,0.00000000e+00,0.00000000e+00,1.26365714e-01,1.64205483e-02,1.23838400e+02,1.60921373e+01
2.61800000e+00,-2.64535445e-02,-3.09564962e-01,1.96117896e-02,-1.60301502e-01,0.00000000e+00,0.00000000e+00,1.26062374e-01,1.64461964e-02,1.23541127e+02,1.61172725e+01
2.62000000e+00,-2.70740860e-02,-3.10935204e-01,1.92936659e-02,-1.57783098e-01,0.00000000e+00,0.00000000e+00,1.25701201e-01,1.64668971e-02,1.23187177e+02,1.61375592e+01
2.62200000e+00,-2.76971213e-02,-3.12059518e-01,1.89808111e-02,-1.55033860e-01,0.00000000e+00,0.00000000e+00,1.25396972e-01,1.64826759e-02,1.22889033e+02,1.61530224e+01
2.62400000e+00,-2.83223028e-02,-3.13151960e-01,1.86738460e-02,-1.51811373e-01,0.00000000e+00,0.00000000e+00,1.30055599e-01,1.70204593e-02,1.27454487e+02,1.66800502e+01
2.62600000e+00,-2.89495700e-02,-3.14005728e-01,1.83735750e-02,-1.48574892e-01,0.00000000e+00,0.00000000e+00,1.24936412e-01,1.60817237e-02,1.22437684e+02,1.57600892e+01
2.62800000e+00,-2.95780718e-02,-3.14478731e-01,1.80796115e-02,-1.45240868e-01,0.00000000e+00,0.00000000e+00,1.26286769e-01,1.68039513e-02,1.23761034e+02,1.64678723e+01
2.63000000e+00,-3.02073590e-02,-3.14762807e-01,1.77929033e-02,-1.41469087e-01,0.00000000e+00,0.00000000e+00,1.25657360e-01,1.65894556e-02,1.23144213e+02,1.62576665e+01
2.63200000e+00,-3.08369459e-02,-3.14781078e-01,1.75137702e-02,-1.37644649e-01,0.00000000e+00,0.00000000e+00,1.25214865e-01,1.65141624e-02,1.22710567e+02,1.61838791e+01
2.63400000e+00,-3.14663190e-02,-3.14552924e-01,1.72424361e-02,-1.33653152e-01,0.00000000e+00,0.00000000e+00,1.25037567e-01,1.65508789e-02,1.22536816e+02,1.62198613e+01
2.63600000e+00,-3.20950013e-02,-3.14090434e-01,1.69793028e-02,-1.29443939e-01,0.00000000e+00,0.00000000e+00,1.24872876e-01,1.65935382e-02,1.22375418e+02,1.62616674e+01
2.63800000e+00,-3.27225243e-02,-3.13393315e-01,1.67247942e-02,-1.25034074e-01,0.00000000e+00,0.00000000e+00,1.24680252e-01,1.66066782e-02,1.22186647e+02,1.62745446e+01
2.64000000e+00,-3.33484174e-02,-3.12460390e-01,1.64792866e-02,-1.20444084e-01,0.00000000e+00,0.00000000e+00,1.24475667e-01,1.66190345e-02,1.21986154e+02,1.62866538e+01
2.64200000e+00,-3.39722092e-02,-3.11292398e-01,1.62431323e-02,-1.15682470e-01,0.00000000e+00,0.00000000e+00,1.24284175e-01,1.66276233e-02,1.21798491e+02,1.62950708e+01
2.64400000e+00,-3.45935625e-02,-3.10087747e-01,1.60169237e-02,-1.10370460e-01,0.00000000e+00,0.00000000e+00,1.28696310e-01,1.74490539e-02,1.26122384e+02,1.71000728e+01
2.64600000e+00,-3.52124205e-02,-3.08673642e-01,1.58016682e-02,-1.05031778e-01,0.00000000e+00,0.00000000e+00,1.24447100e-01,1.63738623e-02,1.21958158e+02,1.60463851e+01
2.64800000e+00,-3.58280233e-02,-3.06908935e-01,1.55967220e-02,-9.98049663e-02,0.00000000e+00,0.00000000e+00,1.25536094e-01,1.69193693e-02,1.23025372e+02,1.65809819e+01
2.65000000e+00,-3.64399373e-02,-3.04965837e-01,1.54026756e-02,-9.42372910e-02,0.00000000e+00,0.00000000e+00,1.25281590e-01,1.68098550e-02,1.22775958e+02,1.64736579e+01
2.65200000e+00,-3.70477338e-02,-3.02793390e-01,1.52197977e-02,-8.86323116e-02,0.00000000e+00,0.00000000e+00,1.25147106e-01,1.67341323e-02,1.22644164e+02,1.63994497e+01
2.65400000e+00,-3.76509634e-02,-3.00399711e-01,1.50482107e-02,-8.29308342e-02,0.00000000e+00,0.00000000e+00,1.25045952e-01,1.67649626e-02,1.22545033e+02,1.64296633e+01
2.65600000e+00,-3.82491893e-02,-2.97791031e-01,1.48881651e-02,-7.70932407e-02,0.00000000e+00,0.00000000e+00,1.25017069e-01,1.67888299e-02,1.22516728e+02,1.64530533e+01
2.65800000e+00,-3.88419874e-02,-2.94972169e-01,1.47399165e-02,-7.11374035e-02,0.00000000e+00,0.00000000e+00,1.24985108e-01,1.67989490e-02,1.22485406e+02,1.64629700e+01
2.66000000e+00,-3.94289425e-02,-2.91950066e-01,1.46036848e-02,-6.50776791e-02,0.00000000e+00,0.00000000e+00,1.25071521e-01,1.68098058e-02,1.22570090e+02,1.64736097e+01
2.66200000e+00,-4.00096490e-02,-2.88720027e-01,1.44796642e-02,-5.89304152e-02,0.00000000e+00,0.00000000e+00,1.24879699e-01,1.68030184e-02,1.22382105e+02,1.64669580e+01
2.66400000e+00,-4.05837601e-02,-2.85396276e-01,1.43682334e-02,-5.23778357e-02,0.00000000e+00,0.00000000e+00,1.27581927e-01,1.74987523e-02,1.25030289e+02,1.71487772e+01
2.66600000e+00,-4.11511258e-02,-2.81910132e-01,1.42701868e-02,-4.57742240e-02,0.00000000e+00,0.00000000e+00,1.25730533e-01,1.67673303e-02,1.23215923e+02,1.64319837e+01
2.66800000e+00,-4.17112372e-02,-2.78178840e-01,1.41850228e-02,-3.93411441e-02,0.00000000e+00,0.00000000e+00,1.26440967e-01,1.70165369e-02,1.23912148e+02,1.66762062e+01
2.67000000e+00,-4.22637329e-02,-2.74285169e-01,1.41129354e-02,-3.27384198e-02,0.00000000e+00,0.00000000e+00,1.26462103e-01,1.70177405e-02,1.23932861e+02,1.66773857e+01
2.67200000e+00,-4.28082539e-02,-2.70205625e-01,1.40540809e-02,-2.61179361e-02,0.00000000e+00,0.00000000e+00,1.26559191e-01,1.69670329e-02,1.24028007e+02,1.66276923e+01
2.67400000e+00,-4.33444378e-02,-2.65949650e-01,1.40084846e-02,-1.94659903e-02,0.00000000e+00,0.00000000e+00,1.26733632e-01,1.70159320e-02,1.24198960e+02,1.66756133e+01
2.67600000e+00,-4.38719399e-02,-2.61524678e-01,1.39762431e-02,-1.27749118e-02,0.00000000e+00,0.00000000e+00,1.26934299e-01,1.70003824e-02,1.24395613e+02,1.66603747e+01
2.67800000e+00,-4.43904260e-02,-2.56933962e-01,1.39573912e-02,-6.07441190e-03,0.00000000e+00,0.00000000e+00,1.27111774e-01,1.70060424e-02,1.24569539e+02,1.66659216e+01
2.68000000e+00,-4.48995644e-02,-2.52176347e-01,1.39519510e-02,6.34406569e-04,0.00000000e+00,0.00000000e+00,1.27209859e-01,1.70073330e-02,1.24665661e+02,1.66671864e+01
2.68200000e+00,-4.53990236e-02,-2.47257097e-01,1.39599250e-02,7.33745520e-03,0.00000000e+00,0.00000000e+00,1.27431983e-01,1.70025863e-02,1.24883343e+02,1.66625345e+01
2.68400000e+00,-4.58884730e-02,-2.42158071e-01,1.39813163e-02,1.40637723e-02,0.00000000e+00,0.00000000e+00,1.27025135e-01,1.70839911e-02,1.24484633e+02,1.67423113e+01
2.68600000e+00,-4.63675816e-02,-2.36947513e-01,1.40162194e-02,2.08490068e-02,0.00000000e+00,0.00000000e+00,1.28758146e-01,1.71733502e-02,1.26182983e+02,1.68298832e+01
2.68800000e+00,-4.68362093e-02,-2.31656361e-01,1.40646950e-02,2.76082948e-02,0.00000000e+00,0.00000000e+00,1.28988889e-01,1.70960137e-02,1.26409111e+02,1.67540934e+01
2.69000000e+00,-4.72941228e-02,-2.26238912e-01,1.41266382e-02,3.43459891e-02,0.00000000e+00,0.00000000e+00,1.29567032e-01,1.72137697e-02,1.26975691e+02,1.68694943e+01
2.69200000e+00,-4.77410841e-02,-2.20700275e-01,1.42020724e-02,4.10737490e-02,0.00000000e+00,0.00000000e+00,1.29828223e-01,1.71801726e-02,1.27231659e+02,1.68365692e+01
2.69400000e+00,-4.81768359e-02,-2.15029601e-01,1.42908818e-02,4.77244759e-02,0.00000000e+00,0.00000000e+00,1.30061878e-01,1.71762287e-02,1.27460640e+02,1.68327041e+01
2.69600000e+00,-4.86011201e-02,-2.09235347e-01,1.43929298e-02,5.43145462e-02,0.00000000e+00,0.00000000e+00,1.30427620e-01,1.71959438e-02,1.27819067e+02,1.68520249e+01
2.69800000e+00,-4.90137028e-02,-2.03329454e-01,1.45080949e-02,6.08370361e-02,0.00000000e+00,0.00000000e+00,1.30845211e-01,1.71962312e-02,1.28228307e+02,1.68523066e+01
2.70000000e+00,-4.94143667e-02,-1.97316692e-01,1.46362279e-02,6.72843838e-02,0.00000000e+00,0.00000000e+00,1.31225570e-01,1.72186311e-02,1.28601059e+02,1.68742584e+01
2.70200000e+00,-4.98028978e-02,-1.91196250e-01,1.47771717e-02,7.36406255e-02,0.00000000e+00,0.00000000e+00,1.31525624e-01,1.72037457e-02,1.28895112e+02,1.68596708e+01
2.70400000e+00,-5.01789537e-02,-1.84778755e-01,1.49304750e-02,7.95239348e-02,0.00000000e+00,0.00000000e+00,1.27379926e-01,1.64424920e-02,1.24832328e+02,1.61136422e+01
2.70600000e+00,-5.05419945e-02,-1.78333699e-01,1.50953574e-02,8.55420121e-02,0.00000000e+00,0.00000000e+00,1.33871781e-01,1.77197887e-02,1.31194346e+02,1.73653929e+01
2.70800000e+00,-5.08923673e-02,-1.72006967e-01,1.52727923e-02,9.17839215e-02,0.00000000e+00,0.00000000e+00,1.33030747e-01,1.71632024e-02,1.30370132e+02,1.68199383e+01
2.71000000e+00,-5.12299412e-02,-1.65558527e-01,1.54622910e-02,9.77227562e-02,0.00000000e+00,0.00000000e+00,1.33809751e-01,1.73519258e-02,1.31133556e+02,1.70048873e+01
2.71200000e+00,-5.15545633e-02,-1.59052852e-01,1.56636614e-02,1.03628711e-01,0.00000000e+00,0.00000000e+00,1.34369825e-01,1.73794411e-02,1.31682428e+02,1.70318522e+01
2.71400000e+00,-5.18661071e-02,-1.52478918e-01,1.58767148e-02,1.09398206e-01,0.00000000e+00,0.00000000e+00,1.34784711e-01,1.73674938e-02,1.32089017e+02,1.70201439e+01
2.71600000e+00,-5.21644366e-02,-1.45841469e-01,1.61011482e-02,1.15008687e-01,0.00000000e+00,0.00000000e+00,1.35348058e-01,1.73639885e-02,1.32641097e+02,1.70167087e+01
2.71800000e+00,-5.24494388e-02,-1.39152795e-01,1.63366583e-02,1.20482242e-01,0.00000000e+00,0.00000000e+00,1.35941524e-01,1.74142848e-02,1.33222693e+02,1.70659991e+01
2.72000000e+00,-5.27210117e-02,-1.32410050e-01,1.65829697e-02,1.25794560e-01,0.00000000e+00,0.00000000e+00,1.36328959e-01,1.73752448e-02,1.33602379e+02,1.70277399e+01
2.72200000e+00,-5.29790493e-02,-1.25622757e-01,1.68397341e-02,1.30953191e-01,0.00000000e+00,0.00000000e+00,1.37034667e-01,1.74563897e-02,1.34293974e+02,1.71072619e+01
2.72400000e+00,-5.32232335e-02,-1.18431538e-01,1.71061704e-02,1.35193958e-01,0.00000000e+00,0.00000000e+00,1.28912449e-01,1.58274218e-02,1.26334200e+02,1.55108734e+01
2.72600000e+00,-5.34528060e-02,-1.11286154e-01,1.73806195e-02,1.39599079e-01,0.00000000e+00,0.00000000e+00,1.40009530e-01,1.81917805e-02,1.37209340e+02,1.78279448e+01
2.72800000e+00,-5.36685875e-02,-1.04454925e-01,1.76648644e-02,1.44450770e-01,0.00000000e+00,0.00000000e+00,1.38042619e-01,1.71687760e-02,1.35281766e+02,1.68254004e+01
2.73000000e+00,-5.38705536e-02,-9.75154422e-02,1.79580601e-02,1.48758733e-01,0.00000000e+00,0.00000000e+00,1.39156955e-01,1.74675949e-02,1.36373816e+02,1.71182430e+01
2.73200000e+00,-5.40586545e-02,-9.05838270e-02,1.82598616e-02,1.53010070e-01,0.00000000e+00,0.00000000e+00,1.39790278e-01,1.74793137e-02,1.36994473e+02,1.71297274e+01
2.73400000e+00,-5.42328850e-02,-8.36463565e-02,1.85699537e-02,1.57041411e-01,0.00000000e+00,0.00000000e+00,1.40470734e-01,1.74471493e-02,1.37661320e+02,1.70982063e+01
2.73600000e+00,-5.43932368e-02,-7.67041642e-02,1.88878703e-02,1.60837278e-01,0.00000000e+00,0.00000000e+00,1.41017269e-01,1.74376544e-02,1.38196924e+02,1.70889013e+01
2.73800000e+00,-5.45397031e-02,-6.97641874e-02,1.92131687e-02,1.64432068e-01,0.00000000e+00,0.00000000e+00,1.41746482e-01,1.74883224e-02,1.38911552e+02,1.71385560e+01
2.74000000e+00,-5.46722999e-02,-6.28337239e-02,1.95454617e-02,1.67821573e-01,0.00000000e+00,0.00000000e+00,1.42350285e-01,1.74800656e-02,1.39503279e+02,1.71304643e+01
2.74200000e+00,-5.47910491e-02,-5.59198691e-02,1.98843252e-02,1.71016397e-01,0.00000000e+00,0.00000000e+00,1.43132203e-01,1.75624638e-02,1.40269559e+02,1.72112145e+01
2.74400000e+00,-5.48956684e-02,-4.85395546e-02,2.02286540e-02,1.72901609e-01,0.00000000e+00,0.00000000e+00,1.32333865e-01,1.52221483e-02,1.29687187e+02,1.49177053e+01
2.74600000e+00,-5.49852806e-02,-4.12692145e-02,2.05760922e-02,1.75027511e-01,0.00000000e+00,0.00000000e+00,1.46464018e-01,1.85633453e-02,1.43534737e+02,1.81920784e+01
2.74800000e+00,-5.50610403e-02,-3.44413682e-02,2.09291486e-02,1.77730166e-01,0.00000000e+00,0.00000000e+00,1.43319886e-01,1.69358938e-02,1.40453488e+02,1.65971759e+01
2.75000000e+00,-5.51229873e-02,-2.75253614e-02,2.12865042e-02,1.79669765e-01,0.00000000e+00,0.00000000e+00,1.44937940e-01,1.74714252e-02,1.42039182e+02,1.71219967e+01
2.75200000e+00,-5.51711981e-02,-2.06940038e-02,2.16478476e-02,1.81639342e-01,0.00000000e+00,0.00000000e+00,1.45719390e-01,1.75142066e-02,1.42805002e+02,1.71639225e+01
2.75400000e+00,-5.52057965e-02,-1.39123496e-02,2.20128970e-02,1.83362144e-01,0.00000000e+00,0.00000000e+00,1.46409524e-01,1.74742177e-02,1.43481333e+02,1.71247333e+01
2.75600000e+00,-5.52268797e-02,-7.17886189e-03,2.23811107e-02,1.84806786e-01,0.00000000e+00,0.00000000e+00,1.47044537e-01,1.74557614e-02,1.44103646e+02,1.71066462e+01
2.75800000e+00,-5.52345509e-02,-5.03799061e-04,2.27519746e-02,1.86027094e-01,0.00000000e+00,0.00000000e+00,1.47864672e-01,1.75326344e-02,1.44907379e+02,1.71819817e+01
2.76000000e+00,-5.52289397e-02,6.10401829e-03,2.31250708e-02,1.87024996e-01,0.00000000e+00,0.00000000e+00,1.48597095e-01,1.75215011e-02,1.45625154e+02,1.71710711e+01
2.76200000e+00,-5.52101836e-02,1.26387024e-02,2.34999208e-02,1.87792331e-01,0.00000000e+00,0.00000000e+00,1.49447217e-01,1.75838476e-02,1.46458273e+02,1.72321707e+01
2.76400000e+00,-5.51780439e-02,1.96847751e-02,2.38752250e-02,1.87037216e-01,0.00000000e+00,0.00000000e+00,1.36412948e-01,1.48621390e-02,1.33684689e+02,1.45648962e+01
2.76600000e+00,-5.51315512e-02,2.65707228e-02,2.42483044e-02,1.86634042e-01,0.00000000e+00,0.00000000e+00,1.52838454e-01,1.88559485e-02,1.49781685e+02,1.84788295e+01
2.76800000e+00,-5.50721170e-02,3.29227561e-02,2.46221756e-02,1.86852579e-01,0.00000000e+00,0.00000000e+00,1.48429618e-01,1.67009694e-02,1.45461025e+02,1.63669500e+01
2.77000000e+00,-5.49998102e-02,3.93498199e-02,2.49951148e-02,1.86171214e-01,0.00000000e+00,0.00000000e+00,1.50521303e-01,1.75001334e-02,1.47510877e+02,1.71501307e+01
2.77200000e+00,-5.49148171e-02,4.56278398e-02,2.53669552e-02,1.85631920e-01,0.00000000e+00,0.00000000e+00,1.51244246e-01,1.75305834e-02,1.48219361e+02,1.71799718e+01
2.77400000e+00,-5.48173624e-02,5.18105210e-02,2.57374603e-02,1.84819475e-01,0.00000000e+00,0.00000000e+00,1.51978867e-01,1.74563893e-02,1.48939290e+02,1.71072615e+01
2.77600000e+00,-5.47076395e-02,5.78964984e-02,2.61060330e-02,1.83706838e-01,0.00000000e+00,0.00000000e+00,1.52633168e-01,1.74274506e-02,1.49580504e+02,1.70789016e+01
2.77800000e+00,-5.45858410e-02,6.38855226e-02,2.64721344e-02,1.82364288e-01,0.00000000e+00,0.00000000e+00,1.53274646e-01,1.74973382e-02,1.50209153e+02,1.71473914e+01
2.78000000e+00,-5.44521712e-02,6.97637559e-02,2.68353614e-02,1.80828725e-01,0.00000000e+00,0.00000000e+00,1.54154948e-01,1.75418246e-02,1.51071849e+02,1.71909881e+01
2.78200000e+00,-5.43068647e-02,7.55238759e-02,2.71952986e-02,1.79067141e-01,0.00000000e+00,0.00000000e+00,1.54872054e-01,1.75378178e-02,1.51774613e+02,1.71870615e+01
2.78400000e+00,-5.41496970e-02,8.18520926e-02,2.75504419e-02,1.75523658e-01,0.00000000e+00,0.00000000e+00,1.39622014e-01,1.43101828e-02,1.36829574e+02,1.40239791e+01
2.78600000e+00,-5.39795901e-02,8.79796953e-02,2.78976673e-02,1.72391106e-01,0.00000000e+00,0.00000000e+00,1.58197377e-01,1.88979618e-02,1.55033429e+02,1.85200025e+01
2.78800000e+00,-5.37982030e-02,9.34700334e-02,2.82405397e-02,1.70058698e-01,0.00000000e+00,0.00000000e+00,1.53054641e-01,1.64802824e-02,1.49993548e+02,1.61506768e+01
2.79000000e+00,-5.36056698e-02,9.90206231e-02,2.85772527e-02,1.66752236e-01,0.00000000e+00,0.00000000e+00,1.55240585e-01,1.73358274e-02,1.52135773e+02,1.69891109e+01
2.79200000e+00,-5.34022540e-02,1.04371040e-01,2.89076921e-02,1.63661012e-01,0.00000000e+00,0.00000000e+00,1.56093551e-01,1.74053764e-02,1.52971680e+02,1.70572688e+01
2.79400000e+00,-5.31882719e-02,1.09592132e-01,2.92317521e-02,1.60352875e-01,0.00000000e+00,0.00000000e+00,1.56537162e-01,1.73448012e-02,1.53406418e+02,1.69979052e+01
2.79600000e+00,-5.29639640e-02,1.14695529e-01,2.95489284e-02,1.56781974e-01,0.00000000e+00,0.00000000e+00,1.57033591e-01,1.73083840e-02,1.53892919e+02,1.69622164e+01
2.79800000e+00,-5.27295867e-02,1.19653568e-01,2.98587652e-02,1.53038905e-01,0.00000000e+00,0.00000000e+00,1.58040860e-01,1.74275646e-02,1.54880043e+02,1.70790133e+01
2.80000000e+00,-5.24854598e-02,1.24446438e-01,3.01609877e-02,1.49151372e-01,0.00000000e+00,0.00000000e+00,1.58919962e-01,1.74384742e-02,1.55741563e+02,1.70897047e+01
2.80200000e+00,-5.22318931e-02,1.29101082e-01,3.04552336e-02,1.45058101e-01,0.00000000e+00,0.00000000e+00,1.59219963e-01,1.74177279e-02,1.56035564e+02,1.70693733e+01
2.80400000e+00,-5.19686148e-02,1.34416754e-01,3.07398505e-02,1.38910734e-01,0.00000000e+00,0.00000000e+00,1.41345007e-01,1.35357627e-02,1.38518107e+02,1.32650474e+01
2.80600000e+00,-5.16943749e-02,1.39509177e-01,3.10112149e-02,1.33270678e-01,0.00000000e+00,0.00000000e+00,1.62220084e-01,1.88728746e-02,1.58975682e+02,1.84954171e+01
2.80800000e+00,-5.14110719e-02,1.43860839e-01,3.12736867e-02,1.28760754e-01,0.00000000e+00,0.00000000e+00,1.56359436e-01,1.62845307e-02,1.53232247e+02,1.59588401e+01
2.81000000e+00,-5.11189028e-02,1.48255688e-01,3.15256217e-02,1.23296661e-01,0.00000000e+00,0.00000000e+00,1.58844011e-01,1.72322614e-02,1.55667131e+02,1.68876162e+01
2.81200000e+00,-5.08182015e-02,1.52421996e-01,3.17670726e-02,1.18131527e-01,0.00000000e+00,0.00000000e+00,1.59262212e-01,1.72590738e-02,1.56076967e+02,1.69138923e+01
2.81400000e+00,-5.05093078e-02,1.56448862e-01,3.19980282e-02,1.12786897e-01,0.00000000e+00,0.00000000e+00,1.59597387e-01,1.71876038e-02,1.56405439e+02,1.68438517e+01
2.81600000e+00,-5.01925024e-02,1.60331318e-01,3.22180974e-02,1.07258097e-01,0.00000000e+00,0.00000000e+00,1.60066431e-01,1.71891306e-02,1.56865103e+02,1.68453480e+01
2.81800000e+00,-4.98680873e-02,1.64056608e-01,3.24269899e-02,1.01623292e-01,0.00000000e+00,0.00000000e+00,1.60637012e-01,1.72658110e-02,1.57424272e+02,1.69204948e+01
2.82000000e+00,-4.95363845e-02,1.67619100e-01,3.26245383e-02,9.59100609e-02,0.00000000e+00,0.00000000e+00,1.61177422e-01,1.73090542e-02,1.57953873e+02,1.69628731e+01
2.82200000e+00,-4.91977188e-02,1.71019704e-01,3.28105538e-02,9.00823986e-02,0.00000000e+00,0.00000000e+00,1.61669302e-01,1.72937246e-02,1.58435916e+02,1.69478501e+01
2.82400000e+00,-4.88518588e-02,1.75090558e-01,3.29834173e-02,8.20792246e-02,0.00000000e+00,0.00000000e+00,1.42707695e-01,1.29925801e-02,1.39853541e+02,1.27327285e+01
2.82600000e+00,-4.84975101e-02,1.78931226e-01,3.31392470e-02,7.46401635e-02,0.00000000e+00,0.00000000e+00,1.64172513e-01,1.87038114e-02,1.60889063e+02,1.83297352e+01
2.82800000e+00,-4.81366643e-02,1.81976314e-01,3.32829180e-02,6.86111826e-02,0.00000000e+00,0.00000000e+00,1.58364783e-01,1.61598746e-02,1.55197487e+02,1.58366771e+01
2.83000000e+00,-4.77695750e-02,1.85066142e-01,3.34130869e-02,6.16751263e-02,0.00000000e+00,0.00000000e+00,1.60143212e-01,1.69886933e-02,1.56940348e+02,1.66489194e+01
2.83200000e+00,-4.73965498e-02,1.87930791e-01,3.35298484e-02,5.50838654e-02,0.00000000e+00,0.00000000e+00,1.60593344e-01,1.70530921e-02,1.57381478e+02,1.67120303e+01
2.83400000e+00,-4.70179559e-02,1.90639277e-01,3.36333784e-02,4.84265656e-02,0.00000000e+00,0.00000000e+00,1.60712877e-01,1.70006868e-02,1.57498620e+02,1.66606730e+01
2.83600000e+00,-4.66340936e-02,1.93196518e-01,3.37234999e-02,4.16870339e-02,0.00000000e+00,0.00000000e+00,1.61004545e-01,1.70119800e-02,1.57784455e+02,1.66717404e+01
2.83800000e+00,-4.62452787e-02,1.95590451e-01,3.38001108e-02,3.49239769e-02,0.00000000e+00,0.00000000e+00,1.61364816e-01,1.70635116e-02,1.58137520e+02,1.67222413e+01
2.84000000e+00,-4.58518464e-02,1.97812372e-01,3.38631922e-02,2.81555412e-02,0.00000000e+00,0.00000000e+00,1.61821536e-01,1.70935684e-02,1.58585106e+02,1.67516970e+01
2.84200000e+00,-4.54541458e-02,1.99859428e-01,3.39127255e-02,2.13759417e-02,0.00000000e+00,0.00000000e+00,1.62212848e-01,1.71136071e-02,1.58968591e+02,1.67713350e+01
2.84400000e+00,-4.50519535e-02,2.02589265e-01,3.39471981e-02,1.23498585e-02,0.00000000e+00,0.00000000e+00,1.42593671e-01,1.24308216e-02,1.39741798e+02,1.21822051e+01
2.84600000e+00,-4.46439283e-02,2.05109837e-01,3.39625215e-02,3.91823982e-03,0.00000000e+00,0.00000000e+00,1.63783626e-01,1.83871065e-02,1.60507954e+02,1.80193643e+01
2.84800000e+00,-4.42320571e-02,2.06816010e-01,3.39640365e-02,-2.76512171e-03,0.00000000e+00,0.00000000e+00,1.58268528e-01,1.61051606e-02,1.55103158e+02,1.57830574e+01
2.85000000e+00,-4.38166387e-02,2.08560606e-01,3.39509430e-02,-1.02254142e-02,0.00000000e+00,0.00000000e+00,1.59501887e-01,1.67407093e-02,1.56311850e+02,1.64058951e+01
2.85200000e+00,-4.33979566e-02,2.10092330e-01,3.39233782e-02,-1.73207031e-02,0.00000000e+00,0.00000000e+00,1.59831367e-01,1.68348290e-02,1.56634740e+02,1.64981324e+01
2.85400000e+00,-4.29763785e-02,2.11460394e-01,3.38817229e-02,-2.43219159e-02,0.00000000e+00,0.00000000e+00,1.59890403e-01,1.68815304e-02,1.56692595e+02,1.65438997e+01
2.85600000e+00,-4.25522136e-02,2.12680680e-01,3.38261099e-02,-3.12941933e-02,0.00000000e+00,0.00000000e+00,1.59827080e-01,1.68189617e-02,1.56630538e+02,1.64825825e+01
2.85800000e+00,-4.21257576e-02,2.13748232e-01,3.37565765e-02,-3.82210210e-02,0.00000000e+00,0.00000000e+00,1.59982554e-01,1.68804308e-02,1.56782903e+02,1.65428222e+01
2.86000000e+00,-4.16973256e-02,2.14658263e-01,3.36732860e-02,-4.50575679e-02,0.00000000e+00,0.00000000e+00,1.60014366e-01,1.68922701e-02,1.56814079e+02,1.65544247e+01
2.86200000e+00,-4.12672275e-02,2.15413787e-01,3.35764001e-02,-5.18132334e-02,0.00000000e+00,0.00000000e+00,1.60085147e-01,1.69145561e-02,1.56883444e+02,1.65762650e+01
2.86400000e+00,-4.08352478e-02,2.16803346e-01,3.34646390e-02,-6.06596527e-02,0.00000000e+00,0.00000000e+00,1.41676993e-01,1.23474364e-02,1.38843453e+02,1.21004876e+01
2.86600000e+00,-4.04001375e-02,2.18007887e-01,3.33341506e-02,-6.89227027e-02,0.00000000e+00,0.00000000e+00,1.60862728e-01,1.79563797e-02,1.57645473e+02,1.75972521e+01
2.86800000e+00,-3.99637364e-02,2.18432158e-01,3.31902243e-02,-7.52717216e-02,0.00000000e+00,0.00000000e+00,1.56348951e-01,1.61618631e-02,1.53221972e+02,1.58386258e+01
2.87000000e+00,-3.95263951e-02,2.18877054e-01,3.30326912e-02,-8.21794132e-02,0.00000000e+00,0.00000000e+00,1.56812607e-01,1.65615309e-02,1.53676355e+02,1.62303003e+01
2.87200000e+00,-3.90883470e-02,2.19143841e-01,3.28617387e-02,-8.87390391e-02,0.00000000e+00,0.00000000e+00,1.56936186e-01,1.66509268e-02,1.53797462e+02,1.63179082e+01
2.87400000e+00,-3.86499201e-02,2.19260143e-01,3.26778511e-02,-9.51246815e-02,0.00000000e+00,0.00000000e+00,1.56750591e-01,1.66666421e-02,1.53615580e+02,1.63333092e+01
2.87600000e+00,-3.82113939e-02,2.19245147e-01,3.24813282e-02,-1.01377948e-01,0.00000000e+00,0.00000000e+00,1.56424516e-01,1.66505969e-02,1.53296026e+02,1.63175850e+01
2.87800000e+00,-3.77730274e-02,2.19098266e-01,3.22724342e-02,-1.07488898e-01,0.00000000e+00,0.00000000e+00,1.56253357e-01,1.66694521e-02,1.53128290e+02,1.63360631e+01
2.88000000e+00,-3.73350944e-02,2.18811069e-01,3.20514849e-02,-1.13431481e-01,0.00000000e+00,0.00000000e+00,1.56127309e-01,1.66907922e-02,1.53004763e+02,1.63569763e+01
2.88200000e+00,-3.68978714e-02,2.18391566e-01,3.18188257e-02,-1.19197964e-01,0.00000000e+00,0.00000000e+00,1.55774202e-01,1.67090830e-02,1.52658718e+02,1.63749014e+01
2.88400000e+00,-3.64612274e-02,2.18423123e-01,3.15736264e-02,-1.26564065e-01,0.00000000e+00,0.00000000e+00,1.42022209e-01,1.29856854e-02,1.39181765e+02,1.27259717e+01
2.88600000e+00,-3.60242816e-02,2.18300623e-01,3.13129390e-02,-1.33376072e-01,0.00000000e+00,0.00000000e+00,1.55807620e-01,1.75027997e-02,1.52691467e+02,1.71527437e+01
2.88800000e+00,-3.55884207e-02,2.17584470e-01,3.10412772e-02,-1.38455581e-01,0.00000000e+00,0.00000000e+00,1.52333229e-01,1.62361184e-02,1.49286564e+02,1.59113961e+01
2.89000000e+00,-3.51539416e-02,2.16871492e-01,3.07588883e-02,-1.43877551e-01,0.00000000e+00,0.00000000e+00,1.52183872e-01,1.63827955e-02,1.49140194e+02,1.60551395e+01
2.89200000e+00,-3.47210299e-02,2.16015802e-01,3.04659914e-02,-1.48962996e-01,0.00000000e+00,0.00000000e+00,1.52130618e-01,1.65261595e-02,1.49088006e+02,1.61956363e+01
2.89400000e+00,-3.42899635e-02,2.15032496e-01,3.01632125e-02,-1.53784244e-01,0.00000000e+00,0.00000000e+00,1.51643103e-01,1.65067847e-02,1.48610241e+02,1.61766490e+01
2.89600000e+00,-3.38609706e-02,2.13943164e-01,2.98509838e-02,-1.58411379e-01,0.00000000e+00,0.00000000e+00,1.51101796e-01,1.64894657e-02,1.48079760e+02,1.61596764e+01
2.89800000e+00,-3.34342668e-02,2.12739824e-01,2.95297187e-02,-1.62810956e-01,0.00000000e+00,0.00000000e+00,1.50819043e-01,1.65272911e-02,1.47802662e+02,1.61967453e+01
2.90000000e+00,-3.30100876e-02,2.11421992e-01,2.91999005e-02,-1.66969794e-01,0.00000000e+00,0.00000000e+00,1.50309190e-01,1.65253218e-02,1.47303006e+02,1.61948153e+01
2.90200000e+00,-3.25886484e-02,2.09999790e-01,2.88619922e-02,-1.70899699e-01,0.00000000e+00,0.00000000e+00,1.49811813e-01,1.65267142e-02,1.46815576e+02,1.61961799e+01
2.90400000e+00,-3.21699339e-02,2.08809370e-01,2.85156942e-02,-1.75740726e-01,0.00000000e+00,0.00000000e+00,1.41469742e-01,1.41200002e-02,1.38640347e+02,1.38376002e+01
2.90600000e+00,-3.17534837e-02,2.07509922e-01,2.81593276e-02,-1.80134347e-01,0.00000000e+00,0.00000000e+00,1.48955165e-01,1.69587198e-02,1.45976062e+02,1.66195454e+01
2.90800000e+00,-3.13401403e-02,2.05841421e-01,2.77960107e-02,-1.83247250e-01,0.00000000e+00,0.00000000e+00,1.46712449e-01,1.62904498e-02,1.43778200e+02,1.59646408e+01
2.91000000e+00,-3.09301304e-02,2.04154238e-01,2.74262950e-02,-1.86425622e-01,0.00000000e+00,0.00000000e+00,1.46037850e-01,1.62944489e-02,1.43117093e+02,1.59685599e+01
2.91200000e+00,-3.05235886e-02,2.02369175e-01,2.70505227e-02,-1.89282313e-01,0.00000000e+00,0.00000000e+00,1.45673733e-01,1.64300323e-02,1.42760258e+02,1.61014317e+01
2.91400000e+00,-3.01207175e-02,2.00488400e-01,2.66693775e-02,-1.91821450e-01,0.00000000e+00,0.00000000e+00,1.44978043e-01,1.64175567e-02,1.42078482e+02,1.60892056e+01
2.91600000e+00,-2.97216923e-02,1.98521740e-01,2.62834062e-02,-1.94106675e-01,0.00000000e+00,0.00000000e+00,1.44415299e-01,1.64125570e-02,1.41526993e+02,1.60843059e+01
2.91800000e+00,-2.93266862e-02,1.96471641e-01,2.58931227e-02,-1.96133932e-01,0.00000000e+00,0.00000000e+00,1.43694942e-01,1.64023280e-02,1.40821043e+02,1.60742815e+01
2.92000000e+00,-2.89358589e-02,1.94341787e-01,2.54990477e-02,-1.97895369e-01,0.00000000e+00,0.00000000e+00,1.43079898e-01,1.64082875e-02,1.40218300e+02,1.60801218e+01
2.92200000e+00,-2.85493721e-02,1.92132405e-01,2.51017241e-02,-1.99382586e-01,0.00000000e+00,0.00000000e+00,1.42389338e-01,1.64109359e-02,1.39541551e+02,1.60827172e+01
2.92400000e+00,-2.81673495e-02,1.89892705e-01,2.47015235e-02,-2.00860570e-01,0.00000000e+00,0.00000000e+00,1.40660632e-01,1.58565403e-02,1.37847420e+02,1.55394095e+01
2.92600000e+00,-2.77898412e-02,1.87593126e-01,2.42984733e-02,-2.02051398e-01,0.00000000e+00,0.00000000e+00,1.40697586e-01,1.64384313e-02,1.37883635e+02,1.61096627e+01
2.92800000e+00,-2.74170387e-02,1.85200896e-01,2.38936598e-02,-2.02729330e-01,0.00000000e+00,0.00000000e+00,1.39772594e-01,1.63550957e-02,1.36977143e+02,1.60279938e+01
2.93000000e+00,-2.70490731e-02,1.82755378e-01,2.34876985e-02,-2.03193584e-01,0.00000000e+00,0.00000000e+00,1.38929067e-01,1.63072007e-02,1.36150485e+02,1.59810566e+01
2.93200000e+00,-2.66860576e-02,1.80249251e-01,2.30810630e-02,-2.03391685e-01,0.00000000e+00,0.00000000e+00,1.38215275e-01,1.63329470e-02,1.35450970e+02,1.60062880e+01
2.93400000e+00,-2.63281185e-02,1.77679561e-01,2.26743244e-02,-2.03300742e-01,0.00000000e+00,0.00000000e+00,1.37481984e-01,1.63328289e-02,1.34732345e+02,1.60061723e+01
2.93600000e+00,-2.59753788e-02,1.75050749e-01,2.22680435e-02,-2.02934586e-01,0.00000000e+00,0.00000000e+00,1.36706575e-01,1.63300899e-02,1.33972443e+02,1.60034881e+01
2.93800000e+00,-2.56279522e-02,1.72366869e-01,2.18627680e-02,-2.02295600e-01,0.00000000e+00,0.00000000e+00,1.35921744e-01,1.63262899e-02,1.33203309e+02,1.59997641e+01
2.94000000e+00,-2.52859478e-02,1.69628344e-01,2.14590474e-02,-2.01377146e-01,0.00000000e+00,0.00000000e+00,1.35180456e-01,1.63395961e-02,1.32476847e+02,1.60128042e+01
2.94200000e+00,-2.49494728e-02,1.66838917e-01,2.10574377e-02,-2.00191263e-01,0.00000000e+00,0.00000000e+00,1.34353106e-01,1.63134274e-02,1.31666044e+02,1.59871589e+01
2.94400000e+00,-2.46187754e-02,1.63774601e-01,2.06588698e-02,-1.98124330e-01,0.00000000e+00,0.00000000e+00,1.38892156e-01,1.76187971e-02,1.36114313e+02,1.72664212e+01
2.94600000e+00,-2.42943943e-02,1.60680450e-01,2.02650452e-02,-1.95900134e-01,0.00000000e+00,0.00000000e+00,1.32389307e-01,1.60799292e-02,1.29741521e+02,1.57583306e+01
2.94800000e+00,-2.39759356e-02,1.57763198e-01,1.98750371e-02,-1.94024193e-01,0.00000000e+00,0.00000000e+00,1.32147013e-01,1.63299214e-02,1.29504073e+02,1.60033230e+01
2.95000000e+00,-2.36633858e-02,1.54779483e-01,1.94892077e-02,-1.91759463e-01,0.00000000e+00,0.00000000e+00,1.31378777e-01,1.63439073e-02,1.28751201e+02,1.60170291e+01
2.95200000e+00,-2.33568408e-02,1.51761162e-01,1.91081588e-02,-1.89255441e-01,0.00000000e+00,0.00000000e+00,1.30440959e-01,1.62868321e-02,1.27832140e+02,1.59610955e+01
2.95400000e+00,-2.30563627e-02,1.48710444e-01,1.87323407e-02,-1.86519205e-01,0.00000000e+00,0.00000000e+00,1.29670507e-01,1.62933435e-02,1.27077096e+02,1.59674767e+01
2.95600000e+00,-2.27620224e-02,1.45624642e-01,1.83622522e-02,-1.83527687e-01,0.00000000e+00,0.00000000e+00,1.28845439e-01,1.62927668e-02,1.26268530e+02,1.59669114e+01
2.95800000e+00,-2.24738855e-02,1.42506868e-01,1.79983941e-02,-1.80289971e-01,0.00000000e+00,0.00000000e+00,1.28052749e-01,1.62890121e-02,1.25491694e+02,1.59632319e+01
2.96000000e+00,-2.21920168e-02,1.39356260e-01,1.76412534e-02,-1.76810651e-01,0.00000000e+00,0.00000000e+00,1.27298863e-01,1.62882885e-02,1.24752886e+02,1.59625227e+01
2.96200000e+00,-2.19164791e-02,1.36177729e-01,1.72913094e-02,-1.73094477e-01,0.00000000e+00,0.00000000e+00,1.26443015e-01,1.62847477e-02,1.23914155e+02,1.59590528e+01
2.96400000e+00,-2.16476687e-02,1.32454935e-01,1.69500618e-02,-1.67599048e-01,0.00000000e+00,0.00000000e+00,1.37807989e-01,1.95334341e-02,1.35051830e+02,1.91427654e+01
2.96600000e+00,-2.13866611e-02,1.28729525e-01,1.66209091e-02,-1.62109713e-01,0.00000000e+00,0.00000000e+00,1.24357554e-01,1.57992715e-02,1.21870403e+02,1.54832861e+01
2.96800000e+00,-2.11324426e-02,1.25466177e-01,1.63007632e-02,-1.57909914e-01,0.00000000e+00,0.00000000e+00,1.24922330e-01,1.63676827e-02,1.22423883e+02,1.60403290e+01
2.97000000e+00,-2.08848533e-02,1.22117434e-01,1.59896071e-02,-1.53203691e-01,0.00000000e+00,0.00000000e+00,1.24318230e-01,1.64158414e-02,1.21831865e+02,1.60875245e+01
2.97200000e+00,-2.06439825e-02,1.18754256e-01,1.56880547e-02,-1.48338125e-01,0.00000000e+00,0.00000000e+00,1.23279621e-01,1.62693749e-02,1.20814029e+02,1.59439874e+01
2.97400000e+00,-2.04098391e-02,1.15386884e-01,1.53963458e-02,-1.43335816e-01,0.00000000e+00,0.00000000e+00,1.22491142e-01,1.62841107e-02,1.20041319e+02,1.59584285e+01
2.97600000e+00,-2.01824449e-02,1.12004527e-01,1.51148516e-02,-1.38123242e-01,0.00000000e+00,0.00000000e+00,1.21759673e-01,1.63064741e-02,1.19324479e+02,1.59803446e+01
2.97800000e+00,-1.99618313e-02,1.08606602e-01,1.48439840e-02,-1.32713828e-01,0.00000000e+00,0.00000000e+00,1.21040169e-01,1.63081275e-02,1.18619366e+02,1.59819649e+01
2.98000000e+00,-1.97480247e-02,1.05199358e-01,1.45841143e-02,-1.27127547e-01,0.00000000e+00,0.00000000e+00,1.20218147e-01,1.63042068e-02,1.17813784e+02,1.59781227e+01
2.98200000e+00,-1.95410379e-02,1.01786134e-01,1.43355855e-02,-1.21373768e-01,0.00000000e+00,0.00000000e+00,1.19476282e-01,1.63023299e-02,1.17086756e+02,1.59762833e+01
2.98400000e+00,-1.93414252e-02,9.75555025e-02,1.41003408e-02,-1.13037918e-01,0.00000000e+00,0.00000000e+00,1.37673166e-01,2.13848492e-02,1.34919703e+02,2.09571522e+01
2.98600000e+00,-1.91508095e-02,9.33344218e-02,1.38833344e-02,-1.04850996e-01,0.00000000e+00,0.00000000e+00,1.17678698e-01,1.56760199e-02,1.15325125e+02,1.53624995e+01
2.98800000e+00,-1.89675931e-02,8.98548384e-02,1.36794601e-02,-9.88790136e-02,0.00000000e+00,0.00000000e+00,1.18836607e-01,1.64420601e-02,1.16459874e+02,1.61132189e+01
2.99000000e+00,-1.87914503e-02,8.62849902e-02,1.34881648e-02,-9.23873644e-02,0.00000000e+00,0.00000000e+00,1.18335486e-01,1.64908843e-02,1.15968777e+02,1.61610666e+01
2.99200000e+00,-1.86224504e-02,8.27193709e-02,1.33099463e-02,-8.58422366e-02,0.00000000e+00,0.00000000e+00,1.17343628e-01,1.62970380e-02,1.14996755e+02,1.59710972e+01
2.99400000e+00,-1.84605637e-02,7.91674007e-02,1.31448182e-02,-7.92636055e-02,0.00000000e+00,0.00000000e+00,1.16680521e-01,1.63226344e-02,1.14346910e+02,1.59961817e+01
2.99600000e+00,-1.83057819e-02,7.56137016e-02,1.29929824e-02,-7.25492864e-02,0.00000000e+00,0.00000000e+00,1.16105999e-01,1.63622076e-02,1.13783879e+02,1.60349634e+01
2.99800000e+00,-1.81581102e-02,7.20581064e-02,1.28547019e-02,-6.57137368e-02,0.00000000e+00,0.00000000e+00,1.15504833e-01,1.63767712e-02,1.13194737e+02,1.60492358e+01
3.00000000e+00,-1.80175486e-02,6.85037896e-02,1.27301918e-02,-5.87815908e-02,0.00000000e+00,0.00000000e+00,1.14914175e-01,1.63842685e-02,1.12615892e+02,1.60565831e+01
