t,h,h_dot,alpha,alpha_dot,delta,W_g,C_L,C_M,F_y,M_z
2.00000000e-03,0.00000000e+00,0.00000000e+00,0.00000000e+00,0.00000000e+00,0.00000000e+00,1.34345438e-03,1.26327256e-01,3.00480580e-02,1.23800711e+02,2.94470968e+01
4.00000000e-03,-9.76024003e-06,-9.23401555e-03,2.33284460e-05,2.06775589e-02,0.00000000e+00,5.37366020e-03,8.94943834e-02,1.33799198e-02,8.77044957e+01,1.31123214e+01
6.00000000e-03,-3.65016836e-05,-1.78164645e-02,7.94989318e-05,3.65382586e-02,0.00000000e+00,1.20901455e-02,1.11286401e-01,2.00116598e-02,1.09060673e+02,1.96114266e+01
8.00000000e-03,-8.15454132e-05,-2.71778563e-02,1.70681553e-04,5.41990433e-02,0.00000000e+00,2.14921238e-02,1.08025503e-01,1.72811717e-02,1.05864993e+02,1.69355482e+01
1.00000000e-02,-1.45166538e-04,-3.64693930e-02,2.95096092e-04,7.00614764e-02,0.00000000e+00,3.35784942e-02,1.10135612e-01,1.64081150e-02,1.07932900e+02,1.60799527e+01
1.20000000e-02,-2.27561994e-04,-4.59694291e-02,4.50611863e-04,8.54505510e-02,0.00000000e+00,4.83478412e-02,1.13531597e-01,1.65034738e-02,1.11260965e+02,1.61734044e+01
1.40000000e-02,-3.29184012e-04,-5.56790888e-02,6.36777095e-04,1.00657850e-01,0.00000000e+00,6.57984354e-02,1.15824005e-01,1.62862884e-02,1.13507525e+02,1.59605627e+01
1.60000000e-02,-4.50383558e-04,-6.55465530e-02,8.53048182e-04,1.15572556e-01,0.00000000e+00,8.59282334e-02,1.18168285e-01,1.61921747e-02,1.15804919e+02,1.58683312e+01
1.80000000e-02,-5.91478822e-04,-7.55769052e-02,1.09895967e-03,1.30325804e-01,0.00000000e+00,1.08734878e-01,1.20741237e-01,1.62926622e-02,1.18326412e+02,1.59668090e+01
2.00000000e-02,-7.52795089e-04,-8.57631134e-02,1.37428315e-03,1.44976697e-01,0.00000000e+00,1.34215698e-01,1.23085616e-01,1.63646633e-02,1.20623904e+02,1.60373700e+01
2.20000000e-02,-9.34477485e-04,-9.58686431e-02,1.67844423e-03,1.58994342e-01,0.00000000e+00,1.62367711e-01,1.20297661e-01,1.53921897e-02,1.17891708e+02,1.50843460e+01
2.40000000e-02,-1.13624914e-03,-1.05943389e-01,2.01008466e-03,1.72748182e-01,0.00000000e+00,1.93187618e-01,1.23972439e-01,1.62791357e-02,1.21492990e+02,1.59535530e+01
2.60000000e-02,-1.35834578e-03,-1.16160232e-01,2.36956473e-03,1.86693666e-01,0.00000000e+00,2.26671813e-01,1.25389466e-01,1.63022883e-02,1.22881677e+02,1.59762425e+01
2.80000000e-02,-1.60089520e-03,-1.26384767e-01,2.75660208e-03,2.00253342e-01,0.00000000e+00,2.62816372e-01,1.26090405e-01,1.60166600e-02,1.23568597e+02,1.56963268e+01
3.00000000e-02,-1.86388463e-03,-1.36608974e-01,3.17034498e-03,2.13463381e-01,0.00000000e+00,3.01617064e-01,1.27486939e-01,1.61540616e-02,1.24937200e+02,1.58309804e+01
3.20000000e-02,-2.14733686e-03,-1.46841827e-01,3.61031094e-03,2.26456445e-01,0.00000000e+00,3.43069346e-01,1.28564571e-01,1.61844273e-02,1.25993280e+02,1.58607387e+01
3.40000000e-02,-2.45124045e-03,-1.57057463e-01,4.07597540e-03,2.39156506e-01,0.00000000e+00,3.87168363e-01,1.29523755e-01,1.61990802e-02,1.26933280e+02,1.58750985e+01
3.60000000e-02,-2.77554601e-03,-1.67242054e-01,4.56673216e-03,2.51549402e-01,0.00000000e+00,4.33908951e-01,1.30444945e-01,1.62356895e-02,1.27836046e+02,1.59109757e+01
3.80000000e-02,-3.12017978e-03,-1.77383310e-01,5.08196329e-03,2.63627743e-01,0.00000000e+00,4.83285636e-01,1.31283024e-01,1.62699198e-02,1.28657363e+02,1.59445214e+01
4.00000000e-02,-3.48504043e-03,-1.87466338e-01,5.62101771e-03,2.75367978e-01,0.00000000e+00,5.35292638e-01,1.32021577e-01,1.62912665e-02,1.29381145e+02,1.59654412e+01
4.20000000e-02,-3.86990785e-03,-1.97343451e-01,6.18281975e-03,2.86185174e-01,0.00000000e+00,5.89923865e-01,1.29572536e-01,1.51305179e-02,1.26981085e+02,1.48279076e+01
4.40000000e-02,-4.27431632e-03,-2.07073695e-01,6.76541756e-03,2.96491117e-01,0.00000000e+00,6.47172921e-01,1.31851274e-01,1.60462541e-02,1.29214248e+02,1.57253290e+01
4.60000000e-02,-4.69820177e-03,-2.16802659e-01,7.36891866e-03,3.06998696e-01,0.00000000e+00,7.07033101e-01,1.32963171e-01,1.64116017e-02,1.30303907e+02,1.60833697e+01
4.80000000e-02,-5.14144142e-03,-2.26403327e-01,7.99310924e-03,3.17051689e-01,0.00000000e+00,7.69497396e-01,1.32432287e-01,1.59796198e-02,1.29783641e+02,1.56600274e+01
5.00000000e-02,-5.60370315e-03,-2.35836110e-01,8.63672259e-03,3.26500510e-01,0.00000000e+00,8.34558491e-01,1.32775118e-01,1.60590083e-02,1.30119615e+02,1.57378281e+01
5.20000000e-02,-6.08469107e-03,-2.45126716e-01,9.29885158e-03,3.35559835e-01,0.00000000e+00,9.02208767e-01,1.32998395e-01,1.61042390e-02,1.30338427e+02,1.57821542e+01
5.40000000e-02,-6.58410598e-03,-2.54261283e-01,9.97867803e-03,3.44193351e-01,0.00000000e+00,9.72440303e-01,1.33168353e-01,1.61328650e-02,1.30504986e+02,1.58102077e+01
5.60000000e-02,-7.10162538e-03,-2.63229629e-01,1.06753269e-02,3.52379710e-01,0.00000000e+00,1.04524488e+00,1.33302194e-01,1.61574928e-02,1.30636150e+02,1.58343429e+01
5.80000000e-02,-7.63690664e-03,-2.72021191e-01,1.13878877e-02,3.60102324e-01,0.00000000e+00,1.12061396e+00,1.33371010e-01,1.61742255e-02,1.30703590e+02,1.58507410e+01
6.00000000e-02,-8.18958464e-03,-2.80624504e-01,1.21154182e-02,3.67348050e-01,0.00000000e+00,1.19853872e+00,1.33379726e-01,1.61928412e-02,1.30712131e+02,1.58689844e+01
6.20000000e-02,-8.75919399e-03,-2.88911850e-01,1.28565728e-02,3.73533304e-01,0.00000000e+00,1.27901005e+00,1.30603444e-01,1.50044514e-02,1.27991375e+02,1.47043624e+01
6.40000000e-02,-9.34506755e-03,-2.96952475e-01,1.36091346e-02,3.79093444e-01,0.00000000e+00,1.36201851e+00,1.32364306e-01,1.59535717e-02,1.29717020e+02,1.56345002e+01
6.60000000e-02,-9.94693391e-03,-3.04888135e-01,1.43730375e-02,3.84789958e-01,0.00000000e+00,1.44755439e+00,1.33031372e-01,1.63796561e-02,1.30370744e+02,1.60520629e+01
6.80000000e-02,-1.05644626e-02,-3.12587594e-01,1.51479262e-02,3.89934215e-01,0.00000000e+00,1.53560766e+00,1.31854321e-01,1.58992007e-02,1.29217235e+02,1.55812166e+01
7.00000000e-02,-1.11970994e-02,-3.20009758e-01,1.59322886e-02,3.94349885e-01,0.00000000e+00,1.62616803e+00,1.31685669e-01,1.59690352e-02,1.29051955e+02,1.56496545e+01
7.20000000e-02,-1.18443397e-02,-3.27189063e-01,1.67250053e-02,3.98284846e-01,0.00000000e+00,1.71922488e+00,1.31433453e-01,1.60210032e-02,1.28804784e+02,1.57005831e+01
7.40000000e-02,-1.25056877e-02,-3.34116458e-01,1.75250959e-02,4.01721780e-01,0.00000000e+00,1.81476731e+00,1.31169528e-01,1.60652259e-02,1.28546137e+02,1.57439214e+01
7.60000000e-02,-1.31806315e-02,-3.40782813e-01,1.83315425e-02,4.04633911e-01,0.00000000e+00,1.91278415e+00,1.30815995e-01,1.60702822e-02,1.28199675e+02,1.57488766e+01
7.80000000e-02,-1.38686395e-02,-3.47180048e-01,1.91432715e-02,4.07005991e-01,0.00000000e+00,2.01326390e+00,1.30470987e-01,1.60902662e-02,1.27861567e+02,1.57684609e+01
8.00000000e-02,-1.45691680e-02,-3.53301776e-01,1.99592072e-02,4.08839210e-01,0.00000000e+00,2.11619481e+00,1.30071571e-01,1.61040484e-02,1.27470139e+02,1.57819674e+01
8.20000000e-02,-1.52816057e-02,-3.59062136e-01,2.07779453e-02,4.09648020e-01,0.00000000e+00,2.22156482e+00,1.27818769e-01,1.51092242e-02,1.25262393e+02,1.48070397e+01
8.40000000e-02,-1.60052177e-02,-3.64524156e-01,2.15973697e-02,4.09812563e-01,0.00000000e+00,2.32936159e+00,1.28984802e-01,1.59222864e-02,1.26405106e+02,1.56038407e+01
8.60000000e-02,-1.67395779e-02,-3.69799557e-01,2.24172247e-02,4.10020866e-01,0.00000000e+00,2.43957250e+00,1.29431072e-01,1.63722018e-02,1.26842451e+02,1.60447577e+01
8.80000000e-02,-1.74842161e-02,-3.74775326e-01,2.32370815e-02,4.09671674e-01,0.00000000e+00,2.55218465e+00,1.28041286e-01,1.59234053e-02,1.25480461e+02,1.56049372e+01
9.00000000e-02,-1.82384506e-02,-3.79408205e-01,2.40554118e-02,4.08573106e-01,0.00000000e+00,2.66718484e+00,1.27556578e-01,1.59687148e-02,1.25005446e+02,1.56493405e+01
9.20000000e-02,-1.90016451e-02,-3.83735310e-01,2.48710364e-02,4.06968294e-01,0.00000000e+00,2.78455961e+00,1.27108417e-01,1.60265991e-02,1.24566249e+02,1.57060671e+01
9.40000000e-02,-1.97731862e-02,-3.87753917e-01,2.56829463e-02,4.04855513e-01,0.00000000e+00,2.90429522e+00,1.26629487e-01,1.60631857e-02,1.24096897e+02,1.57419220e+01
9.60000000e-02,-2.05524491e-02,-3.91455055e-01,2.64901031e-02,4.02209770e-01,0.00000000e+00,3.02637764e+00,1.26036016e-01,1.60620343e-02,1.23515296e+02,1.57407936e+01
9.80000000e-02,-2.13387895e-02,-3.94830783e-01,2.72914295e-02,3.99030260e-01,0.00000000e+00,3.15079258e+00,1.25430625e-01,1.60888223e-02,1.22922012e+02,1.57670459e+01
1.00000000e-01,-2.21315544e-02,-3.97879821e-01,2.80858739e-02,3.95325445e-01,0.00000000e+00,3.27752547e+00,1.24861011e-01,1.60958161e-02,1.22363791e+02,1.57738998e+01
1.02000000e-01,-2.29300751e-02,-4.00578444e-01,2.88721757e-02,3.90787381e-01,0.00000000e+00,3.40656147e+00,1.23749649e-01,1.54648940e-02,1.21274656e+02,1.51555962e+01
1.04000000e-01,-2.37336571e-02,-4.02960404e-01,2.96486223e-02,3.85647774e-01,0.00000000e+00,3.53788547e+00,1.24011362e-01,1.59444787e-02,1.21531135e+02,1.56255891e+01
1.06000000e-01,-2.45417476e-02,-4.05088674e-01,3.04147199e-02,3.80437937e-01,0.00000000e+00,3.67148208e+00,1.24409406e-01,1.64140295e-02,1.21921218e+02,1.60857489e+01
1.08000000e-01,-2.53537979e-02,-4.06896101e-01,3.11700722e-02,3.74775299e-01,0.00000000e+00,3.80733568e+00,1.23135423e-01,1.60753761e-02,1.20672715e+02,1.57538685e+01
1.10000000e-01,-2.61690884e-02,-4.08338092e-01,3.19133743e-02,3.68442503e-01,0.00000000e+00,3.94543034e+00,1.22519484e-01,1.60717778e-02,1.20069094e+02,1.57503422e+01
1.12000000e-01,-2.69869279e-02,-4.09446609e-01,3.26435226e-02,3.61630377e-01,0.00000000e+00,4.08574990e+00,1.22014500e-01,1.61150804e-02,1.19574210e+02,1.57927788e+01
1.14000000e-01,-2.78066517e-02,-4.10220479e-01,3.33595937e-02,3.54365186e-01,0.00000000e+00,4.22827792e+00,1.21387906e-01,1.61466879e-02,1.18960148e+02,1.58237541e+01
1.16000000e-01,-2.86275816e-02,-4.10652038e-01,3.40606761e-02,3.46639165e-01,0.00000000e+00,4.37299772e+00,1.20715078e-01,1.61524645e-02,1.18300776e+02,1.58294152e+01
1.18000000e-01,-2.94490318e-02,-4.10741574e-01,3.47458436e-02,3.38452927e-01,0.00000000e+00,4.51989235e+00,1.20100849e-01,1.61628132e-02,1.17698832e+02,1.58395569e+01
1.20000000e-01,-3.02703208e-02,-4.10490541e-01,3.54141867e-02,3.29815084e-01,0.00000000e+00,4.66894460e+00,1.19462061e-01,1.61628162e-02,1.17072820e+02,1.58395599e+01
1.22000000e-01,-3.10907925e-02,-4.09937304e-01,3.60647528e-02,3.20650697e-01,0.00000000e+00,4.82013703e+00,1.19738975e-01,1.59906772e-02,1.17344195e+02,1.56708636e+01
1.24000000e-01,-3.19098677e-02,-4.09080599e-01,3.66964638e-02,3.10997899e-01,0.00000000e+00,4.97345193e+00,1.19060398e-01,1.60439991e-02,1.16679190e+02,1.57231192e+01
1.26000000e-01,-3.27269190e-02,-4.07930094e-01,3.73086306e-02,3.01174328e-01,0.00000000e+00,5.12887134e+00,1.19548000e-01,1.65107588e-02,1.17157040e+02,1.61805436e+01
1.28000000e-01,-3.35413840e-02,-4.06473491e-01,3.79009717e-02,2.91066677e-01,0.00000000e+00,5.28637706e+00,1.18562060e-01,1.62980020e-02,1.16190818e+02,1.59720420e+01
1.30000000e-01,-3.43525755e-02,-4.04660737e-01,3.84725636e-02,2.80458576e-01,0.00000000e+00,5.44595066e+00,1.17854855e-01,1.62811763e-02,1.15497758e+02,1.59555528e+01
1.32000000e-01,-3.51598034e-02,-4.02512585e-01,3.90225554e-02,2.69474608e-01,0.00000000e+00,5.60757344e+00,1.17322868e-01,1.62992179e-02,1.14976411e+02,1.59732335e+01
1.34000000e-01,-3.59624070e-02,-4.00036213e-01,3.95502397e-02,2.58157141e-01,0.00000000e+00,5.77122649e+00,1.16746942e-01,1.63395952e-02,1.14412003e+02,1.60128033e+01
1.36000000e-01,-3.67597333e-02,-3.97237499e-01,4.00549767e-02,2.46528866e-01,0.00000000e+00,5.93689062e+00,1.16310617e-01,1.63726078e-02,1.13984405e+02,1.60451557e+01
1.38000000e-01,-3.75511381e-02,-3.94110430e-01,4.05361315e-02,2.34565122e-01,0.00000000e+00,6.10454645e+00,1.15547113e-01,1.63276683e-02,1.13236171e+02,1.60011149e+01
1.40000000e-01,-3.83359501e-02,-3.90646010e-01,4.09930125e-02,2.22264296e-01,0.00000000e+00,6.27417435e+00,1.14848173e-01,1.63227595e-02,1.12551209e+02,1.59963043e+01
1.42000000e-01,-3.91135578e-02,-3.86935075e-01,4.14250618e-02,2.09773147e-01,0.00000000e+00,6.44575445e+00,1.16149559e-01,1.65504878e-02,1.13826568e+02,1.62194780e+01
1.44000000e-01,-3.98835176e-02,-3.82965006e-01,4.18319180e-02,1.97001413e-01,0.00000000e+00,6.61926665e+00,1.15094256e-01,1.63202132e-02,1.12792371e+02,1.59938089e+01
1.46000000e-01,-4.06452156e-02,-3.78691616e-01,4.22129159e-02,1.84002452e-01,0.00000000e+00,6.79469064e+00,1.15296972e-01,1.66231286e-02,1.12991033e+02,1.62906661e+01
1.48000000e-01,-4.13980993e-02,-3.74141058e-01,4.25678567e-02,1.70896898e-01,0.00000000e+00,6.97200588e+00,1.14781929e-01,1.66088649e-02,1.12486290e+02,1.62766876e+01
1.50000000e-01,-4.21415800e-02,-3.69290801e-01,4.28963262e-02,1.57525465e-01,0.00000000e+00,7.15119160e+00,1.14382609e-01,1.65397297e-02,1.12094957e+02,1.62089352e+01
1.52000000e-01,-4.28750673e-02,-3.64147723e-01,4.31977972e-02,1.43911994e-01,0.00000000e+00,7.33222683e+00,1.13947940e-01,1.65370399e-02,1.11668981e+02,1.62062991e+01
1.54000000e-01,-4.35979732e-02,-3.58708089e-01,4.34718481e-02,1.30109405e-01,0.00000000e+00,7.51509035e+00,1.13376149e-01,1.65398960e-02,1.11108626e+02,1.62090981e+01
1.56000000e-01,-4.43097087e-02,-3.52982080e-01,4.37181303e-02,1.16150059e-01,0.00000000e+00,7.69976076e+00,1.13089378e-01,1.65655266e-02,1.10827591e+02,1.62342161e+01
1.58000000e-01,-4.50097166e-02,-3.46978658e-01,4.39363536e-02,1.02048561e-01,0.00000000e+00,7.88621644e+00,1.12632431e-01,1.65590124e-02,1.10379782e+02,1.62278321e+01
1.60000000e-01,-4.56974363e-02,-3.40694681e-01,4.41262360e-02,8.78142742e-02,0.00000000e+00,8.07443554e+00,1.12173028e-01,1.65638642e-02,1.09929567e+02,1.62325869e+01
1.62000000e-01,-4.63723827e-02,-3.34241856e-01,4.42876989e-02,7.37123017e-02,0.00000000e+00,8.26439603e+00,1.14222967e-01,1.70731839e-02,1.11938507e+02,1.67317202e+01
1.64000000e-01,-4.70342796e-02,-3.27602893e-01,4.44210573e-02,5.95684067e-02,0.00000000e+00,8.45607567e+00,1.13253621e-01,1.66721221e-02,1.10988548e+02,1.63386796e+01
1.66000000e-01,-4.76826129e-02,-3.20691888e-01,4.45258309e-02,4.52121326e-02,0.00000000e+00,8.64945200e+00,1.13186620e-01,1.67829391e-02,1.10922888e+02,1.64472803e+01
1.68000000e-01,-4.83168996e-02,-3.13559549e-01,4.46019322e-02,3.08954471e-02,0.00000000e+00,8.84450239e+00,1.13288449e-01,1.68697806e-02,1.11022680e+02,1.65323850e+01
1.70000000e-01,-4.89367043e-02,-3.06207002e-01,4.46494076e-02,1.65710646e-02,0.00000000e+00,9.04120399e+00,1.13130428e-01,1.68404482e-02,1.10867819e+02,1.65036393e+01
1.72000000e-01,-4.95415747e-02,-2.98625133e-01,4.46681839e-02,2.19792950e-03,0.00000000e+00,9.23953377e+00,1.12898321e-01,1.68001359e-02,1.10640355e+02,1.64641331e+01
1.74000000e-01,-5.01310568e-02,-2.90821276e-01,4.46581992e-02,-1.21754095e-02,0.00000000e+00,9.43946850e+00,1.12786940e-01,1.68316259e-02,1.10531202e+02,1.64949934e+01
1.76000000e-01,-5.07047196e-02,-2.82807059e-01,4.46195118e-02,-2.65044716e-02,0.00000000e+00,9.64098478e+00,1.12698312e-01,1.68436570e-02,1.10444346e+02,1.65067839e+01
1.78000000e-01,-5.12621458e-02,-2.74583910e-01,4.45522096e-02,-4.07910181e-02,0.00000000e+00,9.84405900e+00,1.12488596e-01,1.68305542e-02,1.10238824e+02,1.64939431e+01
1.80000000e-01,-5.18029203e-02,-2.66158327e-01,4.44563878e-02,-5.50174765e-02,0.00000000e+00,1.00486674e+01,1.12416700e-01,1.68387060e-02,1.10168366e+02,1.65019318e+01
1.82000000e-01,-5.23267237e-02,-2.57649731e-01,4.43324150e-02,-6.88311331e-02,0.00000000e+00,1.02547860e+01,1.14859509e-01,1.75256106e-02,1.12562319e+02,1.71750984e+01
1.84000000e-01,-5.28334572e-02,-2.49048076e-01,4.41812362e-02,-8.23854570e-02,0.00000000e+00,1.04623906e+01,1.14413711e-01,1.71725930e-02,1.12125437e+02,1.68291412e+01
1.86000000e-01,-5.33227781e-02,-2.40239502e-01,4.40027616e-02,-9.61070196e-02,0.00000000e+00,1.06714570e+01,1.14054646e-01,1.69252059e-02,1.11773553e+02,1.65867018e+01
1.88000000e-01,-5.37943102e-02,-2.31273561e-01,4.37969038e-02,-1.09684993e-01,0.00000000e+00,1.08819607e+01,1.14622215e-01,1.71854728e-02,1.12329771e+02,1.68417633e+01
1.90000000e-01,-5.42477932e-02,-2.22188932e-01,4.35642079e-02,-1.22983676e-01,0.00000000e+00,1.10938771e+01,1.15020112e-01,1.71844548e-02,1.12719710e+02,1.68407657e+01
1.92000000e-01,-5.46829796e-02,-2.12974741e-01,4.33050617e-02,-1.36143509e-01,0.00000000e+00,1.13071812e+01,1.15184750e-01,1.71120876e-02,1.12881055e+02,1.67698459e+01
1.94000000e-01,-5.50995998e-02,-2.03622047e-01,4.30197332e-02,-1.49154330e-01,0.00000000e+00,1.15218481e+01,1.15222740e-01,1.70949438e-02,1.12918285e+02,1.67530449e+01
1.96000000e-01,-5.54973849e-02,-1.94145075e-01,4.27086072e-02,-1.61921014e-01,0.00000000e+00,1.17378528e+01,1.15566529e-01,1.71852957e-02,1.13255199e+02,1.68415898e+01
1.98000000e-01,-5.58761047e-02,-1.84554993e-01,4.23722184e-02,-1.74433866e-01,0.00000000e+00,1.19551698e+01,1.15710320e-01,1.71523045e-02,1.13396113e+02,1.68092584e+01
2.00000000e-01,-5.62355351e-02,-1.74860209e-01,4.20110271e-02,-1.86713607e-01,0.00000000e+00,1.21737738e+01,1.16093557e-01,1.71636363e-02,1.13771686e+02,1.68203636e+01
2.02000000e-01,-5.65755531e-02,-1.65176808e-01,4.16257890e-02,-1.98355873e-01,0.00000000e+00,1.23936392e+01,1.18791562e-01,1.79448478e-02,1.16415731e+02,1.75859508e+01
2.04000000e-01,-5.68962357e-02,-1.55483464e-01,4.12179141e-02,-2.09532550e-01,0.00000000e+00,1.26147402e+01,1.18518494e-01,1.75627867e-02,1.16148124e+02,1.72115309e+01
2.06000000e-01,-5.71973863e-02,-1.45639086e-01,4.07875526e-02,-2.20868441e-01,0.00000000e+00,1.28370509e+01,1.17760754e-01,1.70004669e-02,1.15405539e+02,1.66604575e+01
2.08000000e-01,-5.74787431e-02,-1.35721306e-01,4.03346079e-02,-2.31952914e-01,0.00000000e+00,1.30605452e+01,1.19140561e-01,1.74480227e-02,1.16757750e+02,1.70990622e+01
2.10000000e-01,-5.77402672e-02,-1.25797014e-01,3.98600939e-02,-2.42508082e-01,0.00000000e+00,1.32851971e+01,1.19783976e-01,1.74379314e-02,1.17388296e+02,1.70891728e+01
2.12000000e-01,-5.79819044e-02,-1.15832657e-01,3.93647751e-02,-2.52764076e-01,0.00000000e+00,1.35109802e+01,1.20217515e-01,1.73725957e-02,1.17813165e+02,1.70251438e+01
2.14000000e-01,-5.82035710e-02,-1.05828019e-01,3.88492525e-02,-2.62697646e-01,0.00000000e+00,1.37378680e+01,1.20693059e-01,1.73823193e-02,1.18279198e+02,1.70346729e+01
2.16000000e-01,-5.84051983e-02,-9.57961082e-02,3.83142297e-02,-2.72263396e-01,0.00000000e+00,1.39658341e+01,1.21267094e-01,1.73842625e-02,1.18841752e+02,1.70365772e+01
2.18000000e-01,-5.85867497e-02,-8.57557382e-02,3.77604599e-02,-2.81437727e-01,0.00000000e+00,1.41948516e+01,1.22018426e-01,1.74165801e-02,1.19578057e+02,1.70682485e+01
2.20000000e-01,-5.87482189e-02,-7.57118016e-02,3.71887536e-02,-2.90200009e-01,0.00000000e+00,1.44248939e+01,1.22542854e-01,1.74360339e-02,1.20091997e+02,1.70873132e+01
2.22000000e-01,-5.88896537e-02,-6.57529540e-02,3.66002415e-02,-2.98089934e-01,0.00000000e+00,1.46559338e+01,1.25202072e-01,1.84102402e-02,1.22698031e+02,1.80420354e+01
2.24000000e-01,-5.90112801e-02,-5.58681116e-02,3.59968002e-02,-3.05370348e-01,0.00000000e+00,1.48879445e+01,1.25305353e-01,1.78563033e-02,1.22799246e+02,1.74991772e+01
2.26000000e-01,-5.91130749e-02,-4.59064485e-02,3.53786087e-02,-3.12877978e-01,0.00000000e+00,1.51208987e+01,1.24278529e-01,1.70532234e-02,1.21792958e+02,1.67121590e+01
2.28000000e-01,-5.91949191e-02,-3.59646773e-02,3.47455411e-02,-3.20006408e-01,0.00000000e+00,1.53547691e+01,1.26478982e-01,1.77508468e-02,1.23949403e+02,1.73958299e+01
2.30000000e-01,-5.92570028e-02,-2.61266398e-02,3.40990876e-02,-3.26378068e-01,0.00000000e+00,1.55895284e+01,1.27249499e-01,1.77208066e-02,1.24704509e+02,1.73663905e+01
2.32000000e-01,-5.92994539e-02,-1.63308685e-02,3.34402736e-02,-3.32382655e-01,0.00000000e+00,1.58251491e+01,1.27853180e-01,1.75826459e-02,1.25296117e+02,1.72309929e+01
2.34000000e-01,-5.93223622e-02,-6.58906465e-03,3.27698175e-02,-3.37996461e-01,0.00000000e+00,1.60616035e+01,1.28737393e-01,1.75855840e-02,1.26162645e+02,1.72338723e+01
2.36000000e-01,-5.93258640e-02,3.07188793e-03,3.20886269e-02,-3.43101580e-01,0.00000000e+00,1.62988641e+01,1.29810541e-01,1.76793717e-02,1.27214330e+02,1.73257842e+01
2.38000000e-01,-5.93101282e-02,1.26526008e-02,3.13977470e-02,-3.47702987e-01,0.00000000e+00,1.65369029e+01,1.30523077e-01,1.76578147e-02,1.27912616e+02,1.73046584e+01
2.40000000e-01,-5.92753098e-02,2.21491125e-02,3.06981260e-02,-3.51837945e-01,0.00000000e+00,1.67756921e+01,1.31532696e-01,1.76607113e-02,1.28902042e+02,1.73074971e+01
2.42000000e-01,-5.92216409e-02,3.14819097e-02,2.99910603e-02,-3.54975499e-01,0.00000000e+00,1.70152039e+01,1.33948784e-01,1.87426552e-02,1.31269809e+02,1.83678021e+01
2.44000000e-01,-5.91494707e-02,4.06818688e-02,2.92786782e-02,-3.57431803e-01,0.00000000e+00,1.72554100e+01,1.34085204e-01,1.80739623e-02,1.31403500e+02,1.77124830e+01
2.46000000e-01,-5.90589041e-02,4.98957219e-02,2.85611227e-02,-3.60203608e-01,0.00000000e+00,1.74962824e+01,1.32922362e-01,1.70564359e-02,1.30263914e+02,1.67153072e+01
2.48000000e-01,-5.89499534e-02,5.90111374e-02,2.78381325e-02,-3.62572412e-01,0.00000000e+00,1.77377930e+01,1.35533422e-01,1.78880727e-02,1.32822753e+02,1.75303112e+01
2.50000000e-01,-5.88229893e-02,6.79319674e-02,2.71113998e-02,-3.64091233e-01,0.00000000e+00,1.79799133e+01,1.36469362e-01,1.78030108e-02,1.33739975e+02,1.74469506e+01
2.52000000e-01,-5.86783095e-02,7.67269685e-02,2.63820527e-02,-3.65182394e-01,0.00000000e+00,1.82226151e+01,1.37328635e-01,1.77442810e-02,1.34582062e+02,1.73893954e+01
2.54000000e-01,-5.85161722e-02,8.53858352e-02,2.56509845e-02,-3.65802144e-01,0.00000000e+00,1.84658699e+01,1.38362333e-01,1.77484094e-02,1.35595086e+02,1.73934412e+01
2.56000000e-01,-5.83368735e-02,9.38836577e-02,2.49191950e-02,-3.65895546e-01,0.00000000e+00,1.87096492e+01,1.39662952e-01,1.78037459e-02,1.36869693e+02,1.74476710e+01
2.58000000e-01,-5.81407466e-02,1.02218024e-01,2.41877563e-02,-3.65458012e-01,0.00000000e+00,1.89539246e+01,1.40614950e-01,1.78177906e-02,1.37802651e+02,1.74614348e+01
2.60000000e-01,-5.79281106e-02,1.10388639e-01,2.34577053e-02,-3.64507054e-01,0.00000000e+00,1.91986673e+01,1.41787059e-01,1.78381396e-02,1.38951318e+02,1.74813768e+01
2.62000000e-01,-5.76993128e-02,1.18378010e-01,2.27303609e-02,-3.62607064e-01,0.00000000e+00,1.94438488e+01,1.43015142e-01,1.87700659e-02,1.40154839e+02,1.83946646e+01
2.64000000e-01,-5.74547113e-02,1.26198238e-01,2.20077130e-02,-3.60053144e-01,0.00000000e+00,1.96894403e+01,1.43774752e-01,1.81773372e-02,1.40899257e+02,1.78137905e+01
2.66000000e-01,-5.71945648e-02,1.33951143e-01,2.12899158e-02,-3.57847974e-01,0.00000000e+00,1.99354131e+01,1.42496308e-01,1.70116730e-02,1.39646382e+02,1.66714395e+01
2.68000000e-01,-5.69190169e-02,1.41538742e-01,2.05765706e-02,-3.55268617e-01,0.00000000e+00,2.01817383e+01,1.45419315e-01,1.79427304e-02,1.42510928e+02,1.75838758e+01
2.70000000e-01,-5.66285870e-02,1.48860485e-01,1.98694091e-02,-3.51837654e-01,0.00000000e+00,2.04283872e+01,1.46367849e-01,1.77875875e-02,1.43440492e+02,1.74318358e+01
2.72000000e-01,-5.63236992e-02,1.55995848e-01,1.91694708e-02,-3.48030597e-01,0.00000000e+00,2.06753307e+01,1.47314865e-01,1.77307158e-02,1.44368568e+02,1.73761015e+01
2.74000000e-01,-5.60047394e-02,1.62927602e-01,1.84776015e-02,-3.43751438e-01,0.00000000e+00,2.09225401e+01,1.48550362e-01,1.77884350e-02,1.45579354e+02,1.74326663e+01
2.76000000e-01,-5.56721442e-02,1.69626388e-01,1.77948423e-02,-3.38906488e-01,0.00000000e+00,2.11699864e+01,1.50071124e-01,1.79410048e-02,1.47069701e+02,1.75821847e+01
2.78000000e-01,-5.53263834e-02,1.76100809e-01,1.71222974e-02,-3.33578699e-01,0.00000000e+00,2.14176406e+01,1.50997239e-01,1.78389851e-02,1.47977295e+02,1.74822054e+01
2.80000000e-01,-5.49678829e-02,1.82362222e-01,1.64607999e-02,-3.27842324e-01,0.00000000e+00,2.16654736e+01,1.52147699e-01,1.78513215e-02,1.49104745e+02,1.74942951e+01
2.82000000e-01,-5.45970482e-02,1.88453099e-01,1.58114236e-02,-3.21362819e-01,0.00000000e+00,2.19134565e+01,1.51979961e-01,1.84685607e-02,1.48940361e+02,1.80991895e+01
2.84000000e-01,-5.42142087e-02,1.94336691e-01,1.51757418e-02,-3.14293568e-01,0.00000000e+00,2.21615603e+01,1.53890388e-01,1.81782089e-02,1.50812580e+02,1.78146447e+01
2.86000000e-01,-5.38197958e-02,2.00078831e-01,1.45540314e-02,-3.07551194e-01,0.00000000e+00,2.24097558e+01,1.52089042e-01,1.68914776e-02,1.49047262e+02,1.65536481e+01
2.88000000e-01,-5.34140104e-02,2.05645519e-01,1.39456989e-02,-3.00566095e-01,0.00000000e+00,2.26580141e+01,1.54700664e-01,1.78158822e-02,1.51606650e+02,1.74595646e+01
2.90000000e-01,-5.29974107e-02,2.10916695e-01,1.33522886e-02,-2.92798775e-01,0.00000000e+00,2.29063060e+01,1.55615245e-01,1.76824793e-02,1.52502940e+02,1.73288297e+01
2.92000000e-01,-5.25704973e-02,2.15957351e-01,1.27747020e-02,-2.84734238e-01,0.00000000e+00,2.31546024e+01,1.56623009e-01,1.76113458e-02,1.53490549e+02,1.72591189e+01
2.94000000e-01,-5.21337480e-02,2.20747996e-01,1.22136147e-02,-2.76275065e-01,0.00000000e+00,2.34028744e+01,1.57911785e-01,1.77058481e-02,1.54753549e+02,1.73517311e+01
2.96000000e-01,-5.16876769e-02,2.25281338e-01,1.16698881e-02,-2.67386330e-01,0.00000000e+00,2.36510928e+01,1.59012783e-01,1.77326443e-02,1.55832527e+02,1.73779914e+01
2.98000000e-01,-5.12327909e-02,2.29562365e-01,1.11443287e-02,-2.58108680e-01,0.00000000e+00,2.38992285e+01,1.60112010e-01,1.77676200e-02,1.56909769e+02,1.74122676e+01
3.00000000e-01,-5.07695957e-02,2.33590917e-01,1.06376952e-02,-2.48468337e-01,0.00000000e+00,2.41472525e+01,1.61147866e-01,1.77662633e-02,1.57924909e+02,1.74109381e+01
3.02000000e-01,-5.02985246e-02,2.37473432e-01,1.01507531e-02,-2.38381456e-01,0.00000000e+00,2.43951358e+01,1.59694924e-01,1.80051942e-02,1.56501026e+02,1.76450903e+01
3.04000000e-01,-4.98198378e-02,2.41152253e-01,9.68446228e-03,-2.27855304e-01,0.00000000e+00,2.46428493e+01,1.62015243e-01,1.80178890e-02,1.58774938e+02,1.76575312e+01
3.06000000e-01,-4.93340425e-02,2.44640692e-01,9.23914600e-03,-2.17607903e-01,0.00000000e+00,2.48903640e+01,1.60192232e-01,1.67796870e-02,1.56988387e+02,1.64440932e+01
3.08000000e-01,-4.88414061e-02,2.47932576e-01,8.81410594e-03,-2.07247647e-01,0.00000000e+00,2.51376510e+01,1.62600384e-01,1.76434180e-02,1.59348377e+02,1.72905496e+01
3.10000000e-01,-4.83425159e-02,2.50918887e-01,8.41056700e-03,-1.96270062e-01,0.00000000e+00,2.53846812e+01,1.63272441e-01,1.74945065e-02,1.60006992e+02,1.71446163e+01
3.12000000e-01,-4.78378907e-02,2.53665001e-01,8.02914271e-03,-1.85116968e-01,0.00000000e+00,2.56314258e+01,1.64105146e-01,1.74623816e-02,1.60823043e+02,1.71131340e+01
3.14000000e-01,-4.73280241e-02,2.56158888e-01,7.67026078e-03,-1.73721429e-01,0.00000000e+00,2.58778558e+01,1.65014496e-01,1.74860772e-02,1.61714206e+02,1.71363556e+01
3.16000000e-01,-4.68134317e-02,2.58387868e-01,7.33443367e-03,-1.62060907e-01,0.00000000e+00,2.61239425e+01,1.66103841e-01,1.75340859e-02,1.62781764e+02,1.71834042e+01
3.18000000e-01,-4.62946543e-02,2.60344328e-01,7.02218631e-03,-1.50146666e-01,0.00000000e+00,2.63696569e+01,1.67155807e-01,1.75677218e-02,1.63812691e+02,1.72163674e+01
3.20000000e-01,-4.57722270e-02,2.62041905e-01,6.73398941e-03,-1.38018844e-01,0.00000000e+00,2.66149703e+01,1.67895631e-01,1.75657433e-02,1.64537718e+02,1.72144284e+01
3.22000000e-01,-4.52465496e-02,2.63645070e-01,6.47017432e-03,-1.25795952e-01,0.00000000e+00,2.68598540e+01,1.65077259e-01,1.73854069e-02,1.61775713e+02,1.70376987e+01
3.24000000e-01,-4.47177680e-02,2.65066424e-01,6.23097427e-03,-1.13320101e-01,0.00000000e+00,2.71042793e+01,1.67833538e-01,1.77499338e-02,1.64476867e+02,1.73949351e+01
3.26000000e-01,-4.41864289e-02,2.66270285e-01,6.01674001e-03,-1.01075055e-01,0.00000000e+00,2.73482176e+01,1.65826964e-01,1.65898327e-02,1.62510425e+02,1.62580361e+01
3.28000000e-01,-4.36528068e-02,2.67294254e-01,5.82661925e-03,-8.89122380e-02,0.00000000e+00,2.75916404e+01,1.67685458e-01,1.73008250e-02,1.64331749e+02,1.69548085e+01
3.30000000e-01,-4.31174394e-02,2.68037049e-01,5.66135264e-03,-7.63570799e-02,0.00000000e+00,2.78345190e+01,1.68030090e-01,1.71721358e-02,1.64669488e+02,1.68286931e+01
3.32000000e-01,-4.25808119e-02,2.68549810e-01,5.52121669e-03,-6.37632905e-02,0.00000000e+00,2.80768251e+01,1.68682382e-01,1.71765842e-02,1.65308735e+02,1.68330525e+01
3.34000000e-01,-4.20434025e-02,2.68819045e-01,5.40636530e-03,-5.10707823e-02,0.00000000e+00,2.83185303e+01,1.69334881e-01,1.72100995e-02,1.65948184e+02,1.68658975e+01
3.36000000e-01,-4.15057002e-02,2.68841576e-01,5.31700739e-03,-3.82675329e-02,0.00000000e+00,2.85596063e+01,1.70058038e-01,1.72761585e-02,1.66656877e+02,1.69306353e+01
3.38000000e-01,-4.09681986e-02,2.68620443e-01,5.25334395e-03,-2.53911155e-02,0.00000000e+00,2.88000248e+01,1.70640169e-01,1.72674776e-02,1.67227365e+02,1.69221281e+01
3.40000000e-01,-4.04313759e-02,2.68163097e-01,5.21545659e-03,-1.24942164e-02,0.00000000e+00,2.90397578e+01,1.71193791e-01,1.72597615e-02,1.67769915e+02,1.69145663e+01
3.42000000e-01,-3.98955814e-02,2.67653018e-01,5.20320867e-03,1.65106110e-04,0.00000000e+00,2.92787771e+01,1.67496372e-01,1.67461068e-02,1.64146445e+02,1.64111847e+01
3.44000000e-01,-3.93608624e-02,2.66995185e-01,5.21616114e-03,1.28905933e-02,0.00000000e+00,2.95170548e+01,1.70278982e-01,1.74119928e-02,1.66873402e+02,1.70637529e+01
3.46000000e-01,-3.88277494e-02,2.66114180e-01,5.25466014e-03,2.54497753e-02,0.00000000e+00,2.97545629e+01,1.68355763e-01,1.64468398e-02,1.64988648e+02,1.61179030e+01
3.48000000e-01,-3.82965045e-02,2.65084911e-01,5.31778056e-03,3.77394393e-02,0.00000000e+00,2.99912736e+01,1.69402834e-01,1.69314579e-02,1.66014777e+02,1.65928288e+01
3.50000000e-01,-3.77675693e-02,2.63816460e-01,5.40571760e-03,5.01786455e-02,0.00000000e+00,3.02271593e+01,1.69621910e-01,1.68812685e-02,1.66229472e+02,1.65436432e+01
3.52000000e-01,-3.72413757e-02,2.62342496e-01,5.51842782e-03,6.25168652e-02,0.00000000e+00,3.04621922e+01,1.69903805e-01,1.68754595e-02,1.66505729e+02,1.65379503e+01
3.54000000e-01,-3.67183343e-02,2.60665942e-01,5.65573320e-03,7.47772987e-02,0.00000000e+00,3.06963449e+01,1.70079479e-01,1.69091371e-02,1.66677889e+02,1.65709544e+01
3.56000000e-01,-3.61988458e-02,2.58788569e-01,5.81748047e-03,8.69529318e-02,0.00000000e+00,3.09295900e+01,1.70348151e-01,1.69235541e-02,1.66941188e+02,1.65850830e+01
3.58000000e-01,-3.56833152e-02,2.56708493e-01,6.00347039e-03,9.90167709e-02,0.00000000e+00,3.11619001e+01,1.70599360e-01,1.69352491e-02,1.67187373e+02,1.65965442e+01
3.60000000e-01,-3.51721429e-02,2.54431797e-01,6.21345374e-03,1.10939901e-01,0.00000000e+00,3.13932481e+01,1.70760627e-01,1.69233034e-02,1.67345415e+02,1.65848373e+01
3.62000000e-01,-3.46655934e-02,2.52147046e-01,6.44688698e-03,1.22348590e-01,0.00000000e+00,3.16236067e+01,1.66643040e-01,1.61841997e-02,1.63310179e+02,1.58605157e+01
3.64000000e-01,-3.41636311e-02,2.49747800e-01,6.70278473e-03,1.33662200e-01,0.00000000e+00,3.18529492e+01,1.69328908e-01,1.70847260e-02,1.65942330e+02,1.67430315e+01
3.66000000e-01,-3.36667379e-02,2.47144980e-01,6.98144516e-03,1.44839930e-01,0.00000000e+00,3.20812486e+01,1.67333126e-01,1.62924480e-02,1.63986463e+02,1.59665990e+01
3.68000000e-01,-3.31751185e-02,2.44441114e-01,7.28184673e-03,1.55571121e-01,0.00000000e+00,3.23084781e+01,1.67665961e-01,1.65722090e-02,1.64312641e+02,1.62407649e+01
3.70000000e-01,-3.26890916e-02,2.41559983e-01,7.60366972e-03,1.66212433e-01,0.00000000e+00,3.25346112e+01,1.67496146e-01,1.65591783e-02,1.64146223e+02,1.62279947e+01
3.72000000e-01,-3.22089811e-02,2.38525133e-01,7.94654656e-03,1.76628917e-01,0.00000000e+00,3.27596214e+01,1.67326382e-01,1.65858542e-02,1.63979854e+02,1.62541372e+01
3.74000000e-01,-3.17350907e-02,2.35340925e-01,8.31002658e-03,1.86807216e-01,0.00000000e+00,3.29834823e+01,1.67104876e-01,1.65743115e-02,1.63762778e+02,1.62428253e+01
3.76000000e-01,-3.12677143e-02,2.32011274e-01,8.69360363e-03,1.96727858e-01,0.00000000e+00,3.32061678e+01,1.66896169e-01,1.65889346e-02,1.63558245e+02,1.62571559e+01
3.78000000e-01,-3.08071427e-02,2.28535952e-01,9.09676324e-03,2.06386370e-01,0.00000000e+00,3.34276517e+01,1.66734996e-01,1.65960797e-02,1.63400296e+02,1.62641581e+01
3.80000000e-01,-3.03536658e-02,2.24917728e-01,9.51896374e-03,2.15766849e-01,0.00000000e+00,3.36479082e+01,1.66518853e-01,1.66046398e-02,1.63188476e+02,1.62725470e+01
3.82000000e-01,-2.99074689e-02,2.21303824e-01,9.95943027e-03,2.24546863e-01,0.00000000e+00,3.38669113e+01,1.62976794e-01,1.59612941e-02,1.59717258e+02,1.56420682e+01
3.84000000e-01,-2.94684931e-02,2.17626055e-01,1.04169746e-02,2.33062012e-01,0.00000000e+00,3.40846355e+01,1.64412899e-01,1.66988732e-02,1.61124641e+02,1.63648957e+01
3.86000000e-01,-2.90370586e-02,2.13807466e-01,1.08915434e-02,2.41374801e-01,0.00000000e+00,3.43010553e+01,1.62729887e-01,1.62110479e-02,1.59475290e+02,1.58868269e+01
3.88000000e-01,-2.86132999e-02,2.09933869e-01,1.13821088e-02,2.49140074e-01,0.00000000e+00,3.45161454e+01,1.62223295e-01,1.62472541e-02,1.58978829e+02,1.59223090e+01
3.90000000e-01,-2.81973932e-02,2.05955102e-01,1.18879003e-02,2.56600274e-01,0.00000000e+00,3.47298805e+01,1.61776130e-01,1.62901924e-02,1.58540607e+02,1.59643886e+01
3.92000000e-01,-2.77895467e-02,2.01875497e-01,1.24082933e-02,2.63735620e-01,0.00000000e+00,3.49422356e+01,1.61233647e-01,1.63058707e-02,1.58008974e+02,1.59797533e+01
3.94000000e-01,-2.73899525e-02,1.97703944e-01,1.29426035e-02,2.70512091e-01,0.00000000e+00,3.51531859e+01,1.60645741e-01,1.62974200e-02,1.57432826e+02,1.59714716e+01
3.96000000e-01,-2.69987895e-02,1.93444618e-01,1.34900926e-02,2.76915086e-01,0.00000000e+00,3.53627066e+01,1.60074183e-01,1.63014327e-02,1.56872699e+02,1.59754040e+01
3.98000000e-01,-2.66162294e-02,1.89102239e-01,1.40500154e-02,2.82945462e-01,0.00000000e+00,3.55707732e+01,1.59445862e-01,1.63126954e-02,1.56256945e+02,1.59864415e+01
4.00000000e-01,-2.62424325e-02,1.84681944e-01,1.46216181e-02,2.88591307e-01,0.00000000e+00,3.57773614e+01,1.58825495e-01,1.63085445e-02,1.55648985e+02,1.59823736e+01
4.02000000e-01,-2.58775030e-02,1.80259703e-01,1.52040009e-02,2.93667679e-01,0.00000000e+00,3.59824470e+01,1.56494193e-01,1.59472258e-02,1.53364310e+02,1.56282812e+01
4.04000000e-01,-2.55213955e-02,1.75834672e-01,1.57959877e-02,2.98292457e-01,0.00000000e+00,3.61860059e+01,1.55965697e-01,1.62044428e-02,1.52846383e+02,1.58803540e+01
4.06000000e-01,-2.51742026e-02,1.71352120e-01,1.63969605e-02,3.02601937e-01,0.00000000e+00,3.63880143e+01,1.54985800e-01,1.61421566e-02,1.51886084e+02,1.58193134e+01
4.08000000e-01,-2.48360069e-02,1.66839781e-01,1.70060698e-02,3.06423028e-01,0.00000000e+00,3.65884486e+01,1.53882571e-01,1.60478765e-02,1.50804920e+02,1.57269190e+01
4.10000000e-01,-2.45068660e-02,1.62293704e-01,1.76223590e-02,3.09803734e-01,0.00000000e+00,3.67872852e+01,1.53068754e-01,1.60967963e-02,1.50007379e+02,1.57748603e+01
4.12000000e-01,-2.41868602e-02,1.57705368e-01,1.82450244e-02,3.12793890e-01,0.00000000e+00,3.69845010e+01,1.52239083e-01,1.61163844e-02,1.49194302e+02,1.57940568e+01
4.14000000e-01,-2.38760667e-02,1.53083731e-01,1.88732537e-02,3.15362847e-01,0.00000000e+00,3.71800727e+01,1.51290960e-01,1.61090917e-02,1.48265141e+02,1.57869099e+01
4.16000000e-01,-2.35745412e-02,1.48438319e-01,1.95061862e-02,3.17497476e-01,0.00000000e+00,3.73739776e+01,1.50314272e-01,1.61080161e-02,1.47307986e+02,1.57858558e+01
4.18000000e-01,-2.32823291e-02,1.43769491e-01,2.01429592e-02,3.19205466e-01,0.00000000e+00,3.75661928e+01,1.49433677e-01,1.61225290e-02,1.46445003e+02,1.58000785e+01
4.20000000e-01,-2.29994778e-02,1.39078741e-01,2.07827187e-02,3.20479428e-01,0.00000000e+00,3.77566960e+01,1.48498399e-01,1.61103798e-02,1.45528431e+02,1.57881722e+01
4.22000000e-01,-2.27260201e-02,1.34378973e-01,2.14245466e-02,3.21258036e-01,0.00000000e+00,3.79454647e+01,1.47392936e-01,1.59993241e-02,1.44445078e+02,1.56793376e+01
4.24000000e-01,-2.24619326e-02,1.29723140e-01,2.20673741e-02,3.21471660e-01,0.00000000e+00,3.81324769e+01,1.45296863e-01,1.58426749e-02,1.42390926e+02,1.55258214e+01
4.26000000e-01,-2.22071149e-02,1.25086270e-01,2.27101763e-02,3.21299871e-01,0.00000000e+00,3.83177106e+01,1.44850795e-01,1.61086865e-02,1.41953779e+02,1.57865128e+01
4.28000000e-01,-2.19615934e-02,1.20440654e-01,2.33523186e-02,3.20745574e-01,0.00000000e+00,3.85011443e+01,1.43477981e-01,1.59573240e-02,1.40608421e+02,1.56381775e+01
4.30000000e-01,-2.17253365e-02,1.15818724e-01,2.39928206e-02,3.19684362e-01,0.00000000e+00,3.86827564e+01,1.42349810e-01,1.59600791e-02,1.39502813e+02,1.56408775e+01
4.32000000e-01,-2.14983067e-02,1.11214480e-01,2.46307731e-02,3.18198790e-01,0.00000000e+00,3.88625256e+01,1.41192597e-01,1.59785288e-02,1.38368745e+02,1.56589582e+01
4.34000000e-01,-2.12804639e-02,1.06632184e-01,2.52653352e-02,3.16292462e-01,0.00000000e+00,3.90404308e+01,1.40039928e-01,1.59841802e-02,1.37239130e+02,1.56644966e+01
4.36000000e-01,-2.10717623e-02,1.02073362e-01,2.58956600e-02,3.13961881e-01,0.00000000e+00,3.92164514e+01,1.38921752e-01,1.59894049e-02,1.36143317e+02,1.56696168e+01
4.38000000e-01,-2.08721530e-02,9.75407985e-02,2.65208990e-02,3.11205668e-01,0.00000000e+00,3.93905666e+01,1.37778349e-01,1.59850751e-02,1.35022782e+02,1.56653736e+01
4.40000000e-01,-2.06815794e-02,9.30378935e-02,2.71402022e-02,3.08028666e-01,0.00000000e+00,3.95627560e+01,1.36654615e-01,1.59921544e-02,1.33921522e+02,1.56723113e+01
4.42000000e-01,-2.05000115e-02,8.85199236e-02,2.77527258e-02,3.04419977e-01,0.00000000e+00,3.97329995e+01,1.36629787e-01,1.59554395e-02,1.33897192e+02,1.56363307e+01
4.44000000e-01,-2.03274539e-02,8.40705691e-02,2.83574913e-02,3.00225161e-01,0.00000000e+00,3.99012772e+01,1.33624328e-01,1.56274862e-02,1.30951841e+02,1.53149364e+01
4.46000000e-01,-2.01636815e-02,7.96927675e-02,2.89534186e-02,2.95718629e-01,0.00000000e+00,4.00675693e+01,1.33603036e-01,1.61543185e-02,1.30930975e+02,1.58312321e+01
4.48000000e-01,-2.00086731e-02,7.53295481e-02,2.95401992e-02,2.90962328e-01,0.00000000e+00,4.02318564e+01,1.32000342e-01,1.59433811e-02,1.29360335e+02,1.56245135e+01
4.50000000e-01,-1.98623142e-02,7.10399820e-02,3.01169266e-02,2.85694039e-01,0.00000000e+00,4.03941193e+01,1.30669632e-01,1.59056693e-02,1.28056239e+02,1.55875559e+01
4.52000000e-01,-1.97244735e-02,6.68100247e-02,3.06827093e-02,2.80026596e-01,0.00000000e+00,4.05543389e+01,1.29464911e-01,1.59161073e-02,1.26875613e+02,1.55977852e+01
4.54000000e-01,-1.95950363e-02,6.26367335e-02,3.12367932e-02,2.73999512e-01,0.00000000e+00,4.07124964e+01,1.28271792e-01,1.59447664e-02,1.25706356e+02,1.56258711e+01
4.56000000e-01,-1.94738863e-02,5.85237640e-02,3.17784712e-02,2.67618345e-01,0.00000000e+00,4.08685734e+01,1.27049544e-01,1.59492925e-02,1.24508553e+02,1.56303066e+01
4.58000000e-01,-1.93608978e-02,5.44759231e-02,3.23070267e-02,2.60877491e-01,0.00000000e+00,4.10225516e+01,1.25810985e-01,1.59475893e-02,1.23294765e+02,1.56286375e+01
4.60000000e-01,-1.92559370e-02,5.04965553e-02,3.28217477e-02,2.53786442e-01,0.00000000e+00,4.11744129e+01,1.24576399e-01,1.59524202e-02,1.22084871e+02,1.56333718e+01
4.62000000e-01,-1.91589112e-02,4.65177907e-02,3.33218850e-02,2.46264260e-01,0.00000000e+00,4.13241396e+01,1.24988646e-01,1.57601568e-02,1.22488873e+02,1.54449537e+01
4.64000000e-01,-1.90698250e-02,4.26001618e-02,3.38064888e-02,2.38268217e-01,0.00000000e+00,4.14717142e+01,1.22404469e-01,1.56533098e-02,1.19956380e+02,1.53402436e+01
4.66000000e-01,-1.89884608e-02,3.87571085e-02,3.42748947e-02,2.30177403e-01,0.00000000e+00,4.16171192e+01,1.22566156e-01,1.62337034e-02,1.20114833e+02,1.59090294e+01
4.68000000e-01,-1.89147714e-02,3.49518494e-02,3.47270948e-02,2.21931259e-01,0.00000000e+00,4.17603378e+01,1.20904160e-01,1.59766006e-02,1.18486076e+02,1.56570686e+01
4.70000000e-01,-1.88485857e-02,3.12482573e-02,3.51623304e-02,2.13251075e-01,0.00000000e+00,4.19013532e+01,1.19635002e-01,1.59479389e-02,1.17242302e+02,1.56289801e+01
4.72000000e-01,-1.87897232e-02,2.76274263e-02,3.55799082e-02,2.04284588e-01,0.00000000e+00,4.20401488e+01,1.18474910e-01,1.59758329e-02,1.16105411e+02,1.56563162e+01
4.74000000e-01,-1.87380254e-02,2.40823891e-02,3.59793075e-02,1.95076298e-01,0.00000000e+00,4.21767084e+01,1.17427358e-01,1.60147060e-02,1.15078811e+02,1.56944119e+01
4.76000000e-01,-1.86933392e-02,2.06190250e-02,3.63600542e-02,1.85629167e-01,0.00000000e+00,4.23110159e+01,1.16187445e-01,1.60222706e-02,1.13863697e+02,1.57018252e+01
4.78000000e-01,-1.86554894e-02,1.72455517e-02,3.67216595e-02,1.75935097e-01,0.00000000e+00,4.24430558e+01,1.15004040e-01,1.60168974e-02,1.12703959e+02,1.56965595e+01
4.80000000e-01,-1.86242970e-02,1.39619782e-02,3.70636379e-02,1.66006089e-01,0.00000000e+00,4.25728124e+01,1.13818629e-01,1.60217139e-02,1.11542256e+02,1.57012797e+01
4.82000000e-01,-1.85996479e-02,1.06687074e-02,3.73854442e-02,1.55717676e-01,0.00000000e+00,4.27002707e+01,1.15016056e-01,1.57263955e-02,1.12715735e+02,1.54118676e+01
4.84000000e-01,-1.85815991e-02,7.41004162e-03,3.76863121e-02,1.45134528e-01,0.00000000e+00,4.28254156e+01,1.12849243e-01,1.58371893e-02,1.10592258e+02,1.55204455e+01
4.86000000e-01,-1.85699558e-02,4.22929542e-03,3.79660764e-02,1.34692383e-01,0.00000000e+00,4.29482326e+01,1.13087268e-01,1.64263110e-02,1.10825522e+02,1.60977848e+01
4.88000000e-01,-1.85646447e-02,1.10449724e-03,3.82250520e-02,1.24205813e-01,0.00000000e+00,4.30687072e+01,1.11485683e-01,1.61181554e-02,1.09255969e+02,1.57957922e+01
4.90000000e-01,-1.85654594e-02,-1.90269763e-03,3.84626675e-02,1.13371101e-01,0.00000000e+00,4.31868254e+01,1.10333499e-01,1.60394184e-02,1.08126829e+02,1.57186300e+01
4.92000000e-01,-1.85721966e-02,-4.82159568e-03,3.86784419e-02,1.02394574e-01,0.00000000e+00,4.33025732e+01,1.09465452e-01,1.61332103e-02,1.07276143e+02,1.58105461e+01
4.94000000e-01,-1.85846936e-02,-7.66214833e-03,3.88721966e-02,9.13441712e-02,0.00000000e+00,4.34159372e+01,1.08593143e-01,1.61656496e-02,1.06421281e+02,1.58423366e+01
4.96000000e-01,-1.86027882e-02,-1.04172135e-02,3.90437544e-02,8.01975443e-02,0.00000000e+00,4.35269041e+01,1.07604240e-01,1.61808614e-02,1.05452155e+02,1.58572442e+01
4.98000000e-01,-1.86263011e-02,-1.30802789e-02,3.91929245e-02,6.89575306e-02,0.00000000e+00,4.36354609e+01,1.06624361e-01,1.61873124e-02,1.04491874e+02,1.58635661e+01
5.00000000e-01,-1.86550466e-02,-1.56493151e-02,3.93195284e-02,5.76332933e-02,0.00000000e+00,4.37415949e+01,1.05631135e-01,1.61895556e-02,1.03518512e+02,1.58657645e+01
5.02000000e-01,-1.86889224e-02,-1.82544534e-02,3.94233207e-02,4.61037128e-02,0.00000000e+00,4.38452936e+01,1.07733990e-01,1.59092548e-02,1.05579310e+02,1.55910697e+01
5.04000000e-01,-1.87280684e-02,-2.08655266e-02,3.95038947e-02,3.45013695e-02,0.00000000e+00,4.39465449e+01,1.06078612e-01,1.61566804e-02,1.03957039e+02,1.58335468e+01
5.06000000e-01,-1.87723357e-02,-2.34033292e-02,3.95615418e-02,2.32223149e-02,0.00000000e+00,4.40453370e+01,1.06372865e-01,1.66748261e-02,1.04245408e+02,1.63413295e+01
5.08000000e-01,-1.88216392e-02,-2.58774135e-02,3.95968136e-02,1.19877317e-02,0.00000000e+00,4.41416582e+01,1.04981971e-01,1.63049747e-02,1.02882331e+02,1.59788752e+01
5.10000000e-01,-1.88757702e-02,-2.82388177e-02,3.96093534e-02,5.44272801e-04,0.00000000e+00,4.42354973e+01,1.04172016e-01,1.62589772e-02,1.02088575e+02,1.59337977e+01
5.12000000e-01,-1.89345408e-02,-3.05196728e-02,3.95990022e-02,-1.08819425e-02,0.00000000e+00,4.43268434e+01,1.03570155e-01,1.63310509e-02,1.01498752e+02,1.60044299e+01
5.14000000e-01,-1.89977992e-02,-3.27259281e-02,3.95658752e-02,-2.22338877e-02,0.00000000e+00,4.44156856e+01,1.02936152e-01,1.63721840e-02,1.00877429e+02,1.60447404e+01
5.16000000e-01,-1.90653894e-02,-3.48495715e-02,3.95100980e-02,-3.35388366e-02,0.00000000e+00,4.45020137e+01,1.02182763e-01,1.63546304e-02,1.00139108e+02,1.60275378e+01
5.18000000e-01,-1.91371430e-02,-3.68915521e-02,3.94317635e-02,-4.47782446e-02,0.00000000e+00,4.45858175e+01,1.01605267e-01,1.64024429e-02,9.95731613e+01,1.60743940e+01
5.20000000e-01,-1.92129023e-02,-3.88536005e-02,3.93310425e-02,-5.59313575e-02,0.00000000e+00,4.46670871e+01,1.00925339e-01,1.63964337e-02,9.89068323e+01,1.60685051e+01
5.22000000e-01,-1.92926018e-02,-4.08822886e-02,3.92080222e-02,-6.71082293e-02,0.00000000e+00,4.47458131e+01,1.03804935e-01,1.61813837e-02,1.01728837e+02,1.58577560e+01
5.24000000e-01,-1.93764549e-02,-4.29461052e-02,3.90626865e-02,-7.81698887e-02,0.00000000e+00,4.48219863e+01,1.02422187e-01,1.64351807e-02,1.00373744e+02,1.61064771e+01
5.26000000e-01,-1.94643416e-02,-4.49429924e-02,3.88956414e-02,-8.87835075e-02,0.00000000e+00,4.48955977e+01,1.02950277e-01,1.68875553e-02,1.00891272e+02,1.65498042e+01
5.28000000e-01,-1.95561945e-02,-4.68914003e-02,3.87076777e-02,-9.92092342e-02,0.00000000e+00,4.49666387e+01,1.02031145e-01,1.65652905e-02,9.99905221e+01,1.62339847e+01
5.30000000e-01,-1.96518486e-02,-4.87519203e-02,3.84987907e-02,-1.09655707e-01,0.00000000e+00,4.50351010e+01,1.01669782e-01,1.65498725e-02,9.96363863e+01,1.62188750e+01
5.32000000e-01,-1.97511595e-02,-5.05482980e-02,3.82691664e-02,-1.19934895e-01,0.00000000e+00,4.51009766e+01,1.01335634e-01,1.65925960e-02,9.93089217e+01,1.62607440e+01
5.34000000e-01,-1.98540036e-02,-5.22872628e-02,3.80191930e-02,-1.30001173e-01,0.00000000e+00,4.51642577e+01,1.01160604e-01,1.66437880e-02,9.91373923e+01,1.63109123e+01
5.36000000e-01,-1.99602694e-02,-5.39674984e-02,3.77492954e-02,-1.39866960e-01,0.00000000e+00,4.52249370e+01,1.00823866e-01,1.66319007e-02,9.88073882e+01,1.62992627e+01
5.38000000e-01,-2.00698325e-02,-5.55861760e-02,3.74598625e-02,-1.49526819e-01,0.00000000e+00,4.52830074e+01,1.00609902e-01,1.66665121e-02,9.85977041e+01,1.63331819e+01
5.40000000e-01,-2.01825699e-02,-5.71386227e-02,3.71513268e-02,-1.58978677e-01,0.00000000e+00,4.53384620e+01,1.00190142e-01,1.66316019e-02,9.81863390e+01,1.62989699e+01
5.42000000e-01,-2.02984558e-02,-5.87941776e-02,3.68240762e-02,-1.68237994e-01,0.00000000e+00,4.53912943e+01,1.03958709e-01,1.66069477e-02,1.01879535e+02,1.62748088e+01
5.44000000e-01,-2.04177856e-02,-6.05082538e-02,3.64785425e-02,-1.77245783e-01,0.00000000e+00,4.54414982e+01,1.02524642e-01,1.66696365e-02,1.00474149e+02,1.63362438e+01
5.46000000e-01,-2.05404500e-02,-6.21642298e-02,3.61154283e-02,-1.85750783e-01,0.00000000e+00,4.54890678e+01,1.03595680e-01,1.71470858e-02,1.01523766e+02,1.68041441e+01
5.48000000e-01,-2.06664288e-02,-6.37995970e-02,3.57357736e-02,-1.93904464e-01,0.00000000e+00,4.55339975e+01,1.03064730e-01,1.68680226e-02,1.01003435e+02,1.65306621e+01
5.50000000e-01,-2.07956040e-02,-6.53683082e-02,3.53398841e-02,-2.01947699e-01,0.00000000e+00,4.55762820e+01,1.03086164e-01,1.68166515e-02,1.01024441e+02,1.64803185e+01
5.52000000e-01,-2.09278752e-02,-6.68967791e-02,3.49281630e-02,-2.09720730e-01,0.00000000e+00,4.56159165e+01,1.03197923e-01,1.68502043e-02,1.01133964e+02,1.65132002e+01
5.54000000e-01,-2.10631712e-02,-6.83953427e-02,3.45012299e-02,-2.17150594e-01,0.00000000e+00,4.56528962e+01,1.03485636e-01,1.69301119e-02,1.01415923e+02,1.65915096e+01
5.56000000e-01,-2.12014353e-02,-6.98620262e-02,3.40597831e-02,-2.24246788e-01,0.00000000e+00,4.56872169e+01,1.03575640e-01,1.69228568e-02,1.01504127e+02,1.65843997e+01
5.58000000e-01,-2.13425904e-02,-7.12854340e-02,3.36044519e-02,-2.31029281e-01,0.00000000e+00,4.57188744e+01,1.03620844e-01,1.69408885e-02,1.01548427e+02,1.66020707e+01
5.60000000e-01,-2.14865509e-02,-7.26695614e-02,3.31358828e-02,-2.37486538e-01,0.00000000e+00,4.57478652e+01,1.03827279e-01,1.69387994e-02,1.01750733e+02,1.66000234e+01
5.62000000e-01,-2.16333673e-02,-7.42016904e-02,3.26547871e-02,-2.43521866e-01,0.00000000e+00,4.57741858e+01,1.08271718e-01,1.71417392e-02,1.06106284e+02,1.67989044e+01
5.64000000e-01,-2.17833961e-02,-7.57915804e-02,3.21619908e-02,-2.49263962e-01,0.00000000e+00,4.57978331e+01,1.06395090e-01,1.68526460e-02,1.04267188e+02,1.65155931e+01
5.66000000e-01,-2.19364901e-02,-7.73161087e-02,3.16580306e-02,-2.54557136e-01,0.00000000e+00,4.58188044e+01,1.07987969e-01,1.73663007e-02,1.05828210e+02,1.70189747e+01
5.68000000e-01,-2.20926709e-02,-7.88561230e-02,3.11440928e-02,-2.59354523e-01,0.00000000e+00,4.58370971e+01,1.08025582e-01,1.71610763e-02,1.05865070e+02,1.68178547e+01
5.70000000e-01,-2.22518899e-02,-8.03591550e-02,3.06207629e-02,-2.63926304e-01,0.00000000e+00,4.58527092e+01,1.08417387e-01,1.70941201e-02,1.06249039e+02,1.67522377e+01
5.72000000e-01,-2.24140963e-02,-8.18454012e-02,3.00886173e-02,-2.68153611e-01,0.00000000e+00,4.58656389e+01,1.08951402e-01,1.71256723e-02,1.06772374e+02,1.67831589e+01
5.74000000e-01,-2.25792649e-02,-8.33217773e-02,2.95484138e-02,-2.71983033e-01,0.00000000e+00,4.58758846e+01,1.09529033e-01,1.71591512e-02,1.07338453e+02,1.68159681e+01
5.76000000e-01,-2.27473748e-02,-8.47851758e-02,2.90009464e-02,-2.75420707e-01,0.00000000e+00,4.58834451e+01,1.10014490e-01,1.71672851e-02,1.07814201e+02,1.68239394e+01
5.78000000e-01,-2.29183945e-02,-8.62318639e-02,2.84469829e-02,-2.78480497e-01,0.00000000e+00,4.58883195e+01,1.10528720e-01,1.71622287e-02,1.08318145e+02,1.68189841e+01
5.80000000e-01,-2.30922923e-02,-8.76636216e-02,2.78872821e-02,-2.81153716e-01,0.00000000e+00,4.58905073e+01,1.11079326e-01,1.71802440e-02,1.08857740e+02,1.68366392e+01
5.82000000e-01,-2.32691604e-02,-8.92624282e-02,2.73227783e-02,-2.83211625e-01,0.00000000e+00,4.58900082e+01,1.15869741e-01,1.76482262e-02,1.13552347e+02,1.72952617e+01
5.84000000e-01,-2.34493743e-02,-9.09097443e-02,2.67546259e-02,-2.84984151e-01,0.00000000e+00,4.58868223e+01,1.13677106e-01,1.69683252e-02,1.11403564e+02,1.66289587e+01
5.86000000e-01,-2.36327534e-02,-9.24881515e-02,2.61830696e-02,-2.86414822e-01,0.00000000e+00,4.58809499e+01,1.15750127e-01,1.75499177e-02,1.13435125e+02,1.71989193e+01
5.88000000e-01,-2.38193586e-02,-9.41140248e-02,2.56093659e-02,-2.87246566e-01,0.00000000e+00,4.58723917e+01,1.16302923e-01,1.74062548e-02,1.13976865e+02,1.70581297e+01
5.90000000e-01,-2.40092009e-02,-9.57270309e-02,2.50342751e-02,-2.87790712e-01,0.00000000e+00,4.58611488e+01,1.16992599e-01,1.73322720e-02,1.14652747e+02,1.69856266e+01
5.92000000e-01,-2.42022685e-02,-9.73426501e-02,2.44584535e-02,-2.87959248e-01,0.00000000e+00,4.58472224e+01,1.17933459e-01,1.73721567e-02,1.15574790e+02,1.70247135e+01
5.94000000e-01,-2.43985768e-02,-9.89661672e-02,2.38827222e-02,-2.87701668e-01,0.00000000e+00,4.58306142e+01,1.18773047e-01,1.74041381e-02,1.16397586e+02,1.70560553e+01
5.96000000e-01,-2.45981375e-02,-1.00596237e-01,2.33079211e-02,-2.87032716e-01,0.00000000e+00,4.58113261e+01,1.19708986e-01,1.74142387e-02,1.17314806e+02,1.70659540e+01
5.98000000e-01,-2.48009663e-02,-1.02233171e-01,2.27348536e-02,-2.85970506e-01,0.00000000e+00,4.57893604e+01,1.20582541e-01,1.74105120e-02,1.18170890e+02,1.70623018e+01
6.00000000e-01,-2.50070735e-02,-1.03875139e-01,2.21643047e-02,-2.84509881e-01,0.00000000e+00,4.57647196e+01,1.21502410e-01,1.74348742e-02,1.19072362e+02,1.70861767e+01
6.02000000e-01,-2.52165765e-02,-1.05681534e-01,2.15972750e-02,-2.82357935e-01,0.00000000e+00,4.57374067e+01,1.26127821e-01,1.80507409e-02,1.23605265e+02,1.76897261e+01
6.04000000e-01,-2.54298208e-02,-1.07519560e-01,2.10350573e-02,-2.79929505e-01,0.00000000e+00,4.57074248e+01,1.23974659e-01,1.72110284e-02,1.21495165e+02,1.68668078e+01
6.06000000e-01,-2.56466058e-02,-1.09284139e-01,2.04777075e-02,-2.77275319e-01,0.00000000e+00,4.56747774e+01,1.26174107e-01,1.77273629e-02,1.23650624e+02,1.73728156e+01
6.08000000e-01,-2.58669937e-02,-1.11103325e-01,1.99263360e-02,-2.74051247e-01,0.00000000e+00,4.56394685e+01,1.27042330e-01,1.76182481e-02,1.24501483e+02,1.72658832e+01
6.10000000e-01,-2.60910181e-02,-1.12921048e-01,1.93816972e-02,-2.70535179e-01,0.00000000e+00,4.56015020e+01,1.27961254e-01,1.75607950e-02,1.25402029e+02,1.72095791e+01
6.12000000e-01,-2.63186846e-02,-1.14748745e-01,1.88444318e-02,-2.66664370e-01,0.00000000e+00,4.55608825e+01,1.29126476e-01,1.75937747e-02,1.26543947e+02,1.72418992e+01
6.14000000e-01,-2.65500247e-02,-1.16593881e-01,1.83152966e-02,-2.62408306e-01,0.00000000e+00,4.55176146e+01,1.30249724e-01,1.76118281e-02,1.27644729e+02,1.72595915e+01
6.16000000e-01,-2.67850689e-02,-1.18452185e-01,1.77950429e-02,-2.57785821e-01,0.00000000e+00,4.54717036e+01,1.31345322e-01,1.76178092e-02,1.28718415e+02,1.72654530e+01
6.18000000e-01,-2.70238416e-02,-1.20322716e-01,1.72843892e-02,-2.52809597e-01,0.00000000e+00,4.54231547e+01,1.32476977e-01,1.76228145e-02,1.29827437e+02,1.72703582e+01
6.20000000e-01,-2.72663679e-02,-1.22205429e-01,1.67840349e-02,-2.47487825e-01,0.00000000e+00,4.53719736e+01,1.33602103e-01,1.76261738e-02,1.30930061e+02,1.72736503e+01
6.22000000e-01,-2.75127438e-02,-1.24208867e-01,1.62948223e-02,-2.41589532e-01,0.00000000e+00,4.53181664e+01,1.37301236e-01,1.81317062e-02,1.34555212e+02,1.77690720e+01
6.24000000e-01,-2.77632106e-02,-1.26223290e-01,1.58178294e-02,-2.35462349e-01,0.00000000e+00,4.52617393e+01,1.35895042e-01,1.74226708e-02,1.33177141e+02,1.70742174e+01
6.26000000e-01,-2.80175957e-02,-1.28175889e-01,1.53530746e-02,-2.29182527e-01,0.00000000e+00,4.52026989e+01,1.37925274e-01,1.77856413e-02,1.35166769e+02,1.74299285e+01
6.28000000e-01,-2.82759408e-02,-1.30168459e-01,1.49013953e-02,-2.22458614e-01,0.00000000e+00,4.51410522e+01,1.38929848e-01,1.77068342e-02,1.36151251e+02,1.73526975e+01
6.30000000e-01,-2.85382696e-02,-1.32161064e-01,1.44634063e-02,-2.15485569e-01,0.00000000e+00,4.50768063e+01,1.40059452e-01,1.76800438e-02,1.37258263e+02,1.73264429e+01
6.32000000e-01,-2.88045912e-02,-1.34162855e-01,1.40396433e-02,-2.08227193e-01,0.00000000e+00,4.50099688e+01,1.41310373e-01,1.76974244e-02,1.38484165e+02,1.73434759e+01
6.34000000e-01,-2.90749291e-02,-1.36176766e-01,1.36306920e-02,-2.00677083e-01,0.00000000e+00,4.49405476e+01,1.42541280e-01,1.77051179e-02,1.39690454e+02,1.73510155e+01
6.36000000e-01,-2.93493047e-02,-1.38200348e-01,1.32371205e-02,-1.92848728e-01,0.00000000e+00,4.48685507e+01,1.43767935e-01,1.77160382e-02,1.40892577e+02,1.73617175e+01
6.38000000e-01,-2.96277342e-02,-1.40229518e-01,1.28594713e-02,-1.84759113e-01,0.00000000e+00,4.47939866e+01,1.44936458e-01,1.77107191e-02,1.42037729e+02,1.73565047e+01
6.40000000e-01,-2.99102273e-02,-1.42265363e-01,1.24982565e-02,-1.76410856e-01,0.00000000e+00,4.47168640e+01,1.46221662e-01,1.77395176e-02,1.43297229e+02,1.73847273e+01
6.42000000e-01,-3.01968175e-02,-1.44333969e-01,1.21540169e-02,-1.67779088e-01,0.00000000e+00,4.46371919e+01,1.48033104e-01,1.78105341e-02,1.45072442e+02,1.74543234e+01
6.44000000e-01,-3.04875493e-02,-1.46381746e-01,1.18272523e-02,-1.58979087e-01,0.00000000e+00,4.45549797e+01,1.48099849e-01,1.76222458e-02,1.45137852e+02,1.72698009e+01
6.46000000e-01,-3.07823194e-02,-1.48391818e-01,1.15182167e-02,-1.50004900e-01,0.00000000e+00,4.44702370e+01,1.49550143e-01,1.77310268e-02,1.46559140e+02,1.73764062e+01
6.48000000e-01,-3.10811174e-02,-1.50403198e-01,1.12273885e-02,-1.40796960e-01,0.00000000e+00,4.43829737e+01,1.50561342e-01,1.76936797e-02,1.47550115e+02,1.73398061e+01
6.50000000e-01,-3.13839251e-02,-1.52404080e-01,1.09551403e-02,-1.31421897e-01,0.00000000e+00,4.42932001e+01,1.51768579e-01,1.76890766e-02,1.48733207e+02,1.73352951e+01
6.52000000e-01,-3.16907303e-02,-1.54399846e-01,1.07018180e-02,-1.21871342e-01,0.00000000e+00,4.42009266e+01,1.52938179e-01,1.76962620e-02,1.49879415e+02,1.73423367e+01
6.54000000e-01,-3.20015204e-02,-1.56389456e-01,1.04677697e-02,-1.12148701e-01,0.00000000e+00,4.41061640e+01,1.54153650e-01,1.77119740e-02,1.51070577e+02,1.73577345e+01
6.56000000e-01,-3.23162836e-02,-1.58372303e-01,1.02533279e-02,-1.02268897e-01,0.00000000e+00,4.40089236e+01,1.55341546e-01,1.77157799e-02,1.52234715e+02,1.73614643e+01
6.58000000e-01,-3.26350033e-02,-1.60345635e-01,1.00587857e-02,-9.22516790e-02,0.00000000e+00,4.39092165e+01,1.56525037e-01,1.77184082e-02,1.53394536e+02,1.73640400e+01
6.60000000e-01,-3.29576597e-02,-1.62309332e-01,9.88440134e-03,-8.21143135e-02,0.00000000e+00,4.38070546e+01,1.57742325e-01,1.77147191e-02,1.54587479e+02,1.73604247e+01
6.62000000e-01,-3.32841873e-02,-1.64192998e-01,9.73024685e-03,-7.20993200e-02,0.00000000e+00,4.37024498e+01,1.57312658e-01,1.72372166e-02,1.54166405e+02,1.68924723e+01
6.64000000e-01,-3.36143959e-02,-1.66022995e-01,9.59607233e-03,-6.19819600e-02,0.00000000e+00,4.35954143e+01,1.59176368e-01,1.77338171e-02,1.55992840e+02,1.73791408e+01
6.66000000e-01,-3.39482732e-02,-1.67843862e-01,9.48247275e-03,-5.16340133e-02,0.00000000e+00,4.34859606e+01,1.59817359e-01,1.75547031e-02,1.56621012e+02,1.72036090e+01
6.68000000e-01,-3.42857381e-02,-1.69614832e-01,9.38951052e-03,-4.13247007e-02,0.00000000e+00,4.33741017e+01,1.60757977e-01,1.75157142e-02,1.57542818e+02,1.71653999e+01
6.70000000e-01,-3.46267126e-02,-1.71355906e-01,9.31721193e-03,-3.09584171e-02,0.00000000e+00,4.32598505e+01,1.61895117e-01,1.75667771e-02,1.58657215e+02,1.72154415e+01
6.72000000e-01,-3.49711419e-02,-1.73067169e-01,9.26571778e-03,-2.05307465e-02,0.00000000e+00,4.31432204e+01,1.62866013e-01,1.75667482e-02,1.59608692e+02,1.72154132e+01
6.74000000e-01,-3.53189564e-02,-1.74741224e-01,9.23510457e-03,-1.00796408e-02,0.00000000e+00,4.30242252e+01,1.63858118e-01,1.75679698e-02,1.60580956e+02,1.72166104e+01
6.76000000e-01,-3.56700825e-02,-1.76378835e-01,9.22541183e-03,3.90392374e-04,0.00000000e+00,4.29028788e+01,1.64874059e-01,1.75883580e-02,1.61576577e+02,1.72365908e+01
6.78000000e-01,-3.60244480e-02,-1.77980791e-01,9.23666854e-03,1.08640193e-02,0.00000000e+00,4.27791953e+01,1.65911153e-01,1.75873182e-02,1.62592930e+02,1.72355719e+01
6.80000000e-01,-3.63819799e-02,-1.79544081e-01,9.26885262e-03,2.13147153e-02,0.00000000e+00,4.26531892e+01,1.66882753e-01,1.75819355e-02,1.63545098e+02,1.72302968e+01
6.82000000e-01,-3.67424851e-02,-1.80898585e-01,9.32156366e-03,3.12198934e-02,0.00000000e+00,4.25248753e+01,1.63969492e-01,1.65134619e-02,1.60690103e+02,1.61831927e+01
6.84000000e-01,-3.71055200e-02,-1.82171713e-01,9.39377923e-03,4.11955646e-02,0.00000000e+00,4.23942687e+01,1.67939722e-01,1.78290756e-02,1.64580927e+02,1.74724940e+01
6.86000000e-01,-3.74711795e-02,-1.83456210e-01,9.48652437e-03,5.14389204e-02,0.00000000e+00,4.22613846e+01,1.67214749e-01,1.72035992e-02,1.63870454e+02,1.68595272e+01
6.88000000e-01,-3.78392631e-02,-1.84618163e-01,9.59930307e-03,6.13345402e-02,0.00000000e+00,4.21262385e+01,1.68076177e-01,1.72562486e-02,1.64714653e+02,1.69111236e+01
6.90000000e-01,-3.82096178e-02,-1.85728514e-01,9.73185599e-03,7.12203369e-02,0.00000000e+00,4.19888464e+01,1.69027707e-01,1.73683074e-02,1.65647153e+02,1.70209413e+01
6.92000000e-01,-3.85821419e-02,-1.86785973e-01,9.88415617e-03,8.10637670e-02,0.00000000e+00,4.18492243e+01,1.69876861e-01,1.73808685e-02,1.66479324e+02,1.70332511e+01
6.94000000e-01,-3.89567193e-02,-1.87779839e-01,1.00560372e-02,9.07963932e-02,0.00000000e+00,4.17073885e+01,1.70595401e-01,1.73772933e-02,1.67183493e+02,1.70297475e+01
6.96000000e-01,-3.93332143e-02,-1.88703309e-01,1.02472562e-02,1.00400794e-01,0.00000000e+00,4.15633556e+01,1.71301472e-01,1.73809646e-02,1.67875442e+02,1.70333453e+01
6.98000000e-01,-3.97114863e-02,-1.89557391e-01,1.04575439e-02,1.09860598e-01,0.00000000e+00,4.14171426e+01,1.72058430e-01,1.73703226e-02,1.68617262e+02,1.70229162e+01
7.00000000e-01,-4.00913984e-02,-1.90343302e-01,1.06865998e-02,1.19172099e-01,0.00000000e+00,4.12687665e+01,1.72806538e-01,1.73930888e-02,1.69350407e+02,1.70452270e+01
7.02000000e-01,-4.04726305e-02,-1.90785731e-01,1.09335777e-02,1.27501772e-01,0.00000000e+00,4.11182447e+01,1.67142048e-01,1.56587667e-02,1.63799207e+02,1.53455913e+01
7.04000000e-01,-4.08544648e-02,-1.91113327e-01,1.11966166e-02,1.35845997e-01,0.00000000e+00,4.09655949e+01,1.73239132e-01,1.77961239e-02,1.69774350e+02,1.74402015e+01
7.06000000e-01,-4.12371163e-02,-1.91489776e-01,1.14772103e-02,1.44563191e-01,0.00000000e+00,4.08108349e+01,1.71405575e-01,1.68388430e-02,1.67977463e+02,1.65020662e+01
7.08000000e-01,-4.16203018e-02,-1.91683155e-01,1.17744708e-02,1.52682563e-01,0.00000000e+00,4.06539828e+01,1.72088482e-01,1.69626321e-02,1.68646712e+02,1.66233794e+01
7.10000000e-01,-4.20037952e-02,-1.91795943e-01,1.20878687e-02,1.60694203e-01,0.00000000e+00,4.04950570e+01,1.72652405e-01,1.70571479e-02,1.69199357e+02,1.67160049e+01
7.12000000e-01,-4.23874277e-02,-1.91821885e-01,1.24171316e-02,1.68531921e-01,0.00000000e+00,4.03340762e+01,1.73190632e-01,1.70647288e-02,1.69726819e+02,1.67234342e+01
7.14000000e-01,-4.27710214e-02,-1.91755832e-01,1.27618466e-02,1.76144917e-01,0.00000000e+00,4.01710591e+01,1.73634331e-01,1.70747855e-02,1.70161644e+02,1.67332898e+01
7.16000000e-01,-4.31543854e-02,-1.91591274e-01,1.31215543e-02,1.83522495e-01,0.00000000e+00,4.00060249e+01,1.74018939e-01,1.70814236e-02,1.70538560e+02,1.67397951e+01
7.18000000e-01,-4.35373208e-02,-1.91328193e-01,1.34957780e-02,1.90662188e-01,0.00000000e+00,3.98389928e+01,1.74459117e-01,1.71071413e-02,1.70969935e+02,1.67649985e+01
7.20000000e-01,-4.39196341e-02,-1.90969084e-01,1.38840371e-02,1.97552887e-01,0.00000000e+00,3.96699825e+01,1.74897330e-01,1.71106122e-02,1.71399384e+02,1.67684000e+01
7.22000000e-01,-4.43008926e-02,-1.90153199e-01,1.42851252e-02,2.03147347e-01,0.00000000e+00,3.94990137e+01,1.66900568e-01,1.49568732e-02,1.63562556e+02,1.46577357e+01
7.24000000e-01,-4.46801541e-02,-1.89198065e-01,1.46966106e-02,2.08717956e-01,0.00000000e+00,3.93261065e+01,1.74743743e-01,1.76462654e-02,1.71248868e+02,1.72933401e+01
7.26000000e-01,-4.50577414e-02,-1.88327607e-01,1.51202761e-02,2.14707161e-01,0.00000000e+00,3.91512811e+01,1.71964862e-01,1.64382012e-02,1.68525564e+02,1.61094372e+01
7.28000000e-01,-4.54333112e-02,-1.87227197e-01,1.55549405e-02,2.19948229e-01,0.00000000e+00,3.89745580e+01,1.72440660e-01,1.66947319e-02,1.68991847e+02,1.63608372e+01
7.30000000e-01,-4.58065839e-02,-1.86027397e-01,1.59999720e-02,2.25043768e-01,0.00000000e+00,3.87959578e+01,1.72694353e-01,1.67663989e-02,1.69240466e+02,1.64310709e+01
7.32000000e-01,-4.61773445e-02,-1.84713196e-01,1.64549390e-02,2.29874556e-01,0.00000000e+00,3.86155015e+01,1.72799309e-01,1.67869806e-02,1.69343322e+02,1.64512410e+01
7.34000000e-01,-4.65453549e-02,-1.83276317e-01,1.69192677e-02,2.34401613e-01,0.00000000e+00,3.84332102e+01,1.72837634e-01,1.67903227e-02,1.69380882e+02,1.64545162e+01
7.36000000e-01,-4.69103548e-02,-1.81696948e-01,1.73922690e-02,2.38514046e-01,2.63089887e-03,3.82491053e+01,1.72455626e-01,1.65906888e-02,1.69006514e+02,1.62588750e+01
7.38000000e-01,-4.72720517e-02,-1.79981094e-01,1.78730740e-02,2.42251774e-01,3.04710986e-02,3.80632083e+01,1.72607894e-01,1.66891388e-02,1.69155736e+02,1.63553560e+01
7.40000000e-01,-4.76302012e-02,-1.78148322e-01,1.83610826e-02,2.45699307e-01,5.83112983e-02,3.78755410e+01,1.72654635e-01,1.66772933e-02,1.69201542e+02,1.63437475e+01
7.42000000e-01,-4.79842678e-02,-1.75749784e-01,1.88548202e-02,2.47570452e-01,8.61514979e-02,3.76861253e+01,1.62286888e-01,1.40846831e-02,1.59041150e+02,1.38029895e+01
7.44000000e-01,-4.83330946e-02,-1.73192675e-01,1.93513210e-02,2.49376348e-01,1.13991698e-01,3.74949835e+01,1.71807715e-01,1.72490674e-02,1.68371561e+02,1.69040860e+01
7.46000000e-01,-4.86771185e-02,-1.70755562e-01,1.98526374e-02,2.51649956e-01,1.41831897e-01,3.73021380e+01,1.67908875e-01,1.57815309e-02,1.64550698e+02,1.54659003e+01
7.48000000e-01,-4.90159300e-02,-1.68038156e-01,2.03573093e-02,2.53006353e-01,1.69672097e-01,3.71076112e+01,1.68034839e-01,1.60442389e-02,1.64674142e+02,1.57233541e+01
7.50000000e-01,-4.93491873e-02,-1.65195051e-01,2.08645334e-02,2.54168723e-01,1.97512297e-01,3.69114260e+01,1.67703596e-01,1.60983811e-02,1.64349524e+02,1.57764135e+01
7.52000000e-01,-4.96766128e-02,-1.62205790e-01,2.13737572e-02,2.54990646e-01,2.25352496e-01,3.67136054e+01,1.67304535e-01,1.60567399e-02,1.63958444e+02,1.57356051e+01
7.54000000e-01,-4.99979084e-02,-1.59063549e-01,2.18842365e-02,2.55423431e-01,2.53192696e-01,3.65141725e+01,1.66764388e-01,1.60106330e-02,1.63429100e+02,1.56904203e+01
7.56000000e-01,-5.03127659e-02,-1.55769736e-01,2.23951957e-02,2.55473413e-01,2.81032896e-01,3.63131507e+01,1.66346305e-01,1.59831314e-02,1.63019379e+02,1.56634687e+01
7.58000000e-01,-5.06208884e-02,-1.52327496e-01,2.29058820e-02,2.55151109e-01,3.08873095e-01,3.61105635e+01,1.65825287e-01,1.59588632e-02,1.62508781e+02,1.56396860e+01
7.60000000e-01,-5.09219729e-02,-1.48730681e-01,2.34155436e-02,2.54444055e-01,3.36713295e-01,3.59064347e+01,1.65206701e-01,1.59038899e-02,1.61902567e+02,1.55858121e+01
7.62000000e-01,-5.12153725e-02,-1.44475896e-01,2.39224871e-02,2.51980636e-01,3.64553495e-01,3.57007881e+01,1.52861948e-01,1.29972489e-02,1.49804709e+02,1.27373039e+01
7.64000000e-01,-5.14997829e-02,-1.40080804e-01,2.44234752e-02,2.49530713e-01,3.92393695e-01,3.54936478e+01,1.64268361e-01,1.66491292e-02,1.60982993e+02,1.63161466e+01
7.66000000e-01,-5.17758323e-02,-1.35890661e-01,2.49210552e-02,2.47748631e-01,4.20233894e-01,3.52850381e+01,1.59921299e-01,1.51104806e-02,1.56722873e+02,1.48082710e+01
7.68000000e-01,-5.20431506e-02,-1.31408139e-01,2.54138468e-02,2.45032169e-01,4.48074094e-01,3.50749834e+01,1.59636648e-01,1.53929578e-02,1.56443915e+02,1.50850987e+01
7.70000000e-01,-5.23013803e-02,-1.26798803e-01,2.59010648e-02,2.42137172e-01,4.75914294e-01,3.48635084e+01,1.59084721e-01,1.54329220e-02,1.55903027e+02,1.51242636e+01
7.72000000e-01,-5.25502490e-02,-1.22044213e-01,2.63821813e-02,2.38920859e-01,5.03754493e-01,3.46506377e+01,1.58293322e-01,1.54071124e-02,1.55127455e+02,1.50989702e+01
7.74000000e-01,-5.27894549e-02,-1.17136263e-01,2.68565010e-02,2.35333704e-01,5.31594693e-01,3.44363963e+01,1.57473727e-01,1.53335623e-02,1.54324252e+02,1.50268911e+01
7.76000000e-01,-5.30186932e-02,-1.12077031e-01,2.73232733e-02,2.31382391e-01,5.59434893e-01,3.42208093e+01,1.56650149e-01,1.53111525e-02,1.53517146e+02,1.50049295e+01
7.78000000e-01,-5.32376662e-02,-1.06872527e-01,2.77818083e-02,2.27097765e-01,5.87275092e-01,3.40039019e+01,1.55887796e-01,1.52907124e-02,1.52770041e+02,1.49848982e+01
7.80000000e-01,-5.34460854e-02,-1.01521199e-01,2.82314451e-02,2.22484329e-01,6.15115292e-01,3.37856996e+01,1.54942369e-01,1.52651799e-02,1.51843522e+02,1.49598763e+01
7.82000000e-01,-5.36432896e-02,-9.54778840e-02,2.86706016e-02,2.16155081e-01,6.42955492e-01,3.35662278e+01,1.41351569e-01,1.23189601e-02,1.38524538e+02,1.20725809e+01
7.84000000e-01,-5.38279307e-02,-8.93352101e-02,2.90961346e-02,2.09929480e-01,6.70795691e-01,3.33455124e+01,1.54153656e-01,1.60934048e-02,1.51070583e+02,1.57715367e+01
7.86000000e-01,-5.40008227e-02,-8.34807852e-02,2.95108475e-02,2.04495867e-01,6.98635891e-01,3.31235790e+01,1.49522133e-01,1.45758913e-02,1.46531691e+02,1.42843734e+01
7.88000000e-01,-5.41616658e-02,-7.73442977e-02,2.99135252e-02,1.98172967e-01,7.26476091e-01,3.29004538e+01,1.48900579e-01,1.48046209e-02,1.45922567e+02,1.45085285e+01
7.90000000e-01,-5.43101248e-02,-7.10952934e-02,3.03034540e-02,1.91722074e-01,7.54316291e-01,3.26761629e+01,1.48130252e-01,1.48668944e-02,1.45167647e+02,1.45695566e+01
7.92000000e-01,-5.44459644e-02,-6.47224049e-02,3.06802503e-02,1.85026502e-01,7.82156490e-01,3.24507324e+01,1.47140549e-01,1.48320322e-02,1.44197738e+02,1.45353916e+01
7.94000000e-01,-5.45689221e-02,-5.82110283e-02,3.10433555e-02,1.78024185e-01,8.09996690e-01,3.22241889e+01,1.45924368e-01,1.47445966e-02,1.43005880e+02,1.44497047e+01
7.96000000e-01,-5.46787197e-02,-5.15664881e-02,3.13921579e-02,1.70738115e-01,8.37836890e-01,3.19965588e+01,1.44952215e-01,1.47376772e-02,1.42053171e+02,1.44429236e+01
7.98000000e-01,-5.47751061e-02,-4.47989484e-02,3.17261366e-02,1.63195044e-01,8.65677089e-01,3.17678688e+01,1.43864560e-01,1.46853274e-02,1.40987268e+02,1.43916209e+01
8.00000000e-01,-5.48578349e-02,-3.79105136e-02,3.20447663e-02,1.55394414e-01,8.93517289e-01,3.15381457e+01,1.42830591e-01,1.46554100e-02,1.39973979e+02,1.43623018e+01
8.02000000e-01,-5.49262760e-02,-3.03139687e-02,3.23466015e-02,1.45924787e-01,9.21357489e-01,3.13074163e+01,1.27906732e-01,1.16169499e-02,1.25348598e+02,1.13846109e+01
8.04000000e-01,-5.49790661e-02,-2.26804679e-02,3.26286332e-02,1.36706511e-01,9.49197688e-01,3.10757078e+01,1.42429961e-01,1.55899071e-02,1.39581361e+02,1.52781090e+01
8.06000000e-01,-5.50172689e-02,-1.54534822e-02,3.28941010e-02,1.28498482e-01,9.77037888e-01,3.08430472e+01,1.37746986e-01,1.41199394e-02,1.34992047e+02,1.38375407e+01
8.08000000e-01,-5.50407169e-02,-7.98175340e-03,3.31420962e-02,1.19494242e-01,1.00487809e+00,3.06094617e+01,1.36932821e-01,1.42766152e-02,1.34194165e+02,1.39910829e+01
8.10000000e-01,-5.50491496e-02,-4.40507613e-04,3.33720551e-02,1.10455649e-01,1.03271829e+00,3.03749788e+01,1.36222135e-01,1.43800283e-02,1.33497692e+02,1.40924277e+01
8.12000000e-01,-5.50424273e-02,7.17813827e-03,3.35838439e-02,1.01304687e-01,1.06055849e+00,3.01396258e+01,1.35100345e-01,1.43470323e-02,1.32398338e+02,1.40600917e+01
8.14000000e-01,-5.50203720e-02,1.48943224e-02,3.37771401e-02,9.19531445e-02,1.08839869e+00,2.99034304e+01,1.33794307e-01,1.42389477e-02,1.31118421e+02,1.39541688e+01
8.16000000e-01,-5.49827881e-02,2.27033818e-02,3.39515299e-02,8.24116808e-02,1.11623889e+00,2.96664202e+01,1.32655105e-01,1.42014003e-02,1.30002003e+02,1.39173723e+01
8.18000000e-01,-5.49295057e-02,3.05915132e-02,3.41066941e-02,7.27312286e-02,1.14407909e+00,2.94286230e+01,1.31543791e-01,1.41728164e-02,1.28912915e+02,1.38893601e+01
8.20000000e-01,-5.48603717e-02,3.85551947e-02,3.42423711e-02,6.29252501e-02,1.17191929e+00,2.91900665e+01,1.30357793e-01,1.41357388e-02,1.27750637e+02,1.38530240e+01
8.22000000e-01,-5.47748333e-02,4.71963587e-02,3.43573936e-02,5.16171382e-02,1.19975949e+00,2.89507788e+01,1.15048951e-01,1.11885737e-02,1.12747972e+02,1.09648022e+01
8.24000000e-01,-5.46716110e-02,5.58004589e-02,3.44491085e-02,4.07121396e-02,1.22759969e+00,2.87107879e+01,1.30417282e-01,1.51175973e-02,1.27808937e+02,1.48152454e+01
8.26000000e-01,-5.45519704e-02,6.38961263e-02,3.45210097e-02,3.09584858e-02,1.25543988e+00,2.84701218e+01,1.25985836e-01,1.37118511e-02,1.23466119e+02,1.34376141e+01
8.28000000e-01,-5.44159008e-02,7.21802408e-02,3.45724918e-02,2.05289445e-02,1.28328008e+00,2.82288088e+01,1.24936785e-01,1.37767133e-02,1.22438049e+02,1.35011791e+01
8.30000000e-01,-5.42632368e-02,8.04832505e-02,3.46031846e-02,1.01880343e-02,1.31112028e+00,2.79868770e+01,1.24331962e-01,1.39459656e-02,1.21845322e+02,1.36670463e+01
8.32000000e-01,-5.40939557e-02,8.88044553e-02,3.46132626e-02,-1.24894435e-04,1.33896048e+00,2.77443549e+01,1.23163663e-01,1.38540467e-02,1.20700390e+02,1.35769658e+01
8.34000000e-01,-5.39079923e-02,9.71656998e-02,3.46026273e-02,-1.05244287e-02,1.36680068e+00,2.75012708e+01,1.21912369e-01,1.37532261e-02,1.19474122e+02,1.34781616e+01
8.36000000e-01,-5.37052707e-02,1.05560272e-01,3.45711354e-02,-2.09681785e-02,1.39464088e+00,2.72576532e+01,1.20764267e-01,1.37205126e-02,1.18348982e+02,1.34461023e+01
8.38000000e-01,-5.34857386e-02,1.13973803e-01,3.45187566e-02,-3.14088054e-02,1.42248108e+00,2.70135307e+01,1.19711569e-01,1.36892163e-02,1.17317337e+02,1.34154320e+01
8.40000000e-01,-5.32493626e-02,1.22406682e-01,3.44455062e-02,-4.18403608e-02,1.45032128e+00,2.67689317e+01,1.18416983e-01,1.36391685e-02,1.16048644e+02,1.33663851e+01
8.42000000e-01,-5.29956651e-02,1.31509642e-01,3.43504940e-02,-5.36234616e-02,1.47816148e+00,2.65238850e+01,1.02018784e-01,1.07212140e-02,9.99784085e+01,1.05067897e+01
8.44000000e-01,-5.27234045e-02,1.40491961e-01,3.42313903e-02,-6.48399519e-02,1.50600168e+00,2.62784193e+01,1.19051263e-01,1.46631759e-02,1.16670238e+02,1.43699124e+01
8.46000000e-01,-5.24341371e-02,1.48814580e-01,3.40920384e-02,-7.47001453e-02,1.53384188e+00,2.60325632e+01,1.15106647e-01,1.33729569e-02,1.12804514e+02,1.31054978e+01
8.48000000e-01,-5.21280743e-02,1.57244902e-01,3.39322597e-02,-8.50552673e-02,1.56168208e+00,2.57863456e+01,1.14070462e-01,1.34003010e-02,1.11789053e+02,1.31322950e+01
8.50000000e-01,-5.18051942e-02,1.65620197e-01,3.37519671e-02,-9.51858359e-02,1.58952228e+00,2.55397954e+01,1.13791013e-01,1.35908895e-02,1.11515193e+02,1.33190717e+01
8.52000000e-01,-5.14656342e-02,1.73934511e-01,3.35516568e-02,-1.05105745e-01,1.61736248e+00,2.52929413e+01,1.12757428e-01,1.35603757e-02,1.10502279e+02,1.32891682e+01
8.54000000e-01,-5.11094726e-02,1.82224114e-01,3.33315859e-02,-1.14963033e-01,1.64520268e+00,2.50458123e+01,1.11494860e-01,1.34119676e-02,1.09264963e+02,1.31437283e+01
8.56000000e-01,-5.07367613e-02,1.90478359e-01,3.30918467e-02,-1.24757381e-01,1.67304288e+00,2.47984373e+01,1.10574860e-01,1.33540068e-02,1.08363363e+02,1.30869267e+01
8.58000000e-01,-5.03475996e-02,1.98671977e-01,3.28326662e-02,-1.34386890e-01,1.70088308e+00,2.45508454e+01,1.09768197e-01,1.33916525e-02,1.07572833e+02,1.31238195e+01
8.60000000e-01,-4.99421108e-02,2.06809472e-01,3.25544042e-02,-1.43858743e-01,1.72872328e+00,2.43030654e+01,1.08609411e-01,1.32912841e-02,1.06437223e+02,1.30254584e+01
8.62000000e-01,-4.95199680e-02,2.15537463e-01,3.22564760e-02,-1.54463311e-01,1.75656348e+00,2.40551265e+01,9.25586363e-02,1.05926359e-02,9.07074635e+01,1.03807832e+01
8.64000000e-01,-4.90800934e-02,2.24066904e-01,3.19369528e-02,-1.64465398e-01,1.78440368e+00,2.38070576e+01,1.09694085e-01,1.41037592e-02,1.07500203e+02,1.38216840e+01
8.66000000e-01,-4.86242058e-02,2.31838306e-01,3.15995612e-02,-1.73047321e-01,1.81224388e+00,2.35588877e+01,1.06582112e-01,1.30950237e-02,1.04450470e+02,1.28331232e+01
8.68000000e-01,-4.81527389e-02,2.39611617e-01,3.12445870e-02,-1.81893996e-01,1.84008408e+00,2.33106461e+01,1.05832581e-01,1.30445646e-02,1.03715929e+02,1.27836733e+01
8.70000000e-01,-4.76658462e-02,2.47254593e-01,3.08722210e-02,-1.90387160e-01,1.86792428e+00,2.30623616e+01,1.05684339e-01,1.33085948e-02,1.03570652e+02,1.30424229e+01
8.72000000e-01,-4.71638056e-02,2.54769932e-01,3.04832616e-02,-1.98545469e-01,1.89576448e+00,2.28140635e+01,1.04747590e-01,1.31951078e-02,1.02652638e+02,1.29312056e+01
8.74000000e-01,-4.66468387e-02,2.62176968e-01,3.00781552e-02,-2.06529678e-01,1.92360468e+00,2.25657807e+01,1.04025264e-01,1.30985817e-02,1.01944758e+02,1.28366100e+01
8.76000000e-01,-4.61151768e-02,2.69465355e-01,2.96572842e-02,-2.14301971e-01,1.95144488e+00,2.23175423e+01,1.03209823e-01,1.30418613e-02,1.01145627e+02,1.27810241e+01
8.78000000e-01,-4.55690594e-02,2.76630584e-01,2.92211246e-02,-2.21808263e-01,1.97928508e+00,2.20693775e+01,1.02474372e-01,1.30369188e-02,1.00424884e+02,1.27761804e+01
8.80000000e-01,-4.50087425e-02,2.83663867e-01,2.87702372e-02,-2.29035392e-01,2.00712528e+00,2.18213152e+01,1.01747863e-01,1.29866665e-02,9.97129055e+01,1.27269332e+01
8.82000000e-01,-4.44341070e-02,2.91142506e-01,2.83044938e-02,-2.36996268e-01,2.03496548e+00,2.15733846e+01,8.74064714e-02,1.08345689e-02,8.56583420e+01,1.06178776e+01
8.84000000e-01,-4.38443495e-02,2.98355605e-01,2.78226759e-02,-2.44321764e-01,2.05881211e+00,2.13256146e+01,1.03169015e-01,1.36352117e-02,1.01105635e+02,1.33625075e+01
8.86000000e-01,-4.32412125e-02,3.04776777e-01,2.73280979e-02,-2.50310585e-01,2.07241501e+00,2.10780343e+01,1.01014343e-01,1.29361317e-02,9.89940561e+01,1.26774090e+01
8.88000000e-01,-4.26253152e-02,3.11088746e-01,2.68214362e-02,-2.56295355e-01,2.08601791e+00,2.08306727e+01,1.00718953e-01,1.29223810e-02,9.87045743e+01,1.26639333e+01
8.90000000e-01,-4.19969942e-02,3.17195739e-01,2.63032068e-02,-2.61844785e-01,2.09962080e+00,2.05835586e+01,1.00700042e-01,1.31118827e-02,9.86860409e+01,1.28496451e+01
8.92000000e-01,-4.13566670e-02,3.23100575e-01,2.57743308e-02,-2.66983703e-01,2.11322370e+00,2.03367212e+01,1.00239863e-01,1.30306261e-02,9.82350661e+01,1.27700135e+01
8.94000000e-01,-4.07047202e-02,3.28812991e-01,2.52354792e-02,-2.71811732e-01,2.12682660e+00,2.00901892e+01,9.98978342e-02,1.29966458e-02,9.78998775e+01,1.27367129e+01
8.96000000e-01,-4.00415465e-02,3.34328278e-01,2.46873099e-02,-2.76300711e-01,2.14042950e+00,1.98439915e+01,9.94552272e-02,1.29610485e-02,9.74661227e+01,1.27018275e+01
8.98000000e-01,-3.93675437e-02,3.39638659e-01,2.41305149e-02,-2.80431973e-01,2.15403239e+00,1.95981570e+01,9.92057037e-02,1.29537850e-02,9.72215896e+01,1.26947093e+01
9.00000000e-01,-3.86831344e-02,3.44735231e-01,2.35658349e-02,-2.84184040e-01,2.16763529e+00,1.93527145e+01,9.88853158e-02,1.29518511e-02,9.69076095e+01,1.26928141e+01
9.02000000e-01,-3.79884569e-02,3.50050664e-01,2.29936362e-02,-2.88149916e-01,2.18123819e+00,1.91076926e+01,8.84419063e-02,1.16891347e-02,8.66730682e+01,1.14553520e+01
9.04000000e-01,-3.72831409e-02,3.55052321e-01,2.24136210e-02,-2.91537225e-01,2.19484109e+00,1.88631202e+01,1.00481020e-01,1.33391906e-02,9.84713997e+01,1.30724068e+01
9.06000000e-01,-3.65687270e-02,3.59334794e-01,2.18281347e-02,-2.93953476e-01,2.20844398e+00,1.86190258e+01,9.94329840e-02,1.28919603e-02,9.74443243e+01,1.26341210e+01
9.08000000e-01,-3.58459380e-02,3.63412889e-01,2.12379272e-02,-2.96189564e-01,2.22204688e+00,1.83754380e+01,9.93733044e-02,1.28751380e-02,9.73858383e+01,1.26176353e+01
9.10000000e-01,-3.51152515e-02,3.67226921e-01,2.06436815e-02,-2.97968159e-01,2.23564978e+00,1.81323853e+01,9.96543698e-02,1.30040785e-02,9.76612824e+01,1.27439969e+01
9.12000000e-01,-3.43772096e-02,3.70772121e-01,2.00463512e-02,-2.99301816e-01,2.24925268e+00,1.78898962e+01,9.96450262e-02,1.29563043e-02,9.76521257e+01,1.26971782e+01
9.14000000e-01,-3.36323336e-02,3.74061513e-01,1.94467121e-02,-3.00278606e-01,2.26285557e+00,1.76479991e+01,9.95649136e-02,1.28969368e-02,9.75736153e+01,1.26389980e+01
9.16000000e-01,-3.28811344e-02,3.77094623e-01,1.88454825e-02,-3.00886890e-01,2.27645847e+00,1.74067223e+01,9.95139652e-02,1.28711754e-02,9.75236859e+01,1.26137519e+01
9.18000000e-01,-3.21241292e-02,3.79866645e-01,1.82434279e-02,-3.01100286e-01,2.29006137e+00,1.71660941e+01,9.94977051e-02,1.28658428e-02,9.75077510e+01,1.26085260e+01
9.20000000e-01,-3.13618430e-02,3.82375909e-01,1.76413408e-02,-3.00924562e-01,2.30366426e+00,1.69261427e+01,9.94415834e-02,1.28277690e-02,9.74527518e+01,1.25712136e+01
9.22000000e-01,-3.05946777e-02,3.84806992e-01,1.70399611e-02,-3.00401698e-01,2.31726716e+00,1.66868961e+01,9.50718927e-02,1.27351837e-02,9.31704549e+01,1.24804800e+01
9.24000000e-01,-2.98228487e-02,3.86887499e-01,1.64400780e-02,-2.99362881e-01,2.33087006e+00,1.64483824e+01,1.01341978e-01,1.30534045e-02,9.93151385e+01,1.27923364e+01
9.26000000e-01,-2.90474787e-02,3.88441560e-01,1.58428063e-02,-2.97879042e-01,2.34447296e+00,1.62106294e+01,1.01050527e-01,1.28154464e-02,9.90295160e+01,1.25591375e+01
9.28000000e-01,-2.82692673e-02,3.89718512e-01,1.52487804e-02,-2.96067414e-01,2.35807585e+00,1.59736651e+01,1.01469950e-01,1.28921178e-02,9.94405514e+01,1.26342755e+01
9.30000000e-01,-2.74888094e-02,3.90688304e-01,1.46588329e-02,-2.93811356e-01,2.37167875e+00,1.57375172e+01,1.01861106e-01,1.29046324e-02,9.98238843e+01,1.26465398e+01
9.32000000e-01,-2.67067150e-02,3.91356717e-01,1.40737989e-02,-2.91159495e-01,2.38528165e+00,1.55022133e+01,1.02130882e-01,1.28860873e-02,1.00088264e+02,1.26283655e+01
9.34000000e-01,-2.59235777e-02,3.91732351e-01,1.34944294e-02,-2.88155973e-01,2.39888455e+00,1.52677810e+01,1.02311346e-01,1.28138977e-02,1.00265119e+02,1.25576198e+01
9.36000000e-01,-2.51399812e-02,3.91814615e-01,1.29214039e-02,-2.84809078e-01,2.41248744e+00,1.50342478e+01,1.02589973e-01,1.27868760e-02,1.00538173e+02,1.25311384e+01
9.38000000e-01,-2.43565149e-02,3.91603432e-01,1.23554200e-02,-2.81121808e-01,2.42609034e+00,1.48016409e+01,1.02772125e-01,1.27183145e-02,1.00716683e+02,1.24639482e+01
9.40000000e-01,-2.35737649e-02,3.91096035e-01,1.17971452e-02,-2.77091875e-01,2.43969324e+00,1.45699877e+01,1.03120056e-01,1.27069711e-02,1.01057655e+02,1.24528317e+01
9.42000000e-01,-2.27923949e-02,3.90192403e-01,1.12476837e-02,-2.72115355e-01,2.45329614e+00,1.43393153e+01,1.05649201e-01,1.39183277e-02,1.03536217e+02,1.36399612e+01
9.44000000e-01,-2.20132206e-02,3.88950778e-01,1.07088983e-02,-2.66816994e-01,2.46689903e+00,1.41096505e+01,1.04652500e-01,1.26106006e-02,1.02559450e+02,1.23583886e+01
9.46000000e-01,-2.12367633e-02,3.87452016e-01,1.01802524e-02,-2.61763595e-01,2.48050193e+00,1.38810205e+01,1.05313510e-01,1.26469085e-02,1.03207240e+02,1.23939703e+01
9.48000000e-01,-2.04636349e-02,3.85619850e-01,9.66213482e-03,-2.56273896e-01,2.49410483e+00,1.36534519e+01,1.06124735e-01,1.27840198e-02,1.04002240e+02,1.25283394e+01
9.50000000e-01,-1.96944951e-02,3.83470817e-01,9.15539702e-03,-2.50423936e-01,2.50770772e+00,1.34269714e+01,1.06430601e-01,1.26768130e-02,1.04301989e+02,1.24232767e+01
9.52000000e-01,-1.89299535e-02,3.81018998e-01,8.66062161e-03,-2.44300206e-01,2.52131062e+00,1.32016055e+01,1.06949106e-01,1.26493617e-02,1.04810124e+02,1.23963744e+01
9.54000000e-01,-1.81706245e-02,3.78259107e-01,8.17839861e-03,-2.37872882e-01,2.53491352e+00,1.29773805e+01,1.07419741e-01,1.26225667e-02,1.05271346e+02,1.23701154e+01
9.56000000e-01,-1.74171216e-02,3.75192400e-01,7.70932749e-03,-2.31149486e-01,2.54851642e+00,1.27543229e+01,1.07955242e-01,1.25979891e-02,1.05796137e+02,1.23460293e+01
9.58000000e-01,-1.66700595e-02,3.71818800e-01,7.25399018e-03,-2.24141852e-01,2.56211931e+00,1.25324586e+01,1.08478976e-01,1.25658605e-02,1.06309396e+02,1.23145433e+01
9.60000000e-01,-1.59300485e-02,3.68142058e-01,6.81294694e-03,-2.16853965e-01,2.57572221e+00,1.23118136e+01,1.08983181e-01,1.25532238e-02,1.06803517e+02,1.23021593e+01
9.62000000e-01,-1.51979263e-02,3.63812868e-01,6.38753545e-03,-2.08124597e-01,2.58932511e+00,1.20924138e+01,1.17731427e-01,1.49804129e-02,1.15376799e+02,1.46808046e+01
9.64000000e-01,-1.44749882e-02,3.59196887e-01,5.98047628e-03,-1.99353542e-01,2.60292801e+00,1.18742850e+01,1.09764092e-01,1.20554613e-02,1.07568810e+02,1.18143520e+01
9.66000000e-01,-1.37611270e-02,3.54598448e-01,5.58950357e-03,-1.91509007e-01,2.61653090e+00,1.16574525e+01,1.11475553e-01,1.24739568e-02,1.09246042e+02,1.22244777e+01
9.68000000e-01,-1.30568357e-02,3.49638055e-01,5.21479501e-03,-1.83132382e-01,2.63013380e+00,1.14419419e+01,1.12452667e-01,1.26336296e-02,1.10203614e+02,1.23809570e+01
9.70000000e-01,-1.23627727e-02,3.44380921e-01,4.85711505e-03,-1.74544260e-01,2.64373670e+00,1.12277783e+01,1.12722506e-01,1.24034154e-02,1.10468056e+02,1.21553471e+01
9.72000000e-01,-1.16794975e-02,3.38845711e-01,4.51669201e-03,-1.65845102e-01,2.65733959e+00,1.10149868e+01,1.13350413e-01,1.23768368e-02,1.11083405e+02,1.21293001e+01
9.74000000e-01,-1.10075846e-02,3.33018288e-01,4.19387368e-03,-1.56937421e-01,2.67094249e+00,1.08035924e+01,1.14042163e-01,1.23763156e-02,1.11761320e+02,1.21287893e+01
9.76000000e-01,-1.03476173e-02,3.26901350e-01,3.88907488e-03,-1.47830931e-01,2.68454539e+00,1.05936198e+01,1.14703339e-01,1.23550062e-02,1.12409272e+02,1.21079060e+01
9.78000000e-01,-9.70016776e-03,3.20501653e-01,3.60266228e-03,-1.38555975e-01,2.69814829e+00,1.03850935e+01,1.15338271e-01,1.23169903e-02,1.13031506e+02,1.20706505e+01
9.80000000e-01,-9.06579602e-03,3.13824012e-01,3.33495289e-03,-1.29128176e-01,2.71175118e+00,1.01780381e+01,1.15992525e-01,1.22895426e-02,1.13672674e+02,1.20437517e+01
9.82000000e-01,-8.44550377e-03,3.06198344e-01,3.08748020e-03,-1.17704736e-01,2.72535408e+00,9.97247778e+00,1.32397513e-01,1.61479100e-02,1.29749563e+02,1.58249518e+01
9.84000000e-01,-7.84113635e-03,2.98372111e-01,2.86394822e-03,-1.06559687e-01,2.73895698e+00,9.76843655e+00,1.15712840e-01,1.13810208e-02,1.13398583e+02,1.11534003e+01
9.86000000e-01,-7.25175749e-03,2.90932633e-01,2.66008306e-03,-9.71521312e-02,2.75255988e+00,9.56593834e+00,1.18518728e-01,1.22058966e-02,1.16148353e+02,1.19617786e+01
9.88000000e-01,-6.67764911e-03,2.83128234e-01,2.47574695e-03,-8.71337417e-02,2.76616277e+00,9.36500686e+00,1.19521825e-01,1.23957549e-02,1.17131388e+02,1.21478398e+01
9.90000000e-01,-6.11940451e-03,2.75083905e-01,2.31156333e-03,-7.70924970e-02,2.77976567e+00,9.16566564e+00,1.19535450e-01,1.20152060e-02,1.17144741e+02,1.17749019e+01
9.92000000e-01,-5.57746188e-03,2.66817008e-01,2.16732716e-03,-6.71259570e-02,2.79336857e+00,8.96793803e+00,1.20265072e-01,1.20288372e-02,1.17859771e+02,1.17882605e+01
9.94000000e-01,-5.05230102e-03,2.58303324e-01,2.04311885e-03,-5.70703984e-02,2.80697147e+00,8.77184718e+00,1.20980572e-01,1.20205163e-02,1.18560961e+02,1.17801060e+01
9.96000000e-01,-4.54440826e-03,2.49550137e-01,1.93908779e-03,-4.69515167e-02,2.82057436e+00,8.57741605e+00,1.21680005e-01,1.20090102e-02,1.19246404e+02,1.17688300e+01
9.98000000e-01,-4.05425543e-03,2.40564516e-01,1.85533973e-03,-3.67922270e-02,2.83417726e+00,8.38466740e+00,1.22374171e-01,1.19815477e-02,1.19926688e+02,1.17419167e+01
1.00000000e+00,-3.58230078e-03,2.31353034e-01,1.79193347e-03,-2.66110490e-02,2.84778016e+00,8.19362382e+00,1.23067640e-01,1.19602192e-02,1.20606287e+02,1.17210149e+01
1.00200000e+00,-3.12964761e-03,2.20935177e-01,1.75052970e-03,-1.39789967e-02,2.86138305e+00,8.00430767e+00,1.46827798e-01,1.70619642e-02,1.43891242e+02,1.67207249e+01
1.00400000e+00,-2.69861952e-03,2.10428133e-01,1.73562611e-03,-1.93372137e-03,2.87498595e+00,7.81674112e+00,1.21588826e-01,1.07019544e-02,1.19157049e+02,1.04879153e+01
1.00600000e+00,-2.28741814e-03,2.00696456e-01,1.74115673e-03,7.65456352e-03,2.88858885e+00,7.63094613e+00,1.25313415e-01,1.19088027e-02,1.22807147e+02,1.16706266e+01
1.00800000e+00,-1.89605719e-03,1.90629559e-01,1.76667495e-03,1.78886776e-02,2.90219175e+00,7.44694446e+00,1.26186266e-01,1.20898385e-02,1.23662541e+02,1.18480417e+01
1.01000000e+00,-1.52500358e-03,1.80407161e-01,1.81258552e-03,2.79339351e-02,2.91579464e+00,7.26475766e+00,1.25876412e-01,1.15738429e-02,1.23358884e+02,1.13423661e+01
1.01200000e+00,-1.17452249e-03,1.70043846e-01,1.87822974e-03,3.77077837e-02,2.92939754e+00,7.08440706e+00,1.26575859e-01,1.16099380e-02,1.24044342e+02,1.13777392e+01
1.01400000e+00,-8.44944592e-04,1.59505947e-01,1.96339034e-03,4.74421741e-02,2.94300044e+00,6.90591379e+00,1.27222668e-01,1.16087005e-02,1.24678215e+02,1.13765265e+01
1.01600000e+00,-5.36609605e-04,1.48801707e-01,2.06795437e-03,5.71104666e-02,2.95660334e+00,6.72929874e+00,1.27902216e-01,1.16166246e-02,1.25344171e+02,1.13842921e+01
1.01800000e+00,-2.49843450e-04,1.37938949e-01,2.19177464e-03,6.66924159e-02,2.97020623e+00,6.55458259e+00,1.28541613e-01,1.16004340e-02,1.25970781e+02,1.13684253e+01
1.02000000e+00,1.50471884e-05,1.26927699e-01,2.33464857e-03,7.61611880e-02,2.98380913e+00,6.38178580e+00,1.29164867e-01,1.15792981e-02,1.26581569e+02,1.13477121e+01
1.02200000e+00,2.56938105e-04,1.14522690e-01,2.49830816e-03,8.84626744e-02,2.99741203e+00,6.21092861e+00,1.59086599e-01,1.77754773e-02,1.55904867e+02,1.74199677e+01
1.02400000e+00,4.73162821e-04,1.02154949e-01,2.68792225e-03,9.98990079e-02,3.01101493e+00,6.04203103e+00,1.26476578e-01,1.00290394e-02,1.23947047e+02,9.82845857e+00
1.02600000e+00,6.66315851e-04,9.09240883e-02,2.89584072e-03,1.08240310e-01,3.02461782e+00,5.87511284e+00,1.30898446e-01,1.15727138e-02,1.28280477e+02,1.13412595e+01
1.02800000e+00,8.36674160e-04,7.94157197e-02,3.12132235e-03,1.17239852e-01,3.03822072e+00,5.71019357e+00,1.31523616e-01,1.17291280e-02,1.28893144e+02,1.14945455e+01
1.03000000e+00,9.83943922e-04,6.78551427e-02,3.36454140e-03,1.25851357e-01,3.05182362e+00,5.54729254e+00,1.30869025e-01,1.11021124e-02,1.28251645e+02,1.08800702e+01
1.03200000e+00,1.10806569e-03,5.62510121e-02,3.62443701e-03,1.34026736e-01,3.06542651e+00,5.38642884e+00,1.31480808e-01,1.11816345e-02,1.28851192e+02,1.09580018e+01
1.03400000e+00,1.20889221e-03,4.45632443e-02,3.90054591e-03,1.42048489e-01,3.07902941e+00,5.22762129e+00,1.31952678e-01,1.11708055e-02,1.29313624e+02,1.09473894e+01
1.03600000e+00,1.28627006e-03,3.28025725e-02,4.19250514e-03,1.49881533e-01,3.09263231e+00,5.07088849e+00,1.32504772e-01,1.11994084e-02,1.29854676e+02,1.09754202e+01
1.03800000e+00,1.34005882e-03,2.09763866e-02,4.49993944e-03,1.57515686e-01,3.10623521e+00,4.91624879e+00,1.32996245e-01,1.11893953e-02,1.30336320e+02,1.09656074e+01
1.04000000e+00,1.37013984e-03,9.09655438e-03,4.82241367e-03,1.64918536e-01,3.11983810e+00,4.76372031e+00,1.33464328e-01,1.11715410e-02,1.30795041e+02,1.09481102e+01
1.04200000e+00,1.37546540e-03,-4.25263585e-03,5.16169848e-03,1.75448242e-01,3.13344100e+00,4.61332090e+00,1.67235250e-01,1.82335068e-02,1.63890545e+02,1.78688367e+01
1.04400000e+00,1.35324024e-03,-1.74354781e-02,5.52348604e-03,1.84897479e-01,3.14704390e+00,4.46506818e+00,1.29702648e-01,9.41603066e-03,1.27108595e+02,9.22771004e+00
1.04600000e+00,1.30666750e-03,-2.92023482e-02,5.89888161e-03,1.90736744e-01,3.16064680e+00,4.31897951e+00,1.34480160e-01,1.11901613e-02,1.31790557e+02,1.09663581e+01
1.04800000e+00,1.23630003e-03,-4.11654294e-02,6.28686613e-03,1.97225646e-01,3.17424969e+00,4.17507199e+00,1.34813179e-01,1.13312281e-02,1.32116916e+02,1.11046036e+01
1.05000000e+00,1.14204456e-03,-5.30703578e-02,6.68743010e-03,2.03183484e-01,3.18785259e+00,4.03336248e+00,1.33842047e-01,1.06451943e-02,1.31165206e+02,1.04322904e+01
1.05200000e+00,1.02406121e-03,-6.49113682e-02,7.09922357e-03,2.08576631e-01,3.20145549e+00,3.89386756e+00,1.34234376e-01,1.07320035e-02,1.31549688e+02,1.05173634e+01
1.05400000e+00,8.82412933e-04,-7.67316046e-02,7.52156940e-03,2.13718971e-01,3.21505839e+00,3.75660358e+00,1.34464659e-01,1.07199837e-02,1.31775366e+02,1.05055840e+01
1.05600000e+00,7.17156331e-04,-8.85195358e-02,7.95390768e-03,2.18573680e-01,3.22866128e+00,3.62158661e+00,1.34780385e-01,1.07438891e-02,1.32084777e+02,1.05290113e+01
1.05800000e+00,5.28360613e-04,-1.00268733e-01,8.39567199e-03,2.23140218e-01,3.24226418e+00,3.48883246e+00,1.35052764e-01,1.07443202e-02,1.32351709e+02,1.05294338e+01
1.06000000e+00,3.16114823e-04,-1.11967796e-01,8.84626130e-03,2.27395909e-01,3.25586708e+00,3.35835667e+00,1.35293687e-01,1.07333619e-02,1.32587813e+02,1.05186947e+01
1.06200000e+00,7.95123645e-05,-1.25132348e-01,9.30749517e-03,2.35010399e-01,3.26946997e+00,3.23017453e+00,1.71177128e-01,1.84507186e-02,1.67753585e+02,1.80817042e+01
1.06400000e+00,-1.84225615e-04,-1.38013531e-01,9.78550366e-03,2.41426510e-01,3.28307287e+00,3.10430104e+00,1.30770041e-01,8.89757279e-03,1.28154640e+02,8.71962134e+00
1.06600000e+00,-4.71457822e-04,-1.49268875e-01,1.02705357e-02,2.43844552e-01,3.29667577e+00,2.98075095e+00,1.35484643e-01,1.07507800e-02,1.32774950e+02,1.05357644e+01
1.06800000e+00,-7.81368067e-04,-1.60624643e-01,1.07613042e-02,2.46896099e-01,3.31027867e+00,2.85953871e+00,1.35600120e-01,1.09271413e-02,1.32888117e+02,1.07085984e+01
1.07000000e+00,-1.11384752e-03,-1.71817116e-01,1.12577247e-02,2.49354708e-01,3.32388156e+00,2.74067853e+00,1.34337142e-01,1.02143025e-02,1.31650399e+02,1.00100164e+01
1.07200000e+00,-1.46852278e-03,-1.82838971e-01,1.17582975e-02,2.51175048e-01,3.33748446e+00,2.62418433e+00,1.34463492e-01,1.03017554e-02,1.31774222e+02,1.00957203e+01
1.07400000e+00,-1.84511864e-03,-1.93733675e-01,1.22622158e-02,2.52681690e-01,3.35108736e+00,2.51006974e+00,1.34395659e-01,1.02750933e-02,1.31707746e+02,1.00695915e+01
1.07600000e+00,-2.24336583e-03,-2.04490916e-01,1.27687966e-02,2.53846847e-01,3.36469026e+00,2.39834813e+00,1.34458317e-01,1.03081693e-02,1.31769150e+02,1.01020060e+01
1.07800000e+00,-2.66298803e-03,-2.15106762e-01,1.32773846e-02,2.54684203e-01,3.37829315e+00,2.28903257e+00,1.34473716e-01,1.03132261e-02,1.31784242e+02,1.01069616e+01
1.08000000e+00,-3.10369116e-03,-2.25570027e-01,1.37873015e-02,2.55173689e-01,3.39189605e+00,2.18213589e+00,1.34447648e-01,1.03062204e-02,1.31758695e+02,1.01000960e+01
1.08200000e+00,-3.56617919e-03,-2.37399760e-01,1.43003726e-02,2.59102478e-01,3.40549895e+00,2.07767058e+00,1.70133535e-01,1.82641731e-02,1.66730864e+02,1.78988896e+01
1.08400000e+00,-4.05304019e-03,-2.48854561e-01,1.48229140e-02,2.61835648e-01,3.41910184e+00,1.97564888e+00,1.29611643e-01,8.54133471e-03,1.27019410e+02,8.37050802e+00
1.08600000e+00,-4.56044595e-03,-2.58582210e-01,1.53449550e-02,2.60428860e-01,3.43270474e+00,1.87608274e+00,1.33877074e-01,1.03208309e-02,1.31199533e+02,1.01144143e+01
1.08800000e+00,-5.08736596e-03,-2.68305251e-01,1.58650187e-02,2.59605959e-01,3.44630764e+00,1.77898382e+00,1.33765544e-01,1.05101873e-02,1.31090233e+02,1.02999836e+01
1.09000000e+00,-5.63349708e-03,-2.77773495e-01,1.63829920e-02,2.58202805e-01,3.45991054e+00,1.68436349e+00,1.32342496e-01,9.84334695e-03,1.29695646e+02,9.64648001e+00
1.09200000e+00,-6.19828390e-03,-2.86977698e-01,1.68974068e-02,2.56165047e-01,3.47351343e+00,1.59223283e+00,1.32168397e-01,9.91384376e-03,1.29525029e+02,9.71556689e+00
1.09400000e+00,-6.78125794e-03,-2.95957017e-01,1.74074289e-02,2.53792400e-01,3.48711633e+00,1.50260263e+00,1.31809705e-01,9.86995939e-03,1.29173511e+02,9.67256020e+00
1.09600000e+00,-7.38195801e-03,-3.04705408e-01,1.79123483e-02,2.51077625e-01,3.50071923e+00,1.41548338e+00,1.31640063e-01,9.91811646e-03,1.29007262e+02,9.71975413e+00
1.09800000e+00,-7.99992493e-03,-3.13221852e-01,1.84115308e-02,2.48049955e-01,3.51432213e+00,1.33088528e+00,1.31399401e-01,9.92752555e-03,1.28771413e+02,9.72897504e+00
1.10000000e+00,-8.63468301e-03,-3.21494697e-01,1.89043235e-02,2.44685428e-01,3.52792502e+00,1.24881825e+00,1.31095563e-01,9.91639159e-03,1.28473652e+02,9.71806376e+00
1.10200000e+00,-9.28667420e-03,-3.30923174e-01,1.93924803e-02,2.44632196e-01,3.54152792e+00,1.16929188e+00,1.63689083e-01,1.75758000e-02,1.60415301e+02,1.72242840e+01
1.10400000e+00,-9.95808953e-03,-3.39922461e-01,1.98821460e-02,2.43519984e-01,3.55513082e+00,1.09231551e+00,1.26508428e-01,8.39295239e-03,1.23978259e+02,8.22509334e+00
1.10600000e+00,-1.06452427e-02,-3.47239869e-01,2.03639128e-02,2.38436790e-01,3.56873372e+00,1.01789812e+00,1.29967619e-01,9.93109195e-03,1.27368267e+02,9.73247011e+00
1.10800000e+00,-1.13469768e-02,-3.54449029e-01,2.08362302e-02,2.33859151e-01,3.58233661e+00,9.46048456e-01,1.29677787e-01,1.01307123e-02,1.27084231e+02,9.92809809e+00
1.11000000e+00,-1.20628242e-02,-3.61336278e-01,2.12990263e-02,2.28796900e-01,3.59593951e+00,8.76774914e-01,1.28260717e-01,9.57703494e-03,1.25695502e+02,9.38549424e+00
1.11200000e+00,-1.27921006e-02,-3.67891600e-01,2.17510549e-02,2.23190324e-01,3.60954241e+00,8.10085610e-01,1.27847831e-01,9.63620301e-03,1.25290875e+02,9.44347895e+00
1.11400000e+00,-1.35341905e-02,-3.74146750e-01,2.21915963e-02,2.17296840e-01,3.62314530e+00,7.45988352e-01,1.27278649e-01,9.60654135e-03,1.24733076e+02,9.41441053e+00
1.11600000e+00,-1.42884844e-02,-3.80097009e-01,2.26200461e-02,2.11109141e-01,3.63674820e+00,6.84490649e-01,1.26856320e-01,9.63322504e-03,1.24319193e+02,9.44056054e+00
1.11800000e+00,-1.50543757e-02,-3.85743073e-01,2.30358588e-02,2.04660381e-01,3.65035110e+00,6.25599699e-01,1.26399362e-01,9.65520602e-03,1.23871375e+02,9.46210190e+00
1.12000000e+00,-1.58312498e-02,-3.91078851e-01,2.34385109e-02,1.97946555e-01,3.66395400e+00,5.69322401e-01,1.25925598e-01,9.65478861e-03,1.23407086e+02,9.46169283e+00
1.12200000e+00,-1.66191790e-02,-3.97146345e-01,2.38294833e-02,1.93989686e-01,3.67755689e+00,5.15665343e-01,1.49906135e-01,1.60026060e-02,1.46908012e+02,1.56825538e+01
1.12400000e+00,-1.74195355e-02,-4.02764341e-01,2.42139070e-02,1.89189162e-01,3.69115979e+00,4.64634809e-01,1.21930776e-01,8.43458236e-03,1.19492161e+02,8.26589071e+00
1.12600000e+00,-1.82293166e-02,-4.07002798e-01,2.45840398e-02,1.81088727e-01,3.70476269e+00,4.16236775e-01,1.24263098e-01,9.60821392e-03,1.21777836e+02,9.41604964e+00
1.12800000e+00,-1.90474130e-02,-4.11040817e-01,2.49385482e-02,1.73417725e-01,3.71836559e+00,3.70476908e-01,1.23908695e-01,9.84553407e-03,1.21430521e+02,9.64862339e+00
1.13000000e+00,-1.98732393e-02,-4.14717968e-01,2.52774973e-02,1.65426674e-01,3.73196848e+00,3.27360567e-01,1.22556729e-01,9.42386437e-03,1.20105595e+02,9.23538709e+00
1.13200000e+00,-2.07060347e-02,-4.18019880e-01,2.55999764e-02,1.57017856e-01,3.74557138e+00,2.86892801e-01,1.21924982e-01,9.43274211e-03,1.19486482e+02,9.24408727e+00
1.13400000e+00,-2.15450873e-02,-4.20974575e-01,2.59054316e-02,1.48403281e-01,3.75917428e+00,2.49078348e-01,1.21280279e-01,9.43184524e-03,1.18854674e+02,9.24320834e+00
1.13600000e+00,-2.23897032e-02,-4.23584519e-01,2.61934675e-02,1.39605763e-01,3.77277718e+00,2.13921637e-01,1.20753039e-01,9.46380634e-03,1.18337978e+02,9.27453022e+00
1.13800000e+00,-2.32391927e-02,-4.25845379e-01,2.64637295e-02,1.30620613e-01,3.78638007e+00,1.81426784e-01,1.20048224e-01,9.42774579e-03,1.17647260e+02,9.23919088e+00
1.14000000e+00,-2.40928474e-02,-4.27750235e-01,2.67158240e-02,1.21446623e-01,3.79998297e+00,1.51597595e-01,1.19394750e-01,9.43129923e-03,1.17006855e+02,9.24267324e+00
1.14200000e+00,-2.49503673e-02,-4.29915610e-01,2.69508339e-02,1.14249178e-01,3.81358587e+00,1.24437562e-01,1.33127801e-01,1.39154630e-02,1.30465245e+02,1.36371538e+01
1.14400000e+00,-2.58122237e-02,-4.31651896e-01,2.71724558e-02,1.06504614e-01,3.82718876e+00,9.99498665e-02,1.16395395e-01,8.60230394e-03,1.14067487e+02,8.43025786e+00
1.14600000e+00,-2.66763280e-02,-4.32417895e-01,2.73753031e-02,9.64363077e-02,3.84079166e+00,7.81373754e-02,1.17505381e-01,9.33185576e-03,1.15155273e+02,9.14521864e+00
1.14800000e+00,-2.75417148e-02,-4.32913199e-01,2.75584197e-02,8.66959347e-02,3.85439456e+00,5.90026432e-02,1.17132113e-01,9.55621299e-03,1.14789471e+02,9.36508873e+00
1.15000000e+00,-2.84077349e-02,-4.33039731e-01,2.77219970e-02,7.68207342e-02,3.86799746e+00,4.25479105e-02,1.15956930e-01,9.28654032e-03,1.13637791e+02,9.10080951e+00
1.15200000e+00,-2.92736163e-02,-4.32780188e-01,2.78655441e-02,6.67076701e-02,3.88160035e+00,2.87751041e-02,1.15179769e-01,9.26612465e-03,1.12876173e+02,9.08080216e+00
1.15400000e+00,-3.01386112e-02,-4.32154016e-01,2.79887548e-02,5.64853477e-02,3.89520325e+00,1.76858370e-02,1.14453287e-01,9.23738726e-03,1.12164221e+02,9.05263951e+00
1.15600000e+00,-3.10019913e-02,-4.31166207e-01,2.80914302e-02,4.61801153e-02,3.90880615e+00,9.28140755e-03,1.13781064e-01,9.24297778e-03,1.11505443e+02,9.05811822e+00
1.15800000e+00,-3.18630366e-02,-4.29819265e-01,2.81734443e-02,3.58284463e-02,3.92240905e+00,3.56280003e-03,1.13095491e-01,9.26130278e-03,1.10833581e+02,9.07607672e+00
1.16000000e+00,-3.27210270e-02,-4.28110262e-01,2.82347104e-02,2.54265019e-02,3.93601194e+00,5.30684070e-04,1.12331401e-01,9.22921356e-03,1.10084773e+02,9.04462929e+00
1.16200000e+00,-3.35754135e-02,-4.26305030e-01,2.82758658e-02,1.60976280e-02,3.94961484e+00,0.00000000e+00,1.17828927e-01,1.15764311e-02,1.15472348e+02,1.13449024e+01
1.16400000e+00,-3.44260023e-02,-4.24132677e-01,2.82989940e-02,6.60847086e-03,3.96321774e+00,0.00000000e+00,1.10704607e-01,8.92952007e-03,1.08490515e+02,8.75092966e+00
1.16600000e+00,-3.52715452e-02,-4.21361749e-01,2.83015454e-02,-4.01196944e-03,3.97682064e+00,0.00000000e+00,1.10755299e-01,9.20986415e-03,1.08540193e+02,9.02566687e+00
1.16800000e+00,-3.61112431e-02,-4.18281556e-01,2.82830912e-02,-1.44148005e-02,3.99042353e+00,0.00000000e+00,1.10344940e-01,9.36417625e-03,1.08138041e+02,9.17689273e+00
1.17000000e+00,-3.69444418e-02,-4.14856944e-01,2.82439145e-02,-2.47752358e-02,4.00402643e+00,0.00000000e+00,1.09522509e-01,9.24710959e-03,1.07332059e+02,9.06216740e+00
1.17200000e+00,-3.77704381e-02,-4.11083153e-01,2.81839800e-02,-3.51511385e-02,4.01762933e+00,0.00000000e+00,1.08943553e-01,9.25032756e-03,1.06764682e+02,9.06532101e+00
1.17400000e+00,-3.85885449e-02,-4.06965131e-01,2.81033350e-02,-4.54894192e-02,4.03123222e+00,0.00000000e+00,1.08173719e-01,9.21509297e-03,1.06010245e+02,9.03079111e+00
1.17600000e+00,-3.93980658e-02,-4.02497931e-01,2.80020469e-02,-5.57908313e-02,4.04483512e+00,0.00000000e+00,1.07410520e-01,9.18722500e-03,1.05262310e+02,9.00348050e+00
1.17800000e+00,-4.01983077e-02,-3.97687366e-01,2.78802122e-02,-6.60315636e-02,4.05843802e+00,0.00000000e+00,1.06702182e-01,9.17259540e-03,1.04568138e+02,8.98914349e+00
1.18000000e+00,-4.09885929e-02,-3.92543218e-01,2.77379882e-02,-7.61709409e-02,4.07204092e+00,0.00000000e+00,1.06087671e-01,9.20093967e-03,1.03965918e+02,9.01692087e+00
1.18200000e+00,-4.17682547e-02,-3.87060323e-01,2.75757345e-02,-8.60012355e-02,4.08564381e+00,0.00000000e+00,1.05173265e-01,9.59361488e-03,1.03069800e+02,9.40174258e+00
1.18400000e+00,-4.25366470e-02,-3.81296609e-01,2.73941131e-02,-9.56368579e-02,4.09924671e+00,0.00000000e+00,1.05821671e-01,9.35402386e-03,1.03705238e+02,9.16694338e+00
1.18600000e+00,-4.32932574e-02,-3.75257316e-01,2.71931614e-02,-1.05310994e-01,4.10999300e+00,0.00000000e+00,1.04934535e-01,9.22965066e-03,1.02835845e+02,9.04505765e+00
1.18800000e+00,-4.40374637e-02,-3.68899242e-01,2.69729382e-02,-1.14881482e-01,4.10999300e+00,0.00000000e+00,1.04473488e-01,9.26089614e-03,1.02384019e+02,9.07567822e+00
1.19000000e+00,-4.47686572e-02,-3.62245420e-01,2.67337661e-02,-1.24255978e-01,4.10999300e+00,0.00000000e+00,1.04019596e-01,9.30320420e-03,1.01939204e+02,9.11714012e+00
1.19200000e+00,-4.54862502e-02,-3.55298936e-01,2.64760500e-02,-1.33426906e-01,4.10999300e+00,0.00000000e+00,1.03520810e-01,9.32377603e-03,1.01450394e+02,9.13730051e+00
1.19400000e+00,-4.61896603e-02,-3.48063550e-01,2.62001827e-02,-1.42411488e-01,4.10999300e+00,0.00000000e+00,1.03040184e-01,9.30392737e-03,1.00979380e+02,9.11784883e+00
1.19600000e+00,-4.68783174e-02,-3.40547556e-01,2.59065361e-02,-1.51197986e-01,4.10999300e+00,0.00000000e+00,1.02615908e-01,9.32366120e-03,1.00563590e+02,9.13718798e+00
1.19800000e+00,-4.75516675e-02,-3.32757051e-01,2.55955311e-02,-1.59774028e-01,4.10999300e+00,0.00000000e+00,1.02153963e-01,9.30489798e-03,1.00110884e+02,9.11880002e+00
1.20000000e+00,-4.82091629e-02,-3.24692502e-01,2.52675827e-02,-1.68136063e-01,4.10999300e+00,0.00000000e+00,1.01612241e-01,9.30779093e-03,9.95799966e+01,9.12163512e+00
1.20200000e+00,-4.88500402e-02,-3.16031952e-01,2.49226625e-02,-1.76984497e-01,4.10999300e+00,0.00000000e+00,9.34933864e-02,7.79473142e-03,9.16235187e+01,7.63883679e+00
1.20400000e+00,-4.94731726e-02,-3.07194270e-01,2.45599935e-02,-1.85309901e-01,4.10999300e+00,0.00000000e+00,1.02596408e-01,9.89108572e-03,1.00544480e+02,9.69326400e+00
1.20600000e+00,-5.00788947e-02,-2.98472782e-01,2.41821141e-02,-1.92598695e-01,4.10999300e+00,0.00000000e+00,1.01188543e-01,9.43371291e-03,9.91647722e+01,9.24503866e+00
1.20800000e+00,-5.06668736e-02,-2.89466082e-01,2.37895996e-02,-1.99886150e-01,4.10999300e+00,0.00000000e+00,1.00768210e-01,9.33614727e-03,9.87528462e+01,9.14942432e+00
1.21000000e+00,-5.12366114e-02,-2.80237856e-01,2.33827754e-02,-2.06864680e-01,4.10999300e+00,0.00000000e+00,1.00700509e-01,9.50384956e-03,9.86864992e+01,9.31377257e+00
1.21200000e+00,-5.17876872e-02,-2.70803035e-01,2.29623773e-02,-2.13488552e-01,4.10999300e+00,0.00000000e+00,1.00477575e-01,9.48272629e-03,9.84680235e+01,9.29307176e+00
1.21400000e+00,-5.23196817e-02,-2.61155534e-01,2.25290064e-02,-2.19834642e-01,4.10999300e+00,0.00000000e+00,1.00112772e-01,9.47042283e-03,9.81105165e+01,9.28101437e+00
1.21600000e+00,-5.28321673e-02,-2.51294873e-01,2.20832277e-02,-2.25897299e-01,4.10999300e+00,0.00000000e+00,9.97202816e-02,9.44332040e-03,9.77258760e+01,9.25445399e+00
1.21800000e+00,-5.33247319e-02,-2.41240287e-01,2.16256259e-02,-2.31647061e-01,4.10999300e+00,0.00000000e+00,9.96430847e-02,9.47584128e-03,9.76502231e+01,9.28632445e+00
1.22000000e+00,-5.37970098e-02,-2.31007741e-01,2.11568655e-02,-2.37057928e-01,4.10999300e+00,0.00000000e+00,9.94588241e-02,9.48723692e-03,9.74696476e+01,9.29749218e+00
1.22200000e+00,-5.42479931e-02,-2.19620639e-01,2.06760109e-02,-2.44543354e-01,4.10999300e+00,0.00000000e+00,7.63906757e-02,4.43715394e-03,7.48628622e+01,4.34841086e+00
1.22400000e+00,-5.46754624e-02,-2.08188586e-01,2.01792617e-02,-2.51174623e-01,4.10999300e+00,0.00000000e+00,1.01946050e-01,1.05736000e-02,9.99071286e+01,1.03621280e+01
1.22600000e+00,-5.50813057e-02,-1.97593837e-01,1.96731553e-02,-2.55041650e-01,4.10999300e+00,0.00000000e+00,9.93122619e-02,9.51782538e-03,9.73260166e+01,9.32746887e+00
1.22800000e+00,-5.54656708e-02,-1.86748654e-01,1.91589569e-02,-2.59115945e-01,4.10999300e+00,0.00000000e+00,9.92759040e-02,9.40565472e-03,9.72903859e+01,9.21754163e+00
1.23000000e+00,-5.58282184e-02,-1.75780604e-01,1.86369650e-02,-2.62780195e-01,4.10999300e+00,0.00000000e+00,9.94454507e-02,9.63434125e-03,9.74565417e+01,9.44165443e+00
1.23200000e+00,-5.61687240e-02,-1.64708732e-01,1.81081661e-02,-2.65949610e-01,4.10999300e+00,0.00000000e+00,9.96746196e-02,9.69021077e-03,9.76811272e+01,9.49640656e+00
1.23400000e+00,-5.64869837e-02,-1.53532493e-01,1.75734207e-02,-2.68737735e-01,4.10999300e+00,0.00000000e+00,9.96502579e-02,9.67190986e-03,9.76572527e+01,9.47847166e+00
1.23600000e+00,-5.67827799e-02,-1.42245269e-01,1.70334418e-02,-2.71185878e-01,4.10999300e+00,0.00000000e+00,9.95418627e-02,9.63345384e-03,9.75510255e+01,9.44078476e+00
1.23800000e+00,-5.70559016e-02,-1.30863221e-01,1.64889213e-02,-2.73267987e-01,4.10999300e+00,0.00000000e+00,9.97104259e-02,9.66320862e-03,9.77162173e+01,9.46994445e+00
1.24000000e+00,-5.73061774e-02,-1.19398010e-01,1.59406283e-02,-2.74962427e-01,4.10999300e+00,0.00000000e+00,9.96883554e-02,9.66461222e-03,9.76945883e+01,9.47131997e+00
1.24200000e+00,-5.75322797e-02,-1.06111994e-01,1.53864059e-02,-2.80654758e-01,4.10999300e+00,0.00000000e+00,5.90606029e-02,4.81638214e-04,5.78793909e+01,4.72005450e-01
1.24400000e+00,-5.77307008e-02,-9.29391597e-02,1.48187707e-02,-2.85205418e-01,4.10999300e+00,0.00000000e+00,1.04009227e-01,1.12526556e-02,1.01929042e+02,1.10276025e+01
1.24600000e+00,-5.79051570e-02,-8.14473295e-02,1.42487270e-02,-2.85042145e-01,4.10999300e+00,0.00000000e+00,9.98119494e-02,9.56169287e-03,9.78157104e+01,9.37045901e+00
1.24800000e+00,-5.80563335e-02,-6.97205959e-02,1.36782747e-02,-2.85369973e-01,4.10999300e+00,0.00000000e+00,9.98020834e-02,9.40705229e-03,9.78060418e+01,9.21891125e+00
1.25000000e+00,-5.81840399e-02,-5.79946096e-02,1.31076293e-02,-2.85124683e-01,4.10999300e+00,0.00000000e+00,1.00919808e-01,9.94942073e-03,9.89014118e+01,9.75043231e+00
1.25200000e+00,-5.82883241e-02,-4.62868644e-02,1.25381909e-02,-2.84257066e-01,4.10999300e+00,0.00000000e+00,1.01127404e-01,9.89950304e-03,9.91048560e+01,9.70151298e+00
1.25400000e+00,-5.83691776e-02,-3.45644042e-02,1.19708240e-02,-2.83055050e-01,4.10999300e+00,0.00000000e+00,1.01283825e-01,9.84033233e-03,9.92581490e+01,9.64352569e+00
1.25600000e+00,-5.84265747e-02,-2.28313683e-02,1.14061909e-02,-2.81522867e-01,4.10999300e+00,0.00000000e+00,1.01396709e-01,9.78530363e-03,9.93687746e+01,9.58959755e+00
1.25800000e+00,-5.84605107e-02,-1.11098977e-02,1.08449803e-02,-2.79619009e-01,4.10999300e+00,0.00000000e+00,1.01878971e-01,9.81800025e-03,9.98413911e+01,9.62164024e+00
1.26000000e+00,-5.84710454e-02,5.64912232e-04,1.02879958e-02,-2.77293737e-01,4.10999300e+00,0.00000000e+00,1.02620735e-01,9.87324037e-03,1.00568321e+02,9.67577556e+00
1.26200000e+00,-5.84568007e-02,1.44151717e-02,9.73209378e-03,-2.80534960e-01,4.10999300e+00,0.00000000e+00,5.09817332e-02,-2.65969145e-03,4.99620986e+01,-2.60649762e+00
1.26400000e+00,-5.84135344e-02,2.80409827e-02,9.16671175e-03,-2.82493180e-01,4.10999300e+00,0.00000000e+00,1.07571229e-01,1.17603374e-02,1.05419804e+02,1.15251306e+01
1.26600000e+00,-5.83461219e-02,3.94391021e-02,8.60626771e-03,-2.78231811e-01,4.10999300e+00,0.00000000e+00,1.02532917e-01,9.59274695e-03,1.00482259e+02,9.40089201e+00
1.26800000e+00,-5.82556666e-02,5.10042481e-02,8.05328649e-03,-2.74717410e-01,4.10999300e+00,0.00000000e+00,1.02977103e-01,9.40105685e-03,1.00917561e+02,9.21303571e+00
1.27000000e+00,-5.81421907e-02,6.24407376e-02,7.50780635e-03,-2.70590669e-01,4.10999300e+00,0.00000000e+00,1.04659749e-01,1.00971773e-02,1.02566554e+02,9.89523376e+00
1.27200000e+00,-5.80059922e-02,7.37444392e-02,6.97134921e-03,-2.65825892e-01,4.10999300e+00,0.00000000e+00,1.05014371e-01,9.97199942e-03,1.02914084e+02,9.77255943e+00
1.27400000e+00,-5.78472688e-02,8.49643994e-02,6.44467645e-03,-2.60800653e-01,4.10999300e+00,0.00000000e+00,1.05366721e-01,9.88946501e-03,1.03259386e+02,9.69167571e+00
1.27600000e+00,-5.76662016e-02,9.60839364e-02,5.92836117e-03,-2.55453602e-01,4.10999300e+00,0.00000000e+00,1.05928356e-01,9.90773397e-03,1.03809789e+02,9.70957929e+00
1.27800000e+00,-5.74630092e-02,1.07089185e-01,5.42309199e-03,-2.49761676e-01,4.10999300e+00,0.00000000e+00,1.06423630e-01,9.88924277e-03,1.04295158e+02,9.69145791e+00
1.28000000e+00,-5.72379277e-02,1.17970102e-01,4.92954806e-03,-2.43719410e-01,4.10999300e+00,0.00000000e+00,1.07040734e-01,9.93559423e-03,1.04899919e+02,9.73688235e+00
1.28200000e+00,-5.69897421e-02,1.30931024e-01,4.44401341e-03,-2.43977558e-01,4.10999300e+00,0.00000000e+00,5.58434251e-02,-4.02973207e-03,5.47265566e+01,-3.94913743e+00
1.28400000e+00,-5.67144323e-02,1.43549062e-01,3.95454769e-03,-2.42871647e-01,4.10999300e+00,0.00000000e+00,1.12860496e-01,1.21001343e-02,1.10603286e+02,1.18581316e+01
1.28600000e+00,-5.64170794e-02,1.53866850e-01,3.47705575e-03,-2.34972768e-01,4.10999300e+00,0.00000000e+00,1.07208641e-01,9.54321952e-03,1.05064468e+02,9.35235513e+00
1.28800000e+00,-5.60988937e-02,1.64291484e-01,3.01400671e-03,-2.28048689e-01,4.10999300e+00,0.00000000e+00,1.07809002e-01,9.38971314e-03,1.05652822e+02,9.20191887e+00
1.29000000e+00,-5.57600722e-02,1.74478016e-01,2.56530575e-03,-2.20457563e-01,4.10999300e+00,0.00000000e+00,1.10048364e-01,1.02993322e-02,1.07847396e+02,1.00933455e+01
1.29200000e+00,-5.54011418e-02,1.84424274e-01,2.13259347e-03,-2.12240959e-01,4.10999300e+00,0.00000000e+00,1.10534230e-01,1.00810839e-02,1.08323546e+02,9.87946222e+00
1.29400000e+00,-5.50224902e-02,1.94197880e-01,1.71643823e-03,-2.03879902e-01,4.10999300e+00,0.00000000e+00,1.11031771e-01,1.00046340e-02,1.08811135e+02,9.80454131e+00
1.29600000e+00,-5.46244729e-02,2.03787531e-01,1.31720756e-03,-1.95318334e-01,4.10999300e+00,0.00000000e+00,1.11622918e-01,9.92814425e-03,1.09390459e+02,9.72958136e+00
1.29800000e+00,-5.42074775e-02,2.13171109e-01,9.35328402e-04,-1.86511535e-01,4.10999300e+00,0.00000000e+00,1.12481573e-01,9.97025905e-03,1.10231941e+02,9.77085387e+00
1.30000000e+00,-5.37719306e-02,2.22341543e-01,5.71349252e-04,-1.77423012e-01,4.10999300e+00,0.00000000e+00,1.13085590e-01,9.99582282e-03,1.10823878e+02,9.79590636e+00
1.30200000e+00,-5.33167336e-02,2.33578399e-01,2.20990967e-04,-1.75301487e-01,4.10999300e+00,0.00000000e+00,6.05217973e-02,-5.15582524e-03,5.93113614e+01,-5.05270873e+00
1.30400000e+00,-5.28378900e-02,2.44405766e-01,-1.29013533e-04,-1.71915987e-01,4.10999300e+00,0.00000000e+00,1.18793042e-01,1.21486581e-02,1.16417182e+02,1.19056850e+01
1.30600000e+00,-5.23407288e-02,2.52805832e-01,-4.61857639e-04,-1.61307908e-01,4.10999300e+00,0.00000000e+00,1.13216998e-01,9.52440164e-03,1.10952658e+02,9.33391360e+00
1.30800000e+00,-5.18266548e-02,2.61223740e-01,-7.74984338e-04,-1.51808508e-01,4.10999300e+00,0.00000000e+00,1.14214129e-01,9.37034312e-03,1.11929846e+02,9.18293625e+00
1.31000000e+00,-5.12960514e-02,2.69315300e-01,-1.06873571e-03,-1.41775249e-01,4.10999300e+00,0.00000000e+00,1.16544745e-01,1.02213016e-02,1.14213850e+02,1.00168756e+01
1.31200000e+00,-5.07496039e-02,2.77091396e-01,-1.34174596e-03,-1.31232961e-01,4.10999300e+00,0.00000000e+00,1.17156773e-01,1.00444769e-02,1.14813637e+02,9.84358739e+00
1.31400000e+00,-5.01878527e-02,2.84617224e-01,-1.59362852e-03,-1.20632130e-01,4.10999300e+00,0.00000000e+00,1.17838014e-01,9.98003311e-03,1.15481254e+02,9.78043245e+00
1.31600000e+00,-4.96113044e-02,2.91888983e-01,-1.82421229e-03,-1.09938035e-01,4.10999300e+00,0.00000000e+00,1.18417031e-01,9.90647374e-03,1.16048690e+02,9.70834426e+00
1.31800000e+00,-4.90204722e-02,2.98897620e-01,-2.03329539e-03,-9.91160537e-02,4.10999300e+00,0.00000000e+00,1.19192155e-01,9.94536959e-03,1.16808312e+02,9.74646219e+00
1.32000000e+00,-4.84159001e-02,3.05626983e-01,-2.22057090e-03,-8.81356769e-02,4.10999300e+00,0.00000000e+00,1.20035302e-01,9.96693827e-03,1.17634596e+02,9.76759951e+00
1.32200000e+00,-4.77967929e-02,3.14113138e-01,-2.39042079e-03,-8.40282693e-02,4.10999300e+00,0.00000000e+00,7.31186951e-02,-4.72626602e-03,7.16563212e+01,-4.63174070e+00
1.32400000e+00,-4.71597400e-02,3.22160764e-01,-2.55598494e-03,-7.88730358e-02,4.10999300e+00,0.00000000e+00,1.25118166e-01,1.19287882e-02,1.22615802e+02,1.16902125e+01
1.32600000e+00,-4.65096305e-02,3.27987501e-01,-2.70135318e-03,-6.68785745e-02,4.10999300e+00,0.00000000e+00,1.19731597e-01,9.41656217e-03,1.17336965e+02,9.22823092e+00
1.32800000e+00,-4.58478185e-02,3.33771488e-01,-2.82426951e-03,-5.60394287e-02,4.10999300e+00,0.00000000e+00,1.20738383e-01,9.32375988e-03,1.18323615e+02,9.13728468e+00
1.33000000e+00,-4.51747879e-02,3.39190491e-01,-2.92525596e-03,-4.48179433e-02,4.10999300e+00,0.00000000e+00,1.22788574e-01,1.00702994e-02,1.20332803e+02,9.86889343e+00
1.33200000e+00,-4.44912921e-02,3.44256136e-01,-3.00331465e-03,-3.32565337e-02,4.10999300e+00,0.00000000e+00,1.23436734e-01,9.92102353e-03,1.20968000e+02,9.72260306e+00
1.33400000e+00,-4.37979639e-02,3.49021023e-01,-3.05831377e-03,-2.17426376e-02,4.10999300e+00,0.00000000e+00,1.24176348e-01,9.88729898e-03,1.21692821e+02,9.68955300e+00
1.33600000e+00,-4.30954108e-02,3.53481760e-01,-3.09029277e-03,-1.02400957e-02,4.10999300e+00,0.00000000e+00,1.24827180e-01,9.84681001e-03,1.22330636e+02,9.64987381e+00
1.33800000e+00,-4.23842445e-02,3.57631060e-01,-3.09927089e-03,1.26734622e-03,4.10999300e+00,0.00000000e+00,1.25665524e-01,9.88006375e-03,1.23152214e+02,9.68246247e+00
1.34000000e+00,-4.16651032e-02,3.61455484e-01,-3.08520808e-03,1.27977426e-02,4.10999300e+00,0.00000000e+00,1.26563961e-01,9.91037579e-03,1.24032682e+02,9.71216827e+00
1.34200000e+00,-4.09376145e-02,3.66491858e-01,-3.05203827e-03,1.83915223e-02,4.10999300e+00,0.00000000e+00,9.14254645e-02,-2.53660914e-03,8.95969552e+01,-2.48587696e+00
1.34400000e+00,-4.01994170e-02,3.71106383e-01,-3.01115959e-03,2.47083088e-02,4.10999300e+00,0.00000000e+00,1.30416635e-01,1.14846941e-02,1.27808302e+02,1.12550003e+01
1.34600000e+00,-3.94543503e-02,3.73979102e-01,-2.94945745e-03,3.66461494e-02,4.10999300e+00,0.00000000e+00,1.26056326e-01,9.34512302e-03,1.23535199e+02,9.15822056e+00
1.34800000e+00,-3.87035709e-02,3.76746416e-01,-2.86532518e-03,4.74587968e-02,4.10999300e+00,0.00000000e+00,1.26762388e-01,9.23867661e-03,1.24227140e+02,9.05390308e+00
1.35000000e+00,-3.79476134e-02,3.79140486e-01,-2.75948203e-03,5.84817570e-02,4.10999300e+00,0.00000000e+00,1.28616999e-01,9.93331489e-03,1.26044659e+02,9.73464859e+00
1.35200000e+00,-3.71872523e-02,3.81169510e-01,-2.63128902e-03,6.96684202e-02,4.10999300e+00,0.00000000e+00,1.29094034e-01,9.76083895e-03,1.26512154e+02,9.56562217e+00
1.35400000e+00,-3.64231459e-02,3.82882765e-01,-2.48093174e-03,8.06700016e-02,4.10999300e+00,0.00000000e+00,1.29765258e-01,9.75512586e-03,1.27169953e+02,9.56002334e+00
1.35600000e+00,-3.56559354e-02,3.84274847e-01,-2.30870436e-03,9.15285697e-02,4.10999300e+00,0.00000000e+00,1.30341965e-01,9.70224889e-03,1.27735126e+02,9.50820391e+00
1.35800000e+00,-3.48862658e-02,3.85338036e-01,-2.11490431e-03,1.02256881e-01,4.10999300e+00,0.00000000e+00,1.31172176e-01,9.75418827e-03,1.28548732e+02,9.55910450e+00
1.36000000e+00,-3.41148069e-02,3.86065719e-01,-1.89975595e-03,1.12866539e-01,4.10999300e+00,0.00000000e+00,1.31887438e-01,9.75621200e-03,1.29249689e+02,9.56108776e+00
1.36200000e+00,-3.33415596e-02,3.87458355e-01,-1.66650152e-03,1.18881847e-01,4.10999300e+00,0.00000000e+00,1.09326289e-01,4.40790677e-04,1.07139763e+02,4.31974864e-01
1.36400000e+00,-3.25652141e-02,3.88490177e-01,-1.42400750e-03,1.25228329e-01,4.10999300e+00,0.00000000e+00,1.33987040e-01,1.07958356e-02,1.31307299e+02,1.05799189e+01
1.36600000e+00,-3.17883998e-02,3.88320634e-01,-1.16288232e-03,1.35633402e-01,4.10999300e+00,0.00000000e+00,1.31056960e-01,9.32845970e-03,1.28435821e+02,9.14189050e+00
1.36800000e+00,-3.10120429e-02,3.87984131e-01,-8.82113857e-04,1.45078614e-01,4.10999300e+00,0.00000000e+00,1.31549720e-01,9.17830536e-03,1.28918725e+02,8.99473925e+00
1.37000000e+00,-3.02366930e-02,3.87303169e-01,-5.82598968e-04,1.54477169e-01,4.10999300e+00,0.00000000e+00,1.32774103e-01,9.65458772e-03,1.30118621e+02,9.46149597e+00
1.37200000e+00,-2.94630570e-02,3.86281951e-01,-2.64229942e-04,1.63838597e-01,4.10999300e+00,0.00000000e+00,1.33181269e-01,9.55134400e-03,1.30517644e+02,9.36031712e+00
1.37400000e+00,-2.86917719e-02,3.84950664e-01,7.25746021e-05,1.72928826e-01,4.10999300e+00,0.00000000e+00,1.33718166e-01,9.56276487e-03,1.31043802e+02,9.37150957e+00
1.37600000e+00,-2.79234607e-02,3.83309875e-01,4.27315182e-04,1.81763816e-01,4.10999300e+00,0.00000000e+00,1.34135080e-01,9.51874329e-03,1.31452379e+02,9.32836843e+00
1.37800000e+00,-2.71587388e-02,3.81359481e-01,7.99457728e-04,1.90340628e-01,4.10999300e+00,0.00000000e+00,1.34702463e-01,9.54896712e-03,1.32008413e+02,9.35798777e+00
1.38000000e+00,-2.63982310e-02,3.79096838e-01,1.18851237e-03,1.98669481e-01,4.10999300e+00,0.00000000e+00,1.35214222e-01,9.55064858e-03,1.32509938e+02,9.35963560e+00
1.38200000e+00,-2.56421938e-02,3.77070597e-01,1.59203644e-03,2.03849994e-01,4.10999300e+00,0.00000000e+00,1.22997874e-01,3.51453619e-03,1.20537916e+02,3.44424546e+00
1.38400000e+00,-2.48901285e-02,3.74774555e-01,2.00386184e-03,2.08954512e-01,4.10999300e+00,0.00000000e+00,1.35370966e-01,9.97777432e-03,1.32663546e+02,9.77821883e+00
1.38600000e+00,-2.41435870e-02,3.71741471e-01,2.42950317e-03,2.16531912e-01,4.10999300e+00,0.00000000e+00,1.34114092e-01,9.31002103e-03,1.31431810e+02,9.12382061e+00
1.38800000e+00,-2.34033011e-02,3.68500705e-01,2.86951818e-03,2.23402424e-01,4.10999300e+00,0.00000000e+00,1.34167747e-01,9.11977265e-03,1.31484392e+02,8.93737719e+00
1.39000000e+00,-2.26697729e-02,3.64976802e-01,3.32291834e-03,2.29981166e-01,4.10999300e+00,0.00000000e+00,1.34728077e-01,9.34261636e-03,1.32033515e+02,9.15576403e+00
1.39200000e+00,-2.19435857e-02,3.61165100e-01,3.78929089e-03,2.36332016e-01,4.10999300e+00,0.00000000e+00,1.34949436e-01,9.30505672e-03,1.32250447e+02,9.11895559e+00
1.39400000e+00,-2.12252947e-02,3.57080131e-01,4.26803088e-03,2.42359610e-01,4.10999300e+00,0.00000000e+00,1.35233516e-01,9.34553633e-03,1.32528846e+02,9.15862560e+00
1.39600000e+00,-2.05154434e-02,3.52727922e-01,4.75851054e-03,2.48059051e-01,4.10999300e+00,0.00000000e+00,1.35381820e-01,9.31459723e-03,1.32674184e+02,9.12830528e+00
1.39800000e+00,-1.98145576e-02,3.48113958e-01,5.26003032e-03,2.53403387e-01,4.10999300e+00,0.00000000e+00,1.35609874e-01,9.31442220e-03,1.32897677e+02,9.12813375e+00
1.40000000e+00,-1.91231631e-02,3.43236675e-01,5.77189758e-03,2.58408009e-01,4.10999300e+00,0.00000000e+00,1.35871119e-01,9.33071102e-03,1.33153696e+02,9.14409680e+00
1.40200000e+00,-1.84416131e-02,3.38356109e-01,6.29243241e-03,2.61567986e-01,4.10999300e+00,0.00000000e+00,1.30102819e-01,6.18461423e-03,1.27500762e+02,6.06092195e+00
1.40400000e+00,-1.77698491e-02,3.33309855e-01,6.81788040e-03,2.64294194e-01,4.10999300e+00,0.00000000e+00,1.34238817e-01,9.16992333e-03,1.31554041e+02,8.98652487e+00
1.40600000e+00,-1.71086559e-02,3.27840259e-01,7.35034449e-03,2.68123295e-01,4.10999300e+00,0.00000000e+00,1.34575568e-01,9.25867104e-03,1.31884057e+02,9.07349762e+00
1.40800000e+00,-1.64586357e-02,3.22149276e-01,7.89009645e-03,2.71536759e-01,4.10999300e+00,0.00000000e+00,1.34082633e-01,9.06714235e-03,1.31400980e+02,8.88579950e+00
1.41000000e+00,-1.58201889e-02,3.16263054e-01,8.43617124e-03,2.74469840e-01,4.10999300e+00,0.00000000e+00,1.33902108e-01,9.02922797e-03,1.31224066e+02,8.84864341e+00
1.41200000e+00,-1.51937265e-02,3.10162255e-01,8.98772585e-03,2.77028025e-01,4.10999300e+00,0.00000000e+00,1.33957984e-01,9.06710493e-03,1.31278824e+02,8.88576283e+00
1.41400000e+00,-1.45796841e-02,3.03845164e-01,9.54405263e-03,2.79240182e-01,4.10999300e+00,0.00000000e+00,1.33918072e-01,9.09673927e-03,1.31239710e+02,8.91480448e+00
1.41600000e+00,-1.39784813e-02,2.97325010e-01,1.01044336e-02,2.81072870e-01,4.10999300e+00,0.00000000e+00,1.33768750e-01,9.07036729e-03,1.31093375e+02,8.88895994e+00
1.41800000e+00,-1.33905152e-02,2.90608241e-01,1.06680800e-02,2.82509496e-01,4.10999300e+00,0.00000000e+00,1.33685445e-01,9.07000231e-03,1.31011736e+02,8.88860227e+00
1.42000000e+00,-1.28161787e-02,2.83695853e-01,1.12342183e-02,2.83566275e-01,4.10999300e+00,0.00000000e+00,1.33623295e-01,9.08138051e-03,1.30950829e+02,8.89975290e+00
1.42200000e+00,-1.22558381e-02,2.76623934e-01,1.18017793e-02,2.83774454e-01,4.10999300e+00,0.00000000e+00,1.32810269e-01,8.09941477e-03,1.30154064e+02,7.93742648e+00
1.42400000e+00,-1.17097389e-02,2.69468107e-01,1.23689218e-02,2.83391259e-01,4.10999300e+00,0.00000000e+00,1.31096896e-01,8.65045448e-03,1.28474958e+02,8.47744539e+00
1.42600000e+00,-1.11780587e-02,2.62172751e-01,1.29353837e-02,2.83067125e-01,4.10999300e+00,0.00000000e+00,1.31700807e-01,9.03274722e-03,1.29066791e+02,8.85209227e+00
1.42800000e+00,-1.06611698e-02,2.54694584e-01,1.35010279e-02,2.82499408e-01,4.10999300e+00,0.00000000e+00,1.31118776e-01,8.94743796e-03,1.28496401e+02,8.76848920e+00
1.43000000e+00,-1.01593651e-02,2.47089347e-01,1.40650664e-02,2.81459302e-01,4.10999300e+00,0.00000000e+00,1.30542781e-01,8.84736128e-03,1.27931925e+02,8.67041406e+00
1.43200000e+00,-9.67290020e-03,2.39352450e-01,1.46265895e-02,2.80005768e-01,4.10999300e+00,0.00000000e+00,1.30192685e-01,8.88239811e-03,1.27588831e+02,8.70475015e+00
1.43400000e+00,-9.20204441e-03,2.31481896e-01,1.51848441e-02,2.78184246e-01,4.10999300e+00,0.00000000e+00,1.29790232e-01,8.87317715e-03,1.27194428e+02,8.69571361e+00
1.43600000e+00,-8.74705678e-03,2.23485100e-01,1.57390720e-02,2.75981130e-01,4.10999300e+00,0.00000000e+00,1.29395888e-01,8.87406007e-03,1.26807970e+02,8.69657887e+00
1.43800000e+00,-8.30818537e-03,2.15366267e-01,1.62885239e-02,2.73410924e-01,4.10999300e+00,0.00000000e+00,1.29026231e-01,8.88860928e-03,1.26445706e+02,8.71083709e+00
1.44000000e+00,-7.88566821e-03,2.07132695e-01,1.68324712e-02,2.70474013e-01,4.10999300e+00,0.00000000e+00,1.28594373e-01,8.88258710e-03,1.26022485e+02,8.70493535e+00
1.44200000e+00,-7.47984641e-03,1.98611420e-01,1.73704412e-02,2.67568992e-01,4.10999300e+00,0.00000000e+00,1.32401796e-01,9.72529261e-03,1.29753760e+02,9.53078676e+00
1.44400000e+00,-7.09122133e-03,1.90091944e-01,1.79022882e-02,2.63975601e-01,4.10999300e+00,0.00000000e+00,1.25344814e-01,8.19882063e-03,1.22837918e+02,8.03484422e+00
1.44600000e+00,-6.71938630e-03,1.81710969e-01,1.84258101e-02,2.59581990e-01,4.10999300e+00,0.00000000e+00,1.26095904e-01,8.79532674e-03,1.23573986e+02,8.61942021e+00
1.44800000e+00,-6.36446706e-03,1.73195591e-01,1.89405991e-02,2.55162785e-01,4.10999300e+00,0.00000000e+00,1.25553461e-01,8.88229663e-03,1.23042392e+02,8.70465069e+00
1.45000000e+00,-6.02664289e-03,1.64621773e-01,1.94462113e-02,2.50368769e-01,4.10999300e+00,0.00000000e+00,1.24668780e-01,8.73282394e-03,1.22175404e+02,8.55816746e+00
1.45200000e+00,-5.70601049e-03,1.56002176e-01,1.99417990e-02,2.45161981e-01,4.10999300e+00,0.00000000e+00,1.23970640e-01,8.72597383e-03,1.21491228e+02,8.55145435e+00
1.45400000e+00,-5.40266699e-03,1.47333386e-01,2.04266357e-02,2.39619875e-01,4.10999300e+00,0.00000000e+00,1.23306663e-01,8.72385373e-03,1.20840529e+02,8.54937665e+00
1.45600000e+00,-5.11670682e-03,1.38619777e-01,2.09000649e-02,2.33757477e-01,4.10999300e+00,0.00000000e+00,1.22648029e-01,8.73237925e-03,1.20195069e+02,8.55773166e+00
1.45800000e+00,-4.84821361e-03,1.29867569e-01,2.13614632e-02,2.27591530e-01,4.10999300e+00,0.00000000e+00,1.21981150e-01,8.74834019e-03,1.19541527e+02,8.57337339e+00
1.46000000e+00,-4.59725807e-03,1.21083079e-01,2.18102336e-02,2.21129518e-01,4.10999300e+00,0.00000000e+00,1.21317900e-01,8.75465894e-03,1.18891542e+02,8.57956576e+00
1.46200000e+00,-4.36421270e-03,1.11801519e-01,2.22468591e-02,2.15983943e-01,4.10999300e+00,0.00000000e+00,1.31656755e-01,1.21375911e-02,1.29023620e+02,1.18948392e+01
1.46400000e+00,-4.14999359e-03,1.02607553e-01,2.26736703e-02,2.10089915e-01,4.10999300e+00,0.00000000e+00,1.17483997e-01,7.79549179e-03,1.15134317e+02,7.63958196e+00
1.46600000e+00,-3.95345470e-03,9.39052497e-02,2.30859193e-02,2.02246880e-01,4.10999300e+00,0.00000000e+00,1.18528109e-01,8.63878450e-03,1.16157546e+02,8.46600881e+00
1.46800000e+00,-3.77443369e-03,8.51112894e-02,2.34828231e-02,1.94651837e-01,4.10999300e+00,0.00000000e+00,1.18128500e-01,8.88613281e-03,1.15765930e+02,8.70841016e+00
1.47000000e+00,-3.61300446e-03,7.63249454e-02,2.38643730e-02,1.86826343e-01,4.10999300e+00,0.00000000e+00,1.16996457e-01,8.70330232e-03,1.14656528e+02,8.52923628e+00
1.47200000e+00,-3.46910732e-03,6.75784882e-02,2.42298880e-02,1.78640118e-01,4.10999300e+00,0.00000000e+00,1.15986054e-01,8.65444447e-03,1.13666333e+02,8.48135558e+00
1.47400000e+00,-3.34266458e-03,5.88709295e-02,2.45787433e-02,1.70168729e-01,4.10999300e+00,0.00000000e+00,1.15019749e-01,8.60654777e-03,1.12719354e+02,8.43441682e+00
1.47600000e+00,-3.23360048e-03,5.01980566e-02,2.49104135e-02,1.61473304e-01,4.10999300e+00,0.00000000e+00,1.14249801e-01,8.66154249e-03,1.11964805e+02,8.48831164e+00
1.47800000e+00,-3.14184884e-03,4.15604472e-02,2.52245209e-02,1.52604435e-01,4.10999300e+00,0.00000000e+00,1.13411458e-01,8.69482219e-03,1.11143229e+02,8.52092575e+00
1.48000000e+00,-3.06732802e-03,3.29688317e-02,2.55207074e-02,1.43549811e-01,4.10999300e+00,0.00000000e+00,1.12531610e-01,8.69844897e-03,1.10280977e+02,8.52448000e+00
1.48200000e+00,-3.01043622e-03,2.36832150e-02,2.58004939e-02,1.37155323e-01,4.10999300e+00,0.00000000e+00,1.29127079e-01,1.46811286e-02,1.26544537e+02,1.43875060e+01
1.48400000e+00,-2.97248134e-03,1.45683007e-02,2.60688045e-02,1.29974828e-01,4.10999300e+00,0.00000000e+00,1.08194498e-01,7.43437329e-03,1.06030608e+02,7.28568583e+00
1.48600000e+00,-2.95162734e-03,6.25685842e-03,2.63183704e-02,1.19760298e-01,4.10999300e+00,0.00000000e+00,1.10148028e-01,8.67344242e-03,1.07945067e+02,8.49997357e+00
1.48800000e+00,-2.94749380e-03,-2.11441564e-03,2.65482092e-02,1.10090987e-01,4.10999300e+00,0.00000000e+00,1.09524659e-01,8.91108261e-03,1.07334166e+02,8.73286095e+00
1.49000000e+00,-2.96003580e-03,-1.04118853e-02,2.67586771e-02,1.00335921e-01,4.10999300e+00,0.00000000e+00,1.08491866e-01,8.79807608e-03,1.06322028e+02,8.62211456e+00
1.49200000e+00,-2.98906895e-03,-1.86007792e-02,2.69493914e-02,9.03387400e-02,4.10999300e+00,0.00000000e+00,1.07191031e-01,8.67939701e-03,1.05047210e+02,8.50580907e+00
1.49400000e+00,-3.03436077e-03,-2.66724610e-02,2.71198976e-02,8.01398136e-02,4.10999300e+00,0.00000000e+00,1.06089636e-01,8.62234331e-03,1.03967843e+02,8.44989644e+00
1.49600000e+00,-3.09569122e-03,-3.46427870e-02,2.72698927e-02,6.98539264e-02,4.10999300e+00,0.00000000e+00,1.05290678e-01,8.71534264e-03,1.03184865e+02,8.54103578e+00
1.49800000e+00,-3.17286571e-03,-4.25138018e-02,2.73992935e-02,5.95384127e-02,4.10999300e+00,0.00000000e+00,1.04366792e-01,8.74922259e-03,1.02279456e+02,8.57423813e+00
1.50000000e+00,-3.26567041e-03,-5.02708036e-02,2.75080033e-02,4.91583096e-02,4.10999300e+00,0.00000000e+00,1.03352344e-01,8.73930040e-03,1.01285297e+02,8.56451440e+00
1.50200000e+00,-3.37451836e-03,-5.88819043e-02,2.75984934e-02,4.26276363e-02,4.10999300e+00,0.00000000e+00,1.25179469e-01,1.69616472e-02,1.22675879e+02,1.66224143e+01
1.50400000e+00,-3.50104397e-03,-6.72619525e-02,2.76780030e-02,3.53310885e-02,4.10999300e+00,0.00000000e+00,9.89503592e-02,7.24765952e-03,9.69713520e+01,7.10270633e+00
1.50600000e+00,-3.64286880e-03,-7.45959854e-02,2.77372191e-02,2.41367152e-02,4.10999300e+00,0.00000000e+00,1.01864820e-01,8.86937168e-03,9.98275233e+01,8.69198424e+00
1.50800000e+00,-3.79944588e-03,-8.19569726e-02,2.77750774e-02,1.37336205e-02,4.10999300e+00,0.00000000e+00,1.00828249e-01,8.96688913e-03,9.88116845e+01,8.78755134e+00
1.51000000e+00,-3.97060700e-03,-8.91834350e-02,2.77921783e-02,3.36754509e-03,4.10999300e+00,0.00000000e+00,1.00088983e-01,8.97573606e-03,9.80872035e+01,8.79622134e+00
1.51200000e+00,-4.15607533e-03,-9.62534777e-02,2.77884948e-02,-7.07770354e-03,4.10999300e+00,0.00000000e+00,9.86581776e-02,8.79969483e-03,9.66850140e+01,8.62370093e+00
1.51400000e+00,-4.35550314e-03,-1.03146868e-01,2.77638054e-02,-1.76159974e-02,4.10999300e+00,0.00000000e+00,9.75608234e-02,8.74946312e-03,9.56096070e+01,8.57447386e+00
1.51600000e+00,-4.56855671e-03,-1.09881134e-01,2.77180480e-02,-2.81285674e-02,4.10999300e+00,0.00000000e+00,9.66514730e-02,8.79261739e-03,9.47184435e+01,8.61676504e+00
1.51800000e+00,-4.79492356e-03,-1.16459233e-01,2.76513427e-02,-3.85638732e-02,4.10999300e+00,0.00000000e+00,9.57325544e-02,8.82061208e-03,9.38179034e+01,8.64419984e+00
1.52000000e+00,-5.03428498e-03,-1.22874341e-01,2.75638464e-02,-4.89182155e-02,4.10999300e+00,0.00000000e+00,9.47704989e-02,8.84179747e-03,9.28750889e+01,8.66496152e+00
1.52200000e+00,-5.28706214e-03,-1.30251200e-01,2.74588971e-02,-5.44323688e-02,4.10999300e+00,0.00000000e+00,1.20240895e-01,1.88331510e-02,1.17836077e+02,1.84564880e+01
1.52400000e+00,-5.55511829e-03,-1.37370874e-01,2.73456777e-02,-6.06048774e-02,4.10999300e+00,0.00000000e+00,9.09181652e-02,7.29994453e-03,8.90998019e+01,7.15394564e+00
1.52600000e+00,-5.83574516e-03,-1.43289888e-01,2.72134557e-02,-7.13099004e-02,4.10999300e+00,0.00000000e+00,9.44514779e-02,9.13500296e-03,9.25624483e+01,8.95230290e+00
1.52800000e+00,-6.12827485e-03,-1.49204416e-01,2.70610855e-02,-8.10439710e-02,4.10999300e+00,0.00000000e+00,9.31770355e-02,9.12428284e-03,9.13134948e+01,8.94179718e+00
1.53000000e+00,-6.43244287e-03,-1.54939024e-01,2.68893802e-02,-9.06275347e-02,4.10999300e+00,0.00000000e+00,9.27067204e-02,9.20954957e-03,9.08525860e+01,9.02535858e+00
1.53200000e+00,-6.74790533e-03,-1.60485218e-01,2.66986194e-02,-1.00145076e-01,4.10999300e+00,0.00000000e+00,9.13267075e-02,8.99422901e-03,8.95001734e+01,8.81434443e+00
1.53400000e+00,-7.07423942e-03,-1.65814929e-01,2.64888037e-02,-1.09656912e-01,4.10999300e+00,0.00000000e+00,9.02901481e-02,8.92567445e-03,8.84843452e+01,8.74716096e+00
1.53600000e+00,-7.41103418e-03,-1.70948361e-01,2.62600842e-02,-1.19030028e-01,4.10999300e+00,0.00000000e+00,8.94684565e-02,8.96249979e-03,8.76790873e+01,8.78324979e+00
1.53800000e+00,-7.75790748e-03,-1.75893732e-01,2.60128205e-02,-1.28197757e-01,4.10999300e+00,0.00000000e+00,8.87069640e-02,9.00730651e-03,8.69328247e+01,8.82716038e+00
1.54000000e+00,-8.11448093e-03,-1.80646840e-01,2.57474325e-02,-1.37156459e-01,4.10999300e+00,0.00000000e+00,8.78670716e-02,9.02579160e-03,8.61097301e+01,8.84527577e+00
1.54200000e+00,-8.48115251e-03,-1.86386384e-01,2.54677199e-02,-1.40828159e-01,4.10999300e+00,0.00000000e+00,1.14728627e-01,1.97073446e-02,1.12434055e+02,1.93131977e+01
1.54400000e+00,-8.85985159e-03,-1.91863670e-01,2.51837727e-02,-1.45020145e-01,4.10999300e+00,0.00000000e+00,8.48060076e-02,7.52900867e-03,8.31098874e+01,7.37842849e+00
1.54600000e+00,-9.24777332e-03,-1.96090198e-01,2.48844934e-02,-1.53930724e-01,4.10999300e+00,0.00000000e+00,8.86513513e-02,9.37923968e-03,8.68783243e+01,9.19165489e+00
1.54800000e+00,-9.64419911e-03,-2.00296814e-01,2.45687640e-02,-1.61770064e-01,4.10999300e+00,0.00000000e+00,8.75595073e-02,9.32970870e-03,8.58083172e+01,9.14311453e+00
1.55000000e+00,-1.00488269e-02,-2.04302904e-01,2.42375745e-02,-1.69367443e-01,4.10999300e+00,0.00000000e+00,8.72522062e-02,9.41711271e-03,8.55071620e+01,9.22877046e+00
1.55200000e+00,-1.04612759e-02,-2.08106805e-01,2.38914267e-02,-1.76766136e-01,4.10999300e+00,0.00000000e+00,8.61861271e-02,9.25527871e-03,8.44624045e+01,9.07017313e+00
1.55400000e+00,-1.08811016e-02,-2.11681973e-01,2.35305968e-02,-1.84034548e-01,4.10999300e+00,0.00000000e+00,8.53197187e-02,9.17808131e-03,8.36133243e+01,8.99451969e+00
1.55600000e+00,-1.13078633e-02,-2.15046367e-01,2.31554420e-02,-1.91072788e-01,4.10999300e+00,0.00000000e+00,8.47308178e-02,9.20536410e-03,8.30362014e+01,9.02125682e+00
1.55800000e+00,-1.17411495e-02,-2.18204418e-01,2.27664886e-02,-1.97836689e-01,4.10999300e+00,0.00000000e+00,8.40220176e-02,9.20105246e-03,8.23415772e+01,9.01703141e+00
1.56000000e+00,-1.21805394e-02,-2.21150094e-01,2.23642726e-02,-2.04334623e-01,4.10999300e+00,0.00000000e+00,8.33428870e-02,9.19170422e-03,8.16760293e+01,9.00787014e+00
1.56200000e+00,-1.26262994e-02,-2.24919969e-01,2.19524743e-02,-2.05846961e-01,4.10999300e+00,0.00000000e+00,1.06906064e-01,1.90788196e-02,1.04767942e+02,1.86972432e+01
1.56400000e+00,-1.30800624e-02,-2.28454610e-01,2.15406732e-02,-2.07676235e-01,4.10999300e+00,0.00000000e+00,8.15342978e-02,7.93821211e-03,7.99036118e+01,7.77944787e+00
1.56600000e+00,-1.35393936e-02,-2.30903013e-01,2.11189592e-02,-2.13720490e-01,4.10999300e+00,0.00000000e+00,8.52632964e-02,9.63171610e-03,8.35580305e+01,9.43908178e+00
1.56800000e+00,-1.40036449e-02,-2.33307046e-01,2.06864898e-02,-2.18716901e-01,4.10999300e+00,0.00000000e+00,8.42773134e-02,9.52187689e-03,8.25917672e+01,9.33143935e+00
1.57000000e+00,-1.44724917e-02,-2.35515898e-01,2.02443172e-02,-2.23375017e-01,4.10999300e+00,0.00000000e+00,8.45206659e-02,9.71205820e-03,8.28302526e+01,9.51781704e+00
1.57200000e+00,-1.49455765e-02,-2.37526815e-01,1.97931742e-02,-2.27756416e-01,4.10999300e+00,0.00000000e+00,8.35056056e-02,9.46000842e-03,8.18354935e+01,9.27080825e+00
1.57400000e+00,-1.54224461e-02,-2.39308474e-01,1.93333959e-02,-2.31981203e-01,4.10999300e+00,0.00000000e+00,8.30489449e-02,9.38570133e-03,8.13879660e+01,9.19798730e+00
1.57600000e+00,-1.59026760e-02,-2.40888581e-01,1.88654504e-02,-2.35904552e-01,4.10999300e+00,0.00000000e+00,8.27095090e-02,9.42586115e-03,8.10553188e+01,9.23734392e+00
1.57800000e+00,-1.63858677e-02,-2.42269670e-01,1.83900115e-02,-2.39477256e-01,4.10999300e+00,0.00000000e+00,8.23370895e-02,9.44398663e-03,8.06903477e+01,9.25510689e+00
1.58000000e+00,-1.68716244e-02,-2.43455266e-01,1.79077780e-02,-2.42695146e-01,4.10999300e+00,0.00000000e+00,8.21017211e-02,9.48304957e-03,8.04596867e+01,9.29338858e+00
1.58200000e+00,-1.73600885e-02,-2.45240408e-01,1.74220219e-02,-2.41727181e-01,4.10999300e+00,0.00000000e+00,1.00328021e-01,1.75363152e-02,9.83214606e+01,1.71855889e+01
1.58400000e+00,-1.78524544e-02,-2.46828177e-01,1.69407584e-02,-2.40925078e-01,4.10999300e+00,0.00000000e+00,8.15012608e-02,8.44649185e-03,7.98712356e+01,8.27756201e+00
1.58600000e+00,-1.83468407e-02,-2.47575108e-01,1.64560851e-02,-2.43477496e-01,4.10999300e+00,0.00000000e+00,8.47127100e-02,9.80393354e-03,8.30184558e+01,9.60785487e+00
1.58800000e+00,-1.88427157e-02,-2.48263439e-01,1.59674799e-02,-2.45082847e-01,4.10999300e+00,0.00000000e+00,8.41769197e-02,9.73705066e-03,8.24933813e+01,9.54230965e+00
1.59000000e+00,-1.93397736e-02,-2.48770529e-01,1.54759927e-02,-2.46329742e-01,4.10999300e+00,0.00000000e+00,8.45330403e-02,9.85474902e-03,8.28423795e+01,9.65765404e+00
1.59200000e+00,-1.98376807e-02,-2.49101880e-01,1.49823725e-02,-2.47259286e-01,4.10999300e+00,0.00000000e+00,8.41334038e-02,9.69839247e-03,8.24507357e+01,9.50442463e+00
1.59400000e+00,-2.03360453e-02,-2.49229549e-01,1.44871036e-02,-2.47966821e-01,4.10999300e+00,0.00000000e+00,8.38411702e-02,9.61352381e-03,8.21643468e+01,9.42125333e+00
1.59600000e+00,-2.08344773e-02,-2.49174874e-01,1.39907201e-02,-2.48352059e-01,4.10999300e+00,0.00000000e+00,8.39414678e-02,9.66595921e-03,8.22626384e+01,9.47264002e+00
1.59800000e+00,-2.13326303e-02,-2.48948386e-01,1.34939385e-02,-2.48372733e-01,4.10999300e+00,0.00000000e+00,8.38936781e-02,9.66908834e-03,8.22158045e+01,9.47570657e+00
1.60000000e+00,-2.18301535e-02,-2.48545835e-01,1.29974534e-02,-2.48057113e-01,4.10999300e+00,0.00000000e+00,8.38903144e-02,9.66246946e-03,8.22125082e+01,9.46922007e+00
1.60200000e+00,-2.23270799e-02,-2.48542672e-01,1.25038280e-02,-2.44564990e-01,4.10999300e+00,0.00000000e+00,9.72835202e-02,1.56303770e-02,9.53378498e+01,1.53177695e+01
1.60400000e+00,-2.28242289e-02,-2.48396567e-01,1.20192018e-02,-2.41060052e-01,4.10999300e+00,0.00000000e+00,8.46082406e-02,8.99520888e-03,8.29160758e+01,8.81530470e+00
1.60600000e+00,-2.33202536e-02,-2.47631621e-01,1.15379779e-02,-2.39969806e-01,4.10999300e+00,0.00000000e+00,8.68751677e-02,9.87410422e-03,8.51376644e+01,9.67662213e+00
1.60800000e+00,-2.38147109e-02,-2.46800065e-01,1.10598360e-02,-2.38109487e-01,4.10999300e+00,0.00000000e+00,8.70914141e-02,9.92780157e-03,8.53495858e+01,9.72924554e+00
1.61000000e+00,-2.43073591e-02,-2.45826475e-01,1.05857886e-02,-2.35876272e-01,4.10999300e+00,0.00000000e+00,8.75816971e-02,9.97871545e-03,8.58300631e+01,9.77914114e+00
1.61200000e+00,-2.47979175e-02,-2.44703851e-01,1.01165246e-02,-2.33352506e-01,4.10999300e+00,0.00000000e+00,8.76179414e-02,9.86627574e-03,8.58655826e+01,9.66895023e+00
1.61400000e+00,-2.52860665e-02,-2.43419173e-01,9.65252946e-03,-2.30602421e-01,4.10999300e+00,0.00000000e+00,8.77849319e-02,9.78980269e-03,8.60292333e+01,9.59400664e+00
1.61600000e+00,-2.57714973e-02,-2.41989214e-01,9.19431395e-03,-2.27553897e-01,4.10999300e+00,0.00000000e+00,8.81915443e-02,9.83688536e-03,8.64277134e+01,9.64014765e+00
1.61800000e+00,-2.62539315e-02,-2.40421544e-01,8.74253202e-03,-2.24178185e-01,4.10999300e+00,0.00000000e+00,8.85115690e-02,9.82981208e-03,8.67413377e+01,9.63321584e+00
1.62000000e+00,-2.67330880e-02,-2.38710715e-01,8.29779510e-03,-2.20511668e-01,4.10999300e+00,0.00000000e+00,8.87646238e-02,9.81046980e-03,8.69893314e+01,9.61426041e+00
1.62200000e+00,-2.72089019e-02,-2.37191084e-01,7.86184816e-03,-2.14801241e-01,4.10999300e+00,0.00000000e+00,9.68701521e-02,1.34951271e-02,9.49327491e+01,1.32252245e+01
1.62400000e+00,-2.76817957e-02,-2.35586386e-01,7.43868605e-03,-2.08946808e-01,4.10999300e+00,0.00000000e+00,9.06432447e-02,9.50559449e-03,8.88303798e+01,9.31548260e+00
1.62600000e+00,-2.81509963e-02,-2.33604976e-01,7.02508971e-03,-2.04549124e-01,4.10999300e+00,0.00000000e+00,9.19056523e-02,9.84480106e-03,9.00675393e+01,9.64790504e+00
1.62800000e+00,-2.86161736e-02,-2.31560639e-01,6.62085470e-03,-1.99603778e-01,4.10999300e+00,0.00000000e+00,9.29784632e-02,1.00756753e-02,9.11188940e+01,9.87416178e+00
1.63000000e+00,-2.90771811e-02,-2.29429692e-01,6.22693198e-03,-1.94272397e-01,4.10999300e+00,0.00000000e+00,9.36537797e-02,1.00901855e-02,9.17807041e+01,9.88838183e+00
1.63200000e+00,-2.95338144e-02,-2.27181753e-01,5.84390504e-03,-1.88731149e-01,4.10999300e+00,0.00000000e+00,9.39813686e-02,9.96675265e-03,9.21017413e+01,9.76741760e+00
1.63400000e+00,-2.99858286e-02,-2.24814630e-01,5.47212895e-03,-1.83007568e-01,4.10999300e+00,0.00000000e+00,9.45682689e-02,9.93947269e-03,9.26769036e+01,9.74068323e+00
1.63600000e+00,-3.04330045e-02,-2.22344938e-01,5.11203418e-03,-1.77044898e-01,4.10999300e+00,0.00000000e+00,9.52450090e-02,9.95176243e-03,9.33401088e+01,9.75272718e+00
1.63800000e+00,-3.08751446e-02,-2.19779647e-01,4.76411958e-03,-1.70826929e-01,4.10999300e+00,0.00000000e+00,9.59541188e-02,9.97580729e-03,9.40350364e+01,9.77629114e+00
1.64000000e+00,-3.13120595e-02,-2.17118929e-01,4.42889128e-03,-1.64361767e-01,4.10999300e+00,0.00000000e+00,9.65925618e-02,9.98909695e-03,9.46607105e+01,9.78931501e+00
1.64200000e+00,-3.17436618e-02,-2.14520335e-01,4.10739989e-03,-1.56805690e-01,4.10999300e+00,0.00000000e+00,1.00939845e-01,1.18034172e-02,9.89210479e+01,1.15673489e+01
1.64400000e+00,-3.21701130e-02,-2.11880027e-01,3.80179140e-03,-1.49065238e-01,4.10999300e+00,0.00000000e+00,9.91096080e-02,9.93624789e-03,9.71274158e+01,9.73752293e+00
1.64600000e+00,-3.25910537e-02,-2.09047413e-01,3.51068518e-03,-1.42005387e-01,4.10999300e+00,0.00000000e+00,9.98939240e-02,9.95610276e-03,9.78960455e+01,9.75698071e+00
1.64800000e+00,-3.30062646e-02,-2.06157674e-01,3.23396168e-03,-1.34657832e-01,4.10999300e+00,0.00000000e+00,1.01176009e-01,1.01418463e-02,9.91524883e+01,9.93900933e+00
1.65000000e+00,-3.34156502e-02,-2.03216644e-01,2.97223519e-03,-1.27038293e-01,4.10999300e+00,0.00000000e+00,1.02049241e-01,1.01500044e-02,1.00008256e+02,9.94700430e+00
1.65200000e+00,-3.38190841e-02,-2.00205061e-01,2.72590712e-03,-1.19270844e-01,4.10999300e+00,0.00000000e+00,1.02832974e-01,1.00972487e-02,1.00776314e+02,9.89530373e+00
1.65400000e+00,-3.42164242e-02,-1.97124084e-01,2.49523476e-03,-1.11378989e-01,4.10999300e+00,0.00000000e+00,1.03683823e-01,1.00783905e-02,1.01610146e+02,9.87682267e+00
1.65600000e+00,-3.46075379e-02,-1.93979363e-01,2.28048344e-03,-1.03348744e-01,4.10999300e+00,0.00000000e+00,1.04548992e-01,1.00776720e-02,1.02458013e+02,9.87611857e+00
1.65800000e+00,-3.49923025e-02,-1.90775980e-01,2.08193101e-03,-9.51816747e-02,4.10999300e+00,0.00000000e+00,1.05467004e-01,1.00786150e-02,1.03357664e+02,9.87704270e+00
1.66000000e+00,-3.53706037e-02,-1.87515376e-01,1.89983363e-03,-8.68992840e-02,4.10999300e+00,0.00000000e+00,1.06313365e-01,1.00562188e-02,1.04187098e+02,9.85509440e+00
1.66200000e+00,-3.57423497e-02,-1.84233365e-01,1.73453328e-03,-7.83178385e-02,4.10999300e+00,0.00000000e+00,1.08014819e-01,1.04667193e-02,1.05854522e+02,1.02573849e+01
1.66400000e+00,-3.61075234e-02,-1.80930730e-01,1.58664709e-03,-6.96091656e-02,4.10999300e+00,0.00000000e+00,1.08825892e-01,1.01084322e-02,1.06649374e+02,9.90626359e+00
1.66600000e+00,-3.64660350e-02,-1.77571649e-01,1.45602084e-03,-6.10141478e-02,4.10999300e+00,0.00000000e+00,1.09636130e-01,1.00380411e-02,1.07443407e+02,9.83728027e+00
1.66800000e+00,-3.68177811e-02,-1.74169196e-01,1.34263035e-03,-5.23593671e-02,4.10999300e+00,0.00000000e+00,1.10697674e-01,1.00683626e-02,1.08483721e+02,9.86699531e+00
1.67000000e+00,-3.71626924e-02,-1.70737712e-01,1.24664192e-03,-4.36167681e-02,4.10999300e+00,0.00000000e+00,1.11787324e-01,1.00816821e-02,1.09551577e+02,9.88004850e+00
1.67200000e+00,-3.75007124e-02,-1.67276963e-01,1.16820163e-03,-3.48166418e-02,4.10999300e+00,0.00000000e+00,1.12787293e-01,1.00734659e-02,1.10531548e+02,9.87199654e+00
1.67400000e+00,-3.78317800e-02,-1.63785788e-01,1.10740041e-03,-2.59789444e-02,4.10999300e+00,0.00000000e+00,1.13793172e-01,1.00700801e-02,1.11517309e+02,9.86867847e+00
1.67600000e+00,-3.81558385e-02,-1.60269047e-01,1.06430004e-03,-1.71199758e-02,4.10999300e+00,0.00000000e+00,1.14849584e-01,1.00529269e-02,1.12552593e+02,9.85186837e+00
1.67800000e+00,-3.84728427e-02,-1.56732024e-01,1.03893919e-03,-8.23297969e-03,4.10999300e+00,0.00000000e+00,1.15921469e-01,1.00890559e-02,1.13603039e+02,9.88727478e+00
1.68000000e+00,-3.87827518e-02,-1.53172788e-01,1.03137205e-03,6.59912476e-04,4.10999300e+00,0.00000000e+00,1.16874893e-01,1.00508604e-02,1.14537396e+02,9.84984319e+00
1.68200000e+00,-3.90854985e-02,-1.49560633e-01,1.04140521e-03,9.29239018e-03,4.10999300e+00,0.00000000e+00,1.17170993e-01,9.55322220e-03,1.14827573e+02,9.36215775e+00
1.68400000e+00,-3.93809848e-02,-1.45934162e-01,1.06856509e-03,1.79600611e-02,4.10999300e+00,0.00000000e+00,1.18967320e-01,1.01600307e-02,1.16587973e+02,9.95683007e+00
1.68600000e+00,-3.96692485e-02,-1.42327647e-01,1.11340034e-03,2.68600561e-02,4.10999300e+00,0.00000000e+00,1.20005202e-01,1.01012826e-02,1.17605098e+02,9.89925697e+00
1.68800000e+00,-3.99502837e-02,-1.38703606e-01,1.17592626e-03,3.56414806e-02,4.10999300e+00,0.00000000e+00,1.20866728e-01,9.99687926e-03,1.18449393e+02,9.79694168e+00
1.69000000e+00,-4.02240507e-02,-1.35061234e-01,1.25588699e-03,4.43040084e-02,4.10999300e+00,0.00000000e+00,1.21826562e-01,9.96240599e-03,1.19390030e+02,9.76315787e+00
1.69200000e+00,-4.04905293e-02,-1.31419790e-01,1.35311476e-03,5.29252432e-02,4.10999300e+00,0.00000000e+00,1.23078611e-01,1.00455838e-02,1.20617039e+02,9.84467210e+00
1.69400000e+00,-4.07497346e-02,-1.27785415e-01,1.46755769e-03,6.15010787e-02,4.10999300e+00,0.00000000e+00,1.24122519e-01,1.00270956e-02,1.21640068e+02,9.82655369e+00
1.69600000e+00,-4.10016718e-02,-1.24152274e-01,1.59904908e-03,6.99719303e-02,4.10999300e+00,0.00000000e+00,1.25178925e-01,1.00096023e-02,1.22675347e+02,9.80941029e+00
1.69800000e+00,-4.12463476e-02,-1.20525058e-01,1.74737333e-03,7.83346741e-02,4.10999300e+00,0.00000000e+00,1.26273138e-01,1.00086482e-02,1.23747676e+02,9.80847528e+00
1.70000000e+00,-4.14837787e-02,-1.16907852e-01,1.91231302e-03,8.65853003e-02,4.10999300e+00,0.00000000e+00,1.27365819e-01,1.00065200e-02,1.24818502e+02,9.80638956e+00
1.70200000e+00,-4.17138898e-02,-1.13156805e-01,2.09309875e-03,9.39123819e-02,4.10999300e+00,0.00000000e+00,1.25039197e-01,8.32528382e-03,1.22538413e+02,8.15877815e+00
1.70400000e+00,-4.19363931e-02,-1.09386608e-01,2.28793450e-03,1.01197328e-01,4.10999300e+00,0.00000000e+00,1.28750253e-01,1.01935517e-02,1.26175248e+02,9.98968065e+00
1.70600000e+00,-4.21515212e-02,-1.05743818e-01,2.49834823e-03,1.09172486e-01,4.10999300e+00,0.00000000e+00,1.29787370e-01,1.00713596e-02,1.27191622e+02,9.86993236e+00
1.70800000e+00,-4.23593598e-02,-1.02088140e-01,2.72440106e-03,1.16812607e-01,4.10999300e+00,0.00000000e+00,1.30160645e-01,9.81009323e-03,1.27557432e+02,9.61389137e+00
1.71000000e+00,-4.25598678e-02,-9.84235327e-02,2.96541903e-03,1.24183315e-01,4.10999300e+00,0.00000000e+00,1.31230483e-01,9.84715642e-03,1.28605874e+02,9.65021329e+00
1.71200000e+00,-4.27530724e-02,-9.47866339e-02,3.22106486e-03,1.31449851e-01,4.10999300e+00,0.00000000e+00,1.32400166e-01,9.95367288e-03,1.29752162e+02,9.75459942e+00
1.71400000e+00,-4.29390328e-02,-9.11774280e-02,3.49112848e-03,1.38581475e-01,4.10999300e+00,0.00000000e+00,1.33410385e-01,9.94685736e-03,1.30742178e+02,9.74792021e+00
1.71600000e+00,-4.31177958e-02,-8.75887475e-02,3.77524793e-03,1.45498868e-01,4.10999300e+00,0.00000000e+00,1.34353738e-01,9.90704681e-03,1.31666664e+02,9.70890587e+00
1.71800000e+00,-4.32894041e-02,-8.40246217e-02,4.07298217e-03,1.52203606e-01,4.10999300e+00,0.00000000e+00,1.35399616e-01,9.92307955e-03,1.32691623e+02,9.72461796e+00
1.72000000e+00,-4.34539148e-02,-8.04912489e-02,4.38393037e-03,1.58710403e-01,4.10999300e+00,0.00000000e+00,1.36429741e-01,9.93310955e-03,1.33701146e+02,9.73444736e+00
1.72200000e+00,-4.36112103e-02,-7.67195788e-02,4.70675403e-03,1.63612816e-01,4.10999300e+00,0.00000000e+00,1.31130336e-01,7.01444866e-03,1.28507729e+02,6.87415968e+00
1.72400000e+00,-4.37607879e-02,-7.29401573e-02,5.03835307e-03,1.68472261e-01,4.10999300e+00,0.00000000e+00,1.37485415e-01,1.03148454e-02,1.34735706e+02,1.01085485e+01
1.72600000e+00,-4.39031262e-02,-6.93936802e-02,5.38139586e-03,1.74460837e-01,4.10999300e+00,0.00000000e+00,1.37750030e-01,9.87206855e-03,1.34995030e+02,9.67462718e+00
1.72800000e+00,-4.40383378e-02,-6.58099458e-02,5.73577994e-03,1.79824769e-01,4.10999300e+00,0.00000000e+00,1.37733173e-01,9.50775138e-03,1.34978509e+02,9.31759635e+00
1.73000000e+00,-4.41663687e-02,-6.22303442e-02,6.10048258e-03,1.84870190e-01,4.10999300e+00,0.00000000e+00,1.38906404e-01,9.72245297e-03,1.36128276e+02,9.52800391e+00
1.73200000e+00,-4.42872935e-02,-5.87021883e-02,6.47518070e-03,1.89795625e-01,4.10999300e+00,0.00000000e+00,1.39936893e-01,9.78916247e-03,1.37138155e+02,9.59337923e+00
1.73400000e+00,-4.44012031e-02,-5.52124445e-02,6.85951312e-03,1.94493143e-01,4.10999300e+00,0.00000000e+00,1.40748134e-01,9.79116438e-03,1.37933171e+02,9.59534110e+00
1.73600000e+00,-4.45081619e-02,-5.17506829e-02,7.25296406e-03,1.98906879e-01,4.10999300e+00,0.00000000e+00,1.41478042e-01,9.75375465e-03,1.38648481e+02,9.55867956e+00
1.73800000e+00,-4.46082274e-02,-4.83213328e-02,7.65495612e-03,2.03043875e-01,4.10999300e+00,0.00000000e+00,1.42336391e-01,9.78285555e-03,1.39489663e+02,9.58719843e+00
1.74000000e+00,-4.47014741e-02,-4.49322445e-02,8.06496641e-03,2.06921171e-01,4.10999300e+00,0.00000000e+00,1.43193912e-01,9.79277031e-03,1.40330033e+02,9.59691491e+00
1.74200000e+00,-4.47877109e-02,-4.11748611e-02,8.48117561e-03,2.08600998e-01,4.10999300e+00,0.00000000e+00,1.34449092e-01,5.76398636e-03,1.31760110e+02,5.64870663e+00
1.74400000e+00,-4.48661666e-02,-3.74070362e-02,8.89935226e-03,2.10253455e-01,4.10999300e+00,0.00000000e+00,1.43606269e-01,1.03323148e-02,1.40734144e+02,1.01256685e+01
1.74600000e+00,-4.49375702e-02,-3.39860361e-02,9.32322625e-03,2.13461064e-01,4.10999300e+00,0.00000000e+00,1.43150275e-01,9.63241607e-03,1.40287270e+02,9.43976775e+00
1.74800000e+00,-4.50020739e-02,-3.05097754e-02,9.75264588e-03,2.15842802e-01,4.10999300e+00,0.00000000e+00,1.42855693e-01,9.21124446e-03,1.39998579e+02,9.02701957e+00
1.75000000e+00,-4.50596176e-02,-2.70458647e-02,1.01863829e-02,2.17902740e-01,4.10999300e+00,0.00000000e+00,1.43922792e-01,9.57574711e-03,1.41044337e+02,9.38423217e+00
1.75200000e+00,-4.51102982e-02,-2.36432457e-02,1.06241783e-02,2.19844822e-01,4.10999300e+00,0.00000000e+00,1.44715561e-01,9.58847243e-03,1.41821250e+02,9.39670298e+00
1.75400000e+00,-4.51542157e-02,-2.02783622e-02,1.10655718e-02,2.21501306e-01,4.10999300e+00,0.00000000e+00,1.45176832e-01,9.60614369e-03,1.42273295e+02,9.41402082e+00
1.75600000e+00,-4.51914294e-02,-1.69401050e-02,1.15099711e-02,2.22839272e-01,4.10999300e+00,0.00000000e+00,1.45655176e-01,9.55418888e-03,1.42742073e+02,9.36310510e+00
1.75800000e+00,-4.52220026e-02,-1.36415544e-02,1.19567272e-02,2.23874796e-01,4.10999300e+00,0.00000000e+00,1.46367747e-01,9.60910088e-03,1.43440392e+02,9.41691887e+00
1.76000000e+00,-4.52460230e-02,-1.03840136e-02,1.24052801e-02,2.24625083e-01,4.10999300e+00,0.00000000e+00,1.46822867e-01,9.59593715e-03,1.43886410e+02,9.40401841e+00
1.76200000e+00,-4.52632380e-02,-6.67555970e-03,1.28535571e-02,2.22870115e-01,4.10999300e+00,0.00000000e+00,1.35986136e-01,4.99136250e-03,1.33266414e+02,4.89153525e+00
1.76400000e+00,-4.52727179e-02,-2.95619447e-03,1.32967828e-02,2.21148271e-01,4.10999300e+00,0.00000000e+00,1.46661087e-01,1.02996679e-02,1.43727865e+02,1.00936745e+01
1.76600000e+00,-4.52753310e-02,3.60956866e-04,1.37393418e-02,2.21213781e-01,4.10999300e+00,0.00000000e+00,1.45419606e-01,9.37514147e-03,1.42511214e+02,9.18763864e+00
1.76800000e+00,-4.52712162e-02,3.76492105e-03,1.41809872e-02,2.20303402e-01,4.10999300e+00,0.00000000e+00,1.44612759e-01,8.88251754e-03,1.41720504e+02,8.70486719e+00
1.77000000e+00,-4.52602811e-02,7.15413212e-03,1.46203582e-02,2.19097170e-01,4.10999300e+00,0.00000000e+00,1.45688980e-01,9.38232117e-03,1.42775200e+02,9.19467475e+00
1.77200000e+00,-4.52426456e-02,1.04745482e-02,1.50573365e-02,2.17831788e-01,4.10999300e+00,0.00000000e+00,1.46089934e-01,9.38311425e-03,1.43168135e+02,9.19545197e+00
1.77400000e+00,-4.52184038e-02,1.37636690e-02,1.54914823e-02,2.16261868e-01,4.10999300e+00,0.00000000e+00,1.46235813e-01,9.36392266e-03,1.43311097e+02,9.17664420e+00
1.77600000e+00,-4.51876047e-02,1.70320737e-02,1.59221652e-02,2.14363844e-01,4.10999300e+00,0.00000000e+00,1.46335949e-01,9.31043613e-03,1.43409230e+02,9.12422740e+00
1.77800000e+00,-4.51502967e-02,2.02685792e-02,1.63487424e-02,2.12172943e-01,4.10999300e+00,0.00000000e+00,1.46689896e-01,9.35944896e-03,1.43756098e+02,9.17225998e+00
1.78000000e+00,-4.51065574e-02,2.34645617e-02,1.67706851e-02,2.09724334e-01,4.10999300e+00,0.00000000e+00,1.46938879e-01,9.37325995e-03,1.44000102e+02,9.18579475e+00
1.78200000e+00,-4.50561204e-02,2.71377354e-02,1.71859595e-02,2.04755685e-01,4.10999300e+00,0.00000000e+00,1.35141790e-01,4.66483538e-03,1.32438955e+02,4.57153868e+00
1.78400000e+00,-4.49979968e-02,3.08254375e-02,1.75897622e-02,1.99868331e-01,4.10999300e+00,0.00000000e+00,1.46140619e-01,1.01230893e-02,1.43217806e+02,9.92062756e+00
1.78600000e+00,-4.49331041e-02,3.40848956e-02,1.79866894e-02,1.96865876e-01,4.10999300e+00,0.00000000e+00,1.44632210e-01,9.18942758e-03,1.41739566e+02,9.00563903e+00
1.78800000e+00,-4.48615921e-02,3.74419481e-02,1.83765767e-02,1.92890027e-01,4.10999300e+00,0.00000000e+00,1.43289970e-01,8.63848521e-03,1.40424170e+02,8.46571551e+00
1.79000000e+00,-4.47833374e-02,4.07974105e-02,1.87580609e-02,1.88631226e-01,4.10999300e+00,0.00000000e+00,1.44044309e-01,9.14223975e-03,1.41163423e+02,8.95939496e+00
1.79200000e+00,-4.46984456e-02,4.40882641e-02,1.91310998e-02,1.84369711e-01,4.10999300e+00,0.00000000e+00,1.44120168e-01,9.16742592e-03,1.41237765e+02,8.98407740e+00
1.79400000e+00,-4.46070034e-02,4.73505547e-02,1.94953732e-02,1.79858468e-01,4.10999300e+00,0.00000000e+00,1.43978614e-01,9.14027465e-03,1.41099041e+02,8.95746915e+00
1.79600000e+00,-4.45090553e-02,5.05949762e-02,1.98503476e-02,1.75068131e-01,4.10999300e+00,0.00000000e+00,1.43751399e-01,9.09064832e-03,1.40876371e+02,8.90883535e+00
1.79800000e+00,-4.44046448e-02,5.38073790e-02,2.01954969e-02,1.70054566e-01,4.10999300e+00,0.00000000e+00,1.43887620e-01,9.16682475e-03,1.41009867e+02,8.98348826e+00
1.80000000e+00,-4.42938487e-02,5.69853422e-02,2.05304346e-02,1.64844077e-01,4.10999300e+00,0.00000000e+00,1.43664687e-01,9.15789816e-03,1.40791394e+02,8.97474020e+00
1.80200000e+00,-4.41764275e-02,6.05771293e-02,2.08534281e-02,1.57466198e-01,4.10999300e+00,0.00000000e+00,1.33273197e-01,5.08162350e-03,1.30607733e+02,4.97999103e+00
1.80400000e+00,-4.40515284e-02,6.41866351e-02,2.11603930e-02,1.50228545e-01,4.10999300e+00,0.00000000e+00,1.42246350e-01,9.89400311e-03,1.39401423e+02,9.69612305e+00
1.80600000e+00,-4.39199160e-02,6.74437002e-02,2.14554578e-02,1.44664123e-01,4.10999300e+00,0.00000000e+00,1.40447633e-01,9.01746161e-03,1.37638680e+02,8.83711238e+00
1.80800000e+00,-4.37816885e-02,7.07983519e-02,2.17384572e-02,1.38211440e-01,4.10999300e+00,0.00000000e+00,1.38851257e-01,8.43640944e-03,1.36074232e+02,8.26768125e+00
1.81000000e+00,-4.36367234e-02,7.41517651e-02,2.20081560e-02,1.31537403e-01,4.10999300e+00,0.00000000e+00,1.39306934e-01,8.94086656e-03,1.36520795e+02,8.76204923e+00
1.81200000e+00,-4.34851256e-02,7.74390035e-02,2.22646626e-02,1.24947014e-01,4.10999300e+00,0.00000000e+00,1.39173499e-01,8.98110808e-03,1.36390029e+02,8.80148592e+00
1.81400000e+00,-4.33269856e-02,8.06988833e-02,2.25078446e-02,1.18207491e-01,4.10999300e+00,0.00000000e+00,1.38668607e-01,8.97797405e-03,1.35895234e+02,8.79841457e+00
1.81600000e+00,-4.31623381e-02,8.39466886e-02,2.27373591e-02,1.11267779e-01,4.10999300e+00,0.00000000e+00,1.38124850e-01,8.89160645e-03,1.35362353e+02,8.71377432e+00
1.81800000e+00,-4.29912149e-02,8.71704604e-02,2.29528059e-02,1.04163352e-01,4.10999300e+00,0.00000000e+00,1.37846467e-01,8.94291202e-03,1.35089537e+02,8.76405378e+00
1.82000000e+00,-4.28136736e-02,9.03682229e-02,2.31539353e-02,9.69431448e-02,4.10999300e+00,0.00000000e+00,1.37296362e-01,8.93884928e-03,1.34550435e+02,8.76007229e+00
1.82200000e+00,-4.26295147e-02,9.39069432e-02,2.33394615e-02,8.80476173e-02,4.10999300e+00,0.00000000e+00,1.28389820e-01,5.69486168e-03,1.25822024e+02,5.58096445e+00
1.82400000e+00,-4.24380423e-02,9.74509373e-02,2.35062951e-02,7.94058626e-02,4.10999300e+00,0.00000000e+00,1.35625020e-01,9.71363251e-03,1.32912520e+02,9.51935986e+00
1.82600000e+00,-4.22399087e-02,1.00698293e-01,2.36580340e-02,7.21876368e-02,4.10999300e+00,0.00000000e+00,1.33717244e-01,8.90250747e-03,1.31042899e+02,8.72445732e+00
1.82800000e+00,-4.20351881e-02,1.04037235e-01,2.37945515e-02,6.42284068e-02,4.10999300e+00,0.00000000e+00,1.31827267e-01,8.35649615e-03,1.29190722e+02,8.18936623e+00
1.83000000e+00,-4.18237569e-02,1.07380385e-01,2.39148509e-02,5.61241780e-02,4.10999300e+00,0.00000000e+00,1.31906657e-01,8.77334058e-03,1.29268524e+02,8.59787377e+00
1.83200000e+00,-4.16057101e-02,1.10658294e-01,2.40191740e-02,4.82085611e-02,4.10999300e+00,0.00000000e+00,1.31585203e-01,8.90466060e-03,1.28953499e+02,8.72656739e+00
1.83400000e+00,-4.13811444e-02,1.13905232e-01,2.41076617e-02,4.02577431e-02,4.10999300e+00,0.00000000e+00,1.30810445e-01,8.82910090e-03,1.28194236e+02,8.65251888e+00
1.83600000e+00,-4.11500967e-02,1.17140797e-01,2.41801303e-02,3.21948450e-02,4.10999300e+00,0.00000000e+00,1.29978082e-01,8.77621527e-03,1.27378520e+02,8.60069097e+00
1.83800000e+00,-4.09125956e-02,1.20354862e-01,2.42364084e-02,2.40828708e-02,4.10999300e+00,0.00000000e+00,1.29387186e-01,8.80979830e-03,1.26799443e+02,8.63360233e+00
1.84000000e+00,-4.06686961e-02,1.23540624e-01,2.42764605e-02,1.59689932e-02,4.10999300e+00,0.00000000e+00,1.28661458e-01,8.83274895e-03,1.26088229e+02,8.65609397e+00
1.84200000e+00,-4.04182759e-02,1.26962048e-01,2.42995331e-02,6.72845733e-03,4.10999300e+00,0.00000000e+00,1.21849757e-01,6.48152049e-03,1.19412762e+02,6.35189008e+00
1.84400000e+00,-4.01608576e-02,1.30369028e-01,2.43035744e-02,-2.21198573e-03,4.10999300e+00,0.00000000e+00,1.26911861e-01,9.47226048e-03,1.24373624e+02,9.28281527e+00
1.84600000e+00,-3.98969580e-02,1.33538798e-01,2.42914502e-02,-1.00049083e-02,4.10999300e+00,0.00000000e+00,1.25251360e-01,8.87599037e-03,1.22746333e+02,8.69847057e+00
1.84800000e+00,-3.96266672e-02,1.36761321e-01,2.42632508e-02,-1.82537887e-02,4.10999300e+00,0.00000000e+00,1.23485843e-01,8.47826203e-03,1.21016126e+02,8.30869679e+00
1.85000000e+00,-3.93499127e-02,1.39983803e-01,2.42184039e-02,-2.65494294e-02,4.10999300e+00,0.00000000e+00,1.23006263e-01,8.71717742e-03,1.20546138e+02,8.54283388e+00
1.85200000e+00,-3.90667665e-02,1.43154557e-01,2.41571913e-02,-3.46377602e-02,4.10999300e+00,0.00000000e+00,1.22396154e-01,8.82927081e-03,1.19948231e+02,8.65268540e+00
1.85400000e+00,-3.87773185e-02,1.46289240e-01,2.40799102e-02,-4.26401450e-02,4.10999300e+00,0.00000000e+00,1.21499141e-01,8.79044426e-03,1.19069158e+02,8.61463537e+00
1.85600000e+00,-3.84816242e-02,1.49401847e-01,2.39866474e-02,-5.06175634e-02,4.10999300e+00,0.00000000e+00,1.20510892e-01,8.75170089e-03,1.18100674e+02,8.57666687e+00
1.85800000e+00,-3.81797332e-02,1.52481322e-01,2.38774955e-02,-5.85116346e-02,4.10999300e+00,0.00000000e+00,1.19821536e-01,8.81269023e-03,1.17425105e+02,8.63643642e+00
1.86000000e+00,-3.78717269e-02,1.55518873e-01,2.37526816e-02,-6.62845429e-02,4.10999300e+00,0.00000000e+00,1.18988629e-01,8.83089645e-03,1.16608857e+02,8.65427852e+00
1.86200000e+00,-3.75575758e-02,1.58679324e-01,2.36119797e-02,-7.46238436e-02,4.10999300e+00,0.00000000e+00,1.14397902e-01,7.42614829e-03,1.12109944e+02,7.27762532e+00
1.86400000e+00,-3.72370361e-02,1.61800015e-01,2.34544329e-02,-8.25932462e-02,4.10999300e+00,0.00000000e+00,1.17314030e-01,9.38563370e-03,1.14967750e+02,9.19792102e+00
1.86600000e+00,-3.69104951e-02,1.64741676e-01,2.32821698e-02,-8.97179785e-02,4.10999300e+00,0.00000000e+00,1.15927738e-01,8.95591079e-03,1.13609183e+02,8.77679258e+00
1.86800000e+00,-3.65780547e-02,1.67705368e-01,2.30954010e-02,-9.70827583e-02,4.10999300e+00,0.00000000e+00,1.14097480e-01,8.61795403e-03,1.11815530e+02,8.44559495e+00
1.87000000e+00,-3.62396768e-02,1.70664302e-01,2.28938587e-02,-1.04417629e-01,4.10999300e+00,0.00000000e+00,1.13288772e-01,8.73378283e-03,1.11022997e+02,8.55910718e+00
1.87200000e+00,-3.58954368e-02,1.73564345e-01,2.26779114e-02,-1.11481106e-01,4.10999300e+00,0.00000000e+00,1.12675370e-01,8.88201752e-03,1.10421862e+02,8.70437717e+00
1.87400000e+00,-3.55454528e-02,1.76414369e-01,2.24480718e-02,-1.18338305e-01,4.10999300e+00,0.00000000e+00,1.11612223e-01,8.84122555e-03,1.09379979e+02,8.66440104e+00
1.87600000e+00,-3.51898034e-02,1.79228179e-01,2.22046320e-02,-1.25084789e-01,4.10999300e+00,0.00000000e+00,1.10629844e-01,8.76939636e-03,1.08417247e+02,8.59400843e+00
1.87800000e+00,-3.48285713e-02,1.81995075e-01,2.19478615e-02,-1.31638048e-01,4.10999300e+00,0.00000000e+00,1.09770992e-01,8.88268611e-03,1.07575572e+02,8.70503239e+00
1.88000000e+00,-3.44618565e-02,1.84711996e-01,2.16782328e-02,-1.37961769e-01,4.10999300e+00,0.00000000e+00,1.08815126e-01,8.86860582e-03,1.06638823e+02,8.69123370e+00
1.88200000e+00,-3.40896937e-02,1.87473360e-01,2.13959092e-02,-1.44443284e-01,4.10999300e+00,0.00000000e+00,1.05705632e-01,8.15076865e-03,1.03591519e+02,7.98775327e+00
1.88400000e+00,-3.37120165e-02,1.90154559e-01,2.11007430e-02,-1.50499960e-01,4.10999300e+00,0.00000000e+00,1.07616405e-01,9.34124051e-03,1.05464077e+02,9.15441570e+00
1.88600000e+00,-3.33291861e-02,1.92669810e-01,2.07943506e-02,-1.55894780e-01,4.10999300e+00,0.00000000e+00,1.06468555e-01,9.10450136e-03,1.04339184e+02,8.92241133e+00
1.88800000e+00,-3.29413485e-02,1.95168150e-01,2.04771426e-02,-1.61321504e-01,4.10999300e+00,0.00000000e+00,1.04855739e-01,8.82333375e-03,1.02758624e+02,8.64686708e+00
1.89000000e+00,-3.25485316e-02,1.97639337e-01,2.01491241e-02,-1.66658976e-01,4.10999300e+00,0.00000000e+00,1.03906489e-01,8.82543597e-03,1.01828359e+02,8.64892725e+00
1.89200000e+00,-3.21508401e-02,2.00037086e-01,1.98107134e-02,-1.71686444e-01,4.10999300e+00,0.00000000e+00,1.03335193e-01,8.99266818e-03,1.01268489e+02,8.81281482e+00
1.89400000e+00,-3.17484353e-02,2.02356743e-01,1.94625920e-02,-1.76393534e-01,4.10999300e+00,0.00000000e+00,1.02455885e-01,9.00253169e-03,1.00406767e+02,8.82248106e+00
1.89600000e+00,-3.13414541e-02,2.04615049e-01,1.91052941e-02,-1.80868316e-01,4.10999300e+00,0.00000000e+00,1.01455743e-01,8.97169915e-03,9.94266286e+01,8.79226517e+00
1.89800000e+00,-3.09300205e-02,2.06805288e-01,1.87392884e-02,-1.85088563e-01,4.10999300e+00,0.00000000e+00,1.00696770e-01,9.01567727e-03,9.86828345e+01,8.83536373e+00
1.90000000e+00,-3.05142789e-02,2.08926512e-01,1.83651251e-02,-1.89030971e-01,4.10999300e+00,0.00000000e+00,9.96833557e-02,9.02199125e-03,9.76896886e+01,8.84155142e+00
1.90200000e+00,-3.00943405e-02,2.11008650e-01,1.79832858e-02,-1.92791431e-01,4.10999300e+00,0.00000000e+00,9.81905494e-02,8.85364544e-03,9.62267384e+01,8.67657253e+00
1.90400000e+00,-2.96703251e-02,2.12969647e-01,1.75942566e-02,-1.96106163e-01,4.10999300e+00,0.00000000e+00,9.90608945e-02,9.40322381e-03,9.70796766e+01,9.21515933e+00
1.90600000e+00,-2.92425519e-02,2.14795735e-01,1.71991466e-02,-1.98992868e-01,4.10999300e+00,0.00000000e+00,9.78584612e-02,9.18881622e-03,9.59012919e+01,9.00503989e+00
1.90800000e+00,-2.88111756e-02,2.16571565e-01,1.67983580e-02,-2.01770245e-01,4.10999300e+00,0.00000000e+00,9.67211586e-02,9.06129156e-03,9.47867354e+01,8.88006573e+00
1.91000000e+00,-2.83763156e-02,2.18272389e-01,1.63922257e-02,-2.04307511e-01,4.10999300e+00,0.00000000e+00,9.60682625e-02,9.11367812e-03,9.41468973e+01,8.93140456e+00
1.91200000e+00,-2.79381495e-02,2.19878046e-01,1.59813595e-02,-2.06497577e-01,4.10999300e+00,0.00000000e+00,9.53747152e-02,9.20403030e-03,9.34672209e+01,9.01994970e+00
1.91400000e+00,-2.74968609e-02,2.21397524e-01,1.55664319e-02,-2.08392906e-01,4.10999300e+00,0.00000000e+00,9.44859522e-02,9.14036845e-03,9.25962332e+01,8.95756108e+00
1.91600000e+00,-2.70526127e-02,2.22837074e-01,1.51479507e-02,-2.10044057e-01,4.10999300e+00,0.00000000e+00,9.36218174e-02,9.11942141e-03,9.17493810e+01,8.93703299e+00
1.91800000e+00,-2.66055702e-02,2.24190231e-01,1.47264391e-02,-2.11420039e-01,4.10999300e+00,0.00000000e+00,9.28609975e-02,9.11637082e-03,9.10037775e+01,8.93404341e+00
1.92000000e+00,-2.61559161e-02,2.25446930e-01,1.43024761e-02,-2.12487685e-01,4.10999300e+00,0.00000000e+00,9.22103460e-02,9.16141613e-03,9.03661390e+01,8.97818780e+00
1.92200000e+00,-2.57038474e-02,2.26606319e-01,1.38767227e-02,-2.13203842e-01,4.10999300e+00,0.00000000e+00,9.14493052e-02,9.24624499e-03,8.96203191e+01,9.06132009e+00
1.92400000e+00,-2.52495986e-02,2.27604137e-01,1.34499760e-02,-2.13447143e-01,4.10999300e+00,0.00000000e+00,9.22818863e-02,9.54444078e-03,9.04362486e+01,9.35355197e+00
1.92600000e+00,-2.47935245e-02,2.28461463e-01,1.30231336e-02,-2.13391368e-01,4.10999300e+00,0.00000000e+00,9.10127352e-02,9.26421109e-03,8.91924805e+01,9.07892687e+00
1.92800000e+00,-2.43358052e-02,2.29240025e-01,1.25965074e-02,-2.13190244e-01,4.10999300e+00,0.00000000e+00,9.03891430e-02,9.23999847e-03,8.85813601e+01,9.05519850e+00
1.93000000e+00,-2.38766398e-02,2.29905533e-01,1.21705769e-02,-2.12682672e-01,4.10999300e+00,0.00000000e+00,8.99090317e-02,9.29879088e-03,8.81108510e+01,9.11281507e+00
1.93200000e+00,-2.34162602e-02,2.30455423e-01,1.17459894e-02,-2.11856212e-01,4.10999300e+00,0.00000000e+00,8.93349441e-02,9.30247187e-03,8.75482453e+01,9.11642244e+00
1.93400000e+00,-2.29548943e-02,2.30891015e-01,1.13233472e-02,-2.10737113e-01,4.10999300e+00,0.00000000e+00,8.88154809e-02,9.30882901e-03,8.70391713e+01,9.12265243e+00
1.93600000e+00,-2.24927683e-02,2.31218289e-01,1.09032232e-02,-2.09344522e-01,4.10999300e+00,0.00000000e+00,8.80949701e-02,9.27580564e-03,8.63330707e+01,9.09028952e+00
1.93800000e+00,-2.20300924e-02,2.31438627e-01,1.04861502e-02,-2.07680223e-01,4.10999300e+00,0.00000000e+00,8.75383600e-02,9.28266515e-03,8.57875928e+01,9.09701184e+00
1.94000000e+00,-2.15670908e-02,2.31543560e-01,1.00727025e-02,-2.05715780e-01,4.10999300e+00,0.00000000e+00,8.70125418e-02,9.31438827e-03,8.52722909e+01,9.12810050e+00
1.94200000e+00,-2.11040086e-02,2.31512886e-01,9.66354781e-03,-2.03360368e-01,4.10999300e+00,0.00000000e+00,8.69268782e-02,9.51787406e-03,8.51883407e+01,9.32751658e+00
1.94400000e+00,-2.06411780e-02,2.31274065e-01,9.25955449e-03,-2.00564779e-01,4.10999300e+00,0.00000000e+00,8.80973875e-02,9.66007267e-03,8.63354397e+01,9.46687121e+00
1.94600000e+00,-2.01790197e-02,2.30874205e-01,8.86142754e-03,-1.97560928e-01,4.10999300e+00,0.00000000e+00,8.69155939e-02,9.38503893e-03,8.51772820e+01,9.19733815e+00
1.94800000e+00,-1.97177483e-02,2.30373615e-01,8.46940606e-03,-1.94414166e-01,4.10999300e+00,0.00000000e+00,8.66837643e-02,9.39874722e-03,8.49500890e+01,9.21077228e+00
1.95000000e+00,-1.92576259e-02,2.29722040e-01,8.08400174e-03,-1.90921151e-01,4.10999300e+00,0.00000000e+00,8.66850615e-02,9.55984844e-03,8.49513603e+01,9.36865147e+00
1.95200000e+00,-1.87989543e-02,2.28929218e-01,7.70592654e-03,-1.87120549e-01,4.10999300e+00,0.00000000e+00,8.62369330e-02,9.50272939e-03,8.45121944e+01,9.31267480e+00
1.95400000e+00,-1.83419937e-02,2.28009405e-01,7.33566192e-03,-1.83106413e-01,4.10999300e+00,0.00000000e+00,8.59185252e-02,9.47748227e-03,8.42001547e+01,9.28793263e+00
1.95600000e+00,-1.78870015e-02,2.26962492e-01,6.97365423e-03,-1.78862282e-01,4.10999300e+00,0.00000000e+00,8.54885240e-02,9.46662003e-03,8.37787535e+01,9.27728763e+00
1.95800000e+00,-1.74342293e-02,2.25787260e-01,6.62037425e-03,-1.74375983e-01,4.10999300e+00,0.00000000e+00,8.52162091e-02,9.47929243e-03,8.35118849e+01,9.28970658e+00
1.96000000e+00,-1.69839414e-02,2.24478545e-01,6.27630893e-03,-1.69651774e-01,4.10999300e+00,0.00000000e+00,8.49265758e-02,9.47255886e-03,8.32280443e+01,9.28310768e+00
1.96200000e+00,-1.65364186e-02,2.23014604e-01,5.94200905e-03,-1.64564771e-01,4.10999300e+00,0.00000000e+00,8.51843455e-02,9.76118460e-03,8.34806586e+01,9.56596091e+00
1.96400000e+00,-1.60920337e-02,2.21324584e-01,5.61826555e-03,-1.59154236e-01,4.10999300e+00,0.00000000e+00,8.65750701e-02,9.68696285e-03,8.48435687e+01,9.49322359e+00
1.96600000e+00,-1.56512345e-02,2.19463106e-01,5.30543225e-03,-1.53683482e-01,4.10999300e+00,0.00000000e+00,8.55849747e-02,9.43844713e-03,8.38732752e+01,9.24967819e+00
1.96800000e+00,-1.52142619e-02,2.17480706e-01,5.00362962e-03,-1.48065756e-01,4.10999300e+00,0.00000000e+00,8.58255986e-02,9.56203815e-03,8.41090867e+01,9.37079738e+00
1.97000000e+00,-1.47814320e-02,2.15317877e-01,4.71340847e-03,-1.42089212e-01,4.10999300e+00,0.00000000e+00,8.62591165e-02,9.77459124e-03,8.45339341e+01,9.57909941e+00
1.97200000e+00,-1.43530902e-02,2.13005410e-01,4.43540898e-03,-1.35908374e-01,4.10999300e+00,0.00000000e+00,8.58161978e-02,9.59118907e-03,8.40998739e+01,9.39936529e+00
1.97400000e+00,-1.39294953e-02,2.10565518e-01,4.16984107e-03,-1.29628417e-01,4.10999300e+00,0.00000000e+00,8.57689242e-02,9.60070932e-03,8.40535457e+01,9.40869513e+00
1.97600000e+00,-1.35109245e-02,2.07981062e-01,3.91701392e-03,-1.23170568e-01,4.10999300e+00,0.00000000e+00,8.57669341e-02,9.60077642e-03,8.40515954e+01,9.40876089e+00
1.97800000e+00,-1.30976665e-02,2.05253471e-01,3.67727349e-03,-1.16540688e-01,4.10999300e+00,0.00000000e+00,8.57290378e-02,9.61662354e-03,8.40144570e+01,9.42429107e+00
1.98000000e+00,-1.26900059e-02,2.02382955e-01,3.45096282e-03,-1.09743349e-01,4.10999300e+00,0.00000000e+00,8.57672428e-02,9.62620931e-03,8.40518980e+01,9.43368513e+00
1.98200000e+00,-1.22882406e-02,1.99353530e-01,3.23845924e-03,-1.02707333e-01,4.10999300e+00,0.00000000e+00,8.61503639e-02,9.81117899e-03,8.44273567e+01,9.61495541e+00
1.98400000e+00,-1.18927317e-02,1.96114247e-01,3.04018402e-03,-9.55955152e-02,4.10999300e+00,0.00000000e+00,8.74293648e-02,9.49915369e-03,8.56807775e+01,9.30917062e+00
1.98600000e+00,-1.15039078e-02,1.92688746e-01,2.85607748e-03,-8.84832460e-02,4.10999300e+00,0.00000000e+00,8.73137979e-02,9.54622526e-03,8.55675220e+01,9.35530076e+00
1.98800000e+00,-1.11220795e-02,1.89109080e-01,2.68639352e-03,-8.11572719e-02,4.10999300e+00,0.00000000e+00,8.79003667e-02,9.70234252e-03,8.61423594e+01,9.50829567e+00
1.99000000e+00,-1.07475984e-02,1.85339109e-01,2.53164966e-03,-7.35294303e-02,4.10999300e+00,0.00000000e+00,8.86884566e-02,9.95569278e-03,8.69146875e+01,9.75657892e+00
1.99200000e+00,-1.03808222e-02,1.81420488e-01,2.39233843e-03,-6.58076545e-02,4.10999300e+00,0.00000000e+00,8.83639210e-02,9.69733218e-03,8.65966426e+01,9.50338554e+00
1.99400000e+00,-1.00219977e-02,1.77379944e-01,2.26839354e-03,-5.81241300e-02,4.10999300e+00,0.00000000e+00,8.85918906e-02,9.69520835e-03,8.68200528e+01,9.50130418e+00
1.99600000e+00,-9.67140041e-03,1.73192355e-01,2.15990338e-03,-5.03483978e-02,4.10999300e+00,0.00000000e+00,8.89209708e-02,9.73272358e-03,8.71425514e+01,9.53806911e+00
1.99800000e+00,-9.32932327e-03,1.68862279e-01,2.06705097e-03,-4.24961488e-02,4.10999300e+00,0.00000000e+00,8.91113831e-02,9.71996927e-03,8.73291554e+01,9.52556989e+00
2.00000000e+00,-8.99604169e-03,1.64396616e-01,1.98994667e-03,-3.46020837e-02,4.10999300e+00,0.00000000e+00,8.93505007e-02,9.70712710e-03,8.75634907e+01,9.51298456e+00
2.00200000e+00,-8.67182694e-03,1.59795754e-01,1.92866852e-03,-2.66692003e-02,4.10999300e+00,0.00000000e+00,8.96052579e-02,9.71067369e-03,8.78131528e+01,9.51646022e+00
2.00400000e+00,-8.35697660e-03,1.55018013e-01,1.88315782e-03,-1.89043596e-02,4.10999300e+00,0.00000000e+00,9.08941418e-02,9.28619474e-03,8.90762590e+01,9.10047084e+00
2.00600000e+00,-8.05187930e-03,1.50053675e-01,1.85302308e-03,-1.11815285e-02,4.10999300e+00,0.00000000e+00,9.14547815e-02,9.57631373e-03,8.96256859e+01,9.38478746e+00
2.00800000e+00,-7.75687642e-03,1.44917564e-01,1.83860011e-03,-3.20611932e-03,4.10999300e+00,0.00000000e+00,9.24790187e-02,9.79251144e-03,9.06294384e+01,9.59666121e+00
2.01000000e+00,-7.47233443e-03,1.39593383e-01,1.84035345e-03,5.00153608e-03,4.10999300e+00,0.00000000e+00,9.35050674e-02,1.00629707e-02,9.16349661e+01,9.86171128e+00
2.01200000e+00,-7.19859404e-03,1.34132491e-01,1.85860050e-03,1.32005693e-02,4.10999300e+00,0.00000000e+00,9.34167364e-02,9.79711576e-03,9.15484016e+01,9.60117344e+00
2.01400000e+00,-6.93587274e-03,1.28569196e-01,1.89304048e-03,2.12267424e-02,4.10999300e+00,0.00000000e+00,9.37306798e-02,9.74605605e-03,9.18560662e+01,9.55113493e+00
2.01600000e+00,-6.68440088e-03,1.22880467e-01,1.94348089e-03,2.92130460e-02,4.10999300e+00,0.00000000e+00,9.42718273e-02,9.78222719e-03,9.23863908e+01,9.58658265e+00
2.01800000e+00,-6.44443605e-03,1.17063975e-01,2.00987514e-03,3.71730723e-02,4.10999300e+00,0.00000000e+00,9.47336178e-02,9.78249658e-03,9.28389454e+01,9.58684665e+00
2.02000000e+00,-6.21622535e-03,1.11126939e-01,2.09213296e-03,4.50727827e-02,4.10999300e+00,0.00000000e+00,9.52015221e-02,9.76990608e-03,9.32974916e+01,9.57450795e+00
2.02200000e+00,-6.00000749e-03,1.05071120e-01,2.19012548e-03,5.29113072e-02,4.10999300e+00,0.00000000e+00,9.57195768e-02,9.79085363e-03,9.38051852e+01,9.59503656e+00
2.02400000e+00,-5.79602424e-03,9.88902595e-02,2.30350742e-03,6.03437391e-02,4.10999300e+00,0.00000000e+00,9.64330922e-02,9.07640599e-03,9.45044304e+01,8.89487787e+00
2.02600000e+00,-5.60454288e-03,9.25647632e-02,2.43136723e-03,6.75763751e-02,4.10999300e+00,0.00000000e+00,9.75105177e-02,9.55121123e-03,9.55603073e+01,9.36018701e+00
2.02800000e+00,-5.42587972e-03,8.60674725e-02,2.57400292e-03,7.50939827e-02,4.10999300e+00,0.00000000e+00,9.89626035e-02,9.87527256e-03,9.69833515e+01,9.67776711e+00
2.03000000e+00,-5.26038713e-03,7.93989822e-02,2.73185730e-03,8.27827784e-02,4.10999300e+00,0.00000000e+00,1.00132927e-01,1.01329127e-02,9.81302689e+01,9.93025441e+00
2.03200000e+00,-5.10834876e-03,7.26330468e-02,2.90502050e-03,9.03012960e-02,4.10999300e+00,0.00000000e+00,9.99709164e-02,9.76213319e-03,9.79714981e+01,9.56689052e+00
2.03400000e+00,-4.96989888e-03,6.58012129e-02,3.09285027e-03,9.75015146e-02,4.10999300e+00,0.00000000e+00,1.00514775e-01,9.73018130e-03,9.85044795e+01,9.53557767e+00
2.03600000e+00,-4.84520717e-03,5.88744824e-02,3.29493081e-03,1.04558129e-01,4.10999300e+00,0.00000000e+00,1.01142301e-01,9.74650585e-03,9.91194547e+01,9.55157574e+00
2.03800000e+00,-4.73446292e-03,5.18547981e-02,3.51099151e-03,1.11477846e-01,4.10999300e+00,0.00000000e+00,1.01754235e-01,9.74865587e-03,9.97191498e+01,9.55368276e+00
2.04000000e+00,-4.63784794e-03,4.47451844e-02,3.74074463e-03,1.18251239e-01,4.10999300e+00,0.00000000e+00,1.02426060e-01,9.76481761e-03,1.00377538e+02,9.56952126e+00
2.04200000e+00,-4.55553866e-03,3.75508670e-02,3.98388869e-03,1.24862990e-01,4.10999300e+00,0.00000000e+00,1.03032311e-01,9.75400533e-03,1.00971665e+02,9.55892523e+00
2.04400000e+00,-4.48767775e-03,3.03066361e-02,4.23977819e-03,1.30847226e-01,4.10999300e+00,0.00000000e+00,1.03008886e-01,8.81070360e-03,1.00948708e+02,8.63448953e+00
2.04600000e+00,-4.43436390e-03,2.29847308e-02,4.50704661e-03,1.36484994e-01,4.10999300e+00,0.00000000e+00,1.04382347e-01,9.40630541e-03,1.02294700e+02,9.21817930e+00
2.04800000e+00,-4.39584053e-03,1.55102840e-02,4.78592287e-03,1.42429777e-01,4.10999300e+00,0.00000000e+00,1.06228508e-01,9.85111316e-03,1.04103938e+02,9.65409090e+00
2.05000000e+00,-4.37241646e-03,7.89529699e-03,5.07685278e-03,1.48505143e-01,4.10999300e+00,0.00000000e+00,1.07444175e-01,1.00935350e-02,1.05295291e+02,9.89166431e+00
2.05200000e+00,-4.36428933e-03,2.35328313e-04,5.37973756e-03,1.54271743e-01,4.10999300e+00,0.00000000e+00,1.07181988e-01,9.63330827e-03,1.05038348e+02,9.44064211e+00
2.05400000e+00,-4.37148595e-03,-7.44084225e-03,5.69365161e-03,1.59606165e-01,4.10999300e+00,0.00000000e+00,1.07850222e-01,9.63265044e-03,1.05693218e+02,9.43999743e+00
2.05600000e+00,-4.39408957e-03,-1.51723172e-02,6.01802783e-03,1.64739019e-01,4.10999300e+00,0.00000000e+00,1.08627305e-01,9.67150268e-03,1.06454759e+02,9.47807262e+00
2.05800000e+00,-4.43220898e-03,-2.29544249e-02,6.35247038e-03,1.69665935e-01,4.10999300e+00,0.00000000e+00,1.09312822e-01,9.67613359e-03,1.07126566e+02,9.48261092e+00
2.06000000e+00,-4.48593609e-03,-3.07797693e-02,6.69654177e-03,1.74368175e-01,4.10999300e+00,0.00000000e+00,1.10044309e-01,9.68950392e-03,1.07843423e+02,9.49571384e+00
2.06200000e+00,-4.55535355e-03,-3.86433511e-02,7.04978717e-03,1.78836580e-01,4.10999300e+00,0.00000000e+00,1.10740928e-01,9.68811049e-03,1.08526109e+02,9.49434828e+00
2.06400000e+00,-4.64049497e-03,-4.64851369e-02,7.41138892e-03,1.82556340e-01,4.10999300e+00,0.00000000e+00,1.10197966e-01,8.63306811e-03,1.07994007e+02,8.46040674e+00
2.06600000e+00,-4.74129220e-03,-5.43240789e-02,7.77969188e-03,1.85795146e-01,4.10999300e+00,0.00000000e+00,1.11465365e-01,9.20343075e-03,1.09236058e+02,9.01936213e+00
2.06800000e+00,-4.85786305e-03,-6.22706677e-02,8.15476240e-03,1.89323269e-01,4.10999300e+00,0.00000000e+00,1.13632647e-01,9.77474023e-03,1.11359994e+02,9.57924543e+00
2.07000000e+00,-4.99043860e-03,-7.03128484e-02,8.53705989e-03,1.92963787e-01,4.10999300e+00,0.00000000e+00,1.14748550e-01,9.98399768e-03,1.12453579e+02,9.78431773e+00
2.07200000e+00,-5.13910347e-03,-7.83385675e-02,8.92635364e-03,1.96208488e-01,4.10999300e+00,0.00000000e+00,1.14428761e-01,9.49867788e-03,1.12140185e+02,9.30870432e+00
2.07400000e+00,-5.30376507e-03,-8.63225881e-02,9.32156180e-03,1.98955185e-01,4.10999300e+00,0.00000000e+00,1.15085754e-01,9.50213064e-03,1.12784039e+02,9.31208802e+00
2.07600000e+00,-5.48439300e-03,-9.43053793e-02,9.72200668e-03,2.01450369e-01,4.10999300e+00,0.00000000e+00,1.15841965e-01,9.54178412e-03,1.13525125e+02,9.35094844e+00
2.07800000e+00,-5.68098470e-03,-1.02285343e-01,1.01272042e-02,2.03706958e-01,4.10999300e+00,0.00000000e+00,1.16591946e-01,9.57923285e-03,1.14260107e+02,9.38764820e+00
2.08000000e+00,-5.89352719e-03,-1.10254523e-01,1.05366621e-02,2.05704974e-01,4.10999300e+00,0.00000000e+00,1.17292459e-01,9.58314501e-03,1.14946610e+02,9.39148211e+00
2.08200000e+00,-6.12199060e-03,-1.18205410e-01,1.09498403e-02,2.07427298e-01,4.10999300e+00,0.00000000e+00,1.17997042e-01,9.59008900e-03,1.15637101e+02,9.39828722e+00
2.08400000e+00,-6.36628992e-03,-1.26067942e-01,1.13658698e-02,2.08397449e-01,4.10999300e+00,0.00000000e+00,1.17189927e-01,8.59817948e-03,1.14846128e+02,8.42621589e+00
2.08600000e+00,-6.62620103e-03,-1.33838464e-01,1.17830483e-02,2.08794937e-01,4.10999300e+00,0.00000000e+00,1.17936983e-01,8.98388179e-03,1.15578243e+02,8.80420415e+00
2.08800000e+00,-6.90167045e-03,-1.41648996e-01,1.22012027e-02,2.09422199e-01,4.10999300e+00,0.00000000e+00,1.20341786e-01,9.67760812e-03,1.17934950e+02,9.48405596e+00
2.09000000e+00,-7.19282495e-03,-1.49501432e-01,1.26208207e-02,2.10174909e-01,4.10999300e+00,0.00000000e+00,1.21260867e-01,9.84633763e-03,1.18835649e+02,9.64941088e+00
2.09200000e+00,-7.49962069e-03,-1.57270644e-01,1.30416110e-02,2.10490579e-01,4.10999300e+00,0.00000000e+00,1.20869730e-01,9.36120849e-03,1.18452336e+02,9.17398432e+00
2.09400000e+00,-7.82183882e-03,-1.64936802e-01,1.34624419e-02,2.10294616e-01,4.10999300e+00,0.00000000e+00,1.21451755e-01,9.37366671e-03,1.19022720e+02,9.18619338e+00
2.09600000e+00,-8.15932606e-03,-1.72540203e-01,1.38826164e-02,2.09839121e-01,4.10999300e+00,0.00000000e+00,1.22127213e-01,9.41687043e-03,1.19684669e+02,9.22853302e+00
2.09800000e+00,-8.51195659e-03,-1.80079056e-01,1.43016337e-02,2.09136569e-01,4.10999300e+00,0.00000000e+00,1.22791238e-01,9.45395938e-03,1.20335413e+02,9.26488019e+00
2.10000000e+00,-8.87959399e-03,-1.87545479e-01,1.47189887e-02,2.08173078e-01,4.10999300e+00,0.00000000e+00,1.23405301e-01,9.46575430e-03,1.20937195e+02,9.27643921e+00
2.10200000e+00,-9.26208510e-03,-1.94931797e-01,1.51341431e-02,2.06935323e-01,4.10999300e+00,0.00000000e+00,1.24011562e-01,9.47184299e-03,1.21531331e+02,9.28240613e+00
2.10400000e+00,-9.65921669e-03,-2.02161392e-01,1.55462606e-02,2.04993611e-01,4.10999300e+00,0.00000000e+00,1.22955331e-01,8.57760396e-03,1.20496225e+02,8.40605188e+00
2.10600000e+00,-1.00706143e-02,-2.09216411e-01,1.59537277e-02,2.02467156e-01,4.10999300e+00,0.00000000e+00,1.23261651e-01,8.82759090e-03,1.20796418e+02,8.65103908e+00
2.10800000e+00,-1.04960614e-02,-2.16240079e-01,1.63562639e-02,2.00142667e-01,4.10999300e+00,0.00000000e+00,1.25667170e-01,9.57756008e-03,1.23153827e+02,9.38600888e+00
2.11000000e+00,-1.09355589e-02,-2.23240274e-01,1.67543853e-02,1.97948616e-01,4.10999300e+00,0.00000000e+00,1.26272215e-01,9.67100913e-03,1.23746771e+02,9.47758895e+00
2.11200000e+00,-1.13889221e-02,-2.30089764e-01,1.71477679e-02,1.95318946e-01,4.10999300e+00,0.00000000e+00,1.25818441e-01,9.22619743e-03,1.23302072e+02,9.04167348e+00
2.11400000e+00,-1.18558100e-02,-2.36777290e-01,1.75353523e-02,1.92226051e-01,4.10999300e+00,0.00000000e+00,1.26271501e-01,9.25363514e-03,1.23746071e+02,9.06856243e+00
2.11600000e+00,-1.23359478e-02,-2.43339728e-01,1.79165189e-02,1.88903416e-01,4.10999300e+00,0.00000000e+00,1.26788070e-01,9.28983936e-03,1.24252309e+02,9.10404257e+00
2.11800000e+00,-1.28290834e-02,-2.49773890e-01,1.82908171e-02,1.85357562e-01,4.10999300e+00,0.00000000e+00,1.27273281e-01,9.32124177e-03,1.24727815e+02,9.13481693e+00
2.12000000e+00,-1.33349543e-02,-2.56074438e-01,1.86578010e-02,1.81589514e-01,4.10999300e+00,0.00000000e+00,1.27769608e-01,9.34924006e-03,1.25214216e+02,9.16225526e+00
2.12200000e+00,-1.38532878e-02,-2.62234924e-01,1.90170210e-02,1.77590221e-01,4.10999300e+00,0.00000000e+00,1.28206469e-01,9.35064562e-03,1.25642340e+02,9.16363270e+00
2.12400000e+00,-1.43837553e-02,-2.68187332e-01,1.93677885e-02,1.73030856e-01,4.10999300e+00,0.00000000e+00,1.27213234e-01,8.67654492e-03,1.24668969e+02,8.50301402e+00
2.12600000e+00,-1.49258743e-02,-2.73895528e-01,1.97087892e-02,1.67938796e-01,4.10999300e+00,0.00000000e+00,1.26901913e-01,8.72172756e-03,1.24363875e+02,8.54729301e+00
2.12800000e+00,-1.54792617e-02,-2.79490141e-01,2.00396385e-02,1.62988924e-01,4.10999300e+00,0.00000000e+00,1.29053690e-01,9.44969166e-03,1.26472616e+02,9.26069783e+00
2.13000000e+00,-1.60437741e-02,-2.84993600e-01,2.03608449e-02,1.58189060e-01,4.10999300e+00,0.00000000e+00,1.29357581e-01,9.49741023e-03,1.26770429e+02,9.30746202e+00
2.13200000e+00,-1.66190969e-02,-2.90288304e-01,2.06721476e-02,1.53018601e-01,4.10999300e+00,0.00000000e+00,1.28850380e-01,9.11859948e-03,1.26273373e+02,8.93622749e+00
2.13400000e+00,-1.72047849e-02,-2.95369470e-01,2.09726690e-02,1.47472722e-01,4.10999300e+00,0.00000000e+00,1.29128002e-01,9.14097360e-03,1.26545442e+02,8.95815413e+00
2.13600000e+00,-1.78004534e-02,-3.00268691e-01,2.12619290e-02,1.41762605e-01,4.10999300e+00,0.00000000e+00,1.29441319e-01,9.18941120e-03,1.26852492e+02,9.00562297e+00
2.13800000e+00,-1.84057366e-02,-3.04983305e-01,2.15396178e-02,1.35899964e-01,4.10999300e+00,0.00000000e+00,1.29735922e-01,9.21990615e-03,1.27141203e+02,9.03550802e+00
2.14000000e+00,-1.90202591e-02,-3.09506580e-01,2.18054174e-02,1.29870095e-01,4.10999300e+00,0.00000000e+00,1.29968145e-01,9.22056123e-03,1.27368782e+02,9.03615000e+00
2.14200000e+00,-1.96436308e-02,-3.13831620e-01,2.20589788e-02,1.23661168e-01,4.10999300e+00,0.00000000e+00,1.30174668e-01,9.20881586e-03,1.27571174e+02,9.02463954e+00
2.14400000e+00,-2.02754232e-02,-3.17913173e-01,2.22998182e-02,1.17086493e-01,4.10999300e+00,0.00000000e+00,1.29419137e-01,8.79956009e-03,1.26830754e+02,8.62356889e+00
2.14600000e+00,-2.09150923e-02,-3.21707985e-01,2.25270681e-02,1.10126874e-01,4.10999300e+00,0.00000000e+00,1.28680395e-01,8.72828392e-03,1.26106787e+02,8.55371824e+00
2.14800000e+00,-2.15621289e-02,-3.25313300e-01,2.27403892e-02,1.03262443e-01,4.10999300e+00,0.00000000e+00,1.30258230e-01,9.30693513e-03,1.27653066e+02,9.12079642e+00
2.15000000e+00,-2.22162390e-02,-3.28758951e-01,2.29402118e-02,9.65389122e-02,4.10999300e+00,0.00000000e+00,1.30274945e-01,9.31223043e-03,1.27669446e+02,9.12598582e+00
2.15200000e+00,-2.28769980e-02,-3.31954564e-01,2.31263778e-02,8.95649247e-02,4.10999300e+00,0.00000000e+00,1.29796218e-01,9.04999839e-03,1.27200294e+02,8.86899842e+00
2.15400000e+00,-2.35438908e-02,-3.34900401e-01,2.32983165e-02,8.23585214e-02,4.10999300e+00,0.00000000e+00,1.29870197e-01,9.07295115e-03,1.27272793e+02,8.89149212e+00
2.15600000e+00,-2.42164476e-02,-3.37618301e-01,2.34557601e-02,7.50743734e-02,4.10999300e+00,0.00000000e+00,1.29948938e-01,9.11470014e-03,1.27349959e+02,8.93240614e+00
2.15800000e+00,-2.48942103e-02,-3.40105681e-01,2.35985675e-02,6.77204394e-02,4.10999300e+00,0.00000000e+00,1.30005988e-01,9.13347747e-03,1.27405869e+02,8.95080792e+00
2.16000000e+00,-2.55767134e-02,-3.42357709e-01,2.37265872e-02,6.02845982e-02,4.10999300e+00,0.00000000e+00,1.30011507e-01,9.12869109e-03,1.27411277e+02,8.94611726e+00
2.16200000e+00,-2.62634830e-02,-3.44372498e-01,2.38396581e-02,5.27771628e-02,4.10999300e+00,0.00000000e+00,1.30060247e-01,9.14779168e-03,1.27459042e+02,8.96483585e+00
2.16400000e+00,-2.69540201e-02,-3.46112302e-01,2.39375676e-02,4.50773281e-02,4.10999300e+00,0.00000000e+00,1.29215550e-01,8.86783553e-03,1.26631239e+02,8.69047882e+00
2.16600000e+00,-2.76477277e-02,-3.47545489e-01,2.40198264e-02,3.71658852e-02,4.10999300e+00,0.00000000e+00,1.28552281e-01,8.82436105e-03,1.25981236e+02,8.64787383e+00
2.16800000e+00,-2.83440417e-02,-3.48738197e-01,2.40862954e-02,2.93509052e-02,4.10999300e+00,0.00000000e+00,1.29275403e-01,9.16847661e-03,1.26689895e+02,8.98510708e+00
2.17000000e+00,-2.90425340e-02,-3.49711075e-01,2.41373154e-02,2.16640544e-02,4.10999300e+00,0.00000000e+00,1.29113262e-01,9.16932541e-03,1.26530997e+02,8.98593890e+00
2.17200000e+00,-2.97427048e-02,-3.50412199e-01,2.41728802e-02,1.38700391e-02,4.10999300e+00,0.00000000e+00,1.28637853e-01,8.99751366e-03,1.26065096e+02,8.81756339e+00
2.17400000e+00,-3.04440036e-02,-3.50844611e-01,2.41927478e-02,6.00436514e-03,4.10999300e+00,0.00000000e+00,1.28557136e-01,9.05050940e-03,1.25985994e+02,8.86949921e+00
2.17600000e+00,-3.11459109e-02,-3.51018535e-01,2.41969097e-02,-1.84332006e-03,4.10999300e+00,0.00000000e+00,1.28326648e-01,9.04442039e-03,1.25760115e+02,8.86353198e+00
2.17800000e+00,-3.18479050e-02,-3.50933369e-01,2.41853870e-02,-9.67233626e-03,4.10999300e+00,0.00000000e+00,1.28233625e-01,9.07643306e-03,1.25668952e+02,8.89490440e+00
2.18000000e+00,-3.25494747e-02,-3.50593660e-01,2.41582430e-02,-1.74672961e-02,4.10999300e+00,0.00000000e+00,1.28106945e-01,9.08031112e-03,1.25544807e+02,8.89870489e+00
2.18200000e+00,-3.32501075e-02,-3.49995779e-01,2.41155392e-02,-2.52300925e-02,4.10999300e+00,0.00000000e+00,1.27922562e-01,9.08610970e-03,1.25364111e+02,8.90438750e+00
2.18400000e+00,-3.39492593e-02,-3.49100186e-01,2.40572893e-02,-3.30429474e-02,4.10999300e+00,0.00000000e+00,1.26860992e-01,8.89520356e-03,1.24323773e+02,8.71729949e+00
2.18600000e+00,-3.46463102e-02,-3.47907521e-01,2.39833705e-02,-4.08511824e-02,4.10999300e+00,0.00000000e+00,1.26675694e-01,8.99340577e-03,1.24142180e+02,8.81353766e+00
2.18800000e+00,-3.53407188e-02,-3.46458991e-01,2.38939860e-02,-4.85072073e-02,4.10999300e+00,0.00000000e+00,1.26556465e-01,9.09013637e-03,1.24025336e+02,8.90833364e+00
2.19000000e+00,-3.60319697e-02,-3.44745709e-01,2.37894066e-02,-5.60658802e-02,4.10999300e+00,0.00000000e+00,1.26138843e-01,9.05143608e-03,1.23616066e+02,8.87040735e+00
2.19200000e+00,-3.67195200e-02,-3.42759934e-01,2.36697549e-02,-6.35760088e-02,4.10999300e+00,0.00000000e+00,1.25809575e-01,9.02416940e-03,1.23293384e+02,8.84368601e+00
2.19400000e+00,-3.74028355e-02,-3.40513347e-01,2.35351594e-02,-7.10008850e-02,4.10999300e+00,0.00000000e+00,1.25631455e-01,9.04113996e-03,1.23118826e+02,8.86031716e+00
2.19600000e+00,-3.80814008e-02,-3.38007986e-01,2.33858325e-02,-7.83040557e-02,4.10999300e+00,0.00000000e+00,1.25312051e-01,9.06929510e-03,1.22805810e+02,8.88790919e+00
2.19800000e+00,-3.87546876e-02,-3.35232781e-01,2.32220165e-02,-8.54972541e-02,4.10999300e+00,0.00000000e+00,1.24833290e-01,9.04089088e-03,1.22336624e+02,8.86007306e+00
2.20000000e+00,-3.94221528e-02,-3.32188833e-01,2.30439156e-02,-9.25822430e-02,4.10999300e+00,0.00000000e+00,1.24493179e-01,9.04489806e-03,1.22003315e+02,8.86400009e+00
2.20200000e+00,-4.00832701e-02,-3.28885665e-01,2.28517800e-02,-9.95285961e-02,4.10999300e+00,0.00000000e+00,1.24186206e-01,9.06025327e-03,1.21702482e+02,8.87904820e+00
2.20400000e+00,-4.07374999e-02,-3.25289229e-01,2.26458777e-02,-1.06360205e-01,4.10999300e+00,0.00000000e+00,1.22995369e-01,8.99439469e-03,1.20535462e+02,8.81450679e+00
2.20600000e+00,-4.13842496e-02,-3.21426725e-01,2.24264802e-02,-1.12980236e-01,4.10999300e+00,0.00000000e+00,1.23264124e-01,9.19365557e-03,1.20798841e+02,9.00978246e+00
2.20800000e+00,-4.20230427e-02,-3.17318098e-01,2.21940829e-02,-1.19411090e-01,4.10999300e+00,0.00000000e+00,1.22475339e-01,9.06210722e-03,1.20025833e+02,8.88086507e+00
2.21000000e+00,-4.26533372e-02,-3.12932326e-01,2.19488930e-02,-1.25756287e-01,4.10999300e+00,0.00000000e+00,1.21950980e-01,9.02578000e-03,1.19511960e+02,8.84526440e+00
2.21200000e+00,-4.32746018e-02,-3.08291272e-01,2.16911695e-02,-1.31933855e-01,4.10999300e+00,0.00000000e+00,1.21600377e-01,9.04831741e-03,1.19168370e+02,8.86735106e+00
2.21400000e+00,-4.38863386e-02,-3.03404706e-01,2.14212898e-02,-1.37913116e-01,4.10999300e+00,0.00000000e+00,1.21227572e-01,9.05893978e-03,1.18803021e+02,8.87776098e+00
2.21600000e+00,-4.44880588e-02,-2.98275401e-01,2.11396478e-02,-1.43696240e-01,4.10999300e+00,0.00000000e+00,1.20860981e-01,9.06003500e-03,1.18443762e+02,8.87883430e+00
2.21800000e+00,-4.50792767e-02,-2.92900848e-01,2.08466395e-02,-1.49277358e-01,4.10999300e+00,0.00000000e+00,1.20344811e-01,9.06666215e-03,1.17937915e+02,8.88532890e+00
2.22000000e+00,-4.56595016e-02,-2.87285314e-01,2.05426803e-02,-1.54645598e-01,4.10999300e+00,0.00000000e+00,1.19989188e-01,9.07484304e-03,1.17589404e+02,8.89334618e+00
2.22200000e+00,-4.62282613e-02,-2.81434842e-01,2.02282076e-02,-1.59788055e-01,4.10999300e+00,0.00000000e+00,1.19521602e-01,9.09345012e-03,1.17131170e+02,8.91158112e+00
2.22400000e+00,-4.67850610e-02,-2.75314514e-01,1.99036868e-02,-1.64692569e-01,4.10999300e+00,0.00000000e+00,1.18253429e-01,9.11270176e-03,1.15888361e+02,8.93044772e+00
2.22600000e+00,-4.73293893e-02,-2.68999063e-01,1.95697277e-02,-1.69161655e-01,4.10999300e+00,0.00000000e+00,1.19431308e-01,9.53219720e-03,1.17042682e+02,9.34155325e+00
2.22800000e+00,-4.78609158e-02,-2.62471393e-01,1.92271748e-02,-1.73428830e-01,4.10999300e+00,0.00000000e+00,1.17659850e-01,9.04887914e-03,1.15306653e+02,8.86790155e+00
2.23000000e+00,-4.83790858e-02,-2.55660100e-01,1.88759906e-02,-1.77728748e-01,4.10999300e+00,0.00000000e+00,1.17061407e-01,8.96354176e-03,1.14720179e+02,8.78427093e+00
2.23200000e+00,-4.88834207e-02,-2.48645581e-01,1.85164643e-02,-1.81721945e-01,4.10999300e+00,0.00000000e+00,1.17056495e-01,9.18073945e-03,1.14715366e+02,8.99712466e+00
2.23400000e+00,-4.93735407e-02,-2.41439929e-01,1.81493451e-02,-1.85351737e-01,4.10999300e+00,0.00000000e+00,1.16625409e-01,9.20337390e-03,1.14292900e+02,9.01930642e+00
2.23600000e+00,-4.98490415e-02,-2.34025978e-01,1.77752171e-02,-1.88741878e-01,4.10999300e+00,0.00000000e+00,1.16100852e-01,9.15069693e-03,1.13778835e+02,8.96768299e+00
2.23800000e+00,-5.03095080e-02,-2.26407116e-01,1.73945234e-02,-1.91913245e-01,4.10999300e+00,0.00000000e+00,1.15627049e-01,9.12004276e-03,1.13314508e+02,8.93764190e+00
2.24000000e+00,-5.07545400e-02,-2.18593204e-01,1.70077320e-02,-1.94832878e-01,4.10999300e+00,0.00000000e+00,1.15207750e-01,9.12773870e-03,1.12903595e+02,8.94518392e+00
2.24200000e+00,-5.11837563e-02,-2.10592524e-01,1.66153826e-02,-1.97466511e-01,4.10999300e+00,0.00000000e+00,1.14799104e-01,9.16095173e-03,1.12503122e+02,8.97773270e+00
2.24400000e+00,-5.15967813e-02,-2.02398724e-01,1.62181538e-02,-1.99668404e-01,4.10999300e+00,0.00000000e+00,1.14099978e-01,9.46742974e-03,1.11817978e+02,9.27808114e+00
2.24600000e+00,-5.19932643e-02,-1.94074594e-01,1.58170683e-02,-2.01331359e-01,4.10999300e+00,0.00000000e+00,1.15024171e-01,9.71991729e-03,1.12723688e+02,9.52551894e+00
2.24800000e+00,-5.23729569e-02,-1.85566336e-01,1.54128785e-02,-2.02919148e-01,4.10999300e+00,0.00000000e+00,1.12931448e-01,9.04841306e-03,1.10672819e+02,8.86744480e+00
2.25000000e+00,-5.27353698e-02,-1.76818331e-01,1.50053591e-02,-2.04555902e-01,4.10999300e+00,0.00000000e+00,1.12415980e-01,9.03565549e-03,1.10167660e+02,8.85494238e+00
2.25200000e+00,-5.30801427e-02,-1.67939041e-01,1.45949327e-02,-2.05775993e-01,4.10999300e+00,0.00000000e+00,1.12714312e-01,9.33720117e-03,1.10460025e+02,9.15045715e+00
2.25400000e+00,-5.34070365e-02,-1.58925615e-01,1.41825007e-02,-2.06627803e-01,4.10999300e+00,0.00000000e+00,1.11986791e-01,9.21984887e-03,1.09747055e+02,9.03545189e+00
2.25600000e+00,-5.37157403e-02,-1.49754836e-01,1.37685686e-02,-2.07258895e-01,4.10999300e+00,0.00000000e+00,1.11594730e-01,9.20943365e-03,1.09362836e+02,9.02524497e+00
2.25800000e+00,-5.40059655e-02,-1.40448484e-01,1.33536601e-02,-2.07597512e-01,4.10999300e+00,0.00000000e+00,1.11225901e-01,9.24118731e-03,1.09001383e+02,9.05636356e+00
2.26000000e+00,-5.42774478e-02,-1.31012616e-01,1.29383927e-02,-2.07614894e-01,4.10999300e+00,0.00000000e+00,1.10822900e-01,9.29049758e-03,1.08606442e+02,9.10468763e+00
2.26200000e+00,-5.45299371e-02,-1.21458564e-01,1.25233929e-02,-2.07343754e-01,4.10999300e+00,0.00000000e+00,1.10564309e-01,9.25384459e-03,1.08353023e+02,9.06876770e+00
2.26400000e+00,-5.47632117e-02,-1.11798876e-01,1.21093698e-02,-2.06544603e-01,4.10999300e+00,0.00000000e+00,1.10298111e-01,9.80705824e-03,1.08092149e+02,9.61091708e+00
2.26600000e+00,-5.49771035e-02,-1.02095460e-01,1.16976210e-02,-2.05135748e-01,4.10999300e+00,0.00000000e+00,1.11328165e-01,9.94485812e-03,1.09101601e+02,9.74596095e+00
2.26800000e+00,-5.51715029e-02,-9.22561847e-02,1.12887737e-02,-2.03806485e-01,4.10999300e+00,0.00000000e+00,1.08750348e-01,9.05534345e-03,1.06575341e+02,8.87423658e+00
2.27000000e+00,-5.53460141e-02,-8.22457455e-02,1.08823309e-02,-2.02573420e-01,4.10999300e+00,0.00000000e+00,1.08793918e-01,9.16182760e-03,1.06618040e+02,8.97859104e+00
2.27200000e+00,-5.55004564e-02,-7.21909912e-02,1.04787986e-02,-2.00862614e-01,4.10999300e+00,0.00000000e+00,1.09016591e-01,9.48099076e-03,1.06836259e+02,9.29137095e+00
2.27400000e+00,-5.56347372e-02,-6.20748983e-02,1.00791385e-02,-1.98764790e-01,4.10999300e+00,0.00000000e+00,1.08497995e-01,9.40239113e-03,1.06328035e+02,9.21434330e+00
2.27600000e+00,-5.57487085e-02,-5.18875953e-02,9.68389151e-03,-1.96438836e-01,4.10999300e+00,0.00000000e+00,1.08324524e-01,9.39426735e-03,1.06158034e+02,9.20638200e+00
2.27800000e+00,-5.58422494e-02,-4.16430891e-02,9.29355034e-03,-1.93862120e-01,4.10999300e+00,0.00000000e+00,1.07966681e-01,9.37007287e-03,1.05807348e+02,9.18267142e+00
2.28000000e+00,-5.59152440e-02,-3.13433975e-02,8.90862038e-03,-1.91019406e-01,4.10999300e+00,0.00000000e+00,1.07672866e-01,9.40156037e-03,1.05519409e+02,9.21352916e+00
2.28200000e+00,-5.59675897e-02,-2.09936986e-02,8.52965525e-03,-1.87902921e-01,4.10999300e+00,0.00000000e+00,1.07267666e-01,9.40208344e-03,1.05122312e+02,9.21404177e+00
2.28400000e+00,-5.59992188e-02,-1.06439021e-02,8.15743445e-03,-1.84147907e-01,4.10999300e+00,0.00000000e+00,1.07971058e-01,1.02086255e-02,1.05811637e+02,1.00044530e+01
2.28600000e+00,-5.60102032e-02,-3.51039170e-04,7.79348211e-03,-1.79765212e-01,4.10999300e+00,0.00000000e+00,1.08729778e-01,1.01978825e-02,1.06555183e+02,9.99392489e+00
2.28800000e+00,-5.60005536e-02,1.00458379e-02,7.43816778e-03,-1.75691179e-01,4.10999300e+00,0.00000000e+00,1.05504001e-01,9.05143286e-03,1.03393921e+02,8.87040420e+00
2.29000000e+00,-5.59699483e-02,2.05500740e-02,7.09059070e-03,-1.71807196e-01,4.10999300e+00,0.00000000e+00,1.06014159e-01,9.30087336e-03,1.03893875e+02,9.11485589e+00
2.29200000e+00,-5.59184039e-02,3.09784437e-02,6.75130773e-03,-1.67370187e-01,4.10999300e+00,0.00000000e+00,1.06898654e-01,9.72577747e-03,1.04760681e+02,9.53126192e+00
2.29400000e+00,-5.58460573e-02,4.13727082e-02,6.42132877e-03,-1.62604969e-01,4.10999300e+00,0.00000000e+00,1.06262929e-01,9.51644253e-03,1.04137670e+02,9.32611368e+00
2.29600000e+00,-5.57529098e-02,5.17718021e-02,6.10094995e-03,-1.57746619e-01,4.10999300e+00,0.00000000e+00,1.06067875e-01,9.46160676e-03,1.03946517e+02,9.27237462e+00
2.29800000e+00,-5.56389880e-02,6.21439761e-02,5.79047430e-03,-1.52690292e-01,4.10999300e+00,0.00000000e+00,1.06004363e-01,9.48641192e-03,1.03884276e+02,9.29668368e+00
2.30000000e+00,-5.55043579e-02,7.24801147e-02,5.49034645e-03,-1.47397484e-01,4.10999300e+00,0.00000000e+00,1.05853117e-01,9.52708170e-03,1.03736054e+02,9.33654006e+00
2.30200000e+00,-5.53490943e-02,8.27761916e-02,5.20103750e-03,-1.41874995e-01,4.10999300e+00,0.00000000e+00,1.05715095e-01,9.55297574e-03,1.03600793e+02,9.36191623e+00
2.30400000e+00,-5.51733145e-02,9.29802942e-02,4.92327202e-03,-1.35714275e-01,4.10999300e+00,0.00000000e+00,1.06609121e-01,1.04674780e-02,1.04476939e+02,1.02581284e+01
2.30600000e+00,-5.49772742e-02,1.03032803e-01,4.65857292e-03,-1.28964823e-01,4.10999300e+00,0.00000000e+00,1.07698249e-01,1.04078386e-02,1.05544284e+02,1.01996818e+01
2.30800000e+00,-5.47611636e-02,1.13114855e-01,4.40708301e-03,-1.22709872e-01,4.10999300e+00,0.00000000e+00,1.04195616e-01,9.06761875e-03,1.02111704e+02,8.88626637e+00
2.31000000e+00,-5.45247945e-02,1.23227229e-01,4.16752340e-03,-1.16769970e-01,4.10999300e+00,0.00000000e+00,1.05101543e-01,9.40192968e-03,1.02999513e+02,9.21389108e+00
2.31200000e+00,-5.42683651e-02,1.33173987e-01,3.94035887e-03,-1.10296521e-01,4.10999300e+00,0.00000000e+00,1.06013024e-01,9.86041217e-03,1.03892763e+02,9.66320393e+00
2.31400000e+00,-5.39921774e-02,1.43002559e-01,3.72650853e-03,-1.03566259e-01,4.10999300e+00,0.00000000e+00,1.05648805e-01,9.63272890e-03,1.03535829e+02,9.44007432e+00
2.31600000e+00,-5.36964119e-02,1.52745601e-01,3.52609833e-03,-9.68292569e-02,4.10999300e+00,0.00000000e+00,1.05637062e-01,9.58551425e-03,1.03524320e+02,9.39380396e+00
2.31800000e+00,-5.33812657e-02,1.62382570e-01,3.33925840e-03,-8.99919194e-02,4.10999300e+00,0.00000000e+00,1.05594246e-01,9.57363631e-03,1.03482361e+02,9.38216359e+00
2.32000000e+00,-5.30469663e-02,1.71892514e-01,3.16623299e-03,-8.30010936e-02,4.10999300e+00,0.00000000e+00,1.05915246e-01,9.65766709e-03,1.03796941e+02,9.46451374e+00
2.32200000e+00,-5.26937845e-02,1.81269200e-01,3.00734936e-03,-7.58672868e-02,4.10999300e+00,0.00000000e+00,1.05863355e-01,9.64387141e-03,1.03746088e+02,9.45099398e+00
2.32400000e+00,-5.23220014e-02,1.90477946e-01,2.86311095e-03,-6.82129017e-02,4.10999300e+00,0.00000000e+00,1.06842324e-01,1.05412473e-02,1.04705477e+02,1.03304223e+01
2.32600000e+00,-5.19320288e-02,1.99452547e-01,2.73484900e-03,-6.00316867e-02,4.10999300e+00,0.00000000e+00,1.08188074e-01,1.05631246e-02,1.06024312e+02,1.03518621e+01
2.32800000e+00,-5.15242242e-02,2.08377728e-01,2.62261402e-03,-5.24056615e-02,4.10999300e+00,0.00000000e+00,1.04704433e-01,9.21237216e-03,1.02610345e+02,9.02812471e+00
2.33000000e+00,-5.10985460e-02,2.17260806e-01,2.52494602e-03,-4.52001276e-02,4.10999300e+00,0.00000000e+00,1.05733407e-01,9.53807129e-03,1.03618738e+02,9.34730986e+00
2.33200000e+00,-5.06553463e-02,2.25895946e-01,2.44209372e-03,-3.75743135e-02,4.10999300e+00,0.00000000e+00,1.06915546e-01,9.97309980e-03,1.04777235e+02,9.77363781e+00
2.33400000e+00,-5.01950960e-02,2.34330348e-01,2.37474216e-03,-2.98084128e-02,4.10999300e+00,0.00000000e+00,1.06701497e-01,9.73271422e-03,1.04567467e+02,9.53805993e+00
2.33600000e+00,-4.97181326e-02,2.42603247e-01,2.32279278e-03,-2.21434454e-02,4.10999300e+00,0.00000000e+00,1.06829764e-01,9.68389765e-03,1.04693169e+02,9.49021970e+00
2.33800000e+00,-4.92248084e-02,2.50688031e-01,2.28617475e-03,-1.44689151e-02,4.10999300e+00,0.00000000e+00,1.07103229e-01,9.69734503e-03,1.04961165e+02,9.50339813e+00
2.34000000e+00,-4.87155147e-02,2.58571432e-01,2.26494918e-03,-6.74629668e-03,4.10999300e+00,0.00000000e+00,1.07410376e-01,9.75136479e-03,1.05262168e+02,9.55633749e+00
2.34200000e+00,-4.81906575e-02,2.66252705e-01,2.25920798e-03,1.00394528e-03,4.10999300e+00,0.00000000e+00,1.07573358e-01,9.74396127e-03,1.05421891e+02,9.54908204e+00
2.34400000e+00,-4.76506452e-02,2.73721954e-01,2.26917244e-03,9.06535938e-03,4.10999300e+00,0.00000000e+00,1.07987196e-01,1.04155029e-02,1.05827452e+02,1.02071928e+01
2.34600000e+00,-4.70959741e-02,2.80884512e-01,2.29576216e-03,1.75658462e-02,4.10999300e+00,0.00000000e+00,1.10241493e-01,1.07001082e-02,1.08036663e+02,1.04861060e+01
2.34800000e+00,-4.65272089e-02,2.87894595e-01,2.33906834e-03,2.55151875e-02,4.10999300e+00,0.00000000e+00,1.06935689e-01,9.31717711e-03,1.04796975e+02,9.13083357e+00
2.35000000e+00,-4.59444656e-02,2.94799869e-01,2.39744425e-03,3.28965580e-02,4.10999300e+00,0.00000000e+00,1.07961911e-01,9.58833259e-03,1.05802673e+02,9.39656594e+00
2.35200000e+00,-4.53482087e-02,3.01406144e-01,2.47084248e-03,4.05597665e-02,4.10999300e+00,0.00000000e+00,1.09082265e-01,1.00105062e-02,1.06900619e+02,9.81029604e+00
2.35400000e+00,-4.47390144e-02,3.07752360e-01,2.55970723e-03,4.82588587e-02,4.10999300e+00,0.00000000e+00,1.09091841e-01,9.78744073e-03,1.06910004e+02,9.59169191e+00
2.35600000e+00,-4.41173497e-02,3.13872923e-01,2.66374477e-03,5.57582500e-02,4.10999300e+00,0.00000000e+00,1.09305498e-01,9.73688941e-03,1.07119388e+02,9.54215162e+00
2.35800000e+00,-4.34836880e-02,3.19745617e-01,2.78267632e-03,6.31617851e-02,4.10999300e+00,0.00000000e+00,1.09735273e-01,9.75311409e-03,1.07540567e+02,9.55805181e+00
2.36000000e+00,-4.28385414e-02,3.25357176e-01,2.91634709e-03,7.04981018e-02,4.10999300e+00,0.00000000e+00,1.10164124e-01,9.78375738e-03,1.07960842e+02,9.58808224e+00
2.36200000e+00,-4.21824371e-02,3.30701993e-01,3.06460672e-03,7.77414256e-02,4.10999300e+00,0.00000000e+00,1.10634361e-01,9.76675642e-03,1.08421673e+02,9.57142129e+00
2.36400000e+00,-4.15158797e-02,3.35827274e-01,3.22733791e-03,8.50224034e-02,4.10999300e+00,0.00000000e+00,1.09873864e-01,1.00923080e-02,1.07676386e+02,9.89046186e+00
2.36600000e+00,-4.08393602e-02,3.40604256e-01,3.40490992e-03,9.26237121e-02,4.10999300e+00,0.00000000e+00,1.13270426e-01,1.06897333e-02,1.11005018e+02,1.04759387e+01
2.36800000e+00,-4.01536289e-02,3.45131978e-01,3.59752168e-03,9.97585020e-02,4.10999300e+00,0.00000000e+00,1.10119058e-01,9.38523822e-03,1.07916677e+02,9.19753345e+00
2.37000000e+00,-3.94589305e-02,3.49512513e-01,3.80348207e-03,1.06200551e-01,4.10999300e+00,0.00000000e+00,1.11056883e-01,9.52726874e-03,1.08835745e+02,9.33672337e+00
2.37200000e+00,-3.87558088e-02,3.53548152e-01,4.02241501e-03,1.12779264e-01,4.10999300e+00,0.00000000e+00,1.12455333e-01,9.98219027e-03,1.10206226e+02,9.78254647e+00
2.37400000e+00,-3.80449449e-02,3.57273199e-01,4.25457328e-03,1.19319237e-01,4.10999300e+00,0.00000000e+00,1.12526997e-01,9.77491467e-03,1.10276457e+02,9.57941638e+00
2.37600000e+00,-3.73268940e-02,3.60731226e-01,4.49950266e-03,1.25575294e-01,4.10999300e+00,0.00000000e+00,1.12847539e-01,9.73358312e-03,1.10590588e+02,9.53891146e+00
2.37800000e+00,-3.66022133e-02,3.63899347e-01,4.75675693e-03,1.31655080e-01,4.10999300e+00,0.00000000e+00,1.13398708e-01,9.76993575e-03,1.11130734e+02,9.57453703e+00
2.38000000e+00,-3.58714957e-02,3.66768952e-01,5.02601252e-03,1.37569192e-01,4.10999300e+00,0.00000000e+00,1.13869922e-01,9.76805545e-03,1.11592524e+02,9.57269434e+00
2.38200000e+00,-3.51353354e-02,3.69341708e-01,5.30690657e-03,1.43292634e-01,4.10999300e+00,0.00000000e+00,1.14336535e-01,9.76864967e-03,1.12049804e+02,9.57327668e+00
2.38400000e+00,-3.43942623e-02,3.71714289e-01,5.59902464e-03,1.48778486e-01,4.10999300e+00,0.00000000e+00,1.12507640e-01,9.68440585e-03,1.10257488e+02,9.49071774e+00
2.38600000e+00,-3.36487173e-02,3.73728271e-01,5.90212673e-03,1.54423616e-01,4.10999300e+00,0.00000000e+00,1.16638630e-01,1.05337131e-02,1.14305857e+02,1.03230389e+01
2.38800000e+00,-3.28995736e-02,3.75405639e-01,6.21650914e-03,1.59753862e-01,4.10999300e+00,0.00000000e+00,1.14264824e-01,9.47032309e-03,1.11979528e+02,9.28091663e+00
2.39000000e+00,-3.21472155e-02,3.76901952e-01,6.54065403e-03,1.64351954e-01,4.10999300e+00,0.00000000e+00,1.14734003e-01,9.45809320e-03,1.12439323e+02,9.26893134e+00
2.39200000e+00,-3.13921921e-02,3.78058922e-01,6.87388866e-03,1.68907599e-01,4.10999300e+00,0.00000000e+00,1.16035927e-01,9.85542629e-03,1.13715208e+02,9.65831776e+00
2.39400000e+00,-3.06351997e-02,3.78886123e-01,7.21620772e-03,1.73348203e-01,4.10999300e+00,0.00000000e+00,1.16263831e-01,9.70380961e-03,1.13938555e+02,9.50973342e+00
2.39600000e+00,-2.98768418e-02,3.79421953e-01,7.56707080e-03,1.77472841e-01,4.10999300e+00,0.00000000e+00,1.16656244e-01,9.69174808e-03,1.14323119e+02,9.49791312e+00
2.39800000e+00,-2.91177138e-02,3.79654933e-01,7.92593527e-03,1.81351790e-01,4.10999300e+00,0.00000000e+00,1.17144800e-01,9.69916916e-03,1.14801904e+02,9.50518577e+00
2.40000000e+00,-2.83584266e-02,3.79581191e-01,8.29231324e-03,1.84983681e-01,4.10999300e+00,0.00000000e+00,1.17625194e-01,9.69507348e-03,1.15272690e+02,9.50117201e+00
2.40200000e+00,-2.75995943e-02,3.79199501e-01,8.66569894e-03,1.88359015e-01,4.10999300e+00,0.00000000e+00,1.18144807e-01,9.69266631e-03,1.15781911e+02,9.49881298e+00
2.40400000e+00,-2.68417631e-02,3.78615977e-01,9.04546812e-03,1.91312630e-01,4.10999300e+00,0.00000000e+00,1.16152842e-01,9.35116789e-03,1.13829785e+02,9.16414453e+00
2.40600000e+00,-2.60853565e-02,3.77693343e-01,9.43096287e-03,1.94286337e-01,4.10999300e+00,0.00000000e+00,1.19890769e-01,1.02843727e-02,1.17492954e+02,1.00786852e+01
2.40800000e+00,-2.53312193e-02,3.76426492e-01,9.82246633e-03,1.97039407e-01,4.10999300e+00,0.00000000e+00,1.18034983e-01,9.44614760e-03,1.15674283e+02,9.25722465e+00
2.41000000e+00,-2.45797832e-02,3.74960672e-01,1.02186557e-02,1.99095293e-01,4.10999300e+00,0.00000000e+00,1.18400184e-01,9.38610526e-03,1.16032180e+02,9.19838315e+00
2.41200000e+00,-2.38315891e-02,3.73176015e-01,1.06187438e-02,2.00995623e-01,4.10999300e+00,0.00000000e+00,1.19370591e-01,9.69041440e-03,1.16983179e+02,9.49660611e+00
2.41400000e+00,-2.30872885e-02,3.71077306e-01,1.10225211e-02,2.02720445e-01,4.10999300e+00,0.00000000e+00,1.19654463e-01,9.59381093e-03,1.17261374e+02,9.40193471e+00
2.41600000e+00,-2.23474707e-02,3.68692489e-01,1.14294048e-02,2.04114181e-01,4.10999300e+00,0.00000000e+00,1.20007298e-01,9.57613656e-03,1.17607152e+02,9.38461383e+00
2.41800000e+00,-2.16127120e-02,3.66017477e-01,1.18387858e-02,2.05219827e-01,4.10999300e+00,0.00000000e+00,1.20426818e-01,9.57346933e-03,1.18018282e+02,9.38199995e+00
2.42000000e+00,-2.08835953e-02,3.63050664e-01,1.22500987e-02,2.06047306e-01,4.10999300e+00,0.00000000e+00,1.20861998e-01,9.57949667e-03,1.18444758e+02,9.38790674e+00
2.42200000e+00,-2.01607018e-02,3.59795193e-01,1.26627836e-02,2.06587781e-01,4.10999300e+00,0.00000000e+00,1.21257758e-01,9.56035701e-03,1.18832603e+02,9.36914987e+00
2.42400000e+00,-1.94445509e-02,3.56335182e-01,1.30761496e-02,2.06677992e-01,4.10999300e+00,0.00000000e+00,1.19781373e-01,9.22483699e-03,1.17385746e+02,9.04034025e+00
2.42600000e+00,-1.87355443e-02,3.52600315e-01,1.34893809e-02,2.06596195e-01,4.10999300e+00,0.00000000e+00,1.21877636e-01,9.78969361e-03,1.19440083e+02,9.59389974e+00
2.42800000e+00,-1.80343538e-02,3.48559292e-01,1.39024130e-02,2.06332414e-01,4.10999300e+00,0.00000000e+00,1.21195086e-01,9.43296375e-03,1.18771185e+02,9.24430448e+00
2.43000000e+00,-1.73414548e-02,3.44296839e-01,1.43143763e-02,2.05567183e-01,4.10999300e+00,0.00000000e+00,1.21378308e-01,9.32595376e-03,1.18950742e+02,9.13943469e+00
2.43200000e+00,-1.66573470e-02,3.39763518e-01,1.47245055e-02,2.04537639e-01,4.10999300e+00,0.00000000e+00,1.21921693e-01,9.46447951e-03,1.19483259e+02,9.27518992e+00
2.43400000e+00,-1.59825800e-02,3.34961290e-01,1.51323725e-02,2.03276666e-01,4.10999300e+00,0.00000000e+00,1.22134203e-01,9.42334497e-03,1.19691519e+02,9.23487808e+00
2.43600000e+00,-1.53176724e-02,3.29903190e-01,1.55374197e-02,2.01727012e-01,4.10999300e+00,0.00000000e+00,1.22452481e-01,9.43779229e-03,1.20003432e+02,9.24903645e+00
2.43800000e+00,-1.46631370e-02,3.24590517e-01,1.59390965e-02,1.99901280e-01,4.10999300e+00,0.00000000e+00,1.22718214e-01,9.41840440e-03,1.20263849e+02,9.23003631e+00
2.44000000e+00,-1.40194769e-02,3.19027967e-01,1.63368402e-02,1.97798611e-01,4.10999300e+00,0.00000000e+00,1.23014555e-01,9.42554796e-03,1.20554264e+02,9.23703700e+00
2.44200000e+00,-1.33871883e-02,3.13220644e-01,1.67301044e-02,1.95416193e-01,4.10999300e+00,0.00000000e+00,1.23252835e-01,9.39396893e-03,1.20787778e+02,9.20608955e+00
2.44400000e+00,-1.27667338e-02,3.07204213e-01,1.71182673e-02,1.92677397e-01,4.10999300e+00,0.00000000e+00,1.22811473e-01,9.23311655e-03,1.20355244e+02,9.04845422e+00
2.44600000e+00,-1.21584987e-02,3.00996973e-01,1.75006013e-02,1.89619611e-01,4.10999300e+00,0.00000000e+00,1.22721173e-01,9.27183519e-03,1.20266750e+02,9.08639849e+00
2.44800000e+00,-1.15628910e-02,2.94572041e-01,1.78766073e-02,1.86354161e-01,4.10999300e+00,0.00000000e+00,1.23010179e-01,9.33569899e-03,1.20549976e+02,9.14898501e+00
2.45000000e+00,-1.09803568e-02,2.87927664e-01,1.82458568e-02,1.82846996e-01,4.10999300e+00,0.00000000e+00,1.23066655e-01,9.29338669e-03,1.20605322e+02,9.10751896e+00
2.45200000e+00,-1.04113168e-02,2.81078614e-01,1.86078085e-02,1.79059600e-01,4.10999300e+00,0.00000000e+00,1.23119791e-01,9.26609370e-03,1.20657395e+02,9.08077182e+00
2.45400000e+00,-9.85617715e-03,2.74027362e-01,1.89619220e-02,1.75012374e-01,4.10999300e+00,0.00000000e+00,1.23231191e-01,9.25551608e-03,1.20766567e+02,9.07040575e+00
2.45600000e+00,-9.31534119e-03,2.66775398e-01,1.93077021e-02,1.70731390e-01,4.10999300e+00,0.00000000e+00,1.23365460e-01,9.27113909e-03,1.20898150e+02,9.08571631e+00
2.45800000e+00,-8.78920538e-03,2.59328702e-01,1.96446959e-02,1.66223000e-01,4.10999300e+00,0.00000000e+00,1.23456299e-01,9.26143400e-03,1.20987173e+02,9.07620532e+00
2.46000000e+00,-8.27815206e-03,2.51693503e-01,1.99724394e-02,1.61482564e-01,4.10999300e+00,0.00000000e+00,1.23567366e-01,9.25419955e-03,1.21096019e+02,9.06911556e+00
2.46200000e+00,-7.78255329e-03,2.43875442e-01,2.02904765e-02,1.56517659e-01,4.10999300e+00,0.00000000e+00,1.23651814e-01,9.24662364e-03,1.21178778e+02,9.06169116e+00
2.46400000e+00,-7.30278376e-03,2.35857191e-01,2.05983851e-02,1.51365349e-01,4.10999300e+00,0.00000000e+00,1.24296214e-01,9.30279688e-03,1.21810290e+02,9.11674094e+00
2.46600000e+00,-6.83918198e-03,2.27752747e-01,2.08956353e-02,1.45759197e-01,4.10999300e+00,0.00000000e+00,1.21848303e-01,8.72088830e-03,1.19411337e+02,8.54647053e+00
2.46800000e+00,-6.39184280e-03,2.19543271e-01,2.11812611e-02,1.39911858e-01,4.10999300e+00,0.00000000e+00,1.23065448e-01,9.20698834e-03,1.20604139e+02,9.02284858e+00
2.47000000e+00,-5.96114507e-03,2.11129553e-01,2.14553341e-02,1.34141645e-01,4.10999300e+00,0.00000000e+00,1.23070769e-01,9.27665561e-03,1.20609354e+02,9.09112249e+00
2.47200000e+00,-5.54740739e-03,2.02591638e-01,2.17176576e-02,1.28116419e-01,4.10999300e+00,0.00000000e+00,1.22555352e-01,9.04889558e-03,1.20104244e+02,8.86791766e+00
2.47400000e+00,-5.15085600e-03,1.93937506e-01,2.19676222e-02,1.21824824e-01,4.10999300e+00,0.00000000e+00,1.22514057e-01,9.07719714e-03,1.20063776e+02,8.89565320e+00
2.47600000e+00,-4.77174288e-03,1.85155109e-01,2.22048582e-02,1.15385204e-01,4.10999300e+00,0.00000000e+00,1.22422016e-01,9.07971826e-03,1.19973575e+02,8.89812390e+00
2.47800000e+00,-4.41031617e-03,1.76251810e-01,2.24290643e-02,1.08797548e-01,4.10999300e+00,0.00000000e+00,1.22352536e-01,9.08944438e-03,1.19905485e+02,8.90765549e+00
2.48000000e+00,-4.06681228e-03,1.67233559e-01,2.26399558e-02,1.02070997e-01,4.10999300e+00,0.00000000e+00,1.22267305e-01,9.09218411e-03,1.19821959e+02,8.91034043e+00
2.48200000e+00,-3.74145343e-03,1.58108062e-01,2.28372597e-02,9.52114881e-02,4.10999300e+00,0.00000000e+00,1.22165395e-01,9.09502149e-03,1.19722087e+02,8.91312106e+00
2.48400000e+00,-3.43448254e-03,1.48828811e-01,2.30207336e-02,8.82498106e-02,4.10999300e+00,0.00000000e+00,1.23316521e-01,9.14267327e-03,1.20850190e+02,8.95981981e+00
2.48600000e+00,-3.14612232e-03,1.39573357e-01,2.31898972e-02,8.07456139e-02,4.10999300e+00,0.00000000e+00,1.19217427e-01,8.20092971e-03,1.16833079e+02,8.03691111e+00
2.48800000e+00,-2.87619542e-03,1.30308444e-01,2.33436259e-02,7.31061039e-02,4.10999300e+00,0.00000000e+00,1.21296420e-01,9.08143117e-03,1.18870492e+02,8.89980255e+00
2.49000000e+00,-2.62500589e-03,1.20867523e-01,2.34825947e-02,6.58762216e-02,4.10999300e+00,0.00000000e+00,1.21241271e-01,9.26222202e-03,1.18816446e+02,9.07697758e+00
2.49200000e+00,-2.39274884e-03,1.11391331e-01,2.36069999e-02,5.84500227e-02,4.10999300e+00,0.00000000e+00,1.20185920e-01,8.85008321e-03,1.17782202e+02,8.67308155e+00
2.49400000e+00,-2.17945527e-03,1.01893082e-01,2.37162317e-02,5.07791543e-02,4.10999300e+00,0.00000000e+00,1.19976810e-01,8.90783554e-03,1.17577274e+02,8.72967883e+00
2.49600000e+00,-1.98520831e-03,9.23471374e-02,2.38100917e-02,4.30711488e-02,4.10999300e+00,0.00000000e+00,1.19675810e-01,8.90936024e-03,1.17282294e+02,8.73117304e+00
2.49800000e+00,-1.81009328e-03,8.27613582e-02,2.38884896e-02,3.53231611e-02,4.10999300e+00,0.00000000e+00,1.19439026e-01,8.93907088e-03,1.17050245e+02,8.76028946e+00
2.50000000e+00,-1.65418549e-03,7.31416671e-02,2.39513683e-02,2.75509917e-02,4.10999300e+00,0.00000000e+00,1.19156279e-01,8.95160002e-03,1.16773154e+02,8.77256802e+00
2.50200000e+00,-1.51754326e-03,6.34970091e-02,2.39986791e-02,1.97570905e-02,4.10999300e+00,0.00000000e+00,1.18867640e-01,8.96422264e-03,1.16490287e+02,8.78493819e+00
2.50400000e+00,-1.40025785e-03,5.37617630e-02,2.40303545e-02,1.18999928e-02,4.10999300e+00,0.00000000e+00,1.20276023e-01,8.86740054e-03,1.17870503e+02,8.69005253e+00
2.50600000e+00,-1.30241748e-03,4.41445924e-02,2.40459180e-02,3.50139693e-03,4.10999300e+00,0.00000000e+00,1.15270309e-01,7.85321279e-03,1.12964903e+02,7.69614854e+00
2.50800000e+00,-1.22363473e-03,3.45945555e-02,2.40444151e-02,-4.81467119e-03,4.10999300e+00,0.00000000e+00,1.18025358e-01,9.04195102e-03,1.15664851e+02,8.86111200e+00
2.51000000e+00,-1.16412718e-03,2.49126438e-02,2.40271205e-02,-1.24389438e-02,4.10999300e+00,0.00000000e+00,1.17826584e-01,9.28371470e-03,1.15470053e+02,9.09804041e+00
2.51200000e+00,-1.12394609e-03,1.52878140e-02,2.39945721e-02,-2.01939889e-02,4.10999300e+00,0.00000000e+00,1.16324130e-01,8.72409245e-03,1.13997647e+02,8.54961060e+00
2.51400000e+00,-1.10293009e-03,5.73173878e-03,2.39462205e-02,-2.81351895e-02,4.10999300e+00,0.00000000e+00,1.16009395e-01,8.82715069e-03,1.13689207e+02,8.65060768e+00
2.51600000e+00,-1.10099654e-03,-3.79044142e-03,2.38820863e-02,-3.59939886e-02,4.10999300e+00,0.00000000e+00,1.15477411e-01,8.80864290e-03,1.13167863e+02,8.63247004e+00
2.51800000e+00,-1.11806209e-03,-1.32679892e-02,2.38022838e-02,-4.37939260e-02,4.10999300e+00,0.00000000e+00,1.15067052e-01,8.83988757e-03,1.12765711e+02,8.66308982e+00
2.52000000e+00,-1.15403681e-03,-2.26980027e-02,2.37069689e-02,-5.15064305e-02,4.10999300e+00,0.00000000e+00,1.14621807e-01,8.85915427e-03,1.12329371e+02,8.68197118e+00
2.52200000e+00,-1.20881622e-03,-3.20711878e-02,2.35963170e-02,-5.91305818e-02,4.10999300e+00,0.00000000e+00,1.14148002e-01,8.87038489e-03,1.11865042e+02,8.69297719e+00
2.52400000e+00,-1.28233260e-03,-4.14609287e-02,2.34703846e-02,-6.68477622e-02,4.10999300e+00,0.00000000e+00,1.15570544e-01,8.48711367e-03,1.13259133e+02,8.31737140e+00
2.52600000e+00,-1.37453127e-03,-5.06576882e-02,2.33286023e-02,-7.50502607e-02,4.10999300e+00,0.00000000e+00,1.10353317e-01,7.65245641e-03,1.08146250e+02,7.49940729e+00
2.52800000e+00,-1.48488417e-03,-5.97356822e-02,2.31704414e-02,-8.28660673e-02,4.10999300e+00,0.00000000e+00,1.13659261e-01,9.07612594e-03,1.11386075e+02,8.89460342e+00
2.53000000e+00,-1.61352614e-03,-6.88918921e-02,2.29977461e-02,-8.97698563e-02,4.10999300e+00,0.00000000e+00,1.13193725e-01,9.32291747e-03,1.10929851e+02,9.13645912e+00
2.53200000e+00,-1.76035682e-03,-7.79057358e-02,2.28113285e-02,-9.67237745e-02,4.10999300e+00,0.00000000e+00,1.11494228e-01,8.70740107e-03,1.09264344e+02,8.53325305e+00
2.53400000e+00,-1.92504988e-03,-8.67707834e-02,2.26107742e-02,-1.03792972e-01,4.10999300e+00,0.00000000e+00,1.11024939e-01,8.79734143e-03,1.08804440e+02,8.62139460e+00
2.53600000e+00,-2.10736159e-03,-9.55182935e-02,2.23962547e-02,-1.10715087e-01,4.10999300e+00,0.00000000e+00,1.10200152e-01,8.71249986e-03,1.07996149e+02,8.53824987e+00
2.53800000e+00,-2.30704257e-03,-1.04145077e-01,2.21680239e-02,-1.17472154e-01,4.10999300e+00,0.00000000e+00,1.09798642e-01,8.82050844e-03,1.07602669e+02,8.64409827e+00
2.54000000e+00,-2.52386388e-03,-1.12654830e-01,2.19265125e-02,-1.24009567e-01,4.10999300e+00,0.00000000e+00,1.09200608e-01,8.83121981e-03,1.07016596e+02,8.65459541e+00
2.54200000e+00,-2.75757438e-03,-1.21033323e-01,2.16721096e-02,-1.30360999e-01,4.10999300e+00,0.00000000e+00,1.08604997e-01,8.85005500e-03,1.06432897e+02,8.67305390e+00
2.54400000e+00,-3.00797240e-03,-1.29374662e-01,2.14050339e-02,-1.36764326e-01,4.10999300e+00,0.00000000e+00,1.10342488e-01,8.34334793e-03,1.08135639e+02,8.17648097e+00
2.54600000e+00,-3.27490656e-03,-1.37466324e-01,2.11247878e-02,-1.43564303e-01,4.10999300e+00,0.00000000e+00,1.04916331e-01,7.61987738e-03,1.02818004e+02,7.46747983e+00
2.54800000e+00,-3.55772632e-03,-1.45390927e-01,2.08311864e-02,-1.49749814e-01,4.10999300e+00,0.00000000e+00,1.08715314e-01,9.21632574e-03,1.06541008e+02,9.03199923e+00
2.55000000e+00,-3.85648619e-03,-1.53339417e-01,2.05264808e-02,-1.54897059e-01,4.10999300e+00,0.00000000e+00,1.07880816e-01,9.36602734e-03,1.05723199e+02,9.17870680e+00
2.55200000e+00,-4.17093987e-03,-1.61071744e-01,2.02115960e-02,-1.60047571e-01,4.10999300e+00,0.00000000e+00,1.06199377e-01,8.76171367e-03,1.04075389e+02,8.58647939e+00
2.55400000e+00,-4.50063463e-03,-1.68596278e-01,1.98862830e-02,-1.65209316e-01,4.10999300e+00,0.00000000e+00,1.05685819e-01,8.87984486e-03,1.03572103e+02,8.70224797e+00
2.55600000e+00,-4.84520476e-03,-1.75940484e-01,1.95509153e-02,-1.70136236e-01,4.10999300e+00,0.00000000e+00,1.04768265e-01,8.77753438e-03,1.02672900e+02,8.60198369e+00
2.55800000e+00,-5.20427278e-03,-1.83099027e-01,1.92058886e-02,-1.74837466e-01,4.10999300e+00,0.00000000e+00,1.04249237e-01,8.86261417e-03,1.02164252e+02,8.68536189e+00
2.56000000e+00,-5.57748066e-03,-1.90077276e-01,1.88517545e-02,-1.79255141e-01,4.10999300e+00,0.00000000e+00,1.03573245e-01,8.86863092e-03,1.01501780e+02,8.69125830e+00
2.56200000e+00,-5.96445579e-03,-1.96866382e-01,1.84890494e-02,-1.83400706e-01,4.10999300e+00,0.00000000e+00,1.02960601e-01,8.91733551e-03,1.00901389e+02,8.73898880e+00
2.56400000e+00,-6.36492136e-03,-2.03618242e-01,1.81182311e-02,-1.87427155e-01,4.10999300e+00,0.00000000e+00,1.05944533e-01,8.59055424e-03,1.03825642e+02,8.41874315e+00
2.56600000e+00,-6.77874248e-03,-2.10090711e-01,1.77391331e-02,-1.91765151e-01,4.10999300e+00,0.00000000e+00,9.97832202e-02,7.72356099e-03,9.77875558e+01,7.56908977e+00
2.56800000e+00,-7.20511739e-03,-2.16312962e-01,1.73515705e-02,-1.95503238e-01,4.10999300e+00,0.00000000e+00,1.03552953e-01,9.29775150e-03,1.01481894e+02,9.11179647e+00
2.57000000e+00,-7.64397377e-03,-2.22504377e-01,1.69578441e-02,-1.98155489e-01,4.10999300e+00,0.00000000e+00,1.02619713e-01,9.44137419e-03,1.00567319e+02,9.25254671e+00
2.57200000e+00,-8.09495580e-03,-2.28427170e-01,1.65589886e-02,-2.00747626e-01,4.10999300e+00,0.00000000e+00,1.00933095e-01,8.85517548e-03,9.89144331e+01,8.67807197e+00
2.57400000e+00,-8.55751539e-03,-2.34099396e-01,1.61548987e-02,-2.03272182e-01,4.10999300e+00,0.00000000e+00,1.00517344e-01,9.00701503e-03,9.85069967e+01,8.82687473e+00
2.57600000e+00,-9.03119953e-03,-2.39540851e-01,1.57460710e-02,-2.05540149e-01,4.10999300e+00,0.00000000e+00,9.93849983e-02,8.81065047e-03,9.73972984e+01,8.63443746e+00
2.57800000e+00,-9.51552166e-03,-2.44746610e-01,1.53328974e-02,-2.07569181e-01,4.10999300e+00,0.00000000e+00,9.89419903e-02,8.91914462e-03,9.69631505e+01,8.74076172e+00
2.58000000e+00,-1.00100427e-02,-2.49737438e-01,1.49160342e-02,-2.09238379e-01,4.10999300e+00,0.00000000e+00,9.83790438e-02,8.97112694e-03,9.64114629e+01,8.79170441e+00
2.58200000e+00,-1.05143201e-02,-2.54501363e-01,1.44961599e-02,-2.10583572e-01,4.10999300e+00,0.00000000e+00,9.77368077e-02,8.99998290e-03,9.57820715e+01,8.81998324e+00
2.58400000e+00,-1.10280272e-02,-2.59233935e-01,1.40738712e-02,-2.11671713e-01,4.10999300e+00,0.00000000e+00,1.01820731e-01,8.90786811e-03,9.97843167e+01,8.72971075e+00
2.58600000e+00,-1.15510624e-02,-2.63676365e-01,1.36493236e-02,-2.12983954e-01,4.10999300e+00,0.00000000e+00,9.52080072e-02,7.92358916e-03,9.33038471e+01,7.76511738e+00
2.58800000e+00,-1.20825195e-02,-2.67799098e-01,1.32222671e-02,-2.13798845e-01,4.10999300e+00,0.00000000e+00,9.86719201e-02,9.34217338e-03,9.66984817e+01,9.15532991e+00
2.59000000e+00,-1.26222125e-02,-2.71852300e-01,1.27948368e-02,-2.13550922e-01,4.10999300e+00,0.00000000e+00,9.79721884e-02,9.54375119e-03,9.60127446e+01,9.35287617e+00
2.59200000e+00,-1.31697362e-02,-2.75616684e-01,1.23681331e-02,-2.13198460e-01,4.10999300e+00,0.00000000e+00,9.63770289e-02,8.95186385e-03,9.44494883e+01,8.77282657e+00
2.59400000e+00,-1.37244968e-02,-2.79107556e-01,1.19421009e-02,-2.12759225e-01,4.10999300e+00,0.00000000e+00,9.60951747e-02,9.11711999e-03,9.41732712e+01,8.93477759e+00
2.59600000e+00,-1.42859987e-02,-2.82346837e-01,1.15172833e-02,-2.12039308e-01,4.10999300e+00,0.00000000e+00,9.50682920e-02,8.93384864e-03,9.31669261e+01,8.75517167e+00
2.59800000e+00,-1.48537147e-02,-2.85331964e-01,1.10941183e-02,-2.11057482e-01,4.10999300e+00,0.00000000e+00,9.47783703e-02,9.06197248e-03,9.28828029e+01,8.88073303e+00
2.60000000e+00,-1.54271714e-02,-2.88084363e-01,1.06732991e-02,-2.09707168e-01,4.10999300e+00,0.00000000e+00,9.42999163e-02,9.10560697e-03,9.24139180e+01,8.92349483e+00
2.60200000e+00,-1.60058879e-02,-2.90590294e-01,1.02554962e-02,-2.08046900e-01,4.10999300e+00,0.00000000e+00,9.37328799e-02,9.11504640e-03,9.18582223e+01,8.93274548e+00
2.60400000e+00,-1.65895246e-02,-2.93084373e-01,9.84137959e-03,-2.05984491e-01,4.10999300e+00,0.00000000e+00,9.87773443e-02,9.35730042e-03,9.68017974e+01,9.17015441e+00
2.60600000e+00,-1.71780452e-02,-2.95308171e-01,9.43147863e-03,-2.04041529e-01,4.10999300e+00,0.00000000e+00,9.22117661e-02,8.27790796e-03,9.03675308e+01,8.11234980e+00
2.60800000e+00,-1.77705110e-02,-2.97162548e-01,9.02540124e-03,-2.01817003e-01,4.10999300e+00,0.00000000e+00,9.49738518e-02,9.36737699e-03,9.30743747e+01,9.18002945e+00
2.61000000e+00,-1.83666322e-02,-2.98922252e-01,8.62484769e-03,-1.98636954e-01,4.10999300e+00,0.00000000e+00,9.48584996e-02,9.71007365e-03,9.29613297e+01,9.51587218e+00
2.61200000e+00,-1.89660176e-02,-3.00408370e-01,8.23096451e-03,-1.95290273e-01,4.10999300e+00,0.00000000e+00,9.34675157e-02,9.15306458e-03,9.15981654e+01,8.97000329e+00
2.61400000e+00,-1.95680788e-02,-3.01614094e-01,7.84371647e-03,-1.91898807e-01,4.10999300e+00,0.00000000e+00,9.32161239e-02,9.24950548e-03,9.13518015e+01,9.06451537e+00
2.61600000e+00,-2.01723106e-02,-3.02574750e-01,7.46355211e-03,-1.88233128e-01,4.10999300e+00,0.00000000e+00,9.26693618e-02,9.18406257e-03,9.08159745e+01,9.00038132e+00
2.61800000e+00,-2.07782123e-02,-3.03287204e-01,7.09095184e-03,-1.84315658e-01,4.10999300e+00,0.00000000e+00,9.23593456e-02,9.24415199e-03,9.05121587e+01,9.05926895e+00
2.62000000e+00,-2.13852999e-02,-3.03760379e-01,6.72648827e-03,-1.80100034e-01,4.10999300e+00,0.00000000e+00,9.20317761e-02,9.28752458e-03,9.01911406e+01,9.10177409e+00
2.62200000e+00,-2.19930921e-02,-3.03990923e-01,6.37072460e-03,-1.75625096e-01,4.10999300e+00,0.00000000e+00,9.16501557e-02,9.27840684e-03,8.98171525e+01,9.09283870e+00
2.62400000e+00,-2.26012773e-02,-3.04242005e-01,6.02436432e-03,-1.70585575e-01,4.10999300e+00,0.00000000e+00,9.74756611e-02,9.97579009e-03,9.55261479e+01,9.77627428e+00
2.62600000e+00,-2.32099017e-02,-3.04255503e-01,5.68833382e-03,-1.65618724e-01,4.10999300e+00,0.00000000e+00,9.10662194e-02,8.64372978e-03,8.92448950e+01,8.47085519e+00
2.62800000e+00,-2.38180354e-02,-3.03873100e-01,5.36186630e-03,-1.60686606e-01,4.10999300e+00,0.00000000e+00,9.31904123e-02,9.43455664e-03,9.13266040e+01,9.24586551e+00
2.63000000e+00,-2.44253245e-02,-3.03386318e-01,5.04611411e-03,-1.54964497e-01,4.10999300e+00,0.00000000e+00,9.35864953e-02,9.84855353e-03,9.17147654e+01,9.65158246e+00
2.63200000e+00,-2.50314174e-02,-3.02654702e-01,4.74211194e-03,-1.49086942e-01,4.10999300e+00,0.00000000e+00,9.24197387e-02,9.32413084e-03,9.05713439e+01,9.13764823e+00
2.63400000e+00,-2.56357711e-02,-3.01664751e-01,4.44977760e-03,-1.43192512e-01,4.10999300e+00,0.00000000e+00,9.24873183e-02,9.46397020e-03,9.06375719e+01,9.27469080e+00
2.63600000e+00,-2.62379270e-02,-3.00450647e-01,4.16948407e-03,-1.37084835e-01,4.10999300e+00,0.00000000e+00,9.21022124e-02,9.36882885e-03,9.02601682e+01,9.18145227e+00
2.63800000e+00,-2.68374208e-02,-2.99007307e-01,3.90154697e-03,-1.30814126e-01,4.10999300e+00,0.00000000e+00,9.20302405e-02,9.42086526e-03,9.01896357e+01,9.23244795e+00
2.64000000e+00,-2.74338161e-02,-2.97353869e-01,3.64638477e-03,-1.24307631e-01,4.10999300e+00,0.00000000e+00,9.20679481e-02,9.49658556e-03,9.02265891e+01,9.30665385e+00
2.64200000e+00,-2.80266923e-02,-2.95484474e-01,3.40444445e-03,-1.17609139e-01,4.10999300e+00,0.00000000e+00,9.18311750e-02,9.47551669e-03,8.99945515e+01,9.28600635e+00
2.64400000e+00,-2.86157645e-02,-2.93630842e-01,3.17633591e-03,-1.10329194e-01,4.10999300e+00,0.00000000e+00,9.72527565e-02,1.03882823e-02,9.53077014e+01,1.01805167e+01
2.64600000e+00,-2.92010877e-02,-2.91585264e-01,2.96308165e-03,-1.03118243e-01,4.10999300e+00,0.00000000e+00,9.21320009e-02,9.02302783e-03,9.02893609e+01,8.84256728e+00
2.64800000e+00,-2.97818640e-02,-2.89177376e-01,2.76366793e-03,-9.61998061e-02,4.10999300e+00,0.00000000e+00,9.35373081e-02,9.48663345e-03,9.16665619e+01,9.29690078e+00
2.65000000e+00,-3.03577260e-02,-2.86662720e-01,2.57864422e-03,-8.87387356e-02,4.10999300e+00,0.00000000e+00,9.43482285e-02,9.89468640e-03,9.24612639e+01,9.69679267e+00
2.65200000e+00,-3.09283919e-02,-2.83963517e-01,2.40882465e-03,-8.11101803e-02,4.10999300e+00,0.00000000e+00,9.38942667e-02,9.59245935e-03,9.20163814e+01,9.40061017e+00
2.65400000e+00,-3.14934398e-02,-2.81053889e-01,2.25419497e-03,-7.34944234e-02,4.10999300e+00,0.00000000e+00,9.40555623e-02,9.64382454e-03,9.21744510e+01,9.45094805e+00
2.65600000e+00,-3.20524843e-02,-2.77959593e-01,2.11492993e-03,-6.57542219e-02,4.10999300e+00,0.00000000e+00,9.41551747e-02,9.65156628e-03,9.22720712e+01,9.45853496e+00
2.65800000e+00,-3.26051549e-02,-2.74680475e-01,1.99123500e-03,-5.79286474e-02,4.10999300e+00,0.00000000e+00,9.42616390e-02,9.64312607e-03,9.23764062e+01,9.45026355e+00
2.66000000e+00,-3.31510880e-02,-2.71224035e-01,1.88326816e-03,-5.00238490e-02,4.10999300e+00,0.00000000e+00,9.44821872e-02,9.66039871e-03,9.25925434e+01,9.46719074e+00
2.66200000e+00,-3.36899319e-02,-2.67588844e-01,1.79118095e-03,-4.20570385e-02,4.10999300e+00,0.00000000e+00,9.44981747e-02,9.63848704e-03,9.26082112e+01,9.44571730e+00
2.66400000e+00,-3.42214291e-02,-2.63932222e-01,1.71534074e-03,-3.36391931e-02,4.10999300e+00,0.00000000e+00,9.83351639e-02,1.04954016e-02,9.63684606e+01,1.02854935e+01
2.66600000e+00,-3.47455713e-02,-2.60141358e-01,1.65659155e-03,-2.52702433e-02,4.10999300e+00,0.00000000e+00,9.56551807e-02,9.44844620e-03,9.37420771e+01,9.25947727e+00
2.66800000e+00,-3.52618239e-02,-2.56094543e-01,1.61401744e-03,-1.72647620e-02,4.10999300e+00,0.00000000e+00,9.65850552e-02,9.66840907e-03,9.46533541e+01,9.47504089e+00
2.67000000e+00,-3.57698811e-02,-2.51945178e-01,1.58769741e-03,-9.01195225e-03,4.10999300e+00,0.00000000e+00,9.74231034e-02,9.92663806e-03,9.54746413e+01,9.72810530e+00
2.67200000e+00,-3.62695157e-02,-2.47662446e-01,1.57801632e-03,-6.89108630e-04,4.10999300e+00,0.00000000e+00,9.75646643e-02,9.79817491e-03,9.56133710e+01,9.60221141e+00
2.67400000e+00,-3.67604330e-02,-2.43232826e-01,1.58490734e-03,7.58328786e-03,4.10999300e+00,0.00000000e+00,9.80161898e-02,9.82721857e-03,9.60558660e+01,9.63067419e+00
2.67600000e+00,-3.72423546e-02,-2.38664622e-01,1.60833600e-03,1.58354817e-02,4.10999300e+00,0.00000000e+00,9.82789257e-02,9.78586684e-03,9.63133472e+01,9.59014950e+00
2.67800000e+00,-3.77150002e-02,-2.33959495e-01,1.64822868e-03,2.40567921e-02,4.10999300e+00,0.00000000e+00,9.86941186e-02,9.81602780e-03,9.67202362e+01,9.61970724e+00
2.68000000e+00,-3.81781057e-02,-2.29124087e-01,1.70454531e-03,3.22513147e-02,4.10999300e+00,0.00000000e+00,9.90346766e-02,9.80674328e-03,9.70539831e+01,9.61060842e+00
2.68200000e+00,-3.86314135e-02,-2.24164213e-01,1.77720733e-03,4.04059223e-02,4.10999300e+00,0.00000000e+00,9.95063559e-02,9.83271884e-03,9.75162288e+01,9.63606446e+00
2.68400000e+00,-3.90746958e-02,-2.19104148e-01,1.86621844e-03,4.86346688e-02,4.10999300e+00,0.00000000e+00,1.00332676e-01,1.00861730e-02,9.83260228e+01,9.88444953e+00
2.68600000e+00,-3.95077865e-02,-2.13978660e-01,1.97173198e-03,5.68423986e-02,4.10999300e+00,0.00000000e+00,1.01533927e-01,9.93597346e-03,9.95032481e+01,9.73725399e+00
2.68800000e+00,-3.99305585e-02,-2.08775348e-01,2.09346721e-03,6.48689109e-02,4.10999300e+00,0.00000000e+00,1.01986488e-01,9.87641870e-03,9.99467582e+01,9.67889033e+00
2.69000000e+00,-4.03428261e-02,-2.03479405e-01,2.23115322e-03,7.28138205e-02,4.10999300e+00,0.00000000e+00,1.02756404e-01,9.95813933e-03,1.00701276e+02,9.75897654e+00
2.69200000e+00,-4.07444231e-02,-1.98103906e-01,2.38468380e-03,8.07007039e-02,4.10999300e+00,0.00000000e+00,1.03427721e-01,9.97072547e-03,1.01359167e+02,9.77131096e+00
2.69400000e+00,-4.11351840e-02,-1.92641856e-01,2.55388334e-03,8.84785563e-02,4.10999300e+00,0.00000000e+00,1.03946046e-01,9.96781372e-03,1.01867125e+02,9.76845745e+00
2.69600000e+00,-4.15149334e-02,-1.87094156e-01,2.73850999e-03,9.61243667e-02,4.10999300e+00,0.00000000e+00,1.04548888e-01,9.95419123e-03,1.02457910e+02,9.75510740e+00
2.69800000e+00,-4.18835091e-02,-1.81469165e-01,2.93828594e-03,1.03627886e-01,4.10999300e+00,0.00000000e+00,1.05171656e-01,9.95146616e-03,1.03068223e+02,9.75243684e+00
2.70000000e+00,-4.22407602e-02,-1.75769348e-01,3.15292174e-03,1.10981731e-01,4.10999300e+00,0.00000000e+00,1.05739946e-01,9.94363447e-03,1.03625147e+02,9.74476178e+00
2.70200000e+00,-4.25865393e-02,-1.69998715e-01,3.38210657e-03,1.18176158e-01,4.10999300e+00,0.00000000e+00,1.06363068e-01,9.94130727e-03,1.04235806e+02,9.74248113e+00
2.70400000e+00,-4.29206057e-02,-1.64004056e-01,3.62530694e-03,1.24891507e-01,4.10999300e+00,0.00000000e+00,1.03256321e-01,9.28268372e-03,1.01191195e+02,9.09703004e+00
2.70600000e+00,-4.32425586e-02,-1.58013976e-01,3.88168604e-03,1.31626981e-01,4.10999300e+00,0.00000000e+00,1.09122988e-01,1.03471126e-02,1.06940528e+02,1.01401703e+01
2.70800000e+00,-4.35527449e-02,-1.52148895e-01,4.15189566e-03,1.38483669e-01,4.10999300e+00,0.00000000e+00,1.08733181e-01,9.92028727e-03,1.06558517e+02,9.72188152e+00
2.71000000e+00,-4.38510939e-02,-1.46193335e-01,4.43534332e-03,1.44924310e-01,4.10999300e+00,0.00000000e+00,1.09468531e-01,9.87610916e-03,1.07279161e+02,9.67858697e+00
2.71200000e+00,-4.41375025e-02,-1.40214187e-01,4.73149609e-03,1.51219751e-01,4.10999300e+00,0.00000000e+00,1.10544407e-01,1.00360146e-02,1.08333519e+02,9.83529429e+00
2.71400000e+00,-4.44119361e-02,-1.34213226e-01,5.04011986e-03,1.57361520e-01,4.10999300e+00,0.00000000e+00,1.11223568e-01,9.99191947e-03,1.08999096e+02,9.79208108e+00
2.71600000e+00,-4.46743365e-02,-1.28183895e-01,5.36078183e-03,1.63262811e-01,4.10999300e+00,0.00000000e+00,1.12048125e-01,9.98691439e-03,1.09807163e+02,9.78717610e+00
2.71800000e+00,-4.49246584e-02,-1.22134643e-01,5.69301695e-03,1.68932892e-01,4.10999300e+00,0.00000000e+00,1.12826167e-01,9.97890006e-03,1.10569644e+02,9.77932206e+00
2.72000000e+00,-4.51628625e-02,-1.16066549e-01,6.03635863e-03,1.74370841e-01,4.10999300e+00,0.00000000e+00,1.13577121e-01,9.98792226e-03,1.11305578e+02,9.78816382e+00
2.72200000e+00,-4.53889205e-02,-1.09992365e-01,6.39034845e-03,1.79581025e-01,4.10999300e+00,0.00000000e+00,1.14554048e-01,1.00043799e-02,1.12262967e+02,9.80429229e+00
2.72400000e+00,-4.56026086e-02,-1.03583169e-01,6.75405274e-03,1.83846367e-01,4.10999300e+00,0.00000000e+00,1.07518853e-01,8.52241974e-03,1.05368476e+02,8.35197134e+00
2.72600000e+00,-4.58033067e-02,-9.72542443e-02,7.12584783e-03,1.88282486e-01,4.10999300e+00,0.00000000e+00,1.18094538e-01,1.08923019e-02,1.15732647e+02,1.06744559e+01
2.72800000e+00,-4.59918259e-02,-9.12256775e-02,7.50743849e-03,1.93102329e-01,4.10999300e+00,0.00000000e+00,1.16100794e-01,9.87093775e-03,1.13778778e+02,9.67351899e+00
2.73000000e+00,-4.61681350e-02,-8.50854472e-02,7.89772035e-03,1.97117051e-01,4.10999300e+00,0.00000000e+00,1.16949588e-01,9.75822999e-03,1.14610596e+02,9.56306539e+00
2.73200000e+00,-4.63321990e-02,-7.89922852e-02,8.29580603e-03,2.00980781e-01,4.10999300e+00,0.00000000e+00,1.18564879e-01,1.01211289e-02,1.16193582e+02,9.91870635e+00
2.73400000e+00,-4.64841349e-02,-7.29453521e-02,8.70154499e-03,2.04696807e-01,4.10999300e+00,0.00000000e+00,1.19294818e-01,1.00262844e-02,1.16908921e+02,9.82575869e+00
2.73600000e+00,-4.66239903e-02,-6.69132342e-02,9.11436592e-03,2.08071866e-01,4.10999300e+00,0.00000000e+00,1.20077381e-01,9.99378253e-03,1.17675833e+02,9.79390688e+00
2.73800000e+00,-4.67518079e-02,-6.09111510e-02,9.53362749e-03,2.11139508e-01,4.10999300e+00,0.00000000e+00,1.21064584e-01,9.97868965e-03,1.18643292e+02,9.77911586e+00
2.74000000e+00,-4.68676614e-02,-5.49487680e-02,9.95872628e-03,2.13910677e-01,4.10999300e+00,0.00000000e+00,1.21975174e-01,9.97761784e-03,1.19535670e+02,9.77806548e+00
2.74200000e+00,-4.69716309e-02,-4.90283560e-02,1.03890787e-02,2.16394630e-01,4.10999300e+00,0.00000000e+00,1.22918260e-01,9.98957906e-03,1.20459895e+02,9.78978748e+00
2.74400000e+00,-4.70634837e-02,-4.26713463e-02,1.08234274e-02,2.17562744e-01,4.10999300e+00,0.00000000e+00,1.12548188e-01,7.83553147e-03,1.10297224e+02,7.67882084e+00
2.74600000e+00,-4.71424165e-02,-3.64646373e-02,1.12595593e-02,2.19075224e-01,4.10999300e+00,0.00000000e+00,1.27100899e-01,1.13350390e-02,1.24558881e+02,1.11083382e+01
2.74800000e+00,-4.72096377e-02,-3.07010995e-02,1.17000885e-02,2.21128007e-01,4.10999300e+00,0.00000000e+00,1.23475966e-01,9.59798502e-03,1.21006447e+02,9.40602532e+00
2.75000000e+00,-4.72651344e-02,-2.48077315e-02,1.21433100e-02,2.22038773e-01,4.10999300e+00,0.00000000e+00,1.24544248e-01,9.57072276e-03,1.22053363e+02,9.37930830e+00
2.75200000e+00,-4.73089443e-02,-1.90277590e-02,1.25882054e-02,2.22892237e-01,4.10999300e+00,0.00000000e+00,1.26507049e-01,1.01129389e-02,1.23976908e+02,9.91068011e+00
2.75400000e+00,-4.73413102e-02,-1.33449791e-02,1.30347961e-02,2.23621521e-01,4.10999300e+00,0.00000000e+00,1.27102816e-01,9.94772669e-03,1.24560759e+02,9.74877216e+00
2.75600000e+00,-4.73623647e-02,-7.72301425e-03,1.34824381e-02,2.23970824e-01,4.10999300e+00,0.00000000e+00,1.28123010e-01,9.95468203e-03,1.25560550e+02,9.75558839e+00
2.75800000e+00,-4.73722501e-02,-2.17276388e-03,1.39304650e-02,2.23998626e-01,4.10999300e+00,0.00000000e+00,1.28881986e-01,9.91290144e-03,1.26304346e+02,9.71464341e+00
2.76000000e+00,-4.73711048e-02,3.30392732e-03,1.43782258e-02,2.23716170e-01,4.10999300e+00,0.00000000e+00,1.29854955e-01,9.94320512e-03,1.27257856e+02,9.74434102e+00
2.76200000e+00,-4.73590904e-02,8.69665697e-03,1.48251412e-02,2.23151007e-01,4.10999300e+00,0.00000000e+00,1.30767935e-01,9.95815922e-03,1.28152577e+02,9.75899603e+00
2.76400000e+00,-4.73359870e-02,1.45860884e-02,1.52697602e-02,2.20981613e-01,4.10999300e+00,0.00000000e+00,1.18083059e-01,7.21177924e-03,1.15721398e+02,7.06754365e+00
2.76600000e+00,-4.73008729e-02,2.02852070e-02,1.57093563e-02,2.19244934e-01,4.10999300e+00,0.00000000e+00,1.34952649e-01,1.14953901e-02,1.32253596e+02,1.12654823e+01
2.76800000e+00,-4.72551949e-02,2.54612279e-02,1.61472031e-02,2.18203069e-01,4.10999300e+00,0.00000000e+00,1.29954432e-01,9.29595084e-03,1.27355344e+02,9.11003183e+00
2.77000000e+00,-4.71989415e-02,3.07669948e-02,1.65813154e-02,2.15881534e-01,4.10999300e+00,0.00000000e+00,1.31483374e-01,9.43045930e-03,1.28853707e+02,9.24185011e+00
2.77200000e+00,-4.71322412e-02,3.59014794e-02,1.70107816e-02,2.13638512e-01,4.10999300e+00,0.00000000e+00,1.33433441e-01,1.00752104e-02,1.30764772e+02,9.87370622e+00
2.77400000e+00,-4.70554217e-02,4.09067598e-02,1.74358066e-02,2.11301234e-01,4.10999300e+00,0.00000000e+00,1.33895911e-01,9.84071387e-03,1.31217993e+02,9.64389959e+00
2.77600000e+00,-4.69686710e-02,4.58267672e-02,1.78557165e-02,2.08558907e-01,4.10999300e+00,0.00000000e+00,1.34738026e-01,9.82598150e-03,1.32043265e+02,9.62946187e+00
2.77800000e+00,-4.68721824e-02,5.06451171e-02,1.82698492e-02,2.05527130e-01,4.10999300e+00,0.00000000e+00,1.35503452e-01,9.82599369e-03,1.32793383e+02,9.62947381e+00
2.78000000e+00,-4.67661632e-02,5.53544276e-02,1.86776506e-02,2.02233835e-01,4.10999300e+00,0.00000000e+00,1.36439825e-01,9.86095686e-03,1.33711029e+02,9.66373772e+00
2.78200000e+00,-4.66508420e-02,5.99477527e-02,1.90786198e-02,1.98693449e-01,4.10999300e+00,0.00000000e+00,1.37291152e-01,9.88158981e-03,1.34545328e+02,9.68395801e+00
2.78400000e+00,-4.65259821e-02,6.51262101e-02,1.94711828e-02,1.93290930e-01,4.10999300e+00,0.00000000e+00,1.21767836e-01,6.51511181e-03,1.19332479e+02,6.38480958e+00
2.78600000e+00,-4.63904826e-02,7.00865650e-02,1.98521637e-02,1.88458438e-01,4.10999300e+00,0.00000000e+00,1.41302925e-01,1.16246195e-02,1.38476866e+02,1.13921272e+01
2.78800000e+00,-4.62460518e-02,7.44229904e-02,2.02256417e-02,1.84563683e-01,4.10999300e+00,0.00000000e+00,1.35185766e-01,9.01836909e-03,1.32482051e+02,8.83800171e+00
2.79000000e+00,-4.60926980e-02,7.88983305e-02,2.05895083e-02,1.79303817e-01,4.10999300e+00,0.00000000e+00,1.36823386e-01,9.28120443e-03,1.34086918e+02,9.09558034e+00
2.79200000e+00,-4.59305971e-02,8.31656829e-02,2.09429980e-02,1.74255524e-01,4.10999300e+00,0.00000000e+00,1.38740185e-01,9.96953526e-03,1.35965381e+02,9.77014455e+00
2.79400000e+00,-4.57601369e-02,8.72805947e-02,2.12865091e-02,1.69175281e-01,4.10999300e+00,0.00000000e+00,1.39010858e-01,9.70691419e-03,1.36230640e+02,9.51277590e+00
2.79600000e+00,-4.55815385e-02,9.12999002e-02,2.16194543e-02,1.63727765e-01,4.10999300e+00,0.00000000e+00,1.39532782e-01,9.67646865e-03,1.36742127e+02,9.48293928e+00
2.79800000e+00,-4.53950148e-02,9.52030091e-02,2.19412648e-02,1.58047239e-01,4.10999300e+00,0.00000000e+00,1.40219437e-01,9.67986100e-03,1.37415048e+02,9.48626378e+00
2.80000000e+00,-4.52008135e-02,9.89756123e-02,2.22515347e-02,1.52203986e-01,4.10999300e+00,0.00000000e+00,1.41012530e-01,9.78052359e-03,1.38192279e+02,9.58491312e+00
2.80200000e+00,-4.49991983e-02,1.02619276e-01,2.25499715e-02,1.46196977e-01,4.10999300e+00,0.00000000e+00,1.41601519e-01,9.76491243e-03,1.38769488e+02,9.56961418e+00
2.80400000e+00,-4.47898939e-02,1.06926624e-01,2.28349441e-02,1.38122409e-01,4.10999300e+00,0.00000000e+00,1.23811992e-01,5.85084834e-03,1.21335752e+02,5.73383137e+00
2.80600000e+00,-4.45716378e-02,1.11015070e-01,2.31028968e-02,1.30701042e-01,4.10999300e+00,0.00000000e+00,1.44952967e-01,1.15221555e-02,1.42053908e+02,1.12917124e+01
2.80800000e+00,-4.43462987e-02,1.14405802e-01,2.33585618e-02,1.24500079e-01,4.10999300e+00,0.00000000e+00,1.38289704e-01,8.78005555e-03,1.35523910e+02,8.60445443e+00
2.81000000e+00,-4.41139256e-02,1.17930065e-01,2.36000335e-02,1.17003773e-01,4.10999300e+00,0.00000000e+00,1.39950326e-01,9.15126212e-03,1.37151319e+02,8.96823687e+00
2.81200000e+00,-4.38747307e-02,1.21226052e-01,2.38268067e-02,1.09852181e-01,4.10999300e+00,0.00000000e+00,1.41684908e-01,9.83052364e-03,1.38851210e+02,9.63391317e+00
2.81400000e+00,-4.36291235e-02,1.24368763e-01,2.40394599e-02,1.02727166e-01,4.10999300e+00,0.00000000e+00,1.41539893e-01,9.51371660e-03,1.38709095e+02,9.32344227e+00
2.81600000e+00,-4.33773221e-02,1.27411752e-01,2.42375220e-02,9.53120111e-02,4.10999300e+00,0.00000000e+00,1.41972136e-01,9.50748159e-03,1.39132693e+02,9.31733196e+00
2.81800000e+00,-4.31195589e-02,1.30331234e-01,2.44206270e-02,8.77753328e-02,4.10999300e+00,0.00000000e+00,1.42333743e-01,9.52328697e-03,1.39487068e+02,9.33282123e+00
2.82000000e+00,-4.28560794e-02,1.33127336e-01,2.45885605e-02,8.01445436e-02,4.10999300e+00,0.00000000e+00,1.42715838e-01,9.55295679e-03,1.39861521e+02,9.36189766e+00
2.82200000e+00,-4.25871346e-02,1.35795914e-01,2.47411434e-02,7.24211749e-02,4.10999300e+00,0.00000000e+00,1.43129134e-01,9.55008329e-03,1.40266552e+02,9.35908163e+00
2.82400000e+00,-4.23124623e-02,1.39114710e-01,2.48768922e-02,6.26686056e-02,4.10999300e+00,0.00000000e+00,1.25292335e-01,5.49130062e-03,1.22786489e+02,5.38147461e+00
2.82600000e+00,-4.20308254e-02,1.42208946e-01,2.49923458e-02,5.37077029e-02,4.10999300e+00,0.00000000e+00,1.46091332e-01,1.13807600e-02,1.43169506e+02,1.11531448e+01
2.82800000e+00,-4.17440868e-02,1.44612700e-01,2.50926767e-02,4.61772890e-02,4.10999300e+00,0.00000000e+00,1.39095823e-01,8.64012040e-03,1.36313906e+02,8.46731799e+00
2.83000000e+00,-4.14522743e-02,1.47166918e-01,2.51762269e-02,3.74048249e-02,4.10999300e+00,0.00000000e+00,1.40203806e-01,8.89664590e-03,1.37399729e+02,8.71871299e+00
2.83200000e+00,-4.11555574e-02,1.49513812e-01,2.52425581e-02,2.90254579e-02,4.10999300e+00,0.00000000e+00,1.41527988e-01,9.56345134e-03,1.38697428e+02,9.37218232e+00
2.83400000e+00,-4.08543208e-02,1.51708084e-01,2.52924375e-02,2.08092866e-02,4.10999300e+00,0.00000000e+00,1.41320105e-01,9.31378535e-03,1.38493703e+02,9.12750964e+00
2.83600000e+00,-4.05487910e-02,1.53803463e-01,2.53256849e-02,1.24275693e-02,4.10999300e+00,0.00000000e+00,1.41353362e-01,9.26688305e-03,1.38526295e+02,9.08154539e+00
2.83800000e+00,-4.02391849e-02,1.55781903e-01,2.53421274e-02,4.01530510e-03,4.10999300e+00,0.00000000e+00,1.41533437e-01,9.27659058e-03,1.38702769e+02,9.09105877e+00
2.84000000e+00,-3.99257456e-02,1.57636947e-01,2.53417654e-02,-4.36801016e-03,4.10999300e+00,0.00000000e+00,1.41685754e-01,9.33055527e-03,1.38852039e+02,9.14394416e+00
2.84200000e+00,-3.96087188e-02,1.59369478e-01,2.53246818e-02,-1.27116704e-02,4.10999300e+00,0.00000000e+00,1.41815428e-01,9.33882854e-03,1.38979120e+02,9.15205197e+00
2.84400000e+00,-3.92877973e-02,1.61807530e-01,2.52894770e-02,-2.32175675e-02,4.10999300e+00,0.00000000e+00,1.22588722e-01,4.74571706e-03,1.20136948e+02,4.65080272e+00
2.84600000e+00,-3.89616169e-02,1.64053376e-01,2.52323470e-02,-3.29204783e-02,4.10999300e+00,0.00000000e+00,1.43654565e-01,1.09470485e-02,1.40781474e+02,1.07281076e+01
2.84800000e+00,-3.86320800e-02,1.65554988e-01,2.51590380e-02,-4.07591410e-02,4.10999300e+00,0.00000000e+00,1.37295226e-01,8.55709772e-03,1.34549322e+02,8.38595576e+00
2.85000000e+00,-3.82993062e-02,1.67192686e-01,2.50686158e-02,-4.96396981e-02,4.10999300e+00,0.00000000e+00,1.37764878e-01,8.63457048e-03,1.35009580e+02,8.46187907e+00
2.85200000e+00,-3.79634318e-02,1.68646532e-01,2.49607766e-02,-5.80741233e-02,4.10999300e+00,0.00000000e+00,1.38855608e-01,9.34296678e-03,1.36078496e+02,9.15610744e+00
2.85400000e+00,-3.76248125e-02,1.69961782e-01,2.48365185e-02,-6.62097903e-02,4.10999300e+00,0.00000000e+00,1.38244652e-01,9.08746331e-03,1.35479759e+02,8.90571404e+00
2.85600000e+00,-3.72836419e-02,1.71191259e-01,2.46959158e-02,-7.43779247e-02,4.10999300e+00,0.00000000e+00,1.38079930e-01,9.07729644e-03,1.35318331e+02,8.89575051e+00
2.85800000e+00,-3.69401169e-02,1.72316614e-01,2.45390726e-02,-8.24474545e-02,4.10999300e+00,0.00000000e+00,1.37878085e-01,9.07367365e-03,1.35120523e+02,8.89220018e+00
2.86000000e+00,-3.65944453e-02,1.73337127e-01,2.43662093e-02,-9.03920639e-02,4.10999300e+00,0.00000000e+00,1.37712256e-01,9.09580957e-03,1.34958010e+02,8.91389338e+00
2.86200000e+00,-3.62468395e-02,1.74250904e-01,2.41776045e-02,-9.81864481e-02,4.10999300e+00,0.00000000e+00,1.37538406e-01,9.12275321e-03,1.34787638e+02,8.94029814e+00
2.86400000e+00,-3.58969838e-02,1.75851545e-01,2.39720895e-02,-1.08041526e-01,4.10999300e+00,0.00000000e+00,1.18811628e-01,4.48054849e-03,1.16435395e+02,4.39093752e+00
2.86600000e+00,-3.55435411e-02,1.77290608e-01,2.37459666e-02,-1.17104523e-01,4.10999300e+00,0.00000000e+00,1.38435920e-01,1.04663990e-02,1.35667202e+02,1.02570710e+01
2.86800000e+00,-3.51883055e-02,1.78003401e-01,2.35050573e-02,-1.24088759e-01,4.10999300e+00,0.00000000e+00,1.32885411e-01,8.50244698e-03,1.30227703e+02,8.33239804e+00
2.87000000e+00,-3.48314492e-02,1.78833540e-01,2.32490900e-02,-1.31855337e-01,4.10999300e+00,0.00000000e+00,1.32784220e-01,8.46177574e-03,1.30128536e+02,8.29254023e+00
2.87200000e+00,-3.44730696e-02,1.79516341e-01,2.29779453e-02,-1.39158002e-01,4.10999300e+00,0.00000000e+00,1.33405646e-01,9.09188513e-03,1.30737533e+02,8.91004743e+00
2.87400000e+00,-3.41134654e-02,1.80076822e-01,2.26927244e-02,-1.46061064e-01,4.10999300e+00,0.00000000e+00,1.32709323e-01,8.89590446e-03,1.30055136e+02,8.71798637e+00
2.87600000e+00,-3.37528162e-02,1.80556518e-01,2.23937875e-02,-1.52834335e-01,4.10999300e+00,0.00000000e+00,1.32351325e-01,8.94004392e-03,1.29704298e+02,8.76124304e+00
2.87800000e+00,-3.33912981e-02,1.80948120e-01,2.20815368e-02,-1.59382963e-01,4.10999300e+00,0.00000000e+00,1.31818325e-01,8.92404536e-03,1.29181958e+02,8.74556445e+00
2.88000000e+00,-3.30290784e-02,1.81257624e-01,2.17564029e-02,-1.65710792e-01,4.10999300e+00,0.00000000e+00,1.31314164e-01,8.94162177e-03,1.28687881e+02,8.76278933e+00
2.88200000e+00,-3.26663242e-02,1.81482281e-01,2.14188541e-02,-1.71798043e-01,4.10999300e+00,0.00000000e+00,1.30840682e-01,8.94930961e-03,1.28223868e+02,8.77032342e+00
2.88400000e+00,-3.23027483e-02,1.82308338e-01,2.10680336e-02,-1.79650772e-01,4.10999300e+00,0.00000000e+00,1.14295586e-01,4.73765670e-03,1.12009675e+02,4.64290356e+00
2.88600000e+00,-3.19371750e-02,1.83008120e-01,2.07007392e-02,-1.86771389e-01,4.10999300e+00,0.00000000e+00,1.30811015e-01,9.96456811e-03,1.28194794e+02,9.76527675e+00
2.88800000e+00,-3.15711493e-02,1.83057786e-01,2.03223397e-02,-1.91804553e-01,4.10999300e+00,0.00000000e+00,1.26499132e-01,8.58063774e-03,1.23969150e+02,8.40902498e+00
2.89000000e+00,-3.12048892e-02,1.83189515e-01,1.99332163e-02,-1.97294780e-01,4.10999300e+00,0.00000000e+00,1.25904158e-01,8.45155083e-03,1.23386075e+02,8.28251981e+00
2.89200000e+00,-3.08384638e-02,1.83212443e-01,1.95334556e-02,-2.02342630e-01,4.10999300e+00,0.00000000e+00,1.26050482e-01,8.94021274e-03,1.23529473e+02,8.76140849e+00
2.89400000e+00,-3.04721017e-02,1.83141902e-01,1.91241441e-02,-2.06943088e-01,4.10999300e+00,0.00000000e+00,1.25097308e-01,8.80778281e-03,1.22595362e+02,8.63162715e+00
2.89600000e+00,-3.01059367e-02,1.83010611e-01,1.87058388e-02,-2.11310164e-01,4.10999300e+00,0.00000000e+00,1.24480463e-01,8.83430766e-03,1.21990853e+02,8.65762151e+00
2.89800000e+00,-2.97401065e-02,1.82808387e-01,1.82790983e-02,-2.15384914e-01,4.10999300e+00,0.00000000e+00,1.23767664e-01,8.81342814e-03,1.21292311e+02,8.63715958e+00
2.90000000e+00,-2.93747491e-02,1.82537216e-01,1.78444951e-02,-2.19165710e-01,4.10999300e+00,0.00000000e+00,1.23108002e-01,8.83202092e-03,1.20645842e+02,8.65538050e+00
2.90200000e+00,-2.90100027e-02,1.82198478e-01,1.74026433e-02,-2.22634799e-01,4.10999300e+00,0.00000000e+00,1.22367672e-01,8.83792160e-03,1.19920318e+02,8.66116316e+00
2.90400000e+00,-2.86456954e-02,1.82249364e-01,1.69532198e-02,-2.27207993e-01,4.10999300e+00,0.00000000e+00,1.11029228e-01,5.87416406e-03,1.08808643e+02,5.75668078e+00
2.90600000e+00,-2.82810641e-02,1.82212068e-01,1.64942134e-02,-2.31178251e-01,4.10999300e+00,0.00000000e+00,1.21452213e-01,9.44963507e-03,1.19023169e+02,9.26064237e+00
2.90800000e+00,-2.79171517e-02,1.81717933e-01,1.60296185e-02,-2.33481006e-01,4.10999300e+00,0.00000000e+00,1.18731536e-01,8.71146407e-03,1.16356905e+02,8.53723479e+00
2.91000000e+00,-2.75541705e-02,1.81256536e-01,1.55602269e-02,-2.35877486e-01,4.10999300e+00,0.00000000e+00,1.17722247e-01,8.58333541e-03,1.15367802e+02,8.41166870e+00
2.91200000e+00,-2.71921707e-02,1.80727422e-01,1.50863709e-02,-2.37880512e-01,4.10999300e+00,0.00000000e+00,1.17356702e-01,8.86124741e-03,1.15009568e+02,8.68402246e+00
2.91400000e+00,-2.68313063e-02,1.80130121e-01,1.46089883e-02,-2.39458391e-01,4.10999300e+00,0.00000000e+00,1.16367336e-01,8.79440568e-03,1.14039989e+02,8.61851757e+00
2.91600000e+00,-2.64716831e-02,1.79483503e-01,1.41287440e-02,-2.40726309e-01,4.10999300e+00,0.00000000e+00,1.15570831e-01,8.82633393e-03,1.13259414e+02,8.64980725e+00
2.91800000e+00,-2.61134080e-02,1.78783326e-01,1.36463128e-02,-2.41649673e-01,4.10999300e+00,0.00000000e+00,1.14691343e-01,8.82883714e-03,1.12397516e+02,8.65226040e+00
2.92000000e+00,-2.57565850e-02,1.78030430e-01,1.31623639e-02,-2.42245098e-01,4.10999300e+00,0.00000000e+00,1.13886880e-01,8.82358710e-03,1.11609143e+02,8.64711536e+00
2.92200000e+00,-2.54013201e-02,1.77226759e-01,1.26775526e-02,-2.42510253e-01,4.10999300e+00,0.00000000e+00,1.12974411e-01,8.82962005e-03,1.10714923e+02,8.65302765e+00
2.92400000e+00,-2.50476027e-02,1.76535917e-01,1.21922067e-02,-2.42949655e-01,4.10999300e+00,0.00000000e+00,1.08359907e-01,7.76462180e-03,1.06192708e+02,7.60932936e+00
2.92600000e+00,-2.46952153e-02,1.75786819e-01,1.17060420e-02,-2.42957185e-01,4.10999300e+00,0.00000000e+00,1.11456247e-01,9.04170844e-03,1.09227122e+02,8.86087427e+00
2.92800000e+00,-2.43445882e-02,1.74838483e-01,1.12209553e-02,-2.42098903e-01,4.10999300e+00,0.00000000e+00,1.10149473e-01,8.88864330e-03,1.07946483e+02,8.71087043e+00
2.93000000e+00,-2.39958738e-02,1.73871424e-01,1.07377849e-02,-2.41032823e-01,4.10999300e+00,0.00000000e+00,1.09043145e-01,8.78721459e-03,1.06862283e+02,8.61147030e+00
2.93200000e+00,-2.36491298e-02,1.72863559e-01,1.02570375e-02,-2.39646556e-01,4.10999300e+00,0.00000000e+00,1.08268387e-01,8.87339587e-03,1.06103019e+02,8.69592795e+00
2.93400000e+00,-2.33044511e-02,1.71808513e-01,9.77943850e-03,-2.37900638e-01,4.10999300e+00,0.00000000e+00,1.07327640e-01,8.85914578e-03,1.05181088e+02,8.68196286e+00
2.93600000e+00,-2.29619193e-02,1.70718092e-01,9.30563659e-03,-2.35852216e-01,4.10999300e+00,0.00000000e+00,1.06294399e-01,8.83067740e-03,1.04168511e+02,8.65406386e+00
2.93800000e+00,-2.26216059e-02,1.69586800e-01,8.83624903e-03,-2.33474739e-01,4.10999300e+00,0.00000000e+00,1.05500045e-01,8.87833272e-03,1.03390044e+02,8.70076606e+00
2.94000000e+00,-2.22836005e-02,1.68412918e-01,8.37196446e-03,-2.30757068e-01,4.10999300e+00,0.00000000e+00,1.04525615e-01,8.88039418e-03,1.02435103e+02,8.70278630e+00
2.94200000e+00,-2.19479816e-02,1.67198095e-01,7.91344386e-03,-2.27704788e-01,4.10999300e+00,0.00000000e+00,1.03712072e-01,8.92442556e-03,1.01637831e+02,8.74593705e+00
2.94400000e+00,-2.16148996e-02,1.65845994e-01,7.46160287e-03,-2.23966259e-01,4.10999300e+00,0.00000000e+00,1.05009007e-01,9.67388936e-03,1.02908827e+02,9.48041158e+00
2.94600000e+00,-2.12846253e-02,1.64452320e-01,7.01775016e-03,-2.19970718e-01,4.10999300e+00,0.00000000e+00,1.01981647e-01,8.82815251e-03,9.99420137e+01,8.65158946e+00
2.94800000e+00,-2.09570628e-02,1.63099959e-01,6.58167752e-03,-2.16038898e-01,4.10999300e+00,0.00000000e+00,1.01364145e-01,8.91559953e-03,9.93368624e+01,8.73728754e+00
2.95000000e+00,-2.06322629e-02,1.61691491e-01,6.15385008e-03,-2.11723861e-01,4.10999300e+00,0.00000000e+00,1.00635600e-01,9.01960786e-03,9.86228881e+01,8.83921570e+00
2.95200000e+00,-2.03103227e-02,1.60244219e-01,5.73499080e-03,-2.07095777e-01,4.10999300e+00,0.00000000e+00,9.96369046e-02,8.97244352e-03,9.76441665e+01,8.79299465e+00
2.95400000e+00,-1.99913075e-02,1.58764684e-01,5.32563966e-03,-2.02208691e-01,4.10999300e+00,0.00000000e+00,9.87792910e-02,8.97648780e-03,9.68037052e+01,8.79695804e+00
2.95600000e+00,-1.96752874e-02,1.57249949e-01,4.92633922e-03,-1.97046856e-01,4.10999300e+00,0.00000000e+00,9.78735234e-02,8.97662681e-03,9.59160529e+01,8.79709428e+00
2.95800000e+00,-1.93623305e-02,1.55701020e-01,4.53763981e-03,-1.91603699e-01,4.10999300e+00,0.00000000e+00,9.70172526e-02,9.00949613e-03,9.50769075e+01,8.82930621e+00
2.96000000e+00,-1.90525062e-02,1.54117779e-01,4.16010273e-03,-1.85893117e-01,4.10999300e+00,0.00000000e+00,9.61396991e-02,8.99629923e-03,9.42169052e+01,8.81637324e+00
2.96200000e+00,-1.87458814e-02,1.52501508e-01,3.79423667e-03,-1.79928564e-01,4.10999300e+00,0.00000000e+00,9.52794372e-02,9.01749881e-03,9.33738485e+01,8.83714884e+00
2.96400000e+00,-1.84427715e-02,1.50478278e-01,3.44141768e-03,-1.72420436e-01,4.10999300e+00,0.00000000e+00,1.03167162e-01,1.17293664e-02,1.01103819e+02,1.14947791e+01
2.96600000e+00,-1.81439844e-02,1.48430949e-01,3.10456832e-03,-1.64892105e-01,4.10999300e+00,0.00000000e+00,9.33946100e-02,8.57542779e-03,9.15267178e+01,8.40391924e+00
2.96800000e+00,-1.78488473e-02,1.46684206e-01,2.78113090e-03,-1.58441248e-01,4.10999300e+00,0.00000000e+00,9.37269714e-02,9.00310484e-03,9.18524319e+01,8.82304274e+00
2.97000000e+00,-1.75573158e-02,1.44835071e-01,2.47116038e-03,-1.51454875e-01,4.10999300e+00,0.00000000e+00,9.33998713e-02,9.25384042e-03,9.15318739e+01,9.06876361e+00
2.97200000e+00,-1.72695350e-02,1.42944014e-01,2.17548352e-03,-1.44210347e-01,4.10999300e+00,0.00000000e+00,9.23496589e-02,9.11962352e-03,9.05026657e+01,8.93723105e+00
2.97400000e+00,-1.69855542e-02,1.41031336e-01,1.89440130e-03,-1.36842372e-01,4.10999300e+00,0.00000000e+00,9.15790698e-02,9.10841493e-03,8.97474884e+01,8.92624663e+00
2.97600000e+00,-1.67054291e-02,1.39089428e-01,1.62822546e-03,-1.29307281e-01,4.10999300e+00,0.00000000e+00,9.07380662e-02,9.08708490e-03,8.89233049e+01,8.90534320e+00
2.97800000e+00,-1.64292140e-02,1.37121217e-01,1.37727753e-03,-1.21614182e-01,4.10999300e+00,0.00000000e+00,8.99308569e-02,9.07844855e-03,8.81322398e+01,8.89687958e+00
2.98000000e+00,-1.61569655e-02,1.35121157e-01,1.14188774e-03,-1.13742583e-01,4.10999300e+00,0.00000000e+00,8.92517217e-02,9.12228457e-03,8.74666873e+01,8.93983888e+00
2.98200000e+00,-1.58887449e-02,1.33097850e-01,9.22391741e-04,-1.05744177e-01,4.10999300e+00,0.00000000e+00,8.82762731e-02,9.02779005e-03,8.65107476e+01,8.84723425e+00
2.98400000e+00,-1.56250354e-02,1.30382709e-01,7.20464185e-04,-9.54164032e-02,4.10999300e+00,0.00000000e+00,1.03255185e-01,1.37192605e-02,1.01190081e+02,1.34448753e+01
2.98600000e+00,-1.53672326e-02,1.27639724e-01,5.40613473e-04,-8.52574012e-02,4.10999300e+00,0.00000000e+00,8.68102905e-02,8.41212633e-03,8.50740847e+01,8.24388380e+00
2.98800000e+00,-1.51141061e-02,1.25452312e-01,3.78058978e-04,-7.71616858e-02,4.10999300e+00,0.00000000e+00,8.81977822e-02,9.15294885e-03,8.64338265e+01,8.96988988e+00
2.99000000e+00,-1.48655189e-02,1.23121484e-01,2.32380966e-04,-6.84446797e-02,4.10999300e+00,0.00000000e+00,8.81228172e-02,9.50457643e-03,8.63603608e+01,9.31448490e+00
2.99200000e+00,-1.46216454e-02,1.20752719e-01,1.04367814e-04,-5.95963448e-02,4.10999300e+00,0.00000000e+00,8.70837746e-02,9.24210920e-03,8.53420991e+01,9.05726702e+00
2.99400000e+00,-1.43825169e-02,1.18370692e-01,-6.03698221e-06,-5.07968626e-02,4.10999300e+00,0.00000000e+00,8.64709647e-02,9.24072636e-03,8.47415454e+01,9.05591183e+00
2.99600000e+00,-1.41481822e-02,1.15959313e-01,-9.87817005e-05,-4.19404829e-02,4.10999300e+00,0.00000000e+00,8.58468722e-02,9.22543303e-03,8.41299347e+01,9.04092437e+00
2.99800000e+00,-1.39187021e-02,1.13514310e-01,-1.73756609e-04,-3.30206541e-02,4.10999300e+00,0.00000000e+00,8.53734113e-02,9.26316405e-03,8.36659431e+01,9.07790076e+00
3.00000000e+00,-1.36941478e-02,1.11035105e-01,-2.30825928e-04,-2.40432486e-02,4.10999300e+00,0.00000000e+00,8.48029044e-02,9.26109677e-03,8.31068463e+01,9.07587484e+00
