t,h,h_dot,alpha,alpha_dot,delta,W_g,C_L,C_M,F_y,M_z
2.00000000e-03,0.00000000e+00,0.00000000e+00,0.00000000e+00,0.00000000e+00,0.00000000e+00,5.35848851e-04,1.26327256e-01,3.00480580e-02,1.23800711e+02,2.94470968e+01
4.00000000e-03,-9.76024003e-06,-9.23401555e-03,2.33284460e-05,2.06775589e-02,0.00000000e+00,2.14332750e-03,8.94943834e-02,1.33799198e-02,8.77044957e+01,1.31123214e+01
6.00000000e-03,-3.65016836e-05,-1.78164645e-02,7.94989318e-05,3.65382586e-02,0.00000000e+00,4.82223223e-03,1.11286401e-01,2.00116598e-02,1.09060673e+02,1.96114266e+01
8.00000000e-03,-8.15454132e-05,-2.71778563e-02,1.70681553e-04,5.41990433e-02,0.00000000e+00,8.57222357e-03,1.08025503e-01,1.72811717e-02,1.05864993e+02,1.69355482e+01
1.00000000e-02,-1.45166538e-04,-3.64693930e-02,2.95096092e-04,7.00614764e-02,0.00000000e+00,1.33928263e-02,1.10135612e-01,1.64081150e-02,1.07932900e+02,1.60799527e+01
1.20000000e-02,-2.27561994e-04,-4.59694291e-02,4.50611863e-04,8.54505510e-02,0.00000000e+00,1.92834295e-02,1.13531597e-01,1.65034738e-02,1.11260965e+02,1.61734044e+01
1.40000000e-02,-3.29184012e-04,-5.56790888e-02,6.36777095e-04,1.00657850e-01,0.00000000e+00,2.62432867e-02,1.15824005e-01,1.62862884e-02,1.13507525e+02,1.59605627e+01
1.60000000e-02,-4.50383558e-04,-6.55465530e-02,8.53048182e-04,1.15572556e-01,0.00000000e+00,3.42715159e-02,1.18168285e-01,1.61921747e-02,1.15804919e+02,1.58683312e+01
1.80000000e-02,-5.91478822e-04,-7.55769052e-02,1.09895967e-03,1.30325804e-01,0.00000000e+00,4.33670998e-02,1.20741237e-01,1.62926622e-02,1.18326412e+02,1.59668090e+01
2.00000000e-02,-7.52795089e-04,-8.57631134e-02,1.37428315e-03,1.44976697e-01,0.00000000e+00,5.35288856e-02,1.23085616e-01,1.63646633e-02,1.20623904e+02,1.60373700e+01
2.20000000e-02,-9.34477485e-04,-9.58686431e-02,1.67844423e-03,1.58994342e-01,0.00000000e+00,6.47555856e-02,1.20297661e-01,1.53921897e-02,1.17891708e+02,1.50843460e+01
2.40000000e-02,-1.13624914e-03,-1.05943389e-01,2.01008466e-03,1.72748182e-01,0.00000000e+00,7.70457772e-02,1.23972439e-01,1.62791357e-02,1.21492990e+02,1.59535530e+01
2.60000000e-02,-1.35834578e-03,-1.16160232e-01,2.36956473e-03,1.86693666e-01,0.00000000e+00,9.03979028e-02,1.25389466e-01,1.63022883e-02,1.22881677e+02,1.59762425e+01
2.80000000e-02,-1.60089520e-03,-1.26384767e-01,2.75660208e-03,2.00253342e-01,0.00000000e+00,1.04810270e-01,1.26090405e-01,1.60166600e-02,1.23568597e+02,1.56963268e+01
3.00000000e-02,-1.86388463e-03,-1.36608974e-01,3.17034498e-03,2.13463381e-01,0.00000000e+00,1.20281054e-01,1.27486939e-01,1.61540616e-02,1.24937200e+02,1.58309804e+01
3.20000000e-02,-2.14733686e-03,-1.46841827e-01,3.61031094e-03,2.26456445e-01,0.00000000e+00,1.36808292e-01,1.28564571e-01,1.61844273e-02,1.25993280e+02,1.58607387e+01
3.40000000e-02,-2.45124045e-03,-1.57057463e-01,4.07597540e-03,2.39156506e-01,0.00000000e+00,1.54389890e-01,1.29523755e-01,1.61990802e-02,1.26933280e+02,1.58750985e+01
3.60000000e-02,-2.77554601e-03,-1.67242054e-01,4.56673216e-03,2.51549402e-01,0.00000000e+00,1.73023622e-01,1.30444945e-01,1.62356895e-02,1.27836046e+02,1.59109757e+01
3.80000000e-02,-3.12017978e-03,-1.77383310e-01,5.08196329e-03,2.63627743e-01,0.00000000e+00,1.92707124e-01,1.31283024e-01,1.62699198e-02,1.28657363e+02,1.59445214e+01
4.00000000e-02,-3.48504043e-03,-1.87466338e-01,5.62101771e-03,2.75367978e-01,0.00000000e+00,2.13437904e-01,1.32021577e-01,1.62912665e-02,1.29381145e+02,1.59654412e+01
4.20000000e-02,-3.86990785e-03,-1.97343451e-01,6.18281975e-03,2.86185174e-01,0.00000000e+00,2.35213332e-01,1.29572536e-01,1.51305179e-02,1.26981085e+02,1.48279076e+01
4.40000000e-02,-4.27431632e-03,-2.07073695e-01,6.76541756e-03,2.96491117e-01,0.00000000e+00,2.58030652e-01,1.31851274e-01,1.60462541e-02,1.29214248e+02,1.57253290e+01
4.60000000e-02,-4.69820177e-03,-2.16802659e-01,7.36891866e-03,3.06998696e-01,0.00000000e+00,2.81886969e-01,1.32963171e-01,1.64116017e-02,1.30303907e+02,1.60833697e+01
4.80000000e-02,-5.14144142e-03,-2.26403327e-01,7.99310924e-03,3.17051689e-01,0.00000000e+00,3.06779263e-01,1.32432287e-01,1.59796198e-02,1.29783641e+02,1.56600274e+01
5.00000000e-02,-5.60370315e-03,-2.35836110e-01,8.63672259e-03,3.26500510e-01,0.00000000e+00,3.32704377e-01,1.32775118e-01,1.60590083e-02,1.30119615e+02,1.57378281e+01
5.20000000e-02,-6.08469107e-03,-2.45126716e-01,9.29885158e-03,3.35559835e-01,0.00000000e+00,3.59659026e-01,1.32998395e-01,1.61042390e-02,1.30338427e+02,1.57821542e+01
5.40000000e-02,-6.58410598e-03,-2.54261283e-01,9.97867803e-03,3.44193351e-01,0.00000000e+00,3.87639796e-01,1.33168353e-01,1.61328650e-02,1.30504986e+02,1.58102077e+01
5.60000000e-02,-7.10162538e-03,-2.63229629e-01,1.06753269e-02,3.52379710e-01,0.00000000e+00,4.16643139e-01,1.33302194e-01,1.61574928e-02,1.30636150e+02,1.58343429e+01
5.80000000e-02,-7.63690664e-03,-2.72021191e-01,1.13878877e-02,3.60102324e-01,0.00000000e+00,4.46665380e-01,1.33371010e-01,1.61742255e-02,1.30703590e+02,1.58507410e+01
6.00000000e-02,-8.18958464e-03,-2.80624504e-01,1.21154182e-02,3.67348050e-01,0.00000000e+00,4.77702716e-01,1.33379726e-01,1.61928412e-02,1.30712131e+02,1.58689844e+01
6.20000000e-02,-8.75919399e-03,-2.88911850e-01,1.28565728e-02,3.73533304e-01,0.00000000e+00,5.09751212e-01,1.30603444e-01,1.50044514e-02,1.27991375e+02,1.47043624e+01
6.40000000e-02,-9.34506755e-03,-2.96952475e-01,1.36091346e-02,3.79093444e-01,0.00000000e+00,5.42806807e-01,1.32364306e-01,1.59535717e-02,1.29717020e+02,1.56345002e+01
6.60000000e-02,-9.94693391e-03,-3.04888135e-01,1.43730375e-02,3.84789958e-01,0.00000000e+00,5.76865312e-01,1.33031372e-01,1.63796561e-02,1.30370744e+02,1.60520629e+01
6.80000000e-02,-1.05644626e-02,-3.12587594e-01,1.51479262e-02,3.89934215e-01,0.00000000e+00,6.11922412e-01,1.31854321e-01,1.58992007e-02,1.29217235e+02,1.55812166e+01
7.00000000e-02,-1.11970994e-02,-3.20009758e-01,1.59322886e-02,3.94349885e-01,0.00000000e+00,6.47973663e-01,1.31685669e-01,1.59690352e-02,1.29051955e+02,1.56496545e+01
7.20000000e-02,-1.18443397e-02,-3.27189063e-01,1.67250053e-02,3.98284846e-01,0.00000000e+00,6.85014496e-01,1.31433453e-01,1.60210032e-02,1.28804784e+02,1.57005831e+01
7.40000000e-02,-1.25056877e-02,-3.34116458e-01,1.75250959e-02,4.01721780e-01,0.00000000e+00,7.23040219e-01,1.31169528e-01,1.60652259e-02,1.28546137e+02,1.57439214e+01
7.60000000e-02,-1.31806315e-02,-3.40782813e-01,1.83315425e-02,4.04633911e-01,0.00000000e+00,7.62046012e-01,1.30815995e-01,1.60702822e-02,1.28199675e+02,1.57488766e+01
7.80000000e-02,-1.38686395e-02,-3.47180048e-01,1.91432715e-02,4.07005991e-01,0.00000000e+00,8.02026932e-01,1.30470987e-01,1.60902662e-02,1.27861567e+02,1.57684609e+01
8.00000000e-02,-1.45691680e-02,-3.53301776e-01,1.99592072e-02,4.08839210e-01,0.00000000e+00,8.42977912e-01,1.30071571e-01,1.61040484e-02,1.27470139e+02,1.57819674e+01
8.20000000e-02,-1.52816057e-02,-3.59062136e-01,2.07779453e-02,4.09648020e-01,0.00000000e+00,8.84893763e-01,1.27818769e-01,1.51092242e-02,1.25262393e+02,1.48070397e+01
8.40000000e-02,-1.60052177e-02,-3.64524156e-01,2.15973697e-02,4.09812563e-01,0.00000000e+00,9.27769173e-01,1.28984802e-01,1.59222864e-02,1.26405106e+02,1.56038407e+01
8.60000000e-02,-1.67395779e-02,-3.69799557e-01,2.24172247e-02,4.10020866e-01,0.00000000e+00,9.71598708e-01,1.29431072e-01,1.63722018e-02,1.26842451e+02,1.60447577e+01
8.80000000e-02,-1.74842161e-02,-3.74775326e-01,2.32370815e-02,4.09671674e-01,0.00000000e+00,1.01637682e+00,1.28041286e-01,1.59234053e-02,1.25480461e+02,1.56049372e+01
9.00000000e-02,-1.82384506e-02,-3.79408205e-01,2.40554118e-02,4.08573106e-01,0.00000000e+00,1.06209782e+00,1.27556578e-01,1.59687148e-02,1.25005446e+02,1.56493405e+01
9.20000000e-02,-1.90016451e-02,-3.83735310e-01,2.48710364e-02,4.06968294e-01,0.00000000e+00,1.10875593e+00,1.27108417e-01,1.60265991e-02,1.24566249e+02,1.57060671e+01
9.40000000e-02,-1.97731862e-02,-3.87753917e-01,2.56829463e-02,4.04855513e-01,0.00000000e+00,1.15634522e+00,1.26629487e-01,1.60631857e-02,1.24096897e+02,1.57419220e+01
9.60000000e-02,-2.05524491e-02,-3.91455055e-01,2.64901031e-02,4.02209770e-01,0.00000000e+00,1.20485968e+00,1.26036016e-01,1.60620343e-02,1.23515296e+02,1.57407936e+01
9.80000000e-02,-2.13387895e-02,-3.94830783e-01,2.72914295e-02,3.99030260e-01,0.00000000e+00,1.25429315e+00,1.25430625e-01,1.60888223e-02,1.22922012e+02,1.57670459e+01
1.00000000e-01,-2.21315544e-02,-3.97879821e-01,2.80858739e-02,3.95325445e-01,0.00000000e+00,1.30463936e+00,1.24861011e-01,1.60958161e-02,1.22363791e+02,1.57738998e+01
1.02000000e-01,-2.29300751e-02,-4.00578444e-01,2.88721757e-02,3.90787381e-01,0.00000000e+00,1.35589194e+00,1.23749649e-01,1.54648940e-02,1.21274656e+02,1.51555962e+01
1.04000000e-01,-2.37336571e-02,-4.02960404e-01,2.96486223e-02,3.85647774e-01,0.00000000e+00,1.40804439e+00,1.24011362e-01,1.59444787e-02,1.21531135e+02,1.56255891e+01
1.06000000e-01,-2.45417476e-02,-4.05088674e-01,3.04147199e-02,3.80437937e-01,0.00000000e+00,1.46109011e+00,1.24409406e-01,1.64140295e-02,1.21921218e+02,1.60857489e+01
1.08000000e-01,-2.53537979e-02,-4.06896101e-01,3.11700722e-02,3.74775299e-01,0.00000000e+00,1.51502236e+00,1.23135423e-01,1.60753761e-02,1.20672715e+02,1.57538685e+01
1.10000000e-01,-2.61690884e-02,-4.08338092e-01,3.19133743e-02,3.68442503e-01,0.00000000e+00,1.56983432e+00,1.22519484e-01,1.60717778e-02,1.20069094e+02,1.57503422e+01
1.12000000e-01,-2.69869279e-02,-4.09446609e-01,3.26435226e-02,3.61630377e-01,0.00000000e+00,1.62551904e+00,1.22014500e-01,1.61150804e-02,1.19574210e+02,1.57927788e+01
1.14000000e-01,-2.78066517e-02,-4.10220479e-01,3.33595937e-02,3.54365186e-01,0.00000000e+00,1.68206946e+00,1.21387906e-01,1.61466879e-02,1.18960148e+02,1.58237541e+01
1.16000000e-01,-2.86275816e-02,-4.10652038e-01,3.40606761e-02,3.46639165e-01,0.00000000e+00,1.73947842e+00,1.20715078e-01,1.61524645e-02,1.18300776e+02,1.58294152e+01
1.18000000e-01,-2.94490318e-02,-4.10741574e-01,3.47458436e-02,3.38452927e-01,0.00000000e+00,1.79773864e+00,1.20100849e-01,1.61628132e-02,1.17698832e+02,1.58395569e+01
1.20000000e-01,-3.02703208e-02,-4.10490541e-01,3.54141867e-02,3.29815084e-01,0.00000000e+00,1.85684274e+00,1.19462061e-01,1.61628162e-02,1.17072820e+02,1.58395599e+01
1.22000000e-01,-3.10907925e-02,-4.09937304e-01,3.60647528e-02,3.20650697e-01,0.00000000e+00,1.91678323e+00,1.19738975e-01,1.59906772e-02,1.17344195e+02,1.56708636e+01
1.24000000e-01,-3.19098677e-02,-4.09080599e-01,3.66964638e-02,3.10997899e-01,0.00000000e+00,1.97755251e+00,1.19060398e-01,1.60439991e-02,1.16679190e+02,1.57231192e+01
1.26000000e-01,-3.27269190e-02,-4.07930094e-01,3.73086306e-02,3.01174328e-01,0.00000000e+00,2.03914288e+00,1.19548000e-01,1.65107588e-02,1.17157040e+02,1.61805436e+01
1.28000000e-01,-3.35413840e-02,-4.06473491e-01,3.79009717e-02,2.91066677e-01,0.00000000e+00,2.10154654e+00,1.18562060e-01,1.62980020e-02,1.16190818e+02,1.59720420e+01
1.30000000e-01,-3.43525755e-02,-4.04660737e-01,3.84725636e-02,2.80458576e-01,0.00000000e+00,2.16475557e+00,1.17854855e-01,1.62811763e-02,1.15497758e+02,1.59555528e+01
1.32000000e-01,-3.51598034e-02,-4.02512585e-01,3.90225554e-02,2.69474608e-01,0.00000000e+00,2.22876197e+00,1.17322868e-01,1.62992179e-02,1.14976411e+02,1.59732335e+01
1.34000000e-01,-3.59624070e-02,-4.00036213e-01,3.95502397e-02,2.58157141e-01,0.00000000e+00,2.29355763e+00,1.16746942e-01,1.63395952e-02,1.14412003e+02,1.60128033e+01
1.36000000e-01,-3.67597333e-02,-3.97237499e-01,4.00549767e-02,2.46528866e-01,0.00000000e+00,2.35913434e+00,1.16310617e-01,1.63726078e-02,1.13984405e+02,1.60451557e+01
1.38000000e-01,-3.75511381e-02,-3.94110430e-01,4.05361315e-02,2.34565122e-01,0.00000000e+00,2.42548378e+00,1.15547113e-01,1.63276683e-02,1.13236171e+02,1.60011149e+01
1.40000000e-01,-3.83359501e-02,-3.90646010e-01,4.09930125e-02,2.22264296e-01,0.00000000e+00,2.49259754e+00,1.14848173e-01,1.63227595e-02,1.12551209e+02,1.59963043e+01
1.42000000e-01,-3.91135578e-02,-3.86935075e-01,4.14250618e-02,2.09773147e-01,0.00000000e+00,2.56046713e+00,1.16149559e-01,1.65504878e-02,1.13826568e+02,1.62194780e+01
1.44000000e-01,-3.98835176e-02,-3.82965006e-01,4.18319180e-02,1.97001413e-01,0.00000000e+00,2.62908394e+00,1.15094256e-01,1.63202132e-02,1.12792371e+02,1.59938089e+01
1.46000000e-01,-4.06452156e-02,-3.78691616e-01,4.22129159e-02,1.84002452e-01,0.00000000e+00,2.69843928e+00,1.15296972e-01,1.66231286e-02,1.12991033e+02,1.62906661e+01
1.48000000e-01,-4.13980993e-02,-3.74141058e-01,4.25678567e-02,1.70896898e-01,0.00000000e+00,2.76852435e+00,1.14781929e-01,1.66088649e-02,1.12486290e+02,1.62766876e+01
1.50000000e-01,-4.21415800e-02,-3.69290801e-01,4.28963262e-02,1.57525465e-01,0.00000000e+00,2.83933028e+00,1.14382609e-01,1.65397297e-02,1.12094957e+02,1.62089352e+01
1.52000000e-01,-4.28750673e-02,-3.64147723e-01,4.31977972e-02,1.43911994e-01,0.00000000e+00,2.91084809e+00,1.13947940e-01,1.65370399e-02,1.11668981e+02,1.62062991e+01
1.54000000e-01,-4.35979732e-02,-3.58708089e-01,4.34718481e-02,1.30109405e-01,0.00000000e+00,2.98306871e+00,1.13376149e-01,1.65398960e-02,1.11108626e+02,1.62090981e+01
1.56000000e-01,-4.43097087e-02,-3.52982080e-01,4.37181303e-02,1.16150059e-01,0.00000000e+00,3.05598301e+00,1.13089378e-01,1.65655266e-02,1.10827591e+02,1.62342161e+01
1.58000000e-01,-4.50097166e-02,-3.46978658e-01,4.39363536e-02,1.02048561e-01,0.00000000e+00,3.12958173e+00,1.12632431e-01,1.65590124e-02,1.10379782e+02,1.62278321e+01
1.60000000e-01,-4.56974363e-02,-3.40694681e-01,4.41262360e-02,8.78142742e-02,0.00000000e+00,3.20385555e+00,1.12173028e-01,1.65638642e-02,1.09929567e+02,1.62325869e+01
1.62000000e-01,-4.63723827e-02,-3.34241856e-01,4.42876989e-02,7.37123017e-02,0.00000000e+00,3.27879506e+00,1.14222967e-01,1.70731839e-02,1.11938507e+02,1.67317202e+01
1.64000000e-01,-4.70342796e-02,-3.27602893e-01,4.44210573e-02,5.95684067e-02,0.00000000e+00,3.35439076e+00,1.13253621e-01,1.66721221e-02,1.10988548e+02,1.63386796e+01
1.66000000e-01,-4.76826129e-02,-3.20691888e-01,4.45258309e-02,4.52121326e-02,0.00000000e+00,3.43063307e+00,1.13186620e-01,1.67829391e-02,1.10922888e+02,1.64472803e+01
1.68000000e-01,-4.83168996e-02,-3.13559549e-01,4.46019322e-02,3.08954471e-02,0.00000000e+00,3.50751232e+00,1.13288449e-01,1.68697806e-02,1.11022680e+02,1.65323850e+01
1.70000000e-01,-4.89367043e-02,-3.06207002e-01,4.46494076e-02,1.65710646e-02,0.00000000e+00,3.58501879e+00,1.13130428e-01,1.68404482e-02,1.10867819e+02,1.65036393e+01
1.72000000e-01,-4.95415747e-02,-2.98625133e-01,4.46681839e-02,2.19792950e-03,0.00000000e+00,3.66314264e+00,1.12898321e-01,1.68001359e-02,1.10640355e+02,1.64641331e+01
1.74000000e-01,-5.01310568e-02,-2.90821276e-01,4.46581992e-02,-1.21754095e-02,0.00000000e+00,3.74187397e+00,1.12786940e-01,1.68316259e-02,1.10531202e+02,1.64949934e+01
1.76000000e-01,-5.07047196e-02,-2.82807059e-01,4.46195118e-02,-2.65044716e-02,0.00000000e+00,3.82120281e+00,1.12698312e-01,1.68436570e-02,1.10444346e+02,1.65067839e+01
1.78000000e-01,-5.12621458e-02,-2.74583910e-01,4.45522096e-02,-4.07910181e-02,0.00000000e+00,3.90111910e+00,1.12488596e-01,1.68305542e-02,1.10238824e+02,1.64939431e+01
1.80000000e-01,-5.18029203e-02,-2.66158327e-01,4.44563878e-02,-5.50174765e-02,0.00000000e+00,3.98161272e+00,1.12416700e-01,1.68387060e-02,1.10168366e+02,1.65019318e+01
1.82000000e-01,-5.23267237e-02,-2.57649731e-01,4.43324150e-02,-6.88311331e-02,0.00000000e+00,4.06267347e+00,1.14859509e-01,1.75256106e-02,1.12562319e+02,1.71750984e+01
1.84000000e-01,-5.28334572e-02,-2.49048076e-01,4.41812362e-02,-8.23854570e-02,0.00000000e+00,4.14429107e+00,1.14413711e-01,1.71725930e-02,1.12125437e+02,1.68291412e+01
1.86000000e-01,-5.33227781e-02,-2.40239502e-01,4.40027616e-02,-9.61070196e-02,0.00000000e+00,4.22645517e+00,1.14054646e-01,1.69252059e-02,1.11773553e+02,1.65867018e+01
1.88000000e-01,-5.37943102e-02,-2.31273561e-01,4.37969038e-02,-1.09684993e-01,0.00000000e+00,4.30915538e+00,1.14622215e-01,1.71854728e-02,1.12329771e+02,1.68417633e+01
1.90000000e-01,-5.42477932e-02,-2.22188932e-01,4.35642079e-02,-1.22983676e-01,0.00000000e+00,4.39238120e+00,1.15020112e-01,1.71844548e-02,1.12719710e+02,1.68407657e+01
1.92000000e-01,-5.46829796e-02,-2.12974741e-01,4.33050617e-02,-1.36143509e-01,0.00000000e+00,4.47612210e+00,1.15184750e-01,1.71120876e-02,1.12881055e+02,1.67698459e+01
1.94000000e-01,-5.50995998e-02,-2.03622047e-01,4.30197332e-02,-1.49154330e-01,0.00000000e+00,4.56036745e+00,1.15222740e-01,1.70949438e-02,1.12918285e+02,1.67530449e+01
1.96000000e-01,-5.54973849e-02,-1.94145075e-01,4.27086072e-02,-1.61921014e-01,0.00000000e+00,4.64510659e+00,1.15566529e-01,1.71852957e-02,1.13255199e+02,1.68415898e+01
1.98000000e-01,-5.58761047e-02,-1.84554993e-01,4.23722184e-02,-1.74433866e-01,0.00000000e+00,4.73032877e+00,1.15710320e-01,1.71523045e-02,1.13396113e+02,1.68092584e+01
2.00000000e-01,-5.62355351e-02,-1.74860209e-01,4.20110271e-02,-1.86713607e-01,0.00000000e+00,4.81602319e+00,1.16093557e-01,1.71636363e-02,1.13771686e+02,1.68203636e+01
2.02000000e-01,-5.65755531e-02,-1.65176808e-01,4.16257890e-02,-1.98355873e-01,0.00000000e+00,4.90217900e+00,1.18791562e-01,1.79448478e-02,1.16415731e+02,1.75859508e+01
2.04000000e-01,-5.68962357e-02,-1.55483464e-01,4.12179141e-02,-2.09532550e-01,0.00000000e+00,4.98878527e+00,1.18518494e-01,1.75627867e-02,1.16148124e+02,1.72115309e+01
2.06000000e-01,-5.71973863e-02,-1.45639086e-01,4.07875526e-02,-2.20868441e-01,0.00000000e+00,5.07583104e+00,1.17760754e-01,1.70004669e-02,1.15405539e+02,1.66604575e+01
2.08000000e-01,-5.74787431e-02,-1.35721306e-01,4.03346079e-02,-2.31952914e-01,0.00000000e+00,5.16330526e+00,1.19140561e-01,1.74480227e-02,1.16757750e+02,1.70990622e+01
2.10000000e-01,-5.77402672e-02,-1.25797014e-01,3.98600939e-02,-2.42508082e-01,0.00000000e+00,5.25119687e+00,1.19783976e-01,1.74379314e-02,1.17388296e+02,1.70891728e+01
2.12000000e-01,-5.79819044e-02,-1.15832657e-01,3.93647751e-02,-2.52764076e-01,0.00000000e+00,5.33949470e+00,1.20217515e-01,1.73725957e-02,1.17813165e+02,1.70251438e+01
2.14000000e-01,-5.82035710e-02,-1.05828019e-01,3.88492525e-02,-2.62697646e-01,0.00000000e+00,5.42818759e+00,1.20693059e-01,1.73823193e-02,1.18279198e+02,1.70346729e+01
2.16000000e-01,-5.84051983e-02,-9.57961082e-02,3.83142297e-02,-2.72263396e-01,0.00000000e+00,5.51726428e+00,1.21267094e-01,1.73842625e-02,1.18841752e+02,1.70365772e+01
2.18000000e-01,-5.85867497e-02,-8.57557382e-02,3.77604599e-02,-2.81437727e-01,0.00000000e+00,5.60671349e+00,1.22018426e-01,1.74165801e-02,1.19578057e+02,1.70682485e+01
2.20000000e-01,-5.87482189e-02,-7.57118016e-02,3.71887536e-02,-2.90200009e-01,0.00000000e+00,5.69652389e+00,1.22542854e-01,1.74360339e-02,1.20091997e+02,1.70873132e+01
2.22000000e-01,-5.88896537e-02,-6.57529540e-02,3.66002415e-02,-2.98089934e-01,0.00000000e+00,5.78668409e+00,1.25202072e-01,1.84102402e-02,1.22698031e+02,1.80420354e+01
2.24000000e-01,-5.90112801e-02,-5.58681116e-02,3.59968002e-02,-3.05370348e-01,0.00000000e+00,5.87718267e+00,1.25305353e-01,1.78563033e-02,1.22799246e+02,1.74991772e+01
2.26000000e-01,-5.91130749e-02,-4.59064485e-02,3.53786087e-02,-3.12877978e-01,0.00000000e+00,5.96800815e+00,1.24278529e-01,1.70532234e-02,1.21792958e+02,1.67121590e+01
2.28000000e-01,-5.91949191e-02,-3.59646773e-02,3.47455411e-02,-3.20006408e-01,0.00000000e+00,6.05914903e+00,1.26478982e-01,1.77508468e-02,1.23949403e+02,1.73958299e+01
2.30000000e-01,-5.92570028e-02,-2.61266398e-02,3.40990876e-02,-3.26378068e-01,0.00000000e+00,6.15059376e+00,1.27249499e-01,1.77208066e-02,1.24704509e+02,1.73663905e+01
2.32000000e-01,-5.92994539e-02,-1.63308685e-02,3.34402736e-02,-3.32382655e-01,0.00000000e+00,6.24233076e+00,1.27853180e-01,1.75826459e-02,1.25296117e+02,1.72309929e+01
2.34000000e-01,-5.93223622e-02,-6.58906465e-03,3.27698175e-02,-3.37996461e-01,0.00000000e+00,6.33434838e+00,1.28737393e-01,1.75855840e-02,1.26162645e+02,1.72338723e+01
2.36000000e-01,-5.93258640e-02,3.07188793e-03,3.20886269e-02,-3.43101580e-01,0.00000000e+00,6.42663498e+00,1.29810541e-01,1.76793717e-02,1.27214330e+02,1.73257842e+01
2.38000000e-01,-5.93101282e-02,1.26526008e-02,3.13977470e-02,-3.47702987e-01,0.00000000e+00,6.51917886e+00,1.30523077e-01,1.76578147e-02,1.27912616e+02,1.73046584e+01
2.40000000e-01,-5.92753098e-02,2.21491125e-02,3.06981260e-02,-3.51837945e-01,0.00000000e+00,6.61196829e+00,1.31532696e-01,1.76607113e-02,1.28902042e+02,1.73074971e+01
2.42000000e-01,-5.92216409e-02,3.14819097e-02,2.99910603e-02,-3.54975499e-01,0.00000000e+00,6.70499152e+00,1.33948784e-01,1.87426552e-02,1.31269809e+02,1.83678021e+01
2.44000000e-01,-5.91494707e-02,4.06818688e-02,2.92786782e-02,-3.57431803e-01,0.00000000e+00,6.79823674e+00,1.34085204e-01,1.80739623e-02,1.31403500e+02,1.77124830e+01
2.46000000e-01,-5.90589041e-02,4.98957219e-02,2.85611227e-02,-3.60203608e-01,0.00000000e+00,6.89169216e+00,1.32922362e-01,1.70564359e-02,1.30263914e+02,1.67153072e+01
2.48000000e-01,-5.89499534e-02,5.90111374e-02,2.78381325e-02,-3.62572412e-01,0.00000000e+00,6.98534592e+00,1.35533422e-01,1.78880727e-02,1.32822753e+02,1.75303112e+01
2.50000000e-01,-5.88229893e-02,6.79319674e-02,2.71113998e-02,-3.64091233e-01,0.00000000e+00,7.07918615e+00,1.36469362e-01,1.78030108e-02,1.33739975e+02,1.74469506e+01
2.52000000e-01,-5.86783095e-02,7.67269685e-02,2.63820527e-02,-3.65182394e-01,0.00000000e+00,7.17320097e+00,1.37328635e-01,1.77442810e-02,1.34582062e+02,1.73893954e+01
2.54000000e-01,-5.85161722e-02,8.53858352e-02,2.56509845e-02,-3.65802144e-01,0.00000000e+00,7.26737846e+00,1.38362333e-01,1.77484094e-02,1.35595086e+02,1.73934412e+01
2.56000000e-01,-5.83368735e-02,9.38836577e-02,2.49191950e-02,-3.65895546e-01,0.00000000e+00,7.36170668e+00,1.39662952e-01,1.78037459e-02,1.36869693e+02,1.74476710e+01
2.58000000e-01,-5.81407466e-02,1.02218024e-01,2.41877563e-02,-3.65458012e-01,0.00000000e+00,7.45617369e+00,1.40614950e-01,1.78177906e-02,1.37802651e+02,1.74614348e+01
2.60000000e-01,-5.79281106e-02,1.10388639e-01,2.34577053e-02,-3.64507054e-01,0.00000000e+00,7.55076750e+00,1.41787059e-01,1.78381396e-02,1.38951318e+02,1.74813768e+01
2.62000000e-01,-5.76993128e-02,1.18378010e-01,2.27303609e-02,-3.62607064e-01,0.00000000e+00,7.64547614e+00,1.43015142e-01,1.87700659e-02,1.40154839e+02,1.83946646e+01
2.64000000e-01,-5.74547113e-02,1.26198238e-01,2.20077130e-02,-3.60053144e-01,0.00000000e+00,7.74028760e+00,1.43774752e-01,1.81773372e-02,1.40899257e+02,1.78137905e+01
2.66000000e-01,-5.71945648e-02,1.33951143e-01,2.12899158e-02,-3.57847974e-01,0.00000000e+00,7.83518986e+00,1.42496308e-01,1.70116730e-02,1.39646382e+02,1.66714395e+01
2.68000000e-01,-5.69190169e-02,1.41538742e-01,2.05765706e-02,-3.55268617e-01,0.00000000e+00,7.93017090e+00,1.45419315e-01,1.79427304e-02,1.42510928e+02,1.75838758e+01
2.70000000e-01,-5.66285870e-02,1.48860485e-01,1.98694091e-02,-3.51837654e-01,0.00000000e+00,8.02521869e+00,1.46367849e-01,1.77875875e-02,1.43440492e+02,1.74318358e+01
2.72000000e-01,-5.63236992e-02,1.55995848e-01,1.91694708e-02,-3.48030597e-01,0.00000000e+00,8.12032117e+00,1.47314865e-01,1.77307158e-02,1.44368568e+02,1.73761015e+01
2.74000000e-01,-5.60047394e-02,1.62927602e-01,1.84776015e-02,-3.43751438e-01,0.00000000e+00,8.21546630e+00,1.48550362e-01,1.77884350e-02,1.45579354e+02,1.74326663e+01
2.76000000e-01,-5.56721442e-02,1.69626388e-01,1.77948423e-02,-3.38906488e-01,0.00000000e+00,8.31064201e+00,1.50071124e-01,1.79410048e-02,1.47069701e+02,1.75821847e+01
2.78000000e-01,-5.53263834e-02,1.76100809e-01,1.71222974e-02,-3.33578699e-01,0.00000000e+00,8.40583626e+00,1.50997239e-01,1.78389851e-02,1.47977295e+02,1.74822054e+01
2.80000000e-01,-5.49678829e-02,1.82362222e-01,1.64607999e-02,-3.27842324e-01,0.00000000e+00,8.50103696e+00,1.52147699e-01,1.78513215e-02,1.49104745e+02,1.74942951e+01
2.82000000e-01,-5.45970482e-02,1.88453099e-01,1.58114236e-02,-3.21362819e-01,0.00000000e+00,8.59623207e+00,1.51979961e-01,1.84685607e-02,1.48940361e+02,1.80991895e+01
2.84000000e-01,-5.42142087e-02,1.94336691e-01,1.51757418e-02,-3.14293568e-01,0.00000000e+00,8.69140951e+00,1.53890388e-01,1.81782089e-02,1.50812580e+02,1.78146447e+01
2.86000000e-01,-5.38197958e-02,2.00078831e-01,1.45540314e-02,-3.07551194e-01,0.00000000e+00,8.78655723e+00,1.52089042e-01,1.68914776e-02,1.49047262e+02,1.65536481e+01
2.88000000e-01,-5.34140104e-02,2.05645519e-01,1.39456989e-02,-3.00566095e-01,0.00000000e+00,8.88166316e+00,1.54700664e-01,1.78158822e-02,1.51606650e+02,1.74595646e+01
2.90000000e-01,-5.29974107e-02,2.10916695e-01,1.33522886e-02,-2.92798775e-01,0.00000000e+00,8.97671525e+00,1.55615245e-01,1.76824793e-02,1.52502940e+02,1.73288297e+01
2.92000000e-01,-5.25704973e-02,2.15957351e-01,1.27747020e-02,-2.84734238e-01,0.00000000e+00,9.07170147e+00,1.56623009e-01,1.76113458e-02,1.53490549e+02,1.72591189e+01
2.94000000e-01,-5.21337480e-02,2.20747996e-01,1.22136147e-02,-2.76275065e-01,0.00000000e+00,9.16660976e+00,1.57911785e-01,1.77058481e-02,1.54753549e+02,1.73517311e+01
2.96000000e-01,-5.16876769e-02,2.25281338e-01,1.16698881e-02,-2.67386330e-01,0.00000000e+00,9.26142811e+00,1.59012783e-01,1.77326443e-02,1.55832527e+02,1.73779914e+01
2.98000000e-01,-5.12327909e-02,2.29562365e-01,1.11443287e-02,-2.58108680e-01,0.00000000e+00,9.35614450e+00,1.60112010e-01,1.77676200e-02,1.56909769e+02,1.74122676e+01
3.00000000e-01,-5.07695957e-02,2.33590917e-01,1.06376952e-02,-2.48468337e-01,0.00000000e+00,9.45074692e+00,1.61147866e-01,1.77662633e-02,1.57924909e+02,1.74109381e+01
3.02000000e-01,-5.02985246e-02,2.37473432e-01,1.01507531e-02,-2.38381456e-01,0.00000000e+00,9.54522339e+00,1.59694924e-01,1.80051942e-02,1.56501026e+02,1.76450903e+01
3.04000000e-01,-4.98198378e-02,2.41152253e-01,9.68446228e-03,-2.27855304e-01,0.00000000e+00,9.63956194e+00,1.62015243e-01,1.80178890e-02,1.58774938e+02,1.76575312e+01
3.06000000e-01,-4.93340425e-02,2.44640692e-01,9.23914600e-03,-2.17607903e-01,0.00000000e+00,9.73375060e+00,1.60192232e-01,1.67796870e-02,1.56988387e+02,1.64440932e+01
3.08000000e-01,-4.88414061e-02,2.47932576e-01,8.81410594e-03,-2.07247647e-01,0.00000000e+00,9.82777744e+00,1.62600384e-01,1.76434180e-02,1.59348377e+02,1.72905496e+01
3.10000000e-01,-4.83425159e-02,2.50918887e-01,8.41056700e-03,-1.96270062e-01,0.00000000e+00,9.92163056e+00,1.63272441e-01,1.74945065e-02,1.60006992e+02,1.71446163e+01
3.12000000e-01,-4.78378907e-02,2.53665001e-01,8.02914271e-03,-1.85116968e-01,0.00000000e+00,1.00152980e+01,1.64105146e-01,1.74623816e-02,1.60823043e+02,1.71131340e+01
3.14000000e-01,-4.73280241e-02,2.56158888e-01,7.67026078e-03,-1.73721429e-01,0.00000000e+00,1.01087680e+01,1.65014496e-01,1.74860772e-02,1.61714206e+02,1.71363556e+01
3.16000000e-01,-4.68134317e-02,2.58387868e-01,7.33443367e-03,-1.62060907e-01,0.00000000e+00,1.02020287e+01,1.66103841e-01,1.75340859e-02,1.62781764e+02,1.71834042e+01
3.18000000e-01,-4.62946543e-02,2.60344328e-01,7.02218631e-03,-1.50146666e-01,0.00000000e+00,1.02950682e+01,1.67155807e-01,1.75677218e-02,1.63812691e+02,1.72163674e+01
3.20000000e-01,-4.57722270e-02,2.62041905e-01,6.73398941e-03,-1.38018844e-01,0.00000000e+00,1.03878747e+01,1.67895631e-01,1.75657433e-02,1.64537718e+02,1.72144284e+01
3.22000000e-01,-4.52465496e-02,2.63645070e-01,6.47017432e-03,-1.25795952e-01,0.00000000e+00,1.04804365e+01,1.65077259e-01,1.73854069e-02,1.61775713e+02,1.70376987e+01
3.24000000e-01,-4.47177680e-02,2.65066424e-01,6.23097427e-03,-1.13320101e-01,0.00000000e+00,1.05727419e+01,1.67833538e-01,1.77499338e-02,1.64476867e+02,1.73949351e+01
3.26000000e-01,-4.41864289e-02,2.66270285e-01,6.01674001e-03,-1.01075055e-01,0.00000000e+00,1.06647792e+01,1.65826964e-01,1.65898327e-02,1.62510425e+02,1.62580361e+01
3.28000000e-01,-4.36528068e-02,2.67294254e-01,5.82661925e-03,-8.89122380e-02,0.00000000e+00,1.07565366e+01,1.67685458e-01,1.73008250e-02,1.64331749e+02,1.69548085e+01
3.30000000e-01,-4.31174394e-02,2.68037049e-01,5.66135264e-03,-7.63570799e-02,0.00000000e+00,1.08480026e+01,1.68030090e-01,1.71721358e-02,1.64669488e+02,1.68286931e+01
3.32000000e-01,-4.25808119e-02,2.68549810e-01,5.52121669e-03,-6.37632905e-02,0.00000000e+00,1.09391656e+01,1.68682382e-01,1.71765842e-02,1.65308735e+02,1.68330525e+01
3.34000000e-01,-4.20434025e-02,2.68819045e-01,5.40636530e-03,-5.10707823e-02,0.00000000e+00,1.10300140e+01,1.69334881e-01,1.72100995e-02,1.65948184e+02,1.68658975e+01
3.36000000e-01,-4.15057002e-02,2.68841576e-01,5.31700739e-03,-3.82675329e-02,0.00000000e+00,1.11205364e+01,1.70058038e-01,1.72761585e-02,1.66656877e+02,1.69306353e+01
3.38000000e-01,-4.09681986e-02,2.68620443e-01,5.25334395e-03,-2.53911155e-02,0.00000000e+00,1.12107211e+01,1.70640169e-01,1.72674776e-02,1.67227365e+02,1.69221281e+01
3.40000000e-01,-4.04313759e-02,2.68163097e-01,5.21545659e-03,-1.24942164e-02,0.00000000e+00,1.13005569e+01,1.71193791e-01,1.72597615e-02,1.67769915e+02,1.69145663e+01
3.42000000e-01,-3.98955814e-02,2.67653018e-01,5.20320867e-03,1.65106110e-04,0.00000000e+00,1.13900323e+01,1.67496372e-01,1.67461068e-02,1.64146445e+02,1.64111847e+01
3.44000000e-01,-3.93608624e-02,2.66995185e-01,5.21616114e-03,1.28905933e-02,0.00000000e+00,1.14791360e+01,1.70278982e-01,1.74119928e-02,1.66873402e+02,1.70637529e+01
3.46000000e-01,-3.88277494e-02,2.66114180e-01,5.25466014e-03,2.54497753e-02,0.00000000e+00,1.15678567e+01,1.68355763e-01,1.64468398e-02,1.64988648e+02,1.61179030e+01
3.48000000e-01,-3.82965045e-02,2.65084911e-01,5.31778056e-03,3.77394393e-02,0.00000000e+00,1.16561832e+01,1.69402834e-01,1.69314579e-02,1.66014777e+02,1.65928288e+01
3.50000000e-01,-3.77675693e-02,2.63816460e-01,5.40571760e-03,5.01786455e-02,0.00000000e+00,1.17441042e+01,1.69621910e-01,1.68812685e-02,1.66229472e+02,1.65436432e+01
3.52000000e-01,-3.72413757e-02,2.62342496e-01,5.51842782e-03,6.25168652e-02,0.00000000e+00,1.18316086e+01,1.69903805e-01,1.68754595e-02,1.66505729e+02,1.65379503e+01
3.54000000e-01,-3.67183343e-02,2.60665942e-01,5.65573320e-03,7.47772987e-02,0.00000000e+00,1.19186854e+01,1.70079479e-01,1.69091371e-02,1.66677889e+02,1.65709544e+01
3.56000000e-01,-3.61988458e-02,2.58788569e-01,5.81748047e-03,8.69529318e-02,0.00000000e+00,1.20053235e+01,1.70348151e-01,1.69235541e-02,1.66941188e+02,1.65850830e+01
3.58000000e-01,-3.56833152e-02,2.56708493e-01,6.00347039e-03,9.90167709e-02,0.00000000e+00,1.20915119e+01,1.70599360e-01,1.69352491e-02,1.67187373e+02,1.65965442e+01
3.60000000e-01,-3.51721429e-02,2.54431797e-01,6.21345374e-03,1.10939901e-01,0.00000000e+00,1.21772396e+01,1.70760627e-01,1.69233034e-02,1.67345415e+02,1.65848373e+01
3.62000000e-01,-3.46655934e-02,2.52147046e-01,6.44688698e-03,1.22348590e-01,0.00000000e+00,1.22624959e+01,1.66643040e-01,1.61841997e-02,1.63310179e+02,1.58605157e+01
3.64000000e-01,-3.41636311e-02,2.49747800e-01,6.70278473e-03,1.33662200e-01,0.00000000e+00,1.23472700e+01,1.69328908e-01,1.70847260e-02,1.65942330e+02,1.67430315e+01
3.66000000e-01,-3.36667379e-02,2.47144980e-01,6.98144516e-03,1.44839930e-01,0.00000000e+00,1.24315510e+01,1.67333126e-01,1.62924480e-02,1.63986463e+02,1.59665990e+01
3.68000000e-01,-3.31751185e-02,2.44441114e-01,7.28184673e-03,1.55571121e-01,0.00000000e+00,1.25153283e+01,1.67665961e-01,1.65722090e-02,1.64312641e+02,1.62407649e+01
3.70000000e-01,-3.26890916e-02,2.41559983e-01,7.60366972e-03,1.66212433e-01,0.00000000e+00,1.25985913e+01,1.67496146e-01,1.65591783e-02,1.64146223e+02,1.62279947e+01
3.72000000e-01,-3.22089811e-02,2.38525133e-01,7.94654656e-03,1.76628917e-01,0.00000000e+00,1.26813294e+01,1.67326382e-01,1.65858542e-02,1.63979854e+02,1.62541372e+01
3.74000000e-01,-3.17350907e-02,2.35340925e-01,8.31002658e-03,1.86807216e-01,0.00000000e+00,1.27635322e+01,1.67104876e-01,1.65743115e-02,1.63762778e+02,1.62428253e+01
3.76000000e-01,-3.12677143e-02,2.32011274e-01,8.69360363e-03,1.96727858e-01,0.00000000e+00,1.28451892e+01,1.66896169e-01,1.65889346e-02,1.63558245e+02,1.62571559e+01
3.78000000e-01,-3.08071427e-02,2.28535952e-01,9.09676324e-03,2.06386370e-01,0.00000000e+00,1.29262901e+01,1.66734996e-01,1.65960797e-02,1.63400296e+02,1.62641581e+01
3.80000000e-01,-3.03536658e-02,2.24917728e-01,9.51896374e-03,2.15766849e-01,0.00000000e+00,1.30068246e+01,1.66518853e-01,1.66046398e-02,1.63188476e+02,1.62725470e+01
3.82000000e-01,-2.99074689e-02,2.21303824e-01,9.95943027e-03,2.24546863e-01,0.00000000e+00,1.30867826e+01,1.62976794e-01,1.59612941e-02,1.59717258e+02,1.56420682e+01
3.84000000e-01,-2.94684931e-02,2.17626055e-01,1.04169746e-02,2.33062012e-01,0.00000000e+00,1.31661537e+01,1.64412899e-01,1.66988732e-02,1.61124641e+02,1.63648957e+01
3.86000000e-01,-2.90370586e-02,2.13807466e-01,1.08915434e-02,2.41374801e-01,0.00000000e+00,1.32449281e+01,1.62729887e-01,1.62110479e-02,1.59475290e+02,1.58868269e+01
3.88000000e-01,-2.86132999e-02,2.09933869e-01,1.13821088e-02,2.49140074e-01,0.00000000e+00,1.33230957e+01,1.62223295e-01,1.62472541e-02,1.58978829e+02,1.59223090e+01
3.90000000e-01,-2.81973932e-02,2.05955102e-01,1.18879003e-02,2.56600274e-01,0.00000000e+00,1.34006467e+01,1.61776130e-01,1.62901924e-02,1.58540607e+02,1.59643886e+01
3.92000000e-01,-2.77895467e-02,2.01875497e-01,1.24082933e-02,2.63735620e-01,0.00000000e+00,1.34775711e+01,1.61233647e-01,1.63058707e-02,1.58008974e+02,1.59797533e+01
3.94000000e-01,-2.73899525e-02,1.97703944e-01,1.29426035e-02,2.70512091e-01,0.00000000e+00,1.35538593e+01,1.60645741e-01,1.62974200e-02,1.57432826e+02,1.59714716e+01
3.96000000e-01,-2.69987895e-02,1.93444618e-01,1.34900926e-02,2.76915086e-01,0.00000000e+00,1.36295015e+01,1.60074183e-01,1.63014327e-02,1.56872699e+02,1.59754040e+01
3.98000000e-01,-2.66162294e-02,1.89102239e-01,1.40500154e-02,2.82945462e-01,0.00000000e+00,1.37044883e+01,1.59445862e-01,1.63126954e-02,1.56256945e+02,1.59864415e+01
4.00000000e-01,-2.62424325e-02,1.84681944e-01,1.46216181e-02,2.88591307e-01,0.00000000e+00,1.37788100e+01,1.58825495e-01,1.63085445e-02,1.55648985e+02,1.59823736e+01
4.02000000e-01,-2.58775030e-02,1.80259703e-01,1.52040009e-02,2.93667679e-01,0.00000000e+00,1.38524573e+01,1.56494193e-01,1.59472258e-02,1.53364310e+02,1.56282812e+01
4.04000000e-01,-2.55213955e-02,1.75834672e-01,1.57959877e-02,2.98292457e-01,0.00000000e+00,1.39254208e+01,1.55965697e-01,1.62044428e-02,1.52846383e+02,1.58803540e+01
4.06000000e-01,-2.51742026e-02,1.71352120e-01,1.63969605e-02,3.02601937e-01,0.00000000e+00,1.39976914e+01,1.54985800e-01,1.61421566e-02,1.51886084e+02,1.58193134e+01
4.08000000e-01,-2.48360069e-02,1.66839781e-01,1.70060698e-02,3.06423028e-01,0.00000000e+00,1.40692597e+01,1.53882571e-01,1.60478765e-02,1.50804920e+02,1.57269190e+01
4.10000000e-01,-2.45068660e-02,1.62293704e-01,1.76223590e-02,3.09803734e-01,0.00000000e+00,1.41401168e+01,1.53068754e-01,1.60967963e-02,1.50007379e+02,1.57748603e+01
4.12000000e-01,-2.41868602e-02,1.57705368e-01,1.82450244e-02,3.12793890e-01,0.00000000e+00,1.42102538e+01,1.52239083e-01,1.61163844e-02,1.49194302e+02,1.57940568e+01
4.14000000e-01,-2.38760667e-02,1.53083731e-01,1.88732537e-02,3.15362847e-01,0.00000000e+00,1.42796616e+01,1.51290960e-01,1.61090917e-02,1.48265141e+02,1.57869099e+01
4.16000000e-01,-2.35745412e-02,1.48438319e-01,1.95061862e-02,3.17497476e-01,0.00000000e+00,1.43483315e+01,1.50314272e-01,1.61080161e-02,1.47307986e+02,1.57858558e+01
4.18000000e-01,-2.32823291e-02,1.43769491e-01,2.01429592e-02,3.19205466e-01,0.00000000e+00,1.44162548e+01,1.49433677e-01,1.61225290e-02,1.46445003e+02,1.58000785e+01
4.20000000e-01,-2.29994778e-02,1.39078741e-01,2.07827187e-02,3.20479428e-01,0.00000000e+00,1.44834229e+01,1.48498399e-01,1.61103798e-02,1.45528431e+02,1.57881722e+01
4.22000000e-01,-2.27260201e-02,1.34378973e-01,2.14245466e-02,3.21258036e-01,0.00000000e+00,1.45498272e+01,1.47392936e-01,1.59993241e-02,1.44445078e+02,1.56793376e+01
4.24000000e-01,-2.24619326e-02,1.29723140e-01,2.20673741e-02,3.21471660e-01,0.00000000e+00,1.46154595e+01,1.45296863e-01,1.58426749e-02,1.42390926e+02,1.55258214e+01
4.26000000e-01,-2.22071149e-02,1.25086270e-01,2.27101763e-02,3.21299871e-01,0.00000000e+00,1.46803112e+01,1.44850795e-01,1.61086865e-02,1.41953779e+02,1.57865128e+01
4.28000000e-01,-2.19615934e-02,1.20440654e-01,2.33523186e-02,3.20745574e-01,0.00000000e+00,1.47443743e+01,1.43477981e-01,1.59573240e-02,1.40608421e+02,1.56381775e+01
4.30000000e-01,-2.17253365e-02,1.15818724e-01,2.39928206e-02,3.19684362e-01,0.00000000e+00,1.48076407e+01,1.42349810e-01,1.59600791e-02,1.39502813e+02,1.56408775e+01
4.32000000e-01,-2.14983067e-02,1.11214480e-01,2.46307731e-02,3.18198790e-01,0.00000000e+00,1.48701022e+01,1.41192597e-01,1.59785288e-02,1.38368745e+02,1.56589582e+01
4.34000000e-01,-2.12804639e-02,1.06632184e-01,2.52653352e-02,3.16292462e-01,0.00000000e+00,1.49317509e+01,1.40039928e-01,1.59841802e-02,1.37239130e+02,1.56644966e+01
4.36000000e-01,-2.10717623e-02,1.02073362e-01,2.58956600e-02,3.13961881e-01,0.00000000e+00,1.49925792e+01,1.38921752e-01,1.59894049e-02,1.36143317e+02,1.56696168e+01
4.38000000e-01,-2.08721530e-02,9.75407985e-02,2.65208990e-02,3.11205668e-01,0.00000000e+00,1.50525792e+01,1.37778349e-01,1.59850751e-02,1.35022782e+02,1.56653736e+01
4.40000000e-01,-2.06815794e-02,9.30378935e-02,2.71402022e-02,3.08028666e-01,0.00000000e+00,1.51117433e+01,1.36654615e-01,1.59921544e-02,1.33921522e+02,1.56723113e+01
4.42000000e-01,-2.05000115e-02,8.85199236e-02,2.77527258e-02,3.04419977e-01,0.00000000e+00,1.51700641e+01,1.36629787e-01,1.59554395e-02,1.33897192e+02,1.56363307e+01
4.44000000e-01,-2.03274539e-02,8.40705691e-02,2.83574913e-02,3.00225161e-01,0.00000000e+00,1.52275342e+01,1.33624328e-01,1.56274862e-02,1.30951841e+02,1.53149364e+01
4.46000000e-01,-2.01636815e-02,7.96927675e-02,2.89534186e-02,2.95718629e-01,0.00000000e+00,1.52841463e+01,1.33603036e-01,1.61543185e-02,1.30930975e+02,1.58312321e+01
4.48000000e-01,-2.00086731e-02,7.53295481e-02,2.95401992e-02,2.90962328e-01,0.00000000e+00,1.53398931e+01,1.32000342e-01,1.59433811e-02,1.29360335e+02,1.56245135e+01
4.50000000e-01,-1.98623142e-02,7.10399820e-02,3.01169266e-02,2.85694039e-01,0.00000000e+00,1.53947677e+01,1.30669632e-01,1.59056693e-02,1.28056239e+02,1.55875559e+01
4.52000000e-01,-1.97244735e-02,6.68100247e-02,3.06827093e-02,2.80026596e-01,0.00000000e+00,1.54487631e+01,1.29464911e-01,1.59161073e-02,1.26875613e+02,1.55977852e+01
4.54000000e-01,-1.95950363e-02,6.26367335e-02,3.12367932e-02,2.73999512e-01,0.00000000e+00,1.55018724e+01,1.28271792e-01,1.59447664e-02,1.25706356e+02,1.56258711e+01
4.56000000e-01,-1.94738863e-02,5.85237640e-02,3.17784712e-02,2.67618345e-01,0.00000000e+00,1.55540890e+01,1.27049544e-01,1.59492925e-02,1.24508553e+02,1.56303066e+01
4.58000000e-01,-1.93608978e-02,5.44759231e-02,3.23070267e-02,2.60877491e-01,0.00000000e+00,1.56054061e+01,1.25810985e-01,1.59475893e-02,1.23294765e+02,1.56286375e+01
4.60000000e-01,-1.92559370e-02,5.04965553e-02,3.28217477e-02,2.53786442e-01,0.00000000e+00,1.56558173e+01,1.24576399e-01,1.59524202e-02,1.22084871e+02,1.56333718e+01
4.62000000e-01,-1.91589112e-02,4.65177907e-02,3.33218850e-02,2.46264260e-01,0.00000000e+00,1.57053163e+01,1.24988646e-01,1.57601568e-02,1.22488873e+02,1.54449537e+01
4.64000000e-01,-1.90698250e-02,4.26001618e-02,3.38064888e-02,2.38268217e-01,0.00000000e+00,1.57538966e+01,1.22404469e-01,1.56533098e-02,1.19956380e+02,1.53402436e+01
4.66000000e-01,-1.89884608e-02,3.87571085e-02,3.42748947e-02,2.30177403e-01,0.00000000e+00,1.58015523e+01,1.22566156e-01,1.62337034e-02,1.20114833e+02,1.59090294e+01
4.68000000e-01,-1.89147714e-02,3.49518494e-02,3.47270948e-02,2.21931259e-01,0.00000000e+00,1.58482772e+01,1.20904160e-01,1.59766006e-02,1.18486076e+02,1.56570686e+01
4.70000000e-01,-1.88485857e-02,3.12482573e-02,3.51623304e-02,2.13251075e-01,0.00000000e+00,1.58940654e+01,1.19635002e-01,1.59479389e-02,1.17242302e+02,1.56289801e+01
4.72000000e-01,-1.87897232e-02,2.76274263e-02,3.55799082e-02,2.04284588e-01,0.00000000e+00,1.59389111e+01,1.18474910e-01,1.59758329e-02,1.16105411e+02,1.56563162e+01
4.74000000e-01,-1.87380254e-02,2.40823891e-02,3.59793075e-02,1.95076298e-01,0.00000000e+00,1.59828086e+01,1.17427358e-01,1.60147060e-02,1.15078811e+02,1.56944119e+01
4.76000000e-01,-1.86933392e-02,2.06190250e-02,3.63600542e-02,1.85629167e-01,0.00000000e+00,1.60257524e+01,1.16187445e-01,1.60222706e-02,1.13863697e+02,1.57018252e+01
4.78000000e-01,-1.86554894e-02,1.72455517e-02,3.67216595e-02,1.75935097e-01,0.00000000e+00,1.60677371e+01,1.15004040e-01,1.60168974e-02,1.12703959e+02,1.56965595e+01
4.80000000e-01,-1.86242970e-02,1.39619782e-02,3.70636379e-02,1.66006089e-01,0.00000000e+00,1.61087572e+01,1.13818629e-01,1.60217139e-02,1.11542256e+02,1.57012797e+01
4.82000000e-01,-1.85996479e-02,1.06687074e-02,3.73854442e-02,1.55717676e-01,0.00000000e+00,1.61488077e+01,1.15016056e-01,1.57263955e-02,1.12715735e+02,1.54118676e+01
4.84000000e-01,-1.85815991e-02,7.41004162e-03,3.76863121e-02,1.45134528e-01,0.00000000e+00,1.61878833e+01,1.12849243e-01,1.58371893e-02,1.10592258e+02,1.55204455e+01
4.86000000e-01,-1.85699558e-02,4.22929542e-03,3.79660764e-02,1.34692383e-01,0.00000000e+00,1.62259793e+01,1.13087268e-01,1.64263110e-02,1.10825522e+02,1.60977848e+01
4.88000000e-01,-1.85646447e-02,1.10449724e-03,3.82250520e-02,1.24205813e-01,0.00000000e+00,1.62630907e+01,1.11485683e-01,1.61181554e-02,1.09255969e+02,1.57957922e+01
4.90000000e-01,-1.85654594e-02,-1.90269763e-03,3.84626675e-02,1.13371101e-01,0.00000000e+00,1.62992129e+01,1.10333499e-01,1.60394184e-02,1.08126829e+02,1.57186300e+01
4.92000000e-01,-1.85721966e-02,-4.82159568e-03,3.86784419e-02,1.02394574e-01,0.00000000e+00,1.63343412e+01,1.09465452e-01,1.61332103e-02,1.07276143e+02,1.58105461e+01
4.94000000e-01,-1.85846936e-02,-7.66214833e-03,3.88721966e-02,9.13441712e-02,0.00000000e+00,1.63684713e+01,1.08593143e-01,1.61656496e-02,1.06421281e+02,1.58423366e+01
4.96000000e-01,-1.86027882e-02,-1.04172135e-02,3.90437544e-02,8.01975443e-02,0.00000000e+00,1.64015987e+01,1.07604240e-01,1.61808614e-02,1.05452155e+02,1.58572442e+01
4.98000000e-01,-1.86263011e-02,-1.30802789e-02,3.91929245e-02,6.89575306e-02,0.00000000e+00,1.64337193e+01,1.06624361e-01,1.61873124e-02,1.04491874e+02,1.58635661e+01
5.00000000e-01,-1.86550466e-02,-1.56493151e-02,3.93195284e-02,5.76332933e-02,0.00000000e+00,1.64648291e+01,1.05631135e-01,1.61895556e-02,1.03518512e+02,1.58657645e+01
5.02000000e-01,-1.86889224e-02,-1.82544534e-02,3.94233207e-02,4.61037128e-02,0.00000000e+00,1.64949240e+01,1.07733990e-01,1.59092548e-02,1.05579310e+02,1.55910697e+01
5.04000000e-01,-1.87280684e-02,-2.08655266e-02,3.95038947e-02,3.45013695e-02,0.00000000e+00,1.65240004e+01,1.06078612e-01,1.61566804e-02,1.03957039e+02,1.58335468e+01
5.06000000e-01,-1.87723357e-02,-2.34033292e-02,3.95615418e-02,2.32223149e-02,0.00000000e+00,1.65520544e+01,1.06372865e-01,1.66748261e-02,1.04245408e+02,1.63413295e+01
5.08000000e-01,-1.88216392e-02,-2.58774135e-02,3.95968136e-02,1.19877317e-02,0.00000000e+00,1.65790825e+01,1.04981971e-01,1.63049747e-02,1.02882331e+02,1.59788752e+01
5.10000000e-01,-1.88757702e-02,-2.82388177e-02,3.96093534e-02,5.44272801e-04,0.00000000e+00,1.66050813e+01,1.04172016e-01,1.62589772e-02,1.02088575e+02,1.59337977e+01
5.12000000e-01,-1.89345408e-02,-3.05196728e-02,3.95990022e-02,-1.08819425e-02,0.00000000e+00,1.66300476e+01,1.03570155e-01,1.63310509e-02,1.01498752e+02,1.60044299e+01
5.14000000e-01,-1.89977992e-02,-3.27259281e-02,3.95658752e-02,-2.22338877e-02,0.00000000e+00,1.66539781e+01,1.02936152e-01,1.63721840e-02,1.00877429e+02,1.60447404e+01
5.16000000e-01,-1.90653894e-02,-3.48495715e-02,3.95100980e-02,-3.35388366e-02,0.00000000e+00,1.66768698e+01,1.02182763e-01,1.63546304e-02,1.00139108e+02,1.60275378e+01
5.18000000e-01,-1.91371430e-02,-3.68915521e-02,3.94317635e-02,-4.47782446e-02,0.00000000e+00,1.66987198e+01,1.01605267e-01,1.64024429e-02,9.95731613e+01,1.60743940e+01
5.20000000e-01,-1.92129023e-02,-3.88536005e-02,3.93310425e-02,-5.59313575e-02,0.00000000e+00,1.67195254e+01,1.00925339e-01,1.63964337e-02,9.89068323e+01,1.60685051e+01
5.22000000e-01,-1.92926018e-02,-4.08822886e-02,3.92080222e-02,-6.71082293e-02,0.00000000e+00,1.67392838e+01,1.03804935e-01,1.61813837e-02,1.01728837e+02,1.58577560e+01
5.24000000e-01,-1.93764549e-02,-4.29461052e-02,3.90626865e-02,-7.81698887e-02,0.00000000e+00,1.67579927e+01,1.02422187e-01,1.64351807e-02,1.00373744e+02,1.61064771e+01
5.26000000e-01,-1.94643416e-02,-4.49429924e-02,3.88956414e-02,-8.87835075e-02,0.00000000e+00,1.67756496e+01,1.02950277e-01,1.68875553e-02,1.00891272e+02,1.65498042e+01
5.28000000e-01,-1.95561945e-02,-4.68914003e-02,3.87076777e-02,-9.92092342e-02,0.00000000e+00,1.67922523e+01,1.02031145e-01,1.65652905e-02,9.99905221e+01,1.62339847e+01
5.30000000e-01,-1.96518486e-02,-4.87519203e-02,3.84987907e-02,-1.09655707e-01,0.00000000e+00,1.68077987e+01,1.01669782e-01,1.65498725e-02,9.96363863e+01,1.62188750e+01
5.32000000e-01,-1.97511595e-02,-5.05482980e-02,3.82691664e-02,-1.19934895e-01,0.00000000e+00,1.68222868e+01,1.01335634e-01,1.65925960e-02,9.93089217e+01,1.62607440e+01
5.34000000e-01,-1.98540036e-02,-5.22872628e-02,3.80191930e-02,-1.30001173e-01,0.00000000e+00,1.68357148e+01,1.01160604e-01,1.66437880e-02,9.91373923e+01,1.63109123e+01
5.36000000e-01,-1.99602694e-02,-5.39674984e-02,3.77492954e-02,-1.39866960e-01,0.00000000e+00,1.68480809e+01,1.00823866e-01,1.66319007e-02,9.88073882e+01,1.62992627e+01
5.38000000e-01,-2.00698325e-02,-5.55861760e-02,3.74598625e-02,-1.49526819e-01,0.00000000e+00,1.68593837e+01,1.00609902e-01,1.66665121e-02,9.85977041e+01,1.63331819e+01
5.40000000e-01,-2.01825699e-02,-5.71386227e-02,3.71513268e-02,-1.58978677e-01,0.00000000e+00,1.68696217e+01,1.00190142e-01,1.66316019e-02,9.81863390e+01,1.62989699e+01
5.42000000e-01,-2.02984558e-02,-5.87941776e-02,3.68240762e-02,-1.68237994e-01,0.00000000e+00,1.68787936e+01,1.03958709e-01,1.66069477e-02,1.01879535e+02,1.62748088e+01
5.44000000e-01,-2.04177856e-02,-6.05082538e-02,3.64785425e-02,-1.77245783e-01,0.00000000e+00,1.68868981e+01,1.02524642e-01,1.66696365e-02,1.00474149e+02,1.63362438e+01
5.46000000e-01,-2.05404500e-02,-6.21642298e-02,3.61154283e-02,-1.85750783e-01,0.00000000e+00,1.68939344e+01,1.03595680e-01,1.71470858e-02,1.01523766e+02,1.68041441e+01
5.48000000e-01,-2.06664288e-02,-6.37995970e-02,3.57357736e-02,-1.93904464e-01,0.00000000e+00,1.68999015e+01,1.03064730e-01,1.68680226e-02,1.01003435e+02,1.65306621e+01
5.50000000e-01,-2.07956040e-02,-6.53683082e-02,3.53398841e-02,-2.01947699e-01,0.00000000e+00,1.69047986e+01,1.03086164e-01,1.68166515e-02,1.01024441e+02,1.64803185e+01
5.52000000e-01,-2.09278752e-02,-6.68967791e-02,3.49281630e-02,-2.09720730e-01,0.00000000e+00,1.69086252e+01,1.03197923e-01,1.68502043e-02,1.01133964e+02,1.65132002e+01
5.54000000e-01,-2.10631712e-02,-6.83953427e-02,3.45012299e-02,-2.17150594e-01,0.00000000e+00,1.69113807e+01,1.03485636e-01,1.69301119e-02,1.01415923e+02,1.65915096e+01
5.56000000e-01,-2.12014353e-02,-6.98620262e-02,3.40597831e-02,-2.24246788e-01,0.00000000e+00,1.69130648e+01,1.03575640e-01,1.69228568e-02,1.01504127e+02,1.65843997e+01
5.58000000e-01,-2.13425904e-02,-7.12854340e-02,3.36044519e-02,-2.31029281e-01,0.00000000e+00,1.69136773e+01,1.03620844e-01,1.69408885e-02,1.01548427e+02,1.66020707e+01
5.60000000e-01,-2.14865509e-02,-7.26695614e-02,3.31358828e-02,-2.37486538e-01,0.00000000e+00,1.69132180e+01,1.03827279e-01,1.69387994e-02,1.01750733e+02,1.66000234e+01
5.62000000e-01,-2.16333673e-02,-7.42016904e-02,3.26547871e-02,-2.43521866e-01,0.00000000e+00,1.69116872e+01,1.08271718e-01,1.71417392e-02,1.06106284e+02,1.67989044e+01
5.64000000e-01,-2.17833961e-02,-7.57915804e-02,3.21619908e-02,-2.49263962e-01,0.00000000e+00,1.69090849e+01,1.06395090e-01,1.68526460e-02,1.04267188e+02,1.65155931e+01
5.66000000e-01,-2.19364901e-02,-7.73161087e-02,3.16580306e-02,-2.54557136e-01,0.00000000e+00,1.69054114e+01,1.07987969e-01,1.73663007e-02,1.05828210e+02,1.70189747e+01
5.68000000e-01,-2.20926709e-02,-7.88561230e-02,3.11440928e-02,-2.59354523e-01,0.00000000e+00,1.69006674e+01,1.08025582e-01,1.71610763e-02,1.05865070e+02,1.68178547e+01
5.70000000e-01,-2.22518899e-02,-8.03591550e-02,3.06207629e-02,-2.63926304e-01,0.00000000e+00,1.68948533e+01,1.08417387e-01,1.70941201e-02,1.06249039e+02,1.67522377e+01
5.72000000e-01,-2.24140963e-02,-8.18454012e-02,3.00886173e-02,-2.68153611e-01,0.00000000e+00,1.68879698e+01,1.08951402e-01,1.71256723e-02,1.06772374e+02,1.67831589e+01
5.74000000e-01,-2.25792649e-02,-8.33217773e-02,2.95484138e-02,-2.71983033e-01,0.00000000e+00,1.68800179e+01,1.09529033e-01,1.71591512e-02,1.07338453e+02,1.68159681e+01
5.76000000e-01,-2.27473748e-02,-8.47851758e-02,2.90009464e-02,-2.75420707e-01,0.00000000e+00,1.68709986e+01,1.10014490e-01,1.71672851e-02,1.07814201e+02,1.68239394e+01
5.78000000e-01,-2.29183945e-02,-8.62318639e-02,2.84469829e-02,-2.78480497e-01,0.00000000e+00,1.68609130e+01,1.10528720e-01,1.71622287e-02,1.08318145e+02,1.68189841e+01
5.80000000e-01,-2.30922923e-02,-8.76636216e-02,2.78872821e-02,-2.81153716e-01,0.00000000e+00,1.68497624e+01,1.11079326e-01,1.71802440e-02,1.08857740e+02,1.68366392e+01
5.82000000e-01,-2.32691604e-02,-8.92624282e-02,2.73227783e-02,-2.83211625e-01,0.00000000e+00,1.68375482e+01,1.15869741e-01,1.76482262e-02,1.13552347e+02,1.72952617e+01
5.84000000e-01,-2.34493743e-02,-9.09097443e-02,2.67546259e-02,-2.84984151e-01,0.00000000e+00,1.68242720e+01,1.13677106e-01,1.69683252e-02,1.11403564e+02,1.66289587e+01
5.86000000e-01,-2.36327534e-02,-9.24881515e-02,2.61830696e-02,-2.86414822e-01,0.00000000e+00,1.68099354e+01,1.15750127e-01,1.75499177e-02,1.13435125e+02,1.71989193e+01
5.88000000e-01,-2.38193586e-02,-9.41140248e-02,2.56093659e-02,-2.87246566e-01,0.00000000e+00,1.67945402e+01,1.16302923e-01,1.74062548e-02,1.13976865e+02,1.70581297e+01
5.90000000e-01,-2.40092009e-02,-9.57270309e-02,2.50342751e-02,-2.87790712e-01,0.00000000e+00,1.67780884e+01,1.16992599e-01,1.73322720e-02,1.14652747e+02,1.69856266e+01
5.92000000e-01,-2.42022685e-02,-9.73426501e-02,2.44584535e-02,-2.87959248e-01,0.00000000e+00,1.67605821e+01,1.17933459e-01,1.73721567e-02,1.15574790e+02,1.70247135e+01
5.94000000e-01,-2.43985768e-02,-9.89661672e-02,2.38827222e-02,-2.87701668e-01,0.00000000e+00,1.67420236e+01,1.18773047e-01,1.74041381e-02,1.16397586e+02,1.70560553e+01
5.96000000e-01,-2.45981375e-02,-1.00596237e-01,2.33079211e-02,-2.87032716e-01,0.00000000e+00,1.67224150e+01,1.19708986e-01,1.74142387e-02,1.17314806e+02,1.70659540e+01
5.98000000e-01,-2.48009663e-02,-1.02233171e-01,2.27348536e-02,-2.85970506e-01,0.00000000e+00,1.67017591e+01,1.20582541e-01,1.74105120e-02,1.18170890e+02,1.70623018e+01
6.00000000e-01,-2.50070735e-02,-1.03875139e-01,2.21643047e-02,-2.84509881e-01,0.00000000e+00,1.66800582e+01,1.21502410e-01,1.74348742e-02,1.19072362e+02,1.70861767e+01
6.02000000e-01,-2.52165765e-02,-1.05681534e-01,2.15972750e-02,-2.82357935e-01,0.00000000e+00,1.66573153e+01,1.26127821e-01,1.80507409e-02,1.23605265e+02,1.76897261e+01
6.04000000e-01,-2.54298208e-02,-1.07519560e-01,2.10350573e-02,-2.79929505e-01,0.00000000e+00,1.66335332e+01,1.23974659e-01,1.72110284e-02,1.21495165e+02,1.68668078e+01
6.06000000e-01,-2.56466058e-02,-1.09284139e-01,2.04777075e-02,-2.77275319e-01,0.00000000e+00,1.66087149e+01,1.26174107e-01,1.77273629e-02,1.23650624e+02,1.73728156e+01
6.08000000e-01,-2.58669937e-02,-1.11103325e-01,1.99263360e-02,-2.74051247e-01,0.00000000e+00,1.65828635e+01,1.27042330e-01,1.76182481e-02,1.24501483e+02,1.72658832e+01
6.10000000e-01,-2.60910181e-02,-1.12921048e-01,1.93816972e-02,-2.70535179e-01,0.00000000e+00,1.65559823e+01,1.27961254e-01,1.75607950e-02,1.25402029e+02,1.72095791e+01
6.12000000e-01,-2.63186846e-02,-1.14748745e-01,1.88444318e-02,-2.66664370e-01,0.00000000e+00,1.65280748e+01,1.29126476e-01,1.75937747e-02,1.26543947e+02,1.72418992e+01
6.14000000e-01,-2.65500247e-02,-1.16593881e-01,1.83152966e-02,-2.62408306e-01,0.00000000e+00,1.64991445e+01,1.30249724e-01,1.76118281e-02,1.27644729e+02,1.72595915e+01
6.16000000e-01,-2.67850689e-02,-1.18452185e-01,1.77950429e-02,-2.57785821e-01,0.00000000e+00,1.64691950e+01,1.31345322e-01,1.76178092e-02,1.28718415e+02,1.72654530e+01
6.18000000e-01,-2.70238416e-02,-1.20322716e-01,1.72843892e-02,-2.52809597e-01,0.00000000e+00,1.64382301e+01,1.32476977e-01,1.76228145e-02,1.29827437e+02,1.72703582e+01
6.20000000e-01,-2.72663679e-02,-1.22205429e-01,1.67840349e-02,-2.47487825e-01,0.00000000e+00,1.64062537e+01,1.33602103e-01,1.76261738e-02,1.30930061e+02,1.72736503e+01
6.22000000e-01,-2.75127438e-02,-1.24208867e-01,1.62948223e-02,-2.41589532e-01,0.00000000e+00,1.63732700e+01,1.37301236e-01,1.81317062e-02,1.34555212e+02,1.77690720e+01
6.24000000e-01,-2.77632106e-02,-1.26223290e-01,1.58178294e-02,-2.35462349e-01,0.00000000e+00,1.63392831e+01,1.35895042e-01,1.74226708e-02,1.33177141e+02,1.70742174e+01
6.26000000e-01,-2.80175957e-02,-1.28175889e-01,1.53530746e-02,-2.29182527e-01,0.00000000e+00,1.63042972e+01,1.37925274e-01,1.77856413e-02,1.35166769e+02,1.74299285e+01
6.28000000e-01,-2.82759408e-02,-1.30168459e-01,1.49013953e-02,-2.22458614e-01,0.00000000e+00,1.62683169e+01,1.38929848e-01,1.77068342e-02,1.36151251e+02,1.73526975e+01
6.30000000e-01,-2.85382696e-02,-1.32161064e-01,1.44634063e-02,-2.15485569e-01,0.00000000e+00,1.62313467e+01,1.40059452e-01,1.76800438e-02,1.37258263e+02,1.73264429e+01
6.32000000e-01,-2.88045912e-02,-1.34162855e-01,1.40396433e-02,-2.08227193e-01,0.00000000e+00,1.61933912e+01,1.41310373e-01,1.76974244e-02,1.38484165e+02,1.73434759e+01
6.34000000e-01,-2.90749291e-02,-1.36176766e-01,1.36306920e-02,-2.00677083e-01,0.00000000e+00,1.61544553e+01,1.42541280e-01,1.77051179e-02,1.39690454e+02,1.73510155e+01
6.36000000e-01,-2.93493047e-02,-1.38200348e-01,1.32371205e-02,-1.92848728e-01,0.00000000e+00,1.61145440e+01,1.43767935e-01,1.77160382e-02,1.40892577e+02,1.73617175e+01
6.38000000e-01,-2.96277342e-02,-1.40229518e-01,1.28594713e-02,-1.84759113e-01,0.00000000e+00,1.60736622e+01,1.44936458e-01,1.77107191e-02,1.42037729e+02,1.73565047e+01
6.40000000e-01,-2.99102273e-02,-1.42265363e-01,1.24982565e-02,-1.76410856e-01,0.00000000e+00,1.60318151e+01,1.46221662e-01,1.77395176e-02,1.43297229e+02,1.73847273e+01
6.42000000e-01,-3.01968175e-02,-1.44333969e-01,1.21540169e-02,-1.67779088e-01,0.00000000e+00,1.59890082e+01,1.48033104e-01,1.78105341e-02,1.45072442e+02,1.74543234e+01
6.44000000e-01,-3.04875493e-02,-1.46381746e-01,1.18272523e-02,-1.58979087e-01,0.00000000e+00,1.59452467e+01,1.48099849e-01,1.76222458e-02,1.45137852e+02,1.72698009e+01
6.46000000e-01,-3.07823194e-02,-1.48391818e-01,1.15182167e-02,-1.50004900e-01,0.00000000e+00,1.59005362e+01,1.49550143e-01,1.77310268e-02,1.46559140e+02,1.73764062e+01
6.48000000e-01,-3.10811174e-02,-1.50403198e-01,1.12273885e-02,-1.40796960e-01,0.00000000e+00,1.58548824e+01,1.50561342e-01,1.76936797e-02,1.47550115e+02,1.73398061e+01
6.50000000e-01,-3.13839251e-02,-1.52404080e-01,1.09551403e-02,-1.31421897e-01,0.00000000e+00,1.58082911e+01,1.51768579e-01,1.76890766e-02,1.48733207e+02,1.73352951e+01
6.52000000e-01,-3.16907303e-02,-1.54399846e-01,1.07018180e-02,-1.21871342e-01,0.00000000e+00,1.57607682e+01,1.52938179e-01,1.76962620e-02,1.49879415e+02,1.73423367e+01
6.54000000e-01,-3.20015177e-02,-1.56385305e-01,1.04677570e-02,-1.12167695e-01,5.82041239e-03,1.57123197e+01,1.54056649e-01,1.76720925e-02,1.50975516e+02,1.73186506e+01
6.56000000e-01,-3.23162604e-02,-1.58354030e-01,1.02532222e-02,-1.02351522e-01,2.31688845e-02,1.56629517e+01,1.55108414e-01,1.76219767e-02,1.52006246e+02,1.72695371e+01
6.58000000e-01,-3.26349218e-02,-1.60304804e-01,1.00584188e-02,-9.24335737e-02,4.05173566e-02,1.56126706e+01,1.56230550e-01,1.76033869e-02,1.53105939e+02,1.72513192e+01
6.60000000e-01,-3.29574685e-02,-1.62239006e-01,9.88354998e-03,-8.24225410e-02,5.78658287e-02,1.55614826e+01,1.57346270e-01,1.75634675e-02,1.54199345e+02,1.72121981e+01
6.62000000e-01,-3.32838197e-02,-1.64085974e-01,9.72862551e-03,-7.25661405e-02,7.52143007e-02,1.55093942e+01,1.56848604e-01,1.70534439e-02,1.53711632e+02,1.67123750e+01
6.64000000e-01,-3.36137726e-02,-1.65873161e-01,9.59334564e-03,-6.26194380e-02,9.25627728e-02,1.54564122e+01,1.58635545e-01,1.75557330e-02,1.55462834e+02,1.72046183e+01
6.66000000e-01,-3.39472983e-02,-1.67639321e-01,9.47827973e-03,-5.24747844e-02,1.09911245e-01,1.54025431e+01,1.59072656e-01,1.73004115e-02,1.55891203e+02,1.69544032e+01
6.68000000e-01,-3.42842880e-02,-1.69342645e-01,9.38339093e-03,-4.24134803e-02,1.27259717e-01,1.53477938e+01,1.59911201e-01,1.72411206e-02,1.56712977e+02,1.68962982e+01
6.70000000e-01,-3.46246416e-02,-1.71005106e-01,9.30864688e-03,-3.23205742e-02,1.44608189e-01,1.52921712e+01,1.60889369e-01,1.72558512e-02,1.57671581e+02,1.69107342e+01
6.72000000e-01,-3.49682817e-02,-1.72627516e-01,9.25413413e-03,-2.21894361e-02,1.61956661e-01,1.52356825e+01,1.61773916e-01,1.72393603e-02,1.58538438e+02,1.68945731e+01
6.74000000e-01,-3.53151220e-02,-1.74205332e-01,9.21988969e-03,-1.20574659e-02,1.79305133e-01,1.51783347e+01,1.62672172e-01,1.72045405e-02,1.59418729e+02,1.68604497e+01
6.76000000e-01,-3.56650730e-02,-1.75738121e-01,9.20589139e-03,-1.94479988e-03,1.96653605e-01,1.51201351e+01,1.63572229e-01,1.71747142e-02,1.60300785e+02,1.68312199e+01
6.78000000e-01,-3.60180448e-02,-1.77226442e-01,9.21209181e-03,8.13984158e-03,2.14002077e-01,1.50610911e+01,1.64508348e-01,1.71504563e-02,1.61218181e+02,1.68074471e+01
6.80000000e-01,-3.63739481e-02,-1.78668786e-01,9.23842640e-03,1.81879473e-02,2.31350550e-01,1.50012101e+01,1.65397315e-01,1.71315425e-02,1.62089369e+02,1.67889116e+01
6.82000000e-01,-3.67325739e-02,-1.79892001e-01,9.28446397e-03,2.76666999e-02,2.48699022e-01,1.49404998e+01,1.62310170e-01,1.60172075e-02,1.59063967e+02,1.56968634e+01
6.84000000e-01,-3.70934558e-02,-1.81024748e-01,9.34912922e-03,3.71994392e-02,2.66047494e-01,1.48789679e+01,1.66224793e-01,1.73334306e-02,1.62900297e+02,1.69867620e+01
6.86000000e-01,-3.74566749e-02,-1.82160623e-01,9.43343341e-03,4.69897184e-02,2.83395966e-01,1.48166222e+01,1.65343564e-01,1.66741758e-02,1.62036692e+02,1.63406922e+01
6.88000000e-01,-3.78220078e-02,-1.83160711e-01,9.53683538e-03,5.64009456e-02,3.00744438e-01,1.47534704e+01,1.66029982e-01,1.66816712e-02,1.62709382e+02,1.63480378e+01
6.90000000e-01,-3.81892769e-02,-1.84099554e-01,9.65900976e-03,6.57710198e-02,3.18092910e-01,1.46895208e+01,1.66906688e-01,1.67585046e-02,1.63568554e+02,1.64233345e+01
6.92000000e-01,-3.85583665e-02,-1.84979197e-01,9.79988297e-03,7.50863751e-02,3.35441382e-01,1.46247813e+01,1.67655971e-01,1.67642552e-02,1.64302851e+02,1.64289701e+01
6.94000000e-01,-3.89291448e-02,-1.85785409e-01,9.95926346e-03,8.42640506e-02,3.52789854e-01,1.45592601e+01,1.68214211e-01,1.66934427e-02,1.64849927e+02,1.63595738e+01
6.96000000e-01,-3.93014574e-02,-1.86515525e-01,1.01368316e-02,9.32803341e-02,3.70138326e-01,1.44929657e+01,1.68914079e-01,1.66754719e-02,1.65535797e+02,1.63419625e+01
6.98000000e-01,-3.96751559e-02,-1.87169158e-01,1.03322804e-02,1.02140075e-01,3.87486798e-01,1.44259063e+01,1.69474869e-01,1.66404437e-02,1.66085372e+02,1.63076348e+01
7.00000000e-01,-4.00500818e-02,-1.87744419e-01,1.05452783e-02,1.10829549e-01,4.04835270e-01,1.43580904e+01,1.70140963e-01,1.66188081e-02,1.66738143e+02,1.62864319e+01
7.02000000e-01,-4.04259020e-02,-1.87972393e-01,1.07749423e-02,1.18534666e-01,4.22183743e-01,1.42895268e+01,1.64426253e-01,1.48990993e-02,1.61137728e+02,1.46011173e+01
7.04000000e-01,-4.08018923e-02,-1.88081729e-01,1.10194270e-02,1.26254754e-01,4.39532215e-01,1.42202240e+01,1.70437832e-01,1.69964706e-02,1.67029075e+02,1.66565412e+01
7.06000000e-01,-4.11782560e-02,-1.88231676e-01,1.12801954e-02,1.34326064e-01,4.56880687e-01,1.41501908e+01,1.68446775e-01,1.60054685e-02,1.65077839e+02,1.56853591e+01
7.08000000e-01,-4.15546948e-02,-1.88195286e-01,1.15563265e-02,1.41790270e-01,4.74229159e-01,1.40794361e+01,1.69156700e-01,1.61135800e-02,1.65773566e+02,1.57913084e+01
7.10000000e-01,-4.19309797e-02,-1.88072680e-01,1.18472756e-02,1.49133049e-01,4.91577631e-01,1.40079689e+01,1.69504273e-01,1.61632250e-02,1.66114188e+02,1.58399605e+01
7.12000000e-01,-4.23069233e-02,-1.87856887e-01,1.21527418e-02,1.56300504e-01,5.08926103e-01,1.39357982e+01,1.70048912e-01,1.61790186e-02,1.66647933e+02,1.58554382e+01
7.14000000e-01,-4.26823359e-02,-1.87534181e-01,1.24723208e-02,1.63232808e-01,5.26274575e-01,1.38629332e+01,1.70071829e-01,1.61233341e-02,1.66670393e+02,1.58008675e+01
7.16000000e-01,-4.30569828e-02,-1.87095558e-01,1.28054980e-02,1.69902541e-01,5.43623047e-01,1.37893831e+01,1.70400299e-01,1.61011108e-02,1.66992293e+02,1.57790886e+01
7.18000000e-01,-4.34306489e-02,-1.86553096e-01,1.31517705e-02,1.76331559e-01,5.60971519e-01,1.37151572e+01,1.70697852e-01,1.61101077e-02,1.67283895e+02,1.57879056e+01
7.20000000e-01,-4.38031276e-02,-1.85909269e-01,1.35106516e-02,1.82501653e-01,5.78319991e-01,1.36402650e+01,1.71074895e-01,1.60677806e-02,1.67653397e+02,1.57464250e+01
7.22000000e-01,-4.41739749e-02,-1.84798739e-01,1.38808941e-02,1.87347421e-01,5.95668463e-01,1.35647159e+01,1.62823535e-01,1.38571229e-02,1.59567064e+02,1.35799804e+01
7.24000000e-01,-4.45422299e-02,-1.83549192e-01,1.42600370e-02,1.92186723e-01,6.13016936e-01,1.34885195e+01,1.70838065e-01,1.65940247e-02,1.67421303e+02,1.62621442e+01
7.26000000e-01,-4.49082296e-02,-1.82386643e-01,1.46499393e-02,1.97473578e-01,6.30365408e-01,1.34116855e+01,1.67848676e-01,1.53512858e-02,1.64491702e+02,1.50442601e+01
7.28000000e-01,-4.52716133e-02,-1.80979407e-01,1.50494029e-02,2.01967899e-01,6.47713880e-01,1.33342235e+01,1.68092470e-01,1.54993119e-02,1.64730620e+02,1.51893257e+01
7.30000000e-01,-4.56320770e-02,-1.79466846e-01,1.54577092e-02,2.06309633e-01,6.65062352e-01,1.32561435e+01,1.68336152e-01,1.56125180e-02,1.64969429e+02,1.53002676e+01
7.32000000e-01,-4.59894030e-02,-1.77837707e-01,1.58744794e-02,2.10408228e-01,6.82410824e-01,1.31774553e+01,1.68291878e-01,1.55826528e-02,1.64926040e+02,1.52709998e+01
7.34000000e-01,-4.63433392e-02,-1.76075541e-01,1.62991306e-02,2.14189623e-01,6.99759296e-01,1.30981688e+01,1.68124013e-01,1.55517956e-02,1.64761533e+02,1.52407597e+01
7.36000000e-01,-4.66936181e-02,-1.74182774e-01,1.67310223e-02,2.17647791e-01,7.17107768e-01,1.30182942e+01,1.68107152e-01,1.55197524e-02,1.64745009e+02,1.52093574e+01
7.38000000e-01,-4.70399874e-02,-1.72165660e-01,1.71695119e-02,2.20791165e-01,7.34456240e-01,1.29378415e+01,1.68054027e-01,1.55161522e-02,1.64692947e+02,1.52058292e+01
7.40000000e-01,-4.73821951e-02,-1.70020210e-01,1.76139782e-02,2.23621339e-01,7.51804712e-01,1.28568210e+01,1.67910459e-01,1.54961221e-02,1.64552249e+02,1.51861996e+01
7.42000000e-01,-4.77196944e-02,-1.67314055e-01,1.80629815e-02,2.24928116e-01,7.69153184e-01,1.27752429e+01,1.57717301e-01,1.29592527e-02,1.54562955e+02,1.27000676e+01
7.44000000e-01,-4.80513584e-02,-1.64468507e-01,1.85137006e-02,2.26249680e-01,7.86501656e-01,1.26931175e+01,1.67372803e-01,1.61706925e-02,1.64025347e+02,1.58472786e+01
7.46000000e-01,-4.83776635e-02,-1.61765634e-01,1.89683402e-02,2.28111320e-01,8.03850129e-01,1.26104553e+01,1.63725671e-01,1.47414844e-02,1.60451157e+02,1.44466547e+01
7.48000000e-01,-4.86982422e-02,-1.58794581e-01,1.94255558e-02,2.29087966e-01,8.21198601e-01,1.25272667e+01,1.63735181e-01,1.49658476e-02,1.60460477e+02,1.46665306e+01
7.50000000e-01,-4.90127650e-02,-1.55708285e-01,1.98845744e-02,2.29888141e-01,8.38547073e-01,1.24435622e+01,1.63612780e-01,1.50264693e-02,1.60340524e+02,1.47259399e+01
7.52000000e-01,-4.93209862e-02,-1.52488273e-01,2.03449226e-02,2.30409696e-01,8.55895545e-01,1.23593526e+01,1.63139730e-01,1.50384328e-02,1.59876935e+02,1.47376642e+01
7.54000000e-01,-4.96226206e-02,-1.49122050e-01,2.08059897e-02,2.30596007e-01,8.73244017e-01,1.22746484e+01,1.62672201e-01,1.49813550e-02,1.59418757e+02,1.46817279e+01
7.56000000e-01,-4.99173802e-02,-1.45614517e-01,2.12670725e-02,2.30431079e-01,8.90592489e-01,1.21894604e+01,1.62258097e-01,1.49599172e-02,1.59012936e+02,1.46607189e+01
7.58000000e-01,-5.02049880e-02,-1.41971013e-01,2.17275020e-02,2.29948117e-01,9.07940961e-01,1.21037994e+01,1.61857522e-01,1.49717340e-02,1.58620371e+02,1.46722993e+01
7.60000000e-01,-5.04851793e-02,-1.38200086e-01,2.21866594e-02,2.29156919e-01,9.25289433e-01,1.20176762e+01,1.61583141e-01,1.49691691e-02,1.58351478e+02,1.46697857e+01
7.62000000e-01,-5.07573676e-02,-1.33798022e-01,2.26430260e-02,2.26710509e-01,9.42637905e-01,1.19311018e+01,1.49348664e-01,1.21501897e-02,1.46361691e+02,1.19071859e+01
7.64000000e-01,-5.10202913e-02,-1.29275817e-01,2.30935543e-02,2.24343239e-01,9.59986377e-01,1.18440871e+01,1.60941130e-01,1.57800761e-02,1.57722307e+02,1.54644746e+01
7.66000000e-01,-5.12746177e-02,-1.24973874e-01,2.35408570e-02,2.22663040e-01,9.77334849e-01,1.17566431e+01,1.56589006e-01,1.42319226e-02,1.53457226e+02,1.39472841e+01
7.68000000e-01,-5.15199972e-02,-1.20387687e-01,2.39835887e-02,2.20056308e-01,9.94683322e-01,1.16687810e+01,1.56320837e-01,1.44688137e-02,1.53194420e+02,1.41794375e+01
7.70000000e-01,-5.17560951e-02,-1.15691460e-01,2.44209888e-02,2.17309512e-01,1.01203179e+00,1.15805118e+01,1.55964094e-01,1.45638928e-02,1.52844812e+02,1.42726149e+01
7.72000000e-01,-5.19826826e-02,-1.10874472e-01,2.48526659e-02,2.14321427e-01,1.02938027e+00,1.14918468e+01,1.55368228e-01,1.45802299e-02,1.52260864e+02,1.42886253e+01
7.74000000e-01,-5.21995044e-02,-1.05924694e-01,2.52780614e-02,2.11013720e-01,1.04672874e+00,1.14027972e+01,1.54651257e-01,1.45020394e-02,1.51558232e+02,1.42119986e+01
7.76000000e-01,-5.24062899e-02,-1.00837749e-01,2.56965104e-02,2.07390447e-01,1.06407721e+00,1.13133742e+01,1.53871678e-01,1.45171029e-02,1.50794245e+02,1.42267608e+01
7.78000000e-01,-5.26027647e-02,-9.56146275e-02,2.61074304e-02,2.03477985e-01,1.08142568e+00,1.12235893e+01,1.53094295e-01,1.44836338e-02,1.50032409e+02,1.41939611e+01
7.80000000e-01,-5.27886600e-02,-9.02588867e-02,2.65102307e-02,1.99278140e-01,1.09877415e+00,1.11334537e+01,1.52311996e-01,1.44910097e-02,1.49265756e+02,1.42011895e+01
7.82000000e-01,-5.29633437e-02,-8.42184440e-02,2.69034049e-02,1.93371436e-01,1.11612263e+00,1.10429790e+01,1.38544431e-01,1.14648094e-02,1.35773542e+02,1.12355132e+01
7.84000000e-01,-5.31254813e-02,-7.80992219e-02,2.72838392e-02,1.87648718e-01,1.13347110e+00,1.09521765e+01,1.51820414e-01,1.54232504e-02,1.48784005e+02,1.51147854e+01
7.86000000e-01,-5.32759468e-02,-7.22893623e-02,2.76545784e-02,1.82793934e-01,1.15081957e+00,1.08610578e+01,1.47025101e-01,1.38180909e-02,1.44084599e+02,1.35417290e+01
7.88000000e-01,-5.34144571e-02,-6.62071191e-02,2.80144088e-02,1.77030054e-01,1.16816804e+00,1.07696344e+01,1.46610996e-01,1.40314500e-02,1.43678776e+02,1.37508210e+01
7.90000000e-01,-5.35407157e-02,-6.00354356e-02,2.83626494e-02,1.71192370e-01,1.18551651e+00,1.06779179e+01,1.45990926e-01,1.41630385e-02,1.43071108e+02,1.38797777e+01
7.92000000e-01,-5.36545304e-02,-5.37610903e-02,2.86990593e-02,1.65176224e-01,1.20286499e+00,1.05859199e+01,1.45166698e-01,1.41398836e-02,1.42263364e+02,1.38570859e+01
7.94000000e-01,-5.37556895e-02,-4.73809874e-02,2.90231806e-02,1.58899579e-01,1.22021346e+00,1.04936522e+01,1.44371413e-01,1.40818226e-02,1.41483985e+02,1.38001862e+01
7.96000000e-01,-5.38439807e-02,-4.08903487e-02,2.93344881e-02,1.52368697e-01,1.23756193e+00,1.04011263e+01,1.43330922e-01,1.40536136e-02,1.40464304e+02,1.37725413e+01
7.98000000e-01,-5.39191754e-02,-3.42864517e-02,2.96325184e-02,1.45632369e-01,1.25033674e+00,1.03083541e+01,1.42365586e-01,1.40790877e-02,1.39518274e+02,1.37975059e+01
8.00000000e-01,-5.39810625e-02,-2.75865858e-02,2.99168889e-02,1.38702965e-01,1.25833211e+00,1.02153472e+01,1.41620872e-01,1.40574041e-02,1.38788455e+02,1.37762560e+01
8.02000000e-01,-5.40290597e-02,-2.01936296e-02,3.01862640e-02,1.30174345e-01,1.26632749e+00,1.01221174e+01,1.26591009e-01,1.11104312e-02,1.24059188e+02,1.08882225e+01
8.04000000e-01,-5.40618222e-02,-1.27783785e-02,3.04378059e-02,1.21974973e-01,1.27432286e+00,1.00286766e+01,1.41398469e-01,1.51114360e-02,1.38570499e+02,1.48092073e+01
8.06000000e-01,-5.40804583e-02,-5.79077214e-03,3.06748501e-02,1.14804989e-01,1.28231824e+00,9.93503666e+00,1.36764312e-01,1.36125713e-02,1.34029026e+02,1.33403199e+01
8.08000000e-01,-5.40848303e-02,1.42925982e-03,3.08965062e-02,1.06855625e-01,1.29031361e+00,9.84120936e+00,1.36032415e-01,1.37954142e-02,1.33311766e+02,1.35195059e+01
8.10000000e-01,-5.40747108e-02,8.69493956e-03,3.11023060e-02,9.89563566e-02,1.29830899e+00,9.74720663e+00,1.35644673e-01,1.40149500e-02,1.32931780e+02,1.37346510e+01
8.12000000e-01,-5.40500171e-02,1.60107393e-02,3.12923044e-02,9.10162212e-02,1.30630436e+00,9.65304038e+00,1.34689473e-01,1.39842917e-02,1.31995684e+02,1.37046059e+01
8.14000000e-01,-5.40106176e-02,2.34019199e-02,3.14662612e-02,8.29115072e-02,1.31429974e+00,9.55872253e+00,1.33591710e-01,1.39213051e-02,1.30919875e+02,1.36428790e+01
8.16000000e-01,-5.39563613e-02,3.08653556e-02,3.16238448e-02,7.46484931e-02,1.32229511e+00,9.46426506e+00,1.32588571e-01,1.38805019e-02,1.29936799e+02,1.36028919e+01
8.18000000e-01,-5.38871159e-02,3.83891906e-02,3.17647813e-02,6.62747659e-02,1.33029049e+00,9.36967991e+00,1.31645743e-01,1.38936687e-02,1.29012829e+02,1.36157953e+01
8.20000000e-01,-5.38027652e-02,4.59720074e-02,3.18888886e-02,5.78181117e-02,1.33828586e+00,9.27497908e+00,1.30552652e-01,1.38871800e-02,1.27941599e+02,1.36094364e+01
8.22000000e-01,-5.37027686e-02,5.42437378e-02,3.19950389e-02,4.78393264e-02,1.34628124e+00,9.18017458e+00,1.14764231e-01,1.08542281e-02,1.12468947e+02,1.06371436e+01
8.24000000e-01,-5.35858255e-02,6.24625739e-02,3.20805468e-02,3.83117114e-02,1.35427661e+00,9.08527841e+00,1.30868524e-01,1.49604927e-02,1.28251154e+02,1.46612829e+01
8.26000000e-01,-5.34532805e-02,7.01380428e-02,3.21491224e-02,3.00391475e-02,1.36227199e+00,8.99030260e+00,1.26410383e-01,1.35898323e-02,1.23882175e+02,1.33180356e+01
8.28000000e-01,-5.33051604e-02,7.79829158e-02,3.22002657e-02,2.11099870e-02,1.37026736e+00,8.89525919e+00,1.25732874e-01,1.36590041e-02,1.23218217e+02,1.33858240e+01
8.30000000e-01,-5.31413534e-02,8.58209712e-02,3.22336396e-02,1.22967058e-02,1.37826274e+00,8.80016022e+00,1.25264496e-01,1.38843508e-02,1.22759206e+02,1.36066638e+01
8.32000000e-01,-5.29618786e-02,9.36558263e-02,3.22495075e-02,3.56590490e-03,1.38625811e+00,8.70501774e+00,1.24374526e-01,1.38583602e-02,1.21887035e+02,1.35811930e+01
8.34000000e-01,-5.27667147e-02,1.01513752e-01,3.22478662e-02,-5.22050660e-03,1.39425349e+00,8.60984381e+00,1.23164280e-01,1.37688602e-02,1.20700994e+02,1.34934830e+01
8.36000000e-01,-5.25558133e-02,1.09387214e-01,3.22286004e-02,-1.40444978e-02,1.40224886e+00,8.51465049e+00,1.22321971e-01,1.37555597e-02,1.19875532e+02,1.34804485e+01
8.38000000e-01,-5.23291672e-02,1.17258690e-01,3.21917071e-02,-2.28400862e-02,1.41024424e+00,8.41944984e+00,1.21392651e-01,1.37793667e-02,1.18964798e+02,1.35037794e+01
8.40000000e-01,-5.20867789e-02,1.25129653e-01,3.21372603e-02,-3.16052773e-02,1.41823961e+00,8.32425394e+00,1.20387388e-01,1.37451607e-02,1.17979641e+02,1.34702575e+01
8.42000000e-01,-5.18282255e-02,1.33635245e-01,3.20644050e-02,-4.16918425e-02,1.42623499e+00,8.22907483e+00,1.04486277e-01,1.09056583e-02,1.02396551e+02,1.06875451e+01
8.44000000e-01,-5.15523235e-02,1.42012394e-01,3.19708576e-02,-5.12316487e-02,1.43423036e+00,8.13392459e+00,1.21171734e-01,1.47633178e-02,1.18748300e+02,1.44680515e+01
8.46000000e-01,-5.12606070e-02,1.49742848e-01,3.18603668e-02,-5.94389356e-02,1.44222574e+00,8.03881527e+00,1.17247858e-01,1.35480509e-02,1.14902901e+02,1.32770898e+01
8.48000000e-01,-5.09532903e-02,1.57566019e-01,3.17327861e-02,-6.81197771e-02,1.45022111e+00,7.94375893e+00,1.16528446e-01,1.35906200e-02,1.14197877e+02,1.33188076e+01
8.50000000e-01,-5.06303885e-02,1.65320824e-01,3.15880487e-02,-7.65590790e-02,1.45821649e+00,7.84876760e+00,1.16241143e-01,1.38517437e-02,1.13916320e+02,1.35747089e+01
8.52000000e-01,-5.02920508e-02,1.73009898e-01,3.14266790e-02,-8.48045927e-02,1.46621186e+00,7.75385334e+00,1.15333896e-01,1.37702213e-02,1.13027218e+02,1.34948169e+01
8.54000000e-01,-4.99383761e-02,1.80658261e-01,3.12488691e-02,-9.29918907e-02,1.47420724e+00,7.65902816e+00,1.14336560e-01,1.37232720e-02,1.12049829e+02,1.34488065e+01
8.56000000e-01,-4.95694520e-02,1.88255389e-01,3.10547790e-02,-1.01077870e-01,1.48220261e+00,7.56430408e+00,1.13550560e-01,1.37089274e-02,1.11279548e+02,1.34347488e+01
8.58000000e-01,-4.91853996e-02,1.95784891e-01,3.08446487e-02,-1.09027341e-01,1.49019799e+00,7.46969311e+00,1.12812432e-01,1.37128705e-02,1.10556183e+02,1.34386131e+01
8.60000000e-01,-4.87863581e-02,2.03245826e-01,3.06187724e-02,-1.16822698e-01,1.49819336e+00,7.37520724e+00,1.11925811e-01,1.37129247e-02,1.09687294e+02,1.34386662e+01
8.62000000e-01,-4.83720500e-02,2.11256209e-01,3.03766379e-02,-1.25697893e-01,1.50618874e+00,7.28085844e+00,9.66231041e-02,1.11038485e-02,9.46906421e+01,1.08817715e+01
8.64000000e-01,-4.79414658e-02,2.19067864e-01,3.01163712e-02,-1.33987760e-01,1.51418411e+00,7.18665866e+00,1.13087516e-01,1.45733394e-02,1.10825765e+02,1.42818726e+01
8.66000000e-01,-4.74962634e-02,2.26152185e-01,2.98415988e-02,-1.40909821e-01,1.52217949e+00,7.09261985e+00,1.10013517e-01,1.35851178e-02,1.07813247e+02,1.33134155e+01
8.68000000e-01,-4.70368599e-02,2.33232262e-01,2.95525612e-02,-1.48087839e-01,1.53017487e+00,6.99875392e+00,1.09465418e-01,1.36261205e-02,1.07276110e+02,1.33535981e+01
8.70000000e-01,-4.65634253e-02,2.40176041e-01,2.92494708e-02,-1.54930807e-01,1.53817024e+00,6.90507277e+00,1.09362124e-01,1.38582244e-02,1.07174882e+02,1.35810599e+01
8.72000000e-01,-4.60762452e-02,2.46985517e-01,2.89330363e-02,-1.61476418e-01,1.54616562e+00,6.81158826e+00,1.08654620e-01,1.38009073e-02,1.06481528e+02,1.35248891e+01
8.74000000e-01,-4.55755577e-02,2.53683283e-01,2.86036713e-02,-1.67862719e-01,1.55416099e+00,6.71831226e+00,1.07912629e-01,1.37247110e-02,1.05754376e+02,1.34502168e+01
8.76000000e-01,-4.50615941e-02,2.60258141e-01,2.82617196e-02,-1.74047776e-01,1.56215637e+00,6.62525656e+00,1.07357986e-01,1.37373581e-02,1.05210826e+02,1.34626110e+01
8.78000000e-01,-4.45346122e-02,2.66702388e-01,2.79076443e-02,-1.79986800e-01,1.57015174e+00,6.53243298e+00,1.06689151e-01,1.37377549e-02,1.04555368e+02,1.34629998e+01
8.80000000e-01,-4.39948712e-02,2.73016629e-01,2.75419271e-02,-1.85693785e-01,1.57814712e+00,6.43985327e+00,1.06015702e-01,1.37042970e-02,1.03895388e+02,1.34302110e+01
8.82000000e-01,-4.34422778e-02,2.79732701e-01,2.71644082e-02,-1.92092093e-01,1.58614249e+00,6.34752916e+00,9.28152452e-02,1.17498578e-02,9.09589403e+01,1.15148606e+01
8.84000000e-01,-4.28761119e-02,2.86191540e-01,2.67739379e-02,-1.97921744e-01,1.59413787e+00,6.25547235e+00,1.07432127e-01,1.43426604e-02,1.05283484e+02,1.40558072e+01
8.86000000e-01,-4.22980025e-02,2.91914047e-01,2.63735083e-02,-2.02570792e-01,1.60213324e+00,6.16369452e+00,1.05325478e-01,1.36577756e-02,1.03218968e+02,1.33846201e+01
8.88000000e-01,-4.17085279e-02,2.97528264e-01,2.59636436e-02,-2.07236472e-01,1.61012862e+00,6.07220728e+00,1.05173590e-01,1.37241541e-02,1.03070118e+02,1.34496710e+01
8.90000000e-01,-4.11080246e-02,3.02939823e-01,2.55448217e-02,-2.11513285e-01,1.61812399e+00,5.98102224e+00,1.05181223e-01,1.38774680e-02,1.03077598e+02,1.35999186e+01
8.92000000e-01,-4.04968981e-02,3.08157196e-01,2.51178163e-02,-2.15451432e-01,1.62611937e+00,5.89015095e+00,1.04743824e-01,1.38266299e-02,1.02648947e+02,1.35500973e+01
8.94000000e-01,-3.98755132e-02,3.13198479e-01,2.46831750e-02,-2.19151040e-01,1.63411474e+00,5.79960492e+00,1.04244155e-01,1.37587730e-02,1.02159272e+02,1.34835975e+01
8.96000000e-01,-3.92442246e-02,3.18059056e-01,2.42413855e-02,-2.22590597e-01,1.64211012e+00,5.70939563e+00,1.03833044e-01,1.37427723e-02,1.01756383e+02,1.34679169e+01
8.98000000e-01,-3.86034046e-02,3.22728253e-01,2.37930037e-02,-2.25743583e-01,1.65010549e+00,5.61953452e+00,1.03504170e-01,1.37210454e-02,1.01434086e+02,1.34466245e+01
9.00000000e-01,-3.79534462e-02,3.27195528e-01,2.33386123e-02,-2.28594953e-01,1.65810087e+00,5.53003296e+00,1.03264042e-01,1.37279213e-02,1.01198762e+02,1.34533628e+01
9.02000000e-01,-3.72945190e-02,3.31818008e-01,2.28785208e-02,-2.31600989e-01,1.66609624e+00,5.44090230e+00,9.45169695e-02,1.27403113e-02,9.26266301e+01,1.24855051e+01
9.04000000e-01,-3.66263711e-02,3.36145126e-01,2.24125566e-02,-2.34084703e-01,1.67409162e+00,5.35215384e+00,1.04729992e-01,1.41597393e-02,1.02635392e+02,1.38765446e+01
9.06000000e-01,-3.59503576e-02,3.39843640e-01,2.19427198e-02,-2.35761663e-01,1.68208699e+00,5.26379883e+00,1.03702505e-01,1.37631748e-02,1.01628455e+02,1.34879113e+01
9.08000000e-01,-3.52671259e-02,3.43348165e-01,2.14696038e-02,-2.37297987e-01,1.69008237e+00,5.17584845e+00,1.03700073e-01,1.37797060e-02,1.01626072e+02,1.35041119e+01
9.10000000e-01,-3.45771301e-02,3.46604888e-01,2.09937742e-02,-2.38464855e-01,1.69807774e+00,5.08831386e+00,1.03873813e-01,1.38594084e-02,1.01796336e+02,1.35822202e+01
9.12000000e-01,-3.38808721e-02,3.49613043e-01,2.05159839e-02,-2.39272355e-01,1.70607312e+00,5.00120614e+00,1.03837165e-01,1.38518145e-02,1.01760422e+02,1.35747782e+01
9.14000000e-01,-3.31788334e-02,3.52388001e-01,2.00368806e-02,-2.39786209e-01,1.71406849e+00,4.91453635e+00,1.03603551e-01,1.37915654e-02,1.01531480e+02,1.35157341e+01
9.16000000e-01,-3.24714766e-02,3.54928199e-01,1.95570334e-02,-2.40008619e-01,1.72206387e+00,4.82831545e+00,1.03559097e-01,1.37781745e-02,1.01487915e+02,1.35026110e+01
9.18000000e-01,-3.17592845e-02,3.57222650e-01,1.90770547e-02,-2.39918106e-01,1.73005924e+00,4.74255438e+00,1.03541693e-01,1.37626894e-02,1.01470859e+02,1.34874357e+01
9.20000000e-01,-3.10427489e-02,3.59272707e-01,1.85975675e-02,-2.39517881e-01,1.73805462e+00,4.65726401e+00,1.03429217e-01,1.37431372e-02,1.01360632e+02,1.34682744e+01
9.22000000e-01,-3.03222661e-02,3.61214080e-01,1.81192314e-02,-2.38745422e-01,1.74604999e+00,4.57245514e+00,1.00207782e-01,1.38603862e-02,9.82036264e+01,1.35831785e+01
9.24000000e-01,-2.95981032e-02,3.62839589e-01,1.76428479e-02,-2.37579827e-01,1.75404537e+00,4.48813852e+00,1.04905630e-01,1.38873298e-02,1.02807517e+02,1.36095832e+01
9.26000000e-01,-2.88712072e-02,3.64015965e-01,1.71690911e-02,-2.36145796e-01,1.76204074e+00,4.40432484e+00,1.04773972e-01,1.37464668e-02,1.02678492e+02,1.34715375e+01
9.28000000e-01,-2.81422186e-02,3.64923406e-01,1.66984648e-02,-2.34411706e-01,1.77003612e+00,4.32102471e+00,1.05242897e-01,1.38441505e-02,1.03138039e+02,1.35672675e+01
9.30000000e-01,-2.74117031e-02,3.65546487e-01,1.62316944e-02,-2.32302359e-01,1.77803149e+00,4.23824870e+00,1.05458064e-01,1.38664784e-02,1.03348903e+02,1.35891488e+01
9.32000000e-01,-2.66802165e-02,3.65893873e-01,1.57694680e-02,-2.29874115e-01,1.78602687e+00,4.15600729e+00,1.05715447e-01,1.38522228e-02,1.03601138e+02,1.35751783e+01
9.34000000e-01,-2.59483105e-02,3.65966952e-01,1.53123876e-02,-2.27161487e-01,1.79402224e+00,4.07431090e+00,1.05893598e-01,1.38093386e-02,1.03775726e+02,1.35331518e+01
9.36000000e-01,-2.52165283e-02,3.65770560e-01,1.48610045e-02,-2.24175184e-01,1.80201762e+00,3.99316990e+00,1.06037956e-01,1.37806347e-02,1.03917197e+02,1.35050220e+01
9.38000000e-01,-2.44854084e-02,3.65303954e-01,1.44158707e-02,-2.20913189e-01,1.81001299e+00,3.91259455e+00,1.06237709e-01,1.37507999e-02,1.04112955e+02,1.34757839e+01
9.40000000e-01,-2.37554949e-02,3.64563850e-01,1.39775324e-02,-2.17380221e-01,1.81800837e+00,3.83259508e+00,1.06467572e-01,1.37217833e-02,1.04338221e+02,1.34473476e+01
9.42000000e-01,-2.30274289e-02,3.63410026e-01,1.35469982e-02,-2.12874742e-01,1.82600374e+00,3.75318162e+00,1.09957536e-01,1.51753294e-02,1.07758386e+02,1.48718228e+01
9.44000000e-01,-2.23020645e-02,3.61941575e-01,1.31261957e-02,-2.08125868e-01,1.83399912e+00,3.67436423e+00,1.07892267e-01,1.36295040e-02,1.05734421e+02,1.33569139e+01
9.46000000e-01,-2.15797904e-02,3.60281338e-01,1.27142213e-02,-2.03787153e-01,1.84199449e+00,3.59615290e+00,1.08536401e-01,1.37241244e-02,1.06365673e+02,1.34496419e+01
9.48000000e-01,-2.08611442e-02,3.58313646e-01,1.23112995e-02,-1.99069890e-01,1.84998987e+00,3.51855755e+00,1.09202341e-01,1.38465755e-02,1.07018294e+02,1.35696440e+01
9.50000000e-01,-2.01467313e-02,3.56052729e-01,1.19181394e-02,-1.94056079e-01,1.85798524e+00,3.44158800e+00,1.09547306e-01,1.37828880e-02,1.07356360e+02,1.35072302e+01
9.52000000e-01,-1.94371195e-02,3.53512385e-01,1.15352207e-02,-1.88823991e-01,1.86598062e+00,3.36525401e+00,1.09928893e-01,1.37555952e-02,1.07730315e+02,1.34804833e+01
9.54000000e-01,-1.87328700e-02,3.50689701e-01,1.11630006e-02,-1.83356216e-01,1.87397599e+00,3.28956526e+00,1.10384540e-01,1.37436338e-02,1.08176849e+02,1.34687611e+01
9.56000000e-01,-1.80345482e-02,3.47585872e-01,1.08019507e-02,-1.77656157e-01,1.88197137e+00,3.21453133e+00,1.10785432e-01,1.37250649e-02,1.08569723e+02,1.34505636e+01
9.58000000e-01,-1.73427113e-02,3.44204978e-01,1.04525162e-02,-1.71745751e-01,1.88996674e+00,3.14016174e+00,1.11197545e-01,1.36835601e-02,1.08973594e+02,1.34098889e+01
9.60000000e-01,-1.66579128e-02,3.40547342e-01,1.01151073e-02,-1.65625924e-01,1.89796212e+00,3.06646590e+00,1.11647253e-01,1.36801472e-02,1.09414308e+02,1.34065442e+01
9.62000000e-01,-1.59809721e-02,3.36214447e-01,9.79102544e-03,-1.57986977e-01,1.90595749e+00,2.99345317e+00,1.21433543e-01,1.64062912e-02,1.19004873e+02,1.60781653e+01
9.64000000e-01,-1.53132315e-02,3.31616820e-01,9.48314928e-03,-1.50363138e-01,1.91395287e+00,2.92113278e+00,1.12363243e-01,1.32053094e-02,1.10115978e+02,1.29412032e+01
9.66000000e-01,-1.46544479e-02,3.27104624e-01,9.18882889e-03,-1.43855243e-01,1.92194824e+00,2.84951391e+00,1.14041277e-01,1.36408500e-02,1.11760451e+02,1.33680330e+01
9.68000000e-01,-1.40050375e-02,3.22255634e-01,8.90804733e-03,-1.36868872e-01,1.92994362e+00,2.77860564e+00,1.14912327e-01,1.38056850e-02,1.12614080e+02,1.35295713e+01
9.70000000e-01,-1.33656069e-02,3.17134258e-01,8.64146622e-03,-1.29713285e-01,1.93793899e+00,2.70841694e+00,1.15165613e-01,1.36122846e-02,1.12862301e+02,1.33400389e+01
9.72000000e-01,-1.27366694e-02,3.11759530e-01,8.38924083e-03,-1.22487739e-01,1.94593437e+00,2.63895671e+00,1.15676579e-01,1.35892679e-02,1.13363047e+02,1.33174825e+01
9.74000000e-01,-1.21187452e-02,3.06120304e-01,8.15161524e-03,-1.15112253e-01,1.95392974e+00,2.57023375e+00,1.16279099e-01,1.35845454e-02,1.13953517e+02,1.33128545e+01
9.76000000e-01,-1.15123652e-02,3.00215511e-01,7.92889287e-03,-1.07585211e-01,1.96192512e+00,2.50225678e+00,1.16908222e-01,1.35861451e-02,1.14570057e+02,1.33144222e+01
9.78000000e-01,-1.09180561e-02,2.94051276e-01,7.72136260e-03,-9.99258710e-02,1.96992049e+00,2.43503441e+00,1.17465060e-01,1.35626492e-02,1.15115759e+02,1.32913962e+01
9.80000000e-01,-1.03363304e-02,2.87631602e-01,7.52927249e-03,-9.21418937e-02,1.97791587e+00,2.36857515e+00,1.18102357e-01,1.35701767e-02,1.15740310e+02,1.32987732e+01
9.82000000e-01,-9.76815589e-03,2.80272658e-01,7.35415211e-03,-8.23226068e-02,1.98591124e+00,2.30288744e+00,1.34746235e-01,1.75808548e-02,1.32051310e+02,1.72292377e+01
9.84000000e-01,-9.21536224e-03,2.72730046e-01,7.19977537e-03,-7.28131464e-02,1.99390662e+00,2.23797958e+00,1.17849931e-01,1.26951211e-02,1.15492933e+02,1.24412187e+01
9.86000000e-01,-8.67695902e-03,2.65602465e-01,7.06168232e-03,-6.51293886e-02,2.00190199e+00,2.17385982e+00,1.20624129e-01,1.35483518e-02,1.18211646e+02,1.32773848e+01
9.88000000e-01,-8.15318046e-03,2.58132784e-01,6.93963717e-03,-5.68766536e-02,2.00989737e+00,2.11053626e+00,1.21537842e-01,1.37117025e-02,1.19107086e+02,1.34374684e+01
9.90000000e-01,-7.64457260e-03,2.50446038e-01,6.83416582e-03,-4.86387437e-02,2.01789274e+00,2.04801695e+00,1.21513198e-01,1.33631801e-02,1.19082934e+02,1.30959165e+01
9.92000000e-01,-7.15153010e-03,2.42558613e-01,6.74501556e-03,-4.05007873e-02,2.02588812e+00,1.98630980e+00,1.22170331e-01,1.33712252e-02,1.19726925e+02,1.31038007e+01
9.94000000e-01,-6.67448934e-03,2.34444406e-01,6.67220843e-03,-3.22942011e-02,2.03388349e+00,1.92542263e+00,1.22885286e-01,1.33998792e-02,1.20427581e+02,1.31318816e+01
9.96000000e-01,-6.21390004e-03,2.26108866e-01,6.61587482e-03,-2.40335180e-02,2.04187887e+00,1.86536316e+00,1.23548525e-01,1.34009287e-02,1.21077554e+02,1.31329101e+01
9.98000000e-01,-5.77019608e-03,2.17560043e-01,6.57609280e-03,-1.57451705e-02,2.04987424e+00,1.80613899e+00,1.24212322e-01,1.33977340e-02,1.21728075e+02,1.31297793e+01
1.00000000e+00,-5.34379747e-03,2.08804819e-01,6.55289832e-03,-7.45055897e-03,2.05786962e+00,1.74775764e+00,1.24855157e-01,1.33775557e-02,1.22358054e+02,1.31100046e+01
1.00200000e+00,-4.93576842e-03,1.98862242e-01,6.54795089e-03,3.33416145e-03,2.06586499e+00,1.69022651e+00,1.48587662e-01,1.86133456e-02,1.45615909e+02,1.82410787e+01
1.00400000e+00,-4.54840338e-03,1.88837330e-01,6.56585052e-03,1.35425098e-02,2.07386037e+00,1.63355287e+00,1.23574658e-01,1.21887366e-02,1.21103165e+02,1.19449619e+01
1.00600000e+00,-4.17989649e-03,1.79596318e-01,6.60045191e-03,2.12474659e-02,2.08185574e+00,1.57774392e+00,1.27224372e-01,1.34050845e-02,1.24679884e+02,1.31369828e+01
1.00800000e+00,-3.83022824e-03,1.70040122e-01,6.65125120e-03,2.95685947e-02,2.08985112e+00,1.52280673e+00,1.28046345e-01,1.35512646e-02,1.25485418e+02,1.32802393e+01
1.01000000e+00,-3.49982933e-03,1.60343941e-01,6.71859578e-03,3.76939843e-02,2.09784649e+00,1.46874825e+00,1.27758814e-01,1.30870843e-02,1.25203637e+02,1.28253426e+01
1.01200000e+00,-3.18893640e-03,1.50521883e-01,6.80185320e-03,4.55584951e-02,2.10584187e+00,1.41557535e+00,1.28409879e-01,1.31194070e-02,1.25841682e+02,1.28570188e+01
1.01400000e+00,-2.89784987e-03,1.40537727e-01,6.90080910e-03,5.33920295e-02,2.11383724e+00,1.36329475e+00,1.29129740e-01,1.31602308e-02,1.26547145e+02,1.28970261e+01
1.01600000e+00,-2.62688872e-03,1.30398741e-01,7.01538613e-03,6.11727804e-02,2.12183262e+00,1.31191309e+00,1.29774646e-01,1.31691148e-02,1.27179153e+02,1.29057325e+01
1.01800000e+00,-2.37635011e-03,1.20116955e-01,7.14544105e-03,6.88647789e-02,2.12982799e+00,1.26143687e+00,1.30379488e-01,1.31565856e-02,1.27771898e+02,1.28934539e+01
1.02000000e+00,-2.14651027e-03,1.09701122e-01,7.29077345e-03,7.64491049e-02,2.13782337e+00,1.21187250e+00,1.30988335e-01,1.31476246e-02,1.28368569e+02,1.28846721e+01
1.02200000e+00,-1.93845159e-03,9.79264269e-02,7.45314788e-03,8.68985939e-02,2.14581874e+00,1.16322624e+00,1.60387725e-01,1.93986623e-02,1.57179971e+02,1.90106891e+01
1.02400000e+00,-1.75478042e-03,8.61879109e-02,7.63781673e-03,9.65217981e-02,2.15381412e+00,1.11550428e+00,1.28593859e-01,1.16726269e-02,1.26021982e+02,1.14391744e+01
1.02600000e+00,-1.59295468e-03,7.55672539e-02,7.83717313e-03,1.03052268e-01,2.16180949e+00,1.06871264e+00,1.32902236e-01,1.31892261e-02,1.30244191e+02,1.29254416e+01
1.02800000e+00,-1.45268677e-03,6.46835515e-02,8.05045450e-03,1.10225736e-01,2.16980487e+00,1.02285728e+00,1.33551137e-01,1.33240401e-02,1.30880114e+02,1.30575593e+01
1.03000000e+00,-1.33424914e-03,5.37568559e-02,8.27782874e-03,1.17028261e-01,2.17780024e+00,9.77943985e-01,1.32895424e-01,1.27326120e-02,1.30237516e+02,1.24779598e+01
1.03200000e+00,-1.23768157e-03,4.27968277e-02,8.51829446e-03,1.23421188e-01,2.18579562e+00,9.33978460e-01,1.33497046e-01,1.28051971e-02,1.30827105e+02,1.25490932e+01
1.03400000e+00,-1.16311494e-03,3.17571353e-02,8.77143904e-03,1.29702454e-01,2.19379099e+00,8.90966274e-01,1.34103251e-01,1.28573008e-02,1.31421186e+02,1.26001548e+01
1.03600000e+00,-1.11069854e-03,2.06491893e-02,9.03700482e-03,1.35834561e-01,2.20178637e+00,8.48912878e-01,1.34618765e-01,1.28689747e-02,1.31926390e+02,1.26115952e+01
1.03800000e+00,-1.08055519e-03,9.48574662e-03,9.31465298e-03,1.41780228e-01,2.20978174e+00,8.07823601e-01,1.35108460e-01,1.28601647e-02,1.32406291e+02,1.26029614e+01
1.04000000e+00,-1.07278701e-03,-1.72488115e-03,9.60399345e-03,1.47527491e-01,2.21777712e+00,7.67703649e-01,1.35612215e-01,1.28635074e-02,1.32899971e+02,1.26062372e+01
1.04200000e+00,-1.08841207e-03,-1.43714383e-02,9.90687053e-03,1.56435644e-01,2.22577249e+00,7.28558107e-01,1.68740177e-01,1.99243681e-02,1.65365373e+02,1.95258808e+01
1.04400000e+00,-1.13016935e-03,-2.68629249e-02,1.02290677e-02,1.64341660e-01,2.23376787e+00,6.90391936e-01,1.32276384e-01,1.12164949e-02,1.29630856e+02,1.09921650e+01
1.04600000e+00,-1.19494209e-03,-3.79719466e-02,1.05618669e-02,1.68692497e-01,2.24176324e+00,6.53209973e-01,1.36919308e-01,1.29357876e-02,1.34180922e+02,1.26770718e+01
1.04800000e+00,-1.28218223e-03,-4.92686109e-02,1.09042655e-02,1.73685026e-01,2.24975862e+00,6.17016929e-01,1.37327149e-01,1.30505046e-02,1.34580606e+02,1.27894945e+01
1.05000000e+00,-1.39197591e-03,-6.05043554e-02,1.12562715e-02,1.78174344e-01,2.25775399e+00,5.81817390e-01,1.36346106e-01,1.23805189e-02,1.33619184e+02,1.21329085e+01
1.05200000e+00,-1.52415554e-03,-7.16739270e-02,1.16166192e-02,1.82148252e-01,2.26574937e+00,5.47615819e-01,1.36814283e-01,1.24818091e-02,1.34077997e+02,1.22321729e+01
1.05400000e+00,-1.67866189e-03,-8.28288971e-02,1.19847459e-02,1.85944280e-01,2.27374474e+00,5.14416548e-01,1.37220642e-01,1.25314802e-02,1.34476229e+02,1.22808506e+01
1.05600000e+00,-1.85545242e-03,-9.39558168e-02,1.23602478e-02,1.89517581e-01,2.28174012e+00,4.82223785e-01,1.37556566e-01,1.25492618e-02,1.34805435e+02,1.22982766e+01
1.05800000e+00,-2.05445898e-03,-1.05043480e-01,1.27426523e-02,1.92845055e-01,2.28973549e+00,4.51041609e-01,1.37882573e-01,1.25604038e-02,1.35124921e+02,1.23091957e+01
1.06000000e+00,-2.27559388e-03,-1.16082455e-01,1.31314534e-02,1.95910529e-01,2.29773087e+00,4.20873973e-01,1.38178967e-01,1.25534856e-02,1.35415388e+02,1.23024159e+01
1.06200000e+00,-2.51973956e-03,-1.28547468e-01,1.35285261e-02,2.02323027e-01,2.30572624e+00,3.91724699e-01,1.73149382e-01,2.01509151e-02,1.69686394e+02,1.97478968e+01
1.06400000e+00,-2.78960765e-03,-1.40748382e-01,1.39400157e-02,2.07641301e-01,2.31372162e+00,3.63597482e-01,1.34158567e-01,1.08417571e-02,1.31475396e+02,1.06249220e+01
1.06600000e+00,-3.08168510e-03,-1.51377371e-01,1.43565155e-02,2.09095986e-01,2.32171699e+00,3.36495885e-01,1.38758799e-01,1.26357389e-02,1.35983623e+02,1.23830241e+01
1.06800000e+00,-3.39518199e-03,-1.62103645e-01,1.47768174e-02,2.11177242e-01,2.32971237e+00,3.10423342e-01,1.38947156e-01,1.27564996e-02,1.36168213e+02,1.25013696e+01
1.07000000e+00,-3.72999294e-03,-1.72669820e-01,1.52008504e-02,2.12697491e-01,2.33770774e+00,2.85383160e-01,1.37707563e-01,1.20632627e-02,1.34953412e+02,1.18219975e+01
1.07200000e+00,-4.08575166e-03,-1.83071585e-01,1.56272281e-02,2.13648963e-01,2.34570312e+00,2.61378509e-01,1.37966976e-01,1.21713434e-02,1.35207637e+02,1.19279165e+01
1.07400000e+00,-4.46220548e-03,-1.93362656e-01,1.60553039e-02,2.14386983e-01,2.35369849e+00,2.38412433e-01,1.38151946e-01,1.22264490e-02,1.35388907e+02,1.19819200e+01
1.07600000e+00,-4.85911892e-03,-2.03528687e-01,1.64846022e-02,2.14864291e-01,2.36169387e+00,2.16487841e-01,1.38243650e-01,1.22371746e-02,1.35478777e+02,1.19924311e+01
1.07800000e+00,-5.27622933e-03,-2.13558385e-01,1.69145704e-02,2.15055543e-01,2.36968925e+00,1.95607513e-01,1.38330151e-01,1.22401622e-02,1.35563548e+02,1.19953589e+01
1.08000000e+00,-5.71325710e-03,-2.23445059e-01,1.73446348e-02,2.14962381e-01,2.37768462e+00,1.75774094e-01,1.38428680e-01,1.22545840e-02,1.35660106e+02,1.20094923e+01
1.08200000e+00,-6.17087366e-03,-2.34627778e-01,1.77766486e-02,2.18211711e-01,2.38568000e+00,1.56990098e-01,1.72307150e-01,1.98723683e-02,1.68861007e+02,1.94749209e+01
1.08400000e+00,-6.65153500e-03,-2.45460740e-01,1.82167586e-02,2.20377004e-01,2.39367537e+00,1.39257904e-01,1.34133001e-01,1.06064136e-02,1.31450341e+02,1.03942853e+01
1.08600000e+00,-7.15163095e-03,-2.54665268e-01,1.86555592e-02,2.18646434e-01,2.40167075e+00,1.22579761e-01,1.38299938e-01,1.23225997e-02,1.35533939e+02,1.20761477e+01
1.08800000e+00,-7.67019526e-03,-2.63868583e-01,1.90917374e-02,2.17505347e-01,2.40966612e+00,1.06957782e-01,1.38300137e-01,1.24673078e-02,1.35534134e+02,1.22179616e+01
1.09000000e+00,-8.20694084e-03,-2.72825242e-01,1.95252173e-02,2.15819420e-01,2.41766150e+00,9.23939457e-02,1.36881074e-01,1.17988605e-02,1.34143453e+02,1.15628833e+01
1.09200000e+00,-8.76132792e-03,-2.81529451e-01,1.99546395e-02,2.13570236e-01,2.42565687e+00,7.88900987e-02,1.36890984e-01,1.18993964e-02,1.34153165e+02,1.16614085e+01
1.09400000e+00,-9.33292465e-03,-2.90032688e-01,2.03793507e-02,2.11099776e-01,2.43365225e+00,6.64479520e-02,1.36816162e-01,1.19421221e-02,1.34079839e+02,1.17032796e+01
1.09600000e+00,-9.92131737e-03,-2.98323986e-01,2.07988692e-02,2.08375169e-01,2.44164762e+00,5.50690823e-02,1.36707732e-01,1.19663498e-02,1.33973578e+02,1.17270228e+01
1.09800000e+00,-1.05260734e-02,-3.06394529e-01,2.12126737e-02,2.05384150e-01,2.44964300e+00,4.47549317e-02,1.36561402e-01,1.19752738e-02,1.33830174e+02,1.17357683e+01
1.10000000e+00,-1.11467436e-02,-3.14237260e-01,2.16202250e-02,2.02121961e-01,2.45763837e+00,3.55068072e-02,1.36418896e-01,1.19806919e-02,1.33690518e+02,1.17410781e+01
1.10200000e+00,-1.17837362e-02,-3.23150586e-01,2.20232631e-02,2.02011592e-01,2.46563375e+00,2.73258807e-02,1.66743552e-01,1.91672102e-02,1.63408681e+02,1.87838660e+01
1.10400000e+00,-1.24390756e-02,-3.31658520e-01,2.24276276e-02,2.00935983e-01,2.47362912e+00,2.02131891e-02,1.32258751e-01,1.05321758e-02,1.29613576e+02,1.03215323e+01
1.10600000e+00,-1.31093285e-02,-3.38603785e-01,2.28245611e-02,1.96191584e-01,2.48162450e+00,1.41696337e-02,1.35671293e-01,1.20354792e-02,1.32957867e+02,1.17947696e+01
1.10800000e+00,-1.37934241e-02,-3.45449064e-01,2.32127394e-02,1.91965340e-01,2.48961987e+00,9.19598030e-03,1.35478668e-01,1.21760399e-02,1.32769095e+02,1.19325191e+01
1.11000000e+00,-1.44909195e-02,-3.51986440e-01,2.35921235e-02,1.87290821e-01,2.49285400e+00,5.29285925e-03,1.34143339e-01,1.16383823e-02,1.31460473e+02,1.14056147e+01
1.11200000e+00,-1.52011620e-02,-3.58211994e-01,2.39615931e-02,1.82152062e-01,2.49285400e+00,2.46076516e-03,1.33964513e-01,1.17314982e-02,1.31285222e+02,1.14968682e+01
1.11400000e+00,-1.59235870e-02,-3.64166878e-01,2.43206121e-02,1.76833870e-01,2.49285400e+00,7.00056930e-04,1.33691338e-01,1.17767957e-02,1.31017512e+02,1.15412597e+01
1.11600000e+00,-1.66576446e-02,-3.69844450e-01,2.46687942e-02,1.71314106e-01,2.49285400e+00,1.09576865e-05,1.33453440e-01,1.18080411e-02,1.30784372e+02,1.15718802e+01
1.11800000e+00,-1.74027744e-02,-3.75236516e-01,2.50057287e-02,1.65584563e-01,2.49285400e+00,0.00000000e+00,1.33080292e-01,1.18201270e-02,1.30418686e+02,1.15837245e+01
1.12000000e+00,-1.81583953e-02,-3.80335475e-01,2.53309915e-02,1.59643661e-01,2.49285400e+00,0.00000000e+00,1.32751626e-01,1.18314694e-02,1.30096593e+02,1.15948400e+01
1.12200000e+00,-1.89245749e-02,-3.86122265e-01,2.56460396e-02,1.56306726e-01,2.49285400e+00,0.00000000e+00,1.55385119e-01,1.77376574e-02,1.52277417e+02,1.73829042e+01
1.12400000e+00,-1.97026049e-02,-3.91490020e-01,2.59557270e-02,1.52232916e-01,2.49285400e+00,0.00000000e+00,1.29287562e-01,1.07283733e-02,1.26701811e+02,1.05138058e+01
1.12600000e+00,-2.04896752e-02,-3.95568178e-01,2.62529753e-02,1.45165288e-01,2.49285400e+00,0.00000000e+00,1.31659011e-01,1.18812135e-02,1.29025831e+02,1.16435892e+01
1.12800000e+00,-2.12847548e-02,-3.99462122e-01,2.65366878e-02,1.38547147e-01,2.49285400e+00,0.00000000e+00,1.31457321e-01,1.20798530e-02,1.28828175e+02,1.18382559e+01
1.13000000e+00,-2.20872974e-02,-4.03016549e-01,2.68069685e-02,1.31636085e-01,2.49285400e+00,0.00000000e+00,1.30261988e-01,1.16552693e-02,1.27656748e+02,1.14221639e+01
1.13200000e+00,-2.28965861e-02,-4.06218545e-01,2.70629943e-02,1.24368243e-01,2.49285400e+00,0.00000000e+00,1.29815097e-01,1.16996793e-02,1.27218795e+02,1.14656857e+01
1.13400000e+00,-2.37119573e-02,-4.09099145e-01,2.73043577e-02,1.16974671e-01,2.49285400e+00,0.00000000e+00,1.29395938e-01,1.17391753e-02,1.26808019e+02,1.15043918e+01
1.13600000e+00,-2.45327668e-02,-4.11656069e-01,2.75308094e-02,1.09455807e-01,2.49285400e+00,0.00000000e+00,1.28941485e-01,1.17632536e-02,1.26362656e+02,1.15279885e+01
1.13800000e+00,-2.53583642e-02,-4.13886980e-01,2.77420994e-02,1.01814701e-01,2.49285400e+00,0.00000000e+00,1.28508121e-01,1.17875439e-02,1.25937958e+02,1.15517930e+01
1.14000000e+00,-2.61880948e-02,-4.15787975e-01,2.79379862e-02,9.40505542e-02,2.49285400e+00,0.00000000e+00,1.27997537e-01,1.17879901e-02,1.25437587e+02,1.15522303e+01
1.14200000e+00,-2.70216661e-02,-4.17913999e-01,2.81194736e-02,8.80440613e-02,2.49285400e+00,0.00000000e+00,1.40562967e-01,1.57388281e-02,1.37751708e+02,1.54240515e+01
1.14400000e+00,-2.78594841e-02,-4.19640020e-01,2.82898613e-02,8.15861689e-02,2.49285400e+00,0.00000000e+00,1.25481741e-01,1.10862400e-02,1.22972106e+02,1.08645152e+01
1.14600000e+00,-2.86996356e-02,-4.20480124e-01,2.84445015e-02,7.31532333e-02,2.49285400e+00,0.00000000e+00,1.26716264e-01,1.18176064e-02,1.24181939e+02,1.15812543e+01
1.14800000e+00,-2.95412393e-02,-4.21072319e-01,2.85827069e-02,6.50692649e-02,2.49285400e+00,0.00000000e+00,1.26556379e-01,1.20194656e-02,1.24025251e+02,1.17790762e+01
1.15000000e+00,-3.03836914e-02,-4.21314355e-01,2.87046955e-02,5.68608163e-02,2.49285400e+00,0.00000000e+00,1.25409863e-01,1.17339183e-02,1.22901666e+02,1.14992400e+01
1.15200000e+00,-3.12262540e-02,-4.21192268e-01,2.88100246e-02,4.84639083e-02,2.49285400e+00,0.00000000e+00,1.24926132e-01,1.17777843e-02,1.22427610e+02,1.15422286e+01
1.15400000e+00,-3.20682358e-02,-4.20733174e-01,2.88985293e-02,4.00341709e-02,2.49285400e+00,0.00000000e+00,1.24409892e-01,1.17948831e-02,1.21921694e+02,1.15589854e+01
1.15600000e+00,-3.29089617e-02,-4.19936643e-01,2.89701418e-02,3.15752260e-02,2.49285400e+00,0.00000000e+00,1.23907182e-01,1.18222324e-02,1.21429038e+02,1.15857878e+01
1.15800000e+00,-3.37477591e-02,-4.18805288e-01,2.90248203e-02,2.31014949e-02,2.49285400e+00,0.00000000e+00,1.23437678e-01,1.18454171e-02,1.20968925e+02,1.16085087e+01
1.16000000e+00,-3.45839565e-02,-4.17334496e-01,2.90625310e-02,1.46027091e-02,2.49285400e+00,0.00000000e+00,1.22807302e-01,1.18269813e-02,1.20351156e+02,1.15904417e+01
1.16200000e+00,-3.54170175e-02,-4.15744287e-01,2.90838178e-02,6.98375851e-03,2.49285400e+00,0.00000000e+00,1.27454274e-01,1.37258340e-02,1.24905189e+02,1.34513173e+01
1.16400000e+00,-3.62467019e-02,-4.13806357e-01,2.90903958e-02,-7.40546580e-04,2.49285400e+00,0.00000000e+00,1.21462295e-01,1.16182554e-02,1.19033049e+02,1.13858903e+01
1.16600000e+00,-3.70718845e-02,-4.11330811e-01,2.90802771e-02,-9.33250071e-03,2.49285400e+00,0.00000000e+00,1.21637718e-01,1.18937078e-02,1.19204964e+02,1.16558336e+01
1.16800000e+00,-3.78918305e-02,-4.08563451e-01,2.90531995e-02,-1.77238419e-02,2.49285400e+00,0.00000000e+00,1.21347875e-01,1.20040937e-02,1.18920917e+02,1.17640118e+01
1.17000000e+00,-3.87059176e-02,-4.05465034e-01,2.90093983e-02,-2.60904170e-02,2.49285400e+00,0.00000000e+00,1.20559847e-01,1.18865282e-02,1.18148650e+02,1.16487976e+01
1.17200000e+00,-3.95134669e-02,-4.02030907e-01,2.89488310e-02,-3.44673564e-02,2.49285400e+00,0.00000000e+00,1.20109234e-01,1.18992374e-02,1.17707049e+02,1.16612526e+01
1.17400000e+00,-4.03138280e-02,-3.98276951e-01,2.88715723e-02,-4.27792072e-02,2.49285400e+00,0.00000000e+00,1.19634966e-01,1.19161772e-02,1.17242267e+02,1.16778537e+01
1.17600000e+00,-4.11063583e-02,-3.94198441e-01,2.87777636e-02,-5.10169146e-02,2.49285400e+00,0.00000000e+00,1.19011321e-01,1.19242196e-02,1.16631095e+02,1.16857352e+01
1.17800000e+00,-4.18904066e-02,-3.89797228e-01,2.86675609e-02,-5.91701426e-02,2.49285400e+00,0.00000000e+00,1.18512401e-01,1.19394013e-02,1.16142153e+02,1.17006133e+01
1.18000000e+00,-4.26653347e-02,-3.85077328e-01,2.85411377e-02,-6.72413713e-02,2.49285400e+00,0.00000000e+00,1.17909444e-01,1.19190308e-02,1.15551256e+02,1.16806502e+01
1.18200000e+00,-4.34305009e-02,-3.80034975e-01,2.83987110e-02,-7.51393412e-02,2.49285400e+00,0.00000000e+00,1.17244147e-01,1.21028475e-02,1.14899264e+02,1.18607906e+01
1.18400000e+00,-4.41852948e-02,-3.74722932e-01,2.82407218e-02,-8.28250514e-02,2.49285400e+00,0.00000000e+00,1.17790602e-01,1.21420124e-02,1.15434790e+02,1.18991722e+01
1.18600000e+00,-4.49292106e-02,-3.69137859e-01,2.80674504e-02,-9.04512338e-02,2.49285400e+00,0.00000000e+00,1.16959524e-01,1.19833768e-02,1.14620334e+02,1.17437093e+01
1.18800000e+00,-4.56616399e-02,-3.63243327e-01,2.78789513e-02,-9.80258375e-02,2.49285400e+00,0.00000000e+00,1.16562245e-01,1.19840923e-02,1.14231000e+02,1.17444104e+01
1.19000000e+00,-4.63819953e-02,-3.57065882e-01,2.76754657e-02,-1.05422582e-01,2.49285400e+00,0.00000000e+00,1.16254089e-01,1.20690446e-02,1.13929007e+02,1.18276637e+01
1.19200000e+00,-4.70897191e-02,-3.50611867e-01,2.74573816e-02,-1.12638424e-01,2.49285400e+00,0.00000000e+00,1.15903027e-01,1.20552124e-02,1.13584967e+02,1.18141081e+01
1.19400000e+00,-4.77842529e-02,-3.43872987e-01,2.72250072e-02,-1.19711408e-01,2.49285400e+00,0.00000000e+00,1.15294512e-01,1.20398377e-02,1.12988622e+02,1.17990409e+01
1.19600000e+00,-4.84650232e-02,-3.36852441e-01,2.69786451e-02,-1.26620660e-01,2.49285400e+00,0.00000000e+00,1.14907018e-01,1.20497703e-02,1.12608878e+02,1.18087749e+01
1.19800000e+00,-4.91314875e-02,-3.29569269e-01,2.67186527e-02,-1.33337798e-01,2.49285400e+00,0.00000000e+00,1.14627712e-01,1.20744253e-02,1.12335158e+02,1.18329368e+01
1.20000000e+00,-4.97831238e-02,-3.22021374e-01,2.64454230e-02,-1.39861271e-01,2.49285400e+00,0.00000000e+00,1.14071259e-01,1.20686213e-02,1.11789834e+02,1.18272489e+01
1.20200000e+00,-5.04191746e-02,-3.13875938e-01,2.61587379e-02,-1.47089253e-01,2.49285400e+00,0.00000000e+00,1.05889623e-01,1.01889491e-02,1.03771831e+02,9.98517014e+00
1.20400000e+00,-5.10385077e-02,-3.05550648e-01,2.58573939e-02,-1.53825498e-01,2.49285400e+00,0.00000000e+00,1.14958702e-01,1.26732132e-02,1.12659528e+02,1.24197490e+01
1.20600000e+00,-5.16414538e-02,-2.97340259e-01,2.55441906e-02,-1.59429708e-01,2.49285400e+00,0.00000000e+00,1.13529856e-01,1.21199249e-02,1.11259259e+02,1.18775264e+01
1.20800000e+00,-5.22276780e-02,-2.88843860e-01,2.52196294e-02,-1.65102395e-01,2.49285400e+00,0.00000000e+00,1.13095395e-01,1.20681476e-02,1.10833487e+02,1.18267846e+01
1.21000000e+00,-5.27966861e-02,-2.80132662e-01,2.48839776e-02,-1.70480181e-01,2.49285400e+00,0.00000000e+00,1.13190987e-01,1.22616428e-02,1.10927167e+02,1.20164099e+01
1.21200000e+00,-5.33480708e-02,-2.71214727e-01,2.45379141e-02,-1.75549882e-01,2.49285400e+00,0.00000000e+00,1.12801864e-01,1.22225261e-02,1.10545826e+02,1.19780755e+01
1.21400000e+00,-5.38814003e-02,-2.62079867e-01,2.41819143e-02,-1.80415330e-01,2.49285400e+00,0.00000000e+00,1.12512858e-01,1.21837982e-02,1.10262601e+02,1.19401222e+01
1.21600000e+00,-5.43962581e-02,-2.52746643e-01,2.38164195e-02,-1.85030783e-01,2.49285400e+00,0.00000000e+00,1.12407509e-01,1.22270353e-02,1.10159359e+02,1.19824946e+01
1.21800000e+00,-5.48922595e-02,-2.43222242e-01,2.34419887e-02,-1.89349987e-01,2.49285400e+00,0.00000000e+00,1.12133296e-01,1.22725056e-02,1.09890630e+02,1.20270555e+01
1.22000000e+00,-5.53690171e-02,-2.33502943e-01,2.30591938e-02,-1.93407782e-01,2.49285400e+00,0.00000000e+00,1.11784687e-01,1.22305574e-02,1.09548993e+02,1.19859462e+01
1.22200000e+00,-5.58255777e-02,-2.22743470e-01,2.26669355e-02,-1.99598322e-01,2.49285400e+00,0.00000000e+00,9.15968678e-02,7.23772065e-03,8.97649304e+01,7.09296623e+00
1.22400000e+00,-5.62599605e-02,-2.11938225e-01,2.22613500e-02,-2.04964986e-01,2.49285400e+00,0.00000000e+00,1.14306416e-01,1.33830751e-02,1.12020287e+02,1.31154136e+01
1.22600000e+00,-5.66737968e-02,-2.01832202e-01,2.18488394e-02,-2.07686045e-01,2.49285400e+00,0.00000000e+00,1.11355064e-01,1.22026031e-02,1.09127963e+02,1.19585510e+01
1.22800000e+00,-5.70671085e-02,-1.91454968e-01,2.14303798e-02,-2.10746065e-01,2.49285400e+00,0.00000000e+00,1.11221881e-01,1.20750551e-02,1.08997444e+02,1.18335540e+01
1.23000000e+00,-5.74395471e-02,-1.80973324e-01,2.10061510e-02,-2.13362414e-01,2.49285400e+00,0.00000000e+00,1.11998355e-01,1.25289454e-02,1.09758388e+02,1.22783665e+01
1.23200000e+00,-5.77909375e-02,-1.70395344e-01,2.05772338e-02,-2.15523344e-01,2.49285400e+00,0.00000000e+00,1.11882345e-01,1.24191359e-02,1.09644698e+02,1.21707531e+01
1.23400000e+00,-5.81210432e-02,-1.59689562e-01,2.01442111e-02,-2.17454032e-01,2.49285400e+00,0.00000000e+00,1.11750308e-01,1.23944249e-02,1.09515302e+02,1.21465364e+01
1.23600000e+00,-5.84296109e-02,-1.48856538e-01,1.97075998e-02,-2.19111587e-01,2.49285400e+00,0.00000000e+00,1.11472086e-01,1.23694101e-02,1.09242644e+02,1.21220219e+01
1.23800000e+00,-5.87163959e-02,-1.37913338e-01,1.92679615e-02,-2.20474132e-01,2.49285400e+00,0.00000000e+00,1.11561480e-01,1.23861714e-02,1.09330250e+02,1.21384480e+01
1.24000000e+00,-5.89812004e-02,-1.26874346e-01,1.88259045e-02,-2.21534947e-01,2.49285400e+00,0.00000000e+00,1.11440353e-01,1.23716868e-02,1.09211546e+02,1.21242531e+01
1.24200000e+00,-5.92228572e-02,-1.14281271e-01,1.83793470e-02,-2.26307114e-01,2.49285400e+00,0.00000000e+00,7.72687627e-02,3.95952016e-03,7.57233875e+01,3.88032976e+00
1.24400000e+00,-5.94383924e-02,-1.01788456e-01,1.79214204e-02,-2.29963151e-01,2.49285400e+00,0.00000000e+00,1.15595782e-01,1.40624351e-02,1.13283866e+02,1.37811864e+01
1.24600000e+00,-5.96309313e-02,-9.06760332e-02,1.74623346e-02,-2.29359230e-01,2.49285400e+00,0.00000000e+00,1.11141672e-01,1.22449958e-02,1.08918839e+02,1.20000959e+01
1.24800000e+00,-5.98009291e-02,-7.93124421e-02,1.70035554e-02,-2.29397324e-01,2.49285400e+00,0.00000000e+00,1.11160727e-01,1.20594727e-02,1.08937513e+02,1.18182833e+01
1.25000000e+00,-5.99481863e-02,-6.79567522e-02,1.65451141e-02,-2.28882224e-01,2.49285400e+00,0.00000000e+00,1.12574799e-01,1.27510890e-02,1.10323303e+02,1.24960672e+01
1.25200000e+00,-6.00727683e-02,-5.66194626e-02,1.60883944e-02,-2.27815406e-01,2.49285400e+00,0.00000000e+00,1.12653944e-01,1.25646478e-02,1.10400865e+02,1.23133549e+01
1.25400000e+00,-6.01746409e-02,-4.52471751e-02,1.56339826e-02,-2.26553537e-01,2.49285400e+00,0.00000000e+00,1.12634994e-01,1.25108433e-02,1.10382294e+02,1.22606264e+01
1.25600000e+00,-6.02537475e-02,-3.38606266e-02,1.51823774e-02,-2.24995922e-01,2.49285400e+00,0.00000000e+00,1.13012952e-01,1.25396545e-02,1.10752693e+02,1.22888614e+01
1.25800000e+00,-6.03100791e-02,-2.24676324e-02,1.47342127e-02,-2.23117541e-01,2.49285400e+00,0.00000000e+00,1.12990713e-01,1.25431535e-02,1.10730899e+02,1.22922904e+01
1.26000000e+00,-6.03436154e-02,-1.10705592e-02,1.42901273e-02,-2.20909181e-01,2.49285400e+00,0.00000000e+00,1.13237929e-01,1.25969931e-02,1.10973170e+02,1.23450532e+01
1.26200000e+00,-6.03529111e-02,2.50165846e-03,1.38467031e-02,-2.24509319e-01,2.49285400e+00,0.00000000e+00,6.22916727e-02,-2.81699097e-04,6.10458393e+01,-2.76065115e-01
1.26400000e+00,-6.03337680e-02,1.58350382e-02,1.33929255e-02,-2.26856914e-01,2.49285400e+00,0.00000000e+00,1.18720380e-01,1.45797727e-02,1.16345972e+02,1.42881773e+01
1.26600000e+00,-6.02910302e-02,2.69796170e-02,1.29434692e-02,-2.22914218e-01,2.49285400e+00,0.00000000e+00,1.13134437e-01,1.22778096e-02,1.10871748e+02,1.20322534e+01
1.26800000e+00,-6.02257132e-02,3.83286978e-02,1.25006940e-02,-2.19833350e-01,2.49285400e+00,0.00000000e+00,1.13454870e-01,1.21370158e-02,1.11185772e+02,1.18942755e+01
1.27000000e+00,-6.01377959e-02,4.95570719e-02,1.20645273e-02,-2.16165383e-01,2.49285400e+00,0.00000000e+00,1.15283300e-01,1.28856056e-02,1.12977634e+02,1.26278935e+01
1.27200000e+00,-6.00275627e-02,6.06687947e-02,1.16364212e-02,-2.11914348e-01,2.49285400e+00,0.00000000e+00,1.15326221e-01,1.27475715e-02,1.13019697e+02,1.24926201e+01
1.27400000e+00,-5.98951542e-02,7.17303109e-02,1.12169892e-02,-2.07484387e-01,2.49285400e+00,0.00000000e+00,1.15420795e-01,1.26601896e-02,1.13112379e+02,1.24069858e+01
1.27600000e+00,-5.97406906e-02,8.27181371e-02,1.08066402e-02,-2.02819763e-01,2.49285400e+00,0.00000000e+00,1.15832147e-01,1.26520300e-02,1.13515504e+02,1.23989894e+01
1.27800000e+00,-5.95643497e-02,9.36038529e-02,1.04059036e-02,-1.97864964e-01,2.49285400e+00,0.00000000e+00,1.16411834e-01,1.26947851e-02,1.14083598e+02,1.24408894e+01
1.28000000e+00,-5.93663481e-02,1.04380075e-01,1.00153765e-02,-1.92615840e-01,2.49285400e+00,0.00000000e+00,1.16818439e-01,1.27097990e-02,1.14482070e+02,1.24556030e+01
1.28200000e+00,-5.91453114e-02,1.17433081e-01,9.63101929e-03,-1.93997091e-01,2.49285400e+00,0.00000000e+00,6.14551598e-02,-1.77181937e-03,6.02260566e+01,-1.73638298e+00
1.28400000e+00,-5.88968400e-02,1.30149890e-01,9.24027285e-03,-1.94052076e-01,2.49285400e+00,0.00000000e+00,1.22701670e-01,1.49365475e-02,1.20247637e+02,1.46378165e+01
1.28600000e+00,-5.86263519e-02,1.40406748e-01,8.85946043e-03,-1.87133324e-01,2.49285400e+00,0.00000000e+00,1.16771220e-01,1.23190694e-02,1.14435795e+02,1.20726880e+01
1.28800000e+00,-5.83351248e-02,1.50796008e-01,8.49103956e-03,-1.81264487e-01,2.49285400e+00,0.00000000e+00,1.17272905e-01,1.22040742e-02,1.14927447e+02,1.19599927e+01
1.29000000e+00,-5.80233160e-02,1.60963193e-01,8.13478065e-03,-1.74828470e-01,2.49285400e+00,0.00000000e+00,1.19456861e-01,1.29980810e-02,1.17067724e+02,1.27381193e+01
1.29200000e+00,-5.76914185e-02,1.70910543e-01,7.79207145e-03,-1.67873840e-01,2.49285400e+00,0.00000000e+00,1.19741172e-01,1.28002214e-02,1.17346348e+02,1.25442170e+01
1.29400000e+00,-5.73397724e-02,1.80709940e-01,7.46335485e-03,-1.60814882e-01,2.49285400e+00,0.00000000e+00,1.20083690e-01,1.27446015e-02,1.17682017e+02,1.24897095e+01
1.29600000e+00,-5.69686901e-02,1.90342312e-01,7.14892782e-03,-1.53582101e-01,2.49285400e+00,0.00000000e+00,1.20654278e-01,1.27129551e-02,1.18241193e+02,1.24586960e+01
1.29800000e+00,-5.65785313e-02,1.99782436e-01,6.84917402e-03,-1.46127987e-01,2.49285400e+00,0.00000000e+00,1.21429696e-01,1.27779361e-02,1.19001103e+02,1.25223774e+01
1.30000000e+00,-5.61696908e-02,2.09026906e-01,6.56456654e-03,-1.38447903e-01,2.49285400e+00,0.00000000e+00,1.21926619e-01,1.27775602e-02,1.19488087e+02,1.25220090e+01
1.30200000e+00,-5.57410600e-02,2.20316838e-01,6.29081259e-03,-1.37621486e-01,2.49285400e+00,0.00000000e+00,7.01767931e-02,-2.00027796e-03,6.87732573e+01,-1.96027240e+00
1.30400000e+00,-5.52886977e-02,2.31195480e-01,6.01492204e-03,-1.35533656e-01,2.49285400e+00,0.00000000e+00,1.27892486e-01,1.50314018e-02,1.25334637e+02,1.47307737e+01
1.30600000e+00,-5.48178583e-02,2.39703820e-01,5.75333846e-03,-1.26455502e-01,2.49285400e+00,0.00000000e+00,1.21755374e-01,1.22948608e-02,1.19320266e+02,1.20489636e+01
1.30800000e+00,-5.43298437e-02,2.48270254e-01,5.50832582e-03,-1.18538582e-01,2.49285400e+00,0.00000000e+00,1.22586338e-01,1.22407276e-02,1.20134611e+02,1.19959131e+01
1.31000000e+00,-5.38249860e-02,2.56523690e-01,5.27953610e-03,-1.10093781e-01,2.49285400e+00,0.00000000e+00,1.24981936e-01,1.30726589e-02,1.22482297e+02,1.28112058e+01
1.31200000e+00,-5.33039455e-02,2.64482349e-01,5.06824323e-03,-1.01210221e-01,2.49285400e+00,0.00000000e+00,1.25253753e-01,1.28562058e-02,1.22748678e+02,1.25990817e+01
1.31400000e+00,-5.27672083e-02,2.72213387e-01,4.87469738e-03,-9.23234264e-02,2.49285400e+00,0.00000000e+00,1.25951020e-01,1.27993318e-02,1.23431999e+02,1.25433451e+01
1.31600000e+00,-5.22152545e-02,2.79700663e-01,4.69900931e-03,-8.33469520e-02,2.49285400e+00,0.00000000e+00,1.26474792e-01,1.27898047e-02,1.23945296e+02,1.25340086e+01
1.31800000e+00,-5.16485749e-02,2.86934127e-01,4.54139597e-03,-7.42408905e-02,2.49285400e+00,0.00000000e+00,1.27285704e-01,1.28424668e-02,1.24739990e+02,1.25856175e+01
1.32000000e+00,-5.10677020e-02,2.93891561e-01,4.40214397e-03,-6.49875126e-02,2.49285400e+00,0.00000000e+00,1.28211652e-01,1.28963233e-02,1.25647419e+02,1.26383968e+01
1.32200000e+00,-5.04719313e-02,3.02464995e-01,4.27721201e-03,-6.20840240e-02,2.49285400e+00,0.00000000e+00,8.46932319e-02,-6.66492253e-04,8.29993673e+01,-6.53162408e-01
1.32400000e+00,-4.98581320e-02,3.10603490e-01,4.15452105e-03,-5.81114658e-02,2.49285400e+00,0.00000000e+00,1.33400599e-01,1.49644259e-02,1.30732587e+02,1.46651374e+01
1.32600000e+00,-4.92308856e-02,3.16689610e-01,4.04893916e-03,-4.78797412e-02,2.49285400e+00,0.00000000e+00,1.27556093e-01,1.23163328e-02,1.25004971e+02,1.20700061e+01
1.32800000e+00,-4.85913736e-02,3.22775667e-01,3.96216652e-03,-3.89012678e-02,2.49285400e+00,0.00000000e+00,1.28206583e-01,1.22062206e-02,1.25642452e+02,1.19620962e+01
1.33000000e+00,-4.79400168e-02,3.28510960e-01,3.89359207e-03,-2.95358764e-02,2.49285400e+00,0.00000000e+00,1.30459005e-01,1.30267441e-02,1.27849825e+02,1.27662092e+01
1.33200000e+00,-4.72775599e-02,3.33901190e-01,3.84424038e-03,-1.98444545e-02,2.49285400e+00,0.00000000e+00,1.30884169e-01,1.28160895e-02,1.28266486e+02,1.25597677e+01
1.33400000e+00,-4.66045945e-02,3.39017722e-01,3.81414272e-03,-1.02603350e-02,2.49285400e+00,0.00000000e+00,1.31382075e-01,1.27546046e-02,1.28754433e+02,1.24995125e+01
1.33600000e+00,-4.59216834e-02,3.43842660e-01,3.80319347e-03,-6.84566900e-04,2.49285400e+00,0.00000000e+00,1.32143069e-01,1.27790114e-02,1.29500208e+02,1.25234312e+01
1.33800000e+00,-4.52294305e-02,3.48357597e-01,3.81142533e-03,8.92251297e-03,2.49285400e+00,0.00000000e+00,1.32993580e-01,1.28281691e-02,1.30333708e+02,1.25716057e+01
1.34000000e+00,-4.45284594e-02,3.52562892e-01,3.83889645e-03,1.85489832e-02,2.49285400e+00,0.00000000e+00,1.33673749e-01,1.28550272e-02,1.31000274e+02,1.25979266e+01
1.34200000e+00,-4.38184518e-02,3.57858896e-01,3.88201676e-03,2.27695409e-02,2.49285400e+00,0.00000000e+00,1.01730519e-01,1.54029360e-03,9.96959091e+01,1.50948773e+00
1.34400000e+00,-4.30973151e-02,3.62718045e-01,3.93053251e-03,2.78263766e-02,2.49285400e+00,0.00000000e+00,1.38017209e-01,1.46784688e-02,1.35256864e+02,1.43848994e+01
1.34600000e+00,-4.23686402e-02,3.65986418e-01,3.99671165e-03,3.79670047e-02,2.49285400e+00,0.00000000e+00,1.32967560e-01,1.23014263e-02,1.30308209e+02,1.20553978e+01
1.34800000e+00,-4.16334189e-02,3.69180688e-01,4.08156697e-03,4.68573848e-02,2.49285400e+00,0.00000000e+00,1.33760262e-01,1.21717771e-02,1.31085057e+02,1.19283416e+01
1.35000000e+00,-4.08921667e-02,3.72001003e-01,4.18428595e-03,5.59648668e-02,2.49285400e+00,0.00000000e+00,1.35666671e-01,1.29001897e-02,1.32953338e+02,1.26421859e+01
1.35200000e+00,-4.01456543e-02,3.74462149e-01,4.30554883e-03,6.52559430e-02,2.49285400e+00,0.00000000e+00,1.36069351e-01,1.27265647e-02,1.33347964e+02,1.24720334e+01
1.35400000e+00,-3.93945178e-02,3.76623781e-01,4.44516917e-03,7.43362065e-02,2.49285400e+00,0.00000000e+00,1.36542807e-01,1.26534336e-02,1.33811951e+02,1.24003650e+01
1.35600000e+00,-3.86393681e-02,3.78472104e-01,4.60281536e-03,8.32990386e-02,2.49285400e+00,0.00000000e+00,1.37233839e-01,1.27016220e-02,1.34489162e+02,1.24475895e+01
1.35800000e+00,-3.78808445e-02,3.79997743e-01,4.77831226e-03,9.21822872e-02,2.49285400e+00,0.00000000e+00,1.37897501e-01,1.27334656e-02,1.35139551e+02,1.24787963e+01
1.36000000e+00,-3.71195920e-02,3.81201104e-01,4.97146758e-03,1.00950155e-01,2.49285400e+00,0.00000000e+00,1.38555419e-01,1.27317858e-02,1.35784311e+02,1.24771500e+01
1.36200000e+00,-3.63556202e-02,3.83034327e-01,5.17924149e-03,1.05411593e-01,2.49285400e+00,0.00000000e+00,1.16949218e-01,3.98868465e-03,1.14610234e+02,3.90891096e+00
1.36400000e+00,-3.55877141e-02,3.84478461e-01,5.39342102e-03,1.10333209e-01,2.49285400e+00,0.00000000e+00,1.41386287e-01,1.40023030e-02,1.38558561e+02,1.37222570e+01
1.36600000e+00,-3.48184769e-02,3.84766772e-01,5.62310780e-03,1.19054829e-01,2.49285400e+00,0.00000000e+00,1.37679382e-01,1.22893389e-02,1.34925794e+02,1.20435521e+01
1.36800000e+00,-3.40487305e-02,3.84929823e-01,5.86892777e-03,1.26707695e-01,2.49285400e+00,0.00000000e+00,1.38030489e-01,1.21070110e-02,1.35269879e+02,1.18648708e+01
1.37000000e+00,-3.32789887e-02,3.84746356e-01,6.12994568e-03,1.34371209e-01,2.49285400e+00,0.00000000e+00,1.39492513e-01,1.26814699e-02,1.36702663e+02,1.24278405e+01
1.37200000e+00,-3.25099740e-02,3.84219529e-01,6.40642707e-03,1.42056424e-01,2.49285400e+00,0.00000000e+00,1.39774286e-01,1.25443760e-02,1.36978801e+02,1.22934885e+01
1.37400000e+00,-3.17423114e-02,3.83391496e-01,6.69799262e-03,1.49473530e-01,2.49285400e+00,0.00000000e+00,1.40261097e-01,1.25321875e-02,1.37455875e+02,1.22815438e+01
1.37600000e+00,-3.09766164e-02,3.82250946e-01,7.00418711e-03,1.56689546e-01,2.49285400e+00,0.00000000e+00,1.40821960e-01,1.25567521e-02,1.38005521e+02,1.23056171e+01
1.37800000e+00,-3.02135129e-02,3.80802464e-01,7.32461431e-03,1.63700835e-01,2.49285400e+00,0.00000000e+00,1.41221524e-01,1.25573405e-02,1.38397094e+02,1.23061937e+01
1.38000000e+00,-2.94536128e-02,3.79044617e-01,7.65884708e-03,1.70497100e-01,2.49285400e+00,0.00000000e+00,1.41840774e-01,1.25801042e-02,1.39003959e+02,1.23285021e+01
1.38200000e+00,-2.86972135e-02,3.77468077e-01,8.00472691e-03,1.74480096e-01,2.49285400e+00,0.00000000e+00,1.30803278e-01,7.14440578e-03,1.28187213e+02,7.00151766e+00
1.38400000e+00,-2.79439332e-02,3.75602441e-01,8.35679286e-03,1.78500954e-01,2.49285400e+00,0.00000000e+00,1.42440196e-01,1.31612579e-02,1.39591392e+02,1.28980327e+01
1.38600000e+00,-2.71952588e-02,3.73054263e-01,8.72019607e-03,1.84719707e-01,2.49285400e+00,0.00000000e+00,1.40630506e-01,1.22743271e-02,1.37817896e+02,1.20288405e+01
1.38800000e+00,-2.64518384e-02,3.70322763e-01,9.09515124e-03,1.90157868e-01,2.49285400e+00,0.00000000e+00,1.40644251e-01,1.20561915e-02,1.37831366e+02,1.18150677e+01
1.39000000e+00,-2.57141655e-02,3.67294591e-01,9.48070951e-03,1.95418996e-01,2.49285400e+00,0.00000000e+00,1.41528993e-01,1.24513947e-02,1.38698414e+02,1.22023668e+01
1.39200000e+00,-2.49828611e-02,3.63964782e-01,9.87674478e-03,2.00556478e-01,2.49285400e+00,0.00000000e+00,1.41709453e-01,1.23602995e-02,1.38875264e+02,1.21130935e+01
1.39400000e+00,-2.42584861e-02,3.60365450e-01,1.02827169e-02,2.05366190e-01,2.49285400e+00,0.00000000e+00,1.41899262e-01,1.23413813e-02,1.39061276e+02,1.20945537e+01
1.39600000e+00,-2.35415789e-02,3.56496792e-01,1.06980181e-02,2.09888740e-01,2.49285400e+00,0.00000000e+00,1.42134975e-01,1.23489714e-02,1.39292275e+02,1.21019919e+01
1.39800000e+00,-2.28326785e-02,3.52358772e-01,1.11220865e-02,2.14133237e-01,2.49285400e+00,0.00000000e+00,1.42389905e-01,1.23618057e-02,1.39542107e+02,1.21145696e+01
1.40000000e+00,-2.21323233e-02,3.47951443e-01,1.15543605e-02,2.18091917e-01,2.49285400e+00,0.00000000e+00,1.42692995e-01,1.23649420e-02,1.39839135e+02,1.21176432e+01
1.40200000e+00,-2.14408924e-02,3.43514580e-01,1.19933573e-02,2.20405547e-01,2.49285400e+00,0.00000000e+00,1.37417469e-01,9.53483230e-03,1.34669120e+02,9.34413566e+00
1.40400000e+00,-2.07583890e-02,3.38891699e-01,1.24357626e-02,2.22389002e-01,2.49285400e+00,0.00000000e+00,1.41449795e-01,1.23032610e-02,1.38620800e+02,1.20571957e+01
1.40600000e+00,-2.00855950e-02,3.33864843e-01,1.28835618e-02,2.25345195e-01,2.49285400e+00,0.00000000e+00,1.41344744e-01,1.22150890e-02,1.38517849e+02,1.19707872e+01
1.40800000e+00,-1.94230719e-02,3.28624694e-01,1.33368510e-02,2.27862943e-01,2.49285400e+00,0.00000000e+00,1.41004303e-01,1.20294614e-02,1.38184217e+02,1.17888722e+01
1.41000000e+00,-1.87712424e-02,3.23165328e-01,1.37947837e-02,2.30035962e-01,2.49285400e+00,0.00000000e+00,1.41124059e-01,1.21447919e-02,1.38301577e+02,1.19018961e+01
1.41200000e+00,-1.81305628e-02,3.17477679e-01,1.42568172e-02,2.31942451e-01,2.49285400e+00,0.00000000e+00,1.41085579e-01,1.21292614e-02,1.38263868e+02,1.18866762e+01
1.41400000e+00,-1.75014778e-02,3.11570737e-01,1.47223416e-02,2.33531002e-01,2.49285400e+00,0.00000000e+00,1.41088987e-01,1.21418055e-02,1.38267207e+02,1.18989694e+01
1.41600000e+00,-1.68844232e-02,3.05448698e-01,1.51907325e-02,2.34806601e-01,2.49285400e+00,0.00000000e+00,1.41049815e-01,1.21409615e-02,1.38228819e+02,1.18981422e+01
1.41800000e+00,-1.62798216e-02,2.99118865e-01,1.56613507e-02,2.35756404e-01,2.49285400e+00,0.00000000e+00,1.40983369e-01,1.21298602e-02,1.38163701e+02,1.18872630e+01
1.42000000e+00,-1.56880837e-02,2.92585203e-01,1.61335431e-02,2.36383751e-01,2.49285400e+00,0.00000000e+00,1.40955692e-01,1.21384087e-02,1.38136578e+02,1.18956405e+01
1.42200000e+00,-1.51095825e-02,2.85898966e-01,1.66063821e-02,2.36255721e-01,2.49285400e+00,0.00000000e+00,1.39798997e-01,1.12197793e-02,1.37003017e+02,1.09953837e+01
1.42400000e+00,-1.45445593e-02,2.79105522e-01,1.70782349e-02,2.35631005e-01,2.49285400e+00,0.00000000e+00,1.38820715e-01,1.17702090e-02,1.36044301e+02,1.15348048e+01
1.42600000e+00,-1.39932751e-02,2.72139988e-01,1.75489616e-02,2.35089557e-01,2.49285400e+00,0.00000000e+00,1.39291755e-01,1.20672417e-02,1.36505920e+02,1.18258968e+01
1.42800000e+00,-1.34561227e-02,2.64989336e-01,1.80184375e-02,2.34314720e-01,2.49285400e+00,0.00000000e+00,1.38732401e-01,1.19512939e-02,1.35957753e+02,1.17122680e+01
1.43000000e+00,-1.29334114e-02,2.57698251e-01,1.84859483e-02,2.33131625e-01,2.49285400e+00,0.00000000e+00,1.38276619e-01,1.18786364e-02,1.35511086e+02,1.16410637e+01
1.43200000e+00,-1.24254289e-02,2.50258355e-01,1.89507409e-02,2.31613899e-01,2.49285400e+00,0.00000000e+00,1.38032673e-01,1.19134917e-02,1.35272019e+02,1.16752219e+01
1.43400000e+00,-1.19324786e-02,2.42667625e-01,1.94122068e-02,2.29800620e-01,2.49285400e+00,0.00000000e+00,1.37746218e-01,1.19182287e-02,1.34991293e+02,1.16798641e+01
1.43600000e+00,-1.14548531e-02,2.34934992e-01,1.98697380e-02,2.27679380e-01,2.49285400e+00,0.00000000e+00,1.37418137e-01,1.19215390e-02,1.34669774e+02,1.16831082e+01
1.43800000e+00,-1.09928279e-02,2.27068465e-01,2.03227147e-02,2.25243708e-01,2.49285400e+00,0.00000000e+00,1.37071304e-01,1.19063189e-02,1.34329878e+02,1.16681925e+01
1.44000000e+00,-1.05466644e-02,2.19074063e-01,2.07705059e-02,2.22497608e-01,2.49285400e+00,0.00000000e+00,1.36731545e-01,1.19107523e-02,1.33996914e+02,1.16725373e+01
1.44200000e+00,-1.01167369e-02,2.10771757e-01,2.12128074e-02,2.19904792e-01,2.49285400e+00,0.00000000e+00,1.40723042e-01,1.28610206e-02,1.37908582e+02,1.26038002e+01
1.44400000e+00,-9.70358709e-03,2.02454939e-01,2.16497049e-02,2.16681860e-01,2.49285400e+00,0.00000000e+00,1.33663731e-01,1.12134667e-02,1.30990457e+02,1.09891974e+01
1.44600000e+00,-9.30683532e-03,1.94260865e-01,2.20790136e-02,2.12677115e-01,2.49285400e+00,0.00000000e+00,1.34582739e-01,1.18349473e-02,1.31891085e+02,1.15982484e+01
1.44800000e+00,-8.92664686e-03,1.85911959e-01,2.25004409e-02,2.08713757e-01,2.49285400e+00,0.00000000e+00,1.34144181e-01,1.19039797e-02,1.31461297e+02,1.16659001e+01
1.45000000e+00,-8.56323224e-03,1.77495922e-01,2.29136276e-02,2.04389029e-01,2.49285400e+00,0.00000000e+00,1.33150425e-01,1.16684277e-02,1.30487417e+02,1.14350592e+01
1.45200000e+00,-8.21670225e-03,1.69021270e-01,2.33177502e-02,1.99693974e-01,2.49285400e+00,0.00000000e+00,1.32650508e-01,1.17058817e-02,1.29997498e+02,1.14717640e+01
1.45400000e+00,-7.88719459e-03,1.60475474e-01,2.37122390e-02,1.94752077e-01,2.49285400e+00,0.00000000e+00,1.32088164e-01,1.17158600e-02,1.29446400e+02,1.14815428e+01
1.45600000e+00,-7.57484164e-03,1.51867749e-01,2.40965877e-02,1.89554058e-01,2.49285400e+00,0.00000000e+00,1.31512719e-01,1.17194575e-02,1.28882465e+02,1.14850683e+01
1.45800000e+00,-7.27976020e-03,1.43205115e-01,2.44702881e-02,1.84105359e-01,2.49285400e+00,0.00000000e+00,1.30927098e-01,1.17257447e-02,1.28308556e+02,1.14912298e+01
1.46000000e+00,-7.00205279e-03,1.34495068e-01,2.48328437e-02,1.78408553e-01,2.49285400e+00,0.00000000e+00,1.30318107e-01,1.17189262e-02,1.27711745e+02,1.14845477e+01
1.46200000e+00,-6.74211950e-03,1.25275704e-01,2.51848363e-02,1.74082589e-01,2.49285400e+00,0.00000000e+00,1.40669618e-01,1.51079604e-02,1.37856226e+02,1.48058012e+01
1.46400000e+00,-6.50089866e-03,1.16133300e-01,2.55286934e-02,1.69035938e-01,2.49285400e+00,0.00000000e+00,1.26512499e-01,1.06991860e-02,1.23982249e+02,1.04852023e+01
1.46600000e+00,-6.27727758e-03,1.07453964e-01,2.58597303e-02,1.62114787e-01,2.49285400e+00,0.00000000e+00,1.27988199e-01,1.16491626e-02,1.25428435e+02,1.14161793e+01
1.46800000e+00,-6.07116391e-03,9.86529652e-02,2.61773836e-02,1.55540096e-01,2.49285400e+00,0.00000000e+00,1.27636991e-01,1.18828828e-02,1.25084251e+02,1.16452251e+01
1.47000000e+00,-5.88265971e-03,8.98609736e-02,2.64817064e-02,1.48689062e-01,2.49285400e+00,0.00000000e+00,1.26202979e-01,1.15066219e-02,1.23678920e+02,1.12764895e+01
1.47200000e+00,-5.71169980e-03,8.10993038e-02,2.67719026e-02,1.41482219e-01,2.49285400e+00,0.00000000e+00,1.25497097e-01,1.15535353e-02,1.22987155e+02,1.13224646e+01
1.47400000e+00,-5.55825676e-03,7.23462365e-02,2.70475233e-02,1.34107392e-01,2.49285400e+00,0.00000000e+00,1.24713628e-01,1.15507654e-02,1.22219355e+02,1.13197501e+01
1.47600000e+00,-5.42230502e-03,6.36079206e-02,2.73082202e-02,1.26564567e-01,2.49285400e+00,0.00000000e+00,1.24006911e-01,1.15764015e-02,1.21526773e+02,1.13448735e+01
1.47800000e+00,-5.30381161e-03,5.48898070e-02,2.75536811e-02,1.18871042e-01,2.49285400e+00,0.00000000e+00,1.23238657e-01,1.15882317e-02,1.20773884e+02,1.13564671e+01
1.48000000e+00,-5.20272578e-03,4.62017158e-02,2.77836017e-02,1.11023595e-01,2.49285400e+00,0.00000000e+00,1.22444693e-01,1.15849699e-02,1.19995799e+02,1.13532705e+01
1.48200000e+00,-5.11946829e-03,3.68183618e-02,2.79995241e-02,1.05798641e-01,2.49285400e+00,0.00000000e+00,1.38768119e-01,1.74038099e-02,1.35992756e+02,1.70557337e+01
1.48400000e+00,-5.05534663e-03,2.75935191e-02,2.82062915e-02,9.98168351e-02,2.49285400e+00,0.00000000e+00,1.18178429e-01,1.02936901e-02,1.15814861e+02,1.00878163e+01
1.48600000e+00,-5.00857955e-03,1.91406437e-02,2.83968453e-02,9.09159402e-02,2.49285400e+00,0.00000000e+00,1.20313149e-01,1.15525631e-02,1.17906886e+02,1.13215119e+01
1.48800000e+00,-4.97884614e-03,1.05946492e-02,2.85703929e-02,8.26714199e-02,2.49285400e+00,0.00000000e+00,1.20076765e-01,1.19227279e-02,1.17675229e+02,1.16842733e+01
1.49000000e+00,-4.96614852e-03,2.12729343e-03,2.87274229e-02,7.42648898e-02,2.49285400e+00,0.00000000e+00,1.18337258e-01,1.14402259e-02,1.15970513e+02,1.12114214e+01
1.49200000e+00,-4.97026361e-03,-6.23003443e-03,2.88672465e-02,6.55495596e-02,2.49285400e+00,0.00000000e+00,1.17505134e-01,1.14778576e-02,1.15155031e+02,1.12483005e+01
1.49400000e+00,-4.99101620e-03,-1.45086851e-02,2.89895824e-02,5.67761944e-02,2.49285400e+00,0.00000000e+00,1.16634343e-01,1.14967528e-02,1.14301656e+02,1.12668178e+01
1.49600000e+00,-5.02824465e-03,-2.27067881e-02,2.90943303e-02,4.79712446e-02,2.49285400e+00,0.00000000e+00,1.15893340e-01,1.15647948e-02,1.13575473e+02,1.13334990e+01
1.49800000e+00,-5.08178674e-03,-3.08199762e-02,2.91814537e-02,3.91457255e-02,2.49285400e+00,0.00000000e+00,1.15054007e-01,1.15816394e-02,1.12752926e+02,1.13500066e+01
1.50000000e+00,-5.15146036e-03,-3.88368764e-02,2.92508868e-02,3.02807558e-02,2.49285400e+00,0.00000000e+00,1.14179321e-01,1.15847941e-02,1.11895734e+02,1.13530982e+01
1.50200000e+00,-5.23768456e-03,-4.76791872e-02,2.93050184e-02,2.50777529e-02,2.49285400e+00,0.00000000e+00,1.35010637e-01,1.93480679e-02,1.32310424e+02,1.89611065e+01
1.50400000e+00,-5.34202919e-03,-5.62996666e-02,2.93506950e-02,1.91208643e-02,2.49285400e+00,0.00000000e+00,1.09810820e-01,1.00694678e-02,1.07614604e+02,9.86807843e+00
1.50600000e+00,-5.46221814e-03,-6.39225618e-02,2.93790312e-02,9.45818083e-03,2.49285400e+00,0.00000000e+00,1.12649898e-01,1.16141222e-02,1.10396900e+02,1.13818397e+01
1.50800000e+00,-5.59776420e-03,-7.16126000e-02,2.93891511e-02,7.30553875e-04,2.49285400e+00,0.00000000e+00,1.12454841e-01,1.20502003e-02,1.10205744e+02,1.18091962e+01
1.51000000e+00,-5.74857382e-03,-7.91605670e-02,2.93819126e-02,-8.05821583e-03,2.49285400e+00,0.00000000e+00,1.10530212e-01,1.14789936e-02,1.08319608e+02,1.12494137e+01
1.51200000e+00,-5.91429090e-03,-8.65351895e-02,2.93567618e-02,-1.70816778e-02,2.49285400e+00,0.00000000e+00,1.09726844e-01,1.15253386e-02,1.07532307e+02,1.12948318e+01
1.51400000e+00,-6.09462286e-03,-9.37722321e-02,2.93136157e-02,-2.60604752e-02,2.49285400e+00,0.00000000e+00,1.08757794e-01,1.15147739e-02,1.06582638e+02,1.12844784e+01
1.51600000e+00,-6.28928681e-03,-1.00869757e-01,2.92525657e-02,-3.49706175e-02,2.49285400e+00,0.00000000e+00,1.08026728e-01,1.15858758e-02,1.05866194e+02,1.13541583e+01
1.51800000e+00,-6.49800917e-03,-1.07828220e-01,2.91738008e-02,-4.37794166e-02,2.49285400e+00,0.00000000e+00,1.07183614e-01,1.16185736e-02,1.05039942e+02,1.13862021e+01
1.52000000e+00,-6.72049977e-03,-1.14636799e-01,2.90775051e-02,-5.25025635e-02,2.49285400e+00,0.00000000e+00,1.06312723e-01,1.16316607e-02,1.04186468e+02,1.13990275e+01
1.52200000e+00,-6.95719361e-03,-1.22401165e-01,2.89669061e-02,-5.65530487e-02,2.49285400e+00,0.00000000e+00,1.31419706e-01,2.12707817e-02,1.28791312e+02,2.08453661e+01
1.52400000e+00,-7.20993143e-03,-1.29906093e-01,2.88508343e-02,-6.12909513e-02,2.49285400e+00,0.00000000e+00,1.02281150e-01,1.00241647e-02,1.00235527e+02,9.82368137e+00
1.52600000e+00,-7.47602433e-03,-1.36220600e-01,2.87187797e-02,-7.04725055e-02,2.49285400e+00,0.00000000e+00,1.05749240e-01,1.17587673e-02,1.03634256e+02,1.15235919e+01
1.52800000e+00,-7.75484370e-03,-1.42579911e-01,2.85697120e-02,-7.85026179e-02,2.49285400e+00,0.00000000e+00,1.05578179e-01,1.22314044e-02,1.03466615e+02,1.19867763e+01
1.53000000e+00,-8.04621733e-03,-1.48749265e-01,2.84048018e-02,-8.64839100e-02,2.49285400e+00,0.00000000e+00,1.03663622e-01,1.16288814e-02,1.01590350e+02,1.13963037e+01
1.53200000e+00,-8.34969606e-03,-1.54701575e-01,2.82236820e-02,-9.46067775e-02,2.49285400e+00,0.00000000e+00,1.02959423e-01,1.16788224e-02,1.00900234e+02,1.14452460e+01
1.53400000e+00,-8.66490473e-03,-1.60475545e-01,2.80264698e-02,-1.02586963e-01,2.49285400e+00,0.00000000e+00,1.02045699e-01,1.16499045e-02,1.00004785e+02,1.14169064e+01
1.53600000e+00,-8.99147744e-03,-1.66068321e-01,2.78134393e-02,-1.10409404e-01,2.49285400e+00,0.00000000e+00,1.01368385e-01,1.17088048e-02,9.93410175e+01,1.14746287e+01
1.53800000e+00,-9.32906141e-03,-1.71486192e-01,2.75849712e-02,-1.18023347e-01,2.49285400e+00,0.00000000e+00,1.00692167e-01,1.17642827e-02,9.86783235e+01,1.15289970e+01
1.54000000e+00,-9.67729790e-03,-1.76717620e-01,2.73414617e-02,-1.25463605e-01,2.49285400e+00,0.00000000e+00,9.98329719e-02,1.17285430e-02,9.78363124e+01,1.14939721e+01
1.54200000e+00,-1.00365435e-02,-1.82866425e-01,2.70863856e-02,-1.28001365e-01,2.49285400e+00,0.00000000e+00,1.25037734e-01,2.16919333e-02,1.22536979e+02,2.12580946e+01
1.54400000e+00,-1.04085895e-02,-1.88754065e-01,2.68291084e-02,-1.31060434e-01,2.49285400e+00,0.00000000e+00,9.67415718e-02,1.02672978e-02,9.48067404e+01,1.00619518e+01
1.54600000e+00,-1.07907687e-02,-1.93455191e-01,2.65591808e-02,-1.38563823e-01,2.49285400e+00,0.00000000e+00,1.00412837e-01,1.19808715e-02,9.84045800e+01,1.17412540e+01
1.54800000e+00,-1.11824195e-02,-1.98170236e-01,2.62756523e-02,-1.44868477e-01,2.49285400e+00,0.00000000e+00,1.00244607e-01,1.23810177e-02,9.82397146e+01,1.21333973e+01
1.55000000e+00,-1.15833031e-02,-2.02665356e-01,2.59797777e-02,-1.51067010e-01,2.49285400e+00,0.00000000e+00,9.85277537e-02,1.17834473e-02,9.65571986e+01,1.15477784e+01
1.55200000e+00,-1.19929248e-02,-2.06926350e-01,2.56713635e-02,-1.57296727e-01,2.49285400e+00,0.00000000e+00,9.81000479e-02,1.18775338e-02,9.61380469e+01,1.16399831e+01
1.55400000e+00,-1.24108746e-02,-2.10986511e-01,2.53507419e-02,-1.63299782e-01,2.49285400e+00,0.00000000e+00,9.72299148e-02,1.18036404e-02,9.52853165e+01,1.15675676e+01
1.55600000e+00,-1.28367353e-02,-2.14843371e-01,2.50183204e-02,-1.69068897e-01,2.49285400e+00,0.00000000e+00,9.68099938e-02,1.18960631e-02,9.48737939e+01,1.16581419e+01
1.55800000e+00,-1.32701200e-02,-2.18508167e-01,2.46746621e-02,-1.74544358e-01,2.49285400e+00,0.00000000e+00,9.62646386e-02,1.19313338e-02,9.43393458e+01,1.16927071e+01
1.56000000e+00,-1.37106328e-02,-2.21970221e-01,2.43203141e-02,-1.79763164e-01,2.49285400e+00,0.00000000e+00,9.56541924e-02,1.19307167e-02,9.37411086e+01,1.16921024e+01
1.56200000e+00,-1.41585409e-02,-2.26242254e-01,2.39587410e-02,-1.80285411e-01,2.49285400e+00,0.00000000e+00,1.18831895e-01,2.12737199e-02,1.16455257e+02,2.08482455e+01
1.56400000e+00,-1.46154338e-02,-2.30262312e-01,2.35989065e-02,-1.81206076e-01,2.49285400e+00,0.00000000e+00,9.34779604e-02,1.05800866e-02,9.16084012e+01,1.03684849e+01
1.56600000e+00,-1.50788595e-02,-2.33186385e-01,2.32311803e-02,-1.86231019e-01,2.49285400e+00,0.00000000e+00,9.69928497e-02,1.21356821e-02,9.50529927e+01,1.18929685e+01
1.56800000e+00,-1.55481776e-02,-2.36107817e-01,2.28547935e-02,-1.90039535e-01,2.49285400e+00,0.00000000e+00,9.72354129e-02,1.25972738e-02,9.52907046e+01,1.23453284e+01
1.57000000e+00,-1.60231462e-02,-2.38812526e-01,2.24711618e-02,-1.93638649e-01,2.49285400e+00,0.00000000e+00,9.57946431e-02,1.20286231e-02,9.38787503e+01,1.17880506e+01
1.57200000e+00,-1.65032693e-02,-2.41279689e-01,2.20802623e-02,-1.97202700e-01,2.49285400e+00,0.00000000e+00,9.55937642e-02,1.21139202e-02,9.36818889e+01,1.18716418e+01
1.57400000e+00,-1.69881289e-02,-2.43542684e-01,2.16825334e-02,-2.00493137e-01,2.49285400e+00,0.00000000e+00,9.49724579e-02,1.20361126e-02,9.30730087e+01,1.17953903e+01
1.57600000e+00,-1.74773009e-02,-2.45596933e-01,2.12784595e-02,-2.03528936e-01,2.49285400e+00,0.00000000e+00,9.47006219e-02,1.20724177e-02,9.28066095e+01,1.18309694e+01
1.57800000e+00,-1.79703837e-02,-2.47451819e-01,2.08686183e-02,-2.06263755e-01,2.49285400e+00,0.00000000e+00,9.43313282e-02,1.20835183e-02,9.24447017e+01,1.18418479e+01
1.58000000e+00,-1.84669745e-02,-2.49106203e-01,2.04536056e-02,-2.08696869e-01,2.49285400e+00,0.00000000e+00,9.40623603e-02,1.21138361e-02,9.21811131e+01,1.18715593e+01
1.58200000e+00,-1.89671920e-02,-2.51335827e-01,2.00364724e-02,-2.07168259e-01,2.49285400e+00,0.00000000e+00,1.11848379e-01,1.98031712e-02,1.09611411e+02,1.94071078e+01
1.58400000e+00,-1.94721779e-02,-2.53355569e-01,1.96247947e-02,-2.05846229e-01,2.49285400e+00,0.00000000e+00,9.32708397e-02,1.10910277e-02,9.14054230e+01,1.08692071e+01
1.58600000e+00,-1.99800472e-02,-2.54524714e-01,1.92108834e-02,-2.07830159e-01,2.49285400e+00,0.00000000e+00,9.61133597e-02,1.22735625e-02,9.41910925e+01,1.20280913e+01
1.58800000e+00,-2.04902586e-02,-2.55666594e-01,1.87941894e-02,-2.08741135e-01,2.49285400e+00,0.00000000e+00,9.67939553e-02,1.27483020e-02,9.48580762e+01,1.24933360e+01
1.59000000e+00,-2.10025848e-02,-2.56615340e-01,1.83761068e-02,-2.09370153e-01,2.49285400e+00,0.00000000e+00,9.57785305e-02,1.22683782e-02,9.38629599e+01,1.20230107e+01
1.59200000e+00,-2.15165716e-02,-2.57341608e-01,1.79567538e-02,-2.09931658e-01,2.49285400e+00,0.00000000e+00,9.57879695e-02,1.22911872e-02,9.38722101e+01,1.20453635e+01
1.59400000e+00,-2.20318262e-02,-2.57880251e-01,1.75365698e-02,-2.10208787e-01,2.49285400e+00,0.00000000e+00,9.55980652e-02,1.22651499e-02,9.36861039e+01,1.20198469e+01
1.59600000e+00,-2.25479671e-02,-2.58230690e-01,1.71161114e-02,-2.10196898e-01,2.49285400e+00,0.00000000e+00,9.56019710e-02,1.22971987e-02,9.36899316e+01,1.20512547e+01
1.59800000e+00,-2.30646293e-02,-2.58401695e-01,1.66959941e-02,-2.09867154e-01,2.49285400e+00,0.00000000e+00,9.56220055e-02,1.23320481e-02,9.37095654e+01,1.20854072e+01
1.60000000e+00,-2.35814553e-02,-2.58394892e-01,1.62768508e-02,-2.09225375e-01,2.49285400e+00,0.00000000e+00,9.56659780e-02,1.23531438e-02,9.37526585e+01,1.21060810e+01
1.60200000e+00,-2.40984575e-02,-2.58761006e-01,1.58611106e-02,-2.05557063e-01,2.49285400e+00,0.00000000e+00,1.08555632e-01,1.80897234e-02,1.06384519e+02,1.77279289e+01
1.60400000e+00,-2.46163893e-02,-2.58961965e-01,1.54545832e-02,-2.01947577e-01,2.49285400e+00,0.00000000e+00,9.60330779e-02,1.16470417e-02,9.41124163e+01,1.14141009e+01
1.60600000e+00,-2.51338834e-02,-2.58530079e-01,1.50516935e-02,-2.00778169e-01,2.49285400e+00,0.00000000e+00,9.79939327e-02,1.23920309e-02,9.60340540e+01,1.21441903e+01
1.60800000e+00,-2.56504752e-02,-2.58046658e-01,1.46520315e-02,-1.98767269e-01,2.49285400e+00,0.00000000e+00,9.90478093e-02,1.28416140e-02,9.70668531e+01,1.25847817e+01
1.61000000e+00,-2.61659661e-02,-2.57407285e-01,1.42568332e-02,-1.96443283e-01,2.49285400e+00,0.00000000e+00,9.85603192e-02,1.24836777e-02,9.65891128e+01,1.22340041e+01
1.61200000e+00,-2.66799753e-02,-2.56574303e-01,1.38663101e-02,-1.94041715e-01,2.49285400e+00,0.00000000e+00,9.87229624e-02,1.24456037e-02,9.67485031e+01,1.21966917e+01
1.61400000e+00,-2.71921565e-02,-2.55581134e-01,1.34808400e-02,-1.91379657e-01,2.49285400e+00,0.00000000e+00,9.90021843e-02,1.24787074e-02,9.70221406e+01,1.22291333e+01
1.61600000e+00,-2.77022017e-02,-2.54440860e-01,1.31009952e-02,-1.88412104e-01,2.49285400e+00,0.00000000e+00,9.94536823e-02,1.25430137e-02,9.74646086e+01,1.22921535e+01
1.61800000e+00,-2.82098204e-02,-2.53151239e-01,1.27273743e-02,-1.85170549e-01,2.49285400e+00,0.00000000e+00,9.96613481e-02,1.25187864e-02,9.76681212e+01,1.22684106e+01
1.62000000e+00,-2.87147024e-02,-2.51705233e-01,1.23604726e-02,-1.81689555e-01,2.49285400e+00,0.00000000e+00,9.99266712e-02,1.25200467e-02,9.79281378e+01,1.22696458e+01
1.62200000e+00,-2.92167497e-02,-2.50421796e-01,1.20018875e-02,-1.76301691e-01,2.49285400e+00,0.00000000e+00,1.07564035e-01,1.60070881e-02,1.05412754e+02,1.56869464e+01
1.62400000e+00,-2.97163184e-02,-2.49031497e-01,1.16553128e-02,-1.70843275e-01,2.49285400e+00,0.00000000e+00,1.01512937e-01,1.21705679e-02,9.94826781e+01,1.19271565e+01
1.62600000e+00,-3.02126190e-02,-2.47256213e-01,1.13175493e-02,-1.66832480e-01,2.49285400e+00,0.00000000e+00,1.02626552e-01,1.24844112e-02,1.00574021e+02,1.22347230e+01
1.62800000e+00,-3.07052979e-02,-2.45413028e-01,1.09883580e-02,-1.62259170e-01,2.49285400e+00,0.00000000e+00,1.03955651e-01,1.28791852e-02,1.01876538e+02,1.26216015e+01
1.63000000e+00,-3.11941971e-02,-2.43458851e-01,1.06687129e-02,-1.57385415e-01,2.49285400e+00,0.00000000e+00,1.04031819e-01,1.26564245e-02,1.01951182e+02,1.24032960e+01
1.63200000e+00,-3.16790365e-02,-2.41359437e-01,1.03588796e-02,-1.52416758e-01,2.49285400e+00,0.00000000e+00,1.04528210e-01,1.26337479e-02,1.02437646e+02,1.23810729e+01
1.63400000e+00,-3.21595517e-02,-2.39135311e-01,1.00591723e-02,-1.47258403e-01,2.49285400e+00,0.00000000e+00,1.05049201e-01,1.26243547e-02,1.02948217e+02,1.23718676e+01
1.63600000e+00,-3.26354980e-02,-2.36791628e-01,9.76997624e-03,-1.41904653e-01,2.49285400e+00,0.00000000e+00,1.05629256e-01,1.26285750e-02,1.03516671e+02,1.23760035e+01
1.63800000e+00,-3.31066432e-02,-2.34335345e-01,9.49169142e-03,-1.36344388e-01,2.49285400e+00,0.00000000e+00,1.06274061e-01,1.26580239e-02,1.04148580e+02,1.24048634e+01
1.64000000e+00,-3.35727665e-02,-2.31769733e-01,9.22473815e-03,-1.30574957e-01,2.49285400e+00,0.00000000e+00,1.06890014e-01,1.26839126e-02,1.04752214e+02,1.24302343e+01
1.64200000e+00,-3.40337495e-02,-2.29245248e-01,8.97008009e-03,-1.23772924e-01,2.49285400e+00,0.00000000e+00,1.11008639e-01,1.44590110e-02,1.08788466e+02,1.41698307e+01
1.64400000e+00,-3.44897043e-02,-2.26656001e-01,8.72973436e-03,-1.16838974e-01,2.49285400e+00,0.00000000e+00,1.09109126e-01,1.26145163e-02,1.06926944e+02,1.23622260e+01
1.64600000e+00,-3.49402348e-02,-2.23858689e-01,8.50225005e-03,-1.10616196e-01,2.49285400e+00,0.00000000e+00,1.09835880e-01,1.26387522e-02,1.07639163e+02,1.23859772e+01
1.64800000e+00,-3.53850965e-02,-2.20997514e-01,8.28746905e-03,-1.04094247e-01,2.49285400e+00,0.00000000e+00,1.11260002e-01,1.29330163e-02,1.09034802e+02,1.26743559e+01
1.65000000e+00,-3.58241792e-02,-2.18067893e-01,8.08602628e-03,-9.73424880e-02,2.49285400e+00,0.00000000e+00,1.11832713e-01,1.28305930e-02,1.09596059e+02,1.25739811e+01
1.65200000e+00,-3.62573035e-02,-2.15041417e-01,7.89814248e-03,-9.05256786e-02,2.49285400e+00,0.00000000e+00,1.12544732e-01,1.27983766e-02,1.10293838e+02,1.25424091e+01
1.65400000e+00,-3.66842877e-02,-2.11929146e-01,7.72399015e-03,-8.36090036e-02,2.49285400e+00,0.00000000e+00,1.13326176e-01,1.27886058e-02,1.11059652e+02,1.25328337e+01
1.65600000e+00,-3.71049703e-02,-2.08742199e-01,7.56378764e-03,-7.65705678e-02,2.49285400e+00,0.00000000e+00,1.14246834e-01,1.28222286e-02,1.11961898e+02,1.25657841e+01
1.65800000e+00,-3.75192072e-02,-2.05481282e-01,7.41778252e-03,-6.94201828e-02,2.49285400e+00,0.00000000e+00,1.14992483e-01,1.28120958e-02,1.12692634e+02,1.25558539e+01
1.66000000e+00,-3.79268424e-02,-2.02140745e-01,7.28616413e-03,-6.21839857e-02,2.49285400e+00,0.00000000e+00,1.15727546e-01,1.28113746e-02,1.13412995e+02,1.25551471e+01
1.66200000e+00,-3.83277420e-02,-1.98758015e-01,7.16922901e-03,-5.46741857e-02,2.49285400e+00,0.00000000e+00,1.17292989e-01,1.32163045e-02,1.14947129e+02,1.29519784e+01
1.66400000e+00,-3.87218503e-02,-1.95339114e-01,7.06754111e-03,-4.70537969e-02,2.49285400e+00,0.00000000e+00,1.18113470e-01,1.28951057e-02,1.15751201e+02,1.26372036e+01
1.66600000e+00,-3.91090515e-02,-1.91849702e-01,6.98093578e-03,-3.95504583e-02,2.49285400e+00,0.00000000e+00,1.18820328e-01,1.28438316e-02,1.16443921e+02,1.25869550e+01
1.66800000e+00,-3.94892120e-02,-1.88304629e-01,6.90937016e-03,-3.20007993e-02,2.49285400e+00,0.00000000e+00,1.19930615e-01,1.28870203e-02,1.17532002e+02,1.26292799e+01
1.67000000e+00,-3.98622426e-02,-1.84718486e-01,6.85297707e-03,-2.43844161e-02,2.49285400e+00,0.00000000e+00,1.20920383e-01,1.29002186e-02,1.18501976e+02,1.26422142e+01
1.67200000e+00,-4.02280526e-02,-1.81082335e-01,6.81185421e-03,-1.67354657e-02,2.49285400e+00,0.00000000e+00,1.21763088e-01,1.28935114e-02,1.19327826e+02,1.26356411e+01
1.67400000e+00,-4.05865390e-02,-1.77396676e-01,6.78604151e-03,-9.07706704e-03,2.49285400e+00,0.00000000e+00,1.22704935e-01,1.28800492e-02,1.20250836e+02,1.26224482e+01
1.67600000e+00,-4.09376110e-02,-1.73668532e-01,6.77555281e-03,-1.40837442e-03,2.49285400e+00,0.00000000e+00,1.23651408e-01,1.28970058e-02,1.21178380e+02,1.26390657e+01
1.67800000e+00,-4.12811866e-02,-1.69900663e-01,6.78040914e-03,6.26201026e-03,2.49285400e+00,0.00000000e+00,1.24596726e-01,1.28874066e-02,1.22104792e+02,1.26296585e+01
1.68000000e+00,-4.16171905e-02,-1.66098135e-01,6.80059439e-03,1.39227134e-02,2.49285400e+00,0.00000000e+00,1.25599896e-01,1.29023933e-02,1.23087898e+02,1.26443454e+01
1.68200000e+00,-4.19455374e-02,-1.62233004e-01,6.83593532e-03,2.13364419e-02,2.49285400e+00,0.00000000e+00,1.25829958e-01,1.24164340e-02,1.23313359e+02,1.21681053e+01
1.68400000e+00,-4.22661097e-02,-1.58348652e-01,6.88597564e-03,2.88033551e-02,2.49285400e+00,0.00000000e+00,1.27783557e-01,1.30825072e-02,1.25227886e+02,1.28208571e+01
1.68600000e+00,-4.25789366e-02,-1.54471154e-01,6.95128974e-03,3.64817607e-02,2.49285400e+00,0.00000000e+00,1.28559618e-01,1.29505169e-02,1.25988426e+02,1.26915065e+01
1.68800000e+00,-4.28839657e-02,-1.50550638e-01,7.03178707e-03,4.39867730e-02,2.49285400e+00,0.00000000e+00,1.29284348e-01,1.28304756e-02,1.26698661e+02,1.25738661e+01
1.69000000e+00,-4.31811226e-02,-1.46605345e-01,7.12718976e-03,5.14211822e-02,2.49285400e+00,0.00000000e+00,1.30422504e-01,1.29355780e-02,1.27814054e+02,1.26768665e+01
1.69200000e+00,-4.34703804e-02,-1.42650021e-01,7.23745733e-03,5.88338944e-02,2.49285400e+00,0.00000000e+00,1.31427367e-01,1.29394280e-02,1.28798820e+02,1.26806395e+01
1.69400000e+00,-4.37517137e-02,-1.38681239e-01,7.36247079e-03,6.61647962e-02,2.49285400e+00,0.00000000e+00,1.32420827e-01,1.29394504e-02,1.29772411e+02,1.26806614e+01
1.69600000e+00,-4.40250991e-02,-1.34703177e-01,7.50205767e-03,7.34074374e-02,2.49285400e+00,0.00000000e+00,1.33458463e-01,1.29506163e-02,1.30789294e+02,1.26916040e+01
1.69800000e+00,-4.42905220e-02,-1.30718534e-01,7.65603604e-03,8.05533431e-02,2.49285400e+00,0.00000000e+00,1.34450020e-01,1.29534479e-02,1.31761019e+02,1.26943790e+01
1.70000000e+00,-4.45479718e-02,-1.26731749e-01,7.82419764e-03,8.75891500e-02,2.49285400e+00,0.00000000e+00,1.35526329e-01,1.29568700e-02,1.32815802e+02,1.26977326e+01
1.70200000e+00,-4.47973459e-02,-1.22590206e-01,8.00576733e-03,9.36871240e-02,2.49285400e+00,0.00000000e+00,1.32886112e-01,1.12417118e-02,1.30228389e+02,1.10168776e+01
1.70400000e+00,-4.50383268e-02,-1.18439865e-01,8.19896399e-03,9.98118170e-02,2.49285400e+00,0.00000000e+00,1.37305108e-01,1.32865720e-02,1.34559006e+02,1.30208406e+01
1.70600000e+00,-4.52711876e-02,-1.14412885e-01,8.40545888e-03,1.06602905e-01,2.49285400e+00,0.00000000e+00,1.37686005e-01,1.29326633e-02,1.34932285e+02,1.26740100e+01
1.70800000e+00,-4.54959464e-02,-1.10338038e-01,8.62508470e-03,1.12957669e-01,2.49285400e+00,0.00000000e+00,1.38037969e-01,1.26818594e-02,1.35277210e+02,1.24282222e+01
1.71000000e+00,-4.57125364e-02,-1.06258266e-01,8.85719177e-03,1.19165766e-01,2.49285400e+00,0.00000000e+00,1.39355679e-01,1.29538622e-02,1.36568565e+02,1.26947850e+01
1.71200000e+00,-4.59209947e-02,-1.02201241e-01,9.10171379e-03,1.25322918e-01,2.49285400e+00,0.00000000e+00,1.40287767e-01,1.29217174e-02,1.37482012e+02,1.26632831e+01
1.71400000e+00,-4.61213500e-02,-9.81570943e-02,9.35835867e-03,1.31292925e-01,2.49285400e+00,0.00000000e+00,1.41308682e-01,1.29252306e-02,1.38482509e+02,1.26667260e+01
1.71600000e+00,-4.63136326e-02,-9.41272948e-02,9.62675986e-03,1.37074505e-01,2.49285400e+00,0.00000000e+00,1.42209133e-01,1.29072648e-02,1.39364950e+02,1.26491195e+01
1.71800000e+00,-4.64978682e-02,-9.01110802e-02,9.90652858e-03,1.42663949e-01,2.49285400e+00,0.00000000e+00,1.43146495e-01,1.29193134e-02,1.40283566e+02,1.26609272e+01
1.72000000e+00,-4.66740918e-02,-8.61171384e-02,1.01972944e-02,1.48071606e-01,2.49285400e+00,0.00000000e+00,1.44184467e-01,1.29388556e-02,1.41300778e+02,1.26800785e+01
1.72200000e+00,-4.68421458e-02,-8.18367740e-02,1.04977005e-02,1.51807806e-01,2.49285400e+00,0.00000000e+00,1.37842494e-01,9.83833292e-03,1.35085644e+02,9.64156627e+00
1.72400000e+00,-4.70014509e-02,-7.75745082e-02,1.08045919e-02,1.55643163e-01,2.49285400e+00,0.00000000e+00,1.45925661e-01,1.35840654e-02,1.43007148e+02,1.33123840e+01
1.72600000e+00,-4.71526114e-02,-7.35635523e-02,1.11210547e-02,1.60650769e-01,2.49285400e+00,0.00000000e+00,1.44965184e-01,1.27488625e-02,1.42065880e+02,1.24938852e+01
1.72800000e+00,-4.72956518e-02,-6.94726076e-02,1.14466816e-02,1.64888437e-01,2.49285400e+00,0.00000000e+00,1.45240893e-01,1.24313781e-02,1.42336075e+02,1.21827505e+01
1.73000000e+00,-4.74305202e-02,-6.54092162e-02,1.17804965e-02,1.68958236e-01,2.49285400e+00,0.00000000e+00,1.46726635e-01,1.28717374e-02,1.43792102e+02,1.26143027e+01
1.73200000e+00,-4.75573228e-02,-6.13970249e-02,1.21224774e-02,1.72972395e-01,2.49285400e+00,0.00000000e+00,1.47488821e-01,1.28014756e-02,1.44539044e+02,1.25454461e+01
1.73400000e+00,-4.76761249e-02,-5.74097852e-02,1.24722155e-02,1.76730614e-01,2.49285400e+00,0.00000000e+00,1.48295794e-01,1.28325948e-02,1.45329878e+02,1.25759429e+01
1.73600000e+00,-4.77869794e-02,-5.34487086e-02,1.28292404e-02,1.80249589e-01,2.49285400e+00,0.00000000e+00,1.49021302e-01,1.28078847e-02,1.46040876e+02,1.25517270e+01
1.73800000e+00,-4.78899376e-02,-4.95143820e-02,1.31930402e-02,1.83508126e-01,2.49285400e+00,0.00000000e+00,1.49777422e-01,1.28043023e-02,1.46781874e+02,1.25482162e+01
1.74000000e+00,-4.79850641e-02,-4.56207413e-02,1.35631261e-02,1.86546503e-01,2.49285400e+00,0.00000000e+00,1.50764495e-01,1.28732084e-02,1.47749205e+02,1.26157442e+01
1.74200000e+00,-4.80721593e-02,-4.13352083e-02,1.39377762e-02,1.87410127e-01,2.49285400e+00,0.00000000e+00,1.41347843e-01,8.77407240e-03,1.38520886e+02,8.59859096e+00
1.74400000e+00,-4.81504218e-02,-3.70750306e-02,1.43128557e-02,1.88407127e-01,2.49285400e+00,0.00000000e+00,1.52013850e-01,1.36888854e-02,1.48973573e+02,1.34151077e+01
1.74600000e+00,-4.82206965e-02,-3.31704863e-02,1.46924274e-02,1.90938193e-01,2.49285400e+00,0.00000000e+00,1.50247540e-01,1.25352002e-02,1.47242589e+02,1.22844962e+01
1.74800000e+00,-4.82830343e-02,-2.91618123e-02,1.50759444e-02,1.92473316e-01,2.49285400e+00,0.00000000e+00,1.50105838e-01,1.21456099e-02,1.47103721e+02,1.19026977e+01
1.75000000e+00,-4.83373713e-02,-2.51945178e-02,1.54622059e-02,1.93836316e-01,2.49285400e+00,0.00000000e+00,1.51674307e-01,1.27251811e-02,1.48640820e+02,1.24706775e+01
1.75200000e+00,-4.83838563e-02,-2.12931091e-02,1.58512627e-02,1.95158950e-01,2.49285400e+00,0.00000000e+00,1.52040818e-01,1.26161110e-02,1.49000002e+02,1.23637888e+01
1.75400000e+00,-4.84225632e-02,-1.74207921e-02,1.62426353e-02,1.96171903e-01,2.49285400e+00,0.00000000e+00,1.52685913e-01,1.26338327e-02,1.49632194e+02,1.23811560e+01
1.75600000e+00,-4.84535626e-02,-1.35830745e-02,1.66357768e-02,1.96924568e-01,2.49285400e+00,0.00000000e+00,1.53118052e-01,1.26310738e-02,1.50055691e+02,1.23784524e+01
1.75800000e+00,-4.84769212e-02,-9.78398625e-03,1.70301660e-02,1.97425921e-01,2.49285400e+00,0.00000000e+00,1.53794802e-01,1.26695197e-02,1.50718906e+02,1.24161293e+01
1.76000000e+00,-4.84927303e-02,-6.03254618e-03,1.74253164e-02,1.97681101e-01,2.49285400e+00,0.00000000e+00,1.54375860e-01,1.26787348e-02,1.51288343e+02,1.24251601e+01
1.76200000e+00,-4.85007504e-02,-1.82957910e-03,1.78192507e-02,1.95477072e-01,2.49285400e+00,0.00000000e+00,1.43325793e-01,8.07098129e-03,1.40459278e+02,7.90956166e+00
1.76400000e+00,-4.85000693e-02,2.34239780e-03,1.82073673e-02,1.93486755e-01,2.49285400e+00,0.00000000e+00,1.55112174e-01,1.36829296e-02,1.52009930e+02,1.34092710e+01
1.76600000e+00,-4.84916459e-02,6.11675066e-03,1.85943603e-02,1.93240393e-01,2.49285400e+00,0.00000000e+00,1.52563709e-01,1.22843827e-02,1.49512435e+02,1.20386950e+01
1.76800000e+00,-4.84755238e-02,1.00087528e-02,1.89795759e-02,1.91864799e-01,2.49285400e+00,0.00000000e+00,1.52247286e-01,1.18634953e-02,1.49202340e+02,1.16262254e+01
1.77000000e+00,-4.84516437e-02,1.38514863e-02,1.93617315e-02,1.90357068e-01,2.49285400e+00,0.00000000e+00,1.53535811e-01,1.25536067e-02,1.50465095e+02,1.23025346e+01
1.77200000e+00,-4.84201645e-02,1.76242637e-02,1.97410035e-02,1.88848344e-01,2.49285400e+00,0.00000000e+00,1.53640414e-01,1.24038152e-02,1.50567606e+02,1.21557388e+01
1.77400000e+00,-4.83811675e-02,2.13657734e-02,2.01169075e-02,1.87013592e-01,2.49285400e+00,0.00000000e+00,1.53963413e-01,1.24070116e-02,1.50884144e+02,1.21588714e+01
1.77600000e+00,-4.83347310e-02,2.50628812e-02,2.04889043e-02,1.84948376e-01,2.49285400e+00,0.00000000e+00,1.54314019e-01,1.24523236e-02,1.51227739e+02,1.22032772e+01
1.77800000e+00,-4.82809445e-02,2.87171959e-02,2.08565423e-02,1.82645188e-01,2.49285400e+00,0.00000000e+00,1.54539239e-01,1.24336276e-02,1.51448454e+02,1.21849551e+01
1.78000000e+00,-4.82198907e-02,3.23287728e-02,2.12193282e-02,1.80106854e-01,2.49285400e+00,0.00000000e+00,1.54829066e-01,1.24780384e-02,1.51732485e+02,1.22284777e+01
1.78200000e+00,-4.81513168e-02,3.64092788e-02,2.15753407e-02,1.75125416e-01,2.49285400e+00,0.00000000e+00,1.43037806e-01,7.81585463e-03,1.40177050e+02,7.65953754e+00
1.78400000e+00,-4.80742739e-02,4.04594163e-02,2.19200123e-02,1.70417349e-01,2.49285400e+00,0.00000000e+00,1.54927018e-01,1.35465075e-02,1.51828478e+02,1.32755773e+01
1.78600000e+00,-4.79897547e-02,4.40961630e-02,2.22582180e-02,1.67521081e-01,2.49285400e+00,0.00000000e+00,1.52022395e-01,1.21030484e-02,1.48981947e+02,1.18609874e+01
1.78800000e+00,-4.78977996e-02,4.78672745e-02,2.25893169e-02,1.63455319e-01,2.49285400e+00,0.00000000e+00,1.51051976e-01,1.15663481e-02,1.48030936e+02,1.13350211e+01
1.79000000e+00,-4.77983149e-02,5.15944852e-02,2.29119644e-02,1.59277199e-01,2.49285400e+00,0.00000000e+00,1.52251424e-01,1.23298704e-02,1.49206395e+02,1.20832730e+01
1.79200000e+00,-4.76914764e-02,5.52396916e-02,2.32264852e-02,1.55188447e-01,2.49285400e+00,0.00000000e+00,1.52110947e-01,1.22048953e-02,1.49068728e+02,1.19607974e+01
1.79400000e+00,-4.75773786e-02,5.88512115e-02,2.35325314e-02,1.50819572e-01,2.49285400e+00,0.00000000e+00,1.52121942e-01,1.21808686e-02,1.49079504e+02,1.19372512e+01
1.79600000e+00,-4.74560974e-02,6.24239549e-02,2.38296248e-02,1.46242599e-01,2.49285400e+00,0.00000000e+00,1.52041609e-01,1.21943699e-02,1.49000777e+02,1.19504825e+01
1.79800000e+00,-4.73277108e-02,6.59546509e-02,2.41173871e-02,1.41493619e-01,2.49285400e+00,0.00000000e+00,1.52070869e-01,1.22328446e-02,1.49029452e+02,1.19881877e+01
1.80000000e+00,-4.71923091e-02,6.94398567e-02,2.43954907e-02,1.36581767e-01,2.49285400e+00,0.00000000e+00,1.52013531e-01,1.22517845e-02,1.48973260e+02,1.20067488e+01
1.80200000e+00,-4.70496608e-02,7.33608899e-02,2.46622657e-02,1.29497442e-01,2.49285400e+00,0.00000000e+00,1.40737643e-01,8.05653486e-03,1.37922890e+02,7.89540416e+00
1.80400000e+00,-4.68988883e-02,7.72478761e-02,2.49136989e-02,1.22740556e-01,2.49285400e+00,0.00000000e+00,1.51594854e-01,1.33013568e-02,1.48562957e+02,1.30353297e+01
1.80600000e+00,-4.67409270e-02,8.07483477e-02,2.51543418e-02,1.17654488e-01,2.49285400e+00,0.00000000e+00,1.48494133e-01,1.19093340e-02,1.45524251e+02,1.16711474e+01
1.80800000e+00,-4.65758072e-02,8.43803481e-02,2.53835930e-02,1.11482806e-01,2.49285400e+00,0.00000000e+00,1.47188244e-01,1.13526272e-02,1.44244479e+02,1.11255746e+01
1.81000000e+00,-4.64034359e-02,8.79668320e-02,2.56002437e-02,1.05267049e-01,2.49285400e+00,0.00000000e+00,1.48165359e-01,1.21288980e-02,1.45202052e+02,1.18863200e+01
1.81200000e+00,-4.62239943e-02,9.14715650e-02,2.58047645e-02,9.92062844e-02,2.49285400e+00,0.00000000e+00,1.47648034e-01,1.19725832e-02,1.44695073e+02,1.17331315e+01
1.81400000e+00,-4.60375731e-02,9.49410689e-02,2.59969395e-02,9.29516306e-02,2.49285400e+00,0.00000000e+00,1.47480959e-01,1.19990064e-02,1.44531340e+02,1.17590263e+01
1.81600000e+00,-4.58442574e-02,9.83695142e-02,2.61764875e-02,8.65717215e-02,2.49285400e+00,0.00000000e+00,1.47043393e-01,1.19687630e-02,1.44102525e+02,1.17293877e+01
1.81800000e+00,-4.56441221e-02,1.01757517e-01,2.63431505e-02,8.00778895e-02,2.49285400e+00,0.00000000e+00,1.46806089e-01,1.20006173e-02,1.43869967e+02,1.17606050e+01
1.82000000e+00,-4.54372552e-02,1.05103768e-01,2.64967469e-02,7.35058274e-02,2.49285400e+00,0.00000000e+00,1.46344008e-01,1.20266587e-02,1.43417128e+02,1.17861255e+01
1.82200000e+00,-4.52234931e-02,1.08770764e-01,2.66360877e-02,6.53048421e-02,2.49285400e+00,0.00000000e+00,1.37580626e-01,8.78369438e-03,1.34829014e+02,8.60802049e+00
1.82400000e+00,-4.50022013e-02,1.12394004e-01,2.67582262e-02,5.74935525e-02,2.49285400e+00,0.00000000e+00,1.45575332e-01,1.30225714e-02,1.42663826e+02,1.27621200e+01
1.82600000e+00,-4.47741116e-02,1.15725518e-01,2.68669666e-02,5.10393293e-02,2.49285400e+00,0.00000000e+00,1.42548988e-01,1.17900721e-02,1.39698009e+02,1.15542706e+01
1.82800000e+00,-4.45392235e-02,1.19170656e-01,2.69617755e-02,4.36731617e-02,2.49285400e+00,0.00000000e+00,1.41016838e-01,1.12468075e-02,1.38196501e+02,1.10218713e+01
1.83000000e+00,-4.42974641e-02,1.22563171e-01,2.70416953e-02,3.63610055e-02,2.49285400e+00,0.00000000e+00,1.41819035e-01,1.20206441e-02,1.38982654e+02,1.17802312e+01
1.83200000e+00,-4.40490264e-02,1.25872402e-01,2.71073775e-02,2.92857005e-02,2.49285400e+00,0.00000000e+00,1.40948423e-01,1.18406638e-02,1.38129454e+02,1.16038505e+01
1.83400000e+00,-4.37939929e-02,1.29153987e-01,2.71587490e-02,2.20767686e-02,2.49285400e+00,0.00000000e+00,1.40396572e-01,1.18164876e-02,1.37588641e+02,1.15801579e+01
1.83600000e+00,-4.35324336e-02,1.32400707e-01,2.71956519e-02,1.48188568e-02,2.49285400e+00,0.00000000e+00,1.39641209e-01,1.17935327e-02,1.36848385e+02,1.15576620e+01
1.83800000e+00,-4.32644142e-02,1.35611278e-01,2.72180257e-02,7.56285125e-03,2.49285400e+00,0.00000000e+00,1.39066505e-01,1.18554164e-02,1.36285175e+02,1.16183081e+01
1.84000000e+00,-4.29900173e-02,1.38778674e-01,2.72259190e-02,3.30414632e-04,2.49285400e+00,0.00000000e+00,1.38423079e-01,1.18572320e-02,1.35654617e+02,1.16200874e+01
1.84200000e+00,-4.27091631e-02,1.42150583e-01,2.72186416e-02,-7.96056920e-03,2.49285400e+00,0.00000000e+00,1.32008340e-01,9.62636808e-03,1.29368174e+02,9.43384072e+00
1.84400000e+00,-4.24214505e-02,1.45469178e-01,2.71943628e-02,-1.58225414e-02,2.49285400e+00,0.00000000e+00,1.37334136e-01,1.27264553e-02,1.34587453e+02,1.24719262e+01
1.84600000e+00,-4.21274326e-02,1.48568462e-01,2.71560407e-02,-2.26506086e-02,2.49285400e+00,0.00000000e+00,1.34745483e-01,1.17445156e-02,1.32050574e+02,1.15096253e+01
1.84800000e+00,-4.18271295e-02,1.51738593e-01,2.71033268e-02,-3.01290540e-02,2.49285400e+00,0.00000000e+00,1.33240086e-01,1.12890306e-02,1.30575284e+02,1.10632500e+01
1.85000000e+00,-4.15205120e-02,1.54858062e-01,2.70355883e-02,-3.75118566e-02,2.49285400e+00,0.00000000e+00,1.33439149e-01,1.18515539e-02,1.30770366e+02,1.16145228e+01
1.85200000e+00,-4.12077486e-02,1.57900488e-01,2.69534622e-02,-4.46203774e-02,2.49285400e+00,0.00000000e+00,1.32499655e-01,1.17503245e-02,1.29849662e+02,1.15153180e+01
1.85400000e+00,-4.08889364e-02,1.60903499e-01,2.68571218e-02,-5.17062977e-02,2.49285400e+00,0.00000000e+00,1.31769903e-01,1.17642610e-02,1.29134505e+02,1.15289758e+01
1.85600000e+00,-4.05641636e-02,1.63862945e-01,2.67466874e-02,-5.87167025e-02,2.49285400e+00,0.00000000e+00,1.30878538e-01,1.17539342e-02,1.28260967e+02,1.15188555e+01
1.85800000e+00,-4.02335132e-02,1.66779426e-01,2.66223061e-02,-6.56504754e-02,2.49285400e+00,0.00000000e+00,1.30086661e-01,1.17502598e-02,1.27484928e+02,1.15152546e+01
1.86000000e+00,-3.98970763e-02,1.69650347e-01,2.64841452e-02,-7.24946043e-02,2.49285400e+00,0.00000000e+00,1.29208462e-01,1.17475244e-02,1.26624293e+02,1.15125740e+01
1.86200000e+00,-3.95548325e-02,1.72640242e-01,2.63319366e-02,-7.99252379e-02,2.49285400e+00,0.00000000e+00,1.24524727e-01,1.03046914e-02,1.22034232e+02,1.00985976e+01
1.86400000e+00,-3.92065668e-02,1.75552916e-01,2.61647516e-02,-8.68949988e-02,2.49285400e+00,0.00000000e+00,1.28182133e-01,1.24790547e-02,1.25618491e+02,1.22294736e+01
1.86600000e+00,-3.88527439e-02,1.78281020e-01,2.59848966e-02,-9.30548689e-02,2.49285400e+00,0.00000000e+00,1.25960360e-01,1.17501934e-02,1.23441153e+02,1.15151895e+01
1.86800000e+00,-3.84934201e-02,1.81043080e-01,2.57922680e-02,-9.96108376e-02,2.49285400e+00,0.00000000e+00,1.24466717e-01,1.13751200e-02,1.21977383e+02,1.11476176e+01
1.87000000e+00,-3.81286069e-02,1.83752162e-01,2.55865518e-02,-1.06019037e-01,2.49285400e+00,0.00000000e+00,1.24231356e-01,1.17691331e-02,1.21746729e+02,1.15337504e+01
1.87200000e+00,-3.77584618e-02,1.86385780e-01,2.53683911e-02,-1.12128496e-01,2.49285400e+00,0.00000000e+00,1.23219290e-01,1.16930152e-02,1.20754904e+02,1.14591549e+01
1.87400000e+00,-3.73830975e-02,1.88968861e-01,2.51381233e-02,-1.18109687e-01,2.49285400e+00,0.00000000e+00,1.22358682e-01,1.17118689e-02,1.19911509e+02,1.14776315e+01
1.87600000e+00,-3.70026223e-02,1.91497905e-01,2.48960718e-02,-1.23911656e-01,2.49285400e+00,0.00000000e+00,1.21386409e-01,1.17257946e-02,1.18958681e+02,1.14912787e+01
1.87800000e+00,-3.66171438e-02,1.93970076e-01,2.46425956e-02,-1.29535256e-01,2.49285400e+00,0.00000000e+00,1.20551013e-01,1.17264637e-02,1.18139993e+02,1.14919344e+01
1.88000000e+00,-3.62267877e-02,1.96373775e-01,2.43780632e-02,-1.34960219e-01,2.49285400e+00,0.00000000e+00,1.19809724e-01,1.17670595e-02,1.17413529e+02,1.15317183e+01
1.88200000e+00,-3.58316431e-02,1.98785824e-01,2.41026762e-02,-1.40502860e-01,2.49285400e+00,0.00000000e+00,1.17139999e-01,1.10882807e-02,1.14797199e+02,1.08665151e+01
1.88400000e+00,-3.54317017e-02,2.01111900e-01,2.38163176e-02,-1.45646908e-01,2.49285400e+00,0.00000000e+00,1.18563533e-01,1.21968053e-02,1.16192263e+02,1.19528692e+01
1.88600000e+00,-3.50272920e-02,2.03293187e-01,2.35204751e-02,-1.50211205e-01,2.49285400e+00,0.00000000e+00,1.17230938e-01,1.18844050e-02,1.14886319e+02,1.16467169e+01
1.88800000e+00,-3.46185411e-02,2.05456310e-01,2.32154115e-02,-1.54867306e-01,2.49285400e+00,0.00000000e+00,1.15660081e-01,1.15701980e-02,1.13346880e+02,1.13387941e+01
1.89000000e+00,-3.42055034e-02,2.07564476e-01,2.29011142e-02,-1.59360960e-01,2.49285400e+00,0.00000000e+00,1.15152076e-01,1.17782463e-02,1.12849034e+02,1.15426813e+01
1.89200000e+00,-3.37883432e-02,2.09582538e-01,2.25781827e-02,-1.63532106e-01,2.49285400e+00,0.00000000e+00,1.14368459e-01,1.17875310e-02,1.12081090e+02,1.15517804e+01
1.89400000e+00,-3.33672258e-02,2.11521770e-01,2.22471371e-02,-1.67476314e-01,2.49285400e+00,0.00000000e+00,1.13564421e-01,1.17832929e-02,1.11293133e+02,1.15476271e+01
1.89600000e+00,-3.29423070e-02,2.13384807e-01,2.19084252e-02,-1.71199012e-01,2.49285400e+00,0.00000000e+00,1.12687850e-01,1.17701390e-02,1.10434093e+02,1.15347363e+01
1.89800000e+00,-3.25137328e-02,2.15178502e-01,2.15624898e-02,-1.74698593e-01,2.49285400e+00,0.00000000e+00,1.11693582e-01,1.17588685e-02,1.09459710e+02,1.15236911e+01
1.90000000e+00,-3.20816415e-02,2.16899451e-01,2.12097960e-02,-1.77950350e-01,2.49285400e+00,0.00000000e+00,1.10867512e-01,1.17878185e-02,1.08650162e+02,1.15520622e+01
1.90200000e+00,-3.16461738e-02,2.18562287e-01,2.08508066e-02,-1.81024909e-01,2.49285400e+00,0.00000000e+00,1.09503503e-01,1.16192246e-02,1.07313433e+02,1.13868401e+01
1.90400000e+00,-3.12074752e-02,2.20100826e-01,2.04859732e-02,-1.83684365e-01,2.49285400e+00,0.00000000e+00,1.10197221e-01,1.21390682e-02,1.07993277e+02,1.18962868e+01
1.90600000e+00,-3.07658651e-02,2.21497367e-01,2.01163458e-02,-1.85928892e-01,2.49285400e+00,0.00000000e+00,1.09222383e-01,1.19630427e-02,1.07037935e+02,1.17237818e+01
1.90800000e+00,-3.03215280e-02,2.22830553e-01,1.97423170e-02,-1.88084340e-01,2.49285400e+00,0.00000000e+00,1.08055888e-01,1.17926037e-02,1.05894771e+02,1.15567517e+01
1.91000000e+00,-2.98745996e-02,2.24078705e-01,1.93641668e-02,-1.90002281e-01,2.49285400e+00,0.00000000e+00,1.07566188e-01,1.19221647e-02,1.05414864e+02,1.16837214e+01
1.91200000e+00,-2.94252784e-02,2.25229009e-01,1.89825131e-02,-1.91612375e-01,2.49285400e+00,0.00000000e+00,1.06679170e-01,1.18942309e-02,1.04545586e+02,1.16563462e+01
1.91400000e+00,-2.89737428e-02,2.26290552e-01,1.85978932e-02,-1.92958611e-01,2.49285400e+00,0.00000000e+00,1.05958678e-01,1.19271134e-02,1.03839505e+02,1.16885711e+01
1.91600000e+00,-2.85201793e-02,2.27257330e-01,1.82108672e-02,-1.94022101e-01,2.49285400e+00,0.00000000e+00,1.05195028e-01,1.19352738e-02,1.03091128e+02,1.16965683e+01
1.91800000e+00,-2.80647751e-02,2.28131570e-01,1.78219745e-02,-1.94831005e-01,2.49285400e+00,0.00000000e+00,1.04407090e-01,1.19062744e-02,1.02318948e+02,1.16681489e+01
1.92000000e+00,-2.76077156e-02,2.28911984e-01,1.74317204e-02,-1.95374055e-01,2.49285400e+00,0.00000000e+00,1.03659654e-01,1.19360387e-02,1.01586461e+02,1.16973179e+01
1.92200000e+00,-2.71491948e-02,2.29591079e-01,1.70406823e-02,-1.95611222e-01,2.49285400e+00,0.00000000e+00,1.03034467e-01,1.19898152e-02,1.00973778e+02,1.17500188e+01
1.92400000e+00,-2.66894629e-02,2.30102785e-01,1.66495649e-02,-1.95414435e-01,2.49285400e+00,0.00000000e+00,1.03820395e-01,1.22881258e-02,1.01743987e+02,1.20423633e+01
1.92600000e+00,-2.62288727e-02,2.30480894e-01,1.62591914e-02,-1.94967316e-01,2.49285400e+00,0.00000000e+00,1.02397945e-01,1.19574019e-02,1.00349986e+02,1.17182539e+01
1.92800000e+00,-2.57675942e-02,2.30776753e-01,1.58697733e-02,-1.94403740e-01,2.49285400e+00,0.00000000e+00,1.01978127e-01,1.19760454e-02,9.99385649e+01,1.17365245e+01
1.93000000e+00,-2.53058502e-02,2.30945761e-01,1.54817943e-02,-1.93513380e-01,2.49285400e+00,0.00000000e+00,1.01593537e-01,1.20887290e-02,9.95616663e+01,1.18469545e+01
1.93200000e+00,-2.48438888e-02,2.30998208e-01,1.50959250e-02,-1.92315112e-01,2.49285400e+00,0.00000000e+00,1.00931013e-01,1.20706299e-02,9.89123928e+01,1.18292173e+01
1.93400000e+00,-2.43819295e-02,2.30942504e-01,1.47126947e-02,-1.90875655e-01,2.49285400e+00,0.00000000e+00,1.00349493e-01,1.20469436e-02,9.83425029e+01,1.18060047e+01
1.93600000e+00,-2.39201937e-02,2.30774401e-01,1.43325810e-02,-1.89198313e-01,2.49285400e+00,0.00000000e+00,9.97876017e-02,1.20262603e-02,9.77918497e+01,1.17857351e+01
1.93800000e+00,-2.34589059e-02,2.30495365e-01,1.39560731e-02,-1.87263444e-01,2.49285400e+00,0.00000000e+00,9.91750309e-02,1.20488548e-02,9.71915303e+01,1.18078777e+01
1.94000000e+00,-2.29982858e-02,2.30106059e-01,1.35837001e-02,-1.85069395e-01,2.49285400e+00,0.00000000e+00,9.86026334e-02,1.20374399e-02,9.66305807e+01,1.17966911e+01
1.94200000e+00,-2.25385694e-02,2.29585119e-01,1.32160314e-02,-1.82521691e-01,2.49285400e+00,0.00000000e+00,9.84961649e-02,1.22649252e-02,9.65262416e+01,1.20196267e+01
1.94400000e+00,-2.20800711e-02,2.28875461e-01,1.28538540e-02,-1.79612966e-01,2.49285400e+00,0.00000000e+00,9.92668991e-02,1.22766610e-02,9.72815611e+01,1.20311278e+01
1.94600000e+00,-2.16231674e-02,2.28016037e-01,1.24976683e-02,-1.76571030e-01,2.49285400e+00,0.00000000e+00,9.82624829e-02,1.20344561e-02,9.62972332e+01,1.17937670e+01
1.94800000e+00,-2.11680833e-02,2.27042208e-01,1.21477015e-02,-1.73331728e-01,2.49285400e+00,0.00000000e+00,9.82214156e-02,1.21896837e-02,9.62569873e+01,1.19458900e+01
1.95000000e+00,-2.07150937e-02,2.25925748e-01,1.18045533e-02,-1.69774673e-01,2.49285400e+00,0.00000000e+00,9.78930584e-02,1.22097720e-02,9.59351972e+01,1.19655765e+01
1.95200000e+00,-2.02644654e-02,2.24681689e-01,1.14687535e-02,-1.65991610e-01,2.49285400e+00,0.00000000e+00,9.75194579e-02,1.21828337e-02,9.55690688e+01,1.19391770e+01
1.95400000e+00,-1.98164505e-02,2.23312184e-01,1.11407284e-02,-1.61996138e-01,2.49285400e+00,0.00000000e+00,9.71616308e-02,1.21853924e-02,9.52183982e+01,1.19416846e+01
1.95600000e+00,-1.93713012e-02,2.21815772e-01,1.08209188e-02,-1.57775897e-01,2.49285400e+00,0.00000000e+00,9.68450481e-02,1.21960494e-02,9.49081472e+01,1.19521284e+01
1.95800000e+00,-1.89292723e-02,2.20192043e-01,1.05097669e-02,-1.53342569e-01,2.49285400e+00,0.00000000e+00,9.65217548e-02,1.21863617e-02,9.45913197e+01,1.19426345e+01
1.96000000e+00,-1.84906164e-02,2.18443289e-01,1.02076844e-02,-1.48705398e-01,2.49285400e+00,0.00000000e+00,9.61786300e-02,1.21904922e-02,9.42550574e+01,1.19466824e+01
1.96200000e+00,-1.80555974e-02,2.16547237e-01,9.91516868e-03,-1.43733269e-01,2.49285400e+00,0.00000000e+00,9.64049242e-02,1.24695601e-02,9.44768257e+01,1.22201689e+01
1.96400000e+00,-1.76245623e-02,2.14448988e-01,9.63290354e-03,-1.38532864e-01,2.49285400e+00,0.00000000e+00,9.73763725e-02,1.22642874e-02,9.54288451e+01,1.20190016e+01
1.96600000e+00,-1.71979083e-02,2.12190418e-01,9.36104559e-03,-1.33319909e-01,2.49285400e+00,0.00000000e+00,9.66591695e-02,1.21054066e-02,9.47259861e+01,1.18632985e+01
1.96800000e+00,-1.67758942e-02,2.09791433e-01,9.09978983e-03,-1.27858107e-01,2.49285400e+00,0.00000000e+00,9.72027930e-02,1.24111968e-02,9.52587372e+01,1.21629729e+01
1.97000000e+00,-1.63588546e-02,2.07224486e-01,8.84982243e-03,-1.22082430e-01,2.49285400e+00,0.00000000e+00,9.71692449e-02,1.24047878e-02,9.52258600e+01,1.21566920e+01
1.97200000e+00,-1.59470825e-02,2.04528181e-01,8.61153689e-03,-1.16191590e-01,2.49285400e+00,0.00000000e+00,9.68531878e-02,1.23101183e-02,9.49161241e+01,1.20639159e+01
1.97400000e+00,-1.55408248e-02,2.01707472e-01,8.38512366e-03,-1.10199375e-01,2.49285400e+00,0.00000000e+00,9.67484354e-02,1.22916892e-02,9.48134667e+01,1.20458555e+01
1.97600000e+00,-1.51403429e-02,1.98751357e-01,8.17084153e-03,-1.04053978e-01,2.49285400e+00,0.00000000e+00,9.67360432e-02,1.23230345e-02,9.48013223e+01,1.20765738e+01
1.97800000e+00,-1.47459084e-02,1.95661641e-01,7.96900912e-03,-9.77565443e-02,2.49285400e+00,0.00000000e+00,9.66379490e-02,1.23199190e-02,9.47051900e+01,1.20735206e+01
1.98000000e+00,-1.43577819e-02,1.92443528e-01,7.77990195e-03,-9.13292243e-02,2.49285400e+00,0.00000000e+00,9.65549323e-02,1.23228992e-02,9.46238337e+01,1.20764412e+01
1.98200000e+00,-1.39762319e-02,1.89079094e-01,7.60383807e-03,-8.46831644e-02,2.49285400e+00,0.00000000e+00,9.69287504e-02,1.25248429e-02,9.49901754e+01,1.22743461e+01
1.98400000e+00,-1.36015889e-02,1.85529596e-01,7.44116642e-03,-7.80414071e-02,2.49285400e+00,0.00000000e+00,9.78067142e-02,1.20787475e-02,9.58505799e+01,1.18371725e+01
1.98600000e+00,-1.32342257e-02,1.81811738e-01,7.29163410e-03,-7.14571677e-02,2.49285400e+00,0.00000000e+00,9.78489215e-02,1.21878215e-02,9.58919431e+01,1.19440651e+01
1.98800000e+00,-1.28744538e-02,1.77926103e-01,7.15554987e-03,-6.45547797e-02,2.49285400e+00,0.00000000e+00,9.87745828e-02,1.25493480e-02,9.67990912e+01,1.22983610e+01
1.99000000e+00,-1.25226325e-02,1.73873749e-01,7.03356925e-03,-5.74210034e-02,2.49285400e+00,0.00000000e+00,9.88562429e-02,1.24963379e-02,9.68791181e+01,1.22464111e+01
1.99200000e+00,-1.21790405e-02,1.69698880e-01,6.92586924e-03,-5.02821521e-02,2.49285400e+00,0.00000000e+00,9.88156390e-02,1.24032285e-02,9.68393262e+01,1.21551639e+01
1.99400000e+00,-1.18439169e-02,1.65404155e-01,6.83244670e-03,-4.31342224e-02,2.49285400e+00,0.00000000e+00,9.89038052e-02,1.23790176e-02,9.69257291e+01,1.21314372e+01
1.99600000e+00,-1.15175099e-02,1.60980466e-01,6.75337239e-03,-3.59262405e-02,2.49285400e+00,0.00000000e+00,9.91466932e-02,1.24133783e-02,9.71637593e+01,1.21651108e+01
1.99800000e+00,-1.12000824e-02,1.56425718e-01,6.68878749e-03,-2.86496269e-02,2.49285400e+00,0.00000000e+00,9.93565312e-02,1.24278452e-02,9.73694006e+01,1.21792883e+01
2.00000000e+00,-1.08918887e-02,1.51748425e-01,6.63879080e-03,-2.13476437e-02,2.49285400e+00,0.00000000e+00,9.94753754e-02,1.23922248e-02,9.74858679e+01,1.21443803e+01
2.00200000e+00,-1.05931680e-02,1.46952144e-01,6.60340509e-03,-1.40334062e-02,2.49285400e+00,0.00000000e+00,9.96789348e-02,1.24000323e-02,9.76853561e+01,1.21520317e+01
2.00400000e+00,-1.03041758e-02,1.42012349e-01,6.58248818e-03,-6.97261984e-03,2.49285400e+00,0.00000000e+00,1.00449751e-01,1.18274309e-02,9.84407556e+01,1.15908823e+01
2.00600000e+00,-1.00252329e-02,1.36901168e-01,6.57546800e-03,1.82438342e-05,2.49285400e+00,0.00000000e+00,1.01385941e-01,1.22404091e-02,9.93582226e+01,1.19956010e+01
2.00800000e+00,-9.75669728e-03,1.31600804e-01,6.58283133e-03,7.41431224e-03,2.49285400e+00,0.00000000e+00,1.02656848e-01,1.26854847e-02,1.00603711e+02,1.24317750e+01
2.01000000e+00,-9.49893227e-03,1.26146510e-01,6.60521759e-03,1.49488751e-02,2.49285400e+00,0.00000000e+00,1.02856451e-01,1.25600048e-02,1.00799322e+02,1.23088048e+01
2.01200000e+00,-9.25217782e-03,1.20592363e-01,6.64252867e-03,2.23362158e-02,2.49285400e+00,0.00000000e+00,1.02953233e-01,1.24267408e-02,1.00894168e+02,1.21782060e+01
2.01400000e+00,-9.01663102e-03,1.14935929e-01,6.69449872e-03,2.96279651e-02,2.49285400e+00,0.00000000e+00,1.03300799e-01,1.24306227e-02,1.01234783e+02,1.21820102e+01
2.01600000e+00,-8.79250974e-03,1.09166035e-01,6.76101918e-03,3.68877040e-02,2.49285400e+00,0.00000000e+00,1.03751434e-01,1.24516150e-02,1.01676405e+02,1.22025827e+01
2.01800000e+00,-8.58004279e-03,1.03282278e-01,6.84202963e-03,4.41175903e-02,2.49285400e+00,0.00000000e+00,1.04203136e-01,1.24807382e-02,1.02119073e+02,1.22311234e+01
2.02000000e+00,-8.37945264e-03,9.72905153e-02,6.93745756e-03,5.12995070e-02,2.49285400e+00,0.00000000e+00,1.04613369e-01,1.24843166e-02,1.02521102e+02,1.22346303e+01
2.02200000e+00,-8.19094797e-03,9.11978947e-02,7.04717715e-03,5.84056792e-02,2.49285400e+00,0.00000000e+00,1.04996305e-01,1.24755861e-02,1.02896379e+02,1.22260744e+01
2.02400000e+00,-8.01471908e-03,8.50182449e-02,7.17074531e-03,6.50094700e-02,2.49285400e+00,0.00000000e+00,1.05183239e-01,1.16035857e-02,1.03079574e+02,1.13715140e+01
2.02600000e+00,-7.85096702e-03,7.87005564e-02,7.30709918e-03,7.14394751e-02,2.49285400e+00,0.00000000e+00,1.06859501e-01,1.23030151e-02,1.04722311e+02,1.20569548e+01
2.02800000e+00,-7.70004385e-03,7.21923999e-02,7.45681205e-03,7.83326885e-02,2.49285400e+00,0.00000000e+00,1.08375502e-01,1.27869467e-02,1.06207992e+02,1.25312078e+01
2.03000000e+00,-7.56228160e-03,6.55579873e-02,7.62045013e-03,8.52562006e-02,2.49285400e+00,0.00000000e+00,1.08658153e-01,1.25975348e-02,1.06484990e+02,1.23455841e+01
2.03200000e+00,-7.43785551e-03,5.88581555e-02,7.79765120e-03,9.19012670e-02,2.49285400e+00,0.00000000e+00,1.08861144e-01,1.24529031e-02,1.06683922e+02,1.22038451e+01
2.03400000e+00,-7.32689480e-03,5.20896000e-02,7.98792016e-03,9.83437992e-02,2.49285400e+00,0.00000000e+00,1.09330669e-01,1.24415887e-02,1.07144055e+02,1.21927569e+01
2.03600000e+00,-7.22955335e-03,4.52366913e-02,8.19095291e-03,1.04676115e-01,2.49285400e+00,0.00000000e+00,1.10009719e-01,1.25090159e-02,1.07809525e+02,1.22588356e+01
2.03800000e+00,-7.14600472e-03,3.82987541e-02,8.40655420e-03,1.10902805e-01,2.49285400e+00,0.00000000e+00,1.10607268e-01,1.25253306e-02,1.08395123e+02,1.22748240e+01
2.04000000e+00,-7.07640769e-03,3.12867943e-02,8.63446179e-03,1.16976005e-01,2.49285400e+00,0.00000000e+00,1.11142719e-01,1.25099325e-02,1.08919865e+02,1.22597339e+01
2.04200000e+00,-7.02090277e-03,2.42069908e-02,8.87434755e-03,1.22883228e-01,2.49285400e+00,0.00000000e+00,1.11710640e-01,1.25172168e-02,1.09476428e+02,1.22668725e+01
2.04400000e+00,-6.97959505e-03,1.71041969e-02,9.12554963e-03,1.28122933e-01,2.49285400e+00,0.00000000e+00,1.11313733e-01,1.14654508e-02,1.09087459e+02,1.12361418e+01
2.04600000e+00,-6.95253806e-03,9.92329097e-03,9.38664010e-03,1.33063853e-01,2.49285400e+00,0.00000000e+00,1.13285848e-01,1.22610776e-02,1.11020131e+02,1.20158561e+01
2.04800000e+00,-6.94001267e-03,2.57621220e-03,9.65810554e-03,1.38455482e-01,2.49285400e+00,0.00000000e+00,1.15064622e-01,1.27971176e-02,1.12763329e+02,1.25411752e+01
2.05000000e+00,-6.94229374e-03,-4.86165520e-03,9.94043790e-03,1.43810945e-01,2.49285400e+00,0.00000000e+00,1.15395618e-01,1.25862855e-02,1.13087706e+02,1.23345598e+01
2.05200000e+00,-6.95947142e-03,-1.23177090e-02,1.02330931e-02,1.48782105e-01,2.49285400e+00,0.00000000e+00,1.15599389e-01,1.24064882e-02,1.13287402e+02,1.21583584e+01
2.05400000e+00,-6.99157885e-03,-1.97951708e-02,1.05353645e-02,1.53450576e-01,2.49285400e+00,0.00000000e+00,1.16127469e-01,1.23808371e-02,1.13804920e+02,1.21332204e+01
2.05600000e+00,-7.03867878e-03,-2.73126486e-02,1.08467682e-02,1.57928264e-01,2.49285400e+00,0.00000000e+00,1.16888296e-01,1.24490597e-02,1.14550530e+02,1.22000785e+01
2.05800000e+00,-7.10085868e-03,-3.48739716e-02,1.11669689e-02,1.62242924e-01,2.49285400e+00,0.00000000e+00,1.17628771e-01,1.24942961e-02,1.15276195e+02,1.22444102e+01
2.06000000e+00,-7.17819594e-03,-4.24672026e-02,1.14956017e-02,1.66350326e-01,2.49285400e+00,0.00000000e+00,1.18234247e-01,1.24818067e-02,1.15869562e+02,1.22321706e+01
2.06200000e+00,-7.27074271e-03,-5.00832610e-02,1.18322153e-02,1.70225504e-01,2.49285400e+00,0.00000000e+00,1.18886601e-01,1.24861394e-02,1.16508869e+02,1.22364166e+01
2.06400000e+00,-7.37849689e-03,-5.76511762e-02,1.21759757e-02,1.73308749e-01,2.49285400e+00,0.00000000e+00,1.17957926e-01,1.13092716e-02,1.15598768e+02,1.10830862e+01
2.06600000e+00,-7.50135215e-03,-6.52261987e-02,1.25251901e-02,1.76001668e-01,2.49285400e+00,0.00000000e+00,1.20024749e-01,1.21646638e-02,1.17624254e+02,1.19213706e+01
2.06800000e+00,-7.63948440e-03,-7.29252948e-02,1.28802766e-02,1.79135868e-01,2.49285400e+00,0.00000000e+00,1.21953462e-01,1.27415282e-02,1.19514393e+02,1.24866976e+01
2.07000000e+00,-7.79308241e-03,-8.06680001e-02,1.32416824e-02,1.82193255e-01,2.49285400e+00,0.00000000e+00,1.22266019e-01,1.25184475e-02,1.19820698e+02,1.22680785e+01
2.07200000e+00,-7.96213344e-03,-8.83762579e-02,1.36087580e-02,1.84813297e-01,2.49285400e+00,0.00000000e+00,1.22497035e-01,1.23468374e-02,1.20047094e+02,1.20999007e+01
2.07400000e+00,-8.14656657e-03,-9.60532214e-02,1.39807026e-02,1.87083991e-01,2.49285400e+00,0.00000000e+00,1.23008982e-01,1.23155701e-02,1.20548802e+02,1.20692587e+01
2.07600000e+00,-8.34633761e-03,-1.03717113e-01,1.43569374e-02,1.89119826e-01,2.49285400e+00,0.00000000e+00,1.23791070e-01,1.23905001e-02,1.21315249e+02,1.21426901e+01
2.07800000e+00,-8.56142852e-03,-1.11371244e-01,1.47370455e-02,1.90951061e-01,2.49285400e+00,0.00000000e+00,1.24505519e-01,1.24283655e-02,1.22015409e+02,1.21797982e+01
2.08000000e+00,-8.79180871e-03,-1.19004561e-01,1.51205828e-02,1.92544104e-01,2.49285400e+00,0.00000000e+00,1.25154156e-01,1.24377765e-02,1.22651073e+02,1.21890210e+01
2.08200000e+00,-9.03742807e-03,-1.26609837e-01,1.55070540e-02,1.93885334e-01,2.49285400e+00,0.00000000e+00,1.25824282e-01,1.24513477e-02,1.23307796e+02,1.22023207e+01
2.08400000e+00,-9.29817337e-03,-1.34103091e-01,1.58955908e-02,1.94426630e-01,2.49285400e+00,0.00000000e+00,1.24634305e-01,1.13134537e-02,1.22141619e+02,1.10871846e+01
2.08600000e+00,-9.57379034e-03,-1.41521216e-01,1.62844516e-02,1.94504582e-01,2.49285400e+00,0.00000000e+00,1.26288409e-01,1.20343001e-02,1.23762641e+02,1.17936141e+01
2.08800000e+00,-9.86429716e-03,-1.48997727e-01,1.66738674e-02,1.94969886e-01,2.49285400e+00,0.00000000e+00,1.28339651e-01,1.26826483e-02,1.25772858e+02,1.24289953e+01
2.09000000e+00,-1.01697740e-02,-1.56463412e-01,1.70642805e-02,1.95359234e-01,2.49285400e+00,0.00000000e+00,1.28498602e-01,1.24324088e-02,1.25928630e+02,1.21837606e+01
2.09200000e+00,-1.04900860e-02,-1.63831841e-01,1.74549918e-02,1.95279850e-01,2.49285400e+00,0.00000000e+00,1.28651659e-01,1.22569403e-02,1.26078626e+02,1.20118015e+01
2.09400000e+00,-1.08250431e-02,-1.71112844e-01,1.78451645e-02,1.94847396e-01,2.49285400e+00,0.00000000e+00,1.29160272e-01,1.22488623e-02,1.26577067e+02,1.20038851e+01
2.09600000e+00,-1.11744921e-02,-1.78325975e-01,1.82342273e-02,1.94183813e-01,2.49285400e+00,0.00000000e+00,1.29888823e-01,1.23278611e-02,1.27291046e+02,1.20813039e+01
2.09800000e+00,-1.15383025e-02,-1.85472272e-01,1.86217613e-02,1.93312517e-01,2.49285400e+00,0.00000000e+00,1.30539214e-01,1.23668335e-02,1.27928430e+02,1.21194968e+01
2.10000000e+00,-1.19163296e-02,-1.92541221e-01,1.90073187e-02,1.92203342e-01,2.49285400e+00,0.00000000e+00,1.31138420e-01,1.23797851e-02,1.28515651e+02,1.21321894e+01
2.10200000e+00,-1.23084108e-02,-1.99525304e-01,1.93904082e-02,1.90844447e-01,2.49285400e+00,0.00000000e+00,1.31728236e-01,1.23904774e-02,1.29093672e+02,1.21426679e+01
2.10400000e+00,-1.27143154e-02,-2.06336239e-01,1.97702097e-02,1.88755450e-01,2.49285400e+00,0.00000000e+00,1.30377928e-01,1.13906474e-02,1.27770370e+02,1.11628345e+01
2.10600000e+00,-1.31336538e-02,-2.12994252e-01,2.01451162e-02,1.86195781e-01,2.49285400e+00,0.00000000e+00,1.31550829e-01,1.19391776e-02,1.28919812e+02,1.17003941e+01
2.10800000e+00,-1.35662832e-02,-2.19638509e-01,2.05152064e-02,1.83956365e-01,2.49285400e+00,0.00000000e+00,1.33561030e-01,1.25924979e-02,1.30889809e+02,1.23406479e+01
2.11000000e+00,-1.40121631e-02,-2.26215783e-01,2.08809010e-02,1.81656040e-01,2.49285400e+00,0.00000000e+00,1.33598512e-01,1.23346571e-02,1.30926542e+02,1.20879640e+01
2.11200000e+00,-1.44710446e-02,-2.32640389e-01,2.12415390e-02,1.78918454e-01,2.49285400e+00,0.00000000e+00,1.33713233e-01,1.21909734e-02,1.31038969e+02,1.19471539e+01
2.11400000e+00,-1.49426296e-02,-2.38922376e-01,2.15963665e-02,1.75868403e-01,2.49285400e+00,0.00000000e+00,1.34089824e-01,1.21869191e-02,1.31408028e+02,1.19431807e+01
2.11600000e+00,-1.54266501e-02,-2.45078360e-01,2.19448788e-02,1.72617653e-01,2.49285400e+00,0.00000000e+00,1.34694856e-01,1.22688966e-02,1.32000959e+02,1.20235187e+01
2.11800000e+00,-1.59228588e-02,-2.51107937e-01,2.22867137e-02,1.69181858e-01,2.49285400e+00,0.00000000e+00,1.35162013e-01,1.22882315e-02,1.32458773e+02,1.20424669e+01
2.12000000e+00,-1.64309899e-02,-2.56999571e-01,2.26214626e-02,1.65530725e-01,2.49285400e+00,0.00000000e+00,1.35595359e-01,1.22965928e-02,1.32883452e+02,1.20506610e+01
2.12200000e+00,-1.69507622e-02,-2.62748977e-01,2.29486947e-02,1.61666777e-01,2.49285400e+00,0.00000000e+00,1.36057978e-01,1.23105674e-02,1.33336818e+02,1.20643561e+01
2.12400000e+00,-1.74818414e-02,-2.68281822e-01,2.32677459e-02,1.57227198e-01,2.49285400e+00,0.00000000e+00,1.34847473e-01,1.15458783e-02,1.32150524e+02,1.13149608e+01
2.12600000e+00,-1.80237430e-02,-2.73594900e-01,2.35773177e-02,1.52358849e-01,2.49285400e+00,0.00000000e+00,1.35324526e-01,1.18548164e-02,1.32618035e+02,1.16177201e+01
2.12800000e+00,-1.85761561e-02,-2.78810623e-01,2.38773382e-02,1.47725763e-01,2.49285400e+00,0.00000000e+00,1.37060704e-01,1.24702161e-02,1.34319490e+02,1.22208118e+01
2.13000000e+00,-1.91389013e-02,-2.83900107e-01,2.41682050e-02,1.43069078e-01,2.49285400e+00,0.00000000e+00,1.36947581e-01,1.22226746e-02,1.34208629e+02,1.19782211e+01
2.13200000e+00,-1.97116206e-02,-2.88785734e-01,2.44493746e-02,1.38052548e-01,2.49285400e+00,0.00000000e+00,1.36952287e-01,1.21186016e-02,1.34213241e+02,1.18762295e+01
2.13400000e+00,-2.02939151e-02,-2.93477655e-01,2.47202552e-02,1.32796139e-01,2.49285400e+00,0.00000000e+00,1.37155337e-01,1.21082716e-02,1.34412230e+02,1.18661061e+01
2.13600000e+00,-2.08854104e-02,-2.97988309e-01,2.49804553e-02,1.27383968e-01,2.49285400e+00,0.00000000e+00,1.37526554e-01,1.21655720e-02,1.34776023e+02,1.19222606e+01
2.13800000e+00,-2.14857490e-02,-3.02319882e-01,2.52297045e-02,1.21841977e-01,2.49285400e+00,0.00000000e+00,1.37853600e-01,1.21941035e-02,1.35096528e+02,1.19502214e+01
2.14000000e+00,-2.20945653e-02,-3.06464605e-01,2.54677276e-02,1.16156540e-01,2.49285400e+00,0.00000000e+00,1.38113259e-01,1.22068226e-02,1.35350994e+02,1.19626862e+01
2.14200000e+00,-2.27114797e-02,-3.10417875e-01,2.56942357e-02,1.10328652e-01,2.49285400e+00,0.00000000e+00,1.38399624e-01,1.22210495e-02,1.35631632e+02,1.19766285e+01
2.14400000e+00,-2.33360728e-02,-3.14125105e-01,2.59087862e-02,1.04116920e-01,2.49285400e+00,0.00000000e+00,1.37447339e-01,1.17101263e-02,1.34698393e+02,1.14759238e+01
2.14600000e+00,-2.39678006e-02,-3.17563015e-01,2.61104798e-02,9.75698445e-02,2.49285400e+00,0.00000000e+00,1.37249088e-01,1.18079676e-02,1.34504106e+02,1.15718083e+01
2.14800000e+00,-2.46062088e-02,-3.20826843e-01,2.62991721e-02,9.11824893e-02,2.49285400e+00,0.00000000e+00,1.38577604e-01,1.23175711e-02,1.35806052e+02,1.20712197e+01
2.15000000e+00,-2.52509893e-02,-3.23912701e-01,2.64752335e-02,8.48308093e-02,2.49285400e+00,0.00000000e+00,1.38341154e-01,1.21369390e-02,1.35574331e+02,1.18942002e+01
2.15200000e+00,-2.59016989e-02,-3.26757575e-01,2.66383393e-02,7.82450749e-02,2.49285400e+00,0.00000000e+00,1.38246612e-01,1.20619747e-02,1.35481680e+02,1.18207352e+01
2.15400000e+00,-2.65578656e-02,-3.29371408e-01,2.67881197e-02,7.15181665e-02,2.49285400e+00,0.00000000e+00,1.38287962e-01,1.20573253e-02,1.35522203e+02,1.18161788e+01
2.15600000e+00,-2.72190363e-02,-3.31762833e-01,2.69243622e-02,6.47166575e-02,2.49285400e+00,0.00000000e+00,1.38436913e-01,1.21027930e-02,1.35668175e+02,1.18607372e+01
2.15800000e+00,-2.78847696e-02,-3.33933365e-01,2.70469484e-02,5.78582223e-02,2.49285400e+00,0.00000000e+00,1.38551841e-01,1.21157550e-02,1.35780804e+02,1.18734399e+01
2.16000000e+00,-2.85546192e-02,-3.35878057e-01,2.71557512e-02,5.09339585e-02,2.49285400e+00,0.00000000e+00,1.38619701e-01,1.21228733e-02,1.35847307e+02,1.18804158e+01
2.16200000e+00,-2.92281284e-02,-3.37592613e-01,2.72506422e-02,4.39467186e-02,2.49285400e+00,0.00000000e+00,1.38665058e-01,1.21219744e-02,1.35891757e+02,1.18795349e+01
2.16400000e+00,-2.99048117e-02,-3.39040350e-01,2.73314115e-02,3.67695856e-02,2.49285400e+00,0.00000000e+00,1.37902666e-01,1.18425797e-02,1.35144613e+02,1.16057281e+01
2.16600000e+00,-3.05841009e-02,-3.40204747e-01,2.73976194e-02,2.94406867e-02,2.49285400e+00,0.00000000e+00,1.37584438e-01,1.19009927e-02,1.34832749e+02,1.16629728e+01
2.16800000e+00,-3.12654815e-02,-3.41145315e-01,2.74492619e-02,2.22432816e-02,2.49285400e+00,0.00000000e+00,1.38230731e-01,1.21953149e-02,1.35466116e+02,1.19514086e+01
2.17000000e+00,-3.19485299e-02,-3.41857501e-01,2.74866282e-02,1.50993162e-02,2.49285400e+00,0.00000000e+00,1.37820547e-01,1.20694496e-02,1.35064136e+02,1.18280606e+01
2.17200000e+00,-3.26327349e-02,-3.42304804e-01,2.75095945e-02,7.85835440e-03,2.49285400e+00,0.00000000e+00,1.37624443e-01,1.20274802e-02,1.34871954e+02,1.17869306e+01
2.17400000e+00,-3.33175804e-02,-3.42499023e-01,2.75180426e-02,5.88949179e-04,2.49285400e+00,0.00000000e+00,1.37496292e-01,1.20247824e-02,1.34746366e+02,1.17842867e+01
2.17600000e+00,-3.40025652e-02,-3.42444624e-01,2.75119597e-02,-6.66629384e-03,2.49285400e+00,0.00000000e+00,1.37406661e-01,1.20514804e-02,1.34658528e+02,1.18104508e+01
2.17800000e+00,-3.46871962e-02,-3.42146114e-01,2.74913965e-02,-1.38929009e-02,2.49285400e+00,0.00000000e+00,1.37381931e-01,1.20584645e-02,1.34634293e+02,1.18172952e+01
2.18000000e+00,-3.53709844e-02,-3.41599751e-01,2.74564007e-02,-2.11006570e-02,2.49285400e+00,0.00000000e+00,1.37198994e-01,1.20439974e-02,1.34455014e+02,1.18031174e+01
2.18200000e+00,-3.60534307e-02,-3.40806687e-01,2.74070206e-02,-2.82682887e-02,2.49285400e+00,0.00000000e+00,1.37191266e-01,1.20750729e-02,1.34447441e+02,1.18335714e+01
2.18400000e+00,-3.67340225e-02,-3.39730619e-01,2.73433034e-02,-3.54721356e-02,2.49285400e+00,0.00000000e+00,1.36145956e-01,1.18798879e-02,1.33423036e+02,1.16422901e+01
2.18600000e+00,-3.74121662e-02,-3.38374186e-01,2.72651497e-02,-4.26496389e-02,2.49285400e+00,0.00000000e+00,1.36181118e-01,1.20216626e-02,1.33457496e+02,1.17812294e+01
2.18800000e+00,-3.80873556e-02,-3.36772317e-01,2.71727961e-02,-4.96902620e-02,2.49285400e+00,0.00000000e+00,1.35928875e-01,1.20381453e-02,1.33210297e+02,1.17973824e+01
2.19000000e+00,-3.87590807e-02,-3.34908269e-01,2.70664255e-02,-5.66756162e-02,2.49285400e+00,0.00000000e+00,1.35545608e-01,1.19885671e-02,1.32834696e+02,1.17487958e+01
2.19200000e+00,-3.94268149e-02,-3.32783500e-01,2.69461375e-02,-6.35952620e-02,2.49285400e+00,0.00000000e+00,1.35295892e-01,1.20070586e-02,1.32589974e+02,1.17669174e+01
2.19400000e+00,-4.00900471e-02,-3.30407281e-01,2.68121131e-02,-7.04118843e-02,2.49285400e+00,0.00000000e+00,1.35093556e-01,1.20161397e-02,1.32391685e+02,1.17758169e+01
2.19600000e+00,-4.07482764e-02,-3.27779716e-01,2.66645665e-02,-7.71135936e-02,2.49285400e+00,0.00000000e+00,1.34806465e-01,1.20402242e-02,1.32110336e+02,1.17994197e+01
2.19800000e+00,-4.14009975e-02,-3.24899443e-01,2.65037311e-02,-8.37067528e-02,2.49285400e+00,0.00000000e+00,1.34528354e-01,1.20169190e-02,1.31837787e+02,1.17765806e+01
2.20000000e+00,-4.20477090e-02,-3.21771417e-01,2.63298118e-02,-9.01915411e-02,2.49285400e+00,0.00000000e+00,1.34309021e-01,1.20218938e-02,1.31622841e+02,1.17814560e+01
2.20200000e+00,-4.26879197e-02,-3.18398202e-01,2.61430597e-02,-9.65342854e-02,2.49285400e+00,0.00000000e+00,1.34038739e-01,1.20508808e-02,1.31357964e+02,1.18098632e+01
2.20400000e+00,-4.33211125e-02,-3.14741097e-01,2.59437383e-02,-1.02781564e-01,2.49285400e+00,0.00000000e+00,1.32858906e-01,1.19400827e-02,1.30201728e+02,1.17012811e+01
2.20600000e+00,-4.39467163e-02,-3.10832463e-01,2.57320698e-02,-1.08824275e-01,2.49285400e+00,0.00000000e+00,1.33283976e-01,1.21803779e-02,1.30618297e+02,1.19367703e+01
2.20800000e+00,-4.45642829e-02,-3.06684534e-01,2.55085402e-02,-1.14718400e-01,2.49285400e+00,0.00000000e+00,1.32325275e-01,1.19350389e-02,1.29678770e+02,1.16963381e+01
2.21000000e+00,-4.51732755e-02,-3.02268184e-01,2.52732264e-02,-1.20567257e-01,2.49285400e+00,0.00000000e+00,1.32000947e-01,1.19416287e-02,1.29360928e+02,1.17027961e+01
2.21200000e+00,-4.57732025e-02,-2.97622186e-01,2.50264084e-02,-1.26210385e-01,2.49285400e+00,0.00000000e+00,1.31875186e-01,1.20165882e-02,1.29237682e+02,1.17762564e+01
2.21400000e+00,-4.63636093e-02,-2.92743817e-01,2.47685244e-02,-1.31644264e-01,2.49285400e+00,0.00000000e+00,1.31410444e-01,1.20146689e-02,1.28782235e+02,1.17743755e+01
2.21600000e+00,-4.69440181e-02,-2.87625958e-01,2.44999450e-02,-1.36907674e-01,2.49285400e+00,0.00000000e+00,1.31037687e-01,1.19928744e-02,1.28416934e+02,1.17530169e+01
2.21800000e+00,-4.75139598e-02,-2.82277988e-01,2.42210137e-02,-1.41991026e-01,2.49285400e+00,0.00000000e+00,1.30707633e-01,1.19962286e-02,1.28093481e+02,1.17563040e+01
2.22000000e+00,-4.80729800e-02,-2.76705038e-01,2.39321058e-02,-1.46886996e-01,2.49285400e+00,0.00000000e+00,1.30366540e-01,1.19754710e-02,1.27759209e+02,1.17359616e+01
2.22200000e+00,-4.86206320e-02,-2.70910286e-01,2.36336094e-02,-1.51567485e-01,2.49285400e+00,0.00000000e+00,1.30018809e-01,1.20240305e-02,1.27418433e+02,1.17835499e+01
2.22400000e+00,-4.91564568e-02,-2.64869018e-01,2.33260071e-02,-1.55991204e-01,2.49285400e+00,0.00000000e+00,1.29004693e-01,1.20768224e-02,1.26424599e+02,1.18352859e+01
2.22600000e+00,-4.96799765e-02,-2.58630411e-01,2.30098974e-02,-1.60035799e-01,2.49285400e+00,0.00000000e+00,1.29706523e-01,1.23699120e-02,1.27112392e+02,1.21225138e+01
2.22800000e+00,-5.01908294e-02,-2.52168168e-01,2.26859445e-02,-1.63959425e-01,2.49285400e+00,0.00000000e+00,1.27975293e-01,1.18695292e-02,1.25415787e+02,1.16321386e+01
2.23000000e+00,-5.06884749e-02,-2.45444537e-01,2.23540763e-02,-1.67858161e-01,2.49285400e+00,0.00000000e+00,1.27688299e-01,1.19496722e-02,1.25134533e+02,1.17106787e+01
2.23200000e+00,-5.11724836e-02,-2.38535106e-01,2.20147284e-02,-1.71432129e-01,2.49285400e+00,0.00000000e+00,1.27612809e-01,1.20679163e-02,1.25060553e+02,1.18265580e+01
2.23400000e+00,-5.16424919e-02,-2.31440545e-01,2.16685393e-02,-1.74718803e-01,2.49285400e+00,0.00000000e+00,1.27227949e-01,1.20595053e-02,1.24683390e+02,1.18183152e+01
2.23600000e+00,-5.20981163e-02,-2.24151703e-01,2.13160003e-02,-1.77784821e-01,2.49285400e+00,0.00000000e+00,1.26821968e-01,1.20287116e-02,1.24285528e+02,1.17881374e+01
2.23800000e+00,-5.25389776e-02,-2.16681120e-01,2.09575612e-02,-1.80609100e-01,2.49285400e+00,0.00000000e+00,1.26610380e-01,1.20560307e-02,1.24078173e+02,1.18149101e+01
2.24000000e+00,-5.29647184e-02,-2.09026954e-01,2.05937349e-02,-1.83176967e-01,2.49285400e+00,0.00000000e+00,1.26038684e-01,1.20482327e-02,1.23517910e+02,1.18072681e+01
2.24200000e+00,-5.33749650e-02,-2.01192123e-01,2.02250224e-02,-1.85491277e-01,2.49285400e+00,0.00000000e+00,1.25769514e-01,1.20624798e-02,1.23254124e+02,1.18212302e+01
2.24400000e+00,-5.37693623e-02,-1.93170493e-01,1.98520536e-02,-1.87379979e-01,2.49285400e+00,0.00000000e+00,1.24925872e-01,1.24095806e-02,1.22427355e+02,1.21613890e+01
2.24600000e+00,-5.41475549e-02,-1.85010785e-01,1.94758186e-02,-1.88794543e-01,2.49285400e+00,0.00000000e+00,1.25663529e-01,1.25208224e-02,1.23150258e+02,1.22704059e+01
2.24800000e+00,-5.45092827e-02,-1.76666896e-01,1.90968617e-02,-1.90229580e-01,2.49285400e+00,0.00000000e+00,1.23608796e-01,1.18257966e-02,1.21136620e+02,1.15892807e+01
2.25000000e+00,-5.48540839e-02,-1.68115194e-01,1.87149193e-02,-1.91636068e-01,2.49285400e+00,0.00000000e+00,1.23657000e-01,1.20357212e-02,1.21183860e+02,1.17950068e+01
2.25200000e+00,-5.51816639e-02,-1.59444099e-01,1.83305880e-02,-1.92636773e-01,2.49285400e+00,0.00000000e+00,1.23528352e-01,1.21289216e-02,1.21057785e+02,1.18863432e+01
2.25400000e+00,-5.54917734e-02,-1.50642726e-01,1.79445708e-02,-1.93339654e-01,2.49285400e+00,0.00000000e+00,1.23180066e-01,1.21097063e-02,1.20716465e+02,1.18675121e+01
2.25600000e+00,-5.57841462e-02,-1.41708530e-01,1.75573916e-02,-1.93799272e-01,2.49285400e+00,0.00000000e+00,1.22847757e-01,1.20866220e-02,1.20390802e+02,1.18448895e+01
2.25800000e+00,-5.60585203e-02,-1.32643414e-01,1.71695395e-02,-1.94010201e-01,2.49285400e+00,0.00000000e+00,1.22397490e-01,1.20777334e-02,1.19949540e+02,1.18361787e+01
2.26000000e+00,-5.63146409e-02,-1.23459902e-01,1.67815383e-02,-1.93939941e-01,2.49285400e+00,0.00000000e+00,1.22209353e-01,1.21225423e-02,1.19765166e+02,1.18800914e+01
2.26200000e+00,-5.65522895e-02,-1.14170840e-01,1.63939787e-02,-1.93571246e-01,2.49285400e+00,0.00000000e+00,1.21908878e-01,1.21503623e-02,1.19470701e+02,1.19073550e+01
2.26400000e+00,-5.67712628e-02,-1.04789553e-01,1.60076463e-02,-1.92613125e-01,2.49285400e+00,0.00000000e+00,1.21880097e-01,1.28075142e-02,1.19442496e+02,1.25513639e+01
2.26600000e+00,-5.69714086e-02,-9.53495956e-02,1.56238711e-02,-1.91137791e-01,2.49285400e+00,0.00000000e+00,1.22210251e-01,1.26871509e-02,1.19766046e+02,1.24334079e+01
2.26800000e+00,-5.71525581e-02,-8.57549669e-02,1.52429334e-02,-1.89905060e-01,2.49285400e+00,0.00000000e+00,1.19783586e-01,1.17535485e-02,1.17387914e+02,1.15184775e+01
2.27000000e+00,-5.73143311e-02,-7.60142405e-02,1.48642618e-02,-1.88655866e-01,2.49285400e+00,0.00000000e+00,1.20156673e-01,1.21802812e-02,1.17753540e+02,1.19366756e+01
2.27200000e+00,-5.74565949e-02,-6.62434052e-02,1.44886549e-02,-1.86889151e-01,2.49285400e+00,0.00000000e+00,1.20281217e-01,1.23025469e-02,1.17875592e+02,1.20564960e+01
2.27400000e+00,-5.75792651e-02,-5.64131209e-02,1.41168857e-02,-1.84851770e-01,2.49285400e+00,0.00000000e+00,1.19808962e-01,1.22164926e-02,1.17412783e+02,1.19721628e+01
2.27600000e+00,-5.76821993e-02,-4.65106837e-02,1.37493754e-02,-1.82623040e-01,2.49285400e+00,0.00000000e+00,1.19475851e-01,1.21782787e-02,1.17086334e+02,1.19347131e+01
2.27800000e+00,-5.77652724e-02,-3.65551396e-02,1.33865542e-02,-1.80153366e-01,2.49285400e+00,0.00000000e+00,1.19286748e-01,1.22029291e-02,1.16901014e+02,1.19588705e+01
2.28000000e+00,-5.78283941e-02,-2.65609107e-02,1.30289495e-02,-1.77402423e-01,2.49285400e+00,0.00000000e+00,1.19127938e-01,1.22566961e-02,1.16745379e+02,1.20115622e+01
2.28200000e+00,-5.78714913e-02,-1.65295872e-02,1.26771073e-02,-1.74407266e-01,2.49285400e+00,0.00000000e+00,1.18812677e-01,1.22116916e-02,1.16436423e+02,1.19674578e+01
2.28400000e+00,-5.78945213e-02,-6.51148884e-03,1.23317573e-02,-1.70756923e-01,2.49285400e+00,0.00000000e+00,1.19665909e-01,1.31371629e-02,1.17272591e+02,1.28744196e+01
2.28600000e+00,-5.78975660e-02,3.46356374e-03,1.19944478e-02,-1.66554352e-01,2.49285400e+00,0.00000000e+00,1.19884125e-01,1.28872328e-02,1.17486443e+02,1.26294882e+01
2.28800000e+00,-5.78805897e-02,1.35545611e-02,1.16652533e-02,-1.62781620e-01,2.49285400e+00,0.00000000e+00,1.16859022e-01,1.17630525e-02,1.14521841e+02,1.15277914e+01
2.29000000e+00,-5.78432977e-02,2.37206413e-02,1.13432860e-02,-1.59061833e-01,2.49285400e+00,0.00000000e+00,1.17866779e-01,1.23146818e-02,1.15509443e+02,1.20683882e+01
2.29200000e+00,-5.77857506e-02,3.38215898e-02,1.10293575e-02,-1.54814816e-01,2.49285400e+00,0.00000000e+00,1.17952451e-01,1.24195263e-02,1.15593402e+02,1.21711358e+01
2.29400000e+00,-5.77080231e-02,4.39047875e-02,1.07241669e-02,-1.50357689e-01,2.49285400e+00,0.00000000e+00,1.17688218e-01,1.23179054e-02,1.15334454e+02,1.20715473e+01
2.29600000e+00,-5.76101416e-02,5.39727170e-02,1.04280170e-02,-1.45765197e-01,2.49285400e+00,0.00000000e+00,1.17551307e-01,1.22787236e-02,1.15200281e+02,1.20331491e+01
2.29800000e+00,-5.74921496e-02,6.40147142e-02,1.01412369e-02,-1.40976445e-01,2.49285400e+00,0.00000000e+00,1.17371991e-01,1.23182304e-02,1.15024551e+02,1.20718658e+01
2.30000000e+00,-5.73541085e-02,7.40179874e-02,9.86426299e-03,-1.35960028e-01,2.49285400e+00,0.00000000e+00,1.17370184e-01,1.23588830e-02,1.15022780e+02,1.21117053e+01
2.30200000e+00,-5.71961137e-02,8.39671644e-02,9.59752894e-03,-1.30745446e-01,2.49285400e+00,0.00000000e+00,1.17386970e-01,1.23510134e-02,1.15039231e+02,1.21039932e+01
2.30400000e+00,-5.70182956e-02,9.38327394e-02,9.34171138e-03,-1.24885690e-01,2.49285400e+00,0.00000000e+00,1.17912505e-01,1.33453352e-02,1.15554255e+02,1.30784285e+01
2.30600000e+00,-5.68208652e-02,1.03574555e-01,9.09832265e-03,-1.18521258e-01,2.49285400e+00,0.00000000e+00,1.18707087e-01,1.30600259e-02,1.16332945e+02,1.27988254e+01
2.30800000e+00,-5.66039766e-02,1.13347654e-01,8.86721911e-03,-1.12767597e-01,2.49285400e+00,0.00000000e+00,1.15450716e-01,1.17307535e-02,1.13141702e+02,1.14961384e+01
2.31000000e+00,-5.63674753e-02,1.23119642e-01,8.64717814e-03,-1.07125146e-01,2.49285400e+00,0.00000000e+00,1.16842453e-01,1.25100097e-02,1.14505604e+02,1.22598095e+01
2.31200000e+00,-5.61116034e-02,1.32733469e-01,8.43908810e-03,-1.00928387e-01,2.49285400e+00,0.00000000e+00,1.17097081e-01,1.25944609e-02,1.14755139e+02,1.23425717e+01
2.31400000e+00,-5.58366076e-02,1.42248178e-01,8.24354166e-03,-9.46160417e-02,2.49285400e+00,0.00000000e+00,1.16952632e-01,1.24706969e-02,1.14613580e+02,1.22212830e+01
2.31600000e+00,-5.55426689e-02,1.51675577e-01,8.06063663e-03,-8.82846550e-02,2.49285400e+00,0.00000000e+00,1.16776301e-01,1.23705540e-02,1.14440775e+02,1.21231429e+01
2.31800000e+00,-5.52299753e-02,1.60997955e-01,7.89046231e-03,-8.18643700e-02,2.49285400e+00,0.00000000e+00,1.16892234e-01,1.24115783e-02,1.14554389e+02,1.21633467e+01
2.32000000e+00,-5.48987621e-02,1.70192917e-01,7.73328029e-03,-7.52923965e-02,2.49285400e+00,0.00000000e+00,1.17087512e-01,1.24617306e-02,1.14745761e+02,1.22124960e+01
2.32200000e+00,-5.45492908e-02,1.79257030e-01,7.58937025e-03,-6.86041405e-02,2.49285400e+00,0.00000000e+00,1.17134085e-01,1.24473451e-02,1.14791403e+02,1.21983982e+01
2.32400000e+00,-5.41818463e-02,1.88152572e-01,7.45921659e-03,-6.13866630e-02,2.49285400e+00,0.00000000e+00,1.18063487e-01,1.33837541e-02,1.15702218e+02,1.31160790e+01
2.32600000e+00,-5.37968196e-02,1.96839479e-01,7.34412887e-03,-5.37113127e-02,2.49285400e+00,0.00000000e+00,1.18901829e-01,1.32408728e-02,1.16523792e+02,1.29760553e+01
2.32800000e+00,-5.33944993e-02,2.05510090e-01,7.24391155e-03,-4.67255382e-02,2.49285400e+00,0.00000000e+00,1.15195320e-01,1.17902249e-02,1.12891413e+02,1.15544204e+01
2.33000000e+00,-5.29748136e-02,2.14129228e-01,7.15704223e-03,-4.00165064e-02,2.49285400e+00,0.00000000e+00,1.16713985e-01,1.25332040e-02,1.14379705e+02,1.22825399e+01
2.33200000e+00,-5.25381457e-02,2.22503376e-01,7.08416800e-03,-3.28238047e-02,2.49285400e+00,0.00000000e+00,1.17389769e-01,1.26984208e-02,1.15041973e+02,1.24444524e+01
2.33400000e+00,-5.20849229e-02,2.30693326e-01,7.02578572e-03,-2.55730412e-02,2.49285400e+00,0.00000000e+00,1.17351954e-01,1.25687071e-02,1.15004915e+02,1.23173329e+01
2.33600000e+00,-5.16154823e-02,2.38718479e-01,6.98182375e-03,-1.84004051e-02,2.49285400e+00,0.00000000e+00,1.17441345e-01,1.24686962e-02,1.15092518e+02,1.22193223e+01
2.33800000e+00,-5.11301766e-02,2.46552194e-01,6.95218052e-03,-1.12331415e-02,2.49285400e+00,0.00000000e+00,1.17895797e-01,1.25121611e-02,1.15537881e+02,1.22619178e+01
2.34000000e+00,-5.06294136e-02,2.54175822e-01,6.93692903e-03,-4.00911059e-03,2.49285400e+00,0.00000000e+00,1.18293914e-01,1.25631184e-02,1.15928036e+02,1.23118560e+01
2.34200000e+00,-5.01136059e-02,2.61600581e-01,6.93615503e-03,3.23134545e-03,2.49285400e+00,0.00000000e+00,1.18362584e-01,1.25425748e-02,1.15995332e+02,1.22917234e+01
2.34400000e+00,-4.95831382e-02,2.68834831e-01,6.95006142e-03,1.07822606e-02,2.49285400e+00,0.00000000e+00,1.18444937e-01,1.32316006e-02,1.16076039e+02,1.29669686e+01
2.34600000e+00,-4.90384485e-02,2.75796193e-01,6.97951687e-03,1.86823492e-02,2.49285400e+00,0.00000000e+00,1.20321446e-01,1.33143488e-02,1.17915017e+02,1.30480618e+01
2.34800000e+00,-4.84800442e-02,2.82621458e-01,7.02435082e-03,2.59225464e-02,2.49285400e+00,0.00000000e+00,1.17094559e-01,1.19074873e-02,1.14752667e+02,1.16693376e+01
2.35000000e+00,-4.79080482e-02,2.89318555e-01,7.08293663e-03,3.27571060e-02,2.49285400e+00,0.00000000e+00,1.18674631e-01,1.25438579e-02,1.16301138e+02,1.22929807e+01
2.35200000e+00,-4.73229704e-02,2.95715025e-01,7.15559444e-03,3.99144334e-02,2.49285400e+00,0.00000000e+00,1.19369525e-01,1.26858583e-02,1.16982134e+02,1.24321411e+01
2.35400000e+00,-4.67253491e-02,3.01869997e-01,7.24256476e-03,4.70273678e-02,2.49285400e+00,0.00000000e+00,1.19464535e-01,1.25720053e-02,1.17075245e+02,1.23205652e+01
2.35600000e+00,-4.61156398e-02,3.07800992e-01,7.34360556e-03,5.39927853e-02,2.49285400e+00,0.00000000e+00,1.19650429e-01,1.25177129e-02,1.17257420e+02,1.22673587e+01
2.35800000e+00,-4.54943074e-02,3.13488572e-01,7.45848502e-03,6.08818840e-02,2.49285400e+00,0.00000000e+00,1.20103784e-01,1.25731114e-02,1.17701709e+02,1.23216492e+01
2.36000000e+00,-4.48618577e-02,3.18917823e-01,7.58710299e-03,6.77258311e-02,2.49285400e+00,0.00000000e+00,1.20546370e-01,1.26038821e-02,1.18135443e+02,1.23518045e+01
2.36200000e+00,-4.42188093e-02,3.24087210e-01,7.72934263e-03,7.45012105e-02,2.49285400e+00,0.00000000e+00,1.20948015e-01,1.26296164e-02,1.18529055e+02,1.23770241e+01
2.36400000e+00,-4.35656545e-02,3.29038150e-01,7.88516258e-03,8.13586968e-02,2.49285400e+00,0.00000000e+00,1.20339354e-01,1.29960421e-02,1.17932567e+02,1.27361212e+01
2.36600000e+00,-4.29028642e-02,3.33677904e-01,8.05491852e-03,8.84278258e-02,2.49285400e+00,0.00000000e+00,1.22828315e-01,1.33134904e-02,1.20371749e+02,1.30472206e+01
2.36800000e+00,-4.22310923e-02,3.38093515e-01,8.23850291e-03,9.49405945e-02,2.49285400e+00,0.00000000e+00,1.20111158e-01,1.20877578e-02,1.17708935e+02,1.18460027e+01
2.37000000e+00,-4.15506050e-02,3.42336883e-01,8.43434697e-03,1.00952495e-01,2.49285400e+00,0.00000000e+00,1.21315724e-01,1.25395113e-02,1.18889410e+02,1.22887211e+01
2.37200000e+00,-4.08619629e-02,3.46253127e-01,8.64240966e-03,1.07109531e-01,2.49285400e+00,0.00000000e+00,1.22149792e-01,1.26871148e-02,1.19706797e+02,1.24333725e+01
2.37400000e+00,-4.01657894e-02,3.49874020e-01,8.86272326e-03,1.13173822e-01,2.49285400e+00,0.00000000e+00,1.22549232e-01,1.26570869e-02,1.20098247e+02,1.24039451e+01
2.37600000e+00,-3.94626435e-02,3.53229833e-01,9.09495816e-03,1.19017964e-01,2.49285400e+00,0.00000000e+00,1.22617911e-01,1.25543843e-02,1.20165553e+02,1.23032966e+01
2.37800000e+00,-3.87530512e-02,3.56313991e-01,9.33866596e-03,1.24668392e-01,2.49285400e+00,0.00000000e+00,1.23117286e-01,1.25963172e-02,1.20654941e+02,1.23443909e+01
2.38000000e+00,-3.80375785e-02,3.59111837e-01,9.59353347e-03,1.30171453e-01,2.49285400e+00,0.00000000e+00,1.23479279e-01,1.26069021e-02,1.21009694e+02,1.23547640e+01
2.38200000e+00,-3.73168007e-02,3.61614467e-01,9.85925054e-03,1.35522680e-01,2.49285400e+00,0.00000000e+00,1.24142220e-01,1.26550176e-02,1.21659376e+02,1.24019172e+01
2.38400000e+00,-3.65912646e-02,3.63901045e-01,1.01355102e-02,1.40702911e-01,2.49285400e+00,0.00000000e+00,1.22614504e-01,1.26405098e-02,1.20162214e+02,1.23876996e+01
2.38600000e+00,-3.58614135e-02,3.65862105e-01,1.04221137e-02,1.45960421e-01,2.49285400e+00,0.00000000e+00,1.25799127e-01,1.32245394e-02,1.23283144e+02,1.29600486e+01
2.38800000e+00,-3.51280201e-02,3.67517326e-01,1.07190951e-02,1.50832852e-01,2.49285400e+00,0.00000000e+00,1.23781061e-01,1.22544216e-02,1.21305440e+02,1.20093331e+01
2.39000000e+00,-3.43914798e-02,3.68969168e-01,1.10250739e-02,1.55148507e-01,2.49285400e+00,0.00000000e+00,1.24545135e-01,1.24912183e-02,1.22054232e+02,1.22413939e+01
2.39200000e+00,-3.36523593e-02,3.70097252e-01,1.13396655e-02,1.59428690e-01,2.49285400e+00,0.00000000e+00,1.25317627e-01,1.26276304e-02,1.22811274e+02,1.23750778e+01
2.39400000e+00,-3.29112948e-02,3.70919259e-01,1.16626810e-02,1.63547454e-01,2.49285400e+00,0.00000000e+00,1.25651359e-01,1.26121518e-02,1.23138332e+02,1.23599088e+01
2.39600000e+00,-3.21688733e-02,3.71454712e-01,1.19936766e-02,1.67398194e-01,2.49285400e+00,0.00000000e+00,1.25955462e-01,1.25363062e-02,1.23436353e+02,1.22855801e+01
2.39800000e+00,-3.14256690e-02,3.71700612e-01,1.23321036e-02,1.70993656e-01,2.49285400e+00,0.00000000e+00,1.26351644e-01,1.25583080e-02,1.23824611e+02,1.23071418e+01
2.40000000e+00,-3.06822690e-02,3.71649341e-01,1.26775114e-02,1.74379406e-01,2.49285400e+00,0.00000000e+00,1.26831004e-01,1.25881652e-02,1.24294384e+02,1.23364019e+01
2.40200000e+00,-2.99392693e-02,3.71301679e-01,1.30294678e-02,1.77534950e-01,2.49285400e+00,0.00000000e+00,1.27210998e-01,1.25765938e-02,1.24666778e+02,1.23250619e+01
2.40400000e+00,-2.91971925e-02,3.70758624e-01,1.33873974e-02,1.80309856e-01,2.49285400e+00,0.00000000e+00,1.25336872e-01,1.22993673e-02,1.22830134e+02,1.20533799e+01
2.40600000e+00,-2.84564484e-02,3.69895138e-01,1.37507060e-02,1.83082924e-01,2.49285400e+00,0.00000000e+00,1.28648593e-01,1.30906512e-02,1.26075621e+02,1.28288382e+01
2.40800000e+00,-2.77178327e-02,3.68700575e-01,1.41195735e-02,1.85622691e-01,2.49285400e+00,0.00000000e+00,1.27038954e-01,1.23355169e-02,1.24498175e+02,1.20888065e+01
2.41000000e+00,-2.69817844e-02,3.67298541e-01,1.44928017e-02,1.87570019e-01,2.49285400e+00,0.00000000e+00,1.27482573e-01,1.23794965e-02,1.24932922e+02,1.21319065e+01
2.41200000e+00,-2.62488417e-02,3.65591729e-01,1.48697462e-02,1.89356244e-01,2.49285400e+00,0.00000000e+00,1.28170834e-01,1.25351161e-02,1.25607417e+02,1.22844138e+01
2.41400000e+00,-2.55196164e-02,3.63586637e-01,1.52500962e-02,1.90946746e-01,2.49285400e+00,0.00000000e+00,1.28491712e-01,1.25113625e-02,1.25921878e+02,1.22611352e+01
2.41600000e+00,-2.47946832e-02,3.61299479e-01,1.56333390e-02,1.92245959e-01,2.49285400e+00,0.00000000e+00,1.28835045e-01,1.24706402e-02,1.26258344e+02,1.22212274e+01
2.41800000e+00,-2.40746048e-02,3.58732799e-01,1.60188919e-02,1.93263042e-01,2.49285400e+00,0.00000000e+00,1.29134882e-01,1.24695268e-02,1.26552184e+02,1.22201363e+01
2.42000000e+00,-2.33599396e-02,3.55884792e-01,1.64062278e-02,1.94035141e-01,2.49285400e+00,0.00000000e+00,1.29563514e-01,1.25094240e-02,1.26972243e+02,1.22592355e+01
2.42200000e+00,-2.26512519e-02,3.52757447e-01,1.67948561e-02,1.94542731e-01,2.49285400e+00,0.00000000e+00,1.29864457e-01,1.24692789e-02,1.27267168e+02,1.22198934e+01
2.42400000e+00,-2.19490418e-02,3.49432162e-01,1.71841101e-02,1.94617517e-01,2.49285400e+00,0.00000000e+00,1.28443050e-01,1.21569771e-02,1.25874189e+02,1.19138375e+01
2.42600000e+00,-2.12536999e-02,3.45841964e-01,1.75732176e-02,1.94529433e-01,2.49285400e+00,0.00000000e+00,1.30364119e-01,1.26833337e-02,1.27756836e+02,1.24296670e+01
2.42800000e+00,-2.05658682e-02,3.41960379e-01,1.79621002e-02,1.94249877e-01,2.49285400e+00,0.00000000e+00,1.29621326e-01,1.23106936e-02,1.27028899e+02,1.20644797e+01
2.43000000e+00,-1.98860020e-02,3.37863297e-01,1.83499106e-02,1.93510586e-01,2.49285400e+00,0.00000000e+00,1.29833230e-01,1.22726491e-02,1.27236565e+02,1.20271961e+01
2.43200000e+00,-1.92145910e-02,3.33502191e-01,1.87359882e-02,1.92539888e-01,2.49285400e+00,0.00000000e+00,1.30292330e-01,1.23768910e-02,1.27686483e+02,1.21293531e+01
2.43400000e+00,-1.85521679e-02,3.28879152e-01,1.91199274e-02,1.91355083e-01,2.49285400e+00,0.00000000e+00,1.30527697e-01,1.23721915e-02,1.27917143e+02,1.21247477e+01
2.43600000e+00,-1.78992392e-02,3.24008983e-01,1.95012256e-02,1.89895814e-01,2.49285400e+00,0.00000000e+00,1.30717357e-01,1.23460766e-02,1.28103010e+02,1.20991551e+01
2.43800000e+00,-1.72562948e-02,3.18894664e-01,1.98793316e-02,1.88167934e-01,2.49285400e+00,0.00000000e+00,1.30963581e-01,1.23492163e-02,1.28344309e+02,1.21022320e+01
2.44000000e+00,-1.66238213e-02,3.13539286e-01,2.02537270e-02,1.86184630e-01,2.49285400e+00,0.00000000e+00,1.31165549e-01,1.23455833e-02,1.28542238e+02,1.20986716e+01
2.44200000e+00,-1.60022961e-02,3.07946205e-01,2.06239004e-02,1.83946882e-01,2.49285400e+00,0.00000000e+00,1.31421718e-01,1.23448547e-02,1.28793284e+02,1.20979576e+01
2.44400000e+00,-1.53921766e-02,3.02142961e-01,2.09893020e-02,1.81390382e-01,2.49285400e+00,0.00000000e+00,1.31072355e-01,1.21995421e-02,1.28450908e+02,1.19555512e+01
2.44600000e+00,-1.47938478e-02,2.96154407e-01,2.13492544e-02,1.78522509e-01,2.49285400e+00,0.00000000e+00,1.30843299e-01,1.22066528e-02,1.28226433e+02,1.19625197e+01
2.44800000e+00,-1.42076964e-02,2.89959648e-01,2.17032507e-02,1.75442696e-01,2.49285400e+00,0.00000000e+00,1.31080791e-01,1.22616345e-02,1.28459176e+02,1.20164018e+01
2.45000000e+00,-1.36341500e-02,2.83553662e-01,2.20508640e-02,1.72121152e-01,2.49285400e+00,0.00000000e+00,1.31071058e-01,1.21971856e-02,1.28449637e+02,1.19532419e+01
2.45200000e+00,-1.30736145e-02,2.76948625e-01,2.23915593e-02,1.68535539e-01,2.49285400e+00,0.00000000e+00,1.31129487e-01,1.21955078e-02,1.28506898e+02,1.19515977e+01
2.45400000e+00,-1.25264867e-02,2.70146800e-01,2.27248516e-02,1.64718149e-01,2.49285400e+00,0.00000000e+00,1.31175493e-01,1.21883591e-02,1.28551984e+02,1.19445919e+01
2.45600000e+00,-1.19931564e-02,2.63151344e-01,2.30502818e-02,1.60675624e-01,2.49285400e+00,0.00000000e+00,1.31271982e-01,1.21894845e-02,1.28646543e+02,1.19456948e+01
2.45800000e+00,-1.14740082e-02,2.55965663e-01,2.33674088e-02,1.56415187e-01,2.49285400e+00,0.00000000e+00,1.31353399e-01,1.21857237e-02,1.28726331e+02,1.19420093e+01
2.46000000e+00,-1.09694162e-02,2.48596213e-01,2.36758020e-02,1.51944026e-01,2.49285400e+00,0.00000000e+00,1.31417109e-01,1.21895492e-02,1.28788767e+02,1.19457583e+01
2.46200000e+00,-1.04797419e-02,2.41048856e-01,2.39750458e-02,1.47264154e-01,2.49285400e+00,0.00000000e+00,1.31482585e-01,1.21770246e-02,1.28852933e+02,1.19334841e+01
2.46400000e+00,-1.00053543e-02,2.33301218e-01,2.42647374e-02,1.42402427e-01,2.49285400e+00,0.00000000e+00,1.32193119e-01,1.22236543e-02,1.29549256e+02,1.19791812e+01
2.46600000e+00,-9.54659808e-03,2.25462058e-01,2.45443748e-02,1.37119715e-01,2.49285400e+00,0.00000000e+00,1.29844223e-01,1.16949679e-02,1.27247339e+02,1.14610685e+01
2.46800000e+00,-9.10357390e-03,2.17521207e-01,2.48130725e-02,1.31621399e-01,2.49285400e+00,0.00000000e+00,1.30920610e-01,1.21572180e-02,1.28302198e+02,1.19140737e+01
2.47000000e+00,-8.67664051e-03,2.09389484e-01,2.50708805e-02,1.26153357e-01,2.49285400e+00,0.00000000e+00,1.30786142e-01,1.21290286e-02,1.28170419e+02,1.18864480e+01
2.47200000e+00,-8.26609742e-03,2.01135583e-01,2.53175208e-02,1.20437698e-01,2.49285400e+00,0.00000000e+00,1.30390576e-01,1.19921236e-02,1.27782764e+02,1.17522811e+01
2.47400000e+00,-7.87217624e-03,1.92764591e-01,2.55524811e-02,1.14496751e-01,2.49285400e+00,0.00000000e+00,1.30272504e-01,1.19942228e-02,1.27667054e+02,1.17543384e+01
2.47600000e+00,-7.49512294e-03,1.84267784e-01,2.57754136e-02,1.08414422e-01,2.49285400e+00,0.00000000e+00,1.30217945e-01,1.20163098e-02,1.27613586e+02,1.17759836e+01
2.47800000e+00,-7.13518547e-03,1.75650438e-01,2.59860500e-02,1.02198949e-01,2.49285400e+00,0.00000000e+00,1.30115822e-01,1.20181915e-02,1.27513506e+02,1.17778277e+01
2.48000000e+00,-6.79259592e-03,1.66920995e-01,2.61841199e-02,9.58492094e-02,2.49285400e+00,0.00000000e+00,1.30005157e-01,1.20200226e-02,1.27405054e+02,1.17796222e+01
2.48200000e+00,-6.46757183e-03,1.58086045e-01,2.63693618e-02,8.93719088e-02,2.49285400e+00,0.00000000e+00,1.29891974e-01,1.20177080e-02,1.27294135e+02,1.17773539e+01
2.48400000e+00,-6.16034954e-03,1.49104413e-01,2.65415163e-02,8.27578687e-02,2.49285400e+00,0.00000000e+00,1.30888266e-01,1.19816306e-02,1.28270501e+02,1.17419980e+01
2.48600000e+00,-5.87114969e-03,1.40129514e-01,2.67000762e-02,7.56682312e-02,2.49285400e+00,0.00000000e+00,1.27337057e-01,1.12487817e-02,1.24790316e+02,1.10238061e+01
2.48800000e+00,-5.59984661e-03,1.31131928e-01,2.68441520e-02,6.85227435e-02,2.49285400e+00,0.00000000e+00,1.29167133e-01,1.20731870e-02,1.26583790e+02,1.18317233e+01
2.49000000e+00,-5.34672627e-03,1.21977911e-01,2.69743677e-02,6.16781130e-02,2.49285400e+00,0.00000000e+00,1.28888824e-01,1.20690914e-02,1.26311048e+02,1.18277095e+01
2.49200000e+00,-5.11195754e-03,1.12790030e-01,2.70907162e-02,5.46110304e-02,2.49285400e+00,0.00000000e+00,1.28004474e-01,1.17753323e-02,1.25444384e+02,1.15398257e+01
2.49400000e+00,-4.89558391e-03,1.03575511e-01,2.71926732e-02,4.73359774e-02,2.49285400e+00,0.00000000e+00,1.27707369e-01,1.17811795e-02,1.25153222e+02,1.15455559e+01
2.49600000e+00,-4.69768907e-03,9.43106311e-02,2.72800387e-02,4.00288216e-02,2.49285400e+00,0.00000000e+00,1.27528046e-01,1.18357383e-02,1.24977485e+02,1.15990236e+01
2.49800000e+00,-4.51837119e-03,8.50010395e-02,2.73527761e-02,3.27031416e-02,2.49285400e+00,0.00000000e+00,1.27250363e-01,1.18491958e-02,1.24705356e+02,1.16122119e+01
2.50000000e+00,-4.35770747e-03,7.56576206e-02,2.74108288e-02,2.53438199e-02,2.49285400e+00,0.00000000e+00,1.26968845e-01,1.18510581e-02,1.24429468e+02,1.16140369e+01
2.50200000e+00,-4.21575801e-03,6.62882537e-02,2.74541327e-02,1.79563904e-02,2.49285400e+00,0.00000000e+00,1.26659697e-01,1.18550741e-02,1.24126503e+02,1.16179726e+01
2.50400000e+00,-4.09260809e-03,5.68384333e-02,2.74825701e-02,1.04425562e-02,2.49285400e+00,0.00000000e+00,1.27805052e-01,1.16294105e-02,1.25248951e+02,1.13968222e+01
2.50600000e+00,-3.98834336e-03,4.74799855e-02,2.74956006e-02,2.47527612e-03,2.49285400e+00,0.00000000e+00,1.23635003e-01,1.09251114e-02,1.21162303e+02,1.07066092e+01
2.50800000e+00,-3.90265414e-03,3.81725550e-02,2.74925830e-02,-5.32437165e-03,2.49285400e+00,0.00000000e+00,1.25875567e-01,1.19802124e-02,1.23358056e+02,1.17406082e+01
2.51000000e+00,-3.83572370e-03,2.87592812e-02,2.74746563e-02,-1.25942014e-02,2.49285400e+00,0.00000000e+00,1.25523484e-01,1.20145613e-02,1.23013014e+02,1.17742701e+01
2.51200000e+00,-3.78758210e-03,1.93983724e-02,2.74420966e-02,-2.00283579e-02,2.49285400e+00,0.00000000e+00,1.24220671e-01,1.15917851e-02,1.21736258e+02,1.13599494e+01
2.51400000e+00,-3.75808748e-03,1.01015530e-02,2.73944324e-02,-2.76282858e-02,2.49285400e+00,0.00000000e+00,1.23747144e-01,1.16016202e-02,1.21272201e+02,1.13695878e+01
2.51600000e+00,-3.74715832e-03,8.31087389e-04,2.73316427e-02,-3.51394107e-02,2.49285400e+00,0.00000000e+00,1.23477781e-01,1.16915581e-02,1.21008225e+02,1.14577269e+01
2.51800000e+00,-3.75474360e-03,-8.41008628e-03,2.72539472e-02,-4.25418444e-02,2.49285400e+00,0.00000000e+00,1.23086846e-01,1.17217967e-02,1.20625109e+02,1.14873608e+01
2.52000000e+00,-3.78077047e-03,-1.76089786e-02,2.71615308e-02,-4.98610230e-02,2.49285400e+00,0.00000000e+00,1.22664664e-01,1.17372802e-02,1.20211371e+02,1.15025346e+01
2.52200000e+00,-3.82514560e-03,-2.67569940e-02,2.70545570e-02,-5.70992916e-02,2.49285400e+00,0.00000000e+00,1.22222858e-01,1.17417673e-02,1.19778401e+02,1.15069319e+01
2.52400000e+00,-3.88780762e-03,-3.59187634e-02,2.69330433e-02,-6.44730773e-02,2.49285400e+00,0.00000000e+00,1.23460244e-01,1.12822240e-02,1.20991040e+02,1.10565795e+01
2.52600000e+00,-3.96871588e-03,-4.49233837e-02,2.67964164e-02,-7.22193672e-02,2.49285400e+00,0.00000000e+00,1.19174153e-01,1.07678343e-02,1.16790670e+02,1.05524776e+01
2.52800000e+00,-4.06742418e-03,-5.38125474e-02,2.66444333e-02,-7.95644612e-02,2.49285400e+00,0.00000000e+00,1.21531945e-01,1.19102954e-02,1.19101306e+02,1.16720895e+01
2.53000000e+00,-4.18399990e-03,-6.27524541e-02,2.64786370e-02,-8.61918847e-02,2.49285400e+00,0.00000000e+00,1.21274984e-01,1.20400952e-02,1.18849485e+02,1.17992933e+01
2.53200000e+00,-4.31834817e-03,-7.15636257e-02,2.62996151e-02,-9.28953293e-02,2.49285400e+00,0.00000000e+00,1.19584375e-01,1.14976909e-02,1.17192687e+02,1.12677371e+01
2.53400000e+00,-4.47015702e-03,-8.02287342e-02,2.61069854e-02,-9.97042481e-02,2.49285400e+00,0.00000000e+00,1.19065697e-01,1.15463110e-02,1.16684383e+02,1.13153848e+01
2.53600000e+00,-4.63919830e-03,-8.87966331e-02,2.59009300e-02,-1.06315354e-01,2.49285400e+00,0.00000000e+00,1.18657736e-01,1.16212486e-02,1.16284581e+02,1.13888236e+01
2.53800000e+00,-4.82527560e-03,-9.72626152e-02,2.56818612e-02,-1.12720626e-01,2.49285400e+00,0.00000000e+00,1.18168543e-01,1.16680280e-02,1.15805172e+02,1.14346674e+01
2.54000000e+00,-5.02817266e-03,-1.05614455e-01,2.54501654e-02,-1.18949072e-01,2.49285400e+00,0.00000000e+00,1.17612673e-01,1.16639666e-02,1.15260420e+02,1.14306872e+01
2.54200000e+00,-5.24765322e-03,-1.13845993e-01,2.52061851e-02,-1.24997207e-01,2.49285400e+00,0.00000000e+00,1.17115389e-01,1.17004406e-02,1.14773081e+02,1.14664318e+01
2.54400000e+00,-5.48353480e-03,-1.22044778e-01,2.49501156e-02,-1.31136747e-01,2.49285400e+00,0.00000000e+00,1.18739479e-01,1.11087725e-02,1.16364689e+02,1.08865971e+01
2.54600000e+00,-5.73569650e-03,-1.30039836e-01,2.46814550e-02,-1.37550921e-01,2.49285400e+00,0.00000000e+00,1.14380323e-01,1.07427915e-02,1.12092716e+02,1.05279357e+01
2.54800000e+00,-6.00357040e-03,-1.37849294e-01,2.44002670e-02,-1.43432490e-01,2.49285400e+00,0.00000000e+00,1.16557420e-01,1.18274962e-02,1.14226272e+02,1.15909463e+01
2.55000000e+00,-6.28709539e-03,-1.45661321e-01,2.41083120e-02,-1.48433836e-01,2.49285400e+00,0.00000000e+00,1.16722908e-01,1.21753800e-02,1.14388450e+02,1.19318724e+01
2.55200000e+00,-6.58609306e-03,-1.53289415e-01,2.38065619e-02,-1.53389820e-01,2.49285400e+00,0.00000000e+00,1.14668848e-01,1.14936318e-02,1.12375471e+02,1.12637591e+01
2.55400000e+00,-6.90010328e-03,-1.60692863e-01,2.34946744e-02,-1.58463284e-01,2.49285400e+00,0.00000000e+00,1.14006577e-01,1.14853225e-02,1.11726446e+02,1.12556161e+01
2.55600000e+00,-7.22875811e-03,-1.67936717e-01,2.31728860e-02,-1.63270896e-01,2.49285400e+00,0.00000000e+00,1.13592758e-01,1.15939407e-02,1.11320903e+02,1.13620619e+01
2.55800000e+00,-7.57174543e-03,-1.75023508e-01,2.28417973e-02,-1.67768758e-01,2.49285400e+00,0.00000000e+00,1.13107300e-01,1.16643615e-02,1.10845154e+02,1.14310743e+01
2.56000000e+00,-7.92873968e-03,-1.81941618e-01,2.25019956e-02,-1.71989726e-01,2.49285400e+00,0.00000000e+00,1.12537014e-01,1.16914489e-02,1.10286273e+02,1.14576200e+01
2.56200000e+00,-8.29939471e-03,-1.88683938e-01,2.21540154e-02,-1.75945227e-01,2.49285400e+00,0.00000000e+00,1.11997652e-01,1.17260982e-02,1.09757699e+02,1.14915763e+01
2.56400000e+00,-8.68344280e-03,-1.95377304e-01,2.17982209e-02,-1.79891436e-01,2.49285400e+00,0.00000000e+00,1.14500919e-01,1.12042662e-02,1.12210900e+02,1.09801809e+01
2.56600000e+00,-9.08074861e-03,-2.01837725e-01,2.14343353e-02,-1.84009161e-01,2.49285400e+00,0.00000000e+00,1.09770937e-01,1.08479252e-02,1.07575518e+02,1.06309667e+01
2.56800000e+00,-9.49061913e-03,-2.08036309e-01,2.10625494e-02,-1.87579244e-01,2.49285400e+00,0.00000000e+00,1.11703048e-01,1.18241821e-02,1.09468988e+02,1.15876984e+01
2.57000000e+00,-9.91286262e-03,-2.14188053e-01,2.06846390e-02,-1.90218365e-01,2.49285400e+00,0.00000000e+00,1.12098135e-01,1.22632673e-02,1.09856172e+02,1.20180020e+01
2.57200000e+00,-1.03472246e-02,-2.20119717e-01,2.03017760e-02,-1.92707407e-01,2.49285400e+00,0.00000000e+00,1.10081729e-01,1.15932408e-02,1.07880094e+02,1.13613760e+01
2.57400000e+00,-1.07931578e-02,-2.25775855e-01,1.99137517e-02,-1.95283040e-01,2.49285400e+00,0.00000000e+00,1.09276850e-01,1.15282584e-02,1.07091313e+02,1.12976932e+01
2.57600000e+00,-1.12501904e-02,-2.31225554e-01,1.95208421e-02,-1.97561325e-01,2.49285400e+00,0.00000000e+00,1.08966322e-01,1.16570297e-02,1.06786995e+02,1.14238891e+01
2.57800000e+00,-1.17179280e-02,-2.36477298e-01,1.91237435e-02,-1.99483878e-01,2.49285400e+00,0.00000000e+00,1.08447847e-01,1.17084646e-02,1.06278890e+02,1.14742953e+01
2.58000000e+00,-1.21959573e-02,-2.41515626e-01,1.87231094e-02,-2.01102212e-01,2.49285400e+00,0.00000000e+00,1.07860927e-01,1.17239322e-02,1.05703708e+02,1.14894536e+01
2.58200000e+00,-1.26838464e-02,-2.46337776e-01,1.83195346e-02,-2.02420779e-01,2.49285400e+00,0.00000000e+00,1.07359280e-01,1.17616983e-02,1.05212094e+02,1.15264644e+01
2.58400000e+00,-1.31812867e-02,-2.51127431e-01,1.79135683e-02,-2.03526317e-01,2.49285400e+00,0.00000000e+00,1.11142877e-01,1.15915886e-02,1.08920020e+02,1.13597568e+01
2.58600000e+00,-1.36881980e-02,-2.55679977e-01,1.75053887e-02,-2.04692792e-01,2.49285400e+00,0.00000000e+00,1.05937743e-01,1.10511384e-02,1.03818988e+02,1.08301156e+01
2.58800000e+00,-1.42037867e-02,-2.59902567e-01,1.70950768e-02,-2.05439938e-01,2.49285400e+00,0.00000000e+00,1.07624281e-01,1.18859770e-02,1.05471795e+02,1.16482575e+01
2.59000000e+00,-1.47277494e-02,-2.64036854e-01,1.66842298e-02,-2.05285915e-01,2.49285400e+00,0.00000000e+00,1.08134644e-01,1.23557565e-02,1.05971951e+02,1.21086414e+01
2.59200000e+00,-1.52597724e-02,-2.67928582e-01,1.62740666e-02,-2.04931753e-01,2.49285400e+00,0.00000000e+00,1.06283214e-01,1.17199561e-02,1.04157550e+02,1.14855570e+01
2.59400000e+00,-1.57992696e-02,-2.71529044e-01,1.58644838e-02,-2.04605951e-01,2.49285400e+00,0.00000000e+00,1.05717762e-01,1.17109944e-02,1.03603407e+02,1.14767745e+01
2.59600000e+00,-1.63457365e-02,-2.74901384e-01,1.54558558e-02,-2.03960611e-01,2.49285400e+00,0.00000000e+00,1.05399625e-01,1.18066753e-02,1.03291632e+02,1.15705418e+01
2.59800000e+00,-1.68987260e-02,-2.78050126e-01,1.50488708e-02,-2.02971192e-01,2.49285400e+00,0.00000000e+00,1.04994082e-01,1.18514273e-02,1.02894201e+02,1.16143988e+01
2.60000000e+00,-1.74577842e-02,-2.80969779e-01,1.46441796e-02,-2.01669020e-01,2.49285400e+00,0.00000000e+00,1.04598063e-01,1.18845033e-02,1.02506102e+02,1.16468133e+01
2.60200000e+00,-1.80224494e-02,-2.83655756e-01,1.42423950e-02,-2.00066479e-01,2.49285400e+00,0.00000000e+00,1.04132096e-01,1.19072888e-02,1.02049454e+02,1.16691430e+01
2.60400000e+00,-1.85923963e-02,-2.86325294e-01,1.38441463e-02,-1.98114922e-01,2.49285400e+00,0.00000000e+00,1.08855802e-01,1.20473934e-02,1.06678686e+02,1.18064455e+01
2.60600000e+00,-1.91675940e-02,-2.88760004e-01,1.34499217e-02,-1.96183739e-01,2.49285400e+00,0.00000000e+00,1.03329885e-01,1.13005270e-02,1.01263288e+02,1.10745164e+01
2.60800000e+00,-1.97471897e-02,-2.90824852e-01,1.30595923e-02,-1.93981242e-01,2.49285400e+00,0.00000000e+00,1.04936033e-01,1.20584387e-02,1.02837312e+02,1.18172699e+01
2.61000000e+00,-2.03308206e-02,-2.92780603e-01,1.26745369e-02,-1.90968577e-01,2.49285400e+00,0.00000000e+00,1.05536819e-01,1.24498021e-02,1.03426083e+02,1.22008060e+01
2.61200000e+00,-2.09181544e-02,-2.94499816e-01,1.22958601e-02,-1.87742834e-01,2.49285400e+00,0.00000000e+00,1.04196091e-01,1.19633937e-02,1.02112169e+02,1.17241258e+01
2.61400000e+00,-2.15086302e-02,-2.95934536e-01,1.19235591e-02,-1.84526798e-01,2.49285400e+00,0.00000000e+00,1.03703160e-01,1.18962695e-02,1.01629097e+02,1.16583441e+01
2.61600000e+00,-2.21017360e-02,-2.97134330e-01,1.15579239e-02,-1.81054295e-01,2.49285400e+00,0.00000000e+00,1.03543123e-01,1.19779856e-02,1.01472261e+02,1.17384259e+01
2.61800000e+00,-2.26970168e-02,-2.98108061e-01,1.11995497e-02,-1.77270109e-01,2.49285400e+00,0.00000000e+00,1.03275961e-01,1.20370066e-02,1.01210442e+02,1.17962664e+01
2.62000000e+00,-2.32940133e-02,-2.98849490e-01,1.08490298e-02,-1.73206350e-01,2.49285400e+00,0.00000000e+00,1.02985124e-01,1.20624248e-02,1.00925422e+02,1.18211763e+01
2.62200000e+00,-2.38922582e-02,-2.99356087e-01,1.05068914e-02,-1.68891984e-01,2.49285400e+00,0.00000000e+00,1.02669940e-01,1.20725167e-02,1.00616541e+02,1.18310663e+01
2.62400000e+00,-2.44914573e-02,-2.99892181e-01,1.01738381e-02,-1.64013452e-01,2.49285400e+00,0.00000000e+00,1.08563835e-01,1.27688893e-02,1.06392558e+02,1.25135115e+01
2.62600000e+00,-2.50916822e-02,-3.00211092e-01,9.85081304e-03,-1.59171756e-01,2.49285400e+00,0.00000000e+00,1.02492950e-01,1.15316942e-02,1.00443091e+02,1.13010603e+01
2.62800000e+00,-2.56920338e-02,-3.00128121e-01,9.53712288e-03,-1.54372316e-01,2.49285400e+00,0.00000000e+00,1.04074030e-01,1.22301633e-02,1.01992550e+02,1.19855601e+01
2.63000000e+00,-2.62921152e-02,-2.99925995e-01,9.23378046e-03,-1.48887926e-01,2.49285400e+00,0.00000000e+00,1.04607955e-01,1.25338532e-02,1.02515796e+02,1.22831762e+01
2.63200000e+00,-2.68915865e-02,-2.99497038e-01,8.94167679e-03,-1.43245113e-01,2.49285400e+00,0.00000000e+00,1.03668775e-01,1.21430894e-02,1.01595399e+02,1.19002276e+01
2.63400000e+00,-2.74899310e-02,-2.98809597e-01,8.66079235e-03,-1.37613797e-01,2.49285400e+00,0.00000000e+00,1.03454988e-01,1.21061689e-02,1.01385888e+02,1.18640455e+01
2.63600000e+00,-2.80866807e-02,-2.97905887e-01,8.39135574e-03,-1.31781310e-01,2.49285400e+00,0.00000000e+00,1.03490095e-01,1.21780741e-02,1.01420293e+02,1.19345127e+01
2.63800000e+00,-2.86814128e-02,-2.96789470e-01,8.13381132e-03,-1.25732523e-01,2.49285400e+00,0.00000000e+00,1.03343961e-01,1.21898063e-02,1.01277081e+02,1.19460102e+01
2.64000000e+00,-2.92736949e-02,-2.95457515e-01,7.88854963e-03,-1.19497774e-01,2.49285400e+00,0.00000000e+00,1.03293802e-01,1.22155008e-02,1.01227926e+02,1.19711908e+01
2.64200000e+00,-2.98631018e-02,-2.93914112e-01,7.65593765e-03,-1.13086908e-01,2.49285400e+00,0.00000000e+00,1.03220620e-01,1.22245705e-02,1.01156208e+02,1.19800791e+01
2.64400000e+00,-3.04493678e-02,-2.92395364e-01,7.43660740e-03,-1.06068031e-01,2.49285400e+00,0.00000000e+00,1.08662151e-01,1.31755923e-02,1.06488907e+02,1.29120804e+01
2.64600000e+00,-3.10325574e-02,-2.90687800e-01,7.23162712e-03,-9.91067188e-02,2.49285400e+00,0.00000000e+00,1.03575741e-01,1.18079943e-02,1.01504226e+02,1.15718344e+01
2.64800000e+00,-3.16118817e-02,-2.88624334e-01,7.04000904e-03,-9.24026451e-02,2.49285400e+00,0.00000000e+00,1.05083230e-01,1.23592151e-02,1.02981565e+02,1.21120308e+01
2.65000000e+00,-3.21869800e-02,-2.86448716e-01,6.86234595e-03,-8.52044934e-02,2.49285400e+00,0.00000000e+00,1.05658492e-01,1.25883454e-02,1.03545322e+02,1.23365785e+01
2.65200000e+00,-3.27575485e-02,-2.84080993e-01,6.69925866e-03,-7.79049529e-02,2.49285400e+00,0.00000000e+00,1.05261450e-01,1.23360600e-02,1.03156221e+02,1.20893388e+01
2.65400000e+00,-3.33231623e-02,-2.81500740e-01,6.55071211e-03,-7.06264692e-02,2.49285400e+00,0.00000000e+00,1.05319903e-01,1.23289729e-02,1.03213504e+02,1.20823935e+01
2.65600000e+00,-3.38834293e-02,-2.78737229e-01,6.41682789e-03,-6.32353323e-02,2.49285400e+00,0.00000000e+00,1.05563942e-01,1.23782488e-02,1.03452663e+02,1.21306838e+01
2.65800000e+00,-3.44379935e-02,-2.75797295e-01,6.29784117e-03,-5.57386207e-02,2.49285400e+00,0.00000000e+00,1.05736322e-01,1.23775385e-02,1.03621595e+02,1.21299877e+01
2.66000000e+00,-3.49864991e-02,-2.72678344e-01,6.19392070e-03,-4.81709846e-02,2.49285400e+00,0.00000000e+00,1.05870997e-01,1.23755771e-02,1.03753577e+02,1.21280655e+01
2.66200000e+00,-3.55285879e-02,-2.69380800e-01,6.10520212e-03,-4.05360169e-02,2.49285400e+00,0.00000000e+00,1.06001621e-01,1.23890155e-02,1.03881588e+02,1.21412352e+01
2.66400000e+00,-3.60640122e-02,-2.66068103e-01,6.03209223e-03,-3.24277243e-02,2.49285400e+00,0.00000000e+00,1.09901337e-01,1.32613937e-02,1.07703310e+02,1.29961659e+01
2.66600000e+00,-3.65927666e-02,-2.62614964e-01,5.97545216e-03,-2.43779823e-02,2.49285400e+00,0.00000000e+00,1.07050028e-01,1.21818504e-02,1.04909027e+02,1.19382134e+01
2.66800000e+00,-3.71142996e-02,-2.58903101e-01,5.93435690e-03,-1.66633348e-02,2.49285400e+00,0.00000000e+00,1.08128148e-01,1.24961956e-02,1.05965585e+02,1.22462717e+01
2.67000000e+00,-3.76283157e-02,-2.55096187e-01,5.90897591e-03,-8.68308377e-03,2.49285400e+00,0.00000000e+00,1.09040481e-01,1.26998507e-02,1.06859671e+02,1.24458537e+01
2.67200000e+00,-3.81345941e-02,-2.51153890e-01,5.89965148e-03,-6.62448123e-04,2.49285400e+00,0.00000000e+00,1.09113439e-01,1.25643601e-02,1.06931171e+02,1.23130729e+01
2.67400000e+00,-3.86328254e-02,-2.47052802e-01,5.90627971e-03,7.28858091e-03,2.49285400e+00,0.00000000e+00,1.09413800e-01,1.25599691e-02,1.07225524e+02,1.23087697e+01
2.67600000e+00,-3.91227115e-02,-2.42811130e-01,5.92880390e-03,1.52367458e-02,2.49285400e+00,0.00000000e+00,1.09844646e-01,1.25872820e-02,1.07647753e+02,1.23355363e+01
2.67800000e+00,-3.96039820e-02,-2.38437653e-01,5.96722890e-03,2.31882157e-02,2.49285400e+00,0.00000000e+00,1.10280392e-01,1.26185538e-02,1.08074784e+02,1.23661827e+01
2.68000000e+00,-4.00763701e-02,-2.33926098e-01,6.02151743e-03,3.10806998e-02,2.49285400e+00,0.00000000e+00,1.10492650e-01,1.25377960e-02,1.08282797e+02,1.22870401e+01
2.68200000e+00,-4.05395971e-02,-2.29280675e-01,6.09150059e-03,3.88965385e-02,2.49285400e+00,0.00000000e+00,1.10952591e-01,1.25544586e-02,1.08733539e+02,1.23033694e+01
2.68400000e+00,-4.09934193e-02,-2.24524965e-01,6.17714221e-03,4.67703098e-02,2.49285400e+00,0.00000000e+00,1.11639528e-01,1.27785383e-02,1.09406737e+02,1.25229676e+01
2.68600000e+00,-4.14376483e-02,-2.19696246e-01,6.27857550e-03,5.46345944e-02,2.49285400e+00,0.00000000e+00,1.12892639e-01,1.26762291e-02,1.10634786e+02,1.24227045e+01
2.68800000e+00,-4.18721537e-02,-2.14791667e-01,6.39558721e-03,6.23588284e-02,2.49285400e+00,0.00000000e+00,1.13433777e-01,1.26485713e-02,1.11165102e+02,1.23955999e+01
2.69000000e+00,-4.22967505e-02,-2.09790394e-01,6.52796793e-03,7.00187406e-02,2.49285400e+00,0.00000000e+00,1.14119619e-01,1.27272051e-02,1.11837227e+02,1.24726610e+01
2.69200000e+00,-4.27112543e-02,-2.04697729e-01,6.67562576e-03,7.76240367e-02,2.49285400e+00,0.00000000e+00,1.14702608e-01,1.27417614e-02,1.12408556e+02,1.24869262e+01
2.69400000e+00,-4.31154792e-02,-1.99511681e-01,6.83838381e-03,8.51089398e-02,2.49285400e+00,0.00000000e+00,1.15258412e-01,1.27039462e-02,1.12953244e+02,1.24498673e+01
2.69600000e+00,-4.35092409e-02,-1.94235360e-01,7.01597274e-03,9.24606870e-02,2.49285400e+00,0.00000000e+00,1.15829032e-01,1.27129569e-02,1.13512451e+02,1.24586977e+01
2.69800000e+00,-4.38923638e-02,-1.88873822e-01,7.20814460e-03,9.96895145e-02,2.49285400e+00,0.00000000e+00,1.16416457e-01,1.27175096e-02,1.14088128e+02,1.24631594e+01
2.70000000e+00,-4.42646826e-02,-1.83432002e-01,7.41463745e-03,1.06778341e-01,2.49285400e+00,0.00000000e+00,1.17014580e-01,1.27111803e-02,1.14674288e+02,1.24569567e+01
2.70200000e+00,-4.46260434e-02,-1.77917535e-01,7.63516184e-03,1.13723003e-01,2.49285400e+00,0.00000000e+00,1.17691220e-01,1.27271005e-02,1.15337396e+02,1.24725585e+01
2.70400000e+00,-4.49761971e-02,-1.72169623e-01,7.86921766e-03,1.20200025e-01,2.49285400e+00,0.00000000e+00,1.14441161e-01,1.20612678e-02,1.12152338e+02,1.18200424e+01
2.70600000e+00,-4.53147159e-02,-1.66412673e-01,8.11599089e-03,1.26720428e-01,2.49285400e+00,0.00000000e+00,1.20267229e-01,1.31680917e-02,1.17861885e+02,1.29047299e+01
2.70800000e+00,-4.56419227e-02,-1.60768090e-01,8.37617603e-03,1.33355836e-01,2.49285400e+00,0.00000000e+00,1.19760865e-01,1.26716034e-02,1.17365647e+02,1.24181713e+01
2.71000000e+00,-4.59577276e-02,-1.55032598e-01,8.64914717e-03,1.39590679e-01,2.49285400e+00,0.00000000e+00,1.20744330e-01,1.27147088e-02,1.18329443e+02,1.24604147e+01
2.71200000e+00,-4.62620390e-02,-1.49275945e-01,8.93447115e-03,1.45724135e-01,2.49285400e+00,0.00000000e+00,1.21774055e-01,1.28638894e-02,1.19338574e+02,1.26066116e+01
2.71400000e+00,-4.65548082e-02,-1.43484492e-01,9.23194513e-03,1.51709750e-01,2.49285400e+00,0.00000000e+00,1.22344695e-01,1.28268955e-02,1.19897801e+02,1.25703576e+01
2.71600000e+00,-4.68359483e-02,-1.37650038e-01,9.54114895e-03,1.57453596e-01,2.49285400e+00,0.00000000e+00,1.23088042e-01,1.27957739e-02,1.20626281e+02,1.25398584e+01
2.71800000e+00,-4.71053858e-02,-1.31781841e-01,9.86161094e-03,1.62974598e-01,2.49285400e+00,0.00000000e+00,1.23779642e-01,1.28146819e-02,1.21304050e+02,1.25583882e+01
2.72000000e+00,-4.73630574e-02,-1.25886175e-01,1.01929051e-02,1.68282194e-01,2.49285400e+00,0.00000000e+00,1.24573641e-01,1.28189294e-02,1.22082169e+02,1.25625508e+01
2.72200000e+00,-4.76089182e-02,-1.19971987e-01,1.05345906e-02,1.73366178e-01,2.49285400e+00,0.00000000e+00,1.25377994e-01,1.28313506e-02,1.22870434e+02,1.25747236e+01
2.72400000e+00,-4.78427112e-02,-1.13706678e-01,1.08857349e-02,1.77498034e-01,2.49285400e+00,0.00000000e+00,1.18302505e-01,1.13202481e-02,1.15936455e+02,1.10938432e+01
2.72600000e+00,-4.80637959e-02,-1.07517808e-01,1.12447153e-02,1.81828537e-01,2.49285400e+00,0.00000000e+00,1.28994775e-01,1.37595106e-02,1.26414879e+02,1.34843204e+01
2.72800000e+00,-4.82729802e-02,-1.01625557e-01,1.16133047e-02,1.86542438e-01,2.49285400e+00,0.00000000e+00,1.26965207e-01,1.26495458e-02,1.24425903e+02,1.23965549e+01
2.73000000e+00,-4.84702209e-02,-9.56175579e-02,1.19903796e-02,1.90498230e-01,2.49285400e+00,0.00000000e+00,1.27924700e-01,1.27052892e-02,1.25366206e+02,1.24511834e+01
2.73200000e+00,-4.86554738e-02,-8.96446125e-02,1.23752212e-02,1.94339425e-01,2.49285400e+00,0.00000000e+00,1.29321013e-01,1.29572097e-02,1.26734593e+02,1.26980655e+01
2.73400000e+00,-4.88288203e-02,-8.37029900e-02,1.27676339e-02,1.98025627e-01,2.49285400e+00,0.00000000e+00,1.30095962e-01,1.29390258e-02,1.27494043e+02,1.26802453e+01
2.73600000e+00,-4.89902876e-02,-7.77641468e-02,1.31671132e-02,2.01396183e-01,2.49285400e+00,0.00000000e+00,1.30728298e-01,1.28639533e-02,1.28113732e+02,1.26066742e+01
2.73800000e+00,-4.91398861e-02,-7.18391179e-02,1.35730230e-02,2.04473286e-01,2.49285400e+00,0.00000000e+00,1.31664183e-01,1.29016648e-02,1.29030899e+02,1.26436315e+01
2.74000000e+00,-4.92776631e-02,-6.59426486e-02,1.39848303e-02,2.07286339e-01,2.49285400e+00,0.00000000e+00,1.32544454e-01,1.28968415e-02,1.29893564e+02,1.26389046e+01
2.74200000e+00,-4.94036743e-02,-6.00726442e-02,1.44019849e-02,2.09824318e-01,2.49285400e+00,0.00000000e+00,1.33335239e-01,1.29191657e-02,1.30668534e+02,1.26607823e+01
2.74400000e+00,-4.95176547e-02,-5.37541233e-02,1.48232345e-02,2.11022923e-01,2.49285400e+00,0.00000000e+00,1.23019426e-01,1.06866254e-02,1.20559037e+02,1.04728929e+01
2.74600000e+00,-4.96187782e-02,-4.75667564e-02,1.52462783e-02,2.12523937e-01,2.49285400e+00,0.00000000e+00,1.37251519e-01,1.41578625e-02,1.34506488e+02,1.38747052e+01
2.74800000e+00,-4.97082111e-02,-4.18134914e-02,1.56737172e-02,2.14605319e-01,2.49285400e+00,0.00000000e+00,1.33916570e-01,1.25144714e-02,1.31238239e+02,1.22641820e+01
2.75000000e+00,-4.97859509e-02,-3.59382168e-02,1.61040335e-02,2.15687593e-01,2.49285400e+00,0.00000000e+00,1.35059115e-01,1.26750183e-02,1.32357933e+02,1.24215180e+01
2.75200000e+00,-4.98520218e-02,-3.01496517e-02,1.65364212e-02,2.16700276e-01,2.49285400e+00,0.00000000e+00,1.36505792e-01,1.29856816e-02,1.33775677e+02,1.27259679e+01
2.75400000e+00,-4.99065997e-02,-2.44363452e-02,1.69707182e-02,2.17538335e-01,2.49285400e+00,0.00000000e+00,1.37286596e-01,1.29285424e-02,1.34540864e+02,1.26699716e+01
2.75600000e+00,-4.99497971e-02,-1.87678738e-02,1.74063342e-02,2.18015950e-01,2.49285400e+00,0.00000000e+00,1.37929265e-01,1.28511987e-02,1.35170680e+02,1.25941747e+01
2.75800000e+00,-4.99817094e-02,-1.31567598e-02,1.78425666e-02,2.18170586e-01,2.49285400e+00,0.00000000e+00,1.38910349e-01,1.28737157e-02,1.36132142e+02,1.26162413e+01
2.76000000e+00,-5.00024721e-02,-7.61759619e-03,1.82788413e-02,2.18062381e-01,2.49285400e+00,0.00000000e+00,1.39802700e-01,1.29227714e-02,1.37006646e+02,1.26643159e+01
2.76200000e+00,-5.00122234e-02,-2.14383205e-03,1.87146354e-02,2.17683130e-01,2.49285400e+00,0.00000000e+00,1.40540548e-01,1.29274865e-02,1.37729737e+02,1.26689368e+01
2.76400000e+00,-5.00106903e-02,3.86559008e-03,1.91484589e-02,2.15631830e-01,2.49285400e+00,0.00000000e+00,1.27297037e-01,1.00335173e-02,1.24751096e+02,9.83284696e+00
2.76600000e+00,-4.99968804e-02,9.69603377e-03,1.95774478e-02,2.14007918e-01,2.49285400e+00,0.00000000e+00,1.44634877e-01,1.44383439e-02,1.41742179e+02,1.41495770e+01
2.76800000e+00,-4.99722655e-02,1.49874901e-02,2.00050025e-02,2.13151855e-01,2.49285400e+00,0.00000000e+00,1.39712121e-01,1.22562136e-02,1.36917879e+02,1.20110894e+01
2.77000000e+00,-4.99368450e-02,2.04070839e-02,2.04292728e-02,2.11122233e-01,2.49285400e+00,0.00000000e+00,1.41373724e-01,1.25819727e-02,1.38546250e+02,1.23303332e+01
2.77200000e+00,-4.98907375e-02,2.56760597e-02,2.08495170e-02,2.09131015e-01,2.49285400e+00,0.00000000e+00,1.42876883e-01,1.29379891e-02,1.40019346e+02,1.26792293e+01
2.77400000e+00,-4.98342131e-02,3.08365475e-02,2.12656878e-02,2.06976191e-01,2.49285400e+00,0.00000000e+00,1.43468486e-01,1.28339480e-02,1.40599116e+02,1.25772690e+01
2.77600000e+00,-4.97674381e-02,3.59268797e-02,2.16771752e-02,2.04451511e-01,2.49285400e+00,0.00000000e+00,1.43991958e-01,1.27505033e-02,1.41112119e+02,1.24954933e+01
2.77800000e+00,-4.96905603e-02,4.09350918e-02,2.20833040e-02,2.01642128e-01,2.49285400e+00,0.00000000e+00,1.44780345e-01,1.28176752e-02,1.41884738e+02,1.25613217e+01
2.78000000e+00,-4.96037633e-02,4.58450643e-02,2.24835960e-02,1.98611293e-01,2.49285400e+00,0.00000000e+00,1.45599122e-01,1.28587395e-02,1.42687140e+02,1.26015647e+01
2.78200000e+00,-4.95072482e-02,5.06527634e-02,2.28775840e-02,1.95332830e-01,2.49285400e+00,0.00000000e+00,1.46402017e-01,1.28620662e-02,1.43473977e+02,1.26048249e+01
2.78400000e+00,-4.94007506e-02,5.60628367e-02,2.32636504e-02,1.90139294e-01,2.49285400e+00,0.00000000e+00,1.30675059e-01,9.39239908e-03,1.28061557e+02,9.20455110e+00
2.78600000e+00,-4.92831305e-02,6.12725661e-02,2.36385013e-02,1.85485621e-01,2.49285400e+00,0.00000000e+00,1.50145783e-01,1.45329533e-02,1.47142868e+02,1.42422942e+01
2.78800000e+00,-4.91560717e-02,6.58652412e-02,2.40062314e-02,1.81789701e-01,2.49285400e+00,0.00000000e+00,1.44075192e-01,1.19293778e-02,1.41193688e+02,1.16907903e+01
2.79000000e+00,-4.90195851e-02,7.05844529e-02,2.43648520e-02,1.76881773e-01,2.49285400e+00,0.00000000e+00,1.46094195e-01,1.25032867e-02,1.43172311e+02,1.22532210e+01
2.79200000e+00,-4.88738631e-02,7.51099378e-02,2.47138858e-02,1.72164842e-01,2.49285400e+00,0.00000000e+00,1.47431089e-01,1.28308290e-02,1.44482467e+02,1.25742124e+01
2.79400000e+00,-4.87192297e-02,7.95088751e-02,2.50534239e-02,1.67316674e-01,2.49285400e+00,0.00000000e+00,1.47806977e-01,1.27148309e-02,1.44850838e+02,1.24605343e+01
2.79600000e+00,-4.85558855e-02,8.38208276e-02,2.53829267e-02,1.62129853e-01,2.49285400e+00,0.00000000e+00,1.48147930e-01,1.25928092e-02,1.45184971e+02,1.23409530e+01
2.79800000e+00,-4.83840158e-02,8.80287262e-02,2.57017977e-02,1.56724636e-01,2.49285400e+00,0.00000000e+00,1.48852681e-01,1.27141462e-02,1.45875628e+02,1.24598633e+01
2.80000000e+00,-4.82038515e-02,9.21153897e-02,2.60097344e-02,1.51183129e-01,2.49285400e+00,0.00000000e+00,1.49526904e-01,1.27488957e-02,1.46536366e+02,1.24939177e+01
2.80200000e+00,-4.80156369e-02,9.60781407e-02,2.63064132e-02,1.45466148e-01,2.49285400e+00,0.00000000e+00,1.50228005e-01,1.27719744e-02,1.47223445e+02,1.25165349e+01
2.80400000e+00,-4.78190960e-02,1.00705153e-01,2.65902312e-02,1.37697709e-01,2.49285400e+00,0.00000000e+00,1.32418360e-01,8.85124123e-03,1.29769993e+02,8.67421641e+00
2.80600000e+00,-4.76129538e-02,1.05125827e-01,2.68576088e-02,1.30536121e-01,2.49285400e+00,0.00000000e+00,1.53386091e-01,1.44309958e-02,1.50318369e+02,1.41423758e+01
2.80800000e+00,-4.73990545e-02,1.08853889e-01,2.71131594e-02,1.24550264e-01,2.49285400e+00,0.00000000e+00,1.46871670e-01,1.16864276e-02,1.43934237e+02,1.14526991e+01
2.81000000e+00,-4.71774515e-02,1.12712101e-01,2.73550242e-02,1.17385963e-01,2.49285400e+00,0.00000000e+00,1.48551694e-01,1.23059154e-02,1.45580660e+02,1.20597971e+01
2.81200000e+00,-4.69483402e-02,1.16369098e-01,2.75829158e-02,1.10540419e-01,2.49285400e+00,0.00000000e+00,1.49718301e-01,1.26838672e-02,1.46723935e+02,1.24301899e+01
2.81400000e+00,-4.67120640e-02,1.19892798e-01,2.77971545e-02,1.03647952e-01,2.49285400e+00,0.00000000e+00,1.49752136e-01,1.25162706e-02,1.46757094e+02,1.22659452e+01
2.81600000e+00,-4.64688330e-02,1.23320506e-01,2.79973431e-02,9.65087739e-02,2.49285400e+00,0.00000000e+00,1.49989875e-01,1.24549050e-02,1.46990078e+02,1.22058069e+01
2.81800000e+00,-4.62188593e-02,1.26632248e-01,2.81831069e-02,8.92455245e-02,2.49285400e+00,0.00000000e+00,1.50434966e-01,1.25241828e-02,1.47426266e+02,1.22736991e+01
2.82000000e+00,-4.59623922e-02,1.29811756e-01,2.83542881e-02,8.19265245e-02,2.49285400e+00,0.00000000e+00,1.50999304e-01,1.25854126e-02,1.47979318e+02,1.23337043e+01
2.82200000e+00,-4.56996981e-02,1.32862474e-01,2.85107589e-02,7.45263792e-02,2.49285400e+00,0.00000000e+00,1.51312546e-01,1.25804016e-02,1.48286295e+02,1.23287936e+01
2.82400000e+00,-4.54304803e-02,1.36606101e-01,2.86509676e-02,6.49876086e-02,2.49285400e+00,0.00000000e+00,1.32624383e-01,8.30034293e-03,1.29971896e+02,8.13433607e+00
2.82600000e+00,-4.51534121e-02,1.40142191e-01,2.87711958e-02,5.61781942e-02,2.49285400e+00,0.00000000e+00,1.53916133e-01,1.42870541e-02,1.50837811e+02,1.40013130e+01
2.82800000e+00,-4.48703928e-02,1.42956481e-01,2.88766668e-02,4.88484487e-02,2.49285400e+00,0.00000000e+00,1.47191707e-01,1.15596536e-02,1.44247873e+02,1.13284605e+01
2.83000000e+00,-4.45814981e-02,1.45902875e-01,2.89658469e-02,4.04047677e-02,2.49285400e+00,0.00000000e+00,1.48483058e-01,1.20797781e-02,1.45513396e+02,1.18381826e+01
2.83200000e+00,-4.42869120e-02,1.48653191e-01,2.90385380e-02,3.23391565e-02,2.49285400e+00,0.00000000e+00,1.49380119e-01,1.24603807e-02,1.46392517e+02,1.22111731e+01
2.83400000e+00,-4.39869768e-02,1.51266382e-01,2.90952498e-02,2.43429086e-02,2.49285400e+00,0.00000000e+00,1.49249558e-01,1.23096401e-02,1.46264567e+02,1.20634473e+01
2.83600000e+00,-4.36819126e-02,1.53780451e-01,2.91358358e-02,1.62359830e-02,2.49285400e+00,0.00000000e+00,1.49216373e-01,1.22893543e-02,1.46232045e+02,1.20435672e+01
2.83800000e+00,-4.33719306e-02,1.56181023e-01,2.91601840e-02,8.11457650e-03,2.49285400e+00,0.00000000e+00,1.49381073e-01,1.23173436e-02,1.46393452e+02,1.20709968e+01
2.84000000e+00,-4.30572677e-02,1.58462706e-01,2.91683049e-02,9.38197031e-06,2.49285400e+00,0.00000000e+00,1.49435222e-01,1.23382940e-02,1.46446518e+02,1.20915282e+01
2.84200000e+00,-4.27381590e-02,1.60625551e-01,2.91602324e-02,-8.07950994e-03,2.49285400e+00,0.00000000e+00,1.49561941e-01,1.23433333e-02,1.46570702e+02,1.20964666e+01
2.84400000e+00,-4.24143049e-02,1.63479237e-01,2.91345847e-02,-1.82713483e-02,2.49285400e+00,0.00000000e+00,1.30659039e-01,7.89143984e-03,1.28045859e+02,7.73361104e+00
2.84600000e+00,-4.20843734e-02,1.66136033e-01,2.90876671e-02,-2.76833680e-02,2.49285400e+00,0.00000000e+00,1.51481529e-01,1.39173831e-02,1.48451898e+02,1.36390354e+01
2.84800000e+00,-4.17502514e-02,1.68056951e-01,2.90250292e-02,-3.53285048e-02,2.49285400e+00,0.00000000e+00,1.45134584e-01,1.15136149e-02,1.42231893e+02,1.12833426e+01
2.85000000e+00,-4.14120613e-02,1.70104295e-01,2.89457231e-02,-4.39185124e-02,2.49285400e+00,0.00000000e+00,1.45775041e-01,1.18243336e-02,1.42859540e+02,1.15878470e+01
2.85200000e+00,-4.10699499e-02,1.71978118e-01,2.88496249e-02,-5.21039950e-02,2.49285400e+00,0.00000000e+00,1.46404324e-01,1.22288020e-02,1.43476237e+02,1.19842260e+01
2.85400000e+00,-4.07242389e-02,1.73716823e-01,2.87374596e-02,-6.00608295e-02,2.49285400e+00,0.00000000e+00,1.46117414e-01,1.21472783e-02,1.43195066e+02,1.19043327e+01
2.85600000e+00,-4.03751428e-02,1.75365276e-01,2.86093800e-02,-6.80199072e-02,2.49285400e+00,0.00000000e+00,1.45670293e-01,1.20443708e-02,1.42756887e+02,1.18034834e+01
2.85800000e+00,-4.00228458e-02,1.76911671e-01,2.84654322e-02,-7.59006676e-02,2.49285400e+00,0.00000000e+00,1.45632731e-01,1.21092544e-02,1.42720077e+02,1.18670693e+01
2.86000000e+00,-3.96675761e-02,1.78338030e-01,2.83058907e-02,-8.36115182e-02,2.49285400e+00,0.00000000e+00,1.45580987e-01,1.21762545e-02,1.42669367e+02,1.19327295e+01
2.86200000e+00,-3.93095666e-02,1.79655135e-01,2.81310782e-02,-9.11842729e-02,2.49285400e+00,0.00000000e+00,1.45268608e-01,1.21524835e-02,1.42363236e+02,1.19094339e+01
2.86400000e+00,-3.89484827e-02,1.81681474e-01,2.79397417e-02,-1.00874457e-01,2.49285400e+00,0.00000000e+00,1.26067680e-01,7.46209083e-03,1.23546327e+02,7.31284902e+00
2.86600000e+00,-3.85829579e-02,1.83531958e-01,2.77281020e-02,-1.09782496e-01,2.49285400e+00,0.00000000e+00,1.46402826e-01,1.34959002e-02,1.43474770e+02,1.32259822e+01
2.86800000e+00,-3.82148630e-02,1.84620365e-01,2.75019965e-02,-1.16613437e-01,2.49285400e+00,0.00000000e+00,1.40874749e-01,1.15015835e-02,1.38057254e+02,1.12715519e+01
2.87000000e+00,-3.78444034e-02,1.85818296e-01,2.72611502e-02,-1.24191477e-01,2.49285400e+00,0.00000000e+00,1.40824355e-01,1.15867835e-02,1.38007868e+02,1.13550478e+01
2.87200000e+00,-3.74716906e-02,1.86865022e-01,2.70055204e-02,-1.31334963e-01,2.49285400e+00,0.00000000e+00,1.41369861e-01,1.20514853e-02,1.38542464e+02,1.18104556e+01
2.87400000e+00,-3.70970239e-02,1.87790996e-01,2.67360444e-02,-1.38127334e-01,2.49285400e+00,0.00000000e+00,1.40591311e-01,1.19415866e-02,1.37779485e+02,1.17027549e+01
2.87600000e+00,-3.67205770e-02,1.88641474e-01,2.64530849e-02,-1.44808948e-01,2.49285400e+00,0.00000000e+00,1.40064489e-01,1.18824738e-02,1.37263199e+02,1.16448243e+01
2.87800000e+00,-3.63425202e-02,1.89398563e-01,2.61569361e-02,-1.51299380e-01,2.49285400e+00,0.00000000e+00,1.39690575e-01,1.19224728e-02,1.36896764e+02,1.16840234e+01
2.88000000e+00,-3.59630490e-02,1.90056238e-01,2.58480488e-02,-1.57547711e-01,2.49285400e+00,0.00000000e+00,1.39292539e-01,1.19519439e-02,1.36506688e+02,1.17129051e+01
2.88200000e+00,-3.55823600e-02,1.90616762e-01,2.55269035e-02,-1.63558694e-01,2.49285400e+00,0.00000000e+00,1.38855432e-01,1.19643580e-02,1.36078323e+02,1.17250709e+01
2.88400000e+00,-3.52001840e-02,1.91774113e-01,2.51926360e-02,-1.71336306e-01,2.49285400e+00,0.00000000e+00,1.22230309e-01,7.76917946e-03,1.19785703e+02,7.61379587e+00
2.88600000e+00,-3.48153595e-02,1.92787615e-01,2.48420482e-02,-1.78379304e-01,2.49285400e+00,0.00000000e+00,1.39080590e-01,1.30087049e-02,1.36298978e+02,1.27485308e+01
2.88800000e+00,-3.44294775e-02,1.93135173e-01,2.44804805e-02,-1.83379951e-01,2.49285400e+00,0.00000000e+00,1.34642832e-01,1.15415146e-02,1.31949975e+02,1.13106843e+01
2.89000000e+00,-3.40427644e-02,1.93564398e-01,2.41082069e-02,-1.88862854e-01,2.49285400e+00,0.00000000e+00,1.34017246e-01,1.14668790e-02,1.31336901e+02,1.12375414e+01
2.89200000e+00,-3.36552979e-02,1.93876668e-01,2.37253108e-02,-1.93923263e-01,2.49285400e+00,0.00000000e+00,1.34214117e-01,1.18834469e-02,1.31529834e+02,1.16457779e+01
2.89400000e+00,-3.32673294e-02,1.94081371e-01,2.33327925e-02,-1.98565727e-01,2.49285400e+00,0.00000000e+00,1.33364609e-01,1.17853126e-02,1.30697317e+02,1.15496063e+01
2.89600000e+00,-3.28790209e-02,1.94213339e-01,2.29311919e-02,-2.02992083e-01,2.49285400e+00,0.00000000e+00,1.32744474e-01,1.17651681e-02,1.30089585e+02,1.15298647e+01
2.89800000e+00,-3.24905285e-02,1.94266680e-01,2.25210108e-02,-2.07138442e-01,2.49285400e+00,0.00000000e+00,1.32030800e-01,1.17887644e-02,1.29390184e+02,1.15529891e+01
2.90000000e+00,-3.21020063e-02,1.94241955e-01,2.21028380e-02,-2.10985071e-01,2.49285400e+00,0.00000000e+00,1.31397019e-01,1.17985051e-02,1.28769079e+02,1.15625350e+01
2.90200000e+00,-3.17136143e-02,1.94136736e-01,2.16772783e-02,-2.14520143e-01,2.49285400e+00,0.00000000e+00,1.30740805e-01,1.18362429e-02,1.28125989e+02,1.15995181e+01
2.90400000e+00,-3.13251923e-02,1.94431961e-01,2.12440146e-02,-2.19169250e-01,2.49285400e+00,0.00000000e+00,1.18869527e-01,8.84292078e-03,1.16492137e+02,8.66606236e+00
2.90600000e+00,-3.09359573e-02,1.94621000e-01,2.08009933e-02,-2.23230461e-01,2.49285400e+00,0.00000000e+00,1.30046179e-01,1.24392620e-02,1.27445256e+02,1.21904767e+01
2.90800000e+00,-3.05470341e-02,1.94321412e-01,2.03521792e-02,-2.25662140e-01,2.49285400e+00,0.00000000e+00,1.27111262e-01,1.16231081e-02,1.24569036e+02,1.13906459e+01
2.91000000e+00,-3.01586517e-02,1.94051748e-01,1.98982511e-02,-2.28234226e-01,2.49285400e+00,0.00000000e+00,1.26175400e-01,1.14971414e-02,1.23651892e+02,1.12671986e+01
2.91200000e+00,-2.97708845e-02,1.93696041e-01,1.94395060e-02,-2.30410794e-01,2.49285400e+00,0.00000000e+00,1.25955032e-01,1.17988787e-02,1.23435931e+02,1.15629011e+01
2.91400000e+00,-2.93839239e-02,1.93255728e-01,1.89768902e-02,-2.32164074e-01,2.49285400e+00,0.00000000e+00,1.24991802e-01,1.17254774e-02,1.22491966e+02,1.14909678e+01
2.91600000e+00,-2.89979011e-02,1.92756092e-01,1.85110300e-02,-2.33646942e-01,2.49285400e+00,0.00000000e+00,1.24188041e-01,1.17015837e-02,1.21704280e+02,1.14675520e+01
2.91800000e+00,-2.86129430e-02,1.92191373e-01,1.80425067e-02,-2.34823488e-01,2.49285400e+00,0.00000000e+00,1.23367849e-01,1.16996311e-02,1.20900492e+02,1.14656385e+01
2.92000000e+00,-2.82291781e-02,1.91562972e-01,1.75719496e-02,-2.35679738e-01,2.49285400e+00,0.00000000e+00,1.22540822e-01,1.17020327e-02,1.20090006e+02,1.14679920e+01
2.92200000e+00,-2.78467340e-02,1.90870202e-01,1.71000091e-02,-2.36203887e-01,2.49285400e+00,0.00000000e+00,1.21747207e-01,1.17227480e-02,1.19312262e+02,1.14882930e+01
2.92400000e+00,-2.74656332e-02,1.90273533e-01,1.66270303e-02,-2.36883593e-01,2.49285400e+00,0.00000000e+00,1.17181567e-01,1.07000689e-02,1.14837935e+02,1.04860675e+01
2.92600000e+00,-2.70856870e-02,1.89606115e-01,1.61527460e-02,-2.37156502e-01,2.49285400e+00,0.00000000e+00,1.20296352e-01,1.18992743e-02,1.17890425e+02,1.16612888e+01
2.92800000e+00,-2.67073469e-02,1.88731484e-01,1.56789346e-02,-2.36634036e-01,2.49285400e+00,0.00000000e+00,1.18931551e-01,1.16924869e-02,1.16552920e+02,1.14586371e+01
2.93000000e+00,-2.63307843e-02,1.87822063e-01,1.52063482e-02,-2.35904159e-01,2.49285400e+00,0.00000000e+00,1.18031648e-01,1.16592261e-02,1.15671015e+02,1.14260415e+01
2.93200000e+00,-2.59560996e-02,1.86851168e-01,1.47355439e-02,-2.34835480e-01,2.49285400e+00,0.00000000e+00,1.17305453e-01,1.17306470e-02,1.14959344e+02,1.14960341e+01
2.93400000e+00,-2.55834199e-02,1.85819790e-01,1.42672375e-02,-2.33419900e-01,2.49285400e+00,0.00000000e+00,1.16398532e-01,1.17178070e-02,1.14070562e+02,1.14834509e+01
2.93600000e+00,-2.52128576e-02,1.84732767e-01,1.38020730e-02,-2.31691317e-01,2.49285400e+00,0.00000000e+00,1.15576312e-01,1.17224333e-02,1.13264785e+02,1.14879846e+01
2.93800000e+00,-2.48445261e-02,1.83589831e-01,1.33406810e-02,-2.29649710e-01,2.49285400e+00,0.00000000e+00,1.14693679e-01,1.17149030e-02,1.12399805e+02,1.14806050e+01
2.94000000e+00,-2.44785341e-02,1.82393092e-01,1.28836880e-02,-2.27287311e-01,2.49285400e+00,0.00000000e+00,1.13840999e-01,1.17419859e-02,1.11564179e+02,1.15071462e+01
2.94200000e+00,-2.41149896e-02,1.81142592e-01,1.24317413e-02,-2.24610624e-01,2.49285400e+00,0.00000000e+00,1.12977150e-01,1.17278855e-02,1.10717607e+02,1.14933278e+01
2.94400000e+00,-2.37540642e-02,1.79741468e-01,1.19856917e-02,-2.21264721e-01,2.49285400e+00,0.00000000e+00,1.14408820e-01,1.25081606e-02,1.12120644e+02,1.22579974e+01
2.94600000e+00,-2.33960624e-02,1.78282325e-01,1.15468543e-02,-2.17660902e-01,2.49285400e+00,0.00000000e+00,1.11404372e-01,1.16408360e-02,1.09176284e+02,1.14080193e+01
2.94800000e+00,-2.30409174e-02,1.76849329e-01,1.11150040e-02,-2.14123211e-01,2.49285400e+00,0.00000000e+00,1.10892903e-01,1.17510100e-02,1.08675045e+02,1.15159898e+01
2.95000000e+00,-2.26887133e-02,1.75344004e-01,1.06906149e-02,-2.10205418e-01,2.49285400e+00,0.00000000e+00,1.10213251e-01,1.18308275e-02,1.08008986e+02,1.15942110e+01
2.95200000e+00,-2.23395766e-02,1.73785964e-01,1.02743781e-02,-2.05994075e-01,2.49285400e+00,0.00000000e+00,1.09268317e-01,1.17708436e-02,1.07082951e+02,1.15354267e+01
2.95400000e+00,-2.19936015e-02,1.72179858e-01,9.86681543e-03,-2.01517556e-01,2.49285400e+00,0.00000000e+00,1.08505615e-01,1.18033944e-02,1.06335503e+02,1.15673266e+01
2.95600000e+00,-2.16508920e-02,1.70521483e-01,9.46850247e-03,-1.96749159e-01,2.49285400e+00,0.00000000e+00,1.07685326e-01,1.18125483e-02,1.05531620e+02,1.15762974e+01
2.95800000e+00,-2.13115468e-02,1.68816309e-01,9.07999274e-03,-1.91719864e-01,2.49285400e+00,0.00000000e+00,1.06822092e-01,1.17939705e-02,1.04685650e+02,1.15580911e+01
2.96000000e+00,-2.09756552e-02,1.67068466e-01,8.70178382e-03,-1.86449394e-01,2.49285400e+00,0.00000000e+00,1.05933334e-01,1.17763426e-02,1.03814667e+02,1.15408158e+01
2.96200000e+00,-2.06433042e-02,1.65273683e-01,8.33436894e-03,-1.80918303e-01,2.49285400e+00,0.00000000e+00,1.05198570e-01,1.18138962e-02,1.03094599e+02,1.15776183e+01
2.96400000e+00,-2.03148538e-02,1.63038918e-01,7.97916415e-03,-1.73807127e-01,2.49285400e+00,0.00000000e+00,1.13524755e-01,1.45828017e-02,1.11254260e+02,1.42911457e+01
2.96600000e+00,-1.99911741e-02,1.60765784e-01,7.63915133e-03,-1.66679490e-01,2.49285400e+00,0.00000000e+00,1.03443095e-01,1.13596120e-02,1.01374233e+02,1.11324198e+01
2.96800000e+00,-1.96715868e-02,1.58798497e-01,7.31169739e-03,-1.60674991e-01,2.49285400e+00,0.00000000e+00,1.03761119e-01,1.17551327e-02,1.01685897e+02,1.15200300e+01
2.97000000e+00,-1.93560588e-02,1.56713156e-01,6.99681006e-03,-1.54132503e-01,2.49285400e+00,0.00000000e+00,1.03617494e-01,1.20363748e-02,1.01545144e+02,1.17956473e+01
2.97200000e+00,-1.90447714e-02,1.54571873e-01,6.69533403e-03,-1.47340069e-01,2.49285400e+00,0.00000000e+00,1.02518502e-01,1.18463186e-02,1.00468132e+02,1.16093922e+01
2.97400000e+00,-1.87377924e-02,1.52398972e-01,6.40752552e-03,-1.40434060e-01,2.49285400e+00,0.00000000e+00,1.01841529e-01,1.18608087e-02,9.98046980e+01,1.16235925e+01
2.97600000e+00,-1.84352061e-02,1.50180291e-01,6.13372673e-03,-1.33334666e-01,2.49285400e+00,0.00000000e+00,1.01109159e-01,1.18582071e-02,9.90869758e+01,1.16210430e+01
2.97800000e+00,-1.81371015e-02,1.47916285e-01,5.87431563e-03,-1.26042124e-01,2.49285400e+00,0.00000000e+00,1.00457913e-01,1.18926772e-02,9.84487543e+01,1.16548237e+01
2.98000000e+00,-1.78435704e-02,1.45608136e-01,5.62967790e-03,-1.18570104e-01,2.49285400e+00,0.00000000e+00,9.97351128e-02,1.18824099e-02,9.77404105e+01,1.16447617e+01
2.98200000e+00,-1.75546972e-02,1.43257567e-01,5.40014479e-03,-1.10933741e-01,2.49285400e+00,0.00000000e+00,9.90814232e-02,1.19066236e-02,9.70997948e+01,1.16684912e+01
2.98400000e+00,-1.72710282e-02,1.40174823e-01,5.18753799e-03,-1.00905150e-01,2.49285400e+00,0.00000000e+00,1.14516855e-01,1.65961958e-02,1.12226518e+02,1.62642718e+01
2.98600000e+00,-1.69940190e-02,1.37060504e-01,4.99640050e-03,-9.10618757e-02,2.49285400e+00,0.00000000e+00,9.75442710e-02,1.12402348e-02,9.55933855e+01,1.10154301e+01
2.98800000e+00,-1.67223994e-02,1.34526428e-01,4.82187946e-03,-8.33350135e-02,2.49285400e+00,0.00000000e+00,9.87306226e-02,1.19014245e-02,9.67560101e+01,1.16633960e+01
2.99000000e+00,-1.64560169e-02,1.31836890e-01,4.66347955e-03,-7.49795744e-02,2.49285400e+00,0.00000000e+00,9.89915676e-02,1.23299572e-02,9.70117363e+01,1.20833581e+01
2.99200000e+00,-1.61950854e-02,1.29097008e-01,4.52204499e-03,-6.64984043e-02,2.49285400e+00,0.00000000e+00,9.77657731e-02,1.19598054e-02,9.58104577e+01,1.17206093e+01
2.99400000e+00,-1.59396396e-02,1.26341007e-01,4.39743033e-03,-5.81006343e-02,2.49285400e+00,0.00000000e+00,9.72717229e-02,1.19734580e-02,9.53262884e+01,1.17339889e+01
2.99600000e+00,-1.56897510e-02,1.23540537e-01,4.28969717e-03,-4.96207967e-02,2.49285400e+00,0.00000000e+00,9.67536004e-02,1.19747047e-02,9.48185284e+01,1.17352106e+01
2.99800000e+00,-1.54455086e-02,1.20693409e-01,4.19901209e-03,-4.10435457e-02,2.49285400e+00,0.00000000e+00,9.63565919e-02,1.20448863e-02,9.44294600e+01,1.18039885e+01
3.00000000e+00,-1.52070092e-02,1.17798562e-01,4.12558328e-03,-3.23758545e-02,2.49285400e+00,0.00000000e+00,9.59099398e-02,1.20561064e-02,9.39917410e+01,1.18149843e+01
