t,h,h_dot,alpha,alpha_dot,delta,W_g,C_L,C_M,F_y,M_z
2.00000000e-03,0.00000000e+00,0.00000000e+00,0.00000000e+00,0.00000000e+00,0.00000000e+00,8.78932862e-03,1.26327256e-01,3.00480580e-02,1.23800711e+02,2.94470968e+01
4.00000000e-03,-9.76024003e-06,-9.23401555e-03,2.33284460e-05,2.06775589e-02,0.00000000e+00,3.51491943e-02,8.94943834e-02,1.33799198e-02,8.77044957e+01,1.31123214e+01
6.00000000e-03,-3.65016836e-05,-1.78164645e-02,7.94989318e-05,3.65382586e-02,0.00000000e+00,7.90552438e-02,1.11286401e-01,2.00116598e-02,1.09060673e+02,1.96114266e+01
8.00000000e-03,-8.15454132e-05,-2.71778563e-02,1.70681553e-04,5.41990433e-02,0.00000000e+00,1.40466914e-01,1.08025503e-01,1.72811717e-02,1.05864993e+02,1.69355482e+01
1.00000000e-02,-1.45166538e-04,-3.64693930e-02,2.95096092e-04,7.00614764e-02,0.00000000e+00,2.19327467e-01,1.10135612e-01,1.64081150e-02,1.07932900e+02,1.60799527e+01
1.20000000e-02,-2.27561994e-04,-4.59694291e-02,4.50611863e-04,8.54505510e-02,0.00000000e+00,3.15564048e-01,1.13531597e-01,1.65034738e-02,1.11260965e+02,1.61734044e+01
1.40000000e-02,-3.29184012e-04,-5.56790888e-02,6.36777095e-04,1.00657850e-01,0.00000000e+00,4.29087745e-01,1.15824005e-01,1.62862884e-02,1.13507525e+02,1.59605627e+01
1.60000000e-02,-4.50383558e-04,-6.55465530e-02,8.53048182e-04,1.15572556e-01,0.00000000e+00,5.59793677e-01,1.18168285e-01,1.61921747e-02,1.15804919e+02,1.58683312e+01
1.80000000e-02,-5.91478822e-04,-7.55769052e-02,1.09895967e-03,1.30325804e-01,0.00000000e+00,7.07561089e-01,1.20741237e-01,1.62926622e-02,1.18326412e+02,1.59668090e+01
2.00000000e-02,-7.52795089e-04,-8.57631134e-02,1.37428315e-03,1.44976697e-01,0.00000000e+00,8.72253462e-01,1.23085616e-01,1.63646633e-02,1.20623904e+02,1.60373700e+01
2.20000000e-02,-9.34477485e-04,-9.58686431e-02,1.67844423e-03,1.58994342e-01,0.00000000e+00,1.05371864e+00,1.20297661e-01,1.53921897e-02,1.17891708e+02,1.50843460e+01
2.40000000e-02,-1.13624914e-03,-1.05943389e-01,2.01008466e-03,1.72748182e-01,0.00000000e+00,1.25178898e+00,1.23972439e-01,1.62791357e-02,1.21492990e+02,1.59535530e+01
2.60000000e-02,-1.35834578e-03,-1.16160232e-01,2.36956473e-03,1.86693666e-01,0.00000000e+00,1.46628148e+00,1.25389466e-01,1.63022883e-02,1.22881677e+02,1.59762425e+01
2.80000000e-02,-1.60089520e-03,-1.26384767e-01,2.75660208e-03,2.00253342e-01,0.00000000e+00,1.69699798e+00,1.26090405e-01,1.60166600e-02,1.23568597e+02,1.56963268e+01
3.00000000e-02,-1.86388463e-03,-1.36608974e-01,3.17034498e-03,2.13463381e-01,0.00000000e+00,1.94372533e+00,1.27486939e-01,1.61540616e-02,1.24937200e+02,1.58309804e+01
3.20000000e-02,-2.14733686e-03,-1.46841827e-01,3.61031094e-03,2.26456445e-01,0.00000000e+00,2.20623559e+00,1.28564571e-01,1.61844273e-02,1.25993280e+02,1.58607387e+01
3.40000000e-02,-2.45124045e-03,-1.57057463e-01,4.07597540e-03,2.39156506e-01,0.00000000e+00,2.48428622e+00,1.29523755e-01,1.61990802e-02,1.26933280e+02,1.58750985e+01
3.60000000e-02,-2.77554601e-03,-1.67242054e-01,4.56673216e-03,2.51549402e-01,0.00000000e+00,2.77762035e+00,1.30444945e-01,1.62356895e-02,1.27836046e+02,1.59109757e+01
3.80000000e-02,-3.12017978e-03,-1.77383310e-01,5.08196329e-03,2.63627743e-01,0.00000000e+00,3.08596697e+00,1.31283024e-01,1.62699198e-02,1.28657363e+02,1.59445214e+01
4.00000000e-02,-3.48504043e-03,-1.87466338e-01,5.62101771e-03,2.75367978e-01,0.00000000e+00,3.40904121e+00,1.32021577e-01,1.62912665e-02,1.29381145e+02,1.59654412e+01
4.20000000e-02,-3.86990785e-03,-1.97343451e-01,6.18281975e-03,2.86185174e-01,0.00000000e+00,3.74654459e+00,1.29572536e-01,1.51305179e-02,1.26981085e+02,1.48279076e+01
4.40000000e-02,-4.27431632e-03,-2.07073695e-01,6.76541756e-03,2.96491117e-01,0.00000000e+00,4.09816530e+00,1.31851274e-01,1.60462541e-02,1.29214248e+02,1.57253290e+01
4.60000000e-02,-4.69820177e-03,-2.16802659e-01,7.36891866e-03,3.06998696e-01,0.00000000e+00,4.46357849e+00,1.32963171e-01,1.64116017e-02,1.30303907e+02,1.60833697e+01
4.80000000e-02,-5.14144142e-03,-2.26403327e-01,7.99310924e-03,3.17051689e-01,0.00000000e+00,4.84244656e+00,1.32432287e-01,1.59796198e-02,1.29783641e+02,1.56600274e+01
5.00000000e-02,-5.60370315e-03,-2.35836110e-01,8.63672259e-03,3.26500510e-01,0.00000000e+00,5.23441948e+00,1.32775118e-01,1.60590083e-02,1.30119615e+02,1.57378281e+01
5.20000000e-02,-6.08469107e-03,-2.45126716e-01,9.29885158e-03,3.35559835e-01,0.00000000e+00,5.63913514e+00,1.32998395e-01,1.61042390e-02,1.30338427e+02,1.57821542e+01
5.40000000e-02,-6.58410598e-03,-2.54261283e-01,9.97867803e-03,3.44193351e-01,0.00000000e+00,6.05621961e+00,1.33168353e-01,1.61328650e-02,1.30504986e+02,1.58102077e+01
5.60000000e-02,-7.10162538e-03,-2.63229629e-01,1.06753269e-02,3.52379710e-01,0.00000000e+00,6.48528756e+00,1.33302194e-01,1.61574928e-02,1.30636150e+02,1.58343429e+01
5.80000000e-02,-7.63690664e-03,-2.72021191e-01,1.13878877e-02,3.60102324e-01,0.00000000e+00,6.92594260e+00,1.33371010e-01,1.61742255e-02,1.30703590e+02,1.58507410e+01
6.00000000e-02,-8.18958464e-03,-2.80624504e-01,1.21154182e-02,3.67348050e-01,0.00000000e+00,7.37777762e+00,1.33379726e-01,1.61928412e-02,1.30712131e+02,1.58689844e+01
6.20000000e-02,-8.75919399e-03,-2.88911850e-01,1.28565728e-02,3.73533304e-01,0.00000000e+00,7.84037517e+00,1.30603444e-01,1.50044514e-02,1.27991375e+02,1.47043624e+01
6.40000000e-02,-9.34506755e-03,-2.96952475e-01,1.36091346e-02,3.79093444e-01,0.00000000e+00,8.31330788e+00,1.32364306e-01,1.59535717e-02,1.29717020e+02,1.56345002e+01
6.60000000e-02,-9.94693391e-03,-3.04888135e-01,1.43730375e-02,3.84789958e-01,0.00000000e+00,8.79613881e+00,1.33031372e-01,1.63796561e-02,1.30370744e+02,1.60520629e+01
6.80000000e-02,-1.05644626e-02,-3.12587594e-01,1.51479262e-02,3.89934215e-01,0.00000000e+00,9.28842189e+00,1.31854321e-01,1.58992007e-02,1.29217235e+02,1.55812166e+01
7.00000000e-02,-1.11970994e-02,-3.20009758e-01,1.59322886e-02,3.94349885e-01,0.00000000e+00,9.78970232e+00,1.31685669e-01,1.59690352e-02,1.29051955e+02,1.56496545e+01
7.20000000e-02,-1.18443397e-02,-3.27189063e-01,1.67250053e-02,3.98284846e-01,0.00000000e+00,1.02995170e+01,1.31433453e-01,1.60210032e-02,1.28804784e+02,1.57005831e+01
7.40000000e-02,-1.25056877e-02,-3.34116458e-01,1.75250959e-02,4.01721780e-01,0.00000000e+00,1.08173949e+01,1.31169528e-01,1.60652259e-02,1.28546137e+02,1.57439214e+01
7.60000000e-02,-1.31806315e-02,-3.40782813e-01,1.83315425e-02,4.04633911e-01,0.00000000e+00,1.13428575e+01,1.30815995e-01,1.60702822e-02,1.28199675e+02,1.57488766e+01
7.80000000e-02,-1.38686395e-02,-3.47180048e-01,1.91432715e-02,4.07005991e-01,0.00000000e+00,1.18754195e+01,1.30470987e-01,1.60902662e-02,1.27861567e+02,1.57684609e+01
8.00000000e-02,-1.45691680e-02,-3.53301776e-01,1.99592072e-02,4.08839210e-01,0.00000000e+00,1.24145887e+01,1.30071571e-01,1.61040484e-02,1.27470139e+02,1.57819674e+01
8.20000000e-02,-1.52816057e-02,-3.59062136e-01,2.07779453e-02,4.09648020e-01,0.00000000e+00,1.29598672e+01,1.27818769e-01,1.51092242e-02,1.25262393e+02,1.48070397e+01
8.40000000e-02,-1.60052177e-02,-3.64524156e-01,2.15973697e-02,4.09812563e-01,0.00000000e+00,1.35107510e+01,1.28984802e-01,1.59222864e-02,1.26405106e+02,1.56038407e+01
8.60000000e-02,-1.67395779e-02,-3.69799557e-01,2.24172247e-02,4.10020866e-01,0.00000000e+00,1.40667313e+01,1.29431072e-01,1.63722018e-02,1.26842451e+02,1.60447577e+01
8.80000000e-02,-1.74842161e-02,-3.74775326e-01,2.32370815e-02,4.09671674e-01,0.00000000e+00,1.46272943e+01,1.28041286e-01,1.59234053e-02,1.25480461e+02,1.56049372e+01
9.00000000e-02,-1.82384506e-02,-3.79408205e-01,2.40554118e-02,4.08573106e-01,0.00000000e+00,1.51919223e+01,1.27556578e-01,1.59687148e-02,1.25005446e+02,1.56493405e+01
9.20000000e-02,-1.90016451e-02,-3.83735310e-01,2.48710364e-02,4.06968294e-01,0.00000000e+00,1.57600936e+01,1.27108417e-01,1.60265991e-02,1.24566249e+02,1.57060671e+01
9.40000000e-02,-1.97731862e-02,-3.87753917e-01,2.56829463e-02,4.04855513e-01,0.00000000e+00,1.63312832e+01,1.26629487e-01,1.60631857e-02,1.24096897e+02,1.57419220e+01
9.60000000e-02,-2.05524491e-02,-3.91455055e-01,2.64901031e-02,4.02209770e-01,0.00000000e+00,1.69049634e+01,1.26036016e-01,1.60620343e-02,1.23515296e+02,1.57407936e+01
9.80000000e-02,-2.13387895e-02,-3.94830783e-01,2.72914295e-02,3.99030260e-01,0.00000000e+00,1.74806043e+01,1.25430625e-01,1.60888223e-02,1.22922012e+02,1.57670459e+01
1.00000000e-01,-2.21315544e-02,-3.97879821e-01,2.80858739e-02,3.95325445e-01,0.00000000e+00,1.80576741e+01,1.24861011e-01,1.60958161e-02,1.22363791e+02,1.57738998e+01
1.02000000e-01,-2.29300751e-02,-4.00578444e-01,2.88721757e-02,3.90787381e-01,0.00000000e+00,1.86356394e+01,1.23749649e-01,1.54648940e-02,1.21274656e+02,1.51555962e+01
1.04000000e-01,-2.37336571e-02,-4.02960404e-01,2.96486223e-02,3.85647774e-01,0.00000000e+00,1.92139665e+01,1.24011362e-01,1.59444787e-02,1.21531135e+02,1.56255891e+01
1.06000000e-01,-2.45417476e-02,-4.05088674e-01,3.04147199e-02,3.80437937e-01,0.00000000e+00,1.97921211e+01,1.24409406e-01,1.64140295e-02,1.21921218e+02,1.60857489e+01
1.08000000e-01,-2.53537979e-02,-4.06896101e-01,3.11700722e-02,3.74775299e-01,0.00000000e+00,2.03695689e+01,1.23135423e-01,1.60753761e-02,1.20672715e+02,1.57538685e+01
1.10000000e-01,-2.61690884e-02,-4.08338092e-01,3.19133743e-02,3.68442503e-01,0.00000000e+00,2.09457764e+01,1.22519484e-01,1.60717778e-02,1.20069094e+02,1.57503422e+01
1.12000000e-01,-2.69869279e-02,-4.09446609e-01,3.26435226e-02,3.61630377e-01,0.00000000e+00,2.15202115e+01,1.22014500e-01,1.61150804e-02,1.19574210e+02,1.57927788e+01
1.14000000e-01,-2.78066517e-02,-4.10220479e-01,3.33595937e-02,3.54365186e-01,0.00000000e+00,2.20923432e+01,1.21387906e-01,1.61466879e-02,1.18960148e+02,1.58237541e+01
1.16000000e-01,-2.86275816e-02,-4.10652038e-01,3.40606761e-02,3.46639165e-01,0.00000000e+00,2.26616432e+01,1.20715078e-01,1.61524645e-02,1.18300776e+02,1.58294152e+01
1.18000000e-01,-2.94490318e-02,-4.10741574e-01,3.47458436e-02,3.38452927e-01,0.00000000e+00,2.32275853e+01,1.20100849e-01,1.61628132e-02,1.17698832e+02,1.58395569e+01
1.20000000e-01,-3.02703208e-02,-4.10490541e-01,3.54141867e-02,3.29815084e-01,0.00000000e+00,2.37896468e+01,1.19462061e-01,1.61628162e-02,1.17072820e+02,1.58395599e+01
1.22000000e-01,-3.10907925e-02,-4.09937304e-01,3.60647528e-02,3.20650697e-01,0.00000000e+00,2.43473083e+01,1.19738975e-01,1.59906772e-02,1.17344195e+02,1.56708636e+01
1.24000000e-01,-3.19098677e-02,-4.09080599e-01,3.66964638e-02,3.10997899e-01,0.00000000e+00,2.49000547e+01,1.19060398e-01,1.60439991e-02,1.16679190e+02,1.57231192e+01
1.26000000e-01,-3.27269190e-02,-4.07930094e-01,3.73086306e-02,3.01174328e-01,0.00000000e+00,2.54473754e+01,1.19548000e-01,1.65107588e-02,1.17157040e+02,1.61805436e+01
1.28000000e-01,-3.35413840e-02,-4.06473491e-01,3.79009717e-02,2.91066677e-01,0.00000000e+00,2.59887645e+01,1.18562060e-01,1.62980020e-02,1.16190818e+02,1.59720420e+01
1.30000000e-01,-3.43525755e-02,-4.04660737e-01,3.84725636e-02,2.80458576e-01,0.00000000e+00,2.65237220e+01,1.17854855e-01,1.62811763e-02,1.15497758e+02,1.59555528e+01
1.32000000e-01,-3.51598034e-02,-4.02512585e-01,3.90225554e-02,2.69474608e-01,0.00000000e+00,2.70517537e+01,1.17322868e-01,1.62992179e-02,1.14976411e+02,1.59732335e+01
1.34000000e-01,-3.59624070e-02,-4.00036213e-01,3.95502397e-02,2.58157141e-01,0.00000000e+00,2.75723717e+01,1.16746942e-01,1.63395952e-02,1.14412003e+02,1.60128033e+01
1.36000000e-01,-3.67597333e-02,-3.97237499e-01,4.00549767e-02,2.46528866e-01,0.00000000e+00,2.80850950e+01,1.16310617e-01,1.63726078e-02,1.13984405e+02,1.60451557e+01
1.38000000e-01,-3.75511381e-02,-3.94110430e-01,4.05361315e-02,2.34565122e-01,0.00000000e+00,2.85894499e+01,1.15547113e-01,1.63276683e-02,1.13236171e+02,1.60011149e+01
1.40000000e-01,-3.83359501e-02,-3.90646010e-01,4.09930125e-02,2.22264296e-01,0.00000000e+00,2.90849705e+01,1.14848173e-01,1.63227595e-02,1.12551209e+02,1.59963043e+01
1.42000000e-01,-3.91135578e-02,-3.86935075e-01,4.14250618e-02,2.09773147e-01,0.00000000e+00,2.95711989e+01,1.16149559e-01,1.65504878e-02,1.13826568e+02,1.62194780e+01
1.44000000e-01,-3.98835176e-02,-3.82965006e-01,4.18319180e-02,1.97001413e-01,0.00000000e+00,3.00476860e+01,1.15094256e-01,1.63202132e-02,1.12792371e+02,1.59938089e+01
1.46000000e-01,-4.06452156e-02,-3.78691616e-01,4.22129159e-02,1.84002452e-01,0.00000000e+00,3.05139916e+01,1.15296972e-01,1.66231286e-02,1.12991033e+02,1.62906661e+01
1.48000000e-01,-4.13980993e-02,-3.74141058e-01,4.25678567e-02,1.70896898e-01,0.00000000e+00,3.09696848e+01,1.14781929e-01,1.66088649e-02,1.12486290e+02,1.62766876e+01
1.50000000e-01,-4.21415800e-02,-3.69290801e-01,4.28963262e-02,1.57525465e-01,0.00000000e+00,3.14143447e+01,1.14382609e-01,1.65397297e-02,1.12094957e+02,1.62089352e+01
1.52000000e-01,-4.28750673e-02,-3.64147723e-01,4.31977972e-02,1.43911994e-01,0.00000000e+00,3.18475603e+01,1.13947940e-01,1.65370399e-02,1.11668981e+02,1.62062991e+01
1.54000000e-01,-4.35979732e-02,-3.58708089e-01,4.34718481e-02,1.30109405e-01,0.00000000e+00,3.22689316e+01,1.13376149e-01,1.65398960e-02,1.11108626e+02,1.62090981e+01
1.56000000e-01,-4.43097087e-02,-3.52982080e-01,4.37181303e-02,1.16150059e-01,0.00000000e+00,3.26780692e+01,1.13089378e-01,1.65655266e-02,1.10827591e+02,1.62342161e+01
1.58000000e-01,-4.50097166e-02,-3.46978658e-01,4.39363536e-02,1.02048561e-01,0.00000000e+00,3.30745950e+01,1.12632431e-01,1.65590124e-02,1.10379782e+02,1.62278321e+01
1.60000000e-01,-4.56974363e-02,-3.40694681e-01,4.41262360e-02,8.78142742e-02,0.00000000e+00,3.34581429e+01,1.12173028e-01,1.65638642e-02,1.09929567e+02,1.62325869e+01
1.62000000e-01,-4.63723827e-02,-3.34241856e-01,4.42876989e-02,7.37123017e-02,0.00000000e+00,3.38283583e+01,1.14222967e-01,1.70731839e-02,1.11938507e+02,1.67317202e+01
1.64000000e-01,-4.70342796e-02,-3.27602893e-01,4.44210573e-02,5.95684067e-02,0.00000000e+00,3.41848994e+01,1.13253621e-01,1.66721221e-02,1.10988548e+02,1.63386796e+01
1.66000000e-01,-4.76826129e-02,-3.20691888e-01,4.45258309e-02,4.52121326e-02,0.00000000e+00,3.45274366e+01,1.13186620e-01,1.67829391e-02,1.10922888e+02,1.64472803e+01
1.68000000e-01,-4.83168996e-02,-3.13559549e-01,4.46019322e-02,3.08954471e-02,0.00000000e+00,3.48556536e+01,1.13288449e-01,1.68697806e-02,1.11022680e+02,1.65323850e+01
1.70000000e-01,-4.89367043e-02,-3.06207002e-01,4.46494076e-02,1.65710646e-02,0.00000000e+00,3.51692471e+01,1.13130428e-01,1.68404482e-02,1.10867819e+02,1.65036393e+01
1.72000000e-01,-4.95415747e-02,-2.98625133e-01,4.46681839e-02,2.19792950e-03,0.00000000e+00,3.54679274e+01,1.12898321e-01,1.68001359e-02,1.10640355e+02,1.64641331e+01
1.74000000e-01,-5.01310568e-02,-2.90821276e-01,4.46581992e-02,-1.21754095e-02,0.00000000e+00,3.57514185e+01,1.12786940e-01,1.68316259e-02,1.10531202e+02,1.64949934e+01
1.76000000e-01,-5.07047196e-02,-2.82807059e-01,4.46195118e-02,-2.65044716e-02,0.00000000e+00,3.60194585e+01,1.12698312e-01,1.68436570e-02,1.10444346e+02,1.65067839e+01
1.78000000e-01,-5.12621458e-02,-2.74583910e-01,4.45522096e-02,-4.07910181e-02,0.00000000e+00,3.62717998e+01,1.12488596e-01,1.68305542e-02,1.10238824e+02,1.64939431e+01
1.80000000e-01,-5.18029203e-02,-2.66158327e-01,4.44563878e-02,-5.50174765e-02,0.00000000e+00,3.65082093e+01,1.12416700e-01,1.68387060e-02,1.10168366e+02,1.65019318e+01
1.82000000e-01,-5.23267237e-02,-2.57649731e-01,4.43324150e-02,-6.88311331e-02,0.00000000e+00,3.67284685e+01,1.14859509e-01,1.75256106e-02,1.12562319e+02,1.71750984e+01
1.84000000e-01,-5.28334572e-02,-2.49048076e-01,4.41812362e-02,-8.23854570e-02,0.00000000e+00,3.69323740e+01,1.14413711e-01,1.71725930e-02,1.12125437e+02,1.68291412e+01
1.86000000e-01,-5.33227781e-02,-2.40239502e-01,4.40027616e-02,-9.61070196e-02,0.00000000e+00,3.71197374e+01,1.14054646e-01,1.69252059e-02,1.11773553e+02,1.65867018e+01
1.88000000e-01,-5.37943102e-02,-2.31273561e-01,4.37969038e-02,-1.09684993e-01,0.00000000e+00,3.72903855e+01,1.14622215e-01,1.71854728e-02,1.12329771e+02,1.68417633e+01
1.90000000e-01,-5.42477932e-02,-2.22188932e-01,4.35642079e-02,-1.22983676e-01,0.00000000e+00,3.74441608e+01,1.15020112e-01,1.71844548e-02,1.12719710e+02,1.68407657e+01
1.92000000e-01,-5.46829796e-02,-2.12974741e-01,4.33050617e-02,-1.36143509e-01,0.00000000e+00,3.75809211e+01,1.15184750e-01,1.71120876e-02,1.12881055e+02,1.67698459e+01
1.94000000e-01,-5.50995998e-02,-2.03622047e-01,4.30197332e-02,-1.49154330e-01,0.00000000e+00,3.77005401e+01,1.15222740e-01,1.70949438e-02,1.12918285e+02,1.67530449e+01
1.96000000e-01,-5.54973849e-02,-1.94145075e-01,4.27086072e-02,-1.61921014e-01,0.00000000e+00,3.78029073e+01,1.15566529e-01,1.71852957e-02,1.13255199e+02,1.68415898e+01
1.98000000e-01,-5.58761047e-02,-1.84554993e-01,4.23722184e-02,-1.74433866e-01,0.00000000e+00,3.78879282e+01,1.15710320e-01,1.71523045e-02,1.13396113e+02,1.68092584e+01
2.00000000e-01,-5.62355351e-02,-1.74860209e-01,4.20110271e-02,-1.86713607e-01,0.00000000e+00,3.79555241e+01,1.16093557e-01,1.71636363e-02,1.13771686e+02,1.68203636e+01
2.02000000e-01,-5.65755531e-02,-1.65176808e-01,4.16257890e-02,-1.98355873e-01,0.00000000e+00,3.80056326e+01,1.18791562e-01,1.79448478e-02,1.16415731e+02,1.75859508e+01
2.04000000e-01,-5.68962357e-02,-1.55483464e-01,4.12179141e-02,-2.09532550e-01,0.00000000e+00,3.80382074e+01,1.18518494e-01,1.75627867e-02,1.16148124e+02,1.72115309e+01
2.06000000e-01,-5.71973863e-02,-1.45639086e-01,4.07875526e-02,-2.20868441e-01,0.00000000e+00,3.80532185e+01,1.17760754e-01,1.70004669e-02,1.15405539e+02,1.66604575e+01
2.08000000e-01,-5.74787431e-02,-1.35721306e-01,4.03346079e-02,-2.31952914e-01,0.00000000e+00,3.80506519e+01,1.19140561e-01,1.74480227e-02,1.16757750e+02,1.70990622e+01
2.10000000e-01,-5.77402672e-02,-1.25797014e-01,3.98600939e-02,-2.42508082e-01,0.00000000e+00,3.80305101e+01,1.19783976e-01,1.74379314e-02,1.17388296e+02,1.70891728e+01
2.12000000e-01,-5.79819044e-02,-1.15832657e-01,3.93647751e-02,-2.52764076e-01,0.00000000e+00,3.79928116e+01,1.20217515e-01,1.73725957e-02,1.17813165e+02,1.70251438e+01
2.14000000e-01,-5.82035710e-02,-1.05828019e-01,3.88492525e-02,-2.62697646e-01,0.00000000e+00,3.79375912e+01,1.20693059e-01,1.73823193e-02,1.18279198e+02,1.70346729e+01
2.16000000e-01,-5.84051983e-02,-9.57961082e-02,3.83142297e-02,-2.72263396e-01,0.00000000e+00,3.78649001e+01,1.21267094e-01,1.73842625e-02,1.18841752e+02,1.70365772e+01
2.18000000e-01,-5.85867497e-02,-8.57557382e-02,3.77604599e-02,-2.81437727e-01,0.00000000e+00,3.77748053e+01,1.22018426e-01,1.74165801e-02,1.19578057e+02,1.70682485e+01
2.20000000e-01,-5.87482189e-02,-7.57118016e-02,3.71887536e-02,-2.90200009e-01,0.00000000e+00,3.76673900e+01,1.22542854e-01,1.74360339e-02,1.20091997e+02,1.70873132e+01
2.22000000e-01,-5.88896537e-02,-6.57529540e-02,3.66002415e-02,-2.98089934e-01,0.00000000e+00,3.75427536e+01,1.25202072e-01,1.84102402e-02,1.22698031e+02,1.80420354e+01
2.24000000e-01,-5.90112801e-02,-5.58681116e-02,3.59968002e-02,-3.05370348e-01,0.00000000e+00,3.74010112e+01,1.25305353e-01,1.78563033e-02,1.22799246e+02,1.74991772e+01
2.26000000e-01,-5.91130749e-02,-4.59064485e-02,3.53786087e-02,-3.12877978e-01,0.00000000e+00,3.72422937e+01,1.24278529e-01,1.70532234e-02,1.21792958e+02,1.67121590e+01
2.28000000e-01,-5.91949191e-02,-3.59646773e-02,3.47455411e-02,-3.20006408e-01,0.00000000e+00,3.70667477e+01,1.26478982e-01,1.77508468e-02,1.23949403e+02,1.73958299e+01
2.30000000e-01,-5.92570028e-02,-2.61266398e-02,3.40990876e-02,-3.26378068e-01,0.00000000e+00,3.68745354e+01,1.27249499e-01,1.77208066e-02,1.24704509e+02,1.73663905e+01
2.32000000e-01,-5.92994539e-02,-1.63308685e-02,3.34402736e-02,-3.32382655e-01,0.00000000e+00,3.66658345e+01,1.27853180e-01,1.75826459e-02,1.25296117e+02,1.72309929e+01
2.34000000e-01,-5.93223622e-02,-6.58906465e-03,3.27698175e-02,-3.37996461e-01,0.00000000e+00,3.64408377e+01,1.28737393e-01,1.75855840e-02,1.26162645e+02,1.72338723e+01
2.36000000e-01,-5.93258640e-02,3.07188793e-03,3.20886269e-02,-3.43101580e-01,0.00000000e+00,3.61997529e+01,1.29810541e-01,1.76793717e-02,1.27214330e+02,1.73257842e+01
2.38000000e-01,-5.93101282e-02,1.26526008e-02,3.13977470e-02,-3.47702987e-01,0.00000000e+00,3.59428028e+01,1.30523077e-01,1.76578147e-02,1.27912616e+02,1.73046584e+01
2.40000000e-01,-5.92753098e-02,2.21491125e-02,3.06981260e-02,-3.51837945e-01,0.00000000e+00,3.56702248e+01,1.31532696e-01,1.76607113e-02,1.28902042e+02,1.73074971e+01
2.42000000e-01,-5.92216409e-02,3.14819097e-02,2.99910603e-02,-3.54975499e-01,0.00000000e+00,3.53822708e+01,1.33948784e-01,1.87426552e-02,1.31269809e+02,1.83678021e+01
2.44000000e-01,-5.91494707e-02,4.06818688e-02,2.92786782e-02,-3.57431803e-01,0.00000000e+00,3.50792067e+01,1.34085204e-01,1.80739623e-02,1.31403500e+02,1.77124830e+01
2.46000000e-01,-5.90589041e-02,4.98957219e-02,2.85611227e-02,-3.60203608e-01,0.00000000e+00,3.47613126e+01,1.32922362e-01,1.70564359e-02,1.30263914e+02,1.67153072e+01
2.48000000e-01,-5.89499534e-02,5.90111374e-02,2.78381325e-02,-3.62572412e-01,0.00000000e+00,3.44288822e+01,1.35533422e-01,1.78880727e-02,1.32822753e+02,1.75303112e+01
2.50000000e-01,-5.88229893e-02,6.79319674e-02,2.71113998e-02,-3.64091233e-01,0.00000000e+00,3.40822225e+01,1.36469362e-01,1.78030108e-02,1.33739975e+02,1.74469506e+01
2.52000000e-01,-5.86783095e-02,7.67269685e-02,2.63820527e-02,-3.65182394e-01,0.00000000e+00,3.37216539e+01,1.37328635e-01,1.77442810e-02,1.34582062e+02,1.73893954e+01
2.54000000e-01,-5.85161722e-02,8.53858352e-02,2.56509845e-02,-3.65802144e-01,0.00000000e+00,3.33475095e+01,1.38362333e-01,1.77484094e-02,1.35595086e+02,1.73934412e+01
2.56000000e-01,-5.83368735e-02,9.38836577e-02,2.49191950e-02,-3.65895546e-01,0.00000000e+00,3.29601349e+01,1.39662952e-01,1.78037459e-02,1.36869693e+02,1.74476710e+01
2.58000000e-01,-5.81407466e-02,1.02218024e-01,2.41877563e-02,-3.65458012e-01,0.00000000e+00,3.25598880e+01,1.40614950e-01,1.78177906e-02,1.37802651e+02,1.74614348e+01
2.60000000e-01,-5.79281106e-02,1.10388639e-01,2.34577053e-02,-3.64507054e-01,0.00000000e+00,3.21471386e+01,1.41787059e-01,1.78381396e-02,1.38951318e+02,1.74813768e+01
2.62000000e-01,-5.76993128e-02,1.18378010e-01,2.27303609e-02,-3.62607064e-01,0.00000000e+00,3.17222681e+01,1.43015142e-01,1.87700659e-02,1.40154839e+02,1.83946646e+01
2.64000000e-01,-5.74547113e-02,1.26198238e-01,2.20077130e-02,-3.60053144e-01,0.00000000e+00,3.12856689e+01,1.43774752e-01,1.81773372e-02,1.40899257e+02,1.78137905e+01
2.66000000e-01,-5.71945648e-02,1.33951143e-01,2.12899158e-02,-3.57847974e-01,0.00000000e+00,3.08377443e+01,1.42496308e-01,1.70116730e-02,1.39646382e+02,1.66714395e+01
2.68000000e-01,-5.69190169e-02,1.41538742e-01,2.05765706e-02,-3.55268617e-01,0.00000000e+00,3.03789084e+01,1.45419315e-01,1.79427304e-02,1.42510928e+02,1.75838758e+01
2.70000000e-01,-5.66285870e-02,1.48860485e-01,1.98694091e-02,-3.51837654e-01,0.00000000e+00,2.99095848e+01,1.46367849e-01,1.77875875e-02,1.43440492e+02,1.74318358e+01
2.72000000e-01,-5.63236992e-02,1.55995848e-01,1.91694708e-02,-3.48030597e-01,0.00000000e+00,2.94302073e+01,1.47314865e-01,1.77307158e-02,1.44368568e+02,1.73761015e+01
2.74000000e-01,-5.60047394e-02,1.62927602e-01,1.84776015e-02,-3.43751438e-01,0.00000000e+00,2.89412187e+01,1.48550362e-01,1.77884350e-02,1.45579354e+02,1.74326663e+01
2.76000000e-01,-5.56721442e-02,1.69626388e-01,1.77948423e-02,-3.38906488e-01,0.00000000e+00,2.84430708e+01,1.50071124e-01,1.79410048e-02,1.47069701e+02,1.75821847e+01
2.78000000e-01,-5.53263834e-02,1.76100809e-01,1.71222974e-02,-3.33578699e-01,0.00000000e+00,2.79362238e+01,1.50997239e-01,1.78389851e-02,1.47977295e+02,1.74822054e+01
2.80000000e-01,-5.49678829e-02,1.82362222e-01,1.64607999e-02,-3.27842324e-01,0.00000000e+00,2.74211460e+01,1.52147699e-01,1.78513215e-02,1.49104745e+02,1.74942951e+01
2.82000000e-01,-5.45970482e-02,1.88453099e-01,1.58114236e-02,-3.21362819e-01,0.00000000e+00,2.68983132e+01,1.51979961e-01,1.84685607e-02,1.48940361e+02,1.80991895e+01
2.84000000e-01,-5.42142087e-02,1.94336691e-01,1.51757418e-02,-3.14293568e-01,0.00000000e+00,2.63682085e+01,1.53890388e-01,1.81782089e-02,1.50812580e+02,1.78146447e+01
2.86000000e-01,-5.38197958e-02,2.00078831e-01,1.45540314e-02,-3.07551194e-01,0.00000000e+00,2.58313216e+01,1.52089042e-01,1.68914776e-02,1.49047262e+02,1.65536481e+01
2.88000000e-01,-5.34140104e-02,2.05645519e-01,1.39456989e-02,-3.00566095e-01,0.00000000e+00,2.52881485e+01,1.54700664e-01,1.78158822e-02,1.51606650e+02,1.74595646e+01
2.90000000e-01,-5.29974107e-02,2.10916695e-01,1.33522886e-02,-2.92798775e-01,0.00000000e+00,2.47391910e+01,1.55615245e-01,1.76824793e-02,1.52502940e+02,1.73288297e+01
2.92000000e-01,-5.25704973e-02,2.15957351e-01,1.27747020e-02,-2.84734238e-01,0.00000000e+00,2.41849564e+01,1.56623009e-01,1.76113458e-02,1.53490549e+02,1.72591189e+01
2.94000000e-01,-5.21337480e-02,2.20747996e-01,1.22136147e-02,-2.76275065e-01,0.00000000e+00,2.36259566e+01,1.57911785e-01,1.77058481e-02,1.54753549e+02,1.73517311e+01
2.96000000e-01,-5.16876769e-02,2.25281338e-01,1.16698881e-02,-2.67386330e-01,0.00000000e+00,2.30627081e+01,1.59012783e-01,1.77326443e-02,1.55832527e+02,1.73779914e+01
2.98000000e-01,-5.12327909e-02,2.29562365e-01,1.11443287e-02,-2.58108680e-01,0.00000000e+00,2.24957313e+01,1.60112010e-01,1.77676200e-02,1.56909769e+02,1.74122676e+01
3.00000000e-01,-5.07695957e-02,2.33590917e-01,1.06376952e-02,-2.48468337e-01,0.00000000e+00,2.19255500e+01,1.61147866e-01,1.77662633e-02,1.57924909e+02,1.74109381e+01
3.02000000e-01,-5.02985246e-02,2.37473432e-01,1.01507531e-02,-2.38381456e-01,0.00000000e+00,2.13526909e+01,1.59694924e-01,1.80051942e-02,1.56501026e+02,1.76450903e+01
3.04000000e-01,-4.98198378e-02,2.41152253e-01,9.68446228e-03,-2.27855304e-01,0.00000000e+00,2.07776834e+01,1.62015243e-01,1.80178890e-02,1.58774938e+02,1.76575312e+01
3.06000000e-01,-4.93340425e-02,2.44640692e-01,9.23914600e-03,-2.17607903e-01,0.00000000e+00,2.02010586e+01,1.60192232e-01,1.67796870e-02,1.56988387e+02,1.64440932e+01
3.08000000e-01,-4.88414061e-02,2.47932576e-01,8.81410594e-03,-2.07247647e-01,0.00000000e+00,1.96233492e+01,1.62600384e-01,1.76434180e-02,1.59348377e+02,1.72905496e+01
3.10000000e-01,-4.83425159e-02,2.50918887e-01,8.41056700e-03,-1.96270062e-01,0.00000000e+00,1.90450891e+01,1.63272441e-01,1.74945065e-02,1.60006992e+02,1.71446163e+01
3.12000000e-01,-4.78378907e-02,2.53665001e-01,8.02914271e-03,-1.85116968e-01,0.00000000e+00,1.84668124e+01,1.64105146e-01,1.74623816e-02,1.60823043e+02,1.71131340e+01
3.14000000e-01,-4.73280241e-02,2.56158888e-01,7.67026078e-03,-1.73721429e-01,0.00000000e+00,1.78890534e+01,1.65014496e-01,1.74860772e-02,1.61714206e+02,1.71363556e+01
3.16000000e-01,-4.68134317e-02,2.58387868e-01,7.33443367e-03,-1.62060907e-01,0.00000000e+00,1.73123458e+01,1.66103841e-01,1.75340859e-02,1.62781764e+02,1.71834042e+01
3.18000000e-01,-4.62946543e-02,2.60344328e-01,7.02218631e-03,-1.50146666e-01,0.00000000e+00,1.67372225e+01,1.67155807e-01,1.75677218e-02,1.63812691e+02,1.72163674e+01
3.20000000e-01,-4.57722270e-02,2.62041905e-01,6.73398941e-03,-1.38018844e-01,0.00000000e+00,1.61642148e+01,1.67895631e-01,1.75657433e-02,1.64537718e+02,1.72144284e+01
3.22000000e-01,-4.52465496e-02,2.63645070e-01,6.47017432e-03,-1.25795952e-01,0.00000000e+00,1.55938522e+01,1.65077259e-01,1.73854069e-02,1.61775713e+02,1.70376987e+01
3.24000000e-01,-4.47177680e-02,2.65066424e-01,6.23097427e-03,-1.13320101e-01,0.00000000e+00,1.50266614e+01,1.67833538e-01,1.77499338e-02,1.64476867e+02,1.73949351e+01
3.26000000e-01,-4.41864289e-02,2.66270285e-01,6.01674001e-03,-1.01075055e-01,0.00000000e+00,1.44631666e+01,1.65826964e-01,1.65898327e-02,1.62510425e+02,1.62580361e+01
3.28000000e-01,-4.36528068e-02,2.67294254e-01,5.82661925e-03,-8.89122380e-02,0.00000000e+00,1.39038883e+01,1.67685458e-01,1.73008250e-02,1.64331749e+02,1.69548085e+01
3.30000000e-01,-4.31174394e-02,2.68037049e-01,5.66135264e-03,-7.63570799e-02,0.00000000e+00,1.33493433e+01,1.68030090e-01,1.71721358e-02,1.64669488e+02,1.68286931e+01
3.32000000e-01,-4.25808119e-02,2.68549810e-01,5.52121669e-03,-6.37632905e-02,0.00000000e+00,1.28000439e+01,1.68682382e-01,1.71765842e-02,1.65308735e+02,1.68330525e+01
3.34000000e-01,-4.20434025e-02,2.68819045e-01,5.40636530e-03,-5.10707823e-02,0.00000000e+00,1.22564975e+01,1.69334881e-01,1.72100995e-02,1.65948184e+02,1.68658975e+01
3.36000000e-01,-4.15057002e-02,2.68841576e-01,5.31700739e-03,-3.82675329e-02,0.00000000e+00,1.17192064e+01,1.70058038e-01,1.72761585e-02,1.66656877e+02,1.69306353e+01
3.38000000e-01,-4.09681986e-02,2.68620443e-01,5.25334395e-03,-2.53911155e-02,0.00000000e+00,1.11886668e+01,1.70640169e-01,1.72674776e-02,1.67227365e+02,1.69221281e+01
3.40000000e-01,-4.04313759e-02,2.68163097e-01,5.21545659e-03,-1.24942164e-02,0.00000000e+00,1.06653691e+01,1.71193791e-01,1.72597615e-02,1.67769915e+02,1.69145663e+01
3.42000000e-01,-3.98955814e-02,2.67653018e-01,5.20320867e-03,1.65106110e-04,0.00000000e+00,1.01497965e+01,1.67496372e-01,1.67461068e-02,1.64146445e+02,1.64111847e+01
3.44000000e-01,-3.93608624e-02,2.66995185e-01,5.21616114e-03,1.28905933e-02,0.00000000e+00,9.64242550e+00,1.70278982e-01,1.74119928e-02,1.66873402e+02,1.70637529e+01
3.46000000e-01,-3.88277494e-02,2.66114180e-01,5.25466014e-03,2.54497753e-02,0.00000000e+00,9.14372479e+00,1.68355763e-01,1.64468398e-02,1.64988648e+02,1.61179030e+01
3.48000000e-01,-3.82965045e-02,2.65084911e-01,5.31778056e-03,3.77394393e-02,0.00000000e+00,8.65415510e+00,1.69402834e-01,1.69314579e-02,1.66014777e+02,1.65928288e+01
3.50000000e-01,-3.77675693e-02,2.63816460e-01,5.40571760e-03,5.01786455e-02,0.00000000e+00,8.17416874e+00,1.69621910e-01,1.68812685e-02,1.66229472e+02,1.65436432e+01
3.52000000e-01,-3.72413757e-02,2.62342496e-01,5.51842782e-03,6.25168652e-02,0.00000000e+00,7.70420915e+00,1.69903805e-01,1.68754595e-02,1.66505729e+02,1.65379503e+01
3.54000000e-01,-3.67183343e-02,2.60665942e-01,5.65573320e-03,7.47772987e-02,0.00000000e+00,7.24471052e+00,1.70079479e-01,1.69091371e-02,1.66677889e+02,1.65709544e+01
3.56000000e-01,-3.61988458e-02,2.58788569e-01,5.81748047e-03,8.69529318e-02,0.00000000e+00,6.79609736e+00,1.70348151e-01,1.69235541e-02,1.66941188e+02,1.65850830e+01
3.58000000e-01,-3.56833152e-02,2.56708493e-01,6.00347039e-03,9.90167709e-02,0.00000000e+00,6.35878413e+00,1.70599360e-01,1.69352491e-02,1.67187373e+02,1.65965442e+01
3.60000000e-01,-3.51721429e-02,2.54431797e-01,6.21345374e-03,1.10939901e-01,0.00000000e+00,5.93317486e+00,1.70760627e-01,1.69233034e-02,1.67345415e+02,1.65848373e+01
3.62000000e-01,-3.46655934e-02,2.52147046e-01,6.44688698e-03,1.22348590e-01,0.00000000e+00,5.51966276e+00,1.66643040e-01,1.61841997e-02,1.63310179e+02,1.58605157e+01
3.64000000e-01,-3.41636311e-02,2.49747800e-01,6.70278473e-03,1.33662200e-01,0.00000000e+00,5.11862985e+00,1.69328908e-01,1.70847260e-02,1.65942330e+02,1.67430315e+01
3.66000000e-01,-3.36667379e-02,2.47144980e-01,6.98144516e-03,1.44839930e-01,0.00000000e+00,4.73044664e+00,1.67333126e-01,1.62924480e-02,1.63986463e+02,1.59665990e+01
3.68000000e-01,-3.31751185e-02,2.44441114e-01,7.28184673e-03,1.55571121e-01,0.00000000e+00,4.35547176e+00,1.67665961e-01,1.65722090e-02,1.64312641e+02,1.62407649e+01
3.70000000e-01,-3.26890916e-02,2.41559983e-01,7.60366972e-03,1.66212433e-01,0.00000000e+00,3.99405164e+00,1.67496146e-01,1.65591783e-02,1.64146223e+02,1.62279947e+01
3.72000000e-01,-3.22089811e-02,2.38525133e-01,7.94654656e-03,1.76628917e-01,0.00000000e+00,3.64652019e+00,1.67326382e-01,1.65858542e-02,1.63979854e+02,1.62541372e+01
3.74000000e-01,-3.17350907e-02,2.35340925e-01,8.31002658e-03,1.86807216e-01,0.00000000e+00,3.31319848e+00,1.67104876e-01,1.65743115e-02,1.63762778e+02,1.62428253e+01
3.76000000e-01,-3.12677143e-02,2.32011274e-01,8.69360363e-03,1.96727858e-01,0.00000000e+00,2.99439445e+00,1.66896169e-01,1.65889346e-02,1.63558245e+02,1.62571559e+01
3.78000000e-01,-3.08071427e-02,2.28535952e-01,9.09676324e-03,2.06386370e-01,0.00000000e+00,2.69040264e+00,1.66734996e-01,1.65960797e-02,1.63400296e+02,1.62641581e+01
3.80000000e-01,-3.03536658e-02,2.24917728e-01,9.51896374e-03,2.15766849e-01,0.00000000e+00,2.40150390e+00,1.66518853e-01,1.66046398e-02,1.63188476e+02,1.62725470e+01
3.82000000e-01,-2.99074689e-02,2.21303824e-01,9.95943027e-03,2.24546863e-01,0.00000000e+00,2.12796514e+00,1.62976794e-01,1.59612941e-02,1.59717258e+02,1.56420682e+01
3.84000000e-01,-2.94684931e-02,2.17626055e-01,1.04169746e-02,2.33062012e-01,0.00000000e+00,1.87003907e+00,1.64412899e-01,1.66988732e-02,1.61124641e+02,1.63648957e+01
3.86000000e-01,-2.90370586e-02,2.13807466e-01,1.08915434e-02,2.41374801e-01,0.00000000e+00,1.62796398e+00,1.62729887e-01,1.62110479e-02,1.59475290e+02,1.58868269e+01
3.88000000e-01,-2.86132999e-02,2.09933869e-01,1.13821088e-02,2.49140074e-01,0.00000000e+00,1.40196352e+00,1.62223295e-01,1.62472541e-02,1.58978829e+02,1.59223090e+01
3.90000000e-01,-2.81973932e-02,2.05955102e-01,1.18879003e-02,2.56600274e-01,0.00000000e+00,1.19224648e+00,1.61776130e-01,1.62901924e-02,1.58540607e+02,1.59643886e+01
3.92000000e-01,-2.77895467e-02,2.01875497e-01,1.24082933e-02,2.63735620e-01,0.00000000e+00,9.99006611e-01,1.61233647e-01,1.63058707e-02,1.58008974e+02,1.59797533e+01
3.94000000e-01,-2.73899525e-02,1.97703944e-01,1.29426035e-02,2.70512091e-01,0.00000000e+00,8.22422448e-01,1.60645741e-01,1.62974200e-02,1.57432826e+02,1.59714716e+01
3.96000000e-01,-2.69987895e-02,1.93444618e-01,1.34900926e-02,2.76915086e-01,0.00000000e+00,6.62657129e-01,1.60074183e-01,1.63014327e-02,1.56872699e+02,1.59754040e+01
3.98000000e-01,-2.66162294e-02,1.89102239e-01,1.40500154e-02,2.82945462e-01,0.00000000e+00,5.19858257e-01,1.59445862e-01,1.63126954e-02,1.56256945e+02,1.59864415e+01
4.00000000e-01,-2.62424325e-02,1.84681944e-01,1.46216181e-02,2.88591307e-01,0.00000000e+00,3.94157760e-01,1.58825495e-01,1.63085445e-02,1.55648985e+02,1.59823736e+01
4.02000000e-01,-2.58775030e-02,1.80259703e-01,1.52040009e-02,2.93667679e-01,0.00000000e+00,2.85671769e-01,1.56494193e-01,1.59472258e-02,1.53364310e+02,1.56282812e+01
4.04000000e-01,-2.55213955e-02,1.75834672e-01,1.57959877e-02,2.98292457e-01,0.00000000e+00,1.94500511e-01,1.55965697e-01,1.62044428e-02,1.52846383e+02,1.58803540e+01
4.06000000e-01,-2.51742026e-02,1.71352120e-01,1.63969605e-02,3.02601937e-01,0.00000000e+00,1.20728217e-01,1.54985800e-01,1.61421566e-02,1.51886084e+02,1.58193134e+01
4.08000000e-01,-2.48360069e-02,1.66839781e-01,1.70060698e-02,3.06423028e-01,0.00000000e+00,6.44230428e-02,1.53882571e-01,1.60478765e-02,1.50804920e+02,1.57269190e+01
4.10000000e-01,-2.45068660e-02,1.62293704e-01,1.76223590e-02,3.09803734e-01,0.00000000e+00,2.56370070e-02,1.53068754e-01,1.60967963e-02,1.50007379e+02,1.57748603e+01
4.12000000e-01,-2.41868602e-02,1.57705368e-01,1.82450244e-02,3.12793890e-01,0.00000000e+00,4.40594321e-03,1.52239083e-01,1.61163844e-02,1.49194302e+02,1.57940568e+01
4.14000000e-01,-2.38760667e-02,1.53083731e-01,1.88732537e-02,3.15362847e-01,0.00000000e+00,0.00000000e+00,1.51290960e-01,1.61090917e-02,1.48265141e+02,1.57869099e+01
4.16000000e-01,-2.35745412e-02,1.48438319e-01,1.95061862e-02,3.17497476e-01,0.00000000e+00,0.00000000e+00,1.50314272e-01,1.61080161e-02,1.47307986e+02,1.57858558e+01
4.18000000e-01,-2.32823291e-02,1.43769491e-01,2.01429592e-02,3.19205466e-01,0.00000000e+00,0.00000000e+00,1.49433677e-01,1.61225290e-02,1.46445003e+02,1.58000785e+01
4.20000000e-01,-2.29994778e-02,1.39078741e-01,2.07827187e-02,3.20479428e-01,0.00000000e+00,0.00000000e+00,1.48498399e-01,1.61103798e-02,1.45528431e+02,1.57881722e+01
4.22000000e-01,-2.27260201e-02,1.34378973e-01,2.14245466e-02,3.21258036e-01,0.00000000e+00,0.00000000e+00,1.47392936e-01,1.59993241e-02,1.44445078e+02,1.56793376e+01
4.24000000e-01,-2.24619326e-02,1.29723140e-01,2.20673741e-02,3.21471660e-01,0.00000000e+00,0.00000000e+00,1.45296863e-01,1.58426749e-02,1.42390926e+02,1.55258214e+01
4.26000000e-01,-2.22071149e-02,1.25086270e-01,2.27101763e-02,3.21299871e-01,0.00000000e+00,0.00000000e+00,1.44850795e-01,1.61086865e-02,1.41953779e+02,1.57865128e+01
4.28000000e-01,-2.19615934e-02,1.20440654e-01,2.33523186e-02,3.20745574e-01,0.00000000e+00,0.00000000e+00,1.43477981e-01,1.59573240e-02,1.40608421e+02,1.56381775e+01
4.30000000e-01,-2.17253365e-02,1.15818724e-01,2.39928206e-02,3.19684362e-01,0.00000000e+00,0.00000000e+00,1.42349810e-01,1.59600791e-02,1.39502813e+02,1.56408775e+01
4.32000000e-01,-2.14983067e-02,1.11214480e-01,2.46307731e-02,3.18198790e-01,0.00000000e+00,0.00000000e+00,1.41192597e-01,1.59785288e-02,1.38368745e+02,1.56589582e+01
4.34000000e-01,-2.12804404e-02,1.06667496e-01,2.52652215e-02,3.16121853e-01,1.68897173e-02,0.00000000e+00,1.39214672e-01,1.56259547e-02,1.36430378e+02,1.53134356e+01
4.36000000e-01,-2.10715898e-02,1.02190898e-01,2.58948355e-02,3.13407455e-01,1.10461559e-01,0.00000000e+00,1.37824675e-01,1.55410183e-02,1.35068181e+02,1.52301979e+01
4.38000000e-01,-2.08716392e-02,9.77706874e-02,2.65184946e-02,3.10158136e-01,2.04033400e-01,0.00000000e+00,1.36246691e-01,1.53953861e-02,1.33521757e+02,1.50874784e+01
4.40000000e-01,-2.06804599e-02,9.34211907e-02,2.71350959e-02,3.06350701e-01,2.97605241e-01,0.00000000e+00,1.34593832e-01,1.52519050e-02,1.31901955e+02,1.49468669e+01
4.42000000e-01,-2.04979342e-02,8.91020324e-02,2.77435071e-02,3.01957897e-01,3.91177082e-01,0.00000000e+00,1.34030140e-01,1.50376077e-02,1.31349537e+02,1.47368556e+01
4.44000000e-01,-2.03239768e-02,8.48953970e-02,2.83424394e-02,2.96833070e-01,4.84748924e-01,0.00000000e+00,1.30527073e-01,1.45730389e-02,1.27916532e+02,1.42815781e+01
4.46000000e-01,-2.01582741e-02,8.08065919e-02,2.89305356e-02,2.91252596e-01,5.78320765e-01,0.00000000e+00,1.29907399e-01,1.49236145e-02,1.27309251e+02,1.46251422e+01
4.48000000e-01,-2.00007108e-02,7.67771406e-02,2.95071839e-02,2.85273357e-01,6.71892606e-01,0.00000000e+00,1.27837372e-01,1.45622035e-02,1.25280625e+02,1.42709594e+01
4.50000000e-01,-1.98510857e-02,7.28674222e-02,3.00711904e-02,2.78636141e-01,7.65464447e-01,0.00000000e+00,1.25872093e-01,1.43509138e-02,1.23354651e+02,1.40638955e+01
4.52000000e-01,-1.97091653e-02,6.90713928e-02,3.06213625e-02,2.71450011e-01,8.59036289e-01,0.00000000e+00,1.24006658e-01,1.41988906e-02,1.21526524e+02,1.39149128e+01
4.54000000e-01,-1.95747273e-02,6.53845432e-02,3.11566530e-02,2.63757801e-01,9.52608130e-01,0.00000000e+00,1.22208275e-01,1.40564570e-02,1.19764110e+02,1.37753279e+01
4.56000000e-01,-1.94475531e-02,6.18087457e-02,3.16760607e-02,2.55566156e-01,1.04617997e+00,0.00000000e+00,1.20358836e-01,1.38958972e-02,1.17951660e+02,1.36179793e+01
4.58000000e-01,-1.93274154e-02,5.83483867e-02,3.21785936e-02,2.46888589e-01,1.13975181e+00,0.00000000e+00,1.18515862e-01,1.37579211e-02,1.16145545e+02,1.34827627e+01
4.60000000e-01,-1.92140788e-02,5.50091700e-02,3.26632938e-02,2.37729161e-01,1.23332365e+00,0.00000000e+00,1.16589154e-01,1.35806010e-02,1.14257371e+02,1.33089889e+01
4.62000000e-01,-1.91073577e-02,5.17015135e-02,3.31291660e-02,2.28053327e-01,1.32689550e+00,0.00000000e+00,1.16893731e-01,1.33434311e-02,1.14555857e+02,1.30765625e+01
4.64000000e-01,-1.90071925e-02,4.85142569e-02,3.35750801e-02,2.17737145e-01,1.42046734e+00,0.00000000e+00,1.12944835e-01,1.28776882e-02,1.10685939e+02,1.26201344e+01
4.66000000e-01,-1.89131980e-02,4.54808793e-02,3.39999131e-02,2.07118871e-01,1.51403918e+00,0.00000000e+00,1.12518304e-01,1.33205890e-02,1.10267938e+02,1.30541772e+01
4.68000000e-01,-1.88252220e-02,4.25179690e-02,3.44034305e-02,1.96312911e-01,1.60761102e+00,0.00000000e+00,1.10567841e-01,1.30645621e-02,1.08356485e+02,1.28032709e+01
4.70000000e-01,-1.87430297e-02,3.96997132e-02,3.47848188e-02,1.84988018e-01,1.70118286e+00,0.00000000e+00,1.08455549e-01,1.27807759e-02,1.06286438e+02,1.25251604e+01
4.72000000e-01,-1.86663267e-02,3.70261060e-02,3.51430749e-02,1.73201803e-01,1.79475470e+00,0.00000000e+00,1.06550634e-01,1.26128267e-02,1.04419621e+02,1.23605702e+01
4.74000000e-01,-1.85948364e-02,3.44858865e-02,3.54773728e-02,1.61035803e-01,1.88832654e+00,0.00000000e+00,1.04744584e-01,1.24661141e-02,1.02649692e+02,1.22167918e+01
4.76000000e-01,-1.85283009e-02,3.20690891e-02,3.57869980e-02,1.48539563e-01,1.98189838e+00,0.00000000e+00,1.03113492e-01,1.23670548e-02,1.01051222e+02,1.21197137e+01
4.78000000e-01,-1.84664749e-02,2.97799564e-02,3.60713205e-02,1.35727512e-01,2.07547023e+00,0.00000000e+00,1.01247261e-01,1.22146068e-02,9.92223154e+01,1.19703147e+01
4.80000000e-01,-1.84090856e-02,2.76338959e-02,3.63296872e-02,1.22584239e-01,2.16904207e+00,0.00000000e+00,9.92929323e-02,1.20462576e-02,9.73070737e+01,1.18053325e+01
4.82000000e-01,-1.83559413e-02,2.54847963e-02,3.65614562e-02,1.09139129e-01,2.26261391e+00,0.00000000e+00,1.00875775e-01,1.19176198e-02,9.88582594e+01,1.16792674e+01
4.84000000e-01,-1.83070951e-02,2.34127808e-02,3.67659879e-02,9.53103620e-02,2.35618575e+00,0.00000000e+00,9.70842733e-02,1.15387584e-02,9.51425879e+01,1.13079833e+01
4.86000000e-01,-1.82621710e-02,2.15196030e-02,3.69425530e-02,8.12646583e-02,2.44975759e+00,0.00000000e+00,9.63223220e-02,1.17202426e-02,9.43958756e+01,1.14858377e+01
4.88000000e-01,-1.82209758e-02,1.96877270e-02,3.70910760e-02,6.72631367e-02,2.54332943e+00,0.00000000e+00,9.53079981e-02,1.18493894e-02,9.34018381e+01,1.16124016e+01
4.90000000e-01,-1.81833371e-02,1.79803224e-02,3.72114560e-02,5.30374286e-02,2.63690127e+00,0.00000000e+00,9.30994133e-02,1.14274201e-02,9.12374250e+01,1.11988717e+01
4.92000000e-01,-1.81489441e-02,1.64385608e-02,3.73029555e-02,3.84063979e-02,2.73047311e+00,0.00000000e+00,9.11502032e-02,1.11352792e-02,8.93271991e+01,1.09125736e+01
4.94000000e-01,-1.81174937e-02,1.50305760e-02,3.73649381e-02,2.35600095e-02,2.82404496e+00,0.00000000e+00,8.97108425e-02,1.10699839e-02,8.79166257e+01,1.08485842e+01
4.96000000e-01,-1.80887424e-02,1.37415992e-02,3.73971221e-02,8.60353607e-03,2.91761680e+00,0.00000000e+00,8.81292501e-02,1.09562841e-02,8.63666651e+01,1.07371584e+01
4.98000000e-01,-1.80624404e-02,1.25829565e-02,3.73992568e-02,-6.49608732e-03,3.01118864e+00,0.00000000e+00,8.64457513e-02,1.07787134e-02,8.47168362e+01,1.05631391e+01
5.00000000e-01,-1.80383223e-02,1.15567045e-02,3.73710461e-02,-2.17331899e-02,3.10476048e+00,0.00000000e+00,8.48344694e-02,1.06336258e-02,8.31377800e+01,1.04209533e+01
5.02000000e-01,-1.80162611e-02,1.04590789e-02,3.73123439e-02,-3.69404679e-02,3.19833232e+00,0.00000000e+00,8.79291792e-02,1.07636735e-02,8.61705956e+01,1.05484001e+01
5.04000000e-01,-1.79964632e-02,9.39564333e-03,3.72231833e-02,-5.22990204e-02,3.29190416e+00,0.00000000e+00,8.38693489e-02,1.01949648e-02,8.21919619e+01,9.99106552e+00
5.06000000e-01,-1.79785596e-02,8.51067431e-03,3.71030807e-02,-6.77581719e-02,3.36079706e+00,0.00000000e+00,8.36091150e-02,1.03872692e-02,8.19369327e+01,1.01795239e+01
5.08000000e-01,-1.79624180e-02,7.62948349e-03,3.69524215e-02,-8.28111488e-02,3.41908806e+00,0.00000000e+00,8.36457034e-02,1.08384792e-02,8.19727894e+01,1.06217096e+01
5.10000000e-01,-1.79479897e-02,6.82616899e-03,3.67719033e-02,-9.77633957e-02,3.47737907e+00,0.00000000e+00,8.16681797e-02,1.03468987e-02,8.00348161e+01,1.01399607e+01
5.12000000e-01,-1.79350267e-02,6.15276693e-03,3.65612642e-02,-1.12871140e-01,3.53567007e+00,0.00000000e+00,8.05013600e-02,1.02173457e-02,7.88913328e+01,1.00129988e+01
5.14000000e-01,-1.79233215e-02,5.56504653e-03,3.63204769e-02,-1.27891672e-01,3.59396108e+00,0.00000000e+00,7.95680238e-02,1.01921147e-02,7.79766633e+01,9.98827238e+00
5.16000000e-01,-1.79127149e-02,5.05476806e-03,3.60497942e-02,-1.42767245e-01,3.65225208e+00,0.00000000e+00,7.86030264e-02,1.01410090e-02,7.70309658e+01,9.93818879e+00
5.18000000e-01,-1.79030452e-02,4.63033843e-03,3.57494962e-02,-1.57510411e-01,3.71054309e+00,0.00000000e+00,7.74812325e-02,1.00470635e-02,7.59316078e+01,9.84612219e+00
5.20000000e-01,-1.78941364e-02,4.29164117e-03,3.54198500e-02,-1.72107451e-01,3.76883410e+00,0.00000000e+00,7.65255271e-02,9.98277562e-03,7.49950166e+01,9.78312011e+00
5.22000000e-01,-1.78859645e-02,3.82420062e-03,3.50612757e-02,-1.86390537e-01,3.82712510e+00,0.00000000e+00,8.04212331e-02,1.01996660e-02,7.88128084e+01,9.99567268e+00
5.24000000e-01,-1.78788535e-02,3.33589955e-03,3.46743494e-02,-2.00581260e-01,3.88541611e+00,0.00000000e+00,7.69527397e-02,9.62966672e-03,7.54136849e+01,9.43707338e+00
5.26000000e-01,-1.78725357e-02,2.97533201e-03,3.42590261e-02,-2.14658866e-01,3.94370711e+00,0.00000000e+00,7.73834206e-02,9.84955872e-03,7.58357522e+01,9.65256754e+00
5.28000000e-01,-1.78669737e-02,2.58241716e-03,3.38161092e-02,-2.28143582e-01,4.00199812e+00,0.00000000e+00,7.76616201e-02,1.02469563e-02,7.61083877e+01,1.00420172e+01
5.30000000e-01,-1.78621709e-02,2.24232283e-03,3.33466192e-02,-2.41377212e-01,4.06028912e+00,0.00000000e+00,7.61084609e-02,9.71127673e-03,7.45862917e+01,9.51705120e+00
5.32000000e-01,-1.78579472e-02,1.98804238e-03,3.28506468e-02,-2.54541291e-01,4.11858013e+00,0.00000000e+00,7.56208332e-02,9.68980929e-03,7.41084165e+01,9.49601311e+00
5.34000000e-01,-1.78541841e-02,1.78564149e-03,3.23286301e-02,-2.67441207e-01,4.17687113e+00,0.00000000e+00,7.48645846e-02,9.52529390e-03,7.33672929e+01,9.33478803e+00
5.36000000e-01,-1.78507704e-02,1.63459021e-03,3.17810605e-02,-2.80073277e-01,4.23516214e+00,0.00000000e+00,7.43924191e-02,9.47495649e-03,7.29045707e+01,9.28545736e+00
5.38000000e-01,-1.78476185e-02,1.52444225e-03,3.12085539e-02,-2.92380116e-01,4.29345314e+00,0.00000000e+00,7.38825739e-02,9.39513260e-03,7.24049225e+01,9.20722995e+00
5.40000000e-01,-1.78446407e-02,1.46225133e-03,3.06117475e-02,-3.04375795e-01,4.35174415e+00,0.00000000e+00,7.32471913e-02,9.28041789e-03,7.17822475e+01,9.09480954e+00
5.42000000e-01,-1.78418856e-02,1.22589949e-03,2.99914268e-02,-3.15807384e-01,4.41003515e+00,0.00000000e+00,7.79290708e-02,9.69770610e-03,7.63704894e+01,9.50375198e+00
5.44000000e-01,-1.78397707e-02,9.39068416e-04,2.93486755e-02,-3.27002726e-01,4.46832616e+00,0.00000000e+00,7.44081175e-02,8.86263105e-03,7.29199552e+01,8.68537843e+00
5.46000000e-01,-1.78380682e-02,7.43937380e-04,2.86835652e-02,-3.37974178e-01,4.52661716e+00,0.00000000e+00,7.57716692e-02,9.22202799e-03,7.42562358e+01,9.03758743e+00
5.48000000e-01,-1.78368424e-02,4.77718886e-04,2.79972799e-02,-3.48194055e-01,4.58490817e+00,0.00000000e+00,7.60581666e-02,9.46399716e-03,7.45370032e+01,9.27471722e+00
5.50000000e-01,-1.78361430e-02,2.32970305e-04,2.72910408e-02,-3.58036149e-01,4.64319918e+00,0.00000000e+00,7.52632199e-02,9.01010546e-03,7.37579555e+01,8.82990335e+00
5.52000000e-01,-1.78358903e-02,1.85202952e-05,2.65653280e-02,-3.67589130e-01,4.70149018e+00,0.00000000e+00,7.53472361e-02,9.03804734e-03,7.38402914e+01,8.85728639e+00
5.54000000e-01,-1.78360630e-02,-1.87110213e-04,2.58209699e-02,-3.76713821e-01,4.75978119e+00,0.00000000e+00,7.50576854e-02,8.84946339e-03,7.35565317e+01,8.67247412e+00
5.56000000e-01,-1.78366334e-02,-3.84766426e-04,2.50587518e-02,-3.85420068e-01,4.81807219e+00,0.00000000e+00,7.51647536e-02,8.83106724e-03,7.36614585e+01,8.65444590e+00
5.58000000e-01,-1.78375977e-02,-5.75876811e-04,2.42795867e-02,-3.93680661e-01,4.87636320e+00,0.00000000e+00,7.49118037e-02,8.67519864e-03,7.34135676e+01,8.50169467e+00
5.60000000e-01,-1.78389303e-02,-7.57134103e-04,2.34843273e-02,-4.01493988e-01,4.93465420e+00,0.00000000e+00,7.49446532e-02,8.63701613e-03,7.34457602e+01,8.46427580e+00
5.62000000e-01,-1.78407687e-02,-1.15205404e-03,2.26741279e-02,-4.08531683e-01,4.99294521e+00,0.00000000e+00,7.99182170e-02,9.14876875e-03,7.83198526e+01,8.96579337e+00
5.64000000e-01,-1.78435746e-02,-1.60111231e-03,2.18503730e-02,-4.15310800e-01,5.05123621e+00,0.00000000e+00,7.62305801e-02,8.00570899e-03,7.47059685e+01,7.84559481e+00
5.66000000e-01,-1.78471326e-02,-1.98931362e-03,2.10130806e-02,-4.21796157e-01,5.10952722e+00,0.00000000e+00,7.85237436e-02,8.57196245e-03,7.69532688e+01,8.40052320e+00
5.68000000e-01,-1.78516000e-02,-2.47961718e-03,2.01637512e-02,-4.27437373e-01,5.16781822e+00,0.00000000e+00,7.86509122e-02,8.56657459e-03,7.70778939e+01,8.39524310e+00
5.70000000e-01,-1.78570591e-02,-2.98198741e-03,1.93036448e-02,-4.32608083e-01,5.22610923e+00,0.00000000e+00,7.88482338e-02,8.33297031e-03,7.72712691e+01,8.16631090e+00
5.72000000e-01,-1.78635408e-02,-3.50361149e-03,1.84336084e-02,-4.37344570e-01,5.28440023e+00,0.00000000e+00,7.91516222e-02,8.23706414e-03,7.75685897e+01,8.07232286e+00
5.74000000e-01,-1.78710873e-02,-4.04585499e-03,1.75545848e-02,-4.41603697e-01,5.34269124e+00,0.00000000e+00,7.93894578e-02,8.08097313e-03,7.78016686e+01,7.91935367e+00
5.76000000e-01,-1.78797394e-02,-4.61086340e-03,1.66675215e-02,-4.45371024e-01,5.40098225e+00,0.00000000e+00,7.97519197e-02,8.00369286e-03,7.81568813e+01,7.84361900e+00
5.78000000e-01,-1.78895485e-02,-5.20257405e-03,1.57734424e-02,-4.48625933e-01,5.45927325e+00,0.00000000e+00,8.00910956e-02,7.88064624e-03,7.84892737e+01,7.72303332e+00
5.80000000e-01,-1.79005685e-02,-5.82256867e-03,1.48733658e-02,-4.51358786e-01,5.51756426e+00,0.00000000e+00,8.05002906e-02,7.81481662e-03,7.88902848e+01,7.65852028e+00
5.82000000e-01,-1.79129875e-02,-6.66549718e-03,1.39685800e-02,-4.53232678e-01,5.57585526e+00,0.00000000e+00,8.53986897e-02,8.39190185e-03,8.36907159e+01,8.22406381e+00
5.84000000e-01,-1.79272675e-02,-7.56398813e-03,1.30606220e-02,-4.54826222e-01,5.63414627e+00,0.00000000e+00,8.19113359e-02,7.10679345e-03,8.02731092e+01,6.96465759e+00
5.86000000e-01,-1.79432128e-02,-8.41656715e-03,1.21494583e-02,-4.56144909e-01,5.69243727e+00,0.00000000e+00,8.44526792e-02,7.66777949e-03,8.27636256e+01,7.51442390e+00
5.88000000e-01,-1.79610205e-02,-9.39920560e-03,1.12366272e-02,-4.56586493e-01,5.75072828e+00,0.00000000e+00,8.50918709e-02,7.64401170e-03,8.33900334e+01,7.49113146e+00
5.90000000e-01,-1.79808416e-02,-1.04298262e-02,1.03234736e-02,-4.56486297e-01,5.80901928e+00,0.00000000e+00,8.57315243e-02,7.50046493e-03,8.40168938e+01,7.35045563e+00
5.92000000e-01,-1.80027682e-02,-1.15029403e-02,9.41099423e-03,-4.55917757e-01,5.86731029e+00,0.00000000e+00,8.62594716e-02,7.32332192e-03,8.45342821e+01,7.17685548e+00
5.94000000e-01,-1.80268801e-02,-1.26161338e-02,8.50011608e-03,-4.54879015e-01,5.92560129e+00,0.00000000e+00,8.68603882e-02,7.18577262e-03,8.51231804e+01,7.04205717e+00
5.96000000e-01,-1.80532641e-02,-1.37764311e-02,7.59181460e-03,-4.53335683e-01,5.98389230e+00,0.00000000e+00,8.75708437e-02,7.08429066e-03,8.58194268e+01,6.94260484e+00
5.98000000e-01,-1.80820221e-02,-1.49910901e-02,6.68712749e-03,-4.51261186e-01,6.04218330e+00,0.00000000e+00,8.83605160e-02,7.00746910e-03,8.65933057e+01,6.86731972e+00
6.00000000e-01,-1.81132651e-02,-1.62607549e-02,5.78712812e-03,-4.48649358e-01,6.10047431e+00,0.00000000e+00,8.91060807e-02,6.92540580e-03,8.73239591e+01,6.78689769e+00
6.02000000e-01,-1.81472053e-02,-1.77406967e-02,4.89310539e-03,-4.45174651e-01,6.15876531e+00,0.00000000e+00,9.35454051e-02,7.54014027e-03,9.16744970e+01,7.38933746e+00
6.04000000e-01,-1.81842617e-02,-1.92712515e-02,4.00661694e-03,-4.41418796e-01,6.21705632e+00,0.00000000e+00,9.05848440e-02,6.24754740e-03,8.87731472e+01,6.12259645e+00
6.06000000e-01,-1.82242679e-02,-2.07682489e-02,3.12757188e-03,-4.37450489e-01,6.27534733e+00,0.00000000e+00,9.30818653e-02,6.72875162e-03,9.12202280e+01,6.59417659e+00
6.08000000e-01,-1.82674186e-02,-2.23911261e-02,2.25732584e-03,-4.32715984e-01,6.33363833e+00,0.00000000e+00,9.38719834e-02,6.61068898e-03,9.19945437e+01,6.47847520e+00
6.10000000e-01,-1.83138714e-02,-2.40724823e-02,1.39702935e-03,-4.27499416e-01,6.39192934e+00,0.00000000e+00,9.48207527e-02,6.50951273e-03,9.29243376e+01,6.37932247e+00
6.12000000e-01,-1.83637481e-02,-2.58131664e-02,5.47629742e-04,-4.21830544e-01,6.45022034e+00,0.00000000e+00,9.56584072e-02,6.34436136e-03,9.37452391e+01,6.21747413e+00
6.14000000e-01,-1.84171621e-02,-2.76108312e-02,-2.89995243e-04,-4.15715355e-01,6.50851135e+00,0.00000000e+00,9.65809756e-02,6.24726120e-03,9.46493561e+01,6.12231598e+00
6.16000000e-01,-1.84742325e-02,-2.94701249e-02,-1.11492505e-03,-4.09140273e-01,6.56680235e+00,0.00000000e+00,9.75568459e-02,6.12855473e-03,9.56057090e+01,6.00598364e+00
6.18000000e-01,-1.85350836e-02,-3.13910157e-02,-1.92625219e-03,-4.02109027e-01,6.62509336e+00,0.00000000e+00,9.85092831e-02,6.04287115e-03,9.65390974e+01,5.92201372e+00
6.20000000e-01,-1.85998542e-02,-3.33983490e-02,-2.72297620e-03,-3.94500407e-01,6.64004500e+00,0.00000000e+00,1.00097399e-01,6.19922837e-03,9.80954509e+01,6.07524380e+00
6.22000000e-01,-1.86688035e-02,-3.55954402e-02,-3.50370151e-03,-3.86063423e-01,6.64004500e+00,0.00000000e+00,1.03497488e-01,6.66290913e-03,1.01427538e+02,6.52965095e+00
6.24000000e-01,-1.87422715e-02,-3.78459242e-02,-4.26701795e-03,-3.77308538e-01,6.64004500e+00,0.00000000e+00,1.01935491e-01,5.77245607e-03,9.98967807e+01,5.65700695e+00
6.26000000e-01,-1.88201956e-02,-4.01089352e-02,-5.01273720e-03,-3.68256027e-01,6.64004500e+00,0.00000000e+00,1.04417215e-01,6.21867844e-03,1.02328871e+02,6.09430487e+00
6.28000000e-01,-1.89027917e-02,-4.24985713e-02,-5.73959026e-03,-3.58525889e-01,6.64004500e+00,0.00000000e+00,1.05558930e-01,6.15249474e-03,1.03447752e+02,6.02944484e+00
6.30000000e-01,-1.89902397e-02,-4.49629334e-02,-6.44654610e-03,-3.48353818e-01,6.64004500e+00,0.00000000e+00,1.06867220e-01,6.13223857e-03,1.04729876e+02,6.00959380e+00
6.32000000e-01,-1.90826965e-02,-4.75068700e-02,-7.13271065e-03,-3.37739483e-01,6.64004500e+00,0.00000000e+00,1.08162794e-01,6.09626691e-03,1.05999539e+02,5.97434158e+00
6.34000000e-01,-1.91803205e-02,-5.01308475e-02,-7.79721478e-03,-3.26691314e-01,6.64004500e+00,0.00000000e+00,1.09523840e-01,6.08908877e-03,1.07333363e+02,5.96730699e+00
6.36000000e-01,-1.92832731e-02,-5.28346902e-02,-8.43919717e-03,-3.15225075e-01,6.64004500e+00,0.00000000e+00,1.10858479e-01,6.05202374e-03,1.08641309e+02,5.93098326e+00
6.38000000e-01,-1.93917108e-02,-5.56158158e-02,-9.05785284e-03,-3.03365521e-01,6.64004500e+00,0.00000000e+00,1.12203644e-01,6.02604878e-03,1.09959571e+02,5.90552781e+00
6.40000000e-01,-1.95057887e-02,-5.84754562e-02,-9.65240177e-03,-2.91119799e-01,6.64004500e+00,0.00000000e+00,1.13612790e-01,6.00826411e-03,1.11340534e+02,5.88809883e+00
6.42000000e-01,-1.96256674e-02,-6.14171777e-02,-1.02220933e-02,-2.78515963e-01,6.64004500e+00,0.00000000e+00,1.15088316e-01,5.95876462e-03,1.12786549e+02,5.83958932e+00
6.44000000e-01,-1.97514797e-02,-6.43923389e-02,-1.07662787e-02,-2.65631774e-01,6.64004500e+00,0.00000000e+00,1.15409069e-01,5.81407368e-03,1.13100888e+02,5.69779220e+00
6.46000000e-01,-1.98832623e-02,-6.74058978e-02,-1.12843925e-02,-2.52405879e-01,6.64004500e+00,0.00000000e+00,1.17049109e-01,5.93047508e-03,1.14708127e+02,5.81186558e+00
6.48000000e-01,-2.00211538e-02,-7.04951219e-02,-1.17756525e-02,-2.38805475e-01,6.64004500e+00,0.00000000e+00,1.18290238e-01,5.89283891e-03,1.15924433e+02,5.77498213e+00
6.50000000e-01,-2.01652816e-02,-7.36424866e-02,-1.22394239e-02,-2.24919378e-01,6.64004500e+00,0.00000000e+00,1.19571449e-01,5.86196544e-03,1.17180020e+02,5.74472613e+00
6.52000000e-01,-2.03157615e-02,-7.68465898e-02,-1.26751483e-02,-2.10760644e-01,6.64004500e+00,0.00000000e+00,1.20831432e-01,5.83687932e-03,1.18414803e+02,5.72014173e+00
6.54000000e-01,-2.04727062e-02,-8.01080191e-02,-1.30822931e-02,-1.96341790e-01,6.64004500e+00,0.00000000e+00,1.22178918e-01,5.82045435e-03,1.19735340e+02,5.70404526e+00
6.56000000e-01,-2.06362329e-02,-8.34283065e-02,-1.34603508e-02,-1.81676011e-01,6.64004500e+00,0.00000000e+00,1.23528187e-01,5.80912234e-03,1.21057624e+02,5.69293989e+00
6.58000000e-01,-2.08064578e-02,-8.68061872e-02,-1.38088377e-02,-1.66771083e-01,6.64004500e+00,0.00000000e+00,1.24900565e-01,5.81852334e-03,1.22402554e+02,5.70215288e+00
6.60000000e-01,-2.09834942e-02,-9.02389032e-02,-1.41272919e-02,-1.51651293e-01,6.64004500e+00,0.00000000e+00,1.26240762e-01,5.79902554e-03,1.23715947e+02,5.68304502e+00
6.62000000e-01,-2.11673906e-02,-9.36374856e-02,-1.44155191e-02,-1.36645851e-01,6.64004500e+00,0.00000000e+00,1.25590194e-01,5.16060008e-03,1.23078390e+02,5.05738808e+00
6.64000000e-01,-2.13580280e-02,-9.70119530e-02,-1.46738033e-02,-1.21532432e-01,6.64004500e+00,0.00000000e+00,1.27219758e-01,5.65056768e-03,1.24675363e+02,5.53755633e+00
6.66000000e-01,-2.15554761e-02,-1.00442846e-01,-1.49013746e-02,-1.06007683e-01,6.64004500e+00,0.00000000e+00,1.28506562e-01,5.69255456e-03,1.25936431e+02,5.57870347e+00
6.68000000e-01,-2.17598135e-02,-1.03894897e-01,-1.50977718e-02,-9.03897003e-02,6.64004500e+00,0.00000000e+00,1.29368126e-01,5.55932441e-03,1.26780763e+02,5.44813792e+00
6.70000000e-01,-2.19710623e-02,-1.07356905e-01,-1.52629054e-02,-7.47296928e-02,6.64004500e+00,0.00000000e+00,1.30449585e-01,5.53847313e-03,1.27840593e+02,5.42770367e+00
6.72000000e-01,-2.21892545e-02,-1.10839028e-01,-1.53966334e-02,-5.89838477e-02,6.64004500e+00,0.00000000e+00,1.31605140e-01,5.54203662e-03,1.28973037e+02,5.43119589e+00
6.74000000e-01,-2.24144313e-02,-1.14340465e-01,-1.54987921e-02,-4.31649592e-02,6.64004500e+00,0.00000000e+00,1.32724792e-01,5.53939759e-03,1.30070296e+02,5.42860964e+00
6.76000000e-01,-2.26466276e-02,-1.17858691e-01,-1.55692637e-02,-2.73018712e-02,6.64004500e+00,0.00000000e+00,1.33878592e-01,5.52766517e-03,1.31201020e+02,5.41711186e+00
6.78000000e-01,-2.28858765e-02,-1.21392538e-01,-1.56079834e-02,-1.14145922e-02,6.64004500e+00,0.00000000e+00,1.35028458e-01,5.52837711e-03,1.32327889e+02,5.41780956e+00
6.80000000e-01,-2.31322042e-02,-1.24936055e-01,-1.56149238e-02,4.47010351e-03,6.64004500e+00,0.00000000e+00,1.36100909e-01,5.50584296e-03,1.33378891e+02,5.39572610e+00
6.82000000e-01,-2.33855101e-02,-1.28313769e-01,-1.55905064e-02,1.97498330e-02,6.64004500e+00,0.00000000e+00,1.33207903e-01,4.28711692e-03,1.30543745e+02,4.20137458e+00
6.84000000e-01,-2.36453998e-02,-1.31602237e-01,-1.55359663e-02,3.49668791e-02,6.64004500e+00,0.00000000e+00,1.36123680e-01,5.44604582e-03,1.33401206e+02,5.33712491e+00
6.86000000e-01,-2.39119578e-02,-1.34948759e-01,-1.54503368e-02,5.06369374e-02,6.64004500e+00,0.00000000e+00,1.36726761e-01,5.35391169e-03,1.33992226e+02,5.24683346e+00
6.88000000e-01,-2.41851621e-02,-1.38246187e-01,-1.53335497e-02,6.61101969e-02,6.64004500e+00,0.00000000e+00,1.37193230e-01,5.19347162e-03,1.34449366e+02,5.08960218e+00
6.90000000e-01,-2.44649155e-02,-1.41503119e-01,-1.51860114e-02,8.14104808e-02,6.64004500e+00,0.00000000e+00,1.38050860e-01,5.19535249e-03,1.35289843e+02,5.09144544e+00
6.92000000e-01,-2.47511566e-02,-1.44733096e-01,-1.50079804e-02,9.66019125e-02,6.64004500e+00,0.00000000e+00,1.38886848e-01,5.21311259e-03,1.36109111e+02,5.10885033e+00
6.94000000e-01,-2.50438257e-02,-1.47929753e-01,-1.47996984e-02,1.11651369e-01,6.64004500e+00,0.00000000e+00,1.39648302e-01,5.18873805e-03,1.36855336e+02,5.08496329e+00
6.96000000e-01,-2.53428494e-02,-1.51087046e-01,-1.45614890e-02,1.26529623e-01,6.64004500e+00,0.00000000e+00,1.40395116e-01,5.18797166e-03,1.37587214e+02,5.08421223e+00
6.98000000e-01,-2.56481470e-02,-1.54203961e-01,-1.42937007e-02,1.41226707e-01,6.64004500e+00,0.00000000e+00,1.41184239e-01,5.18500682e-03,1.38360554e+02,5.08130669e+00
7.00000000e-01,-2.59596380e-02,-1.57280033e-01,-1.39967179e-02,1.55720331e-01,6.64004500e+00,0.00000000e+00,1.41970937e-01,5.17923703e-03,1.39131518e+02,5.07565229e+00
7.02000000e-01,-2.62770737e-02,-1.60065965e-01,-1.36715137e-02,1.69172522e-01,6.64004500e+00,0.00000000e+00,1.36984011e-01,3.45799866e-03,1.34244331e+02,3.38883869e+00
7.04000000e-01,-2.65998031e-02,-1.62703811e-01,-1.33201646e-02,1.82419398e-01,6.64004500e+00,0.00000000e+00,1.41134468e-01,5.24490128e-03,1.38311779e+02,5.14000326e+00
7.06000000e-01,-2.69279227e-02,-1.65392377e-01,-1.29415285e-02,1.96127743e-01,6.64004500e+00,0.00000000e+00,1.40836673e-01,4.96189839e-03,1.38019939e+02,4.86266043e+00
7.08000000e-01,-2.72612908e-02,-1.67958170e-01,-1.25359699e-02,2.09361702e-01,6.64004500e+00,0.00000000e+00,1.40976422e-01,4.82310421e-03,1.38156894e+02,4.72664212e+00
7.10000000e-01,-2.75996897e-02,-1.70425394e-01,-1.21043256e-02,2.22229850e-01,6.64004500e+00,0.00000000e+00,1.41285691e-01,4.80542209e-03,1.38459977e+02,4.70931365e+00
7.12000000e-01,-2.79429360e-02,-1.72808086e-01,-1.16472420e-02,2.34810795e-01,6.64004500e+00,0.00000000e+00,1.41793354e-01,4.86808786e-03,1.38957487e+02,4.77072610e+00
7.14000000e-01,-2.82908659e-02,-1.75106524e-01,-1.11652826e-02,2.47091484e-01,6.64004500e+00,0.00000000e+00,1.42147693e-01,4.85866064e-03,1.39304740e+02,4.76148743e+00
7.16000000e-01,-2.86432999e-02,-1.77311780e-01,-1.06591037e-02,2.59030881e-01,6.64004500e+00,0.00000000e+00,1.42483898e-01,4.86993505e-03,1.39634220e+02,4.77253635e+00
7.18000000e-01,-2.90000496e-02,-1.79421964e-01,-1.01293972e-02,2.70613099e-01,6.64004500e+00,0.00000000e+00,1.42829666e-01,4.86091005e-03,1.39973073e+02,4.76369185e+00
7.20000000e-01,-2.93609236e-02,-1.81435835e-01,-9.57689926e-03,2.81823351e-01,6.64004500e+00,0.00000000e+00,1.43170939e-01,4.87385912e-03,1.40307520e+02,4.77638193e+00
7.22000000e-01,-2.97255236e-02,-1.83045674e-01,-9.00303614e-03,2.91635323e-01,6.64004500e+00,0.00000000e+00,1.36357786e-01,2.74155496e-03,1.33630630e+02,2.68672386e+00
7.24000000e-01,-3.00929765e-02,-1.84460870e-01,-8.41056561e-03,3.01135787e-01,6.64004500e+00,0.00000000e+00,1.41616717e-01,5.06263400e-03,1.38784383e+02,4.96138132e+00
7.26000000e-01,-3.04633963e-02,-1.85919896e-01,-7.79817512e-03,3.11113063e-01,6.64004500e+00,0.00000000e+00,1.40399688e-01,4.61309714e-03,1.37591694e+02,4.52083520e+00
7.28000000e-01,-3.08365253e-02,-1.87182698e-01,-7.16658600e-03,3.20381443e-01,6.64004500e+00,0.00000000e+00,1.40072180e-01,4.47310946e-03,1.37270736e+02,4.38364727e+00
7.30000000e-01,-3.12120324e-02,-1.88303603e-01,-6.51696518e-03,3.29176117e-01,6.64004500e+00,0.00000000e+00,1.40144643e-01,4.54319982e-03,1.37341750e+02,4.45233583e+00
7.32000000e-01,-3.15896522e-02,-1.89293276e-01,-5.85014700e-03,3.37572635e-01,6.64004500e+00,0.00000000e+00,1.40084096e-01,4.58652281e-03,1.37282414e+02,4.49479235e+00
7.34000000e-01,-3.19691110e-02,-1.90141084e-01,-5.16698255e-03,3.45507339e-01,6.64004500e+00,0.00000000e+00,1.39923695e-01,4.54652701e-03,1.37125221e+02,4.45559647e+00
7.36000000e-01,-3.23501214e-02,-1.90846256e-01,-4.46843605e-03,3.52964489e-01,6.64004500e+00,0.00000000e+00,1.39858398e-01,4.57898638e-03,1.37061230e+02,4.48740665e+00
7.38000000e-01,-3.27324001e-02,-1.91407624e-01,-3.75543066e-03,3.59962594e-01,6.64004500e+00,0.00000000e+00,1.39681625e-01,4.59868248e-03,1.36887993e+02,4.50670883e+00
7.40000000e-01,-3.31156555e-02,-1.91824296e-01,-3.02891003e-03,3.66474223e-01,6.64004500e+00,0.00000000e+00,1.39604061e-01,4.59306705e-03,1.36811980e+02,4.50120571e+00
7.42000000e-01,-3.34993635e-02,-1.91740281e-01,-2.29063082e-03,3.71340512e-01,6.64004500e+00,0.00000000e+00,1.31113960e-01,2.19761917e-03,1.28491681e+02,2.15366678e+00
7.44000000e-01,-3.38824719e-02,-1.91439247e-01,-1.54375985e-03,3.75888934e-01,6.64004500e+00,0.00000000e+00,1.37661827e-01,4.99111221e-03,1.34908591e+02,4.89128997e+00
7.46000000e-01,-3.42651587e-02,-1.91195488e-01,-7.86733033e-04,3.80950435e-01,6.64004500e+00,0.00000000e+00,1.35577109e-01,4.35389772e-03,1.32865567e+02,4.26681977e+00
7.48000000e-01,-3.46470866e-02,-1.90700837e-01,-2.05416844e-05,3.85136658e-01,6.64004500e+00,0.00000000e+00,1.34918793e-01,4.24670831e-03,1.32220417e+02,4.16177415e+00
7.50000000e-01,-3.50278469e-02,-1.90033573e-01,7.53468172e-04,3.88804795e-01,6.64004500e+00,0.00000000e+00,1.34654466e-01,4.37064071e-03,1.31961377e+02,4.28322790e+00
7.52000000e-01,-3.54071108e-02,-1.89201227e-01,1.53437005e-03,3.92011810e-01,6.64004500e+00,0.00000000e+00,1.34160575e-01,4.39304151e-03,1.31477363e+02,4.30518068e+00
7.54000000e-01,-3.57845315e-02,-1.88188477e-01,2.32115621e-03,3.94680090e-01,6.64004500e+00,0.00000000e+00,1.33523900e-01,4.36268734e-03,1.30853422e+02,4.27543359e+00
7.56000000e-01,-3.61597435e-02,-1.86993851e-01,3.11273021e-03,3.96808140e-01,6.64004500e+00,0.00000000e+00,1.32978342e-01,4.38901544e-03,1.30318776e+02,4.30123513e+00
7.58000000e-01,-3.65323900e-02,-1.85623868e-01,3.90803996e-03,3.98413025e-01,6.64004500e+00,0.00000000e+00,1.32473738e-01,4.40002776e-03,1.29824263e+02,4.31202721e+00
7.60000000e-01,-3.69021234e-02,-1.84080613e-01,4.70602985e-03,3.99489280e-01,6.64004500e+00,0.00000000e+00,1.31953841e-01,4.41893161e-03,1.29314764e+02,4.33055298e+00
7.62000000e-01,-3.72683365e-02,-1.81973376e-01,5.50484254e-03,3.98833971e-01,6.64004500e+00,0.00000000e+00,1.22292440e-01,1.90670114e-03,1.19846591e+02,1.86856712e+00
7.64000000e-01,-3.76298764e-02,-1.79655342e-01,6.30118391e-03,3.97905841e-01,6.64004500e+00,0.00000000e+00,1.29989236e-01,4.98444999e-03,1.27389451e+02,4.88476099e+00
7.66000000e-01,-3.79870118e-02,-1.77418234e-01,7.09682741e-03,3.97519980e-01,6.64004500e+00,0.00000000e+00,1.27107737e-01,4.18162814e-03,1.24565582e+02,4.09799558e+00
7.68000000e-01,-3.83393562e-02,-1.74891383e-01,7.89062026e-03,3.96168860e-01,6.64004500e+00,0.00000000e+00,1.26105154e-01,4.09287089e-03,1.23583051e+02,4.01101347e+00
7.70000000e-01,-3.86864520e-02,-1.72176540e-01,8.68117663e-03,3.94328466e-01,6.64004500e+00,0.00000000e+00,1.25559279e-01,4.28473214e-03,1.23048094e+02,4.19903749e+00
7.72000000e-01,-3.90279414e-02,-1.69280282e-01,9.46764364e-03,3.92052404e-01,6.64004500e+00,0.00000000e+00,1.24665323e-01,4.30282241e-03,1.22172016e+02,4.21676596e+00
7.74000000e-01,-3.93634415e-02,-1.66186620e-01,1.02490284e-02,3.89239654e-01,6.64004500e+00,0.00000000e+00,1.23697742e-01,4.27559581e-03,1.21223787e+02,4.19008389e+00
7.76000000e-01,-3.96925577e-02,-1.62897822e-01,1.10242499e-02,3.85898381e-01,6.64004500e+00,0.00000000e+00,1.22805449e-01,4.30224169e-03,1.20349340e+02,4.21619685e+00
7.78000000e-01,-4.00149034e-02,-1.59414954e-01,1.17922835e-02,3.82049555e-01,6.64004500e+00,0.00000000e+00,1.21808325e-01,4.30896965e-03,1.19372158e+02,4.22279025e+00
7.80000000e-01,-4.03300927e-02,-1.55744837e-01,1.25521259e-02,3.77717561e-01,6.64004500e+00,0.00000000e+00,1.21017780e-01,4.37529683e-03,1.18597425e+02,4.28779090e+00
7.82000000e-01,-4.06374609e-02,-1.51441927e-01,1.33019848e-02,3.71632278e-01,6.64004500e+00,0.00000000e+00,1.09547575e-01,1.70231643e-03,1.07356623e+02,1.66827011e+00
7.84000000e-01,-4.09357431e-02,-1.46963073e-01,1.40385513e-02,3.65391235e-01,6.64004500e+00,0.00000000e+00,1.19360193e-01,5.10332804e-03,1.16972989e+02,5.00126148e+00
7.86000000e-01,-4.12254233e-02,-1.42649402e-01,1.47639949e-02,3.59817938e-01,6.64004500e+00,0.00000000e+00,1.15789490e-01,4.14244300e-03,1.13473700e+02,4.05959414e+00
7.88000000e-01,-4.15061369e-02,-1.38029932e-01,1.54771761e-02,3.53274306e-01,6.64004500e+00,0.00000000e+00,1.14524761e-01,4.08805968e-03,1.12234265e+02,4.00629848e+00
7.90000000e-01,-4.17774306e-02,-1.33241819e-01,1.61768458e-02,3.46361346e-01,6.64004500e+00,0.00000000e+00,1.14082861e-01,4.36955670e-03,1.11801204e+02,4.28216556e+00
7.92000000e-01,-4.20389902e-02,-1.28282786e-01,1.68623752e-02,3.39079104e-01,6.64004500e+00,0.00000000e+00,1.12686071e-01,4.29520096e-03,1.10432350e+02,4.20929694e+00
7.94000000e-01,-4.22904364e-02,-1.23135711e-01,1.75328521e-02,3.31331647e-01,6.64004500e+00,0.00000000e+00,1.11762340e-01,4.35403088e-03,1.09527093e+02,4.26695026e+00
7.96000000e-01,-4.25314113e-02,-1.17806097e-01,1.81874116e-02,3.23148962e-01,6.64004500e+00,0.00000000e+00,1.10409384e-01,4.32004694e-03,1.08201197e+02,4.23364600e+00
7.98000000e-01,-4.27615331e-02,-1.12284985e-01,1.88251322e-02,3.14492722e-01,6.64004500e+00,0.00000000e+00,1.09188489e-01,4.27457027e-03,1.07004719e+02,4.18907886e+00
8.00000000e-01,-4.29804368e-02,-1.06592173e-01,1.94451246e-02,3.05449585e-01,6.64004500e+00,0.00000000e+00,1.08207308e-01,4.39732279e-03,1.06043162e+02,4.30937633e+00
8.02000000e-01,-4.31874550e-02,-1.00229222e-01,2.00458591e-02,2.94799619e-01,6.64004500e+00,0.00000000e+00,9.52442390e-02,1.76417447e-03,9.33393542e+01,1.72889098e+00
8.04000000e-01,-4.33812768e-02,-9.37509954e-02,2.06243451e-02,2.84182667e-01,6.64004500e+00,0.00000000e+00,1.07122913e-01,5.29756619e-03,1.04980454e+02,5.19161487e+00
8.06000000e-01,-4.35626388e-02,-8.75424991e-02,2.11831133e-02,2.74350924e-01,6.64004500e+00,0.00000000e+00,1.03052697e-01,4.21448397e-03,1.00991643e+02,4.13019429e+00
8.08000000e-01,-4.37312653e-02,-8.10617390e-02,2.17211876e-02,2.63677436e-01,6.64004500e+00,0.00000000e+00,1.02163734e-01,4.30375996e-03,1.00120459e+02,4.21768476e+00
8.10000000e-01,-4.38867959e-02,-7.44462480e-02,2.22376531e-02,2.52749097e-01,6.64004500e+00,0.00000000e+00,1.01200944e-01,4.42180084e-03,9.91769249e+01,4.33336483e+00
8.12000000e-01,-4.40289494e-02,-6.76794045e-02,2.27319936e-02,2.41535204e-01,6.64004500e+00,0.00000000e+00,9.98149680e-02,4.41514007e-03,9.78186686e+01,4.32683727e+00
8.14000000e-01,-4.41574068e-02,-6.07524916e-02,2.32035778e-02,2.29997182e-01,6.64004500e+00,0.00000000e+00,9.85373484e-02,4.41983015e-03,9.65666014e+01,4.33143355e+00
8.16000000e-01,-4.42718578e-02,-5.36731566e-02,2.36517781e-02,2.18152853e-01,6.64004500e+00,0.00000000e+00,9.72163522e-02,4.41730389e-03,9.52720251e+01,4.32895781e+00
8.18000000e-01,-4.43720048e-02,-4.64519294e-02,2.40760128e-02,2.06043900e-01,6.64004500e+00,0.00000000e+00,9.60686159e-02,4.47535952e-03,9.41472436e+01,4.38585232e+00
8.20000000e-01,-4.44575732e-02,-3.90923555e-02,2.44757964e-02,1.93699010e-01,6.64004500e+00,0.00000000e+00,9.47120158e-02,4.49821262e-03,9.28177755e+01,4.40824837e+00
8.22000000e-01,-4.45279295e-02,-3.10657620e-02,2.48498662e-02,1.79940425e-01,6.64004500e+00,0.00000000e+00,8.10884268e-02,2.04783888e-03,7.94666582e+01,2.00688211e+00
8.24000000e-01,-4.45818169e-02,-2.30100747e-02,2.51957210e-02,1.66426028e-01,6.64004500e+00,0.00000000e+00,9.45057182e-02,5.51056643e-03,9.26156039e+01,5.40035510e+00
8.26000000e-01,-4.46202337e-02,-1.53501500e-02,2.55162045e-02,1.53862841e-01,6.64004500e+00,0.00000000e+00,9.06809892e-02,4.50731183e-03,8.88673694e+01,4.41716559e+00
8.28000000e-01,-4.46430634e-02,-7.45910029e-03,2.58106940e-02,1.40582124e-01,6.64004500e+00,0.00000000e+00,8.93234290e-02,4.43056977e-03,8.75369604e+01,4.34195838e+00
8.30000000e-01,-4.46500070e-02,5.26640815e-04,2.60784498e-02,1.27176580e-01,6.64004500e+00,0.00000000e+00,8.85575346e-02,4.63328220e-03,8.67863839e+01,4.54061656e+00
8.32000000e-01,-4.46409016e-02,8.59527843e-03,2.63193628e-02,1.13714868e-01,6.64004500e+00,0.00000000e+00,8.73448936e-02,4.66232055e-03,8.55979957e+01,4.56907414e+00
8.34000000e-01,-4.46155595e-02,1.67634596e-02,2.65332100e-02,1.00104372e-01,6.64004500e+00,0.00000000e+00,8.60578631e-02,4.63202624e-03,8.43367058e+01,4.53938572e+00
8.36000000e-01,-4.45737805e-02,2.50325317e-02,2.67196839e-02,8.63492192e-02,6.64004500e+00,0.00000000e+00,8.46799699e-02,4.63068009e-03,8.29863705e+01,4.53806649e+00
8.38000000e-01,-4.45153705e-02,3.33898577e-02,2.68785527e-02,7.25128219e-02,6.64004500e+00,0.00000000e+00,8.35528459e-02,4.69409513e-03,8.18817890e+01,4.60021323e+00
8.40000000e-01,-4.44401706e-02,4.18229089e-02,2.70096911e-02,5.86103181e-02,6.64004500e+00,0.00000000e+00,8.23309674e-02,4.68493123e-03,8.06843481e+01,4.59123261e+00
8.42000000e-01,-4.43476584e-02,5.08866809e-02,2.71122212e-02,4.35486960e-02,6.64004500e+00,0.00000000e+00,6.80955594e-02,2.41357194e-03,6.67336482e+01,2.36530051e+00
8.44000000e-01,-4.42366619e-02,5.98934311e-02,2.71841562e-02,2.88923973e-02,6.64004500e+00,0.00000000e+00,8.27949666e-02,5.64465859e-03,8.11390673e+01,5.53176542e+00
8.46000000e-01,-4.41084448e-02,6.83600236e-02,2.72285340e-02,1.53509802e-02,6.64004500e+00,0.00000000e+00,7.97053535e-02,4.82257920e-03,7.81112465e+01,4.72612761e+00
8.48000000e-01,-4.39631287e-02,7.69661589e-02,2.72452530e-02,1.34897660e-03,6.64004500e+00,0.00000000e+00,7.83830511e-02,4.70747833e-03,7.68153901e+01,4.61332877e+00
8.50000000e-01,-4.38005617e-02,8.55999769e-02,2.72339570e-02,-1.26124456e-02,6.64004500e+00,0.00000000e+00,7.77666496e-02,4.89733445e-03,7.62113166e+01,4.79938776e+00
8.52000000e-01,-4.36207229e-02,9.42426680e-02,2.71948908e-02,-2.64425768e-02,6.64004500e+00,0.00000000e+00,7.67428998e-02,4.93289886e-03,7.52080418e+01,4.83424088e+00
8.54000000e-01,-4.34235765e-02,1.02907075e-01,2.71282219e-02,-4.02198588e-02,6.64004500e+00,0.00000000e+00,7.56852004e-02,4.91864981e-03,7.41714964e+01,4.82027682e+00
8.56000000e-01,-4.32090853e-02,1.11585391e-01,2.70340500e-02,-5.39390942e-02,6.64004500e+00,0.00000000e+00,7.47023581e-02,4.92581235e-03,7.32083109e+01,4.82729611e+00
8.58000000e-01,-4.29772271e-02,1.20275558e-01,2.69125205e-02,-6.75758431e-02,6.64004500e+00,0.00000000e+00,7.35509913e-02,4.92374762e-03,7.20799715e+01,4.82527266e+00
8.60000000e-01,-4.27279793e-02,1.28971367e-01,2.67638222e-02,-8.10993506e-02,6.64004500e+00,0.00000000e+00,7.25713488e-02,4.95660921e-03,7.11199218e+01,4.85747703e+00
8.62000000e-01,-4.24609792e-02,1.38210793e-01,2.65875786e-02,-9.54394749e-02,6.64004500e+00,0.00000000e+00,5.87054862e-02,2.96362393e-03,5.75313765e+01,2.90435145e+00
8.64000000e-01,-4.21752410e-02,1.47293072e-01,2.63824367e-02,-1.09221141e-01,6.64004500e+00,0.00000000e+00,7.39489188e-02,5.84157452e-03,7.24699404e+01,5.72474303e+00
8.66000000e-01,-4.18722393e-02,1.55726668e-01,2.61514936e-02,-1.21803527e-01,6.64004500e+00,0.00000000e+00,7.14243772e-02,5.15609947e-03,6.99958896e+01,5.05297748e+00
8.68000000e-01,-4.15523075e-02,1.64200462e-01,2.58950899e-02,-1.34584944e-01,6.64004500e+00,0.00000000e+00,7.04324843e-02,5.06274142e-03,6.90238346e+01,4.96148660e+00
8.70000000e-01,-4.12154714e-02,1.72623446e-01,2.56132902e-02,-1.47161848e-01,6.64004500e+00,0.00000000e+00,6.98964389e-02,5.18795469e-03,6.84985101e+01,5.08419559e+00
8.72000000e-01,-4.08618620e-02,1.80974001e-01,2.53066297e-02,-1.59457955e-01,6.64004500e+00,0.00000000e+00,6.92724906e-02,5.21908438e-03,6.78870408e+01,5.11470270e+00
8.74000000e-01,-4.04916197e-02,1.89258109e-01,2.49756121e-02,-1.71523544e-01,6.64004500e+00,0.00000000e+00,6.84605646e-02,5.20386856e-03,6.70913533e+01,5.09979119e+00
8.76000000e-01,-4.01048774e-02,1.97470435e-01,2.46206967e-02,-1.83347343e-01,6.64004500e+00,0.00000000e+00,6.78263770e-02,5.22442583e-03,6.64698495e+01,5.11993731e+00
8.78000000e-01,-3.97017921e-02,2.05601500e-01,2.42424006e-02,-1.94904406e-01,6.64004500e+00,0.00000000e+00,6.71021577e-02,5.22805858e-03,6.57601145e+01,5.12349741e+00
8.80000000e-01,-3.92825267e-02,2.13649603e-01,2.38412587e-02,-2.06192094e-01,6.64004500e+00,0.00000000e+00,6.63753032e-02,5.22140990e-03,6.50477971e+01,5.11698170e+00
8.82000000e-01,-3.88468970e-02,2.22142630e-01,2.34172973e-02,-2.17981991e-01,6.64004500e+00,0.00000000e+00,5.31832948e-02,3.57298907e-03,5.21196289e+01,3.50152929e+00
8.84000000e-01,-3.83941213e-02,2.30388027e-01,2.29697969e-02,-2.29072826e-01,6.64004500e+00,0.00000000e+00,6.85003232e-02,6.05416272e-03,6.71303168e+01,5.93307946e+00
8.86000000e-01,-3.79258374e-02,2.37894834e-01,2.25018118e-02,-2.38955122e-01,6.64004500e+00,0.00000000e+00,6.66500770e-02,5.44518085e-03,6.53170755e+01,5.33627723e+00
8.88000000e-01,-3.74425898e-02,2.45329851e-01,2.20139849e-02,-2.48824670e-01,6.64004500e+00,0.00000000e+00,6.62634121e-02,5.38807327e-03,6.49381439e+01,5.28031181e+00
8.90000000e-01,-3.69446130e-02,2.52622225e-01,2.15067417e-02,-2.58351293e-01,6.64004500e+00,0.00000000e+00,6.59480435e-02,5.44426310e-03,6.46290826e+01,5.33537783e+00
8.92000000e-01,-3.64322043e-02,2.59759517e-01,2.09808535e-02,-2.67467308e-01,6.64004500e+00,0.00000000e+00,6.57335593e-02,5.50242079e-03,6.44188881e+01,5.39237238e+00
8.94000000e-01,-3.59056793e-02,2.66740396e-01,2.04371294e-02,-2.76198013e-01,6.64004500e+00,0.00000000e+00,6.53334493e-02,5.47986993e-03,6.40267804e+01,5.37027253e+00
8.96000000e-01,-3.53653474e-02,2.73564252e-01,1.98763100e-02,-2.84555924e-01,6.64004500e+00,0.00000000e+00,6.50198504e-02,5.48718122e-03,6.37194534e+01,5.37743760e+00
8.98000000e-01,-3.48115276e-02,2.80230049e-01,1.92991465e-02,-2.92552763e-01,6.64004500e+00,0.00000000e+00,6.45332146e-02,5.41652702e-03,6.32425504e+01,5.30819648e+00
9.00000000e-01,-3.42445409e-02,2.86725363e-01,1.87063628e-02,-3.00153846e-01,6.64004500e+00,0.00000000e+00,6.44017637e-02,5.47417643e-03,6.31137284e+01,5.36469290e+00
9.02000000e-01,-3.36644447e-02,2.93492941e-01,1.80985058e-02,-3.07792780e-01,6.64004500e+00,0.00000000e+00,5.34627480e-02,4.47178860e-03,5.23934930e+01,4.38235283e+00
9.04000000e-01,-3.30707875e-02,2.99933064e-01,1.74757084e-02,-3.14656841e-01,6.64004500e+00,0.00000000e+00,6.72345940e-02,6.21387105e-03,6.58899022e+01,6.08959363e+00
9.06000000e-01,-3.24652069e-02,3.05631474e-01,1.68405360e-02,-3.20534714e-01,6.64004500e+00,0.00000000e+00,6.58744079e-02,5.63680123e-03,6.45569197e+01,5.52406520e+00
9.08000000e-01,-3.18483677e-02,3.11170699e-01,1.61936764e-02,-3.26252316e-01,6.64004500e+00,0.00000000e+00,6.59416720e-02,5.62855778e-03,6.46228386e+01,5.51598662e+00
9.10000000e-01,-3.12206792e-02,3.16477361e-01,1.55358441e-02,-3.31493896e-01,6.64004500e+00,0.00000000e+00,6.62066048e-02,5.69838476e-03,6.48824727e+01,5.58441706e+00
9.12000000e-01,-3.05826189e-02,3.21542984e-01,1.48680442e-02,-3.36220459e-01,6.64004500e+00,0.00000000e+00,6.63863164e-02,5.75754507e-03,6.50585901e+01,5.64239417e+00
9.14000000e-01,-2.99346627e-02,3.26375377e-01,1.41912805e-02,-3.40469757e-01,6.64004500e+00,0.00000000e+00,6.63870025e-02,5.73512455e-03,6.50592624e+01,5.62042206e+00
9.16000000e-01,-2.92772739e-02,3.30973134e-01,1.35064698e-02,-3.44262218e-01,6.64004500e+00,0.00000000e+00,6.65216422e-02,5.73972372e-03,6.51912093e+01,5.62492924e+00
9.18000000e-01,-2.86109326e-02,3.35327214e-01,1.28145533e-02,-3.47572223e-01,6.64004500e+00,0.00000000e+00,6.66594946e-02,5.76073416e-03,6.53263047e+01,5.64551948e+00
9.20000000e-01,-2.79361248e-02,3.39441649e-01,1.21164825e-02,-3.50429826e-01,6.64004500e+00,0.00000000e+00,6.66298293e-02,5.69326631e-03,6.52972327e+01,5.57940098e+00
9.22000000e-01,-2.72531510e-02,3.43578585e-01,1.14131222e-02,-3.52855134e-01,6.64004500e+00,0.00000000e+00,6.05751090e-02,5.66434157e-03,5.93636068e+01,5.55105473e+00
9.24000000e-01,-2.65620637e-02,3.47335685e-01,1.07055516e-02,-3.54546032e-01,6.64004500e+00,0.00000000e+00,6.98800899e-02,6.22473734e-03,6.84824881e+01,6.10024259e+00
9.26000000e-01,-2.58642143e-02,3.50483770e-01,9.99529161e-03,-3.55706626e-01,6.64004500e+00,0.00000000e+00,6.91224369e-02,5.76327120e-03,6.77399881e+01,5.64800578e+00
9.28000000e-01,-2.51602894e-02,3.53390760e-01,9.28292202e-03,-3.56571948e-01,6.64004500e+00,0.00000000e+00,6.97795748e-02,5.82723452e-03,6.83839833e+01,5.71068983e+00
9.30000000e-01,-2.44508497e-02,3.56000199e-01,8.56936672e-03,-3.56892987e-01,6.64004500e+00,0.00000000e+00,7.02949180e-02,5.88652346e-03,6.88890197e+01,5.76879299e+00
9.32000000e-01,-2.37364849e-02,3.58315144e-01,7.85569781e-03,-3.56692482e-01,6.64004500e+00,0.00000000e+00,7.08392059e-02,5.90238221e-03,6.94224217e+01,5.78433457e+00
9.34000000e-01,-2.30177872e-02,3.60332975e-01,7.14293088e-03,-3.55990898e-01,6.64004500e+00,0.00000000e+00,7.13792317e-02,5.91979681e-03,6.99516471e+01,5.80140088e+00
9.36000000e-01,-2.22953476e-02,3.62058857e-01,6.43205198e-03,-3.54812718e-01,6.64004500e+00,0.00000000e+00,7.17710358e-02,5.88676656e-03,7.03356151e+01,5.76903122e+00
9.38000000e-01,-2.15697408e-02,3.63501250e-01,5.72395679e-03,-3.53219416e-01,6.64004500e+00,0.00000000e+00,7.20863684e-02,5.77895157e-03,7.06446410e+01,5.66337253e+00
9.40000000e-01,-2.08415419e-02,3.64644847e-01,5.01949560e-03,-3.51144246e-01,6.64004500e+00,0.00000000e+00,7.28135098e-02,5.89102537e-03,7.13572396e+01,5.77320486e+00
9.42000000e-01,-2.01113627e-02,3.65486514e-01,4.32004199e-03,-3.48075928e-01,6.64004500e+00,0.00000000e+00,7.31846729e-02,6.86319612e-03,7.17209795e+01,6.72593220e+00
9.44000000e-01,-1.93798475e-02,3.65950702e-01,3.62755133e-03,-3.44468472e-01,6.64004500e+00,0.00000000e+00,7.56648252e-02,6.03190903e-03,7.41515287e+01,5.91127085e+00
9.46000000e-01,-1.86478086e-02,3.66041799e-01,2.94215697e-03,-3.40877716e-01,6.64004500e+00,0.00000000e+00,7.59275707e-02,5.84756228e-03,7.44090193e+01,5.73061103e+00
9.48000000e-01,-1.79158880e-02,3.65821297e-01,2.26432056e-03,-3.36866887e-01,6.64004500e+00,0.00000000e+00,7.69705555e-02,5.94370601e-03,7.54311444e+01,5.82483189e+00
9.50000000e-01,-1.71847495e-02,3.65261740e-01,1.59504499e-03,-3.32322779e-01,6.64004500e+00,0.00000000e+00,7.78798344e-02,6.00898600e-03,7.63222377e+01,5.88880628e+00
9.52000000e-01,-1.64550574e-02,3.64377635e-01,9.35337484e-04,-3.27316654e-01,6.64004500e+00,0.00000000e+00,7.85943097e-02,5.96902697e-03,7.70224235e+01,5.84964644e+00
9.54000000e-01,-1.57274506e-02,3.63176057e-01,2.86051261e-04,-3.21901240e-01,6.64004500e+00,0.00000000e+00,7.93540108e-02,5.93834976e-03,7.77669306e+01,5.81958277e+00
9.56000000e-01,-1.50025677e-02,3.61652826e-01,-3.51980317e-04,-3.16055136e-01,6.64004500e+00,0.00000000e+00,8.01870676e-02,5.95921805e-03,7.85833262e+01,5.84003369e+00
9.58000000e-01,-1.42810536e-02,3.59808085e-01,-9.77885369e-04,-3.09783208e-01,6.64004500e+00,0.00000000e+00,8.09696426e-02,5.93546974e-03,7.93502497e+01,5.81676035e+00
9.60000000e-01,-1.35635471e-02,3.57645686e-01,-1.59084907e-03,-3.03115201e-01,6.64004500e+00,0.00000000e+00,8.17440815e-02,5.91223368e-03,8.01091999e+01,5.79398900e+00
9.62000000e-01,-1.28508516e-02,3.54912197e-01,-2.18942179e-03,-2.95060817e-01,6.64004500e+00,0.00000000e+00,8.84859744e-02,7.98724651e-03,8.67162549e+01,7.82750158e+00
9.64000000e-01,-1.21441190e-02,3.51847749e-01,-2.77092807e-03,-2.86759973e-01,6.64004500e+00,0.00000000e+00,8.36958518e-02,5.59531208e-03,8.20219347e+01,5.48340584e+00
9.66000000e-01,-1.14435302e-02,3.48679013e-01,-3.33688641e-03,-2.79096209e-01,6.64004500e+00,0.00000000e+00,8.51911389e-02,5.83841842e-03,8.34873161e+01,5.72165006e+00
9.68000000e-01,-1.07496483e-02,3.45142138e-01,-3.88693040e-03,-2.70858749e-01,6.64004500e+00,0.00000000e+00,8.66197393e-02,6.01039614e-03,8.48873445e+01,5.89018822e+00
9.70000000e-01,-1.00631887e-02,3.41264675e-01,-4.42002443e-03,-2.62175869e-01,6.64004500e+00,0.00000000e+00,8.75304268e-02,6.00827536e-03,8.57798183e+01,5.88810985e+00
9.72000000e-01,-9.38480159e-03,3.37069320e-01,-4.93541473e-03,-2.53164316e-01,6.64004500e+00,0.00000000e+00,8.84932726e-02,5.96034949e-03,8.67234071e+01,5.84114250e+00
9.74000000e-01,-8.71511976e-03,3.32561461e-01,-5.43249080e-03,-2.43866455e-01,6.64004500e+00,0.00000000e+00,8.93478340e-02,5.89535159e-03,8.75608773e+01,5.77744456e+00
9.76000000e-01,-8.05476458e-03,3.27740358e-01,-5.91067629e-03,-2.34262236e-01,6.64004500e+00,0.00000000e+00,9.04028325e-02,5.91637753e-03,8.85947758e+01,5.79804998e+00
9.78000000e-01,-7.40436750e-03,3.22605518e-01,-6.36933707e-03,-2.24354028e-01,6.64004500e+00,0.00000000e+00,9.13489281e-02,5.87416843e-03,8.95219495e+01,5.75668506e+00
9.80000000e-01,-6.76455133e-03,3.17157472e-01,-6.80789011e-03,-2.14142421e-01,6.64004500e+00,0.00000000e+00,9.24766206e-02,5.92256337e-03,9.06270882e+01,5.80411210e+00
9.82000000e-01,-6.13628615e-03,3.10886673e-01,-7.22471158e-03,-2.02138322e-01,6.64004500e+00,0.00000000e+00,1.05421096e-01,9.03647254e-03,1.03312674e+02,8.85574309e+00
9.84000000e-01,-5.52116102e-03,3.04381302e-01,-7.61654270e-03,-1.90283025e-01,6.64004500e+00,0.00000000e+00,9.29093737e-02,5.04539007e-03,9.10511862e+01,4.94448227e+00
9.86000000e-01,-4.91862890e-03,2.98073987e-01,-7.98669069e-03,-1.79698196e-01,6.64004500e+00,0.00000000e+00,9.58489857e-02,5.83672294e-03,9.39320060e+01,5.71998848e+00
9.88000000e-01,-4.32912494e-03,2.91376894e-01,-8.33489581e-03,-1.68453917e-01,6.64004500e+00,0.00000000e+00,9.71780644e-02,5.92757241e-03,9.52345031e+01,5.80902097e+00
9.90000000e-01,-3.75331882e-03,2.84383580e-01,-8.66034374e-03,-1.56965737e-01,6.64004500e+00,0.00000000e+00,9.80420654e-02,5.87906957e-03,9.60812241e+01,5.76148818e+00
9.92000000e-01,-3.19177384e-03,2.77115448e-01,-8.96266575e-03,-1.45338063e-01,6.64004500e+00,0.00000000e+00,9.89863222e-02,5.78374340e-03,9.70065957e+01,5.66806853e+00
9.94000000e-01,-2.64504122e-03,2.69571035e-01,-9.24159816e-03,-1.33563657e-01,6.64004500e+00,0.00000000e+00,1.00004286e-01,5.78379170e-03,9.80042002e+01,5.66811587e+00
9.96000000e-01,-2.11367407e-03,2.61750087e-01,-9.49680753e-03,-1.21619994e-01,6.64004500e+00,0.00000000e+00,1.01078780e-01,5.76956371e-03,9.90572041e+01,5.65417243e+00
9.98000000e-01,-1.59822189e-03,2.53657633e-01,-9.72798029e-03,-1.09529572e-01,6.64004500e+00,0.00000000e+00,1.02108032e-01,5.75666771e-03,1.00065871e+02,5.64153435e+00
1.00000000e+00,-1.09921956e-03,2.45301159e-01,-9.93484244e-03,-9.73140933e-02,6.64004500e+00,0.00000000e+00,1.03140838e-01,5.73156220e-03,1.01078021e+02,5.61693095e+00
1.00200000e+00,-6.17727758e-04,2.35879006e-01,-1.01158319e-02,-8.29917424e-02,6.64004500e+00,0.00000000e+00,1.23042363e-01,9.91487213e-03,1.20581515e+02,9.71657469e+00
1.00400000e+00,-1.55794535e-04,2.26320336e-01,-1.02671025e-02,-6.91087277e-02,6.64004500e+00,0.00000000e+00,1.02519915e-01,4.58728897e-03,1.00469517e+02,4.49554319e+00
1.00600000e+00,2.87935500e-04,2.17334521e-01,-1.03935636e-02,-5.71709035e-02,6.64004500e+00,0.00000000e+00,1.05997587e-01,5.64645717e-03,1.03877635e+02,5.53352803e+00
1.00800000e+00,7.13301955e-04,2.07986335e-01,-1.04953516e-02,-4.45814194e-02,6.64004500e+00,0.00000000e+00,1.07477224e-01,5.80458841e-03,1.05327679e+02,5.68849664e+00
1.01000000e+00,1.11973129e-03,1.98413833e-01,-1.05718579e-02,-3.19447618e-02,6.64004500e+00,0.00000000e+00,1.07882505e-01,5.63101405e-03,1.05724855e+02,5.51839377e+00
1.01200000e+00,1.50682329e-03,1.88640341e-01,-1.06231775e-02,-1.93784489e-02,6.64004500e+00,0.00000000e+00,1.08974158e-01,5.57849028e-03,1.06794675e+02,5.46692048e+00
1.01400000e+00,1.87415399e-03,1.78658873e-01,-1.06493935e-02,-6.84486594e-03,6.64004500e+00,0.00000000e+00,1.09703132e-01,5.51974383e-03,1.07509069e+02,5.40934896e+00
1.01600000e+00,2.22132508e-03,1.68476870e-01,-1.06505704e-02,5.66866684e-03,6.64004500e+00,0.00000000e+00,1.10784672e-01,5.52961634e-03,1.08568979e+02,5.41902401e+00
1.01800000e+00,2.54792551e-03,1.58090933e-01,-1.06267230e-02,1.81758980e-02,6.64004500e+00,0.00000000e+00,1.11760111e-01,5.53547819e-03,1.09524909e+02,5.42476862e+00
1.02000000e+00,2.85356099e-03,1.47513275e-01,-1.05778922e-02,3.06450686e-02,6.64004500e+00,0.00000000e+00,1.12726689e-01,5.51439216e-03,1.10472155e+02,5.40410431e+00
1.02200000e+00,3.13712236e-03,1.35651328e-01,-1.05025236e-02,4.55425014e-02,6.64004500e+00,0.00000000e+00,1.39408942e-01,1.07343268e-02,1.36620764e+02,1.05196403e+01
1.02400000e+00,3.39615825e-03,1.23777271e-01,-1.03962119e-02,5.97056059e-02,6.64004500e+00,0.00000000e+00,1.10845011e-01,4.11869530e-03,1.08628111e+02,4.03632139e+00
1.02600000e+00,3.63288228e-03,1.12879432e-01,-1.02654630e-02,7.12262147e-02,6.64004500e+00,0.00000000e+00,1.14620663e-01,5.36988087e-03,1.12328250e+02,5.26248325e+00
1.02800000e+00,3.84747164e-03,1.01675099e-01,-1.01108880e-02,8.33753157e-02,6.64004500e+00,0.00000000e+00,1.16209637e-01,5.65377464e-03,1.13885445e+02,5.54069915e+00
1.03000000e+00,4.03949199e-03,9.03347477e-02,-9.93204093e-03,9.54056321e-02,6.64004500e+00,0.00000000e+00,1.16185300e-01,5.37111050e-03,1.13861594e+02,5.26368829e+00
1.03200000e+00,4.20874537e-03,7.88965057e-02,-9.72946552e-03,1.07135929e-01,6.64004500e+00,0.00000000e+00,1.17068816e-01,5.30862473e-03,1.14727440e+02,5.20245224e+00
1.03400000e+00,4.35499995e-03,6.73411746e-02,-9.50362904e-03,1.18668511e-01,6.64004500e+00,0.00000000e+00,1.17680354e-01,5.27400944e-03,1.15326747e+02,5.16852925e+00
1.03600000e+00,4.47804106e-03,5.56823378e-02,-9.25492466e-03,1.30001339e-01,6.64004500e+00,0.00000000e+00,1.18435536e-01,5.23999431e-03,1.16066825e+02,5.13519442e+00
1.03800000e+00,4.57766037e-03,4.39201129e-02,-8.98375057e-03,1.41143861e-01,6.64004500e+00,0.00000000e+00,1.19235100e-01,5.25738946e-03,1.16850398e+02,5.15224168e+00
1.04000000e+00,4.65365735e-03,3.20616583e-02,-8.69047500e-03,1.52097738e-01,6.64004500e+00,0.00000000e+00,1.20015446e-01,5.25850556e-03,1.17615137e+02,5.15333545e+00
1.04200000e+00,4.70500097e-03,1.88442474e-02,-8.37363597e-03,1.65636674e-01,6.64004500e+00,0.00000000e+00,1.50519011e-01,1.11309000e-02,1.47508631e+02,1.09082820e+01
1.04400000e+00,4.72911512e-03,5.74796479e-03,-8.02858384e-03,1.78192677e-01,6.64004500e+00,0.00000000e+00,1.16932742e-01,3.68263734e-03,1.14594087e+02,3.60898460e+00
1.04600000e+00,4.72884353e-03,-6.07231077e-03,-7.66296663e-03,1.87596811e-01,6.64004500e+00,0.00000000e+00,1.20656299e-01,5.03366178e-03,1.18243173e+02,4.93298855e+00
1.04800000e+00,4.70467981e-03,-1.81116859e-02,-7.27781889e-03,1.97567453e-01,6.64004500e+00,0.00000000e+00,1.22200715e-01,5.41788794e-03,1.19756701e+02,5.30953018e+00
1.05000000e+00,4.65637333e-03,-3.01862432e-02,-6.87285681e-03,2.07298162e-01,6.64004500e+00,0.00000000e+00,1.21823433e-01,5.10454672e-03,1.19386964e+02,5.00245578e+00
1.05200000e+00,4.58394684e-03,-4.22427962e-02,-6.44894748e-03,2.16547069e-01,6.64004500e+00,0.00000000e+00,1.22322036e-01,5.00837057e-03,1.19875596e+02,4.90820316e+00
1.05400000e+00,4.48739978e-03,-5.43029030e-02,-6.00690810e-03,2.25436667e-01,6.64004500e+00,0.00000000e+00,1.22645387e-01,4.97818854e-03,1.20192480e+02,4.87862477e+00
1.05600000e+00,4.36673922e-03,-6.63570168e-02,-5.54742684e-03,2.33987260e-01,6.64004500e+00,0.00000000e+00,1.23117775e-01,4.94968942e-03,1.20655420e+02,4.85069563e+00
1.05800000e+00,4.22197507e-03,-7.84060930e-02,-5.07117319e-03,2.42216680e-01,6.64004500e+00,0.00000000e+00,1.23660237e-01,4.98102689e-03,1.21187032e+02,4.88140636e+00
1.06000000e+00,4.05312344e-03,-9.04422889e-02,-4.57877202e-03,2.50128283e-01,6.64004500e+00,0.00000000e+00,1.24146036e-01,4.98277024e-03,1.21663116e+02,4.88311483e+00
1.06200000e+00,3.85928819e-03,-1.03854977e-01,-4.06880387e-03,2.60823723e-01,6.64004500e+00,0.00000000e+00,1.57354675e-01,1.15488663e-02,1.54207582e+02,1.13178890e+01
1.06400000e+00,3.63786970e-03,-1.17018465e-01,-3.53624229e-03,2.70371832e-01,6.64004500e+00,0.00000000e+00,1.20074441e-01,3.33086648e-03,1.17672952e+02,3.26424915e+00
1.06600000e+00,3.39223267e-03,-1.28654492e-01,-2.98972047e-03,2.76314273e-01,6.64004500e+00,0.00000000e+00,1.23619816e-01,4.75895298e-03,1.21147419e+02,4.66377392e+00
1.06800000e+00,3.12317366e-03,-1.40407618e-01,-2.43064706e-03,2.82763886e-01,6.64004500e+00,0.00000000e+00,1.24959177e-01,5.19146845e-03,1.22459994e+02,5.08763908e+00
1.07000000e+00,2.83065266e-03,-1.52085068e-01,-1.85888960e-03,2.88876542e-01,6.64004500e+00,0.00000000e+00,1.24191602e-01,4.86593004e-03,1.21707770e+02,4.76861144e+00
1.07200000e+00,2.51492361e-03,-1.63627200e-01,-1.27554237e-03,2.94387052e-01,6.64004500e+00,0.00000000e+00,1.24327374e-01,4.75863510e-03,1.21840827e+02,4.66346240e+00
1.07400000e+00,2.17621835e-03,-1.75057592e-01,-6.81654242e-04,2.99428343e-01,6.64004500e+00,0.00000000e+00,1.24298709e-01,4.72736200e-03,1.21812735e+02,4.63281476e+00
1.07600000e+00,1.81477454e-03,-1.86366045e-01,-7.81238383e-05,3.04027419e-01,6.64004500e+00,0.00000000e+00,1.24382339e-01,4.69070518e-03,1.21894692e+02,4.59689108e+00
1.07800000e+00,1.43083422e-03,-1.97554439e-01,5.34177638e-04,3.08209847e-01,6.64004500e+00,0.00000000e+00,1.24581681e-01,4.72579920e-03,1.22090047e+02,4.63128321e+00
1.08000000e+00,1.02463966e-03,-2.08618514e-01,1.15445113e-03,3.11995688e-01,6.64004500e+00,0.00000000e+00,1.24747989e-01,4.74280185e-03,1.22253029e+02,4.64794581e+00
1.08200000e+00,5.95519510e-04,-2.20943468e-01,1.78399288e-03,3.18529818e-01,6.64004500e+00,0.00000000e+00,1.57499579e-01,1.13915397e-02,1.54349587e+02,1.11637090e+01
1.08400000e+00,1.41102966e-04,-2.32912722e-01,2.42776865e-03,3.23861745e-01,6.64004500e+00,0.00000000e+00,1.20094606e-01,3.13631446e-03,1.17692714e+02,3.07358817e+00
1.08600000e+00,-3.35041335e-04,-2.43246979e-01,3.07696107e-03,3.25475729e-01,6.64004500e+00,0.00000000e+00,1.23138800e-01,4.51439215e-03,1.20676024e+02,4.42410431e+00
1.08800000e+00,-8.31889567e-04,-2.53588163e-01,3.72996896e-03,3.27535766e-01,6.64004500e+00,0.00000000e+00,1.24270122e-01,5.00460769e-03,1.21784719e+02,4.90451554e+00
1.09000000e+00,-1.34927471e-03,-2.63750441e-01,4.38686273e-03,3.29233750e-01,6.64004500e+00,0.00000000e+00,1.23140120e-01,4.69211915e-03,1.20677318e+02,4.59827677e+00
1.09200000e+00,-1.88672865e-03,-2.73668707e-01,5.04646824e-03,3.30278226e-01,6.64004500e+00,0.00000000e+00,1.22914976e-01,4.57472300e-03,1.20456676e+02,4.48322854e+00
1.09400000e+00,-2.44380302e-03,-2.83367219e-01,5.70763000e-03,3.30804313e-01,6.64004500e+00,0.00000000e+00,1.22512859e-01,4.54828799e-03,1.20062602e+02,4.45732223e+00
1.09600000e+00,-3.02004680e-03,-2.92839664e-01,6.36937026e-03,3.30857607e-01,6.64004500e+00,0.00000000e+00,1.22297591e-01,4.52762105e-03,1.19851639e+02,4.43706863e+00
1.09800000e+00,-3.61501308e-03,-3.02089227e-01,7.03076552e-03,3.30468594e-01,6.64004500e+00,0.00000000e+00,1.22123673e-01,4.56486475e-03,1.19681200e+02,4.47356745e+00
1.10000000e+00,-4.22825154e-03,-3.11110543e-01,7.69096530e-03,3.29660632e-01,6.64004500e+00,0.00000000e+00,1.21933095e-01,4.59169007e-03,1.19494433e+02,4.49985627e+00
1.10200000e+00,-4.86013754e-03,-3.21155211e-01,8.35112198e-03,3.31423148e-01,6.64004500e+00,0.00000000e+00,1.51155521e-01,1.09030431e-02,1.48132411e+02,1.06849822e+01
1.10400000e+00,-5.51258581e-03,-3.30770081e-01,9.01589937e-03,3.32048279e-01,6.64004500e+00,0.00000000e+00,1.17174576e-01,3.15320975e-03,1.14831084e+02,3.09014556e+00
1.10600000e+00,-6.18215985e-03,-3.38798002e-01,9.67694342e-03,3.29116135e-01,6.64004500e+00,0.00000000e+00,1.19505844e-01,4.38191264e-03,1.17115727e+02,4.29427439e+00
1.10800000e+00,-6.86770747e-03,-3.46720420e-01,1.03326062e-02,3.26547435e-01,6.64004500e+00,0.00000000e+00,1.20273110e-01,4.85379036e-03,1.17867648e+02,4.75671455e+00
1.11000000e+00,-7.56886070e-03,-3.54371603e-01,1.09828934e-02,3.23619071e-01,6.64004500e+00,0.00000000e+00,1.18860015e-01,4.55710285e-03,1.16482815e+02,4.46596080e+00
1.11200000e+00,-8.28497369e-03,-3.61692513e-01,1.16266697e-02,3.20071563e-01,6.64004500e+00,0.00000000e+00,1.18371262e-01,4.47530168e-03,1.16003837e+02,4.38579565e+00
1.11400000e+00,-9.01542694e-03,-3.68707733e-01,1.22628544e-02,3.16036340e-01,6.64004500e+00,0.00000000e+00,1.17650887e-01,4.44383658e-03,1.15297870e+02,4.35495985e+00
1.11600000e+00,-9.75959695e-03,-3.75411456e-01,1.28905208e-02,3.11559806e-01,6.64004500e+00,0.00000000e+00,1.17139665e-01,4.44745732e-03,1.14796871e+02,4.35850817e+00
1.11800000e+00,-1.05168690e-02,-3.81809591e-01,1.35088267e-02,3.06682900e-01,6.64004500e+00,0.00000000e+00,1.16665618e-01,4.48871105e-03,1.14332306e+02,4.39893683e+00
1.12000000e+00,-1.12866279e-02,-3.87896691e-01,1.41169951e-02,3.01420065e-01,6.64004500e+00,0.00000000e+00,1.16130274e-01,4.50832856e-03,1.13807669e+02,4.41816199e+00
1.12200000e+00,-1.20689262e-02,-3.94689349e-01,1.47160335e-02,2.98446671e-01,6.64004500e+00,0.00000000e+00,1.39512191e-01,1.01515688e-02,1.36721947e+02,9.94853740e+00
1.12400000e+00,-1.28650757e-02,-4.01017573e-01,1.53101471e-02,2.94521668e-01,6.64004500e+00,0.00000000e+00,1.11749248e-01,3.36077007e-03,1.09514263e+02,3.29355467e+00
1.12600000e+00,-1.36720610e-02,-4.05942641e-01,1.58920186e-02,2.87444532e-01,6.64004500e+00,0.00000000e+00,1.13291581e-01,4.36940945e-03,1.11025750e+02,4.28202126e+00
1.12800000e+00,-1.44887088e-02,-4.10661596e-01,1.64601078e-02,2.80641153e-01,6.64004500e+00,0.00000000e+00,1.13579997e-01,4.74971614e-03,1.11308397e+02,4.65472182e+00
1.13000000e+00,-1.53144843e-02,-4.15045889e-01,1.70143896e-02,2.73547340e-01,6.64004500e+00,0.00000000e+00,1.12194282e-01,4.55447685e-03,1.09950396e+02,4.46338731e+00
1.13200000e+00,-1.61486385e-02,-4.19049368e-01,1.75539710e-02,2.65964328e-01,6.64004500e+00,0.00000000e+00,1.11474209e-01,4.49678646e-03,1.09244724e+02,4.40685073e+00
1.13400000e+00,-1.69904352e-02,-4.22683118e-01,1.80779701e-02,2.57966198e-01,6.64004500e+00,0.00000000e+00,1.10411424e-01,4.43494757e-03,1.08203196e+02,4.34624861e+00
1.13600000e+00,-1.78391273e-02,-4.25951463e-01,1.85856051e-02,2.49622140e-01,6.64004500e+00,0.00000000e+00,1.09850197e-01,4.49926466e-03,1.07653193e+02,4.40927936e+00
1.13800000e+00,-1.86940040e-02,-4.28864182e-01,1.90762570e-02,2.40975618e-01,6.64004500e+00,0.00000000e+00,1.09067815e-01,4.50451217e-03,1.06886459e+02,4.41442193e+00
1.14000000e+00,-1.95543407e-02,-4.31411807e-01,1.95493065e-02,2.32027410e-01,6.64004500e+00,0.00000000e+00,1.08331440e-01,4.54544236e-03,1.06164811e+02,4.45453351e+00
1.14200000e+00,-2.04198193e-02,-4.34211510e-01,2.00054777e-02,2.24745556e-01,6.64004500e+00,0.00000000e+00,1.22012510e-01,8.65708570e-03,1.19572260e+02,8.48394399e+00
1.14400000e+00,-2.12908770e-02,-4.36546756e-01,2.04478174e-02,2.16756994e-01,6.64004500e+00,0.00000000e+00,1.04578219e-01,3.69689165e-03,1.02486655e+02,3.62295382e+00
1.14600000e+00,-2.21653334e-02,-4.37872711e-01,2.08709982e-02,2.06507366e-01,6.64004500e+00,0.00000000e+00,1.05560919e-01,4.51986853e-03,1.03449700e+02,4.42947116e+00
1.14800000e+00,-2.30421812e-02,-4.38918616e-01,2.12739814e-02,1.96459630e-01,6.64004500e+00,0.00000000e+00,1.05187640e-01,4.70044653e-03,1.03083887e+02,4.60643759e+00
1.15000000e+00,-2.39207565e-02,-4.39587473e-01,2.16566793e-02,1.86175678e-01,6.64004500e+00,0.00000000e+00,1.03919327e-01,4.57493413e-03,1.01840941e+02,4.48343545e+00
1.15200000e+00,-2.48002642e-02,-4.39856029e-01,2.20184690e-02,1.75569082e-01,6.64004500e+00,0.00000000e+00,1.03011983e-01,4.54437098e-03,1.00951743e+02,4.45348356e+00
1.15400000e+00,-2.56799218e-02,-4.39736415e-01,2.23587920e-02,1.64717085e-01,6.64004500e+00,0.00000000e+00,1.02029898e-01,4.55042446e-03,9.99893001e+01,4.45941597e+00
1.15600000e+00,-2.65589539e-02,-4.39232988e-01,2.26772060e-02,1.53668040e-01,6.64004500e+00,0.00000000e+00,1.01220888e-01,4.59014512e-03,9.91964705e+01,4.49834222e+00
1.15800000e+00,-2.74365994e-02,-4.38348064e-01,2.29733459e-02,1.42441726e-01,6.64004500e+00,0.00000000e+00,1.00283120e-01,4.60596184e-03,9.82774578e+01,4.51384261e+00
1.16000000e+00,-2.83120887e-02,-4.37076946e-01,2.32468478e-02,1.31027793e-01,6.64004500e+00,0.00000000e+00,9.93483202e-02,4.59169425e-03,9.73613538e+01,4.49986037e+00
1.16200000e+00,-2.91848239e-02,-4.35680912e-01,2.34980680e-02,1.20530000e-01,6.64004500e+00,0.00000000e+00,1.04494351e-01,6.89225075e-03,1.02404464e+02,6.75440573e+00
1.16400000e+00,-3.00545487e-02,-4.33889327e-01,2.37287844e-02,1.09757204e-01,6.64004500e+00,0.00000000e+00,9.72118026e-02,4.34827927e-03,9.52675665e+01,4.26131369e+00
1.16600000e+00,-3.09199625e-02,-4.31469587e-01,2.39362821e-02,9.77625267e-02,6.64004500e+00,0.00000000e+00,9.68902898e-02,4.62885123e-03,9.49524840e+01,4.53627421e+00
1.16800000e+00,-3.17801990e-02,-4.28707883e-01,2.41198742e-02,8.58274653e-02,6.64004500e+00,0.00000000e+00,9.62543742e-02,4.74055733e-03,9.43292867e+01,4.64574618e+00
1.17000000e+00,-3.26345508e-02,-4.25581367e-01,2.42795590e-02,7.38429279e-02,6.64004500e+00,0.00000000e+00,9.53524157e-02,4.75800781e-03,9.34453674e+01,4.66284765e+00
1.17200000e+00,-3.34822704e-02,-4.22073781e-01,2.44151656e-02,6.17378566e-02,6.64004500e+00,0.00000000e+00,9.42839859e-02,4.68621051e-03,9.23983062e+01,4.59248630e+00
1.17400000e+00,-3.43225934e-02,-4.18187445e-01,2.45264410e-02,4.95286251e-02,6.64004500e+00,0.00000000e+00,9.33774505e-02,4.70331984e-03,9.15099015e+01,4.60925345e+00
1.17600000e+00,-3.51547744e-02,-4.13932500e-01,2.46132450e-02,3.72668179e-02,6.64004500e+00,0.00000000e+00,9.24809826e-02,4.70486126e-03,9.06313629e+01,4.61076404e+00
1.17800000e+00,-3.59780801e-02,-4.09312633e-01,2.46754899e-02,2.49775342e-02,6.64004500e+00,0.00000000e+00,9.15896494e-02,4.73958383e-03,8.97578565e+01,4.64479216e+00
1.18000000e+00,-3.67917832e-02,-4.04330185e-01,2.47131587e-02,1.26935720e-02,6.64004500e+00,0.00000000e+00,9.06710225e-02,4.77485830e-03,8.88576021e+01,4.67936113e+00
1.18200000e+00,-3.75951775e-02,-3.99012734e-01,2.47264839e-02,7.39147355e-04,6.64004500e+00,0.00000000e+00,9.03413208e-02,5.45524287e-03,8.85344944e+01,5.34613801e+00
1.18400000e+00,-3.83876304e-02,-3.93389586e-01,2.47161874e-02,-1.11070728e-02,6.64004500e+00,0.00000000e+00,9.00194256e-02,4.99207657e-03,8.82190371e+01,4.89223504e+00
1.18600000e+00,-3.91685093e-02,-3.87426608e-01,2.46818772e-02,-2.32209375e-02,6.64004500e+00,0.00000000e+00,8.87990259e-02,4.84937893e-03,8.70230454e+01,4.75239135e+00
1.18800000e+00,-3.99370996e-02,-3.81107821e-01,2.46232775e-02,-3.53740901e-02,6.64004500e+00,0.00000000e+00,8.80048666e-02,4.83085990e-03,8.62447693e+01,4.73424270e+00
1.19000000e+00,-4.06927211e-02,-3.74459956e-01,2.45404277e-02,-4.74569287e-02,6.64004500e+00,0.00000000e+00,8.73045877e-02,4.88355081e-03,8.55584959e+01,4.78587979e+00
1.19200000e+00,-4.14347232e-02,-3.67487766e-01,2.44335193e-02,-5.94354746e-02,6.64004500e+00,0.00000000e+00,8.65116730e-02,4.90193970e-03,8.47814395e+01,4.80390091e+00
1.19400000e+00,-4.21624576e-02,-3.60193638e-01,2.43027619e-02,-7.12999601e-02,6.64004500e+00,0.00000000e+00,8.57519862e-02,4.94101912e-03,8.40369465e+01,4.84219873e+00
1.19600000e+00,-4.28752831e-02,-3.52577586e-01,2.41483896e-02,-8.30592939e-02,6.64004500e+00,0.00000000e+00,8.48390221e-02,4.90692637e-03,8.31422417e+01,4.80878785e+00
1.19800000e+00,-4.35725590e-02,-3.44648138e-01,2.39706039e-02,-9.46997783e-02,6.64004500e+00,0.00000000e+00,8.41529378e-02,4.94126681e-03,8.24698790e+01,4.84244148e+00
1.20000000e+00,-4.42536732e-02,-3.36414994e-01,2.37696988e-02,-1.06177777e-01,6.64004500e+00,0.00000000e+00,8.33359825e-02,4.96567316e-03,8.16692629e+01,4.86635970e+00
1.20200000e+00,-4.49178444e-02,-3.27620052e-01,2.35457696e-02,-1.17840616e-01,6.64004500e+00,0.00000000e+00,7.64823474e-02,4.23811183e-03,7.49527005e+01,4.15334959e+00
1.20400000e+00,-4.55640284e-02,-3.18637655e-01,2.32986660e-02,-1.29009121e-01,6.64004500e+00,0.00000000e+00,8.42676061e-02,5.65493758e-03,8.25822540e+01,5.54183883e+00
1.20600000e+00,-4.61924178e-02,-3.09689442e-01,2.30301396e-02,-1.39567929e-01,6.64004500e+00,0.00000000e+00,8.24471030e-02,5.13854696e-03,8.07981609e+01,5.03577602e+00
1.20800000e+00,-4.68025604e-02,-3.00402645e-01,2.27403047e-02,-1.50261118e-01,6.64004500e+00,0.00000000e+00,8.13742505e-02,4.96318889e-03,7.97467655e+01,4.86392511e+00
1.21000000e+00,-4.73938545e-02,-2.90854972e-01,2.24292271e-02,-1.60756405e-01,6.64004500e+00,0.00000000e+00,8.12168286e-02,5.11385422e-03,7.95924920e+01,5.01157713e+00
1.21200000e+00,-4.79658309e-02,-2.81083216e-01,2.20975067e-02,-1.70910251e-01,6.64004500e+00,0.00000000e+00,8.08469623e-02,5.21015500e-03,7.92300230e+01,5.10595190e+00
1.21400000e+00,-4.85180309e-02,-2.71076880e-01,2.17457725e-02,-1.80784409e-01,6.64004500e+00,0.00000000e+00,8.02837407e-02,5.20248855e-03,7.86780659e+01,5.09843878e+00
1.21600000e+00,-4.90499823e-02,-2.60836365e-01,2.13745368e-02,-1.90406988e-01,6.64004500e+00,0.00000000e+00,7.97589358e-02,5.21182818e-03,7.81637571e+01,5.10759162e+00
1.21800000e+00,-4.95612240e-02,-2.50367239e-01,2.09843144e-02,-1.99774837e-01,6.64004500e+00,0.00000000e+00,7.91576777e-02,5.18354641e-03,7.75745242e+01,5.07987549e+00
1.22000000e+00,-5.00512991e-02,-2.39669882e-01,2.05756074e-02,-2.08887767e-01,6.64004500e+00,0.00000000e+00,7.84698907e-02,5.16677629e-03,7.69004929e+01,5.06344076e+00
1.22200000e+00,-5.05191879e-02,-2.27899189e-01,2.01477799e-02,-2.19475587e-01,6.64004500e+00,0.00000000e+00,5.79429254e-02,1.48066956e-03,5.67840669e+01,1.45105617e+00
1.22400000e+00,-5.09628594e-02,-2.16073722e-01,1.96982543e-02,-2.29239841e-01,6.64004500e+00,0.00000000e+00,8.08612579e-02,6.25757883e-03,7.92440327e+01,6.13242725e+00
1.22600000e+00,-5.13839789e-02,-2.04992370e-01,1.92322840e-02,-2.36809092e-01,6.64004500e+00,0.00000000e+00,7.88136419e-02,5.42536940e-03,7.72373690e+01,5.31686201e+00
1.22800000e+00,-5.17826509e-02,-1.93644154e-01,1.87509128e-02,-2.44536063e-01,6.64004500e+00,0.00000000e+00,7.79259977e-02,5.24201573e-03,7.63674777e+01,5.13717542e+00
1.23000000e+00,-5.21584449e-02,-1.82130132e-01,1.82543572e-02,-2.51936881e-01,6.64004500e+00,0.00000000e+00,7.80538192e-02,5.40365621e-03,7.64927428e+01,5.29558309e+00
1.23200000e+00,-5.25110905e-02,-1.70494606e-01,1.77434756e-02,-2.58872162e-01,6.64004500e+00,0.00000000e+00,7.80129155e-02,5.49220524e-03,7.64526572e+01,5.38236114e+00
1.23400000e+00,-5.28403400e-02,-1.58734076e-01,1.72191389e-02,-2.65402008e-01,6.64004500e+00,0.00000000e+00,7.78684826e-02,5.50830576e-03,7.63111129e+01,5.39813965e+00
1.23600000e+00,-5.31459408e-02,-1.46844542e-01,1.66820939e-02,-2.71592404e-01,6.64004500e+00,0.00000000e+00,7.75415707e-02,5.44004931e-03,7.59907393e+01,5.33124832e+00
1.23800000e+00,-5.34276342e-02,-1.34828972e-01,1.61330053e-02,-2.77428839e-01,6.64004500e+00,0.00000000e+00,7.72718332e-02,5.46926906e-03,7.57263965e+01,5.35988368e+00
1.24000000e+00,-5.36851748e-02,-1.22690694e-01,1.55726249e-02,-2.82895767e-01,6.64004500e+00,0.00000000e+00,7.68260688e-02,5.41735536e-03,7.52895474e+01,5.30900825e+00
1.24200000e+00,-5.39173038e-02,-1.08912757e-01,1.49993180e-02,-2.91518567e-01,6.64004500e+00,0.00000000e+00,4.09063634e-02,-1.97085368e-03,4.00882361e+01,-1.93143661e+00
1.24400000e+00,-5.41208868e-02,-9.52261143e-02,1.44072765e-02,-2.99053050e-01,6.64004500e+00,0.00000000e+00,8.06794117e-02,6.85963685e-03,7.90658234e+01,6.72244411e+00
1.24600000e+00,-5.42992179e-02,-8.30538751e-02,1.38057775e-02,-3.02580131e-01,6.64004500e+00,0.00000000e+00,7.77991922e-02,5.58279013e-03,7.62432083e+01,5.47113432e+00
1.24800000e+00,-5.44529680e-02,-7.06802494e-02,1.31967660e-02,-3.06392167e-01,6.64004500e+00,0.00000000e+00,7.72790843e-02,5.39306955e-03,7.57335026e+01,5.28520816e+00
1.25000000e+00,-5.45819159e-02,-5.82722253e-02,1.25805203e-02,-3.09737093e-01,6.64004500e+00,0.00000000e+00,7.80986936e-02,5.68431875e-03,7.65367197e+01,5.57063238e+00
1.25200000e+00,-5.46860590e-02,-4.58673315e-02,1.19582080e-02,-3.12496505e-01,6.64004500e+00,0.00000000e+00,7.82529967e-02,5.73420214e-03,7.66879368e+01,5.61951810e+00
1.25400000e+00,-5.47653688e-02,-3.34377091e-02,1.13308166e-02,-3.14832487e-01,6.64004500e+00,0.00000000e+00,7.82189937e-02,5.67780763e-03,7.66546138e+01,5.56425148e+00
1.25600000e+00,-5.48198010e-02,-2.09948244e-02,1.06991518e-02,-3.16757850e-01,6.64004500e+00,0.00000000e+00,7.84382233e-02,5.69452837e-03,7.68694588e+01,5.58063780e+00
1.25800000e+00,-5.48493497e-02,-8.55445577e-03,1.00640886e-02,-3.18228247e-01,6.64004500e+00,0.00000000e+00,7.85697823e-02,5.72617908e-03,7.69983867e+01,5.61165550e+00
1.26000000e+00,-5.48540199e-02,3.88428575e-03,9.42652290e-03,-3.19272598e-01,6.64004500e+00,0.00000000e+00,7.85651381e-02,5.67844574e-03,7.69938354e+01,5.56487683e+00
1.26200000e+00,-5.48325161e-02,1.82676344e-02,8.78402763e-03,-3.24772062e-01,6.64004500e+00,0.00000000e+00,3.30099940e-02,-4.54134636e-03,3.23497941e+01,-4.45051943e+00
1.26400000e+00,-5.47811023e-02,3.24215840e-02,8.12827999e-03,-3.29004099e-01,6.64004500e+00,0.00000000e+00,8.35666082e-02,7.40452356e-03,8.18952760e+01,7.25643309e+00
1.26600000e+00,-5.47041837e-02,4.45447515e-02,7.47154107e-03,-3.27941718e-01,6.64004500e+00,0.00000000e+00,7.98853653e-02,5.63293037e-03,7.82876580e+01,5.52027176e+00
1.26800000e+00,-5.46028507e-02,5.67768002e-02,6.81623256e-03,-3.27300155e-01,6.64004500e+00,0.00000000e+00,8.02451087e-02,5.58483406e-03,7.86402065e+01,5.47313738e+00
1.27000000e+00,-5.44771486e-02,6.89007167e-02,6.16271216e-03,-3.26101091e-01,6.64004500e+00,0.00000000e+00,8.14355761e-02,5.86908750e-03,7.98068645e+01,5.75170575e+00
1.27200000e+00,-5.43273275e-02,8.09051984e-02,5.51222440e-03,-3.24307783e-01,6.64004500e+00,0.00000000e+00,8.18620121e-02,5.90218358e-03,8.02247718e+01,5.78413991e+00
1.27400000e+00,-5.41535882e-02,9.28190741e-02,4.86575769e-03,-3.22099539e-01,6.64004500e+00,0.00000000e+00,8.21832049e-02,5.81563780e-03,8.05395408e+01,5.69932504e+00
1.27600000e+00,-5.39561200e-02,1.04629789e-01,4.22411559e-03,-3.19457341e-01,6.64004500e+00,0.00000000e+00,8.27089059e-02,5.89537828e-03,8.10547278e+01,5.77747072e+00
1.27800000e+00,-5.37351460e-02,1.16325070e-01,3.58824517e-03,-3.16339926e-01,6.64004500e+00,0.00000000e+00,8.31245322e-02,5.90348863e-03,8.14620415e+01,5.78541886e+00
1.28000000e+00,-5.34909009e-02,1.27898480e-01,2.95903423e-03,-3.12805040e-01,6.64004500e+00,0.00000000e+00,8.36102005e-02,5.87136317e-03,8.19379965e+01,5.75393590e+00
1.28200000e+00,-5.32221916e-02,1.41512426e-01,2.33339475e-03,-3.14714685e-01,6.64004500e+00,0.00000000e+00,3.33017970e-02,-6.41834665e-03,3.26357610e+01,-6.28997971e+00
1.28400000e+00,-5.29250782e-02,1.54785947e-01,1.70105998e-03,-3.15298261e-01,6.64004500e+00,0.00000000e+00,8.91970924e-02,7.75263124e-03,8.74131506e+01,7.59757861e+00
1.28600000e+00,-5.26046022e-02,1.65727942e-01,1.07635146e-03,-3.09657606e-01,6.64004500e+00,0.00000000e+00,8.52117522e-02,5.75148104e-03,8.35075171e+01,5.63645142e+00
1.28800000e+00,-5.22621396e-02,1.76710315e-01,4.62030494e-04,-3.04615505e-01,6.64004500e+00,0.00000000e+00,8.55028969e-02,5.61662453e-03,8.37928389e+01,5.50429204e+00
1.29000000e+00,-5.18979074e-02,1.87473023e-01,-1.41743332e-04,-2.99022629e-01,6.64004500e+00,0.00000000e+00,8.74155240e-02,6.04279969e-03,8.56672135e+01,5.92194370e+00
1.29200000e+00,-5.15124067e-02,1.97996940e-01,-7.33661577e-04,-2.92832146e-01,6.64004500e+00,0.00000000e+00,8.79789559e-02,6.02290142e-03,8.62193768e+01,5.90244340e+00
1.29400000e+00,-5.11060507e-02,2.08324374e-01,-1.31284158e-03,-2.86296203e-01,6.64004500e+00,0.00000000e+00,8.87319100e-02,5.93787514e-03,8.69572718e+01,5.81911764e+00
1.29600000e+00,-5.06792478e-02,2.18443851e-01,-1.87862177e-03,-2.79423367e-01,6.64004500e+00,0.00000000e+00,8.93956856e-02,5.91900122e-03,8.76077719e+01,5.80062119e+00
1.29800000e+00,-5.02324229e-02,2.28341887e-01,-2.43027219e-03,-2.72156280e-01,6.64004500e+00,0.00000000e+00,9.02994274e-02,5.97440090e-03,8.84934389e+01,5.85491289e+00
1.30000000e+00,-4.97660354e-02,2.38007272e-01,-2.96698411e-03,-2.64495073e-01,6.64004500e+00,0.00000000e+00,9.10644866e-02,5.97642556e-03,8.92431969e+01,5.85689705e+00
1.30200000e+00,-4.92790870e-02,2.49632764e-01,-3.49228744e-03,-2.62885361e-01,6.64004500e+00,0.00000000e+00,4.05664422e-02,-7.47963469e-03,3.97551134e+01,-7.33004200e+00
1.30400000e+00,-4.87677863e-02,2.60835353e-01,-4.01769656e-03,-2.60032849e-01,6.64004500e+00,0.00000000e+00,9.68218770e-02,7.83433312e-03,9.48854394e+01,7.67764646e+00
1.30600000e+00,-4.82373541e-02,2.69625265e-01,-4.52800788e-03,-2.50564317e-01,6.64004500e+00,0.00000000e+00,9.26499776e-02,5.67440381e-03,9.07969780e+01,5.56091574e+00
1.30800000e+00,-4.76893049e-02,2.78385728e-01,-5.02044989e-03,-2.41839838e-01,6.64004500e+00,0.00000000e+00,9.30720819e-02,5.56552971e-03,9.12106403e+01,5.45421912e+00
1.31000000e+00,-4.71240256e-02,2.86824585e-01,-5.49500730e-03,-2.32575532e-01,6.64004500e+00,0.00000000e+00,9.55852604e-02,6.12584042e-03,9.36735552e+01,6.00332361e+00
1.31200000e+00,-4.65422275e-02,2.94931977e-01,-5.95039637e-03,-2.22777805e-01,6.64004500e+00,0.00000000e+00,9.61014188e-02,6.03063947e-03,9.41793904e+01,5.91002668e+00
1.31400000e+00,-4.59444772e-02,3.02770072e-01,-6.38598369e-03,-2.12777856e-01,6.64004500e+00,0.00000000e+00,9.70306135e-02,5.92396791e-03,9.50900013e+01,5.80548855e+00
1.31600000e+00,-4.53313461e-02,3.10309868e-01,-6.80133280e-03,-2.02515445e-01,6.64004500e+00,0.00000000e+00,9.80977047e-02,5.98402631e-03,9.61357506e+01,5.86434579e+00
1.31800000e+00,-4.47034443e-02,3.17539859e-01,-7.19584269e-03,-1.91948892e-01,6.64004500e+00,0.00000000e+00,9.91739391e-02,5.99448299e-03,9.71904603e+01,5.87459333e+00
1.32000000e+00,-4.40613907e-02,3.24463883e-01,-7.56897309e-03,-1.81149449e-01,6.64004500e+00,0.00000000e+00,1.00034544e-01,5.93542516e-03,9.80338532e+01,5.81671666e+00
1.32200000e+00,-4.34045447e-02,3.32953912e-01,-7.92436940e-03,-1.76242471e-01,6.64004500e+00,0.00000000e+00,5.72508620e-02,-6.88433668e-03,5.61058448e+01,-6.74664995e+00
1.32400000e+00,-4.27298676e-02,3.41005185e-01,-8.27326009e-03,-1.70311809e-01,6.64004500e+00,0.00000000e+00,1.04815345e-01,7.58425526e-03,1.02719038e+02,7.43257015e+00
1.32600000e+00,-4.20419473e-02,3.46921466e-01,-8.60148028e-03,-1.58177002e-01,6.64004500e+00,0.00000000e+00,1.01548411e-01,5.66422632e-03,9.95174426e+01,5.55094179e+00
1.32800000e+00,-4.13422659e-02,3.52711457e-01,-8.90647371e-03,-1.46800559e-01,6.64004500e+00,0.00000000e+00,1.02078536e-01,5.55210481e-03,1.00036965e+02,5.44106271e+00
1.33000000e+00,-4.06313469e-02,3.58133329e-01,-9.18845313e-03,-1.35080082e-01,6.64004500e+00,0.00000000e+00,1.04369401e-01,5.97878463e-03,1.02282013e+02,5.85920894e+00
1.33200000e+00,-3.99099845e-02,3.63177455e-01,-9.44656375e-03,-1.23014208e-01,6.64004500e+00,0.00000000e+00,1.05037567e-01,5.90344498e-03,1.02936816e+02,5.78537608e+00
1.33400000e+00,-3.91788614e-02,3.67885119e-01,-9.68042921e-03,-1.10827220e-01,6.64004500e+00,0.00000000e+00,1.06282754e-01,5.89394558e-03,1.04157099e+02,5.77606667e+00
1.33600000e+00,-3.84386763e-02,3.72244299e-01,-9.88979788e-03,-9.85281157e-02,6.64004500e+00,0.00000000e+00,1.07156408e-01,5.83466308e-03,1.05013280e+02,5.71796982e+00
1.33800000e+00,-3.76901157e-02,3.76256343e-01,-1.00744626e-02,-8.61104164e-02,6.64004500e+00,0.00000000e+00,1.08300305e-01,5.87401316e-03,1.06134299e+02,5.75653290e+00
1.34000000e+00,-3.69338875e-02,3.79913662e-01,-1.02341563e-02,-7.35677977e-02,6.64004500e+00,0.00000000e+00,1.09287273e-01,5.86362210e-03,1.07101527e+02,5.74634966e+00
1.34200000e+00,-3.61697847e-02,3.84585334e-01,-1.03722209e-02,-6.62549929e-02,6.64004500e+00,0.00000000e+00,7.83774553e-02,-5.30431135e-03,7.68099062e+01,-5.19822512e+00
1.34400000e+00,-3.53958249e-02,3.88838959e-01,-1.04987501e-02,-5.83035659e-02,6.64004500e+00,0.00000000e+00,1.12757418e-01,7.02089382e-03,1.10502270e+02,6.88047594e+00
1.34600000e+00,-3.46155287e-02,3.91442906e-01,-1.06019350e-02,-4.51022622e-02,6.64004500e+00,0.00000000e+00,1.10566973e-01,5.56230205e-03,1.08355634e+02,5.45105601e+00
1.34800000e+00,-3.38301836e-02,3.93851342e-01,-1.06796477e-02,-3.26336739e-02,6.64004500e+00,0.00000000e+00,1.10925053e-01,5.36680615e-03,1.08706552e+02,5.25947003e+00
1.35000000e+00,-3.30403774e-02,3.95878716e-01,-1.07323764e-02,-2.00252097e-02,6.64004500e+00,0.00000000e+00,1.13032576e-01,5.77545719e-03,1.10771925e+02,5.65994805e+00
1.35200000e+00,-3.22469363e-02,3.97504736e-01,-1.07596111e-02,-7.21058560e-03,6.64004500e+00,0.00000000e+00,1.13833406e-01,5.75539866e-03,1.11556737e+02,5.64029069e+00
1.35400000e+00,-3.14505910e-02,3.98782013e-01,-1.07612529e-02,5.55285447e-03,6.64004500e+00,0.00000000e+00,1.14686484e-01,5.66046027e-03,1.12392754e+02,5.54725106e+00
1.35600000e+00,-3.06520468e-02,3.99701497e-01,-1.07374353e-02,1.82628504e-02,6.64004500e+00,0.00000000e+00,1.15679323e-01,5.67205583e-03,1.13365737e+02,5.55861471e+00
1.35800000e+00,-2.98520272e-02,4.00257767e-01,-1.06882233e-02,3.09401520e-02,6.64004500e+00,0.00000000e+00,1.16645593e-01,5.65695984e-03,1.14312681e+02,5.54382065e+00
1.36000000e+00,-2.90512601e-02,4.00447481e-01,-1.06137016e-02,4.35770509e-02,6.64004500e+00,0.00000000e+00,1.17708924e-01,5.68855007e-03,1.15354746e+02,5.57477907e+00
1.36200000e+00,-2.82498910e-02,4.01156534e-01,-1.05166896e-02,5.20528312e-02,6.64004500e+00,0.00000000e+00,9.79701542e-02,-2.94266877e-03,9.60107511e+01,-2.88381539e+00
1.36400000e+00,-2.74468649e-02,4.01519269e-01,-1.04053601e-02,6.07235440e-02,6.64004500e+00,0.00000000e+00,1.19249047e-01,6.25380692e-03,1.16864066e+02,6.12873078e+00
1.36600000e+00,-2.66445915e-02,4.00715690e-01,-1.02711770e-02,7.33216156e-02,6.64004500e+00,0.00000000e+00,1.18671544e-01,5.48735478e-03,1.16298113e+02,5.37760768e+00
1.36800000e+00,-2.58441709e-02,3.99659033e-01,-1.01124618e-02,8.53374439e-02,6.64004500e+00,0.00000000e+00,1.18624620e-01,5.25348625e-03,1.16252127e+02,5.14841652e+00
1.37000000e+00,-2.50461813e-02,3.98263538e-01,-9.92992064e-03,9.72131550e-02,6.64004500e+00,0.00000000e+00,1.20069659e-01,5.44917822e-03,1.17668265e+02,5.34019465e+00
1.37200000e+00,-2.42513652e-02,3.96495384e-01,-9.72362206e-03,1.09069603e-01,6.64004500e+00,0.00000000e+00,1.20837418e-01,5.50291972e-03,1.18420670e+02,5.39286132e+00
1.37400000e+00,-2.34604272e-02,3.94386078e-01,-9.49375586e-03,1.20755625e-01,6.64004500e+00,0.00000000e+00,1.21576447e-01,5.41504750e-03,1.19144918e+02,5.30674655e+00
1.37600000e+00,-2.26740490e-02,3.91934560e-01,-9.24073120e-03,1.32244209e-01,6.64004500e+00,0.00000000e+00,1.22404826e-01,5.44526025e-03,1.19956730e+02,5.33635504e+00
1.37800000e+00,-2.18929165e-02,3.89141660e-01,-8.96490527e-03,1.43543456e-01,6.64004500e+00,0.00000000e+00,1.23165851e-01,5.40703901e-03,1.20702534e+02,5.29889823e+00
1.38000000e+00,-2.11177090e-02,3.86008876e-01,-8.66669715e-03,1.54633071e-01,6.64004500e+00,0.00000000e+00,1.24006258e-01,5.42671526e-03,1.21526133e+02,5.31818095e+00
1.38200000e+00,-2.03487826e-02,3.83023665e-01,-8.34831592e-03,1.62808725e-01,6.64004500e+00,0.00000000e+00,1.13427888e-01,-2.58259401e-04,1.11159330e+02,-2.53094213e-01
1.38400000e+00,-1.95857809e-02,3.79788624e-01,-8.01561542e-03,1.70754422e-01,6.64004500e+00,0.00000000e+00,1.23603108e-01,5.41643033e-03,1.21131045e+02,5.30810173e+00
1.38600000e+00,-1.88301210e-02,3.75814356e-01,-7.66365935e-03,1.81158270e-01,6.64004500e+00,0.00000000e+00,1.24517034e-01,5.39993455e-03,1.22026694e+02,5.29193586e+00
1.38800000e+00,-1.80827103e-02,3.71559812e-01,-7.29125946e-03,1.91146492e-01,6.64004500e+00,0.00000000e+00,1.24033871e-01,5.07191213e-03,1.21553194e+02,4.97047388e+00
1.39000000e+00,-1.73440632e-02,3.67033052e-01,-6.89934192e-03,2.00731943e-01,6.64004500e+00,0.00000000e+00,1.24829968e-01,5.11047485e-03,1.22333369e+02,5.00826535e+00
1.39200000e+00,-1.66147885e-02,3.62190709e-01,-6.48847675e-03,2.10099825e-01,6.64004500e+00,0.00000000e+00,1.25435396e-01,5.19834552e-03,1.22926688e+02,5.09437861e+00
1.39400000e+00,-1.58954991e-02,3.57050293e-01,-6.05912739e-03,2.19190596e-01,6.64004500e+00,0.00000000e+00,1.25902612e-01,5.13843931e-03,1.23384559e+02,5.03567052e+00
1.39600000e+00,-1.51867800e-02,3.51620831e-01,-5.61193619e-03,2.27948673e-01,6.64004500e+00,0.00000000e+00,1.26382204e-01,5.13526952e-03,1.23854560e+02,5.03256413e+00
1.39800000e+00,-1.44892072e-02,3.45904261e-01,-5.14754484e-03,2.36388570e-01,6.64004500e+00,0.00000000e+00,1.26893952e-01,5.13052996e-03,1.24356073e+02,5.02791936e+00
1.40000000e+00,-1.38033539e-02,3.39901405e-01,-4.66659341e-03,2.44511243e-01,6.64004500e+00,0.00000000e+00,1.27448840e-01,5.15314995e-03,1.24899863e+02,5.05008695e+00
1.40200000e+00,-1.31296155e-02,3.33877608e-01,-4.17079629e-03,2.50689561e-01,6.64004500e+00,0.00000000e+00,1.21858642e-01,1.75484488e-03,1.19421469e+02,1.71974798e+00
1.40400000e+00,-1.24679424e-02,3.27705379e-01,-3.66420314e-03,2.56315855e-01,6.64004500e+00,0.00000000e+00,1.25491054e-01,4.71602624e-03,1.22981233e+02,4.62170572e+00
1.40600000e+00,-1.18190914e-02,3.21087179e-01,-3.14468682e-03,2.63211141e-01,6.64004500e+00,0.00000000e+00,1.26956265e-01,5.15781723e-03,1.24417139e+02,5.05466089e+00
1.40800000e+00,-1.11837679e-02,3.14207584e-01,-2.61154455e-03,2.69827527e-01,6.64004500e+00,0.00000000e+00,1.26384912e-01,4.88950345e-03,1.23857214e+02,4.79171338e+00
1.41000000e+00,-1.05623944e-02,3.07127869e-01,-2.06573006e-03,2.75913942e-01,6.64004500e+00,0.00000000e+00,1.26531344e-01,4.82262857e-03,1.24000717e+02,4.72617600e+00
1.41200000e+00,-9.95540899e-03,2.99819385e-01,-1.50814206e-03,2.81620482e-01,6.64004500e+00,0.00000000e+00,1.26745986e-01,4.88634826e-03,1.24211066e+02,4.78862130e+00
1.41400000e+00,-9.36326525e-03,2.92288379e-01,-9.39490051e-04,2.86964192e-01,6.64004500e+00,0.00000000e+00,1.26866663e-01,4.87120073e-03,1.24329330e+02,4.77377671e+00
1.41600000e+00,-8.78639943e-03,2.84541453e-01,-3.60549911e-04,2.91911011e-01,6.64004500e+00,0.00000000e+00,1.27050893e-01,4.87828352e-03,1.24509875e+02,4.78071785e+00
1.41800000e+00,-8.22523927e-03,2.76584793e-01,2.27885462e-04,2.96455080e-01,6.64004500e+00,0.00000000e+00,1.27154371e-01,4.86456715e-03,1.24611283e+02,4.76727581e+00
1.42000000e+00,-7.68019405e-03,2.68427463e-01,8.24991378e-04,3.00580651e-01,6.64004500e+00,0.00000000e+00,1.27257477e-01,4.85115196e-03,1.24712328e+02,4.75412892e+00
1.42200000e+00,-7.15165764e-03,2.60077808e-01,1.42951834e-03,3.03671771e-01,6.64004500e+00,0.00000000e+00,1.27299978e-01,3.55548991e-03,1.24753979e+02,3.48438011e+00
1.42400000e+00,-6.63992207e-03,2.51669277e-01,2.03921079e-03,3.06061428e-01,6.64004500e+00,0.00000000e+00,1.24421445e-01,4.24880965e-03,1.21933016e+02,4.16383346e+00
1.42600000e+00,-6.14504457e-03,2.43164703e-01,2.65386333e-03,3.08599986e-01,6.64004500e+00,0.00000000e+00,1.25469902e-01,4.74507395e-03,1.22960504e+02,4.65017247e+00
1.42800000e+00,-5.66739734e-03,2.34459016e-01,3.27348484e-03,3.10949729e-01,6.64004500e+00,0.00000000e+00,1.25186314e-01,4.73667391e-03,1.22682588e+02,4.64194043e+00
1.43000000e+00,-5.20729512e-03,2.25623412e-01,3.89733665e-03,3.12811135e-01,6.64004500e+00,0.00000000e+00,1.24713813e-01,4.61047486e-03,1.22219537e+02,4.51826537e+00
1.43200000e+00,-4.76498853e-03,2.16660563e-01,4.52440823e-03,3.14190866e-01,6.64004500e+00,0.00000000e+00,1.24512534e-01,4.62086060e-03,1.22022283e+02,4.52844338e+00
1.43400000e+00,-4.34073950e-03,2.07567773e-01,5.15381495e-03,3.15142915e-01,6.64004500e+00,0.00000000e+00,1.24249895e-01,4.61150573e-03,1.21764897e+02,4.51927561e+00
1.43600000e+00,-3.93479813e-03,1.98353951e-01,5.78468824e-03,3.15657539e-01,6.64004500e+00,0.00000000e+00,1.23989383e-01,4.60371047e-03,1.21509596e+02,4.51163626e+00
1.43800000e+00,-3.54740060e-03,1.89024776e-01,6.41615791e-03,3.15741415e-01,6.64004500e+00,0.00000000e+00,1.23744980e-01,4.60940359e-03,1.21270081e+02,4.51721552e+00
1.44000000e+00,-3.17877194e-03,1.79586241e-01,7.04737159e-03,3.15401874e-01,6.64004500e+00,0.00000000e+00,1.23497157e-01,4.61679984e-03,1.21027214e+02,4.52446385e+00
1.44200000e+00,-2.82928384e-03,1.69805423e-01,7.67766668e-03,3.14914243e-01,6.64004500e+00,0.00000000e+00,1.28850734e-01,5.19919101e-03,1.26273719e+02,5.09520719e+00
1.44400000e+00,-2.49952576e-03,1.60061319e-01,8.30650136e-03,3.13635944e-01,6.64004500e+00,0.00000000e+00,1.19907143e-01,3.85592965e-03,1.17509000e+02,3.77881106e+00
1.44600000e+00,-2.18887335e-03,1.50565030e-01,8.93166893e-03,3.11545408e-01,6.64004500e+00,0.00000000e+00,1.20485361e-01,4.38825822e-03,1.18075654e+02,4.30049306e+00
1.44800000e+00,-1.89735210e-03,1.40939060e-01,9.55263910e-03,3.09389044e-01,6.64004500e+00,0.00000000e+00,1.20518453e-01,4.60572247e-03,1.18108084e+02,4.51360802e+00
1.45000000e+00,-1.62515441e-03,1.31257149e-01,1.01689726e-02,3.06853904e-01,6.64004500e+00,0.00000000e+00,1.19531027e-01,4.47468050e-03,1.17140407e+02,4.38518689e+00
1.45200000e+00,-1.37233802e-03,1.21553460e-01,1.07797222e-02,3.03820046e-01,6.64004500e+00,0.00000000e+00,1.18923938e-01,4.43262165e-03,1.16545459e+02,4.34396922e+00
1.45400000e+00,-1.13895992e-03,1.11820737e-01,1.13839658e-02,3.00355783e-01,6.64004500e+00,0.00000000e+00,1.18264649e-01,4.43584988e-03,1.15899356e+02,4.34713288e+00
1.45600000e+00,-9.25069542e-04,1.02066310e-01,1.19808734e-02,2.96483728e-01,6.64004500e+00,0.00000000e+00,1.17645263e-01,4.43094344e-03,1.15292358e+02,4.34232457e+00
1.45800000e+00,-7.30706501e-04,9.22941574e-02,1.25696375e-02,2.92217001e-01,6.64004500e+00,0.00000000e+00,1.17052335e-01,4.45024073e-03,1.14711289e+02,4.36123592e+00
1.46000000e+00,-5.55899697e-04,8.25118287e-02,1.31494856e-02,2.87566549e-01,6.64004500e+00,0.00000000e+00,1.16416129e-01,4.45572910e-03,1.14087807e+02,4.36661452e+00
1.46200000e+00,-4.00985719e-04,7.22397367e-02,1.37205644e-02,2.83906920e-01,6.64004500e+00,0.00000000e+00,1.27190937e-01,7.34746159e-03,1.24647119e+02,7.20051236e+00
1.46400000e+00,-2.66854489e-04,6.20970130e-02,1.42845521e-02,2.79405759e-01,6.64004500e+00,0.00000000e+00,1.12255949e-01,3.49661118e-03,1.10010830e+02,3.42667896e+00
1.46600000e+00,-1.52204173e-04,5.25445050e-02,1.48368992e-02,2.72972328e-01,6.64004500e+00,0.00000000e+00,1.12424288e-01,4.08332957e-03,1.10175802e+02,4.00166298e+00
1.46800000e+00,-5.67235396e-05,4.29213957e-02,1.53765539e-02,2.66707594e-01,6.64004500e+00,0.00000000e+00,1.13087061e-01,4.62420963e-03,1.10825320e+02,4.53172544e+00
1.47000000e+00,1.94900570e-05,3.33112551e-02,1.59035947e-02,2.60240568e-01,6.64004500e+00,0.00000000e+00,1.11459790e-01,4.41423413e-03,1.09230594e+02,4.32594944e+00
1.47200000e+00,7.65781053e-05,2.37860469e-02,1.64171933e-02,2.53289252e-01,6.64004500e+00,0.00000000e+00,1.10597474e-01,4.34420818e-03,1.08385525e+02,4.25732402e+00
1.47400000e+00,1.14679893e-04,1.43293074e-02,1.69164910e-02,2.45947014e-01,6.64004500e+00,0.00000000e+00,1.09510170e-01,4.30993962e-03,1.07319967e+02,4.22374083e+00
1.47600000e+00,1.33944728e-04,4.94665289e-03,1.74007590e-02,2.38271244e-01,6.64004500e+00,0.00000000e+00,1.08670697e-01,4.33905080e-03,1.06497283e+02,4.25226978e+00
1.47800000e+00,1.34515584e-04,-4.36238667e-03,1.78693742e-02,2.30292770e-01,6.64004500e+00,0.00000000e+00,1.07747274e-01,4.34724814e-03,1.05592328e+02,4.26030318e+00
1.48000000e+00,1.16549266e-04,-1.35903037e-02,1.83217402e-02,2.22029579e-01,6.64004500e+00,0.00000000e+00,1.06884022e-01,4.39102093e-03,1.04746342e+02,4.30320051e+00
1.48200000e+00,7.97012580e-05,-2.34978370e-02,1.87590765e-02,2.16141995e-01,6.64004500e+00,0.00000000e+00,1.23889444e-01,9.96116037e-03,1.21411655e+02,9.76193716e+00
1.48400000e+00,2.27094493e-05,-3.31781100e-02,1.91856986e-02,2.09340344e-01,6.64004500e+00,0.00000000e+00,1.01997991e-01,3.08416492e-03,9.99580312e+01,3.02248162e+00
1.48600000e+00,-5.23838152e-05,-4.19173733e-02,1.95943382e-02,1.99389435e-01,6.64004500e+00,0.00000000e+00,1.02477887e-01,3.93873439e-03,1.00428330e+02,3.85995971e+00
1.48800000e+00,-1.44987641e-04,-5.06980299e-02,1.99836234e-02,1.89989030e-01,6.64004500e+00,0.00000000e+00,1.03685401e-01,4.79966781e-03,1.01611693e+02,4.70367445e+00
1.49000000e+00,-2.55132509e-04,-5.94135539e-02,2.03543141e-02,1.80618298e-01,6.64004500e+00,0.00000000e+00,1.01819345e-01,4.53436687e-03,9.97829581e+01,4.44367954e+00
1.49200000e+00,-3.82519796e-04,-6.79459964e-02,2.07057906e-02,1.70788671e-01,6.64004500e+00,0.00000000e+00,1.00412226e-01,4.34254075e-03,9.84039813e+01,4.25568993e+00
1.49400000e+00,-5.26810419e-04,-7.63193337e-02,2.10372571e-02,1.60641526e-01,6.64004500e+00,0.00000000e+00,9.92450831e-02,4.34554721e-03,9.72601815e+01,4.25863626e+00
1.49600000e+00,-6.87696811e-04,-8.45422003e-02,2.13482264e-02,1.50298927e-01,6.64004500e+00,0.00000000e+00,9.81758202e-02,4.38073314e-03,9.62123038e+01,4.29311847e+00
1.49800000e+00,-8.64876193e-04,-9.26105350e-02,2.16383329e-02,1.39776579e-01,6.64004500e+00,0.00000000e+00,9.70474012e-02,4.38697355e-03,9.51064531e+01,4.29923408e+00
1.50000000e+00,-1.05803163e-03,-1.00517891e-01,2.19072221e-02,1.29088386e-01,6.64004500e+00,0.00000000e+00,9.59585764e-02,4.42110479e-03,9.40394049e+01,4.33268269e+00
1.50200000e+00,-1.26749622e-03,-1.09247881e-01,2.21571123e-02,1.22038333e-01,6.64004500e+00,0.00000000e+00,1.17945683e-01,1.23838016e-02,1.15586770e+02,1.21361256e+01
1.50400000e+00,-1.49484120e-03,-1.17704992e-01,2.23948305e-02,1.14171229e-01,6.64004500e+00,0.00000000e+00,9.14018669e-02,3.04830829e-03,8.95738296e+01,2.98734212e+00
1.50600000e+00,-1.73751241e-03,-1.24956493e-01,2.26110044e-02,1.02115164e-01,6.64004500e+00,0.00000000e+00,9.17251279e-02,3.90495166e-03,8.98906253e+01,3.82685263e+00
1.50800000e+00,-1.99464516e-03,-1.32174977e-01,2.28037572e-02,9.07580719e-02,6.64004500e+00,0.00000000e+00,9.26999292e-02,4.79550028e-03,9.08459306e+01,4.69959027e+00
1.51000000e+00,-2.26615345e-03,-1.39305155e-01,2.29742799e-02,7.97657617e-02,6.64004500e+00,0.00000000e+00,9.18488354e-02,4.91871976e-03,9.00118587e+01,4.82034537e+00
1.51200000e+00,-2.55171613e-03,-1.46210870e-01,2.31226553e-02,6.85261768e-02,6.64004500e+00,0.00000000e+00,8.97575704e-02,4.49298880e-03,8.79624190e+01,4.40312902e+00
1.51400000e+00,-2.85082850e-03,-1.52863960e-01,2.32481687e-02,5.69628311e-02,6.64004500e+00,0.00000000e+00,8.83600594e-02,4.42316007e-03,8.65928583e+01,4.33469687e+00
1.51600000e+00,-3.16302488e-03,-1.59296435e-01,2.33504344e-02,4.52911382e-02,6.64004500e+00,0.00000000e+00,8.71245353e-02,4.41642093e-03,8.53820446e+01,4.32809251e+00
1.51800000e+00,-3.48787385e-03,-1.65518341e-01,2.34293177e-02,3.35960567e-02,6.64004500e+00,0.00000000e+00,8.60659181e-02,4.49153270e-03,8.43445997e+01,4.40170204e+00
1.52000000e+00,-3.82495873e-03,-1.71530979e-01,2.34848327e-02,2.19220295e-02,6.64004500e+00,0.00000000e+00,8.49615269e-02,4.54468736e-03,8.32622963e+01,4.45379362e+00
1.52200000e+00,-4.17456477e-03,-1.78394054e-01,2.35200004e-02,1.47391524e-02,6.64004500e+00,0.00000000e+00,1.08765605e-01,1.39722441e-02,1.06590292e+02,1.36927992e+01
1.52400000e+00,-4.53834861e-03,-1.84977686e-01,2.35433674e-02,6.92392774e-03,6.64004500e+00,0.00000000e+00,8.13727697e-02,3.25326484e-03,7.97453143e+01,3.18819954e+00
1.52600000e+00,-4.91361622e-03,-1.90272439e-01,2.35445529e-02,-5.60570963e-03,6.64004500e+00,0.00000000e+00,8.16896675e-02,4.08354692e-03,8.00558742e+01,4.00187599e+00
1.52800000e+00,-5.29936768e-03,-1.95461163e-01,2.35214381e-02,-1.73951581e-02,6.64004500e+00,0.00000000e+00,8.20228675e-02,4.77875971e-03,8.03824102e+01,4.68318452e+00
1.53000000e+00,-5.69536408e-03,-2.00504707e-01,2.34753011e-02,-2.86914138e-02,6.64004500e+00,0.00000000e+00,8.15091466e-02,5.05748062e-03,7.98789636e+01,4.95633101e+00
1.53200000e+00,-6.10124346e-03,-2.05333692e-01,2.34067550e-02,-3.98638283e-02,6.64004500e+00,0.00000000e+00,8.03025847e-02,4.94533597e-03,7.86965330e+01,4.84642925e+00
1.53400000e+00,-6.51652206e-03,-2.09897510e-01,2.33157778e-02,-5.11381827e-02,6.64004500e+00,0.00000000e+00,7.86841117e-02,4.71813296e-03,7.71104295e+01,4.62377030e+00
1.53600000e+00,-6.94064656e-03,-2.14180930e-01,2.32021362e-02,-6.25116120e-02,6.64004500e+00,0.00000000e+00,7.71950013e-02,4.57967135e-03,7.56511012e+01,4.48807792e+00
1.53800000e+00,-7.37307576e-03,-2.18209339e-01,2.30657748e-02,-7.38199216e-02,6.64004500e+00,0.00000000e+00,7.62386291e-02,4.66464493e-03,7.47138565e+01,4.57135204e+00
1.54000000e+00,-7.81332071e-03,-2.21992950e-01,2.29069534e-02,-8.49829207e-02,6.64004500e+00,0.00000000e+00,7.50529226e-02,4.66235455e-03,7.35518641e+01,4.56910746e+00
1.54200000e+00,-8.26161706e-03,-2.26630731e-01,2.27291675e-02,-9.11600807e-02,6.64004500e+00,0.00000000e+00,9.98402714e-02,1.48791403e-02,9.78434660e+01,1.45815575e+01
1.54400000e+00,-8.71967764e-03,-2.31019571e-01,2.25420896e-02,-9.76719584e-02,6.64004500e+00,0.00000000e+00,7.29555339e-02,3.69446975e-03,7.14964232e+01,3.62058035e+00
1.54600000e+00,-9.18483248e-03,-2.34114182e-01,2.23352546e-02,-1.09021154e-01,6.64004500e+00,0.00000000e+00,7.33820433e-02,4.43481470e-03,7.19144024e+01,4.34611841e+00
1.54800000e+00,-9.65604226e-03,-2.37070632e-01,2.21065283e-02,-1.19585507e-01,6.64004500e+00,0.00000000e+00,7.35615113e-02,5.01946420e-03,7.20902811e+01,4.91907491e+00
1.55000000e+00,-1.01329940e-02,-2.39845632e-01,2.18572832e-02,-1.29593895e-01,6.64004500e+00,0.00000000e+00,7.30240434e-02,5.24983393e-03,7.15635626e+01,5.14483725e+00
1.55200000e+00,-1.06152656e-02,-2.42381821e-01,2.15883157e-02,-1.39357872e-01,6.64004500e+00,0.00000000e+00,7.19075105e-02,5.15223522e-03,7.04693603e+01,5.04919051e+00
1.55400000e+00,-1.11023422e-02,-2.44649351e-01,2.12999162e-02,-1.49025271e-01,6.64004500e+00,0.00000000e+00,7.07128883e-02,5.04450466e-03,6.92986306e+01,4.94361457e+00
1.55600000e+00,-1.15936832e-02,-2.46647166e-01,2.09922948e-02,-1.58572425e-01,6.64004500e+00,0.00000000e+00,6.96076111e-02,4.96907570e-03,6.82154589e+01,4.86969419e+00
1.55800000e+00,-1.20887490e-02,-2.48372171e-01,2.06657174e-02,-1.67983122e-01,6.64004500e+00,0.00000000e+00,6.83721517e-02,4.86824065e-03,6.70047087e+01,4.77087584e+00
1.56000000e+00,-1.25869929e-02,-2.49828800e-01,2.03204905e-02,-1.77201451e-01,6.64004500e+00,0.00000000e+00,6.73975738e-02,4.88345429e-03,6.60496223e+01,4.78578521e+00
1.56200000e+00,-1.30885079e-02,-2.51950896e-01,1.99599719e-02,-1.81830014e-01,6.64004500e+00,0.00000000e+00,8.80087504e-02,1.39896370e-02,8.62485754e+01,1.37098443e+01
1.56400000e+00,-1.35946905e-02,-2.53914027e-01,1.95932653e-02,-1.86316075e-01,6.64004500e+00,0.00000000e+00,6.78057794e-02,4.65994200e-03,6.64496638e+01,4.56674316e+00
1.56600000e+00,-1.41034603e-02,-2.54821680e-01,1.92119740e-02,-1.94902348e-01,6.64004500e+00,0.00000000e+00,6.74944145e-02,4.84211906e-03,6.61445262e+01,4.74527668e+00
1.56800000e+00,-1.46138387e-02,-2.55521609e-01,1.88139563e-02,-2.03037961e-01,6.64004500e+00,0.00000000e+00,6.71151654e-02,5.04063309e-03,6.57728621e+01,4.93982042e+00
1.57000000e+00,-1.51254085e-02,-2.56014174e-01,1.84001469e-02,-2.10686544e-01,6.64004500e+00,0.00000000e+00,6.68228110e-02,5.27639448e-03,6.54863547e+01,5.17086659e+00
1.57200000e+00,-1.56377539e-02,-2.56294522e-01,1.79715038e-02,-2.17894720e-01,6.64004500e+00,0.00000000e+00,6.63373342e-02,5.35566935e-03,6.50105875e+01,5.24855597e+00
1.57400000e+00,-1.61504309e-02,-2.56341437e-01,1.75287794e-02,-2.24785731e-01,6.64004500e+00,0.00000000e+00,6.55528486e-02,5.31249221e-03,6.42417917e+01,5.20624236e+00
1.57600000e+00,-1.66629597e-02,-2.56148373e-01,1.70725426e-02,-2.31404130e-01,6.64004500e+00,0.00000000e+00,6.49142103e-02,5.27883672e-03,6.36159261e+01,5.17325999e+00
1.57800000e+00,-1.71748667e-02,-2.55718695e-01,1.66033517e-02,-2.37739361e-01,6.64004500e+00,0.00000000e+00,6.42042154e-02,5.23919308e-03,6.29201311e+01,5.13440922e+00
1.58000000e+00,-1.76856782e-02,-2.55054643e-01,1.61217933e-02,-2.43762412e-01,6.64004500e+00,0.00000000e+00,6.36099600e-02,5.24864348e-03,6.23377608e+01,5.14367061e+00
1.58200000e+00,-1.81954148e-02,-2.54884963e-01,1.56309122e-02,-2.45870829e-01,6.64004500e+00,0.00000000e+00,7.99190306e-02,1.27561285e-02,7.83206500e+01,1.25010060e+01
1.58400000e+00,-1.87051498e-02,-2.54612928e-01,1.51385529e-02,-2.47614665e-01,6.64004500e+00,0.00000000e+00,6.53794268e-02,5.31077909e-03,6.40718382e+01,5.20456351e+00
1.58600000e+00,-1.92133269e-02,-2.53531473e-01,1.46383306e-02,-2.52542666e-01,6.64004500e+00,0.00000000e+00,6.51577048e-02,5.35999835e-03,6.38545507e+01,5.25279838e+00
1.58800000e+00,-1.97191419e-02,-2.52249326e-01,1.41286301e-02,-2.57098902e-01,6.64004500e+00,0.00000000e+00,6.48239775e-02,5.36485298e-03,6.35274979e+01,5.25755592e+00
1.59000000e+00,-2.02221944e-02,-2.50772511e-01,1.36102133e-02,-2.61237818e-01,6.64004500e+00,0.00000000e+00,6.47212656e-02,5.49708199e-03,6.34268402e+01,5.38714035e+00
1.59200000e+00,-2.07221057e-02,-2.49106354e-01,1.30839658e-02,-2.64946330e-01,6.64004500e+00,0.00000000e+00,6.44871493e-02,5.51802725e-03,6.31974063e+01,5.40766670e+00
1.59400000e+00,-2.12184924e-02,-2.47249070e-01,1.25506911e-02,-2.68260145e-01,6.64004500e+00,0.00000000e+00,6.43147269e-02,5.56511165e-03,6.30284323e+01,5.45380942e+00
1.59600000e+00,-2.17109766e-02,-2.45203724e-01,1.20111834e-02,-2.71186705e-01,6.64004500e+00,0.00000000e+00,6.41211505e-02,5.56136942e-03,6.28387275e+01,5.45014203e+00
1.59800000e+00,-2.21991782e-02,-2.42964710e-01,1.14661767e-02,-2.73764680e-01,6.64004500e+00,0.00000000e+00,6.37835168e-02,5.51928582e-03,6.25078465e+01,5.40890011e+00
1.60000000e+00,-2.26827045e-02,-2.40529367e-01,1.09163579e-02,-2.75992906e-01,6.64004500e+00,0.00000000e+00,6.34904397e-02,5.51097406e-03,6.22206310e+01,5.40075457e+00
1.60200000e+00,-2.31615074e-02,-2.38411661e-01,1.03642021e-02,-2.75226118e-01,6.64004500e+00,0.00000000e+00,7.51236644e-02,1.10170978e-02,7.36211912e+01,1.07967558e+01
1.60400000e+00,-2.36363155e-02,-2.36240460e-01,9.81578020e-03,-2.73969036e-01,6.64004500e+00,0.00000000e+00,6.61246039e-02,5.75581378e-03,6.48021119e+01,5.64069751e+00
1.60600000e+00,-2.41061021e-02,-2.33518472e-01,9.26688423e-03,-2.74874352e-01,6.64004500e+00,0.00000000e+00,6.60992068e-02,5.69447580e-03,6.47772227e+01,5.58058628e+00
1.60800000e+00,-2.45702773e-02,-2.30628372e-01,8.71648110e-03,-2.75482237e-01,6.64004500e+00,0.00000000e+00,6.59971517e-02,5.59409948e-03,6.46772086e+01,5.48221749e+00
1.61000000e+00,-2.50285175e-02,-2.27591219e-01,8.16521753e-03,-2.75696791e-01,6.64004500e+00,0.00000000e+00,6.64160305e-02,5.73267943e-03,6.50877099e+01,5.61802584e+00
1.61200000e+00,-2.54805534e-02,-2.24420856e-01,7.61399837e-03,-2.75454745e-01,6.64004500e+00,0.00000000e+00,6.65873003e-02,5.76497644e-03,6.52555543e+01,5.64967691e+00
1.61400000e+00,-2.59261053e-02,-2.21107086e-01,7.06365567e-03,-2.74827069e-01,6.64004500e+00,0.00000000e+00,6.67155774e-02,5.75568196e-03,6.53812658e+01,5.64056832e+00
1.61600000e+00,-2.63648885e-02,-2.17653509e-01,6.51493791e-03,-2.73827712e-01,6.64004500e+00,0.00000000e+00,6.69162870e-02,5.76087095e-03,6.55779613e+01,5.64565353e+00
1.61800000e+00,-2.67966292e-02,-2.14064669e-01,5.96859165e-03,-2.72458152e-01,6.64004500e+00,0.00000000e+00,6.70938297e-02,5.75171058e-03,6.57519531e+01,5.63667637e+00
1.62000000e+00,-2.72210576e-02,-2.10341404e-01,5.42534265e-03,-2.70732617e-01,6.64004500e+00,0.00000000e+00,6.72549371e-02,5.73131068e-03,6.59098384e+01,5.61668447e+00
1.62200000e+00,-2.76380975e-02,-2.06772172e-01,4.88694540e-03,-2.67081037e-01,6.64004500e+00,0.00000000e+00,7.41124638e-02,9.02409240e-03,7.26302145e+01,8.84361056e+00
1.62400000e+00,-2.80481337e-02,-2.03184078e-01,4.35735135e-03,-2.62930118e-01,6.64004500e+00,0.00000000e+00,7.01757353e-02,6.02099537e-03,6.87722206e+01,5.90057546e+00
1.62600000e+00,-2.84506403e-02,-1.99305722e-01,3.83449708e-03,-2.59870909e-01,6.64004500e+00,0.00000000e+00,7.06313314e-02,5.98443014e-03,6.92187048e+01,5.86474153e+00
1.62800000e+00,-2.88452833e-02,-1.95317483e-01,3.31804313e-03,-2.56548595e-01,6.64004500e+00,0.00000000e+00,7.08458321e-02,5.83412127e-03,6.94289155e+01,5.71743885e+00
1.63000000e+00,-2.92318423e-02,-1.91227393e-01,2.80849160e-03,-2.52942960e-01,6.64004500e+00,0.00000000e+00,7.14235664e-02,5.84974153e-03,6.99950951e+01,5.73274670e+00
1.63200000e+00,-2.96101386e-02,-1.87055885e-01,2.30651460e-03,-2.48972407e-01,6.64004500e+00,0.00000000e+00,7.20484162e-02,5.88138011e-03,7.06074478e+01,5.76375251e+00
1.63400000e+00,-2.99800100e-02,-1.82800572e-01,1.81282314e-03,-2.44670143e-01,6.64004500e+00,0.00000000e+00,7.25019233e-02,5.83899382e-03,7.10518848e+01,5.72221394e+00
1.63600000e+00,-3.03412859e-02,-1.78462785e-01,1.32804734e-03,-2.40047945e-01,6.64004500e+00,0.00000000e+00,7.30880943e-02,5.85852076e-03,7.16263324e+01,5.74135035e+00
1.63800000e+00,-3.06938102e-02,-1.74048660e-01,8.52846573e-04,-2.35102962e-01,6.64004500e+00,0.00000000e+00,7.36137984e-02,5.83566547e-03,7.21415225e+01,5.71895216e+00
1.64000000e+00,-3.10374296e-02,-1.69558196e-01,3.87831392e-04,-2.29864169e-01,6.64004500e+00,0.00000000e+00,7.41275912e-02,5.80880060e-03,7.26450393e+01,5.69262458e+00
1.64200000e+00,-3.13720771e-02,-1.65118795e-01,-6.59257409e-05,-2.23598978e-01,6.64004500e+00,0.00000000e+00,7.75570560e-02,7.33941612e-03,7.60059149e+01,7.19262780e+00
1.64400000e+00,-3.16979122e-02,-1.60690402e-01,-5.06286176e-04,-2.16916264e-01,6.64004500e+00,0.00000000e+00,7.70626641e-02,6.05330359e-03,7.55214108e+01,5.93223752e+00
1.64600000e+00,-3.20147761e-02,-1.56168138e-01,-9.33800980e-04,-2.10548812e-01,6.64004500e+00,0.00000000e+00,7.79686145e-02,6.06436835e-03,7.64092422e+01,5.94308098e+00
1.64800000e+00,-3.23225521e-02,-1.51596987e-01,-1.34834404e-03,-2.03975304e-01,6.64004500e+00,0.00000000e+00,7.84513981e-02,5.89093491e-03,7.68823701e+01,5.77311621e+00
1.65000000e+00,-3.26211304e-02,-1.46975358e-01,-1.74957955e-03,-1.97217857e-01,6.64004500e+00,0.00000000e+00,7.92452753e-02,5.87452246e-03,7.76603698e+01,5.75703201e+00
1.65200000e+00,-3.29104295e-02,-1.42317639e-01,-2.13706271e-03,-1.90231296e-01,6.64004500e+00,0.00000000e+00,7.99886889e-02,5.81545921e-03,7.83889151e+01,5.69915002e+00
1.65400000e+00,-3.31903809e-02,-1.37629819e-01,-2.51035544e-03,-1.83020816e-01,6.64004500e+00,0.00000000e+00,8.08463366e-02,5.80832770e-03,7.92294099e+01,5.69216114e+00
1.65600000e+00,-3.34609348e-02,-1.32921020e-01,-2.86898080e-03,-1.75562613e-01,6.64004500e+00,0.00000000e+00,8.17262693e-02,5.82008150e-03,8.00917439e+01,5.70367987e+00
1.65800000e+00,-3.37220550e-02,-1.28197281e-01,-3.21244221e-03,-1.67858922e-01,6.64004500e+00,0.00000000e+00,8.26480803e-02,5.82981830e-03,8.09951187e+01,5.71322193e+00
1.66000000e+00,-3.39737144e-02,-1.23459221e-01,-3.54027717e-03,-1.59946267e-01,6.64004500e+00,0.00000000e+00,8.34653253e-02,5.78714531e-03,8.17960188e+01,5.67140241e+00
1.66200000e+00,-3.42158984e-02,-1.18730935e-01,-3.85200402e-03,-1.51698768e-01,6.64004500e+00,0.00000000e+00,8.48728244e-02,6.08399997e-03,8.31753679e+01,5.96231997e+00
1.66400000e+00,-3.44486659e-02,-1.14044296e-01,-4.14687474e-03,-1.43155048e-01,6.64004500e+00,0.00000000e+00,8.63577970e-02,5.98418927e-03,8.46306411e+01,5.86450548e+00
1.66600000e+00,-3.46720949e-02,-1.09386560e-01,-4.42453347e-03,-1.34475221e-01,6.64004500e+00,0.00000000e+00,8.73911189e-02,5.96950131e-03,8.56432965e+01,5.85011128e+00
1.66800000e+00,-3.48862131e-02,-1.04730272e-01,-4.68471280e-03,-1.25701155e-01,6.64004500e+00,0.00000000e+00,8.81585697e-02,5.80673364e-03,8.63953983e+01,5.69059897e+00
1.67000000e+00,-3.50910219e-02,-1.00082941e-01,-4.92728219e-03,-1.16843262e-01,6.64004500e+00,0.00000000e+00,8.92912880e-02,5.79531965e-03,8.75054623e+01,5.67941326e+00
1.67200000e+00,-3.52865604e-02,-9.54590206e-02,-5.15199897e-03,-1.07855062e-01,6.64004500e+00,0.00000000e+00,9.03207547e-02,5.75556397e-03,8.85143396e+01,5.64045269e+00
1.67400000e+00,-3.54728722e-02,-9.08564086e-02,-5.35863507e-03,-9.87658107e-02,6.64004500e+00,0.00000000e+00,9.13289152e-02,5.70852934e-03,8.95023369e+01,5.59435876e+00
1.67600000e+00,-3.56500068e-02,-8.62848620e-02,-5.54698883e-03,-8.95665095e-02,6.64004500e+00,0.00000000e+00,9.25113530e-02,5.71373516e-03,9.06611259e+01,5.59946046e+00
1.67800000e+00,-3.58180373e-02,-8.17518310e-02,-5.71683164e-03,-8.02630227e-02,6.64004500e+00,0.00000000e+00,9.36191273e-02,5.68079049e-03,9.17467447e+01,5.56717468e+00
1.68000000e+00,-3.59770458e-02,-7.72662991e-02,-5.86795769e-03,-7.08347078e-02,6.64004500e+00,0.00000000e+00,9.49376584e-02,5.75601843e-03,9.30389053e+01,5.64089806e+00
1.68200000e+00,-3.61271043e-02,-7.27834078e-02,-6.00030257e-03,-6.16045050e-02,6.64004500e+00,0.00000000e+00,9.49240586e-02,5.07208294e-03,9.30255774e+01,4.97064128e+00
1.68400000e+00,-3.62682197e-02,-6.83608744e-02,-6.11429786e-03,-5.22575603e-02,6.64004500e+00,0.00000000e+00,9.75181954e-02,5.83444852e-03,9.55678315e+01,5.71775955e+00
1.68600000e+00,-3.64006400e-02,-6.40767249e-02,-6.20900894e-03,-4.24248488e-02,6.64004500e+00,0.00000000e+00,9.92562603e-02,5.95240517e-03,9.72711351e+01,5.83335706e+00
1.68800000e+00,-3.65245975e-02,-5.98989884e-02,-6.28390364e-03,-3.24517323e-02,6.64004500e+00,0.00000000e+00,1.01033812e-01,6.01810302e-03,9.90131353e+01,5.89774096e+00
1.69000000e+00,-3.66403014e-02,-5.58193043e-02,-6.33878750e-03,-2.24360582e-02,6.64004500e+00,0.00000000e+00,1.02508715e-01,5.95923844e-03,1.00458541e+02,5.84005367e+00
1.69200000e+00,-3.67479306e-02,-5.18234333e-02,-6.37367831e-03,-1.24660310e-02,6.64004500e+00,0.00000000e+00,1.03887273e-01,5.86837215e-03,1.01809527e+02,5.75100471e+00
1.69400000e+00,-3.68476610e-02,-4.79263673e-02,-6.38866830e-03,-2.52101997e-03,6.64004500e+00,0.00000000e+00,1.05647636e-01,5.88125727e-03,1.03534683e+02,5.76363213e+00
1.69600000e+00,-3.69396726e-02,-4.40841058e-02,-6.38391462e-03,7.19567952e-03,6.64004500e+00,0.00000000e+00,1.05934704e-01,5.39193856e-03,1.03816009e+02,5.28409979e+00
1.69800000e+00,-3.70240264e-02,-4.02853793e-02,-6.36003455e-03,1.66889431e-02,6.64004500e+00,0.00000000e+00,1.07369105e-01,5.44250642e-03,1.05221723e+02,5.33365630e+00
1.70000000e+00,-3.71008921e-02,-3.66036499e-02,-6.31708887e-03,2.62871537e-02,6.64004500e+00,0.00000000e+00,1.09311213e-01,5.66966830e-03,1.07124988e+02,5.55627493e+00
1.70200000e+00,-3.71704143e-02,-3.28817959e-02,-6.25540789e-03,3.51025491e-02,6.64004500e+00,0.00000000e+00,1.07014069e-01,3.88377486e-03,1.04873787e+02,3.80609937e+00
1.70400000e+00,-3.72324677e-02,-2.92324727e-02,-6.17662041e-03,4.40052515e-02,6.64004500e+00,0.00000000e+00,1.11527767e-01,5.96197619e-03,1.09297212e+02,5.84273667e+00
1.70600000e+00,-3.72875204e-02,-2.58474638e-02,-6.07873140e-03,5.38911145e-02,6.64004500e+00,0.00000000e+00,1.13653729e-01,6.08323994e-03,1.11380654e+02,5.96157514e+00
1.70800000e+00,-3.73359065e-02,-2.25358807e-02,-5.96119513e-03,6.35682457e-02,6.64004500e+00,0.00000000e+00,1.13652027e-01,5.68777552e-03,1.11378986e+02,5.57402001e+00
1.71000000e+00,-3.73777045e-02,-1.92851339e-02,-5.82461610e-03,7.30088722e-02,6.64004500e+00,0.00000000e+00,1.15429885e-01,5.77807503e-03,1.13121288e+02,5.66251353e+00
1.71200000e+00,-3.74131240e-02,-1.61498390e-02,-5.66919217e-03,8.24007084e-02,6.64004500e+00,0.00000000e+00,1.16651829e-01,5.80355943e-03,1.14318792e+02,5.68748824e+00
1.71400000e+00,-3.74423691e-02,-1.31124429e-02,-5.49509357e-03,9.16720996e-02,6.64004500e+00,0.00000000e+00,1.17968723e-01,5.77017858e-03,1.15609348e+02,5.65477500e+00
1.71600000e+00,-3.74656431e-02,-1.01790536e-02,-5.30259625e-03,1.00804801e-01,6.64004500e+00,0.00000000e+00,1.19284228e-01,5.78371015e-03,1.16898544e+02,5.66803594e+00
1.71800000e+00,-3.74831552e-02,-7.35043869e-03,-5.09196757e-03,1.09797711e-01,6.64004500e+00,0.00000000e+00,1.20571596e-01,5.77397057e-03,1.18160164e+02,5.65849116e+00
1.72000000e+00,-3.74951175e-02,-4.63081181e-03,-4.86350712e-03,1.18638062e-01,6.64004500e+00,0.00000000e+00,1.21939818e-01,5.78624549e-03,1.19501022e+02,5.67052058e+00
1.72200000e+00,-3.75015758e-02,-1.75723089e-03,-4.61845728e-03,1.25915714e-01,6.64004500e+00,0.00000000e+00,1.17038261e-01,2.84075912e-03,1.14697496e+02,2.78394394e+00
1.72400000e+00,-3.75021665e-02,1.08627896e-03,-4.35994443e-03,1.33043018e-01,6.64004500e+00,0.00000000e+00,1.22659255e-01,5.83724269e-03,1.20206070e+02,5.72049784e+00
1.72600000e+00,-3.74974518e-02,3.59808949e-03,-4.08540407e-03,1.41491937e-01,6.64004500e+00,0.00000000e+00,1.24761083e-01,6.00358114e-03,1.22265861e+02,5.88350952e+00
1.72800000e+00,-3.74878195e-02,6.04179641e-03,-3.79423942e-03,1.49546814e-01,6.64004500e+00,0.00000000e+00,1.24181968e-01,5.42275826e-03,1.21698329e+02,5.31430309e+00
1.73000000e+00,-3.74733129e-02,8.44309392e-03,-3.48752611e-03,1.57137775e-01,6.64004500e+00,0.00000000e+00,1.25643547e-01,5.46487099e-03,1.23130676e+02,5.35557357e+00
1.73200000e+00,-3.74541313e-02,1.07182163e-02,-3.16576202e-03,1.64618197e-01,6.64004500e+00,0.00000000e+00,1.26983131e-01,5.64734450e-03,1.24443468e+02,5.53439761e+00
1.73400000e+00,-3.74305096e-02,1.28890151e-02,-2.82917718e-03,1.71912857e-01,6.64004500e+00,0.00000000e+00,1.27897402e-01,5.55279302e-03,1.25339454e+02,5.44173716e+00
1.73600000e+00,-3.74026404e-02,1.49620194e-02,-2.47829189e-03,1.78935588e-01,6.64004500e+00,0.00000000e+00,1.29049361e-01,5.57494638e-03,1.26468374e+02,5.46344746e+00
1.73800000e+00,-3.73707314e-02,1.69301002e-02,-2.11359826e-03,1.85713203e-01,6.64004500e+00,0.00000000e+00,1.30096804e-01,5.55650244e-03,1.27494868e+02,5.44537239e+00
1.74000000e+00,-3.73349915e-02,1.87909940e-02,-1.73560764e-03,1.92238001e-01,6.64004500e+00,0.00000000e+00,1.31269956e-01,5.58159009e-03,1.28644557e+02,5.46995829e+00
1.74200000e+00,-3.72953804e-02,2.09325391e-02,-1.34608272e-03,1.96608419e-01,6.64004500e+00,0.00000000e+00,1.23223654e-01,1.58885813e-03,1.20759181e+02,1.55708097e+00
1.74400000e+00,-3.72512577e-02,2.30795073e-02,-9.49361010e-04,2.00698149e-01,6.64004500e+00,0.00000000e+00,1.30792262e-01,5.55774141e-03,1.28176417e+02,5.44658658e+00
1.74600000e+00,-3.72033436e-02,2.48046060e-02,-5.42159780e-04,2.06483282e-01,6.64004500e+00,0.00000000e+00,1.32697655e-01,5.72685597e-03,1.30043701e+02,5.61231885e+00
1.74800000e+00,-3.71520740e-02,2.64776422e-02,-1.23764061e-04,2.11764221e-01,6.64004500e+00,0.00000000e+00,1.31597073e-01,5.09493293e-03,1.28965131e+02,4.99303427e+00
1.75000000e+00,-3.70974478e-02,2.81285414e-02,3.04523088e-04,2.16484185e-01,6.64004500e+00,0.00000000e+00,1.32775829e-01,5.15926369e-03,1.30120312e+02,5.05607841e+00
1.75200000e+00,-3.70396393e-02,2.96603049e-02,7.42061145e-04,2.21036862e-01,6.64004500e+00,0.00000000e+00,1.33915384e-01,5.36698520e-03,1.31237076e+02,5.25964549e+00
1.75400000e+00,-3.69788741e-02,3.10908230e-02,1.18850983e-03,2.25348508e-01,6.64004500e+00,0.00000000e+00,1.34651521e-01,5.28933903e-03,1.31958490e+02,5.18355225e+00
1.75600000e+00,-3.69153333e-02,3.24353959e-02,1.64322396e-03,2.29313363e-01,6.64004500e+00,0.00000000e+00,1.35410541e-01,5.28702157e-03,1.32702330e+02,5.18128114e+00
1.75800000e+00,-3.68491892e-02,3.36948343e-02,2.10554341e-03,2.32948457e-01,6.64004500e+00,0.00000000e+00,1.36106136e-01,5.25612038e-03,1.33384013e+02,5.15099797e+00
1.76000000e+00,-3.67806125e-02,3.48664257e-02,2.57480375e-03,2.36262536e-01,6.64004500e+00,0.00000000e+00,1.36908326e-01,5.28220828e-03,1.34170160e+02,5.17656412e+00
1.76200000e+00,-3.67095169e-02,3.63479086e-02,3.04906352e-03,2.37281902e-01,6.64004500e+00,0.00000000e+00,1.28289982e-01,1.11632151e-03,1.25724183e+02,1.09399508e+00
1.76400000e+00,-3.66351933e-02,3.78707187e-02,3.52370993e-03,2.37969000e-01,6.64004500e+00,0.00000000e+00,1.35342540e-01,5.26280849e-03,1.32635689e+02,5.15755232e+00
1.76600000e+00,-3.65583003e-02,3.89940988e-02,4.00210118e-03,2.40398466e-01,6.64004500e+00,0.00000000e+00,1.37000606e-01,5.45596966e-03,1.34260594e+02,5.34685027e+00
1.76800000e+00,-3.64792335e-02,4.00926838e-02,4.48491861e-03,2.42250239e-01,6.64004500e+00,0.00000000e+00,1.35280895e-01,4.73914655e-03,1.32575277e+02,4.64436362e+00
1.77000000e+00,-3.63979278e-02,4.11940174e-02,4.97069075e-03,2.43484988e-01,6.64004500e+00,0.00000000e+00,1.36277230e-01,4.85427355e-03,1.33551685e+02,4.75718808e+00
1.77200000e+00,-3.63145263e-02,4.21919834e-02,5.45874577e-03,2.44550568e-01,6.64004500e+00,0.00000000e+00,1.37019629e-01,5.08084196e-03,1.34279237e+02,4.97922512e+00
1.77400000e+00,-3.62292087e-02,4.31166770e-02,5.94870083e-03,2.45327888e-01,6.64004500e+00,0.00000000e+00,1.37296752e-01,4.94880066e-03,1.34550816e+02,4.84982465e+00
1.77600000e+00,-3.61421005e-02,4.39799881e-02,6.43980199e-03,2.45722249e-01,6.64004500e+00,0.00000000e+00,1.37746462e-01,4.97840224e-03,1.34991533e+02,4.87883419e+00
1.77800000e+00,-3.60533293e-02,4.47825092e-02,6.93136901e-03,2.45785427e-01,6.64004500e+00,0.00000000e+00,1.37995899e-01,4.95583615e-03,1.35235981e+02,4.85671943e+00
1.78000000e+00,-3.59630103e-02,4.55253117e-02,7.42272573e-03,2.45521689e-01,6.64004500e+00,0.00000000e+00,1.38407706e-01,4.99422916e-03,1.35639552e+02,4.89434458e+00
1.78200000e+00,-3.58709953e-02,4.66172172e-02,7.91192391e-03,2.42960509e-01,6.64004500e+00,0.00000000e+00,1.29091082e-01,8.33112000e-04,1.26509261e+02,8.16449760e-01
1.78400000e+00,-3.57764947e-02,4.77792135e-02,8.39433864e-03,2.40055515e-01,6.64004500e+00,0.00000000e+00,1.36003604e-01,4.96315568e-03,1.33283531e+02,4.86389256e+00
1.78600000e+00,-3.56801360e-02,4.85548926e-02,8.87330591e-03,2.38890311e-01,6.64004500e+00,0.00000000e+00,1.37334955e-01,5.16964286e-03,1.34588256e+02,5.06625000e+00
1.78800000e+00,-3.55822718e-02,4.93355084e-02,9.34951928e-03,2.37154277e-01,6.64004500e+00,0.00000000e+00,1.35092435e-01,4.44592467e-03,1.32390587e+02,4.35700618e+00
1.79000000e+00,-3.54827706e-02,5.01510814e-02,9.82151400e-03,2.34804767e-01,6.64004500e+00,0.00000000e+00,1.35709231e-01,4.55717901e-03,1.32995047e+02,4.46603543e+00
1.79200000e+00,-3.53817173e-02,5.08919391e-02,1.02886351e-02,2.32300445e-01,6.64004500e+00,0.00000000e+00,1.36016474e-01,4.78930586e-03,1.33296144e+02,4.69351975e+00
1.79400000e+00,-3.52792355e-02,5.15838469e-02,1.07505564e-02,2.29557144e-01,6.64004500e+00,0.00000000e+00,1.36019325e-01,4.71654133e-03,1.33298939e+02,4.62221050e+00
1.79600000e+00,-3.51754025e-02,5.22449782e-02,1.12066266e-02,2.26458194e-01,6.64004500e+00,0.00000000e+00,1.35890735e-01,4.69557209e-03,1.33172920e+02,4.60166065e+00
1.79800000e+00,-3.50702751e-02,5.28768808e-02,1.16561777e-02,2.23041986e-01,6.64004500e+00,0.00000000e+00,1.35846743e-01,4.69420465e-03,1.33129808e+02,4.60032056e+00
1.80000000e+00,-3.49639194e-02,5.34720427e-02,1.20986045e-02,2.19340731e-01,6.64004500e+00,0.00000000e+00,1.35883515e-01,4.73078813e-03,1.33165845e+02,4.63617237e+00
1.80200000e+00,-3.48561767e-02,5.43825217e-02,1.25322254e-02,2.13666902e-01,6.64004500e+00,0.00000000e+00,1.27602346e-01,1.17529417e-03,1.25050299e+02,1.15178828e+00
1.80400000e+00,-3.47463253e-02,5.53890817e-02,1.29530775e-02,2.07701148e-01,6.64004500e+00,0.00000000e+00,1.32746045e-01,4.72189945e-03,1.30091124e+02,4.62746146e+00
1.80600000e+00,-3.46348214e-02,5.60941294e-02,1.33640455e-02,2.03258564e-01,6.64004500e+00,0.00000000e+00,1.33740615e-01,4.96133681e-03,1.31065803e+02,4.86211007e+00
1.80800000e+00,-3.45219301e-02,5.68271759e-02,1.37657773e-02,1.98314314e-01,6.64004500e+00,0.00000000e+00,1.31173094e-01,4.24475935e-03,1.28549632e+02,4.15986416e+00
1.81000000e+00,-3.44074715e-02,5.76219348e-02,1.41569370e-02,1.92821586e-01,6.64004500e+00,0.00000000e+00,1.31367490e-01,4.37110991e-03,1.28740140e+02,4.28368771e+00
1.81200000e+00,-3.42914721e-02,5.83720593e-02,1.45370004e-02,1.87234017e-01,6.64004500e+00,0.00000000e+00,1.31272228e-01,4.59091504e-03,1.28646783e+02,4.49909673e+00
1.81400000e+00,-3.41739912e-02,5.91103564e-02,1.49057443e-02,1.81453215e-01,6.64004500e+00,0.00000000e+00,1.30687847e-01,4.49462770e-03,1.28074090e+02,4.40473515e+00
1.81600000e+00,-3.40550309e-02,5.98483718e-02,1.52626317e-02,1.75400043e-01,6.64004500e+00,0.00000000e+00,1.30310722e-01,4.53150299e-03,1.27704507e+02,4.44087293e+00
1.81800000e+00,-3.39346031e-02,6.05782495e-02,1.56071959e-02,1.69124077e-01,6.64004500e+00,0.00000000e+00,1.29897907e-01,4.52176507e-03,1.27299949e+02,4.43132977e+00
1.82000000e+00,-3.38127230e-02,6.13004585e-02,1.59389886e-02,1.62639075e-01,6.64004500e+00,0.00000000e+00,1.29497930e-01,4.56935890e-03,1.26907971e+02,4.47797172e+00
1.82200000e+00,-3.36892219e-02,6.22917394e-02,1.62567367e-02,1.54631104e-01,6.64004500e+00,0.00000000e+00,1.22605913e-01,1.78205239e-03,1.20153795e+02,1.74641134e+00
1.82400000e+00,-3.35634812e-02,6.33952966e-02,1.65573498e-02,1.46378174e-01,6.64004500e+00,0.00000000e+00,1.25852600e-01,4.48816546e-03,1.23335548e+02,4.39840216e+00
1.82600000e+00,-3.34357858e-02,6.42812489e-02,1.68430889e-02,1.39384404e-01,6.64004500e+00,0.00000000e+00,1.26652042e-01,4.83609488e-03,1.24119002e+02,4.73937298e+00
1.82800000e+00,-3.33063270e-02,6.52110579e-02,1.71146516e-02,1.32037094e-01,6.64004500e+00,0.00000000e+00,1.23774638e-01,4.13697188e-03,1.21299146e+02,4.05423245e+00
1.83000000e+00,-3.31748864e-02,6.62236011e-02,1.73709384e-02,1.24241508e-01,6.64004500e+00,0.00000000e+00,1.23649936e-01,4.26446564e-03,1.21176937e+02,4.17917633e+00
1.83200000e+00,-3.30414440e-02,6.72189427e-02,1.76116094e-02,1.16433477e-01,6.64004500e+00,0.00000000e+00,1.23091330e-01,4.45785437e-03,1.20629504e+02,4.36869729e+00
1.83400000e+00,-3.29059998e-02,6.82304811e-02,1.78366051e-02,1.08524644e-01,6.64004500e+00,0.00000000e+00,1.22169902e-01,4.37751724e-03,1.19726504e+02,4.28996690e+00
1.83600000e+00,-3.27685066e-02,6.92652811e-02,1.80455934e-02,1.00443925e-01,6.64004500e+00,0.00000000e+00,1.21429587e-01,4.39890881e-03,1.19000995e+02,4.31093064e+00
1.83800000e+00,-3.26289270e-02,7.03177045e-02,1.82383017e-02,9.22444785e-02,6.64004500e+00,0.00000000e+00,1.20622945e-01,4.40694571e-03,1.18210486e+02,4.31880680e+00
1.84000000e+00,-3.24872254e-02,7.13857222e-02,1.84145031e-02,8.39428449e-02,6.64004500e+00,0.00000000e+00,1.19912796e-01,4.43951673e-03,1.17514540e+02,4.35072640e+00
1.84200000e+00,-3.23432633e-02,7.26348836e-02,1.85734633e-02,7.47267570e-02,6.64004500e+00,0.00000000e+00,1.15219756e-01,2.71823379e-03,1.12915360e+02,2.66386911e+00
1.84400000e+00,-3.21966204e-02,7.39821840e-02,1.87133580e-02,6.54324169e-02,6.64004500e+00,0.00000000e+00,1.16428066e-01,4.47901634e-03,1.14099505e+02,4.38943602e+00
1.84600000e+00,-3.20474165e-02,7.52065657e-02,1.88357989e-02,5.70469136e-02,6.64004500e+00,0.00000000e+00,1.16879110e-01,4.80423739e-03,1.14541528e+02,4.70815264e+00
1.84800000e+00,-3.18957595e-02,7.64828790e-02,1.89413996e-02,4.84422581e-02,6.64004500e+00,0.00000000e+00,1.13981621e-01,4.17334033e-03,1.11701988e+02,4.08987353e+00
1.85000000e+00,-3.17414216e-02,7.78542589e-02,1.90293574e-02,3.95218506e-02,6.64004500e+00,0.00000000e+00,1.13403356e-01,4.27077120e-03,1.11135289e+02,4.18535577e+00
1.85200000e+00,-3.15843406e-02,7.92285218e-02,1.90995420e-02,3.06840140e-02,6.64004500e+00,0.00000000e+00,1.12637562e-01,4.45053622e-03,1.10384810e+02,4.36152550e+00
1.85400000e+00,-3.14244927e-02,8.06249805e-02,1.91521167e-02,2.18809502e-02,6.64004500e+00,0.00000000e+00,1.11585495e-01,4.42245521e-03,1.09353785e+02,4.33400611e+00
1.85600000e+00,-3.12618190e-02,8.20539427e-02,1.91870383e-02,1.30365932e-02,6.64004500e+00,0.00000000e+00,1.10555903e-01,4.41735826e-03,1.08344785e+02,4.32901110e+00
1.85800000e+00,-3.10962529e-02,8.35189817e-02,1.92042455e-02,4.16597157e-03,6.64004500e+00,0.00000000e+00,1.09396869e-01,4.39552596e-03,1.07208932e+02,4.30761544e+00
1.86000000e+00,-3.09277221e-02,8.50154807e-02,1.92037072e-02,-4.69714536e-03,6.64004500e+00,0.00000000e+00,1.08451098e-01,4.43596218e-03,1.06282076e+02,4.34724293e+00
1.86200000e+00,-3.07561167e-02,8.66234203e-02,1.91851775e-02,-1.39794130e-02,6.64004500e+00,0.00000000e+00,1.05398361e-01,3.49298586e-03,1.03290393e+02,3.42312614e+00
1.86400000e+00,-3.05811752e-02,8.83112021e-02,1.91478162e-02,-2.32216366e-02,6.64004500e+00,0.00000000e+00,1.05164223e-01,4.47047908e-03,1.03060939e+02,4.38106950e+00
1.86600000e+00,-3.04029103e-02,8.99413444e-02,1.90927185e-02,-3.18225144e-02,6.64004500e+00,0.00000000e+00,1.05296722e-01,4.76399291e-03,1.03190788e+02,4.66871306e+00
1.86800000e+00,-3.02213813e-02,9.16141394e-02,1.90205089e-02,-4.04493247e-02,6.64004500e+00,0.00000000e+00,1.02692393e-01,4.31638615e-03,1.00638545e+02,4.23005842e+00
1.87000000e+00,-3.00363983e-02,9.33701052e-02,1.89308285e-02,-4.92152833e-02,6.64004500e+00,0.00000000e+00,1.01850339e-01,4.34738963e-03,9.98133324e+01,4.26044184e+00
1.87200000e+00,-2.98478909e-02,9.51410906e-02,1.88237408e-02,-5.78416750e-02,6.64004500e+00,0.00000000e+00,1.00809801e-01,4.45988868e-03,9.87936053e+01,4.37069091e+00
1.87400000e+00,-2.96558175e-02,9.69366860e-02,1.86995574e-02,-6.63246889e-02,6.64004500e+00,0.00000000e+00,9.97146333e-02,4.47440415e-03,9.77203406e+01,4.38491606e+00
1.87600000e+00,-2.94601205e-02,9.87678078e-02,1.85584967e-02,-7.47257081e-02,6.64004500e+00,0.00000000e+00,9.83895597e-02,4.43391364e-03,9.64217685e+01,4.34523537e+00
1.87800000e+00,-2.92607226e-02,1.00634462e-01,1.84007233e-02,-8.30236316e-02,6.64004500e+00,0.00000000e+00,9.72641937e-02,4.46880837e-03,9.53189099e+01,4.37943220e+00
1.88000000e+00,-2.90575644e-02,1.02528503e-01,1.82264979e-02,-9.11780628e-02,6.64004500e+00,0.00000000e+00,9.60988854e-02,4.48954876e-03,9.41769077e+01,4.39975778e+00
1.88200000e+00,-2.88505591e-02,1.04496699e-01,1.80359736e-02,-9.93885465e-02,6.64004500e+00,0.00000000e+00,9.38495052e-02,4.08231059e-03,9.19725151e+01,4.00066437e+00
1.88400000e+00,-2.86395607e-02,1.06490254e-01,1.78290966e-02,-1.07369719e-01,6.64004500e+00,0.00000000e+00,9.37920673e-02,4.67863986e-03,9.19162259e+01,4.58506706e+00
1.88600000e+00,-2.84246329e-02,1.08431619e-01,1.76068326e-02,-1.14844135e-01,6.64004500e+00,0.00000000e+00,9.33224611e-02,4.83154677e-03,9.14560119e+01,4.73491584e+00
1.88800000e+00,-2.82058135e-02,1.10403990e-01,1.73697864e-02,-1.22218983e-01,6.64004500e+00,0.00000000e+00,9.12892507e-02,4.55199593e-03,8.94634657e+01,4.46095601e+00
1.89000000e+00,-2.79829770e-02,1.12436363e-01,1.71179698e-02,-1.29574145e-01,6.64004500e+00,0.00000000e+00,9.01095790e-02,4.51614417e-03,8.83073874e+01,4.42582128e+00
1.89200000e+00,-2.77560547e-02,1.14488792e-01,1.68516115e-02,-1.36746914e-01,6.64004500e+00,0.00000000e+00,8.89765451e-02,4.55726987e-03,8.71970142e+01,4.46612447e+00
1.89400000e+00,-2.75250139e-02,1.16553118e-01,1.65711469e-02,-1.43672639e-01,6.64004500e+00,0.00000000e+00,8.79539567e-02,4.63686904e-03,8.61948775e+01,4.54413166e+00
1.89600000e+00,-2.72898332e-02,1.18630998e-01,1.62770793e-02,-1.50360863e-01,6.64004500e+00,0.00000000e+00,8.67484220e-02,4.63843384e-03,8.50134535e+01,4.54566516e+00
1.89800000e+00,-2.70504776e-02,1.20727268e-01,1.59698472e-02,-1.56833424e-01,6.64004500e+00,0.00000000e+00,8.55788774e-02,4.65330004e-03,8.38672998e+01,4.56023404e+00
1.90000000e+00,-2.68069119e-02,1.22841906e-01,1.56498959e-02,-1.63080507e-01,6.64004500e+00,0.00000000e+00,8.43395219e-02,4.65720502e-03,8.26527315e+01,4.56406092e+00
1.90200000e+00,-2.65590959e-02,1.24977700e-01,1.53176787e-02,-1.69097452e-01,6.64004500e+00,0.00000000e+00,8.30702317e-02,4.66423362e-03,8.14088270e+01,4.57094894e+00
1.90400000e+00,-2.63070342e-02,1.27063754e-01,1.49737877e-02,-1.74692103e-01,6.64004500e+00,0.00000000e+00,8.34527744e-02,5.05465478e-03,8.17837189e+01,4.95356168e+00
1.90600000e+00,-2.60508749e-02,1.29098729e-01,1.46191527e-02,-1.79923140e-01,6.64004500e+00,0.00000000e+00,8.21810117e-02,4.92298085e-03,8.05373915e+01,4.82452124e+00
1.90800000e+00,-2.57906130e-02,1.31173134e-01,1.42541340e-02,-1.85095784e-01,6.64004500e+00,0.00000000e+00,8.04152254e-02,4.65787788e-03,7.88069209e+01,4.56472032e+00
1.91000000e+00,-2.55261705e-02,1.33265398e-01,1.38788951e-02,-1.90080039e-01,6.64004500e+00,0.00000000e+00,7.96135455e-02,4.78441380e-03,7.80212746e+01,4.68872552e+00
1.91200000e+00,-2.52575658e-02,1.35336173e-01,1.34940447e-02,-1.94718013e-01,6.64004500e+00,0.00000000e+00,7.87331463e-02,4.83685254e-03,7.71584833e+01,4.74011549e+00
1.91400000e+00,-2.49848326e-02,1.37396664e-01,1.31002146e-02,-1.99068689e-01,6.64004500e+00,0.00000000e+00,7.76358508e-02,4.82663000e-03,7.60831338e+01,4.73009740e+00
1.91600000e+00,-2.47079821e-02,1.39452644e-01,1.26979507e-02,-2.03148292e-01,6.64004500e+00,0.00000000e+00,7.65869662e-02,4.83285711e-03,7.50552269e+01,4.73619997e+00
1.91800000e+00,-2.44270269e-02,1.41501442e-01,1.22878142e-02,-2.06938785e-01,6.64004500e+00,0.00000000e+00,7.55185339e-02,4.84912852e-03,7.40081632e+01,4.75214595e+00
1.92000000e+00,-2.41419836e-02,1.43539398e-01,1.18703987e-02,-2.10424621e-01,6.64004500e+00,0.00000000e+00,7.45217397e-02,4.87747098e-03,7.30313049e+01,4.77992157e+00
1.92200000e+00,-2.38528868e-02,1.45551040e-01,1.14463712e-02,-2.13527347e-01,6.64004500e+00,0.00000000e+00,7.37817095e-02,5.04882009e-03,7.23060753e+01,4.94784368e+00
1.92400000e+00,-2.35598620e-02,1.47438858e-01,1.10166668e-02,-2.16063893e-01,6.64004500e+00,0.00000000e+00,7.50309653e-02,5.45310234e-03,7.35303459e+01,5.34404029e+00
1.92600000e+00,-2.32631824e-02,1.49250097e-01,1.05823056e-02,-2.18315461e-01,6.64004500e+00,0.00000000e+00,7.31566547e-02,5.02738320e-03,7.16935216e+01,4.92683554e+00
1.92800000e+00,-2.29628541e-02,1.51072575e-01,1.01434593e-02,-2.20485564e-01,6.64004500e+00,0.00000000e+00,7.23241253e-02,4.99807938e-03,7.08776428e+01,4.89811779e+00
1.93000000e+00,-2.26589188e-02,1.52855106e-01,9.70057617e-03,-2.22336502e-01,6.64004500e+00,0.00000000e+00,7.16163295e-02,5.06540206e-03,7.01840029e+01,4.96409402e+00
1.93200000e+00,-2.23514620e-02,1.54595173e-01,9.25433987e-03,-2.23847613e-01,6.64004500e+00,0.00000000e+00,7.08136689e-02,5.07453383e-03,6.93973956e+01,4.97304315e+00
1.93400000e+00,-2.20405646e-02,1.56295457e-01,8.80538814e-03,-2.25055114e-01,6.64004500e+00,0.00000000e+00,7.00149621e-02,5.06183243e-03,6.86146629e+01,4.96059579e+00
1.93600000e+00,-2.17263079e-02,1.57954067e-01,8.35433087e-03,-2.25945471e-01,6.64004500e+00,0.00000000e+00,6.92289476e-02,5.09623914e-03,6.78443686e+01,4.99431436e+00
1.93800000e+00,-2.14087783e-02,1.59567697e-01,7.90182777e-03,-2.26503599e-01,6.64004500e+00,0.00000000e+00,6.84805375e-02,5.11299776e-03,6.71109267e+01,5.01073780e+00
1.94000000e+00,-2.10880705e-02,1.61131274e-01,7.44853429e-03,-2.26735039e-01,6.64004500e+00,0.00000000e+00,6.77869727e-02,5.13451189e-03,6.64312332e+01,5.03182165e+00
1.94200000e+00,-2.07643002e-02,1.62624332e-01,6.99519145e-03,-2.26510781e-01,6.64004500e+00,0.00000000e+00,6.74915142e-02,5.42182563e-03,6.61416839e+01,5.31338912e+00
1.94400000e+00,-2.04376960e-02,1.63933228e-01,6.54289368e-03,-2.25682827e-01,6.64004500e+00,0.00000000e+00,6.94297103e-02,5.75523527e-03,6.80411161e+01,5.64013056e+00
1.94600000e+00,-2.01086388e-02,1.65134939e-01,6.09258739e-03,-2.24664004e-01,6.64004500e+00,0.00000000e+00,6.73148289e-02,5.17873272e-03,6.59685323e+01,5.07515807e+00
1.94800000e+00,-1.97771701e-02,1.66315879e-01,5.64428923e-03,-2.23567854e-01,6.64004500e+00,0.00000000e+00,6.72140927e-02,5.27669848e-03,6.58698108e+01,5.17116452e+00
1.95000000e+00,-1.94434358e-02,1.67406035e-01,5.19855637e-03,-2.22111155e-01,6.64004500e+00,0.00000000e+00,6.67163533e-02,5.29819139e-03,6.53820263e+01,5.19222756e+00
1.95200000e+00,-1.91076008e-02,1.68413952e-01,4.75607420e-03,-2.20310109e-01,6.64004500e+00,0.00000000e+00,6.63984505e-02,5.36665592e-03,6.50704815e+01,5.25932280e+00
1.95400000e+00,-1.87698364e-02,1.69337291e-01,4.31753862e-03,-2.18175067e-01,6.64004500e+00,0.00000000e+00,6.59392879e-02,5.37191958e-03,6.46205022e+01,5.26448119e+00
1.95600000e+00,-1.84303040e-02,1.70181989e-01,3.88357198e-03,-2.15742982e-01,6.64004500e+00,0.00000000e+00,6.54679078e-02,5.36922334e-03,6.41585497e+01,5.26183887e+00
1.95800000e+00,-1.80891612e-02,1.70947535e-01,3.45476387e-03,-2.13015174e-01,6.64004500e+00,0.00000000e+00,6.50071887e-02,5.37896654e-03,6.37070450e+01,5.27138721e+00
1.96000000e+00,-1.77465668e-02,1.71633684e-01,3.03170613e-03,-2.09995123e-01,6.64004500e+00,0.00000000e+00,6.45293604e-02,5.37706207e-03,6.32387732e+01,5.26952083e+00
1.96200000e+00,-1.74026996e-02,1.72210091e-01,2.61507130e-03,-2.06543238e-01,6.64004500e+00,0.00000000e+00,6.47669481e-02,5.68882354e-03,6.34716091e+01,5.57504707e+00
1.96400000e+00,-1.70578858e-02,1.72547563e-01,2.20591549e-03,-2.02517951e-01,6.64004500e+00,0.00000000e+00,6.72994358e-02,5.99452022e-03,6.59534471e+01,5.87462981e+00
1.96600000e+00,-1.67126034e-02,1.72743973e-01,1.80507007e-03,-1.98386798e-01,6.64004500e+00,0.00000000e+00,6.52453093e-02,5.33669132e-03,6.39404031e+01,5.22995749e+00
1.96800000e+00,-1.63669442e-02,1.72888815e-01,1.41238804e-03,-1.94226053e-01,6.64004500e+00,0.00000000e+00,6.56834607e-02,5.49398747e-03,6.43697915e+01,5.38410772e+00
1.97000000e+00,-1.60211426e-02,1.72891994e-01,1.02842887e-03,-1.89670836e-01,6.64004500e+00,0.00000000e+00,6.57328222e-02,5.61434369e-03,6.44181657e+01,5.50205682e+00
1.97200000e+00,-1.56754564e-02,1.72775038e-01,6.53914242e-04,-1.84801340e-01,6.64004500e+00,0.00000000e+00,6.56683577e-02,5.61666782e-03,6.43549905e+01,5.50433446e+00
1.97400000e+00,-1.53301165e-02,1.72546990e-01,2.89375117e-04,-1.79704456e-01,6.64004500e+00,0.00000000e+00,6.55087990e-02,5.56879392e-03,6.41986231e+01,5.45741804e+00
1.97600000e+00,-1.49853409e-02,1.72210158e-01,-6.47516594e-05,-1.74379717e-01,6.64004500e+00,0.00000000e+00,6.53945471e-02,5.58688490e-03,6.40866562e+01,5.47514721e+00
1.97800000e+00,-1.46413520e-02,1.71759132e-01,-4.07980981e-04,-1.68810853e-01,6.64004500e+00,0.00000000e+00,6.53673714e-02,5.58862819e-03,6.40600240e+01,5.47685563e+00
1.98000000e+00,-1.42983798e-02,1.71194976e-01,-7.39848753e-04,-1.63022538e-01,6.64004500e+00,0.00000000e+00,6.52360943e-02,5.57106587e-03,6.39313724e+01,5.45964455e+00
1.98200000e+00,-1.39566593e-02,1.70499988e-01,-1.05986141e-03,-1.56919682e-01,6.64004500e+00,0.00000000e+00,6.56322838e-02,5.78922925e-03,6.43196381e+01,5.67344467e+00
1.98400000e+00,-1.36165577e-02,1.69538258e-01,-1.36722791e-03,-1.50367525e-01,6.64004500e+00,0.00000000e+00,6.86891513e-02,6.07241053e-03,6.73153683e+01,5.95096232e+00
1.98600000e+00,-1.32786182e-02,1.68408673e-01,-1.66132379e-03,-1.43803766e-01,6.64004500e+00,0.00000000e+00,6.67912853e-02,5.39073601e-03,6.54554596e+01,5.28292129e+00
1.98800000e+00,-1.29429804e-02,1.67193012e-01,-1.94243390e-03,-1.37226410e-01,6.64004500e+00,0.00000000e+00,6.79557795e-02,5.69671169e-03,6.65966639e+01,5.58277745e+00
1.99000000e+00,-1.26099730e-02,1.65787180e-01,-2.20995234e-03,-1.30233469e-01,6.64004500e+00,0.00000000e+00,6.85110254e-02,5.87805067e-03,6.71408048e+01,5.76048966e+00
1.99200000e+00,-1.22799291e-02,1.64235185e-01,-2.46322083e-03,-1.23020134e-01,6.64004500e+00,0.00000000e+00,6.86707547e-02,5.79456947e-03,6.72973396e+01,5.67867808e+00
1.99400000e+00,-1.19531198e-02,1.62551881e-01,-2.70195861e-03,-1.15695412e-01,6.64004500e+00,0.00000000e+00,6.89047441e-02,5.76781609e-03,6.75266492e+01,5.65245977e+00
1.99600000e+00,-1.16298081e-02,1.60738860e-01,-2.92592440e-03,-1.08253588e-01,6.64004500e+00,0.00000000e+00,6.90553217e-02,5.71738583e-03,6.76742153e+01,5.60303811e+00
1.99800000e+00,-1.13102536e-02,1.58791990e-01,-3.13489029e-03,-1.00687764e-01,6.64004500e+00,0.00000000e+00,6.94159542e-02,5.72649259e-03,6.80276351e+01,5.61196274e+00
2.00000000e+00,-1.09947327e-02,1.56706297e-01,-3.32858062e-03,-9.29796978e-02,6.64004500e+00,0.00000000e+00,6.97151767e-02,5.73611362e-03,6.83208731e+01,5.62139134e+00
2.00200000e+00,-1.06835175e-02,1.54486974e-01,-3.50673179e-03,-8.51557114e-02,6.64004500e+00,0.00000000e+00,6.99890055e-02,5.71212084e-03,6.85892254e+01,5.59787843e+00
2.00400000e+00,-1.03769658e-02,1.51996202e-01,-3.66903003e-03,-7.70716068e-02,6.64004500e+00,0.00000000e+00,7.35458921e-02,6.04697702e-03,7.20749743e+01,5.92603748e+00
2.00600000e+00,-1.00756511e-02,1.49327818e-01,-3.81506737e-03,-6.90612028e-02,6.64004500e+00,0.00000000e+00,7.16686685e-02,5.34548982e-03,7.02352952e+01,5.23858003e+00
2.00800000e+00,-9.77972546e-03,1.46553003e-01,-3.94528233e-03,-6.10620650e-02,6.64004500e+00,0.00000000e+00,7.36060451e-02,5.83408032e-03,7.21339242e+01,5.71739872e+00
2.01000000e+00,-9.48958976e-03,1.43552143e-01,-4.05903856e-03,-5.26473677e-02,6.64004500e+00,0.00000000e+00,7.45701497e-02,6.05182532e-03,7.30787467e+01,5.93078881e+00
2.01200000e+00,-9.20562010e-03,1.40396474e-01,-4.15580162e-03,-4.41274040e-02,6.64004500e+00,0.00000000e+00,7.48926361e-02,5.91331940e-03,7.33947834e+01,5.79505301e+00
2.01400000e+00,-8.92809081e-03,1.37110401e-01,-4.23557988e-03,-3.56549879e-02,6.64004500e+00,0.00000000e+00,7.53384471e-02,5.83459431e-03,7.38316782e+01,5.71790243e+00
2.01600000e+00,-8.65727200e-03,1.33684075e-01,-4.29841533e-03,-2.71732126e-02,6.64004500e+00,0.00000000e+00,7.59453462e-02,5.83974026e-03,7.44264393e+01,5.72294545e+00
2.01800000e+00,-8.39345066e-03,1.30113520e-01,-4.34425225e-03,-1.86607303e-02,6.64004500e+00,0.00000000e+00,7.65405563e-02,5.83009387e-03,7.50097452e+01,5.71349199e+00
2.02000000e+00,-8.13691349e-03,1.26399627e-01,-4.37304782e-03,-1.01325968e-02,6.64004500e+00,0.00000000e+00,7.71855596e-02,5.82797560e-03,7.56418484e+01,5.71141609e+00
2.02200000e+00,-7.88794796e-03,1.22542030e-01,-4.38477494e-03,-1.59291910e-03,6.64004500e+00,0.00000000e+00,7.78504956e-02,5.83408716e-03,7.62934857e+01,5.71740542e+00
2.02400000e+00,-7.64690525e-03,1.18444632e-01,-4.37940744e-03,6.96483842e-03,6.64004500e+00,0.00000000e+00,8.08049030e-02,5.87010192e-03,7.91888049e+01,5.75269988e+00
2.02600000e+00,-7.41425919e-03,1.14212602e-01,-4.35712596e-03,1.52070953e-02,6.64004500e+00,0.00000000e+00,7.90799874e-02,5.20027276e-03,7.74983876e+01,5.09626730e+00
2.02800000e+00,-7.19014138e-03,1.09850770e-01,-4.31856593e-03,2.34690226e-02,6.64004500e+00,0.00000000e+00,8.19909390e-02,5.96315099e-03,8.03511202e+01,5.84388797e+00
2.03000000e+00,-6.97502464e-03,1.05236157e-01,-4.26296222e-03,3.21623857e-02,6.64004500e+00,0.00000000e+00,8.32120462e-02,6.18175385e-03,8.15478053e+01,6.05811877e+00
2.03200000e+00,-6.76928601e-03,1.00487661e-01,-4.18997235e-03,4.07718128e-02,6.64004500e+00,0.00000000e+00,8.34206030e-02,5.88770388e-03,8.17521909e+01,5.76994980e+00
2.03400000e+00,-6.57314736e-03,9.56291309e-02,-4.10002657e-03,4.91538589e-02,6.64004500e+00,0.00000000e+00,8.41623678e-02,5.82954523e-03,8.24791204e+01,5.71295432e+00
2.03600000e+00,-6.38685761e-03,9.06384175e-02,-3.99342697e-03,5.74308434e-02,6.64004500e+00,0.00000000e+00,8.49683723e-02,5.81608008e-03,8.32690049e+01,5.69975848e+00
2.03800000e+00,-6.21068274e-03,8.55141403e-02,-3.87036128e-03,6.56207108e-02,6.64004500e+00,0.00000000e+00,8.58244090e-02,5.81914597e-03,8.41079208e+01,5.70276305e+00
2.04000000e+00,-6.04488931e-03,8.02574839e-02,-3.73100721e-03,7.37159546e-02,6.64004500e+00,0.00000000e+00,8.66869431e-02,5.81323091e-03,8.49532043e+01,5.69696629e+00
2.04200000e+00,-5.88974004e-03,7.48699750e-02,-3.57556338e-03,8.17123345e-02,6.64004500e+00,0.00000000e+00,8.75936578e-02,5.83042301e-03,8.58417846e+01,5.71381455e+00
2.04400000e+00,-5.74552537e-03,6.93085434e-02,-3.40431800e-03,8.94685546e-02,6.64004500e+00,0.00000000e+00,8.95512421e-02,5.55057919e-03,8.77602172e+01,5.43956760e+00
2.04600000e+00,-5.61255909e-03,6.36672816e-02,-3.21801246e-03,9.67398862e-02,6.64004500e+00,0.00000000e+00,8.83505737e-02,5.07578481e-03,8.65835622e+01,4.97426911e+00
2.04800000e+00,-5.49095771e-03,5.78738238e-02,-3.01727882e-03,1.04130637e-01,6.64004500e+00,0.00000000e+00,9.20915928e-02,6.08504145e-03,9.02497609e+01,5.96334063e+00
2.05000000e+00,-5.38121997e-03,5.18461107e-02,-2.80126461e-03,1.11859321e-01,6.64004500e+00,0.00000000e+00,9.29041508e-02,6.09053547e-03,9.10460678e+01,5.96872476e+00
2.05200000e+00,-5.28363026e-03,4.57329179e-02,-2.57003663e-03,1.19295402e-01,6.64004500e+00,0.00000000e+00,9.32674685e-02,5.79812611e-03,9.14021191e+01,5.68216359e+00
2.05400000e+00,-5.19834474e-03,3.95350687e-02,-2.32430312e-03,1.26401336e-01,6.64004500e+00,0.00000000e+00,9.41609111e-02,5.74568973e-03,9.22776929e+01,5.63077593e+00
2.05600000e+00,-5.12556190e-03,3.32293562e-02,-2.06455384e-03,1.33323450e-01,6.64004500e+00,0.00000000e+00,9.51681397e-02,5.78052249e-03,9.32647769e+01,5.66491204e+00
2.05800000e+00,-5.06549856e-03,2.68167923e-02,-1.79112474e-03,1.40072447e-01,6.64004500e+00,0.00000000e+00,9.61413303e-02,5.77016376e-03,9.42185037e+01,5.65476049e+00
2.06000000e+00,-5.01836116e-03,2.03045879e-02,-1.50439787e-03,1.46620751e-01,6.64004500e+00,0.00000000e+00,9.70851614e-02,5.76618818e-03,9.51434582e+01,5.65086441e+00
2.06200000e+00,-4.98434351e-03,1.36974271e-02,-1.20478223e-03,1.52958348e-01,6.64004500e+00,0.00000000e+00,9.80556090e-02,5.75331197e-03,9.60944968e+01,5.63824573e+00
2.06400000e+00,-4.96363226e-03,6.99905825e-03,-8.92870097e-04,1.58837570e-01,6.64004500e+00,0.00000000e+00,9.90201028e-02,5.24719754e-03,9.70397007e+01,5.14225359e+00
2.06600000e+00,-4.95634972e-03,2.97034191e-04,-5.69858755e-04,1.64076652e-01,6.64004500e+00,0.00000000e+00,9.80541608e-02,4.86892694e-03,9.60930776e+01,4.77154840e+00
2.06800000e+00,-4.96253910e-03,-6.54744961e-03,-2.36452327e-04,1.69482427e-01,6.64004500e+00,0.00000000e+00,1.02371847e-01,6.07123523e-03,1.00324410e+02,5.94981053e+00
2.07000000e+00,-4.98266112e-03,-1.35743360e-02,1.08215154e-04,1.75104507e-01,6.64004500e+00,0.00000000e+00,1.02452004e-01,5.81300697e-03,1.00402964e+02,5.69674683e+00
2.07200000e+00,-5.01685638e-03,-2.06311240e-02,4.63688503e-04,1.80310835e-01,6.64004500e+00,0.00000000e+00,1.03320952e-01,5.70424053e-03,1.01254533e+02,5.59015572e+00
2.07400000e+00,-5.06522122e-03,-2.77413097e-02,8.29224839e-04,1.85166721e-01,6.64004500e+00,0.00000000e+00,1.04065593e-01,5.59761805e-03,1.01984281e+02,5.48566569e+00
2.07600000e+00,-5.12785530e-03,-3.49020050e-02,1.20415432e-03,1.89721037e-01,6.64004500e+00,0.00000000e+00,1.04983336e-01,5.60498261e-03,1.02883669e+02,5.49288295e+00
2.07800000e+00,-5.20486747e-03,-4.21200385e-02,1.58793614e-03,1.94016109e-01,6.64004500e+00,0.00000000e+00,1.06004683e-01,5.59995193e-03,1.03884589e+02,5.48795289e+00
2.08000000e+00,-5.29636937e-03,-4.93889456e-02,1.98003552e-03,1.98036358e-01,6.64004500e+00,0.00000000e+00,1.06889431e-01,5.58661171e-03,1.04751642e+02,5.47487948e+00
2.08200000e+00,-5.40245457e-03,-5.67048324e-02,2.37990161e-03,2.01786696e-01,6.64004500e+00,0.00000000e+00,1.07938652e-01,5.60309655e-03,1.05779879e+02,5.49103462e+00
2.08400000e+00,-5.52319595e-03,-6.40315921e-02,2.78681754e-03,2.04989965e-01,6.64004500e+00,0.00000000e+00,1.08099218e-01,5.01825795e-03,1.05937234e+02,4.91789279e+00
2.08600000e+00,-5.65852746e-03,-7.12781366e-02,3.19937104e-03,2.07457669e-01,6.64004500e+00,0.00000000e+00,1.07139318e-01,4.64745665e-03,1.04996531e+02,4.55450751e+00
2.08800000e+00,-5.80837248e-03,-7.86206586e-02,3.61674331e-03,2.10067964e-01,6.64004500e+00,0.00000000e+00,1.11535431e-01,5.91279817e-03,1.09304723e+02,5.79454220e+00
2.09000000e+00,-5.97309001e-03,-8.60830593e-02,4.03974417e-03,2.12830187e-01,6.64004500e+00,0.00000000e+00,1.11254684e-01,5.56947282e-03,1.09029590e+02,5.45808336e+00
2.09200000e+00,-6.15267889e-03,-9.35067202e-02,4.46772985e-03,2.15091156e-01,6.64004500e+00,0.00000000e+00,1.12065919e-01,5.47112461e-03,1.09824600e+02,5.36170212e+00
2.09400000e+00,-6.34711596e-03,-1.00928973e-01,4.89986212e-03,2.16982152e-01,6.64004500e+00,0.00000000e+00,1.12778711e-01,5.40943443e-03,1.10523136e+02,5.30124574e+00
2.09600000e+00,-6.55638909e-03,-1.08342685e-01,5.33543697e-03,2.18540951e-01,6.64004500e+00,0.00000000e+00,1.13544439e-01,5.39543328e-03,1.11273550e+02,5.28752462e+00
2.09800000e+00,-6.78048366e-03,-1.15751839e-01,5.77382513e-03,2.19798598e-01,6.64004500e+00,0.00000000e+00,1.14471316e-01,5.40305462e-03,1.12181890e+02,5.29499353e+00
2.10000000e+00,-7.01939182e-03,-1.23154051e-01,6.21443462e-03,2.20761164e-01,6.64004500e+00,0.00000000e+00,1.15302263e-01,5.40508417e-03,1.12996217e+02,5.29698249e+00
2.10200000e+00,-7.27308974e-03,-1.30541082e-01,6.65666807e-03,2.21421195e-01,6.64004500e+00,0.00000000e+00,1.16157413e-01,5.39950592e-03,1.13834265e+02,5.29151580e+00
2.10400000e+00,-7.54150880e-03,-1.37857098e-01,7.09974976e-03,2.21526835e-01,6.64004500e+00,0.00000000e+00,1.15804055e-01,4.87429306e-03,1.13487974e+02,4.77680720e+00
2.10600000e+00,-7.82441278e-03,-1.45015091e-01,7.54228404e-03,2.20895500e-01,6.64004500e+00,0.00000000e+00,1.14744922e-01,4.48499908e-03,1.12450024e+02,4.39529910e+00
2.10800000e+00,-8.12157946e-03,-1.52188522e-01,7.98336594e-03,2.20315405e-01,6.64004500e+00,0.00000000e+00,1.18561501e-01,5.61225185e-03,1.16190271e+02,5.50000681e+00
2.11000000e+00,-8.43319814e-03,-1.59408876e-01,8.42362658e-03,2.19856699e-01,6.64004500e+00,0.00000000e+00,1.18355681e-01,5.36888752e-03,1.15988567e+02,5.26150977e+00
2.11200000e+00,-8.75914889e-03,-1.66530120e-01,8.86247466e-03,2.18920936e-01,6.64004500e+00,0.00000000e+00,1.18877259e-01,5.23819017e-03,1.16499714e+02,5.13342637e+00
2.11400000e+00,-9.09927236e-03,-1.73581973e-01,9.29906347e-03,2.17614933e-01,6.64004500e+00,0.00000000e+00,1.19481883e-01,5.21596149e-03,1.17092245e+02,5.11164226e+00
2.11600000e+00,-9.45342758e-03,-1.80560030e-01,9.73271966e-03,2.15986866e-01,6.64004500e+00,0.00000000e+00,1.20015385e-01,5.18232907e-03,1.17615077e+02,5.07868249e+00
2.11800000e+00,-9.82146188e-03,-1.87462191e-01,1.01628048e-02,2.14049660e-01,6.64004500e+00,0.00000000e+00,1.20684511e-01,5.18225666e-03,1.18270821e+02,5.07861153e+00
2.12000000e+00,-1.02032261e-02,-1.94288954e-01,1.05887296e-02,2.11829445e-01,6.64004500e+00,0.00000000e+00,1.21342072e-01,5.19764377e-03,1.18915230e+02,5.09369089e+00
2.12200000e+00,-1.05985624e-02,-2.01032753e-01,1.10099291e-02,2.09319015e-01,6.64004500e+00,0.00000000e+00,1.21945512e-01,5.17581333e-03,1.19506602e+02,5.07229707e+00
2.12400000e+00,-1.10072550e-02,-2.07623364e-01,1.14256596e-02,2.06289595e-01,6.64004500e+00,0.00000000e+00,1.21071695e-01,4.70336913e-03,1.18650261e+02,4.60930175e+00
2.12600000e+00,-1.14289046e-02,-2.13987156e-01,1.18346474e-02,2.02600184e-01,6.64004500e+00,0.00000000e+00,1.20061260e-01,4.37622606e-03,1.17660035e+02,4.28870154e+00
2.12800000e+00,-1.18631588e-02,-2.20283756e-01,1.22360698e-02,1.98924853e-01,6.64004500e+00,0.00000000e+00,1.23020893e-01,5.30792724e-03,1.20560476e+02,5.20176870e+00
2.13000000e+00,-1.23100165e-02,-2.26545692e-01,1.26304203e-02,1.95359702e-01,6.64004500e+00,0.00000000e+00,1.22873391e-01,5.17227798e-03,1.20415923e+02,5.06883242e+00
2.13200000e+00,-1.27692357e-02,-2.32648928e-01,1.30172390e-02,1.91390198e-01,6.64004500e+00,0.00000000e+00,1.23036211e-01,5.01338104e-03,1.20575487e+02,4.91311342e+00
2.13400000e+00,-1.32405168e-02,-2.38608977e-01,1.33957519e-02,1.87077019e-01,6.64004500e+00,0.00000000e+00,1.23350279e-01,4.99337866e-03,1.20883273e+02,4.89351109e+00
2.13600000e+00,-1.37235766e-02,-2.44426516e-01,1.37653603e-02,1.82483677e-01,6.64004500e+00,0.00000000e+00,1.23625618e-01,4.95518433e-03,1.21153106e+02,4.85608064e+00
2.13800000e+00,-1.42181273e-02,-2.50100811e-01,1.41255131e-02,1.77630059e-01,6.64004500e+00,0.00000000e+00,1.24016928e-01,4.96352806e-03,1.21536589e+02,4.86425750e+00
2.14000000e+00,-1.47238848e-02,-2.55632466e-01,1.44757306e-02,1.72551683e-01,6.64004500e+00,0.00000000e+00,1.24398461e-01,4.98578744e-03,1.21910492e+02,4.88607169e+00
2.14200000e+00,-1.52405570e-02,-2.61013803e-01,1.48155654e-02,1.67241695e-01,6.64004500e+00,0.00000000e+00,1.24700070e-01,4.96500163e-03,1.22206069e+02,4.86570160e+00
2.14400000e+00,-1.57677932e-02,-2.66175010e-01,1.51444176e-02,1.61512032e-01,6.64004500e+00,0.00000000e+00,1.23537325e-01,4.57697692e-03,1.21066579e+02,4.48543738e+00
2.14600000e+00,-1.63050701e-02,-2.71055894e-01,1.54612640e-02,1.55258071e-01,6.64004500e+00,0.00000000e+00,1.22515468e-01,4.31965864e-03,1.20065159e+02,4.23326547e+00
2.14800000e+00,-1.68519195e-02,-2.75790775e-01,1.57654566e-02,1.49014208e-01,6.64004500e+00,0.00000000e+00,1.24570372e-01,5.03531467e-03,1.22078964e+02,4.93460838e+00
2.15000000e+00,-1.74081550e-02,-2.80408330e-01,1.60573921e-02,1.42877272e-01,6.64004500e+00,0.00000000e+00,1.24295559e-01,4.96363443e-03,1.21809647e+02,4.86436174e+00
2.15200000e+00,-1.79734098e-02,-2.84811484e-01,1.63367676e-02,1.36443231e-01,6.64004500e+00,0.00000000e+00,1.24156602e-01,4.81340438e-03,1.21673470e+02,4.71713630e+00
2.15400000e+00,-1.85472656e-02,-2.89011620e-01,1.66029986e-02,1.29759647e-01,6.64004500e+00,0.00000000e+00,1.24218840e-01,4.82288916e-03,1.21734463e+02,4.72643137e+00
2.15600000e+00,-1.91293248e-02,-2.93014459e-01,1.68556897e-02,1.22901348e-01,6.64004500e+00,0.00000000e+00,1.24281334e-01,4.81045292e-03,1.21795707e+02,4.71424387e+00
2.15800000e+00,-1.97191900e-02,-2.96817202e-01,1.70944948e-02,1.15879187e-01,6.64004500e+00,0.00000000e+00,1.24342672e-01,4.82294642e-03,1.21855819e+02,4.72648749e+00
2.16000000e+00,-2.03164569e-02,-3.00414988e-01,1.73191079e-02,1.08709156e-01,6.64004500e+00,0.00000000e+00,1.24352858e-01,4.82386786e-03,1.21865801e+02,4.72739050e+00
2.16200000e+00,-2.09207125e-02,-3.03806550e-01,1.75292395e-02,1.01401247e-01,6.64004500e+00,0.00000000e+00,1.24442481e-01,4.83670147e-03,1.21953632e+02,4.73996744e+00
2.16400000e+00,-2.15314995e-02,-3.06922701e-01,1.77245123e-02,9.37924859e-02,6.64004500e+00,0.00000000e+00,1.22890319e-01,4.47441375e-03,1.20432513e+02,4.38492548e+00
2.16600000e+00,-2.21481936e-02,-3.09724274e-01,1.79041831e-02,8.58442871e-02,6.64004500e+00,0.00000000e+00,1.22114204e-01,4.38412401e-03,1.19671920e+02,4.29644153e+00
2.16800000e+00,-2.27702610e-02,-3.12322348e-01,1.80679372e-02,7.79677154e-02,6.64004500e+00,0.00000000e+00,1.23202523e-01,4.86193213e-03,1.20738473e+02,4.76469349e+00
2.17000000e+00,-2.33973539e-02,-3.14726853e-01,1.82161076e-02,7.01715602e-02,6.64004500e+00,0.00000000e+00,1.22700123e-01,4.76775955e-03,1.20246120e+02,4.67240435e+00
2.17200000e+00,-2.40289963e-02,-3.16873203e-01,1.83485040e-02,6.21963073e-02,6.64004500e+00,0.00000000e+00,1.22317466e-01,4.67838745e-03,1.19871117e+02,4.58481970e+00
2.17400000e+00,-2.46646814e-02,-3.18771558e-01,1.84648163e-02,5.41062553e-02,6.64004500e+00,0.00000000e+00,1.22086496e-01,4.69625440e-03,1.19644766e+02,4.60232932e+00
2.17600000e+00,-2.53039209e-02,-3.20427523e-01,1.85648878e-02,4.59543175e-02,6.64004500e+00,0.00000000e+00,1.21864817e-01,4.69477104e-03,1.19427520e+02,4.60087562e+00
2.17800000e+00,-2.59462285e-02,-3.21839030e-01,1.86485946e-02,3.77439221e-02,6.64004500e+00,0.00000000e+00,1.21611545e-01,4.69648080e-03,1.19179314e+02,4.60255118e+00
2.18000000e+00,-2.65911133e-02,-3.23005031e-01,1.87158386e-02,2.94961924e-02,6.64004500e+00,0.00000000e+00,1.21387435e-01,4.71583409e-03,1.18959686e+02,4.62151741e+00
2.18200000e+00,-2.72380842e-02,-3.23924495e-01,1.87665617e-02,2.12220963e-02,6.64004500e+00,0.00000000e+00,1.21128119e-01,4.71697427e-03,1.18705556e+02,4.62263479e+00
2.18400000e+00,-2.78866012e-02,-3.24528790e-01,1.88006048e-02,1.27648333e-02,6.64004500e+00,0.00000000e+00,1.19314055e-01,4.38342869e-03,1.16927774e+02,4.29576011e+00
2.18600000e+00,-2.85359897e-02,-3.24818530e-01,1.88175577e-02,4.21249309e-03,6.64004500e+00,0.00000000e+00,1.19077578e-01,4.54512628e-03,1.16696026e+02,4.45422375e+00
2.18800000e+00,-2.91857197e-02,-3.24874838e-01,1.88175658e-02,-4.17329520e-03,6.64004500e+00,0.00000000e+00,1.19162899e-01,4.73646839e-03,1.16779641e+02,4.64173902e+00
2.19000000e+00,-2.98353189e-02,-3.24676027e-01,1.88009041e-02,-1.24996328e-02,6.64004500e+00,0.00000000e+00,1.18419594e-01,4.64950495e-03,1.16051202e+02,4.55651485e+00
2.19200000e+00,-3.04842361e-02,-3.24195723e-01,1.87675441e-02,-2.08607122e-02,6.64004500e+00,0.00000000e+00,1.17884217e-01,4.61930047e-03,1.15526533e+02,4.52691446e+00
2.19400000e+00,-3.11319222e-02,-3.23446023e-01,1.87174786e-02,-2.91958797e-02,6.64004500e+00,0.00000000e+00,1.17414645e-01,4.63577781e-03,1.15066353e+02,4.54306225e+00
2.19600000e+00,-3.17778388e-02,-3.22424248e-01,1.86507799e-02,-3.75021203e-02,6.64004500e+00,0.00000000e+00,1.16803290e-01,4.58812470e-03,1.14467224e+02,4.49636221e+00
2.19800000e+00,-3.24214427e-02,-3.21137643e-01,1.85675137e-02,-4.57428942e-02,6.64004500e+00,0.00000000e+00,1.16485276e-01,4.65761325e-03,1.14155570e+02,4.56446098e+00
2.20000000e+00,-3.30622177e-02,-3.19593598e-01,1.84678810e-02,-5.38747358e-02,6.64004500e+00,0.00000000e+00,1.16024545e-01,4.67776636e-03,1.13704054e+02,4.58421103e+00
2.20200000e+00,-3.36996408e-02,-3.17785205e-01,1.83520773e-02,-6.19127764e-02,6.64004500e+00,0.00000000e+00,1.15518811e-01,4.69235530e-03,1.13208434e+02,4.59850819e+00
2.20400000e+00,-3.43331402e-02,-3.15649356e-01,1.82202090e-02,-6.99820234e-02,6.64004500e+00,0.00000000e+00,1.13552647e-01,4.42716368e-03,1.11281594e+02,4.33862040e+00
2.20600000e+00,-3.49620478e-02,-3.13227900e-01,1.80722562e-02,-7.78908834e-02,6.64004500e+00,0.00000000e+00,1.13988626e-01,4.82090723e-03,1.11708854e+02,4.72448908e+00
2.20800000e+00,-3.55858909e-02,-3.10565046e-01,1.79087957e-02,-8.55744338e-02,6.64004500e+00,0.00000000e+00,1.13015097e-01,4.66970831e-03,1.10754795e+02,4.57631414e+00
2.21000000e+00,-3.62041163e-02,-3.07614716e-01,1.77299874e-02,-9.32146301e-02,6.64004500e+00,0.00000000e+00,1.12329639e-01,4.65959321e-03,1.10083047e+02,4.56640134e+00
2.21200000e+00,-3.68161676e-02,-3.04391158e-01,1.75360134e-02,-1.00740571e-01,6.64004500e+00,0.00000000e+00,1.11639808e-01,4.63550519e-03,1.09407012e+02,4.54279509e+00
2.21400000e+00,-3.74215024e-02,-3.00899718e-01,1.73271166e-02,-1.08129211e-01,6.64004500e+00,0.00000000e+00,1.11025533e-01,4.65238810e-03,1.08805023e+02,4.55934033e+00
2.21600000e+00,-3.80195907e-02,-2.97144706e-01,1.71036098e-02,-1.15347939e-01,6.64004500e+00,0.00000000e+00,1.10378320e-01,4.67581590e-03,1.08170753e+02,4.58229958e+00
2.21800000e+00,-3.86099045e-02,-2.93124710e-01,1.68658417e-02,-1.22391392e-01,6.64004500e+00,0.00000000e+00,1.09668689e-01,4.68350999e-03,1.07475316e+02,4.58983979e+00
2.22000000e+00,-3.91919135e-02,-2.88840631e-01,1.66141496e-02,-1.29276815e-01,6.64004500e+00,0.00000000e+00,1.08975781e-01,4.65077886e-03,1.06796265e+02,4.55776328e+00
2.22200000e+00,-3.97650972e-02,-2.84301780e-01,1.63488680e-02,-1.35961936e-01,6.64004500e+00,0.00000000e+00,1.08412784e-01,4.72771605e-03,1.06244528e+02,4.63316173e+00
2.22400000e+00,-4.03289203e-02,-2.79462403e-01,1.60704010e-02,-1.42498446e-01,6.64004500e+00,0.00000000e+00,1.06575398e-01,4.56757634e-03,1.04443890e+02,4.47622481e+00
2.22600000e+00,-4.08827943e-02,-2.74394304e-01,1.57791315e-02,-1.48649187e-01,6.64004500e+00,0.00000000e+00,1.07610212e-01,5.12390556e-03,1.05458008e+02,5.02142745e+00
2.22800000e+00,-4.14263362e-02,-2.69084357e-01,1.54759556e-02,-1.54572917e-01,6.64004500e+00,0.00000000e+00,1.05382557e-01,4.61336229e-03,1.03274906e+02,4.52109505e+00
2.23000000e+00,-4.19589327e-02,-2.63475897e-01,1.51608415e-02,-1.60494035e-01,6.64004500e+00,0.00000000e+00,1.05005193e-01,4.68166266e-03,1.02905089e+02,4.58802941e+00
2.23200000e+00,-4.24800886e-02,-2.57640556e-01,1.48341742e-02,-1.66123083e-01,6.64004500e+00,0.00000000e+00,1.04358974e-01,4.76206775e-03,1.02271795e+02,4.66682640e+00
2.23400000e+00,-4.29893318e-02,-2.51560543e-01,1.44965164e-02,-1.71501400e-01,6.64004500e+00,0.00000000e+00,1.03469557e-01,4.72778837e-03,1.01400166e+02,4.63323260e+00
2.23600000e+00,-4.34861703e-02,-2.45239844e-01,1.41483243e-02,-1.76646133e-01,6.64004500e+00,0.00000000e+00,1.02816270e-01,4.75706129e-03,1.00759944e+02,4.66192006e+00
2.23800000e+00,-4.39701392e-02,-2.38691187e-01,1.37901044e-02,-1.81532053e-01,6.64004500e+00,0.00000000e+00,1.02120114e-01,4.76130574e-03,1.00077712e+02,4.66607963e+00
2.24000000e+00,-4.44407834e-02,-2.31915170e-01,1.34223616e-02,-1.86169791e-01,6.64004500e+00,0.00000000e+00,1.01372971e-01,4.75455760e-03,9.93455117e+01,4.65946645e+00
2.24200000e+00,-4.48976502e-02,-2.24914605e-01,1.30456012e-02,-1.90543657e-01,6.64004500e+00,0.00000000e+00,1.00630987e-01,4.77875060e-03,9.86183676e+01,4.68317559e+00
2.24400000e+00,-4.53402776e-02,-2.17667719e-01,1.26603948e-02,-1.94605709e-01,6.64004500e+00,0.00000000e+00,9.92597719e-02,4.86044047e-03,9.72745764e+01,4.76323167e+00
2.24600000e+00,-4.57682223e-02,-2.10272655e-01,1.22675773e-02,-1.98069398e-01,6.64004500e+00,0.00000000e+00,1.00692037e-01,5.47501898e-03,9.86781962e+01,5.36551860e+00
2.24800000e+00,-4.61812304e-02,-2.02670881e-01,1.18682508e-02,-2.01332679e-01,6.64004500e+00,0.00000000e+00,9.78317708e-02,4.71193276e-03,9.58751354e+01,4.61769410e+00
2.25000000e+00,-4.65787261e-02,-1.94799555e-01,1.14622220e-02,-2.04632850e-01,6.64004500e+00,0.00000000e+00,9.76702192e-02,4.81891864e-03,9.57168148e+01,4.72254027e+00
2.25200000e+00,-4.69603141e-02,-1.86756333e-01,1.10499610e-02,-2.07570719e-01,6.64004500e+00,0.00000000e+00,9.69627214e-02,4.88468304e-03,9.50234670e+01,4.78698938e+00
2.25400000e+00,-4.73256230e-02,-1.78520446e-01,1.06321405e-02,-2.10206544e-01,6.64004500e+00,0.00000000e+00,9.61837322e-02,4.85711817e-03,9.42600575e+01,4.75997580e+00
2.25600000e+00,-4.76742709e-02,-1.70097097e-01,1.02093153e-02,-2.12571715e-01,6.64004500e+00,0.00000000e+00,9.54626097e-02,4.84973170e-03,9.35533575e+01,4.75273707e+00
2.25800000e+00,-4.80058941e-02,-1.61497923e-01,9.78206085e-03,-2.14626127e-01,6.64004500e+00,0.00000000e+00,9.48172798e-02,4.89990262e-03,9.29209342e+01,4.80190456e+00
2.26000000e+00,-4.83201532e-02,-1.52734788e-01,9.35102238e-03,-2.16363164e-01,6.64004500e+00,0.00000000e+00,9.42323041e-02,4.90086134e-03,9.23476581e+01,4.80284411e+00
2.26200000e+00,-4.86167223e-02,-1.43805176e-01,8.91681076e-03,-2.17796393e-01,6.64004500e+00,0.00000000e+00,9.33844561e-02,4.91789900e-03,9.15167670e+01,4.81954102e+00
2.26400000e+00,-4.88952606e-02,-1.34705567e-01,8.48013826e-03,-2.18777509e-01,6.64004500e+00,0.00000000e+00,9.25707565e-02,5.22647058e-03,9.07193414e+01,5.12194117e+00
2.26600000e+00,-4.91555116e-02,-1.25556444e-01,8.04219420e-03,-2.19018498e-01,6.64004500e+00,0.00000000e+00,9.43893121e-02,5.84595138e-03,9.25015259e+01,5.72903235e+00
2.26800000e+00,-4.93973801e-02,-1.16247875e-01,7.60412094e-03,-2.19174446e-01,6.64004500e+00,0.00000000e+00,9.08571083e-02,4.77916802e-03,8.90399661e+01,4.68358466e+00
2.27000000e+00,-4.96203493e-02,-1.06708675e-01,7.16538903e-03,-2.19491475e-01,6.64004500e+00,0.00000000e+00,9.08590978e-02,4.88123778e-03,8.90419158e+01,4.78361303e+00
2.27200000e+00,-4.98241582e-02,-9.70845968e-02,6.72644448e-03,-2.19374392e-01,6.64004500e+00,0.00000000e+00,9.05767098e-02,5.06329091e-03,8.87651756e+01,4.96202509e+00
2.27400000e+00,-5.00086208e-02,-8.73602501e-02,6.28815512e-03,-2.18861871e-01,6.64004500e+00,0.00000000e+00,9.00615233e-02,5.08494745e-03,8.82602928e+01,4.98324850e+00
2.27600000e+00,-5.01735265e-02,-7.75269208e-02,5.85119087e-03,-2.18058581e-01,6.64004500e+00,0.00000000e+00,8.94163020e-02,5.04906950e-03,8.76279760e+01,4.94808811e+00
2.27800000e+00,-5.03186579e-02,-6.75876458e-02,5.41611182e-03,-2.16968788e-01,6.64004500e+00,0.00000000e+00,8.88111010e-02,5.06435313e-03,8.70348790e+01,4.96306607e+00
2.28000000e+00,-5.04438109e-02,-5.75491472e-02,4.98352089e-03,-2.15571264e-01,6.64004500e+00,0.00000000e+00,8.81602747e-02,5.07646238e-03,8.63970692e+01,4.97493313e+00
2.28200000e+00,-5.05487971e-02,-4.74246655e-02,4.55403289e-03,-2.13864589e-01,6.64004500e+00,0.00000000e+00,8.77002060e-02,5.09902899e-03,8.59462019e+01,4.99704841e+00
2.28400000e+00,-5.06334896e-02,-3.72702236e-02,4.12845145e-03,-2.11574624e-01,6.64004500e+00,0.00000000e+00,8.81930099e-02,5.69194181e-03,8.64291497e+01,5.57810297e+00
2.28600000e+00,-5.06979238e-02,-2.71844446e-02,3.70826431e-03,-2.08489864e-01,6.64004500e+00,0.00000000e+00,8.98719192e-02,6.16582646e-03,8.80744808e+01,6.04250993e+00
2.28800000e+00,-5.07421416e-02,-1.69699678e-02,3.29441636e-03,-2.05518505e-01,6.64004500e+00,0.00000000e+00,8.55880760e-02,4.86142279e-03,8.38763145e+01,4.76419433e+00
2.29000000e+00,-5.07656827e-02,-6.57403335e-03,2.88602248e-03,-2.02798858e-01,6.64004500e+00,0.00000000e+00,8.58663548e-02,5.05298685e-03,8.41490277e+01,4.95192711e+00
2.29200000e+00,-5.07684454e-02,3.81045747e-03,2.48355194e-03,-1.99582754e-01,6.64004500e+00,0.00000000e+00,8.59204237e-02,5.32725028e-03,8.42020152e+01,5.22070528e+00
2.29400000e+00,-5.07504348e-02,1.42041162e-02,2.08794435e-03,-1.95987369e-01,6.64004500e+00,0.00000000e+00,8.55475077e-02,5.28249134e-03,8.38365575e+01,5.17684151e+00
2.29600000e+00,-5.07116092e-02,2.46273204e-02,1.69975339e-03,-1.92165618e-01,6.64004500e+00,0.00000000e+00,8.49555979e-02,5.24629233e-03,8.32564859e+01,5.14136648e+00
2.29800000e+00,-5.06519118e-02,3.50710127e-02,1.31944309e-03,-1.88102074e-01,6.64004500e+00,0.00000000e+00,8.46240563e-02,5.24507143e-03,8.29315752e+01,5.14017001e+00
2.30000000e+00,-5.05713254e-02,4.55143400e-02,9.47531591e-04,-1.83758818e-01,6.64004500e+00,0.00000000e+00,8.43489080e-02,5.30035626e-03,8.26619298e+01,5.19434913e+00
2.30200000e+00,-5.04698601e-02,5.59491649e-02,5.84589933e-04,-1.79142420e-01,6.64004500e+00,0.00000000e+00,8.40370432e-02,5.29803969e-03,8.23563023e+01,5.19207890e+00
2.30400000e+00,-5.03475732e-02,6.63172590e-02,2.31345401e-04,-1.73950867e-01,6.64004500e+00,0.00000000e+00,8.49523739e-02,6.00091468e-03,8.32533264e+01,5.88089639e+00
2.30600000e+00,-5.02047091e-02,7.65084039e-02,-1.10669563e-04,-1.67943445e-01,6.64004500e+00,0.00000000e+00,8.70473919e-02,6.51955559e-03,8.53064440e+01,6.38916448e+00
2.30800000e+00,-5.00415125e-02,8.67401588e-02,-4.40580814e-04,-1.62164614e-01,6.64004500e+00,0.00000000e+00,8.27127585e-02,5.04736016e-03,8.10585033e+01,4.94641296e+00
2.31000000e+00,-4.98576855e-02,9.70662410e-02,-7.59581828e-04,-1.56766488e-01,6.64004500e+00,0.00000000e+00,8.33848155e-02,5.26256400e-03,8.17171192e+01,5.15731272e+00
2.31200000e+00,-4.96533215e-02,1.07281368e-01,-1.06735640e-03,-1.50932867e-01,6.64004500e+00,0.00000000e+00,8.36789726e-02,5.51943687e-03,8.20053931e+01,5.40904813e+00
2.31400000e+00,-4.94286115e-02,1.17419411e-01,-1.36310975e-03,-1.44793951e-01,6.64004500e+00,0.00000000e+00,8.33931122e-02,5.47838087e-03,8.17252499e+01,5.36881326e+00
2.31600000e+00,-4.91836868e-02,1.27493159e-01,-1.64642962e-03,-1.38501168e-01,6.64004500e+00,0.00000000e+00,8.32231679e-02,5.43510157e-03,8.15587046e+01,5.32639954e+00
2.31800000e+00,-4.89186915e-02,1.37487891e-01,-1.91700680e-03,-1.32046976e-01,6.64004500e+00,0.00000000e+00,8.31171247e-02,5.42801587e-03,8.14547822e+01,5.31945555e+00
2.32000000e+00,-4.86337987e-02,1.47387317e-01,-2.17449300e-03,-1.25406028e-01,6.64004500e+00,0.00000000e+00,8.31650169e-02,5.45657055e-03,8.15017165e+01,5.34743914e+00
2.32200000e+00,-4.83292106e-02,1.57184254e-01,-2.41850189e-03,-1.18571564e-01,6.64004500e+00,0.00000000e+00,8.30656748e-02,5.48284345e-03,8.14043613e+01,5.37318658e+00
2.32400000e+00,-4.80051646e-02,1.66826913e-01,-2.64844233e-03,-1.11231778e-01,6.64004500e+00,0.00000000e+00,8.41642873e-02,6.18581752e-03,8.24810015e+01,6.06210117e+00
2.32600000e+00,-4.76620872e-02,1.76193222e-01,-2.86291454e-03,-1.03120397e-01,6.64004500e+00,0.00000000e+00,8.67610915e-02,6.79277069e-03,8.50258696e+01,6.65691527e+00
2.32800000e+00,-4.73004240e-02,1.85511105e-01,-3.06115423e-03,-9.53544062e-02,6.64004500e+00,0.00000000e+00,8.23813794e-02,5.17437773e-03,8.07337518e+01,5.07089018e+00
2.33000000e+00,-4.69200372e-02,1.94837359e-01,-3.24468890e-03,-8.81234885e-02,6.64004500e+00,0.00000000e+00,8.34984984e-02,5.40453124e-03,8.18285284e+01,5.29644062e+00
2.33200000e+00,-4.65212193e-02,2.03946487e-01,-3.41340684e-03,-8.05305992e-02,6.64004500e+00,0.00000000e+00,8.42367149e-02,5.69005776e-03,8.25519806e+01,5.57625661e+00
2.33400000e+00,-4.61043682e-02,2.12880135e-01,-3.56666476e-03,-7.27179278e-02,6.64004500e+00,0.00000000e+00,8.42326970e-02,5.64372944e-03,8.25480431e+01,5.53085486e+00
2.33600000e+00,-4.56698003e-02,2.21661538e-01,-3.70424645e-03,-6.48571027e-02,6.64004500e+00,0.00000000e+00,8.42827171e-02,5.59138137e-03,8.25970628e+01,5.47955374e+00
2.33800000e+00,-4.52178340e-02,2.30275041e-01,-3.82604106e-03,-5.69181109e-02,6.64004500e+00,0.00000000e+00,8.45018493e-02,5.63057664e-03,8.28118123e+01,5.51796511e+00
2.34000000e+00,-4.47488178e-02,2.38711953e-01,-3.93186243e-03,-4.88944343e-02,6.64004500e+00,0.00000000e+00,8.46150257e-02,5.61469003e-03,8.29227252e+01,5.50239623e+00
2.34200000e+00,-4.42631093e-02,2.46964226e-01,-4.02157551e-03,-4.08058453e-02,6.64004500e+00,0.00000000e+00,8.48852275e-02,5.63537021e-03,8.31875229e+01,5.52266281e+00
2.34400000e+00,-4.37611117e-02,2.54990432e-01,-4.09484923e-03,-3.23624291e-02,6.64004500e+00,0.00000000e+00,8.58326018e-02,6.25139283e-03,8.41159498e+01,6.12636497e+00
2.34600000e+00,-4.32433780e-02,2.62670975e-01,-4.15060484e-03,-2.32885004e-02,6.64004500e+00,0.00000000e+00,8.87676906e-02,6.87550499e-03,8.69923368e+01,6.73799489e+00
2.34800000e+00,-4.27105151e-02,2.70220436e-01,-4.18830143e-03,-1.46617876e-02,6.64004500e+00,0.00000000e+00,8.45764626e-02,5.25520916e-03,8.28849334e+01,5.15010497e+00
2.35000000e+00,-4.21625504e-02,2.77688659e-01,-4.20964750e-03,-6.62831327e-03,6.64004500e+00,0.00000000e+00,8.62235252e-02,5.59654606e-03,8.44990547e+01,5.48461514e+00
2.35200000e+00,-4.15999556e-02,2.84864303e-01,-4.21464870e-03,1.65411599e-03,6.64004500e+00,0.00000000e+00,8.68500822e-02,5.76725176e-03,8.51130806e+01,5.65190673e+00
2.35400000e+00,-4.10232531e-02,2.91800153e-01,-4.20299584e-03,9.98933604e-03,6.64004500e+00,0.00000000e+00,8.71475958e-02,5.72059497e-03,8.54046439e+01,5.60618307e+00
2.35600000e+00,-4.04329104e-02,2.98502860e-01,-4.17473041e-03,1.82659796e-02,6.64004500e+00,0.00000000e+00,8.75064062e-02,5.68129658e-03,8.57562781e+01,5.56767064e+00
2.35800000e+00,-3.98294019e-02,3.04965150e-01,-4.12995824e-03,2.65031572e-02,6.64004500e+00,0.00000000e+00,8.78654211e-02,5.69835256e-03,8.61081127e+01,5.58438550e+00
2.36000000e+00,-3.92132164e-02,3.11177541e-01,-4.06873285e-03,3.47177409e-02,6.64004500e+00,0.00000000e+00,8.83413604e-02,5.71798212e-03,8.65745332e+01,5.60362248e+00
2.36200000e+00,-3.85848674e-02,3.17126532e-01,-3.99110006e-03,4.29131489e-02,6.64004500e+00,0.00000000e+00,8.89154389e-02,5.76566095e-03,8.71371301e+01,5.65034773e+00
2.36400000e+00,-3.79448736e-02,3.22830494e-01,-3.89702855e-03,5.11860909e-02,6.64004500e+00,0.00000000e+00,8.88660468e-02,6.01174847e-03,8.70887259e+01,5.89151350e+00
2.36600000e+00,-3.72938110e-02,3.28136073e-01,-3.78603503e-03,5.99399674e-02,6.64004500e+00,0.00000000e+00,9.29318330e-02,6.93018658e-03,9.10731963e+01,6.79158285e+00
2.36800000e+00,-3.66324894e-02,3.33201517e-01,-3.65752996e-03,6.83020219e-02,6.64004500e+00,0.00000000e+00,8.90994392e-02,5.36937164e-03,8.73174504e+01,5.26198421e+00
2.37000000e+00,-3.59610993e-02,3.38125429e-01,-3.51328604e-03,7.59754599e-02,6.64004500e+00,0.00000000e+00,9.07786871e-02,5.68772393e-03,8.89631134e+01,5.57396945e+00
2.37200000e+00,-3.52802088e-02,3.42717701e-01,-3.35356722e-03,8.37402439e-02,6.64004500e+00,0.00000000e+00,9.13096243e-02,5.78610628e-03,8.94834318e+01,5.67038415e+00
2.37400000e+00,-3.45904241e-02,3.47016665e-01,-3.17835764e-03,9.14561723e-02,6.64004500e+00,0.00000000e+00,9.20193686e-02,5.83232078e-03,9.01789812e+01,5.71567437e+00
2.37600000e+00,-3.38923353e-02,3.51025984e-01,-2.98785681e-03,9.90006966e-02,6.64004500e+00,0.00000000e+00,9.23957300e-02,5.69537530e-03,9.05478154e+01,5.58146780e+00
2.37800000e+00,-3.31865146e-02,3.54743652e-01,-2.78246997e-03,1.06372570e-01,6.64004500e+00,0.00000000e+00,9.30880637e-02,5.76032071e-03,9.12263025e+01,5.64511430e+00
2.38000000e+00,-3.24735679e-02,3.58150432e-01,-2.56243048e-03,1.13648541e-01,6.64004500e+00,0.00000000e+00,9.38544983e-02,5.80544220e-03,9.19774084e+01,5.68933335e+00
2.38200000e+00,-3.17541175e-02,3.61250172e-01,-2.32797711e-03,1.20772578e-01,6.64004500e+00,0.00000000e+00,9.44025884e-02,5.77342282e-03,9.25145366e+01,5.65795436e+00
2.38400000e+00,-3.10287312e-02,3.64103983e-01,-2.07947259e-03,1.27697999e-01,6.64004500e+00,0.00000000e+00,9.36914442e-02,5.74071314e-03,9.18176153e+01,5.62589888e+00
2.38600000e+00,-3.02979739e-02,3.66549464e-01,-1.81699794e-03,1.34904120e-01,6.64004500e+00,0.00000000e+00,9.79892170e-02,6.73468796e-03,9.60294327e+01,6.59999420e+00
2.38800000e+00,-2.95627425e-02,3.68681311e-01,-1.54008313e-03,1.41769801e-01,6.64004500e+00,0.00000000e+00,9.50270585e-02,5.41882049e-03,9.31265173e+01,5.31044408e+00
2.39000000e+00,-2.88233832e-02,3.70611315e-01,-1.25038113e-03,1.47941950e-01,6.64004500e+00,0.00000000e+00,9.66783181e-02,5.69030800e-03,9.47447518e+01,5.57650184e+00
2.39200000e+00,-2.80805378e-02,3.72180506e-01,-9.48342636e-04,1.54073143e-01,6.64004500e+00,0.00000000e+00,9.74008755e-02,5.76182371e-03,9.54528580e+01,5.64658724e+00
2.39400000e+00,-2.73348749e-02,3.73429111e-01,-6.34219090e-04,1.60008556e-01,6.64004500e+00,0.00000000e+00,9.80878171e-02,5.72567570e-03,9.61260608e+01,5.61116218e+00
2.39600000e+00,-2.65870304e-02,3.74364148e-01,-3.08485400e-04,1.65678517e-01,6.64004500e+00,0.00000000e+00,9.86273225e-02,5.66763790e-03,9.66547761e+01,5.55428514e+00
2.39800000e+00,-2.58376297e-02,3.74982092e-01,2.83334632e-05,1.71106234e-01,6.64004500e+00,0.00000000e+00,9.93826358e-02,5.69614717e-03,9.73949831e+01,5.58222422e+00
2.40000000e+00,-2.50873181e-02,3.75275911e-01,3.75794541e-04,1.76316486e-01,6.64004500e+00,0.00000000e+00,1.00077663e-01,5.70541032e-03,9.80761099e+01,5.59130212e+00
2.40200000e+00,-2.43367420e-02,3.75245824e-01,7.33444538e-04,1.81294461e-01,6.64004500e+00,0.00000000e+00,1.00824415e-01,5.71747687e-03,9.88079265e+01,5.60312733e+00
2.40400000e+00,-2.35864840e-02,3.74991997e-01,1.10069810e-03,1.85861057e-01,6.64004500e+00,0.00000000e+00,9.91803645e-02,5.36466991e-03,9.71967573e+01,5.25737651e+00
2.40600000e+00,-2.28370230e-02,3.74364795e-01,1.47692309e-03,1.90479110e-01,6.64004500e+00,0.00000000e+00,1.03429018e-01,6.36111166e-03,1.01360437e+02,6.23388943e+00
2.40800000e+00,-2.20892675e-02,3.73373553e-01,1.86246158e-03,1.94867789e-01,6.64004500e+00,0.00000000e+00,1.01578918e-01,5.43211251e-03,9.95473401e+01,5.32347026e+00
2.41000000e+00,-2.13436861e-02,3.72146342e-01,2.25596898e-03,1.98618613e-01,6.64004500e+00,0.00000000e+00,1.02851854e-01,5.58286726e-03,1.00794817e+02,5.47120991e+00
2.41200000e+00,-2.06009129e-02,3.70573052e-01,2.65681543e-03,2.02188558e-01,6.64004500e+00,0.00000000e+00,1.03596187e-01,5.62361197e-03,1.01524264e+02,5.51113973e+00
2.41400000e+00,-1.98616078e-02,3.68678839e-01,3.06455771e-03,2.05510283e-01,6.64004500e+00,0.00000000e+00,1.04308338e-01,5.64296718e-03,1.02222172e+02,5.53010784e+00
2.41600000e+00,-1.91264077e-02,3.66469298e-01,3.47865726e-03,2.08533082e-01,6.64004500e+00,0.00000000e+00,1.04954105e-01,5.58648252e-03,1.02855023e+02,5.47475287e+00
2.41800000e+00,-1.83959374e-02,3.63949655e-01,3.89847768e-03,2.11237366e-01,6.64004500e+00,0.00000000e+00,1.05581515e-01,5.57302031e-03,1.03469885e+02,5.46155991e+00
2.42000000e+00,-1.76708178e-02,3.61116987e-01,4.32341033e-03,2.13647097e-01,6.64004500e+00,0.00000000e+00,1.06337991e-01,5.57426168e-03,1.04211231e+02,5.46277645e+00
2.42200000e+00,-1.69516761e-02,3.57974348e-01,4.75286514e-03,2.15755472e-01,6.64004500e+00,0.00000000e+00,1.06941523e-01,5.55309581e-03,1.04802692e+02,5.44203390e+00
2.42400000e+00,-1.62390670e-02,3.54611891e-01,5.18609633e-03,2.17360085e-01,6.64004500e+00,0.00000000e+00,1.05643723e-01,5.13506487e-03,1.03530849e+02,5.03236357e+00
2.42600000e+00,-1.55334319e-02,3.50944334e-01,5.62218670e-03,2.18786526e-01,6.64004500e+00,0.00000000e+00,1.08295963e-01,5.80154163e-03,1.06130044e+02,5.68551080e+00
2.42800000e+00,-1.48355136e-02,3.46940858e-01,6.06112153e-03,2.20031642e-01,6.64004500e+00,0.00000000e+00,1.07779742e-01,5.38095450e-03,1.05624148e+02,5.27333541e+00
2.43000000e+00,-1.41458355e-02,3.42686839e-01,6.50199026e-03,2.20792301e-01,6.64004500e+00,0.00000000e+00,1.08503333e-01,5.41415066e-03,1.06333267e+02,5.30586765e+00
2.43200000e+00,-1.34649640e-02,3.38136220e-01,6.94409999e-03,2.21266890e-01,6.64004500e+00,0.00000000e+00,1.09133980e-01,5.41186417e-03,1.06951300e+02,5.30362689e+00
2.43400000e+00,-1.27934805e-02,3.33300875e-01,7.38685699e-03,2.21440266e-01,6.64004500e+00,0.00000000e+00,1.09655581e-01,5.41432332e-03,1.07462469e+02,5.30603685e+00
2.43600000e+00,-1.21319492e-02,3.28182517e-01,7.82966388e-03,2.21317909e-01,6.64004500e+00,0.00000000e+00,1.10326278e-01,5.42373207e-03,1.08119752e+02,5.31525743e+00
2.43800000e+00,-1.14809361e-02,3.22785636e-01,8.27192081e-03,2.20883859e-01,6.64004500e+00,0.00000000e+00,1.10827687e-01,5.39202854e-03,1.08611134e+02,5.28418797e+00
2.44000000e+00,-1.08409879e-02,3.17116927e-01,8.71298816e-03,2.20133109e-01,6.64004500e+00,0.00000000e+00,1.11431174e-01,5.38935965e-03,1.09202551e+02,5.28157246e+00
2.44200000e+00,-1.02126501e-02,3.11175642e-01,9.15225541e-03,2.19085637e-01,6.64004500e+00,0.00000000e+00,1.12043717e-01,5.39714120e-03,1.09802842e+02,5.28919837e+00
2.44400000e+00,-9.59643292e-03,3.05012915e-01,9.58904830e-03,2.17614604e-01,6.64004500e+00,0.00000000e+00,1.11550281e-01,5.12485762e-03,1.09319276e+02,5.02236047e+00
2.44600000e+00,-8.99273453e-03,2.98646127e-01,1.00224538e-02,2.15753574e-01,6.64004500e+00,0.00000000e+00,1.11858114e-01,5.19843266e-03,1.09620952e+02,5.09446401e+00
2.44800000e+00,-8.40201693e-03,2.92026583e-01,1.04519281e-02,2.13690785e-01,6.64004500e+00,0.00000000e+00,1.12607513e-01,5.31572986e-03,1.10355363e+02,5.20941526e+00
2.45000000e+00,-7.82478961e-03,2.85164937e-01,1.08770320e-02,2.11350615e-01,6.64004500e+00,0.00000000e+00,1.12775448e-01,5.22442859e-03,1.10519939e+02,5.11994002e+00
2.45200000e+00,-7.26150716e-03,2.78078332e-01,1.12971090e-02,2.08678252e-01,6.64004500e+00,0.00000000e+00,1.13237246e-01,5.21963847e-03,1.10972501e+02,5.11524571e+00
2.45400000e+00,-6.71262854e-03,2.70763345e-01,1.17115520e-02,2.05716423e-01,6.64004500e+00,0.00000000e+00,1.13601773e-01,5.21009049e-03,1.11329737e+02,5.10588868e+00
2.45600000e+00,-6.17860073e-03,2.63227955e-01,1.21197816e-02,2.02464909e-01,6.64004500e+00,0.00000000e+00,1.13997452e-01,5.19608038e-03,1.11717503e+02,5.09215877e+00
2.45800000e+00,-5.65986167e-03,2.55475160e-01,1.25212248e-02,1.98933119e-01,6.64004500e+00,0.00000000e+00,1.14415857e-01,5.19670388e-03,1.12127540e+02,5.09276981e+00
2.46000000e+00,-5.15684159e-03,2.47510132e-01,1.29153333e-02,1.95130248e-01,6.64004500e+00,0.00000000e+00,1.14818118e-01,5.19162778e-03,1.12521755e+02,5.08779523e+00
2.46200000e+00,-4.66995782e-03,2.39340102e-01,1.33015645e-02,1.91055534e-01,6.64004500e+00,0.00000000e+00,1.15198434e-01,5.17950875e-03,1.12894465e+02,5.07591858e+00
2.46400000e+00,-4.19961414e-03,2.30970636e-01,1.36793700e-02,1.86702618e-01,6.64004500e+00,0.00000000e+00,1.15604841e-01,5.14916080e-03,1.13292744e+02,5.04617758e+00
2.46600000e+00,-3.74613153e-03,2.22516796e-01,1.40480070e-02,1.81797860e-01,6.64004500e+00,0.00000000e+00,1.13433624e-01,4.54976180e-03,1.11164951e+02,4.45876657e+00
2.46800000e+00,-3.30964069e-03,2.13922367e-01,1.44064058e-02,1.76659672e-01,6.64004500e+00,0.00000000e+00,1.15291943e-01,5.17331136e-03,1.12986104e+02,5.06984513e+00
2.47000000e+00,-2.89058837e-03,2.05108482e-01,1.47546483e-02,1.71525424e-01,6.64004500e+00,0.00000000e+00,1.15105036e-01,5.05759208e-03,1.12802935e+02,4.95644024e+00
2.47200000e+00,-2.48929735e-03,1.96158728e-01,1.50922936e-02,1.66070407e-01,6.64004500e+00,0.00000000e+00,1.15154534e-01,4.98457404e-03,1.12851443e+02,4.88488256e+00
2.47400000e+00,-2.10605101e-03,1.87062649e-01,1.54187587e-02,1.60358580e-01,6.64004500e+00,0.00000000e+00,1.15358737e-01,4.98724304e-03,1.13051562e+02,4.88749818e+00
2.47600000e+00,-1.74114113e-03,1.77825020e-01,1.57335775e-02,1.54421177e-01,6.64004500e+00,0.00000000e+00,1.15445669e-01,4.96323778e-03,1.13136755e+02,4.86397302e+00
2.47800000e+00,-1.39484004e-03,1.68453744e-01,1.60362968e-02,1.48263857e-01,6.64004500e+00,0.00000000e+00,1.15616633e-01,4.96059304e-03,1.13304300e+02,4.86138118e+00
2.48000000e+00,-1.06741276e-03,1.58952558e-01,1.63264994e-02,1.41906166e-01,6.64004500e+00,0.00000000e+00,1.15769735e-01,4.95981500e-03,1.13454341e+02,4.86061870e+00
2.48200000e+00,-7.59111915e-04,1.49328211e-01,1.66037961e-02,1.35360421e-01,6.64004500e+00,0.00000000e+00,1.15938646e-01,4.96466460e-03,1.13619873e+02,4.86537130e+00
2.48400000e+00,-4.70200017e-04,1.39553726e-01,1.68678513e-02,1.28680129e-01,6.64004500e+00,0.00000000e+00,1.16879820e-01,5.05734374e-03,1.14542224e+02,4.95619687e+00
2.48600000e+00,-2.00869776e-04,1.29820087e-01,1.71180804e-02,1.21345635e-01,6.64004500e+00,0.00000000e+00,1.12745677e-01,3.95187405e-03,1.10490763e+02,3.87283657e+00
2.48800000e+00,4.90595980e-05,1.20055355e-01,1.73531187e-02,1.13838363e-01,6.64004500e+00,0.00000000e+00,1.15526495e-01,5.03357626e-03,1.13215965e+02,4.93290473e+00
2.49000000e+00,2.79229388e-04,1.10107250e-01,1.75736515e-02,1.06657469e-01,6.64004500e+00,0.00000000e+00,1.15111102e-01,4.95490276e-03,1.12808880e+02,4.85580470e+00
2.49200000e+00,4.89461664e-04,1.00118748e-01,1.77795833e-02,9.92286579e-02,6.64004500e+00,0.00000000e+00,1.14713543e-01,4.81040101e-03,1.12419272e+02,4.71419299e+00
2.49400000e+00,6.79672275e-04,9.00820934e-02,1.79704277e-02,9.15923054e-02,6.64004500e+00,0.00000000e+00,1.14642623e-01,4.79501495e-03,1.12349771e+02,4.69911466e+00
2.49600000e+00,8.49759348e-04,7.99994086e-02,1.81458513e-02,8.38041584e-02,6.64004500e+00,0.00000000e+00,1.14359558e-01,4.74555699e-03,1.12072367e+02,4.65064585e+00
2.49800000e+00,9.99642996e-04,6.98763557e-02,1.83055611e-02,7.58911744e-02,6.64004500e+00,0.00000000e+00,1.14321093e-01,4.76436283e-03,1.12034671e+02,4.66907558e+00
2.50000000e+00,1.12923813e-03,5.97133392e-02,1.84493574e-02,6.78902957e-02,6.64004500e+00,0.00000000e+00,1.14194023e-01,4.76974871e-03,1.11910143e+02,4.67435373e+00
2.50200000e+00,1.23847621e-03,4.95201141e-02,1.85770687e-02,5.98089857e-02,6.64004500e+00,0.00000000e+00,1.14093662e-01,4.78127556e-03,1.11811789e+02,4.68565005e+00
2.50400000e+00,1.32726481e-03,3.92462359e-02,1.86885607e-02,5.16787573e-02,6.64004500e+00,0.00000000e+00,1.15312022e-01,4.82966028e-03,1.13005781e+02,4.73306707e+00
2.50600000e+00,1.39556949e-03,2.91348407e-02,1.87833118e-02,4.28407994e-02,6.64004500e+00,0.00000000e+00,1.09697697e-01,3.43462166e-03,1.07503743e+02,3.36592923e+00
2.50800000e+00,1.44385210e-03,1.90953309e-02,1.88599133e-02,3.39868123e-02,6.64004500e+00,0.00000000e+00,1.13197340e-01,4.90915167e-03,1.10933393e+02,4.81096863e+00
2.51000000e+00,1.47185605e-03,8.91368684e-03,1.89197025e-02,2.57978844e-02,6.64004500e+00,0.00000000e+00,1.12748818e-01,4.91933583e-03,1.10493842e+02,4.82094912e+00
2.51200000e+00,1.47954192e-03,-1.21535062e-03,1.89630157e-02,1.74753411e-02,6.64004500e+00,0.00000000e+00,1.11863926e-01,4.69394926e-03,1.09626648e+02,4.60007027e+00
2.51400000e+00,1.46703169e-03,-1.12888317e-02,1.89895023e-02,9.00043168e-03,6.64004500e+00,0.00000000e+00,1.11511596e-01,4.64081188e-03,1.09281364e+02,4.54799564e+00
2.51600000e+00,1.43442112e-03,-2.13105271e-02,1.89989772e-02,4.65131620e-04,6.64004500e+00,0.00000000e+00,1.10879092e-01,4.58420479e-03,1.08661511e+02,4.49252070e+00
2.51800000e+00,1.38182435e-03,-3.12800760e-02,1.89913623e-02,-8.07090122e-03,6.64004500e+00,0.00000000e+00,1.10681711e-01,4.63188316e-03,1.08468077e+02,4.53924550e+00
2.52000000e+00,1.30933580e-03,-4.11971488e-02,1.89667166e-02,-1.65723904e-02,6.64004500e+00,0.00000000e+00,1.10204088e-01,4.62497495e-03,1.08000006e+02,4.53247545e+00
2.52200000e+00,1.21707878e-03,-5.10496731e-02,1.89250980e-02,-2.50359385e-02,6.64004500e+00,0.00000000e+00,1.09886244e-01,4.65552490e-03,1.07688519e+02,4.56241440e+00
2.52400000e+00,1.10512742e-03,-6.09167229e-02,1.88665918e-02,-3.34711462e-02,6.64004500e+00,0.00000000e+00,1.11417189e-01,4.60432386e-03,1.09188845e+02,4.51223739e+00
2.52600000e+00,9.73581444e-04,-7.05294663e-02,1.87907691e-02,-4.25728410e-02,6.64004500e+00,0.00000000e+00,1.04977978e-01,3.15187397e-03,1.02878418e+02,3.08883649e+00
2.52800000e+00,8.23133251e-04,-7.99566717e-02,1.86963656e-02,-5.15767774e-02,6.64004500e+00,0.00000000e+00,1.08271483e-01,4.67843545e-03,1.06106053e+02,4.58486674e+00
2.53000000e+00,6.53686861e-04,-8.94857172e-02,1.85851304e-02,-5.95781804e-02,6.64004500e+00,0.00000000e+00,1.08702039e-01,5.10058441e-03,1.06527998e+02,4.99857272e+00
2.53200000e+00,4.65271199e-04,-9.88935453e-02,1.84580922e-02,-6.75205737e-02,6.64004500e+00,0.00000000e+00,1.06938489e-01,4.62403054e-03,1.04799719e+02,4.53154992e+00
2.53400000e+00,2.58228886e-04,-1.08127073e-01,1.83149324e-02,-7.56363937e-02,6.64004500e+00,0.00000000e+00,1.06281458e-01,4.53536145e-03,1.04155829e+02,4.44465422e+00
2.53600000e+00,3.28523247e-05,-1.17226484e-01,1.81555962e-02,-8.36778280e-02,6.64004500e+00,0.00000000e+00,1.05607134e-01,4.55583438e-03,1.03494991e+02,4.46471769e+00
2.53800000e+00,-2.10584277e-04,-1.26186744e-01,1.79803026e-02,-9.15970337e-02,6.64004500e+00,0.00000000e+00,1.04980417e-01,4.54473990e-03,1.02880809e+02,4.45384510e+00
2.54000000e+00,-4.71800299e-04,-1.35005485e-01,1.77893018e-02,-9.93757173e-02,6.64004500e+00,0.00000000e+00,1.04396511e-01,4.58111856e-03,1.02308581e+02,4.48949619e+00
2.54200000e+00,-7.50510042e-04,-1.43679973e-01,1.75829157e-02,-1.06980428e-01,6.64004500e+00,0.00000000e+00,1.03849262e-01,4.61818764e-03,1.01772277e+02,4.52582389e+00
2.54400000e+00,-1.04650223e-03,-1.52327517e-01,1.73614862e-02,-1.14426021e-01,6.64004500e+00,0.00000000e+00,1.06147963e-01,4.60182864e-03,1.04025004e+02,4.50979207e+00
2.54600000e+00,-1.35960553e-03,-1.60653216e-01,1.71248194e-02,-1.22459951e-01,6.64004500e+00,0.00000000e+00,9.88500428e-02,3.04836035e-03,9.68730420e+01,2.98739314e+00
2.54800000e+00,-1.68891158e-03,-1.68673661e-01,1.68717313e-02,-1.30366549e-01,6.64004500e+00,0.00000000e+00,1.01670546e-01,4.51088003e-03,9.96371351e+01,4.42066243e+00
2.55000000e+00,-2.03433747e-03,-1.76750042e-01,1.66042024e-02,-1.36999380e-01,6.64004500e+00,0.00000000e+00,1.02943950e-01,5.34258663e-03,1.00885071e+02,5.23573490e+00
2.55200000e+00,-2.39580103e-03,-1.84660344e-01,1.63239207e-02,-1.43351885e-01,6.64004500e+00,0.00000000e+00,1.00707932e-01,4.70144872e-03,9.86937733e+01,4.60741974e+00
2.55400000e+00,-2.77279335e-03,-1.92292422e-01,1.60306516e-02,-1.49919385e-01,6.64004500e+00,0.00000000e+00,9.94887656e-02,4.47503377e-03,9.74989903e+01,4.38553309e+00
2.55600000e+00,-3.16482603e-03,-1.99707483e-01,1.57243286e-02,-1.56358780e-01,6.64004500e+00,0.00000000e+00,9.88067000e-02,4.53538555e-03,9.68305660e+01,4.44467784e+00
2.55800000e+00,-3.57149021e-03,-2.06922938e-01,1.54053954e-02,-1.62529698e-01,6.64004500e+00,0.00000000e+00,9.81146203e-02,4.58548383e-03,9.61523279e+01,4.49377416e+00
2.56000000e+00,-3.99237974e-03,-2.13931344e-01,1.50743832e-02,-1.68440530e-01,6.64004500e+00,0.00000000e+00,9.73756092e-02,4.61086133e-03,9.54280970e+01,4.51864410e+00
2.56200000e+00,-4.42707250e-03,-2.20725145e-01,1.47318037e-02,-1.74095851e-01,6.64004500e+00,0.00000000e+00,9.66204765e-02,4.63473101e-03,9.46880670e+01,4.54203639e+00
2.56400000e+00,-4.87525588e-03,-2.27482292e-01,1.43782237e-02,-1.79415374e-01,6.64004500e+00,0.00000000e+00,1.00150280e-01,4.81278430e-03,9.81472745e+01,4.71652862e+00
2.56600000e+00,-5.33676254e-03,-2.33880761e-01,1.40138134e-02,-1.85227942e-01,6.64004500e+00,0.00000000e+00,9.19798280e-02,3.08152021e-03,9.01402315e+01,3.01988981e+00
2.56800000e+00,-5.81050140e-03,-2.39862959e-01,1.36373504e-02,-1.90982854e-01,6.64004500e+00,0.00000000e+00,9.42659775e-02,4.39845265e-03,9.23806579e+01,4.31048360e+00
2.57000000e+00,-6.29620821e-03,-2.45835911e-01,1.32507925e-02,-1.95372248e-01,6.64004500e+00,0.00000000e+00,9.57043220e-02,5.39739495e-03,9.37902355e+01,5.28944705e+00
2.57200000e+00,-6.79373013e-03,-2.51636504e-01,1.28562458e-02,-1.99185080e-01,6.64004500e+00,0.00000000e+00,9.42759072e-02,5.04656760e-03,9.23903891e+01,4.94563625e+00
2.57400000e+00,-7.30253878e-03,-2.57113951e-01,1.24539670e-02,-2.03125546e-01,6.64004500e+00,0.00000000e+00,9.22842380e-02,4.55640547e-03,9.04385533e+01,4.46527736e+00
2.57600000e+00,-7.82198315e-03,-2.62287227e-01,1.20437670e-02,-2.07030975e-01,6.64004500e+00,0.00000000e+00,9.13872866e-02,4.53572006e-03,8.95595409e+01,4.44500565e+00
2.57800000e+00,-8.35152128e-03,-2.67210912e-01,1.16260625e-02,-2.10607444e-01,6.64004500e+00,0.00000000e+00,9.07544608e-02,4.65165926e-03,8.89393716e+01,4.55862607e+00
2.58000000e+00,-8.89066033e-03,-2.71884923e-01,1.12015736e-02,-2.13829382e-01,6.64004500e+00,0.00000000e+00,8.99349537e-02,4.67480496e-03,8.81362546e+01,4.58130886e+00
2.58200000e+00,-9.43888682e-03,-2.76297717e-01,1.07709536e-02,-2.16738389e-01,6.64004500e+00,0.00000000e+00,8.91076498e-02,4.69453826e-03,8.73254968e+01,4.60064750e+00
2.58400000e+00,-9.99584210e-03,-2.80696850e-01,1.03350029e-02,-2.19073187e-01,6.64004500e+00,0.00000000e+00,9.41444788e-02,5.25829525e-03,9.22615892e+01,5.15312934e+00
2.58600000e+00,-1.05614396e-02,-2.84744066e-01,9.89444219e-03,-2.21735873e-01,6.64004500e+00,0.00000000e+00,8.54842712e-02,3.37791375e-03,8.37745858e+01,3.31035547e+00
2.58800000e+00,-1.11344894e-02,-2.88297849e-01,9.44801780e-03,-2.24460968e-01,6.64004500e+00,0.00000000e+00,8.72776840e-02,4.49075375e-03,8.55321303e+01,4.40093868e+00
2.59000000e+00,-1.17145765e-02,-2.91769968e-01,8.99742920e-03,-2.25939882e-01,6.64004500e+00,0.00000000e+00,8.82971420e-02,5.35063242e-03,8.65311992e+01,5.24361977e+00
2.59200000e+00,-1.23014387e-02,-2.95046318e-01,8.54469990e-03,-2.26756415e-01,6.64004500e+00,0.00000000e+00,8.74802317e-02,5.23468228e-03,8.57306270e+01,5.12998863e+00
2.59400000e+00,-1.28945503e-02,-2.98005365e-01,8.09043559e-03,-2.27524870e-01,6.64004500e+00,0.00000000e+00,8.57120276e-02,4.80290618e-03,8.39977870e+01,4.70684806e+00
2.59600000e+00,-1.34932376e-02,-3.00630468e-01,7.63462845e-03,-2.28251294e-01,6.64004500e+00,0.00000000e+00,8.45531690e-02,4.67206165e-03,8.28621056e+01,4.57862042e+00
2.59800000e+00,-1.40968816e-02,-3.02969783e-01,7.17762766e-03,-2.28681889e-01,6.64004500e+00,0.00000000e+00,8.39518945e-02,4.77119623e-03,8.22728566e+01,4.67577230e+00
2.60000000e+00,-1.47049396e-02,-3.05043551e-01,6.72016770e-03,-2.28712324e-01,6.64004500e+00,0.00000000e+00,8.33031155e-02,4.85852353e-03,8.16370532e+01,4.76135306e+00
2.60200000e+00,-1.53168700e-02,-3.06838663e-01,6.26300900e-03,-2.28396848e-01,6.64004500e+00,0.00000000e+00,8.24283032e-02,4.84407086e-03,8.07797371e+01,4.74718944e+00
2.60400000e+00,-1.59322958e-02,-3.08636050e-01,5.80705677e-03,-2.27366780e-01,6.64004500e+00,0.00000000e+00,8.83729933e-02,5.70675015e-03,8.66055334e+01,5.59261515e+00
2.60600000e+00,-1.65512010e-02,-3.10113576e-01,5.35342101e-03,-2.26517943e-01,6.64004500e+00,0.00000000e+00,7.99996253e-02,3.81516846e-03,7.83996328e+01,3.73886510e+00
2.60800000e+00,-1.71724082e-02,-3.11078248e-01,4.90086855e-03,-2.25843803e-01,6.64004500e+00,0.00000000e+00,8.14560415e-02,4.69335840e-03,7.98269207e+01,4.59949124e+00
2.61000000e+00,-1.77954337e-02,-3.11922541e-01,4.45076454e-03,-2.24091663e-01,6.64004500e+00,0.00000000e+00,8.22690714e-02,5.43424053e-03,8.06236900e+01,5.32555572e+00
2.61200000e+00,-1.84199527e-02,-3.12548409e-01,4.00489673e-03,-2.21747327e-01,6.64004500e+00,0.00000000e+00,8.14473896e-02,5.29848081e-03,7.98184418e+01,5.19251120e+00
2.61400000e+00,-1.90454265e-02,-3.12873112e-01,3.56386015e-03,-2.19275627e-01,6.64004500e+00,0.00000000e+00,8.03359976e-02,5.07052101e-03,7.87292776e+01,4.96911059e+00
2.61600000e+00,-1.96712362e-02,-3.12884395e-01,3.12786696e-03,-2.16694830e-01,6.64004500e+00,0.00000000e+00,7.92320008e-02,4.90358215e-03,7.76473608e+01,4.80551050e+00
2.61800000e+00,-2.02967701e-02,-3.12604723e-01,2.69723807e-03,-2.13878215e-01,6.64004500e+00,0.00000000e+00,7.86444996e-02,4.94919518e-03,7.70716096e+01,4.85021127e+00
2.62000000e+00,-2.09214767e-02,-3.12057383e-01,2.27258255e-03,-2.10718964e-01,6.64004500e+00,0.00000000e+00,7.80790138e-02,5.01485853e-03,7.65174335e+01,4.91456136e+00
2.62200000e+00,-2.15448185e-02,-3.11238348e-01,1.85457115e-03,-2.07246344e-01,6.64004500e+00,0.00000000e+00,7.73873895e-02,5.00839961e-03,7.58396417e+01,4.90823162e+00
2.62400000e+00,-2.21664321e-02,-3.10422312e-01,1.44411619e-03,-2.02995317e-01,6.64004500e+00,0.00000000e+00,8.32269840e-02,6.06072266e-03,8.15624443e+01,5.93950821e+00
2.62600000e+00,-2.27863290e-02,-3.09338158e-01,1.04254508e-03,-1.98811432e-01,6.64004500e+00,0.00000000e+00,7.61864402e-02,4.29199081e-03,7.46627114e+01,4.20615099e+00
2.62800000e+00,-2.34034784e-02,-3.07794642e-01,6.48717742e-04,-1.94856650e-01,6.64004500e+00,0.00000000e+00,7.75370882e-02,5.01567837e-03,7.59863464e+01,4.91536480e+00
2.63000000e+00,-2.40174197e-02,-3.06119308e-01,2.63681820e-04,-1.90056944e-01,6.64004500e+00,0.00000000e+00,7.81247221e-02,5.51352468e-03,7.65622276e+01,5.40325418e+00
2.63200000e+00,-2.46278111e-02,-3.04227138e-01,-1.11223831e-04,-1.84827970e-01,6.64004500e+00,0.00000000e+00,7.74605146e-02,5.37900680e-03,7.59113043e+01,5.27142667e+00
2.63400000e+00,-2.52341485e-02,-3.02065321e-01,-4.75542532e-04,-1.79467719e-01,6.64004500e+00,0.00000000e+00,7.67821205e-02,5.26644269e-03,7.52464781e+01,5.16111383e+00
2.63600000e+00,-2.58358942e-02,-2.99636213e-01,-8.28990939e-04,-1.73951833e-01,6.64004500e+00,0.00000000e+00,7.61365776e-02,5.19851920e-03,7.46138460e+01,5.09454882e+00
2.63800000e+00,-2.64325269e-02,-2.96957528e-01,-1.17120605e-03,-1.68220251e-01,6.64004500e+00,0.00000000e+00,7.58314347e-02,5.22798769e-03,7.43148060e+01,5.12342793e+00
2.64000000e+00,-2.70235669e-02,-2.94042767e-01,-1.50169644e-03,-1.62225444e-01,6.64004500e+00,0.00000000e+00,7.54566275e-02,5.27647278e-03,7.39474949e+01,5.17094333e+00
2.64200000e+00,-2.76085372e-02,-2.90886767e-01,-1.81995451e-03,-1.56000688e-01,6.64004500e+00,0.00000000e+00,7.49823173e-02,5.25346794e-03,7.34826709e+01,5.14839858e+00
2.64400000e+00,-2.81871090e-02,-2.87723256e-01,-2.12522034e-03,-1.49057761e-01,6.64004500e+00,0.00000000e+00,8.00172219e-02,6.34507011e-03,7.84168775e+01,6.21816871e+00
2.64600000e+00,-2.87592941e-02,-2.84355650e-01,-2.41619304e-03,-1.42126013e-01,6.64004500e+00,0.00000000e+00,7.48973548e-02,4.81141330e-03,7.33994077e+01,4.71518504e+00
2.64800000e+00,-2.93242887e-02,-2.80623747e-01,-2.69391449e-03,-1.35479422e-01,6.64004500e+00,0.00000000e+00,7.61319494e-02,5.34711605e-03,7.46093104e+01,5.24017373e+00
2.65000000e+00,-2.98817023e-02,-2.76761620e-01,-2.95774612e-03,-1.28285976e-01,6.64004500e+00,0.00000000e+00,7.64203364e-02,5.57944891e-03,7.48919297e+01,5.46785993e+00
2.65200000e+00,-3.04312091e-02,-2.72710461e-01,-3.20687581e-03,-1.20818678e-01,6.64004500e+00,0.00000000e+00,7.62169289e-02,5.56299714e-03,7.46925903e+01,5.45173720e+00
2.65400000e+00,-3.09724008e-02,-2.68444322e-01,-3.44096276e-03,-1.13264285e-01,6.64004500e+00,0.00000000e+00,7.58319740e-02,5.42476815e-03,7.43153345e+01,5.31627279e+00
2.65600000e+00,-3.15048485e-02,-2.63971331e-01,-3.65986629e-03,-1.05609919e-01,6.64004500e+00,0.00000000e+00,7.57479823e-02,5.45700846e-03,7.42330227e+01,5.34786829e+00
2.65800000e+00,-3.20281582e-02,-2.59306400e-01,-3.86329789e-03,-9.77987519e-02,6.64004500e+00,0.00000000e+00,7.56376823e-02,5.46009955e-03,7.41249287e+01,5.35089756e+00
2.66000000e+00,-3.25419457e-02,-2.54448920e-01,-4.05097713e-03,-8.98613452e-02,6.64004500e+00,0.00000000e+00,7.54624913e-02,5.45064016e-03,7.39532415e+01,5.34162736e+00
2.66200000e+00,-3.30458299e-02,-2.49405557e-01,-4.22266329e-03,-8.18039773e-02,6.64004500e+00,0.00000000e+00,7.54278975e-02,5.46335206e-03,7.39193395e+01,5.35408502e+00
2.66400000e+00,-3.35395436e-02,-2.44325601e-01,-4.37784068e-03,-7.32181386e-02,6.64004500e+00,0.00000000e+00,7.86585405e-02,6.33477807e-03,7.70853697e+01,6.20808250e+00
2.66600000e+00,-3.40230556e-02,-2.39130631e-01,-4.51549508e-03,-6.45711155e-02,6.64004500e+00,0.00000000e+00,7.67083232e-02,5.39154487e-03,7.51741568e+01,5.28371397e+00
2.66800000e+00,-3.44959090e-02,-2.33700002e-01,-4.63634303e-03,-5.62509066e-02,6.64004500e+00,0.00000000e+00,7.70339196e-02,5.47276898e-03,7.54932412e+01,5.36331360e+00
2.67000000e+00,-3.49577829e-02,-2.28160246e-01,-4.74033655e-03,-4.76875013e-02,6.64004500e+00,0.00000000e+00,7.79512754e-02,5.74997960e-03,7.63922499e+01,5.63498000e+00
2.67200000e+00,-3.54084702e-02,-2.22500848e-01,-4.82697427e-03,-3.89459764e-02,6.64004500e+00,0.00000000e+00,7.79402862e-02,5.71930793e-03,7.63814805e+01,5.60492177e+00
2.67400000e+00,-3.58476869e-02,-2.16692469e-01,-4.89610767e-03,-3.01852766e-02,6.64004500e+00,0.00000000e+00,7.80790157e-02,5.68789072e-03,7.65174354e+01,5.57413291e+00
2.67600000e+00,-3.62751477e-02,-2.10745485e-01,-4.94770094e-03,-2.14029204e-02,6.64004500e+00,0.00000000e+00,7.82151242e-02,5.68747750e-03,7.66508218e+01,5.57372795e+00
2.67800000e+00,-3.66905814e-02,-2.04667297e-01,-4.98170878e-03,-1.26047026e-02,6.64004500e+00,0.00000000e+00,7.84291587e-02,5.66901064e-03,7.68605755e+01,5.55563043e+00
2.68000000e+00,-3.70937340e-02,-1.98464873e-01,-4.99811480e-03,-3.79906309e-03,6.64004500e+00,0.00000000e+00,7.86283102e-02,5.67602530e-03,7.70557440e+01,5.56250480e+00
2.68200000e+00,-3.74843626e-02,-1.92144964e-01,-4.99690781e-03,5.00240483e-03,6.64004500e+00,0.00000000e+00,7.88983722e-02,5.65838478e-03,7.73204048e+01,5.54521709e+00
2.68400000e+00,-3.78622429e-02,-1.85718605e-01,-4.97802415e-03,1.39254052e-02,6.64004500e+00,0.00000000e+00,7.92517577e-02,5.95447475e-03,7.76667225e+01,5.83538526e+00
2.68600000e+00,-3.82272289e-02,-1.79280077e-01,-4.94111828e-03,2.29802565e-02,6.64004500e+00,0.00000000e+00,8.16198368e-02,5.98416672e-03,7.99874401e+01,5.86448339e+00
2.68800000e+00,-3.85793373e-02,-1.72802697e-01,-4.88620199e-03,3.18868232e-02,6.64004500e+00,0.00000000e+00,8.12445608e-02,5.71802181e-03,7.96196695e+01,5.60366138e+00
2.69000000e+00,-3.89183661e-02,-1.66215035e-01,-4.81367862e-03,4.06319535e-02,6.64004500e+00,0.00000000e+00,8.18372677e-02,5.74534480e-03,8.02005224e+01,5.63043790e+00
2.69200000e+00,-3.92441575e-02,-1.59567371e-01,-4.72366574e-03,4.93897399e-02,6.64004500e+00,0.00000000e+00,8.25290962e-02,5.86960575e-03,8.08785142e+01,5.75221364e+00
2.69400000e+00,-3.95565973e-02,-1.52862232e-01,-4.61612224e-03,5.81436640e-02,6.64004500e+00,0.00000000e+00,8.30720823e-02,5.88729432e-03,8.14106407e+01,5.76954843e+00
2.69600000e+00,-3.98555634e-02,-1.46092645e-01,-4.49115900e-03,6.67957343e-02,6.64004500e+00,0.00000000e+00,8.34912335e-02,5.83079222e-03,8.18214088e+01,5.71417638e+00
2.69800000e+00,-4.01409261e-02,-1.39260336e-01,-4.34903173e-03,7.53091773e-02,6.64004500e+00,0.00000000e+00,8.39637984e-02,5.79587048e-03,8.22845225e+01,5.67995307e+00
2.70000000e+00,-4.04125703e-02,-1.32376364e-01,-4.18999851e-03,8.37082985e-02,6.64004500e+00,0.00000000e+00,8.45295480e-02,5.81458611e-03,8.28389570e+01,5.69829439e+00
2.70200000e+00,-4.06704023e-02,-1.25448582e-01,-4.01427157e-03,9.19978780e-02,6.64004500e+00,0.00000000e+00,8.50730915e-02,5.81358889e-03,8.33716297e+01,5.69731712e+00
2.70400000e+00,-4.09142314e-02,-1.18320988e-01,-3.82228589e-03,9.98691724e-02,6.64004500e+00,0.00000000e+00,8.18797572e-02,5.20760909e-03,8.02421620e+01,5.10345690e+00
2.70600000e+00,-4.11437358e-02,-1.11267615e-01,-3.61467668e-03,1.07917712e-01,6.64004500e+00,0.00000000e+00,8.87100870e-02,6.47899898e-03,8.69358852e+01,6.34941900e+00
2.70800000e+00,-4.13594166e-02,-1.04386294e-01,-3.39052263e-03,1.16104898e-01,6.64004500e+00,0.00000000e+00,8.76887801e-02,5.81545198e-03,8.59350045e+01,5.69914294e+00
2.71000000e+00,-4.15612317e-02,-9.74311375e-02,-3.15056334e-03,1.23832749e-01,6.64004500e+00,0.00000000e+00,8.86606263e-02,5.85449208e-03,8.68874137e+01,5.73740224e+00
2.71200000e+00,-4.17491488e-02,-9.04874542e-02,-2.89526007e-03,1.31457957e-01,6.64004500e+00,0.00000000e+00,8.95192351e-02,5.96160459e-03,8.77288504e+01,5.84237250e+00
2.71400000e+00,-4.19231898e-02,-8.35561602e-02,-2.62482010e-03,1.38950302e-01,6.64004500e+00,0.00000000e+00,9.03991795e-02,5.95888385e-03,8.85911959e+01,5.83970618e+00
2.71600000e+00,-4.20833785e-02,-7.66324445e-02,-2.33959868e-03,1.46232944e-01,6.64004500e+00,0.00000000e+00,9.10322412e-02,5.92590717e-03,8.92115964e+01,5.80738903e+00
2.71800000e+00,-4.22297276e-02,-6.97207666e-02,-2.04003467e-03,1.53296089e-01,6.64004500e+00,0.00000000e+00,9.19033845e-02,5.92321230e-03,9.00653168e+01,5.80474805e+00
2.72000000e+00,-4.23622769e-02,-6.28321014e-02,-1.72656018e-03,1.60140462e-01,6.64004500e+00,0.00000000e+00,9.26801539e-02,5.91171804e-03,9.08265508e+01,5.79348368e+00
2.72200000e+00,-4.24810759e-02,-5.59733292e-02,-1.39961379e-03,1.66773408e-01,6.64004500e+00,0.00000000e+00,9.35997134e-02,5.94376918e-03,9.17277191e+01,5.82489380e+00
2.72400000e+00,-4.25859751e-02,-4.88219425e-02,-1.06004100e-03,1.72544812e-01,6.64004500e+00,0.00000000e+00,8.67276139e-02,4.58598739e-03,8.49930616e+01,4.49426764e+00
2.72600000e+00,-4.26764601e-02,-4.18151293e-02,-7.09285301e-04,1.78539974e-01,6.64004500e+00,0.00000000e+00,9.77458882e-02,6.91220171e-03,9.57909704e+01,6.77395768e+00
2.72800000e+00,-4.27534705e-02,-3.51605381e-02,-3.45680610e-04,1.84835907e-01,6.64004500e+00,0.00000000e+00,9.56137816e-02,5.73408021e-03,9.37015060e+01,5.61939861e+00
2.73000000e+00,-4.28170716e-02,-2.84599256e-02,2.95747255e-05,1.90406493e-01,6.64004500e+00,0.00000000e+00,9.72171128e-02,5.92349567e-03,9.52727706e+01,5.80502576e+00
2.73200000e+00,-4.28673692e-02,-2.18478877e-02,4.15834814e-04,1.95811279e-01,6.64004500e+00,0.00000000e+00,9.81211597e-02,5.93564452e-03,9.61587365e+01,5.81693163e+00
2.73400000e+00,-4.29045088e-02,-1.53044586e-02,8.12652772e-04,2.00965489e-01,6.64004500e+00,0.00000000e+00,9.91502573e-02,5.96229792e-03,9.71672522e+01,5.84305196e+00
2.73600000e+00,-4.29286380e-02,-8.83749473e-03,1.21951664e-03,2.05849542e-01,6.64004500e+00,0.00000000e+00,1.00131371e-01,5.94780444e-03,9.81287433e+01,5.82884835e+00
2.73800000e+00,-4.29399102e-02,-2.44762539e-03,1.63585394e-03,2.10438132e-01,6.64004500e+00,0.00000000e+00,1.01069904e-01,5.93499517e-03,9.90485055e+01,5.81629526e+00
2.74000000e+00,-4.29384835e-02,3.85985332e-03,2.06106947e-03,2.14727203e-01,6.64004500e+00,0.00000000e+00,1.02070778e-01,5.92479368e-03,1.00029363e+02,5.80629781e+00
2.74200000e+00,-4.29245312e-02,1.00768235e-02,2.49458036e-03,2.18742715e-01,6.64004500e+00,0.00000000e+00,1.03096391e-01,5.97843978e-03,1.01034463e+02,5.85887099e+00
2.74400000e+00,-4.28979386e-02,1.66501227e-02,2.93519281e-03,2.21487128e-01,6.64004500e+00,0.00000000e+00,9.35535134e-02,3.88492684e-03,9.16824432e+01,3.80722830e+00
2.74600000e+00,-4.28580705e-02,2.30136345e-02,3.38073459e-03,2.24539971e-01,6.64004500e+00,0.00000000e+00,1.07699919e-01,7.26127265e-03,1.05545921e+02,7.11604720e+00
2.74800000e+00,-4.28062026e-02,2.88992801e-02,3.83367550e-03,2.28077072e-01,6.64004500e+00,0.00000000e+00,1.04320407e-01,5.54686801e-03,1.02233999e+02,5.43593065e+00
2.75000000e+00,-4.27424343e-02,3.48436351e-02,4.29232342e-03,2.30535082e-01,6.64004500e+00,0.00000000e+00,1.05831845e-01,5.65045252e-03,1.03715208e+02,5.53744347e+00
2.75200000e+00,-4.26669391e-02,4.06215474e-02,4.75574548e-03,2.32887583e-01,6.64004500e+00,0.00000000e+00,1.07617149e-01,5.98647672e-03,1.05464806e+02,5.86674718e+00
2.75400000e+00,-4.25800400e-02,4.62616085e-02,5.22373789e-03,2.35036315e-01,6.64004500e+00,0.00000000e+00,1.08366767e-01,5.89039810e-03,1.06199432e+02,5.77259014e+00
2.75600000e+00,-4.24819664e-02,5.17910039e-02,5.69563136e-03,2.36796012e-01,6.64004500e+00,0.00000000e+00,1.09425167e-01,5.84328030e-03,1.07236664e+02,5.72641470e+00
2.75800000e+00,-4.23729574e-02,5.71983195e-02,6.17069715e-03,2.38218566e-01,6.64004500e+00,0.00000000e+00,1.10351729e-01,5.86079826e-03,1.08144694e+02,5.74358229e+00
2.76000000e+00,-4.22532572e-02,6.24794924e-02,6.64828530e-03,2.39310666e-01,6.64004500e+00,0.00000000e+00,1.11417291e-01,5.83145631e-03,1.09188946e+02,5.71482718e+00
2.76200000e+00,-4.21231299e-02,6.76248831e-02,7.12771502e-03,2.40065611e-01,6.64004500e+00,0.00000000e+00,1.12483430e-01,5.83767804e-03,1.10233762e+02,5.72092448e+00
2.76400000e+00,-4.19824715e-02,7.31995984e-02,7.60747101e-03,2.39205691e-01,6.64004500e+00,0.00000000e+00,1.00258959e-01,3.12737302e-03,9.82537794e+01,3.06482556e+00
2.76600000e+00,-4.18304927e-02,7.85325485e-02,8.08477864e-03,2.38706879e-01,6.64004500e+00,0.00000000e+00,1.16914973e-01,7.27796172e-03,1.14576673e+02,7.13240248e+00
2.76800000e+00,-4.16687397e-02,8.32678377e-02,8.56277948e-03,2.38929537e-01,6.64004500e+00,0.00000000e+00,1.12923408e-01,5.32435799e-03,1.10664940e+02,5.21787083e+00
2.77000000e+00,-4.14973866e-02,8.80553118e-02,9.03968446e-03,2.37933805e-01,6.64004500e+00,0.00000000e+00,1.14316415e-01,5.40224234e-03,1.12030087e+02,5.29419749e+00
2.77200000e+00,-4.13166547e-02,9.26384470e-02,9.51446205e-03,2.36859090e-01,6.64004500e+00,0.00000000e+00,1.16241763e-01,5.83726977e-03,1.13916928e+02,5.72052437e+00
2.77400000e+00,-4.11269527e-02,9.70417152e-02,9.98701941e-03,2.35632284e-01,6.64004500e+00,0.00000000e+00,1.16988907e-01,5.75856109e-03,1.14649128e+02,5.64338987e+00
2.77600000e+00,-4.09285823e-02,1.01303247e-01,1.04567314e-02,2.34015919e-01,6.64004500e+00,0.00000000e+00,1.17951919e-01,5.69123342e-03,1.15592880e+02,5.57740876e+00
2.77800000e+00,-4.07218421e-02,1.05411184e-01,1.09228508e-02,2.32051201e-01,6.64004500e+00,0.00000000e+00,1.18907185e-01,5.69403394e-03,1.16529041e+02,5.58015326e+00
2.78000000e+00,-4.05070455e-02,1.09357293e-01,1.13847310e-02,2.29778682e-01,6.64004500e+00,0.00000000e+00,1.19996222e-01,5.70589618e-03,1.17596297e+02,5.59177825e+00
2.78200000e+00,-4.02845269e-02,1.13132447e-01,1.18417729e-02,2.27217257e-01,6.64004500e+00,0.00000000e+00,1.21100978e-01,5.74156109e-03,1.18678958e+02,5.62672987e+00
2.78400000e+00,-4.00541842e-02,1.17404774e-01,1.22923460e-02,2.22775075e-01,6.64004500e+00,0.00000000e+00,1.06514913e-01,2.40343874e-03,1.04384614e+02,2.35536997e+00
2.78600000e+00,-3.98150674e-02,1.21437730e-01,1.27331213e-02,2.18704843e-01,6.64004500e+00,0.00000000e+00,1.24760039e-01,7.15391013e-03,1.22264838e+02,7.01083192e+00
2.78800000e+00,-3.95688817e-02,1.24798114e-01,1.31678087e-02,2.15599580e-01,6.64004500e+00,0.00000000e+00,1.20234972e-01,5.05100541e-03,1.17830272e+02,4.94998530e+00
2.79000000e+00,-3.93158409e-02,1.28209618e-01,1.35946815e-02,2.11237149e-01,6.64004500e+00,0.00000000e+00,1.21513920e-01,5.12669597e-03,1.19083642e+02,5.02416205e+00
2.79200000e+00,-3.90561949e-02,1.31393693e-01,1.40127549e-02,2.06871046e-01,6.64004500e+00,0.00000000e+00,1.23442998e-01,5.64234163e-03,1.20974138e+02,5.52949480e+00
2.79400000e+00,-3.87904051e-02,1.34369301e-01,1.44221186e-02,2.02434317e-01,6.64004500e+00,0.00000000e+00,1.24227772e-01,5.56504416e-03,1.21743217e+02,5.45374327e+00
2.79600000e+00,-3.85188224e-02,1.37187783e-01,1.48222646e-02,1.97656278e-01,6.64004500e+00,0.00000000e+00,1.24909247e-01,5.49949612e-03,1.22411062e+02,5.38950620e+00
2.79800000e+00,-3.82417660e-02,1.39838264e-01,1.52125510e-02,1.92589295e-01,6.64004500e+00,0.00000000e+00,1.25902757e-01,5.51815411e-03,1.23384702e+02,5.40779103e+00
2.80000000e+00,-3.79595864e-02,1.42313229e-01,1.55924583e-02,1.87277180e-01,6.64004500e+00,0.00000000e+00,1.26717291e-01,5.52984068e-03,1.24182945e+02,5.41924387e+00
2.80200000e+00,-3.76726291e-02,1.44614147e-01,1.59614967e-02,1.81720574e-01,6.64004500e+00,0.00000000e+00,1.27636770e-01,5.53441458e-03,1.25084034e+02,5.42372629e+00
2.80400000e+00,-3.73807763e-02,1.47445297e-01,1.63179956e-02,1.74146738e-01,6.64004500e+00,0.00000000e+00,1.11955445e-01,1.80779102e-03,1.09716336e+02,1.77163520e+00
2.80600000e+00,-3.70829922e-02,1.50060040e-01,1.66583587e-02,1.66985201e-01,6.64004500e+00,0.00000000e+00,1.30274530e-01,6.88930132e-03,1.27669039e+02,6.75151529e+00
2.80800000e+00,-3.67809962e-02,1.51984663e-01,1.69867391e-02,1.61027713e-01,6.64004500e+00,0.00000000e+00,1.25624103e-01,4.80648651e-03,1.23111621e+02,4.71035678e+00
2.81000000e+00,-3.64750227e-02,1.53955599e-01,1.73016817e-02,1.53888590e-01,6.64004500e+00,0.00000000e+00,1.26702761e-01,4.86187020e-03,1.24168706e+02,4.76463279e+00
2.81200000e+00,-3.61653286e-02,1.55694400e-01,1.76023508e-02,1.46835462e-01,6.64004500e+00,0.00000000e+00,1.28527627e-01,5.41941766e-03,1.25957075e+02,5.31102930e+00
2.81400000e+00,-3.58523812e-02,1.57229100e-01,1.78890470e-02,1.39817472e-01,6.64004500e+00,0.00000000e+00,1.28923765e-01,5.34803851e-03,1.26345290e+02,5.24107774e+00
2.81600000e+00,-3.55365129e-02,1.58612753e-01,1.81614498e-02,1.32543269e-01,6.64004500e+00,0.00000000e+00,1.29484423e-01,5.27372511e-03,1.26894734e+02,5.16825061e+00
2.81800000e+00,-3.52180353e-02,1.59838718e-01,1.84190804e-02,1.25059576e-01,6.64004500e+00,0.00000000e+00,1.30013832e-01,5.27940483e-03,1.27413555e+02,5.17381673e+00
2.82000000e+00,-3.48972667e-02,1.60901659e-01,1.86615755e-02,1.17406948e-01,6.64004500e+00,0.00000000e+00,1.30679758e-01,5.26866424e-03,1.28066163e+02,5.16329096e+00
2.82200000e+00,-3.45745400e-02,1.61797638e-01,1.88886118e-02,1.09609699e-01,6.64004500e+00,0.00000000e+00,1.31284578e-01,5.30335711e-03,1.28658886e+02,5.19728996e+00
2.82400000e+00,-3.42497013e-02,1.63255868e-01,1.90986059e-02,9.97002222e-02,6.64004500e+00,0.00000000e+00,1.14894784e-01,1.13885198e-03,1.12596889e+02,1.11607494e+00
2.82600000e+00,-3.39216429e-02,1.64524475e-01,1.92877182e-02,9.02488286e-02,6.64004500e+00,0.00000000e+00,1.33043851e-01,6.53923419e-03,1.30382974e+02,6.40844951e+00
2.82800000e+00,-3.35920694e-02,1.65094114e-01,1.94606244e-02,8.23321606e-02,6.64004500e+00,0.00000000e+00,1.28539525e-01,4.61035063e-03,1.25968735e+02,4.51814362e+00
2.83000000e+00,-3.32612338e-02,1.65712745e-01,1.96163735e-02,7.34056231e-02,6.64004500e+00,0.00000000e+00,1.29201004e-01,4.64565424e-03,1.26616984e+02,4.55274115e+00
2.83200000e+00,-3.29293481e-02,1.66136809e-01,1.97543414e-02,6.46208629e-02,6.64004500e+00,0.00000000e+00,1.30378657e-01,5.10864791e-03,1.27771083e+02,5.00647495e+00
2.83400000e+00,-3.25968046e-02,1.66383907e-01,1.98749355e-02,5.59539364e-02,6.64004500e+00,0.00000000e+00,1.30622679e-01,5.06879424e-03,1.28010225e+02,4.96741835e+00
2.83600000e+00,-3.22639020e-02,1.66496839e-01,1.99780738e-02,4.71618771e-02,6.64004500e+00,0.00000000e+00,1.30796733e-01,4.99691382e-03,1.28180799e+02,4.89697554e+00
2.83800000e+00,-3.19309090e-02,1.66472054e-01,2.00635284e-02,3.82877767e-02,6.64004500e+00,0.00000000e+00,1.31122445e-01,5.02228798e-03,1.28499996e+02,4.92184222e+00
2.84000000e+00,-3.15981096e-02,1.66303479e-01,2.01312032e-02,2.93812144e-02,6.64004500e+00,0.00000000e+00,1.31439419e-01,5.02908728e-03,1.28810631e+02,4.92850553e+00
2.84200000e+00,-3.12657917e-02,1.65989983e-01,2.01810363e-02,2.04492196e-02,6.64004500e+00,0.00000000e+00,1.31794886e-01,5.04374019e-03,1.29158988e+02,4.94286539e+00
2.84400000e+00,-3.09337768e-02,1.66235812e-01,2.02116165e-02,9.44220367e-03,6.64004500e+00,0.00000000e+00,1.15659266e-01,7.21512340e-04,1.13346081e+02,7.07082093e-01
2.84600000e+00,-3.06009403e-02,1.66343916e-01,2.02191255e-02,-1.08435269e-03,6.64004500e+00,0.00000000e+00,1.32297641e-01,6.06759565e-03,1.29651688e+02,5.94624374e+00
2.84800000e+00,-3.02688376e-02,1.65797314e-01,2.02084718e-02,-9.82196168e-03,6.64004500e+00,0.00000000e+00,1.28244562e-01,4.46475919e-03,1.25679671e+02,4.37546400e+00
2.85000000e+00,-2.99377193e-02,1.65298289e-01,2.01793412e-02,-1.93043276e-02,6.64004500e+00,0.00000000e+00,1.28480958e-01,4.46660671e-03,1.25911339e+02,4.37727458e+00
2.85200000e+00,-2.96077492e-02,1.64642141e-01,2.01313987e-02,-2.85704112e-02,6.64004500e+00,0.00000000e+00,1.29219892e-01,4.85405647e-03,1.26635494e+02,4.75697534e+00
2.85400000e+00,-2.92792468e-02,1.63841934e-01,2.00652087e-02,-3.76127714e-02,6.64004500e+00,0.00000000e+00,1.29162406e-01,4.84533904e-03,1.26579158e+02,4.74843226e+00
2.85600000e+00,-2.89524504e-02,1.62938246e-01,1.99809570e-02,-4.66410870e-02,6.64004500e+00,0.00000000e+00,1.28966625e-01,4.76686055e-03,1.26387292e+02,4.67152334e+00
2.85800000e+00,-2.86275636e-02,1.61929901e-01,1.98786766e-02,-5.56210476e-02,6.64004500e+00,0.00000000e+00,1.28951794e-01,4.80439402e-03,1.26372758e+02,4.70830614e+00
2.86000000e+00,-2.83048058e-02,1.60809147e-01,1.97585363e-02,-6.45057467e-02,6.64004500e+00,0.00000000e+00,1.28954044e-01,4.79881762e-03,1.26374963e+02,4.70284127e+00
2.86200000e+00,-2.79843982e-02,1.59581699e-01,1.96207166e-02,-7.32958683e-02,6.64004500e+00,0.00000000e+00,1.28824452e-01,4.80962218e-03,1.26247963e+02,4.71342974e+00
2.86400000e+00,-2.76661080e-02,1.58910646e-01,1.94640260e-02,-8.40759632e-02,6.64004500e+00,0.00000000e+00,1.13350723e-01,4.02139268e-04,1.11083708e+02,3.94096483e-01
2.86600000e+00,-2.73488127e-02,1.58153986e-01,1.92847369e-02,-9.43701639e-02,6.64004500e+00,0.00000000e+00,1.28232533e-01,5.57793302e-03,1.25667882e+02,5.46637436e+00
2.86800000e+00,-2.70339002e-02,1.56785100e-01,1.90879152e-02,-1.02609612e-01,6.64004500e+00,0.00000000e+00,1.25080409e-01,4.43719337e-03,1.22578801e+02,4.34844950e+00
2.87000000e+00,-2.67216432e-02,1.55459786e-01,1.88740121e-02,-1.11278589e-01,6.64004500e+00,0.00000000e+00,1.24660001e-01,4.37431790e-03,1.22166801e+02,4.28683155e+00
2.87200000e+00,-2.64121269e-02,1.54035773e-01,1.86429623e-02,-1.19705441e-01,6.64004500e+00,0.00000000e+00,1.24854334e-01,4.61881205e-03,1.22357247e+02,4.52643581e+00
2.87400000e+00,-2.61055643e-02,1.52515494e-01,1.83953806e-02,-1.27846837e-01,6.64004500e+00,0.00000000e+00,1.24400751e-01,4.62313498e-03,1.21912736e+02,4.53067228e+00
2.87600000e+00,-2.58021103e-02,1.50927153e-01,1.81316818e-02,-1.35827930e-01,6.64004500e+00,0.00000000e+00,1.23961168e-01,4.58184424e-03,1.21481945e+02,4.49020736e+00
2.87800000e+00,-2.55019021e-02,1.49269194e-01,1.78521898e-02,-1.43627641e-01,6.64004500e+00,0.00000000e+00,1.23570150e-01,4.60778022e-03,1.21098747e+02,4.51562462e+00
2.88000000e+00,-2.52050803e-02,1.47541054e-01,1.75573190e-02,-1.51205869e-01,6.64004500e+00,0.00000000e+00,1.23171056e-01,4.62860212e-03,1.20707635e+02,4.53603008e+00
2.88200000e+00,-2.49117838e-02,1.45744020e-01,1.72475162e-02,-1.58559284e-01,6.64004500e+00,0.00000000e+00,1.22778490e-01,4.64010304e-03,1.20322920e+02,4.54730098e+00
2.88400000e+00,-2.46218131e-02,1.44383735e-01,1.69220736e-02,-1.67424794e-01,6.64004500e+00,0.00000000e+00,1.10592071e-01,9.93192315e-04,1.08380230e+02,9.73328469e-01
2.88600000e+00,-2.43342745e-02,1.42985041e-01,1.65781342e-02,-1.75814838e-01,6.64004500e+00,0.00000000e+00,1.21323745e-01,5.15047497e-03,1.18897270e+02,5.04746547e+00
2.88800000e+00,-2.40501790e-02,1.41127212e-01,1.62200738e-02,-1.82315647e-01,6.64004500e+00,0.00000000e+00,1.18994044e-01,4.44980974e-03,1.16614163e+02,4.36081355e+00
2.89000000e+00,-2.37697363e-02,1.39313367e-01,1.58487776e-02,-1.88957402e-01,6.64004500e+00,0.00000000e+00,1.17999239e-01,4.32692695e-03,1.15639254e+02,4.24038841e+00
2.89200000e+00,-2.34929578e-02,1.37451146e-01,1.54644432e-02,-1.95300628e-01,6.64004500e+00,0.00000000e+00,1.17857480e-01,4.52999409e-03,1.15500330e+02,4.43939421e+00
2.89400000e+00,-2.32199681e-02,1.35534461e-01,1.50678113e-02,-2.01289675e-01,6.64004500e+00,0.00000000e+00,1.17035646e-01,4.50619128e-03,1.14694933e+02,4.41606746e+00
2.89600000e+00,-2.29508368e-02,1.33592465e-01,1.46594508e-02,-2.07029299e-01,6.64004500e+00,0.00000000e+00,1.16244020e-01,4.47252345e-03,1.13919139e+02,4.38307298e+00
2.89800000e+00,-2.26856206e-02,1.31616859e-01,1.42398894e-02,-2.12476000e-01,6.64004500e+00,0.00000000e+00,1.15647972e-01,4.52390836e-03,1.13335013e+02,4.43343019e+00
2.90000000e+00,-2.24243914e-02,1.29608202e-01,1.38097525e-02,-2.17614188e-01,6.64004500e+00,0.00000000e+00,1.14875659e-01,4.50772642e-03,1.12578145e+02,4.41757189e+00
2.90200000e+00,-2.21672063e-02,1.27571712e-01,1.33696347e-02,-2.22449293e-01,6.64004500e+00,0.00000000e+00,1.14190583e-01,4.53333868e-03,1.11906771e+02,4.44267191e+00
2.90400000e+00,-2.19139358e-02,1.25788324e-01,1.29194368e-02,-2.28062162e-01,6.64004500e+00,0.00000000e+00,1.06886183e-01,2.23421940e-03,1.04748459e+02,2.18953501e+00
2.90600000e+00,-2.16640505e-02,1.24008847e-01,1.24576634e-02,-2.33259086e-01,6.64004500e+00,0.00000000e+00,1.12052424e-01,4.74903787e-03,1.09811376e+02,4.65405711e+00
2.90800000e+00,-2.14180617e-02,1.21987492e-01,1.19873242e-02,-2.37070490e-01,6.64004500e+00,0.00000000e+00,1.10521864e-01,4.47207558e-03,1.08311427e+02,4.38263406e+00
2.91000000e+00,-2.11760819e-02,1.19994038e-01,1.15094977e-02,-2.40707582e-01,6.64004500e+00,0.00000000e+00,1.09416973e-01,4.43381262e-03,1.07228634e+02,4.34513637e+00
2.91200000e+00,-2.09380898e-02,1.17994191e-01,1.10247208e-02,-2.44004266e-01,6.64004500e+00,0.00000000e+00,1.08720304e-01,4.49542632e-03,1.06545898e+02,4.40551779e+00
2.91400000e+00,-2.07041097e-02,1.15987510e-01,1.05337200e-02,-2.46941997e-01,6.64004500e+00,0.00000000e+00,1.07658420e-01,4.48704761e-03,1.05505252e+02,4.39730666e+00
2.91600000e+00,-2.04741394e-02,1.13981297e-01,1.00371811e-02,-2.49537297e-01,6.64004500e+00,0.00000000e+00,1.06823899e-01,4.50593336e-03,1.04687421e+02,4.41581469e+00
2.91800000e+00,-2.02481843e-02,1.11975337e-01,9.53580080e-03,-2.51787593e-01,6.64004500e+00,0.00000000e+00,1.05799759e-01,4.49589166e-03,1.03683764e+02,4.40597383e+00
2.92000000e+00,-2.00262316e-02,1.09979140e-01,9.03024691e-03,-2.53713715e-01,6.64004500e+00,0.00000000e+00,1.04775751e-01,4.46496589e-03,1.02680236e+02,4.37566657e+00
2.92200000e+00,-1.98082646e-02,1.07987738e-01,8.52118001e-03,-2.55288765e-01,6.64004500e+00,0.00000000e+00,1.03900280e-01,4.50622126e-03,1.01822274e+02,4.41609684e+00
2.92400000e+00,-1.95942533e-02,1.06037385e-01,8.00918586e-03,-2.56722800e-01,6.64004500e+00,0.00000000e+00,1.02061482e-01,4.03011420e-03,1.00020253e+02,3.94951192e+00
2.92600000e+00,-1.93840971e-02,1.04113893e-01,7.49452595e-03,-2.57801187e-01,6.64004500e+00,0.00000000e+00,1.01549234e-01,4.51799618e-03,9.95182497e+01,4.42763626e+00
2.92800000e+00,-1.91778010e-02,1.02185446e-01,6.97836480e-03,-2.58304106e-01,6.64004500e+00,0.00000000e+00,1.00485313e-01,4.50087545e-03,9.84756069e+01,4.41085794e+00
2.93000000e+00,-1.89753436e-02,1.00274619e-01,6.46155221e-03,-2.58443042e-01,6.64004500e+00,0.00000000e+00,9.94769900e-02,4.54377846e-03,9.74874502e+01,4.45290290e+00
2.93200000e+00,-1.87766876e-02,9.83861221e-02,5.94483237e-03,-2.58222399e-01,6.64004500e+00,0.00000000e+00,9.83341049e-02,4.51739142e-03,9.63674228e+01,4.42704359e+00
2.93400000e+00,-1.85817803e-02,9.65258461e-02,5.42888131e-03,-2.57673753e-01,6.64004500e+00,0.00000000e+00,9.72188519e-02,4.49498451e-03,9.52744748e+01,4.40508482e+00
2.93600000e+00,-1.83905668e-02,9.46917585e-02,4.91436825e-03,-2.56778812e-01,6.64004500e+00,0.00000000e+00,9.61537216e-02,4.50890426e-03,9.42306472e+01,4.41872617e+00
2.93800000e+00,-1.82029976e-02,9.28811129e-02,4.40201271e-03,-2.55513940e-01,6.64004500e+00,0.00000000e+00,9.51324923e-02,4.53904379e-03,9.32298425e+01,4.44826292e+00
2.94000000e+00,-1.80190254e-02,9.10958070e-02,3.89255723e-03,-2.53882010e-01,6.64004500e+00,0.00000000e+00,9.40524792e-02,4.55092354e-03,9.21714297e+01,4.45990507e+00
2.94200000e+00,-1.78385946e-02,8.93401249e-02,3.38671949e-03,-2.51897885e-01,6.64004500e+00,0.00000000e+00,9.29601714e-02,4.55489142e-03,9.11009680e+01,4.46379360e+00
2.94400000e+00,-1.76617659e-02,8.74329658e-02,2.88557581e-03,-2.48998698e-01,6.64004500e+00,0.00000000e+00,9.61410397e-02,5.75463536e-03,9.42182189e+01,5.63954266e+00
2.94600000e+00,-1.74888373e-02,8.55639874e-02,2.39089029e-03,-2.45851100e-01,6.64004500e+00,0.00000000e+00,9.06484176e-02,4.36826426e-03,8.88354492e+01,4.28089897e+00
2.94800000e+00,-1.73193742e-02,8.38986178e-02,1.90201042e-03,-2.42944995e-01,6.64004500e+00,0.00000000e+00,8.99930755e-02,4.54818797e-03,8.81932140e+01,4.45722421e+00
2.95000000e+00,-1.71532405e-02,8.22367701e-02,1.41942764e-03,-2.39562949e-01,6.64004500e+00,0.00000000e+00,8.92031372e-02,4.67651051e-03,8.74190745e+01,4.58298030e+00
2.95200000e+00,-1.69904103e-02,8.06001679e-02,9.44016306e-04,-2.35794422e-01,6.64004500e+00,0.00000000e+00,8.80672222e-02,4.67873851e-03,8.63058778e+01,4.58516374e+00
2.95400000e+00,-1.68308135e-02,7.90031199e-02,4.76456742e-04,-2.31715750e-01,6.64004500e+00,0.00000000e+00,8.69694823e-02,4.65791642e-03,8.52300927e+01,4.56475810e+00
2.95600000e+00,-1.66743708e-02,7.74466224e-02,1.73528274e-05,-2.27337828e-01,6.64004500e+00,0.00000000e+00,8.58362009e-02,4.64923714e-03,8.41194769e+01,4.55625240e+00
2.95800000e+00,-1.65210012e-02,7.59288228e-02,-4.32685902e-04,-2.22646938e-01,6.64004500e+00,0.00000000e+00,8.48069993e-02,4.67003094e-03,8.31108593e+01,4.57663032e+00
2.96000000e+00,-1.63706299e-02,7.44495075e-02,-8.73028938e-04,-2.17647100e-01,6.64004500e+00,0.00000000e+00,8.37033378e-02,4.66663763e-03,8.20292710e+01,4.57330487e+00
2.96200000e+00,-1.62231756e-02,7.30115459e-02,-1.30307405e-03,-2.12346913e-01,6.64004500e+00,0.00000000e+00,8.26310666e-02,4.68397216e-03,8.09784452e+01,4.59029272e+00
2.96400000e+00,-1.60788421e-02,7.11860454e-02,-1.72125243e-03,-2.05300747e-01,6.64004500e+00,0.00000000e+00,9.15739635e-02,7.73139107e-03,8.97424843e+01,7.57676324e+00
2.96600000e+00,-1.59384047e-02,6.94006060e-02,-2.12422258e-03,-1.98172784e-01,6.64004500e+00,0.00000000e+00,8.05406234e-02,4.27687920e-03,7.89298109e+01,4.19134161e+00
2.96800000e+00,-1.58009535e-02,6.80443786e-02,-2.51473671e-03,-1.92234469e-01,6.64004500e+00,0.00000000e+00,8.04168559e-02,4.67405984e-03,7.88085188e+01,4.58057864e+00
2.97000000e+00,-1.56662414e-02,6.66667720e-02,-2.89279689e-03,-1.85750855e-01,6.64004500e+00,0.00000000e+00,7.99348881e-02,4.87876234e-03,7.83361904e+01,4.78118709e+00
2.97200000e+00,-1.55342719e-02,6.53108857e-02,-3.25752089e-03,-1.78938410e-01,6.64004500e+00,0.00000000e+00,7.88264414e-02,4.84047537e-03,7.72499126e+01,4.74366586e+00
2.97400000e+00,-1.54049716e-02,6.39944457e-02,-3.60839143e-03,-1.71887352e-01,6.64004500e+00,0.00000000e+00,7.79522262e-02,4.87550738e-03,7.63931817e+01,4.77799724e+00
2.97600000e+00,-1.52782693e-02,6.27151930e-02,-3.94491509e-03,-1.64603509e-01,6.64004500e+00,0.00000000e+00,7.69179163e-02,4.84538255e-03,7.53795580e+01,4.74847490e+00
2.97800000e+00,-1.51540809e-02,6.14807309e-02,-4.26667154e-03,-1.57118797e-01,6.64004500e+00,0.00000000e+00,7.58867374e-02,4.83444041e-03,7.43690026e+01,4.73775160e+00
2.98000000e+00,-1.50323190e-02,6.02874295e-02,-4.57324945e-03,-1.49422869e-01,6.64004500e+00,0.00000000e+00,7.49572301e-02,4.84762947e-03,7.34580855e+01,4.75067688e+00
2.98200000e+00,-1.49129057e-02,5.91323290e-02,-4.86422011e-03,-1.41512613e-01,6.64004500e+00,0.00000000e+00,7.40145393e-02,4.86542793e-03,7.25342486e+01,4.76811937e+00
2.98400000e+00,-1.47962111e-02,5.73450587e-02,-5.13762375e-03,-1.31088518e-01,6.64004500e+00,0.00000000e+00,8.87703414e-02,9.72967776e-03,8.69949346e+01,9.53508420e+00
2.98600000e+00,-1.46835049e-02,5.55886776e-02,-5.38864610e-03,-1.20772085e-01,6.64004500e+00,0.00000000e+00,7.23645965e-02,4.27629106e-03,7.09173046e+01,4.19076524e+00
2.98800000e+00,-1.45734305e-02,5.44710859e-02,-5.62215500e-03,-1.12619889e-01,6.64004500e+00,0.00000000e+00,7.29404561e-02,4.85007556e-03,7.14816470e+01,4.75307405e+00
2.99000000e+00,-1.44656573e-02,5.32983098e-02,-5.83874888e-03,-1.03902581e-01,6.64004500e+00,0.00000000e+00,7.27695585e-02,5.14951327e-03,7.13141674e+01,5.04652300e+00
2.99200000e+00,-1.43602351e-02,5.21287820e-02,-6.03757761e-03,-9.49037256e-02,6.64004500e+00,0.00000000e+00,7.19991691e-02,5.15333828e-03,7.05591857e+01,5.05027152e+00
2.99400000e+00,-1.42571197e-02,5.09930821e-02,-6.21830354e-03,-8.58145157e-02,6.64004500e+00,0.00000000e+00,7.11326693e-02,5.07728166e-03,6.97100159e+01,4.97573602e+00
2.99600000e+00,-1.41562391e-02,4.98929391e-02,-6.38078734e-03,-7.66528110e-02,6.64004500e+00,0.00000000e+00,7.03402713e-02,5.06965247e-03,6.89334659e+01,4.96825942e+00
2.99800000e+00,-1.40575237e-02,4.88291628e-02,-6.52486478e-03,-6.74161198e-02,6.64004500e+00,0.00000000e+00,6.94726672e-02,5.02508692e-03,6.80832139e+01,4.92458518e+00
3.00000000e+00,-1.39609008e-02,4.77978779e-02,-6.65039424e-03,-5.80930781e-02,6.64004500e+00,0.00000000e+00,6.87880495e-02,5.06777752e-03,6.74122885e+01,4.96642197e+00
