t,h,h_dot,alpha,alpha_dot,delta,W_g,C_L,C_M,F_y,M_z
2.00000000e-03,0.00000000e+00,0.00000000e+00,0.00000000e+00,0.00000000e+00,0.00000000e+00,4.98850558e-03,1.26327256e-01,3.00480580e-02,1.23800711e+02,2.94470968e+01
4.00000000e-03,-9.76024003e-06,-9.23401555e-03,2.33284460e-05,2.06775589e-02,0.00000000e+00,1.99453874e-02,8.94943834e-02,1.33799198e-02,8.77044957e+01,1.31123214e+01
6.00000000e-03,-3.65016836e-05,-1.78164645e-02,7.94989318e-05,3.65382586e-02,0.00000000e+00,4.48447556e-02,1.11286401e-01,2.00116598e-02,1.09060673e+02,1.96114266e+01
8.00000000e-03,-8.15454132e-05,-2.71778563e-02,1.70681553e-04,5.41990433e-02,0.00000000e+00,7.96435102e-02,1.08025503e-01,1.72811717e-02,1.05864993e+02,1.69355482e+01
1.00000000e-02,-1.45166538e-04,-3.64693930e-02,2.95096092e-04,7.00614764e-02,0.00000000e+00,1.24281416e-01,1.10135612e-01,1.64081150e-02,1.07932900e+02,1.60799527e+01
1.20000000e-02,-2.27561994e-04,-4.59694291e-02,4.50611863e-04,8.54505510e-02,0.00000000e+00,1.78681206e-01,1.13531597e-01,1.65034738e-02,1.11260965e+02,1.61734044e+01
1.40000000e-02,-3.29184012e-04,-5.56790888e-02,6.36777095e-04,1.00657850e-01,0.00000000e+00,2.42748716e-01,1.15824005e-01,1.62862884e-02,1.13507525e+02,1.59605627e+01
1.60000000e-02,-4.50383558e-04,-6.55465530e-02,8.53048182e-04,1.15572556e-01,0.00000000e+00,3.16373047e-01,1.18168285e-01,1.61921747e-02,1.15804919e+02,1.58683312e+01
1.80000000e-02,-5.91478822e-04,-7.55769052e-02,1.09895967e-03,1.30325804e-01,0.00000000e+00,3.99426758e-01,1.20741237e-01,1.62926622e-02,1.18326412e+02,1.59668090e+01
2.00000000e-02,-7.52795089e-04,-8.57631134e-02,1.37428315e-03,1.44976697e-01,0.00000000e+00,4.91766087e-01,1.23085616e-01,1.63646633e-02,1.20623904e+02,1.60373700e+01
2.20000000e-02,-9.34477485e-04,-9.58686431e-02,1.67844423e-03,1.58994342e-01,0.00000000e+00,5.93231196e-01,1.20297661e-01,1.53921897e-02,1.17891708e+02,1.50843460e+01
2.40000000e-02,-1.13624914e-03,-1.05943389e-01,2.01008466e-03,1.72748182e-01,0.00000000e+00,7.03646454e-01,1.23972439e-01,1.62791357e-02,1.21492990e+02,1.59535530e+01
2.60000000e-02,-1.35834578e-03,-1.16160232e-01,2.36956473e-03,1.86693666e-01,0.00000000e+00,8.22820734e-01,1.25389466e-01,1.63022883e-02,1.22881677e+02,1.59762425e+01
2.80000000e-02,-1.60089520e-03,-1.26384767e-01,2.75660208e-03,2.00253342e-01,0.00000000e+00,9.50547751e-01,1.26090405e-01,1.60166600e-02,1.23568597e+02,1.56963268e+01
3.00000000e-02,-1.86388463e-03,-1.36608974e-01,3.17034498e-03,2.13463381e-01,0.00000000e+00,1.08660641e+00,1.27486939e-01,1.61540616e-02,1.24937200e+02,1.58309804e+01
3.20000000e-02,-2.14733686e-03,-1.46841827e-01,3.61031094e-03,2.26456445e-01,0.00000000e+00,1.23076121e+00,1.28564571e-01,1.61844273e-02,1.25993280e+02,1.58607387e+01
3.40000000e-02,-2.45124045e-03,-1.57057463e-01,4.07597540e-03,2.39156506e-01,0.00000000e+00,1.38276261e+00,1.29523755e-01,1.61990802e-02,1.26933280e+02,1.58750985e+01
3.60000000e-02,-2.77554601e-03,-1.67242054e-01,4.56673216e-03,2.51549402e-01,0.00000000e+00,1.54234750e+00,1.30444945e-01,1.62356895e-02,1.27836046e+02,1.59109757e+01
3.80000000e-02,-3.12017978e-03,-1.77383310e-01,5.08196329e-03,2.63627743e-01,0.00000000e+00,1.70923966e+00,1.31283024e-01,1.62699198e-02,1.28657363e+02,1.59445214e+01
4.00000000e-02,-3.48504043e-03,-1.87466338e-01,5.62101771e-03,2.75367978e-01,0.00000000e+00,1.88315019e+00,1.32021577e-01,1.62912665e-02,1.29381145e+02,1.59654412e+01
4.20000000e-02,-3.86990785e-03,-1.97343451e-01,6.18281975e-03,2.86185174e-01,0.00000000e+00,2.06377807e+00,1.29572536e-01,1.51305179e-02,1.26981085e+02,1.48279076e+01
4.40000000e-02,-4.27431632e-03,-2.07073695e-01,6.76541756e-03,2.96491117e-01,0.00000000e+00,2.25081062e+00,1.31851274e-01,1.60462541e-02,1.29214248e+02,1.57253290e+01
4.60000000e-02,-4.69820177e-03,-2.16802659e-01,7.36891866e-03,3.06998696e-01,0.00000000e+00,2.44392411e+00,1.32963171e-01,1.64116017e-02,1.30303907e+02,1.60833697e+01
4.80000000e-02,-5.14144142e-03,-2.26403327e-01,7.99310924e-03,3.17051689e-01,0.00000000e+00,2.64278426e+00,1.32432287e-01,1.59796198e-02,1.29783641e+02,1.56600274e+01
5.00000000e-02,-5.60370315e-03,-2.35836110e-01,8.63672259e-03,3.26500510e-01,0.00000000e+00,2.84704685e+00,1.32775118e-01,1.60590083e-02,1.30119615e+02,1.57378281e+01
5.20000000e-02,-6.08469107e-03,-2.45126716e-01,9.29885158e-03,3.35559835e-01,0.00000000e+00,3.05635832e+00,1.32998395e-01,1.61042390e-02,1.30338427e+02,1.57821542e+01
5.40000000e-02,-6.58410598e-03,-2.54261283e-01,9.97867803e-03,3.44193351e-01,0.00000000e+00,3.27035634e+00,1.33168353e-01,1.61328650e-02,1.30504986e+02,1.58102077e+01
5.60000000e-02,-7.10162538e-03,-2.63229629e-01,1.06753269e-02,3.52379710e-01,0.00000000e+00,3.48867049e+00,1.33302194e-01,1.61574928e-02,1.30636150e+02,1.58343429e+01
5.80000000e-02,-7.63690664e-03,-2.72021191e-01,1.13878877e-02,3.60102324e-01,0.00000000e+00,3.71092289e+00,1.33371010e-01,1.61742255e-02,1.30703590e+02,1.58507410e+01
6.00000000e-02,-8.18958464e-03,-2.80624504e-01,1.21154182e-02,3.67348050e-01,0.00000000e+00,3.93672882e+00,1.33379726e-01,1.61928412e-02,1.30712131e+02,1.58689844e+01
6.20000000e-02,-8.75919399e-03,-2.88911850e-01,1.28565728e-02,3.73533304e-01,0.00000000e+00,4.16569742e+00,1.30603444e-01,1.50044514e-02,1.27991375e+02,1.47043624e+01
6.40000000e-02,-9.34506755e-03,-2.96952475e-01,1.36091346e-02,3.79093444e-01,0.00000000e+00,4.39743234e+00,1.32364306e-01,1.59535717e-02,1.29717020e+02,1.56345002e+01
6.60000000e-02,-9.94693391e-03,-3.04888135e-01,1.43730375e-02,3.84789958e-01,0.00000000e+00,4.63153247e+00,1.33031372e-01,1.63796561e-02,1.30370744e+02,1.60520629e+01
6.80000000e-02,-1.05644626e-02,-3.12587594e-01,1.51479262e-02,3.89934215e-01,0.00000000e+00,4.86759259e+00,1.31854321e-01,1.58992007e-02,1.29217235e+02,1.55812166e+01
7.00000000e-02,-1.11970994e-02,-3.20009758e-01,1.59322886e-02,3.94349885e-01,0.00000000e+00,5.10520408e+00,1.31685669e-01,1.59690352e-02,1.29051955e+02,1.56496545e+01
7.20000000e-02,-1.18443397e-02,-3.27189063e-01,1.67250053e-02,3.98284846e-01,0.00000000e+00,5.34395565e+00,1.31433453e-01,1.60210032e-02,1.28804784e+02,1.57005831e+01
7.40000000e-02,-1.25056877e-02,-3.34116458e-01,1.75250959e-02,4.01721780e-01,0.00000000e+00,5.58343402e+00,1.31169528e-01,1.60652259e-02,1.28546137e+02,1.57439214e+01
7.60000000e-02,-1.31806315e-02,-3.40782813e-01,1.83315425e-02,4.04633911e-01,0.00000000e+00,5.82322467e+00,1.30815995e-01,1.60702822e-02,1.28199675e+02,1.57488766e+01
7.80000000e-02,-1.38686395e-02,-3.47180048e-01,1.91432715e-02,4.07005991e-01,0.00000000e+00,6.06291252e+00,1.30470987e-01,1.60902662e-02,1.27861567e+02,1.57684609e+01
8.00000000e-02,-1.45691680e-02,-3.53301776e-01,1.99592072e-02,4.08839210e-01,0.00000000e+00,6.30208269e+00,1.30071571e-01,1.61040484e-02,1.27470139e+02,1.57819674e+01
8.20000000e-02,-1.52816057e-02,-3.59062136e-01,2.07779453e-02,4.09648020e-01,0.00000000e+00,6.54032119e+00,1.27818769e-01,1.51092242e-02,1.25262393e+02,1.48070397e+01
8.40000000e-02,-1.60052177e-02,-3.64524156e-01,2.15973697e-02,4.09812563e-01,0.00000000e+00,6.77721562e+00,1.28984802e-01,1.59222864e-02,1.26405106e+02,1.56038407e+01
8.60000000e-02,-1.67395779e-02,-3.69799557e-01,2.24172247e-02,4.10020866e-01,0.00000000e+00,7.01235593e+00,1.29431072e-01,1.63722018e-02,1.26842451e+02,1.60447577e+01
8.80000000e-02,-1.74842161e-02,-3.74775326e-01,2.32370815e-02,4.09671674e-01,0.00000000e+00,7.24533510e+00,1.28041286e-01,1.59234053e-02,1.25480461e+02,1.56049372e+01
9.00000000e-02,-1.82384506e-02,-3.79408205e-01,2.40554118e-02,4.08573106e-01,0.00000000e+00,7.47574985e+00,1.27556578e-01,1.59687148e-02,1.25005446e+02,1.56493405e+01
9.20000000e-02,-1.90016451e-02,-3.83735310e-01,2.48710364e-02,4.06968294e-01,0.00000000e+00,7.70320135e+00,1.27108417e-01,1.60265991e-02,1.24566249e+02,1.57060671e+01
9.40000000e-02,-1.97731862e-02,-3.87753917e-01,2.56829463e-02,4.04855513e-01,0.00000000e+00,7.92729588e+00,1.26629487e-01,1.60631857e-02,1.24096897e+02,1.57419220e+01
9.60000000e-02,-2.05524491e-02,-3.91455055e-01,2.64901031e-02,4.02209770e-01,0.00000000e+00,8.14764554e+00,1.26036016e-01,1.60620343e-02,1.23515296e+02,1.57407936e+01
9.80000000e-02,-2.13387895e-02,-3.94830783e-01,2.72914295e-02,3.99030260e-01,0.00000000e+00,8.36386891e+00,1.25430625e-01,1.60888223e-02,1.22922012e+02,1.57670459e+01
1.00000000e-01,-2.21315544e-02,-3.97879821e-01,2.80858739e-02,3.95325445e-01,0.00000000e+00,8.57559172e+00,1.24861011e-01,1.60958161e-02,1.22363791e+02,1.57738998e+01
1.02000000e-01,-2.29300751e-02,-4.00578444e-01,2.88721757e-02,3.90787381e-01,0.00000000e+00,8.78244748e+00,1.23749649e-01,1.54648940e-02,1.21274656e+02,1.51555962e+01
1.04000000e-01,-2.37336571e-02,-4.02960404e-01,2.96486223e-02,3.85647774e-01,0.00000000e+00,8.98407814e+00,1.24011362e-01,1.59444787e-02,1.21531135e+02,1.56255891e+01
1.06000000e-01,-2.45417476e-02,-4.05088674e-01,3.04147199e-02,3.80437937e-01,0.00000000e+00,9.18013468e+00,1.24409406e-01,1.64140295e-02,1.21921218e+02,1.60857489e+01
1.08000000e-01,-2.53537979e-02,-4.06896101e-01,3.11700722e-02,3.74775299e-01,0.00000000e+00,9.37027772e+00,1.23135423e-01,1.60753761e-02,1.20672715e+02,1.57538685e+01
1.10000000e-01,-2.61690884e-02,-4.08338092e-01,3.19133743e-02,3.68442503e-01,0.00000000e+00,9.55417815e+00,1.22519484e-01,1.60717778e-02,1.20069094e+02,1.57503422e+01
1.12000000e-01,-2.69869279e-02,-4.09446609e-01,3.26435226e-02,3.61630377e-01,0.00000000e+00,9.73151762e+00,1.22014500e-01,1.61150804e-02,1.19574210e+02,1.57927788e+01
1.14000000e-01,-2.78066517e-02,-4.10220479e-01,3.33595937e-02,3.54365186e-01,0.00000000e+00,9.90198919e+00,1.21387906e-01,1.61466879e-02,1.18960148e+02,1.58237541e+01
1.16000000e-01,-2.86275816e-02,-4.10652038e-01,3.40606761e-02,3.46639165e-01,0.00000000e+00,1.00652978e+01,1.20715078e-01,1.61524645e-02,1.18300776e+02,1.58294152e+01
1.18000000e-01,-2.94490318e-02,-4.10741574e-01,3.47458436e-02,3.38452927e-01,0.00000000e+00,1.02211606e+01,1.20100849e-01,1.61628132e-02,1.17698832e+02,1.58395569e+01
1.20000000e-01,-3.02703208e-02,-4.10490541e-01,3.54141867e-02,3.29815084e-01,0.00000000e+00,1.03693081e+01,1.19462061e-01,1.61628162e-02,1.17072820e+02,1.58395599e+01
1.22000000e-01,-3.10907925e-02,-4.09937304e-01,3.60647528e-02,3.20650697e-01,0.00000000e+00,1.05094836e+01,1.19738975e-01,1.59906772e-02,1.17344195e+02,1.56708636e+01
1.24000000e-01,-3.19098677e-02,-4.09080599e-01,3.66964638e-02,3.10997899e-01,0.00000000e+00,1.06414445e+01,1.19060398e-01,1.60439991e-02,1.16679190e+02,1.57231192e+01
1.26000000e-01,-3.27269190e-02,-4.07930094e-01,3.73086306e-02,3.01174328e-01,0.00000000e+00,1.07649625e+01,1.19548000e-01,1.65107588e-02,1.17157040e+02,1.61805436e+01
1.28000000e-01,-3.35413840e-02,-4.06473491e-01,3.79009717e-02,2.91066677e-01,0.00000000e+00,1.08798237e+01,1.18562060e-01,1.62980020e-02,1.16190818e+02,1.59720420e+01
1.30000000e-01,-3.43525755e-02,-4.04660737e-01,3.84725636e-02,2.80458576e-01,0.00000000e+00,1.09858294e+01,1.17854855e-01,1.62811763e-02,1.15497758e+02,1.59555528e+01
1.32000000e-01,-3.51598034e-02,-4.02512585e-01,3.90225554e-02,2.69474608e-01,0.00000000e+00,1.10827959e+01,1.17322868e-01,1.62992179e-02,1.14976411e+02,1.59732335e+01
1.34000000e-01,-3.59624070e-02,-4.00036213e-01,3.95502397e-02,2.58157141e-01,0.00000000e+00,1.11705555e+01,1.16746942e-01,1.63395952e-02,1.14412003e+02,1.60128033e+01
1.36000000e-01,-3.67597333e-02,-3.97237499e-01,4.00549767e-02,2.46528866e-01,0.00000000e+00,1.12489563e+01,1.16310617e-01,1.63726078e-02,1.13984405e+02,1.60451557e+01
1.38000000e-01,-3.75511381e-02,-3.94110430e-01,4.05361315e-02,2.34565122e-01,0.00000000e+00,1.13178625e+01,1.15547113e-01,1.63276683e-02,1.13236171e+02,1.60011149e+01
1.40000000e-01,-3.83359501e-02,-3.90646010e-01,4.09930125e-02,2.22264296e-01,0.00000000e+00,1.13771549e+01,1.14848173e-01,1.63227595e-02,1.12551209e+02,1.59963043e+01
1.42000000e-01,-3.91135578e-02,-3.86935075e-01,4.14250618e-02,2.09773147e-01,0.00000000e+00,1.14267308e+01,1.16149559e-01,1.65504878e-02,1.13826568e+02,1.62194780e+01
1.44000000e-01,-3.98835176e-02,-3.82965006e-01,4.18319180e-02,1.97001413e-01,0.00000000e+00,1.14665045e+01,1.15094256e-01,1.63202132e-02,1.12792371e+02,1.59938089e+01
1.46000000e-01,-4.06452156e-02,-3.78691616e-01,4.22129159e-02,1.84002452e-01,0.00000000e+00,1.14964071e+01,1.15296972e-01,1.66231286e-02,1.12991033e+02,1.62906661e+01
1.48000000e-01,-4.13980993e-02,-3.74141058e-01,4.25678567e-02,1.70896898e-01,0.00000000e+00,1.15163867e+01,1.14781929e-01,1.66088649e-02,1.12486290e+02,1.62766876e+01
1.50000000e-01,-4.21415800e-02,-3.69290801e-01,4.28963262e-02,1.57525465e-01,0.00000000e+00,1.15264089e+01,1.14382609e-01,1.65397297e-02,1.12094957e+02,1.62089352e+01
1.52000000e-01,-4.28750673e-02,-3.64147723e-01,4.31977972e-02,1.43911994e-01,0.00000000e+00,1.15264563e+01,1.13947940e-01,1.65370399e-02,1.11668981e+02,1.62062991e+01
1.54000000e-01,-4.35979732e-02,-3.58708089e-01,4.34718481e-02,1.30109405e-01,0.00000000e+00,1.15165288e+01,1.13376149e-01,1.65398960e-02,1.11108626e+02,1.62090981e+01
1.56000000e-01,-4.43097087e-02,-3.52982080e-01,4.37181303e-02,1.16150059e-01,0.00000000e+00,1.14966436e+01,1.13089378e-01,1.65655266e-02,1.10827591e+02,1.62342161e+01
1.58000000e-01,-4.50097166e-02,-3.46978658e-01,4.39363536e-02,1.02048561e-01,0.00000000e+00,1.14668351e+01,1.12632431e-01,1.65590124e-02,1.10379782e+02,1.62278321e+01
1.60000000e-01,-4.56974363e-02,-3.40694681e-01,4.41262360e-02,8.78142742e-02,0.00000000e+00,1.14271549e+01,1.12173028e-01,1.65638642e-02,1.09929567e+02,1.62325869e+01
1.62000000e-01,-4.63723827e-02,-3.34241856e-01,4.42876989e-02,7.37123017e-02,0.00000000e+00,1.13776717e+01,1.14222967e-01,1.70731839e-02,1.11938507e+02,1.67317202e+01
1.64000000e-01,-4.70342796e-02,-3.27602893e-01,4.44210573e-02,5.95684067e-02,0.00000000e+00,1.13184712e+01,1.13253621e-01,1.66721221e-02,1.10988548e+02,1.63386796e+01
1.66000000e-01,-4.76826129e-02,-3.20691888e-01,4.45258309e-02,4.52121326e-02,0.00000000e+00,1.12496558e+01,1.13186620e-01,1.67829391e-02,1.10922888e+02,1.64472803e+01
1.68000000e-01,-4.83168996e-02,-3.13559549e-01,4.46019322e-02,3.08954471e-02,0.00000000e+00,1.11713446e+01,1.13288449e-01,1.68697806e-02,1.11022680e+02,1.65323850e+01
1.70000000e-01,-4.89367043e-02,-3.06207002e-01,4.46494076e-02,1.65710646e-02,0.00000000e+00,1.10836732e+01,1.13130428e-01,1.68404482e-02,1.10867819e+02,1.65036393e+01
1.72000000e-01,-4.95415747e-02,-2.98625133e-01,4.46681839e-02,2.19792950e-03,0.00000000e+00,1.09867934e+01,1.12898321e-01,1.68001359e-02,1.10640355e+02,1.64641331e+01
1.74000000e-01,-5.01310568e-02,-2.90821276e-01,4.46581992e-02,-1.21754095e-02,0.00000000e+00,1.08808728e+01,1.12786940e-01,1.68316259e-02,1.10531202e+02,1.64949934e+01
1.76000000e-01,-5.07047196e-02,-2.82807059e-01,4.46195118e-02,-2.65044716e-02,0.00000000e+00,1.07660948e+01,1.12698312e-01,1.68436570e-02,1.10444346e+02,1.65067839e+01
1.78000000e-01,-5.12621458e-02,-2.74583910e-01,4.45522096e-02,-4.07910181e-02,0.00000000e+00,1.06426580e+01,1.12488596e-01,1.68305542e-02,1.10238824e+02,1.64939431e+01
1.80000000e-01,-5.18029203e-02,-2.66158327e-01,4.44563878e-02,-5.50174765e-02,0.00000000e+00,1.05107762e+01,1.12416700e-01,1.68387060e-02,1.10168366e+02,1.65019318e+01
1.82000000e-01,-5.23267237e-02,-2.57649731e-01,4.43324150e-02,-6.88311331e-02,0.00000000e+00,1.03706776e+01,1.14859509e-01,1.75256106e-02,1.12562319e+02,1.71750984e+01
1.84000000e-01,-5.28334572e-02,-2.49048076e-01,4.41812362e-02,-8.23854570e-02,0.00000000e+00,1.02226048e+01,1.14413711e-01,1.71725930e-02,1.12125437e+02,1.68291412e+01
1.86000000e-01,-5.33227781e-02,-2.40239502e-01,4.40027616e-02,-9.61070196e-02,0.00000000e+00,1.00668139e+01,1.14054646e-01,1.69252059e-02,1.11773553e+02,1.65867018e+01
1.88000000e-01,-5.37943102e-02,-2.31273561e-01,4.37969038e-02,-1.09684993e-01,0.00000000e+00,9.90357477e+00,1.14622215e-01,1.71854728e-02,1.12329771e+02,1.68417633e+01
1.90000000e-01,-5.42477932e-02,-2.22188932e-01,4.35642079e-02,-1.22983676e-01,0.00000000e+00,9.73316989e+00,1.15020112e-01,1.71844548e-02,1.12719710e+02,1.68407657e+01
1.92000000e-01,-5.46829796e-02,-2.12974741e-01,4.33050617e-02,-1.36143509e-01,0.00000000e+00,9.55589423e+00,1.15184750e-01,1.71120876e-02,1.12881055e+02,1.67698459e+01
1.94000000e-01,-5.50995998e-02,-2.03622047e-01,4.30197332e-02,-1.49154330e-01,0.00000000e+00,9.37205466e+00,1.15222740e-01,1.70949438e-02,1.12918285e+02,1.67530449e+01
1.96000000e-01,-5.54973849e-02,-1.94145075e-01,4.27086072e-02,-1.61921014e-01,0.00000000e+00,9.18196939e+00,1.15566529e-01,1.71852957e-02,1.13255199e+02,1.68415898e+01
1.98000000e-01,-5.58761047e-02,-1.84554993e-01,4.23722184e-02,-1.74433866e-01,0.00000000e+00,8.98596745e+00,1.15710320e-01,1.71523045e-02,1.13396113e+02,1.68092584e+01
2.00000000e-01,-5.62355351e-02,-1.74860209e-01,4.20110271e-02,-1.86713607e-01,0.00000000e+00,8.78438812e+00,1.16093557e-01,1.71636363e-02,1.13771686e+02,1.68203636e+01
2.02000000e-01,-5.65755531e-02,-1.65176808e-01,4.16257890e-02,-1.98355873e-01,0.00000000e+00,8.57758032e+00,1.18791562e-01,1.79448478e-02,1.16415731e+02,1.75859508e+01
2.04000000e-01,-5.68962357e-02,-1.55483464e-01,4.12179141e-02,-2.09532550e-01,0.00000000e+00,8.36590204e+00,1.18518494e-01,1.75627867e-02,1.16148124e+02,1.72115309e+01
2.06000000e-01,-5.71973863e-02,-1.45639086e-01,4.07875526e-02,-2.20868441e-01,0.00000000e+00,8.14971967e+00,1.17760754e-01,1.70004669e-02,1.15405539e+02,1.66604575e+01
2.08000000e-01,-5.74787431e-02,-1.35721306e-01,4.03346079e-02,-2.31952914e-01,0.00000000e+00,7.92940743e+00,1.19140561e-01,1.74480227e-02,1.16757750e+02,1.70990622e+01
2.10000000e-01,-5.77402672e-02,-1.25797014e-01,3.98600939e-02,-2.42508082e-01,0.00000000e+00,7.70534666e+00,1.19783976e-01,1.74379314e-02,1.17388296e+02,1.70891728e+01
2.12000000e-01,-5.79819044e-02,-1.15832657e-01,3.93647751e-02,-2.52764076e-01,0.00000000e+00,7.47792521e+00,1.20217515e-01,1.73725957e-02,1.17813165e+02,1.70251438e+01
2.14000000e-01,-5.82035710e-02,-1.05828019e-01,3.88492525e-02,-2.62697646e-01,0.00000000e+00,7.24753674e+00,1.20693059e-01,1.73823193e-02,1.18279198e+02,1.70346729e+01
2.16000000e-01,-5.84051983e-02,-9.57961082e-02,3.83142297e-02,-2.72263396e-01,0.00000000e+00,7.01458004e+00,1.21267094e-01,1.73842625e-02,1.18841752e+02,1.70365772e+01
2.18000000e-01,-5.85867497e-02,-8.57557382e-02,3.77604599e-02,-2.81437727e-01,0.00000000e+00,6.77945835e+00,1.22018426e-01,1.74165801e-02,1.19578057e+02,1.70682485e+01
2.20000000e-01,-5.87482189e-02,-7.57118016e-02,3.71887536e-02,-2.90200009e-01,0.00000000e+00,6.54257866e+00,1.22542854e-01,1.74360339e-02,1.20091997e+02,1.70873132e+01
2.22000000e-01,-5.88896537e-02,-6.57529540e-02,3.66002415e-02,-2.98089934e-01,0.00000000e+00,6.30435100e+00,1.25202072e-01,1.84102402e-02,1.22698031e+02,1.80420354e+01
2.24000000e-01,-5.90112801e-02,-5.58681116e-02,3.59968002e-02,-3.05370348e-01,0.00000000e+00,6.06518773e+00,1.25305353e-01,1.78563033e-02,1.22799246e+02,1.74991772e+01
2.26000000e-01,-5.91130749e-02,-4.59064485e-02,3.53786087e-02,-3.12877978e-01,0.00000000e+00,5.82550284e+00,1.24278529e-01,1.70532234e-02,1.21792958e+02,1.67121590e+01
2.28000000e-01,-5.91949191e-02,-3.59646773e-02,3.47455411e-02,-3.20006408e-01,0.00000000e+00,5.58571122e+00,1.26478982e-01,1.77508468e-02,1.23949403e+02,1.73958299e+01
2.30000000e-01,-5.92570028e-02,-2.61266398e-02,3.40990876e-02,-3.26378068e-01,0.00000000e+00,5.34622793e+00,1.27249499e-01,1.77208066e-02,1.24704509e+02,1.73663905e+01
2.32000000e-01,-5.92994539e-02,-1.63308685e-02,3.34402736e-02,-3.32382655e-01,0.00000000e+00,5.10746751e+00,1.27853180e-01,1.75826459e-02,1.25296117e+02,1.72309929e+01
2.34000000e-01,-5.93223622e-02,-6.58906465e-03,3.27698175e-02,-3.37996461e-01,0.00000000e+00,4.86984325e+00,1.28737393e-01,1.75855840e-02,1.26162645e+02,1.72338723e+01
2.36000000e-01,-5.93258640e-02,3.07188793e-03,3.20886269e-02,-3.43101580e-01,0.00000000e+00,4.63376647e+00,1.29810541e-01,1.76793717e-02,1.27214330e+02,1.73257842e+01
2.38000000e-01,-5.93101282e-02,1.26526008e-02,3.13977470e-02,-3.47702987e-01,0.00000000e+00,4.39964580e+00,1.30523077e-01,1.76578147e-02,1.27912616e+02,1.73046584e+01
2.40000000e-01,-5.92753098e-02,2.21491125e-02,3.06981260e-02,-3.51837945e-01,0.00000000e+00,4.16788651e+00,1.31532696e-01,1.76607113e-02,1.28902042e+02,1.73074971e+01
2.42000000e-01,-5.92216409e-02,3.14819097e-02,2.99910603e-02,-3.54975499e-01,0.00000000e+00,3.93888977e+00,1.33948784e-01,1.87426552e-02,1.31269809e+02,1.83678021e+01
2.44000000e-01,-5.91494707e-02,4.06818688e-02,2.92786782e-02,-3.57431803e-01,0.00000000e+00,3.71305194e+00,1.34085204e-01,1.80739623e-02,1.31403500e+02,1.77124830e+01
2.46000000e-01,-5.90589041e-02,4.98957219e-02,2.85611227e-02,-3.60203608e-01,0.00000000e+00,3.49076397e+00,1.32922362e-01,1.70564359e-02,1.30263914e+02,1.67153072e+01
2.48000000e-01,-5.89499534e-02,5.90111374e-02,2.78381325e-02,-3.62572412e-01,0.00000000e+00,3.27241061e+00,1.35533422e-01,1.78880727e-02,1.32822753e+02,1.75303112e+01
2.50000000e-01,-5.88229893e-02,6.79319674e-02,2.71113998e-02,-3.64091233e-01,0.00000000e+00,3.05836983e+00,1.36469362e-01,1.78030108e-02,1.33739975e+02,1.74469506e+01
2.52000000e-01,-5.86783095e-02,7.67269685e-02,2.63820527e-02,-3.65182394e-01,0.00000000e+00,2.84901213e+00,1.37328635e-01,1.77442810e-02,1.34582062e+02,1.73893954e+01
2.54000000e-01,-5.85161722e-02,8.53858352e-02,2.56509845e-02,-3.65802144e-01,0.00000000e+00,2.64469989e+00,1.38362333e-01,1.77484094e-02,1.35595086e+02,1.73934412e+01
2.56000000e-01,-5.83368735e-02,9.38836577e-02,2.49191950e-02,-3.65895546e-01,0.00000000e+00,2.44578678e+00,1.39662952e-01,1.78037459e-02,1.36869693e+02,1.74476710e+01
2.58000000e-01,-5.81407466e-02,1.02218024e-01,2.41877563e-02,-3.65458012e-01,0.00000000e+00,2.25261711e+00,1.40614950e-01,1.78177906e-02,1.37802651e+02,1.74614348e+01
2.60000000e-01,-5.79281106e-02,1.10388639e-01,2.34577053e-02,-3.64507054e-01,0.00000000e+00,2.06552525e+00,1.41787059e-01,1.78381396e-02,1.38951318e+02,1.74813768e+01
2.62000000e-01,-5.76993128e-02,1.18378010e-01,2.27303609e-02,-3.62607064e-01,0.00000000e+00,1.88483504e+00,1.43015142e-01,1.87700659e-02,1.40154839e+02,1.83946646e+01
2.64000000e-01,-5.74547113e-02,1.26198238e-01,2.20077130e-02,-3.60053144e-01,0.00000000e+00,1.71085926e+00,1.43774752e-01,1.81773372e-02,1.40899257e+02,1.78137905e+01
2.66000000e-01,-5.71945648e-02,1.33951143e-01,2.12899158e-02,-3.57847974e-01,0.00000000e+00,1.54389905e+00,1.42496308e-01,1.70116730e-02,1.39646382e+02,1.66714395e+01
2.68000000e-01,-5.69190169e-02,1.41538742e-01,2.05765706e-02,-3.55268617e-01,0.00000000e+00,1.38424341e+00,1.45419315e-01,1.79427304e-02,1.42510928e+02,1.75838758e+01
2.70000000e-01,-5.66285870e-02,1.48860485e-01,1.98694091e-02,-3.51837654e-01,0.00000000e+00,1.23216871e+00,1.46367849e-01,1.77875875e-02,1.43440492e+02,1.74318358e+01
2.72000000e-01,-5.63236992e-02,1.55995848e-01,1.91694708e-02,-3.48030597e-01,0.00000000e+00,1.08793818e+00,1.47314865e-01,1.77307158e-02,1.44368568e+02,1.73761015e+01
2.74000000e-01,-5.60047394e-02,1.62927602e-01,1.84776015e-02,-3.43751438e-01,0.00000000e+00,9.51801471e-01,1.48550362e-01,1.77884350e-02,1.45579354e+02,1.74326663e+01
2.76000000e-01,-5.56721442e-02,1.69626388e-01,1.77948423e-02,-3.38906488e-01,0.00000000e+00,8.23994240e-01,1.50071124e-01,1.79410048e-02,1.47069701e+02,1.75821847e+01
2.78000000e-01,-5.53263834e-02,1.76100809e-01,1.71222974e-02,-3.33578699e-01,0.00000000e+00,7.04737714e-01,1.50997239e-01,1.78389851e-02,1.47977295e+02,1.74822054e+01
2.80000000e-01,-5.49678829e-02,1.82362222e-01,1.64607999e-02,-3.27842324e-01,0.00000000e+00,5.94238322e-01,1.52147699e-01,1.78513215e-02,1.49104745e+02,1.74942951e+01
2.82000000e-01,-5.45970482e-02,1.88453099e-01,1.58114236e-02,-3.21362819e-01,0.00000000e+00,4.92687336e-01,1.51979961e-01,1.84685607e-02,1.48940361e+02,1.80991895e+01
2.84000000e-01,-5.42142087e-02,1.94336691e-01,1.51757418e-02,-3.14293568e-01,0.00000000e+00,4.00260535e-01,1.53890388e-01,1.81782089e-02,1.50812580e+02,1.78146447e+01
2.86000000e-01,-5.38197958e-02,2.00078831e-01,1.45540314e-02,-3.07551194e-01,0.00000000e+00,3.17117908e-01,1.52089042e-01,1.68914776e-02,1.49047262e+02,1.65536481e+01
2.88000000e-01,-5.34140104e-02,2.05645519e-01,1.39456989e-02,-3.00566095e-01,0.00000000e+00,2.43403372e-01,1.54700664e-01,1.78158822e-02,1.51606650e+02,1.74595646e+01
2.90000000e-01,-5.29974107e-02,2.10916695e-01,1.33522886e-02,-2.92798775e-01,0.00000000e+00,1.79244524e-01,1.55615245e-01,1.76824793e-02,1.52502940e+02,1.73288297e+01
2.92000000e-01,-5.25704973e-02,2.15957351e-01,1.27747020e-02,-2.84734238e-01,0.00000000e+00,1.24752421e-01,1.56623009e-01,1.76113458e-02,1.53490549e+02,1.72591189e+01
2.94000000e-01,-5.21337480e-02,2.20747996e-01,1.22136147e-02,-2.76275065e-01,0.00000000e+00,8.00213873e-02,1.57911785e-01,1.77058481e-02,1.54753549e+02,1.73517311e+01
2.96000000e-01,-5.16876769e-02,2.25281338e-01,1.16698881e-02,-2.67386330e-01,0.00000000e+00,4.51288503e-02,1.59012783e-01,1.77326443e-02,1.55832527e+02,1.73779914e+01
2.98000000e-01,-5.12327909e-02,2.29562365e-01,1.11443287e-02,-2.58108680e-01,0.00000000e+00,2.01352079e-02,1.60112010e-01,1.77676200e-02,1.56909769e+02,1.74122676e+01
3.00000000e-01,-5.07695957e-02,2.33590917e-01,1.06376952e-02,-2.48468337e-01,0.00000000e+00,5.08372340e-03,1.61147866e-01,1.77662633e-02,1.57924909e+02,1.74109381e+01
3.02000000e-01,-5.02985246e-02,2.37473432e-01,1.01507531e-02,-2.38381456e-01,0.00000000e+00,4.50277580e-07,1.59694924e-01,1.80051942e-02,1.56501026e+02,1.76450903e+01
3.04000000e-01,-4.98198378e-02,2.41152253e-01,9.68446228e-03,-2.27855304e-01,0.00000000e+00,0.00000000e+00,1.62015243e-01,1.80178890e-02,1.58774938e+02,1.76575312e+01
3.06000000e-01,-4.93340425e-02,2.44640692e-01,9.23914600e-03,-2.17607903e-01,0.00000000e+00,0.00000000e+00,1.60192232e-01,1.67796870e-02,1.56988387e+02,1.64440932e+01
3.08000000e-01,-4.88414061e-02,2.47932576e-01,8.81410594e-03,-2.07247647e-01,0.00000000e+00,0.00000000e+00,1.62600384e-01,1.76434180e-02,1.59348377e+02,1.72905496e+01
3.10000000e-01,-4.83425159e-02,2.50918887e-01,8.41056700e-03,-1.96270062e-01,0.00000000e+00,0.00000000e+00,1.63272441e-01,1.74945065e-02,1.60006992e+02,1.71446163e+01
3.12000000e-01,-4.78378907e-02,2.53665001e-01,8.02914271e-03,-1.85116968e-01,0.00000000e+00,0.00000000e+00,1.64105146e-01,1.74623816e-02,1.60823043e+02,1.71131340e+01
3.14000000e-01,-4.73280241e-02,2.56158888e-01,7.67026078e-03,-1.73721429e-01,0.00000000e+00,0.00000000e+00,1.65014496e-01,1.74860772e-02,1.61714206e+02,1.71363556e+01
3.16000000e-01,-4.68134317e-02,2.58387868e-01,7.33443367e-03,-1.62060907e-01,0.00000000e+00,0.00000000e+00,1.66103841e-01,1.75340859e-02,1.62781764e+02,1.71834042e+01
3.18000000e-01,-4.62946543e-02,2.60344328e-01,7.02218631e-03,-1.50146666e-01,0.00000000e+00,0.00000000e+00,1.67155807e-01,1.75677218e-02,1.63812691e+02,1.72163674e+01
3.20000000e-01,-4.57722270e-02,2.62041905e-01,6.73398941e-03,-1.38018844e-01,0.00000000e+00,0.00000000e+00,1.67895631e-01,1.75657433e-02,1.64537718e+02,1.72144284e+01
3.22000000e-01,-4.52465496e-02,2.63645070e-01,6.47017432e-03,-1.25795952e-01,0.00000000e+00,0.00000000e+00,1.65077259e-01,1.73854069e-02,1.61775713e+02,1.70376987e+01
3.24000000e-01,-4.47177680e-02,2.65066424e-01,6.23097427e-03,-1.13320101e-01,0.00000000e+00,0.00000000e+00,1.67833538e-01,1.77499338e-02,1.64476867e+02,1.73949351e+01
3.26000000e-01,-4.41864289e-02,2.66270285e-01,6.01674001e-03,-1.01075055e-01,0.00000000e+00,0.00000000e+00,1.65826964e-01,1.65898327e-02,1.62510425e+02,1.62580361e+01
3.28000000e-01,-4.36528068e-02,2.67294254e-01,5.82661925e-03,-8.89122380e-02,0.00000000e+00,0.00000000e+00,1.67685458e-01,1.73008250e-02,1.64331749e+02,1.69548085e+01
3.30000000e-01,-4.31174394e-02,2.68037049e-01,5.66135264e-03,-7.63570799e-02,0.00000000e+00,0.00000000e+00,1.68030090e-01,1.71721358e-02,1.64669488e+02,1.68286931e+01
3.32000000e-01,-4.25808119e-02,2.68549810e-01,5.52121669e-03,-6.37632905e-02,0.00000000e+00,0.00000000e+00,1.68682382e-01,1.71765842e-02,1.65308735e+02,1.68330525e+01
3.34000000e-01,-4.20434025e-02,2.68819045e-01,5.40636530e-03,-5.10707823e-02,0.00000000e+00,0.00000000e+00,1.69334881e-01,1.72100995e-02,1.65948184e+02,1.68658975e+01
3.36000000e-01,-4.15057002e-02,2.68841576e-01,5.31700739e-03,-3.82675329e-02,0.00000000e+00,0.00000000e+00,1.70058038e-01,1.72761585e-02,1.66656877e+02,1.69306353e+01
3.38000000e-01,-4.09681986e-02,2.68620443e-01,5.25334395e-03,-2.53911155e-02,0.00000000e+00,0.00000000e+00,1.70640169e-01,1.72674776e-02,1.67227365e+02,1.69221281e+01
3.40000000e-01,-4.04313759e-02,2.68163097e-01,5.21545659e-03,-1.24942164e-02,0.00000000e+00,0.00000000e+00,1.71193791e-01,1.72597615e-02,1.67769915e+02,1.69145663e+01
3.42000000e-01,-3.98955814e-02,2.67653018e-01,5.20320867e-03,1.65106110e-04,0.00000000e+00,0.00000000e+00,1.67496372e-01,1.67461068e-02,1.64146445e+02,1.64111847e+01
3.44000000e-01,-3.93608624e-02,2.66995185e-01,5.21616114e-03,1.28905933e-02,0.00000000e+00,0.00000000e+00,1.70278982e-01,1.74119928e-02,1.66873402e+02,1.70637529e+01
3.46000000e-01,-3.88277494e-02,2.66114180e-01,5.25466014e-03,2.54497753e-02,0.00000000e+00,0.00000000e+00,1.68355763e-01,1.64468398e-02,1.64988648e+02,1.61179030e+01
3.48000000e-01,-3.82965045e-02,2.65084911e-01,5.31778056e-03,3.77394393e-02,0.00000000e+00,0.00000000e+00,1.69402834e-01,1.69314579e-02,1.66014777e+02,1.65928288e+01
3.50000000e-01,-3.77675693e-02,2.63816460e-01,5.40571760e-03,5.01786455e-02,0.00000000e+00,0.00000000e+00,1.69621910e-01,1.68812685e-02,1.66229472e+02,1.65436432e+01
3.52000000e-01,-3.72413757e-02,2.62342496e-01,5.51842782e-03,6.25168652e-02,0.00000000e+00,0.00000000e+00,1.69903805e-01,1.68754595e-02,1.66505729e+02,1.65379503e+01
3.54000000e-01,-3.67183343e-02,2.60665942e-01,5.65573320e-03,7.47772987e-02,0.00000000e+00,0.00000000e+00,1.70079479e-01,1.69091371e-02,1.66677889e+02,1.65709544e+01
3.56000000e-01,-3.61988458e-02,2.58788569e-01,5.81748047e-03,8.69529318e-02,0.00000000e+00,0.00000000e+00,1.70348151e-01,1.69235541e-02,1.66941188e+02,1.65850830e+01
3.58000000e-01,-3.56833152e-02,2.56708493e-01,6.00347039e-03,9.90167709e-02,0.00000000e+00,0.00000000e+00,1.70599360e-01,1.69352491e-02,1.67187373e+02,1.65965442e+01
3.60000000e-01,-3.51721429e-02,2.54431797e-01,6.21345374e-03,1.10939901e-01,0.00000000e+00,0.00000000e+00,1.70760627e-01,1.69233034e-02,1.67345415e+02,1.65848373e+01
3.62000000e-01,-3.46655934e-02,2.52147046e-01,6.44688698e-03,1.22348590e-01,0.00000000e+00,0.00000000e+00,1.66643040e-01,1.61841997e-02,1.63310179e+02,1.58605157e+01
3.64000000e-01,-3.41636311e-02,2.49747800e-01,6.70278473e-03,1.33662200e-01,0.00000000e+00,0.00000000e+00,1.69328908e-01,1.70847260e-02,1.65942330e+02,1.67430315e+01
3.66000000e-01,-3.36667379e-02,2.47144980e-01,6.98144516e-03,1.44839930e-01,0.00000000e+00,0.00000000e+00,1.67333126e-01,1.62924480e-02,1.63986463e+02,1.59665990e+01
3.68000000e-01,-3.31751185e-02,2.44441114e-01,7.28184673e-03,1.55571121e-01,0.00000000e+00,0.00000000e+00,1.67665961e-01,1.65722090e-02,1.64312641e+02,1.62407649e+01
3.70000000e-01,-3.26890916e-02,2.41559983e-01,7.60366972e-03,1.66212433e-01,0.00000000e+00,0.00000000e+00,1.67496146e-01,1.65591783e-02,1.64146223e+02,1.62279947e+01
3.72000000e-01,-3.22089811e-02,2.38525133e-01,7.94654656e-03,1.76628917e-01,0.00000000e+00,0.00000000e+00,1.67326382e-01,1.65858542e-02,1.63979854e+02,1.62541372e+01
3.74000000e-01,-3.17350907e-02,2.35340925e-01,8.31002658e-03,1.86807216e-01,0.00000000e+00,0.00000000e+00,1.67104876e-01,1.65743115e-02,1.63762778e+02,1.62428253e+01
3.76000000e-01,-3.12677143e-02,2.32011274e-01,8.69360363e-03,1.96727858e-01,0.00000000e+00,0.00000000e+00,1.66896169e-01,1.65889346e-02,1.63558245e+02,1.62571559e+01
3.78000000e-01,-3.08071427e-02,2.28535952e-01,9.09676324e-03,2.06386370e-01,0.00000000e+00,0.00000000e+00,1.66734996e-01,1.65960797e-02,1.63400296e+02,1.62641581e+01
3.80000000e-01,-3.03536658e-02,2.24917728e-01,9.51896374e-03,2.15766849e-01,0.00000000e+00,0.00000000e+00,1.66518853e-01,1.66046398e-02,1.63188476e+02,1.62725470e+01
3.82000000e-01,-2.99074689e-02,2.21303824e-01,9.95943027e-03,2.24546863e-01,0.00000000e+00,0.00000000e+00,1.62976794e-01,1.59612941e-02,1.59717258e+02,1.56420682e+01
3.84000000e-01,-2.94684931e-02,2.17626055e-01,1.04169746e-02,2.33062012e-01,0.00000000e+00,0.00000000e+00,1.64412899e-01,1.66988732e-02,1.61124641e+02,1.63648957e+01
3.86000000e-01,-2.90370586e-02,2.13807466e-01,1.08915434e-02,2.41374801e-01,0.00000000e+00,0.00000000e+00,1.62729887e-01,1.62110479e-02,1.59475290e+02,1.58868269e+01
3.88000000e-01,-2.86132999e-02,2.09933869e-01,1.13821088e-02,2.49140074e-01,0.00000000e+00,0.00000000e+00,1.62223295e-01,1.62472541e-02,1.58978829e+02,1.59223090e+01
3.90000000e-01,-2.81973932e-02,2.05955102e-01,1.18879003e-02,2.56600274e-01,0.00000000e+00,0.00000000e+00,1.61776130e-01,1.62901924e-02,1.58540607e+02,1.59643886e+01
3.92000000e-01,-2.77895467e-02,2.01875497e-01,1.24082933e-02,2.63735620e-01,0.00000000e+00,0.00000000e+00,1.61233647e-01,1.63058707e-02,1.58008974e+02,1.59797533e+01
3.94000000e-01,-2.73899525e-02,1.97703944e-01,1.29426035e-02,2.70512091e-01,0.00000000e+00,0.00000000e+00,1.60645741e-01,1.62974200e-02,1.57432826e+02,1.59714716e+01
3.96000000e-01,-2.69987895e-02,1.93444618e-01,1.34900926e-02,2.76915086e-01,0.00000000e+00,0.00000000e+00,1.60074183e-01,1.63014327e-02,1.56872699e+02,1.59754040e+01
3.98000000e-01,-2.66162294e-02,1.89102239e-01,1.40500154e-02,2.82945462e-01,0.00000000e+00,0.00000000e+00,1.59445862e-01,1.63126954e-02,1.56256945e+02,1.59864415e+01
4.00000000e-01,-2.62424325e-02,1.84681944e-01,1.46216181e-02,2.88591307e-01,0.00000000e+00,0.00000000e+00,1.58825495e-01,1.63085445e-02,1.55648985e+02,1.59823736e+01
4.02000000e-01,-2.58775030e-02,1.80259703e-01,1.52040009e-02,2.93667679e-01,0.00000000e+00,0.00000000e+00,1.56494193e-01,1.59472258e-02,1.53364310e+02,1.56282812e+01
4.04000000e-01,-2.55213955e-02,1.75834672e-01,1.57959877e-02,2.98292457e-01,0.00000000e+00,0.00000000e+00,1.55965697e-01,1.62044428e-02,1.52846383e+02,1.58803540e+01
4.06000000e-01,-2.51742026e-02,1.71352120e-01,1.63969605e-02,3.02601937e-01,0.00000000e+00,0.00000000e+00,1.54985800e-01,1.61421566e-02,1.51886084e+02,1.58193134e+01
4.08000000e-01,-2.48360069e-02,1.66839781e-01,1.70060698e-02,3.06423028e-01,0.00000000e+00,0.00000000e+00,1.53882571e-01,1.60478765e-02,1.50804920e+02,1.57269190e+01
4.10000000e-01,-2.45068660e-02,1.62293704e-01,1.76223590e-02,3.09803734e-01,0.00000000e+00,0.00000000e+00,1.53068754e-01,1.60967963e-02,1.50007379e+02,1.57748603e+01
4.12000000e-01,-2.41868602e-02,1.57705368e-01,1.82450244e-02,3.12793890e-01,0.00000000e+00,0.00000000e+00,1.52239083e-01,1.61163844e-02,1.49194302e+02,1.57940568e+01
4.14000000e-01,-2.38760667e-02,1.53083731e-01,1.88732537e-02,3.15362847e-01,0.00000000e+00,0.00000000e+00,1.51290960e-01,1.61090917e-02,1.48265141e+02,1.57869099e+01
4.16000000e-01,-2.35745412e-02,1.48438319e-01,1.95061862e-02,3.17497476e-01,0.00000000e+00,0.00000000e+00,1.50314272e-01,1.61080161e-02,1.47307986e+02,1.57858558e+01
4.18000000e-01,-2.32823291e-02,1.43769491e-01,2.01429592e-02,3.19205466e-01,0.00000000e+00,0.00000000e+00,1.49433677e-01,1.61225290e-02,1.46445003e+02,1.58000785e+01
4.20000000e-01,-2.29994778e-02,1.39078741e-01,2.07827187e-02,3.20479428e-01,0.00000000e+00,0.00000000e+00,1.48498399e-01,1.61103798e-02,1.45528431e+02,1.57881722e+01
4.22000000e-01,-2.27260201e-02,1.34378973e-01,2.14245466e-02,3.21258036e-01,0.00000000e+00,0.00000000e+00,1.47392936e-01,1.59993241e-02,1.44445078e+02,1.56793376e+01
4.24000000e-01,-2.24619326e-02,1.29723140e-01,2.20673741e-02,3.21471660e-01,0.00000000e+00,0.00000000e+00,1.45296863e-01,1.58426749e-02,1.42390926e+02,1.55258214e+01
4.26000000e-01,-2.22071149e-02,1.25086270e-01,2.27101763e-02,3.21299871e-01,0.00000000e+00,0.00000000e+00,1.44850795e-01,1.61086865e-02,1.41953779e+02,1.57865128e+01
4.28000000e-01,-2.19615934e-02,1.20440654e-01,2.33523186e-02,3.20745574e-01,0.00000000e+00,0.00000000e+00,1.43477981e-01,1.59573240e-02,1.40608421e+02,1.56381775e+01
4.30000000e-01,-2.17253365e-02,1.15818724e-01,2.39928206e-02,3.19684362e-01,0.00000000e+00,0.00000000e+00,1.42349810e-01,1.59600791e-02,1.39502813e+02,1.56408775e+01
4.32000000e-01,-2.14983067e-02,1.11214480e-01,2.46307731e-02,3.18198790e-01,0.00000000e+00,0.00000000e+00,1.41192597e-01,1.59785288e-02,1.38368745e+02,1.56589582e+01
4.34000000e-01,-2.12804639e-02,1.06632184e-01,2.52653352e-02,3.16292462e-01,0.00000000e+00,0.00000000e+00,1.40039928e-01,1.59841802e-02,1.37239130e+02,1.56644966e+01
4.36000000e-01,-2.10717623e-02,1.02073362e-01,2.58956600e-02,3.13961881e-01,0.00000000e+00,0.00000000e+00,1.38921752e-01,1.59894049e-02,1.36143317e+02,1.56696168e+01
4.38000000e-01,-2.08721530e-02,9.75407985e-02,2.65208990e-02,3.11205668e-01,0.00000000e+00,0.00000000e+00,1.37778349e-01,1.59850751e-02,1.35022782e+02,1.56653736e+01
4.40000000e-01,-2.06815794e-02,9.30378935e-02,2.71402022e-02,3.08028666e-01,0.00000000e+00,0.00000000e+00,1.36654615e-01,1.59921544e-02,1.33921522e+02,1.56723113e+01
4.42000000e-01,-2.05000115e-02,8.85199236e-02,2.77527258e-02,3.04419977e-01,0.00000000e+00,0.00000000e+00,1.36629787e-01,1.59554395e-02,1.33897192e+02,1.56363307e+01
4.44000000e-01,-2.03274539e-02,8.40705691e-02,2.83574913e-02,3.00225161e-01,0.00000000e+00,0.00000000e+00,1.33624328e-01,1.56274862e-02,1.30951841e+02,1.53149364e+01
4.46000000e-01,-2.01636815e-02,7.96927675e-02,2.89534186e-02,2.95718629e-01,0.00000000e+00,0.00000000e+00,1.33603036e-01,1.61543185e-02,1.30930975e+02,1.58312321e+01
4.48000000e-01,-2.00086731e-02,7.53295481e-02,2.95401992e-02,2.90962328e-01,0.00000000e+00,0.00000000e+00,1.32000342e-01,1.59433811e-02,1.29360335e+02,1.56245135e+01
4.50000000e-01,-1.98623142e-02,7.10399820e-02,3.01169266e-02,2.85694039e-01,0.00000000e+00,0.00000000e+00,1.30669632e-01,1.59056693e-02,1.28056239e+02,1.55875559e+01
4.52000000e-01,-1.97244735e-02,6.68100247e-02,3.06827093e-02,2.80026596e-01,0.00000000e+00,0.00000000e+00,1.29464911e-01,1.59161073e-02,1.26875613e+02,1.55977852e+01
4.54000000e-01,-1.95950363e-02,6.26367335e-02,3.12367932e-02,2.73999512e-01,0.00000000e+00,0.00000000e+00,1.28271792e-01,1.59447664e-02,1.25706356e+02,1.56258711e+01
4.56000000e-01,-1.94738863e-02,5.85237640e-02,3.17784712e-02,2.67618345e-01,0.00000000e+00,0.00000000e+00,1.27049544e-01,1.59492925e-02,1.24508553e+02,1.56303066e+01
4.58000000e-01,-1.93608978e-02,5.44759231e-02,3.23070267e-02,2.60877491e-01,0.00000000e+00,0.00000000e+00,1.25810985e-01,1.59475893e-02,1.23294765e+02,1.56286375e+01
4.60000000e-01,-1.92559370e-02,5.04965553e-02,3.28217477e-02,2.53786442e-01,0.00000000e+00,0.00000000e+00,1.24576399e-01,1.59524202e-02,1.22084871e+02,1.56333718e+01
4.62000000e-01,-1.91589112e-02,4.65177907e-02,3.33218850e-02,2.46264260e-01,0.00000000e+00,0.00000000e+00,1.24988646e-01,1.57601568e-02,1.22488873e+02,1.54449537e+01
4.64000000e-01,-1.90698250e-02,4.26001618e-02,3.38064888e-02,2.38268217e-01,0.00000000e+00,0.00000000e+00,1.22404469e-01,1.56533098e-02,1.19956380e+02,1.53402436e+01
4.66000000e-01,-1.89884608e-02,3.87571085e-02,3.42748947e-02,2.30177403e-01,0.00000000e+00,0.00000000e+00,1.22566156e-01,1.62337034e-02,1.20114833e+02,1.59090294e+01
4.68000000e-01,-1.89147714e-02,3.49518494e-02,3.47270948e-02,2.21931259e-01,0.00000000e+00,0.00000000e+00,1.20904160e-01,1.59766006e-02,1.18486076e+02,1.56570686e+01
4.70000000e-01,-1.88485857e-02,3.12482573e-02,3.51623304e-02,2.13251075e-01,0.00000000e+00,0.00000000e+00,1.19635002e-01,1.59479389e-02,1.17242302e+02,1.56289801e+01
4.72000000e-01,-1.87897232e-02,2.76274263e-02,3.55799082e-02,2.04284588e-01,0.00000000e+00,0.00000000e+00,1.18474910e-01,1.59758329e-02,1.16105411e+02,1.56563162e+01
4.74000000e-01,-1.87381010e-02,2.39690783e-02,3.59796597e-02,1.95604493e-01,-2.42766169e-01,0.00000000e+00,1.20075441e-01,1.71237478e-02,1.17673933e+02,1.67812728e+01
4.76000000e-01,-1.86939096e-02,2.02166826e-02,3.63626669e-02,1.87435328e-01,-5.13710554e-01,0.00000000e+00,1.20296515e-01,1.75987775e-02,1.17890585e+02,1.72468020e+01
4.78000000e-01,-1.86572524e-02,1.64370616e-02,3.67295110e-02,1.79431126e-01,-7.84654939e-01,0.00000000e+00,1.20396969e-01,1.79973444e-02,1.17989029e+02,1.76373975e+01
4.80000000e-01,-1.86281817e-02,1.26268708e-02,3.70805034e-02,1.71595023e-01,-1.05559932e+00,0.00000000e+00,1.20758016e-01,1.84562458e-02,1.18342855e+02,1.80871209e+01
4.82000000e-01,-1.86068307e-02,8.68796521e-03,3.74159159e-02,1.63796175e-01,-1.32654371e+00,0.00000000e+00,1.23214468e-01,1.85578791e-02,1.20750179e+02,1.81867215e+01
4.84000000e-01,-1.85935032e-02,4.63905449e-03,3.77358103e-02,1.56180501e-01,-1.59748809e+00,0.00000000e+00,1.23203223e-01,1.93008636e-02,1.20739159e+02,1.89148463e+01
4.86000000e-01,-1.85883332e-02,5.02023474e-04,3.80410854e-02,1.49235951e-01,-1.86843248e+00,0.00000000e+00,1.25214634e-01,2.04055679e-02,1.22710342e+02,1.99974565e+01
4.88000000e-01,-1.85915429e-02,-3.70671905e-03,3.83329654e-02,1.42608300e-01,-2.13937686e+00,0.00000000e+00,1.24887934e-01,2.03856958e-02,1.22390175e+02,1.99779819e+01
4.90000000e-01,-1.86031679e-02,-7.92717196e-03,3.86115317e-02,1.36000305e-01,-2.41032125e+00,0.00000000e+00,1.25565983e-01,2.08474928e-02,1.23054663e+02,2.04305429e+01
4.92000000e-01,-1.86232932e-02,-1.22099971e-02,3.88771641e-02,1.29688540e-01,-2.68126563e+00,0.00000000e+00,1.26492262e-01,2.13895582e-02,1.23962417e+02,2.09617671e+01
4.94000000e-01,-1.86520520e-02,-1.65588897e-02,3.91304956e-02,1.23691413e-01,-2.95221002e+00,0.00000000e+00,1.27326862e-01,2.18722873e-02,1.24780324e+02,2.14348415e+01
4.96000000e-01,-1.86895685e-02,-2.09674412e-02,3.93721202e-02,1.17980004e-01,-3.22315440e+00,0.00000000e+00,1.28174634e-01,2.23368098e-02,1.25611141e+02,2.18900736e+01
4.98000000e-01,-1.87359580e-02,-2.54304594e-02,3.96026011e-02,1.12546795e-01,-3.49409879e+00,0.00000000e+00,1.28960113e-01,2.27877234e-02,1.26380911e+02,2.23319690e+01
5.00000000e-01,-1.87913242e-02,-2.99441938e-02,3.98224912e-02,1.07389164e-01,-3.76504317e+00,0.00000000e+00,1.29793317e-01,2.32315006e-02,1.27197450e+02,2.27668706e+01
5.02000000e-01,-1.88558138e-02,-3.45764162e-02,4.00321211e-02,1.02176429e-01,-4.03598756e+00,0.00000000e+00,1.32236529e-01,2.29736335e-02,1.29591799e+02,2.25141609e+01
5.04000000e-01,-1.89297144e-02,-3.93354991e-02,4.02313708e-02,9.72245305e-02,-4.30693194e+00,0.00000000e+00,1.33341601e-01,2.40657211e-02,1.30674769e+02,2.35844067e+01
5.06000000e-01,-1.90132505e-02,-4.42365708e-02,4.04216675e-02,9.32450710e-02,-4.57787633e+00,0.00000000e+00,1.36216501e-01,2.52883325e-02,1.33492171e+02,2.47825659e+01
5.08000000e-01,-1.91067051e-02,-4.92042777e-02,4.06045694e-02,8.95930311e-02,-4.84882071e+00,0.00000000e+00,1.35641249e-01,2.50157283e-02,1.32928424e+02,2.45154137e+01
5.10000000e-01,-1.92100430e-02,-5.41350758e-02,4.07799652e-02,8.58293004e-02,-5.11976510e+00,0.00000000e+00,1.36177496e-01,2.53060058e-02,1.33453946e+02,2.47998857e+01
5.12000000e-01,-1.93232613e-02,-5.90897186e-02,4.09480340e-02,8.22866550e-02,-5.39070948e+00,0.00000000e+00,1.37102473e-01,2.57213500e-02,1.34360423e+02,2.52069230e+01
5.14000000e-01,-1.94464133e-02,-6.40615118e-02,4.11092364e-02,7.89308023e-02,-5.66165387e+00,0.00000000e+00,1.37563280e-01,2.59297491e-02,1.34812014e+02,2.54111541e+01
5.16000000e-01,-1.95794927e-02,-6.90113577e-02,4.12637725e-02,7.55979243e-02,-5.93259825e+00,0.00000000e+00,1.37655757e-01,2.59916972e-02,1.34902642e+02,2.54718632e+01
5.18000000e-01,-1.97224223e-02,-7.39065231e-02,4.14115750e-02,7.21854212e-02,-6.20354264e+00,0.00000000e+00,1.37432284e-01,2.59751473e-02,1.34683638e+02,2.54556443e+01
5.20000000e-01,-1.98750738e-02,-7.87341174e-02,4.15524524e-02,6.86801556e-02,-6.47448702e+00,0.00000000e+00,1.37303186e-01,2.59996678e-02,1.34557122e+02,2.54796744e+01
5.22000000e-01,-2.00373705e-02,-8.35792863e-02,4.16860791e-02,6.48501519e-02,-6.74543141e+00,0.00000000e+00,1.39148117e-01,2.54859411e-02,1.36365154e+02,2.49762222e+01
5.24000000e-01,-2.02094290e-02,-8.84815556e-02,4.18119752e-02,6.12035161e-02,-7.01637579e+00,0.00000000e+00,1.40022033e-01,2.65659614e-02,1.37221593e+02,2.60346422e+01
5.26000000e-01,-2.03913100e-02,-9.34037890e-02,4.19313078e-02,5.81788688e-02,-7.28732018e+00,0.00000000e+00,1.41079292e-01,2.69632258e-02,1.38257707e+02,2.64239613e+01
5.28000000e-01,-2.05829887e-02,-9.82428504e-02,4.20445697e-02,5.49727321e-02,-7.55826456e+00,0.00000000e+00,1.39623368e-01,2.63480813e-02,1.36830901e+02,2.58211196e+01
5.30000000e-01,-2.07841938e-02,-1.02950488e-01,4.21510229e-02,5.15027402e-02,-7.82920895e+00,0.00000000e+00,1.39631497e-01,2.65628947e-02,1.36838867e+02,2.60316368e+01
5.32000000e-01,-2.09947058e-02,-1.07530879e-01,4.22504766e-02,4.78767271e-02,-8.00527561e+00,0.00000000e+00,1.38349601e-01,2.61641190e-02,1.35582609e+02,2.56408367e+01
5.34000000e-01,-2.12141817e-02,-1.11907886e-01,4.23421962e-02,4.37504279e-02,-8.06654548e+00,0.00000000e+00,1.36652565e-01,2.56454680e-02,1.33919513e+02,2.51325586e+01
5.36000000e-01,-2.14421934e-02,-1.16068915e-01,4.24251535e-02,3.91369321e-02,-8.12781535e+00,0.00000000e+00,1.35146950e-01,2.52618576e-02,1.32444011e+02,2.47566204e+01
5.38000000e-01,-2.16783204e-02,-1.20024461e-01,4.24985179e-02,3.41844632e-02,-8.18908521e+00,0.00000000e+00,1.33762290e-01,2.50407730e-02,1.31087045e+02,2.45399576e+01
5.40000000e-01,-2.19221402e-02,-1.23753582e-01,4.25616395e-02,2.88542007e-02,-8.25035508e+00,0.00000000e+00,1.31830955e-01,2.45611838e-02,1.29194336e+02,2.40699601e+01
5.42000000e-01,-2.21732974e-02,-1.27426765e-01,4.26137810e-02,2.32933768e-02,-8.31162494e+00,0.00000000e+00,1.34490517e-01,2.46335844e-02,1.31800706e+02,2.41409127e+01
5.44000000e-01,-2.24317203e-02,-1.30909398e-01,4.26543679e-02,1.70651298e-02,-8.37289481e+00,0.00000000e+00,1.29473328e-01,2.32206921e-02,1.26883861e+02,2.27562783e+01
5.46000000e-01,-2.26968242e-02,-1.34225837e-01,4.26821516e-02,1.10019016e-02,-8.43416468e+00,0.00000000e+00,1.32757714e-01,2.50222405e-02,1.30102560e+02,2.45217956e+01
5.48000000e-01,-2.29684741e-02,-1.37318025e-01,4.26980582e-02,4.46277033e-03,-8.49543454e+00,0.00000000e+00,1.26437675e-01,2.22469832e-02,1.23908921e+02,2.18020435e+01
5.50000000e-01,-2.32459559e-02,-1.40199583e-01,4.26997572e-02,-2.44468539e-03,-8.55670441e+00,0.00000000e+00,1.30089384e-01,2.42545036e-02,1.27487597e+02,2.37694135e+01
5.52000000e-01,-2.35293175e-02,-1.43148689e-01,4.26889925e-02,-8.28270817e-03,-8.61797427e+00,0.00000000e+00,1.30317152e-01,2.44787444e-02,1.27710809e+02,2.39891695e+01
5.54000000e-01,-2.38184810e-02,-1.45993376e-01,4.26666946e-02,-1.40183280e-02,-8.67924414e+00,0.00000000e+00,1.29998227e-01,2.44399332e-02,1.27398262e+02,2.39511345e+01
5.56000000e-01,-2.41131373e-02,-1.48607551e-01,4.26325644e-02,-2.02859391e-02,-8.74051401e+00,0.00000000e+00,1.27325151e-01,2.33158239e-02,1.24778648e+02,2.28495075e+01
5.58000000e-01,-2.44128152e-02,-1.51077804e-01,4.25855584e-02,-2.65422443e-02,-8.80178387e+00,0.00000000e+00,1.29071437e-01,2.43991387e-02,1.26490008e+02,2.39111559e+01
5.60000000e-01,-2.47173759e-02,-1.53439165e-01,4.25265375e-02,-3.25854840e-02,-8.86305374e+00,0.00000000e+00,1.27257031e-01,2.36811563e-02,1.24711891e+02,2.32075332e+01
5.62000000e-01,-2.50265908e-02,-1.55828896e-01,4.24552595e-02,-3.85641538e-02,-8.92432360e+00,0.00000000e+00,1.32249042e-01,2.44353382e-02,1.29604061e+02,2.39466315e+01
5.64000000e-01,-2.53406545e-02,-1.58163112e-01,4.23722084e-02,-4.46514773e-02,-8.98559347e+00,0.00000000e+00,1.28513755e-01,2.33368649e-02,1.25943480e+02,2.28701276e+01
5.66000000e-01,-2.56591716e-02,-1.60389832e-01,4.22769227e-02,-5.03353358e-02,-9.04686334e+00,0.00000000e+00,1.32328360e-01,2.51485312e-02,1.29681793e+02,2.46455605e+01
5.68000000e-01,-2.59821168e-02,-1.62471089e-01,4.21707744e-02,-5.61580886e-02,-9.10813320e+00,0.00000000e+00,1.27742085e-01,2.28959212e-02,1.25187243e+02,2.24380028e+01
5.70000000e-01,-2.63089587e-02,-1.64406448e-01,4.20522277e-02,-6.20748328e-02,-9.16940307e+00,0.00000000e+00,1.31579476e-01,2.47844335e-02,1.28947887e+02,2.42887448e+01
5.72000000e-01,-2.66398264e-02,-1.66467497e-01,4.19233701e-02,-6.66492343e-02,-9.23067293e+00,0.00000000e+00,1.33371717e-01,2.55313397e-02,1.30704283e+02,2.50207129e+01
5.74000000e-01,-2.69747697e-02,-1.68440004e-01,4.17857249e-02,-7.10823726e-02,-9.29194280e+00,0.00000000e+00,1.32236491e-01,2.48860834e-02,1.29591761e+02,2.43883617e+01
5.76000000e-01,-2.73134094e-02,-1.70147064e-01,4.16385325e-02,-7.62775648e-02,-9.35321267e+00,0.00000000e+00,1.29926163e-01,2.37235649e-02,1.27327640e+02,2.32490936e+01
5.78000000e-01,-2.76552704e-02,-1.71722808e-01,4.14806479e-02,-8.14229925e-02,-9.41448253e+00,0.00000000e+00,1.31952265e-01,2.47671647e-02,1.29313220e+02,2.42718214e+01
5.80000000e-01,-2.80002445e-02,-1.73214277e-01,4.13130576e-02,-8.62427093e-02,-9.47575240e+00,0.00000000e+00,1.30766790e-01,2.41697547e-02,1.28151454e+02,2.36863596e+01
5.82000000e-01,-2.83481542e-02,-1.74745828e-01,4.11358218e-02,-9.08453653e-02,-9.53702226e+00,0.00000000e+00,1.35722895e-01,2.49715202e-02,1.33008437e+02,2.44720898e+01
5.84000000e-01,-2.86991971e-02,-1.76231296e-01,4.09496707e-02,-9.54562643e-02,-9.59829213e+00,0.00000000e+00,1.32549263e-01,2.38883432e-02,1.29898278e+02,2.34105763e+01
5.86000000e-01,-2.90530080e-02,-1.77609748e-01,4.07542115e-02,-9.97450916e-02,-9.65956200e+00,0.00000000e+00,1.36104986e-01,2.53701774e-02,1.33382887e+02,2.48627739e+01
5.88000000e-01,-2.94095600e-02,-1.78874105e-01,4.05506779e-02,-1.04052393e-01,-9.72083186e+00,0.00000000e+00,1.32788333e-01,2.35604545e-02,1.30132567e+02,2.30892454e+01
5.90000000e-01,-2.97684364e-02,-1.80036357e-01,4.03380694e-02,-1.08258585e-01,-9.78210173e+00,0.00000000e+00,1.36644085e-01,2.52805165e-02,1.33911203e+02,2.47749061e+01
5.92000000e-01,-3.01297576e-02,-1.81276931e-01,4.01183401e-02,-1.11420179e-01,-9.84337159e+00,0.00000000e+00,1.37562975e-01,2.54404821e-02,1.34811716e+02,2.49316724e+01
5.94000000e-01,-3.04934617e-02,-1.82393930e-01,3.98923617e-02,-1.14622254e-01,-9.90464146e+00,0.00000000e+00,1.36720761e-01,2.48739990e-02,1.33986346e+02,2.43765191e+01
5.96000000e-01,-3.08592231e-02,-1.83345552e-01,3.96597079e-02,-1.18039077e-01,-9.96591133e+00,0.00000000e+00,1.36680412e-01,2.46587561e-02,1.33946803e+02,2.41655810e+01
5.98000000e-01,-3.12267706e-02,-1.84187166e-01,3.94202757e-02,-1.21350406e-01,-1.00271812e+01,0.00000000e+00,1.37147025e-01,2.47547524e-02,1.34404084e+02,2.42596573e+01
6.00000000e-01,-3.15958990e-02,-1.84919647e-01,3.91743530e-02,-1.24591636e-01,-1.00884511e+01,0.00000000e+00,1.37140503e-01,2.44558925e-02,1.34397693e+02,2.39667746e+01
6.02000000e-01,-3.19665058e-02,-1.85737003e-01,3.89222725e-02,-1.27287955e-01,-1.01497209e+01,0.00000000e+00,1.42152554e-01,2.55395881e-02,1.39309503e+02,2.50287963e+01
6.04000000e-01,-3.23388226e-02,-1.86517711e-01,3.86652873e-02,-1.29854994e-01,-1.02109908e+01,0.00000000e+00,1.39320029e-01,2.43611132e-02,1.36533628e+02,2.38738909e+01
6.06000000e-01,-3.27124981e-02,-1.87180598e-01,3.84029560e-02,-1.32266871e-01,-1.02722607e+01,0.00000000e+00,1.42447179e-01,2.54915850e-02,1.39598236e+02,2.49817533e+01
6.08000000e-01,-3.30875075e-02,-1.87787246e-01,3.81363693e-02,-1.34454468e-01,-1.03335305e+01,0.00000000e+00,1.41064514e-01,2.44518752e-02,1.38243224e+02,2.39628377e+01
6.10000000e-01,-3.34635973e-02,-1.88319342e-01,3.78652652e-02,-1.36451561e-01,-1.03948004e+01,0.00000000e+00,1.43773117e-01,2.55050591e-02,1.40897655e+02,2.49949579e+01
6.12000000e-01,-3.38407934e-02,-1.88864208e-01,3.75909977e-02,-1.37796761e-01,-1.04560703e+01,0.00000000e+00,1.44439813e-01,2.54289467e-02,1.41551017e+02,2.49203677e+01
6.14000000e-01,-3.42189741e-02,-1.89289007e-01,3.73140097e-02,-1.39244605e-01,-1.05173401e+01,0.00000000e+00,1.44052798e-01,2.48944800e-02,1.41171742e+02,2.43965904e+01
6.16000000e-01,-3.45979032e-02,-1.89644547e-01,3.70341454e-02,-1.40503382e-01,-1.05786100e+01,0.00000000e+00,1.45913290e-01,2.54265523e-02,1.42995024e+02,2.49180213e+01
6.18000000e-01,-3.49775101e-02,-1.89936804e-01,3.67521416e-02,-1.41544001e-01,-1.06398799e+01,0.00000000e+00,1.45671577e-01,2.49499411e-02,1.42758145e+02,2.44509423e+01
6.20000000e-01,-3.53575831e-02,-1.90128154e-01,3.64680193e-02,-1.42509816e-01,-1.07011497e+01,0.00000000e+00,1.46657167e-01,2.51780967e-02,1.43724024e+02,2.46745348e+01
6.22000000e-01,-3.57380939e-02,-1.90426239e-01,3.61826529e-02,-1.42649826e-01,-1.07624196e+01,0.00000000e+00,1.51270859e-01,2.62757846e-02,1.48245442e+02,2.57502689e+01
6.24000000e-01,-3.61192605e-02,-1.90682974e-01,3.58974865e-02,-1.42689976e-01,-1.08236895e+01,0.00000000e+00,1.48801229e-01,2.49802671e-02,1.45825205e+02,2.44806618e+01
6.26000000e-01,-3.65007595e-02,-1.90840213e-01,3.56119563e-02,-1.42635358e-01,-1.08849593e+01,0.00000000e+00,1.52059643e-01,2.60668635e-02,1.49018450e+02,2.55455263e+01
6.28000000e-01,-3.68826259e-02,-1.91004192e-01,3.53272457e-02,-1.42129764e-01,-1.09462292e+01,0.00000000e+00,1.52075228e-01,2.55199071e-02,1.49033724e+02,2.50095090e+01
6.30000000e-01,-3.72647357e-02,-1.91107375e-01,3.50435307e-02,-1.41483929e-01,-1.10074990e+01,0.00000000e+00,1.53757847e-01,2.59557008e-02,1.50682690e+02,2.54365868e+01
6.32000000e-01,-3.76470535e-02,-1.91207779e-01,3.47616240e-02,-1.40367100e-01,-1.10687689e+01,0.00000000e+00,1.55130832e-01,2.61053691e-02,1.52028215e+02,2.55832618e+01
6.34000000e-01,-3.80295247e-02,-1.91245022e-01,3.44821275e-02,-1.39152557e-01,-1.11300388e+01,0.00000000e+00,1.55403939e-01,2.57610147e-02,1.52295860e+02,2.52457944e+01
6.36000000e-01,-3.84119922e-02,-1.91220212e-01,3.42051159e-02,-1.37784941e-01,-1.11913086e+01,0.00000000e+00,1.56803078e-01,2.60304109e-02,1.53667016e+02,2.55098027e+01
6.38000000e-01,-3.87943529e-02,-1.91116474e-01,3.39310295e-02,-1.36354596e-01,-1.12525785e+01,0.00000000e+00,1.56681266e-01,2.55005258e-02,1.53547640e+02,2.49905153e+01
6.40000000e-01,-3.91764088e-02,-1.90938693e-01,3.36597488e-02,-1.34847324e-01,-1.13138484e+01,0.00000000e+00,1.58192409e-01,2.58037543e-02,1.55028561e+02,2.52876793e+01
6.42000000e-01,-3.95581052e-02,-1.90757203e-01,3.33918873e-02,-1.32969489e-01,-1.13751182e+01,0.00000000e+00,1.59711226e-01,2.58949315e-02,1.56517001e+02,2.53770328e+01
6.44000000e-01,-3.99393639e-02,-1.90465213e-01,3.31277923e-02,-1.31209482e-01,-1.14363881e+01,0.00000000e+00,1.58723695e-01,2.51784009e-02,1.55549221e+02,2.46748329e+01
6.46000000e-01,-4.03199143e-02,-1.90095594e-01,3.28671337e-02,-1.29322940e-01,-1.14976580e+01,0.00000000e+00,1.61005313e-01,2.57874395e-02,1.57785207e+02,2.52716907e+01
6.48000000e-01,-4.06997172e-02,-1.89682325e-01,3.26106257e-02,-1.27248559e-01,-1.15589278e+01,0.00000000e+00,1.60805730e-01,2.52053644e-02,1.57589615e+02,2.47012571e+01
6.50000000e-01,-4.10785945e-02,-1.89195401e-01,3.23581823e-02,-1.25110045e-01,-1.16201977e+01,0.00000000e+00,1.62379052e-01,2.55605822e-02,1.59131471e+02,2.50493705e+01
6.52000000e-01,-4.14565199e-02,-1.88740107e-01,3.21106017e-02,-1.22347404e-01,-1.16814676e+01,0.00000000e+00,1.64631851e-01,2.61606435e-02,1.61339214e+02,2.56374306e+01
6.54000000e-01,-4.18335282e-02,-1.88244647e-01,3.18689139e-02,-1.19402879e-01,-1.17427374e+01,0.00000000e+00,1.64520037e-01,2.55958619e-02,1.61229637e+02,2.50839447e+01
6.56000000e-01,-4.22094698e-02,-1.87706193e-01,3.16330897e-02,-1.16309188e-01,-1.18040073e+01,0.00000000e+00,1.66698306e-01,2.61356356e-02,1.63364340e+02,2.56129229e+01
6.58000000e-01,-4.25843495e-02,-1.87162588e-01,3.14039310e-02,-1.12834795e-01,-1.18652772e+01,0.00000000e+00,1.67462129e-01,2.60661721e-02,1.64112887e+02,2.55448487e+01
6.60000000e-01,-4.29580705e-02,-1.86544526e-01,3.11817514e-02,-1.09358937e-01,-1.19265470e+01,0.00000000e+00,1.68011661e-01,2.58198870e-02,1.64651428e+02,2.53034893e+01
6.62000000e-01,-4.33304462e-02,-1.85804308e-01,3.09664529e-02,-1.05946597e-01,-1.19878169e+01,0.00000000e+00,1.67650397e-01,2.56238839e-02,1.64297389e+02,2.51114062e+01
6.64000000e-01,-4.37012465e-02,-1.85002226e-01,3.07580635e-02,-1.02386645e-01,-1.20490868e+01,0.00000000e+00,1.69596300e-01,2.58305950e-02,1.66204374e+02,2.53139831e+01
6.66000000e-01,-4.40704466e-02,-1.84187508e-01,3.05570417e-02,-9.86235934e-02,-1.21103566e+01,0.00000000e+00,1.70372286e-01,2.57614858e-02,1.66964840e+02,2.52462561e+01
6.68000000e-01,-4.44379848e-02,-1.83355239e-01,3.03637688e-02,-9.45609974e-02,-1.21716265e+01,0.00000000e+00,1.72189907e-01,2.61816123e-02,1.68746109e+02,2.56579800e+01
6.70000000e-01,-4.48038394e-02,-1.82480743e-01,3.01788990e-02,-9.03464605e-02,-1.22328964e+01,0.00000000e+00,1.72375626e-01,2.58145748e-02,1.68928113e+02,2.52982833e+01
6.72000000e-01,-4.51678768e-02,-1.81559762e-01,3.00024627e-02,-8.60123921e-02,-1.22941662e+01,0.00000000e+00,1.74079159e-01,2.61787197e-02,1.70597576e+02,2.56551453e+01
6.74000000e-01,-4.55300685e-02,-1.80623841e-01,2.98350320e-02,-8.14044934e-02,-1.23554361e+01,0.00000000e+00,1.74986987e-01,2.61482830e-02,1.71487248e+02,2.56253174e+01
6.76000000e-01,-4.58903041e-02,-1.79585834e-01,2.96767087e-02,-7.70005639e-02,-1.24167060e+01,0.00000000e+00,1.74638513e-01,2.55225811e-02,1.71145743e+02,2.50121294e+01
6.78000000e-01,-4.62483851e-02,-1.78507700e-01,2.95271312e-02,-7.24445795e-02,-1.24779758e+01,0.00000000e+00,1.76976879e-01,2.62519588e-02,1.73437342e+02,2.57269196e+01
6.80000000e-01,-4.66043410e-02,-1.77438640e-01,2.93871747e-02,-6.75221620e-02,-1.25392457e+01,0.00000000e+00,1.77760642e-01,2.60897733e-02,1.74205429e+02,2.55679778e+01
6.82000000e-01,-4.69579682e-02,-1.76112405e-01,2.92566243e-02,-6.32269371e-02,-1.26005156e+01,0.00000000e+00,1.73859241e-01,2.47471461e-02,1.70382056e+02,2.42522032e+01
6.84000000e-01,-4.73088229e-02,-1.74834670e-01,2.91347307e-02,-5.82363105e-02,-1.26617854e+01,0.00000000e+00,1.81763663e-01,2.73734273e-02,1.78128390e+02,2.68259588e+01
6.86000000e-01,-4.76574047e-02,-1.73703680e-01,2.90242102e-02,-5.24490862e-02,-1.27230553e+01,0.00000000e+00,1.80138272e-01,2.62588897e-02,1.76535506e+02,2.57337119e+01
6.88000000e-01,-4.80035496e-02,-1.72440641e-01,2.89247241e-02,-4.69772287e-02,-1.27843252e+01,0.00000000e+00,1.81508887e-01,2.65671402e-02,1.77878710e+02,2.60357974e+01
6.90000000e-01,-4.83471495e-02,-1.71150986e-01,2.88364169e-02,-4.13319092e-02,-1.28455950e+01,0.00000000e+00,1.82326430e-01,2.64945283e-02,1.78679902e+02,2.59646378e+01
6.92000000e-01,-4.86880845e-02,-1.69757744e-01,2.87592198e-02,-3.59515026e-02,-1.29068649e+01,0.00000000e+00,1.81877059e-01,2.58985749e-02,1.78239518e+02,2.53806034e+01
6.94000000e-01,-4.90261376e-02,-1.68300062e-01,2.86926114e-02,-3.05703681e-02,-1.29681348e+01,0.00000000e+00,1.83586227e-01,2.63987403e-02,1.79914503e+02,2.58707655e+01
6.96000000e-01,-4.93612782e-02,-1.66832591e-01,2.86370936e-02,-2.49563349e-02,-1.30294046e+01,0.00000000e+00,1.84390109e-01,2.63058235e-02,1.80702307e+02,2.57797070e+01
6.98000000e-01,-4.96934445e-02,-1.65329983e-01,2.85928097e-02,-1.93068112e-02,-1.30906745e+01,0.00000000e+00,1.85482849e-01,2.64076746e-02,1.81773192e+02,2.58795211e+01
7.00000000e-01,-5.00225848e-02,-1.63807331e-01,2.85599631e-02,-1.35122373e-02,-1.31519444e+01,0.00000000e+00,1.86614798e-01,2.65610065e-02,1.82882502e+02,2.60297864e+01
7.02000000e-01,-5.03484198e-02,-1.61903738e-01,2.85380806e-02,-8.73781612e-03,-1.32132142e+01,0.00000000e+00,1.79248424e-01,2.42330131e-02,1.75663455e+02,2.37483528e+01
7.04000000e-01,-5.06701707e-02,-1.59956638e-01,2.85251967e-02,-3.68618727e-03,-1.32744841e+01,0.00000000e+00,1.88233084e-01,2.71225860e-02,1.84468423e+02,2.65801343e+01
7.06000000e-01,-5.09884245e-02,-1.58276712e-01,2.85241527e-02,2.59077229e-03,-1.33357540e+01,0.00000000e+00,1.88096312e-01,2.68009097e-02,1.84334386e+02,2.62648915e+01
7.08000000e-01,-5.13031846e-02,-1.56457253e-01,2.85352758e-02,8.44187367e-03,-1.33970238e+01,0.00000000e+00,1.87549374e-01,2.62421741e-02,1.83798386e+02,2.57173307e+01
7.10000000e-01,-5.16142166e-02,-1.54582408e-01,2.85579030e-02,1.42670360e-02,-1.34582937e+01,0.00000000e+00,1.89348810e-01,2.67764438e-02,1.85561834e+02,2.62409150e+01
7.12000000e-01,-5.19215646e-02,-1.52783124e-01,2.85927662e-02,2.07254080e-02,-1.35195636e+01,0.00000000e+00,1.91831401e-01,2.76185033e-02,1.87994773e+02,2.70661332e+01
7.14000000e-01,-5.22253691e-02,-1.51013867e-01,2.86409917e-02,2.74643590e-02,-1.35808334e+01,0.00000000e+00,1.92537708e-01,2.74315080e-02,1.88686954e+02,2.68828778e+01
7.16000000e-01,-5.25256190e-02,-1.49243026e-01,2.87027084e-02,3.43304513e-02,-1.36421033e+01,0.00000000e+00,1.94252664e-01,2.79707692e-02,1.90367611e+02,2.74113538e+01
7.18000000e-01,-5.28223041e-02,-1.47416532e-01,2.87782240e-02,4.10623249e-02,-1.37033732e+01,0.00000000e+00,1.93666505e-01,2.72548643e-02,1.89793175e+02,2.67097670e+01
7.20000000e-01,-5.31151856e-02,-1.45440786e-01,2.88665337e-02,4.71583410e-02,-1.37646430e+01,0.00000000e+00,1.93163865e-01,2.67597357e-02,1.89300587e+02,2.62245409e+01
7.22000000e-01,-5.34037400e-02,-1.42974196e-01,2.89660027e-02,5.19725866e-02,-1.38259129e+01,0.00000000e+00,1.84561839e-01,2.47044218e-02,1.80870603e+02,2.42103334e+01
7.24000000e-01,-5.36870818e-02,-1.40506766e-01,2.90747724e-02,5.73091082e-02,-1.38871828e+01,0.00000000e+00,1.95467866e-01,2.80094097e-02,1.91558509e+02,2.74492215e+01
7.26000000e-01,-5.39659515e-02,-1.38316014e-01,2.91959866e-02,6.37667483e-02,-1.39484526e+01,0.00000000e+00,1.93312305e-01,2.72281221e-02,1.89446059e+02,2.66835597e+01
7.28000000e-01,-5.42402653e-02,-1.36004353e-01,2.93296430e-02,6.99298770e-02,-1.40097225e+01,0.00000000e+00,1.94891317e-01,2.75796683e-02,1.90993490e+02,2.70280749e+01
7.30000000e-01,-5.45099161e-02,-1.33613481e-01,2.94754969e-02,7.57792614e-02,-1.40709924e+01,0.00000000e+00,1.93672192e-01,2.67754886e-02,1.89798748e+02,2.62399788e+01
7.32000000e-01,-5.47746503e-02,-1.31119317e-01,2.96325403e-02,8.12990530e-02,-1.41322622e+01,0.00000000e+00,1.94648948e-01,2.71099616e-02,1.90755969e+02,2.65677624e+01
7.34000000e-01,-5.50343602e-02,-1.28575384e-01,2.98006540e-02,8.67602464e-02,-1.41935321e+01,0.00000000e+00,1.94639606e-01,2.68904020e-02,1.90746813e+02,2.63525939e+01
7.36000000e-01,-5.52888751e-02,-1.25916356e-01,2.99793231e-02,9.18341270e-02,-1.42548019e+01,0.00000000e+00,1.94047912e-01,2.65501317e-02,1.90166953e+02,2.60191291e+01
7.38000000e-01,-5.55379907e-02,-1.23204918e-01,3.01679544e-02,9.68538776e-02,-1.43160718e+01,0.00000000e+00,1.95459617e-01,2.70442304e-02,1.91550425e+02,2.65033458e+01
7.40000000e-01,-5.57816846e-02,-1.20478177e-01,3.03667568e-02,1.01900887e-01,-1.43773417e+01,0.00000000e+00,1.95690759e-01,2.68892727e-02,1.91776944e+02,2.63514872e+01
7.42000000e-01,-5.60195059e-02,-1.17155183e-01,3.05743955e-02,1.05204394e-01,-1.44386115e+01,0.00000000e+00,1.83480938e-01,2.36796756e-02,1.79811320e+02,2.32060821e+01
7.44000000e-01,-5.62503097e-02,-1.13838718e-01,3.07880008e-02,1.09147310e-01,-1.44998814e+01,0.00000000e+00,1.97741771e-01,2.85352395e-02,1.93786936e+02,2.79645347e+01
7.46000000e-01,-5.64751357e-02,-1.10934705e-01,3.10120326e-02,1.14662021e-01,-1.45611513e+01,0.00000000e+00,1.94965779e-01,2.72965801e-02,1.91066463e+02,2.67506485e+01
7.48000000e-01,-5.66938833e-02,-1.07782810e-01,3.12459331e-02,1.19103231e-01,-1.46224211e+01,0.00000000e+00,1.93747864e-01,2.66142334e-02,1.89872907e+02,2.60819487e+01
7.50000000e-01,-5.69062248e-02,-1.04567674e-01,3.14883303e-02,1.23371598e-01,-1.46836910e+01,0.00000000e+00,1.95234576e-01,2.72783549e-02,1.91329884e+02,2.67327878e+01
7.52000000e-01,-5.71121849e-02,-1.01398990e-01,3.17397034e-02,1.28065805e-01,-1.47449609e+01,0.00000000e+00,1.96527604e-01,2.78652862e-02,1.92597052e+02,2.73079805e+01
7.54000000e-01,-5.73117656e-02,-9.81476286e-02,3.20003706e-02,1.32425618e-01,-1.48062307e+01,0.00000000e+00,1.94944960e-01,2.69469931e-02,1.91046061e+02,2.64080533e+01
7.56000000e-01,-5.75047352e-02,-9.48358373e-02,3.22692828e-02,1.36600729e-01,-1.48675006e+01,0.00000000e+00,1.96704361e-01,2.78600968e-02,1.92770274e+02,2.73028949e+01
7.58000000e-01,-5.76911128e-02,-9.15298280e-02,3.25468994e-02,1.40964690e-01,-1.49287705e+01,0.00000000e+00,1.96614969e-01,2.77381841e-02,1.92682670e+02,2.71834204e+01
7.60000000e-01,-5.78707966e-02,-8.81370973e-02,3.28328991e-02,1.44965025e-01,-1.49900403e+01,0.00000000e+00,1.96158496e-01,2.75037549e-02,1.92235326e+02,2.69536798e+01
7.62000000e-01,-5.80432645e-02,-8.41493557e-02,3.31256806e-02,1.47347263e-01,-1.50513102e+01,0.00000000e+00,1.84134580e-01,2.47588907e-02,1.80451889e+02,2.42637129e+01
7.64000000e-01,-5.82073992e-02,-8.01692659e-02,3.34226292e-02,1.50240860e-01,-1.51125801e+01,0.00000000e+00,1.97694170e-01,2.90003921e-02,1.93740287e+02,2.84203843e+01
7.66000000e-01,-5.83641518e-02,-7.65045300e-02,3.37272158e-02,1.53992106e-01,-1.51738499e+01,0.00000000e+00,1.92797813e-01,2.69925437e-02,1.88941857e+02,2.64526928e+01
7.68000000e-01,-5.85132680e-02,-7.26157811e-02,3.40379697e-02,1.56801501e-01,-1.52351198e+01,0.00000000e+00,1.93692744e-01,2.74662500e-02,1.89818889e+02,2.69169250e+01
7.70000000e-01,-5.86545843e-02,-6.86810886e-02,3.43543453e-02,1.59496136e-01,-1.52963897e+01,0.00000000e+00,1.92893817e-01,2.72024971e-02,1.89035940e+02,2.66584471e+01
7.72000000e-01,-5.87879566e-02,-6.46928257e-02,3.46758899e-02,1.62094384e-01,-1.53576595e+01,0.00000000e+00,1.93545984e-01,2.77222394e-02,1.89675064e+02,2.71677946e+01
7.74000000e-01,-5.89133000e-02,-6.06211251e-02,3.50025352e-02,1.64411334e-01,-1.54189294e+01,0.00000000e+00,1.91983810e-01,2.70776855e-02,1.88144134e+02,2.65361318e+01
7.76000000e-01,-5.90303738e-02,-5.64484805e-02,3.53332723e-02,1.66333828e-01,-1.54801993e+01,0.00000000e+00,1.92159908e-01,2.73659776e-02,1.88316710e+02,2.68186581e+01
7.78000000e-01,-5.91391069e-02,-5.22952985e-02,3.56679728e-02,1.68409743e-01,-1.55414691e+01,0.00000000e+00,1.93343213e-01,2.78770280e-02,1.89476348e+02,2.73194874e+01
7.80000000e-01,-5.92395762e-02,-4.81739455e-02,3.60069891e-02,1.70602461e-01,-1.56027390e+01,0.00000000e+00,1.93740647e-01,2.80945619e-02,1.89865834e+02,2.75326706e+01
7.82000000e-01,-5.93313395e-02,-4.33579117e-02,3.63489958e-02,1.70715123e-01,-1.56640089e+01,0.00000000e+00,1.77878167e-01,2.39992402e-02,1.74320604e+02,2.35192554e+01
7.84000000e-01,-5.94130065e-02,-3.85397989e-02,3.66901278e-02,1.71244745e-01,-1.57252787e+01,0.00000000e+00,1.94379340e-01,2.94572135e-02,1.90491753e+02,2.88680693e+01
7.86000000e-01,-5.94858982e-02,-3.43208626e-02,3.70353623e-02,1.73855532e-01,-1.57865486e+01,0.00000000e+00,1.92491464e-01,2.88596808e-02,1.88641635e+02,2.82824872e+01
7.88000000e-01,-5.95501913e-02,-2.99540493e-02,3.73850522e-02,1.75719953e-01,-1.58478185e+01,0.00000000e+00,1.91466437e-01,2.83893399e-02,1.87637108e+02,2.78215531e+01
7.90000000e-01,-5.96056691e-02,-2.55192335e-02,3.77380536e-02,1.77301639e-01,-1.59090883e+01,0.00000000e+00,1.91373386e-01,2.87698704e-02,1.87545919e+02,2.81944729e+01
7.92000000e-01,-5.96522733e-02,-2.10919695e-02,3.80943670e-02,1.79045541e-01,-1.59551020e+01,0.00000000e+00,1.92041446e-01,2.92381530e-02,1.88200617e+02,2.86533900e+01
7.94000000e-01,-5.96899611e-02,-1.65509393e-02,3.84538034e-02,1.80141046e-01,-1.59551020e+01,0.00000000e+00,1.89040977e-01,2.79218148e-02,1.85260157e+02,2.73633785e+01
7.96000000e-01,-5.97184223e-02,-1.19277257e-02,3.88147185e-02,1.80917555e-01,-1.59551020e+01,0.00000000e+00,1.90372318e-01,2.90839139e-02,1.86564872e+02,2.85022356e+01
7.98000000e-01,-5.97376938e-02,-7.33717208e-03,3.91776125e-02,1.81902341e-01,-1.59551020e+01,0.00000000e+00,1.89980182e-01,2.88769775e-02,1.86180578e+02,2.82994379e+01
8.00000000e-01,-5.97476453e-02,-2.55817122e-03,3.95416276e-02,1.81836852e-01,-1.59551020e+01,0.00000000e+00,1.86069320e-01,2.73993218e-02,1.82347933e+02,2.68513354e+01
8.02000000e-01,-5.97473522e-02,3.08218281e-03,3.99031334e-02,1.79031972e-01,-1.59551020e+01,0.00000000e+00,1.69872330e-01,2.36443120e-02,1.66474883e+02,2.31714258e+01
8.04000000e-01,-5.97353482e-02,8.67521239e-03,4.02581630e-02,1.76838148e-01,-1.59551020e+01,0.00000000e+00,1.87101010e-01,2.91903517e-02,1.83358989e+02,2.86065447e+01
8.06000000e-01,-5.97130233e-02,1.37102341e-02,4.06115662e-02,1.76264657e-01,-1.59551020e+01,0.00000000e+00,1.82749553e-01,2.75503699e-02,1.79094562e+02,2.69993625e+01
8.08000000e-01,-5.96803729e-02,1.89467040e-02,4.09625522e-02,1.74687050e-01,-1.59551020e+01,0.00000000e+00,1.82148513e-01,2.75847460e-02,1.78505543e+02,2.70330511e+01
8.10000000e-01,-5.96372095e-02,2.42237107e-02,4.13101790e-02,1.72906377e-01,-1.59551020e+01,0.00000000e+00,1.81471473e-01,2.76214585e-02,1.77842043e+02,2.70690294e+01
8.12000000e-01,-5.95834857e-02,2.94893283e-02,4.16542421e-02,1.71222284e-01,-1.59551020e+01,0.00000000e+00,1.81997618e-01,2.82797009e-02,1.78357666e+02,2.77141069e+01
8.14000000e-01,-5.95192413e-02,3.47713119e-02,4.19950433e-02,1.69500962e-01,-1.59551020e+01,0.00000000e+00,1.80586093e-01,2.80308427e-02,1.76974371e+02,2.74702259e+01
8.16000000e-01,-5.94443966e-02,4.00589746e-02,4.23321983e-02,1.67708144e-01,-1.59551020e+01,0.00000000e+00,1.81275577e-01,2.86120357e-02,1.77650066e+02,2.80397949e+01
8.18000000e-01,-5.93590203e-02,4.53241784e-02,4.26658642e-02,1.65897722e-01,-1.59551020e+01,0.00000000e+00,1.80435411e-01,2.84712722e-02,1.76826703e+02,2.79018467e+01
8.20000000e-01,-5.92630639e-02,5.06433707e-02,4.29955485e-02,1.63726365e-01,-1.59551020e+01,0.00000000e+00,1.79252355e-01,2.83262716e-02,1.75667308e+02,2.77597462e+01
8.22000000e-01,-5.91560019e-02,5.66299525e-02,4.33195126e-02,1.59669785e-01,-1.59551020e+01,0.00000000e+00,1.63989889e-01,2.49784151e-02,1.60710091e+02,2.44788468e+01
8.24000000e-01,-5.90365663e-02,6.25833315e-02,4.36343391e-02,1.55780201e-01,-1.59551020e+01,0.00000000e+00,1.79078437e-01,2.91283915e-02,1.75496868e+02,2.85458237e+01
8.26000000e-01,-5.89060039e-02,6.80337654e-02,4.39433756e-02,1.53003847e-01,-1.59551020e+01,0.00000000e+00,1.74698591e-01,2.77575985e-02,1.71204619e+02,2.72024465e+01
8.28000000e-01,-5.87643599e-02,7.35911877e-02,4.42460052e-02,1.49703608e-01,-1.59551020e+01,0.00000000e+00,1.75444884e-01,2.84624617e-02,1.71935986e+02,2.78932124e+01
8.30000000e-01,-5.86116413e-02,7.91452941e-02,4.45421156e-02,1.46291789e-01,-1.59551020e+01,0.00000000e+00,1.73551990e-01,2.79477532e-02,1.70080950e+02,2.73887981e+01
8.32000000e-01,-5.84477421e-02,8.47543667e-02,4.48309794e-02,1.42590601e-01,-1.59551020e+01,0.00000000e+00,1.72845408e-01,2.82692546e-02,1.69388500e+02,2.77038695e+01
8.34000000e-01,-5.82726389e-02,9.03408824e-02,4.51125116e-02,1.38939710e-01,-1.59551020e+01,0.00000000e+00,1.72672506e-01,2.84570066e-02,1.69219056e+02,2.78878665e+01
8.36000000e-01,-5.80864119e-02,9.58772739e-02,4.53867932e-02,1.35371230e-01,-1.59551020e+01,0.00000000e+00,1.72519092e-01,2.88355345e-02,1.69068710e+02,2.82588238e+01
8.38000000e-01,-5.78891325e-02,1.01409693e-01,4.56539209e-02,1.31689454e-01,-1.59551020e+01,0.00000000e+00,1.71177442e-01,2.86022844e-02,1.67753893e+02,2.80302387e+01
8.40000000e-01,-5.76807476e-02,1.06980532e-01,4.59132700e-02,1.27586143e-01,-1.59551020e+01,0.00000000e+00,1.69942921e-01,2.83228761e-02,1.66544063e+02,2.77564186e+01
8.42000000e-01,-5.74607559e-02,1.13233048e-01,4.61629073e-02,1.21445803e-01,-1.59551020e+01,0.00000000e+00,1.53477236e-01,2.46854409e-02,1.50407691e+02,2.41917321e+01
8.44000000e-01,-5.72278005e-02,1.19507842e-01,4.63989400e-02,1.15135547e-01,-1.59551020e+01,0.00000000e+00,1.67547147e-01,2.83062119e-02,1.64196204e+02,2.77400877e+01
8.46000000e-01,-5.69830800e-02,1.25249428e-01,4.66241632e-02,1.09895877e-01,-1.59551020e+01,0.00000000e+00,1.63962455e-01,2.72564097e-02,1.60683206e+02,2.67112815e+01
8.48000000e-01,-5.67267357e-02,1.31091694e-01,4.68380868e-02,1.04001281e-01,-1.59551020e+01,0.00000000e+00,1.63125801e-01,2.72395221e-02,1.59863285e+02,2.66947316e+01
8.50000000e-01,-5.64587132e-02,1.36934019e-01,4.70399940e-02,9.78451824e-02,-1.59551020e+01,0.00000000e+00,1.61796945e-01,2.69984409e-02,1.58561006e+02,2.64584721e+01
8.52000000e-01,-5.61790347e-02,1.42723752e-01,4.72295264e-02,9.17773676e-02,-1.59551020e+01,0.00000000e+00,1.62095372e-01,2.76981046e-02,1.58853464e+02,2.71441425e+01
8.54000000e-01,-5.58878295e-02,1.48496494e-01,4.74070493e-02,8.56283966e-02,-1.59551020e+01,0.00000000e+00,1.59840280e-01,2.70841603e-02,1.56643475e+02,2.65424771e+01
8.56000000e-01,-5.55850237e-02,1.54306703e-01,4.75717743e-02,7.90808551e-02,-1.59551020e+01,0.00000000e+00,1.58771722e-01,2.70994918e-02,1.55596287e+02,2.65575020e+01
8.58000000e-01,-5.52706577e-02,1.60034414e-01,4.77235044e-02,7.27308232e-02,-1.59551020e+01,0.00000000e+00,1.59225275e-01,2.77181158e-02,1.56040769e+02,2.71637535e+01
8.60000000e-01,-5.49449475e-02,1.65670055e-01,4.78628057e-02,6.65429311e-02,-1.59551020e+01,0.00000000e+00,1.58287309e-01,2.76413397e-02,1.55121563e+02,2.70885129e+01
8.62000000e-01,-5.46076625e-02,1.71778103e-01,4.79888825e-02,5.91646828e-02,-1.59551020e+01,0.00000000e+00,1.45457302e-01,2.54025270e-02,1.42548156e+02,2.48944765e+01
8.64000000e-01,-5.42579298e-02,1.77743962e-01,4.80997076e-02,5.21509999e-02,-1.59551020e+01,0.00000000e+00,1.58780119e-01,2.85679474e-02,1.55604517e+02,2.79965885e+01
8.66000000e-01,-5.38970613e-02,1.83147826e-01,4.81981266e-02,4.60974252e-02,-1.59551020e+01,0.00000000e+00,1.55665748e-01,2.75607952e-02,1.52552433e+02,2.70095793e+01
8.68000000e-01,-5.35253279e-02,1.88567592e-01,4.82838113e-02,3.96149127e-02,-1.59551020e+01,0.00000000e+00,1.55396182e-01,2.77926705e-02,1.52288259e+02,2.72368171e+01
8.70000000e-01,-5.31428584e-02,1.93886185e-01,4.83566644e-02,3.32496461e-02,-1.59551020e+01,0.00000000e+00,1.54929430e-01,2.79135732e-02,1.51830842e+02,2.73553018e+01
8.72000000e-01,-5.27498409e-02,1.99118242e-01,4.84168412e-02,2.69313145e-02,-1.59551020e+01,0.00000000e+00,1.54231435e-01,2.79797343e-02,1.51146807e+02,2.74201396e+01
8.74000000e-01,-5.23464251e-02,2.04290736e-01,4.84643468e-02,2.05487405e-02,-1.59551020e+01,0.00000000e+00,1.53049185e-01,2.78491884e-02,1.49988201e+02,2.72922046e+01
8.76000000e-01,-5.19327317e-02,2.09382677e-01,4.84990341e-02,1.41631119e-02,-1.59551020e+01,0.00000000e+00,1.52757530e-01,2.80254923e-02,1.49702380e+02,2.74649825e+01
8.78000000e-01,-5.15089494e-02,2.14392239e-01,4.85209724e-02,7.73718444e-03,-1.59551020e+01,0.00000000e+00,1.51535194e-01,2.77985487e-02,1.48504490e+02,2.72425778e+01
8.80000000e-01,-5.10751907e-02,2.19359817e-01,4.85298510e-02,1.11348033e-03,-1.59551020e+01,0.00000000e+00,1.50217993e-01,2.76257347e-02,1.47213633e+02,2.70732200e+01
8.82000000e-01,-5.06313235e-02,2.24607212e-01,4.85250933e-02,-6.00960573e-03,-1.59551020e+01,0.00000000e+00,1.41394236e-01,2.67463996e-02,1.38566352e+02,2.62114716e+01
8.84000000e-01,-5.01769011e-02,2.29645739e-01,4.85060874e-02,-1.27205261e-02,-1.59551020e+01,0.00000000e+00,1.51410357e-01,2.84665714e-02,1.48382149e+02,2.78972399e+01
8.86000000e-01,-4.97130790e-02,2.34176589e-01,4.84746094e-02,-1.88342486e-02,-1.59551020e+01,0.00000000e+00,1.49489496e-01,2.79574143e-02,1.46499706e+02,2.73982660e+01
8.88000000e-01,-4.92402352e-02,2.38646731e-01,4.84306250e-02,-2.51360912e-02,-1.59551020e+01,0.00000000e+00,1.48987310e-01,2.80114500e-02,1.46007564e+02,2.74512210e+01
8.90000000e-01,-4.87585827e-02,2.42980983e-01,4.83741502e-02,-3.13102222e-02,-1.59551020e+01,0.00000000e+00,1.48750834e-01,2.81473347e-02,1.45775818e+02,2.75843880e+01
8.92000000e-01,-4.82683993e-02,2.47183201e-01,4.83054810e-02,-3.73390132e-02,-1.59551020e+01,0.00000000e+00,1.48088314e-01,2.82208888e-02,1.45126548e+02,2.76564710e+01
8.94000000e-01,-4.77699476e-02,2.51238953e-01,4.82249177e-02,-4.31824979e-02,-1.59551020e+01,0.00000000e+00,1.48121043e-01,2.84236046e-02,1.45158622e+02,2.78551325e+01
8.96000000e-01,-4.72635393e-02,2.55150996e-01,4.81328179e-02,-4.89255560e-02,-1.59551020e+01,0.00000000e+00,1.47328512e-01,2.83024541e-02,1.44381942e+02,2.77364050e+01
8.98000000e-01,-4.67494228e-02,2.58944208e-01,4.80292036e-02,-5.46864589e-02,-1.59551020e+01,0.00000000e+00,1.46716500e-01,2.82404801e-02,1.43782170e+02,2.76756705e+01
9.00000000e-01,-4.62278372e-02,2.62625347e-01,4.79140593e-02,-6.04666399e-02,-1.59551020e+01,0.00000000e+00,1.45704631e-01,2.80998531e-02,1.42790538e+02,2.75378560e+01
9.02000000e-01,-4.56988489e-02,2.66415264e-01,4.77872793e-02,-6.63333469e-02,-1.59551020e+01,0.00000000e+00,1.39871616e-01,2.78801343e-02,1.37074184e+02,2.73225316e+01
9.04000000e-01,-4.51623338e-02,2.69968810e-01,4.76489404e-02,-7.18782455e-02,-1.59551020e+01,0.00000000e+00,1.46863308e-01,2.85800174e-02,1.43926042e+02,2.80084171e+01
9.06000000e-01,-4.46192684e-02,2.73080256e-01,4.74999743e-02,-7.71111339e-02,-1.59551020e+01,0.00000000e+00,1.45781901e-01,2.83243618e-02,1.42866263e+02,2.77578746e+01
9.08000000e-01,-4.40701228e-02,2.76026651e-01,4.73405932e-02,-8.21981224e-02,-1.59551020e+01,0.00000000e+00,1.46249496e-01,2.86606797e-02,1.43324506e+02,2.80874661e+01
9.10000000e-01,-4.35153024e-02,2.78762097e-01,4.71713826e-02,-8.69840308e-02,-1.59551020e+01,0.00000000e+00,1.46193348e-01,2.87165652e-02,1.43269481e+02,2.81422339e+01
9.12000000e-01,-4.29551685e-02,2.81356377e-01,4.69926362e-02,-9.18011829e-02,-1.59551020e+01,0.00000000e+00,1.44986314e-01,2.83416973e-02,1.42086588e+02,2.77748634e+01
9.14000000e-01,-4.23899619e-02,2.83823195e-01,4.68041404e-02,-9.66745495e-02,-1.59551020e+01,0.00000000e+00,1.44568036e-01,2.83312885e-02,1.41676675e+02,2.77646628e+01
9.16000000e-01,-4.18200003e-02,2.86103160e-01,4.66061056e-02,-1.01296658e-01,-1.59551020e+01,0.00000000e+00,1.44709274e-01,2.85880943e-02,1.41815088e+02,2.80163324e+01
9.18000000e-01,-4.12456637e-02,2.88211482e-01,4.63990458e-02,-1.05780716e-01,-1.59551020e+01,0.00000000e+00,1.43899106e-01,2.83270800e-02,1.41021124e+02,2.77605384e+01
9.20000000e-01,-4.06672601e-02,2.90161273e-01,4.61830311e-02,-1.10192233e-01,-1.59551020e+01,0.00000000e+00,1.43700169e-01,2.84335821e-02,1.40826166e+02,2.78649104e+01
9.22000000e-01,-4.00851451e-02,2.91921281e-01,4.59587791e-02,-1.13850498e-01,-1.59551020e+01,0.00000000e+00,1.43589157e-01,2.95893771e-02,1.40717374e+02,2.89975896e+01
9.24000000e-01,-3.94997440e-02,2.93427650e-01,4.57277821e-02,-1.17279167e-01,-1.59551020e+01,0.00000000e+00,1.44854643e-01,2.85868538e-02,1.41957550e+02,2.80151167e+01
9.26000000e-01,-3.89115944e-02,2.94694299e-01,4.54894101e-02,-1.21086286e-01,-1.59551020e+01,0.00000000e+00,1.44394826e-01,2.84560352e-02,1.41506930e+02,2.78869145e+01
9.28000000e-01,-3.83210982e-02,2.95763951e-01,4.52435427e-02,-1.24734911e-01,-1.59551020e+01,0.00000000e+00,1.44642075e-01,2.85698002e-02,1.41749234e+02,2.79984042e+01
9.30000000e-01,-3.77286785e-02,2.96623772e-01,4.49906033e-02,-1.28184255e-01,-1.59551020e+01,0.00000000e+00,1.44465600e-01,2.85144031e-02,1.41576288e+02,2.79441150e+01
9.32000000e-01,-3.71347056e-02,2.97329905e-01,4.47307827e-02,-1.31668061e-01,-1.59551020e+01,0.00000000e+00,1.43387550e-01,2.81277003e-02,1.40519799e+02,2.75651463e+01
9.34000000e-01,-3.65394921e-02,2.97836215e-01,4.44640664e-02,-1.34948981e-01,-1.59551020e+01,0.00000000e+00,1.44278294e-01,2.85606173e-02,1.41392728e+02,2.79894049e+01
9.36000000e-01,-3.59435248e-02,2.98096337e-01,4.41912409e-02,-1.37848721e-01,-1.59551020e+01,0.00000000e+00,1.44276490e-01,2.85392407e-02,1.41390960e+02,2.79684558e+01
9.38000000e-01,-3.53472441e-02,2.98150455e-01,4.39127832e-02,-1.40580868e-01,-1.59551020e+01,0.00000000e+00,1.44224821e-01,2.85157269e-02,1.41340325e+02,2.79454124e+01
9.40000000e-01,-3.47510765e-02,2.97974320e-01,4.36291337e-02,-1.42988648e-01,-1.59551020e+01,0.00000000e+00,1.44789669e-01,2.88158874e-02,1.41893875e+02,2.82395696e+01
9.42000000e-01,-3.41556165e-02,2.97393666e-01,4.33416113e-02,-1.44222647e-01,-1.59551020e+01,0.00000000e+00,1.48814472e-01,3.05693814e-02,1.45838182e+02,2.99579937e+01
9.44000000e-01,-3.35616686e-02,2.96562849e-01,4.30522850e-02,-1.45393695e-01,-1.59551020e+01,0.00000000e+00,1.45783337e-01,2.85350568e-02,1.42867670e+02,2.79643557e+01
9.46000000e-01,-3.29694102e-02,2.95664299e-01,4.27594843e-02,-1.47392989e-01,-1.59551020e+01,0.00000000e+00,1.45558896e-01,2.84134274e-02,1.42647719e+02,2.78451588e+01
9.48000000e-01,-3.23791571e-02,2.94547253e-01,4.24628586e-02,-1.49174038e-01,-1.59551020e+01,0.00000000e+00,1.46066241e-01,2.85701526e-02,1.43144916e+02,2.79987495e+01
9.50000000e-01,-3.17913757e-02,2.93198528e-01,4.21629626e-02,-1.50693345e-01,-1.59551020e+01,0.00000000e+00,1.46169050e-01,2.85350333e-02,1.43245669e+02,2.79643327e+01
9.52000000e-01,-3.12065169e-02,2.91618925e-01,4.18602518e-02,-1.51962790e-01,-1.59551020e+01,0.00000000e+00,1.46680587e-01,2.86627097e-02,1.43746976e+02,2.80894555e+01
9.54000000e-01,-3.06250605e-02,2.89798619e-01,4.15553001e-02,-1.52949283e-01,-1.59551020e+01,0.00000000e+00,1.47039787e-01,2.86937233e-02,1.44098991e+02,2.81198488e+01
9.56000000e-01,-3.00474502e-02,2.87786777e-01,4.12484944e-02,-1.53876114e-01,-1.59551020e+01,0.00000000e+00,1.46433009e-01,2.83500183e-02,1.43504349e+02,2.77830179e+01
9.58000000e-01,-2.94740305e-02,2.85599251e-01,4.09398071e-02,-1.54785765e-01,-1.59551020e+01,0.00000000e+00,1.46455263e-01,2.82891821e-02,1.43526157e+02,2.77233984e+01
9.60000000e-01,-2.89051877e-02,2.83209910e-01,4.06294619e-02,-1.55529585e-01,-1.59551020e+01,0.00000000e+00,1.46495674e-01,2.82550658e-02,1.43565760e+02,2.76899645e+01
9.62000000e-01,-2.83416135e-02,2.80186567e-01,4.03188451e-02,-1.54539168e-01,-1.59551020e+01,0.00000000e+00,1.56657961e-01,3.14854270e-02,1.53524802e+02,3.08557185e+01
9.64000000e-01,-2.77846257e-02,2.76886831e-01,4.00114173e-02,-1.53380547e-01,-1.59551020e+01,0.00000000e+00,1.48393617e-01,2.81682691e-02,1.45425744e+02,2.76049037e+01
9.66000000e-01,-2.72339832e-02,2.73711585e-01,3.97044824e-02,-1.53482708e-01,-1.59551020e+01,0.00000000e+00,1.49241119e-01,2.84006378e-02,1.46256297e+02,2.78326251e+01
9.68000000e-01,-2.66899422e-02,2.70292114e-01,3.93977137e-02,-1.53244115e-01,-1.59551020e+01,0.00000000e+00,1.49645577e-01,2.84451922e-02,1.46652665e+02,2.78762884e+01
9.70000000e-01,-2.61529615e-02,2.66652497e-01,3.90916486e-02,-1.52791488e-01,-1.59551020e+01,0.00000000e+00,1.49987093e-01,2.84124855e-02,1.46987351e+02,2.78442358e+01
9.72000000e-01,-2.56234608e-02,2.62820006e-01,3.87865684e-02,-1.52307891e-01,-1.59551020e+01,0.00000000e+00,1.49814565e-01,2.80741642e-02,1.46818274e+02,2.75126809e+01
9.74000000e-01,-2.51018279e-02,2.58767894e-01,3.84825606e-02,-1.51609065e-01,-1.59551020e+01,0.00000000e+00,1.50844479e-01,2.84297049e-02,1.47827590e+02,2.78611108e+01
9.76000000e-01,-2.45885487e-02,2.54476508e-01,3.81803516e-02,-1.50581120e-01,-1.59551020e+01,0.00000000e+00,1.51198338e-01,2.83328495e-02,1.48174371e+02,2.77661925e+01
9.78000000e-01,-2.40840518e-02,2.49990270e-01,3.78802975e-02,-1.49461115e-01,-1.59551020e+01,0.00000000e+00,1.51261137e-01,2.81938356e-02,1.48235914e+02,2.76299589e+01
9.80000000e-01,-2.35887249e-02,2.45298189e-01,3.75826392e-02,-1.48142964e-01,-1.59551020e+01,0.00000000e+00,1.51945849e-01,2.83230166e-02,1.48906932e+02,2.77565562e+01
9.82000000e-01,-2.31034401e-02,2.39734574e-01,3.72892499e-02,-1.44538730e-01,-1.59551020e+01,0.00000000e+00,1.67643395e-01,3.25720173e-02,1.64290527e+02,3.19205770e+01
9.84000000e-01,-2.26299529e-02,2.33921486e-01,3.70045461e-02,-1.40841712e-01,-1.59551020e+01,0.00000000e+00,1.53885735e-01,2.81092665e-02,1.50808020e+02,2.75470811e+01
9.86000000e-01,-2.21675128e-02,2.28470509e-01,3.67247236e-02,-1.38883793e-01,-1.59551020e+01,0.00000000e+00,1.55384777e-01,2.85211400e-02,1.52277081e+02,2.79507172e+01
9.88000000e-01,-2.17162490e-02,2.22752362e-01,3.64493492e-02,-1.36418381e-01,-1.59551020e+01,0.00000000e+00,1.56421821e-01,2.87801243e-02,1.53293384e+02,2.82045218e+01
9.90000000e-01,-2.12766384e-02,2.16831640e-01,3.61791833e-02,-1.33753093e-01,-1.59551020e+01,0.00000000e+00,1.56505694e-01,2.85536412e-02,1.53375580e+02,2.79825683e+01
9.92000000e-01,-2.08489879e-02,2.10812702e-01,3.59141006e-02,-1.31442207e-01,-1.59551020e+01,0.00000000e+00,1.55201289e-01,2.76565531e-02,1.52097263e+02,2.71034221e+01
9.94000000e-01,-2.04334757e-02,2.04661632e-01,3.56533342e-02,-1.29251798e-01,-1.59551020e+01,0.00000000e+00,1.56176401e-01,2.79273726e-02,1.53052873e+02,2.73688251e+01
9.96000000e-01,-2.00304961e-02,1.98278452e-01,3.53973542e-02,-1.26670179e-01,-1.59551020e+01,0.00000000e+00,1.57309571e-01,2.81109876e-02,1.54163380e+02,2.75487678e+01
9.98000000e-01,-1.96404845e-02,1.91711369e-01,3.51467278e-02,-1.23976999e-01,-1.59551020e+01,0.00000000e+00,1.57263215e-01,2.78023946e-02,1.54117951e+02,2.72463467e+01
1.00000000e+00,-1.92637717e-02,1.84962775e-01,3.49015547e-02,-1.21121189e-01,-1.59551020e+01,0.00000000e+00,1.58448418e-01,2.81009659e-02,1.55279449e+02,2.75389466e+01
1.00200000e+00,-1.89013756e-02,1.77100949e-01,3.46641548e-02,-1.15398139e-01,-1.59551020e+01,0.00000000e+00,1.80287429e-01,3.34796148e-02,1.76681680e+02,3.28100225e+01
1.00400000e+00,-1.85554878e-02,1.69059237e-01,3.44399165e-02,-1.09743325e-01,-1.59551020e+01,0.00000000e+00,1.59794372e-01,2.76347211e-02,1.56598485e+02,2.70820267e+01
1.00600000e+00,-1.82246889e-02,1.61692132e-01,3.42236008e-02,-1.06459520e-01,-1.59551020e+01,0.00000000e+00,1.61793385e-01,2.81925492e-02,1.58557517e+02,2.76286982e+01
1.00800000e+00,-1.79088991e-02,1.54055359e-01,3.40145219e-02,-1.02510463e-01,-1.59551020e+01,0.00000000e+00,1.63486910e-01,2.87308315e-02,1.60217172e+02,2.81562149e+01
1.01000000e+00,-1.76085980e-02,1.46222721e-01,3.38137626e-02,-9.82559579e-02,-1.59551020e+01,0.00000000e+00,1.63886911e-01,2.85451493e-02,1.60609173e+02,2.79742463e+01
1.01200000e+00,-1.73240493e-02,1.38328346e-01,3.36212337e-02,-9.43979986e-02,-1.59551020e+01,0.00000000e+00,1.62574486e-01,2.76218133e-02,1.59322997e+02,2.70693770e+01
1.01400000e+00,-1.70553626e-02,1.30316963e-01,3.34361524e-02,-9.05673828e-02,-1.59551020e+01,0.00000000e+00,1.64395160e-01,2.82218372e-02,1.61107257e+02,2.76574005e+01
1.01600000e+00,-1.68029270e-02,1.22087266e-01,3.32592704e-02,-8.62774995e-02,-1.59551020e+01,0.00000000e+00,1.65581751e-01,2.83313920e-02,1.62270116e+02,2.77647642e+01
1.01800000e+00,-1.65670890e-02,1.13744380e-01,3.30909788e-02,-8.20828700e-02,-1.59551020e+01,0.00000000e+00,1.65080857e-01,2.77797426e-02,1.61779240e+02,2.72241477e+01
1.02000000e+00,-1.63480242e-02,1.05289500e-01,3.29309472e-02,-7.78758628e-02,-1.59551020e+01,0.00000000e+00,1.66376095e-01,2.81270689e-02,1.63048573e+02,2.75645275e+01
1.02200000e+00,-1.61467743e-02,9.55698754e-02,3.27815804e-02,-7.05117851e-02,-1.59551020e+01,0.00000000e+00,1.92953632e-01,3.41904507e-02,1.89094559e+02,3.35066417e+01
1.02400000e+00,-1.59657983e-02,8.57697720e-02,3.26486823e-02,-6.34740629e-02,-1.59551020e+01,0.00000000e+00,1.66737838e-01,2.72488777e-02,1.63403081e+02,2.67039001e+01
1.02600000e+00,-1.58030517e-02,7.69348422e-02,3.25257484e-02,-5.93398050e-02,-1.59551020e+01,0.00000000e+00,1.69035652e-01,2.79188164e-02,1.65654939e+02,2.73604401e+01
1.02800000e+00,-1.56582038e-02,6.78825963e-02,3.24117412e-02,-5.45783804e-02,-1.59551020e+01,0.00000000e+00,1.70596685e-01,2.84005269e-02,1.67184751e+02,2.78325164e+01
1.03000000e+00,-1.55316293e-02,5.86683573e-02,3.23077058e-02,-4.94106921e-02,-1.59551020e+01,0.00000000e+00,1.71750224e-01,2.86208521e-02,1.68315219e+02,2.80484351e+01
1.03200000e+00,-1.54235477e-02,4.94282072e-02,3.22138768e-02,-4.45753041e-02,-1.59551020e+01,0.00000000e+00,1.70282086e-01,2.75669492e-02,1.66876444e+02,2.70156102e+01
1.03400000e+00,-1.53339357e-02,4.01592636e-02,3.21292304e-02,-4.00011058e-02,-1.59551020e+01,0.00000000e+00,1.71653792e-01,2.79498525e-02,1.68220716e+02,2.73908555e+01
1.03600000e+00,-1.52629949e-02,3.07638340e-02,3.20540437e-02,-3.51700096e-02,-1.59551020e+01,0.00000000e+00,1.72620343e-01,2.79968033e-02,1.69167936e+02,2.74368672e+01
1.03800000e+00,-1.52109124e-02,2.13203491e-02,3.19884572e-02,-3.04787211e-02,-1.59551020e+01,0.00000000e+00,1.72313000e-01,2.75607605e-02,1.68866740e+02,2.70095453e+01
1.04000000e+00,-1.51777313e-02,1.18502821e-02,3.19320280e-02,-2.59387128e-02,-1.59551020e+01,0.00000000e+00,1.72932023e-01,2.75968046e-02,1.69473383e+02,2.70448685e+01
1.04200000e+00,-1.51643937e-02,1.05668728e-03,3.18869125e-02,-1.80838645e-02,-1.59551020e+01,0.00000000e+00,2.03089155e-01,3.44514038e-02,1.99027372e+02,3.37623757e+01
1.04400000e+00,-1.51734882e-02,-9.71245356e-03,3.18594001e-02,-1.06673038e-02,-1.59551020e+01,0.00000000e+00,1.72389094e-01,2.66340022e-02,1.68941312e+02,2.61013222e+01
1.04600000e+00,-1.52024484e-02,-1.92890247e-02,3.18420862e-02,-6.48616583e-03,-1.59551020e+01,0.00000000e+00,1.75419455e-01,2.76338714e-02,1.71911066e+02,2.70811940e+01
1.04800000e+00,-1.52507658e-02,-2.90478787e-02,3.18339474e-02,-1.56719745e-03,-1.59551020e+01,0.00000000e+00,1.77003237e-01,2.81691096e-02,1.73463173e+02,2.76057274e+01
1.05000000e+00,-1.53187185e-02,-3.89245995e-02,3.18361334e-02,3.82561726e-03,-1.59551020e+01,0.00000000e+00,1.78688171e-01,2.86294268e-02,1.75114407e+02,2.80568383e+01
1.05200000e+00,-1.54064533e-02,-4.87850094e-02,3.18490807e-02,8.96481199e-03,-1.59551020e+01,0.00000000e+00,1.77297949e-01,2.76530954e-02,1.73751990e+02,2.71000335e+01
1.05400000e+00,-1.55138344e-02,-5.86091881e-02,3.18718094e-02,1.38292098e-02,-1.59551020e+01,0.00000000e+00,1.78678077e-01,2.80831384e-02,1.75104515e+02,2.75214756e+01
1.05600000e+00,-1.56409319e-02,-6.84960541e-02,3.19045449e-02,1.89146492e-02,-1.59551020e+01,0.00000000e+00,1.79759995e-01,2.81617549e-02,1.76164795e+02,2.75985198e+01
1.05800000e+00,-1.57878092e-02,-7.83688025e-02,3.19473562e-02,2.38324373e-02,-1.59551020e+01,0.00000000e+00,1.79506837e-01,2.77903635e-02,1.75916700e+02,2.72345562e+01
1.06000000e+00,-1.59543829e-02,-8.82053009e-02,3.19997717e-02,2.85956970e-02,-1.59551020e+01,0.00000000e+00,1.80232567e-01,2.79103397e-02,1.76627916e+02,2.73521329e+01
1.06200000e+00,-1.61415280e-02,-9.93881663e-02,3.20640084e-02,3.67624939e-02,-1.59551020e+01,0.00000000e+00,2.12451760e-01,3.50232840e-02,2.08202724e+02,3.43228184e+01
1.06400000e+00,-1.63518548e-02,-1.10449847e-01,3.21464654e-02,4.43953246e-02,-1.59551020e+01,0.00000000e+00,1.79070625e-01,2.69036941e-02,1.75489212e+02,2.63656202e+01
1.06600000e+00,-1.65824086e-02,-1.20133353e-01,3.22392790e-02,4.85622845e-02,-1.59551020e+01,0.00000000e+00,1.82090122e-01,2.78793650e-02,1.78448319e+02,2.73217777e+01
1.06800000e+00,-1.68324634e-02,-1.29929616e-01,3.23411715e-02,5.34146562e-02,-1.59551020e+01,0.00000000e+00,1.83706783e-01,2.84859891e-02,1.80032647e+02,2.79162693e+01
1.07000000e+00,-1.71021239e-02,-1.39721115e-01,3.24530712e-02,5.84674472e-02,-1.59551020e+01,0.00000000e+00,1.84140094e-01,2.84578326e-02,1.80457292e+02,2.78886759e+01
1.07200000e+00,-1.73912508e-02,-1.49367121e-01,3.25746831e-02,6.29830142e-02,-1.59551020e+01,0.00000000e+00,1.82627691e-01,2.75301774e-02,1.78975138e+02,2.69795739e+01
1.07400000e+00,-1.76995233e-02,-1.58909472e-01,3.27048277e-02,6.72352088e-02,-1.59551020e+01,0.00000000e+00,1.84195521e-01,2.80892288e-02,1.80511611e+02,2.75274442e+01
1.07600000e+00,-1.80268702e-02,-1.68424012e-01,3.28436931e-02,7.15911305e-02,-1.59551020e+01,0.00000000e+00,1.84611161e-01,2.79444862e-02,1.80918938e+02,2.73855965e+01
1.07800000e+00,-1.83731431e-02,-1.77824292e-01,3.29909764e-02,7.56233562e-02,-1.59551020e+01,0.00000000e+00,1.84313824e-01,2.76185211e-02,1.80627548e+02,2.70661506e+01
1.08000000e+00,-1.87380883e-02,-1.87106031e-01,3.31460497e-02,7.94504085e-02,-1.59551020e+01,0.00000000e+00,1.84782344e-01,2.77337984e-02,1.81086697e+02,2.71791224e+01
1.08200000e+00,-1.91223790e-02,-1.97605297e-01,3.33109838e-02,8.65856072e-02,-1.59551020e+01,0.00000000e+00,2.15860156e-01,3.47954827e-02,2.11542953e+02,3.40995730e+01
1.08400000e+00,-1.95283661e-02,-2.07889585e-01,3.34919992e-02,9.31316747e-02,-1.59551020e+01,0.00000000e+00,1.83029069e-01,2.67526030e-02,1.79368488e+02,2.62175509e+01
1.08600000e+00,-1.99529942e-02,-2.16759136e-01,3.36812379e-02,9.62690991e-02,-1.59551020e+01,0.00000000e+00,1.86231738e-01,2.79098626e-02,1.82507103e+02,2.73516653e+01
1.08800000e+00,-2.03954116e-02,-2.25642003e-01,3.38774420e-02,9.99560934e-02,-1.59551020e+01,0.00000000e+00,1.86915483e-01,2.81849462e-02,1.83177173e+02,2.76212472e+01
1.09000000e+00,-2.08554841e-02,-2.34407776e-01,3.40810612e-02,1.03641438e-01,-1.59551020e+01,0.00000000e+00,1.87215361e-01,2.81957714e-02,1.83471054e+02,2.76318560e+01
1.09200000e+00,-2.13328967e-02,-2.42954586e-01,3.42916476e-02,1.06786618e-01,-1.59551020e+01,0.00000000e+00,1.85661089e-01,2.73506290e-02,1.81947867e+02,2.68036164e+01
1.09400000e+00,-2.18271642e-02,-2.51294051e-01,3.45079487e-02,1.09543333e-01,-1.59551020e+01,0.00000000e+00,1.86370944e-01,2.76882700e-02,1.82643525e+02,2.71345046e+01
1.09600000e+00,-2.23380089e-02,-2.59537489e-01,3.47299336e-02,1.12469128e-01,-1.59551020e+01,0.00000000e+00,1.87553667e-01,2.80214676e-02,1.83802593e+02,2.74610382e+01
1.09800000e+00,-2.28652235e-02,-2.67644977e-01,3.49577763e-02,1.15321581e-01,-1.59551020e+01,0.00000000e+00,1.87464734e-01,2.78586294e-02,1.83715440e+02,2.73014568e+01
1.10000000e+00,-2.34084635e-02,-2.75564602e-01,3.51910558e-02,1.17927777e-01,-1.59551020e+01,0.00000000e+00,1.87565965e-01,2.78367539e-02,1.83814646e+02,2.72800188e+01
1.10200000e+00,-2.39681206e-02,-2.84442083e-01,3.54312865e-02,1.23232239e-01,-1.59551020e+01,0.00000000e+00,2.14381108e-01,3.38636957e-02,2.10093485e+02,3.31864218e+01
1.10400000e+00,-2.45460031e-02,-2.92976480e-01,3.56834166e-02,1.27684855e-01,-1.59551020e+01,0.00000000e+00,1.84229664e-01,2.64066004e-02,1.80545071e+02,2.58784684e+01
1.10600000e+00,-2.51391185e-02,-3.00148904e-01,3.59399634e-02,1.29043795e-01,-1.59551020e+01,0.00000000e+00,1.87367975e-01,2.77360788e-02,1.83620615e+02,2.71813572e+01
1.10800000e+00,-2.57465605e-02,-3.07264047e-01,3.61999757e-02,1.30978511e-01,-1.59551020e+01,0.00000000e+00,1.87820666e-01,2.79858178e-02,1.84064253e+02,2.74261015e+01
1.11000000e+00,-2.63680476e-02,-3.14188585e-01,3.64638743e-02,1.32908540e-01,-1.59551020e+01,0.00000000e+00,1.87959021e-01,2.81024444e-02,1.84199841e+02,2.75403956e+01
1.11200000e+00,-2.70031500e-02,-3.20865927e-01,3.67313688e-02,1.34477074e-01,-1.59551020e+01,0.00000000e+00,1.87201413e-01,2.76084903e-02,1.83457384e+02,2.70563205e+01
1.11400000e+00,-2.76513627e-02,-3.27320384e-01,3.70016461e-02,1.35840961e-01,-1.59551020e+01,0.00000000e+00,1.88015883e-01,2.80584619e-02,1.84255565e+02,2.74972927e+01
1.11600000e+00,-2.83122923e-02,-3.33565863e-01,3.72746656e-02,1.37104330e-01,-1.59551020e+01,0.00000000e+00,1.87687802e-01,2.77869827e-02,1.83934046e+02,2.72312431e+01
1.11800000e+00,-2.89854340e-02,-3.39523149e-01,3.75497318e-02,1.37870208e-01,-1.59551020e+01,0.00000000e+00,1.86752108e-01,2.74068300e-02,1.83017066e+02,2.68586934e+01
1.12000000e+00,-2.96702128e-02,-3.45222346e-01,3.78260047e-02,1.38423429e-01,-1.59551020e+01,0.00000000e+00,1.87223559e-01,2.77350746e-02,1.83479088e+02,2.71803731e+01
1.12200000e+00,-3.03667628e-02,-3.51580657e-01,3.81049171e-02,1.41213692e-01,-1.59551020e+01,0.00000000e+00,2.07815046e-01,3.24999863e-02,2.03658745e+02,3.18499866e+01
1.12400000e+00,-3.10763023e-02,-3.57589381e-01,3.83904240e-02,1.43351111e-01,-1.59551020e+01,0.00000000e+00,1.84820783e-01,2.67713632e-02,1.81124367e+02,2.62359360e+01
1.12600000e+00,-3.17963673e-02,-3.62468586e-01,3.86767442e-02,1.43122766e-01,-1.59551020e+01,0.00000000e+00,1.87279329e-01,2.79434318e-02,1.83533743e+02,2.73845632e+01
1.12800000e+00,-3.25260749e-02,-3.67195082e-01,3.89631912e-02,1.43308560e-01,-1.59551020e+01,0.00000000e+00,1.87189693e-01,2.80497674e-02,1.83445899e+02,2.74887721e+01
1.13000000e+00,-3.32649515e-02,-3.71627396e-01,3.92497872e-02,1.43207461e-01,-1.59551020e+01,0.00000000e+00,1.86418394e-01,2.77506748e-02,1.82690026e+02,2.71956613e+01
1.13200000e+00,-3.40123440e-02,-3.75699146e-01,3.95356037e-02,1.42480476e-01,-1.59551020e+01,0.00000000e+00,1.84848570e-01,2.71445851e-02,1.81151599e+02,2.66016934e+01
1.13400000e+00,-3.47675355e-02,-3.79452065e-01,3.98194962e-02,1.41434185e-01,-1.59551020e+01,0.00000000e+00,1.85117488e-01,2.74864496e-02,1.81415138e+02,2.69367206e+01
1.13600000e+00,-3.55299991e-02,-3.82975217e-01,4.01014170e-02,1.40502639e-01,-1.59551020e+01,0.00000000e+00,1.85689191e-01,2.77885629e-02,1.81975408e+02,2.72327916e+01
1.13800000e+00,-3.62992612e-02,-3.86235619e-01,4.03814265e-02,1.39450747e-01,-1.59551020e+01,0.00000000e+00,1.85243902e-01,2.76342649e-02,1.81539024e+02,2.70815796e+01
1.14000000e+00,-3.70747540e-02,-3.89214677e-01,4.06591231e-02,1.38253572e-01,-1.59551020e+01,0.00000000e+00,1.85433150e-01,2.78808147e-02,1.81724487e+02,2.73231984e+01
1.14200000e+00,-3.78562293e-02,-3.92357766e-01,4.09351412e-02,1.38106835e-01,-1.59551020e+01,0.00000000e+00,1.95443810e-01,3.02336481e-02,1.91534933e+02,2.96289751e+01
1.14400000e+00,-3.86439400e-02,-3.95133193e-01,4.12112563e-02,1.37519011e-01,-1.59551020e+01,0.00000000e+00,1.83259952e-01,2.73494614e-02,1.79594752e+02,2.68024721e+01
1.14600000e+00,-3.94362662e-02,-3.97164938e-01,4.14843920e-02,1.35693354e-01,-1.59551020e+01,0.00000000e+00,1.84525469e-01,2.80264066e-02,1.80834959e+02,2.74658784e+01
1.14800000e+00,-4.02324275e-02,-3.98938449e-01,4.17540673e-02,1.33924163e-01,-1.59551020e+01,0.00000000e+00,1.83717524e-01,2.78539305e-02,1.80043174e+02,2.72968519e+01
1.15000000e+00,-4.10318151e-02,-4.00404607e-01,4.20199812e-02,1.31993823e-01,-1.59551020e+01,0.00000000e+00,1.83862905e-01,2.80688233e-02,1.80185647e+02,2.75074469e+01
1.15200000e+00,-4.18338515e-02,-4.01579117e-01,4.22819645e-02,1.29946306e-01,-1.59551020e+01,0.00000000e+00,1.83444692e-01,2.79830535e-02,1.79775798e+02,2.74233924e+01
1.15400000e+00,-4.26379214e-02,-4.02438389e-01,4.25396266e-02,1.27689146e-01,-1.59551020e+01,0.00000000e+00,1.83056752e-01,2.79977818e-02,1.79395617e+02,2.74378262e+01
1.15600000e+00,-4.34433953e-02,-4.02982946e-01,4.27926180e-02,1.25277437e-01,-1.59551020e+01,0.00000000e+00,1.82663495e-01,2.80210469e-02,1.79010225e+02,2.74606259e+01
1.15800000e+00,-4.42496448e-02,-4.03214956e-01,4.30406378e-02,1.22717836e-01,-1.59551020e+01,0.00000000e+00,1.82333835e-01,2.80427046e-02,1.78687158e+02,2.74818505e+01
1.16000000e+00,-4.50560585e-02,-4.03152053e-01,4.32834592e-02,1.20112920e-01,-1.59551020e+01,0.00000000e+00,1.82355183e-01,2.82738860e-02,1.78708079e+02,2.77084082e+01
1.16200000e+00,-4.58621226e-02,-4.02893481e-01,4.35211829e-02,1.17648180e-01,-1.59551020e+01,0.00000000e+00,1.84342692e-01,2.86775584e-02,1.80655839e+02,2.81040072e+01
1.16400000e+00,-4.66673876e-02,-4.02267817e-01,4.37538228e-02,1.14839831e-01,-1.59551020e+01,0.00000000e+00,1.80352916e-01,2.78860802e-02,1.76745858e+02,2.73283586e+01
1.16600000e+00,-4.74709281e-02,-4.01243631e-01,4.39804158e-02,1.11841756e-01,-1.59551020e+01,0.00000000e+00,1.81593868e-01,2.86042852e-02,1.77961991e+02,2.80321995e+01
1.16800000e+00,-4.82721879e-02,-3.99958099e-01,4.42012617e-02,1.08951479e-01,-1.59551020e+01,0.00000000e+00,1.80791857e-01,2.84290011e-02,1.77176020e+02,2.78604211e+01
1.17000000e+00,-4.90705329e-02,-3.98331161e-01,4.44160639e-02,1.05824531e-01,-1.59551020e+01,0.00000000e+00,1.80139639e-01,2.84156404e-02,1.76536847e+02,2.78473276e+01
1.17200000e+00,-4.98653039e-02,-3.96391284e-01,4.46245341e-02,1.02659092e-01,-1.59551020e+01,0.00000000e+00,1.79974946e-01,2.86473168e-02,1.76375447e+02,2.80743705e+01
1.17400000e+00,-5.06558642e-02,-3.94100697e-01,4.48264844e-02,9.91699031e-02,-1.59551020e+01,0.00000000e+00,1.78407104e-01,2.80259670e-02,1.74838962e+02,2.74654477e+01
1.17600000e+00,-5.14414747e-02,-3.91462078e-01,4.50210157e-02,9.53836972e-02,-1.59551020e+01,0.00000000e+00,1.78266069e-01,2.83033331e-02,1.74700748e+02,2.77372665e+01
1.17800000e+00,-5.22215133e-02,-3.88524644e-01,4.52080261e-02,9.16078492e-02,-1.59551020e+01,0.00000000e+00,1.77804043e-01,2.83163992e-02,1.74247962e+02,2.77500712e+01
1.18000000e+00,-5.29953475e-02,-3.85248610e-01,4.53872849e-02,8.75887148e-02,-1.59551020e+01,0.00000000e+00,1.76684026e-01,2.80503738e-02,1.73150345e+02,2.74893664e+01
1.18200000e+00,-5.37622217e-02,-3.81543484e-01,4.55579857e-02,8.29768630e-02,-1.59551020e+01,0.00000000e+00,1.74052266e-01,2.73179700e-02,1.70571221e+02,2.67716106e+01
1.18400000e+00,-5.45213322e-02,-3.77554470e-01,4.57192385e-02,7.84342459e-02,-1.59551020e+01,0.00000000e+00,1.76263381e-01,2.84279775e-02,1.72738113e+02,2.78594180e+01
1.18600000e+00,-5.52722797e-02,-3.73325640e-01,4.58718373e-02,7.40635629e-02,-1.59551020e+01,0.00000000e+00,1.74595587e-01,2.78986008e-02,1.71103675e+02,2.73406288e+01
1.18800000e+00,-5.60144199e-02,-3.68774579e-01,4.60153970e-02,6.95492409e-02,-1.59551020e+01,0.00000000e+00,1.74810379e-01,2.83334288e-02,1.71314171e+02,2.77667602e+01
1.19000000e+00,-5.67471919e-02,-3.63944376e-01,4.61500715e-02,6.50907437e-02,-1.59551020e+01,0.00000000e+00,1.74074079e-01,2.82099748e-02,1.70592597e+02,2.76457753e+01
1.19200000e+00,-5.74699847e-02,-3.58795078e-01,4.62756214e-02,6.04243673e-02,-1.59551020e+01,0.00000000e+00,1.73275148e-01,2.80783377e-02,1.69809645e+02,2.75167709e+01
1.19400000e+00,-5.81821468e-02,-3.53307647e-01,4.63915848e-02,5.54817241e-02,-1.59551020e+01,0.00000000e+00,1.72008525e-01,2.77977463e-02,1.68568355e+02,2.72417913e+01
1.19600000e+00,-5.88829805e-02,-3.47468163e-01,4.64973068e-02,5.01768503e-02,-1.59551020e+01,0.00000000e+00,1.70793282e-01,2.74711860e-02,1.67377416e+02,2.69217623e+01
1.19800000e+00,-5.95718085e-02,-3.41312284e-01,4.65921715e-02,4.46909788e-02,-1.59551020e+01,0.00000000e+00,1.70263239e-01,2.75555932e-02,1.66857974e+02,2.70044813e+01
1.20000000e+00,-6.02480472e-02,-3.34882755e-01,4.66761059e-02,3.92579262e-02,-1.59551020e+01,0.00000000e+00,1.69945203e-01,2.77041828e-02,1.66546299e+02,2.71500991e+01
1.20200000e+00,-6.09108980e-02,-3.27790989e-01,4.67483230e-02,3.25048058e-02,-1.59551020e+01,0.00000000e+00,1.60227732e-01,2.48905071e-02,1.57023178e+02,2.43926970e+01
1.20400000e+00,-6.15590578e-02,-3.20469198e-01,4.68062528e-02,2.59430434e-02,-1.59551020e+01,0.00000000e+00,1.69891562e-01,2.81914899e-02,1.66493731e+02,2.76276601e+01
1.20600000e+00,-6.21928367e-02,-3.13240329e-01,4.68529195e-02,2.06176752e-02,-1.59551020e+01,0.00000000e+00,1.67601981e-01,2.75544977e-02,1.64249942e+02,2.70034078e+01
1.20800000e+00,-6.28118064e-02,-3.05692338e-01,4.68885833e-02,1.50819990e-02,-1.59551020e+01,0.00000000e+00,1.67517999e-01,2.78032753e-02,1.64167639e+02,2.72472098e+01
1.21000000e+00,-6.34154243e-02,-2.97871776e-01,4.69131730e-02,9.43464130e-03,-1.59551020e+01,0.00000000e+00,1.66191919e-01,2.73574816e-02,1.62868080e+02,2.68103320e+01
1.21200000e+00,-6.40031247e-02,-2.89797979e-01,4.69263296e-02,3.79896222e-03,-1.59551020e+01,0.00000000e+00,1.66430950e-01,2.78489155e-02,1.63102331e+02,2.72919372e+01
1.21400000e+00,-6.45744666e-02,-2.81499678e-01,4.69284757e-02,-1.67645683e-03,-1.59551020e+01,0.00000000e+00,1.65643552e-01,2.76991587e-02,1.62330681e+02,2.71451756e+01
1.21600000e+00,-6.51289604e-02,-2.72956963e-01,4.69196154e-02,-7.16450386e-03,-1.59551020e+01,0.00000000e+00,1.65280846e-01,2.78119997e-02,1.61975229e+02,2.72557597e+01
1.21800000e+00,-6.56661555e-02,-2.64205886e-01,4.68999282e-02,-1.24868797e-02,-1.59551020e+01,0.00000000e+00,1.65195539e-01,2.80209652e-02,1.61891628e+02,2.74605459e+01
1.22000000e+00,-6.61856640e-02,-2.55274817e-01,4.68698328e-02,-1.75619572e-02,-1.59551020e+01,0.00000000e+00,1.65352131e-01,2.82901763e-02,1.62045089e+02,2.77243727e+01
1.22200000e+00,-6.66865370e-02,-2.45267204e-01,4.68279331e-02,-2.52574983e-02,-1.59551020e+01,0.00000000e+00,1.44167817e-01,2.24635175e-02,1.41284461e+02,2.20142472e+01
1.22400000e+00,-6.71666450e-02,-2.35127889e-01,4.67690787e-02,-3.25395157e-02,-1.59551020e+01,0.00000000e+00,1.66236424e-01,2.90774889e-02,1.62911695e+02,2.84959391e+01
1.22600000e+00,-6.76275220e-02,-2.25698607e-01,4.66996958e-02,-3.69405405e-02,-1.59551020e+01,0.00000000e+00,1.64559934e-01,2.84133634e-02,1.61268735e+02,2.78450961e+01
1.22800000e+00,-6.80692550e-02,-2.15992692e-01,4.66210686e-02,-4.17133886e-02,-1.59551020e+01,0.00000000e+00,1.63417698e-01,2.81866441e-02,1.60149344e+02,2.76229113e+01
1.23000000e+00,-6.84913475e-02,-2.06068873e-01,4.65327893e-02,-4.65657169e-02,-1.59551020e+01,0.00000000e+00,1.62954107e-01,2.81224015e-02,1.59695025e+02,2.75599535e+01
1.23200000e+00,-6.88934375e-02,-1.96005507e-01,4.64349948e-02,-5.11345393e-02,-1.59551020e+01,0.00000000e+00,1.63480228e-01,2.86439202e-02,1.60210623e+02,2.80710418e+01
1.23400000e+00,-6.92752554e-02,-1.85771061e-01,4.63282683e-02,-5.56775416e-02,-1.59551020e+01,0.00000000e+00,1.62114923e-01,2.80259509e-02,1.58872624e+02,2.74654319e+01
1.23600000e+00,-6.96363761e-02,-1.75318219e-01,4.62121524e-02,-6.04188458e-02,-1.59551020e+01,0.00000000e+00,1.61367336e-01,2.80637476e-02,1.58139989e+02,2.75024726e+01
1.23800000e+00,-6.99764271e-02,-1.64713533e-01,4.60867126e-02,-6.49806308e-02,-1.59551020e+01,0.00000000e+00,1.61385864e-01,2.82254408e-02,1.58158147e+02,2.76609320e+01
1.24000000e+00,-7.02951587e-02,-1.54001582e-01,4.59524056e-02,-6.92788256e-02,-1.59551020e+01,0.00000000e+00,1.61506391e-01,2.84269304e-02,1.58276263e+02,2.78583918e+01
1.24200000e+00,-7.05914665e-02,-1.41839344e-01,4.58069304e-02,-7.75767342e-02,-1.59551020e+01,0.00000000e+00,1.29963078e-01,1.96250377e-02,1.27363816e+02,1.92325369e+01
1.24400000e+00,-7.08625324e-02,-1.29701482e-01,4.56426400e-02,-8.50630458e-02,-1.59551020e+01,0.00000000e+00,1.64340269e-01,2.98995021e-02,1.61053464e+02,2.93015121e+01
1.24600000e+00,-7.11110642e-02,-1.18751289e-01,4.54694421e-02,-8.84037627e-02,-1.59551020e+01,0.00000000e+00,1.59788945e-01,2.80804753e-02,1.56593167e+02,2.75188658e+01
1.24800000e+00,-7.13373687e-02,-1.07547877e-01,4.52886585e-02,-9.22942592e-02,-1.59551020e+01,0.00000000e+00,1.60316306e-01,2.84888746e-02,1.57109980e+02,2.79190971e+01
1.25000000e+00,-7.15412247e-02,-9.62979333e-02,4.51004890e-02,-9.58489275e-02,-1.59551020e+01,0.00000000e+00,1.60411621e-01,2.85180271e-02,1.57203389e+02,2.79476666e+01
1.25200000e+00,-7.17225382e-02,-8.50146229e-02,4.49055337e-02,-9.89972445e-02,-1.59551020e+01,0.00000000e+00,1.61062781e-01,2.90646286e-02,1.57841525e+02,2.84833360e+01
1.25400000e+00,-7.18812196e-02,-7.36359282e-02,4.47045530e-02,-1.02066054e-01,-1.59551020e+01,0.00000000e+00,1.59524419e-01,2.83990180e-02,1.56333931e+02,2.78310376e+01
1.25600000e+00,-7.20169995e-02,-6.21336239e-02,4.44971787e-02,-1.05271070e-01,-1.59551020e+01,0.00000000e+00,1.59329666e-01,2.84838036e-02,1.56143073e+02,2.79141275e+01
1.25800000e+00,-7.21297412e-02,-5.06119346e-02,4.42837099e-02,-1.08114431e-01,-1.59551020e+01,0.00000000e+00,1.60038825e-01,2.88543711e-02,1.56838049e+02,2.82772836e+01
1.26000000e+00,-7.22194177e-02,-3.90459650e-02,4.40648023e-02,-1.10835671e-01,-1.59551020e+01,0.00000000e+00,1.59074141e-01,2.84285063e-02,1.55892658e+02,2.78599362e+01
1.26200000e+00,-7.22843633e-02,-2.51376142e-02,4.38359811e-02,-1.20135059e-01,-1.59551020e+01,0.00000000e+00,1.05887414e-01,1.47228595e-02,1.03769666e+02,1.44284023e+01
1.26400000e+00,-7.23200829e-02,-1.14012817e-02,4.35850384e-02,-1.28270790e-01,-1.59551020e+01,0.00000000e+00,1.63444754e-01,3.05168889e-02,1.60175859e+02,2.99065511e+01
1.26600000e+00,-7.23314738e-02,7.71436322e-05,4.33274107e-02,-1.29637765e-01,-1.59551020e+01,0.00000000e+00,1.58788277e-01,2.85628927e-02,1.55612512e+02,2.79916349e+01
1.26800000e+00,-7.23196347e-02,1.17649223e-02,4.30659414e-02,-1.31823459e-01,-1.59551020e+01,0.00000000e+00,1.58503770e-01,2.84257644e-02,1.55333695e+02,2.78572491e+01
1.27000000e+00,-7.22844121e-02,2.34556293e-02,4.28001714e-02,-1.33927349e-01,-1.59551020e+01,0.00000000e+00,1.58480046e-01,2.83557939e-02,1.55310446e+02,2.77886780e+01
1.27200000e+00,-7.22258598e-02,3.50749357e-02,4.25305611e-02,-1.35537738e-01,-1.59551020e+01,0.00000000e+00,1.59741746e-01,2.90771840e-02,1.56546911e+02,2.84956403e+01
1.27400000e+00,-7.21441226e-02,4.66788768e-02,4.22581450e-02,-1.36961331e-01,-1.59551020e+01,0.00000000e+00,1.58219148e-01,2.83592602e-02,1.55054765e+02,2.77920750e+01
1.27600000e+00,-7.20391251e-02,5.83116144e-02,4.19826405e-02,-1.38497878e-01,-1.59551020e+01,0.00000000e+00,1.58259233e-01,2.84471588e-02,1.55094048e+02,2.78782157e+01
1.27800000e+00,-7.19109319e-02,6.98608019e-02,4.17044074e-02,-1.39653654e-01,-1.59551020e+01,0.00000000e+00,1.59172244e-01,2.87615301e-02,1.55988799e+02,2.81862995e+01
1.28000000e+00,-7.17597187e-02,8.13547995e-02,4.14241608e-02,-1.40606973e-01,-1.59551020e+01,0.00000000e+00,1.58361384e-01,2.84721488e-02,1.55194156e+02,2.79027058e+01
1.28200000e+00,-7.15841199e-02,9.49378029e-02,4.11377664e-02,-1.47878869e-01,-1.59551020e+01,0.00000000e+00,1.08976869e-01,1.50918065e-02,1.06797332e+02,1.47899704e+01
1.28400000e+00,-7.13801914e-02,1.08185086e-01,4.08336121e-02,-1.53701401e-01,-1.59551020e+01,0.00000000e+00,1.64598920e-01,3.10832864e-02,1.61306941e+02,3.04616207e+01
1.28600000e+00,-7.11528707e-02,1.19195766e-01,4.05274394e-02,-1.52806451e-01,-1.59551020e+01,0.00000000e+00,1.59429345e-01,2.87539195e-02,1.56240758e+02,2.81788411e+01
1.28800000e+00,-7.09033145e-02,1.30347185e-01,4.02217428e-02,-1.52876654e-01,-1.59551020e+01,0.00000000e+00,1.59318622e-01,2.86207533e-02,1.56132250e+02,2.80483382e+01
1.29000000e+00,-7.06315413e-02,1.41409678e-01,3.99160094e-02,-1.52831976e-01,-1.59551020e+01,0.00000000e+00,1.59333978e-01,2.85582852e-02,1.56147298e+02,2.79871195e+01
1.29200000e+00,-7.03378053e-02,1.52277827e-01,3.96108415e-02,-1.52147522e-01,-1.59551020e+01,0.00000000e+00,1.61506613e-01,2.95274874e-02,1.58276480e+02,2.89369377e+01
1.29400000e+00,-7.00225194e-02,1.63011739e-01,3.93075808e-02,-1.51220881e-01,-1.59551020e+01,0.00000000e+00,1.59940796e-01,2.86329833e-02,1.56741980e+02,2.80603237e+01
1.29600000e+00,-6.96858137e-02,1.73662743e-01,3.90059091e-02,-1.50367468e-01,-1.59551020e+01,0.00000000e+00,1.60738935e-01,2.89425077e-02,1.57524156e+02,2.83636576e+01
1.29800000e+00,-6.93280195e-02,1.84087256e-01,3.87065119e-02,-1.48912708e-01,-1.59551020e+01,0.00000000e+00,1.62355231e-01,2.94669570e-02,1.59108126e+02,2.88776179e+01
1.30000000e+00,-6.89495766e-02,1.94343895e-01,3.84104419e-02,-1.47182611e-01,-1.59551020e+01,0.00000000e+00,1.61614297e-01,2.90967651e-02,1.58382011e+02,2.85148298e+01
1.30200000e+00,-6.85490956e-02,2.06922747e-01,3.81128294e-02,-1.52879470e-01,-1.59551020e+01,0.00000000e+00,1.04870184e-01,1.34539322e-02,1.02772780e+02,1.31848536e+01
1.30400000e+00,-6.81221272e-02,2.19139221e-01,3.77997010e-02,-1.57411593e-01,-1.59551020e+01,0.00000000e+00,1.66650222e-01,3.10972275e-02,1.63317217e+02,3.04752829e+01
1.30600000e+00,-6.76742496e-02,2.28789572e-01,3.74881755e-02,-1.54455352e-01,-1.59551020e+01,0.00000000e+00,1.61216696e-01,2.87256385e-02,1.57992362e+02,2.81511257e+01
1.30800000e+00,-6.72069410e-02,2.38481882e-01,3.71812909e-02,-1.52382040e-01,-1.59551020e+01,0.00000000e+00,1.61894694e-01,2.88047232e-02,1.58656800e+02,2.82286288e+01
1.31000000e+00,-6.67204471e-02,2.47986674e-01,3.68787007e-02,-1.50228676e-01,-1.59551020e+01,0.00000000e+00,1.61666022e-01,2.84605081e-02,1.58432701e+02,2.78912979e+01
1.31200000e+00,-6.62151926e-02,2.57193980e-01,3.65808560e-02,-1.47355795e-01,-1.59551020e+01,0.00000000e+00,1.64759499e-01,2.98884334e-02,1.61464309e+02,2.92906647e+01
1.31400000e+00,-6.56918368e-02,2.66152874e-01,3.62895409e-02,-1.44087921e-01,-1.59551020e+01,0.00000000e+00,1.63235064e-01,2.88720479e-02,1.59970362e+02,2.82946070e+01
1.31600000e+00,-6.51507258e-02,2.74894733e-01,3.60045491e-02,-1.40752853e-01,-1.59551020e+01,0.00000000e+00,1.65449753e-01,2.96210417e-02,1.62140758e+02,2.90286209e+01
1.31800000e+00,-6.45924799e-02,2.83303476e-01,3.57269946e-02,-1.36720098e-01,-1.59551020e+01,0.00000000e+00,1.66496503e-01,2.99383756e-02,1.63166573e+02,2.93396081e+01
1.32000000e+00,-6.40176807e-02,2.91458994e-01,3.54578260e-02,-1.32451458e-01,-1.59551020e+01,0.00000000e+00,1.66708137e-01,2.97298955e-02,1.63373974e+02,2.91352976e+01
1.32200000e+00,-6.34254526e-02,3.01401348e-01,3.51928896e-02,-1.34630590e-01,-1.59551020e+01,0.00000000e+00,1.19946399e-01,1.60260250e-02,1.17547471e+02,1.57055045e+01
1.32400000e+00,-6.28123630e-02,3.10912354e-01,3.49200814e-02,-1.35643742e-01,-1.59551020e+01,0.00000000e+00,1.71824736e-01,3.17890109e-02,1.68388241e+02,3.11532307e+01
1.32600000e+00,-6.21832952e-02,3.18185537e-01,3.46547290e-02,-1.30035749e-01,-1.59551020e+01,0.00000000e+00,1.67132719e-01,2.95423202e-02,1.63790064e+02,2.89514738e+01
1.32800000e+00,-6.15396918e-02,3.25352217e-01,3.43995644e-02,-1.24988765e-01,-1.59551020e+01,0.00000000e+00,1.69089037e-01,3.02449296e-02,1.65707256e+02,2.96400310e+01
1.33000000e+00,-6.08820786e-02,3.32230411e-01,3.41548799e-02,-1.19782908e-01,-1.59551020e+01,0.00000000e+00,1.68533796e-01,2.95240846e-02,1.65163121e+02,2.89336029e+01
1.33200000e+00,-6.02109493e-02,3.38839974e-01,3.39205131e-02,-1.14456643e-01,-1.59551020e+01,0.00000000e+00,1.69914868e-01,3.01607334e-02,1.66516570e+02,2.95575187e+01
1.33400000e+00,-5.95269085e-02,3.45164901e-01,3.36972091e-02,-1.08896749e-01,-1.59551020e+01,0.00000000e+00,1.69626917e-01,2.96931796e-02,1.66234378e+02,2.90993160e+01
1.33600000e+00,-5.88304620e-02,3.51231288e-01,3.34848578e-02,-1.03439325e-01,-1.59551020e+01,0.00000000e+00,1.70295944e-01,2.96400650e-02,1.66890025e+02,2.90472637e+01
1.33800000e+00,-5.81222102e-02,3.56957384e-01,3.32836673e-02,-9.76586046e-02,-1.59551020e+01,0.00000000e+00,1.71820628e-01,3.00820450e-02,1.68384215e+02,2.94804041e+01
1.34000000e+00,-5.74028695e-02,3.62328071e-01,3.30944707e-02,-9.15069352e-02,-1.59551020e+01,0.00000000e+00,1.72750848e-01,3.01459077e-02,1.69295831e+02,2.95429895e+01
1.34200000e+00,-5.66720281e-02,3.69003476e-01,3.29138239e-02,-9.10779776e-02,-1.59551020e+01,0.00000000e+00,1.35392043e-01,1.78110319e-02,1.32684202e+02,1.74548113e+01
1.34400000e+00,-5.59271432e-02,3.75247423e-01,3.27307535e-02,-8.97574878e-02,-1.59551020e+01,0.00000000e+00,1.76780258e-01,3.17560787e-02,1.73244653e+02,3.11209572e+01
1.34600000e+00,-5.51722743e-02,3.79637469e-01,3.25586457e-02,-8.26596986e-02,-1.59551020e+01,0.00000000e+00,1.72568458e-01,2.96887002e-02,1.69117089e+02,2.90949262e+01
1.34800000e+00,-5.44086447e-02,3.83950559e-01,3.23994219e-02,-7.66011364e-02,-1.59551020e+01,0.00000000e+00,1.72362575e-01,2.93447891e-02,1.68915324e+02,2.87578933e+01
1.35000000e+00,-5.36366581e-02,3.87984673e-01,3.22521579e-02,-7.06673820e-02,-1.59551020e+01,0.00000000e+00,1.72802125e-01,2.92139277e-02,1.69346082e+02,2.86296492e+01
1.35200000e+00,-5.28569707e-02,3.91621771e-01,3.21170932e-02,-6.42224571e-02,-1.59551020e+01,0.00000000e+00,1.75290158e-01,3.02222278e-02,1.71784355e+02,2.96177832e+01
1.35400000e+00,-5.20703912e-02,3.94928607e-01,3.19953398e-02,-5.76698892e-02,-1.59551020e+01,0.00000000e+00,1.74112051e-01,2.92632060e-02,1.70629810e+02,2.86779419e+01
1.35600000e+00,-5.12774096e-02,3.98005364e-01,3.18861253e-02,-5.15497600e-02,-1.59551020e+01,0.00000000e+00,1.74205907e-01,2.91560174e-02,1.70721789e+02,2.85728971e+01
1.35800000e+00,-5.04785981e-02,4.00739641e-01,3.17892629e-02,-4.52464458e-02,-1.59551020e+01,0.00000000e+00,1.75605430e-01,2.95067910e-02,1.72093321e+02,2.89166552e+01
1.36000000e+00,-4.96746907e-02,4.03114456e-01,3.17052597e-02,-3.87628182e-02,-1.59551020e+01,0.00000000e+00,1.76052988e-01,2.94118422e-02,1.72531928e+02,2.88236053e+01
1.36200000e+00,-4.88657268e-02,4.06109368e-01,3.16315933e-02,-3.62061724e-02,-1.59551020e+01,0.00000000e+00,1.54522772e-01,2.11572377e-02,1.51432316e+02,2.07340929e+01
1.36400000e+00,-4.80505390e-02,4.08675801e-01,3.15609050e-02,-3.29450987e-02,-1.59551020e+01,0.00000000e+00,1.79422938e-01,3.07887501e-02,1.75834480e+02,3.01729751e+01
1.36600000e+00,-4.72318278e-02,4.10036066e-01,3.15023335e-02,-2.59032346e-02,-1.59551020e+01,0.00000000e+00,1.76029905e-01,2.90064615e-02,1.72509307e+02,2.84263323e+01
1.36800000e+00,-4.64105402e-02,4.11178052e-01,3.14569187e-02,-1.94213950e-02,-1.59551020e+01,0.00000000e+00,1.77824107e-01,2.95457705e-02,1.74267625e+02,2.89548551e+01
1.37000000e+00,-4.55873196e-02,4.12013934e-01,3.14245342e-02,-1.31101518e-02,-1.59551020e+01,0.00000000e+00,1.76466114e-01,2.85994801e-02,1.72936792e+02,2.80274905e+01
1.37200000e+00,-4.47626725e-02,4.12567756e-01,3.14043706e-02,-6.96006880e-03,-1.59551020e+01,0.00000000e+00,1.77685813e-01,2.91762177e-02,1.74132097e+02,2.85926934e+01
1.37400000e+00,-4.39372672e-02,4.12793771e-01,3.13967151e-02,-7.78169526e-04,-1.59551020e+01,0.00000000e+00,1.77389189e-01,2.86527691e-02,1.73841406e+02,2.80797137e+01
1.37600000e+00,-4.31116696e-02,4.12761534e-01,3.14009657e-02,4.96537806e-03,-1.59551020e+01,0.00000000e+00,1.76980951e-01,2.82598189e-02,1.73441332e+02,2.76946226e+01
1.37800000e+00,-4.22864367e-02,4.12405780e-01,3.14165683e-02,1.06964230e-02,-1.59551020e+01,0.00000000e+00,1.78211146e-01,2.86465005e-02,1.74646923e+02,2.80735704e+01
1.38000000e+00,-4.14622862e-02,4.11690465e-01,3.14438373e-02,1.65563910e-02,-1.59551020e+01,0.00000000e+00,1.78652469e-01,2.85669858e-02,1.75079420e+02,2.79956461e+01
1.38200000e+00,-4.06395091e-02,4.11223721e-01,3.14808982e-02,1.95733429e-02,-1.59551020e+01,0.00000000e+00,1.65683715e-01,2.27303386e-02,1.62370041e+02,2.22757318e+01
1.38400000e+00,-3.98175957e-02,4.10450541e-01,3.15221673e-02,2.26449842e-02,-1.59551020e+01,0.00000000e+00,1.79101367e-01,2.87398682e-02,1.75519340e+02,2.81650708e+01
1.38600000e+00,-3.89982770e-02,4.08822387e-01,3.15732827e-02,2.84232030e-02,-1.59551020e+01,0.00000000e+00,1.78967401e-01,2.84820930e-02,1.75388053e+02,2.79124511e+01
1.38800000e+00,-3.81825154e-02,4.06880280e-01,3.16358051e-02,3.41189259e-02,-1.59551020e+01,0.00000000e+00,1.79770680e-01,2.86537102e-02,1.76175266e+02,2.80806360e+01
1.39000000e+00,-3.73709518e-02,4.04644237e-01,3.17096317e-02,3.96246160e-02,-1.59551020e+01,0.00000000e+00,1.79201926e-01,2.81863992e-02,1.75617887e+02,2.76226713e+01
1.39200000e+00,-3.65641563e-02,4.02081521e-01,3.17942881e-02,4.51070746e-02,-1.59551020e+01,0.00000000e+00,1.80807876e-01,2.87236781e-02,1.77191718e+02,2.81492045e+01
1.39400000e+00,-3.57628395e-02,3.99198183e-01,3.18900299e-02,5.05444656e-02,-1.59551020e+01,0.00000000e+00,1.80141056e-01,2.82263200e-02,1.76538235e+02,2.76617936e+01
1.39600000e+00,-3.49675519e-02,3.96032267e-01,3.19963069e-02,5.57433386e-02,-1.59551020e+01,0.00000000e+00,1.80906141e-01,2.83727352e-02,1.77288018e+02,2.78052805e+01
1.39800000e+00,-3.41789412e-02,3.92520252e-01,3.21130660e-02,6.10363458e-02,-1.59551020e+01,0.00000000e+00,1.81776710e-01,2.85885544e-02,1.78141175e+02,2.80167833e+01
1.40000000e+00,-3.33976552e-02,3.88731881e-01,3.22402996e-02,6.61002863e-02,-1.59551020e+01,0.00000000e+00,1.80970715e-01,2.80715798e-02,1.77351300e+02,2.75101482e+01
1.40200000e+00,-3.26240663e-02,3.84864573e-01,3.23765579e-02,6.98005025e-02,-1.59551020e+01,0.00000000e+00,1.77290417e-01,2.59190937e-02,1.73744608e+02,2.54007118e+01
1.40400000e+00,-3.18584051e-02,3.80684976e-01,3.25195938e-02,7.36389337e-02,-1.59551020e+01,0.00000000e+00,1.82001175e-01,2.85646282e-02,1.78361151e+02,2.79933356e+01
1.40600000e+00,-3.11016415e-02,3.76032718e-01,3.26718412e-02,7.85685671e-02,-1.59551020e+01,0.00000000e+00,1.82138779e-01,2.84249965e-02,1.78496003e+02,2.78564966e+01
1.40800000e+00,-3.03544577e-02,3.71105276e-01,3.28337484e-02,8.33187222e-02,-1.59551020e+01,0.00000000e+00,1.82312123e-01,2.84172520e-02,1.78665881e+02,2.78489070e+01
1.41000000e+00,-2.96173646e-02,3.65961527e-01,3.30048263e-02,8.76342934e-02,-1.59551020e+01,0.00000000e+00,1.81155319e-01,2.77553889e-02,1.77532213e+02,2.72002811e+01
1.41200000e+00,-2.88907828e-02,3.60560901e-01,3.31841547e-02,9.17535413e-02,-1.59551020e+01,0.00000000e+00,1.82361584e-01,2.82596954e-02,1.78714352e+02,2.76945015e+01
1.41400000e+00,-2.81753167e-02,3.54866726e-01,3.33718285e-02,9.58548454e-02,-1.59551020e+01,0.00000000e+00,1.82151154e-01,2.79841296e-02,1.78508131e+02,2.74244470e+01
1.41600000e+00,-2.74714825e-02,3.48922727e-01,3.35674021e-02,9.96982398e-02,-1.59551020e+01,0.00000000e+00,1.82429632e-01,2.79961565e-02,1.78781040e+02,2.74362333e+01
1.41800000e+00,-2.67798097e-02,3.42702973e-01,3.37705671e-02,1.03460174e-01,-1.59551020e+01,0.00000000e+00,1.82923325e-01,2.81018409e-02,1.79264858e+02,2.75398041e+01
1.42000000e+00,-2.61008611e-02,3.36197525e-01,3.39812288e-02,1.07201124e-01,-1.59551020e+01,0.00000000e+00,1.83536765e-01,2.82515308e-02,1.79866029e+02,2.76865002e+01
1.42200000e+00,-2.54351642e-02,3.29475190e-01,3.41990275e-02,1.10426002e-01,-1.59551020e+01,0.00000000e+00,1.82529765e-01,2.73283581e-02,1.78879170e+02,2.67817909e+01
1.42400000e+00,-2.47830429e-02,3.22629027e-01,3.44225493e-02,1.13075614e-01,-1.59551020e+01,0.00000000e+00,1.81079018e-01,2.73622756e-02,1.77457437e+02,2.68150300e+01
1.42600000e+00,-2.41447784e-02,3.15587318e-01,3.46513182e-02,1.15707535e-01,-1.59551020e+01,0.00000000e+00,1.81860262e-01,2.76169677e-02,1.78223057e+02,2.70646283e+01
1.42800000e+00,-2.35208475e-02,3.08314835e-01,3.48852750e-02,1.18182759e-01,-1.59551020e+01,0.00000000e+00,1.81348719e-01,2.73665552e-02,1.77721745e+02,2.68192241e+01
1.43000000e+00,-2.29116375e-02,3.00864794e-01,3.51238262e-02,1.20323543e-01,-1.59551020e+01,0.00000000e+00,1.81005896e-01,2.72548729e-02,1.77385778e+02,2.67097754e+01
1.43200000e+00,-2.23175402e-02,2.93186882e-01,3.53665443e-02,1.22427026e-01,-1.59551020e+01,0.00000000e+00,1.81792544e-01,2.76341540e-02,1.78156693e+02,2.70814710e+01
1.43400000e+00,-2.17390609e-02,2.85252569e-01,3.56135765e-02,1.24593759e-01,-1.59551020e+01,0.00000000e+00,1.82242796e-01,2.77396518e-02,1.78597940e+02,2.71848587e+01
1.43600000e+00,-2.11766656e-02,2.77114820e-01,3.58647864e-02,1.26561090e-01,-1.59551020e+01,0.00000000e+00,1.81922213e-01,2.75736511e-02,1.78283769e+02,2.70221781e+01
1.43800000e+00,-2.06307128e-02,2.68810358e-01,3.61196169e-02,1.28222575e-01,-1.59551020e+01,0.00000000e+00,1.81647914e-01,2.74610294e-02,1.78014956e+02,2.69118088e+01
1.44000000e+00,-2.01015296e-02,2.60347726e-01,3.63774660e-02,1.29568160e-01,-1.59551020e+01,0.00000000e+00,1.81263916e-01,2.72783597e-02,1.77638637e+02,2.67327925e+01
1.44200000e+00,-1.95895774e-02,2.51501797e-01,3.66381342e-02,1.31280539e-01,-1.59551020e+01,0.00000000e+00,1.86389665e-01,2.86026875e-02,1.82661872e+02,2.80306337e+01
1.44400000e+00,-1.90956095e-02,2.42525204e-01,3.69023938e-02,1.32701442e-01,-1.59551020e+01,0.00000000e+00,1.80247906e-01,2.70433704e-02,1.76642948e+02,2.65025029e+01
1.44600000e+00,-1.86194436e-02,2.33598130e-01,3.71684899e-02,1.33447325e-01,-1.59551020e+01,0.00000000e+00,1.81309202e-01,2.75656751e-02,1.77683018e+02,2.70143616e+01
1.44800000e+00,-1.81613381e-02,2.24489440e-01,3.74361689e-02,1.34171937e-01,-1.59551020e+01,0.00000000e+00,1.80715067e-01,2.73808012e-02,1.77100766e+02,2.68331851e+01
1.45000000e+00,-1.77215896e-02,2.15225084e-01,3.77051132e-02,1.34799902e-01,-1.59551020e+01,0.00000000e+00,1.81319237e-01,2.77467725e-02,1.77692852e+02,2.71918371e+01
1.45200000e+00,-1.73005419e-02,2.05804441e-01,3.79753061e-02,1.35334259e-01,-1.59551020e+01,0.00000000e+00,1.80891560e-01,2.75700676e-02,1.77273728e+02,2.70186663e+01
1.45400000e+00,-1.68984542e-02,1.96260266e-01,3.82462943e-02,1.35634766e-01,-1.59551020e+01,0.00000000e+00,1.80884652e-01,2.76429169e-02,1.77266959e+02,2.70900586e+01
1.45600000e+00,-1.65155958e-02,1.86573766e-01,3.85177796e-02,1.35836929e-01,-1.59551020e+01,0.00000000e+00,1.81052528e-01,2.77513882e-02,1.77431477e+02,2.71963605e+01
1.45800000e+00,-1.61522227e-02,1.76791940e-01,3.87894401e-02,1.35736195e-01,-1.59551020e+01,0.00000000e+00,1.80105931e-01,2.73952304e-02,1.76503812e+02,2.68473258e+01
1.46000000e+00,-1.58084900e-02,1.66917170e-01,3.90605563e-02,1.35383321e-01,-1.59551020e+01,0.00000000e+00,1.80378198e-01,2.76096001e-02,1.76770634e+02,2.70574081e+01
1.46200000e+00,-1.54849889e-02,1.56390156e-01,3.93320524e-02,1.36648683e-01,-1.59551020e+01,0.00000000e+00,1.92664146e-01,3.11794623e-02,1.88810863e+02,3.05558730e+01
1.46400000e+00,-1.51829241e-02,1.45871008e-01,3.96067374e-02,1.37293874e-01,-1.59551020e+01,0.00000000e+00,1.77684833e-01,2.66997033e-02,1.74131136e+02,2.61657092e+01
1.46600000e+00,-1.49011707e-02,1.35853047e-01,3.98798700e-02,1.35902492e-01,-1.59551020e+01,0.00000000e+00,1.78611923e-01,2.72954752e-02,1.75039685e+02,2.67495657e+01
1.46800000e+00,-1.46395769e-02,1.25737558e-01,4.01503450e-02,1.34507591e-01,-1.59551020e+01,0.00000000e+00,1.77787074e-01,2.70792502e-02,1.74231333e+02,2.65376652e+01
1.47000000e+00,-1.43982749e-02,1.15540373e-01,4.04178782e-02,1.33079373e-01,-1.59551020e+01,0.00000000e+00,1.78509610e-01,2.76083401e-02,1.74939418e+02,2.70561733e+01
1.47200000e+00,-1.41774387e-02,1.05308320e-01,4.06824931e-02,1.31397040e-01,-1.59551020e+01,0.00000000e+00,1.76757275e-01,2.69245147e-02,1.73222130e+02,2.63860245e+01
1.47400000e+00,-1.39770292e-02,9.50948996e-02,4.09431568e-02,1.29250440e-01,-1.59551020e+01,0.00000000e+00,1.76396563e-01,2.70070886e-02,1.72868631e+02,2.64669468e+01
1.47600000e+00,-1.37970803e-02,8.48496683e-02,4.11994063e-02,1.26971091e-01,-1.59551020e+01,0.00000000e+00,1.75989843e-01,2.70128636e-02,1.72470046e+02,2.64726063e+01
1.47800000e+00,-1.36376266e-02,7.46103966e-02,4.14508168e-02,1.24355266e-01,-1.59551020e+01,0.00000000e+00,1.74913820e-01,2.66610159e-02,1.71415543e+02,2.61277956e+01
1.48000000e+00,-1.34986292e-02,6.43853453e-02,4.16966306e-02,1.21444325e-01,-1.59551020e+01,0.00000000e+00,1.74481151e-01,2.67457601e-02,1.70991528e+02,2.62108449e+01
1.48200000e+00,-1.33806555e-02,5.33049367e-02,4.19384590e-02,1.21330288e-01,-1.59551020e+01,0.00000000e+00,1.93894129e-01,3.28776221e-02,1.90016247e+02,3.22200697e+01
1.48400000e+00,-1.32853374e-02,4.23326206e-02,4.21814910e-02,1.20525493e-01,-1.59551020e+01,0.00000000e+00,1.71131121e-01,2.56428964e-02,1.67708498e+02,2.51300385e+01
1.48600000e+00,-1.32107207e-02,3.22667685e-02,4.24183673e-02,1.16430313e-01,-1.59551020e+01,0.00000000e+00,1.72062340e-01,2.63111985e-02,1.68621093e+02,2.57849745e+01
1.48800000e+00,-1.31563326e-02,2.21075281e-02,4.26475140e-02,1.12787659e-01,-1.59551020e+01,0.00000000e+00,1.72827964e-01,2.69216153e-02,1.69371405e+02,2.63831830e+01
1.49000000e+00,-1.31223502e-02,1.18588594e-02,4.28698334e-02,1.09618216e-01,-1.59551020e+01,0.00000000e+00,1.73832866e-01,2.76233991e-02,1.70356209e+02,2.70709311e+01
1.49200000e+00,-1.31088531e-02,1.67618299e-03,4.30857785e-02,1.06136315e-01,-1.59551020e+01,0.00000000e+00,1.71134005e-01,2.65756016e-02,1.67711325e+02,2.60440895e+01
1.49400000e+00,-1.31155356e-02,-8.34174695e-03,4.32939191e-02,1.01965058e-01,-1.59551020e+01,0.00000000e+00,1.69996770e-01,2.64754686e-02,1.66596834e+02,2.59459592e+01
1.49600000e+00,-1.31421964e-02,-1.83241021e-02,4.34936414e-02,9.77976733e-02,-1.59551020e+01,0.00000000e+00,1.70479632e-01,2.68707664e-02,1.67070040e+02,2.63333511e+01
1.49800000e+00,-1.31887969e-02,-2.82538016e-02,4.36850208e-02,9.34969023e-02,-1.59551020e+01,0.00000000e+00,1.69106136e-01,2.64706099e-02,1.65724013e+02,2.59411977e+01
1.50000000e+00,-1.32551300e-02,-3.80611655e-02,4.38673869e-02,8.88330167e-02,-1.59551020e+01,0.00000000e+00,1.68122368e-01,2.63710002e-02,1.64759921e+02,2.58435802e+01
1.50200000e+00,-1.33416188e-02,-4.87343303e-02,4.40426824e-02,8.76628070e-02,-1.59551020e+01,0.00000000e+00,1.90001322e-01,3.40552301e-02,1.86201296e+02,3.33741255e+01
1.50400000e+00,-1.34499841e-02,-5.92826852e-02,4.42177470e-02,8.60563941e-02,-1.59551020e+01,0.00000000e+00,1.66046030e-01,2.57056083e-02,1.62725109e+02,2.51914961e+01
1.50600000e+00,-1.35780384e-02,-6.87642999e-02,4.43842781e-02,8.05054211e-02,-1.59551020e+01,0.00000000e+00,1.66081045e-01,2.60157724e-02,1.62759424e+02,2.54954569e+01
1.50800000e+00,-1.37250447e-02,-7.82509630e-02,4.45400487e-02,7.53743003e-02,-1.59551020e+01,0.00000000e+00,1.67325367e-01,2.68115470e-02,1.63978859e+02,2.62753160e+01
1.51000000e+00,-1.38910981e-02,-8.78214336e-02,4.46863536e-02,7.11105256e-02,-1.59551020e+01,0.00000000e+00,1.69355954e-01,2.80471538e-02,1.65968835e+02,2.74862107e+01
1.51200000e+00,-1.40762284e-02,-9.72387981e-02,4.48243015e-02,6.65629140e-02,-1.59551020e+01,0.00000000e+00,1.65220229e-01,2.64145856e-02,1.61915824e+02,2.58862939e+01
1.51400000e+00,-1.42798572e-02,-1.06361995e-01,4.49520044e-02,6.11141227e-02,-1.59551020e+01,0.00000000e+00,1.64106954e-01,2.63402223e-02,1.60824815e+02,2.58134179e+01
1.51600000e+00,-1.45016409e-02,-1.15431971e-01,4.50690008e-02,5.60294696e-02,-1.59551020e+01,0.00000000e+00,1.65750105e-01,2.73481855e-02,1.62435103e+02,2.68012218e+01
1.51800000e+00,-1.47415370e-02,-1.24429880e-01,4.51762533e-02,5.11414446e-02,-1.59551020e+01,0.00000000e+00,1.64344406e-01,2.69081246e-02,1.61057518e+02,2.63699621e+01
1.52000000e+00,-1.49992331e-02,-1.33236843e-01,4.52733538e-02,4.59342814e-02,-1.59551020e+01,0.00000000e+00,1.63355783e-01,2.68191441e-02,1.60088667e+02,2.62827612e+01
1.52200000e+00,-1.52751535e-02,-1.43047372e-01,4.53629171e-02,4.51164389e-02,-1.59551020e+01,0.00000000e+00,1.90008928e-01,3.62502036e-02,1.86208750e+02,3.55251995e+01
1.52400000e+00,-1.55712950e-02,-1.52666659e-01,4.54535305e-02,4.38654286e-02,-1.59551020e+01,0.00000000e+00,1.61263443e-01,2.60392169e-02,1.58038175e+02,2.55184326e+01
1.52600000e+00,-1.58849140e-02,-1.60926923e-01,4.55351270e-02,3.77369595e-02,-1.59551020e+01,0.00000000e+00,1.60778522e-01,2.61314805e-02,1.57562952e+02,2.56088509e+01
1.52800000e+00,-1.62149700e-02,-1.69138142e-01,4.56048351e-02,3.21435413e-02,-1.59551020e+01,0.00000000e+00,1.62778206e-01,2.72642261e-02,1.59522642e+02,2.67189416e+01
1.53000000e+00,-1.65615241e-02,-1.77435595e-01,4.56645185e-02,2.77759761e-02,-1.59551020e+01,0.00000000e+00,1.65588835e-01,2.87916885e-02,1.62277058e+02,2.82158547e+01
1.53200000e+00,-1.69245642e-02,-1.85510756e-01,4.57157548e-02,2.31322683e-02,-1.59551020e+01,0.00000000e+00,1.60514082e-01,2.67595589e-02,1.57303801e+02,2.62243677e+01
1.53400000e+00,-1.73033078e-02,-1.93196937e-01,4.57563973e-02,1.75132941e-02,-1.59551020e+01,0.00000000e+00,1.59559667e-01,2.68049583e-02,1.56368474e+02,2.62688591e+01
1.53600000e+00,-1.76972698e-02,-2.00759868e-01,4.57860598e-02,1.22719647e-02,-1.59551020e+01,0.00000000e+00,1.60819188e-01,2.75968003e-02,1.57602804e+02,2.70448643e+01
1.53800000e+00,-1.81062347e-02,-2.08153997e-01,4.58055298e-02,7.09766315e-03,-1.59551020e+01,0.00000000e+00,1.58923303e-01,2.69755352e-02,1.55744837e+02,2.64360245e+01
1.54000000e+00,-1.85297129e-02,-2.15288912e-01,4.58142914e-02,1.68488239e-03,-1.59551020e+01,0.00000000e+00,1.58189730e-01,2.71109664e-02,1.55025936e+02,2.65687471e+01
1.54200000e+00,-1.89679664e-02,-2.23287873e-01,4.58153145e-02,8.39152902e-04,-1.59551020e+01,0.00000000e+00,1.82660039e-01,3.65642016e-02,1.79006838e+02,3.58329176e+01
1.54400000e+00,-1.94226936e-02,-2.31030661e-01,4.58172932e-02,-5.38435442e-04,-1.59551020e+01,0.00000000e+00,1.55882425e-01,2.59972983e-02,1.52764777e+02,2.54773523e+01
1.54600000e+00,-1.98911941e-02,-2.37431065e-01,4.58098229e-02,-6.92243686e-03,-1.59551020e+01,0.00000000e+00,1.55090302e-01,2.60476710e-02,1.51988496e+02,2.55267176e+01
1.54800000e+00,-2.03723667e-02,-2.43754716e-01,4.57901167e-02,-1.25366558e-02,-1.59551020e+01,0.00000000e+00,1.57991104e-01,2.75873134e-02,1.54831282e+02,2.70355671e+01
1.55000000e+00,-2.08662561e-02,-2.50143051e-01,4.57606354e-02,-1.67123845e-02,-1.59551020e+01,0.00000000e+00,1.60607484e-01,2.90267471e-02,1.57395335e+02,2.84462121e+01
1.55200000e+00,-2.13727574e-02,-2.56259132e-01,4.57231245e-02,-2.11020197e-02,-1.59551020e+01,0.00000000e+00,1.55738594e-01,2.70864042e-02,1.52623822e+02,2.65446761e+01
1.55400000e+00,-2.18910075e-02,-2.61947532e-01,4.56756416e-02,-2.63702679e-02,-1.59551020e+01,0.00000000e+00,1.54820934e-01,2.71168592e-02,1.51724516e+02,2.65745220e+01
1.55600000e+00,-2.24204380e-02,-2.67471612e-01,4.56179314e-02,-3.12066278e-02,-1.59551020e+01,0.00000000e+00,1.56198141e-01,2.79125235e-02,1.53074178e+02,2.73542731e+01
1.55800000e+00,-2.29607269e-02,-2.72745136e-01,4.55507633e-02,-3.61206479e-02,-1.59551020e+01,0.00000000e+00,1.53354843e-01,2.68598366e-02,1.50287746e+02,2.63226399e+01
1.56000000e+00,-2.35112140e-02,-2.77711915e-01,4.54732985e-02,-4.12600992e-02,-1.59551020e+01,0.00000000e+00,1.53503667e-01,2.73308111e-02,1.50433593e+02,2.67841949e+01
1.56200000e+00,-2.40720994e-02,-2.83465947e-01,4.53888035e-02,-4.17792944e-02,-1.59551020e+01,0.00000000e+00,1.76307257e-01,3.64378597e-02,1.72781112e+02,3.57091025e+01
1.56400000e+00,-2.46449078e-02,-2.88965049e-01,4.53059495e-02,-4.26459123e-02,-1.59551020e+01,0.00000000e+00,1.52198590e-01,2.64829201e-02,1.49154618e+02,2.59532617e+01
1.56600000e+00,-2.52271224e-02,-2.93208318e-01,4.52151427e-02,-4.81278874e-02,-1.59551020e+01,0.00000000e+00,1.51697083e-01,2.66227452e-02,1.48663141e+02,2.60902903e+01
1.56800000e+00,-2.58176621e-02,-2.97333039e-01,4.51139257e-02,-5.28782051e-02,-1.59551020e+01,0.00000000e+00,1.54232337e-01,2.78760994e-02,1.51147690e+02,2.73185774e+01
1.57000000e+00,-2.64164465e-02,-3.01445758e-01,4.50044350e-02,-5.64209862e-02,-1.59551020e+01,0.00000000e+00,1.56287842e-01,2.90024751e-02,1.53162085e+02,2.84224256e+01
1.57200000e+00,-2.70232381e-02,-3.05247949e-01,4.48880952e-02,-6.01835668e-02,-1.59551020e+01,0.00000000e+00,1.51913626e-01,2.72499680e-02,1.48875354e+02,2.67049687e+01
1.57400000e+00,-2.76371614e-02,-3.08634761e-01,4.47632781e-02,-6.45801156e-02,-1.59551020e+01,0.00000000e+00,1.51579139e-01,2.74952810e-02,1.48547557e+02,2.69453754e+01
1.57600000e+00,-2.82576504e-02,-3.11831577e-01,4.46300735e-02,-6.85285964e-02,-1.59551020e+01,0.00000000e+00,1.52526026e-01,2.80018218e-02,1.49475505e+02,2.74417854e+01
1.57800000e+00,-2.88843210e-02,-3.14778388e-01,4.44892349e-02,-7.23703046e-02,-1.59551020e+01,0.00000000e+00,1.50840578e-01,2.75197423e-02,1.47823766e+02,2.69693474e+01
1.58000000e+00,-2.95165799e-02,-3.17449036e-01,4.43406546e-02,-7.61186151e-02,-1.59551020e+01,0.00000000e+00,1.51223082e-01,2.79871733e-02,1.48198620e+02,2.74274299e+01
1.58200000e+00,-3.01544948e-02,-3.20686117e-01,4.41873926e-02,-7.59191975e-02,-1.59551020e+01,0.00000000e+00,1.69271787e-01,3.55875019e-02,1.65886351e+02,3.48757519e+01
1.58400000e+00,-3.07991298e-02,-3.23631468e-01,4.40367023e-02,-7.61326883e-02,-1.59551020e+01,0.00000000e+00,1.49655138e-01,2.69047375e-02,1.46662036e+02,2.63666428e+01
1.58600000e+00,-3.14482925e-02,-3.25484631e-01,4.38801697e-02,-8.03841056e-02,-1.59551020e+01,0.00000000e+00,1.49041775e-01,2.68900120e-02,1.46060940e+02,2.63522118e+01
1.58800000e+00,-3.21009554e-02,-3.27168467e-01,4.37155363e-02,-8.40798914e-02,-1.59551020e+01,0.00000000e+00,1.51019353e-01,2.78373959e-02,1.47998966e+02,2.72806480e+01
1.59000000e+00,-3.27569195e-02,-3.28782057e-01,4.35445333e-02,-8.67511370e-02,-1.59551020e+01,0.00000000e+00,1.52748514e-01,2.87973939e-02,1.49693544e+02,2.82214460e+01
1.59200000e+00,-3.34158875e-02,-3.30101408e-01,4.33685019e-02,-8.94671673e-02,-1.59551020e+01,0.00000000e+00,1.49517340e-01,2.74929517e-02,1.46526993e+02,2.69430926e+01
1.59400000e+00,-3.40770807e-02,-3.31054008e-01,4.31864160e-02,-9.25561273e-02,-1.59551020e+01,0.00000000e+00,1.49571980e-01,2.77557776e-02,1.46580541e+02,2.72006621e+01
1.59600000e+00,-3.47399772e-02,-3.31817060e-01,4.29986038e-02,-9.51555371e-02,-1.59551020e+01,0.00000000e+00,1.50496262e-01,2.82533170e-02,1.47486337e+02,2.76882506e+01
1.59800000e+00,-3.54041794e-02,-3.32325873e-01,4.28058762e-02,-9.76312973e-02,-1.59551020e+01,0.00000000e+00,1.49050858e-01,2.77409797e-02,1.46069841e+02,2.71861601e+01
1.60000000e+00,-3.60690865e-02,-3.32543539e-01,4.26080836e-02,-1.00099502e-01,-1.59551020e+01,0.00000000e+00,1.49119692e-01,2.79876469e-02,1.46137298e+02,2.74278940e+01
1.60200000e+00,-3.67345668e-02,-3.33081037e-01,4.24075320e-02,-9.94874349e-02,-1.59551020e+01,0.00000000e+00,1.61955373e-01,3.39201176e-02,1.58716265e+02,3.32417152e+01
1.60400000e+00,-3.74012794e-02,-3.33421614e-01,4.22101299e-02,-9.88810649e-02,-1.59551020e+01,0.00000000e+00,1.49958479e-01,2.76930434e-02,1.46959310e+02,2.71391825e+01
1.60600000e+00,-3.80677298e-02,-3.32977097e-01,4.20100576e-02,-1.01199693e-01,-1.59551020e+01,0.00000000e+00,1.49051808e-01,2.74956676e-02,1.46070772e+02,2.69457542e+01
1.60800000e+00,-3.87330628e-02,-3.32345040e-01,4.18056383e-02,-1.03057679e-01,-1.59551020e+01,0.00000000e+00,1.51010004e-01,2.83687290e-02,1.47989804e+02,2.78013544e+01
1.61000000e+00,-3.93970446e-02,-3.31614855e-01,4.15983568e-02,-1.04120909e-01,-1.59551020e+01,0.00000000e+00,1.52181967e-01,2.88682203e-02,1.49138328e+02,2.82908559e+01
1.61200000e+00,-4.00593252e-02,-3.30589254e-01,4.13890562e-02,-1.05331764e-01,-1.59551020e+01,0.00000000e+00,1.49517151e-01,2.77602964e-02,1.46526808e+02,2.72050905e+01
1.61400000e+00,-4.07191930e-02,-3.29250728e-01,4.11769390e-02,-1.06678858e-01,-1.59551020e+01,0.00000000e+00,1.50261782e-01,2.82798207e-02,1.47256546e+02,2.77142243e+01
1.61600000e+00,-4.13762216e-02,-3.27752410e-01,4.09627186e-02,-1.07459349e-01,-1.59551020e+01,0.00000000e+00,1.51152750e-01,2.86439230e-02,1.48129695e+02,2.80710446e+01
1.61800000e+00,-4.20300354e-02,-3.26003286e-01,4.07471108e-02,-1.08225970e-01,-1.59551020e+01,0.00000000e+00,1.49745252e-01,2.80012020e-02,1.46750347e+02,2.74411780e+01
1.62000000e+00,-4.26800705e-02,-3.24007785e-01,4.05298965e-02,-1.08869984e-01,-1.59551020e+01,0.00000000e+00,1.50710044e-01,2.85912805e-02,1.47695843e+02,2.80194549e+01
1.62200000e+00,-4.33261502e-02,-3.22137846e-01,4.03130232e-02,-1.07425811e-01,-1.59551020e+01,0.00000000e+00,1.57961316e-01,3.20741385e-02,1.54802090e+02,3.14326557e+01
1.62400000e+00,-4.39685153e-02,-3.20108021e-01,4.01002370e-02,-1.05915871e-01,-1.59551020e+01,0.00000000e+00,1.52225512e-01,2.84244998e-02,1.49181002e+02,2.78560098e+01
1.62600000e+00,-4.46062439e-02,-3.17570527e-01,3.98882122e-02,-1.06126980e-01,-1.59551020e+01,0.00000000e+00,1.51314566e-01,2.81588406e-02,1.48288274e+02,2.75956638e+01
1.62800000e+00,-4.52386441e-02,-3.14803071e-01,3.96758050e-02,-1.06224121e-01,-1.59551020e+01,0.00000000e+00,1.52025515e-01,2.83603447e-02,1.48985005e+02,2.77931378e+01
1.63000000e+00,-4.58653592e-02,-3.11890273e-01,3.94635944e-02,-1.05903407e-01,-1.59551020e+01,0.00000000e+00,1.53046180e-01,2.87326629e-02,1.49985257e+02,2.81580096e+01
1.63200000e+00,-4.64860753e-02,-3.08782758e-01,3.92522893e-02,-1.05435911e-01,-1.59551020e+01,0.00000000e+00,1.52555068e-01,2.83663696e-02,1.49503967e+02,2.77990422e+01
1.63400000e+00,-4.71003328e-02,-3.05439000e-01,3.90418475e-02,-1.04973212e-01,-1.59551020e+01,0.00000000e+00,1.52553654e-01,2.84217884e-02,1.49502581e+02,2.78533527e+01
1.63600000e+00,-4.77077019e-02,-3.01901147e-01,3.88325254e-02,-1.04317021e-01,-1.59551020e+01,0.00000000e+00,1.52992022e-01,2.84732227e-02,1.49932182e+02,2.79037583e+01
1.63800000e+00,-4.83078102e-02,-2.98172519e-01,3.86246839e-02,-1.03504195e-01,-1.59551020e+01,0.00000000e+00,1.53009663e-01,2.84533269e-02,1.49949470e+02,2.78842604e+01
1.64000000e+00,-4.89002618e-02,-2.94248538e-01,3.84186193e-02,-1.02525365e-01,-1.59551020e+01,0.00000000e+00,1.53279372e-01,2.85269016e-02,1.50213785e+02,2.79563636e+01
1.64200000e+00,-4.94847936e-02,-2.90308457e-01,3.82153472e-02,-1.00399558e-01,-1.59551020e+01,0.00000000e+00,1.57421339e-01,3.05697188e-02,1.54272912e+02,2.99583244e+01
1.64400000e+00,-5.00614531e-02,-2.86304671e-01,3.80173131e-02,-9.78356969e-02,-1.59551020e+01,0.00000000e+00,1.56514315e-01,2.91623421e-02,1.53384029e+02,2.85790952e+01
1.64600000e+00,-5.06298251e-02,-2.82020215e-01,3.78234877e-02,-9.60467320e-02,-1.59551020e+01,0.00000000e+00,1.55519878e-01,2.86655646e-02,1.52409480e+02,2.80922533e+01
1.64800000e+00,-5.11893973e-02,-2.77530806e-01,3.76330809e-02,-9.43257402e-02,-1.59551020e+01,0.00000000e+00,1.56311307e-01,2.87469681e-02,1.53185081e+02,2.81720288e+01
1.65000000e+00,-5.17398673e-02,-2.72919739e-01,3.74463717e-02,-9.23244197e-02,-1.59551020e+01,0.00000000e+00,1.57189414e-01,2.89864546e-02,1.54045626e+02,2.84067255e+01
1.65200000e+00,-5.22809611e-02,-2.68135952e-01,3.72638016e-02,-9.02954573e-02,-1.59551020e+01,0.00000000e+00,1.56711769e-01,2.85433258e-02,1.53577533e+02,2.79724593e+01
1.65400000e+00,-5.28123028e-02,-2.63189716e-01,3.70852479e-02,-8.81795133e-02,-1.59551020e+01,0.00000000e+00,1.57751023e-01,2.89131207e-02,1.54596002e+02,2.83348583e+01
1.65600000e+00,-5.33336454e-02,-2.58131565e-01,3.69113089e-02,-8.57256552e-02,-1.59551020e+01,0.00000000e+00,1.58373014e-01,2.90031361e-02,1.55205553e+02,2.84230734e+01
1.65800000e+00,-5.38447279e-02,-2.52921778e-01,3.67423893e-02,-8.32057784e-02,-1.59551020e+01,0.00000000e+00,1.58400960e-01,2.88093469e-02,1.55232940e+02,2.82331600e+01
1.66000000e+00,-5.43452107e-02,-2.47529292e-01,3.65784020e-02,-8.08115489e-02,-1.59551020e+01,0.00000000e+00,1.58211269e-01,2.85041450e-02,1.55047044e+02,2.79340621e+01
1.66200000e+00,-5.48347768e-02,-2.42034389e-01,3.64193980e-02,-7.80349120e-02,-1.59551020e+01,0.00000000e+00,1.60026616e-01,2.93838032e-02,1.56826084e+02,2.87961272e+01
1.66400000e+00,-5.53133195e-02,-2.36496433e-01,3.62665303e-02,-7.48563633e-02,-1.59551020e+01,0.00000000e+00,1.61134260e-01,2.91280691e-02,1.57911575e+02,2.85455077e+01
1.66600000e+00,-5.57806816e-02,-2.30837063e-01,3.61198617e-02,-7.18441631e-02,-1.59551020e+01,0.00000000e+00,1.61027677e-01,2.88238684e-02,1.57807124e+02,2.82473910e+01
1.66800000e+00,-5.62365689e-02,-2.25029329e-01,3.59790961e-02,-6.89182621e-02,-1.59551020e+01,0.00000000e+00,1.61412528e-01,2.87446402e-02,1.58184277e+02,2.81697474e+01
1.67000000e+00,-5.66807138e-02,-2.19093961e-01,3.58441920e-02,-6.59873477e-02,-1.59551020e+01,0.00000000e+00,1.61695030e-01,2.86404744e-02,1.58461129e+02,2.80676649e+01
1.67200000e+00,-5.71128810e-02,-2.13062993e-01,3.57152145e-02,-6.29547464e-02,-1.59551020e+01,0.00000000e+00,1.62731098e-01,2.87726044e-02,1.59476476e+02,2.81971523e+01
1.67400000e+00,-5.75329042e-02,-2.06939698e-01,3.55924217e-02,-5.98490820e-02,-1.59551020e+01,0.00000000e+00,1.62991233e-01,2.86171435e-02,1.59731408e+02,2.80448006e+01
1.67600000e+00,-5.79405647e-02,-2.00703820e-01,3.54758361e-02,-5.67164887e-02,-1.59551020e+01,0.00000000e+00,1.63453567e-01,2.86613069e-02,1.60184496e+02,2.80880808e+01
1.67800000e+00,-5.83356605e-02,-1.94379392e-01,3.53656262e-02,-5.34782432e-02,-1.59551020e+01,0.00000000e+00,1.64173080e-01,2.86801495e-02,1.60889619e+02,2.81065465e+01
1.68000000e+00,-5.87180205e-02,-1.87962317e-01,3.52619296e-02,-5.02303991e-02,-1.59551020e+01,0.00000000e+00,1.64436103e-01,2.85319857e-02,1.61147381e+02,2.79613460e+01
1.68200000e+00,-5.90873968e-02,-1.81375872e-01,3.51645417e-02,-4.72268109e-02,-1.59551020e+01,0.00000000e+00,1.63257379e-01,2.80270762e-02,1.59992231e+02,2.74665347e+01
1.68400000e+00,-5.94435446e-02,-1.74820290e-01,3.50733769e-02,-4.36914522e-02,-1.59551020e+01,0.00000000e+00,1.68091577e-01,2.95165947e-02,1.64729745e+02,2.89262628e+01
1.68600000e+00,-5.97867558e-02,-1.68381455e-01,3.49902586e-02,-3.94320600e-02,-1.59551020e+01,0.00000000e+00,1.68813395e-01,2.94263429e-02,1.65437127e+02,2.88378160e+01
1.68800000e+00,-6.01170423e-02,-1.61900523e-01,3.49156948e-02,-3.51034892e-02,-1.59551020e+01,0.00000000e+00,1.69830562e-01,2.95535255e-02,1.66433951e+02,2.89624549e+01
1.69000000e+00,-6.04343407e-02,-1.55393734e-01,3.48499163e-02,-3.06674480e-02,-1.59551020e+01,0.00000000e+00,1.70825893e-01,2.95561467e-02,1.67409375e+02,2.89650237e+01
1.69200000e+00,-6.07386444e-02,-1.48927642e-01,3.47933187e-02,-2.57909390e-02,-1.59551020e+01,0.00000000e+00,1.73292132e-01,3.03952806e-02,1.69826289e+02,2.97873750e+01
1.69400000e+00,-6.10300995e-02,-1.42533986e-01,3.47471317e-02,-2.03457952e-02,-1.59551020e+01,0.00000000e+00,1.74923873e-01,3.06815287e-02,1.71425395e+02,3.00678981e+01
1.69600000e+00,-6.13087406e-02,-1.36080681e-01,3.47118457e-02,-1.50352716e-02,-1.59551020e+01,0.00000000e+00,1.74199160e-01,3.00600976e-02,1.70715176e+02,2.94588957e+01
1.69800000e+00,-6.15743644e-02,-1.29540620e-01,3.46868248e-02,-9.97352969e-03,-1.59551020e+01,0.00000000e+00,1.75091641e-01,3.01215302e-02,1.71589808e+02,2.95190996e+01
1.70000000e+00,-6.18268770e-02,-1.22961505e-01,3.46718539e-02,-5.05834743e-03,-1.59551020e+01,0.00000000e+00,1.75374706e-01,2.97290507e-02,1.71867212e+02,2.91344697e+01
1.70200000e+00,-6.20659853e-02,-1.16044656e-01,3.46656343e-02,-1.57860122e-03,-1.59551020e+01,0.00000000e+00,1.69179435e-01,2.70980721e-02,1.65795846e+02,2.65561107e+01
1.70400000e+00,-6.22910554e-02,-1.09127417e-01,3.46657003e-02,2.14213674e-03,-1.59551020e+01,0.00000000e+00,1.77231532e-01,3.02336713e-02,1.73686901e+02,2.96289979e+01
1.70600000e+00,-6.25026691e-02,-1.02471481e-01,3.46750161e-02,7.08275100e-03,-1.59551020e+01,0.00000000e+00,1.77039969e-01,2.96698489e-02,1.73499170e+02,2.90764520e+01
1.70800000e+00,-6.27008881e-02,-9.57356738e-02,3.46937269e-02,1.15668870e-02,-1.59551020e+01,0.00000000e+00,1.77010704e-01,2.93003974e-02,1.73470490e+02,2.87143894e+01
1.71000000e+00,-6.28855718e-02,-8.89397950e-02,3.47210718e-02,1.57332156e-02,-1.59551020e+01,0.00000000e+00,1.77171585e-01,2.90401159e-02,1.73628153e+02,2.84593136e+01
1.71200000e+00,-6.30566719e-02,-8.21809497e-02,3.47567290e-02,2.00033833e-02,-1.59551020e+01,0.00000000e+00,1.79300485e-01,2.95675841e-02,1.75714476e+02,2.89762324e+01
1.71400000e+00,-6.32143230e-02,-7.54632324e-02,3.48011601e-02,2.43857953e-02,-1.59551020e+01,0.00000000e+00,1.79446975e-01,2.93373841e-02,1.75858035e+02,2.87506365e+01
1.71600000e+00,-6.33585145e-02,-6.87299278e-02,3.48541526e-02,2.85887897e-02,-1.59551020e+01,0.00000000e+00,1.80140817e-01,2.92649669e-02,1.76538001e+02,2.86796676e+01
1.71800000e+00,-6.34892536e-02,-6.20129903e-02,3.49154869e-02,3.27492378e-02,-1.59551020e+01,0.00000000e+00,1.80924119e-01,2.93340035e-02,1.77305636e+02,2.87473234e+01
1.72000000e+00,-6.36065586e-02,-5.52842767e-02,3.49849764e-02,3.66500300e-02,-1.59551020e+01,0.00000000e+00,1.80850666e-01,2.88175903e-02,1.77233653e+02,2.82412385e+01
1.72200000e+00,-6.37100464e-02,-4.80390315e-02,3.50605874e-02,3.83016395e-02,-1.59551020e+01,0.00000000e+00,1.69727843e-01,2.47200384e-02,1.66333286e+02,2.42256376e+01
1.72400000e+00,-6.37988263e-02,-4.09610896e-02,3.51387507e-02,4.08046240e-02,-1.59551020e+01,0.00000000e+00,1.85514623e-01,3.07156525e-02,1.81804331e+02,3.01013394e+01
1.72600000e+00,-6.38742986e-02,-3.44948792e-02,3.52253964e-02,4.56932361e-02,-1.59551020e+01,0.00000000e+00,1.84664814e-01,2.98491982e-02,1.80971518e+02,2.92522143e+01
1.72800000e+00,-6.39367630e-02,-2.79645534e-02,3.53210521e-02,4.98745668e-02,-1.59551020e+01,0.00000000e+00,1.84552962e-01,2.93659762e-02,1.80861903e+02,2.87786567e+01
1.73000000e+00,-6.39861089e-02,-2.13624960e-02,3.54244071e-02,5.33246209e-02,-1.59551020e+01,0.00000000e+00,1.83418332e-01,2.84604258e-02,1.79749965e+02,2.78912173e+01
1.73200000e+00,-6.40222212e-02,-1.47726973e-02,3.55342392e-02,5.66076390e-02,-1.59551020e+01,0.00000000e+00,1.85161198e-01,2.91709712e-02,1.81457974e+02,2.85875518e+01
1.73400000e+00,-6.40452554e-02,-8.26644379e-03,3.56509571e-02,6.00698493e-02,-1.59551020e+01,0.00000000e+00,1.85585174e-01,2.90018609e-02,1.81873471e+02,2.84218237e+01
1.73600000e+00,-6.40553420e-02,-1.84278498e-03,3.57745102e-02,6.35193321e-02,-1.59551020e+01,0.00000000e+00,1.87199867e-01,2.93193671e-02,1.83455870e+02,2.87329797e+01
1.73800000e+00,-6.40527563e-02,4.38634325e-03,3.59054302e-02,6.75624673e-02,-1.59551020e+01,0.00000000e+00,1.90135327e-01,3.04333827e-02,1.86332620e+02,2.98247151e+01
1.74000000e+00,-6.40378739e-02,1.04996572e-02,3.60448319e-02,7.17134601e-02,-1.59551020e+01,0.00000000e+00,1.89809588e-01,2.97431600e-02,1.86013397e+02,2.91482968e+01
1.74200000e+00,-6.40103723e-02,1.71908872e-02,3.61904097e-02,7.30533105e-02,-1.59551020e+01,0.00000000e+00,1.76433000e-01,2.47398812e-02,1.72904340e+02,2.42450836e+01
1.74400000e+00,-6.39692629e-02,2.36532134e-02,3.63377101e-02,7.53902556e-02,-1.59551020e+01,0.00000000e+00,1.94850333e-01,3.20460048e-02,1.90953326e+02,3.14050847e+01
1.74600000e+00,-6.39162206e-02,2.94238852e-02,3.64937113e-02,8.03378975e-02,-1.59551020e+01,0.00000000e+00,1.92185545e-01,3.04404659e-02,1.88341834e+02,2.98316566e+01
1.74800000e+00,-6.38515086e-02,3.52828147e-02,3.66583845e-02,8.42698745e-02,-1.59551020e+01,0.00000000e+00,1.92283658e-01,3.01477383e-02,1.88437984e+02,2.95447836e+01
1.75000000e+00,-6.37750984e-02,4.11280946e-02,3.68304396e-02,8.76750794e-02,-1.59551020e+01,0.00000000e+00,1.91904598e-01,2.95791288e-02,1.88066506e+02,2.89875462e+01
1.75200000e+00,-6.36870635e-02,4.68724115e-02,3.70090242e-02,9.09892853e-02,-1.59551020e+01,0.00000000e+00,1.93947831e-01,3.02105317e-02,1.90068875e+02,2.96063211e+01
1.75400000e+00,-6.35876676e-02,5.25285332e-02,3.71942763e-02,9.41229837e-02,-1.59551020e+01,0.00000000e+00,1.93177154e-01,2.94635534e-02,1.89313611e+02,2.88742823e+01
1.75600000e+00,-6.34769757e-02,5.81452235e-02,3.73852134e-02,9.68025539e-02,-1.59551020e+01,0.00000000e+00,1.93988631e-01,2.95289847e-02,1.90108858e+02,2.89384050e+01
1.75800000e+00,-6.33552065e-02,6.35822240e-02,3.75817205e-02,9.98330444e-02,-1.59551020e+01,0.00000000e+00,1.96404359e-01,3.04796756e-02,1.92476272e+02,2.98700821e+01
1.76000000e+00,-6.32227728e-02,6.88300993e-02,3.77847516e-02,1.03172551e-01,-1.59551020e+01,0.00000000e+00,1.97348397e-01,3.04662807e-02,1.93401429e+02,2.98569550e+01
1.76200000e+00,-6.30794703e-02,7.47015700e-02,3.79923009e-02,1.03347722e-01,-1.59551020e+01,0.00000000e+00,1.80685805e-01,2.41337379e-02,1.77072089e+02,2.36510631e+01
1.76400000e+00,-6.29240465e-02,8.04531187e-02,3.81982739e-02,1.03719751e-01,-1.59551020e+01,0.00000000e+00,1.98906463e-01,3.11740284e-02,1.94928334e+02,3.05505478e+01
1.76600000e+00,-6.27581119e-02,8.55235793e-02,3.84088045e-02,1.06528594e-01,-1.59551020e+01,0.00000000e+00,1.95266984e-01,2.95481107e-02,1.91361644e+02,2.89571485e+01
1.76800000e+00,-6.25819254e-02,9.06342897e-02,3.86239129e-02,1.08624392e-01,-1.59551020e+01,0.00000000e+00,1.96548650e-01,2.99838055e-02,1.92617677e+02,2.93841294e+01
1.77000000e+00,-6.23956148e-02,9.56850450e-02,3.88430352e-02,1.10320019e-01,-1.59551020e+01,0.00000000e+00,1.95167653e-01,2.90204186e-02,1.91264300e+02,2.84400103e+01
1.77200000e+00,-6.21993052e-02,1.00555759e-01,3.90653654e-02,1.12274286e-01,-1.59551020e+01,0.00000000e+00,1.99173367e-01,3.08436160e-02,1.95189899e+02,3.02267437e+01
1.77400000e+00,-6.19935346e-02,1.05212127e-01,3.92923460e-02,1.14549058e-01,-1.59551020e+01,0.00000000e+00,1.98515611e-01,3.00164235e-02,1.94545299e+02,2.94160950e+01
1.77600000e+00,-6.17784455e-02,1.09885363e-01,3.95229408e-02,1.15892616e-01,-1.59551020e+01,0.00000000e+00,1.97042421e-01,2.92178093e-02,1.93101572e+02,2.86334531e+01
1.77800000e+00,-6.15540601e-02,1.14458270e-01,3.97557802e-02,1.17031739e-01,-1.59551020e+01,0.00000000e+00,1.99047153e-01,2.99195092e-02,1.95066210e+02,2.93211190e+01
1.78000000e+00,-6.13207083e-02,1.18887415e-01,3.99909791e-02,1.18038014e-01,-1.59551020e+01,0.00000000e+00,1.98514948e-01,2.92744964e-02,1.94544649e+02,2.86890065e+01
1.78200000e+00,-6.10780706e-02,1.23976267e-01,4.02255553e-02,1.15479310e-01,-1.59551020e+01,0.00000000e+00,1.81670675e-01,2.27723344e-02,1.78037261e+02,2.23168878e+01
1.78400000e+00,-6.08248724e-02,1.28961366e-01,4.04531394e-02,1.13284912e-01,-1.59551020e+01,0.00000000e+00,1.98893866e-01,3.03656747e-02,1.94915989e+02,2.97583612e+01
1.78600000e+00,-6.05627096e-02,1.33219684e-01,4.06805598e-02,1.13887729e-01,-1.59551020e+01,0.00000000e+00,1.96530836e-01,2.89682298e-02,1.92600219e+02,2.83888652e+01
1.78800000e+00,-6.02919340e-02,1.37567450e-01,4.09078776e-02,1.13271580e-01,-1.59551020e+01,0.00000000e+00,1.94610979e-01,2.81319900e-02,1.90718760e+02,2.75693502e+01
1.79000000e+00,-6.00124625e-02,1.41881303e-01,4.11332775e-02,1.12102515e-01,-1.59551020e+01,0.00000000e+00,1.95059591e-01,2.81301246e-02,1.91158400e+02,2.75675221e+01
1.79200000e+00,-5.97245894e-02,1.45924187e-01,4.13567319e-02,1.11599692e-01,-1.59551020e+01,0.00000000e+00,1.98609604e-01,2.98499608e-02,1.94637412e+02,2.92529616e+01
1.79400000e+00,-5.94289397e-02,1.49706027e-01,4.15800681e-02,1.11684672e-01,-1.59551020e+01,0.00000000e+00,1.98761536e-01,2.96829191e-02,1.94786306e+02,2.90892608e+01
1.79600000e+00,-5.91258465e-02,1.53366096e-01,4.18033008e-02,1.11514971e-01,-1.59551020e+01,0.00000000e+00,1.98995873e-01,2.96343457e-02,1.95015956e+02,2.90416588e+01
1.79800000e+00,-5.88156173e-02,1.56813260e-01,4.20263477e-02,1.11674699e-01,-1.59551020e+01,0.00000000e+00,2.01218348e-01,3.06930198e-02,1.97193981e+02,3.00791594e+01
1.80000000e+00,-5.84987154e-02,1.60077611e-01,4.22500356e-02,1.11888395e-01,-1.59551020e+01,0.00000000e+00,2.00694138e-01,3.00670440e-02,1.96680256e+02,2.94657031e+01
1.80200000e+00,-5.81749551e-02,1.63869614e-01,4.24718146e-02,1.08972601e-01,-1.59551020e+01,0.00000000e+00,1.86260293e-01,2.44418570e-02,1.82535088e+02,2.39530199e+01
1.80400000e+00,-5.78433289e-02,1.67523699e-01,4.26862169e-02,1.06492938e-01,-1.59551020e+01,0.00000000e+00,2.01225632e-01,3.12902184e-02,1.97201119e+02,3.06644140e+01
1.80600000e+00,-5.75053103e-02,1.70502754e-01,4.28995007e-02,1.06584608e-01,-1.59551020e+01,0.00000000e+00,1.99286747e-01,3.01436578e-02,1.95301012e+02,2.95407847e+01
1.80800000e+00,-5.71613284e-02,1.73466003e-01,4.31120447e-02,1.05910353e-01,-1.59551020e+01,0.00000000e+00,1.98799115e-01,2.99864299e-02,1.94823133e+02,2.93867013e+01
1.81000000e+00,-5.68114254e-02,1.76460527e-01,4.33224752e-02,1.04235926e-01,-1.59551020e+01,0.00000000e+00,1.95711695e-01,2.83454794e-02,1.91797461e+02,2.77785698e+01
1.81200000e+00,-5.64555507e-02,1.79358397e-01,4.35288250e-02,1.02316443e-01,-1.59551020e+01,0.00000000e+00,1.98164649e-01,2.97677072e-02,1.94201356e+02,2.91723531e+01
1.81400000e+00,-5.60941202e-02,1.82063710e-01,4.37319337e-02,1.00685984e-01,-1.59551020e+01,0.00000000e+00,1.97271841e-01,2.92429198e-02,1.93326404e+02,2.86580614e+01
1.81600000e+00,-5.57272961e-02,1.84768729e-01,4.39310068e-02,9.82123136e-02,-1.59551020e+01,0.00000000e+00,1.95188029e-01,2.82831327e-02,1.91284268e+02,2.77174701e+01
1.81800000e+00,-5.53550953e-02,1.87398830e-01,4.41245643e-02,9.54107250e-02,-1.59551020e+01,0.00000000e+00,1.95994996e-01,2.88323004e-02,1.92075096e+02,2.82556544e+01
1.82000000e+00,-5.49778052e-02,1.89872318e-01,4.43127017e-02,9.26871350e-02,-1.59551020e+01,0.00000000e+00,1.95777900e-01,2.87167151e-02,1.91862342e+02,2.81423808e+01
1.82200000e+00,-5.45953602e-02,1.92714444e-01,4.44938201e-02,8.77246610e-02,-1.59551020e+01,0.00000000e+00,1.84269932e-01,2.43933573e-02,1.80584533e+02,2.39054902e+01
1.82400000e+00,-5.42070416e-02,1.95415258e-01,4.46638851e-02,8.31890822e-02,-1.59551020e+01,0.00000000e+00,1.95921836e-01,2.98579163e-02,1.92003400e+02,2.92607580e+01
1.82600000e+00,-5.38140577e-02,1.97578257e-01,4.48279705e-02,8.07445728e-02,-1.59551020e+01,0.00000000e+00,1.93638004e-01,2.90178587e-02,1.89765244e+02,2.84375015e+01
1.82800000e+00,-5.34167007e-02,1.99783074e-01,4.49862793e-02,7.74240596e-02,-1.59551020e+01,0.00000000e+00,1.91709911e-01,2.82466364e-02,1.87875712e+02,2.76817037e+01
1.83000000e+00,-5.30148947e-02,2.02033974e-01,4.51370349e-02,7.31559334e-02,-1.59551020e+01,0.00000000e+00,1.89290257e-01,2.72458535e-02,1.85504452e+02,2.67009365e+01
1.83200000e+00,-5.26087138e-02,2.04061447e-01,4.52792452e-02,6.94009676e-02,-1.59551020e+01,0.00000000e+00,1.93623646e-01,2.95285923e-02,1.89751173e+02,2.89380205e+01
1.83400000e+00,-5.21988694e-02,2.05758279e-01,4.54152896e-02,6.66221726e-02,-1.59551020e+01,0.00000000e+00,1.93677842e-01,2.94903120e-02,1.89804286e+02,2.89005058e+01
1.83600000e+00,-5.17856874e-02,2.07445070e-01,4.55452626e-02,6.31365462e-02,-1.59551020e+01,0.00000000e+00,1.90492158e-01,2.82319633e-02,1.86682314e+02,2.76673240e+01
1.83800000e+00,-5.13691464e-02,2.09045970e-01,4.56677538e-02,5.95278393e-02,-1.59551020e+01,0.00000000e+00,1.92291291e-01,2.94084969e-02,1.88445465e+02,2.88203269e+01
1.84000000e+00,-5.09496021e-02,2.10498889e-01,4.57834104e-02,5.59738497e-02,-1.59551020e+01,0.00000000e+00,1.90531148e-01,2.85134261e-02,1.86720525e+02,2.79431576e+01
1.84200000e+00,-5.05269448e-02,2.12260742e-01,4.58902775e-02,5.03625972e-02,-1.59551020e+01,0.00000000e+00,1.81628852e-01,2.52450402e-02,1.77996275e+02,2.47401394e+01
1.84400000e+00,-5.01006711e-02,2.13854792e-01,4.59852847e-02,4.53870185e-02,-1.59551020e+01,0.00000000e+00,1.90979610e-01,2.99857646e-02,1.87160017e+02,2.93860493e+01
1.84600000e+00,-4.96717965e-02,2.15042654e-01,4.60727732e-02,4.18328919e-02,-1.59551020e+01,0.00000000e+00,1.87624130e-01,2.83549949e-02,1.83871648e+02,2.77878950e+01
1.84800000e+00,-4.92404166e-02,2.16356285e-01,4.61517713e-02,3.70114421e-02,-1.59551020e+01,0.00000000e+00,1.84524537e-01,2.74404109e-02,1.80834047e+02,2.68916027e+01
1.85000000e+00,-4.88063736e-02,2.17666484e-01,4.62205118e-02,3.17292825e-02,-1.59551020e+01,0.00000000e+00,1.84166546e-01,2.74883212e-02,1.80483215e+02,2.69385547e+01
1.85200000e+00,-4.83698466e-02,2.18832721e-01,4.62787924e-02,2.66030262e-02,-1.59551020e+01,0.00000000e+00,1.84329938e-01,2.78530238e-02,1.80643339e+02,2.72959633e+01
1.85400000e+00,-4.79311030e-02,2.19908524e-01,4.63268584e-02,2.13785458e-02,-1.59551020e+01,0.00000000e+00,1.82702581e-01,2.73529122e-02,1.79048530e+02,2.68058540e+01
1.85600000e+00,-4.74902593e-02,2.20914141e-01,4.63641963e-02,1.59886268e-02,-1.59551020e+01,0.00000000e+00,1.82375435e-01,2.75613198e-02,1.78727926e+02,2.70100934e+01
1.85800000e+00,-4.70475276e-02,2.21798033e-01,4.63908732e-02,1.06891563e-02,-1.59551020e+01,0.00000000e+00,1.81936547e-01,2.75830368e-02,1.78297816e+02,2.70313761e+01
1.86000000e+00,-4.66031331e-02,2.22583085e-01,4.64069217e-02,5.34279278e-03,-1.59551020e+01,0.00000000e+00,1.81060611e-01,2.74879933e-02,1.77439398e+02,2.69382334e+01
1.86200000e+00,-4.61571582e-02,2.23423755e-01,4.64118033e-02,-6.65072414e-04,-1.59551020e+01,0.00000000e+00,1.76999577e-01,2.62038865e-02,1.73459585e+02,2.56798088e+01
1.86400000e+00,-4.57095636e-02,2.24076155e-01,4.64047324e-02,-5.96659924e-03,-1.59551020e+01,0.00000000e+00,1.81809205e-01,2.89628403e-02,1.78173021e+02,2.83835835e+01
1.86600000e+00,-4.52610340e-02,2.24457977e-01,4.63885423e-02,-1.03601823e-02,-1.59551020e+01,0.00000000e+00,1.79662354e-01,2.80882706e-02,1.76069107e+02,2.75265052e+01
1.86800000e+00,-4.48117520e-02,2.24809315e-01,4.63630690e-02,-1.50877882e-02,-1.59551020e+01,0.00000000e+00,1.78855401e-01,2.82272755e-02,1.75278293e+02,2.76627300e+01
1.87000000e+00,-4.43618267e-02,2.25115697e-01,4.63280376e-02,-2.00456840e-02,-1.59551020e+01,0.00000000e+00,1.77041253e-01,2.75568287e-02,1.73500428e+02,2.70056921e+01
1.87200000e+00,-4.39113580e-02,2.25318909e-01,4.62829496e-02,-2.49085685e-02,-1.59551020e+01,0.00000000e+00,1.77589897e-01,2.83643326e-02,1.74038099e+02,2.77970460e+01
1.87400000e+00,-4.34606612e-02,2.25356944e-01,4.62286871e-02,-2.93457631e-02,-1.59551020e+01,0.00000000e+00,1.77222076e-01,2.83746488e-02,1.73677634e+02,2.78071558e+01
1.87600000e+00,-4.30099833e-02,2.25315388e-01,4.61655061e-02,-3.38735191e-02,-1.59551020e+01,0.00000000e+00,1.75770585e-01,2.80858183e-02,1.72255173e+02,2.75241020e+01
1.87800000e+00,-4.25594745e-02,2.25161528e-01,4.60932729e-02,-3.82814570e-02,-1.59551020e+01,0.00000000e+00,1.76168193e-01,2.85247876e-02,1.72644829e+02,2.79542918e+01
1.88000000e+00,-4.21094191e-02,2.24884760e-01,4.60124677e-02,-4.25583937e-02,-1.59551020e+01,0.00000000e+00,1.74967598e-01,2.82470857e-02,1.71468246e+02,2.76821440e+01
1.88200000e+00,-4.16599384e-02,2.24603567e-01,4.59227475e-02,-4.72729727e-02,-1.59551020e+01,0.00000000e+00,1.72601180e-01,2.74798829e-02,1.69149157e+02,2.69302853e+01
1.88400000e+00,-4.12110669e-02,2.24229372e-01,4.58235346e-02,-5.17494271e-02,-1.59551020e+01,0.00000000e+00,1.73475213e-01,2.86070818e-02,1.70005709e+02,2.80349401e+01
1.88600000e+00,-4.07631053e-02,2.23728618e-01,4.57159923e-02,-5.58621888e-02,-1.59551020e+01,0.00000000e+00,1.71899645e-01,2.80912931e-02,1.68461652e+02,2.75294672e+01
1.88800000e+00,-4.03161678e-02,2.23204742e-01,4.55999077e-02,-6.02420296e-02,-1.59551020e+01,0.00000000e+00,1.70364921e-01,2.78824268e-02,1.66957622e+02,2.73247783e+01
1.89000000e+00,-3.98703331e-02,2.22610691e-01,4.54750592e-02,-6.45693192e-02,-1.59551020e+01,0.00000000e+00,1.69897644e-01,2.80250245e-02,1.66499692e+02,2.74645240e+01
1.89200000e+00,-3.94258098e-02,2.21889577e-01,4.53417866e-02,-6.86623443e-02,-1.59551020e+01,0.00000000e+00,1.69702428e-01,2.81854462e-02,1.66308380e+02,2.76217373e+01
1.89400000e+00,-3.89828497e-02,2.21056173e-01,4.52005215e-02,-7.25879173e-02,-1.59551020e+01,0.00000000e+00,1.68902229e-01,2.81763078e-02,1.65524184e+02,2.76127816e+01
1.89600000e+00,-3.85416265e-02,2.20160568e-01,4.50514388e-02,-7.65078095e-02,-1.59551020e+01,0.00000000e+00,1.67550435e-01,2.79859896e-02,1.64199426e+02,2.74262698e+01
1.89800000e+00,-3.81022512e-02,2.19199242e-01,4.48945068e-02,-8.04028983e-02,-1.59551020e+01,0.00000000e+00,1.66847369e-01,2.80057800e-02,1.63510421e+02,2.74456644e+01
1.90000000e+00,-3.76648904e-02,2.18146674e-01,4.47299074e-02,-8.41776611e-02,-1.59551020e+01,0.00000000e+00,1.66107979e-01,2.80049606e-02,1.62785820e+02,2.74448614e+01
1.90200000e+00,-3.72296994e-02,2.17041739e-01,4.45577599e-02,-8.80067615e-02,-1.59551020e+01,0.00000000e+00,1.64513978e-01,2.76473481e-02,1.61223698e+02,2.70944011e+01
1.90400000e+00,-3.67967453e-02,2.15903965e-01,4.43778195e-02,-9.19271761e-02,-1.59551020e+01,0.00000000e+00,1.63336400e-01,2.75578371e-02,1.60069672e+02,2.70066804e+01
1.90600000e+00,-3.63661085e-02,2.14728841e-01,4.41900206e-02,-9.58935642e-02,-1.59551020e+01,0.00000000e+00,1.61866579e-01,2.72841754e-02,1.58629248e+02,2.67384919e+01
1.90800000e+00,-3.59378695e-02,2.13494444e-01,4.39942937e-02,-9.97871912e-02,-1.59551020e+01,0.00000000e+00,1.61220656e-01,2.74325610e-02,1.57996243e+02,2.68839098e+01
1.91000000e+00,-3.55121749e-02,2.12193761e-01,4.37909355e-02,-1.03585334e-01,-1.59551020e+01,0.00000000e+00,1.59935150e-01,2.71956293e-02,1.56736447e+02,2.66517167e+01
1.91200000e+00,-3.50891361e-02,2.10830674e-01,4.35800007e-02,-1.07311075e-01,-1.59551020e+01,0.00000000e+00,1.59219989e-01,2.72847334e-02,1.56035589e+02,2.67390388e+01
1.91400000e+00,-3.46689206e-02,2.09364928e-01,4.33618929e-02,-1.10734265e-01,-1.59551020e+01,0.00000000e+00,1.58897803e-01,2.75205251e-02,1.55719847e+02,2.69701146e+01
1.91600000e+00,-3.42517212e-02,2.07831847e-01,4.31371333e-02,-1.14052978e-01,-1.59551020e+01,0.00000000e+00,1.57381464e-01,2.71842893e-02,1.54233835e+02,2.66406036e+01
1.91800000e+00,-3.38376253e-02,2.06250725e-01,4.29057056e-02,-1.17334714e-01,-1.59551020e+01,0.00000000e+00,1.56633596e-01,2.72688835e-02,1.53500924e+02,2.67235059e+01
1.92000000e+00,-3.34267791e-02,2.04578420e-01,4.26679736e-02,-1.20347763e-01,-1.59551020e+01,0.00000000e+00,1.56151597e-01,2.74098964e-02,1.53028565e+02,2.68616985e+01
1.92200000e+00,-3.30193901e-02,2.02788435e-01,4.24245875e-02,-1.22951474e-01,-1.59551020e+01,0.00000000e+00,1.56050624e-01,2.77814880e-02,1.52929612e+02,2.72258582e+01
1.92400000e+00,-3.26157215e-02,2.00854259e-01,4.21764198e-02,-1.25177087e-01,-1.59551020e+01,0.00000000e+00,1.56217905e-01,2.78499250e-02,1.53093547e+02,2.72929265e+01
1.92600000e+00,-3.22160301e-02,1.98834511e-01,4.19239197e-02,-1.27341862e-01,-1.59551020e+01,0.00000000e+00,1.54779189e-01,2.75493500e-02,1.51683605e+02,2.69983630e+01
1.92800000e+00,-3.18204211e-02,1.96758379e-01,4.16671097e-02,-1.29420529e-01,-1.59551020e+01,0.00000000e+00,1.54297592e-01,2.76646605e-02,1.51211641e+02,2.71113673e+01
1.93000000e+00,-3.14290697e-02,1.94572566e-01,4.14064565e-02,-1.31170923e-01,-1.59551020e+01,0.00000000e+00,1.54138600e-01,2.78667715e-02,1.51055828e+02,2.73094361e+01
1.93200000e+00,-3.10421826e-02,1.92309123e-01,4.11425348e-02,-1.32758189e-01,-1.59551020e+01,0.00000000e+00,1.52944105e-01,2.76306820e-02,1.49885223e+02,2.70780683e+01
1.93400000e+00,-3.06598740e-02,1.89984507e-01,4.08755064e-02,-1.34221478e-01,-1.59551020e+01,0.00000000e+00,1.52437740e-01,2.77461485e-02,1.49388985e+02,2.71912255e+01
1.93600000e+00,-3.02823215e-02,1.87544469e-01,4.06059285e-02,-1.35265432e-01,-1.59551020e+01,0.00000000e+00,1.52549313e-01,2.81262172e-02,1.49498326e+02,2.75636928e+01
1.93800000e+00,-2.99097628e-02,1.85004385e-01,4.03346201e-02,-1.36046210e-01,-1.59551020e+01,0.00000000e+00,1.51723898e-01,2.79112897e-02,1.48689420e+02,2.73530639e+01
1.94000000e+00,-2.95423383e-02,1.82412723e-01,4.00617730e-02,-1.36782878e-01,-1.59551020e+01,0.00000000e+00,1.50744630e-01,2.78293311e-02,1.47729737e+02,2.72727445e+01
1.94200000e+00,-2.91801653e-02,1.79741021e-01,3.97876847e-02,-1.37225466e-01,-1.59551020e+01,0.00000000e+00,1.50626887e-01,2.81372231e-02,1.47614349e+02,2.75744787e+01
1.94400000e+00,-2.88234465e-02,1.76960898e-01,3.95129791e-02,-1.37506217e-01,-1.59551020e+01,0.00000000e+00,1.50354870e-01,2.77766937e-02,1.47347773e+02,2.72211598e+01
1.94600000e+00,-2.84723473e-02,1.74142275e-01,3.92375452e-02,-1.37958930e-01,-1.59551020e+01,0.00000000e+00,1.48648893e-01,2.73829691e-02,1.45675915e+02,2.68353097e+01
1.94800000e+00,-2.81269234e-02,1.71254727e-01,3.89612666e-02,-1.38226802e-01,-1.59551020e+01,0.00000000e+00,1.49134007e-01,2.77701397e-02,1.46151327e+02,2.72147369e+01
1.95000000e+00,-2.77874259e-02,1.68221057e-01,3.86849999e-02,-1.37951835e-01,-1.59551020e+01,0.00000000e+00,1.49279649e-01,2.81276463e-02,1.46294056e+02,2.75650934e+01
1.95200000e+00,-2.74541003e-02,1.65095701e-01,3.84096595e-02,-1.37376568e-01,-1.59551020e+01,0.00000000e+00,1.48542740e-01,2.80068947e-02,1.45571885e+02,2.74467568e+01
1.95400000e+00,-2.71270649e-02,1.61937602e-01,3.81354957e-02,-1.36798187e-01,-1.59551020e+01,0.00000000e+00,1.47362225e-01,2.77422801e-02,1.44414980e+02,2.71874345e+01
1.95600000e+00,-2.68063864e-02,1.58724721e-01,3.78625607e-02,-1.36078915e-01,-1.59551020e+01,0.00000000e+00,1.47191993e-01,2.79124498e-02,1.44248153e+02,2.73542008e+01
1.95800000e+00,-2.64922220e-02,1.55427777e-01,3.75913553e-02,-1.35096701e-01,-1.59551020e+01,0.00000000e+00,1.46748540e-01,2.79063690e-02,1.43813569e+02,2.73482416e+01
1.96000000e+00,-2.61847108e-02,1.52077580e-01,3.73222665e-02,-1.33975533e-01,-1.59551020e+01,0.00000000e+00,1.45912438e-01,2.78192500e-02,1.42994189e+02,2.72628650e+01
1.96200000e+00,-2.58839695e-02,1.48640749e-01,3.70556687e-02,-1.32531231e-01,-1.59551020e+01,0.00000000e+00,1.46303980e-01,2.82032224e-02,1.43377901e+02,2.76391579e+01
1.96400000e+00,-2.55902346e-02,1.45073736e-01,3.67922626e-02,-1.30905421e-01,-1.59551020e+01,0.00000000e+00,1.46542120e-01,2.78232669e-02,1.43611278e+02,2.72668016e+01
1.96600000e+00,-2.53036975e-02,1.41472245e-01,3.65318694e-02,-1.29546002e-01,-1.59551020e+01,0.00000000e+00,1.44755832e-01,2.72714960e-02,1.41860715e+02,2.67260661e+01
1.96800000e+00,-2.50243892e-02,1.37805397e-01,3.62741844e-02,-1.28027837e-01,-1.59551020e+01,0.00000000e+00,1.45774436e-01,2.77877808e-02,1.42858947e+02,2.72320252e+01
1.97000000e+00,-2.47525998e-02,1.33952829e-01,3.60202535e-02,-1.25766539e-01,-1.59551020e+01,0.00000000e+00,1.46861323e-01,2.84677074e-02,1.43924097e+02,2.78983533e+01
1.97200000e+00,-2.44886174e-02,1.30040924e-01,3.57712182e-02,-1.23355306e-01,-1.59551020e+01,0.00000000e+00,1.44990011e-01,2.77457082e-02,1.42090211e+02,2.71907940e+01
1.97400000e+00,-2.42324232e-02,1.26148326e-01,3.55266864e-02,-1.21162833e-01,-1.59551020e+01,0.00000000e+00,1.44302930e-01,2.76583109e-02,1.41416871e+02,2.71051447e+01
1.97600000e+00,-2.39840771e-02,1.22176233e-01,3.52867601e-02,-1.18680673e-01,-1.59551020e+01,0.00000000e+00,1.44804169e-01,2.80100317e-02,1.41908086e+02,2.74498310e+01
1.97800000e+00,-2.37437694e-02,1.18127415e-01,3.50521085e-02,-1.15981446e-01,-1.59551020e+01,0.00000000e+00,1.44117565e-01,2.77776103e-02,1.41235213e+02,2.72220581e+01
1.98000000e+00,-2.35115919e-02,1.14041948e-01,3.48228829e-02,-1.13209295e-01,-1.59551020e+01,0.00000000e+00,1.43748600e-01,2.78345184e-02,1.40873628e+02,2.72778281e+01
1.98200000e+00,-2.32876606e-02,1.09868057e-01,3.45995192e-02,-1.10065364e-01,-1.59551020e+01,0.00000000e+00,1.44338841e-01,2.82376381e-02,1.41452064e+02,2.76728854e+01
1.98400000e+00,-2.30721884e-02,1.05591160e-01,3.43826398e-02,-1.06893901e-01,-1.59551020e+01,0.00000000e+00,1.44379193e-01,2.75811550e-02,1.41491609e+02,2.70295319e+01
1.98600000e+00,-2.28653186e-02,1.01280240e-01,3.41717216e-02,-1.04055299e-01,-1.59551020e+01,0.00000000e+00,1.43427559e-01,2.72364770e-02,1.40559008e+02,2.66917474e+01
1.98800000e+00,-2.26671497e-02,9.68459345e-02,3.39666910e-02,-1.00808134e-01,-1.59551020e+01,0.00000000e+00,1.45626744e-01,2.81445733e-02,1.42714210e+02,2.75816819e+01
1.99000000e+00,-2.24780819e-02,9.21910997e-02,3.37691032e-02,-9.66399538e-02,-1.59551020e+01,0.00000000e+00,1.47018460e-01,2.88857749e-02,1.44078091e+02,2.83080594e+01
1.99200000e+00,-2.22984019e-02,8.75113519e-02,3.35801183e-02,-9.24911153e-02,-1.59551020e+01,0.00000000e+00,1.44722927e-01,2.78322444e-02,1.41828469e+02,2.72755995e+01
1.99400000e+00,-2.21279928e-02,8.28972021e-02,3.33988368e-02,-8.87951281e-02,-1.59551020e+01,0.00000000e+00,1.44075684e-01,2.76747555e-02,1.41194171e+02,2.71212604e+01
1.99600000e+00,-2.19668690e-02,7.81992069e-02,3.32251630e-02,-8.47612869e-02,-1.59551020e+01,0.00000000e+00,1.45347813e-01,2.82916964e-02,1.42440856e+02,2.77258625e+01
1.99800000e+00,-2.18152466e-02,7.34251653e-02,3.30599397e-02,-8.05053763e-02,-1.59551020e+01,0.00000000e+00,1.44595457e-01,2.79030913e-02,1.41703548e+02,2.73450294e+01
2.00000000e+00,-2.16731696e-02,6.86491824e-02,3.29030658e-02,-7.63630468e-02,-1.59551020e+01,0.00000000e+00,1.44213881e-01,2.78274954e-02,1.41329603e+02,2.72709455e+01
2.00200000e+00,-2.15406922e-02,6.38097940e-02,3.27546613e-02,-7.19599864e-02,-1.59551020e+01,0.00000000e+00,1.44975950e-01,2.82365954e-02,1.42076431e+02,2.76718635e+01
2.00400000e+00,-2.14179991e-02,5.88673333e-02,3.26152407e-02,-6.75346002e-02,-1.59551020e+01,0.00000000e+00,1.45600723e-01,2.76733488e-02,1.42688709e+02,2.71198818e+01
2.00600000e+00,-2.13052375e-02,5.39029488e-02,3.24842514e-02,-6.35164491e-02,-1.59551020e+01,0.00000000e+00,1.44547449e-01,2.71930154e-02,1.41656500e+02,2.66491551e+01
2.00800000e+00,-2.12024573e-02,4.88336330e-02,3.23613929e-02,-5.91714381e-02,-1.59551020e+01,0.00000000e+00,1.47193154e-01,2.81822120e-02,1.44249291e+02,2.76185678e+01
2.01000000e+00,-2.11100843e-02,4.34922911e-02,3.22483570e-02,-5.36395763e-02,-1.59551020e+01,0.00000000e+00,1.50128304e-01,2.95205710e-02,1.47125738e+02,2.89301596e+01
2.01200000e+00,-2.10285017e-02,3.81306470e-02,3.21468147e-02,-4.81375136e-02,-1.59551020e+01,0.00000000e+00,1.46979533e-01,2.79722617e-02,1.44039942e+02,2.74128165e+01
2.01400000e+00,-2.09574725e-02,3.29028223e-02,3.20552916e-02,-4.34083566e-02,-1.59551020e+01,0.00000000e+00,1.46400116e-01,2.77655542e-02,1.43472114e+02,2.72102431e+01
2.01600000e+00,-2.08969535e-02,2.75803593e-02,3.19734494e-02,-3.82770794e-02,-1.59551020e+01,0.00000000e+00,1.48675365e-01,2.86973645e-02,1.45701857e+02,2.81234172e+01
2.01800000e+00,-2.08472051e-02,2.21768124e-02,3.19023347e-02,-3.29187196e-02,-1.59551020e+01,0.00000000e+00,1.47866634e-01,2.81383884e-02,1.44909301e+02,2.75756206e+01
2.02000000e+00,-2.08082348e-02,1.67903461e-02,3.18416323e-02,-2.77736309e-02,-1.59551020e+01,0.00000000e+00,1.47936137e-01,2.81608944e-02,1.44977415e+02,2.75976765e+01
2.02200000e+00,-2.07800694e-02,1.13654147e-02,3.17913251e-02,-2.25011792e-02,-1.59551020e+01,0.00000000e+00,1.48513437e-01,2.83317173e-02,1.45543168e+02,2.77650830e+01
2.02400000e+00,-2.07627606e-02,5.95929542e-03,3.17512814e-02,-1.77479700e-02,-1.59551020e+01,0.00000000e+00,1.47333120e-01,2.70117744e-02,1.44386458e+02,2.64715389e+01
2.02600000e+00,-2.07562142e-02,5.80182246e-04,3.17199537e-02,-1.35640224e-02,-1.59551020e+01,0.00000000e+00,1.47807008e-01,2.70903813e-02,1.44850868e+02,2.65485737e+01
2.02800000e+00,-2.07605541e-02,-4.97016051e-03,3.16974540e-02,-8.73703950e-03,-1.59551020e+01,0.00000000e+00,1.51347279e-01,2.83274747e-02,1.48320334e+02,2.77609252e+01
2.03000000e+00,-2.07762725e-02,-1.07869476e-02,3.16858011e-02,-2.71688280e-03,-1.59551020e+01,0.00000000e+00,1.54137836e-01,2.95758319e-02,1.51055079e+02,2.89843152e+01
2.03200000e+00,-2.08036964e-02,-1.65955852e-02,3.16865139e-02,3.19442344e-03,-1.59551020e+01,0.00000000e+00,1.51356836e-01,2.80975070e-02,1.48329699e+02,2.75355569e+01
2.03400000e+00,-2.08425483e-02,-2.22444957e-02,3.16979932e-02,8.22752697e-03,-1.59551020e+01,0.00000000e+00,1.50699493e-01,2.77468044e-02,1.47685503e+02,2.71918683e+01
2.03600000e+00,-2.08926991e-02,-2.79303846e-02,3.17195149e-02,1.33969921e-02,-1.59551020e+01,0.00000000e+00,1.52607206e-01,2.84124074e-02,1.49555062e+02,2.78441593e+01
2.03800000e+00,-2.09543046e-02,-3.36683455e-02,3.17516606e-02,1.86854830e-02,-1.59551020e+01,0.00000000e+00,1.52395733e-01,2.80403776e-02,1.49347818e+02,2.74795701e+01
2.04000000e+00,-2.10273510e-02,-3.93741155e-02,3.17941074e-02,2.37498029e-02,-1.59551020e+01,0.00000000e+00,1.52427982e-01,2.80004389e-02,1.49379422e+02,2.74404301e+01
2.04200000e+00,-2.11118169e-02,-4.51036551e-02,3.18467444e-02,2.89411128e-02,-1.59551020e+01,0.00000000e+00,1.53617346e-01,2.83800287e-02,1.50544999e+02,2.78124281e+01
2.04400000e+00,-2.12077560e-02,-5.08188371e-02,3.19095912e-02,3.37114668e-02,-1.59551020e+01,0.00000000e+00,1.52852266e-01,2.72046066e-02,1.49795220e+02,2.66605145e+01
2.04600000e+00,-2.13150627e-02,-5.64897472e-02,3.19811872e-02,3.78772010e-02,-1.59551020e+01,0.00000000e+00,1.53435661e-01,2.72115073e-02,1.50366948e+02,2.66672771e+01
2.04800000e+00,-2.14337954e-02,-6.22812156e-02,3.20613999e-02,4.24927297e-02,-1.59551020e+01,0.00000000e+00,1.56615156e-01,2.82614961e-02,1.53482853e+02,2.76962662e+01
2.05000000e+00,-2.15643385e-02,-6.82990131e-02,3.21518721e-02,4.81790392e-02,-1.59551020e+01,0.00000000e+00,1.59765623e-01,2.95860840e-02,1.56570310e+02,2.89943623e+01
2.05200000e+00,-2.17069777e-02,-7.42961377e-02,3.22540386e-02,5.37491921e-02,-1.59551020e+01,0.00000000e+00,1.57271827e-01,2.81612645e-02,1.54126390e+02,2.75980392e+01
2.05400000e+00,-2.18613923e-02,-8.00972616e-02,3.23662109e-02,5.83325979e-02,-1.59551020e+01,0.00000000e+00,1.56422369e-01,2.76732391e-02,1.53293922e+02,2.71197743e+01
2.05600000e+00,-2.20273663e-02,-8.58977443e-02,3.24873904e-02,6.29481500e-02,-1.59551020e+01,0.00000000e+00,1.58588144e-01,2.84000107e-02,1.55416381e+02,2.78320105e+01
2.05800000e+00,-2.22050022e-02,-9.17265353e-02,3.26180622e-02,6.76516963e-02,-1.59551020e+01,0.00000000e+00,1.58510109e-01,2.80426635e-02,1.55339907e+02,2.74818103e+01
2.06000000e+00,-2.23942287e-02,-9.74897202e-02,3.27577889e-02,7.20429029e-02,-1.59551020e+01,0.00000000e+00,1.58576245e-01,2.79422136e-02,1.55404721e+02,2.73833693e+01
2.06200000e+00,-2.25949527e-02,-1.03240337e-01,3.29062435e-02,7.64486345e-02,-1.59551020e+01,0.00000000e+00,1.59831545e-01,2.82834464e-02,1.56634914e+02,2.77177775e+01
2.06400000e+00,-2.28071449e-02,-1.08923183e-01,3.30632025e-02,8.02829918e-02,-1.59551020e+01,0.00000000e+00,1.58701493e-01,2.69654673e-02,1.55527463e+02,2.64261579e+01
2.06600000e+00,-2.30305778e-02,-1.14504550e-01,3.32268929e-02,8.33935953e-02,-1.59551020e+01,0.00000000e+00,1.59261371e-01,2.69968545e-02,1.56076144e+02,2.64569174e+01
2.06800000e+00,-2.32652132e-02,-1.20161067e-01,3.33970389e-02,8.68971701e-02,-1.59551020e+01,0.00000000e+00,1.62349986e-01,2.80320090e-02,1.59102986e+02,2.74713689e+01
2.07000000e+00,-2.35113420e-02,-1.25997525e-01,3.35751282e-02,9.13705483e-02,-1.59551020e+01,0.00000000e+00,1.65451648e-01,2.92851336e-02,1.62142615e+02,2.86994309e+01
2.07200000e+00,-2.37691870e-02,-1.31809526e-01,3.37624836e-02,9.57877632e-02,-1.59551020e+01,0.00000000e+00,1.63859450e-01,2.81798895e-02,1.60582261e+02,2.76162917e+01
2.07400000e+00,-2.40384521e-02,-1.37429547e-01,3.39576855e-02,9.93143722e-02,-1.59551020e+01,0.00000000e+00,1.63140633e-01,2.76931301e-02,1.59877820e+02,2.71392675e+01
2.07600000e+00,-2.43188814e-02,-1.43014018e-01,3.41597061e-02,1.02788495e-01,-1.59551020e+01,0.00000000e+00,1.65295202e-01,2.83569375e-02,1.61989298e+02,2.77897988e+01
2.07800000e+00,-2.46104866e-02,-1.48566146e-01,3.43687630e-02,1.06147948e-01,-1.59551020e+01,0.00000000e+00,1.64742564e-01,2.77496699e-02,1.61447713e+02,2.71946765e+01
2.08000000e+00,-2.49130777e-02,-1.54015729e-01,3.45840367e-02,1.09115585e-01,-1.59551020e+01,0.00000000e+00,1.65346846e-01,2.78408333e-02,1.62039909e+02,2.72840167e+01
2.08200000e+00,-2.52265438e-02,-1.59456755e-01,3.48053239e-02,1.12231069e-01,-1.59551020e+01,0.00000000e+00,1.67079339e-01,2.83748800e-02,1.63737753e+02,2.78073824e+01
2.08400000e+00,-2.55508577e-02,-1.64827254e-01,3.50326986e-02,1.14953153e-01,-1.59551020e+01,0.00000000e+00,1.66324226e-01,2.73387163e-02,1.62997741e+02,2.67919420e+01
2.08600000e+00,-2.58857599e-02,-1.70058347e-01,3.52646637e-02,1.16966132e-01,-1.59551020e+01,0.00000000e+00,1.66534292e-01,2.72170062e-02,1.63203606e+02,2.66726660e+01
2.08800000e+00,-2.62311049e-02,-1.75310174e-01,3.55007235e-02,1.19219577e-01,-1.59551020e+01,0.00000000e+00,1.69606503e-01,2.81798154e-02,1.66214373e+02,2.76162191e+01
2.09000000e+00,-2.65870956e-02,-1.80704460e-01,3.57421210e-02,1.22341378e-01,-1.59551020e+01,0.00000000e+00,1.72747302e-01,2.93833339e-02,1.69292356e+02,2.87956673e+01
2.09200000e+00,-2.69538868e-02,-1.86044837e-01,3.59900309e-02,1.25376077e-01,-1.59551020e+01,0.00000000e+00,1.71319049e-01,2.83498267e-02,1.67892668e+02,2.77828301e+01
2.09400000e+00,-2.73311511e-02,-1.91199514e-01,3.62431434e-02,1.27687949e-01,-1.59551020e+01,0.00000000e+00,1.71466578e-01,2.82267454e-02,1.68037246e+02,2.76622105e+01
2.09600000e+00,-2.77186574e-02,-1.96313071e-01,3.65008049e-02,1.30033044e-01,-1.59551020e+01,0.00000000e+00,1.73500654e-01,2.87867146e-02,1.70030641e+02,2.82109803e+01
2.09800000e+00,-2.81163571e-02,-2.01357218e-01,3.67631764e-02,1.32229492e-01,-1.59551020e+01,0.00000000e+00,1.73070462e-01,2.82886137e-02,1.69609053e+02,2.77228414e+01
2.10000000e+00,-2.85240118e-02,-2.06289644e-01,3.70295364e-02,1.34146308e-01,-1.59551020e+01,0.00000000e+00,1.74197679e-01,2.85795032e-02,1.70713725e+02,2.80079132e+01
2.10200000e+00,-2.89414973e-02,-2.11194503e-01,3.72998519e-02,1.36198388e-01,-1.59551020e+01,0.00000000e+00,1.75814302e-01,2.89578733e-02,1.72298016e+02,2.83787158e+01
2.10400000e+00,-2.93687030e-02,-2.15969188e-01,3.75739770e-02,1.37721098e-01,-1.59551020e+01,0.00000000e+00,1.74623586e-01,2.78592556e-02,1.71131114e+02,2.73020705e+01
2.10600000e+00,-2.98052379e-02,-2.20539546e-01,3.78502247e-02,1.38476536e-01,-1.59551020e+01,0.00000000e+00,1.74584524e-01,2.77416800e-02,1.71092833e+02,2.71868464e+01
2.10800000e+00,-3.02508237e-02,-2.25053642e-01,3.81279234e-02,1.39292326e-01,-1.59551020e+01,0.00000000e+00,1.76927922e-01,2.83823418e-02,1.73389363e+02,2.78146950e+01
2.11000000e+00,-3.07054906e-02,-2.29625024e-01,3.84077865e-02,1.40696765e-01,-1.59551020e+01,0.00000000e+00,1.79616099e-01,2.93765383e-02,1.76023777e+02,2.87890075e+01
2.11200000e+00,-3.11692961e-02,-2.34154875e-01,3.86907987e-02,1.42233599e-01,-1.59551020e+01,0.00000000e+00,1.79725034e-01,2.90638815e-02,1.76130534e+02,2.84826038e+01
2.11400000e+00,-3.16419828e-02,-2.38493706e-01,3.89763046e-02,1.43146146e-01,-1.59551020e+01,0.00000000e+00,1.78993258e-01,2.84735989e-02,1.75413393e+02,2.79041269e+01
2.11600000e+00,-3.21231595e-02,-2.42665438e-01,3.92630925e-02,1.43622541e-01,-1.59551020e+01,0.00000000e+00,1.79731252e-01,2.85578943e-02,1.76136627e+02,2.79867364e+01
2.11800000e+00,-3.26125543e-02,-2.46701890e-01,3.95506031e-02,1.43811371e-01,-1.59551020e+01,0.00000000e+00,1.79810588e-01,2.82806203e-02,1.76214376e+02,2.77150079e+01
2.12000000e+00,-3.31098612e-02,-2.50579544e-01,3.98380996e-02,1.43642651e-01,-1.59551020e+01,0.00000000e+00,1.80064312e-01,2.82181572e-02,1.76463025e+02,2.76537941e+01
2.12200000e+00,-3.36148025e-02,-2.54352257e-01,4.01251447e-02,1.43430535e-01,-1.59551020e+01,0.00000000e+00,1.81464897e-01,2.85996962e-02,1.77835599e+02,2.80277023e+01
2.12400000e+00,-3.41271694e-02,-2.57973767e-01,4.04115984e-02,1.42883552e-01,-1.59551020e+01,0.00000000e+00,1.80698761e-01,2.79246533e-02,1.77084786e+02,2.73661603e+01
2.12600000e+00,-3.46465175e-02,-2.61325115e-01,4.06961334e-02,1.41518302e-01,-1.59551020e+01,0.00000000e+00,1.79377594e-01,2.72891358e-02,1.75790042e+02,2.67433531e+01
2.12800000e+00,-3.51723984e-02,-2.64569232e-01,4.09776997e-02,1.40195031e-01,-1.59551020e+01,0.00000000e+00,1.82472791e-01,2.84156052e-02,1.78823335e+02,2.78472931e+01
2.13000000e+00,-3.57048013e-02,-2.67823740e-01,4.12572866e-02,1.39431407e-01,-1.59551020e+01,0.00000000e+00,1.83953246e-01,2.88635740e-02,1.80274181e+02,2.82863025e+01
2.13200000e+00,-3.62435943e-02,-2.70929632e-01,4.15352760e-02,1.38443848e-01,-1.59551020e+01,0.00000000e+00,1.83385476e-01,2.83430479e-02,1.79717766e+02,2.77761870e+01
2.13400000e+00,-3.67883932e-02,-2.73845467e-01,4.18108028e-02,1.37067536e-01,-1.59551020e+01,0.00000000e+00,1.83947464e-01,2.84417482e-02,1.80268514e+02,2.78729133e+01
2.13600000e+00,-3.73388951e-02,-2.76639679e-01,4.20835340e-02,1.35672984e-01,-1.59551020e+01,0.00000000e+00,1.85025875e-01,2.86949486e-02,1.81325357e+02,2.81210496e+01
2.13800000e+00,-3.78948267e-02,-2.79246082e-01,4.23532381e-02,1.33893534e-01,-1.59551020e+01,0.00000000e+00,1.84086293e-01,2.80198092e-02,1.80404568e+02,2.74594131e+01
2.14000000e+00,-3.84557429e-02,-2.81647802e-01,4.26188403e-02,1.31712391e-01,-1.59551020e+01,0.00000000e+00,1.84811966e-01,2.82321186e-02,1.81115726e+02,2.76674762e+01
2.14200000e+00,-3.90213179e-02,-2.83899542e-01,4.28800060e-02,1.29408720e-01,-1.59551020e+01,0.00000000e+00,1.85189289e-01,2.81366396e-02,1.81485503e+02,2.75739068e+01
2.14400000e+00,-3.95911844e-02,-2.85916217e-01,4.31361207e-02,1.26573460e-01,-1.59551020e+01,0.00000000e+00,1.83962655e-01,2.74832928e-02,1.80283402e+02,2.69336270e+01
2.14600000e+00,-4.01648135e-02,-2.87679034e-01,4.33859782e-02,1.23255830e-01,-1.59551020e+01,0.00000000e+00,1.83932655e-01,2.74824249e-02,1.80254002e+02,2.69327764e+01
2.14800000e+00,-4.07418051e-02,-2.89298696e-01,4.36291617e-02,1.19964704e-01,-1.59551020e+01,0.00000000e+00,1.85320988e-01,2.78876884e-02,1.81614568e+02,2.73299347e+01
2.15000000e+00,-4.13219349e-02,-2.90808262e-01,4.38659349e-02,1.16820319e-01,-1.59551020e+01,0.00000000e+00,1.86089491e-01,2.81299726e-02,1.82367701e+02,2.75673731e+01
2.15200000e+00,-4.19049300e-02,-2.92155623e-01,4.40963854e-02,1.13589504e-01,-1.59551020e+01,0.00000000e+00,1.86284206e-01,2.80367868e-02,1.82558522e+02,2.74760511e+01
2.15400000e+00,-4.24904365e-02,-2.93321663e-01,4.43201805e-02,1.10190069e-01,-1.59551020e+01,0.00000000e+00,1.86627250e-01,2.80971282e-02,1.82894705e+02,2.75351857e+01
2.15600000e+00,-4.30780862e-02,-2.94292119e-01,4.45369926e-02,1.06561040e-01,-1.59551020e+01,0.00000000e+00,1.86506982e-01,2.78660546e-02,1.82776843e+02,2.73087336e+01
2.15800000e+00,-4.36674506e-02,-2.95031032e-01,4.47461499e-02,1.02519923e-01,-1.59551020e+01,0.00000000e+00,1.86024645e-01,2.75325716e-02,1.82304152e+02,2.69819202e+01
2.16000000e+00,-4.42580958e-02,-2.95598147e-01,4.49470372e-02,9.84262252e-02,-1.59551020e+01,0.00000000e+00,1.87311741e-01,2.80443639e-02,1.83565506e+02,2.74834767e+01
2.16200000e+00,-4.48497673e-02,-2.96051450e-01,4.51400084e-02,9.45630325e-02,-1.59551020e+01,0.00000000e+00,1.88193175e-01,2.82936592e-02,1.84429311e+02,2.77277860e+01
2.16400000e+00,-4.54421612e-02,-2.96294181e-01,4.53251526e-02,9.04947713e-02,-1.59551020e+01,0.00000000e+00,1.87225935e-01,2.78800417e-02,1.83481416e+02,2.73224409e+01
2.16600000e+00,-4.60348048e-02,-2.96328057e-01,4.55019147e-02,8.63172381e-02,-1.59551020e+01,0.00000000e+00,1.88150456e-01,2.83185399e-02,1.84387447e+02,2.77521691e+01
2.16800000e+00,-4.66273769e-02,-2.96217062e-01,4.56705284e-02,8.22999113e-02,-1.59551020e+01,0.00000000e+00,1.88678362e-01,2.84588329e-02,1.84904795e+02,2.78896562e+01
2.17000000e+00,-4.72195274e-02,-2.95887604e-01,4.58309520e-02,7.80390483e-02,-1.59551020e+01,0.00000000e+00,1.87880592e-01,2.80382383e-02,1.84122981e+02,2.74774735e+01
2.17200000e+00,-4.78107543e-02,-2.95298703e-01,4.59824016e-02,7.33538733e-02,-1.59551020e+01,0.00000000e+00,1.87444421e-01,2.77864473e-02,1.83695533e+02,2.72307183e+01
2.17400000e+00,-4.84006063e-02,-2.94536060e-01,4.61243699e-02,6.86723009e-02,-1.59551020e+01,0.00000000e+00,1.88638890e-01,2.82505465e-02,1.84866113e+02,2.76855356e+01
2.17600000e+00,-4.89888045e-02,-2.93632375e-01,4.62571846e-02,6.41313289e-02,-1.59551020e+01,0.00000000e+00,1.88953822e-01,2.82731517e-02,1.85174745e+02,2.77076887e+01
2.17800000e+00,-4.95749930e-02,-2.92514363e-01,4.63807627e-02,5.93917454e-02,-1.59551020e+01,0.00000000e+00,1.88420245e-01,2.80121131e-02,1.84651840e+02,2.74518708e+01
2.18000000e+00,-5.01587151e-02,-2.91176040e-01,4.64946233e-02,5.44597856e-02,-1.59551020e+01,0.00000000e+00,1.88576154e-01,2.80340209e-02,1.84804631e+02,2.74733405e+01
2.18200000e+00,-5.07395745e-02,-2.89653812e-01,4.65985991e-02,4.95236466e-02,-1.59551020e+01,0.00000000e+00,1.88870669e-01,2.81538957e-02,1.85093255e+02,2.75908178e+01
2.18400000e+00,-5.13171401e-02,-2.87846213e-01,4.66924885e-02,4.42434088e-02,-1.59551020e+01,0.00000000e+00,1.86629709e-01,2.74479898e-02,1.82897115e+02,2.68990300e+01
2.18600000e+00,-5.18907878e-02,-2.85781279e-01,4.67754141e-02,3.87252889e-02,-1.59551020e+01,0.00000000e+00,1.87548632e-01,2.77753161e-02,1.83797660e+02,2.72198098e+01
2.18800000e+00,-5.24601610e-02,-2.83560059e-01,4.68474954e-02,3.33658440e-02,-1.59551020e+01,0.00000000e+00,1.87634606e-01,2.78862136e-02,1.83881913e+02,2.73284893e+01
2.19000000e+00,-5.30249042e-02,-2.81153033e-01,4.69089230e-02,2.80746857e-02,-1.59551020e+01,0.00000000e+00,1.87826662e-01,2.80085686e-02,1.84070128e+02,2.74483972e+01
2.19200000e+00,-5.35846459e-02,-2.78555146e-01,4.69598067e-02,2.28023004e-02,-1.59551020e+01,0.00000000e+00,1.87754505e-01,2.80004583e-02,1.83999414e+02,2.74404492e+01
2.19400000e+00,-5.41389971e-02,-2.75765771e-01,4.70001460e-02,1.75505015e-02,-1.59551020e+01,0.00000000e+00,1.87888660e-01,2.81115559e-02,1.84130887e+02,2.75493248e+01
2.19600000e+00,-5.46875634e-02,-2.72758128e-01,4.70299546e-02,1.22176537e-02,-1.59551020e+01,0.00000000e+00,1.87144357e-01,2.78750806e-02,1.83401470e+02,2.73175790e+01
2.19800000e+00,-5.52299253e-02,-2.69594083e-01,4.70491063e-02,7.01933913e-03,-1.59551020e+01,0.00000000e+00,1.88674296e-01,2.84234575e-02,1.84900811e+02,2.78549884e+01
2.20000000e+00,-5.57658417e-02,-2.66282988e-01,4.70581333e-02,1.97306332e-03,-1.59551020e+01,0.00000000e+00,1.88096349e-01,2.82091515e-02,1.84334422e+02,2.76449685e+01
2.20200000e+00,-5.62948936e-02,-2.62726394e-01,4.70568262e-02,-3.33168446e-03,-1.59551020e+01,0.00000000e+00,1.87270790e-01,2.78812013e-02,1.83525374e+02,2.73235773e+01
2.20400000e+00,-5.68165527e-02,-2.58877903e-01,4.70446572e-02,-8.86046156e-03,-1.59551020e+01,0.00000000e+00,1.85549403e-01,2.77237766e-02,1.81838415e+02,2.71693010e+01
2.20600000e+00,-5.73302944e-02,-2.54863253e-01,4.70215901e-02,-1.40806363e-02,-1.59551020e+01,0.00000000e+00,1.87598273e-01,2.84981873e-02,1.83846308e+02,2.79282235e+01
2.20800000e+00,-5.78359095e-02,-2.50704271e-01,4.69884638e-02,-1.91071928e-02,-1.59551020e+01,0.00000000e+00,1.86321016e-01,2.80848847e-02,1.82594595e+02,2.75231870e+01
2.21000000e+00,-5.83329647e-02,-2.46325145e-01,4.69450383e-02,-2.43183715e-02,-1.59551020e+01,0.00000000e+00,1.86529472e-01,2.80507558e-02,1.82798882e+02,2.74897407e+01
2.21200000e+00,-5.88210793e-02,-2.41749915e-01,4.68911631e-02,-2.95703020e-02,-1.59551020e+01,0.00000000e+00,1.85741691e-01,2.79245200e-02,1.82026857e+02,2.73660296e+01
2.21400000e+00,-5.92998488e-02,-2.37001292e-01,4.68268564e-02,-3.46732181e-02,-1.59551020e+01,0.00000000e+00,1.86405346e-01,2.82737792e-02,1.82677239e+02,2.77083036e+01
2.21600000e+00,-5.97689760e-02,-2.32089895e-01,4.67525650e-02,-3.96340076e-02,-1.59551020e+01,0.00000000e+00,1.85787626e-01,2.81187315e-02,1.82071874e+02,2.75563569e+01
2.21800000e+00,-6.02281099e-02,-2.27030867e-01,4.66685049e-02,-4.43181158e-02,-1.59551020e+01,0.00000000e+00,1.86724233e-01,2.87364038e-02,1.82989748e+02,2.81616757e+01
2.22000000e+00,-6.06770317e-02,-2.21870223e-01,4.65755554e-02,-4.86079554e-02,-1.59551020e+01,0.00000000e+00,1.87098765e-01,2.88152775e-02,1.83356789e+02,2.82389719e+01
2.22200000e+00,-6.11154828e-02,-2.16547568e-01,4.64740804e-02,-5.28867433e-02,-1.59551020e+01,0.00000000e+00,1.86539260e-01,2.86163755e-02,1.82808475e+02,2.80440480e+01
2.22400000e+00,-6.15430240e-02,-2.10928041e-01,4.63638515e-02,-5.74008638e-02,-1.59551020e+01,0.00000000e+00,1.83674457e-01,2.81656626e-02,1.80000968e+02,2.76023493e+01
2.22600000e+00,-6.19590478e-02,-2.05087754e-01,4.62444817e-02,-6.19078963e-02,-1.59551020e+01,0.00000000e+00,1.84800583e-01,2.84625895e-02,1.81104571e+02,2.78933377e+01
2.22800000e+00,-6.23632948e-02,-1.99127168e-01,4.61163435e-02,-6.62296233e-02,-1.59551020e+01,0.00000000e+00,1.84187571e-01,2.83733288e-02,1.80503819e+02,2.78058622e+01
2.23000000e+00,-6.27553842e-02,-1.92908136e-01,4.59793170e-02,-7.09206807e-02,-1.59551020e+01,0.00000000e+00,1.81987276e-01,2.74934765e-02,1.78347530e+02,2.69436069e+01
2.23200000e+00,-6.31348148e-02,-1.86520284e-01,4.58327458e-02,-7.54842779e-02,-1.59551020e+01,0.00000000e+00,1.83366167e-01,2.84334111e-02,1.79698843e+02,2.78647428e+01
2.23400000e+00,-6.35014361e-02,-1.80088685e-01,4.56778405e-02,-7.93569525e-02,-1.59551020e+01,0.00000000e+00,1.83984041e-01,2.87240375e-02,1.80304360e+02,2.81495568e+01
2.23600000e+00,-6.38550647e-02,-1.73499847e-01,4.55153367e-02,-8.32015723e-02,-1.59551020e+01,0.00000000e+00,1.82605396e-01,2.82616968e-02,1.78953288e+02,2.76964628e+01
2.23800000e+00,-6.41953143e-02,-1.66729143e-01,4.53450047e-02,-8.70905254e-02,-1.59551020e+01,0.00000000e+00,1.82539419e-01,2.83892540e-02,1.78888630e+02,2.78214689e+01
2.24000000e+00,-6.45219207e-02,-1.59867606e-01,4.51672003e-02,-9.06408648e-02,-1.59551020e+01,0.00000000e+00,1.83177011e-01,2.87199201e-02,1.79513471e+02,2.81455217e+01
2.24200000e+00,-6.48347159e-02,-1.52902862e-01,4.49826292e-02,-9.39092342e-02,-1.59551020e+01,0.00000000e+00,1.82709507e-01,2.87187788e-02,1.79055317e+02,2.81444033e+01
2.24400000e+00,-6.51333949e-02,-1.45732181e-01,4.47916473e-02,-9.70517155e-02,-1.59551020e+01,0.00000000e+00,1.80832099e-01,2.87126196e-02,1.77215457e+02,2.81383672e+01
2.24600000e+00,-6.54175748e-02,-1.38456726e-01,4.45947274e-02,-9.97366197e-02,-1.59551020e+01,0.00000000e+00,1.82610778e-01,2.93990693e-02,1.78958563e+02,2.88110879e+01
2.24800000e+00,-6.56871401e-02,-1.31058673e-01,4.43927372e-02,-1.02367008e-01,-1.59551020e+01,0.00000000e+00,1.80197831e-01,2.85395174e-02,1.76593874e+02,2.79687271e+01
2.25000000e+00,-6.59416641e-02,-1.23442535e-01,4.41850323e-02,-1.05337976e-01,-1.59551020e+01,0.00000000e+00,1.79623452e-01,2.83886840e-02,1.76030983e+02,2.78209103e+01
2.25200000e+00,-6.61808535e-02,-1.15741367e-01,4.39715790e-02,-1.08018340e-01,-1.59551020e+01,0.00000000e+00,1.80194898e-01,2.88456966e-02,1.76591000e+02,2.82687827e+01
2.25400000e+00,-6.64045925e-02,-1.07984735e-01,4.37532285e-02,-1.10294459e-01,-1.59551020e+01,0.00000000e+00,1.80185433e-01,2.89262106e-02,1.76581724e+02,2.83476864e+01
2.25600000e+00,-6.66126985e-02,-1.00087226e-01,4.35303557e-02,-1.12638749e-01,-1.59551020e+01,0.00000000e+00,1.78633894e-01,2.83851468e-02,1.75061216e+02,2.78174438e+01
2.25800000e+00,-6.68048860e-02,-9.21065131e-02,4.33028552e-02,-1.14710584e-01,-1.59551020e+01,0.00000000e+00,1.79842670e-01,2.91739996e-02,1.76245817e+02,2.85905196e+01
2.26000000e+00,-6.69811010e-02,-8.40904734e-02,4.30717980e-02,-1.16355604e-01,-1.59551020e+01,0.00000000e+00,1.79279532e-01,2.89516196e-02,1.75693941e+02,2.83725872e+01
2.26200000e+00,-6.71411595e-02,-7.59419231e-02,4.28373546e-02,-1.18117903e-01,-1.59551020e+01,0.00000000e+00,1.78085999e-01,2.85936196e-02,1.74524279e+02,2.80217473e+01
2.26400000e+00,-6.72848006e-02,-6.76912612e-02,4.25996647e-02,-1.19372730e-01,-1.59551020e+01,0.00000000e+00,1.78099681e-01,2.96778401e-02,1.74537688e+02,2.90842833e+01
2.26600000e+00,-6.74119102e-02,-5.94190473e-02,4.23602809e-02,-1.20001711e-01,-1.59551020e+01,0.00000000e+00,1.78653779e-01,2.95655538e-02,1.75080704e+02,2.89742427e+01
2.26800000e+00,-6.75223720e-02,-5.09896125e-02,4.21193694e-02,-1.21063260e-01,-1.59551020e+01,0.00000000e+00,1.75361767e-01,2.84260901e-02,1.71854532e+02,2.78575683e+01
2.27000000e+00,-6.76157505e-02,-4.23829829e-02,4.18757917e-02,-1.22479025e-01,-1.59551020e+01,0.00000000e+00,1.75310584e-01,2.84746792e-02,1.71804372e+02,2.79051857e+01
2.27200000e+00,-6.76919220e-02,-3.38034614e-02,4.16298796e-02,-1.23255485e-01,-1.59551020e+01,0.00000000e+00,1.76652099e-01,2.94170785e-02,1.73119057e+02,2.88287369e+01
2.27400000e+00,-6.77509662e-02,-2.52266438e-02,4.13831020e-02,-1.23533612e-01,-1.59551020e+01,0.00000000e+00,1.75890711e-01,2.91682506e-02,1.72372897e+02,2.85848856e+01
2.27600000e+00,-6.77927659e-02,-1.65558241e-02,4.11356285e-02,-1.23986739e-01,-1.59551020e+01,0.00000000e+00,1.74832060e-01,2.86963851e-02,1.71335419e+02,2.81224574e+01
2.27800000e+00,-6.78171987e-02,-7.89884376e-03,4.08874715e-02,-1.23965222e-01,-1.59551020e+01,0.00000000e+00,1.76448978e-01,2.98100952e-02,1.72919998e+02,2.92138933e+01
2.28000000e+00,-6.78243732e-02,7.40245390e-04,4.06400572e-02,-1.23509352e-01,-1.59551020e+01,0.00000000e+00,1.75343893e-01,2.92544311e-02,1.71837015e+02,2.86693425e+01
2.28200000e+00,-6.78142096e-02,9.42152513e-03,4.03934498e-02,-1.23030048e-01,-1.59551020e+01,0.00000000e+00,1.75415569e-01,2.95068199e-02,1.71907257e+02,2.89166835e+01
2.28400000e+00,-6.77866915e-02,1.80962347e-02,4.01483664e-02,-1.21906732e-01,-1.59551020e+01,0.00000000e+00,1.75308191e-01,3.02556948e-02,1.71802027e+02,2.96505809e+01
2.28600000e+00,-6.77418170e-02,2.67823809e-02,3.99060070e-02,-1.20507183e-01,-1.59551020e+01,0.00000000e+00,1.74817441e-01,2.97398130e-02,1.71321092e+02,2.91450167e+01
2.28800000e+00,-6.76794464e-02,3.56417929e-02,3.96658501e-02,-1.19838902e-01,-1.59551020e+01,0.00000000e+00,1.70786222e-01,2.83773313e-02,1.67370498e+02,2.78097847e+01
2.29000000e+00,-6.75991244e-02,4.46893589e-02,3.94261905e-02,-1.19861959e-01,-1.59551020e+01,0.00000000e+00,1.69801982e-01,2.79463138e-02,1.66405943e+02,2.73873875e+01
2.29200000e+00,-6.75007260e-02,5.36814264e-02,3.91867409e-02,-1.19377131e-01,-1.59551020e+01,0.00000000e+00,1.71316636e-01,2.91011997e-02,1.67890304e+02,2.85191758e+01
2.29400000e+00,-6.73844725e-02,6.25627659e-02,3.89492045e-02,-1.18108586e-01,-1.59551020e+01,0.00000000e+00,1.71476685e-01,2.92515046e-02,1.68047151e+02,2.86664745e+01
2.29600000e+00,-6.72504367e-02,7.15014657e-02,3.87141316e-02,-1.17102467e-01,-1.59551020e+01,0.00000000e+00,1.68918475e-01,2.82140787e-02,1.65540105e+02,2.76497971e+01
2.29800000e+00,-6.70984570e-02,8.04546287e-02,3.84808233e-02,-1.16053258e-01,-1.59551020e+01,0.00000000e+00,1.69934710e-01,2.90082882e-02,1.66536015e+02,2.84281225e+01
2.30000000e+00,-6.69286711e-02,8.93285007e-02,3.82501748e-02,-1.14619712e-01,-1.59551020e+01,0.00000000e+00,1.69421518e-01,2.86907106e-02,1.66033088e+02,2.81168964e+01
2.30200000e+00,-6.67411163e-02,9.82424320e-02,3.80221465e-02,-1.13483049e-01,-1.59551020e+01,0.00000000e+00,1.67503887e-01,2.80588804e-02,1.64153809e+02,2.74977028e+01
2.30400000e+00,-6.65357013e-02,1.07156351e-01,3.77964901e-02,-1.11975108e-01,-1.59551020e+01,0.00000000e+00,1.67781407e-01,2.91471233e-02,1.64425778e+02,2.85641809e+01
2.30600000e+00,-6.63125875e-02,1.15925374e-01,3.75747684e-02,-1.09683860e-01,-1.59551020e+01,0.00000000e+00,1.69104295e-01,2.93853866e-02,1.65722209e+02,2.87976789e+01
2.30800000e+00,-6.60719871e-02,1.24713523e-01,3.73575050e-02,-1.07767067e-01,-1.59551020e+01,0.00000000e+00,1.65406111e-01,2.80499081e-02,1.62097989e+02,2.74889100e+01
2.31000000e+00,-6.58136758e-02,1.33588050e-01,3.71433184e-02,-1.06422765e-01,-1.59551020e+01,0.00000000e+00,1.65013484e-01,2.78771967e-02,1.61713214e+02,2.73196528e+01
2.31200000e+00,-6.55377556e-02,1.42281532e-01,3.69322443e-02,-1.04433077e-01,-1.59551020e+01,0.00000000e+00,1.67419909e-01,2.91023152e-02,1.64071511e+02,2.85202689e+01
2.31400000e+00,-6.52446631e-02,1.50804888e-01,3.67259828e-02,-1.01848388e-01,-1.59551020e+01,0.00000000e+00,1.66631120e-01,2.88303826e-02,1.63298498e+02,2.82537750e+01
2.31600000e+00,-6.49345651e-02,1.59284637e-01,3.65248022e-02,-9.93363972e-02,-1.59551020e+01,0.00000000e+00,1.65942100e-01,2.86612939e-02,1.62623258e+02,2.80880681e+01
2.31800000e+00,-6.46076013e-02,1.67649229e-01,3.63288174e-02,-9.65541388e-02,-1.59551020e+01,0.00000000e+00,1.66687228e-01,2.91165994e-02,1.63353483e+02,2.85342674e+01
2.32000000e+00,-6.42640184e-02,1.75938464e-01,3.61386023e-02,-9.37469828e-02,-1.59551020e+01,0.00000000e+00,1.64932053e-01,2.84406370e-02,1.61633412e+02,2.78718243e+01
2.32200000e+00,-6.39038712e-02,1.84192188e-01,3.59536926e-02,-9.11451583e-02,-1.59551020e+01,0.00000000e+00,1.64610790e-01,2.84203970e-02,1.61318574e+02,2.78519891e+01
2.32400000e+00,-6.35273845e-02,1.92243670e-01,3.57745808e-02,-8.77047815e-02,-1.59551020e+01,0.00000000e+00,1.66617617e-01,2.99435881e-02,1.63285265e+02,2.93447163e+01
2.32600000e+00,-6.31350531e-02,2.00060270e-01,3.56033655e-02,-8.35264256e-02,-1.59551020e+01,0.00000000e+00,1.66928666e-01,2.97231110e-02,1.63590093e+02,2.91286488e+01
2.32800000e+00,-6.27271422e-02,2.07878689e-01,3.54400742e-02,-7.99492011e-02,-1.59551020e+01,0.00000000e+00,1.63277044e-01,2.84470038e-02,1.60011503e+02,2.78780638e+01
2.33000000e+00,-6.23035165e-02,2.15729805e-01,3.52831258e-02,-7.70362337e-02,-1.59551020e+01,0.00000000e+00,1.62738572e-01,2.81034182e-02,1.59483801e+02,2.75413499e+01
2.33200000e+00,-6.18643524e-02,2.23386886e-01,3.51321690e-02,-7.37638431e-02,-1.59551020e+01,0.00000000e+00,1.64257537e-01,2.89845094e-02,1.60972386e+02,2.84048192e+01
2.33400000e+00,-6.14101053e-02,2.30839525e-01,3.49883640e-02,-7.00511111e-02,-1.59551020e+01,0.00000000e+00,1.63838223e-01,2.88207403e-02,1.60561459e+02,2.82443255e+01
2.33600000e+00,-6.09410447e-02,2.38216593e-01,3.48517720e-02,-6.66271214e-02,-1.59551020e+01,0.00000000e+00,1.62224481e-01,2.81818748e-02,1.58979992e+02,2.76182373e+01
2.33800000e+00,-6.04573132e-02,2.45482186e-01,3.47217677e-02,-6.33348449e-02,-1.59551020e+01,0.00000000e+00,1.62524085e-01,2.83572269e-02,1.59273604e+02,2.77900824e+01
2.34000000e+00,-5.99592460e-02,2.52552714e-01,3.45985995e-02,-5.97922895e-02,-1.59551020e+01,0.00000000e+00,1.62745730e-01,2.85298270e-02,1.59490815e+02,2.79592305e+01
2.34200000e+00,-5.94472354e-02,2.59423661e-01,3.44827345e-02,-5.60458140e-02,-1.59551020e+01,0.00000000e+00,1.63036303e-01,2.86182158e-02,1.59775577e+02,2.80458515e+01
2.34400000e+00,-5.89216796e-02,2.66102266e-01,3.43747345e-02,-5.18220670e-02,-1.59551020e+01,0.00000000e+00,1.62977356e-01,2.93756650e-02,1.59717809e+02,2.87881517e+01
2.34600000e+00,-5.83829996e-02,2.72521075e-01,3.42758438e-02,-4.70020486e-02,-1.59551020e+01,0.00000000e+00,1.64736112e-01,2.97265775e-02,1.61441390e+02,2.91320459e+01
2.34800000e+00,-5.78317020e-02,2.78779745e-01,3.41865735e-02,-4.24110825e-02,-1.59551020e+01,0.00000000e+00,1.62244507e-01,2.87654231e-02,1.58999617e+02,2.81901146e+01
2.35000000e+00,-5.72679113e-02,2.84992372e-01,3.41057346e-02,-3.85173773e-02,-1.59551020e+01,0.00000000e+00,1.61235084e-01,2.81459155e-02,1.58010383e+02,2.75829972e+01
2.35200000e+00,-5.66918647e-02,2.91006756e-01,3.40325072e-02,-3.46188611e-02,-1.59551020e+01,0.00000000e+00,1.62199233e-01,2.86693570e-02,1.58955248e+02,2.80959699e+01
2.35400000e+00,-5.61040453e-02,2.96779660e-01,3.39674605e-02,-3.04183965e-02,-1.59551020e+01,0.00000000e+00,1.62103013e-01,2.86850709e-02,1.58860952e+02,2.81113695e+01
2.35600000e+00,-5.55048291e-02,3.02427947e-01,3.39106000e-02,-2.65683874e-02,-1.59551020e+01,0.00000000e+00,1.60242717e-01,2.78508983e-02,1.57037863e+02,2.72938803e+01
2.35800000e+00,-5.48944739e-02,3.07865577e-01,3.38612431e-02,-2.26341509e-02,-1.59551020e+01,0.00000000e+00,1.62065485e-01,2.87898117e-02,1.58824176e+02,2.82140155e+01
2.36000000e+00,-5.42735711e-02,3.12996821e-01,3.38203885e-02,-1.82122444e-02,-1.59551020e+01,0.00000000e+00,1.62354651e-01,2.88143531e-02,1.59107558e+02,2.82380660e+01
2.36200000e+00,-5.36426068e-02,3.17947803e-01,3.37882714e-02,-1.39744034e-02,-1.59551020e+01,0.00000000e+00,1.61147262e-01,2.83558183e-02,1.57924317e+02,2.77887019e+01
2.36400000e+00,-5.30019227e-02,3.22684515e-01,3.37646484e-02,-9.50031418e-03,-1.59551020e+01,0.00000000e+00,1.62151076e-01,2.92747256e-02,1.58908054e+02,2.86892311e+01
2.36600000e+00,-5.23520897e-02,3.27089865e-01,3.37506376e-02,-4.47506213e-03,-1.59551020e+01,0.00000000e+00,1.63603766e-01,2.94906578e-02,1.60331691e+02,2.89008446e+01
2.36800000e+00,-5.16936809e-02,3.31318748e-01,3.37464392e-02,8.67591771e-05,-1.59551020e+01,0.00000000e+00,1.60917124e-01,2.82940466e-02,1.57698781e+02,2.77281657e+01
2.37000000e+00,-5.10269372e-02,3.35363928e-01,3.37507845e-02,4.34830550e-03,-1.59551020e+01,0.00000000e+00,1.62470389e-01,2.88648849e-02,1.59220981e+02,2.82875872e+01
2.37200000e+00,-5.03524278e-02,3.39105308e-01,3.37640123e-02,8.87965694e-03,-1.59551020e+01,0.00000000e+00,1.62525349e-01,2.88774154e-02,1.59274843e+02,2.82998671e+01
2.37400000e+00,-4.96706586e-02,3.42632673e-01,3.37861922e-02,1.32446489e-02,-1.59551020e+01,0.00000000e+00,1.61920431e-01,2.85455774e-02,1.58682022e+02,2.79746658e+01
2.37600000e+00,-4.89820168e-02,3.45980493e-01,3.38167660e-02,1.72723887e-02,-1.59551020e+01,0.00000000e+00,1.61113031e-01,2.82115323e-02,1.57890771e+02,2.76473016e+01
2.37800000e+00,-4.82868870e-02,3.49102790e-01,3.38552189e-02,2.12059752e-02,-1.59551020e+01,0.00000000e+00,1.61528731e-01,2.84012871e-02,1.58298156e+02,2.78332613e+01
2.38000000e+00,-4.75858261e-02,3.51894317e-01,3.39018055e-02,2.54628899e-02,-1.59551020e+01,0.00000000e+00,1.63130945e-01,2.89550470e-02,1.59868326e+02,2.83759461e+01
2.38200000e+00,-4.68795145e-02,3.54378762e-01,3.39571947e-02,2.99060618e-02,-1.59551020e+01,0.00000000e+00,1.62948896e-01,2.88695468e-02,1.59689919e+02,2.82921558e+01
2.38400000e+00,-4.61684411e-02,3.56668231e-01,3.40213472e-02,3.42253928e-02,-1.59551020e+01,0.00000000e+00,1.61891811e-01,2.87849797e-02,1.58653975e+02,2.82092801e+01
2.38600000e+00,-4.54530538e-02,3.58639378e-01,3.40942531e-02,3.87799211e-02,-1.59551020e+01,0.00000000e+00,1.64555719e-01,2.94655591e-02,1.61264605e+02,2.88762479e+01
2.38800000e+00,-4.47340810e-02,3.60314396e-01,3.41764326e-02,4.32830711e-02,-1.59551020e+01,0.00000000e+00,1.62949288e-01,2.87926503e-02,1.59690302e+02,2.82167973e+01
2.39000000e+00,-4.40119578e-02,3.61747003e-01,3.42672637e-02,4.76036738e-02,-1.59551020e+01,0.00000000e+00,1.64331448e-01,2.92104100e-02,1.61044819e+02,2.86262018e+01
2.39200000e+00,-4.32873118e-02,3.62851450e-01,3.43669275e-02,5.20445180e-02,-1.59551020e+01,0.00000000e+00,1.64706735e-01,2.91855952e-02,1.61412600e+02,2.86018833e+01
2.39400000e+00,-4.25607242e-02,3.63697657e-01,3.44753352e-02,5.63256528e-02,-1.59551020e+01,0.00000000e+00,1.64438120e-01,2.90282850e-02,1.61149357e+02,2.84477193e+01
2.39600000e+00,-4.18326965e-02,3.64280919e-01,3.45921837e-02,6.05371897e-02,-1.59551020e+01,0.00000000e+00,1.64910549e-01,2.92047226e-02,1.61612338e+02,2.86206282e+01
2.39800000e+00,-4.11038248e-02,3.64527825e-01,3.47176348e-02,6.49749501e-02,-1.59551020e+01,0.00000000e+00,1.66349177e-01,2.96805579e-02,1.63022193e+02,2.90869467e+01
2.40000000e+00,-4.03747655e-02,3.64504241e-01,3.48519760e-02,6.92515143e-02,-1.59551020e+01,0.00000000e+00,1.65279674e-01,2.90564950e-02,1.61974081e+02,2.84753651e+01
2.40200000e+00,-3.96459572e-02,3.64256515e-01,3.49944198e-02,7.31964501e-02,-1.59551020e+01,0.00000000e+00,1.65636524e-01,2.91863524e-02,1.62323794e+02,2.86026253e+01
2.40400000e+00,-3.89179103e-02,3.63752444e-01,3.51447587e-02,7.71367095e-02,-1.59551020e+01,0.00000000e+00,1.65324628e-01,2.92598382e-02,1.62018135e+02,2.86746414e+01
2.40600000e+00,-3.81911710e-02,3.62913049e-01,3.53030685e-02,8.12297219e-02,-1.59551020e+01,0.00000000e+00,1.67536477e-01,2.97314906e-02,1.64185748e+02,2.91368608e+01
2.40800000e+00,-3.74664714e-02,3.61753736e-01,3.54696498e-02,8.52810808e-02,-1.59551020e+01,0.00000000e+00,1.66879737e-01,2.94086985e-02,1.63542143e+02,2.88205246e+01
2.41000000e+00,-3.67443023e-02,3.60375062e-01,3.56439543e-02,8.89746811e-02,-1.59551020e+01,0.00000000e+00,1.66761637e-01,2.92280334e-02,1.63426404e+02,2.86434728e+01
2.41200000e+00,-3.60251222e-02,3.58769949e-01,3.58252958e-02,9.22892824e-02,-1.59551020e+01,0.00000000e+00,1.66293764e-01,2.88708540e-02,1.62967888e+02,2.82934369e+01
2.41400000e+00,-3.53093930e-02,3.56909145e-01,3.60129801e-02,9.54069430e-02,-1.59551020e+01,0.00000000e+00,1.66886371e-01,2.90815072e-02,1.63548643e+02,2.84998770e+01
2.41600000e+00,-3.45976412e-02,3.54814868e-01,3.62067462e-02,9.82586056e-02,-1.59551020e+01,0.00000000e+00,1.65930759e-01,2.85881279e-02,1.62612144e+02,2.80163653e+01
2.41800000e+00,-3.38903012e-02,3.52469109e-01,3.64058678e-02,1.00890194e-01,-1.59551020e+01,0.00000000e+00,1.66979282e-01,2.89029672e-02,1.63639697e+02,2.83249079e+01
2.42000000e+00,-3.31879842e-02,3.49794338e-01,3.66103950e-02,1.03653759e-01,-1.59551020e+01,0.00000000e+00,1.67874998e-01,2.91562085e-02,1.64517498e+02,2.85730844e+01
2.42200000e+00,-3.24913056e-02,3.46846887e-01,3.68204108e-02,1.06309235e-01,-1.59551020e+01,0.00000000e+00,1.67652050e-01,2.89750030e-02,1.64299009e+02,2.83955029e+01
2.42400000e+00,-3.18007559e-02,3.43660503e-01,3.70354696e-02,1.08721215e-01,-1.59551020e+01,0.00000000e+00,1.67808250e-01,2.89513437e-02,1.64452085e+02,2.83723168e+01
2.42600000e+00,-3.11168285e-02,3.40226885e-01,3.72551234e-02,1.10874904e-01,-1.59551020e+01,0.00000000e+00,1.67832303e-01,2.87457368e-02,1.64475657e+02,2.81708221e+01
2.42800000e+00,-3.04400015e-02,3.36563512e-01,3.74787586e-02,1.12712700e-01,-1.59551020e+01,0.00000000e+00,1.67637113e-01,2.86069925e-02,1.64284371e+02,2.80348527e+01
2.43000000e+00,-2.97707546e-02,3.32629899e-01,3.77059485e-02,1.14511900e-01,-1.59551020e+01,0.00000000e+00,1.68668011e-01,2.89885622e-02,1.65294651e+02,2.84087910e+01
2.43200000e+00,-2.91096675e-02,3.28418022e-01,3.79367800e-02,1.16271920e-01,-1.59551020e+01,0.00000000e+00,1.68725756e-01,2.88537750e-02,1.65351241e+02,2.82766995e+01
2.43400000e+00,-2.84572379e-02,3.23972992e-01,3.81708570e-02,1.17763203e-01,-1.59551020e+01,0.00000000e+00,1.68772233e-01,2.87582519e-02,1.65396788e+02,2.81830869e+01
2.43600000e+00,-2.78139157e-02,3.19317633e-01,3.84076155e-02,1.18928522e-01,-1.59551020e+01,0.00000000e+00,1.68370091e-01,2.85072984e-02,1.65002689e+02,2.79371524e+01
2.43800000e+00,-2.71801040e-02,3.14457337e-01,3.86463632e-02,1.19782045e-01,-1.59551020e+01,0.00000000e+00,1.68367411e-01,2.84444977e-02,1.65000063e+02,2.78756078e+01
2.44000000e+00,-2.65562325e-02,3.09377859e-01,3.88865852e-02,1.20397911e-01,-1.59551020e+01,0.00000000e+00,1.68378388e-01,2.83513637e-02,1.65010820e+02,2.77843364e+01
2.44200000e+00,-2.59427340e-02,3.04086252e-01,3.91277708e-02,1.20737710e-01,-1.59551020e+01,0.00000000e+00,1.68294683e-01,2.82094220e-02,1.64928789e+02,2.76452335e+01
2.44400000e+00,-2.53400770e-02,2.98510450e-01,3.93695263e-02,1.21062848e-01,-1.59551020e+01,0.00000000e+00,1.70077122e-01,2.86658416e-02,1.66675579e+02,2.80925248e+01
2.44600000e+00,-2.47488570e-02,2.92687493e-01,3.96119679e-02,1.21306650e-01,-1.59551020e+01,0.00000000e+00,1.69220063e-01,2.83849124e-02,1.65835661e+02,2.78172141e+01
2.44800000e+00,-2.41694600e-02,2.86665024e-01,3.98545997e-02,1.21320670e-01,-1.59551020e+01,0.00000000e+00,1.69985018e-01,2.85301407e-02,1.66585318e+02,2.79595379e+01
2.45000000e+00,-2.36023529e-02,2.80408555e-01,4.00971993e-02,1.21257781e-01,-1.59551020e+01,0.00000000e+00,1.70033189e-01,2.85700669e-02,1.66632525e+02,2.79986655e+01
2.45200000e+00,-2.30479695e-02,2.73936537e-01,4.03395515e-02,1.21075971e-01,-1.59551020e+01,0.00000000e+00,1.70469985e-01,2.86268089e-02,1.67060585e+02,2.80542727e+01
2.45400000e+00,-2.25067196e-02,2.67295273e-01,4.05812389e-02,1.20497818e-01,-1.59551020e+01,0.00000000e+00,1.69542613e-01,2.80836012e-02,1.66151761e+02,2.75219291e+01
2.45600000e+00,-2.19789005e-02,2.60485865e-01,4.08213100e-02,1.19570523e-01,-1.59551020e+01,0.00000000e+00,1.70062686e-01,2.82372949e-02,1.66661432e+02,2.76725490e+01
2.45800000e+00,-2.14648919e-02,2.53502910e-01,4.10593322e-02,1.18360002e-01,-1.59551020e+01,0.00000000e+00,1.69373568e-01,2.78295968e-02,1.65986096e+02,2.72730049e+01
2.46000000e+00,-2.09649798e-02,2.46383548e-01,4.12944680e-02,1.16726485e-01,-1.59551020e+01,0.00000000e+00,1.69140257e-01,2.76859812e-02,1.65757452e+02,2.71322615e+01
2.46200000e+00,-2.04794810e-02,2.39079218e-01,4.15261537e-02,1.14966292e-01,-1.59551020e+01,0.00000000e+00,1.69702870e-01,2.78954036e-02,1.66308813e+02,2.73374955e+01
2.46400000e+00,-2.00088155e-02,2.31546072e-01,4.17542780e-02,1.13123261e-01,-1.59551020e+01,0.00000000e+00,1.70614329e-01,2.78387351e-02,1.67202043e+02,2.72819604e+01
2.46600000e+00,-1.95533792e-02,2.23889133e-01,4.19783712e-02,1.10866946e-01,-1.59551020e+01,0.00000000e+00,1.68846482e-01,2.73489318e-02,1.65469552e+02,2.68019532e+01
2.46800000e+00,-1.91133581e-02,2.16083452e-01,4.21976661e-02,1.08491233e-01,-1.59551020e+01,0.00000000e+00,1.70466369e-01,2.79023937e-02,1.67057042e+02,2.73443458e+01
2.47000000e+00,-1.86891972e-02,2.08050106e-01,4.24124534e-02,1.06291426e-01,-1.59551020e+01,0.00000000e+00,1.70671204e-01,2.80258932e-02,1.67257780e+02,2.74653754e+01
2.47200000e+00,-1.82812441e-02,1.99887198e-01,4.26226800e-02,1.03863812e-01,-1.59551020e+01,0.00000000e+00,1.70130393e-01,2.77255113e-02,1.66727785e+02,2.71710010e+01
2.47400000e+00,-1.78896966e-02,1.91651999e-01,4.28275577e-02,1.00909875e-01,-1.59551020e+01,0.00000000e+00,1.69130579e-01,2.72149845e-02,1.65747968e+02,2.66706848e+01
2.47600000e+00,-1.75147201e-02,1.83290851e-01,4.30261990e-02,9.77752076e-02,-1.59551020e+01,0.00000000e+00,1.69978453e-01,2.76312311e-02,1.66578884e+02,2.70786065e+01
2.47800000e+00,-1.71566385e-02,1.74771823e-01,4.32186395e-02,9.46119450e-02,-1.59551020e+01,0.00000000e+00,1.69862015e-01,2.74311464e-02,1.66464775e+02,2.68825235e+01
2.48000000e+00,-1.68156910e-02,1.66165448e-01,4.34044072e-02,9.10893679e-02,-1.59551020e+01,0.00000000e+00,1.69201192e-01,2.71438229e-02,1.65817168e+02,2.66009464e+01
2.48200000e+00,-1.64920396e-02,1.57464661e-01,4.35828522e-02,8.73496715e-02,-1.59551020e+01,0.00000000e+00,1.69390676e-01,2.72318577e-02,1.66002863e+02,2.66872206e+01
2.48400000e+00,-1.61859271e-02,1.48621729e-01,4.37536556e-02,8.33845956e-02,-1.59551020e+01,0.00000000e+00,1.69987896e-01,2.69163463e-02,1.66588138e+02,2.63780193e+01
2.48600000e+00,-1.58975789e-02,1.39739522e-01,4.39160666e-02,7.89335816e-02,-1.59551020e+01,0.00000000e+00,1.67918253e-01,2.64456675e-02,1.64559888e+02,2.59167542e+01
2.48800000e+00,-1.56270391e-02,1.30752218e-01,4.40694323e-02,7.45460639e-02,-1.59551020e+01,0.00000000e+00,1.70198749e-01,2.72705562e-02,1.66794774e+02,2.67251451e+01
2.49000000e+00,-1.53747279e-02,1.21528026e-01,4.42146398e-02,7.07419698e-02,-1.59551020e+01,0.00000000e+00,1.71356498e-01,2.78792993e-02,1.67929368e+02,2.73217134e+01
2.49200000e+00,-1.51409836e-02,1.12219010e-01,4.43523600e-02,6.68777110e-02,-1.59551020e+01,0.00000000e+00,1.70234751e-01,2.73425499e-02,1.66830056e+02,2.67956989e+01
2.49400000e+00,-1.49258224e-02,1.02954215e-01,4.44816796e-02,6.23068989e-02,-1.59551020e+01,0.00000000e+00,1.68528878e-01,2.65827956e-02,1.65158301e+02,2.60511397e+01
2.49600000e+00,-1.47291941e-02,9.36483145e-02,4.46014610e-02,5.75461361e-02,-1.59551020e+01,0.00000000e+00,1.69552260e-01,2.71169320e-02,1.66161215e+02,2.65745934e+01
2.49800000e+00,-1.45513119e-02,8.42182464e-02,4.47120119e-02,5.30071080e-02,-1.59551020e+01,0.00000000e+00,1.69939829e-01,2.72080005e-02,1.66541032e+02,2.66638405e+01
2.50000000e+00,-1.43923568e-02,7.47346418e-02,4.48134090e-02,4.83475599e-02,-1.59551020e+01,0.00000000e+00,1.69466975e-01,2.70106979e-02,1.66077636e+02,2.64704840e+01
2.50200000e+00,-1.42523949e-02,6.52187041e-02,4.49053142e-02,4.35560502e-02,-1.59551020e+01,0.00000000e+00,1.69514012e-01,2.70642610e-02,1.66123732e+02,2.65229758e+01
2.50400000e+00,-1.41315218e-02,5.56430667e-02,4.49874487e-02,3.84876946e-02,-1.59551020e+01,0.00000000e+00,1.69836245e-01,2.65489646e-02,1.66439520e+02,2.60179853e+01
2.50600000e+00,-1.40297868e-02,4.61212390e-02,4.50588733e-02,3.28319347e-02,-1.59551020e+01,0.00000000e+00,1.67387146e-01,2.59355993e-02,1.64039403e+02,2.54168874e+01
2.50800000e+00,-1.39470505e-02,3.65789257e-02,4.51188327e-02,2.72605456e-02,-1.59551020e+01,0.00000000e+00,1.69600740e-01,2.68140437e-02,1.66208726e+02,2.62777628e+01
2.51000000e+00,-1.38836158e-02,2.68194919e-02,4.51685563e-02,2.26502346e-02,-1.59551020e+01,0.00000000e+00,1.71903157e-01,2.80258955e-02,1.68465094e+02,2.74653776e+01
2.51200000e+00,-1.38398305e-02,1.69731514e-02,4.52096852e-02,1.84172611e-02,-1.59551020e+01,0.00000000e+00,1.71233867e-01,2.76665340e-02,1.67809190e+02,2.71132033e+01
2.51400000e+00,-1.38156372e-02,7.25582605e-03,4.52417374e-02,1.34524807e-02,-1.59551020e+01,0.00000000e+00,1.68651113e-01,2.65375726e-02,1.65278090e+02,2.60068211e+01
2.51600000e+00,-1.38107513e-02,-2.37763865e-03,4.52632475e-02,8.11625129e-03,-1.59551020e+01,0.00000000e+00,1.69195091e-01,2.69197927e-02,1.65811189e+02,2.63813968e+01
2.51800000e+00,-1.38251754e-02,-1.20525085e-02,4.52743612e-02,3.01815593e-03,-1.59551020e+01,0.00000000e+00,1.69696924e-01,2.70553823e-02,1.66302985e+02,2.65142746e+01
2.52000000e+00,-1.38589426e-02,-2.16992888e-02,4.52752543e-02,-2.17864860e-03,-1.59551020e+01,0.00000000e+00,1.68774927e-01,2.67159771e-02,1.65399428e+02,2.61816576e+01
2.52200000e+00,-1.39119424e-02,-3.13008041e-02,4.52656194e-02,-7.41624334e-03,-1.59551020e+01,0.00000000e+00,1.69032663e-01,2.69581536e-02,1.65652010e+02,2.64189905e+01
2.52400000e+00,-1.39841479e-02,-4.09054052e-02,4.52454919e-02,-1.27999512e-02,-1.59551020e+01,0.00000000e+00,1.69397266e-01,2.63826932e-02,1.66009321e+02,2.58550393e+01
2.52600000e+00,-1.40754980e-02,-5.04109914e-02,4.52141231e-02,-1.86284066e-02,-1.59551020e+01,0.00000000e+00,1.67425729e-01,2.59821698e-02,1.64077215e+02,2.54625264e+01
2.52800000e+00,-1.41857768e-02,-5.98940680e-02,4.51711761e-02,-2.41600967e-02,-1.59551020e+01,0.00000000e+00,1.69732910e-01,2.69465738e-02,1.66338252e+02,2.64076423e+01
2.53000000e+00,-1.43151815e-02,-6.95379909e-02,4.51182508e-02,-2.85396719e-02,-1.59551020e+01,0.00000000e+00,1.72201396e-01,2.83267327e-02,1.68757368e+02,2.77601980e+01
2.53200000e+00,-1.44639462e-02,-7.92081149e-02,4.50573714e-02,-3.23883647e-02,-1.59551020e+01,0.00000000e+00,1.71520020e-01,2.79754770e-02,1.68089619e+02,2.74159675e+01
2.53400000e+00,-1.46318522e-02,-8.86357234e-02,4.49881188e-02,-3.71047784e-02,-1.59551020e+01,0.00000000e+00,1.67866379e-01,2.64082799e-02,1.64509052e+02,2.58801143e+01
2.53600000e+00,-1.48183660e-02,-9.78787018e-02,4.49086834e-02,-4.22244313e-02,-1.59551020e+01,0.00000000e+00,1.68690540e-01,2.70177313e-02,1.65316730e+02,2.64773767e+01
2.53800000e+00,-1.50233819e-02,-1.07143932e-01,4.48196153e-02,-4.67528049e-02,-1.59551020e+01,0.00000000e+00,1.70022162e-01,2.75240214e-02,1.66621718e+02,2.69735409e+01
2.54000000e+00,-1.52468919e-02,-1.16334325e-01,4.47217163e-02,-5.12150452e-02,-1.59551020e+01,0.00000000e+00,1.68728724e-01,2.70184825e-02,1.65354150e+02,2.64781129e+01
2.54200000e+00,-1.54886303e-02,-1.25391369e-01,4.46147076e-02,-5.57486742e-02,-1.59551020e+01,0.00000000e+00,1.68842488e-01,2.72231756e-02,1.65465638e+02,2.66787121e+01
2.54400000e+00,-1.57483980e-02,-1.34359458e-01,4.44985619e-02,-6.05218382e-02,-1.59551020e+01,0.00000000e+00,1.68733981e-01,2.63516731e-02,1.65359301e+02,2.58246396e+01
2.54600000e+00,-1.60259290e-02,-1.43118928e-01,4.43722364e-02,-6.58707053e-02,-1.59551020e+01,0.00000000e+00,1.66197185e-01,2.58364648e-02,1.62873242e+02,2.53197355e+01
2.54800000e+00,-1.63207861e-02,-1.51746935e-01,4.42352267e-02,-7.09980733e-02,-1.59551020e+01,0.00000000e+00,1.68033863e-01,2.66230223e-02,1.64673186e+02,2.60905619e+01
2.55000000e+00,-1.66329867e-02,-1.60479868e-01,4.40891180e-02,-7.48146837e-02,-1.59551020e+01,0.00000000e+00,1.71162078e-01,2.83806988e-02,1.67738837e+02,2.78130848e+01
2.55200000e+00,-1.69626943e-02,-1.69195936e-01,4.39364769e-02,-7.78680659e-02,-1.59551020e+01,0.00000000e+00,1.70295543e-01,2.80082097e-02,1.66889633e+02,2.74480455e+01
2.55400000e+00,-1.73095543e-02,-1.77587708e-01,4.37770721e-02,-8.17818545e-02,-1.59551020e+01,0.00000000e+00,1.66381109e-01,2.63484810e-02,1.63053487e+02,2.58215114e+01
2.55600000e+00,-1.76728834e-02,-1.85736885e-01,4.36091446e-02,-8.60029758e-02,-1.59551020e+01,0.00000000e+00,1.67559393e-01,2.71250026e-02,1.64208205e+02,2.65825025e+01
2.55800000e+00,-1.80524842e-02,-1.93859599e-01,4.34335395e-02,-8.95051755e-02,-1.59551020e+01,0.00000000e+00,1.68828341e-01,2.76081031e-02,1.65451774e+02,2.70559410e+01
2.56000000e+00,-1.84482200e-02,-2.01829509e-01,4.32511683e-02,-9.29406890e-02,-1.59551020e+01,0.00000000e+00,1.67186563e-01,2.70058185e-02,1.63842831e+02,2.64657022e+01
2.56200000e+00,-1.88596664e-02,-2.09595755e-01,4.30617726e-02,-9.63824380e-02,-1.59551020e+01,0.00000000e+00,1.67396216e-01,2.73258840e-02,1.64048292e+02,2.67793664e+01
2.56400000e+00,-1.92865373e-02,-2.17263540e-01,4.28656262e-02,-9.98426416e-02,-1.59551020e+01,0.00000000e+00,1.68339107e-01,2.66882531e-02,1.64972325e+02,2.61544881e+01
2.56600000e+00,-1.97285463e-02,-2.24669970e-01,4.26620535e-02,-1.03825651e-01,-1.59551020e+01,0.00000000e+00,1.64866736e-01,2.59392830e-02,1.61569401e+02,2.54204973e+01
2.56800000e+00,-2.01850632e-02,-2.31845414e-01,4.24504524e-02,-1.07615590e-01,-1.59551020e+01,0.00000000e+00,1.66638931e-01,2.67928315e-02,1.63306153e+02,2.62569749e+01
2.57000000e+00,-2.06559595e-02,-2.39068210e-01,4.22325146e-02,-1.10020409e-01,-1.59551020e+01,0.00000000e+00,1.69787891e-01,2.85364188e-02,1.66392133e+02,2.79656904e+01
2.57200000e+00,-2.11412704e-02,-2.46192552e-01,4.20108213e-02,-1.11749405e-01,-1.59551020e+01,0.00000000e+00,1.68270768e-01,2.78953547e-02,1.64905353e+02,2.73374476e+01
2.57400000e+00,-2.16404721e-02,-2.52930446e-01,4.17849702e-02,-1.14298453e-01,-1.59551020e+01,0.00000000e+00,1.64804894e-01,2.64934423e-02,1.61508796e+02,2.59635734e+01
2.57600000e+00,-2.21528106e-02,-2.59395984e-01,4.15535438e-02,-1.16973012e-01,-1.59551020e+01,0.00000000e+00,1.66062462e-01,2.73024537e-02,1.62741212e+02,2.67564046e+01
2.57800000e+00,-2.26779877e-02,-2.65759051e-01,4.13175147e-02,-1.18992888e-01,-1.59551020e+01,0.00000000e+00,1.66671532e-01,2.75312896e-02,1.63338101e+02,2.69806638e+01
2.58000000e+00,-2.32156828e-02,-2.71876038e-01,4.10775341e-02,-1.21070086e-01,-1.59551020e+01,0.00000000e+00,1.64676340e-01,2.68401177e-02,1.61382813e+02,2.63033153e+01
2.58200000e+00,-2.37653201e-02,-2.77735439e-01,4.08332643e-02,-1.23102414e-01,-1.59551020e+01,0.00000000e+00,1.65115238e-01,2.72773852e-02,1.61812933e+02,2.67318375e+01
2.58400000e+00,-2.43265725e-02,-2.83516798e-01,4.05853207e-02,-1.24840301e-01,-1.59551020e+01,0.00000000e+00,1.67410775e-01,2.71046555e-02,1.64062559e+02,2.65625624e+01
2.58600000e+00,-2.48991920e-02,-2.89005241e-01,4.03336303e-02,-1.26987213e-01,-1.59551020e+01,0.00000000e+00,1.62922222e-01,2.60601020e-02,1.59663777e+02,2.55388999e+01
2.58800000e+00,-2.54823822e-02,-2.94176768e-01,4.00774383e-02,-1.29034588e-01,-1.59551020e+01,0.00000000e+00,1.64744875e-01,2.69485019e-02,1.61449977e+02,2.64095318e+01
2.59000000e+00,-2.60758994e-02,-2.99348679e-01,3.98184074e-02,-1.29709027e-01,-1.59551020e+01,0.00000000e+00,1.67755144e-01,2.85722433e-02,1.64400041e+02,2.80007984e+01
2.59200000e+00,-2.66796744e-02,-3.04366909e-01,3.95590056e-02,-1.29778323e-01,-1.59551020e+01,0.00000000e+00,1.66061808e-01,2.78481179e-02,1.62740572e+02,2.72911556e+01
2.59400000e+00,-2.72930964e-02,-3.08979305e-01,3.92988447e-02,-1.30521674e-01,-1.59551020e+01,0.00000000e+00,1.63260283e-01,2.67859899e-02,1.59995077e+02,2.62502701e+01
2.59600000e+00,-2.79154047e-02,-3.13311278e-01,3.90369718e-02,-1.31185673e-01,-1.59551020e+01,0.00000000e+00,1.64571372e-01,2.76409103e-02,1.61279945e+02,2.70880921e+01
2.59800000e+00,-2.85462309e-02,-3.17477259e-01,3.87744590e-02,-1.31314134e-01,-1.59551020e+01,0.00000000e+00,1.64513942e-01,2.75351263e-02,1.61223663e+02,2.69844238e+01
2.60000000e+00,-2.91851052e-02,-3.21330504e-01,3.85115972e-02,-1.31619651e-01,-1.59551020e+01,0.00000000e+00,1.62462867e-01,2.68938482e-02,1.59213610e+02,2.63559712e+01
2.60200000e+00,-2.98313749e-02,-3.24916804e-01,3.82481186e-02,-1.31717947e-01,-1.59551020e+01,0.00000000e+00,1.63537090e-01,2.75937812e-02,1.60266349e+02,2.70419056e+01
2.60400000e+00,-3.04847426e-02,-3.28458299e-01,3.79850846e-02,-1.31277495e-01,-1.59551020e+01,0.00000000e+00,1.66735057e-01,2.76487549e-02,1.63400356e+02,2.70957798e+01
2.60600000e+00,-3.11449815e-02,-3.31659884e-01,3.77226713e-02,-1.31342940e-01,-1.59551020e+01,0.00000000e+00,1.60970463e-01,2.61569704e-02,1.57751054e+02,2.56338310e+01
2.60800000e+00,-3.18111381e-02,-3.34495468e-01,3.74597562e-02,-1.31343541e-01,-1.59551020e+01,0.00000000e+00,1.63609003e-01,2.74093605e-02,1.60336823e+02,2.68611733e+01
2.61000000e+00,-3.24829437e-02,-3.37301597e-01,3.71981784e-02,-1.30022394e-01,-1.59551020e+01,0.00000000e+00,1.65754834e-01,2.85571879e-02,1.62439737e+02,2.79860442e+01
2.61200000e+00,-3.31601977e-02,-3.39887660e-01,3.69399190e-02,-1.28322644e-01,-1.59551020e+01,0.00000000e+00,1.63984416e-01,2.78343773e-02,1.60704727e+02,2.72776897e+01
2.61400000e+00,-3.38422292e-02,-3.42076060e-01,3.66845577e-02,-1.27118090e-01,-1.59551020e+01,0.00000000e+00,1.62020907e-01,2.71524443e-02,1.58780489e+02,2.66093954e+01
2.61600000e+00,-3.45283272e-02,-3.44002248e-01,3.64316008e-02,-1.25682323e-01,-1.59551020e+01,0.00000000e+00,1.63450066e-01,2.79578062e-02,1.60181065e+02,2.73986501e+01
2.61800000e+00,-3.52180834e-02,-3.45696130e-01,3.61820071e-02,-1.23978435e-01,-1.59551020e+01,0.00000000e+00,1.62216052e-01,2.73579432e-02,1.58971731e+02,2.68107844e+01
2.62000000e+00,-3.59109117e-02,-3.47090058e-01,3.59356741e-02,-1.22294073e-01,-1.59551020e+01,0.00000000e+00,1.62090806e-01,2.75642566e-02,1.58848989e+02,2.70129715e+01
2.62200000e+00,-3.66062844e-02,-3.48245202e-01,3.56931015e-02,-1.20203778e-01,-1.59551020e+01,0.00000000e+00,1.62307965e-01,2.78626393e-02,1.59061805e+02,2.73053865e+01
2.62400000e+00,-3.73038327e-02,-3.49310672e-01,3.54551214e-02,-1.17719895e-01,-1.59551020e+01,0.00000000e+00,1.65685313e-01,2.80494379e-02,1.62371606e+02,2.74884491e+01
2.62600000e+00,-3.80033183e-02,-3.50063067e-01,3.52220165e-02,-1.15544091e-01,-1.59551020e+01,0.00000000e+00,1.60698776e-01,2.68820195e-02,1.57484801e+02,2.63443791e+01
2.62800000e+00,-3.87038278e-02,-3.50429729e-01,3.49929306e-02,-1.13389925e-01,-1.59551020e+01,0.00000000e+00,1.62388645e-01,2.76759392e-02,1.59140872e+02,2.71224205e+01
2.63000000e+00,-3.94049461e-02,-3.50659629e-01,3.47689904e-02,-1.10435377e-01,-1.59551020e+01,0.00000000e+00,1.63225391e-01,2.82409463e-02,1.59960883e+02,2.76761274e+01
2.63200000e+00,-4.01062935e-02,-3.50630321e-01,3.45513195e-02,-1.07285253e-01,-1.59551020e+01,0.00000000e+00,1.62056794e-01,2.77741914e-02,1.58815658e+02,2.72187075e+01
2.63400000e+00,-4.08072564e-02,-3.50284594e-01,3.43397560e-02,-1.04275188e-01,-1.59551020e+01,0.00000000e+00,1.61554877e-01,2.76435011e-02,1.58323780e+02,2.70906310e+01
2.63600000e+00,-4.15072966e-02,-3.49735929e-01,3.41345166e-02,-1.00818332e-01,-1.59551020e+01,0.00000000e+00,1.63031433e-01,2.84174545e-02,1.59770804e+02,2.78491054e+01
2.63800000e+00,-4.22060403e-02,-3.48947567e-01,3.39366171e-02,-9.71598269e-02,-1.59551020e+01,0.00000000e+00,1.61660805e-01,2.77825241e-02,1.58427589e+02,2.72268736e+01
2.64000000e+00,-4.29028632e-02,-3.47823736e-01,3.37457015e-02,-9.37650677e-02,-1.59551020e+01,0.00000000e+00,1.60885154e-01,2.75897258e-02,1.57667451e+02,2.70379313e+01
2.64200000e+00,-4.35971697e-02,-3.46451524e-01,3.35617221e-02,-9.01224344e-02,-1.59551020e+01,0.00000000e+00,1.61530071e-01,2.80385351e-02,1.58299469e+02,2.74777644e+01
2.64400000e+00,-4.42886123e-02,-3.44993792e-01,3.33855616e-02,-8.59551106e-02,-1.59551020e+01,0.00000000e+00,1.64537158e-01,2.84377269e-02,1.61246415e+02,2.78689724e+01
2.64600000e+00,-4.49769604e-02,-3.43259395e-01,3.32177586e-02,-8.20023952e-02,-1.59551020e+01,0.00000000e+00,1.60691025e-01,2.73466769e-02,1.57477205e+02,2.67997434e+01
2.64800000e+00,-4.56614272e-02,-3.41190967e-01,3.30575201e-02,-7.80975875e-02,-1.59551020e+01,0.00000000e+00,1.62327568e-01,2.81067191e-02,1.59081017e+02,2.75445848e+01
2.65000000e+00,-4.63416225e-02,-3.38969933e-01,3.29057576e-02,-7.36088427e-02,-1.59551020e+01,0.00000000e+00,1.62686599e-01,2.83537488e-02,1.59432867e+02,2.77866739e+01
2.65200000e+00,-4.70171305e-02,-3.36484321e-01,3.27631022e-02,-6.90938630e-02,-1.59551020e+01,0.00000000e+00,1.61669336e-01,2.79561306e-02,1.58435949e+02,2.73970080e+01
2.65400000e+00,-4.76873744e-02,-3.33720591e-01,3.26293326e-02,-6.46530981e-02,-1.59551020e+01,0.00000000e+00,1.61670236e-01,2.80050694e-02,1.58436832e+02,2.74449680e+01
2.65600000e+00,-4.83518608e-02,-3.30728694e-01,3.25045897e-02,-6.00624344e-02,-1.59551020e+01,0.00000000e+00,1.61774122e-01,2.80907015e-02,1.58538639e+02,2.75288875e+01
2.65800000e+00,-4.90101201e-02,-3.27483334e-01,3.23890752e-02,-5.54832932e-02,-1.59551020e+01,0.00000000e+00,1.61134065e-01,2.78139812e-02,1.57911384e+02,2.72577016e+01
2.66000000e+00,-4.96616077e-02,-3.23958386e-01,3.22825581e-02,-5.10518820e-02,-1.59551020e+01,0.00000000e+00,1.60573353e-01,2.76266324e-02,1.57361885e+02,2.70740998e+01
2.66200000e+00,-5.03058169e-02,-3.20228297e-01,3.21850302e-02,-4.63767720e-02,-1.59551020e+01,0.00000000e+00,1.61614449e-01,2.81843122e-02,1.58382160e+02,2.76206260e+01
2.66400000e+00,-5.09424354e-02,-3.16370050e-01,3.20973365e-02,-4.12734945e-02,-1.59551020e+01,0.00000000e+00,1.62791201e-01,2.83980148e-02,1.59535377e+02,2.78300545e+01
2.66600000e+00,-5.15711449e-02,-3.12283526e-01,3.20198544e-02,-3.62928480e-02,-1.59551020e+01,0.00000000e+00,1.61428994e-01,2.78141536e-02,1.58200415e+02,2.72578705e+01
2.66800000e+00,-5.21914155e-02,-3.07965982e-01,3.19521426e-02,-3.13459294e-02,-1.59551020e+01,0.00000000e+00,1.62473837e-01,2.82284990e-02,1.59224361e+02,2.76639291e+01
2.67000000e+00,-5.28029073e-02,-3.03496057e-01,3.18946793e-02,-2.60861896e-02,-1.59551020e+01,0.00000000e+00,1.62878173e-01,2.83865415e-02,1.59620609e+02,2.78188107e+01
2.67200000e+00,-5.34052639e-02,-2.98822366e-01,3.18478407e-02,-2.07621888e-02,-1.59551020e+01,0.00000000e+00,1.62648453e-01,2.82942934e-02,1.59395484e+02,2.77284075e+01
2.67400000e+00,-5.39980556e-02,-2.93936959e-01,3.18116031e-02,-1.54793400e-02,-1.59551020e+01,0.00000000e+00,1.62789879e-01,2.82462378e-02,1.59534081e+02,2.76813131e+01
2.67600000e+00,-5.45808863e-02,-2.88863373e-01,3.17859628e-02,-1.01372089e-02,-1.59551020e+01,0.00000000e+00,1.63029572e-01,2.83799271e-02,1.59768981e+02,2.78123285e+01
2.67800000e+00,-5.51533851e-02,-2.83603805e-01,3.17711122e-02,-4.70823051e-03,-1.59551020e+01,0.00000000e+00,1.63138780e-01,2.84051014e-02,1.59876005e+02,2.78369994e+01
2.68000000e+00,-5.57151719e-02,-2.78149805e-01,3.17671397e-02,7.35364449e-04,-1.59551020e+01,0.00000000e+00,1.63094367e-01,2.84027103e-02,1.59832480e+02,2.78346561e+01
2.68200000e+00,-5.62658776e-02,-2.72535776e-01,3.17741335e-02,6.29878129e-03,-1.59551020e+01,0.00000000e+00,1.63917700e-01,2.86643446e-02,1.60639346e+02,2.80910577e+01
2.68400000e+00,-5.68051476e-02,-2.66670755e-01,3.17922420e-02,1.17230877e-02,-1.59551020e+01,0.00000000e+00,1.61655250e-01,2.81343372e-02,1.58422145e+02,2.75716504e+01
2.68600000e+00,-5.73324564e-02,-2.60649392e-01,3.18210087e-02,1.71217012e-02,-1.59551020e+01,0.00000000e+00,1.64593576e-01,2.86493390e-02,1.61301704e+02,2.80763522e+01
2.68800000e+00,-5.78476920e-02,-2.54548188e-01,3.18607907e-02,2.26131891e-02,-1.59551020e+01,0.00000000e+00,1.64020327e-01,2.83838513e-02,1.60739920e+02,2.78161743e+01
2.69000000e+00,-5.83505098e-02,-2.48238023e-01,3.19112969e-02,2.78577938e-02,-1.59551020e+01,0.00000000e+00,1.63840967e-01,2.82011275e-02,1.60564148e+02,2.76371050e+01
2.69200000e+00,-5.88405569e-02,-2.41797106e-01,3.19722817e-02,3.31920293e-02,-1.59551020e+01,0.00000000e+00,1.64991629e-01,2.86569569e-02,1.61691797e+02,2.80838178e+01
2.69400000e+00,-5.93176298e-02,-2.35253532e-01,3.20441847e-02,3.87057810e-02,-1.59551020e+01,0.00000000e+00,1.65363241e-01,2.86783982e-02,1.62055976e+02,2.81048302e+01
2.69600000e+00,-5.97814670e-02,-2.28553943e-01,3.21270016e-02,4.40647068e-02,-1.59551020e+01,0.00000000e+00,1.65159633e-01,2.84480807e-02,1.61856441e+02,2.78791191e+01
2.69800000e+00,-6.02317500e-02,-2.21710989e-01,3.22204175e-02,4.93846275e-02,-1.59551020e+01,0.00000000e+00,1.65716802e-01,2.87278199e-02,1.62402466e+02,2.81532635e+01
2.70000000e+00,-6.06682216e-02,-2.14734053e-01,3.23245317e-02,5.46919450e-02,-1.59551020e+01,0.00000000e+00,1.65620235e-01,2.85681798e-02,1.62307830e+02,2.79968162e+01
2.70200000e+00,-6.10905827e-02,-2.07601839e-01,3.24390332e-02,5.97711967e-02,-1.59551020e+01,0.00000000e+00,1.65565230e-01,2.84105940e-02,1.62253925e+02,2.78423822e+01
2.70400000e+00,-6.14983394e-02,-2.00035354e-01,3.25630583e-02,6.40133736e-02,-1.59551020e+01,0.00000000e+00,1.58831485e-01,2.69865078e-02,1.55654856e+02,2.64467776e+01
2.70600000e+00,-6.18907059e-02,-1.92441610e-01,3.26952839e-02,6.85511590e-02,-1.59551020e+01,0.00000000e+00,1.68162706e-01,2.92182564e-02,1.64799452e+02,2.86338913e+01
2.70800000e+00,-6.22682475e-02,-1.85060298e-01,3.28377048e-02,7.37516651e-02,-1.59551020e+01,0.00000000e+00,1.66907377e-01,2.85788470e-02,1.63569230e+02,2.80072701e+01
2.71000000e+00,-6.26308451e-02,-1.77525912e-01,3.29900271e-02,7.85570565e-02,-1.59551020e+01,0.00000000e+00,1.67576474e-01,2.86045466e-02,1.64224944e+02,2.80324556e+01
2.71200000e+00,-6.29783072e-02,-1.69925550e-01,3.31519343e-02,8.33643531e-02,-1.59551020e+01,0.00000000e+00,1.68233103e-01,2.88121856e-02,1.64868441e+02,2.82359419e+01
2.71400000e+00,-6.33105229e-02,-1.62288573e-01,3.33235934e-02,8.83349699e-02,-1.59551020e+01,0.00000000e+00,1.69463979e-01,2.91905708e-02,1.66074700e+02,2.86067594e+01
2.71600000e+00,-6.36274260e-02,-1.54598468e-01,3.35052542e-02,9.32755648e-02,-1.59551020e+01,0.00000000e+00,1.69609954e-01,2.90066479e-02,1.66217755e+02,2.84265150e+01
2.71800000e+00,-6.39288681e-02,-1.46835365e-01,3.36966228e-02,9.81069164e-02,-1.59551020e+01,0.00000000e+00,1.70250615e-01,2.92326864e-02,1.66845603e+02,2.86480326e+01
2.72000000e+00,-6.42147760e-02,-1.39084980e-01,3.38978520e-02,1.03193512e-01,-1.59551020e+01,0.00000000e+00,1.72272752e-01,2.98278287e-02,1.68827297e+02,2.92312721e+01
2.72200000e+00,-6.44851712e-02,-1.31279365e-01,3.41092823e-02,1.08108195e-01,-1.59551020e+01,0.00000000e+00,1.71199099e-01,2.91718259e-02,1.67775117e+02,2.85883894e+01
2.72400000e+00,-6.47395626e-02,-1.22977492e-01,3.43295554e-02,1.11928988e-01,-1.59551020e+01,0.00000000e+00,1.62786506e-01,2.78447726e-02,1.59530775e+02,2.72878772e+01
2.72600000e+00,-6.49771766e-02,-1.14818807e-01,3.45575217e-02,1.16534896e-01,-1.59551020e+01,0.00000000e+00,1.76518772e-01,3.11437737e-02,1.72988397e+02,3.05208982e+01
2.72800000e+00,-6.51990875e-02,-1.07034581e-01,3.47961971e-02,1.21893969e-01,-1.59551020e+01,0.00000000e+00,1.73379689e-01,2.97643409e-02,1.69912095e+02,2.91690541e+01
2.73000000e+00,-6.54051944e-02,-9.90695133e-02,3.50445824e-02,1.26480259e-01,-1.59551020e+01,0.00000000e+00,1.74007968e-01,2.98746637e-02,1.70527808e+02,2.92771704e+01
2.73200000e+00,-6.55953899e-02,-9.11410830e-02,3.53022157e-02,1.31212826e-01,-1.59551020e+01,0.00000000e+00,1.75820853e-01,3.04375163e-02,1.72304436e+02,2.98287660e+01
2.73400000e+00,-6.57697933e-02,-8.32645641e-02,3.55695388e-02,1.36103075e-01,-1.59551020e+01,0.00000000e+00,1.76676860e-01,3.05855288e-02,1.73143323e+02,2.99738182e+01
2.73600000e+00,-6.59283845e-02,-7.52925412e-02,3.58461954e-02,1.40344546e-01,-1.59551020e+01,0.00000000e+00,1.74916198e-01,2.94691376e-02,1.71417874e+02,2.88797548e+01
2.73800000e+00,-6.60708921e-02,-6.72134712e-02,3.61304615e-02,1.43902767e-01,-1.59551020e+01,0.00000000e+00,1.75371750e-01,2.95560205e-02,1.71864315e+02,2.89649001e+01
2.74000000e+00,-6.61972421e-02,-5.91399670e-02,3.64217090e-02,1.47314751e-01,-1.59551020e+01,0.00000000e+00,1.76110654e-01,2.95768487e-02,1.72588441e+02,2.89853117e+01
2.74200000e+00,-6.63074313e-02,-5.10355173e-02,3.67194766e-02,1.50361058e-01,-1.59551020e+01,0.00000000e+00,1.75581162e-01,2.92125662e-02,1.72069539e+02,2.86283149e+01
2.74400000e+00,-6.64009811e-02,-4.23265484e-02,3.70220856e-02,1.51806116e-01,-1.59551020e+01,0.00000000e+00,1.62783095e-01,2.66473518e-02,1.59527433e+02,2.61144048e+01
2.74600000e+00,-6.64768234e-02,-3.37463316e-02,3.73270238e-02,1.53734955e-01,-1.59551020e+01,0.00000000e+00,1.79244842e-01,3.06631095e-02,1.75659945e+02,3.00498473e+01
2.74800000e+00,-6.65363188e-02,-2.56946548e-02,3.76376201e-02,1.56555843e-01,-1.59551020e+01,0.00000000e+00,1.75651990e-01,2.89621963e-02,1.72138950e+02,2.83829523e+01
2.75000000e+00,-6.65794874e-02,-1.74710831e-02,3.79524405e-02,1.58166951e-01,-1.59551020e+01,0.00000000e+00,1.75614066e-01,2.85728252e-02,1.72101785e+02,2.80013687e+01
2.75200000e+00,-6.66062382e-02,-9.30008695e-03,3.82702450e-02,1.59713757e-01,-1.59551020e+01,0.00000000e+00,1.77132348e-01,2.92806347e-02,1.73589701e+02,2.86950220e+01
2.75400000e+00,-6.66167968e-02,-1.29260785e-03,3.85916452e-02,1.61784886e-01,-1.59551020e+01,0.00000000e+00,1.79554042e-01,3.01317153e-02,1.75962961e+02,2.95290810e+01
2.75600000e+00,-6.66114321e-02,6.67966467e-03,3.89171614e-02,1.63521379e-01,-1.59551020e+01,0.00000000e+00,1.77943688e-01,2.90424624e-02,1.74384814e+02,2.84616131e+01
2.75800000e+00,-6.65900706e-02,1.46632145e-02,3.92453603e-02,1.64702386e-01,-1.59551020e+01,0.00000000e+00,1.79148803e-01,2.94341332e-02,1.75565827e+02,2.88454506e+01
2.76000000e+00,-6.65528658e-02,2.25169948e-02,3.95760971e-02,1.66072581e-01,-1.59551020e+01,0.00000000e+00,1.80704500e-01,2.99115061e-02,1.77090410e+02,2.93132760e+01
2.76200000e+00,-6.65000412e-02,3.03128226e-02,3.99094481e-02,1.67139078e-01,-1.59551020e+01,0.00000000e+00,1.80103578e-01,2.92723947e-02,1.76501506e+02,2.86869468e+01
2.76400000e+00,-6.64312205e-02,3.86995915e-02,4.02434744e-02,1.66437243e-01,-1.59551020e+01,0.00000000e+00,1.66367424e-01,2.66770564e-02,1.63040075e+02,2.61435153e+01
2.76600000e+00,-6.63454228e-02,4.68165795e-02,4.05758945e-02,1.66781273e-01,-1.59551020e+01,0.00000000e+00,1.85741529e-01,3.19427389e-02,1.82026698e+02,3.13038841e+01
2.76800000e+00,-6.62443525e-02,5.43360976e-02,4.09111804e-02,1.67996687e-01,-1.59551020e+01,0.00000000e+00,1.79534004e-01,2.89843700e-02,1.75943324e+02,2.84046826e+01
2.77000000e+00,-6.61279579e-02,6.20363056e-02,4.12468456e-02,1.67658759e-01,-1.59551020e+01,0.00000000e+00,1.80600645e-01,2.91619257e-02,1.76988632e+02,2.85786872e+01
2.77200000e+00,-6.59963077e-02,6.95859346e-02,4.15818135e-02,1.67318051e-01,-1.59551020e+01,0.00000000e+00,1.82008867e-01,2.94572040e-02,1.78368690e+02,2.88680599e+01
2.77400000e+00,-6.58497511e-02,7.69301509e-02,4.19163520e-02,1.67328475e-01,-1.59551020e+01,0.00000000e+00,1.84234360e-01,3.03769039e-02,1.80549672e+02,2.97693658e+01
2.77600000e+00,-6.56886235e-02,8.42197463e-02,4.22508824e-02,1.66971500e-01,-1.59551020e+01,0.00000000e+00,1.81999546e-01,2.91639867e-02,1.78359555e+02,2.85807070e+01
2.77800000e+00,-6.55129108e-02,9.14513569e-02,4.25839496e-02,1.66181989e-01,-1.59551020e+01,0.00000000e+00,1.84184606e-01,2.99451767e-02,1.80500914e+02,2.93462732e+01
2.78000000e+00,-6.53229192e-02,9.85312645e-02,4.29155465e-02,1.65296718e-01,-1.59551020e+01,0.00000000e+00,1.84022427e-01,2.94370093e-02,1.80341978e+02,2.88482691e+01
2.78200000e+00,-6.51188043e-02,1.05583333e-01,4.32446602e-02,1.63697054e-01,-1.59551020e+01,0.00000000e+00,1.83197672e-01,2.89164317e-02,1.79533719e+02,2.83381031e+01
2.78400000e+00,-6.49001613e-02,1.13272235e-01,4.35690929e-02,1.60234882e-01,-1.59551020e+01,0.00000000e+00,1.67386995e-01,2.59922854e-02,1.64039255e+02,2.54724397e+01
2.78600000e+00,-6.46659448e-02,1.20617010e-01,4.38863801e-02,1.57943080e-01,-1.59551020e+01,0.00000000e+00,1.89358344e-01,3.18276065e-02,1.85571178e+02,3.11910543e+01
2.78800000e+00,-6.44181434e-02,1.27286624e-01,4.42014736e-02,1.56563845e-01,-1.59551020e+01,0.00000000e+00,1.81167657e-01,2.83582226e-02,1.77544304e+02,2.77910581e+01
2.79000000e+00,-6.41566367e-02,1.34198599e-01,4.45113288e-02,1.53224735e-01,-1.59551020e+01,0.00000000e+00,1.81588559e-01,2.81578128e-02,1.77956788e+02,2.75946566e+01
2.79200000e+00,-6.38814629e-02,1.40939729e-01,4.48142787e-02,1.49744949e-01,-1.59551020e+01,0.00000000e+00,1.82941202e-01,2.84971570e-02,1.79282378e+02,2.79272138e+01
2.79400000e+00,-6.35930864e-02,1.47368003e-01,4.51107781e-02,1.46969217e-01,-1.59551020e+01,0.00000000e+00,1.86571593e-01,3.00604140e-02,1.82840162e+02,2.94592058e+01
2.79600000e+00,-6.32921013e-02,1.53630580e-01,4.54020498e-02,1.44034825e-01,-1.59551020e+01,0.00000000e+00,1.84381584e-01,2.85813186e-02,1.80693952e+02,2.80096922e+01
2.79800000e+00,-6.29786408e-02,1.59778096e-01,4.56866748e-02,1.40736536e-01,-1.59551020e+01,0.00000000e+00,1.86726726e-01,2.97046081e-02,1.82992191e+02,2.91105159e+01
2.80000000e+00,-6.26531581e-02,1.65671968e-01,4.59652417e-02,1.37806873e-01,-1.59551020e+01,0.00000000e+00,1.87675740e-01,2.97542063e-02,1.83922225e+02,2.91591222e+01
2.80200000e+00,-6.23160007e-02,1.71494226e-01,4.62374587e-02,1.34211979e-01,-1.59551020e+01,0.00000000e+00,1.85671582e-01,2.86985513e-02,1.81958151e+02,2.81245803e+01
2.80400000e+00,-6.19667450e-02,1.77970624e-01,4.65006993e-02,1.28531884e-01,-1.59551020e+01,0.00000000e+00,1.69564736e-01,2.57555430e-02,1.66173442e+02,2.52404322e+01
2.80600000e+00,-6.16043669e-02,1.84073939e-01,4.67523691e-02,1.24025728e-01,-1.59551020e+01,0.00000000e+00,1.91457614e-01,3.15243795e-02,1.87628462e+02,3.08938919e+01
2.80800000e+00,-6.12309934e-02,1.89361113e-01,4.69977254e-02,1.20904425e-01,-1.59551020e+01,0.00000000e+00,1.85609187e-01,2.90139604e-02,1.81897003e+02,2.84336812e+01
2.81000000e+00,-6.08468788e-02,1.94713795e-01,4.72351627e-02,1.16547144e-01,-1.59551020e+01,0.00000000e+00,1.86813245e-01,2.92710405e-02,1.83076980e+02,2.86856197e+01
2.81200000e+00,-6.04522982e-02,1.99826491e-01,4.74639844e-02,1.12295511e-01,-1.59551020e+01,0.00000000e+00,1.88016977e-01,2.95643493e-02,1.84256638e+02,2.89730623e+01
2.81400000e+00,-6.00477719e-02,2.04640517e-01,4.76847065e-02,1.08586349e-01,-1.59551020e+01,0.00000000e+00,1.90510010e-01,3.07265815e-02,1.86699810e+02,3.01120499e+01
2.81600000e+00,-5.96338086e-02,2.09345860e-01,4.78980318e-02,1.04430240e-01,-1.59551020e+01,0.00000000e+00,1.87196431e-01,2.89325304e-02,1.83452502e+02,2.83538798e+01
2.81800000e+00,-5.92104264e-02,2.13994419e-01,4.81019024e-02,9.94866660e-02,-1.59551020e+01,0.00000000e+00,1.88399867e-01,2.93669699e-02,1.84631870e+02,2.87796306e+01
2.82000000e+00,-5.87780138e-02,2.18368671e-01,4.82961757e-02,9.48389531e-02,-1.59551020e+01,0.00000000e+00,1.90094421e-01,2.98329956e-02,1.86292532e+02,2.92363356e+01
2.82200000e+00,-5.83370752e-02,2.22557632e-01,4.84811332e-02,9.00036733e-02,-1.59551020e+01,0.00000000e+00,1.89147278e-01,2.92394184e-02,1.85364332e+02,2.86546300e+01
2.82400000e+00,-5.78872992e-02,2.27472585e-01,4.86545728e-02,8.27422886e-02,-1.59551020e+01,0.00000000e+00,1.69477267e-01,2.49910495e-02,1.66087722e+02,2.44912285e+01
2.82600000e+00,-5.74273891e-02,2.32081235e-01,4.88126269e-02,7.62674618e-02,-1.59551020e+01,0.00000000e+00,1.92570687e-01,3.11192289e-02,1.88719273e+02,3.04968443e+01
2.82800000e+00,-5.69595379e-02,2.35844453e-01,4.89605939e-02,7.12196378e-02,-1.59551020e+01,0.00000000e+00,1.85428633e-01,2.81995765e-02,1.81720060e+02,2.76355850e+01
2.83000000e+00,-5.64839137e-02,2.39754096e-01,4.90964227e-02,6.45478783e-02,-1.59551020e+01,0.00000000e+00,1.85282538e-01,2.79073251e-02,1.81576887e+02,2.73491786e+01
2.83200000e+00,-5.60006494e-02,2.43472031e-01,4.92187360e-02,5.78019796e-02,-1.59551020e+01,0.00000000e+00,1.85978650e-01,2.82214599e-02,1.82259077e+02,2.76570307e+01
2.83400000e+00,-5.55102820e-02,2.46805305e-01,4.93282711e-02,5.20165616e-02,-1.59551020e+01,0.00000000e+00,1.90282033e-01,3.00823312e-02,1.86476393e+02,2.94806846e+01
2.83600000e+00,-5.50136201e-02,2.49850611e-01,4.94270236e-02,4.65631244e-02,-1.59551020e+01,0.00000000e+00,1.88665763e-01,2.90615183e-02,1.84892448e+02,2.84802880e+01
2.83800000e+00,-5.45109376e-02,2.52808904e-01,4.95141057e-02,4.04829685e-02,-1.59551020e+01,0.00000000e+00,1.88223921e-01,2.88937179e-02,1.84459443e+02,2.83158435e+01
2.84000000e+00,-5.40025097e-02,2.55579395e-01,4.95889371e-02,3.43753145e-02,-1.59551020e+01,0.00000000e+00,1.88915255e-01,2.91132058e-02,1.85136950e+02,2.85309417e+01
2.84200000e+00,-5.34887191e-02,2.58201205e-01,4.96513893e-02,2.79412944e-02,-1.59551020e+01,0.00000000e+00,1.87514731e-01,2.83004631e-02,1.83764436e+02,2.77344539e+01
2.84400000e+00,-5.29692168e-02,2.61555143e-01,4.96989964e-02,1.89488097e-02,-1.59551020e+01,0.00000000e+00,1.67579170e-01,2.38143729e-02,1.64227586e+02,2.33380854e+01
2.84600000e+00,-5.24426946e-02,2.64615035e-01,4.97277301e-02,1.07743185e-02,-1.59551020e+01,0.00000000e+00,1.90101601e-01,3.00622209e-02,1.86299569e+02,2.94609765e+01
2.84800000e+00,-5.19113981e-02,2.66712863e-01,4.97435283e-02,4.75167717e-03,-1.59551020e+01,0.00000000e+00,1.85731365e-01,2.83560251e-02,1.82016738e+02,2.77889046e+01
2.85000000e+00,-5.13758567e-02,2.68790445e-01,4.97462101e-02,-2.06105283e-03,-1.59551020e+01,0.00000000e+00,1.86211578e-01,2.84104390e-02,1.82487346e+02,2.78422302e+01
2.85200000e+00,-5.08364077e-02,2.70610924e-01,4.97354828e-02,-8.57579046e-03,-1.59551020e+01,0.00000000e+00,1.87343132e-01,2.89688828e-02,1.83596269e+02,2.83895052e+01
2.85400000e+00,-5.02936383e-02,2.72093378e-01,4.97124643e-02,-1.42545269e-02,-1.59551020e+01,0.00000000e+00,1.89685878e-01,3.01347179e-02,1.85892160e+02,2.95320235e+01
2.85600000e+00,-4.97481300e-02,2.73432095e-01,4.96783037e-02,-2.01747178e-02,-1.59551020e+01,0.00000000e+00,1.86254142e-01,2.84155751e-02,1.82529059e+02,2.78472636e+01
2.85800000e+00,-4.91999671e-02,2.74685148e-01,4.96313916e-02,-2.66556067e-02,-1.59551020e+01,0.00000000e+00,1.87218123e-01,2.88934736e-02,1.83473760e+02,2.83156041e+01
2.86000000e+00,-4.86495481e-02,2.75700256e-01,4.95718479e-02,-3.28864921e-02,-1.59551020e+01,0.00000000e+00,1.87325354e-01,2.88578143e-02,1.83578847e+02,2.82806580e+01
2.86200000e+00,-4.80972292e-02,2.76620638e-01,4.94995032e-02,-3.96310470e-02,-1.59551020e+01,0.00000000e+00,1.84926639e-01,2.77146132e-02,1.81228106e+02,2.71603209e+01
2.86400000e+00,-4.75426165e-02,2.78214419e-01,4.94116966e-02,-4.88159792e-02,-1.59551020e+01,0.00000000e+00,1.67067932e-01,2.36135085e-02,1.63726573e+02,2.31412384e+01
2.86600000e+00,-4.69845743e-02,2.79504116e-01,4.93048806e-02,-5.70392184e-02,-1.59551020e+01,0.00000000e+00,1.87483448e-01,2.95843622e-02,1.83733779e+02,2.89926750e+01
2.86800000e+00,-4.64252240e-02,2.79857961e-01,4.91850992e-02,-6.29233502e-02,-1.59551020e+01,0.00000000e+00,1.84371568e-01,2.83545100e-02,1.80684137e+02,2.77874198e+01
2.87000000e+00,-4.58651789e-02,2.80157051e-01,4.90528764e-02,-6.92736615e-02,-1.59551020e+01,0.00000000e+00,1.84192468e-01,2.84195634e-02,1.80508619e+02,2.78511722e+01
2.87200000e+00,-4.53047448e-02,2.80232604e-01,4.89081901e-02,-7.53456365e-02,-1.59551020e+01,0.00000000e+00,1.85020548e-01,2.87345495e-02,1.81320137e+02,2.81598585e+01
2.87400000e+00,-4.47443977e-02,2.80084378e-01,4.87516773e-02,-8.11423639e-02,-1.59551020e+01,0.00000000e+00,1.84846857e-01,2.87760950e-02,1.81149920e+02,2.82005731e+01
2.87600000e+00,-4.41844620e-02,2.79854183e-01,4.85833637e-02,-8.73244519e-02,-1.59551020e+01,0.00000000e+00,1.82364079e-01,2.76876896e-02,1.78716797e+02,2.71339358e+01
2.87800000e+00,-4.36250622e-02,2.79502099e-01,4.84022748e-02,-9.36636573e-02,-1.59551020e+01,0.00000000e+00,1.83127305e-01,2.81902357e-02,1.79464759e+02,2.76264309e+01
2.88000000e+00,-4.30666145e-02,2.78908574e-01,4.82090097e-02,-9.95520101e-02,-1.59551020e+01,0.00000000e+00,1.83444888e-01,2.83603604e-02,1.79775990e+02,2.77931531e+01
2.88200000e+00,-4.25095184e-02,2.78179396e-01,4.80039913e-02,-1.05553570e-01,-1.59551020e+01,0.00000000e+00,1.81746482e-01,2.76621445e-02,1.78111552e+02,2.71089016e+01
2.88400000e+00,-4.19535664e-02,2.77945983e-01,4.77854793e-02,-1.13529088e-01,-1.59551020e+01,0.00000000e+00,1.67320141e-01,2.39078811e-02,1.63973738e+02,2.34297234e+01
2.88600000e+00,-4.13978986e-02,2.77466318e-01,4.75503837e-02,-1.20741711e-01,-1.59551020e+01,0.00000000e+00,1.82963742e-01,2.89308932e-02,1.79304467e+02,2.83522753e+01
2.88800000e+00,-4.08442046e-02,2.76231514e-01,4.73039172e-02,-1.25847284e-01,-1.59551020e+01,0.00000000e+00,1.80440733e-01,2.79805193e-02,1.76831919e+02,2.74209089e+01
2.89000000e+00,-4.02930065e-02,2.74945877e-01,4.70467666e-02,-1.31294755e-01,-1.59551020e+01,0.00000000e+00,1.79646840e-01,2.78481192e-02,1.76053903e+02,2.72911569e+01
2.89200000e+00,-3.97445059e-02,2.73532974e-01,4.67787748e-02,-1.36687287e-01,-1.59551020e+01,0.00000000e+00,1.78931372e-01,2.77151955e-02,1.75352744e+02,2.71608916e+01
2.89400000e+00,-3.91989929e-02,2.71942529e-01,4.65002043e-02,-1.41799556e-01,-1.59551020e+01,0.00000000e+00,1.79336012e-01,2.80405557e-02,1.75749292e+02,2.74797446e+01
2.89600000e+00,-3.86568534e-02,2.70175754e-01,4.62117422e-02,-1.46663419e-01,-1.59551020e+01,0.00000000e+00,1.78618979e-01,2.78264951e-02,1.75046599e+02,2.72699652e+01
2.89800000e+00,-3.81183729e-02,2.68284563e-01,4.59135657e-02,-1.51504634e-01,-1.59551020e+01,0.00000000e+00,1.77839903e-01,2.76641072e-02,1.74283105e+02,2.71108251e+01
2.90000000e+00,-3.75838293e-02,2.66222081e-01,4.56059220e-02,-1.56048397e-01,-1.59551020e+01,0.00000000e+00,1.78249700e-01,2.80132457e-02,1.74684706e+02,2.74529808e+01
2.90200000e+00,-3.70535910e-02,2.63999993e-01,4.52895125e-02,-1.60381633e-01,-1.59551020e+01,0.00000000e+00,1.77231985e-01,2.76557527e-02,1.73687345e+02,2.71026377e+01
2.90400000e+00,-3.65277397e-02,2.61912370e-01,4.49638400e-02,-1.65547893e-01,-1.59551020e+01,0.00000000e+00,1.70806190e-01,2.58014852e-02,1.67390066e+02,2.52854555e+01
2.90600000e+00,-3.60060641e-02,2.59640784e-01,4.46276951e-02,-1.70153060e-01,-1.59551020e+01,0.00000000e+00,1.77263353e-01,2.83553397e-02,1.73718085e+02,2.77882329e+01
2.90800000e+00,-3.54894644e-02,2.56937461e-01,4.42841601e-02,-1.73359957e-01,-1.59551020e+01,0.00000000e+00,1.76666670e-01,2.82470100e-02,1.73133337e+02,2.76820698e+01
2.91000000e+00,-3.49784104e-02,2.54089917e-01,4.39344185e-02,-1.76322050e-01,-1.59551020e+01,0.00000000e+00,1.76450004e-01,2.83707877e-02,1.72921004e+02,2.78033719e+01
2.91200000e+00,-3.44731946e-02,2.51107659e-01,4.35790177e-02,-1.79065458e-01,-1.59551020e+01,0.00000000e+00,1.75678291e-01,2.81994367e-02,1.72164725e+02,2.76354479e+01
2.91400000e+00,-3.39740711e-02,2.47988485e-01,4.32183309e-02,-1.81547513e-01,-1.59551020e+01,0.00000000e+00,1.75562257e-01,2.84051482e-02,1.72051012e+02,2.78370452e+01
2.91600000e+00,-3.34813203e-02,2.44749742e-01,4.28529383e-02,-1.83863602e-01,-1.59551020e+01,0.00000000e+00,1.74436688e-01,2.80267450e-02,1.70947954e+02,2.74662101e+01
2.91800000e+00,-3.29951255e-02,2.41430888e-01,4.24828737e-02,-1.86183868e-01,-1.59551020e+01,0.00000000e+00,1.73451804e-01,2.78686721e-02,1.69982768e+02,2.73112986e+01
2.92000000e+00,-3.25156798e-02,2.37987551e-01,4.21083904e-02,-1.88222686e-01,-1.59551020e+01,0.00000000e+00,1.73417742e-01,2.80833930e-02,1.69949387e+02,2.75217251e+01
2.92200000e+00,-3.20432544e-02,2.34425596e-01,4.17301377e-02,-1.90029430e-01,-1.59551020e+01,0.00000000e+00,1.72352576e-01,2.78161708e-02,1.68905525e+02,2.72598474e+01
2.92400000e+00,-3.15780750e-02,2.30717206e-01,4.13483644e-02,-1.91698628e-01,-1.59551020e+01,0.00000000e+00,1.73027152e-01,2.78274117e-02,1.69566609e+02,2.72708635e+01
2.92600000e+00,-3.11204658e-02,2.26888586e-01,4.09635612e-02,-1.93040824e-01,-1.59551020e+01,0.00000000e+00,1.71410845e-01,2.79534045e-02,1.67982628e+02,2.73943364e+01
2.92800000e+00,-3.06705611e-02,2.22999355e-01,4.05764109e-02,-1.94068395e-01,-1.59551020e+01,0.00000000e+00,1.70754981e-01,2.79351743e-02,1.67339882e+02,2.73764708e+01
2.93000000e+00,-3.02285221e-02,2.19029530e-01,4.01874013e-02,-1.94925493e-01,-1.59551020e+01,0.00000000e+00,1.69669454e-01,2.77558545e-02,1.66276065e+02,2.72007374e+01
2.93200000e+00,-2.97944985e-02,2.14976455e-01,3.97968320e-02,-1.95598068e-01,-1.59551020e+01,0.00000000e+00,1.69140813e-01,2.77648259e-02,1.65757996e+02,2.72095294e+01
2.93400000e+00,-2.93686870e-02,2.10817201e-01,3.94052108e-02,-1.95968007e-01,-1.59551020e+01,0.00000000e+00,1.68657647e-01,2.78318047e-02,1.65284494e+02,2.72751686e+01
2.93600000e+00,-2.89512944e-02,2.06560890e-01,3.90131526e-02,-1.96048938e-01,-1.59551020e+01,0.00000000e+00,1.67984167e-01,2.78114179e-02,1.64624484e+02,2.72551895e+01
2.93800000e+00,-2.85425011e-02,2.02218222e-01,3.86211675e-02,-1.95901263e-01,-1.59551020e+01,0.00000000e+00,1.67320840e-01,2.77516256e-02,1.63974423e+02,2.71965931e+01
2.94000000e+00,-2.81424696e-02,1.97803395e-01,3.82296567e-02,-1.95589990e-01,-1.59551020e+01,0.00000000e+00,1.66386772e-01,2.75953901e-02,1.63059036e+02,2.70434823e+01
2.94200000e+00,-2.77513432e-02,1.93304905e-01,3.78389935e-02,-1.94999839e-01,-1.59551020e+01,0.00000000e+00,1.66064687e-01,2.77786893e-02,1.62743393e+02,2.72231155e+01
2.94400000e+00,-2.73695942e-02,1.88290055e-01,3.74506598e-02,-1.92906171e-01,-1.59551020e+01,0.00000000e+00,1.75316578e-01,3.01958334e-02,1.71810247e+02,2.95919167e+01
2.94600000e+00,-2.69982205e-02,1.83219038e-01,3.70674215e-02,-1.90733277e-01,-1.59551020e+01,0.00000000e+00,1.64324271e-01,2.73964498e-02,1.61037786e+02,2.68485208e+01
2.94800000e+00,-2.66364952e-02,1.78482300e-01,3.66871194e-02,-1.89471219e-01,-1.59551020e+01,0.00000000e+00,1.64533279e-01,2.77402226e-02,1.61242613e+02,2.71854181e+01
2.95000000e+00,-2.62843602e-02,1.73642225e-01,3.63098350e-02,-1.87761732e-01,-1.59551020e+01,0.00000000e+00,1.63844691e-01,2.77959510e-02,1.60567797e+02,2.72400319e+01
2.95200000e+00,-2.59419473e-02,1.68770752e-01,3.59361494e-02,-1.85936964e-01,-1.59551020e+01,0.00000000e+00,1.62451894e-01,2.74476089e-02,1.59202857e+02,2.68986567e+01
2.95400000e+00,-2.56092638e-02,1.63919349e-01,3.55659737e-02,-1.84282300e-01,-1.59551020e+01,0.00000000e+00,1.60640082e-01,2.69093876e-02,1.57427280e+02,2.63711999e+01
2.95600000e+00,-2.52862918e-02,1.59035092e-01,3.51991116e-02,-1.82490481e-01,-1.59551020e+01,0.00000000e+00,1.60563228e-01,2.72107157e-02,1.57351963e+02,2.66665014e+01
2.95800000e+00,-2.49731633e-02,1.54091025e-01,3.48362066e-02,-1.80406437e-01,-1.59551020e+01,0.00000000e+00,1.59461377e-01,2.70034822e-02,1.56272149e+02,2.64634126e+01
2.96000000e+00,-2.46699330e-02,1.49138927e-01,3.44775200e-02,-1.78271183e-01,-1.59551020e+01,0.00000000e+00,1.58255313e-01,2.68049313e-02,1.55090207e+02,2.62688327e+01
2.96200000e+00,-2.43766332e-02,1.44148397e-01,3.41232853e-02,-1.75890768e-01,-1.59551020e+01,0.00000000e+00,1.57944834e-01,2.70110818e-02,1.54785937e+02,2.64708602e+01
2.96400000e+00,-2.40938699e-02,1.38362201e-01,3.37754858e-02,-1.71217343e-01,-1.59551020e+01,0.00000000e+00,1.74517064e-01,3.11194814e-02,1.71026723e+02,3.04970918e+01
2.96600000e+00,-2.38232019e-02,1.32549797e-01,3.34384066e-02,-1.66557868e-01,-1.59551020e+01,0.00000000e+00,1.56322988e-01,2.64980721e-02,1.53196528e+02,2.59681106e+01
2.96800000e+00,-2.35632150e-02,1.27420890e-01,3.31080387e-02,-1.63721806e-01,-1.59551020e+01,0.00000000e+00,1.56402358e-01,2.68190623e-02,1.53274311e+02,2.62826811e+01
2.97000000e+00,-2.33135953e-02,1.22176419e-01,3.27839564e-02,-1.60230185e-01,-1.59551020e+01,0.00000000e+00,1.56964360e-01,2.74097410e-02,1.53825073e+02,2.68615462e+01
2.97200000e+00,-2.30745738e-02,1.16835235e-01,3.24674864e-02,-1.56185963e-01,-1.59551020e+01,0.00000000e+00,1.56689354e-01,2.75252464e-02,1.53555567e+02,2.69747415e+01
2.97400000e+00,-2.28462473e-02,1.11504754e-01,3.21592087e-02,-1.52147573e-01,-1.59551020e+01,0.00000000e+00,1.54828545e-01,2.69554307e-02,1.51731974e+02,2.64163221e+01
2.97600000e+00,-2.26285558e-02,1.06172816e-01,3.18589700e-02,-1.47998282e-01,-1.59551020e+01,0.00000000e+00,1.54924602e-01,2.73274598e-02,1.51826110e+02,2.67809106e+01
2.97800000e+00,-2.24216025e-02,1.00771058e-01,3.15675039e-02,-1.43416579e-01,-1.59551020e+01,0.00000000e+00,1.54748659e-01,2.74448363e-02,1.51653686e+02,2.68959395e+01
2.98000000e+00,-2.22254763e-02,9.53621796e-02,3.12853741e-02,-1.38729343e-01,-1.59551020e+01,0.00000000e+00,1.53467836e-01,2.71440098e-02,1.50398479e+02,2.66011296e+01
2.98200000e+00,-2.20401544e-02,8.99524683e-02,3.10126915e-02,-1.33884597e-01,-1.59551020e+01,0.00000000e+00,1.53233242e-01,2.73839533e-02,1.50168578e+02,2.68362743e+01
2.98400000e+00,-2.18663340e-02,8.35414566e-02,3.07517821e-02,-1.26120655e-01,-1.59551020e+01,0.00000000e+00,1.75421791e-01,3.28958806e-02,1.71913356e+02,3.22379630e+01
2.98600000e+00,-2.17060137e-02,7.70926885e-02,3.05081937e-02,-1.18379273e-01,-1.59551020e+01,0.00000000e+00,1.52779169e-01,2.69850841e-02,1.49723585e+02,2.64453824e+01
2.98800000e+00,-2.15573473e-02,7.15679064e-02,3.02765611e-02,-1.13193616e-01,-1.59551020e+01,0.00000000e+00,1.52594561e-01,2.71984135e-02,1.49542670e+02,2.66544452e+01
2.99000000e+00,-2.14197899e-02,6.59714794e-02,3.00557880e-02,-1.07454878e-01,-1.59551020e+01,0.00000000e+00,1.53307632e-01,2.78283200e-02,1.50241479e+02,2.72717536e+01
2.99200000e+00,-2.12935134e-02,6.02969255e-02,2.98470991e-02,-1.01179957e-01,-1.59551020e+01,0.00000000e+00,1.53366225e-01,2.80231968e-02,1.50298900e+02,2.74627329e+01
2.99400000e+00,-2.11785566e-02,5.46906831e-02,2.96509177e-02,-9.51307487e-02,-1.59551020e+01,0.00000000e+00,1.50749942e-01,2.70717679e-02,1.47734943e+02,2.65303325e+01
2.99600000e+00,-2.10747146e-02,4.91385877e-02,2.94665375e-02,-8.91393650e-02,-1.59551020e+01,0.00000000e+00,1.51230652e-01,2.76360222e-02,1.48206039e+02,2.70833017e+01
2.99800000e+00,-2.09820348e-02,4.35377054e-02,2.92946242e-02,-8.27519615e-02,-1.59551020e+01,0.00000000e+00,1.51110545e-01,2.76548254e-02,1.48088335e+02,2.71017288e+01
3.00000000e+00,-2.09005420e-02,3.79694534e-02,2.91355085e-02,-7.63962754e-02,-1.59551020e+01,0.00000000e+00,1.49780137e-01,2.73395316e-02,1.46784534e+02,2.67927410e+01
