t,h,h_dot,alpha,alpha_dot,delta,W_g,C_L,C_M,F_y,M_z
2.00000000e-03,0.00000000e+00,0.00000000e+00,0.00000000e+00,0.00000000e+00,0.00000000e+00,6.06031255e-04,1.26327256e-01,3.00480580e-02,1.23800711e+02,2.94470968e+01
4.00000000e-03,-9.76024003e-06,-9.23401555e-03,2.33284460e-05,2.06775589e-02,0.00000000e+00,2.42404984e-03,8.94943834e-02,1.33799198e-02,8.77044957e+01,1.31123214e+01
6.00000000e-03,-3.65016836e-05,-1.78164645e-02,7.94989318e-05,3.65382586e-02,0.00000000e+00,5.45383023e-03,1.11286401e-01,2.00116598e-02,1.09060673e+02,1.96114266e+01
8.00000000e-03,-8.15454132e-05,-2.71778563e-02,1.70681553e-04,5.41990433e-02,0.00000000e+00,9.69499656e-03,1.08025503e-01,1.72811717e-02,1.05864993e+02,1.69355482e+01
1.00000000e-02,-1.45166538e-04,-3.64693930e-02,2.95096092e-04,7.00614764e-02,0.00000000e+00,1.51470227e-02,1.10135612e-01,1.64081150e-02,1.07932900e+02,1.60799527e+01
1.20000000e-02,-2.27561994e-04,-4.59694291e-02,4.50611863e-04,8.54505510e-02,0.00000000e+00,2.18092324e-02,1.13531597e-01,1.65034738e-02,1.11260965e+02,1.61734044e+01
1.40000000e-02,-3.29184012e-04,-5.56790888e-02,6.36777095e-04,1.00657850e-01,0.00000000e+00,2.96807991e-02,1.15824005e-01,1.62862884e-02,1.13507525e+02,1.59605627e+01
1.60000000e-02,-4.50383558e-04,-6.55465530e-02,8.53048182e-04,1.15572556e-01,0.00000000e+00,3.87607463e-02,1.18168285e-01,1.61921747e-02,1.15804919e+02,1.58683312e+01
1.80000000e-02,-5.91478822e-04,-7.55769052e-02,1.09895967e-03,1.30325804e-01,0.00000000e+00,4.90479477e-02,1.20741237e-01,1.62926622e-02,1.18326412e+02,1.59668090e+01
2.00000000e-02,-7.52795089e-04,-8.57631134e-02,1.37428315e-03,1.44976697e-01,0.00000000e+00,6.05411271e-02,1.23085616e-01,1.63646633e-02,1.20623904e+02,1.60373700e+01
2.20000000e-02,-9.34477485e-04,-9.58686431e-02,1.67844423e-03,1.58994342e-01,0.00000000e+00,7.32388588e-02,1.20297661e-01,1.53921897e-02,1.17891708e+02,1.50843460e+01
2.40000000e-02,-1.13624914e-03,-1.05943389e-01,2.01008466e-03,1.72748182e-01,0.00000000e+00,8.71395675e-02,1.23972439e-01,1.62791357e-02,1.21492990e+02,1.59535530e+01
2.60000000e-02,-1.35834578e-03,-1.16160232e-01,2.36956473e-03,1.86693666e-01,0.00000000e+00,1.02241529e-01,1.25389466e-01,1.63022883e-02,1.22881677e+02,1.59762425e+01
2.80000000e-02,-1.60089520e-03,-1.26384767e-01,2.75660208e-03,2.00253342e-01,0.00000000e+00,1.18542870e-01,1.26090405e-01,1.60166600e-02,1.23568597e+02,1.56963268e+01
3.00000000e-02,-1.86388463e-03,-1.36608974e-01,3.17034498e-03,2.13463381e-01,0.00000000e+00,1.36041567e-01,1.27486939e-01,1.61540616e-02,1.24937200e+02,1.58309804e+01
3.20000000e-02,-2.14733686e-03,-1.46841827e-01,3.61031094e-03,2.26456445e-01,0.00000000e+00,1.54735451e-01,1.28564571e-01,1.61844273e-02,1.25993280e+02,1.58607387e+01
3.40000000e-02,-2.45124045e-03,-1.57057463e-01,4.07597540e-03,2.39156506e-01,0.00000000e+00,1.74622202e-01,1.29523755e-01,1.61990802e-02,1.26933280e+02,1.58750985e+01
3.60000000e-02,-2.77554601e-03,-1.67242054e-01,4.56673216e-03,2.51549402e-01,0.00000000e+00,1.95699354e-01,1.30444945e-01,1.62356895e-02,1.27836046e+02,1.59109757e+01
3.80000000e-02,-3.12017978e-03,-1.77383310e-01,5.08196329e-03,2.63627743e-01,0.00000000e+00,2.17964291e-01,1.31283024e-01,1.62699198e-02,1.28657363e+02,1.59445214e+01
4.00000000e-02,-3.48504043e-03,-1.87466338e-01,5.62101771e-03,2.75367978e-01,0.00000000e+00,2.41414252e-01,1.32021577e-01,1.62912665e-02,1.29381145e+02,1.59654412e+01
4.20000000e-02,-3.86990785e-03,-1.97343451e-01,6.18281975e-03,2.86185174e-01,0.00000000e+00,2.66046327e-01,1.29572536e-01,1.51305179e-02,1.26981085e+02,1.48279076e+01
4.40000000e-02,-4.27431632e-03,-2.07073695e-01,6.76541756e-03,2.96491117e-01,0.00000000e+00,2.91857461e-01,1.31851274e-01,1.60462541e-02,1.29214248e+02,1.57253290e+01
4.60000000e-02,-4.69820177e-03,-2.16802659e-01,7.36891866e-03,3.06998696e-01,0.00000000e+00,3.18844453e-01,1.32963171e-01,1.64116017e-02,1.30303907e+02,1.60833697e+01
4.80000000e-02,-5.14144142e-03,-2.26403327e-01,7.99310924e-03,3.17051689e-01,0.00000000e+00,3.47003953e-01,1.32432287e-01,1.59796198e-02,1.29783641e+02,1.56600274e+01
5.00000000e-02,-5.60370315e-03,-2.35836110e-01,8.63672259e-03,3.26500510e-01,0.00000000e+00,3.76332470e-01,1.32775118e-01,1.60590083e-02,1.30119615e+02,1.57378281e+01
5.20000000e-02,-6.08469107e-03,-2.45126716e-01,9.29885158e-03,3.35559835e-01,0.00000000e+00,4.06826364e-01,1.32998395e-01,1.61042390e-02,1.30338427e+02,1.57821542e+01
5.40000000e-02,-6.58410598e-03,-2.54261283e-01,9.97867803e-03,3.44193351e-01,0.00000000e+00,4.38481853e-01,1.33168353e-01,1.61328650e-02,1.30504986e+02,1.58102077e+01
5.60000000e-02,-7.10162538e-03,-2.63229629e-01,1.06753269e-02,3.52379710e-01,0.00000000e+00,4.71295010e-01,1.33302194e-01,1.61574928e-02,1.30636150e+02,1.58343429e+01
5.80000000e-02,-7.63690664e-03,-2.72021191e-01,1.13878877e-02,3.60102324e-01,0.00000000e+00,5.05261764e-01,1.33371010e-01,1.61742255e-02,1.30703590e+02,1.58507410e+01
6.00000000e-02,-8.18958464e-03,-2.80624504e-01,1.21154182e-02,3.67348050e-01,0.00000000e+00,5.40377902e-01,1.33379726e-01,1.61928412e-02,1.30712131e+02,1.58689844e+01
6.20000000e-02,-8.75919399e-03,-2.88911850e-01,1.28565728e-02,3.73533304e-01,0.00000000e+00,5.76639068e-01,1.30603444e-01,1.50044514e-02,1.27991375e+02,1.47043624e+01
6.40000000e-02,-9.34506755e-03,-2.96952475e-01,1.36091346e-02,3.79093444e-01,0.00000000e+00,6.14040763e-01,1.32364306e-01,1.59535717e-02,1.29717020e+02,1.56345002e+01
6.60000000e-02,-9.94693391e-03,-3.04888135e-01,1.43730375e-02,3.84789958e-01,0.00000000e+00,6.52578348e-01,1.33031372e-01,1.63796561e-02,1.30370744e+02,1.60520629e+01
6.80000000e-02,-1.05644626e-02,-3.12587594e-01,1.51479262e-02,3.89934215e-01,0.00000000e+00,6.92247041e-01,1.31854321e-01,1.58992007e-02,1.29217235e+02,1.55812166e+01
7.00000000e-02,-1.11970994e-02,-3.20009758e-01,1.59322886e-02,3.94349885e-01,0.00000000e+00,7.33041922e-01,1.31685669e-01,1.59690352e-02,1.29051955e+02,1.56496545e+01
7.20000000e-02,-1.18443397e-02,-3.27189063e-01,1.67250053e-02,3.98284846e-01,0.00000000e+00,7.74957931e-01,1.31433453e-01,1.60210032e-02,1.28804784e+02,1.57005831e+01
7.40000000e-02,-1.25056877e-02,-3.34116458e-01,1.75250959e-02,4.01721780e-01,0.00000000e+00,8.17989867e-01,1.31169528e-01,1.60652259e-02,1.28546137e+02,1.57439214e+01
7.60000000e-02,-1.31806315e-02,-3.40782813e-01,1.83315425e-02,4.04633911e-01,0.00000000e+00,8.62132392e-01,1.30815995e-01,1.60702822e-02,1.28199675e+02,1.57488766e+01
7.80000000e-02,-1.38686395e-02,-3.47180048e-01,1.91432715e-02,4.07005991e-01,0.00000000e+00,9.07380030e-01,1.30470987e-01,1.60902662e-02,1.27861567e+02,1.57684609e+01
8.00000000e-02,-1.45691680e-02,-3.53301776e-01,1.99592072e-02,4.08839210e-01,0.00000000e+00,9.53727169e-01,1.30071571e-01,1.61040484e-02,1.27470139e+02,1.57819674e+01
8.20000000e-02,-1.52816057e-02,-3.59062136e-01,2.07779453e-02,4.09648020e-01,0.00000000e+00,1.00116806e+00,1.27818769e-01,1.51092242e-02,1.25262393e+02,1.48070397e+01
8.40000000e-02,-1.60052177e-02,-3.64524156e-01,2.15973697e-02,4.09812563e-01,0.00000000e+00,1.04969681e+00,1.28984802e-01,1.59222864e-02,1.26405106e+02,1.56038407e+01
8.60000000e-02,-1.67395779e-02,-3.69799557e-01,2.24172247e-02,4.10020866e-01,0.00000000e+00,1.09930741e+00,1.29431072e-01,1.63722018e-02,1.26842451e+02,1.60447577e+01
8.80000000e-02,-1.74842161e-02,-3.74775326e-01,2.32370815e-02,4.09671674e-01,0.00000000e+00,1.14999371e+00,1.28041286e-01,1.59234053e-02,1.25480461e+02,1.56049372e+01
9.00000000e-02,-1.82384506e-02,-3.79408205e-01,2.40554118e-02,4.08573106e-01,0.00000000e+00,1.20174940e+00,1.27556578e-01,1.59687148e-02,1.25005446e+02,1.56493405e+01
9.20000000e-02,-1.90016451e-02,-3.83735310e-01,2.48710364e-02,4.06968294e-01,0.00000000e+00,1.25456808e+00,1.27108417e-01,1.60265991e-02,1.24566249e+02,1.57060671e+01
9.40000000e-02,-1.97731862e-02,-3.87753917e-01,2.56829463e-02,4.04855513e-01,0.00000000e+00,1.30844319e+00,1.26629487e-01,1.60631857e-02,1.24096897e+02,1.57419220e+01
9.60000000e-02,-2.05524491e-02,-3.91455055e-01,2.64901031e-02,4.02209770e-01,0.00000000e+00,1.36336804e+00,1.26036016e-01,1.60620343e-02,1.23515296e+02,1.57407936e+01
9.80000000e-02,-2.13387895e-02,-3.94830783e-01,2.72914295e-02,3.99030260e-01,0.00000000e+00,1.41933583e+00,1.25430625e-01,1.60888223e-02,1.22922012e+02,1.57670459e+01
1.00000000e-01,-2.21315544e-02,-3.97879821e-01,2.80858739e-02,3.95325445e-01,0.00000000e+00,1.47633962e+00,1.24861011e-01,1.60958161e-02,1.22363791e+02,1.57738998e+01
1.02000000e-01,-2.29300751e-02,-4.00578444e-01,2.88721757e-02,3.90787381e-01,0.00000000e+00,1.53437232e+00,1.23749649e-01,1.54648940e-02,1.21274656e+02,1.51555962e+01
1.04000000e-01,-2.37336571e-02,-4.02960404e-01,2.96486223e-02,3.85647774e-01,0.00000000e+00,1.59342674e+00,1.24011362e-01,1.59444787e-02,1.21531135e+02,1.56255891e+01
1.06000000e-01,-2.45417476e-02,-4.05088674e-01,3.04147199e-02,3.80437937e-01,0.00000000e+00,1.65349556e+00,1.24409406e-01,1.64140295e-02,1.21921218e+02,1.60857489e+01
1.08000000e-01,-2.53537979e-02,-4.06896101e-01,3.11700722e-02,3.74775299e-01,0.00000000e+00,1.71457132e+00,1.23135423e-01,1.60753761e-02,1.20672715e+02,1.57538685e+01
1.10000000e-01,-2.61690884e-02,-4.08338092e-01,3.19133743e-02,3.68442503e-01,0.00000000e+00,1.77664644e+00,1.22519484e-01,1.60717778e-02,1.20069094e+02,1.57503422e+01
1.12000000e-01,-2.69869279e-02,-4.09446609e-01,3.26435226e-02,3.61630377e-01,0.00000000e+00,1.83971323e+00,1.22014500e-01,1.61150804e-02,1.19574210e+02,1.57927788e+01
1.14000000e-01,-2.78066517e-02,-4.10220479e-01,3.33595937e-02,3.54365186e-01,0.00000000e+00,1.90376387e+00,1.21387906e-01,1.61466879e-02,1.18960148e+02,1.58237541e+01
1.16000000e-01,-2.86275816e-02,-4.10652038e-01,3.40606761e-02,3.46639165e-01,0.00000000e+00,1.96879040e+00,1.20715078e-01,1.61524645e-02,1.18300776e+02,1.58294152e+01
1.18000000e-01,-2.94490318e-02,-4.10741574e-01,3.47458436e-02,3.38452927e-01,0.00000000e+00,2.03478476e+00,1.20100849e-01,1.61628132e-02,1.17698832e+02,1.58395569e+01
1.20000000e-01,-3.02703208e-02,-4.10490541e-01,3.54141867e-02,3.29815084e-01,0.00000000e+00,2.10173876e+00,1.19462061e-01,1.61628162e-02,1.17072820e+02,1.58395599e+01
1.22000000e-01,-3.10907925e-02,-4.09937304e-01,3.60647528e-02,3.20650697e-01,0.00000000e+00,2.16964411e+00,1.19738975e-01,1.59906772e-02,1.17344195e+02,1.56708636e+01
1.24000000e-01,-3.19098677e-02,-4.09080599e-01,3.66964638e-02,3.10997899e-01,0.00000000e+00,2.23849236e+00,1.19060398e-01,1.60439991e-02,1.16679190e+02,1.57231192e+01
1.26000000e-01,-3.27269190e-02,-4.07930094e-01,3.73086306e-02,3.01174328e-01,0.00000000e+00,2.30827499e+00,1.19548000e-01,1.65107588e-02,1.17157040e+02,1.61805436e+01
1.28000000e-01,-3.35413840e-02,-4.06473491e-01,3.79009717e-02,2.91066677e-01,0.00000000e+00,2.37898334e+00,1.18562060e-01,1.62980020e-02,1.16190818e+02,1.59720420e+01
1.30000000e-01,-3.43525755e-02,-4.04660737e-01,3.84725636e-02,2.80458576e-01,0.00000000e+00,2.45060863e+00,1.17854855e-01,1.62811763e-02,1.15497758e+02,1.59555528e+01
1.32000000e-01,-3.51598034e-02,-4.02512585e-01,3.90225554e-02,2.69474608e-01,0.00000000e+00,2.52314198e+00,1.17322868e-01,1.62992179e-02,1.14976411e+02,1.59732335e+01
1.34000000e-01,-3.59624070e-02,-4.00036213e-01,3.95502397e-02,2.58157141e-01,0.00000000e+00,2.59657439e+00,1.16746942e-01,1.63395952e-02,1.14412003e+02,1.60128033e+01
1.36000000e-01,-3.67597333e-02,-3.97237499e-01,4.00549767e-02,2.46528866e-01,0.00000000e+00,2.67089675e+00,1.16310617e-01,1.63726078e-02,1.13984405e+02,1.60451557e+01
1.38000000e-01,-3.75511381e-02,-3.94110430e-01,4.05361315e-02,2.34565122e-01,0.00000000e+00,2.74609985e+00,1.15547113e-01,1.63276683e-02,1.13236171e+02,1.60011149e+01
1.40000000e-01,-3.83359501e-02,-3.90646010e-01,4.09930125e-02,2.22264296e-01,0.00000000e+00,2.82217435e+00,1.14848173e-01,1.63227595e-02,1.12551209e+02,1.59963043e+01
1.42000000e-01,-3.91135578e-02,-3.86935075e-01,4.14250618e-02,2.09773147e-01,0.00000000e+00,2.89911082e+00,1.16149559e-01,1.65504878e-02,1.13826568e+02,1.62194780e+01
1.44000000e-01,-3.98835176e-02,-3.82965006e-01,4.18319180e-02,1.97001413e-01,0.00000000e+00,2.97689970e+00,1.15094256e-01,1.63202132e-02,1.12792371e+02,1.59938089e+01
1.46000000e-01,-4.06452156e-02,-3.78691616e-01,4.22129159e-02,1.84002452e-01,0.00000000e+00,3.05553136e+00,1.15296972e-01,1.66231286e-02,1.12991033e+02,1.62906661e+01
1.48000000e-01,-4.13980993e-02,-3.74141058e-01,4.25678567e-02,1.70896898e-01,0.00000000e+00,3.13499604e+00,1.14781929e-01,1.66088649e-02,1.12486290e+02,1.62766876e+01
1.50000000e-01,-4.21415800e-02,-3.69290801e-01,4.28963262e-02,1.57525465e-01,0.00000000e+00,3.21528388e+00,1.14382609e-01,1.65397297e-02,1.12094957e+02,1.62089352e+01
1.52000000e-01,-4.28750673e-02,-3.64147723e-01,4.31977972e-02,1.43911994e-01,0.00000000e+00,3.29638492e+00,1.13947940e-01,1.65370399e-02,1.11668981e+02,1.62062991e+01
1.54000000e-01,-4.35979732e-02,-3.58708089e-01,4.34718481e-02,1.30109405e-01,0.00000000e+00,3.37828909e+00,1.13376149e-01,1.65398960e-02,1.11108626e+02,1.62090981e+01
1.56000000e-01,-4.43097087e-02,-3.52982080e-01,4.37181303e-02,1.16150059e-01,0.00000000e+00,3.46098625e+00,1.13089378e-01,1.65655266e-02,1.10827591e+02,1.62342161e+01
1.58000000e-01,-4.50097166e-02,-3.46978658e-01,4.39363536e-02,1.02048561e-01,0.00000000e+00,3.54446613e+00,1.12632431e-01,1.65590124e-02,1.10379782e+02,1.62278321e+01
1.60000000e-01,-4.56974363e-02,-3.40694681e-01,4.41262360e-02,8.78142742e-02,0.00000000e+00,3.62871837e+00,1.12173028e-01,1.65638642e-02,1.09929567e+02,1.62325869e+01
1.62000000e-01,-4.63723827e-02,-3.34241856e-01,4.42876989e-02,7.37123017e-02,0.00000000e+00,3.71373252e+00,1.14222967e-01,1.70731839e-02,1.11938507e+02,1.67317202e+01
1.64000000e-01,-4.70342796e-02,-3.27602893e-01,4.44210573e-02,5.95684067e-02,0.00000000e+00,3.79949804e+00,1.13253621e-01,1.66721221e-02,1.10988548e+02,1.63386796e+01
1.66000000e-01,-4.76826129e-02,-3.20691888e-01,4.45258309e-02,4.52121326e-02,0.00000000e+00,3.88600429e+00,1.13186620e-01,1.67829391e-02,1.10922888e+02,1.64472803e+01
1.68000000e-01,-4.83168996e-02,-3.13559549e-01,4.46019322e-02,3.08954471e-02,0.00000000e+00,3.97324053e+00,1.13288449e-01,1.68697806e-02,1.11022680e+02,1.65323850e+01
1.70000000e-01,-4.89367043e-02,-3.06207002e-01,4.46494076e-02,1.65710646e-02,0.00000000e+00,4.06119595e+00,1.13130428e-01,1.68404482e-02,1.10867819e+02,1.65036393e+01
1.72000000e-01,-4.95415747e-02,-2.98625133e-01,4.46681839e-02,2.19792950e-03,0.00000000e+00,4.14985963e+00,1.12898321e-01,1.68001359e-02,1.10640355e+02,1.64641331e+01
1.74000000e-01,-5.01310568e-02,-2.90821276e-01,4.46581992e-02,-1.21754095e-02,0.00000000e+00,4.23922057e+00,1.12786940e-01,1.68316259e-02,1.10531202e+02,1.64949934e+01
1.76000000e-01,-5.07047196e-02,-2.82807059e-01,4.46195118e-02,-2.65044716e-02,0.00000000e+00,4.32926769e+00,1.12698312e-01,1.68436570e-02,1.10444346e+02,1.65067839e+01
1.78000000e-01,-5.12621458e-02,-2.74583910e-01,4.45522096e-02,-4.07910181e-02,0.00000000e+00,4.41998983e+00,1.12488596e-01,1.68305542e-02,1.10238824e+02,1.64939431e+01
1.80000000e-01,-5.18029203e-02,-2.66158327e-01,4.44563878e-02,-5.50174765e-02,0.00000000e+00,4.51137571e+00,1.12416700e-01,1.68387060e-02,1.10168366e+02,1.65019318e+01
1.82000000e-01,-5.23267237e-02,-2.57649731e-01,4.43324150e-02,-6.88311331e-02,0.00000000e+00,4.60341401e+00,1.14859509e-01,1.75256106e-02,1.12562319e+02,1.71750984e+01
1.84000000e-01,-5.28334572e-02,-2.49048076e-01,4.41812362e-02,-8.23854570e-02,0.00000000e+00,4.69609331e+00,1.14413711e-01,1.71725930e-02,1.12125437e+02,1.68291412e+01
1.86000000e-01,-5.33227781e-02,-2.40239502e-01,4.40027616e-02,-9.61070196e-02,0.00000000e+00,4.78940212e+00,1.14054646e-01,1.69252059e-02,1.11773553e+02,1.65867018e+01
1.88000000e-01,-5.37943102e-02,-2.31273561e-01,4.37969038e-02,-1.09684993e-01,0.00000000e+00,4.88332885e+00,1.14622215e-01,1.71854728e-02,1.12329771e+02,1.68417633e+01
1.90000000e-01,-5.42477932e-02,-2.22188932e-01,4.35642079e-02,-1.22983676e-01,0.00000000e+00,4.97786186e+00,1.15020112e-01,1.71844548e-02,1.12719710e+02,1.68407657e+01
1.92000000e-01,-5.46829796e-02,-2.12974741e-01,4.33050617e-02,-1.36143509e-01,0.00000000e+00,5.07298942e+00,1.15184750e-01,1.71120876e-02,1.12881055e+02,1.67698459e+01
1.94000000e-01,-5.50995998e-02,-2.03622047e-01,4.30197332e-02,-1.49154330e-01,0.00000000e+00,5.16869972e+00,1.15222740e-01,1.70949438e-02,1.12918285e+02,1.67530449e+01
1.96000000e-01,-5.54973849e-02,-1.94145075e-01,4.27086072e-02,-1.61921014e-01,0.00000000e+00,5.26498090e+00,1.15566529e-01,1.71852957e-02,1.13255199e+02,1.68415898e+01
1.98000000e-01,-5.58761047e-02,-1.84554993e-01,4.23722184e-02,-1.74433866e-01,0.00000000e+00,5.36182101e+00,1.15710320e-01,1.71523045e-02,1.13396113e+02,1.68092584e+01
2.00000000e-01,-5.62355351e-02,-1.74860209e-01,4.20110271e-02,-1.86713607e-01,0.00000000e+00,5.45920804e+00,1.16093557e-01,1.71636363e-02,1.13771686e+02,1.68203636e+01
2.02000000e-01,-5.65755531e-02,-1.65176808e-01,4.16257890e-02,-1.98355873e-01,0.00000000e+00,5.55712991e+00,1.18791562e-01,1.79448478e-02,1.16415731e+02,1.75859508e+01
2.04000000e-01,-5.68962357e-02,-1.55483464e-01,4.12179141e-02,-2.09532550e-01,0.00000000e+00,5.65557446e+00,1.18518494e-01,1.75627867e-02,1.16148124e+02,1.72115309e+01
2.06000000e-01,-5.71973863e-02,-1.45639086e-01,4.07875526e-02,-2.20868441e-01,0.00000000e+00,5.75452949e+00,1.17760754e-01,1.70004669e-02,1.15405539e+02,1.66604575e+01
2.08000000e-01,-5.74787431e-02,-1.35721306e-01,4.03346079e-02,-2.31952914e-01,0.00000000e+00,5.85398273e+00,1.19140561e-01,1.74480227e-02,1.16757750e+02,1.70990622e+01
2.10000000e-01,-5.77402672e-02,-1.25797014e-01,3.98600939e-02,-2.42508082e-01,0.00000000e+00,5.95392183e+00,1.19783976e-01,1.74379314e-02,1.17388296e+02,1.70891728e+01
2.12000000e-01,-5.79819044e-02,-1.15832657e-01,3.93647751e-02,-2.52764076e-01,0.00000000e+00,6.05433439e+00,1.20217515e-01,1.73725957e-02,1.17813165e+02,1.70251438e+01
2.14000000e-01,-5.82035710e-02,-1.05828019e-01,3.88492525e-02,-2.62697646e-01,0.00000000e+00,6.15520797e+00,1.20693059e-01,1.73823193e-02,1.18279198e+02,1.70346729e+01
2.16000000e-01,-5.84051983e-02,-9.57961082e-02,3.83142297e-02,-2.72263396e-01,0.00000000e+00,6.25653004e+00,1.21267094e-01,1.73842625e-02,1.18841752e+02,1.70365772e+01
2.18000000e-01,-5.85867497e-02,-8.57557382e-02,3.77604599e-02,-2.81437727e-01,0.00000000e+00,6.35828804e+00,1.22018426e-01,1.74165801e-02,1.19578057e+02,1.70682485e+01
2.20000000e-01,-5.87482189e-02,-7.57118016e-02,3.71887536e-02,-2.90200009e-01,0.00000000e+00,6.46046934e+00,1.22542854e-01,1.74360339e-02,1.20091997e+02,1.70873132e+01
2.22000000e-01,-5.88896537e-02,-6.57529540e-02,3.66002415e-02,-2.98089934e-01,0.00000000e+00,6.56306127e+00,1.25202072e-01,1.84102402e-02,1.22698031e+02,1.80420354e+01
2.24000000e-01,-5.90112801e-02,-5.58681116e-02,3.59968002e-02,-3.05370348e-01,0.00000000e+00,6.66605110e+00,1.25305353e-01,1.78563033e-02,1.22799246e+02,1.74991772e+01
2.26000000e-01,-5.91130749e-02,-4.59064485e-02,3.53786087e-02,-3.12877978e-01,0.00000000e+00,6.76942606e+00,1.24278529e-01,1.70532234e-02,1.21792958e+02,1.67121590e+01
2.28000000e-01,-5.91949191e-02,-3.59646773e-02,3.47455411e-02,-3.20006408e-01,0.00000000e+00,6.87317332e+00,1.26478982e-01,1.77508468e-02,1.23949403e+02,1.73958299e+01
2.30000000e-01,-5.92570028e-02,-2.61266398e-02,3.40990876e-02,-3.26378068e-01,0.00000000e+00,6.97728001e+00,1.27249499e-01,1.77208066e-02,1.24704509e+02,1.73663905e+01
2.32000000e-01,-5.92994539e-02,-1.63308685e-02,3.34402736e-02,-3.32382655e-01,0.00000000e+00,7.08173322e+00,1.27853180e-01,1.75826459e-02,1.25296117e+02,1.72309929e+01
2.34000000e-01,-5.93223622e-02,-6.58906465e-03,3.27698175e-02,-3.37996461e-01,0.00000000e+00,7.18651999e+00,1.28737393e-01,1.75855840e-02,1.26162645e+02,1.72338723e+01
2.36000000e-01,-5.93258640e-02,3.07188793e-03,3.20886269e-02,-3.43101580e-01,0.00000000e+00,7.29162732e+00,1.29810541e-01,1.76793717e-02,1.27214330e+02,1.73257842e+01
2.38000000e-01,-5.93101282e-02,1.26526008e-02,3.13977470e-02,-3.47702987e-01,0.00000000e+00,7.39704217e+00,1.30523077e-01,1.76578147e-02,1.27912616e+02,1.73046584e+01
2.40000000e-01,-5.92753098e-02,2.21491125e-02,3.06981260e-02,-3.51837945e-01,0.00000000e+00,7.50275146e+00,1.31532696e-01,1.76607113e-02,1.28902042e+02,1.73074971e+01
2.42000000e-01,-5.92216409e-02,3.14819097e-02,2.99910603e-02,-3.54975499e-01,0.00000000e+00,7.60874209e+00,1.33948784e-01,1.87426552e-02,1.31269809e+02,1.83678021e+01
2.44000000e-01,-5.91494707e-02,4.06818688e-02,2.92786782e-02,-3.57431803e-01,0.00000000e+00,7.71500090e+00,1.34085204e-01,1.80739623e-02,1.31403500e+02,1.77124830e+01
2.46000000e-01,-5.90589041e-02,4.98957219e-02,2.85611227e-02,-3.60203608e-01,0.00000000e+00,7.82151471e+00,1.32922362e-01,1.70564359e-02,1.30263914e+02,1.67153072e+01
2.48000000e-01,-5.89499534e-02,5.90111374e-02,2.78381325e-02,-3.62572412e-01,0.00000000e+00,7.92827030e+00,1.35533422e-01,1.78880727e-02,1.32822753e+02,1.75303112e+01
2.50000000e-01,-5.88229893e-02,6.79319674e-02,2.71113998e-02,-3.64091233e-01,0.00000000e+00,8.03525444e+00,1.36469362e-01,1.78030108e-02,1.33739975e+02,1.74469506e+01
2.52000000e-01,-5.86783095e-02,7.67269685e-02,2.63820527e-02,-3.65182394e-01,0.00000000e+00,8.14245386e+00,1.37328635e-01,1.77442810e-02,1.34582062e+02,1.73893954e+01
2.54000000e-01,-5.85161722e-02,8.53858352e-02,2.56509845e-02,-3.65802144e-01,0.00000000e+00,8.24985525e+00,1.38362333e-01,1.77484094e-02,1.35595086e+02,1.73934412e+01
2.56000000e-01,-5.83368735e-02,9.38836577e-02,2.49191950e-02,-3.65895546e-01,0.00000000e+00,8.35744529e+00,1.39662952e-01,1.78037459e-02,1.36869693e+02,1.74476710e+01
2.58000000e-01,-5.81407466e-02,1.02218024e-01,2.41877563e-02,-3.65458012e-01,0.00000000e+00,8.46521064e+00,1.40614950e-01,1.78177906e-02,1.37802651e+02,1.74614348e+01
2.60000000e-01,-5.79281106e-02,1.10388639e-01,2.34577053e-02,-3.64507054e-01,0.00000000e+00,8.57313792e+00,1.41787059e-01,1.78381396e-02,1.38951318e+02,1.74813768e+01
2.62000000e-01,-5.76993128e-02,1.18378010e-01,2.27303609e-02,-3.62607064e-01,0.00000000e+00,8.68121375e+00,1.43015142e-01,1.87700659e-02,1.40154839e+02,1.83946646e+01
2.64000000e-01,-5.74547113e-02,1.26198238e-01,2.20077130e-02,-3.60053144e-01,0.00000000e+00,8.78942472e+00,1.43774752e-01,1.81773372e-02,1.40899257e+02,1.78137905e+01
2.66000000e-01,-5.71945648e-02,1.33951143e-01,2.12899158e-02,-3.57847974e-01,0.00000000e+00,8.89775741e+00,1.42496308e-01,1.70116730e-02,1.39646382e+02,1.66714395e+01
2.68000000e-01,-5.69190169e-02,1.41538742e-01,2.05765706e-02,-3.55268617e-01,0.00000000e+00,9.00619837e+00,1.45419315e-01,1.79427304e-02,1.42510928e+02,1.75838758e+01
2.70000000e-01,-5.66285870e-02,1.48860485e-01,1.98694091e-02,-3.51837654e-01,0.00000000e+00,9.11473416e+00,1.46367849e-01,1.77875875e-02,1.43440492e+02,1.74318358e+01
2.72000000e-01,-5.63236992e-02,1.55995848e-01,1.91694708e-02,-3.48030597e-01,0.00000000e+00,9.22335132e+00,1.47314865e-01,1.77307158e-02,1.44368568e+02,1.73761015e+01
2.74000000e-01,-5.60047394e-02,1.62927602e-01,1.84776015e-02,-3.43751438e-01,0.00000000e+00,9.33203635e+00,1.48550362e-01,1.77884350e-02,1.45579354e+02,1.74326663e+01
2.76000000e-01,-5.56721442e-02,1.69626388e-01,1.77948423e-02,-3.38906488e-01,0.00000000e+00,9.44077580e+00,1.50071124e-01,1.79410048e-02,1.47069701e+02,1.75821847e+01
2.78000000e-01,-5.53263834e-02,1.76100809e-01,1.71222974e-02,-3.33578699e-01,0.00000000e+00,9.54955616e+00,1.50997239e-01,1.78389851e-02,1.47977295e+02,1.74822054e+01
2.80000000e-01,-5.49678829e-02,1.82362222e-01,1.64607999e-02,-3.27842324e-01,0.00000000e+00,9.65836394e+00,1.52147699e-01,1.78513215e-02,1.49104745e+02,1.74942951e+01
2.82000000e-01,-5.45970482e-02,1.88453099e-01,1.58114236e-02,-3.21362819e-01,0.00000000e+00,9.76718564e+00,1.51979961e-01,1.84685607e-02,1.48940361e+02,1.80991895e+01
2.84000000e-01,-5.42142087e-02,1.94336691e-01,1.51757418e-02,-3.14293568e-01,0.00000000e+00,9.87600777e+00,1.53890388e-01,1.81782089e-02,1.50812580e+02,1.78146447e+01
2.86000000e-01,-5.38197958e-02,2.00078831e-01,1.45540314e-02,-3.07551194e-01,0.00000000e+00,9.98481682e+00,1.52089042e-01,1.68914776e-02,1.49047262e+02,1.65536481e+01
2.88000000e-01,-5.34139719e-02,2.05703272e-01,1.39455019e-02,-3.00861609e-01,1.33063123e-01,1.00935993e+01,1.53350967e-01,1.71953965e-02,1.50283948e+02,1.68514885e+01
2.90000000e-01,-5.29971170e-02,2.11126311e-01,1.33508205e-02,-2.93818741e-01,2.87518287e-01,1.02023417e+01,1.53414629e-01,1.67805999e-02,1.50346337e+02,1.64449879e+01
2.92000000e-01,-5.25695719e-02,2.16391437e-01,1.27702682e-02,-2.86713907e-01,4.41973450e-01,1.03110306e+01,1.53572413e-01,1.64932104e-02,1.50500964e+02,1.61633462e+01
2.94000000e-01,-5.21316680e-02,2.21481397e-01,1.22040515e-02,-2.79479149e-01,5.96428614e-01,1.04196524e+01,1.53953980e-01,1.62414859e-02,1.50874900e+02,1.59166561e+01
2.96000000e-01,-5.16837613e-02,2.26398927e-01,1.16524373e-02,-2.72115923e-01,7.50883777e-01,1.05281937e+01,1.53965422e-01,1.59718469e-02,1.50886114e+02,1.56524100e+01
2.98000000e-01,-5.12261850e-02,2.31147405e-01,1.11156730e-02,-2.64624939e-01,9.05338940e-01,1.06366410e+01,1.54188468e-01,1.57397984e-02,1.51104699e+02,1.54250024e+01
3.00000000e-01,-5.07592897e-02,2.35718870e-01,1.05940142e-02,-2.57018942e-01,1.05979410e+00,1.07449808e+01,1.54309153e-01,1.54649308e-02,1.51222970e+02,1.51556322e+01
3.02000000e-01,-5.02833495e-02,2.40230347e-01,1.00876989e-02,-2.49260433e-01,1.21424927e+00,1.08531998e+01,1.51723356e-01,1.53334630e-02,1.48688889e+02,1.50267937e+01
3.04000000e-01,-4.97984550e-02,2.44611789e-01,9.59712296e-03,-2.41276233e-01,1.36870443e+00,1.09612846e+01,1.53407507e-01,1.52345925e-02,1.50339357e+02,1.49299006e+01
3.06000000e-01,-4.93049826e-02,2.48872836e-01,9.12229984e-03,-2.33733171e-01,1.52315959e+00,1.10692215e+01,1.50525681e-01,1.37260378e-02,1.47515168e+02,1.34515170e+01
3.08000000e-01,-4.88030298e-02,2.53034616e-01,8.66206813e-03,-2.26373340e-01,1.67761476e+00,1.11769974e+01,1.51646688e-01,1.41895643e-02,1.48613754e+02,1.39057731e+01
3.10000000e-01,-4.82929870e-02,2.56982190e-01,8.21705216e-03,-2.18645017e-01,1.83206992e+00,1.12845989e+01,1.51383713e-01,1.38606104e-02,1.48356038e+02,1.35833982e+01
3.12000000e-01,-4.77752085e-02,2.60768640e-01,7.78748710e-03,-2.10918135e-01,1.98652508e+00,1.13920125e+01,1.51200539e-01,1.35697232e-02,1.48176528e+02,1.32983288e+01
3.14000000e-01,-4.72500207e-02,2.64392743e-01,7.37338539e-03,-2.03182598e-01,2.14098025e+00,1.14992250e+01,1.50905002e-01,1.32840456e-02,1.47886902e+02,1.30183647e+01
3.16000000e-01,-4.67177506e-02,2.67847204e-01,6.97477711e-03,-1.95416463e-01,2.29543541e+00,1.16062230e+01,1.50833766e-01,1.30613412e-02,1.47817091e+02,1.28001144e+01
3.18000000e-01,-4.61787487e-02,2.71126457e-01,6.59173298e-03,-1.87630160e-01,2.44989057e+00,1.17129934e+01,1.50612628e-01,1.27759952e-02,1.47600376e+02,1.25204753e+01
3.20000000e-01,-4.56333601e-02,2.74232774e-01,6.22424528e-03,-1.79860646e-01,2.60434574e+00,1.18195227e+01,1.50435475e-01,1.24979441e-02,1.47426766e+02,1.22479852e+01
3.22000000e-01,-4.50818300e-02,2.77320459e-01,5.87218313e-03,-1.72252016e-01,2.75880090e+00,1.19257979e+01,1.46558216e-01,1.19322287e-02,1.43627052e+02,1.16935841e+01
3.24000000e-01,-4.45241704e-02,2.80270020e-01,5.53536250e-03,-1.64455496e-01,2.91325607e+00,1.20318058e+01,1.49123079e-01,1.24080178e-02,1.46140618e+02,1.21598574e+01
3.26000000e-01,-4.39608586e-02,2.83056516e-01,5.21419134e-03,-1.56913619e-01,3.06771123e+00,1.21375331e+01,1.45781461e-01,1.09357564e-02,1.42865832e+02,1.07170413e+01
3.28000000e-01,-4.33919864e-02,2.85779882e-01,4.90741204e-03,-1.49815708e-01,3.22216639e+00,1.22429668e+01,1.45965663e-01,1.10349989e-02,1.43046350e+02,1.08142989e+01
3.30000000e-01,-4.28178672e-02,2.88311026e-01,4.61502970e-03,-1.42566013e-01,3.37662156e+00,1.23480938e+01,1.45596941e-01,1.08337049e-02,1.42685002e+02,1.06170308e+01
3.32000000e-01,-4.22388512e-02,2.90678754e-01,4.33711916e-03,-1.35359547e-01,3.53107672e+00,1.24529011e+01,1.45067376e-01,1.05442972e-02,1.42166028e+02,1.03334113e+01
3.34000000e-01,-4.16552522e-02,2.92896526e-01,4.07351398e-03,-1.28269371e-01,3.68553188e+00,1.25573756e+01,1.44346091e-01,1.02101307e-02,1.41459170e+02,1.00059281e+01
3.36000000e-01,-4.10673671e-02,2.94961300e-01,3.82396812e-03,-1.21289517e-01,3.83998705e+00,1.26615044e+01,1.43852006e-01,9.95338296e-03,1.40974966e+02,9.75431530e+00
3.38000000e-01,-4.04755143e-02,2.96865067e-01,3.58830015e-03,-1.14393291e-01,3.99444221e+00,1.27652746e+01,1.43284819e-01,9.69510453e-03,1.40419123e+02,9.50120244e+00
3.40000000e-01,-3.98800116e-02,2.98611706e-01,3.36632019e-03,-1.07609195e-01,4.14889737e+00,1.28686733e+01,1.42669662e-01,9.39813068e-03,1.39816269e+02,9.21016806e+00
3.42000000e-01,-3.92810571e-02,3.00374028e-01,3.15759785e-03,-1.01223333e-01,4.30335254e+00,1.29716877e+01,1.38036013e-01,8.55838363e-03,1.35275293e+02,8.38721596e+00
3.44000000e-01,-3.86786107e-02,3.01993573e-01,2.96152902e-03,-9.46842777e-02,4.45780770e+00,1.30743050e+01,1.41094952e-01,9.43698369e-03,1.38273053e+02,9.24824402e+00
3.46000000e-01,-3.80732061e-02,3.03428170e-01,2.77879530e-03,-8.82433151e-02,4.61226286e+00,1.31765124e+01,1.37421469e-01,8.08872965e-03,1.34673040e+02,7.92695506e+00
3.48000000e-01,-3.74649155e-02,3.04836475e-01,2.60812014e-03,-8.24557362e-02,4.76671803e+00,1.32782973e+01,1.36749558e-01,7.81933688e-03,1.34014567e+02,7.66295014e+00
3.50000000e-01,-3.68539770e-02,3.06069488e-01,2.44897659e-03,-7.66618170e-02,4.92117319e+00,1.33796471e+01,1.36535477e-01,7.87233573e-03,1.33804768e+02,7.71488901e+00
3.52000000e-01,-3.62407445e-02,3.07142166e-01,2.30143876e-03,-7.09190446e-02,5.07562835e+00,1.34805492e+01,1.35494664e-01,7.49884971e-03,1.32784770e+02,7.34887272e+00
3.54000000e-01,-3.56254967e-02,3.08082324e-01,2.16515664e-03,-6.53919086e-02,5.23008352e+00,1.35809911e+01,1.34613594e-01,7.22275821e-03,1.31921322e+02,7.07830304e+00
3.56000000e-01,-3.50085101e-02,3.08880207e-01,2.03975386e-03,-6.00406566e-02,5.38453868e+00,1.36809603e+01,1.33786009e-01,6.94832586e-03,1.31110289e+02,6.80935934e+00
3.58000000e-01,-3.43900723e-02,3.09533477e-01,1.92488450e-03,-5.48536608e-02,5.53899384e+00,1.37804443e+01,1.32947087e-01,6.71175771e-03,1.30288145e+02,6.57752255e+00
3.60000000e-01,-3.37704724e-02,3.10042322e-01,1.82023434e-03,-4.98239597e-02,5.69344901e+00,1.38794310e+01,1.32105065e-01,6.46659950e-03,1.29462963e+02,6.33726751e+00
3.62000000e-01,-3.31498957e-02,3.10562100e-01,1.72527635e-03,-4.52626553e-02,5.84790417e+00,1.39779079e+01,1.27627675e-01,5.59102412e-03,1.25075122e+02,5.47920364e+00
3.64000000e-01,-3.25283086e-02,3.10955038e-01,1.63921449e-03,-4.06552428e-02,6.00235933e+00,1.40758630e+01,1.29996716e-01,6.43861302e-03,1.27396782e+02,6.30984076e+00
3.66000000e-01,-3.19061960e-02,3.11167303e-01,1.56262845e-03,-3.60881793e-02,6.15681450e+00,1.41732839e+01,1.26771851e-01,5.39499442e-03,1.24236414e+02,5.28709453e+00
3.68000000e-01,-3.12836610e-02,3.11347210e-01,1.49444725e-03,-3.21428318e-02,6.31126966e+00,1.42701587e+01,1.25671748e-01,5.03459806e-03,1.23158313e+02,4.93390610e+00
3.70000000e-01,-3.06609011e-02,3.11386332e-01,1.43395808e-03,-2.83460392e-02,6.46572482e+00,1.43664753e+01,1.24978137e-01,4.99521468e-03,1.22478574e+02,4.89531038e+00
3.72000000e-01,-3.00382065e-02,3.11289184e-01,1.38097518e-03,-2.46811036e-02,6.62017999e+00,1.44622218e+01,1.23772478e-01,4.68062633e-03,1.21297029e+02,4.58701381e+00
3.74000000e-01,-2.94158235e-02,3.11073326e-01,1.33507295e-03,-2.12572170e-02,6.77463515e+00,1.45573862e+01,1.22670600e-01,4.42226545e-03,1.20217188e+02,4.33382014e+00
3.76000000e-01,-2.87939938e-02,3.10736618e-01,1.29579658e-03,-1.80579012e-02,6.92909031e+00,1.46519569e+01,1.21518956e-01,4.15182123e-03,1.19088577e+02,4.06878481e+00
3.78000000e-01,-2.81729566e-02,3.10280445e-01,1.26268771e-03,-1.50890203e-02,7.08354548e+00,1.47459220e+01,1.20390728e-01,3.89005662e-03,1.17982914e+02,3.81225548e+00
3.80000000e-01,-2.75529534e-02,3.09702132e-01,1.23530089e-03,-1.23295295e-02,7.23800064e+00,1.48392699e+01,1.19309501e-01,3.67204767e-03,1.16923311e+02,3.59860672e+00
3.82000000e-01,-2.69341447e-02,3.09129007e-01,1.21302826e-03,-1.00819597e-02,7.39245580e+00,1.49319891e+01,1.15215579e-01,2.78274179e-03,1.12911268e+02,2.72708695e+00
3.84000000e-01,-2.63164998e-02,3.08462252e-01,1.19489619e-03,-7.94968955e-03,7.54691097e+00,1.50240680e+01,1.16452882e-01,3.40330107e-03,1.14123825e+02,3.33523505e+00
3.86000000e-01,-2.57004094e-02,3.07624800e-01,1.18123247e-03,-5.81293568e-03,7.70136613e+00,1.51154951e+01,1.14171584e-01,2.77172111e-03,1.11888153e+02,2.71628669e+00
3.88000000e-01,-2.50860327e-02,3.06739265e-01,1.17132904e-03,-4.14925797e-03,7.85582130e+00,1.52062592e+01,1.12557588e-01,2.39546271e-03,1.10306436e+02,2.34755346e+00
3.90000000e-01,-2.44735157e-02,3.05758693e-01,1.16445948e-03,-2.74949723e-03,8.01027646e+00,1.52963490e+01,1.11388293e-01,2.20736212e-03,1.09160527e+02,2.16321487e+00
3.92000000e-01,-2.38630674e-02,3.04673826e-01,1.16020206e-03,-1.54318908e-03,8.16473162e+00,1.53857534e+01,1.10007061e-01,1.98281667e-03,1.07806920e+02,1.94316033e+00
3.94000000e-01,-2.32549611e-02,3.03377997e-01,1.15853218e-03,3.12358031e-05,8.30466800e+00,1.54744611e+01,1.11348694e-01,2.97707593e-03,1.09121720e+02,2.91753441e+00
3.96000000e-01,-2.26496703e-02,3.01909933e-01,1.16039230e-03,1.70363089e-03,8.30466800e+00,1.55624613e+01,1.09084634e-01,2.19037987e-03,1.06902942e+02,2.14657228e+00
3.98000000e-01,-2.20473804e-02,3.00353268e-01,1.16510182e-03,3.00872790e-03,8.30466800e+00,1.56497430e+01,1.08496153e-01,2.21231308e-03,1.06326230e+02,2.16806682e+00
4.00000000e-01,-2.14483635e-02,2.98637114e-01,1.17243172e-03,4.32057450e-03,8.30466800e+00,1.57362954e+01,1.07914636e-01,2.21448286e-03,1.05756344e+02,2.17019321e+00
4.02000000e-01,-2.08529000e-02,2.96818986e-01,1.18228543e-03,5.48440908e-03,8.30466800e+00,1.58221077e+01,1.06010703e-01,1.91521746e-03,1.03890489e+02,1.87691311e+00
4.04000000e-01,-2.02611635e-02,2.94887016e-01,1.19432773e-03,6.58580258e-03,8.30466800e+00,1.59071693e+01,1.05736575e-01,2.10018406e-03,1.03621843e+02,2.05818038e+00
4.06000000e-01,-1.96734635e-02,2.92787658e-01,1.20869229e-03,7.78266079e-03,8.30466800e+00,1.59914696e+01,1.05116083e-01,2.13563191e-03,1.03013761e+02,2.09291927e+00
4.08000000e-01,-1.90901110e-02,2.90541097e-01,1.22545548e-03,8.97518744e-03,8.30466800e+00,1.60749983e+01,1.04405191e-01,2.11455060e-03,1.02317087e+02,2.07225958e+00
4.10000000e-01,-1.85113917e-02,2.88155701e-01,1.24455821e-03,1.01154797e-02,8.30466800e+00,1.61577449e+01,1.03626405e-01,2.05281106e-03,1.01553877e+02,2.01175484e+00
4.12000000e-01,-1.79375836e-02,2.85627243e-01,1.26589843e-03,1.12273167e-02,8.30466800e+00,1.62396991e+01,1.03053787e-01,2.08485643e-03,1.00992711e+02,2.04315931e+00
4.14000000e-01,-1.73689812e-02,2.82951019e-01,1.28946486e-03,1.23352240e-02,8.30466800e+00,1.63208508e+01,1.02426837e-01,2.07777490e-03,1.00378300e+02,2.03621940e+00
4.16000000e-01,-1.68058737e-02,2.80133524e-01,1.31521981e-03,1.34138563e-02,8.30466800e+00,1.64011900e+01,1.01746724e-01,2.05975848e-03,9.97117891e+01,2.01856331e+00
4.18000000e-01,-1.62485410e-02,2.77175145e-01,1.34310706e-03,1.44726548e-02,8.30466800e+00,1.64807066e+01,1.01157287e-01,2.07554997e-03,9.91341415e+01,2.03403897e+00
4.20000000e-01,-1.56972680e-02,2.74074466e-01,1.37310562e-03,1.55242410e-02,8.30466800e+00,1.65593908e+01,1.00559151e-01,2.08704518e-03,9.85479675e+01,2.04530428e+00
4.22000000e-01,-1.51523365e-02,2.70833815e-01,1.40518499e-03,1.65472775e-02,8.30466800e+00,1.66372329e+01,9.99665007e-02,2.06103098e-03,9.79671707e+01,2.01981036e+00
4.24000000e-01,-1.46140049e-02,2.67484895e-01,1.43923249e-03,1.74769685e-02,8.30466800e+00,1.67142231e+01,9.86809542e-02,1.93936338e-03,9.67073351e+01,1.90057611e+00
4.26000000e-01,-1.40824663e-02,2.64031982e-01,1.47504690e-03,1.83377296e-02,8.30466800e+00,1.67903520e+01,9.80434485e-02,1.96715898e-03,9.60825795e+01,1.92781580e+00
4.28000000e-01,-1.35579653e-02,2.60446575e-01,1.51259445e-03,1.92150482e-02,8.30466800e+00,1.68656101e+01,9.74807972e-02,2.02740117e-03,9.55311812e+01,1.98685315e+00
4.30000000e-01,-1.30407673e-02,2.56730224e-01,1.55191318e-03,2.01014923e-02,8.30466800e+00,1.69399880e+01,9.68661508e-02,2.04212015e-03,9.49288278e+01,2.00127775e+00
4.32000000e-01,-1.25311291e-02,2.52886847e-01,1.59299315e-03,2.09770379e-02,8.30466800e+00,1.70134765e+01,9.62731610e-02,2.06285300e-03,9.43476978e+01,2.02159594e+00
4.34000000e-01,-1.20293054e-02,2.48915170e-01,1.63582121e-03,2.18524077e-02,8.30466800e+00,1.70860665e+01,9.57515381e-02,2.10257732e-03,9.38365073e+01,2.06052577e+00
4.36000000e-01,-1.15355498e-02,2.44821366e-01,1.68038807e-03,2.27057165e-02,8.30466800e+00,1.71577490e+01,9.50796548e-02,2.07986216e-03,9.31780617e+01,2.03826492e+00
4.38000000e-01,-1.10500947e-02,2.40615498e-01,1.72660479e-03,2.35000935e-02,8.30466800e+00,1.72285152e+01,9.43901674e-02,2.04457449e-03,9.25023640e+01,2.00368300e+00
4.40000000e-01,-1.05731634e-02,2.36296334e-01,1.77436456e-03,2.42586536e-02,8.30466800e+00,1.72983562e+01,9.38162325e-02,2.07260060e-03,9.19399079e+01,2.03114859e+00
4.42000000e-01,-1.01050175e-02,2.31814874e-01,1.82367853e-03,2.50759018e-02,8.30466800e+00,1.73672633e+01,9.43428479e-02,2.23788446e-03,9.24559909e+01,2.19312677e+00
4.44000000e-01,-9.64597457e-03,2.27227377e-01,1.87461594e-03,2.58148198e-02,8.30466800e+00,1.74352281e+01,9.25279991e-02,1.98063225e-03,9.06774391e+01,1.94101961e+00
4.46000000e-01,-9.19613843e-03,2.22594272e-01,1.92681353e-03,2.63673313e-02,8.30466800e+00,1.75022420e+01,9.17176234e-02,1.92095308e-03,8.98832709e+01,1.88253402e+00
4.48000000e-01,-8.75566495e-03,2.17859978e-01,1.98007854e-03,2.69097584e-02,8.30466800e+00,1.75682968e+01,9.12775687e-02,2.03534174e-03,8.94520174e+01,1.99463491e+00
4.50000000e-01,-8.32477189e-03,2.13015632e-01,2.03448800e-03,2.75053385e-02,8.30466800e+00,1.76333843e+01,9.07520587e-02,2.11000814e-03,8.89370175e+01,2.06780798e+00
4.52000000e-01,-7.90366840e-03,2.08072325e-01,2.09010901e-03,2.81145818e-02,8.30466800e+00,1.76974964e+01,9.01323156e-02,2.14323032e-03,8.83296693e+01,2.10036571e+00
4.54000000e-01,-7.49254259e-03,2.03039016e-01,2.14693242e-03,2.87029588e-02,8.30466800e+00,1.77606252e+01,8.94785684e-02,2.14714349e-03,8.76889971e+01,2.10420062e+00
4.56000000e-01,-7.09156884e-03,1.97920960e-01,2.20489453e-03,2.92518781e-02,8.30466800e+00,1.78227628e+01,8.88185269e-02,2.14298439e-03,8.70421563e+01,2.10012470e+00
4.58000000e-01,-6.70091285e-03,1.92721771e-01,2.26391219e-03,2.97591876e-02,8.30466800e+00,1.78839015e+01,8.81642403e-02,2.14390583e-03,8.64009555e+01,2.10102772e+00
4.60000000e-01,-6.32073289e-03,1.87445880e-01,2.32390054e-03,3.02203806e-02,8.30466800e+00,1.79440337e+01,8.74858523e-02,2.13169151e-03,8.57361353e+01,2.08905768e+00
4.62000000e-01,-5.95123520e-03,1.82011189e-01,2.38482425e-03,3.07273693e-02,8.30466800e+00,1.80031520e+01,8.88366531e-02,2.32686790e-03,8.70599200e+01,2.28033054e+00
4.64000000e-01,-5.59274957e-03,1.76484342e-01,2.44676053e-03,3.11601489e-02,8.30466800e+00,1.80612490e+01,8.66902789e-02,2.06421050e-03,8.49564733e+01,2.02292629e+00
4.66000000e-01,-5.24528497e-03,1.70976790e-01,2.50928729e-03,3.13266235e-02,8.30466800e+00,1.81183176e+01,8.55268605e-02,1.85713268e-03,8.38163233e+01,1.81999002e+00
4.68000000e-01,-4.90888417e-03,1.65406612e-01,2.57206129e-03,3.14844944e-02,8.30466800e+00,1.81743506e+01,8.53849106e-02,2.13577936e-03,8.36772124e+01,2.09306377e+00
4.70000000e-01,-4.58371605e-03,1.59750148e-01,2.63531006e-03,3.17695519e-02,8.30466800e+00,1.82293411e+01,8.48656460e-02,2.21433875e-03,8.31683331e+01,2.17005198e+00
4.72000000e-01,-4.26992651e-03,1.54029281e-01,2.69915140e-03,3.20724605e-02,8.30466800e+00,1.82832823e+01,8.43049953e-02,2.26432745e-03,8.26188954e+01,2.21904090e+00
4.74000000e-01,-3.96763420e-03,1.48255501e-01,2.76358141e-03,3.23476402e-02,8.30466800e+00,1.83361674e+01,8.36108458e-02,2.24806206e-03,8.19386289e+01,2.20310082e+00
4.76000000e-01,-3.67693368e-03,1.42437966e-01,2.82849963e-03,3.25593268e-02,8.30466800e+00,1.83879900e+01,8.29306309e-02,2.22370481e-03,8.12720183e+01,2.17923071e+00
4.78000000e-01,-3.39791081e-03,1.36577719e-01,2.89378298e-03,3.27174117e-02,8.30466800e+00,1.84387436e+01,8.23073101e-02,2.22874657e-03,8.06611639e+01,2.18417164e+00
4.80000000e-01,-3.13064871e-03,1.30678617e-01,2.95933546e-03,3.28247870e-02,8.30466800e+00,1.84884219e+01,8.16327725e-02,2.21086374e-03,8.00001170e+01,2.16664646e+00
4.82000000e-01,-2.87529625e-03,1.24629674e-01,3.02511310e-03,3.29786107e-02,8.30466800e+00,1.85370187e+01,8.36996897e-02,2.42015767e-03,8.20256959e+01,2.37175452e+00
4.84000000e-01,-2.63218048e-03,1.18505037e-01,3.09118876e-03,3.30407278e-02,8.30466800e+00,1.85845280e+01,8.13918299e-02,2.11271697e-03,7.97639933e+01,2.07046263e+00
4.86000000e-01,-2.40122418e-03,1.12458269e-01,3.15706220e-03,3.27821584e-02,8.30466800e+00,1.86309440e+01,7.99700518e-02,1.84122590e-03,7.83706508e+01,1.80440138e+00
4.88000000e-01,-2.18235478e-03,1.06400440e-01,3.22230566e-03,3.25059900e-02,8.30466800e+00,1.86762608e+01,7.98389000e-02,2.16911268e-03,7.82421220e+01,2.12573042e+00
4.90000000e-01,-1.97566510e-03,1.00278602e-01,3.28724000e-03,3.24605614e-02,8.30466800e+00,1.87204728e+01,7.97535713e-02,2.41834408e-03,7.81584999e+01,2.36997720e+00
4.92000000e-01,-1.78126801e-03,9.41153005e-02,3.35220269e-03,3.24972952e-02,8.30466800e+00,1.87635746e+01,7.91957498e-02,2.43435845e-03,7.76118348e+01,2.38567128e+00
4.94000000e-01,-1.59921359e-03,8.79374650e-02,3.41719099e-03,3.24767521e-02,8.30466800e+00,1.88055608e+01,7.85818158e-02,2.39096279e-03,7.70101795e+01,2.34314353e+00
4.96000000e-01,-1.42951984e-03,8.17570961e-02,3.48204055e-03,3.23525008e-02,8.30466800e+00,1.88464261e+01,7.78444627e-02,2.30935957e-03,7.62875735e+01,2.26317238e+00
4.98000000e-01,-1.27217849e-03,7.55867930e-02,3.54651451e-03,3.20985336e-02,8.30466800e+00,1.88861657e+01,7.70369919e-02,2.21088887e-03,7.54962521e+01,2.16667109e+00
5.00000000e-01,-1.12717061e-03,6.94195857e-02,3.61038626e-03,3.17719422e-02,8.30466800e+00,1.89247744e+01,7.65632184e-02,2.24829929e-03,7.50319541e+01,2.20333330e+00
5.02000000e-01,-9.94608747e-04,6.30894902e-02,3.67369243e-03,3.15805531e-02,8.30466800e+00,1.89622475e+01,7.97354964e-02,2.58521311e-03,7.81407864e+01,2.53350885e+00
5.04000000e-01,-8.74855697e-04,5.66948183e-02,3.73666431e-03,3.13229346e-02,8.30466800e+00,1.89985803e+01,7.70683948e-02,2.19932086e-03,7.55270269e+01,2.15533444e+00
5.06000000e-01,-7.67734249e-04,5.04429764e-02,3.79872318e-03,3.06738850e-02,8.30466800e+00,1.90337685e+01,7.54978918e-02,1.85249382e-03,7.39879340e+01,1.81544395e+00
5.08000000e-01,-6.73065146e-04,4.42191014e-02,3.85936262e-03,3.00289803e-02,8.30466800e+00,1.90678075e+01,7.56166973e-02,2.29493775e-03,7.41043634e+01,2.24903900e+00
5.10000000e-01,-5.90887483e-04,3.79507691e-02,3.91905822e-03,2.97127178e-02,8.30466800e+00,1.91006931e+01,7.58403528e-02,2.62774175e-03,7.43235457e+01,2.57518692e+00
5.12000000e-01,-5.21274942e-04,3.16631292e-02,3.97830222e-03,2.95295345e-02,8.30466800e+00,1.91324214e+01,7.54739282e-02,2.65897937e-03,7.39644496e+01,2.60579978e+00
5.14000000e-01,-4.64219727e-04,2.53983477e-02,4.03711818e-03,2.92590876e-02,8.30466800e+00,1.91629883e+01,7.48148582e-02,2.52869737e-03,7.33185610e+01,2.47812342e+00
5.16000000e-01,-4.19653576e-04,1.91755268e-02,4.09522860e-03,2.88237016e-02,8.30466800e+00,1.91923900e+01,7.41041873e-02,2.39595331e-03,7.26221035e+01,2.34803424e+00
5.18000000e-01,-3.87489852e-04,1.29943553e-02,4.15232943e-03,2.82629943e-02,8.30466800e+00,1.92206230e+01,7.35538051e-02,2.34744370e-03,7.20827290e+01,2.30049483e+00
5.20000000e-01,-3.67650945e-04,6.85099588e-03,4.20823638e-03,2.76359999e-02,8.30466800e+00,1.92476836e+01,7.30335668e-02,2.33693601e-03,7.15728955e+01,2.29019729e+00
5.22000000e-01,-3.60186142e-04,5.57237727e-04,4.26297595e-03,2.71627635e-02,8.30466800e+00,1.92735687e+01,7.69818303e-02,2.74859878e-03,7.54421937e+01,2.69362680e+00
5.24000000e-01,-3.65454310e-04,-5.78499481e-03,4.31685480e-03,2.66405962e-02,8.30466800e+00,1.92982748e+01,7.41832384e-02,2.31138218e-03,7.26995737e+01,2.26515454e+00
5.26000000e-01,-3.83198464e-04,-1.19357521e-02,4.36925557e-03,2.56943320e-02,8.30466800e+00,1.93217990e+01,7.26272123e-02,1.93363629e-03,7.11746680e+01,1.89496356e+00
5.28000000e-01,-4.13156508e-04,-1.80252961e-02,4.41964826e-03,2.47722443e-02,8.30466800e+00,1.93441384e+01,7.29725566e-02,2.43452480e-03,7.15131055e+01,2.38583431e+00
5.30000000e-01,-4.55315160e-04,-2.41381049e-02,4.46860521e-03,2.42411138e-02,8.30466800e+00,1.93652902e+01,7.34900711e-02,2.82443426e-03,7.20202697e+01,2.76794558e+00
5.32000000e-01,-5.09704811e-04,-3.02447397e-02,4.51671768e-03,2.38674256e-02,8.30466800e+00,1.93852517e+01,7.32473316e-02,2.83387957e-03,7.17823850e+01,2.77720198e+00
5.34000000e-01,-5.76255487e-04,-3.62934312e-02,4.56400296e-03,2.33858247e-02,8.30466800e+00,1.94040205e+01,7.26546204e-02,2.66565902e-03,7.12015280e+01,2.61234584e+00
5.36000000e-01,-6.54828481e-04,-4.22670451e-02,4.61014350e-03,2.27280243e-02,8.30466800e+00,1.94215943e+01,7.21099471e-02,2.53020940e-03,7.06677481e+01,2.47960521e+00
5.38000000e-01,-7.45275337e-04,-4.81681675e-02,4.65483132e-03,2.19446321e-02,8.30466800e+00,1.94379708e+01,7.16748955e-02,2.46619501e-03,7.02413976e+01,2.41687111e+00
5.40000000e-01,-8.47454816e-04,-5.39997915e-02,4.69787447e-03,2.10899124e-02,8.30466800e+00,1.94531481e+01,7.12962207e-02,2.44232818e-03,6.98702962e+01,2.39348162e+00
5.42000000e-01,-9.61370094e-04,-5.99747898e-02,4.73933452e-03,2.04504708e-02,8.30466800e+00,1.94671242e+01,7.59309482e-02,2.97758676e-03,7.44123292e+01,2.91803502e+00
5.44000000e-01,-1.08737283e-03,-6.59780711e-02,4.77965508e-03,1.97791399e-02,8.30466800e+00,1.94798975e+01,7.29610044e-02,2.43323010e-03,7.15017843e+01,2.38456550e+00
5.46000000e-01,-1.22512542e-03,-7.17459260e-02,4.81813531e-03,1.86342069e-02,8.30466800e+00,1.94914663e+01,7.15305126e-02,2.03890692e-03,7.00999023e+01,1.99812878e+00
5.48000000e-01,-1.37429716e-03,-7.74247205e-02,4.85421337e-03,1.75214426e-02,8.30466800e+00,1.95018292e+01,7.20744430e-02,2.55277840e-03,7.06329542e+01,2.50172283e+00
5.50000000e-01,-1.53482452e-03,-8.31038489e-02,4.88850072e-03,1.68281010e-02,8.30466800e+00,1.95109850e+01,7.28255676e-02,2.96856598e-03,7.13690562e+01,2.90919466e+00
5.52000000e-01,-1.70669156e-03,-8.87514922e-02,4.92164076e-03,1.63072270e-02,8.30466800e+00,1.95189324e+01,7.27186142e-02,2.96234157e-03,7.12642419e+01,2.90309474e+00
5.54000000e-01,-1.88977306e-03,-9.43129943e-02,4.95365575e-03,1.56755399e-02,8.30466800e+00,1.95256705e+01,7.22844528e-02,2.78194979e-03,7.08387637e+01,2.72631080e+00
5.56000000e-01,-2.08387675e-03,-9.97743138e-02,4.98423048e-03,1.48752202e-02,8.30466800e+00,1.95311985e+01,7.19397733e-02,2.65237640e-03,7.05009778e+01,2.59932888e+00
5.58000000e-01,-2.28880371e-03,-1.05135729e-01,5.01307237e-03,1.39485300e-02,8.30466800e+00,1.95355157e+01,7.16008871e-02,2.55827149e-03,7.01688693e+01,2.50710606e+00
5.60000000e-01,-2.50435600e-03,-1.10401662e-01,5.03998254e-03,1.29587458e-02,8.30466800e+00,1.95386215e+01,7.14466435e-02,2.55878793e-03,7.00177106e+01,2.50761217e+00
5.62000000e-01,-2.73050441e-03,-1.15808656e-01,5.06511063e-03,1.22738307e-02,8.30466800e+00,1.95405155e+01,7.67214142e-02,3.23441150e-03,7.51869859e+01,3.16972327e+00
5.64000000e-01,-2.96759392e-03,-1.21220596e-01,5.08907177e-03,1.15798032e-02,8.30466800e+00,1.95411976e+01,7.34752930e-02,2.57413070e-03,7.20057871e+01,2.52264808e+00
5.66000000e-01,-3.21520651e-03,-1.26362123e-01,5.11109549e-03,1.03842970e-02,8.30466800e+00,1.95406676e+01,7.24028164e-02,2.21373321e-03,7.09547601e+01,2.16945855e+00
5.68000000e-01,-3.47297002e-03,-1.31395059e-01,5.13063234e-03,9.22385781e-03,8.30466800e+00,1.95389257e+01,7.30214195e-02,2.67614881e-03,7.15609911e+01,2.62262583e+00
5.70000000e-01,-3.74076659e-03,-1.36397761e-01,5.14824765e-03,8.44847393e-03,8.30466800e+00,1.95359719e+01,7.38620002e-02,3.04746937e-03,7.23847602e+01,2.98651998e+00
5.72000000e-01,-4.01852187e-03,-1.41341681e-01,5.16453062e-03,7.82965439e-03,8.30466800e+00,1.95318067e+01,7.38949721e-02,3.02828958e-03,7.24170727e+01,2.96772379e+00
5.74000000e-01,-4.30606613e-03,-1.46184831e-01,5.17951868e-03,7.13946029e-03,8.30466800e+00,1.95264307e+01,7.38347462e-02,2.91933954e-03,7.23580512e+01,2.86095275e+00
5.76000000e-01,-4.60318469e-03,-1.50913232e-01,5.19300091e-03,6.31794645e-03,8.30466800e+00,1.95198444e+01,7.36196623e-02,2.77223475e-03,7.21472690e+01,2.71679005e+00
5.78000000e-01,-4.90964025e-03,-1.55523435e-01,5.20471496e-03,5.38318064e-03,8.30466800e+00,1.95120487e+01,7.35555434e-02,2.69873415e-03,7.20844325e+01,2.64475946e+00
5.80000000e-01,-5.22520350e-03,-1.60021250e-01,5.21449880e-03,4.39617211e-03,8.30466800e+00,1.95030445e+01,7.35510619e-02,2.67695514e-03,7.20800407e+01,2.62341603e+00
5.82000000e-01,-5.54980308e-03,-1.64635797e-01,5.22252265e-03,3.74362114e-03,8.30466800e+00,1.94928331e+01,7.89144538e-02,3.41253734e-03,7.73361647e+01,3.34428660e+00
5.84000000e-01,-5.88373159e-03,-1.69227694e-01,5.22947767e-03,3.09767965e-03,8.30466800e+00,1.94814155e+01,7.57287343e-02,2.70098144e-03,7.42141596e+01,2.64696181e+00
5.86000000e-01,-6.22652419e-03,-1.73535114e-01,5.23459029e-03,1.96715793e-03,8.30466800e+00,1.94687933e+01,7.50475644e-02,2.40314843e-03,7.35466131e+01,2.35508546e+00
5.88000000e-01,-6.57779014e-03,-1.77719693e-01,5.23736049e-03,8.57903748e-04,8.30466800e+00,1.94549680e+01,7.57086344e-02,2.75005459e-03,7.41944617e+01,2.69505350e+00
5.90000000e-01,-6.93736209e-03,-1.81842957e-01,5.23822301e-03,5.02751820e-05,8.30466800e+00,1.94399414e+01,7.65331979e-02,3.03784148e-03,7.50025340e+01,2.97708465e+00
5.92000000e-01,-7.30510686e-03,-1.85883562e-01,5.23765329e-03,-6.19818436e-04,8.30466800e+00,1.94237153e+01,7.67625513e-02,3.03820035e-03,7.52273003e+01,2.97743634e+00
5.94000000e-01,-7.68082005e-03,-1.89809746e-01,5.23571935e-03,-1.32648109e-03,8.30466800e+00,1.94062916e+01,7.69104277e-02,2.95860364e-03,7.53722191e+01,2.89943156e+00
5.96000000e-01,-8.06426353e-03,-1.93612461e-01,5.23229150e-03,-2.11692635e-03,8.30466800e+00,1.93876727e+01,7.69919304e-02,2.85775989e-03,7.54520918e+01,2.80060470e+00
5.98000000e-01,-8.45518435e-03,-1.97286873e-01,5.22719546e-03,-2.99163954e-03,8.30466800e+00,1.93678607e+01,7.70884603e-02,2.77479700e-03,7.55466911e+01,2.71930106e+00
6.00000000e-01,-8.85332692e-03,-2.00835132e-01,5.22029504e-03,-3.91120859e-03,8.30466800e+00,1.93468582e+01,7.72796169e-02,2.75412396e-03,7.57340245e+01,2.69904148e+00
6.02000000e-01,-9.25857216e-03,-2.04454294e-01,5.21175697e-03,-4.52131386e-03,8.30466800e+00,1.93246677e+01,8.20388346e-02,3.41245677e-03,8.03980579e+01,3.34420763e+00
6.04000000e-01,-9.67111015e-03,-2.08022556e-01,5.20222852e-03,-5.10329865e-03,8.30466800e+00,1.93012920e+01,7.94430367e-02,2.79973514e-03,7.78541760e+01,2.74374043e+00
6.06000000e-01,-1.00904856e-02,-2.11325644e-01,5.19108708e-03,-6.07028913e-03,8.30466800e+00,1.92767340e+01,7.92523231e-02,2.58879449e-03,7.76672767e+01,2.53701860e+00
6.08000000e-01,-1.05163296e-02,-2.14504116e-01,5.17796055e-03,-7.01750347e-03,8.30466800e+00,1.92509968e+01,7.99943221e-02,2.82289550e-03,7.83944356e+01,2.76643759e+00
6.10000000e-01,-1.09484403e-02,-2.17589949e-01,5.16313523e-03,-7.78748920e-03,8.30466800e+00,1.92240835e+01,8.06023838e-02,2.93994117e-03,7.89903361e+01,2.88114234e+00
6.12000000e-01,-1.13866185e-02,-2.20569359e-01,5.14686881e-03,-8.47015089e-03,8.30466800e+00,1.91959975e+01,8.10722059e-02,2.98323328e-03,7.94507618e+01,2.92356861e+00
6.14000000e-01,-1.18306377e-02,-2.23428718e-01,5.12926517e-03,-9.13699754e-03,8.30466800e+00,1.91667422e+01,8.14100285e-02,2.94825963e-03,7.97818279e+01,2.88929444e+00
6.16000000e-01,-1.22802462e-02,-2.26157302e-01,5.11029759e-03,-9.83869292e-03,8.30466800e+00,1.91363213e+01,8.16753521e-02,2.88327229e-03,8.00418451e+01,2.82560685e+00
6.18000000e-01,-1.27351816e-02,-2.28758015e-01,5.08989736e-03,-1.05599476e-02,8.30466800e+00,1.91047386e+01,8.21251022e-02,2.87835650e-03,8.04826001e+01,2.82078937e+00
6.20000000e-01,-1.31951945e-02,-2.31233101e-01,5.06805846e-03,-1.12802140e-02,8.30466800e+00,1.90719980e+01,8.24847898e-02,2.85444169e-03,8.08350940e+01,2.79735285e+00
6.22000000e-01,-1.36601294e-02,-2.33731196e-01,5.04496584e-03,-1.17165225e-02,8.30466800e+00,1.90381035e+01,8.64480810e-02,3.44161247e-03,8.47191194e+01,3.37278022e+00
6.24000000e-01,-1.41300617e-02,-2.36142887e-01,5.02119856e-03,-1.21435267e-02,8.30466800e+00,1.90030594e+01,8.42918584e-02,2.84015448e-03,8.26060212e+01,2.78335139e+00
6.26000000e-01,-1.46045348e-02,-2.38305437e-01,4.99616904e-03,-1.29045368e-02,8.30466800e+00,1.89668699e+01,8.44906359e-02,2.70508018e-03,8.28008232e+01,2.65097858e+00
6.28000000e-01,-1.50831977e-02,-2.40339443e-01,4.96958838e-03,-1.36536025e-02,8.30466800e+00,1.89295396e+01,8.51871993e-02,2.82756831e-03,8.34834553e+01,2.77101694e+00
6.30000000e-01,-1.55658185e-02,-2.42262295e-01,4.94162917e-03,-1.42908733e-02,8.30466800e+00,1.88910732e+01,8.58251029e-02,2.90006221e-03,8.41086009e+01,2.84206096e+00
6.32000000e-01,-1.60522352e-02,-2.44167656e-01,4.91282228e-03,-1.43321371e-02,8.29070417e+00,1.88514753e+01,8.87415037e-02,4.03752709e-03,8.69666736e+01,3.95677654e+00
6.34000000e-01,-1.65424429e-02,-2.46003681e-01,4.88450215e-03,-1.40711040e-02,8.14965543e+00,1.88107510e+01,8.81989699e-02,3.49398612e-03,8.64349905e+01,3.42410640e+00
6.36000000e-01,-1.70361523e-02,-2.47693222e-01,4.85645962e-03,-1.39274425e-02,8.00860668e+00,1.87689052e+01,8.93418652e-02,3.75106254e-03,8.75550279e+01,3.67604129e+00
6.38000000e-01,-1.75331650e-02,-2.49306641e-01,4.82896101e-03,-1.35308635e-02,7.86755794e+00,1.87259431e+01,9.04708372e-02,3.98543098e-03,8.86614204e+01,3.90572236e+00
6.40000000e-01,-1.80333297e-02,-2.50846373e-01,4.80250599e-03,-1.28795715e-02,7.72650919e+00,1.86818701e+01,9.16966421e-02,4.24766511e-03,8.98627093e+01,4.16271180e+00
6.42000000e-01,-1.85365639e-02,-2.52406127e-01,4.77774838e-03,-1.17698647e-02,7.58546045e+00,1.86366917e+01,9.50404232e-02,4.91186737e-03,9.31396147e+01,4.81363002e+00
6.44000000e-01,-1.90429088e-02,-2.53897699e-01,4.75556239e-03,-1.04563821e-02,7.44441171e+00,1.85904133e+01,9.42305860e-02,4.64314415e-03,9.23459743e+01,4.55028127e+00
6.46000000e-01,-1.95520402e-02,-2.55217575e-01,4.73588573e-03,-9.19857281e-03,7.30336296e+00,1.85430409e+01,9.51790667e-02,4.76639486e-03,9.32754853e+01,4.67106697e+00
6.48000000e-01,-2.00637220e-02,-2.56451849e-01,4.71890160e-03,-7.74053760e-03,7.16231422e+00,1.84945802e+01,9.64022006e-02,5.03857887e-03,9.44741566e+01,4.93780729e+00
6.50000000e-01,-2.05777927e-02,-2.57603806e-01,4.70507222e-03,-6.05956136e-03,7.02126547e+00,1.84450373e+01,9.74472712e-02,5.21391800e-03,9.54983258e+01,5.10963964e+00
6.52000000e-01,-2.10940790e-02,-2.58668447e-01,4.69479468e-03,-4.18161643e-03,6.88021673e+00,1.83944184e+01,9.85720309e-02,5.43658256e-03,9.66005903e+01,5.32785091e+00
6.54000000e-01,-2.16124109e-02,-2.59649655e-01,4.68847999e-03,-2.10235143e-03,6.73916798e+00,1.83427296e+01,9.97248778e-02,5.62663199e-03,9.77303803e+01,5.51409935e+00
6.56000000e-01,-2.21326295e-02,-2.60558632e-01,4.68653556e-03,2.02309290e-04,6.59811924e+00,1.82899774e+01,1.01127116e-01,5.90598819e-03,9.91045739e+01,5.78786843e+00
6.58000000e-01,-2.26546088e-02,-2.61412662e-01,4.68946750e-03,2.77434761e-03,6.45707049e+00,1.82361684e+01,1.02698469e-01,6.19101488e-03,1.00644500e+02,6.06719458e+00
6.60000000e-01,-2.31782586e-02,-2.62234377e-01,4.69783682e-03,5.65216402e-03,6.31602175e+00,1.81813092e+01,1.04643304e-01,6.55862172e-03,1.02550438e+02,6.42744929e+00
6.62000000e-01,-2.37035507e-02,-2.63062725e-01,4.71230531e-03,8.87367179e-03,6.17497300e+00,1.81254067e+01,1.07138217e-01,6.93180131e-03,1.04995452e+02,6.79316529e+00
6.64000000e-01,-2.42304836e-02,-2.63852333e-01,4.73340935e-03,1.22119407e-02,6.03392426e+00,1.80684677e+01,1.08036241e-01,6.83248202e-03,1.05875516e+02,6.69583238e+00
6.66000000e-01,-2.47589047e-02,-2.64558981e-01,4.76110208e-03,1.54737296e-02,5.89287551e+00,1.80104994e+01,1.09510399e-01,6.80949669e-03,1.07320191e+02,6.67330676e+00
6.68000000e-01,-2.52886149e-02,-2.65108574e-01,4.79506258e-03,1.83730364e-02,5.75182677e+00,1.79515088e+01,1.08688002e-01,6.11891655e-03,1.06514242e+02,5.99653822e+00
6.70000000e-01,-2.58192559e-02,-2.65533455e-01,4.83452737e-03,2.11720450e-02,5.61077802e+00,1.78915035e+01,1.10926267e-01,6.65423925e-03,1.08707741e+02,6.52115446e+00
6.72000000e-01,-2.63507462e-02,-2.65954622e-01,4.88006412e-03,2.44410328e-02,5.46972928e+00,1.78304907e+01,1.12938163e-01,7.16915305e-03,1.10679399e+02,7.02576999e+00
6.74000000e-01,-2.68830628e-02,-2.66358504e-01,4.93257598e-03,2.81366926e-02,5.32868053e+00,1.77684780e+01,1.14866165e-01,7.62335960e-03,1.12568842e+02,7.47089241e+00
6.76000000e-01,-2.74161609e-02,-2.66733402e-01,4.99282478e-03,3.21531591e-02,5.18763179e+00,1.77054732e+01,1.16611127e-01,7.92697393e-03,1.14278904e+02,7.76843445e+00
6.78000000e-01,-2.79499703e-02,-2.67069150e-01,5.06134825e-03,3.64090476e-02,5.04658304e+00,1.76414841e+01,1.18307570e-01,8.22207609e-03,1.15941419e+02,8.05763457e+00
6.80000000e-01,-2.84844060e-02,-2.67357630e-01,5.13858514e-03,4.08511724e-02,4.90553430e+00,1.75765186e+01,1.19868136e-01,8.42641916e-03,1.17470773e+02,8.25789077e+00
6.82000000e-01,-2.90193059e-02,-2.67503636e-01,5.22467820e-03,4.51812214e-02,4.76448555e+00,1.75105847e+01,1.19344088e-01,8.10802668e-03,1.16957206e+02,7.94586615e+00
6.84000000e-01,-2.95543716e-02,-2.67576239e-01,5.31945065e-03,4.97221597e-02,4.62343681e+00,1.74436907e+01,1.22520572e-01,9.00266526e-03,1.20070161e+02,8.82261196e+00
6.86000000e-01,-3.00896095e-02,-2.67646798e-01,5.42383503e-03,5.46653537e-02,4.48238806e+00,1.73758448e+01,1.23665252e-01,9.09946637e-03,1.21191947e+02,8.91747704e+00
6.88000000e-01,-3.06249085e-02,-2.67641908e-01,5.53814697e-03,5.96608998e-02,4.34133932e+00,1.73070554e+01,1.25127297e-01,9.27382169e-03,1.22624751e+02,9.08834525e+00
6.90000000e-01,-3.11601412e-02,-2.67583235e-01,5.66257544e-03,6.48016349e-02,4.20029057e+00,1.72373312e+01,1.26777924e-01,9.57988920e-03,1.24242366e+02,9.38829141e+00
6.92000000e-01,-3.16952084e-02,-2.67475060e-01,5.79746680e-03,7.01122875e-02,4.05924183e+00,1.71666807e+01,1.28338891e-01,9.82102208e-03,1.25772113e+02,9.62460164e+00
6.94000000e-01,-3.22300055e-02,-2.67312971e-01,5.94311826e-03,7.55634260e-02,3.91819308e+00,1.70951127e+01,1.29884409e-01,1.00806280e-02,1.27286721e+02,9.87901545e+00
6.96000000e-01,-3.27644244e-02,-2.67097086e-01,6.09980765e-03,8.11452698e-02,3.77714434e+00,1.70226360e+01,1.31445260e-01,1.03169440e-02,1.28816354e+02,1.01106051e+01
6.98000000e-01,-3.32983612e-02,-2.66832249e-01,6.26778763e-03,8.68595474e-02,3.63609559e+00,1.69492598e+01,1.33100248e-01,1.05962561e-02,1.30438243e+02,1.03843309e+01
7.00000000e-01,-3.38317210e-02,-2.66518748e-01,6.44733322e-03,9.27048782e-02,3.49504685e+00,1.68749930e+01,1.34663303e-01,1.08461403e-02,1.31970037e+02,1.06292175e+01
7.02000000e-01,-3.43642617e-02,-2.65943406e-01,6.63826501e-03,9.80370871e-02,3.35399810e+00,1.67998449e+01,1.31331033e-01,9.78971828e-03,1.28704412e+02,9.59392392e+00
7.04000000e-01,-3.48954570e-02,-2.65311596e-01,6.83969609e-03,1.03690975e-01,3.21294936e+00,1.67238248e+01,1.37682923e-01,1.18069176e-02,1.34929265e+02,1.15707792e+01
7.06000000e-01,-3.54255542e-02,-2.64748990e-01,7.05344112e-03,1.09963153e-01,3.07190061e+00,1.66469421e+01,1.37277589e-01,1.13902631e-02,1.34532037e+02,1.11624578e+01
7.08000000e-01,-3.59543572e-02,-2.64042831e-01,7.27935861e-03,1.15950225e-01,2.93085187e+00,1.65692064e+01,1.38648086e-01,1.15287718e-02,1.35875124e+02,1.12981964e+01
7.10000000e-01,-3.64816972e-02,-2.63294212e-01,7.51734462e-03,1.22091172e-01,2.78980312e+00,1.64906274e+01,1.40593248e-01,1.20507438e-02,1.37781383e+02,1.18097289e+01
7.12000000e-01,-3.70075083e-02,-2.62506951e-01,7.76784502e-03,1.28414688e-01,2.64875438e+00,1.64112147e+01,1.42040643e-01,1.22672656e-02,1.39199830e+02,1.20219202e+01
7.14000000e-01,-3.75316853e-02,-2.61660075e-01,8.03104221e-03,1.34796448e-01,2.50770563e+00,1.63309782e+01,1.43482623e-01,1.25463932e-02,1.40612970e+02,1.22954654e+01
7.16000000e-01,-3.80541096e-02,-2.60754710e-01,8.30707901e-03,1.41250495e-01,2.36665689e+00,1.62499279e+01,1.44942259e-01,1.28107032e-02,1.42043414e+02,1.25544891e+01
7.18000000e-01,-3.85746657e-02,-2.59791801e-01,8.59608709e-03,1.47768882e-01,2.22560815e+00,1.61680738e+01,1.46391287e-01,1.30916562e-02,1.43463462e+02,1.28298231e+01
7.20000000e-01,-3.90932409e-02,-2.58775051e-01,8.89819599e-03,1.54349436e-01,2.08455940e+00,1.60854261e+01,1.47921530e-01,1.33700949e-02,1.44963100e+02,1.31026930e+01
7.22000000e-01,-3.96095204e-02,-2.57390070e-01,9.21293129e-03,1.60099809e-01,1.94351066e+00,1.60019951e+01,1.42006412e-01,1.17962629e-02,1.39166284e+02,1.15603376e+01
7.24000000e-01,-4.01227680e-02,-2.55955273e-01,9.53885118e-03,1.66233983e-01,1.80246191e+00,1.59177910e+01,1.50953506e-01,1.46389577e-02,1.47934436e+02,1.43461786e+01
7.26000000e-01,-4.06334332e-02,-2.54657922e-01,9.87834855e-03,1.73090132e-01,1.66141317e+00,1.58328243e+01,1.49391930e-01,1.37938171e-02,1.46404092e+02,1.35179408e+01
7.28000000e-01,-4.11412748e-02,-2.53173224e-01,1.02308647e-02,1.79425881e-01,1.52036442e+00,1.57471056e+01,1.50727352e-01,1.40476463e-02,1.47712805e+02,1.37666934e+01
7.30000000e-01,-4.16460977e-02,-2.51646050e-01,1.05961251e-02,1.85871162e-01,1.37931568e+00,1.56606456e+01,1.52526626e-01,1.45429094e-02,1.49476094e+02,1.42520512e+01
7.32000000e-01,-4.21478322e-02,-2.50078638e-01,1.09744425e-02,1.92456097e-01,1.23826693e+00,1.55734548e+01,1.53889217e-01,1.48785494e-02,1.50811433e+02,1.45809784e+01
7.34000000e-01,-4.26463684e-02,-2.48445426e-01,1.13659464e-02,1.99036439e-01,1.09721819e+00,1.54855442e+01,1.55065380e-01,1.50898700e-02,1.51964072e+02,1.47880726e+01
7.36000000e-01,-4.31415693e-02,-2.46745387e-01,1.17705673e-02,2.05585371e-01,9.56169441e-01,1.53969246e+01,1.56376983e-01,1.53879782e-02,1.53249444e+02,1.50802186e+01
7.38000000e-01,-4.36333103e-02,-2.44985918e-01,1.21882852e-02,2.12130256e-01,8.15120697e-01,1.53076071e+01,1.57698032e-01,1.56754407e-02,1.54544072e+02,1.53619319e+01
7.40000000e-01,-4.41214735e-02,-2.43167258e-01,1.26190746e-02,2.18654544e-01,6.74071952e-01,1.52176027e+01,1.58986219e-01,1.59574951e-02,1.55806494e+02,1.56383452e+01
7.42000000e-01,-4.46056586e-02,-2.40867544e-01,1.30621029e-02,2.23978293e-01,5.33023207e-01,1.51269226e+01,1.50418406e-01,1.37860700e-02,1.47410038e+02,1.35103486e+01
7.44000000e-01,-4.50848999e-02,-2.38502198e-01,1.35151938e-02,2.29610864e-01,3.91974462e-01,1.50355781e+01,1.61374895e-01,1.72508905e-02,1.58147397e+02,1.69058727e+01
7.46000000e-01,-4.55598033e-02,-2.36340642e-01,1.39810940e-02,2.36064842e-01,2.50925717e-01,1.49435804e+01,1.59065792e-01,1.61730514e-02,1.55884476e+02,1.58495903e+01
7.48000000e-01,-4.60301274e-02,-2.33976484e-01,1.44590391e-02,2.41897754e-01,1.09876972e-01,1.48509409e+01,1.60489611e-01,1.66276739e-02,1.57279819e+02,1.62951204e+01
7.50000000e-01,-4.64956787e-02,-2.31566462e-01,1.49487249e-02,2.47790486e-01,-3.11717726e-02,1.47576713e+01,1.61804310e-01,1.69957635e-02,1.58568224e+02,1.66558482e+01
7.52000000e-01,-4.69563478e-02,-2.29088213e-01,1.54501827e-02,2.53655754e-01,-1.72220517e-01,1.46637830e+01,1.62665941e-01,1.72839963e-02,1.59412622e+02,1.69383164e+01
7.54000000e-01,-4.74119823e-02,-2.26536089e-01,1.59632915e-02,2.59436525e-01,-3.13269262e-01,1.45692877e+01,1.63807884e-01,1.75490497e-02,1.60531727e+02,1.71980687e+01
7.56000000e-01,-4.78624472e-02,-2.23916538e-01,1.64878633e-02,2.65119012e-01,-4.54318007e-01,1.44741971e+01,1.64778268e-01,1.78247605e-02,1.61482703e+02,1.74682653e+01
7.58000000e-01,-4.83076025e-02,-2.21228056e-01,1.70237004e-02,2.70700776e-01,-5.95366752e-01,1.43785230e+01,1.65841991e-01,1.81008266e-02,1.62525152e+02,1.77388101e+01
7.60000000e-01,-4.87473126e-02,-2.18469368e-01,1.75705800e-02,2.76153063e-01,-7.36415497e-01,1.42822773e+01,1.66738411e-01,1.83320117e-02,1.63403643e+02,1.79653714e+01
7.62000000e-01,-4.91810899e-02,-2.15125687e-01,1.81272980e-02,2.80083615e-01,-8.77464242e-01,1.41854719e+01,1.55726220e-01,1.57002106e-02,1.52611696e+02,1.53862064e+01
7.64000000e-01,-4.96077611e-02,-2.11700668e-01,1.86910499e-02,2.84217165e-01,-1.01851299e+00,1.40881188e+01,1.68335376e-01,1.95620033e-02,1.64968668e+02,1.91707632e+01
7.66000000e-01,-5.00280699e-02,-2.08541575e-01,1.92647437e-02,2.89216172e-01,-1.15956173e+00,1.39902302e+01,1.65383935e-01,1.83342207e-02,1.62076257e+02,1.79675363e+01
7.68000000e-01,-5.04417877e-02,-2.05172854e-01,1.98474839e-02,2.93569192e-01,-1.30061048e+00,1.38918181e+01,1.66827965e-01,1.90368050e-02,1.63491405e+02,1.86560689e+01
7.70000000e-01,-5.08487278e-02,-2.01753847e-01,2.04390466e-02,2.97961416e-01,-1.44165922e+00,1.37928947e+01,1.67544714e-01,1.92597919e-02,1.64193820e+02,1.88745961e+01
7.72000000e-01,-5.12487432e-02,-1.98245070e-01,2.10391947e-02,3.02151303e-01,-1.58270797e+00,1.36934724e+01,1.68009988e-01,1.94677317e-02,1.64649788e+02,1.90783771e+01
7.74000000e-01,-5.16416499e-02,-1.94649135e-01,2.16475258e-02,3.06152261e-01,-1.72375671e+00,1.35935634e+01,1.68730089e-01,1.97306263e-02,1.65355487e+02,1.93360137e+01
7.76000000e-01,-5.20272903e-02,-1.90979054e-01,2.22636922e-02,3.09985889e-01,-1.86480546e+00,1.34931802e+01,1.69440396e-01,1.99951695e-02,1.66051588e+02,1.95952661e+01
7.78000000e-01,-5.24055110e-02,-1.87226309e-01,2.28873462e-02,3.13634740e-01,-2.00585420e+00,1.33923352e+01,1.69901232e-01,2.02322112e-02,1.66503208e+02,1.98275670e+01
7.80000000e-01,-5.27761380e-02,-1.83387170e-01,2.35180950e-02,3.17079354e-01,-2.14690295e+00,1.32910409e+01,1.70462725e-01,2.04661236e-02,1.67053471e+02,2.00568011e+01
7.82000000e-01,-5.31386329e-02,-1.78907870e-01,2.41545356e-02,3.18832281e-01,-2.28795169e+00,1.31893099e+01,1.57918992e-01,1.75896273e-02,1.54760612e+02,1.72378347e+01
7.84000000e-01,-5.34917114e-02,-1.74341445e-01,2.47935096e-02,3.20713353e-01,-2.42900044e+00,1.30871547e+01,1.71328443e-01,2.16473869e-02,1.67901874e+02,2.12144392e+01
7.86000000e-01,-5.38362090e-02,-1.70090457e-01,2.54379616e-02,3.23453326e-01,-2.57004918e+00,1.29845882e+01,1.68119214e-01,2.03118718e-02,1.64756830e+02,1.99056344e+01
7.88000000e-01,-5.41719446e-02,-1.65646556e-01,2.60868900e-02,3.25543922e-01,-2.71109792e+00,1.28816230e+01,1.69579437e-01,2.12105588e-02,1.66187848e+02,2.07863476e+01
7.90000000e-01,-5.44987786e-02,-1.61177799e-01,2.67402241e-02,3.27764598e-01,-2.85214667e+00,1.27782718e+01,1.70224629e-01,2.15173283e-02,1.66820136e+02,2.10869817e+01
7.92000000e-01,-5.48165927e-02,-1.56614484e-01,2.73977649e-02,3.29710047e-01,-2.99319541e+00,1.26745475e+01,1.69982810e-01,2.15713792e-02,1.66583154e+02,2.11399516e+01
7.94000000e-01,-5.51251619e-02,-1.51939201e-01,2.80588407e-02,3.31320240e-01,-3.13424416e+00,1.25704630e+01,1.70146179e-01,2.17573426e-02,1.66743256e+02,2.13221957e+01
7.96000000e-01,-5.54242921e-02,-1.47177793e-01,2.87228744e-02,3.32673299e-01,-3.27529290e+00,1.24660312e+01,1.70431556e-01,2.19797082e-02,1.67022925e+02,2.15401140e+01
7.98000000e-01,-5.57138149e-02,-1.42329180e-01,2.93893660e-02,3.33774504e-01,-3.41634165e+00,1.23612649e+01,1.70491608e-01,2.21803631e-02,1.67081776e+02,2.17367558e+01
8.00000000e-01,-5.59935412e-02,-1.37379087e-01,3.00577723e-02,3.34575582e-01,-3.55739039e+00,1.22561773e+01,1.70363849e-01,2.23042551e-02,1.66956572e+02,2.18581700e+01
8.02000000e-01,-5.62628465e-02,-1.31701815e-01,3.07263675e-02,3.33425765e-01,-3.69843914e+00,1.21507814e+01,1.55720028e-01,1.90407973e-02,1.52605627e+02,1.86599813e+01
8.04000000e-01,-5.65202840e-02,-1.25927824e-01,3.13914627e-02,3.32256899e-01,-3.83948788e+00,1.20450902e+01,1.70229668e-01,2.32151231e-02,1.66825075e+02,2.27508207e+01
8.06000000e-01,-5.67667936e-02,-1.20507499e-01,3.20559146e-02,3.31867213e-01,-3.98053663e+00,1.19391168e+01,1.66018409e-01,2.16255413e-02,1.62698041e+02,2.11930305e+01
8.08000000e-01,-5.70021474e-02,-1.14837317e-01,3.27182820e-02,3.30503264e-01,-4.12158537e+00,1.18328745e+01,1.66335526e-01,2.21169381e-02,1.63008816e+02,2.16745993e+01
8.10000000e-01,-5.72260986e-02,-1.09100782e-01,3.33778753e-02,3.29060804e-01,-4.26263412e+00,1.17263763e+01,1.66319459e-01,2.24036017e-02,1.62993069e+02,2.19555297e+01
8.12000000e-01,-5.74384690e-02,-1.03242064e-01,3.40342415e-02,3.27192722e-01,-4.40368286e+00,1.16196355e+01,1.65237874e-01,2.21619384e-02,1.61933116e+02,2.17186996e+01
8.14000000e-01,-5.76389746e-02,-9.72450159e-02,3.46863176e-02,3.24831827e-01,-4.54473161e+00,1.15126653e+01,1.64748229e-01,2.23016654e-02,1.61453264e+02,2.18556321e+01
8.16000000e-01,-5.78273814e-02,-9.11464571e-02,3.53333735e-02,3.22178050e-01,-4.68578035e+00,1.14054790e+01,1.64428682e-01,2.24726099e-02,1.61140108e+02,2.20231577e+01
8.18000000e-01,-5.80034928e-02,-8.49463920e-02,3.59748252e-02,3.19217397e-01,-4.82682910e+00,1.12980899e+01,1.63839169e-01,2.25750760e-02,1.60562386e+02,2.21235745e+01
8.20000000e-01,-5.81670995e-02,-7.86450861e-02,3.66100214e-02,3.15924316e-01,-4.96787784e+00,1.11905113e+01,1.63424176e-01,2.26835896e-02,1.60155693e+02,2.22299178e+01
8.22000000e-01,-5.83175721e-02,-7.15923364e-02,3.72371869e-02,3.10628177e-01,-5.10892659e+00,1.10827565e+01,1.47536096e-01,1.92685167e-02,1.44585374e+02,1.88831463e+01
8.24000000e-01,-5.84534427e-02,-6.45004194e-02,3.78526083e-02,3.05443152e-01,-5.24997533e+00,1.09748390e+01,1.63647941e-01,2.37983726e-02,1.60374982e+02,2.33224052e+01
8.26000000e-01,-5.85759030e-02,-5.79022948e-02,3.84597447e-02,3.01435905e-01,-5.39102408e+00,1.08667721e+01,1.60101087e-01,2.26095419e-02,1.56899066e+02,2.21573510e+01
8.28000000e-01,-5.86849240e-02,-5.11122950e-02,3.90577984e-02,2.96598420e-01,-5.53207282e+00,1.07585692e+01,1.60081981e-01,2.29120309e-02,1.56880341e+02,2.24537903e+01
8.30000000e-01,-5.87803186e-02,-4.42718781e-02,3.96460939e-02,2.91694279e-01,-5.67312157e+00,1.06502438e+01,1.59729585e-01,2.33120556e-02,1.56534993e+02,2.28458145e+01
8.32000000e-01,-5.88619499e-02,-3.73390955e-02,4.02243760e-02,2.86490903e-01,-5.81417031e+00,1.05418092e+01,1.58618228e-01,2.31121360e-02,1.55445863e+02,2.26498933e+01
8.34000000e-01,-5.89296172e-02,-3.03197462e-02,4.07917946e-02,2.80893134e-01,-5.95521906e+00,1.04332790e+01,1.58287755e-01,2.32970926e-02,1.55122000e+02,2.28311508e+01
8.36000000e-01,-5.89831903e-02,-2.32423990e-02,4.13478000e-02,2.75072562e-01,-6.09626780e+00,1.03246665e+01,1.57729144e-01,2.34411265e-02,1.54574561e+02,2.29723039e+01
8.38000000e-01,-5.90225323e-02,-1.60832678e-02,4.18919009e-02,2.68976113e-01,-6.23731655e+00,1.02159854e+01,1.56726993e-01,2.34977799e-02,1.53592454e+02,2.30278243e+01
8.40000000e-01,-5.90474676e-02,-8.84055158e-03,4.24235182e-02,2.62600376e-01,-6.37836529e+00,1.01072489e+01,1.56009053e-01,2.36169389e-02,1.52888872e+02,2.31446001e+01
8.42000000e-01,-5.90573799e-02,-8.25967107e-04,4.29409526e-02,2.54200227e-01,-6.51941404e+00,9.99847076e+00,1.38803106e-01,1.99908974e-02,1.36027043e+02,1.95910795e+01
8.44000000e-01,-5.90507863e-02,7.16644969e-03,4.34404368e-02,2.45976419e-01,-6.66046278e+00,9.88966430e+00,1.56506883e-01,2.47042693e-02,1.53376745e+02,2.42101839e+01
8.46000000e-01,-5.90291062e-02,1.45707494e-02,4.39257439e-02,2.39080997e-01,-6.80151153e+00,9.78084307e+00,1.52398851e-01,2.34751883e-02,1.49350874e+02,2.30056845e+01
8.48000000e-01,-5.89923868e-02,2.21496864e-02,4.43962400e-02,2.31404378e-01,-6.94256027e+00,9.67202058e+00,1.52157250e-01,2.37398024e-02,1.49114105e+02,2.32650064e+01
8.50000000e-01,-5.89404977e-02,2.97432505e-02,4.48513615e-02,2.23727884e-01,-7.08360902e+00,9.56321031e+00,1.51664451e-01,2.41287616e-02,1.48631162e+02,2.36461863e+01
8.52000000e-01,-5.88733700e-02,3.74025840e-02,4.52909513e-02,2.15751074e-01,-7.22465776e+00,9.45442577e+00,1.50103598e-01,2.37406350e-02,1.47101526e+02,2.32658223e+01
8.54000000e-01,-5.87908328e-02,4.51436888e-02,4.57140664e-02,2.07325179e-01,-7.36570651e+00,9.34568045e+00,1.49111462e-01,2.37940050e-02,1.46129233e+02,2.33181249e+01
8.56000000e-01,-5.86927612e-02,5.29358751e-02,4.61200968e-02,1.98666514e-01,-7.50675525e+00,9.23698784e+00,1.48141144e-01,2.38356112e-02,1.45178322e+02,2.33588989e+01
8.58000000e-01,-5.85790653e-02,6.07640965e-02,4.65086053e-02,1.89817172e-01,-7.64780400e+00,9.12836143e+00,1.47373224e-01,2.39523892e-02,1.44425760e+02,2.34733414e+01
8.60000000e-01,-5.84496728e-02,6.86402174e-02,4.68792193e-02,1.80748635e-01,-7.78885274e+00,9.01981469e+00,1.45997694e-01,2.39086502e-02,1.43077740e+02,2.34304772e+01
8.62000000e-01,-5.83040216e-02,7.72404735e-02,4.72304104e-02,1.69896187e-01,-7.92990148e+00,8.91136108e+00,1.29297283e-01,2.07138653e-02,1.26711337e+02,2.02995880e+01
8.64000000e-01,-5.81407668e-02,8.57570025e-02,4.75590212e-02,1.59369271e-01,-8.07095023e+00,8.80301407e+00,1.46657294e-01,2.50659516e-02,1.43724148e+02,2.45646326e+01
8.66000000e-01,-5.79613928e-02,9.36748071e-02,4.78685989e-02,1.49909485e-01,-8.21199897e+00,8.69478709e+00,1.41855688e-01,2.33997640e-02,1.39018574e+02,2.29317687e+01
8.68000000e-01,-5.77659744e-02,1.01732376e-01,4.81581994e-02,1.39760043e-01,-8.30466800e+00,8.58669356e+00,1.41829047e-01,2.40362491e-02,1.38992466e+02,2.35555242e+01
8.70000000e-01,-5.75544367e-02,1.09829804e-01,4.84275289e-02,1.29445475e-01,-8.30466800e+00,8.47874690e+00,1.39230400e-01,2.34420822e-02,1.36445792e+02,2.29732406e+01
8.72000000e-01,-5.73265653e-02,1.18062006e-01,4.86754675e-02,1.18360310e-01,-8.30466800e+00,8.37096050e+00,1.36853096e-01,2.27774300e-02,1.34116034e+02,2.23218814e+01
8.74000000e-01,-5.70821104e-02,1.26411565e-01,4.89004921e-02,1.06558153e-01,-8.30466800e+00,8.26334772e+00,1.34526521e-01,2.22633546e-02,1.31835990e+02,2.18180875e+01
8.76000000e-01,-5.68209102e-02,1.34774350e-01,4.91016095e-02,9.46201827e-02,-8.30466800e+00,8.15592193e+00,1.34445981e-01,2.27845649e-02,1.31757061e+02,2.23288736e+01
8.78000000e-01,-5.65430161e-02,1.43132497e-01,4.92788965e-02,8.25677150e-02,-8.30466800e+00,8.04869643e+00,1.32400441e-01,2.22811706e-02,1.29752432e+02,2.18355472e+01
8.80000000e-01,-5.62483690e-02,1.51507465e-01,4.94317011e-02,7.02462427e-02,-8.30466800e+00,7.94168454e+00,1.31681852e-01,2.24432492e-02,1.29048215e+02,2.19943843e+01
8.82000000e-01,-5.59366070e-02,1.60451295e-01,4.95591232e-02,5.67875043e-02,-8.30466800e+00,7.83489954e+00,1.16598363e-01,2.00814137e-02,1.14266396e+02,1.96797854e+01
8.84000000e-01,-5.56066815e-02,1.69218695e-01,4.96591855e-02,4.38302836e-02,-8.30466800e+00,7.72835466e+00,1.33148079e-01,2.36443974e-02,1.30485118e+02,2.31715094e+01
8.86000000e-01,-5.52602060e-02,1.77275479e-01,4.97352243e-02,3.20430511e-02,-8.30466800e+00,7.62206312e+00,1.30408036e-01,2.26505909e-02,1.27799876e+02,2.21975791e+01
8.88000000e-01,-5.48975898e-02,1.85316930e-01,4.97871703e-02,1.99747251e-02,-8.30466800e+00,7.51603812e+00,1.30579153e-01,2.31335453e-02,1.27967570e+02,2.26708744e+01
8.90000000e-01,-5.45190241e-02,1.93229689e-01,4.98153372e-02,8.22725730e-03,-8.30466800e+00,7.41029280e+00,1.30357267e-01,2.33691205e-02,1.27750122e+02,2.29017381e+01
8.92000000e-01,-5.41246981e-02,2.01101844e-01,4.98199553e-02,-3.70621031e-03,-8.30466800e+00,7.30484028e+00,1.28341093e-01,2.27545600e-02,1.25774271e+02,2.22994688e+01
8.94000000e-01,-5.37146437e-02,2.08933470e-01,4.98003608e-02,-1.58668745e-02,-8.30466800e+00,7.19969364e+00,1.27988961e-01,2.28692146e-02,1.25429182e+02,2.24118303e+01
8.96000000e-01,-5.32890499e-02,2.16636547e-01,4.97566552e-02,-2.77765205e-02,-8.30466800e+00,7.09486592e+00,1.27902271e-01,2.32238976e-02,1.25344225e+02,2.27594196e+01
8.98000000e-01,-5.28481746e-02,2.24223982e-01,4.96893818e-02,-3.94955982e-02,-8.30466800e+00,6.99037014e+00,1.27123242e-01,2.31778966e-02,1.24580777e+02,2.27143387e+01
9.00000000e-01,-5.23921989e-02,2.31744014e-01,4.95985937e-02,-5.13333896e-02,-8.30466800e+00,6.88621925e+00,1.25785770e-01,2.28498349e-02,1.23270055e+02,2.23928382e+01
9.02000000e-01,-5.19209156e-02,2.39688467e-01,4.94835879e-02,-6.38616455e-02,-8.30466800e+00,6.78242618e+00,1.13390259e-01,2.15693530e-02,1.11122454e+02,2.11379660e+01
9.04000000e-01,-5.14336044e-02,2.47394006e-01,4.93434563e-02,-7.59262097e-02,-8.30466800e+00,6.67900379e+00,1.27422885e-01,2.36280013e-02,1.24874427e+02,2.31554413e+01
9.06000000e-01,-5.09318249e-02,2.54371545e-01,4.91804920e-02,-8.70774094e-02,-8.30466800e+00,6.57596492e+00,1.26334073e-01,2.32582356e-02,1.23807391e+02,2.27930709e+01
9.08000000e-01,-5.04162016e-02,2.61224040e-01,4.89951539e-02,-9.82176885e-02,-8.30466800e+00,6.47332235e+00,1.26163740e-01,2.33907197e-02,1.23640466e+02,2.29229053e+01
9.10000000e-01,-4.98870465e-02,2.67900009e-01,4.87878172e-02,-1.09064098e-01,-8.30466800e+00,6.37108882e+00,1.26166780e-01,2.35833229e-02,1.23643445e+02,2.31116564e+01
9.12000000e-01,-4.93446791e-02,2.74459686e-01,4.85588264e-02,-1.20017135e-01,-8.30466800e+00,6.26927700e+00,1.24480455e-01,2.28442125e-02,1.21990846e+02,2.23873283e+01
9.14000000e-01,-4.87892987e-02,2.80882911e-01,4.83077642e-02,-1.30946907e-01,-8.30466800e+00,6.16789953e+00,1.24847982e-01,2.32779957e-02,1.22351023e+02,2.28124358e+01
9.16000000e-01,-4.82212918e-02,2.87089593e-01,4.80353626e-02,-1.41391115e-01,-8.30466800e+00,6.06696898e+00,1.24929167e-01,2.34785560e-02,1.22430584e+02,2.30089848e+01
9.18000000e-01,-4.76410600e-02,2.93116848e-01,4.77423421e-02,-1.51621707e-01,-8.30466800e+00,5.96649788e+00,1.24328825e-01,2.33119559e-02,1.21842248e+02,2.28457168e+01
9.20000000e-01,-4.70489240e-02,2.98994734e-01,4.74289137e-02,-1.61795353e-01,-8.30466800e+00,5.86649868e+00,1.23609864e-01,2.31544871e-02,1.21137667e+02,2.26913974e+01
9.22000000e-01,-4.64449464e-02,3.05074516e-01,4.70951681e-02,-1.71957888e-01,-8.30466800e+00,5.76698379e+00,1.14705071e-01,2.28626425e-02,1.12410970e+02,2.24053896e+01
9.24000000e-01,-4.58288279e-02,3.10851299e-01,4.67414069e-02,-1.81633383e-01,-8.30466800e+00,5.66796556e+00,1.25684939e-01,2.36754313e-02,1.23171241e+02,2.32019227e+01
9.26000000e-01,-4.52019967e-02,3.15944843e-01,4.63690537e-02,-1.90680238e-01,-8.30466800e+00,5.56945627e+00,1.25574539e-01,2.36539324e-02,1.23063048e+02,2.31808537e+01
9.28000000e-01,-4.45651919e-02,3.20823396e-01,4.59788599e-02,-1.99466129e-01,-8.30466800e+00,5.47146814e+00,1.25530329e-01,2.36693837e-02,1.23019723e+02,2.31959960e+01
9.30000000e-01,-4.39188532e-02,3.25476910e-01,4.55714007e-02,-2.07934840e-01,-8.30466800e+00,5.37401332e+00,1.25576052e-01,2.37410865e-02,1.23064531e+02,2.32662648e+01
9.32000000e-01,-4.32634013e-02,3.29954863e-01,4.51471334e-02,-2.16384265e-01,-8.30466800e+00,5.27710391e+00,1.24300431e-01,2.31071983e-02,1.21814422e+02,2.26450544e+01
9.34000000e-01,-4.25991777e-02,3.34216823e-01,4.47060072e-02,-2.24618440e-01,-8.30466800e+00,5.18075193e+00,1.25218609e-01,2.35661273e-02,1.22714237e+02,2.30948047e+01
9.36000000e-01,-4.19267217e-02,3.38197303e-01,4.42490359e-02,-2.32288296e-01,-8.30466800e+00,5.08496933e+00,1.25404872e-01,2.36420455e-02,1.22896774e+02,2.31692046e+01
9.38000000e-01,-4.12465408e-02,3.41949427e-01,4.37770253e-02,-2.39701110e-01,-8.30466800e+00,4.98976798e+00,1.25017619e-01,2.34343927e-02,1.22517267e+02,2.29657048e+01
9.40000000e-01,-4.05590689e-02,3.45484155e-01,4.32903644e-02,-2.46914533e-01,-8.30466800e+00,4.89515972e+00,1.24887417e-01,2.33683004e-02,1.22389669e+02,2.29009344e+01
9.42000000e-01,-3.98646624e-02,3.48931448e-01,4.27898180e-02,-2.53451840e-01,-8.30466800e+00,4.80115625e+00,1.21406171e-01,2.41412362e-02,1.18978047e+02,2.36584115e+01
9.44000000e-01,-3.91635719e-02,3.52035601e-01,4.22768876e-02,-2.59493323e-01,-8.30466800e+00,4.70776926e+00,1.27195644e-01,2.36787373e-02,1.24651731e+02,2.32051626e+01
9.46000000e-01,-3.84568646e-02,3.54622877e-01,4.17519851e-02,-2.65324349e-01,-8.30466800e+00,4.61501033e+00,1.27725938e-01,2.38355410e-02,1.25171419e+02,2.33588302e+01
9.48000000e-01,-3.77452596e-02,3.56941392e-01,4.12158179e-02,-2.70813837e-01,-8.30466800e+00,4.52289095e+00,1.27676516e-01,2.36319244e-02,1.25122986e+02,2.31592859e+01
9.50000000e-01,-3.70292698e-02,3.59003848e-01,4.06689003e-02,-2.76047543e-01,-8.30466800e+00,4.43142256e+00,1.27873118e-01,2.35932763e-02,1.25315656e+02,2.31214108e+01
9.52000000e-01,-3.63094103e-02,3.60817185e-01,4.01117761e-02,-2.81058807e-01,-8.30466800e+00,4.34061651e+00,1.27628916e-01,2.33049900e-02,1.25076337e+02,2.28388902e+01
9.54000000e-01,-3.55861946e-02,3.62340182e-01,3.95449407e-02,-2.85656545e-01,-8.30466800e+00,4.25048406e+00,1.28760266e-01,2.36534314e-02,1.26185060e+02,2.31803628e+01
9.56000000e-01,-3.48602525e-02,3.63558746e-01,3.89694829e-02,-2.89754875e-01,-8.30466800e+00,4.16103639e+00,1.28821776e-01,2.35328542e-02,1.26245340e+02,2.30621972e+01
9.58000000e-01,-3.41321445e-02,3.64500068e-01,3.83861552e-02,-2.93502281e-01,-8.30466800e+00,4.07228460e+00,1.29299004e-01,2.35582579e-02,1.26713024e+02,2.30870928e+01
9.60000000e-01,-3.34024419e-02,3.65156896e-01,3.77957510e-02,-2.96833854e-01,-8.30466800e+00,3.98423969e+00,1.29515729e-01,2.35636376e-02,1.26925415e+02,2.30923648e+01
9.62000000e-01,-3.26717861e-02,3.65409983e-01,3.71997244e-02,-2.98808665e-01,-8.30466800e+00,3.89691260e+00,1.32770254e-01,2.55556027e-02,1.30114849e+02,2.50444907e+01
9.64000000e-01,-3.19410451e-02,3.65298441e-01,3.66008147e-02,-3.00335992e-01,-8.30466800e+00,3.81031415e+00,1.32070552e-01,2.36478478e-02,1.29429141e+02,2.31748908e+01
9.66000000e-01,-3.12107890e-02,3.64891890e-01,3.59982184e-02,-3.02106462e-01,-8.30466800e+00,3.72445508e+00,1.33701198e-01,2.41851798e-02,1.31027174e+02,2.37014762e+01
9.68000000e-01,-3.04816800e-02,3.64181623e-01,3.53926650e-02,-3.03462677e-01,-8.30466800e+00,3.63934605e+00,1.33212901e-01,2.36528394e-02,1.30548643e+02,2.31797826e+01
9.70000000e-01,-2.97542308e-02,3.63218879e-01,3.47844473e-02,-3.04699455e-01,-8.30466800e+00,3.55499761e+00,1.33658823e-01,2.35675242e-02,1.30985646e+02,2.30961737e+01
9.72000000e-01,-2.90290070e-02,3.61952374e-01,3.41741325e-02,-3.05538296e-01,-8.30466800e+00,3.47142023e+00,1.34385863e-01,2.36166047e-02,1.31698146e+02,2.31442726e+01
9.74000000e-01,-2.83066391e-02,3.60359165e-01,3.35626479e-02,-3.05846620e-01,-8.30466800e+00,3.38862428e+00,1.35389850e-01,2.38076961e-02,1.32682053e+02,2.33315422e+01
9.76000000e-01,-2.75877631e-02,3.58476819e-01,3.29509673e-02,-3.05823080e-01,-8.30466800e+00,3.30662003e+00,1.35266356e-01,2.34393545e-02,1.32561029e+02,2.29705675e+01
9.78000000e-01,-2.68729177e-02,3.56315671e-01,3.23395471e-02,-3.05512270e-01,-8.30466800e+00,3.22541764e+00,1.36060630e-01,2.35371273e-02,1.33339418e+02,2.30663847e+01
9.80000000e-01,-2.61626979e-02,3.53858364e-01,3.17291801e-02,-3.04808642e-01,-8.30466800e+00,3.14502720e+00,1.36379241e-01,2.33916573e-02,1.33651656e+02,2.29238241e+01
9.82000000e-01,-2.54579250e-02,3.50739975e-01,3.11215483e-02,-3.02251554e-01,-8.30466800e+00,3.06545867e+00,1.45743105e-01,2.65586874e-02,1.42828243e+02,2.60275136e+01
9.84000000e-01,-2.47599576e-02,3.47292122e-01,3.05203574e-02,-2.99419061e-01,-8.30466800e+00,2.98672193e+00,1.38365897e-01,2.31095372e-02,1.35598579e+02,2.26473465e+01
9.86000000e-01,-2.40687776e-02,3.43812730e-01,2.99233319e-02,-2.97396827e-01,-8.30466800e+00,2.90882674e+00,1.40823913e-01,2.40043187e-02,1.38007434e+02,2.35242323e+01
9.88000000e-01,-2.33849239e-02,3.40007536e-01,2.93311272e-02,-2.94839031e-01,-8.30466800e+00,2.83178277e+00,1.40381173e-01,2.33866194e-02,1.37573550e+02,2.29188870e+01
9.90000000e-01,-2.27089140e-02,3.35952460e-01,2.87440348e-02,-2.92192748e-01,-8.30466800e+00,2.75559958e+00,1.41128163e-01,2.33502938e-02,1.38305600e+02,2.28832879e+01
9.92000000e-01,-2.20413181e-02,3.31591370e-01,2.81626238e-02,-2.89145107e-01,-8.30466800e+00,2.68028660e+00,1.42064584e-01,2.33972694e-02,1.39223292e+02,2.29293240e+01
9.94000000e-01,-2.13827638e-02,3.26907416e-01,2.75878073e-02,-2.85568080e-01,-8.30466800e+00,2.60585320e+00,1.43277793e-01,2.36388917e-02,1.40412237e+02,2.31661139e+01
9.96000000e-01,-2.07338595e-02,3.21966884e-01,2.70204911e-02,-2.81781543e-01,-8.30466800e+00,2.53230860e+00,1.42742884e-01,2.30250198e-02,1.39888027e+02,2.25645194e+01
9.98000000e-01,-2.00950685e-02,3.16768001e-01,2.64608199e-02,-2.77786991e-01,-8.30466800e+00,2.45966192e+00,1.44079172e-01,2.32743974e-02,1.41197589e+02,2.28089095e+01
1.00000000e+00,-1.94669860e-02,3.11271370e-01,2.59096264e-02,-2.73367686e-01,-8.30466800e+00,2.38792218e+00,1.44551017e-01,2.31273688e-02,1.41659997e+02,2.26648215e+01
1.00200000e+00,-1.88505793e-02,3.04880449e-01,2.53688648e-02,-2.66675237e-01,-8.30466800e+00,2.31709827e+00,1.59919415e-01,2.72707756e-02,1.56721027e+02,2.67253601e+01
1.00400000e+00,-1.82476269e-02,2.98245441e-01,2.48429183e-02,-2.59993313e-01,-8.30466800e+00,2.24719899e+00,1.45304823e-01,2.23509022e-02,1.42398727e+02,2.19038841e+01
1.00600000e+00,-1.76574159e-02,2.91882851e-01,2.43279642e-02,-2.54702305e-01,-8.30466800e+00,2.17823300e+00,1.48710048e-01,2.36135377e-02,1.45735847e+02,2.31412670e+01
1.00800000e+00,-1.70803111e-02,2.85196991e-01,2.38244931e-02,-2.48835236e-01,-8.30466800e+00,2.11020885e+00,1.48120544e-01,2.28383901e-02,1.45158133e+02,2.23816223e+01
1.01000000e+00,-1.65167760e-02,2.78289078e-01,2.33326388e-02,-2.42944937e-01,-8.30466800e+00,2.04313500e+00,1.49270554e-01,2.29572750e-02,1.46285143e+02,2.24981295e+01
1.01200000e+00,-1.59673682e-02,2.71060954e-01,2.28531131e-02,-2.36455209e-01,-8.30466800e+00,1.97701975e+00,1.51088804e-01,2.34089558e-02,1.48067028e+02,2.29407767e+01
1.01400000e+00,-1.54327399e-02,2.63521270e-01,2.23872047e-02,-2.29385467e-01,-8.30466800e+00,1.91187131e+00,1.52155973e-01,2.35062860e-02,1.49112854e+02,2.30361603e+01
1.01600000e+00,-1.49134110e-02,2.55789762e-01,2.19355358e-02,-2.22368853e-01,-8.30466800e+00,1.84769776e+00,1.51300314e-01,2.26492979e-02,1.48274308e+02,2.21963119e+01
1.01800000e+00,-1.44097184e-02,2.47851886e-01,2.14977688e-02,-2.15292996e-01,-8.30466800e+00,1.78450707e+00,1.52834287e-01,2.30024121e-02,1.49777602e+02,2.25423639e+01
1.02000000e+00,-1.39221821e-02,2.39646088e-01,2.10746466e-02,-2.07792944e-01,-8.30466800e+00,1.72230706e+00,1.53547731e-01,2.29321767e-02,1.50476776e+02,2.24735331e+01
1.02200000e+00,-1.34518951e-02,2.30298840e-01,2.06683606e-02,-1.97647902e-01,-8.30466800e+00,1.66110546e+00,1.75631085e-01,2.79700465e-02,1.72118463e+02,2.74106456e+01
1.02400000e+00,-1.30010717e-02,2.20824179e-01,2.02838246e-02,-1.87848161e-01,-8.30466800e+00,1.60090986e+00,1.52804977e-01,2.16536592e-02,1.49748878e+02,2.12205860e+01
1.02600000e+00,-1.25681645e-02,2.12000352e-01,1.99156174e-02,-1.80074182e-01,-8.30466800e+00,1.54172773e+00,1.56853181e-01,2.31889026e-02,1.53716118e+02,2.27251245e+01
1.02800000e+00,-1.21532571e-02,2.02896347e-01,1.95638747e-02,-1.71779988e-01,-8.30466800e+00,1.48356641e+00,1.55927895e-01,2.22396700e-02,1.52809337e+02,2.17948766e+01
1.03000000e+00,-1.17566841e-02,1.93634871e-01,1.92284252e-02,-1.63594169e-01,-8.30466800e+00,1.42643310e+00,1.57257891e-01,2.24788996e-02,1.54112733e+02,2.20293216e+01
1.03200000e+00,-1.13789192e-02,1.84071034e-01,1.89099931e-02,-1.54665799e-01,-8.30466800e+00,1.37033491e+00,1.59870674e-01,2.33398096e-02,1.56673260e+02,2.28730135e+01
1.03400000e+00,-1.10205826e-02,1.74233215e-01,1.86101658e-02,-1.45131828e-01,-8.30466800e+00,1.31527879e+00,1.60694907e-01,2.33178510e-02,1.57481009e+02,2.28514939e+01
1.03600000e+00,-1.06820563e-02,1.64290490e-01,1.83292627e-02,-1.35902454e-01,-8.30466800e+00,1.26127157e+00,1.59518011e-01,2.22953506e-02,1.56327650e+02,2.18494436e+01
1.03800000e+00,-1.03635018e-02,1.54226069e-01,1.80664520e-02,-1.26828927e-01,-8.30466800e+00,1.20831995e+00,1.60897223e-01,2.26116126e-02,1.57679279e+02,2.21593803e+01
1.04000000e+00,-1.00652818e-02,1.43966898e-01,1.78221460e-02,-1.17456864e-01,-8.30466800e+00,1.15643049e+00,1.61592618e-01,2.25691535e-02,1.58360766e+02,2.21177704e+01
1.04200000e+00,-9.78845520e-03,1.32476276e-01,1.75984349e-02,-1.05369717e-01,-8.30466800e+00,1.10560964e+00,1.87367796e-01,2.79864176e-02,1.83620440e+02,2.74266892e+01
1.04400000e+00,-9.53537231e-03,1.20992231e-01,1.74002363e-02,-9.39286137e-02,-8.30466800e+00,1.05586370e+00,1.59324522e-01,2.09248470e-02,1.56138032e+02,2.05063500e+01
1.04600000e+00,-9.30386080e-03,1.10446367e-01,1.72210729e-02,-8.49587377e-02,-8.30466800e+00,1.00719884e+00,1.63512351e-01,2.25398115e-02,1.60242104e+02,2.20890153e+01
1.04800000e+00,-9.09372303e-03,9.96962229e-02,1.70606653e-02,-7.55928634e-02,-8.30466800e+00,9.59621101e-01,1.62338701e-01,2.15230130e-02,1.59091927e+02,2.10925528e+01
1.05000000e+00,-8.90513086e-03,8.88636575e-02,1.69185694e-02,-6.64250508e-02,-8.30466800e+00,9.13136378e-01,1.63854703e-01,2.19173753e-02,1.60577609e+02,2.14790278e+01
1.05200000e+00,-8.73845028e-03,7.77582881e-02,1.67955692e-02,-5.63512916e-02,-8.30466800e+00,8.67750442e-01,1.67307659e-01,2.32448612e-02,1.63961506e+02,2.27799640e+01
1.05400000e+00,-8.59423913e-03,6.64407952e-02,1.66935637e-02,-4.56784046e-02,-8.30466800e+00,8.23468922e-01,1.67588091e-01,2.30248572e-02,1.64236329e+02,2.25643600e+01
1.05600000e+00,-8.47267640e-03,5.51393525e-02,1.66124485e-02,-3.56159245e-02,-8.30466800e+00,7.80297311e-01,1.65894060e-01,2.18435574e-02,1.62576179e+02,2.14066862e+01
1.05800000e+00,-8.37368739e-03,4.38294173e-02,1.65508339e-02,-2.59525521e-02,-8.30466800e+00,7.38240965e-01,1.66932382e-01,2.20951830e-02,1.63593735e+02,2.16532794e+01
1.06000000e+00,-8.29741610e-03,3.24334303e-02,1.65086917e-02,-1.62091620e-02,-8.30466800e+00,6.97305102e-01,1.67235762e-01,2.19473266e-02,1.63891046e+02,2.15083801e+01
1.06200000e+00,-8.24484037e-03,1.97074772e-02,1.64879602e-02,-3.52175918e-03,-8.30466800e+00,6.57494799e-01,1.97530801e-01,2.82402835e-02,1.93580185e+02,2.76754778e+01
1.06400000e+00,-8.21850730e-03,7.09981588e-03,1.64940828e-02,8.38329888e-03,-8.30466800e+00,6.18814995e-01,1.64203241e-01,2.03085566e-02,1.60919176e+02,1.99023855e+01
1.06600000e+00,-8.21560865e-03,-4.25920810e-03,1.65194655e-02,1.72465810e-02,-8.30466800e+00,5.81270489e-01,1.68283668e-01,2.18883355e-02,1.64917995e+02,2.14505688e+01
1.06800000e+00,-8.23562454e-03,-1.57388342e-02,1.65632615e-02,2.63983519e-02,-8.30466800e+00,5.44865937e-01,1.67137859e-01,2.09728634e-02,1.63795102e+02,2.05534061e+01
1.07000000e+00,-8.27857014e-03,-2.72276801e-02,1.66249227e-02,3.53458269e-02,-8.30466800e+00,5.09605856e-01,1.68802881e-01,2.15439876e-02,1.65426823e+02,2.11131079e+01
1.07200000e+00,-8.34467379e-03,-3.89243092e-02,1.67052851e-02,4.52536836e-02,-8.30466800e+00,4.75494619e-01,1.72485277e-01,2.30995622e-02,1.69035572e+02,2.26375710e+01
1.07400000e+00,-8.43434976e-03,-5.07445099e-02,1.68062838e-02,5.56810597e-02,-8.30466800e+00,4.42536460e-01,1.72374195e-01,2.27744612e-02,1.68926711e+02,2.23189719e+01
1.07600000e+00,-8.54756533e-03,-6.24349746e-02,1.69274586e-02,6.52824019e-02,-8.30466800e+00,4.10735465e-01,1.70330036e-01,2.15348176e-02,1.66923436e+02,2.11041212e+01
1.07800000e+00,-8.68401790e-03,-7.40178136e-02,1.70670013e-02,7.42655663e-02,-8.30466800e+00,3.80095580e-01,1.70925890e-01,2.16725873e-02,1.67507373e+02,2.12391356e+01
1.08000000e+00,-8.84361388e-03,-8.55665944e-02,1.72244246e-02,8.31043621e-02,-8.30466800e+00,3.50620606e-01,1.70789826e-01,2.14530487e-02,1.67374029e+02,2.10239877e+01
1.08200000e+00,-9.02715690e-03,-9.84242075e-02,1.74014162e-02,9.49389748e-02,-8.30466800e+00,3.22314199e-01,2.02957487e-01,2.82092550e-02,1.98898338e+02,2.76450699e+01
1.08400000e+00,-9.23715626e-03,-1.11050202e-01,1.76035716e-02,1.05860632e-01,-8.30466800e+00,2.95179871e-01,1.67038123e-01,1.98205374e-02,1.63697361e+02,1.94241266e+01
1.08600000e+00,-9.47039823e-03,-1.22237044e-01,1.78226378e-02,1.13451033e-01,-8.30466800e+00,2.69220988e-01,1.71186844e-01,2.15268954e-02,1.67763107e+02,2.10963575e+01
1.08800000e+00,-9.72612759e-03,-1.33458620e-01,1.80575339e-02,1.21278683e-01,-8.30466800e+00,2.44440770e-01,1.69891411e-01,2.06508268e-02,1.66493582e+02,2.02378103e+01
1.09000000e+00,-1.00041718e-02,-1.44588761e-01,1.83075382e-02,1.28784774e-01,-8.30466800e+00,2.20842292e-01,1.71274575e-01,2.12060523e-02,1.67849084e+02,2.07819312e+01
1.09200000e+00,-1.03045526e-02,-1.55823821e-01,1.85732303e-02,1.37126677e-01,-8.30466800e+00,1.98428479e-01,1.74749474e-01,2.27814421e-02,1.71254484e+02,2.23258133e+01
1.09400000e+00,-1.06274918e-02,-1.67096079e-01,1.88563702e-02,1.45956568e-01,-8.30466800e+00,1.77202114e-01,1.74733930e-01,2.26311981e-02,1.71239252e+02,2.21785741e+01
1.09600000e+00,-1.09727884e-02,-1.78145541e-01,1.91564640e-02,1.53897757e-01,-8.30466800e+00,1.57165829e-01,1.72316731e-01,2.13414229e-02,1.68870396e+02,2.09145944e+01
1.09800000e+00,-1.13399251e-02,-1.88971723e-01,1.94714308e-02,1.61043294e-01,-8.30466800e+00,1.38322110e-01,1.72469243e-01,2.14081469e-02,1.69019858e+02,2.09799840e+01
1.10000000e+00,-1.17285800e-02,-1.99654960e-01,1.98004429e-02,1.67897400e-01,-8.30466800e+00,1.20673295e-01,1.72105480e-01,2.11969015e-02,1.68663371e+02,2.07729635e+01
1.10200000e+00,-1.21393244e-02,-2.11507217e-01,2.01449155e-02,1.77593763e-01,-8.30466800e+00,1.04221572e-01,2.03092461e-01,2.78626090e-02,1.99030611e+02,2.73053569e+01
1.10400000e+00,-1.25743916e-02,-2.23033747e-01,2.05101663e-02,1.86313166e-01,-8.30466800e+00,8.89689822e-02,1.67996492e-01,1.96639408e-02,1.64636562e+02,1.92706620e+01
1.10600000e+00,-1.30304578e-02,-2.33057940e-01,2.08879042e-02,1.91636847e-01,-8.30466800e+00,7.49174185e-02,1.71669004e-01,2.12725212e-02,1.68235624e+02,2.08470708e+01
1.10800000e+00,-1.35065821e-02,-2.43020185e-01,2.12768251e-02,1.97127683e-01,-8.30466800e+00,6.20686237e-02,1.70394810e-01,2.05680970e-02,1.66986914e+02,2.01567351e+01
1.11000000e+00,-1.40024074e-02,-2.52785702e-01,2.16761228e-02,2.02180390e-01,-8.30466800e+00,5.04241917e-02,1.71079589e-01,2.09212549e-02,1.67657998e+02,2.05028298e+01
1.11200000e+00,-1.45177239e-02,-2.62549796e-01,2.20860136e-02,2.07933341e-01,-8.30466800e+00,3.99855670e-02,1.74528473e-01,2.26212116e-02,1.71037903e+02,2.21687873e+01
1.11400000e+00,-1.50525674e-02,-2.72255213e-01,2.25081333e-02,2.14101917e-01,-8.30466800e+00,3.07540445e-02,1.74034767e-01,2.23941284e-02,1.70554072e+02,2.19462458e+01
1.11600000e+00,-1.56065319e-02,-2.81641344e-01,2.29417699e-02,2.19293520e-01,-8.30466800e+00,2.27307693e-02,1.71551152e-01,2.11878070e-02,1.68120129e+02,2.07640508e+01
1.11800000e+00,-1.61789270e-02,-2.90718871e-01,2.33847583e-02,2.23661553e-01,-8.30466800e+00,1.59167369e-02,1.71458940e-01,2.12964986e-02,1.68029761e+02,2.08705686e+01
1.12000000e+00,-1.67692670e-02,-2.99585747e-01,2.38362656e-02,2.27803912e-01,-8.30466800e+00,1.03127925e-02,1.71411579e-01,2.13574196e-02,1.67983347e+02,2.09302712e+01
1.12200000e+00,-1.73779069e-02,-3.09407838e-01,2.42976949e-02,2.34527384e-01,-8.30466800e+00,5.91963133e-03,1.98709593e-01,2.73710645e-02,1.94735402e+02,2.68236432e+01
1.12400000e+00,-1.80066235e-02,-3.18817754e-01,2.47736583e-02,2.40176036e-01,-8.30466800e+00,2.73779829e-03,1.66872139e-01,1.97785009e-02,1.63534696e+02,1.93829309e+01
1.12600000e+00,-1.86522102e-02,-3.26776183e-01,2.52562693e-02,2.42630222e-01,-8.30466800e+00,7.67688126e-04,1.70029823e-01,2.13543997e-02,1.66629227e+02,2.09273117e+01
1.12800000e+00,-1.93136348e-02,-3.34594469e-01,2.57442980e-02,2.45262509e-01,-8.30466800e+00,9.54524089e-06,1.68964614e-01,2.08483865e-02,1.65585322e+02,2.04314187e+01
1.13000000e+00,-1.99903969e-02,-3.42125983e-01,2.62369616e-02,2.47358226e-01,-8.30466800e+00,0.00000000e+00,1.68822396e-01,2.09310719e-02,1.65445948e+02,2.05124505e+01
1.13200000e+00,-2.06820519e-02,-3.49527290e-01,2.67340048e-02,2.49864790e-01,-8.30466800e+00,0.00000000e+00,1.71537992e-01,2.24198652e-02,1.68107233e+02,2.19714679e+01
1.13400000e+00,-2.13884096e-02,-3.56783970e-01,2.72366471e-02,2.52710830e-01,-8.30466800e+00,0.00000000e+00,1.71179203e-01,2.23605067e-02,1.67755619e+02,2.19132966e+01
1.13600000e+00,-2.21089365e-02,-3.63663774e-01,2.77442484e-02,2.54657435e-01,-8.30466800e+00,0.00000000e+00,1.68584851e-01,2.12562033e-02,1.65213154e+02,2.08310792e+01
1.13800000e+00,-2.28428110e-02,-3.70163033e-01,2.82547165e-02,2.55763641e-01,-8.30466800e+00,0.00000000e+00,1.68250978e-01,2.13252767e-02,1.64885959e+02,2.08987712e+01
1.14000000e+00,-2.35894056e-02,-3.76387759e-01,2.87671685e-02,2.56668090e-01,-8.30466800e+00,0.00000000e+00,1.68238799e-01,2.15644132e-02,1.64874023e+02,2.11331249e+01
1.14200000e+00,-2.43487874e-02,-3.83250394e-01,2.92828240e-02,2.59724860e-01,-8.30466800e+00,0.00000000e+00,1.89329279e-01,2.65787052e-02,1.85542694e+02,2.60471311e+01
1.14400000e+00,-2.51221028e-02,-3.89656459e-01,2.98053885e-02,2.61762907e-01,-8.30466800e+00,0.00000000e+00,1.63854956e-01,2.01713614e-02,1.60577857e+02,1.97679342e+01
1.14600000e+00,-2.59065780e-02,-3.94809718e-01,3.03280530e-02,2.61067202e-01,-8.30466800e+00,0.00000000e+00,1.66437333e-01,2.15875725e-02,1.63108586e+02,2.11558210e+01
1.14800000e+00,-2.67011839e-02,-3.99726275e-01,3.08496703e-02,2.60390909e-01,-8.30466800e+00,0.00000000e+00,1.64790065e-01,2.09574838e-02,1.61494263e+02,2.05383341e+01
1.15000000e+00,-2.75052427e-02,-4.04282334e-01,3.13692325e-02,2.59138415e-01,-8.30466800e+00,0.00000000e+00,1.64558403e-01,2.11208572e-02,1.61267235e+02,2.06984400e+01
1.15200000e+00,-2.83181714e-02,-4.08625744e-01,3.18864090e-02,2.58163512e-01,-8.30466800e+00,0.00000000e+00,1.66439375e-01,2.22794187e-02,1.63110588e+02,2.18338303e+01
1.15400000e+00,-2.91395931e-02,-4.12740246e-01,3.24020177e-02,2.57385329e-01,-8.30466800e+00,0.00000000e+00,1.65897873e-01,2.22706505e-02,1.62579915e+02,2.18252375e+01
1.15600000e+00,-2.99688417e-02,-4.16418677e-01,3.29153477e-02,2.55703245e-01,-8.30466800e+00,0.00000000e+00,1.63003552e-01,2.11160460e-02,1.59743481e+02,2.06937251e+01
1.15800000e+00,-3.08049968e-02,-4.19690639e-01,3.34243660e-02,2.53324193e-01,-8.30466800e+00,0.00000000e+00,1.63211989e-01,2.15358564e-02,1.59947749e+02,2.11051393e+01
1.16000000e+00,-3.16474052e-02,-4.22664038e-01,3.39285938e-02,2.50869157e-01,-8.30466800e+00,0.00000000e+00,1.62891375e-01,2.16778690e-02,1.59633547e+02,2.12443116e+01
1.16200000e+00,-3.24957529e-02,-4.25787374e-01,3.44286419e-02,2.49612881e-01,-8.30466800e+00,0.00000000e+00,1.73628595e-01,2.47671014e-02,1.70156024e+02,2.42717593e+01
1.16400000e+00,-3.33502506e-02,-4.28454672e-01,3.49264826e-02,2.47512834e-01,-8.30466800e+00,0.00000000e+00,1.59198525e-01,2.06185576e-02,1.56014555e+02,2.02061864e+01
1.16600000e+00,-3.42090119e-02,-4.30282475e-01,3.54175435e-02,2.43688287e-01,-8.30466800e+00,0.00000000e+00,1.61014559e-01,2.18505076e-02,1.57794267e+02,2.14134975e+01
1.16800000e+00,-3.50711972e-02,-4.31835354e-01,3.59013017e-02,2.39962738e-01,-8.30466800e+00,0.00000000e+00,1.59805921e-01,2.15189143e-02,1.56609803e+02,2.10885360e+01
1.17000000e+00,-3.59360908e-02,-4.32994480e-01,3.63770249e-02,2.35682976e-01,-8.30466800e+00,0.00000000e+00,1.58868954e-01,2.13685338e-02,1.55691575e+02,2.09411631e+01
1.17200000e+00,-3.68029806e-02,-4.33861798e-01,3.68440557e-02,2.31436306e-01,-8.30466800e+00,0.00000000e+00,1.60060104e-01,2.22573295e-02,1.56858902e+02,2.18121829e+01
1.17400000e+00,-3.76713529e-02,-4.34451495e-01,3.73028527e-02,2.27313462e-01,-8.30466800e+00,0.00000000e+00,1.59467827e-01,2.22855339e-02,1.56278471e+02,2.18398233e+01
1.17600000e+00,-3.85405097e-02,-4.34625952e-01,3.77529162e-02,2.22600584e-01,-8.30466800e+00,0.00000000e+00,1.57451131e-01,2.16636577e-02,1.54302109e+02,2.12303846e+01
1.17800000e+00,-3.94095828e-02,-4.34389548e-01,3.81928894e-02,2.17339303e-01,-8.30466800e+00,0.00000000e+00,1.56962335e-01,2.17651016e-02,1.53823088e+02,2.13297995e+01
1.18000000e+00,-4.02778430e-02,-4.33815717e-01,3.86221849e-02,2.11945249e-01,-8.30466800e+00,0.00000000e+00,1.56656278e-01,2.20004442e-02,1.53523153e+02,2.15604353e+01
1.18200000e+00,-4.11447268e-02,-4.33063620e-01,3.90410051e-02,2.07053140e-01,-8.30466800e+00,0.00000000e+00,1.59876409e-01,2.34190679e-02,1.56678881e+02,2.29506866e+01
1.18400000e+00,-4.20098216e-02,-4.31897812e-01,3.94500257e-02,2.01603598e-01,-8.30466800e+00,0.00000000e+00,1.54055165e-01,2.14167843e-02,1.50974061e+02,2.09884486e+01
1.18600000e+00,-4.28719697e-02,-4.30209519e-01,3.98468218e-02,1.95257635e-01,-8.30466800e+00,0.00000000e+00,1.54711983e-01,2.21069446e-02,1.51617743e+02,2.16648057e+01
1.18800000e+00,-4.37304426e-02,-4.28195639e-01,4.02310075e-02,1.88838639e-01,-8.30466800e+00,0.00000000e+00,1.53462934e-01,2.18149096e-02,1.50393676e+02,2.13786115e+01
1.19000000e+00,-4.45844870e-02,-4.25783893e-01,4.06018769e-02,1.81970425e-01,-8.30466800e+00,0.00000000e+00,1.52396285e-01,2.16966283e-02,1.49348359e+02,2.12626957e+01
1.19200000e+00,-4.54333542e-02,-4.23036185e-01,4.09588236e-02,1.75003749e-01,-8.30466800e+00,0.00000000e+00,1.52552961e-01,2.21210154e-02,1.49501901e+02,2.16785951e+01
1.19400000e+00,-4.62764247e-02,-4.19977924e-01,4.13019200e-02,1.68079178e-01,-8.30466800e+00,0.00000000e+00,1.52033937e-01,2.22779651e-02,1.48993258e+02,2.18324058e+01
1.19600000e+00,-4.71130215e-02,-4.16553097e-01,4.16309545e-02,1.60875860e-01,-8.30466800e+00,0.00000000e+00,1.50830344e-01,2.20088841e-02,1.47813737e+02,2.15687064e+01
1.19800000e+00,-4.79423968e-02,-4.12767786e-01,4.19452274e-02,1.53378511e-01,-8.30466800e+00,0.00000000e+00,1.50396041e-01,2.21128042e-02,1.47388120e+02,2.16705481e+01
1.20000000e+00,-4.87638818e-02,-4.08666254e-01,4.22444374e-02,1.45834473e-01,-8.30466800e+00,0.00000000e+00,1.50163606e-01,2.23414100e-02,1.47160334e+02,2.18945818e+01
1.20200000e+00,-4.95768587e-02,-4.04260073e-01,4.25286286e-02,1.38385419e-01,-8.30466800e+00,0.00000000e+00,1.49931555e-01,2.27212128e-02,1.46932924e+02,2.22667885e+01
1.20400000e+00,-5.03806979e-02,-3.99517645e-01,4.27978405e-02,1.30728600e-01,-8.30466800e+00,0.00000000e+00,1.48887456e-01,2.22929875e-02,1.45909707e+02,2.18471278e+01
1.20600000e+00,-5.11746943e-02,-3.94422894e-01,4.30513027e-02,1.22711436e-01,-8.30466800e+00,0.00000000e+00,1.48200861e-01,2.23301980e-02,1.45236844e+02,2.18835940e+01
1.20800000e+00,-5.19581725e-02,-3.89002640e-01,4.32886073e-02,1.14575787e-01,-8.30466800e+00,0.00000000e+00,1.47698955e-01,2.23866074e-02,1.44744976e+02,2.19388752e+01
1.21000000e+00,-5.27304854e-02,-3.83253136e-01,4.35095091e-02,1.06295025e-01,-8.30466800e+00,0.00000000e+00,1.46835016e-01,2.23445483e-02,1.43898316e+02,2.18976573e+01
1.21200000e+00,-5.34909581e-02,-3.77163294e-01,4.37136569e-02,9.78185990e-02,-8.30466800e+00,0.00000000e+00,1.45978713e-01,2.22709934e-02,1.43059139e+02,2.18255735e+01
1.21400000e+00,-5.42389253e-02,-3.70753605e-01,4.39007125e-02,8.92355855e-02,-8.30466800e+00,0.00000000e+00,1.45492868e-01,2.23915456e-02,1.42583011e+02,2.19437147e+01
1.21600000e+00,-5.49737812e-02,-3.64056953e-01,4.40706162e-02,8.06779434e-02,-8.30466800e+00,0.00000000e+00,1.45299097e-01,2.25704646e-02,1.42393115e+02,2.21190553e+01
1.21800000e+00,-5.56949541e-02,-3.57061765e-01,4.42233890e-02,7.20674876e-02,-8.30466800e+00,0.00000000e+00,1.44432350e-01,2.25024399e-02,1.41543703e+02,2.20523911e+01
1.22000000e+00,-5.64018121e-02,-3.49742265e-01,4.43587674e-02,6.32790115e-02,-8.30466800e+00,0.00000000e+00,1.43520691e-01,2.23937715e-02,1.40650278e+02,2.19458960e+01
1.22200000e+00,-5.70936181e-02,-3.41965223e-01,4.44761454e-02,5.39511650e-02,-8.30466800e+00,0.00000000e+00,1.39419558e-01,2.15417305e-02,1.36631167e+02,2.11108959e+01
1.22400000e+00,-5.77695436e-02,-3.33994062e-01,4.45747887e-02,4.49481148e-02,-8.30466800e+00,0.00000000e+00,1.44535075e-01,2.32202176e-02,1.41644374e+02,2.27558132e+01
1.22600000e+00,-5.84295411e-02,-3.25943046e-01,4.46562792e-02,3.64569642e-02,-8.30466800e+00,0.00000000e+00,1.42973892e-01,2.27360543e-02,1.40114414e+02,2.22813332e+01
1.22800000e+00,-5.90731155e-02,-3.17591645e-01,4.47204818e-02,2.77638232e-02,-8.30466800e+00,0.00000000e+00,1.42803500e-01,2.28915132e-02,1.39947430e+02,2.24336829e+01
1.23000000e+00,-5.96997590e-02,-3.09017193e-01,4.47674507e-02,1.92449954e-02,-8.30466800e+00,0.00000000e+00,1.42912066e-01,2.31725299e-02,1.40053825e+02,2.27090793e+01
1.23200000e+00,-6.03089963e-02,-3.00160857e-01,4.47973673e-02,1.05844539e-02,-8.30466800e+00,0.00000000e+00,1.41225899e-01,2.26402931e-02,1.38401381e+02,2.21874873e+01
1.23400000e+00,-6.09002169e-02,-2.91026299e-01,4.48096712e-02,1.74801561e-03,-8.30466800e+00,0.00000000e+00,1.41274193e-01,2.28245176e-02,1.38448709e+02,2.23680272e+01
1.23600000e+00,-6.14729561e-02,-2.81673679e-01,4.48044544e-02,-6.94588777e-03,-8.30466800e+00,0.00000000e+00,1.40843818e-01,2.29355778e-02,1.38026942e+02,2.24768663e+01
1.23800000e+00,-6.20267637e-02,-2.72099176e-01,4.47819636e-02,-1.55259330e-02,-8.30466800e+00,0.00000000e+00,1.40649172e-01,2.30348861e-02,1.37836188e+02,2.25741884e+01
1.24000000e+00,-6.25611924e-02,-2.62284090e-01,4.47423272e-02,-2.41412520e-02,-8.30466800e+00,0.00000000e+00,1.39624614e-01,2.28084186e-02,1.36832121e+02,2.23522502e+01
1.24200000e+00,-6.30753145e-02,-2.51590665e-01,4.46842696e-02,-3.44498038e-02,-8.30466800e+00,0.00000000e+00,1.24364266e-01,1.94018385e-02,1.21876980e+02,1.90138017e+01
1.24400000e+00,-6.35675029e-02,-2.40818899e-01,4.46049746e-02,-4.40886707e-02,-8.30466800e+00,0.00000000e+00,1.41856708e-01,2.41050525e-02,1.39019574e+02,2.36229514e+01
1.24600000e+00,-6.40389065e-02,-2.30521712e-01,4.45090768e-02,-5.19847635e-02,-8.30466800e+00,0.00000000e+00,1.39343890e-01,2.29260784e-02,1.36557012e+02,2.24675568e+01
1.24800000e+00,-6.44894215e-02,-2.19972273e-01,4.43968091e-02,-6.02204490e-02,-8.30466800e+00,0.00000000e+00,1.39682913e-01,2.32352513e-02,1.36889255e+02,2.27705463e+01
1.25000000e+00,-6.49187194e-02,-2.09308563e-01,4.42684842e-02,-6.80224601e-02,-8.30466800e+00,0.00000000e+00,1.40221587e-01,2.36562582e-02,1.37417155e+02,2.31831331e+01
1.25200000e+00,-6.53265304e-02,-1.98456709e-01,4.41247379e-02,-7.57964805e-02,-8.30466800e+00,0.00000000e+00,1.38659677e-01,2.30917955e-02,1.35886483e+02,2.26299596e+01
1.25400000e+00,-6.57124028e-02,-1.87389776e-01,4.39651866e-02,-8.37379832e-02,-8.30466800e+00,0.00000000e+00,1.38390798e-01,2.30800305e-02,1.35622983e+02,2.26184299e+01
1.25600000e+00,-6.60760175e-02,-1.76214895e-01,4.37900421e-02,-9.12953793e-02,-8.30466800e+00,0.00000000e+00,1.39151073e-01,2.36509594e-02,1.36368052e+02,2.31779403e+01
1.25800000e+00,-6.64171906e-02,-1.64932373e-01,4.36002265e-02,-9.85206867e-02,-8.30466800e+00,0.00000000e+00,1.38706549e-01,2.35088687e-02,1.35932418e+02,2.30386914e+01
1.26000000e+00,-6.67356314e-02,-1.53476556e-01,4.33958928e-02,-1.05845766e-01,-8.30466800e+00,0.00000000e+00,1.37747771e-01,2.31526084e-02,1.34992816e+02,2.26895562e+01
1.26200000e+00,-6.70301213e-02,-1.40557486e-01,4.31746381e-02,-1.16478272e-01,-8.30466800e+00,0.00000000e+00,1.06969082e-01,1.62544028e-02,1.04829700e+02,1.59293147e+01
1.26400000e+00,-6.72979219e-02,-1.27729189e-01,4.29307164e-02,-1.26006196e-01,-8.30466800e+00,0.00000000e+00,1.42109368e-01,2.51271419e-02,1.39267181e+02,2.46245991e+01
1.26600000e+00,-6.75418713e-02,-1.16150724e-01,4.26729709e-02,-1.31998016e-01,-8.30466800e+00,0.00000000e+00,1.38212725e-01,2.33108237e-02,1.35448470e+02,2.28446073e+01
1.26800000e+00,-6.77623650e-02,-1.04332469e-01,4.24023261e-02,-1.38587164e-01,-8.30466800e+00,0.00000000e+00,1.38354267e-01,2.34894258e-02,1.35587181e+02,2.30196373e+01
1.27000000e+00,-6.79591811e-02,-9.24840509e-02,4.21189556e-02,-1.44676282e-01,-8.30466800e+00,0.00000000e+00,1.39162915e-01,2.39581021e-02,1.36379657e+02,2.34789401e+01
1.27200000e+00,-6.81322267e-02,-8.05239044e-02,4.18236054e-02,-1.50788710e-01,-8.30466800e+00,0.00000000e+00,1.37204749e-01,2.30210178e-02,1.34460654e+02,2.25605974e+01
1.27400000e+00,-6.82812113e-02,-6.84657349e-02,4.15157782e-02,-1.56935036e-01,-8.30466800e+00,0.00000000e+00,1.38137818e-01,2.34497488e-02,1.35375062e+02,2.29807538e+01
1.27600000e+00,-6.84061023e-02,-5.64265480e-02,4.11962336e-02,-1.62529004e-01,-8.30466800e+00,0.00000000e+00,1.38716987e-01,2.37262412e-02,1.35942647e+02,2.32517164e+01
1.27800000e+00,-6.85069007e-02,-4.43620728e-02,4.08658348e-02,-1.67864087e-01,-8.30466800e+00,0.00000000e+00,1.38418943e-01,2.35233296e-02,1.35650564e+02,2.30528630e+01
1.28000000e+00,-6.85835017e-02,-3.22242816e-02,4.05247603e-02,-1.73224589e-01,-8.30466800e+00,0.00000000e+00,1.37678582e-01,2.31878209e-02,1.34925011e+02,2.27240645e+01
1.28200000e+00,-6.86345002e-02,-1.81403305e-02,4.01697154e-02,-1.83415821e-01,-8.30466800e+00,0.00000000e+00,9.34135638e-02,1.28799216e-02,9.15452925e+01,1.26223232e+01
1.28400000e+00,-6.86562215e-02,-4.29408682e-03,3.97920435e-02,-1.92187933e-01,-8.30466800e+00,0.00000000e+00,1.43469915e-01,2.56314478e-02,1.40600517e+02,2.51188189e+01
1.28600000e+00,-6.86529733e-02,7.60717547e-03,3.94044669e-02,-1.95705546e-01,-8.30466800e+00,0.00000000e+00,1.38884415e-01,2.33567490e-02,1.36106727e+02,2.28896140e+01
1.28800000e+00,-6.86256883e-02,1.96652037e-02,3.90088200e-02,-1.99825079e-01,-8.30466800e+00,0.00000000e+00,1.39633245e-01,2.38045353e-02,1.36840580e+02,2.33284446e+01
1.29000000e+00,-6.85743700e-02,3.16370207e-02,3.86055990e-02,-2.03296129e-01,-8.30466800e+00,0.00000000e+00,1.40528948e-01,2.41433435e-02,1.37718369e+02,2.36604767e+01
1.29200000e+00,-6.84991358e-02,4.36154422e-02,3.81956389e-02,-2.06761953e-01,-8.30466800e+00,0.00000000e+00,1.38913575e-01,2.32312220e-02,1.36135303e+02,2.27665975e+01
1.29400000e+00,-6.83999071e-02,5.55954694e-02,3.77784914e-02,-2.10317361e-01,-8.30466800e+00,0.00000000e+00,1.39730369e-01,2.33608623e-02,1.36935761e+02,2.28936450e+01
1.29600000e+00,-6.82768448e-02,6.74392189e-02,3.73548012e-02,-2.13225326e-01,-8.30466800e+00,0.00000000e+00,1.41141886e-01,2.39861789e-02,1.38319048e+02,2.35064553e+01
1.29800000e+00,-6.81302029e-02,7.92039742e-02,3.69258522e-02,-2.15740188e-01,-8.30466800e+00,0.00000000e+00,1.40427192e-01,2.35742237e-02,1.37618648e+02,2.31027392e+01
1.30000000e+00,-6.79600342e-02,9.09608427e-02,3.64917923e-02,-2.18327249e-01,-8.30466800e+00,0.00000000e+00,1.39985051e-01,2.32155984e-02,1.37185350e+02,2.27512865e+01
1.30200000e+00,-6.77649381e-02,1.04849670e-01,3.60485690e-02,-2.26874786e-01,-8.30466800e+00,0.00000000e+00,8.90701182e-02,1.04326812e-02,8.72887158e+01,1.02240276e+01
1.30400000e+00,-6.75408790e-02,1.18373280e-01,3.55853626e-02,-2.33818830e-01,-8.30466800e+00,0.00000000e+00,1.46748767e-01,2.59234704e-02,1.43813791e+02,2.54050010e+01
1.30600000e+00,-6.72929855e-02,1.29586207e-01,3.51175248e-02,-2.34416516e-01,-8.30466800e+00,0.00000000e+00,1.41086531e-01,2.30854367e-02,1.38264801e+02,2.26237280e+01
1.30800000e+00,-6.70224717e-02,1.40892915e-01,3.46471882e-02,-2.35776663e-01,-8.30466800e+00,0.00000000e+00,1.42395382e-01,2.36517674e-02,1.39547475e+02,2.31787321e+01
1.31000000e+00,-6.67295641e-02,1.51974277e-01,3.41749916e-02,-2.36276729e-01,-8.30466800e+00,0.00000000e+00,1.44006565e-01,2.42164446e-02,1.41126434e+02,2.37321157e+01
1.31200000e+00,-6.64146507e-02,1.62941462e-01,3.37021449e-02,-2.36681343e-01,-8.30466800e+00,0.00000000e+00,1.42537423e-01,2.31767459e-02,1.39686675e+02,2.27132109e+01
1.31400000e+00,-6.60778635e-02,1.73810796e-01,3.32282226e-02,-2.37151378e-01,-8.30466800e+00,0.00000000e+00,1.43588316e-01,2.34023217e-02,1.40716549e+02,2.29342752e+01
1.31600000e+00,-6.57195775e-02,1.84425163e-01,3.27540726e-02,-2.36821791e-01,-8.30466800e+00,0.00000000e+00,1.45614084e-01,2.41777357e-02,1.42701802e+02,2.36941809e+01
1.31800000e+00,-6.53402960e-02,1.94839794e-01,3.22812461e-02,-2.36026210e-01,-8.30466800e+00,0.00000000e+00,1.45202008e-01,2.37046418e-02,1.42297968e+02,2.32305489e+01
1.32000000e+00,-6.49402978e-02,2.05135222e-01,3.18099201e-02,-2.35302083e-01,-8.30466800e+00,0.00000000e+00,1.45176360e-01,2.33541357e-02,1.42272833e+02,2.28870529e+01
1.32200000e+00,-6.45184734e-02,2.17353115e-01,3.13359105e-02,-2.40767924e-01,-8.30466800e+00,0.00000000e+00,9.68828048e-02,1.00361237e-02,9.49451487e+01,9.83540127e+00
1.32400000e+00,-6.40711969e-02,2.29103718e-01,3.08480288e-02,-2.44463893e-01,-8.30466800e+00,0.00000000e+00,1.52495735e-01,2.63747151e-02,1.49445821e+02,2.58472208e+01
1.32600000e+00,-6.36035721e-02,2.38584004e-01,3.03624117e-02,-2.41625093e-01,-8.30466800e+00,0.00000000e+00,1.46155219e-01,2.30575238e-02,1.43232114e+02,2.25963734e+01
1.32800000e+00,-6.31168594e-02,2.48066539e-01,2.98809398e-02,-2.39669268e-01,-8.30466800e+00,0.00000000e+00,1.48508956e-01,2.38328042e-02,1.45538777e+02,2.33561481e+01
1.33000000e+00,-6.26115285e-02,2.57215337e-01,2.94043420e-02,-2.36802458e-01,-8.30466800e+00,0.00000000e+00,1.49866153e-01,2.42877129e-02,1.46868830e+02,2.38019586e+01
1.33200000e+00,-6.20881233e-02,2.66176253e-01,2.89337810e-02,-2.33859018e-01,-8.30466800e+00,0.00000000e+00,1.48663186e-01,2.33201771e-02,1.45689922e+02,2.28537736e+01
1.33400000e+00,-6.15469444e-02,2.74955809e-01,2.84688314e-02,-2.31027478e-01,-8.30466800e+00,0.00000000e+00,1.49722331e-01,2.33874902e-02,1.46727885e+02,2.29197404e+01
1.33600000e+00,-6.09885144e-02,2.83413883e-01,2.80101177e-02,-2.27526171e-01,-8.30466800e+00,0.00000000e+00,1.51651491e-01,2.40693503e-02,1.48618461e+02,2.35879633e+01
1.33800000e+00,-6.04134772e-02,2.91589434e-01,2.75590266e-02,-2.23575031e-01,-8.30466800e+00,0.00000000e+00,1.51663494e-01,2.36856596e-02,1.48630224e+02,2.32119464e+01
1.34000000e+00,-5.98222819e-02,2.99577086e-01,2.71157171e-02,-2.19774523e-01,-8.30466800e+00,0.00000000e+00,1.51248807e-01,2.31183032e-02,1.48223830e+02,2.26559371e+01
1.34200000e+00,-5.92140544e-02,3.09236245e-01,2.66758280e-02,-2.22123838e-01,-8.30466800e+00,0.00000000e+00,1.07676736e-01,1.01489014e-02,1.05523201e+02,9.94592333e+00
1.34400000e+00,-5.85856939e-02,3.18360134e-01,2.62283851e-02,-2.22728988e-01,-8.30466800e+00,0.00000000e+00,1.58667524e-01,2.61414054e-02,1.55494174e+02,2.56185773e+01
1.34600000e+00,-5.79420316e-02,3.25357529e-01,2.57891195e-02,-2.17023294e-01,-8.30466800e+00,0.00000000e+00,1.52141206e-01,2.27653251e-02,1.49098382e+02,2.23100186e+01
1.34800000e+00,-5.72842857e-02,3.32322074e-01,2.53596468e-02,-2.12285271e-01,-8.30466800e+00,0.00000000e+00,1.54094496e-01,2.34948612e-02,1.51012606e+02,2.30249640e+01
1.35000000e+00,-5.66130307e-02,3.38855559e-01,2.49406727e-02,-2.06505945e-01,-8.30466800e+00,0.00000000e+00,1.56761283e-01,2.43502029e-02,1.53626057e+02,2.38631989e+01
1.35200000e+00,-5.59290564e-02,3.45099607e-01,2.45337351e-02,-2.00558465e-01,-8.30466800e+00,0.00000000e+00,1.55299961e-01,2.32639982e-02,1.52193962e+02,2.27987182e+01
1.35400000e+00,-5.52327864e-02,3.51112523e-01,2.41383179e-02,-1.94792414e-01,-8.30466800e+00,0.00000000e+00,1.56503175e-01,2.34021758e-02,1.53373112e+02,2.29341323e+01
1.35600000e+00,-5.45248560e-02,3.56750883e-01,2.37549451e-02,-1.88456929e-01,-8.30466800e+00,0.00000000e+00,1.58296607e-01,2.39090292e-02,1.55130674e+02,2.34308486e+01
1.35800000e+00,-5.38060159e-02,3.62039662e-01,2.33847553e-02,-1.81723717e-01,-8.30466800e+00,0.00000000e+00,1.58825659e-01,2.37054170e-02,1.55649146e+02,2.32313087e+01
1.36000000e+00,-5.30768573e-02,3.67088577e-01,2.30279066e-02,-1.75205901e-01,-8.30466800e+00,0.00000000e+00,1.57970011e-01,2.29444379e-02,1.54810610e+02,2.24855491e+01
1.36200000e+00,-5.23368897e-02,3.73295285e-01,2.26803313e-02,-1.74087920e-01,-8.30466800e+00,0.00000000e+00,1.25754181e-01,1.18734603e-02,1.23239098e+02,1.16359911e+01
1.36400000e+00,-5.15840269e-02,3.78975947e-01,2.23325439e-02,-1.71487098e-01,-8.30466800e+00,0.00000000e+00,1.64142106e-01,2.55599269e-02,1.60859264e+02,2.50487284e+01
1.36600000e+00,-5.08221096e-02,3.82971201e-01,2.19979852e-02,-1.63483142e-01,-8.30466800e+00,0.00000000e+00,1.58934135e-01,2.27332686e-02,1.55755453e+02,2.22786032e+01
1.36800000e+00,-5.00522189e-02,3.86851270e-01,2.16780121e-02,-1.56377927e-01,-8.30466800e+00,0.00000000e+00,1.60564962e-01,2.32135105e-02,1.57353663e+02,2.27492403e+01
1.37000000e+00,-4.92750088e-02,3.90274954e-01,2.13730387e-02,-1.48424933e-01,-8.30466800e+00,0.00000000e+00,1.63268406e-01,2.40739058e-02,1.60003038e+02,2.35924277e+01
1.37200000e+00,-4.84913321e-02,3.93379143e-01,2.10843451e-02,-1.40422949e-01,-8.30466800e+00,0.00000000e+00,1.61646103e-01,2.29005915e-02,1.58413181e+02,2.24425796e+01
1.37400000e+00,-4.77016720e-02,3.96213687e-01,2.08111933e-02,-1.32651485e-01,-8.30466800e+00,0.00000000e+00,1.63134927e-01,2.31966869e-02,1.59872229e+02,2.27327532e+01
1.37600000e+00,-4.69067311e-02,3.98667593e-01,2.05539629e-02,-1.24544409e-01,-8.30466800e+00,0.00000000e+00,1.64061575e-01,2.32342724e-02,1.60780344e+02,2.27695870e+01
1.37800000e+00,-4.61072421e-02,4.00760755e-01,2.03131821e-02,-1.16187604e-01,-8.30466800e+00,0.00000000e+00,1.65046887e-01,2.33735066e-02,1.61745949e+02,2.29060364e+01
1.38000000e+00,-4.53038835e-02,4.02560800e-01,2.00891298e-02,-1.07954827e-01,-8.30466800e+00,0.00000000e+00,1.64360408e-01,2.26504655e-02,1.61073200e+02,2.21974562e+01
1.38200000e+00,-4.44964837e-02,4.05133516e-01,1.98782875e-02,-1.04334265e-01,-8.30466800e+00,0.00000000e+00,1.40409901e-01,1.33891898e-02,1.37601703e+02,1.31214060e+01
1.38400000e+00,-4.36836710e-02,4.07223906e-01,1.96725288e-02,-9.96100377e-02,-8.30466800e+00,0.00000000e+00,1.69006284e-01,2.46719319e-02,1.65626158e+02,2.41784932e+01
1.38600000e+00,-4.28684673e-02,4.07995544e-01,1.94827592e-02,-9.05182656e-02,-8.30466800e+00,0.00000000e+00,1.64573977e-01,2.22817153e-02,1.61282498e+02,2.18360810e+01
1.38800000e+00,-4.20517874e-02,4.08619350e-01,1.93098522e-02,-8.23318368e-02,-8.30466800e+00,0.00000000e+00,1.65796773e-01,2.25212870e-02,1.62480837e+02,2.20708612e+01
1.39000000e+00,-4.12343050e-02,4.08770602e-01,1.91539699e-02,-7.33385271e-02,-8.30466800e+00,0.00000000e+00,1.68943971e-01,2.37490861e-02,1.65565092e+02,2.32741044e+01
1.39200000e+00,-4.04169421e-02,4.08566199e-01,1.90166109e-02,-6.41759416e-02,-8.30466800e+00,0.00000000e+00,1.67434418e-01,2.26765666e-02,1.64085730e+02,2.22230353e+01
1.39400000e+00,-3.96002116e-02,4.08104705e-01,1.88969918e-02,-5.54248251e-02,-8.30466800e+00,0.00000000e+00,1.68282671e-01,2.27109634e-02,1.64917018e+02,2.22567442e+01
1.39600000e+00,-3.87847571e-02,4.07292588e-01,1.87949817e-02,-4.65685322e-02,-8.30466800e+00,0.00000000e+00,1.68967703e-01,2.27479951e-02,1.65588349e+02,2.22930352e+01
1.39800000e+00,-3.79712706e-02,4.06136382e-01,1.87107904e-02,-3.76031670e-02,-8.30466800e+00,0.00000000e+00,1.69677922e-01,2.28159818e-02,1.66284364e+02,2.23596622e+01
1.40000000e+00,-3.71604044e-02,4.04690971e-01,1.86444204e-02,-2.88607674e-02,-8.30466800e+00,0.00000000e+00,1.69100604e-01,2.21815691e-02,1.65718592e+02,2.17379378e+01
1.40200000e+00,-3.63523498e-02,4.03480978e-01,1.85933615e-02,-2.30966115e-02,-8.30466800e+00,0.00000000e+00,1.57575048e-01,1.64889833e-02,1.54423547e+02,1.61592036e+01
1.40400000e+00,-3.55467306e-02,4.01895786e-01,1.85524184e-02,-1.67560655e-02,-8.30466800e+00,0.00000000e+00,1.71286041e-01,2.33307796e-02,1.67860321e+02,2.28641640e+01
1.40600000e+00,-3.47452892e-02,3.99526775e-01,1.85281280e-02,-7.72958613e-03,-8.30466800e+00,0.00000000e+00,1.69338845e-01,2.20882968e-02,1.65952069e+02,2.16465308e+01
1.40800000e+00,-3.39487670e-02,3.96942473e-01,1.85211070e-02,7.07390296e-04,-8.30466800e+00,0.00000000e+00,1.69804269e-01,2.20799380e-02,1.66408184e+02,2.16383392e+01
1.41000000e+00,-3.31577906e-02,3.93951229e-01,1.85312758e-02,9.62170508e-03,-8.30466800e+00,0.00000000e+00,1.72379165e-01,2.31011844e-02,1.68931581e+02,2.26391608e+01
1.41200000e+00,-3.23732017e-02,3.90600618e-01,1.85597289e-02,1.87386399e-02,-8.30466800e+00,0.00000000e+00,1.71783416e-01,2.25421259e-02,1.68347748e+02,2.20912834e+01
1.41400000e+00,-3.15955605e-02,3.86991604e-01,1.86059961e-02,2.75041120e-02,-8.30466800e+00,0.00000000e+00,1.72054716e-01,2.24259721e-02,1.68613622e+02,2.19774526e+01
1.41600000e+00,-3.08254305e-02,3.83089878e-01,1.86696677e-02,3.61530955e-02,-8.30466800e+00,0.00000000e+00,1.72320823e-01,2.23850395e-02,1.68874406e+02,2.19373387e+01
1.41800000e+00,-3.00634082e-02,3.78877346e-01,1.87505945e-02,4.47811940e-02,-8.30466800e+00,0.00000000e+00,1.73079854e-01,2.24942256e-02,1.69618257e+02,2.20443411e+01
1.42000000e+00,-2.93101043e-02,3.74389960e-01,1.88486279e-02,5.31625056e-02,-8.30466800e+00,0.00000000e+00,1.72575864e-01,2.20036234e-02,1.69124347e+02,2.15635510e+01
1.42200000e+00,-2.85658353e-02,3.69922045e-01,1.89619627e-02,5.96212961e-02,-8.30466800e+00,0.00000000e+00,1.66530796e-01,1.86178969e-02,1.63200180e+02,1.82455390e+01
1.42400000e+00,-2.78305934e-02,3.65188293e-01,1.90871923e-02,6.61986632e-02,-8.30466800e+00,0.00000000e+00,1.72766996e-01,2.24289715e-02,1.69311656e+02,2.19803921e+01
1.42600000e+00,-2.71054002e-02,3.59977446e-01,1.92276686e-02,7.41428664e-02,-8.30466800e+00,0.00000000e+00,1.71738145e-01,2.16842707e-02,1.68303382e+02,2.12505853e+01
1.42800000e+00,-2.63908265e-02,3.54552324e-01,1.93834492e-02,8.16153112e-02,-8.30466800e+00,0.00000000e+00,1.71918813e-01,2.16582347e-02,1.68480437e+02,2.12250700e+01
1.43000000e+00,-2.56874230e-02,3.48779119e-01,1.95543504e-02,8.94184672e-02,-8.30466800e+00,0.00000000e+00,1.74106572e-01,2.26194475e-02,1.70624441e+02,2.21670586e+01
1.43200000e+00,-2.49959197e-02,3.42691302e-01,1.97412339e-02,9.73878663e-02,-8.30466800e+00,0.00000000e+00,1.73600843e-01,2.22708713e-02,1.70128826e+02,2.18254539e+01
1.43400000e+00,-2.43167911e-02,3.36403592e-01,1.99435962e-02,1.04898821e-01,-8.30466800e+00,0.00000000e+00,1.73208091e-01,2.19431654e-02,1.69743929e+02,2.15043021e+01
1.43600000e+00,-2.36504448e-02,3.29906718e-01,2.01605777e-02,1.12032556e-01,-8.30466800e+00,0.00000000e+00,1.73022522e-01,2.17861254e-02,1.69562072e+02,2.13504029e+01
1.43800000e+00,-2.29973236e-02,3.23170750e-01,2.03916292e-02,1.19020549e-01,-8.30466800e+00,0.00000000e+00,1.73436180e-01,2.19644778e-02,1.69967457e+02,2.15251882e+01
1.44000000e+00,-2.23579044e-02,3.16220955e-01,2.06364693e-02,1.25722680e-01,-8.30466800e+00,0.00000000e+00,1.72771067e-01,2.15330952e-02,1.69315645e+02,2.11024333e+01
1.44200000e+00,-2.17325390e-02,3.09122322e-01,2.08938668e-02,1.31445253e-01,-8.30466800e+00,0.00000000e+00,1.71780240e-01,2.02736660e-02,1.68344635e+02,1.98681927e+01
1.44400000e+00,-2.11215097e-02,3.01881791e-01,2.11620524e-02,1.36871046e-01,-8.30466800e+00,0.00000000e+00,1.71069391e-01,2.12911150e-02,1.67648003e+02,2.08652927e+01
1.44600000e+00,-2.05251540e-02,2.94427992e-01,2.14416466e-02,1.42740182e-01,-8.30466800e+00,0.00000000e+00,1.71865318e-01,2.16012756e-02,1.68428012e+02,2.11692501e+01
1.44800000e+00,-1.99439331e-02,2.86771152e-01,2.17328634e-02,1.48384721e-01,-8.30466800e+00,0.00000000e+00,1.71038080e-01,2.12333675e-02,1.67617318e+02,2.08087002e+01
1.45000000e+00,-1.93782210e-02,2.78887039e-01,2.20351636e-02,1.53996503e-01,-8.30466800e+00,0.00000000e+00,1.72526079e-01,2.19621192e-02,1.69075557e+02,2.15228768e+01
1.45200000e+00,-1.88285652e-02,2.70732549e-01,2.23489933e-02,1.59824143e-01,-8.30466800e+00,0.00000000e+00,1.72835931e-01,2.21323980e-02,1.69379212e+02,2.16897501e+01
1.45400000e+00,-1.82954048e-02,2.62406953e-01,2.26742535e-02,1.65341774e-01,-8.30466800e+00,0.00000000e+00,1.72138170e-01,2.17737767e-02,1.68695407e+02,2.13383012e+01
1.45600000e+00,-1.77790196e-02,2.53958064e-01,2.30100147e-02,1.70340958e-01,-8.30466800e+00,0.00000000e+00,1.71467140e-01,2.15217646e-02,1.68037798e+02,2.10913293e+01
1.45800000e+00,-1.72796851e-02,2.45340482e-01,2.33554805e-02,1.75134963e-01,-8.30466800e+00,0.00000000e+00,1.71968874e-01,2.18346756e-02,1.68529497e+02,2.13979821e+01
1.46000000e+00,-1.67977629e-02,2.36565102e-01,2.37103929e-02,1.79686496e-01,-8.30466800e+00,0.00000000e+00,1.71184636e-01,2.15179389e-02,1.67760943e+02,2.10875802e+01
1.46200000e+00,-1.63336106e-02,2.27510765e-01,2.40740717e-02,1.84005828e-01,-8.30466800e+00,0.00000000e+00,1.74661743e-01,2.18650675e-02,1.71168508e+02,2.14277662e+01
1.46400000e+00,-1.58877373e-02,2.18430142e-01,2.44460094e-02,1.87715067e-01,-8.30466800e+00,0.00000000e+00,1.68121726e-01,2.07670912e-02,1.64759292e+02,2.03517494e+01
1.46600000e+00,-1.54598397e-02,2.09425086e-01,2.48246320e-02,1.90974363e-01,-8.30466800e+00,0.00000000e+00,1.69366326e-01,2.14602221e-02,1.65979000e+02,2.10310176e+01
1.46800000e+00,-1.50501436e-02,2.00260146e-01,2.52098668e-02,1.94173503e-01,-8.30466800e+00,0.00000000e+00,1.68475969e-01,2.11898194e-02,1.65106450e+02,2.07660230e+01
1.47000000e+00,-1.46588562e-02,1.91009554e-01,2.56010623e-02,1.96977028e-01,-8.30466800e+00,0.00000000e+00,1.68135901e-01,2.11875108e-02,1.64773183e+02,2.07637606e+01
1.47200000e+00,-1.42862094e-02,1.81602834e-01,2.59977960e-02,1.99812144e-01,-8.30466800e+00,0.00000000e+00,1.69044031e-01,2.18217583e-02,1.65663150e+02,2.13853231e+01
1.47400000e+00,-1.39325411e-02,1.72051836e-01,2.64003086e-02,2.02643951e-01,-8.30466800e+00,0.00000000e+00,1.68581255e-01,2.17544060e-02,1.65209629e+02,2.13193179e+01
1.47600000e+00,-1.35980220e-02,1.62471054e-01,2.68079777e-02,2.04884816e-01,-8.30466800e+00,0.00000000e+00,1.66970123e-01,2.11627806e-02,1.63630720e+02,2.07395250e+01
1.47800000e+00,-1.32826878e-02,1.52843777e-01,2.72195573e-02,2.06689817e-01,-8.30466800e+00,0.00000000e+00,1.67054332e-01,2.14267595e-02,1.63713246e+02,2.09982243e+01
1.48000000e+00,-1.29867037e-02,1.43131187e-01,2.76346187e-02,2.08317407e-01,-8.30466800e+00,0.00000000e+00,1.66507882e-01,2.13826525e-02,1.63177724e+02,2.09549995e+01
1.48200000e+00,-1.27104923e-02,1.32924785e-01,2.80534546e-02,2.10886321e-01,-8.30466800e+00,0.00000000e+00,1.76297587e-01,2.40000397e-02,1.72771635e+02,2.35200389e+01
1.48400000e+00,-1.24549496e-02,1.22800893e-01,2.84776100e-02,2.12624471e-01,-8.30466800e+00,0.00000000e+00,1.62451713e-01,2.02438404e-02,1.59202678e+02,1.98389636e+01
1.48600000e+00,-1.22190024e-02,1.13106580e-01,2.89029335e-02,2.12834275e-01,-8.30466800e+00,0.00000000e+00,1.64293960e-01,2.13996151e-02,1.61008081e+02,2.09716228e+01
1.48800000e+00,-1.20025888e-02,1.03313879e-01,2.93289848e-02,2.13100648e-01,-8.30466800e+00,0.00000000e+00,1.62944137e-01,2.09710658e-02,1.59685254e+02,2.05516445e+01
1.49000000e+00,-1.18057309e-02,9.35451127e-02,2.97549649e-02,2.12810321e-01,-8.30466800e+00,0.00000000e+00,1.62087782e-01,2.08397355e-02,1.58846026e+02,2.04229408e+01
1.49200000e+00,-1.16284665e-02,8.36892600e-02,3.01803029e-02,2.12635154e-01,-8.30466800e+00,0.00000000e+00,1.63491961e-01,2.18205270e-02,1.60222122e+02,2.13841164e+01
1.49400000e+00,-1.14710394e-02,7.37350686e-02,3.06056580e-02,2.12688631e-01,-8.30466800e+00,0.00000000e+00,1.63059956e-01,2.19272763e-02,1.59798757e+02,2.14887307e+01
1.49600000e+00,-1.13334820e-02,6.38471032e-02,3.10306342e-02,2.12107352e-01,-8.30466800e+00,0.00000000e+00,1.60781061e-01,2.10954431e-02,1.57565440e+02,2.06735342e+01
1.49800000e+00,-1.12155961e-02,5.40415404e-02,3.14536477e-02,2.10866592e-01,-8.30466800e+00,0.00000000e+00,1.60132055e-01,2.11478230e-02,1.56929414e+02,2.07248666e+01
1.50000000e+00,-1.11173188e-02,4.42316006e-02,3.18740252e-02,2.09512797e-01,-8.30466800e+00,0.00000000e+00,1.60041054e-01,2.14592728e-02,1.56840233e+02,2.10300873e+01
1.50200000e+00,-1.10391342e-02,3.37248494e-02,3.22931425e-02,2.10324115e-01,-8.30466800e+00,0.00000000e+00,1.75734494e-01,2.62911011e-02,1.72219804e+02,2.57652791e+01
1.50400000e+00,-1.09822885e-02,2.34144080e-02,3.27146173e-02,2.10079203e-01,-8.30466800e+00,0.00000000e+00,1.54946486e-01,1.98440139e-02,1.51847557e+02,1.94471336e+01
1.50600000e+00,-1.09449641e-02,1.38726947e-02,3.31317178e-02,2.07222102e-01,-8.30466800e+00,0.00000000e+00,1.57427877e-01,2.14052197e-02,1.54279319e+02,2.09771153e+01
1.50800000e+00,-1.09268391e-02,4.26896408e-03,3.35437087e-02,2.04669521e-01,-8.30466800e+00,0.00000000e+00,1.56208439e-01,2.10727611e-02,1.53084270e+02,2.06513059e+01
1.51000000e+00,-1.09278131e-02,-5.22208638e-03,3.39500047e-02,2.01530265e-01,-8.30466800e+00,0.00000000e+00,1.54763968e-01,2.07554505e-02,1.51668689e+02,2.03403415e+01
1.51200000e+00,-1.09477448e-02,-1.47392324e-02,3.43500024e-02,1.98649885e-01,-8.30466800e+00,0.00000000e+00,1.56942205e-01,2.21888208e-02,1.53803361e+02,2.17450444e+01
1.51400000e+00,-1.09868164e-02,-2.43258479e-02,3.47449644e-02,1.96309771e-01,-8.30466800e+00,0.00000000e+00,1.56667084e-01,2.24546546e-02,1.53533742e+02,2.20055615e+01
1.51600000e+00,-1.10449338e-02,-3.37408223e-02,3.51347555e-02,1.93240829e-01,-8.30466800e+00,0.00000000e+00,1.53367197e-01,2.12170076e-02,1.50299853e+02,2.07926675e+01
1.51800000e+00,-1.11216371e-02,-4.29419915e-02,3.55173452e-02,1.89298149e-01,-8.30466800e+00,0.00000000e+00,1.52259535e-01,2.11688219e-02,1.49214344e+02,2.07454454e+01
1.52000000e+00,-1.12166418e-02,-5.20532178e-02,3.58918717e-02,1.85240917e-01,-8.30466800e+00,0.00000000e+00,1.52003791e-01,2.15132644e-02,1.48963715e+02,2.10829991e+01
1.52200000e+00,-1.13303557e-02,-6.19229152e-02,3.62603607e-02,1.84261024e-01,-8.30466800e+00,0.00000000e+00,1.70872055e-01,2.81553848e-02,1.67454614e+02,2.75922771e+01
1.52400000e+00,-1.14641374e-02,-7.14986740e-02,3.66281037e-02,1.82063376e-01,-8.30466800e+00,0.00000000e+00,1.46186769e-01,1.94828607e-02,1.43263033e+02,1.90932035e+01
1.52600000e+00,-1.16157070e-02,-8.01094979e-02,3.69863377e-02,1.76451051e-01,-8.30466800e+00,0.00000000e+00,1.49526397e-01,2.15021418e-02,1.46535869e+02,2.10720990e+01
1.52800000e+00,-1.17845945e-02,-8.87489885e-02,3.73342685e-02,1.71379668e-01,-8.30466800e+00,0.00000000e+00,1.48199927e-01,2.11173704e-02,1.45235929e+02,2.06950230e+01
1.53000000e+00,-1.19705724e-02,-9.71926688e-02,3.76714422e-02,1.65687084e-01,-8.30466800e+00,0.00000000e+00,1.46434405e-01,2.06821965e-02,1.43505717e+02,2.02685526e+01
1.53200000e+00,-1.21733553e-02,-1.05621455e-01,3.79973357e-02,1.60472648e-01,-8.30466800e+00,0.00000000e+00,1.49472982e-01,2.25888036e-02,1.46483523e+02,2.21370275e+01
1.53400000e+00,-1.23930980e-02,-1.14109872e-01,3.83139414e-02,1.56171028e-01,-8.30466800e+00,0.00000000e+00,1.49586944e-01,2.30522636e-02,1.46595205e+02,2.25912183e+01
1.53600000e+00,-1.26296260e-02,-1.22345194e-01,3.86215303e-02,1.51135257e-01,-8.30466800e+00,0.00000000e+00,1.45455761e-01,2.14891732e-02,1.42546645e+02,2.10593898e+01
1.53800000e+00,-1.28822648e-02,-1.30259514e-01,3.89178156e-02,1.45099412e-01,-8.30466800e+00,0.00000000e+00,1.44115890e-01,2.13788135e-02,1.41233573e+02,2.09512372e+01
1.54000000e+00,-1.31505524e-02,-1.38006381e-01,3.92018690e-02,1.38975215e-01,-8.30466800e+00,0.00000000e+00,1.43701224e-01,2.17120218e-02,1.40827199e+02,2.12777813e+01
1.54200000e+00,-1.34348418e-02,-1.46580373e-01,3.94763164e-02,1.36750352e-01,-8.30466800e+00,0.00000000e+00,1.65730559e-01,2.99570182e-02,1.62415948e+02,2.93578778e+01
1.54400000e+00,-1.37366400e-02,-1.54803542e-01,3.97480537e-02,1.33300900e-01,-8.30466800e+00,0.00000000e+00,1.37931802e-01,1.95305238e-02,1.35173166e+02,1.91399133e+01
1.54600000e+00,-1.40533006e-02,-1.61893827e-01,4.00068200e-02,1.25801652e-01,-8.30466800e+00,0.00000000e+00,1.41814284e-01,2.18293555e-02,1.38977998e+02,2.13927684e+01
1.54800000e+00,-1.43842221e-02,-1.68994347e-01,4.02517846e-02,1.19088775e-01,-8.30466800e+00,0.00000000e+00,1.40843250e-01,2.15337766e-02,1.38026385e+02,2.11031011e+01
1.55000000e+00,-1.47291402e-02,-1.75888051e-01,4.04829253e-02,1.12001280e-01,-8.30466800e+00,0.00000000e+00,1.39768904e-01,2.13761041e-02,1.36973526e+02,2.09485820e+01
1.55200000e+00,-1.50877417e-02,-1.82732820e-01,4.07002014e-02,1.05531179e-01,-8.30466800e+00,0.00000000e+00,1.42599266e-01,2.31428277e-02,1.39747281e+02,2.26799711e+01
1.55400000e+00,-1.54600765e-02,-1.89585173e-01,4.09057042e-02,1.00042263e-01,-8.30466800e+00,0.00000000e+00,1.42957576e-01,2.37314574e-02,1.40098425e+02,2.32568283e+01
1.55600000e+00,-1.58458775e-02,-1.96130220e-01,4.10999049e-02,9.38551866e-02,-8.30466800e+00,0.00000000e+00,1.38540636e-01,2.19572195e-02,1.35769824e+02,2.15180751e+01
1.55800000e+00,-1.62443435e-02,-2.02294530e-01,4.12804659e-02,8.66795734e-02,-8.30466800e+00,0.00000000e+00,1.37288259e-01,2.19173795e-02,1.34542494e+02,2.14790319e+01
1.56000000e+00,-1.66549113e-02,-2.08242272e-01,4.14466238e-02,7.95048741e-02,-8.30466800e+00,0.00000000e+00,1.36807153e-01,2.21994455e-02,1.34071010e+02,2.17554566e+01
1.56200000e+00,-1.70777858e-02,-2.14899807e-01,4.16011537e-02,7.63319393e-02,-8.30466800e+00,0.00000000e+00,1.57300207e-01,3.05396743e-02,1.54154203e+02,2.99288808e+01
1.56400000e+00,-1.75142478e-02,-2.21163414e-01,4.17511129e-02,7.19015187e-02,-8.30466800e+00,0.00000000e+00,1.31137870e-01,1.97753126e-02,1.28515112e+02,1.93798063e+01
1.56600000e+00,-1.79617088e-02,-2.26331017e-01,4.18860644e-02,6.34283678e-02,-8.30466800e+00,0.00000000e+00,1.35321274e-01,2.22503783e-02,1.32614848e+02,2.18053708e+01
1.56800000e+00,-1.84195599e-02,-2.31480591e-01,4.20054447e-02,5.58825861e-02,-8.30466800e+00,0.00000000e+00,1.34432979e-01,2.18954566e-02,1.31744319e+02,2.14575475e+01
1.57000000e+00,-1.88874580e-02,-2.36370401e-01,4.21093330e-02,4.79441477e-02,-8.30466800e+00,0.00000000e+00,1.33050683e-01,2.15778184e-02,1.30389670e+02,2.11462620e+01
1.57200000e+00,-1.93649664e-02,-2.41147559e-01,4.21976067e-02,4.05837926e-02,-8.30466800e+00,0.00000000e+00,1.35679182e-01,2.32380675e-02,1.32965599e+02,2.27733062e+01
1.57400000e+00,-1.98520227e-02,-2.45886432e-01,4.22723589e-02,3.42594448e-02,-8.30466800e+00,0.00000000e+00,1.36112600e-01,2.38618064e-02,1.33390348e+02,2.33845703e+01
1.57600000e+00,-2.03482901e-02,-2.50292363e-01,4.23342789e-02,2.73868687e-02,-8.30466800e+00,0.00000000e+00,1.31932023e-01,2.21784864e-02,1.29293382e+02,2.17349166e+01
1.57800000e+00,-2.08529293e-02,-2.54303993e-01,4.23813527e-02,1.96838415e-02,-8.30466800e+00,0.00000000e+00,1.31001787e-01,2.21890794e-02,1.28381752e+02,2.17452978e+01
1.58000000e+00,-2.13653560e-02,-2.58090521e-01,4.24131198e-02,1.21390764e-02,-8.30466800e+00,0.00000000e+00,1.30839465e-01,2.25591626e-02,1.28222675e+02,2.21079794e+01
1.58200000e+00,-2.18856883e-02,-2.62472426e-01,4.24326056e-02,8.63866538e-03,-8.30466800e+00,0.00000000e+00,1.49144860e-01,3.07079771e-02,1.46161962e+02,3.00938176e+01
1.58400000e+00,-2.24149969e-02,-2.66481171e-01,4.24469711e-02,4.08362985e-03,-8.30466800e+00,0.00000000e+00,1.26422750e-01,2.03672152e-02,1.23894295e+02,1.99598709e+01
1.58600000e+00,-2.29509620e-02,-2.69513411e-01,4.24464350e-02,-4.22892736e-03,-8.30466800e+00,0.00000000e+00,1.30689516e-01,2.28237201e-02,1.28075726e+02,2.23672457e+01
1.58800000e+00,-2.34930257e-02,-2.72508290e-01,4.24307248e-02,-1.15374139e-02,-8.30466800e+00,0.00000000e+00,1.29962345e-01,2.24552780e-02,1.27363098e+02,2.20061724e+01
1.59000000e+00,-2.40408187e-02,-2.75238543e-01,4.24001111e-02,-1.91072261e-02,-8.30466800e+00,0.00000000e+00,1.28966343e-01,2.22345403e-02,1.26387016e+02,2.17898495e+01
1.59200000e+00,-2.45938875e-02,-2.77830289e-01,4.23546769e-02,-2.61055902e-02,-8.30466800e+00,0.00000000e+00,1.31230076e-01,2.35927892e-02,1.28605474e+02,2.31209334e+01
1.59400000e+00,-2.51520862e-02,-2.80341643e-01,4.22963063e-02,-3.21777572e-02,-8.30466800e+00,0.00000000e+00,1.31634156e-01,2.40977570e-02,1.29001473e+02,2.36158019e+01
1.59600000e+00,-2.57150312e-02,-2.82518718e-01,4.22256722e-02,-3.86904609e-02,-8.30466800e+00,0.00000000e+00,1.28005107e-01,2.25697587e-02,1.25445005e+02,2.21183636e+01
1.59800000e+00,-2.62819110e-02,-2.84320590e-01,4.21411384e-02,-4.58121803e-02,-8.30466800e+00,0.00000000e+00,1.27486723e-01,2.27015891e-02,1.24936989e+02,2.22475573e+01
1.60000000e+00,-2.68521616e-02,-2.85894546e-01,4.20425858e-02,-5.26904430e-02,-8.30466800e+00,0.00000000e+00,1.27327863e-01,2.29428133e-02,1.24781305e+02,2.24839570e+01
1.60200000e+00,-2.74257953e-02,-2.87927631e-01,4.19327602e-02,-5.59938994e-02,-8.30466800e+00,0.00000000e+00,1.42890517e-01,3.00500329e-02,1.40032707e+02,2.94490323e+01
1.60400000e+00,-2.80036549e-02,-2.89634963e-01,4.18180697e-02,-6.01075771e-02,-8.30466800e+00,0.00000000e+00,1.24424944e-01,2.10794173e-02,1.21936445e+02,2.06578290e+01
1.60600000e+00,-2.85837854e-02,-2.90517778e-01,4.16902484e-02,-6.73433947e-02,-8.30466800e+00,0.00000000e+00,1.28355987e-01,2.33171595e-02,1.25788868e+02,2.28508163e+01
1.60800000e+00,-2.91656858e-02,-2.91340267e-01,4.15493408e-02,-7.36123494e-02,-8.30466800e+00,0.00000000e+00,1.27761956e-01,2.29101062e-02,1.25206717e+02,2.24519041e+01
1.61000000e+00,-2.97489766e-02,-2.91907967e-01,4.13956831e-02,-8.00550902e-02,-8.30466800e+00,0.00000000e+00,1.27161324e-01,2.27354972e-02,1.24618097e+02,2.22807873e+01
1.61200000e+00,-3.03332115e-02,-2.92316425e-01,4.12294400e-02,-8.60185226e-02,-8.30466800e+00,0.00000000e+00,1.28808421e-01,2.36811884e-02,1.26232252e+02,2.32075646e+01
1.61400000e+00,-3.09181794e-02,-2.92630451e-01,4.10521949e-02,-9.11031701e-02,-8.30466800e+00,0.00000000e+00,1.29728614e-01,2.43289863e-02,1.27134042e+02,2.38424066e+01
1.61600000e+00,-3.15035384e-02,-2.92652159e-01,4.08648954e-02,-9.63856730e-02,-8.30466800e+00,0.00000000e+00,1.26755748e-01,2.30003977e-02,1.24220633e+02,2.25403897e+01
1.61800000e+00,-3.20885569e-02,-2.92327209e-01,4.06663265e-02,-1.02156771e-01,-8.30466800e+00,0.00000000e+00,1.26404960e-01,2.30221204e-02,1.23876861e+02,2.25616780e+01
1.62000000e+00,-3.26727067e-02,-2.91791448e-01,4.04564616e-02,-1.07637924e-01,-8.30466800e+00,0.00000000e+00,1.26600274e-01,2.33114521e-02,1.24068269e+02,2.28452230e+01
1.62200000e+00,-3.32559212e-02,-2.91553446e-01,4.02377422e-02,-1.10168421e-01,-8.30466800e+00,0.00000000e+00,1.38125257e-01,2.89045014e-02,1.35362752e+02,2.83264114e+01
1.62400000e+00,-3.38387429e-02,-2.91049012e-01,4.00154284e-02,-1.13237853e-01,-8.30466800e+00,0.00000000e+00,1.25133345e-01,2.18634417e-02,1.22630679e+02,2.14261729e+01
1.62600000e+00,-3.44196965e-02,-2.89913471e-01,3.97831759e-02,-1.18729494e-01,-8.30466800e+00,0.00000000e+00,1.28125103e-01,2.34908509e-02,1.25562601e+02,2.30210339e+01
1.62800000e+00,-3.49983494e-02,-2.88706851e-01,3.95410835e-02,-1.23361635e-01,-8.30466800e+00,0.00000000e+00,1.28200923e-01,2.33235771e-02,1.25636905e+02,2.28571056e+01
1.63000000e+00,-3.55743780e-02,-2.87281406e-01,3.92897194e-02,-1.28008665e-01,-8.30466800e+00,0.00000000e+00,1.27719669e-01,2.31024020e-02,1.25165275e+02,2.26403539e+01
1.63200000e+00,-3.61473696e-02,-2.85697841e-01,3.90293068e-02,-1.32268777e-01,-8.30466800e+00,0.00000000e+00,1.29189969e-01,2.37654937e-02,1.26606170e+02,2.32901838e+01
1.63400000e+00,-3.67171121e-02,-2.84028411e-01,3.87611741e-02,-1.35734323e-01,-8.30466800e+00,0.00000000e+00,1.30370948e-01,2.43886187e-02,1.27763529e+02,2.39008463e+01
1.63600000e+00,-3.72833158e-02,-2.82107840e-01,3.84863146e-02,-1.39282164e-01,-8.30466800e+00,0.00000000e+00,1.27951086e-01,2.32014850e-02,1.25392064e+02,2.27374553e+01
1.63800000e+00,-3.78453496e-02,-2.79896525e-01,3.82038428e-02,-1.43133942e-01,-8.30466800e+00,0.00000000e+00,1.28173971e-01,2.33487162e-02,1.25610491e+02,2.28817419e+01
1.64000000e+00,-3.84027908e-02,-2.77518606e-01,3.79140243e-02,-1.46617582e-01,-8.30466800e+00,0.00000000e+00,1.28618153e-01,2.35616318e-02,1.26045790e+02,2.30903991e+01
1.64200000e+00,-3.89555180e-02,-2.75281528e-01,3.76187402e-02,-1.48049906e-01,-8.30466800e+00,0.00000000e+00,1.35986526e-01,2.72334328e-02,1.33266795e+02,2.66887641e+01
1.64400000e+00,-3.95037924e-02,-2.72857640e-01,3.73216632e-02,-1.49724367e-01,-8.30466800e+00,0.00000000e+00,1.28737951e-01,2.26293895e-02,1.26163192e+02,2.21768018e+01
1.64600000e+00,-4.00466672e-02,-2.70011748e-01,3.70188247e-02,-1.52925820e-01,-8.30466800e+00,0.00000000e+00,1.30568627e-01,2.35970302e-02,1.27957255e+02,2.31250896e+01
1.64800000e+00,-4.05837812e-02,-2.67078585e-01,3.67103991e-02,-1.55468565e-01,-8.30466800e+00,0.00000000e+00,1.31095166e-01,2.35724604e-02,1.28473262e+02,2.31010112e+01
1.65000000e+00,-4.11148711e-02,-2.63979897e-01,3.63970142e-02,-1.57915713e-01,-8.30466800e+00,0.00000000e+00,1.31048668e-01,2.33509976e-02,1.28427695e+02,2.28839776e+01
1.65200000e+00,-4.16395983e-02,-2.60727516e-01,3.60788712e-02,-1.60160354e-01,-8.30466800e+00,0.00000000e+00,1.31800463e-01,2.35439733e-02,1.29164454e+02,2.30730938e+01
1.65400000e+00,-4.21577194e-02,-2.57382453e-01,3.57567590e-02,-1.61825705e-01,-8.30466800e+00,0.00000000e+00,1.33126081e-01,2.41075010e-02,1.30463560e+02,2.36253510e+01
1.65600000e+00,-4.26690216e-02,-2.53877692e-01,3.54316918e-02,-1.63305965e-01,-8.30466800e+00,0.00000000e+00,1.32256805e-01,2.34686765e-02,1.29611669e+02,2.29993030e+01
1.65800000e+00,-4.31730874e-02,-2.50158725e-01,3.51034270e-02,-1.64948437e-01,-8.30466800e+00,0.00000000e+00,1.32250516e-01,2.32987418e-02,1.29605505e+02,2.28327670e+01
1.66000000e+00,-4.36695569e-02,-2.46290289e-01,3.47720426e-02,-1.66374113e-01,-8.30466800e+00,0.00000000e+00,1.32832631e-01,2.34509322e-02,1.30175978e+02,2.29819136e+01
1.66200000e+00,-4.41582700e-02,-2.42453992e-01,3.44387783e-02,-1.66528431e-01,-8.30466800e+00,0.00000000e+00,1.37006804e-01,2.54914418e-02,1.34266668e+02,2.49816130e+01
1.66400000e+00,-4.46393267e-02,-2.38548440e-01,3.41060955e-02,-1.66432837e-01,-8.30466800e+00,0.00000000e+00,1.35157040e-01,2.35000861e-02,1.32453899e+02,2.30300844e+01
1.66600000e+00,-4.51123168e-02,-2.34422505e-01,3.37726153e-02,-1.66984629e-01,-8.30466800e+00,0.00000000e+00,1.35734951e-01,2.36564261e-02,1.33020252e+02,2.31832976e+01
1.66800000e+00,-4.55769650e-02,-2.30219042e-01,3.34384350e-02,-1.67119442e-01,-8.30466800e+00,0.00000000e+00,1.37155592e-01,2.38980132e-02,1.34412480e+02,2.34200530e+01
1.67000000e+00,-4.60331311e-02,-2.25922845e-01,3.31042884e-02,-1.67028031e-01,-8.30466800e+00,0.00000000e+00,1.37309226e-01,2.36538794e-02,1.34563041e+02,2.31808018e+01
1.67200000e+00,-4.64805718e-02,-2.21499738e-01,3.27703804e-02,-1.66850355e-01,-8.30466800e+00,0.00000000e+00,1.37860620e-01,2.36020113e-02,1.35103407e+02,2.31299711e+01
1.67400000e+00,-4.69190869e-02,-2.17011785e-01,3.24371747e-02,-1.66241084e-01,-8.30466800e+00,0.00000000e+00,1.39391958e-01,2.40835897e-02,1.36604118e+02,2.36019179e+01
1.67600000e+00,-4.73485544e-02,-2.12427135e-01,3.21055756e-02,-1.65392422e-01,-8.30466800e+00,0.00000000e+00,1.39125509e-01,2.36304186e-02,1.36342999e+02,2.31578102e+01
1.67800000e+00,-4.77687034e-02,-2.07704522e-01,3.17755912e-02,-1.64564560e-01,-8.30466800e+00,0.00000000e+00,1.39617133e-01,2.35681980e-02,1.36824790e+02,2.30968341e+01
1.68000000e+00,-4.81793096e-02,-2.02887522e-01,3.14474607e-02,-1.63521765e-01,-8.30466800e+00,0.00000000e+00,1.40291420e-01,2.36123974e-02,1.37485591e+02,2.31401494e+01
1.68200000e+00,-4.85802247e-02,-1.98027288e-01,3.11218450e-02,-1.61967767e-01,-8.30466800e+00,0.00000000e+00,1.41899509e-01,2.41754660e-02,1.39061519e+02,2.36919567e+01
1.68400000e+00,-4.89713946e-02,-1.93130834e-01,3.07997323e-02,-1.60199750e-01,-8.30466800e+00,0.00000000e+00,1.42658176e-01,2.36007190e-02,1.39805012e+02,2.31287046e+01
1.68600000e+00,-4.93527104e-02,-1.88177903e-01,3.04810590e-02,-1.58412224e-01,-8.30466800e+00,0.00000000e+00,1.43712793e-01,2.37604627e-02,1.40838537e+02,2.32852535e+01
1.68800000e+00,-4.97240779e-02,-1.83182549e-01,3.01662959e-02,-1.56306055e-01,-8.30466800e+00,0.00000000e+00,1.44718769e-01,2.38190467e-02,1.41824393e+02,2.33426657e+01
1.69000000e+00,-5.00853883e-02,-1.78108795e-01,2.98559069e-02,-1.54091729e-01,-8.30466800e+00,0.00000000e+00,1.44850902e-01,2.35431669e-02,1.41953884e+02,2.30723036e+01
1.69200000e+00,-5.04364527e-02,-1.72944359e-01,2.95499375e-02,-1.51864541e-01,-8.30466800e+00,0.00000000e+00,1.45486659e-01,2.34080387e-02,1.42576926e+02,2.29398779e+01
1.69400000e+00,-5.07771454e-02,-1.67749420e-01,2.92486495e-02,-1.49336238e-01,-8.30466800e+00,0.00000000e+00,1.46940468e-01,2.37438025e-02,1.44001659e+02,2.32689265e+01
1.69600000e+00,-5.11074346e-02,-1.62530851e-01,2.89528016e-02,-1.46494468e-01,-8.30466800e+00,0.00000000e+00,1.47652017e-01,2.36422113e-02,1.44698977e+02,2.31693670e+01
1.69800000e+00,-5.14272396e-02,-1.57268556e-01,2.86627655e-02,-1.43511784e-01,-8.30466800e+00,0.00000000e+00,1.48550804e-01,2.36240405e-02,1.45579787e+02,2.31515597e+01
1.70000000e+00,-5.17364786e-02,-1.51960914e-01,2.83788259e-02,-1.40421944e-01,-8.30466800e+00,0.00000000e+00,1.49138409e-01,2.34602430e-02,1.46155641e+02,2.29910382e+01
1.70200000e+00,-5.20350190e-02,-1.46556914e-01,2.81010429e-02,-1.37384334e-01,-8.30466800e+00,0.00000000e+00,1.48758200e-01,2.31163292e-02,1.45783036e+02,2.26540026e+01
1.70400000e+00,-5.23227238e-02,-1.41179216e-01,2.78295473e-02,-1.33958645e-01,-8.30466800e+00,0.00000000e+00,1.52123712e-01,2.38856343e-02,1.49081237e+02,2.34079216e+01
1.70600000e+00,-5.25997710e-02,-1.35854122e-01,2.75654581e-02,-1.30158357e-01,-8.30466800e+00,0.00000000e+00,1.52270689e-01,2.35237810e-02,1.49225276e+02,2.30533054e+01
1.70800000e+00,-5.28661002e-02,-1.30468999e-01,2.73088737e-02,-1.26418395e-01,-8.30466800e+00,0.00000000e+00,1.52917064e-01,2.33909362e-02,1.49858723e+02,2.29231175e+01
1.71000000e+00,-5.31216504e-02,-1.25089049e-01,2.70599793e-02,-1.22386301e-01,-8.30466800e+00,0.00000000e+00,1.54499698e-01,2.37797938e-02,1.51409704e+02,2.33041980e+01
1.71200000e+00,-5.33664519e-02,-1.19702257e-01,2.68194477e-02,-1.18175389e-01,-8.30466800e+00,0.00000000e+00,1.54777491e-01,2.34209285e-02,1.51681941e+02,2.29525099e+01
1.71400000e+00,-5.36004435e-02,-1.14291602e-01,2.65872605e-02,-1.13990371e-01,-8.30466800e+00,0.00000000e+00,1.55874325e-01,2.33920475e-02,1.52756838e+02,2.29242066e+01
1.71600000e+00,-5.38236440e-02,-1.08919534e-01,2.63636746e-02,-1.09522817e-01,-8.30466800e+00,0.00000000e+00,1.57523181e-01,2.36927678e-02,1.54372717e+02,2.32189125e+01
1.71800000e+00,-5.40361527e-02,-1.03593936e-01,2.61494058e-02,-1.04700506e-01,-8.30466800e+00,0.00000000e+00,1.58716734e-01,2.38286363e-02,1.55542400e+02,2.33520635e+01
1.72000000e+00,-5.42380185e-02,-9.82664770e-02,2.59448983e-02,-9.98396206e-02,-8.30466800e+00,0.00000000e+00,1.59149299e-01,2.34795844e-02,1.55966313e+02,2.30099927e+01
1.72200000e+00,-5.44290932e-02,-9.27509800e-02,2.57494842e-02,-9.58232743e-02,-8.30466800e+00,0.00000000e+00,1.55904852e-01,2.17750437e-02,1.52786755e+02,2.13395428e+01
1.72400000e+00,-5.46090705e-02,-8.73075155e-02,2.55619505e-02,-9.12890694e-02,-8.30466800e+00,0.00000000e+00,1.62324260e-01,2.42969862e-02,1.59077775e+02,2.38110465e+01
1.72600000e+00,-5.47784544e-02,-8.20607289e-02,2.53849427e-02,-8.58326834e-02,-8.30466800e+00,0.00000000e+00,1.61904769e-01,2.34555613e-02,1.58666674e+02,2.29864500e+01
1.72800000e+00,-5.49372701e-02,-7.67490039e-02,2.52183349e-02,-8.08035131e-02,-8.30466800e+00,0.00000000e+00,1.62124934e-01,2.31601843e-02,1.58882435e+02,2.26969806e+01
1.73000000e+00,-5.50855002e-02,-7.15119297e-02,2.50619833e-02,-7.53924346e-02,-8.30466800e+00,0.00000000e+00,1.64880704e-01,2.40316826e-02,1.61583090e+02,2.35510490e+01
1.73200000e+00,-5.52233624e-02,-6.63416946e-02,2.49169471e-02,-6.97084384e-02,-8.30466800e+00,0.00000000e+00,1.64833259e-01,2.35234981e-02,1.61536594e+02,2.30530282e+01
1.73400000e+00,-5.53508352e-02,-6.11238553e-02,2.47828707e-02,-6.44426891e-02,-8.30466800e+00,0.00000000e+00,1.64830181e-01,2.29600643e-02,1.61533578e+02,2.25008630e+01
1.73600000e+00,-5.54678788e-02,-5.59375368e-02,2.46591836e-02,-5.91661731e-02,-8.30466800e+00,0.00000000e+00,1.66546517e-01,2.33672796e-02,1.63215587e+02,2.28999340e+01
1.73800000e+00,-5.55746298e-02,-5.08178216e-02,2.45463387e-02,-5.36906303e-02,-8.30466800e+00,0.00000000e+00,1.67278874e-01,2.32143751e-02,1.63933296e+02,2.27500876e+01
1.74000000e+00,-5.56711707e-02,-4.57290162e-02,2.44443723e-02,-4.82881650e-02,-8.30466800e+00,0.00000000e+00,1.68077682e-01,2.30660135e-02,1.64716128e+02,2.26046932e+01
1.74200000e+00,-5.57573432e-02,-4.03362328e-02,2.43521850e-02,-4.43870730e-02,-8.30466800e+00,0.00000000e+00,1.60900737e-01,1.99295029e-02,1.57682722e+02,1.95309128e+01
1.74400000e+00,-5.58326080e-02,-3.50819448e-02,2.42672764e-02,-3.98075812e-02,-8.30466800e+00,0.00000000e+00,1.71950431e-01,2.43670998e-02,1.68511422e+02,2.38797578e+01
1.74600000e+00,-5.58979222e-02,-3.02044559e-02,2.41939753e-02,-3.36971480e-02,-8.30466800e+00,0.00000000e+00,1.70258504e-01,2.30356582e-02,1.66853334e+02,2.25749450e+01
1.74800000e+00,-5.59533679e-02,-2.52400980e-02,2.41320113e-02,-2.83015416e-02,-8.30466800e+00,0.00000000e+00,1.70393408e-01,2.27759406e-02,1.66985540e+02,2.23204218e+01
1.75000000e+00,-5.59989703e-02,-2.04074136e-02,2.40810947e-02,-2.24177079e-02,-8.30466800e+00,0.00000000e+00,1.73727540e-01,2.39853891e-02,1.70252989e+02,2.35056813e+01
1.75200000e+00,-5.60350651e-02,-1.56761087e-02,2.40424888e-02,-1.63113271e-02,-8.30466800e+00,0.00000000e+00,1.73076292e-01,2.31853733e-02,1.69614766e+02,2.27216658e+01
1.75400000e+00,-5.60616667e-02,-1.09327248e-02,2.40155439e-02,-1.06631395e-02,-8.30466800e+00,0.00000000e+00,1.73681834e-01,2.29828309e-02,1.70208197e+02,2.25231742e+01
1.75600000e+00,-5.60788399e-02,-6.25524443e-03,2.39998058e-02,-5.06061225e-03,-8.30466800e+00,0.00000000e+00,1.74775625e-01,2.30647683e-02,1.71280113e+02,2.26034729e+01
1.75800000e+00,-5.60867539e-02,-1.67710808e-03,2.39954029e-02,6.94061976e-04,-8.30466800e+00,0.00000000e+00,1.76086604e-01,2.32935637e-02,1.72564872e+02,2.28276924e+01
1.76000000e+00,-5.60855827e-02,2.84951957e-03,2.40024756e-02,6.28914694e-03,-8.30466800e+00,0.00000000e+00,1.75988157e-01,2.27375739e-02,1.72468394e+02,2.22828224e+01
1.76200000e+00,-5.60750813e-02,7.78797784e-03,2.40190232e-02,9.58015489e-03,-8.30466800e+00,0.00000000e+00,1.66397091e-01,1.84793220e-02,1.63069149e+02,1.81097356e+01
1.76400000e+00,-5.60545106e-02,1.26068279e-02,2.40412052e-02,1.34843735e-02,-8.30466800e+00,0.00000000e+00,1.78635546e-01,2.40551591e-02,1.75062836e+02,2.35740559e+01
1.76600000e+00,-5.60249556e-02,1.69731955e-02,2.40742566e-02,1.93324419e-02,-8.30466800e+00,0.00000000e+00,1.76746860e-01,2.26041991e-02,1.73211923e+02,2.21521151e+01
1.76800000e+00,-5.59865415e-02,2.14539637e-02,2.41177919e-02,2.40660259e-02,-8.30466800e+00,0.00000000e+00,1.75666958e-01,2.17760600e-02,1.72153619e+02,2.13405388e+01
1.77000000e+00,-5.59392514e-02,2.57673082e-02,2.41708525e-02,2.92971831e-02,-8.30466800e+00,0.00000000e+00,1.80290953e-01,2.37223953e-02,1.76685134e+02,2.32479474e+01
1.77200000e+00,-5.58835600e-02,2.99490164e-02,2.42351357e-02,3.47609821e-02,-8.30466800e+00,0.00000000e+00,1.78305294e-01,2.23538866e-02,1.74739188e+02,2.19068089e+01
1.77400000e+00,-5.58194677e-02,3.41121381e-02,2.43096080e-02,3.97920404e-02,-8.30466800e+00,0.00000000e+00,1.80219186e-01,2.29184403e-02,1.76614802e+02,2.24600715e+01
1.77600000e+00,-5.57471915e-02,3.81553094e-02,2.43943607e-02,4.49083828e-02,-8.30466800e+00,0.00000000e+00,1.80534745e-01,2.26518640e-02,1.76924050e+02,2.21988267e+01
1.77800000e+00,-5.56669152e-02,4.20954113e-02,2.44892278e-02,5.00041705e-02,-8.30466800e+00,0.00000000e+00,1.81988513e-01,2.30087587e-02,1.78348743e+02,2.25485835e+01
1.78000000e+00,-5.55788584e-02,4.59626897e-02,2.45942283e-02,5.48762845e-02,-8.30466800e+00,0.00000000e+00,1.81533385e-01,2.23303357e-02,1.77902717e+02,2.18837290e+01
1.78200000e+00,-5.54827649e-02,5.02792947e-02,2.47070354e-02,5.72024207e-02,-8.30466800e+00,0.00000000e+00,1.70721521e-01,1.78246541e-02,1.67307090e+02,1.74681610e+01
1.78400000e+00,-5.53778312e-02,5.44609357e-02,2.48235163e-02,6.02458601e-02,-8.30466800e+00,0.00000000e+00,1.83848392e-01,2.40015100e-02,1.80171424e+02,2.35214798e+01
1.78600000e+00,-5.52652623e-02,5.81307862e-02,2.49494632e-02,6.54558318e-02,-8.30466800e+00,0.00000000e+00,1.81776662e-01,2.25499062e-02,1.78141129e+02,2.20989081e+01
1.78800000e+00,-5.51452241e-02,6.19265637e-02,2.50844717e-02,6.93639242e-02,-8.30466800e+00,0.00000000e+00,1.79941322e-01,2.14600602e-02,1.76342496e+02,2.10308590e+01
1.79000000e+00,-5.50176615e-02,6.55642156e-02,2.52271430e-02,7.36080604e-02,-8.30466800e+00,0.00000000e+00,1.84445453e-01,2.34574693e-02,1.80756544e+02,2.29883199e+01
1.79200000e+00,-5.48830605e-02,6.90619489e-02,2.53789947e-02,7.79884035e-02,-8.30466800e+00,0.00000000e+00,1.82126236e-01,2.19609977e-02,1.78483712e+02,2.15217777e+01
1.79400000e+00,-5.47414459e-02,7.25113360e-02,2.55388493e-02,8.19976811e-02,-8.30466800e+00,0.00000000e+00,1.84433386e-01,2.29053832e-02,1.80744719e+02,2.24472756e+01
1.79600000e+00,-5.45931188e-02,7.58051862e-02,2.57071037e-02,8.61844897e-02,-8.30466800e+00,0.00000000e+00,1.84563377e-01,2.25722606e-02,1.80872109e+02,2.21208154e+01
1.79800000e+00,-5.44382723e-02,7.90284421e-02,2.58834042e-02,9.00967473e-02,-8.30466800e+00,0.00000000e+00,1.84832142e-01,2.25793532e-02,1.81135499e+02,2.21277662e+01
1.80000000e+00,-5.42770543e-02,8.21778871e-02,2.60673576e-02,9.38093262e-02,-8.30466800e+00,0.00000000e+00,1.84984980e-01,2.24143908e-02,1.81285280e+02,2.19661030e+01
1.80200000e+00,-5.41092847e-02,8.57413364e-02,2.62570222e-02,9.50933386e-02,-8.30466800e+00,0.00000000e+00,1.73802344e-01,1.77519031e-02,1.70326297e+02,1.73968650e+01
1.80400000e+00,-5.39341578e-02,8.92015505e-02,2.64480447e-02,9.68477655e-02,-8.30466800e+00,0.00000000e+00,1.85982581e-01,2.36743396e-02,1.82262929e+02,2.32008528e+01
1.80600000e+00,-5.37527979e-02,9.21826133e-02,2.66457411e-02,1.00593822e-01,-8.30466800e+00,0.00000000e+00,1.83530420e-01,2.22131262e-02,1.79859812e+02,2.17688637e+01
1.80800000e+00,-5.35653507e-02,9.52786268e-02,2.68495567e-02,1.03045067e-01,-8.30466800e+00,0.00000000e+00,1.81778883e-01,2.12466229e-02,1.78143306e+02,2.08216905e+01
1.81000000e+00,-5.33717836e-02,9.82243671e-02,2.70580916e-02,1.05751573e-01,-8.30466800e+00,0.00000000e+00,1.85474054e-01,2.30458271e-02,1.81764573e+02,2.25849105e+01
1.81200000e+00,-5.31725515e-02,1.01022667e-01,2.72726886e-02,1.08646473e-01,-8.30466800e+00,0.00000000e+00,1.83609156e-01,2.19473666e-02,1.79936972e+02,2.15084192e+01
1.81400000e+00,-5.29677415e-02,1.03748186e-01,2.74924921e-02,1.11263398e-01,-8.30466800e+00,0.00000000e+00,1.85514108e-01,2.27753361e-02,1.81803826e+02,2.23198294e+01
1.81600000e+00,-5.27576311e-02,1.06365187e-01,2.77176990e-02,1.13815552e-01,-8.30466800e+00,0.00000000e+00,1.84440412e-01,2.21320441e-02,1.80751604e+02,2.16894032e+01
1.81800000e+00,-5.25423244e-02,1.08916677e-01,2.79475611e-02,1.16077858e-01,-8.30466800e+00,0.00000000e+00,1.85297856e-01,2.24944084e-02,1.81591899e+02,2.20445202e+01
1.82000000e+00,-5.23220176e-02,1.11388457e-01,2.81818536e-02,1.18104994e-01,-8.30466800e+00,0.00000000e+00,1.84514668e-01,2.19722546e-02,1.80824375e+02,2.15328095e+01
1.82200000e+00,-5.20965092e-02,1.14252280e-01,2.84184069e-02,1.17771181e-01,-8.30466800e+00,0.00000000e+00,1.74307137e-01,1.78765644e-02,1.70820994e+02,1.75190331e+01
1.82400000e+00,-5.18650662e-02,1.17029463e-01,2.86532224e-02,1.17863285e-01,-8.30466800e+00,0.00000000e+00,1.84661857e-01,2.32020032e-02,1.80968620e+02,2.27379631e+01
1.82600000e+00,-5.16286838e-02,1.19367919e-01,2.88910728e-02,1.19774455e-01,-8.30466800e+00,0.00000000e+00,1.82638884e-01,2.20337049e-02,1.78986107e+02,2.15930308e+01
1.82800000e+00,-5.13875070e-02,1.21837596e-01,2.91314335e-02,1.20355609e-01,-8.30466800e+00,0.00000000e+00,1.79636728e-01,2.07533401e-02,1.76043994e+02,2.03382733e+01
1.83000000e+00,-5.11414290e-02,1.24164031e-01,2.93727023e-02,1.21247299e-01,-8.30466800e+00,0.00000000e+00,1.83987060e-01,2.30299616e-02,1.80307319e+02,2.25693624e+01
1.83200000e+00,-5.08909479e-02,1.26345053e-01,2.96165722e-02,1.22363364e-01,-8.30466800e+00,0.00000000e+00,1.80998715e-01,2.15721283e-02,1.77378741e+02,2.11406857e+01
1.83400000e+00,-5.06360692e-02,1.28495478e-01,2.98618527e-02,1.23024779e-01,-8.30466800e+00,0.00000000e+00,1.82630317e-01,2.24258247e-02,1.78977711e+02,2.19773082e+01
1.83600000e+00,-5.03770325e-02,1.30546023e-01,3.01086275e-02,1.23620513e-01,-8.30466800e+00,0.00000000e+00,1.81226407e-01,2.17865036e-02,1.77601879e+02,2.13507735e+01
1.83800000e+00,-5.01139275e-02,1.32532848e-01,3.03561720e-02,1.23972133e-01,-8.30466800e+00,0.00000000e+00,1.81979686e-01,2.22669398e-02,1.78340092e+02,2.18216010e+01
1.84000000e+00,-4.98469300e-02,1.34476441e-01,3.06042508e-02,1.23925882e-01,-8.30466800e+00,0.00000000e+00,1.80064958e-01,2.13057160e-02,1.76463659e+02,2.08796017e+01
1.84200000e+00,-4.95758006e-02,1.36751851e-01,3.08505337e-02,1.21867154e-01,-8.30466800e+00,0.00000000e+00,1.72021576e-01,1.83952189e-02,1.68581144e+02,1.80273146e+01
1.84400000e+00,-4.92999892e-02,1.38927298e-01,3.10920683e-02,1.20331550e-01,-8.30466800e+00,0.00000000e+00,1.80158743e-01,2.27497043e-02,1.76555568e+02,2.22947102e+01
1.84600000e+00,-4.90203174e-02,1.40763655e-01,3.13327583e-02,1.20143457e-01,-8.30466800e+00,0.00000000e+00,1.77669576e-01,2.15674768e-02,1.74116185e+02,2.11361272e+01
1.84800000e+00,-4.87368495e-02,1.42727726e-01,3.15718318e-02,1.18740095e-01,-8.30466800e+00,0.00000000e+00,1.74868303e-01,2.05408808e-02,1.71370937e+02,2.01300632e+01
1.85000000e+00,-4.84494883e-02,1.44569137e-01,3.18078727e-02,1.17567738e-01,-8.30466800e+00,0.00000000e+00,1.78197793e-01,2.23901461e-02,1.74633837e+02,2.19423431e+01
1.85200000e+00,-4.81586715e-02,1.46262688e-01,3.20422982e-02,1.16688599e-01,-8.30466800e+00,0.00000000e+00,1.75956235e-01,2.14915297e-02,1.72437110e+02,2.10616991e+01
1.85400000e+00,-4.78644450e-02,1.47945026e-01,3.22743170e-02,1.15344287e-01,-8.30466800e+00,0.00000000e+00,1.76064899e-01,2.17457560e-02,1.72543601e+02,2.13108409e+01
1.85600000e+00,-4.75669354e-02,1.49561398e-01,3.25035720e-02,1.13844865e-01,-8.30466800e+00,0.00000000e+00,1.75075654e-01,2.14940479e-02,1.71574141e+02,2.10641670e+01
1.85800000e+00,-4.72662569e-02,1.51091547e-01,3.27296766e-02,1.12315653e-01,-8.30466800e+00,0.00000000e+00,1.75631532e-01,2.20068776e-02,1.72118901e+02,2.15667400e+01
1.86000000e+00,-4.69626022e-02,1.52572094e-01,3.29526512e-02,1.10511387e-01,-8.30466800e+00,0.00000000e+00,1.73761897e-01,2.12359219e-02,1.70286659e+02,2.08112035e+01
1.86200000e+00,-4.66558355e-02,1.54252220e-01,3.31708053e-02,1.07332141e-01,-8.30466800e+00,0.00000000e+00,1.68470318e-01,1.94336124e-02,1.65100911e+02,1.90449401e+01
1.86400000e+00,-4.63456346e-02,1.55870444e-01,3.33822002e-02,1.04483424e-01,-8.30466800e+00,0.00000000e+00,1.72683060e-01,2.22330308e-02,1.69229399e+02,2.17883701e+01
1.86600000e+00,-4.60325033e-02,1.57264320e-01,3.35893562e-02,1.02560461e-01,-8.30466800e+00,0.00000000e+00,1.71162250e-01,2.16734472e-02,1.67739005e+02,2.12399783e+01
1.86800000e+00,-4.57165201e-02,1.58744066e-01,3.37918291e-02,9.97182335e-02,-8.30466800e+00,0.00000000e+00,1.68102958e-01,2.05938196e-02,1.64740899e+02,2.01819432e+01
1.87000000e+00,-4.53975918e-02,1.60126658e-01,3.39883430e-02,9.70466966e-02,-8.30466800e+00,0.00000000e+00,1.70834891e-01,2.23136551e-02,1.67418193e+02,2.18673820e+01
1.87200000e+00,-4.50761246e-02,1.61342548e-01,3.41803257e-02,9.48399220e-02,-8.30466800e+00,0.00000000e+00,1.69379053e-01,2.18444786e-02,1.65991472e+02,2.14075890e+01
1.87400000e+00,-4.47522229e-02,1.62556448e-01,3.43673989e-02,9.21774676e-02,-8.30466800e+00,0.00000000e+00,1.68242270e-01,2.16254942e-02,1.64877424e+02,2.11929843e+01
1.87600000e+00,-4.44259210e-02,1.63737148e-01,3.45488728e-02,8.92709215e-02,-8.30466800e+00,0.00000000e+00,1.67495998e-01,2.15925540e-02,1.64146078e+02,2.11607029e+01
1.87800000e+00,-4.40973252e-02,1.64841580e-01,3.47244747e-02,8.63526045e-02,-8.30466800e+00,0.00000000e+00,1.67346639e-01,2.18528469e-02,1.63999706e+02,2.14157899e+01
1.88000000e+00,-4.37665651e-02,1.65930374e-01,3.48940830e-02,8.31338796e-02,-8.30466800e+00,0.00000000e+00,1.65165716e-01,2.12055589e-02,1.61862402e+02,2.07814477e+01
1.88200000e+00,-4.34335390e-02,1.67116147e-01,3.50564695e-02,7.91040767e-02,-8.30466800e+00,0.00000000e+00,1.62366669e-01,2.03839580e-02,1.59119336e+02,1.99762788e+01
1.88400000e+00,-4.30981433e-02,1.68237750e-01,3.52106996e-02,7.53747507e-02,-8.30466800e+00,0.00000000e+00,1.63932026e-01,2.20582127e-02,1.60653385e+02,2.16170485e+01
1.88600000e+00,-4.27606722e-02,1.69233111e-01,3.53583020e-02,7.21456539e-02,-8.30466800e+00,0.00000000e+00,1.62565815e-01,2.16460850e-02,1.59314499e+02,2.12131633e+01
1.88800000e+00,-4.24211812e-02,1.70272866e-01,3.54988645e-02,6.82899817e-02,-8.30466800e+00,0.00000000e+00,1.60127494e-01,2.09453556e-02,1.56924944e+02,2.05264485e+01
1.89000000e+00,-4.20796575e-02,1.71197462e-01,3.56316553e-02,6.47244089e-02,-8.30466800e+00,0.00000000e+00,1.62472804e-01,2.24462517e-02,1.59223348e+02,2.19973267e+01
1.89200000e+00,-4.17364920e-02,1.71971171e-01,3.57580770e-02,6.16311213e-02,-8.30466800e+00,0.00000000e+00,1.60855115e-01,2.21185209e-02,1.57638013e+02,2.16761505e+01
1.89400000e+00,-4.13917508e-02,1.72777857e-01,3.58778359e-02,5.80220843e-02,-8.30466800e+00,0.00000000e+00,1.58891255e-01,2.15362070e-02,1.55713430e+02,2.11054828e+01
1.89600000e+00,-4.10453945e-02,1.73563565e-01,3.59900177e-02,5.41916232e-02,-8.30466800e+00,0.00000000e+00,1.58521196e-01,2.18155878e-02,1.55350773e+02,2.13792760e+01
1.89800000e+00,-4.06975581e-02,1.74256971e-01,3.60947423e-02,5.05709771e-02,-8.30466800e+00,0.00000000e+00,1.58211523e-01,2.21277088e-02,1.55047293e+02,2.16851546e+01
1.90000000e+00,-4.03483816e-02,1.74927964e-01,3.61921808e-02,4.67692220e-02,-8.30466800e+00,0.00000000e+00,1.56197224e-01,2.15761490e-02,1.53073280e+02,2.11446260e+01
1.90200000e+00,-3.99978235e-02,1.75633185e-01,3.62814929e-02,4.24780303e-02,-8.30466800e+00,0.00000000e+00,1.54552865e-01,2.12296947e-02,1.51461808e+02,2.08051008e+01
1.90400000e+00,-3.96458939e-02,1.76270874e-01,3.63622622e-02,3.84406774e-02,-8.30466800e+00,0.00000000e+00,1.54905065e-01,2.22260504e-02,1.51806964e+02,2.17815294e+01
1.90600000e+00,-3.92927980e-02,1.76821477e-01,3.64354560e-02,3.47039058e-02,-8.30466800e+00,0.00000000e+00,1.53707693e-01,2.19666831e-02,1.50633539e+02,2.15273494e+01
1.90800000e+00,-3.89385927e-02,1.77394885e-01,3.65007749e-02,3.05127825e-02,-8.30466800e+00,0.00000000e+00,1.51482994e-01,2.13673471e-02,1.48453334e+02,2.09400002e+01
1.91000000e+00,-3.85832804e-02,1.77875380e-01,3.65576520e-02,2.65389502e-02,-8.30466800e+00,0.00000000e+00,1.52980452e-01,2.25057236e-02,1.49920843e+02,2.20556092e+01
1.91200000e+00,-3.82271738e-02,1.78232069e-01,3.66071911e-02,2.29556312e-02,-8.30466800e+00,0.00000000e+00,1.51470463e-01,2.22592493e-02,1.48441053e+02,2.18140643e+01
1.91400000e+00,-3.78703312e-02,1.78620159e-01,3.66491887e-02,1.89435786e-02,-8.30466800e+00,0.00000000e+00,1.49335245e-01,2.16674054e-02,1.46348540e+02,2.12340573e+01
1.91600000e+00,-3.75127060e-02,1.78988979e-01,3.66828679e-02,1.47852929e-02,-8.30466800e+00,0.00000000e+00,1.49002929e-01,2.20021364e-02,1.46022871e+02,2.15620937e+01
1.91800000e+00,-3.71544301e-02,1.79275540e-01,3.67084905e-02,1.08679428e-02,-8.30466800e+00,0.00000000e+00,1.48333939e-01,2.22113448e-02,1.45367260e+02,2.17671179e+01
1.92000000e+00,-3.67956158e-02,1.79544165e-01,3.67262695e-02,6.84531741e-03,-8.30466800e+00,0.00000000e+00,1.46494018e-01,2.18081769e-02,1.43564138e+02,2.13720134e+01
1.92200000e+00,-3.64362500e-02,1.79817974e-01,3.67357033e-02,2.56996457e-03,-8.30466800e+00,0.00000000e+00,1.45280348e-01,2.16960839e-02,1.42374741e+02,2.12621622e+01
1.92400000e+00,-3.60764028e-02,1.80003396e-01,3.67366980e-02,-1.48244665e-03,-8.30466800e+00,0.00000000e+00,1.45622715e-01,2.22792446e-02,1.42710261e+02,2.18336598e+01
1.92600000e+00,-3.57162890e-02,1.80110027e-01,3.67299018e-02,-5.34234330e-03,-8.30466800e+00,0.00000000e+00,1.44182212e-01,2.20920273e-02,1.41298568e+02,2.16501867e+01
1.92800000e+00,-3.53559652e-02,1.80212965e-01,3.67151995e-02,-9.39594828e-03,-8.30466800e+00,0.00000000e+00,1.42768014e-01,2.18532870e-02,1.39912653e+02,2.14162213e+01
1.93000000e+00,-3.49954818e-02,1.80248875e-01,3.66924049e-02,-1.33193496e-02,-8.30466800e+00,0.00000000e+00,1.42805994e-01,2.23343950e-02,1.39949874e+02,2.18877071e+01
1.93200000e+00,-3.46350244e-02,1.80202709e-01,3.66620658e-02,-1.70272112e-02,-8.30466800e+00,0.00000000e+00,1.41743236e-01,2.22638740e-02,1.38908371e+02,2.18185966e+01
1.93400000e+00,-3.42746867e-02,1.80132873e-01,3.66242305e-02,-2.08333230e-02,-8.30466800e+00,0.00000000e+00,1.40417299e-01,2.20756606e-02,1.37608953e+02,2.16341474e+01
1.93600000e+00,-3.39145176e-02,1.80026016e-01,3.65787261e-02,-2.46490513e-02,-8.30466800e+00,0.00000000e+00,1.39667762e-01,2.21802491e-02,1.36874407e+02,2.17366441e+01
1.93800000e+00,-3.35546199e-02,1.79863267e-01,3.65257199e-02,-2.83363225e-02,-8.30466800e+00,0.00000000e+00,1.38784791e-01,2.22710825e-02,1.36009095e+02,2.18256608e+01
1.94000000e+00,-3.31951007e-02,1.79646268e-01,3.64654502e-02,-3.19195212e-02,-8.30466800e+00,0.00000000e+00,1.37999717e-01,2.23140663e-02,1.35239722e+02,2.18677849e+01
1.94200000e+00,-3.28360815e-02,1.79359396e-01,3.63981473e-02,-3.53445939e-02,-8.30466800e+00,0.00000000e+00,1.37485681e-01,2.25082558e-02,1.34735968e+02,2.20580907e+01
1.94400000e+00,-3.24777370e-02,1.78961676e-01,3.63242216e-02,-3.85450218e-02,-8.30466800e+00,0.00000000e+00,1.37663121e-01,2.26813088e-02,1.34909859e+02,2.22276826e+01
1.94600000e+00,-3.21202803e-02,1.78495681e-01,3.62439607e-02,-4.17551829e-02,-8.30466800e+00,0.00000000e+00,1.36161200e-01,2.23744618e-02,1.33437976e+02,2.19269726e+01
1.94800000e+00,-3.17637910e-02,1.77974576e-01,3.61572435e-02,-4.49013191e-02,-8.30466800e+00,0.00000000e+00,1.36038717e-01,2.26931243e-02,1.33317943e+02,2.22392618e+01
1.95000000e+00,-3.14084303e-02,1.77381012e-01,3.60644582e-02,-4.78933087e-02,-8.30466800e+00,0.00000000e+00,1.34951048e-01,2.25666826e-02,1.32252027e+02,2.21153489e+01
1.95200000e+00,-3.10542857e-02,1.76759374e-01,3.59656230e-02,-5.09561698e-02,-8.30466800e+00,0.00000000e+00,1.33801272e-01,2.24044164e-02,1.31125247e+02,2.19563281e+01
1.95400000e+00,-3.07014230e-02,1.76092404e-01,3.58606616e-02,-5.39768902e-02,-8.30466800e+00,0.00000000e+00,1.33127123e-01,2.25064355e-02,1.30464581e+02,2.20563067e+01
1.95600000e+00,-3.03499706e-02,1.75343665e-01,3.57498706e-02,-5.67649629e-02,-8.30466800e+00,0.00000000e+00,1.32840019e-01,2.27356294e-02,1.30183218e+02,2.22809168e+01
1.95800000e+00,-3.00000886e-02,1.74534570e-01,3.56336721e-02,-5.94475022e-02,-8.30466800e+00,0.00000000e+00,1.31678006e-01,2.25630416e-02,1.29044446e+02,2.21117807e+01
1.96000000e+00,-2.96518545e-02,1.73692248e-01,3.55120762e-02,-6.21366180e-02,-8.30466800e+00,0.00000000e+00,1.30770312e-01,2.25492194e-02,1.28154906e+02,2.20982350e+01
1.96200000e+00,-2.93053673e-02,1.72778366e-01,3.53852618e-02,-6.46215589e-02,-8.30466800e+00,0.00000000e+00,1.30518049e-01,2.28114786e-02,1.27907688e+02,2.23552490e+01
1.96400000e+00,-2.89608362e-02,1.71721656e-01,3.52537589e-02,-6.68531907e-02,-8.30466800e+00,0.00000000e+00,1.31291142e-01,2.28939767e-02,1.28665319e+02,2.24360972e+01
1.96600000e+00,-2.86185363e-02,1.70581466e-01,3.51178230e-02,-6.91238533e-02,-8.30466800e+00,0.00000000e+00,1.29669795e-01,2.25362687e-02,1.27076399e+02,2.20855433e+01
1.96800000e+00,-2.82785530e-02,1.69377382e-01,3.49773276e-02,-7.12983643e-02,-8.30466800e+00,0.00000000e+00,1.30003992e-01,2.28960088e-02,1.27403912e+02,2.24380886e+01
1.97000000e+00,-2.79410779e-02,1.68096700e-01,3.48327139e-02,-7.33464198e-02,-8.30466800e+00,0.00000000e+00,1.28699567e-01,2.25959312e-02,1.26125575e+02,2.21440126e+01
1.97200000e+00,-2.76061807e-02,1.66794170e-01,3.46838800e-02,-7.54872955e-02,-8.30466800e+00,0.00000000e+00,1.27775353e-01,2.24894332e-02,1.25219846e+02,2.20396446e+01
1.97400000e+00,-2.72739504e-02,1.65417863e-01,3.45308946e-02,-7.74332722e-02,-8.30466800e+00,0.00000000e+00,1.27705934e-01,2.27872947e-02,1.25151815e+02,2.23315488e+01
1.97600000e+00,-2.69445590e-02,1.63966955e-01,3.43742759e-02,-7.91857440e-02,-8.30466800e+00,0.00000000e+00,1.26823778e-01,2.26725742e-02,1.24287302e+02,2.22191228e+01
1.97800000e+00,-2.66181139e-02,1.62469081e-01,3.42141571e-02,-8.09300266e-02,-8.30466800e+00,0.00000000e+00,1.26132460e-01,2.25764561e-02,1.23609811e+02,2.21249269e+01
1.98000000e+00,-2.62947348e-02,1.60893003e-01,3.40506808e-02,-8.24868690e-02,-8.30466800e+00,0.00000000e+00,1.26005008e-01,2.28331337e-02,1.23484908e+02,2.23764710e+01
1.98200000e+00,-2.59746062e-02,1.59220431e-01,3.38844272e-02,-8.37174429e-02,-8.30466800e+00,0.00000000e+00,1.25767227e-01,2.30243112e-02,1.23251883e+02,2.25638250e+01
1.98400000e+00,-2.56579358e-02,1.57423821e-01,3.37158353e-02,-8.49115158e-02,-8.30466800e+00,0.00000000e+00,1.26311131e-01,2.26693759e-02,1.23784908e+02,2.22159884e+01
1.98600000e+00,-2.53449877e-02,1.55512014e-01,3.35447837e-02,-8.61016523e-02,-8.30466800e+00,0.00000000e+00,1.25896666e-01,2.27887161e-02,1.23378733e+02,2.23329417e+01
1.98800000e+00,-2.50359863e-02,1.53452436e-01,3.33717474e-02,-8.68138016e-02,-8.30466800e+00,0.00000000e+00,1.27233409e-01,2.34258168e-02,1.24688741e+02,2.29573004e+01
1.99000000e+00,-2.47312525e-02,1.51281024e-01,3.31976806e-02,-8.72979197e-02,-8.30466800e+00,0.00000000e+00,1.26013471e-01,2.30188665e-02,1.23493202e+02,2.25584891e+01
1.99200000e+00,-2.44308789e-02,1.49084538e-01,3.30224577e-02,-8.79291300e-02,-8.30466800e+00,0.00000000e+00,1.25358339e-01,2.28670073e-02,1.22851172e+02,2.24096672e+01
1.99400000e+00,-2.41349986e-02,1.46761689e-01,3.28462342e-02,-8.81551792e-02,-8.30466800e+00,0.00000000e+00,1.26541559e-01,2.36177016e-02,1.24010728e+02,2.31453475e+01
1.99600000e+00,-2.38439007e-02,1.44335945e-01,3.26700264e-02,-8.80971462e-02,-8.30466800e+00,0.00000000e+00,1.25376497e-01,2.32115289e-02,1.22868967e+02,2.27472983e+01
1.99800000e+00,-2.35576687e-02,1.41889371e-01,3.24937371e-02,-8.82019106e-02,-8.30466800e+00,0.00000000e+00,1.24681769e-01,2.30241866e-02,1.22188134e+02,2.25637029e+01
2.00000000e+00,-2.32763839e-02,1.39381791e-01,3.23172689e-02,-8.82314507e-02,-8.30466800e+00,0.00000000e+00,1.24495662e-01,2.31173535e-02,1.22005748e+02,2.26550064e+01
2.00200000e+00,-2.30001972e-02,1.36790701e-01,3.21409563e-02,-8.80434351e-02,-8.30466800e+00,0.00000000e+00,1.24368054e-01,2.32289002e-02,1.21880693e+02,2.27643221e+01
2.00400000e+00,-2.27292893e-02,1.34097400e-01,3.19650022e-02,-8.79947809e-02,-8.30466800e+00,0.00000000e+00,1.24661679e-01,2.25734162e-02,1.22168445e+02,2.21219479e+01
2.00600000e+00,-2.24639064e-02,1.31255934e-01,3.17890536e-02,-8.78315922e-02,-8.30466800e+00,0.00000000e+00,1.25652410e-01,2.32179364e-02,1.23139361e+02,2.27535777e+01
2.00800000e+00,-2.22043873e-02,1.28231780e-01,3.16140868e-02,-8.70520272e-02,-8.30466800e+00,0.00000000e+00,1.26799857e-01,2.36169542e-02,1.24263859e+02,2.31446151e+01
2.01000000e+00,-2.19510369e-02,1.25121180e-01,3.14408629e-02,-8.62462411e-02,-8.30466800e+00,0.00000000e+00,1.25591572e-01,2.30251526e-02,1.23079741e+02,2.25646495e+01
2.01200000e+00,-2.17039379e-02,1.21957570e-01,3.12690716e-02,-8.54858762e-02,-8.30466800e+00,0.00000000e+00,1.26008575e-01,2.32759129e-02,1.23488403e+02,2.28103946e+01
2.01400000e+00,-2.14633100e-02,1.18639009e-01,3.10992916e-02,-8.41672841e-02,-8.30466800e+00,0.00000000e+00,1.27234653e-01,2.39538427e-02,1.24689960e+02,2.34747659e+01
2.01600000e+00,-2.12294429e-02,1.15229032e-01,3.09325281e-02,-8.26602109e-02,-8.30466800e+00,0.00000000e+00,1.26221686e-01,2.34326603e-02,1.23697253e+02,2.29640071e+01
2.01800000e+00,-2.10023996e-02,1.11810427e-01,3.07684754e-02,-8.14162184e-02,-8.30466800e+00,0.00000000e+00,1.25568896e-01,2.31667574e-02,1.23057518e+02,2.27034223e+01
2.02000000e+00,-2.07822425e-02,1.08329809e-01,3.06069073e-02,-8.01060925e-02,-8.30466800e+00,0.00000000e+00,1.25859427e-01,2.33401469e-02,1.23342238e+02,2.28733439e+01
2.02200000e+00,-2.05691405e-02,1.04758914e-01,3.04481894e-02,-7.85883375e-02,-8.30466800e+00,0.00000000e+00,1.25924309e-01,2.33752214e-02,1.23405823e+02,2.29077170e+01
2.02400000e+00,-2.03632493e-02,1.01124278e-01,3.02923091e-02,-7.74378840e-02,-8.30466800e+00,0.00000000e+00,1.25653348e-01,2.23459651e-02,1.23140281e+02,2.18990458e+01
2.02600000e+00,-2.01647325e-02,9.73559711e-02,3.01384524e-02,-7.62656779e-02,-8.30466800e+00,0.00000000e+00,1.27412061e-01,2.32006690e-02,1.24863820e+02,2.27366557e+01
2.02800000e+00,-1.99739705e-02,9.33701330e-02,2.99877616e-02,-7.43207394e-02,-8.30466800e+00,0.00000000e+00,1.29163109e-01,2.37519075e-02,1.26579846e+02,2.32768694e+01
2.03000000e+00,-1.97913033e-02,8.93074358e-02,2.98411398e-02,-7.24203203e-02,-8.30466800e+00,0.00000000e+00,1.27700269e-01,2.28969389e-02,1.25146263e+02,2.24390001e+01
2.03200000e+00,-1.96167813e-02,8.51838677e-02,2.96980732e-02,-7.05304883e-02,-8.30466800e+00,0.00000000e+00,1.29144126e-01,2.35245801e-02,1.26561243e+02,2.30540885e+01
2.03400000e+00,-1.94506846e-02,8.08851081e-02,2.95594544e-02,-6.79858301e-02,-8.30466800e+00,0.00000000e+00,1.30420703e-01,2.40723965e-02,1.27812288e+02,2.35909486e+01
2.03600000e+00,-1.92932823e-02,7.65242769e-02,2.94261462e-02,-6.54166796e-02,-8.30466800e+00,0.00000000e+00,1.29291833e-01,2.33844620e-02,1.26705996e+02,2.29167728e+01
2.03800000e+00,-1.91445722e-02,7.21863382e-02,2.92975105e-02,-6.32632360e-02,-8.30466800e+00,0.00000000e+00,1.28654096e-01,2.30151648e-02,1.26081014e+02,2.25548615e+01
2.04000000e+00,-1.90045700e-02,6.77988448e-02,2.91731047e-02,-6.10926693e-02,-8.30466800e+00,0.00000000e+00,1.29289080e-01,2.32418153e-02,1.26703298e+02,2.27769790e+01
2.04200000e+00,-1.88734209e-02,6.33453341e-02,2.90532224e-02,-5.87983392e-02,-8.30466800e+00,0.00000000e+00,1.29107984e-01,2.31027438e-02,1.26525824e+02,2.26406889e+01
2.04400000e+00,-1.87512072e-02,5.88639404e-02,2.89375756e-02,-5.70076227e-02,-8.30466800e+00,0.00000000e+00,1.28924695e-01,2.20187241e-02,1.26346202e+02,2.15783496e+01
2.04600000e+00,-1.86380549e-02,5.42478162e-02,2.88252223e-02,-5.51712998e-02,-8.30466800e+00,0.00000000e+00,1.31313910e-01,2.30372887e-02,1.28687632e+02,2.25765429e+01
2.04800000e+00,-1.85343717e-02,4.93980789e-02,2.87174630e-02,-5.24761485e-02,-8.30466800e+00,0.00000000e+00,1.33517577e-01,2.36664098e-02,1.30847226e+02,2.31930817e+01
2.05000000e+00,-1.84404995e-02,4.44930630e-02,2.86152312e-02,-4.99108051e-02,-8.30466800e+00,0.00000000e+00,1.31819224e-01,2.26176659e-02,1.29182840e+02,2.21653125e+01
2.05200000e+00,-1.83564532e-02,3.95074031e-02,2.85179029e-02,-4.72208296e-02,-8.30466800e+00,0.00000000e+00,1.34695759e-01,2.37879547e-02,1.32001843e+02,2.33121956e+01
2.05400000e+00,-1.82826272e-02,3.42856688e-02,2.84269930e-02,-4.35632594e-02,-8.30466800e+00,0.00000000e+00,1.36711816e-01,2.45173356e-02,1.33977579e+02,2.40269888e+01
2.05600000e+00,-1.82193394e-02,2.90205820e-02,2.83436039e-02,-3.99745439e-02,-8.30466800e+00,0.00000000e+00,1.35170591e-01,2.35227760e-02,1.32467179e+02,2.30523205e+01
2.05800000e+00,-1.81664856e-02,2.38444104e-02,2.82666101e-02,-3.71128293e-02,-8.30466800e+00,0.00000000e+00,1.34181472e-01,2.28801622e-02,1.31497843e+02,2.24225590e+01
2.06000000e+00,-1.81239880e-02,1.86289928e-02,2.81951577e-02,-3.42435483e-02,-8.30466800e+00,0.00000000e+00,1.35719557e-01,2.34354510e-02,1.33005165e+02,2.29667420e+01
2.06200000e+00,-1.80920105e-02,1.33523636e-02,2.81297262e-02,-3.12387918e-02,-8.30466800e+00,0.00000000e+00,1.35329232e-01,2.30698049e-02,1.32622647e+02,2.26084088e+01
2.06400000e+00,-1.80705588e-02,8.10534076e-03,2.80697282e-02,-2.89454122e-02,-8.30466800e+00,0.00000000e+00,1.34831176e-01,2.18555464e-02,1.32134553e+02,2.14184354e+01
2.06600000e+00,-1.80596516e-02,2.76455303e-03,2.80139132e-02,-2.66991001e-02,-8.30466800e+00,0.00000000e+00,1.37409584e-01,2.28904271e-02,1.34661393e+02,2.24326185e+01
2.06800000e+00,-1.80596493e-02,-2.79932631e-03,2.79635185e-02,-2.35727243e-02,-8.30466800e+00,0.00000000e+00,1.40021658e-01,2.36295830e-02,1.37221225e+02,2.31569914e+01
2.07000000e+00,-1.80708626e-02,-8.38376874e-03,2.79194564e-02,-2.06950650e-02,-8.30466800e+00,0.00000000e+00,1.37958709e-01,2.23041665e-02,1.35199535e+02,2.18580832e+01
2.07200000e+00,-1.80932175e-02,-1.40179094e-02,2.78807644e-02,-1.77783509e-02,-8.30466800e+00,0.00000000e+00,1.41342658e-01,2.36551834e-02,1.38515805e+02,2.31820797e+01
2.07400000e+00,-1.81270913e-02,-1.98875336e-02,2.78490531e-02,-1.37966235e-02,-8.30466800e+00,0.00000000e+00,1.43714025e-01,2.44927596e-02,1.40839744e+02,2.40029044e+01
2.07600000e+00,-1.81727923e-02,-2.57941880e-02,2.78255600e-02,-9.84170551e-03,-8.30466800e+00,0.00000000e+00,1.42556841e-01,2.35636752e-02,1.39705704e+02,2.30924017e+01
2.07800000e+00,-1.82301848e-02,-3.15759954e-02,2.78091149e-02,-6.74374374e-03,-8.30466800e+00,0.00000000e+00,1.41241499e-01,2.26691926e-02,1.38416669e+02,2.22158088e+01
2.08000000e+00,-1.82990903e-02,-3.73488597e-02,2.77984851e-02,-3.79567117e-03,-8.30466800e+00,0.00000000e+00,1.42886876e-01,2.32327057e-02,1.40029138e+02,2.27680515e+01
2.08200000e+00,-1.83796011e-02,-4.31530702e-02,2.77939818e-02,-7.73293440e-04,-8.30466800e+00,0.00000000e+00,1.42607482e-01,2.28174656e-02,1.39755333e+02,2.23611163e+01
2.08400000e+00,-1.84716567e-02,-4.88883609e-02,2.77948858e-02,1.49004197e-03,-8.30466800e+00,0.00000000e+00,1.42004407e-01,2.16397660e-02,1.39164319e+02,2.12069706e+01
2.08600000e+00,-1.85751794e-02,-5.46609315e-02,2.77998360e-02,3.59451879e-03,-8.30466800e+00,0.00000000e+00,1.44300247e-01,2.24902888e-02,1.41414242e+02,2.20404830e+01
2.08800000e+00,-1.86904208e-02,-6.06140669e-02,2.78098063e-02,6.51250242e-03,-8.30466800e+00,0.00000000e+00,1.47140310e-01,2.33604259e-02,1.44197504e+02,2.28932174e+01
2.09000000e+00,-1.88176264e-02,-6.65532939e-02,2.78257002e-02,9.15180622e-03,-8.30466800e+00,0.00000000e+00,1.44989262e-01,2.19268741e-02,1.42089477e+02,2.14883366e+01
2.09200000e+00,-1.89566602e-02,-7.25318131e-02,2.78464765e-02,1.18854830e-02,-8.30466800e+00,0.00000000e+00,1.49169240e-01,2.35871861e-02,1.46185855e+02,2.31154424e+01
2.09400000e+00,-1.91079054e-02,-7.87379339e-02,2.78739967e-02,1.57508336e-02,-8.30466800e+00,0.00000000e+00,1.51517133e-01,2.43400432e-02,1.48486791e+02,2.38532423e+01
2.09600000e+00,-1.92716098e-02,-8.49408727e-02,2.79093996e-02,1.94959664e-02,-8.30466800e+00,0.00000000e+00,1.50405823e-01,2.33838321e-02,1.47397707e+02,2.29161555e+01
2.09800000e+00,-1.94475528e-02,-9.09696169e-02,2.79513204e-02,2.22510702e-02,-8.30466800e+00,0.00000000e+00,1.48858199e-01,2.23206624e-02,1.45881035e+02,2.18742492e+01
2.10000000e+00,-1.96354689e-02,-9.69693332e-02,2.79983236e-02,2.48856409e-02,-8.30466800e+00,0.00000000e+00,1.51237129e-01,2.31969593e-02,1.48212387e+02,2.27330201e+01
2.10200000e+00,-1.98354339e-02,-1.02974688e-01,2.80509146e-02,2.75976792e-02,-8.30466800e+00,0.00000000e+00,1.50597735e-01,2.25572463e-02,1.47585781e+02,2.21061014e+01
2.10400000e+00,-2.00472851e-02,-1.08856214e-01,2.81081882e-02,2.95207017e-02,-8.30466800e+00,0.00000000e+00,1.50048870e-01,2.16217850e-02,1.47047892e+02,2.11893493e+01
2.10600000e+00,-2.02708412e-02,-1.14711414e-01,2.81688427e-02,3.12115329e-02,-8.30466800e+00,0.00000000e+00,1.51783669e-01,2.21558674e-02,1.48747995e+02,2.17127500e+01
2.10800000e+00,-2.05062066e-02,-1.20680361e-01,2.82334608e-02,3.35419268e-02,-8.30466800e+00,0.00000000e+00,1.54603935e-01,2.30556437e-02,1.51511856e+02,2.25945308e+01
2.11000000e+00,-2.07535282e-02,-1.26597781e-01,2.83028128e-02,3.55760781e-02,-8.30466800e+00,0.00000000e+00,1.52574252e-01,2.16322025e-02,1.49522767e+02,2.11995585e+01
2.11200000e+00,-2.10126010e-02,-1.32520084e-01,2.83758117e-02,3.76801586e-02,-8.30466800e+00,0.00000000e+00,1.56808914e-01,2.33059552e-02,1.53672735e+02,2.28398361e+01
2.11400000e+00,-2.12837368e-02,-1.38634656e-01,2.84542844e-02,4.09105164e-02,-8.30466800e+00,0.00000000e+00,1.59255537e-01,2.41070939e-02,1.56070426e+02,2.36249520e+01
2.11600000e+00,-2.15671091e-02,-1.44703478e-01,2.85393457e-02,4.39787186e-02,-8.30466800e+00,0.00000000e+00,1.58028206e-01,2.30857837e-02,1.54867641e+02,2.26240680e+01
2.11800000e+00,-2.18624099e-02,-1.50561092e-01,2.86295228e-02,4.60322923e-02,-8.30466800e+00,0.00000000e+00,1.56706721e-01,2.21053059e-02,1.53572587e+02,2.16631998e+01
2.12000000e+00,-2.21693083e-02,-1.56351023e-01,2.87233831e-02,4.79482923e-02,-8.30466800e+00,0.00000000e+00,1.58928348e-01,2.29303693e-02,1.55749781e+02,2.24717619e+01
2.12200000e+00,-2.24877863e-02,-1.62099496e-01,2.88213307e-02,4.98864509e-02,-8.30466800e+00,0.00000000e+00,1.58314203e-01,2.22909048e-02,1.55147919e+02,2.18450867e+01
2.12400000e+00,-2.28175930e-02,-1.67678037e-01,2.89224252e-02,5.10690699e-02,-8.30466800e+00,0.00000000e+00,1.57626894e-01,2.14883720e-02,1.54474356e+02,2.10586046e+01
2.12600000e+00,-2.31584282e-02,-1.73151220e-01,2.90253930e-02,5.19307055e-02,-8.30466800e+00,0.00000000e+00,1.58612239e-01,2.17639184e-02,1.55439994e+02,2.13286400e+01
2.12800000e+00,-2.35102249e-02,-1.78664959e-01,2.91304838e-02,5.32959989e-02,-8.30466800e+00,0.00000000e+00,1.61423961e-01,2.26951783e-02,1.58195482e+02,2.22412747e+01
2.13000000e+00,-2.38730360e-02,-1.84100587e-01,2.92384182e-02,5.44232662e-02,-8.30466800e+00,0.00000000e+00,1.59726342e-01,2.14179457e-02,1.56531815e+02,2.09895868e+01
2.13200000e+00,-2.42466094e-02,-1.89509390e-01,2.93482334e-02,5.56352515e-02,-8.30466800e+00,0.00000000e+00,1.63824800e-01,2.30294846e-02,1.60548304e+02,2.25688949e+01
2.13400000e+00,-2.46311581e-02,-1.95045055e-01,2.94616143e-02,5.78297986e-02,-8.30466800e+00,0.00000000e+00,1.65807365e-01,2.36414559e-02,1.62491217e+02,2.31686268e+01
2.13600000e+00,-2.50267365e-02,-2.00500984e-01,2.95794784e-02,5.99130705e-02,-8.30466800e+00,0.00000000e+00,1.65168374e-01,2.29633951e-02,1.61865006e+02,2.25041272e+01
2.13800000e+00,-2.54330187e-02,-2.05741880e-01,2.97007236e-02,6.11819707e-02,-8.30466800e+00,0.00000000e+00,1.64077663e-01,2.21047169e-02,1.60796110e+02,2.16626226e+01
2.14000000e+00,-2.58496319e-02,-2.10874671e-01,2.98240961e-02,6.22855350e-02,-8.30466800e+00,0.00000000e+00,1.66022232e-01,2.27921895e-02,1.62701788e+02,2.23363457e+01
2.14200000e+00,-2.62764531e-02,-2.15911120e-01,2.99498132e-02,6.33103161e-02,-8.30466800e+00,0.00000000e+00,1.65289973e-01,2.21184790e-02,1.61984173e+02,2.16761094e+01
2.14400000e+00,-2.67131426e-02,-2.20746859e-01,3.00769305e-02,6.37249394e-02,-8.30466800e+00,0.00000000e+00,1.64877093e-01,2.16928607e-02,1.61579551e+02,2.12590035e+01
2.14600000e+00,-2.71593346e-02,-2.25423665e-01,3.02045181e-02,6.38472619e-02,-8.30466800e+00,0.00000000e+00,1.65199357e-01,2.16871511e-02,1.61895370e+02,2.12534081e+01
2.14800000e+00,-2.76148045e-02,-2.30051335e-01,3.03324976e-02,6.42366185e-02,-8.30466800e+00,0.00000000e+00,1.67428152e-01,2.24360772e-02,1.64079589e+02,2.19873557e+01
2.15000000e+00,-2.80794594e-02,-2.34558185e-01,3.04613211e-02,6.44108007e-02,-8.30466800e+00,0.00000000e+00,1.66150667e-01,2.14193903e-02,1.62827653e+02,2.09910025e+01
2.15200000e+00,-2.85529766e-02,-2.38974128e-01,3.05901412e-02,6.45855779e-02,-8.30466800e+00,0.00000000e+00,1.69151346e-01,2.26213555e-02,1.65768319e+02,2.21689284e+01
2.15400000e+00,-2.90353729e-02,-2.43415478e-01,3.07201372e-02,6.54709951e-02,-8.30466800e+00,0.00000000e+00,1.70664156e-01,2.30963965e-02,1.67250873e+02,2.26344685e+01
2.15600000e+00,-2.95265482e-02,-2.47721420e-01,3.08519193e-02,6.61975464e-02,-8.30466800e+00,0.00000000e+00,1.69979064e-01,2.24758131e-02,1.66579483e+02,2.20262968e+01
2.15800000e+00,-3.00261105e-02,-2.51805385e-01,3.09845073e-02,6.62939934e-02,-8.30466800e+00,0.00000000e+00,1.69538400e-01,2.19631392e-02,1.66147632e+02,2.15238764e+01
2.16000000e+00,-3.05336742e-02,-2.55746020e-01,3.11169923e-02,6.62360112e-02,-8.30466800e+00,0.00000000e+00,1.70757058e-01,2.23409723e-02,1.67341917e+02,2.18941529e+01
2.16200000e+00,-3.10490178e-02,-2.59571372e-01,3.12494829e-02,6.62253730e-02,-8.30466800e+00,0.00000000e+00,1.71035717e-01,2.22517792e-02,1.67615003e+02,2.18067437e+01
2.16400000e+00,-3.15718069e-02,-2.63167573e-01,3.13815908e-02,6.57602954e-02,-8.30466800e+00,0.00000000e+00,1.69655196e-01,2.15759686e-02,1.66262092e+02,2.11444492e+01
2.16600000e+00,-3.21015394e-02,-2.66540751e-01,3.15123081e-02,6.49713241e-02,-8.30466800e+00,0.00000000e+00,1.70134735e-01,2.17589930e-02,1.66732040e+02,2.13238132e+01
2.16800000e+00,-3.26378944e-02,-2.69800651e-01,3.16415745e-02,6.43299806e-02,-8.30466800e+00,0.00000000e+00,1.71373218e-01,2.20707816e-02,1.67945754e+02,2.16293660e+01
2.17000000e+00,-3.31806452e-02,-2.72915428e-01,3.17695491e-02,6.35702335e-02,-8.30466800e+00,0.00000000e+00,1.71161374e-01,2.16935644e-02,1.67738146e+02,2.12596931e+01
2.17200000e+00,-3.37294716e-02,-2.75903477e-01,3.18958858e-02,6.28559381e-02,-8.30466800e+00,0.00000000e+00,1.72879912e-01,2.23469939e-02,1.69422313e+02,2.19000541e+01
2.17400000e+00,-3.42842115e-02,-2.78820093e-01,3.20212464e-02,6.25519487e-02,-8.30466800e+00,0.00000000e+00,1.74008696e-01,2.27340273e-02,1.70528522e+02,2.22793467e+01
2.17600000e+00,-3.48446322e-02,-2.81557032e-01,3.21459755e-02,6.20708831e-02,-8.30466800e+00,0.00000000e+00,1.73244841e-01,2.21536480e-02,1.69779945e+02,2.17105750e+01
2.17800000e+00,-3.54102844e-02,-2.84061210e-01,3.22692358e-02,6.11487056e-02,-8.30466800e+00,0.00000000e+00,1.73176909e-01,2.19845787e-02,1.69713371e+02,2.15448871e+01
2.18000000e+00,-3.59807609e-02,-2.86391215e-01,3.23905221e-02,6.01542544e-02,-8.30466800e+00,0.00000000e+00,1.73822203e-01,2.21756244e-02,1.70345759e+02,2.17321119e+01
2.18200000e+00,-3.65557302e-02,-2.88542657e-01,3.25097890e-02,5.90640213e-02,-8.30466800e+00,0.00000000e+00,1.73689097e-01,2.19543387e-02,1.70215315e+02,2.15152520e+01
2.18400000e+00,-3.71347465e-02,-2.90416464e-01,3.26264735e-02,5.75167895e-02,-8.30466800e+00,0.00000000e+00,1.72053364e-01,2.13836646e-02,1.68612297e+02,2.09559913e+01
2.18600000e+00,-3.77172471e-02,-2.92066747e-01,3.27397886e-02,5.58682255e-02,-8.30466800e+00,0.00000000e+00,1.73214250e-01,2.19042228e-02,1.69749965e+02,2.14661383e+01
2.18800000e+00,-3.83029123e-02,-2.93565253e-01,3.28500321e-02,5.43481131e-02,-8.30466800e+00,0.00000000e+00,1.73281415e-01,2.18113843e-02,1.69815787e+02,2.13751566e+01
2.19000000e+00,-3.88913830e-02,-2.94876136e-01,3.29571256e-02,5.27448233e-02,-8.30466800e+00,0.00000000e+00,1.73628370e-01,2.18832785e-02,1.70155803e+02,2.14456130e+01
2.19200000e+00,-3.94823168e-02,-2.96037025e-01,3.30611151e-02,5.12971462e-02,-8.30466800e+00,0.00000000e+00,1.74595587e-01,2.22871841e-02,1.71103676e+02,2.18414405e+01
2.19400000e+00,-4.00754295e-02,-2.97045519e-01,3.31624111e-02,4.99949026e-02,-8.30466800e+00,0.00000000e+00,1.74904814e-01,2.23337824e-02,1.71406718e+02,2.18871067e+01
2.19600000e+00,-4.06703536e-02,-2.97836113e-01,3.32609581e-02,4.84877700e-02,-8.30466800e+00,0.00000000e+00,1.74356932e-01,2.19984920e-02,1.70869794e+02,2.15585221e+01
2.19800000e+00,-4.12666242e-02,-2.98402017e-01,3.33562134e-02,4.67574912e-02,-8.30466800e+00,0.00000000e+00,1.74519506e-01,2.20021794e-02,1.71029115e+02,2.15621358e+01
2.20000000e+00,-4.18638259e-02,-2.98764302e-01,3.34479458e-02,4.49638536e-02,-8.30466800e+00,0.00000000e+00,1.74472375e-01,2.19972757e-02,1.70982928e+02,2.15573302e+01
2.20200000e+00,-4.24615396e-02,-2.98913929e-01,3.35359912e-02,4.30537711e-02,-8.30466800e+00,0.00000000e+00,1.74428806e-01,2.18843088e-02,1.70940230e+02,2.14466226e+01
2.20400000e+00,-4.30592829e-02,-2.98765506e-01,3.36199219e-02,4.07852340e-02,-8.30466800e+00,0.00000000e+00,1.72387601e-01,2.13656683e-02,1.68939849e+02,2.09383549e+01
2.20600000e+00,-4.36564405e-02,-2.98375465e-01,3.36991152e-02,3.84912899e-02,-8.30466800e+00,0.00000000e+00,1.73659124e-01,2.19450833e-02,1.70185941e+02,2.15061816e+01
2.20800000e+00,-4.42526571e-02,-2.97793882e-01,3.37738980e-02,3.62138248e-02,-8.30466800e+00,0.00000000e+00,1.72781027e-01,2.15079882e-02,1.69325406e+02,2.10778284e+01
2.21000000e+00,-4.48474817e-02,-2.97010747e-01,3.38439717e-02,3.39380875e-02,-8.30466800e+00,0.00000000e+00,1.73808212e-01,2.20497757e-02,1.70332048e+02,2.16087802e+01
2.21200000e+00,-4.54405921e-02,-2.96065669e-01,3.39098201e-02,3.19169600e-02,-8.30466800e+00,0.00000000e+00,1.73842294e-01,2.21373116e-02,1.70365449e+02,2.16945654e+01
2.21400000e+00,-4.60315995e-02,-2.94903268e-01,3.39716006e-02,2.98375000e-02,-8.30466800e+00,0.00000000e+00,1.73559067e-01,2.20164314e-02,1.70087886e+02,2.15761028e+01
2.21600000e+00,-4.66200440e-02,-2.93499175e-01,3.40290374e-02,2.75590087e-02,-8.30466800e+00,0.00000000e+00,1.73003796e-01,2.18025111e-02,1.69543720e+02,2.13664609e+01
2.21800000e+00,-4.72054640e-02,-2.91896871e-01,3.40818693e-02,2.53294908e-02,-8.30466800e+00,0.00000000e+00,1.73712794e-01,2.21956338e-02,1.70238539e+02,2.17517211e+01
2.22000000e+00,-4.77874884e-02,-2.90079954e-01,3.41303188e-02,2.30451076e-02,-8.30466800e+00,0.00000000e+00,1.72747290e-01,2.17574641e-02,1.69292344e+02,2.13223148e+01
2.22200000e+00,-4.83656354e-02,-2.88040373e-01,3.41740000e-02,2.06861160e-02,-8.30466800e+00,0.00000000e+00,1.73237503e-01,2.21024155e-02,1.69772753e+02,2.16603672e+01
2.22400000e+00,-4.89394424e-02,-2.85689464e-01,3.42128935e-02,1.80725030e-02,-8.30466800e+00,0.00000000e+00,1.70165820e-01,2.12795875e-02,1.66762503e+02,2.08539958e+01
2.22600000e+00,-4.95082460e-02,-2.83117695e-01,3.42463899e-02,1.56085906e-02,-8.30466800e+00,0.00000000e+00,1.72730381e-01,2.24655702e-02,1.69275773e+02,2.20162588e+01
2.22800000e+00,-5.00717838e-02,-2.80351895e-01,3.42753439e-02,1.31687562e-02,-8.30466800e+00,0.00000000e+00,1.70243140e-01,2.13724139e-02,1.66838277e+02,2.09449656e+01
2.23000000e+00,-5.06295086e-02,-2.77368601e-01,3.42990395e-02,1.06907902e-02,-8.30466800e+00,0.00000000e+00,1.72213166e-01,2.24204612e-02,1.68768902e+02,2.19720520e+01
2.23200000e+00,-5.11811720e-02,-2.74256111e-01,3.43184086e-02,8.66518709e-03,-8.30466800e+00,0.00000000e+00,1.71740057e-01,2.23504157e-02,1.68305256e+02,2.19034074e+01
2.23400000e+00,-5.17263685e-02,-2.70896935e-01,3.43335869e-02,6.46960918e-03,-8.30466800e+00,0.00000000e+00,1.70912925e-01,2.20862456e-02,1.67494667e+02,2.16445207e+01
2.23600000e+00,-5.22645784e-02,-2.67265671e-01,3.43440736e-02,3.95379250e-03,-8.30466800e+00,0.00000000e+00,1.69790225e-01,2.16942160e-02,1.66394421e+02,2.12603317e+01
2.23800000e+00,-5.27953000e-02,-2.63437610e-01,3.43494516e-02,1.51228741e-03,-8.30466800e+00,0.00000000e+00,1.70662303e-01,2.22509411e-02,1.67249057e+02,2.18059223e+01
2.24000000e+00,-5.33181967e-02,-2.59411402e-01,3.43501564e-02,-8.78634851e-04,-8.30466800e+00,0.00000000e+00,1.69444821e-01,2.18023432e-02,1.66055924e+02,2.13662963e+01
2.24200000e+00,-5.38327877e-02,-2.55148344e-01,3.43458300e-02,-3.43024525e-03,-8.30466800e+00,0.00000000e+00,1.69345760e-01,2.19085245e-02,1.65958844e+02,2.14703540e+01
2.24400000e+00,-5.43385930e-02,-2.50589590e-01,3.43363573e-02,-6.09908831e-03,-8.30466800e+00,0.00000000e+00,1.66682543e-01,2.15438054e-02,1.63348892e+02,2.11129293e+01
2.24600000e+00,-5.48350288e-02,-2.45854872e-01,3.43216791e-02,-8.39974554e-03,-8.30466800e+00,0.00000000e+00,1.69305860e-01,2.26613906e-02,1.65919742e+02,2.22081627e+01
2.24800000e+00,-5.53218790e-02,-2.40920045e-01,3.43026860e-02,-1.08087961e-02,-8.30466800e+00,0.00000000e+00,1.66000642e-01,2.12900499e-02,1.62680629e+02,2.08642489e+01
2.25000000e+00,-5.57985771e-02,-2.35787504e-01,3.42785001e-02,-1.31336138e-02,-8.30466800e+00,0.00000000e+00,1.68598205e-01,2.28046926e-02,1.65226241e+02,2.23485988e+01
2.25200000e+00,-5.62649818e-02,-2.30584171e-01,3.42506346e-02,-1.47338837e-02,-8.30466800e+00,0.00000000e+00,1.68174915e-01,2.27717211e-02,1.64811417e+02,2.23162867e+01
2.25400000e+00,-5.67207523e-02,-2.25138536e-01,3.42193859e-02,-1.66021110e-02,-8.30466800e+00,0.00000000e+00,1.66678865e-01,2.21983357e-02,1.63345288e+02,2.17543690e+01
2.25600000e+00,-5.71653810e-02,-2.19460459e-01,3.41840659e-02,-1.87107446e-02,-8.30466800e+00,0.00000000e+00,1.66396023e-01,2.22175142e-02,1.63068103e+02,2.17731639e+01
2.25800000e+00,-5.75984896e-02,-2.13625594e-01,3.41446765e-02,-2.06190630e-02,-8.30466800e+00,0.00000000e+00,1.66574470e-01,2.25633303e-02,1.63242981e+02,2.21120637e+01
2.26000000e+00,-5.80197568e-02,-2.07600928e-01,3.41015998e-02,-2.25121534e-02,-8.30466800e+00,0.00000000e+00,1.65424205e-01,2.21886902e-02,1.62115721e+02,2.17449164e+01
2.26200000e+00,-5.84287481e-02,-2.01358518e-01,3.40545168e-02,-2.45718532e-02,-8.30466800e+00,0.00000000e+00,1.64850421e-01,2.21471957e-02,1.61553413e+02,2.17042518e+01
2.26400000e+00,-5.88250138e-02,-1.94850400e-01,3.40032715e-02,-2.66927808e-02,-8.30466800e+00,0.00000000e+00,1.62476467e-01,2.19878230e-02,1.59226937e+02,2.15480666e+01
2.26600000e+00,-5.92080617e-02,-1.88210219e-01,3.39480334e-02,-2.83823110e-02,-8.30466800e+00,0.00000000e+00,1.64918537e-01,2.29745443e-02,1.61620167e+02,2.25150534e+01
2.26800000e+00,-5.95777271e-02,-1.81378692e-01,3.38895866e-02,-3.03052632e-02,-8.30466800e+00,0.00000000e+00,1.61050465e-01,2.14150608e-02,1.57829455e+02,2.09867596e+01
2.27000000e+00,-5.99334624e-02,-1.74376178e-01,3.38268733e-02,-3.21367834e-02,-8.30466800e+00,0.00000000e+00,1.63855655e-01,2.30777283e-02,1.60578542e+02,2.26161737e+01
2.27200000e+00,-6.02751986e-02,-1.67323839e-01,3.37614762e-02,-3.33132406e-02,-8.30466800e+00,0.00000000e+00,1.62704499e-01,2.26970730e-02,1.59450409e+02,2.22431316e+01
2.27400000e+00,-6.06025915e-02,-1.60022065e-01,3.36932999e-02,-3.49703743e-02,-8.30466800e+00,0.00000000e+00,1.60729249e-01,2.19720256e-02,1.57514664e+02,2.15325850e+01
2.27600000e+00,-6.09151474e-02,-1.52511160e-01,3.36214347e-02,-3.68674592e-02,-8.30466800e+00,0.00000000e+00,1.60399669e-01,2.20915360e-02,1.57191676e+02,2.16497053e+01
2.27800000e+00,-6.12125741e-02,-1.44907174e-01,3.35461006e-02,-3.83586745e-02,-8.30466800e+00,0.00000000e+00,1.61013199e-01,2.27169792e-02,1.57792935e+02,2.22626396e+01
2.28000000e+00,-6.14946678e-02,-1.37140809e-01,3.34680038e-02,-3.98441673e-02,-8.30466800e+00,0.00000000e+00,1.58939601e-01,2.19925436e-02,1.55760809e+02,2.15526927e+01
2.28200000e+00,-6.17610215e-02,-1.29200676e-01,3.33866431e-02,-4.14509059e-02,-8.30466800e+00,0.00000000e+00,1.59159378e-01,2.23469371e-02,1.55976191e+02,2.18999984e+01
2.28400000e+00,-6.20113753e-02,-1.21117730e-01,3.33024407e-02,-4.26969936e-02,-8.30466800e+00,0.00000000e+00,1.57678997e-01,2.26297920e-02,1.54525417e+02,2.21771961e+01
2.28600000e+00,-6.22454515e-02,-1.12973538e-01,3.32162036e-02,-4.34205259e-02,-8.30466800e+00,0.00000000e+00,1.59672356e-01,2.33209301e-02,1.56478908e+02,2.28545115e+01
2.28800000e+00,-6.24631395e-02,-1.04634386e-01,3.31284035e-02,-4.46765651e-02,-8.30466800e+00,0.00000000e+00,1.54934056e-01,2.13870218e-02,1.51835375e+02,2.09592814e+01
2.29000000e+00,-6.26638992e-02,-9.61604209e-02,3.30375124e-02,-4.59099957e-02,-8.30466800e+00,0.00000000e+00,1.58195706e-01,2.32391691e-02,1.55031792e+02,2.27743857e+01
2.29200000e+00,-6.28478025e-02,-8.77184619e-02,3.29453543e-02,-4.62572999e-02,-8.30466800e+00,0.00000000e+00,1.57217569e-01,2.31154857e-02,1.54073218e+02,2.26531760e+01
2.29400000e+00,-6.30146480e-02,-7.90889166e-02,3.28522198e-02,-4.69996560e-02,-8.30466800e+00,0.00000000e+00,1.55209381e-01,2.22771583e-02,1.52105193e+02,2.18316152e+01
2.29600000e+00,-6.31640555e-02,-7.03053173e-02,3.27571781e-02,-4.80083302e-02,-8.30466800e+00,0.00000000e+00,1.54873185e-01,2.24211354e-02,1.51775722e+02,2.19727127e+01
2.29800000e+00,-6.32958319e-02,-6.14657060e-02,3.26604103e-02,-4.86813133e-02,-8.30466800e+00,0.00000000e+00,1.55012312e-01,2.28438412e-02,1.51912066e+02,2.23869644e+01
2.30000000e+00,-6.34098439e-02,-5.25145056e-02,3.25623965e-02,-4.94387639e-02,-8.30466800e+00,0.00000000e+00,1.53232763e-01,2.21040841e-02,1.50168108e+02,2.16620024e+01
2.30200000e+00,-6.35058065e-02,-4.34381691e-02,3.24625061e-02,-5.04199693e-02,-8.30466800e+00,0.00000000e+00,1.52908585e-01,2.22318925e-02,1.49850413e+02,2.17872547e+01
2.30400000e+00,-6.35835417e-02,-3.42796148e-02,3.23609621e-02,-5.10331260e-02,-8.30466800e+00,0.00000000e+00,1.51983435e-01,2.27318430e-02,1.48943766e+02,2.22772062e+01
2.30600000e+00,-6.36429444e-02,-2.51501622e-02,3.22588159e-02,-5.09829675e-02,-8.30466800e+00,0.00000000e+00,1.54110910e-01,2.34783017e-02,1.51028692e+02,2.30087357e+01
2.30800000e+00,-6.36840488e-02,-1.58802505e-02,3.21566029e-02,-5.15735936e-02,-8.30466800e+00,0.00000000e+00,1.49074358e-01,2.12409177e-02,1.46092871e+02,2.08160993e+01
2.31000000e+00,-6.37064152e-02,-6.53512310e-03,3.20525186e-02,-5.21685999e-02,-8.30466800e+00,0.00000000e+00,1.52574245e-01,2.33207982e-02,1.49522760e+02,2.28543823e+01
2.31200000e+00,-6.37102578e-02,2.70723351e-03,3.19485236e-02,-5.18710479e-02,-8.30466800e+00,0.00000000e+00,1.51544871e-01,2.29656947e-02,1.48513973e+02,2.25063808e+01
2.31400000e+00,-6.36955081e-02,1.20668252e-02,3.18447709e-02,-5.19687533e-02,-8.30466800e+00,0.00000000e+00,1.49752469e-01,2.23429388e-02,1.46757420e+02,2.18960800e+01
2.31600000e+00,-6.36619582e-02,2.14748024e-02,3.17406213e-02,-5.21073668e-02,-8.30466800e+00,0.00000000e+00,1.50178788e-01,2.27311299e-02,1.47175212e+02,2.22765073e+01
2.31800000e+00,-6.36096587e-02,3.08080957e-02,3.16367402e-02,-5.16478531e-02,-8.30466800e+00,0.00000000e+00,1.51108860e-01,2.34498708e-02,1.48086683e+02,2.29808734e+01
2.32000000e+00,-6.35386991e-02,4.01813962e-02,3.15340024e-02,-5.12295829e-02,-8.30466800e+00,0.00000000e+00,1.48702800e-01,2.24975639e-02,1.45728744e+02,2.20476126e+01
2.32200000e+00,-6.34488738e-02,4.96436411e-02,3.14315991e-02,-5.11454550e-02,-8.30466800e+00,0.00000000e+00,1.48335822e-01,2.26021922e-02,1.45369105e+02,2.21501484e+01
2.32400000e+00,-6.33401459e-02,5.90738720e-02,3.13297870e-02,-5.05117742e-02,-8.30466800e+00,0.00000000e+00,1.48601840e-01,2.35054351e-02,1.45629803e+02,2.30353264e+01
2.32600000e+00,-6.32126693e-02,6.83677091e-02,3.12300728e-02,-4.90970498e-02,-8.30466800e+00,0.00000000e+00,1.50520435e-01,2.40986204e-02,1.47510026e+02,2.36166480e+01
2.32800000e+00,-6.30666149e-02,7.77518056e-02,3.11329663e-02,-4.83309042e-02,-8.30466800e+00,0.00000000e+00,1.45338473e-01,2.20049000e-02,1.42431703e+02,2.15648020e+01
2.33000000e+00,-6.29016392e-02,8.71701904e-02,3.10366487e-02,-4.77154978e-02,-8.30466800e+00,0.00000000e+00,1.48411129e-01,2.36444815e-02,1.45442906e+02,2.31715918e+01
2.33200000e+00,-6.27180282e-02,9.64475236e-02,3.09425397e-02,-4.64470886e-02,-8.30466800e+00,0.00000000e+00,1.47173451e-01,2.32405728e-02,1.44229982e+02,2.27757614e+01
2.33400000e+00,-6.25158180e-02,1.05771463e-01,3.08505466e-02,-4.56491855e-02,-8.30466800e+00,0.00000000e+00,1.45709394e-01,2.25251019e-02,1.42795206e+02,2.20745999e+01
2.33600000e+00,-6.22949818e-02,1.15036231e-01,3.07599612e-02,-4.48239237e-02,-8.30466800e+00,0.00000000e+00,1.46791316e-01,2.31683000e-02,1.43855489e+02,2.27049340e+01
2.33800000e+00,-6.20557506e-02,1.24184700e-01,3.06715430e-02,-4.35605504e-02,-8.30466800e+00,0.00000000e+00,1.46511447e-01,2.33178850e-02,1.43581218e+02,2.28515273e+01
2.34000000e+00,-6.17982525e-02,1.33318967e-01,3.05856193e-02,-4.24466776e-02,-8.30466800e+00,0.00000000e+00,1.45058442e-01,2.27312613e-02,1.42157273e+02,2.22766361e+01
2.34200000e+00,-6.15224890e-02,1.42431834e-01,3.05016717e-02,-4.14596858e-02,-8.30466800e+00,0.00000000e+00,1.44797620e-01,2.29312506e-02,1.41901668e+02,2.24726256e+01
2.34400000e+00,-6.12285785e-02,1.51464569e-01,3.04200386e-02,-4.00856798e-02,-8.30466800e+00,0.00000000e+00,1.44568566e-01,2.34264607e-02,1.41677195e+02,2.29579315e+01
2.34600000e+00,-6.09167643e-02,1.60297088e-01,3.03417412e-02,-3.80934236e-02,-8.30466800e+00,0.00000000e+00,1.46966974e-01,2.41163405e-02,1.44027634e+02,2.36340137e+01
2.34800000e+00,-6.05873821e-02,1.69141795e-01,3.02671990e-02,-3.67998697e-02,-8.30466800e+00,0.00000000e+00,1.41630791e-01,2.18527235e-02,1.38798175e+02,2.14156691e+01
2.35000000e+00,-6.02402280e-02,1.77940062e-01,3.01944509e-02,-3.56426402e-02,-8.30466800e+00,0.00000000e+00,1.45254463e-01,2.37259218e-02,1.42349373e+02,2.32514034e+01
2.35200000e+00,-5.98757839e-02,1.86495163e-01,3.01251412e-02,-3.37163235e-02,-8.30466800e+00,0.00000000e+00,1.44372848e-01,2.33672184e-02,1.41485391e+02,2.28998741e+01
2.35400000e+00,-5.94942608e-02,1.95030194e-01,3.00592507e-02,-3.22923966e-02,-8.30466800e+00,0.00000000e+00,1.42643772e-01,2.25766460e-02,1.39790896e+02,2.21251131e+01
2.35600000e+00,-5.90957321e-02,2.03461814e-01,2.99959087e-02,-3.09628585e-02,-8.30466800e+00,0.00000000e+00,1.43570590e-01,2.30781006e-02,1.40699178e+02,2.26165386e+01
2.35800000e+00,-5.86805607e-02,2.11672617e-01,2.99357648e-02,-2.90850107e-02,-8.30466800e+00,0.00000000e+00,1.44448163e-01,2.36409016e-02,1.41559200e+02,2.31680835e+01
2.36000000e+00,-5.82491227e-02,2.19761862e-01,2.98795733e-02,-2.72001936e-02,-8.30466800e+00,0.00000000e+00,1.42922183e-01,2.30116482e-02,1.40063740e+02,2.25514153e+01
2.36200000e+00,-5.78015736e-02,2.27760710e-01,2.98267995e-02,-2.55621477e-02,-8.30466800e+00,0.00000000e+00,1.42939773e-01,2.30468732e-02,1.40080978e+02,2.25859358e+01
2.36400000e+00,-5.73381927e-02,2.35590315e-01,2.97775416e-02,-2.35988075e-02,-8.30466800e+00,0.00000000e+00,1.43126353e-01,2.36233112e-02,1.40263826e+02,2.31508450e+01
2.36600000e+00,-5.68593836e-02,2.43162931e-01,2.97327831e-02,-2.10672969e-02,-8.30466800e+00,0.00000000e+00,1.45067394e-01,2.41745276e-02,1.42166046e+02,2.36910371e+01
2.36800000e+00,-5.63655942e-02,2.50655623e-01,2.96928740e-02,-1.91332628e-02,-8.30466800e+00,0.00000000e+00,1.40993498e-01,2.23112858e-02,1.38173628e+02,2.18650601e+01
2.37000000e+00,-5.58568476e-02,2.58018682e-01,2.96561339e-02,-1.73734897e-02,-8.30466800e+00,0.00000000e+00,1.43973890e-01,2.37556445e-02,1.41094413e+02,2.32805317e+01
2.37200000e+00,-5.53337010e-02,2.65109519e-01,2.96237131e-02,-1.51142136e-02,-8.30466800e+00,0.00000000e+00,1.43113028e-01,2.33124783e-02,1.40250767e+02,2.28462287e+01
2.37400000e+00,-5.47964716e-02,2.72107177e-01,2.95953510e-02,-1.33439610e-02,-8.30466800e+00,0.00000000e+00,1.41794312e-01,2.26879046e-02,1.38958426e+02,2.22341465e+01
2.37600000e+00,-5.42453967e-02,2.78918208e-01,2.95703368e-02,-1.15744430e-02,-8.30466800e+00,0.00000000e+00,1.43003437e-01,2.32745186e-02,1.40143368e+02,2.28090283e+01
2.37800000e+00,-5.36809788e-02,2.85459287e-01,2.95493396e-02,-9.37536938e-03,-8.30466800e+00,0.00000000e+00,1.43521764e-01,2.35586683e-02,1.40651328e+02,2.30874949e+01
2.38000000e+00,-5.31036629e-02,2.91845341e-01,2.95327031e-02,-7.37450834e-03,-8.30466800e+00,0.00000000e+00,1.41939270e-01,2.28338407e-02,1.39100484e+02,2.23771639e+01
2.38200000e+00,-5.25136997e-02,2.98077994e-01,2.95196673e-02,-5.63508612e-03,-8.30466800e+00,0.00000000e+00,1.42315893e-01,2.29905860e-02,1.39469575e+02,2.25307742e+01
2.38400000e+00,-5.19115177e-02,3.04060588e-01,2.95104020e-02,-3.53689581e-03,-8.30466800e+00,0.00000000e+00,1.42891344e-01,2.35728410e-02,1.40033517e+02,2.31013842e+01
2.38600000e+00,-5.12976687e-02,3.09726120e-01,2.95058467e-02,-9.48225497e-04,-8.30466800e+00,0.00000000e+00,1.44737137e-01,2.40125687e-02,1.41842394e+02,2.35323173e+01
2.38800000e+00,-5.06727130e-02,3.15241878e-01,2.95062289e-02,1.07031446e-03,-8.30466800e+00,0.00000000e+00,1.41311970e-01,2.23757525e-02,1.38485730e+02,2.19282375e+01
2.39000000e+00,-5.00368330e-02,3.20559995e-01,2.95100489e-02,2.97012800e-03,-8.30466800e+00,0.00000000e+00,1.44186619e-01,2.37681334e-02,1.41302887e+02,2.32927707e+01
2.39200000e+00,-4.93907041e-02,3.25531595e-01,2.95185360e-02,5.50973895e-03,-8.30466800e+00,0.00000000e+00,1.44155111e-01,2.37297731e-02,1.41272009e+02,2.32551777e+01
2.39400000e+00,-4.87348228e-02,3.30328857e-01,2.95318110e-02,7.63421594e-03,-8.30466800e+00,0.00000000e+00,1.42925946e-01,2.29148103e-02,1.40067428e+02,2.24565141e+01
2.39600000e+00,-4.80695330e-02,3.34909663e-01,2.95489260e-02,9.53834106e-03,-8.30466800e+00,0.00000000e+00,1.43801084e-01,2.32909505e-02,1.40925063e+02,2.28251315e+01
2.39800000e+00,-4.73953892e-02,3.39182984e-01,2.95701829e-02,1.17701625e-02,-8.30466800e+00,0.00000000e+00,1.44625487e-01,2.36321225e-02,1.41732978e+02,2.31594801e+01
2.40000000e+00,-4.67129473e-02,3.43236945e-01,2.95958986e-02,1.38400535e-02,-8.30466800e+00,0.00000000e+00,1.43372638e-01,2.29869069e-02,1.40505185e+02,2.25271688e+01
2.40200000e+00,-4.60225717e-02,3.47095523e-01,2.96253298e-02,1.55899846e-02,-8.30466800e+00,0.00000000e+00,1.43571289e-01,2.30018562e-02,1.40699864e+02,2.25418190e+01
2.40400000e+00,-4.53247007e-02,3.50750839e-01,2.96582404e-02,1.73127215e-02,-8.30466800e+00,0.00000000e+00,1.42440419e-01,2.29761351e-02,1.39591611e+02,2.25166124e+01
2.40600000e+00,-4.46197978e-02,3.54061987e-01,2.96948516e-02,1.94417419e-02,-8.30466800e+00,0.00000000e+00,1.45873156e-01,2.39061368e-02,1.42955692e+02,2.34280140e+01
2.40800000e+00,-4.39086258e-02,3.57113507e-01,2.97358005e-02,2.12605373e-02,-8.30466800e+00,0.00000000e+00,1.42714215e-01,2.23826281e-02,1.39859931e+02,2.19349755e+01
2.41000000e+00,-4.31915103e-02,3.59915155e-01,2.97798266e-02,2.29786850e-02,-8.30466800e+00,0.00000000e+00,1.45869760e-01,2.37571570e-02,1.42952365e+02,2.32820139e+01
2.41200000e+00,-4.24692161e-02,3.62340553e-01,2.98280337e-02,2.51744040e-02,-8.30466800e+00,0.00000000e+00,1.45619970e-01,2.34530002e-02,1.42707571e+02,2.29839402e+01
2.41400000e+00,-4.17422823e-02,3.64564661e-01,2.98801983e-02,2.68812226e-02,-8.30466800e+00,0.00000000e+00,1.44648432e-01,2.28047339e-02,1.41755464e+02,2.23486392e+01
2.41600000e+00,-4.10111252e-02,3.66537177e-01,2.99354436e-02,2.84156620e-02,-8.30466800e+00,0.00000000e+00,1.45538643e-01,2.31694927e-02,1.42627870e+02,2.27061028e+01
2.41800000e+00,-4.02763664e-02,3.68160466e-01,2.99940891e-02,3.02923962e-02,-8.30466800e+00,0.00000000e+00,1.46817772e-01,2.36062502e-02,1.43881417e+02,2.31341252e+01
2.42000000e+00,-3.95386572e-02,3.69522853e-01,3.00565046e-02,3.20062494e-02,-8.30466800e+00,0.00000000e+00,1.45618782e-01,2.29160227e-02,1.42706406e+02,2.24577023e+01
2.42200000e+00,-3.87984223e-02,3.70664358e-01,3.01218638e-02,3.33446448e-02,-8.30466800e+00,0.00000000e+00,1.45941340e-01,2.29109845e-02,1.43022513e+02,2.24527648e+01
2.42400000e+00,-3.80561565e-02,3.71570879e-01,3.01898186e-02,3.45861847e-02,-8.30466800e+00,0.00000000e+00,1.45054229e-01,2.28092844e-02,1.42153145e+02,2.23530987e+01
2.42600000e+00,-3.73123754e-02,3.72122464e-01,3.02604060e-02,3.61238601e-02,-8.30466800e+00,0.00000000e+00,1.48166180e-01,2.36328352e-02,1.45202856e+02,2.31601785e+01
2.42800000e+00,-3.65678719e-02,3.72366110e-01,3.03342047e-02,3.74975222e-02,-8.30466800e+00,0.00000000e+00,1.46173434e-01,2.25698138e-02,1.43249965e+02,2.21184176e+01
2.43000000e+00,-3.58230953e-02,3.72333224e-01,3.04103339e-02,3.87778722e-02,-8.30466800e+00,0.00000000e+00,1.48548354e-01,2.35452659e-02,1.45577387e+02,2.30743606e+01
2.43200000e+00,-3.50787829e-02,3.71934544e-01,3.04895490e-02,4.04074602e-02,-8.30466800e+00,0.00000000e+00,1.48643624e-01,2.34153520e-02,1.45670751e+02,2.29470450e+01
2.43400000e+00,-3.43355123e-02,3.71303199e-01,3.05716980e-02,4.16384306e-02,-8.30466800e+00,0.00000000e+00,1.47915128e-01,2.28253783e-02,1.44956825e+02,2.23688707e+01
2.43600000e+00,-3.35937425e-02,3.70413259e-01,3.06559334e-02,4.26153746e-02,-8.30466800e+00,0.00000000e+00,1.48627664e-01,2.30020952e-02,1.45655110e+02,2.25420533e+01
2.43800000e+00,-3.28540853e-02,3.69184283e-01,3.07422882e-02,4.37853220e-02,-8.30466800e+00,0.00000000e+00,1.49794680e-01,2.33533980e-02,1.46798787e+02,2.28863301e+01
2.44000000e+00,-3.21171933e-02,3.67673474e-01,3.08309869e-02,4.48236574e-02,-8.30466800e+00,0.00000000e+00,1.49191896e-01,2.28520934e-02,1.46208058e+02,2.23950516e+01
2.44200000e+00,-3.13835508e-02,3.65923585e-01,3.09213653e-02,4.55357971e-02,-8.30466800e+00,0.00000000e+00,1.49385462e-01,2.27975263e-02,1.46397753e+02,2.23415758e+01
2.44400000e+00,-3.06536712e-02,3.63915367e-01,3.10130630e-02,4.61473923e-02,-8.30466800e+00,0.00000000e+00,1.49262134e-01,2.27717918e-02,1.46276892e+02,2.23163559e+01
2.44600000e+00,-2.99280976e-02,3.61594694e-01,3.11060200e-02,4.68566110e-02,-8.30466800e+00,0.00000000e+00,1.50754441e-01,2.31349633e-02,1.47739352e+02,2.26722640e+01
2.44800000e+00,-2.92074921e-02,3.58974473e-01,3.12004244e-02,4.74683036e-02,-8.30466800e+00,0.00000000e+00,1.50368755e-01,2.27016657e-02,1.47361380e+02,2.22476324e+01
2.45000000e+00,-2.84923829e-02,3.56079474e-01,3.12958066e-02,4.79501276e-02,-8.30466800e+00,0.00000000e+00,1.51326042e-01,2.29984474e-02,1.48299521e+02,2.25384784e+01
2.45200000e+00,-2.77833762e-02,3.52881517e-01,3.13922704e-02,4.85001022e-02,-8.30466800e+00,0.00000000e+00,1.51647392e-01,2.29822894e-02,1.48614444e+02,2.25226436e+01
2.45400000e+00,-2.70810240e-02,3.49432890e-01,3.14896615e-02,4.88317834e-02,-8.30466800e+00,0.00000000e+00,1.51436146e-01,2.26792198e-02,1.48407423e+02,2.22256355e+01
2.45600000e+00,-2.63858159e-02,3.45727351e-01,3.15874709e-02,4.89736202e-02,-8.30466800e+00,0.00000000e+00,1.51960615e-01,2.27234739e-02,1.48921402e+02,2.22690044e+01
2.45800000e+00,-2.56983038e-02,3.41737966e-01,3.16855553e-02,4.91145424e-02,-8.30466800e+00,0.00000000e+00,1.52440465e-01,2.28173647e-02,1.49391656e+02,2.23610174e+01
2.46000000e+00,-2.50190426e-02,3.37480776e-01,3.17838821e-02,4.91849246e-02,-8.30466800e+00,0.00000000e+00,1.52656321e-01,2.27158373e-02,1.49603194e+02,2.22615206e+01
2.46200000e+00,-2.43485453e-02,3.32976780e-01,3.18821735e-02,4.90730875e-02,-8.30466800e+00,0.00000000e+00,1.52715989e-01,2.25753342e-02,1.49661669e+02,2.21238276e+01
2.46400000e+00,-2.36873192e-02,3.28197176e-01,3.19801448e-02,4.89167937e-02,-8.30466800e+00,0.00000000e+00,1.53679472e-01,2.27625532e-02,1.50605883e+02,2.23073022e+01
2.46600000e+00,-2.30359249e-02,3.23165065e-01,3.20777912e-02,4.86862312e-02,-8.30466800e+00,0.00000000e+00,1.53278518e-01,2.25590153e-02,1.50212948e+02,2.21078350e+01
2.46800000e+00,-2.23948089e-02,3.17907987e-01,3.21747746e-02,4.82829878e-02,-8.30466800e+00,0.00000000e+00,1.53681448e-01,2.25388022e-02,1.50607819e+02,2.20880261e+01
2.47000000e+00,-2.17644594e-02,3.12401227e-01,3.22708616e-02,4.77874859e-02,-8.30466800e+00,0.00000000e+00,1.53944929e-01,2.25028274e-02,1.50866031e+02,2.20527709e+01
2.47200000e+00,-2.11453754e-02,3.06637511e-01,3.23659104e-02,4.72707735e-02,-8.30466800e+00,0.00000000e+00,1.54608719e-01,2.26302798e-02,1.51516545e+02,2.21776742e+01
2.47400000e+00,-2.05380871e-02,3.00607226e-01,3.24599827e-02,4.68109981e-02,-8.30466800e+00,0.00000000e+00,1.55192050e-01,2.27569190e-02,1.52088209e+02,2.23017806e+01
2.47600000e+00,-1.99430995e-02,2.94347356e-01,3.25530671e-02,4.62202826e-02,-8.30466800e+00,0.00000000e+00,1.55091067e-01,2.24886335e-02,1.51989246e+02,2.20388609e+01
2.47800000e+00,-1.93608428e-02,2.87869779e-01,3.26447465e-02,4.54536485e-02,-8.30466800e+00,0.00000000e+00,1.55499891e-01,2.25189467e-02,1.52389893e+02,2.20685678e+01
2.48000000e+00,-1.87917807e-02,2.81151718e-01,3.27348719e-02,4.46723926e-02,-8.30466800e+00,0.00000000e+00,1.56037879e-01,2.25870121e-02,1.52917121e+02,2.21352719e+01
2.48200000e+00,-1.82363909e-02,2.74201218e-01,3.28234122e-02,4.38552866e-02,-8.30466800e+00,0.00000000e+00,1.56369351e-01,2.25705118e-02,1.53241964e+02,2.21191016e+01
2.48400000e+00,-1.76951452e-02,2.66996722e-01,3.29102553e-02,4.29815209e-02,-8.30466800e+00,0.00000000e+00,1.57525545e-01,2.25924989e-02,1.54375034e+02,2.21406489e+01
2.48600000e+00,-1.71684968e-02,2.59653101e-01,3.29950822e-02,4.17237135e-02,-8.30466800e+00,0.00000000e+00,1.55291191e-01,2.18860529e-02,1.52185368e+02,2.14483319e+01
2.48800000e+00,-1.66566363e-02,2.52154204e-01,3.30770867e-02,4.03707245e-02,-8.30466800e+00,0.00000000e+00,1.56945091e-01,2.25104508e-02,1.53806189e+02,2.20602418e+01
2.49000000e+00,-1.61600102e-02,2.44460034e-01,3.31565011e-02,3.89217883e-02,-8.30466800e+00,0.00000000e+00,1.55768766e-01,2.17986504e-02,1.52653391e+02,2.13626774e+01
2.49200000e+00,-1.56789053e-02,2.36602154e-01,3.32326361e-02,3.72661538e-02,-8.30466800e+00,0.00000000e+00,1.56811242e-01,2.21860522e-02,1.53675017e+02,2.17423312e+01
2.49400000e+00,-1.52137723e-02,2.28488105e-01,3.33057890e-02,3.59453867e-02,-8.30466800e+00,0.00000000e+00,1.57924830e-01,2.26066048e-02,1.54766334e+02,2.21544727e+01
2.49600000e+00,-1.47650756e-02,2.20190049e-01,3.33763965e-02,3.45929698e-02,-8.30466800e+00,0.00000000e+00,1.57414372e-01,2.22210111e-02,1.54266084e+02,2.17765909e+01
2.49800000e+00,-1.43330914e-02,2.11773094e-01,3.34439226e-02,3.28832299e-02,-8.30466800e+00,0.00000000e+00,1.57142517e-01,2.19537265e-02,1.53999667e+02,2.15146520e+01
2.50000000e+00,-1.39180956e-02,2.03187523e-01,3.35079062e-02,3.11387240e-02,-8.30466800e+00,0.00000000e+00,1.57931851e-01,2.22401700e-02,1.54773214e+02,2.17953666e+01
2.50200000e+00,-1.35204604e-02,1.94423336e-01,3.35685202e-02,2.94582502e-02,-8.30466800e+00,0.00000000e+00,1.58034641e-01,2.21754005e-02,1.54873948e+02,2.17318925e+01
2.50400000e+00,-1.31405368e-02,1.85457321e-01,3.36257036e-02,2.77243659e-02,-8.30466800e+00,0.00000000e+00,1.59510173e-01,2.22104590e-02,1.56319969e+02,2.17662499e+01
2.50600000e+00,-1.27786705e-02,1.76432293e-01,3.36791321e-02,2.55622160e-02,-8.30466800e+00,0.00000000e+00,1.56422705e-01,2.13536215e-02,1.53294251e+02,2.09265491e+01
2.50800000e+00,-1.24348702e-02,1.67313466e-01,3.37279730e-02,2.34308355e-02,-8.30466800e+00,0.00000000e+00,1.58858463e-01,2.23457490e-02,1.55681294e+02,2.18988340e+01
2.51000000e+00,-1.21095139e-02,1.58048636e-01,3.37728448e-02,2.12834192e-02,-8.30466800e+00,0.00000000e+00,1.57140601e-01,2.13848769e-02,1.53997789e+02,2.09571794e+01
2.51200000e+00,-1.18027509e-02,1.48670908e-01,3.38130380e-02,1.90328923e-02,-8.30466800e+00,0.00000000e+00,1.58954278e-01,2.21877072e-02,1.55775193e+02,2.17439531e+01
2.51400000e+00,-1.15149909e-02,1.39052373e-01,3.38494181e-02,1.74448846e-02,-8.30466800e+00,0.00000000e+00,1.60379473e-01,2.28281656e-02,1.57171883e+02,2.23716023e+01
2.51600000e+00,-1.12466234e-02,1.29310855e-01,3.38828575e-02,1.59168232e-02,-8.30466800e+00,0.00000000e+00,1.59597575e-01,2.23618969e-02,1.56405623e+02,2.19146590e+01
2.51800000e+00,-1.09977453e-02,1.19572502e-01,3.39126934e-02,1.38008597e-02,-8.30466800e+00,0.00000000e+00,1.58234064e-01,2.16375964e-02,1.55069383e+02,2.12048445e+01
2.52000000e+00,-1.07683756e-02,1.09770855e-01,3.39379567e-02,1.15285251e-02,-8.30466800e+00,0.00000000e+00,1.59164317e-01,2.20707186e-02,1.55981030e+02,2.16293043e+01
2.52200000e+00,-1.05587283e-02,9.98696376e-02,3.39588738e-02,9.35574085e-03,-8.30466800e+00,0.00000000e+00,1.58808935e-01,2.18773079e-02,1.55632757e+02,2.14397617e+01
2.52400000e+00,-1.03689631e-02,8.98694553e-02,3.39752539e-02,6.99439474e-03,-8.30466800e+00,0.00000000e+00,1.59887062e-01,2.16992787e-02,1.56689320e+02,2.12652931e+01
2.52600000e+00,-1.01992224e-02,7.99114488e-02,3.39865087e-02,4.11906830e-03,-8.30466800e+00,0.00000000e+00,1.56396953e-01,2.08156567e-02,1.53269014e+02,2.03993435e+01
2.52800000e+00,-1.00493370e-02,6.99239170e-02,3.39918594e-02,1.43747603e-03,-8.30466800e+00,0.00000000e+00,1.59312871e-01,2.21147493e-02,1.56126613e+02,2.16724544e+01
2.53000000e+00,-9.91956093e-03,5.98850086e-02,3.39922086e-02,-1.31902691e-03,-8.30466800e+00,0.00000000e+00,1.56496983e-01,2.06599489e-02,1.53367044e+02,2.02467499e+01
2.53200000e+00,-9.80983013e-03,4.97962985e-02,3.39865927e-02,-4.06142759e-03,-8.30466800e+00,0.00000000e+00,1.59539868e-01,2.21375427e-02,1.56349071e+02,2.16947918e+01
2.53400000e+00,-9.72053523e-03,3.94683686e-02,3.39767195e-02,-5.66908235e-03,-8.30466800e+00,0.00000000e+00,1.61315944e-01,2.30283921e-02,1.58089625e+02,2.25678242e+01
2.53600000e+00,-9.65198929e-03,2.90914819e-02,3.39640070e-02,-7.14080886e-03,-8.30466800e+00,0.00000000e+00,1.60081888e-01,2.24052565e-02,1.56880250e+02,2.19571514e+01
2.53800000e+00,-9.60407325e-03,1.88586595e-02,3.39475801e-02,-9.47662269e-03,-8.30466800e+00,0.00000000e+00,1.57516488e-01,2.11920802e-02,1.54366158e+02,2.07682386e+01
2.54000000e+00,-9.57652638e-03,8.66825279e-03,3.39259630e-02,-1.20187253e-02,-8.30466800e+00,0.00000000e+00,1.58824362e-01,2.19424617e-02,1.55647875e+02,2.15036125e+01
2.54200000e+00,-9.56940977e-03,-1.53645536e-03,3.38996055e-02,-1.44104905e-02,-8.30466800e+00,0.00000000e+00,1.57750865e-01,2.14709321e-02,1.54595847e+02,2.10415135e+01
2.54400000e+00,-9.58266477e-03,-1.17300170e-02,3.38680821e-02,-1.71605595e-02,-8.30466800e+00,0.00000000e+00,1.58630543e-01,2.11464511e-02,1.55457932e+02,2.07235221e+01
2.54600000e+00,-9.61624720e-03,-2.17996188e-02,3.38306328e-02,-2.04062116e-02,-8.30466800e+00,0.00000000e+00,1.55087077e-01,2.03784801e-02,1.51985336e+02,1.99709105e+01
2.54800000e+00,-9.66984977e-03,-3.18490034e-02,3.37867620e-02,-2.31948600e-02,-8.30466800e+00,0.00000000e+00,1.58554864e-01,2.20442785e-02,1.55383766e+02,2.16033929e+01
2.55000000e+00,-9.74362945e-03,-4.18777570e-02,3.37378601e-02,-2.59733829e-02,-8.30466800e+00,0.00000000e+00,1.55166118e-01,2.03308989e-02,1.52062796e+02,1.99242810e+01
2.55200000e+00,-9.83734263e-03,-5.18792637e-02,3.36829032e-02,-2.86998506e-02,-8.30466800e+00,0.00000000e+00,1.58642538e-01,2.20762614e-02,1.55469687e+02,2.16347362e+01
2.55400000e+00,-9.95129531e-03,-6.21039693e-02,3.36240695e-02,-2.99132504e-02,-8.30466800e+00,0.00000000e+00,1.61270303e-01,2.34233675e-02,1.58044897e+02,2.29549002e+01
2.55600000e+00,-1.00857673e-02,-7.23418657e-02,3.35635236e-02,-3.07165837e-02,-8.30466800e+00,0.00000000e+00,1.60006607e-01,2.28507913e-02,1.56806474e+02,2.23937754e+01
2.55800000e+00,-1.02404808e-02,-8.23068442e-02,3.35004793e-02,-3.26054832e-02,-8.30466800e+00,0.00000000e+00,1.56114967e-01,2.10553569e-02,1.52992667e+02,2.06342497e+01
2.56000000e+00,-1.04148805e-02,-9.21006245e-02,3.34328337e-02,-3.48963745e-02,-8.30466800e+00,0.00000000e+00,1.57389886e-01,2.19113669e-02,1.54242089e+02,2.14731396e+01
2.56200000e+00,-1.06088346e-02,-1.01821314e-01,3.33610259e-02,-3.69891911e-02,-8.30466800e+00,0.00000000e+00,1.55950522e-01,2.13693559e-02,1.52831511e+02,2.09419688e+01
2.56400000e+00,-1.08221022e-02,-1.11446603e-01,3.32846035e-02,-3.94921544e-02,-8.30466800e+00,0.00000000e+00,1.56862308e-01,2.09422912e-02,1.53725062e+02,2.05234453e+01
2.56600000e+00,-1.10544763e-02,-1.20854879e-01,3.32026770e-02,-4.25654589e-02,-8.30466800e+00,0.00000000e+00,1.52737735e-01,2.00563717e-02,1.49682980e+02,1.96552443e+01
2.56800000e+00,-1.13054516e-02,-1.30157972e-01,3.31146889e-02,-4.51179977e-02,-8.30466800e+00,0.00000000e+00,1.56415395e-01,2.19108483e-02,1.53287087e+02,2.14726314e+01
2.57000000e+00,-1.15750395e-02,-1.39357970e-01,3.30222240e-02,-4.76419207e-02,-8.30466800e+00,0.00000000e+00,1.52491576e-01,1.99852533e-02,1.49441745e+02,1.95855482e+01
2.57200000e+00,-1.18628174e-02,-1.48458864e-01,3.29241989e-02,-5.00493884e-02,-8.30466800e+00,0.00000000e+00,1.56411813e-01,2.20163710e-02,1.53283577e+02,2.15760436e+01
2.57400000e+00,-1.21690007e-02,-1.57748415e-01,3.28232116e-02,-5.06794034e-02,-8.30466800e+00,0.00000000e+00,1.59361643e-01,2.35722243e-02,1.56174410e+02,2.31007798e+01
2.57600000e+00,-1.24937847e-02,-1.66998376e-01,3.27218634e-02,-5.07363194e-02,-8.30466800e+00,0.00000000e+00,1.58100072e-01,2.30745191e-02,1.54938071e+02,2.26130287e+01
2.57800000e+00,-1.28367437e-02,-1.75872622e-01,3.26194773e-02,-5.19765934e-02,-8.30466800e+00,0.00000000e+00,1.53345256e-01,2.09424611e-02,1.50278351e+02,2.05236118e+01
2.58000000e+00,-1.31970920e-02,-1.84472191e-01,3.25136238e-02,-5.37167395e-02,-8.30466800e+00,0.00000000e+00,1.54588111e-01,2.18748432e-02,1.51496349e+02,2.14373464e+01
2.58200000e+00,-1.35745337e-02,-1.92923681e-01,3.24047693e-02,-5.52184221e-02,-8.30466800e+00,0.00000000e+00,1.52931543e-01,2.12880699e-02,1.49872912e+02,2.08623085e+01
2.58400000e+00,-1.39686984e-02,-2.01242660e-01,3.22925257e-02,-5.70565564e-02,-8.30466800e+00,0.00000000e+00,1.54675361e-01,2.10090203e-02,1.51581853e+02,2.05888399e+01
2.58600000e+00,-1.43793180e-02,-2.09282118e-01,3.21761643e-02,-5.94627761e-02,-8.30466800e+00,0.00000000e+00,1.49718705e-01,1.99303447e-02,1.46724331e+02,1.95317378e+01
2.58800000e+00,-1.48057041e-02,-2.17137449e-01,3.20550690e-02,-6.12776220e-02,-8.30466800e+00,0.00000000e+00,1.53821557e-01,2.20782071e-02,1.50745126e+02,2.16366429e+01
2.59000000e+00,-1.52477647e-02,-2.24838152e-01,3.19311644e-02,-6.29265287e-02,-8.30466800e+00,0.00000000e+00,1.49682356e-01,2.01021955e-02,1.46688709e+02,1.97001516e+01
2.59200000e+00,-1.57049377e-02,-2.32360386e-01,3.18034053e-02,-6.45118892e-02,-8.30466800e+00,0.00000000e+00,1.53352630e-01,2.20298555e-02,1.50285577e+02,2.15892583e+01
2.59400000e+00,-1.61772931e-02,-2.40012910e-01,3.16743336e-02,-6.42722399e-02,-8.30466800e+00,0.00000000e+00,1.56551688e-01,2.37485255e-02,1.53420654e+02,2.32735550e+01
2.59600000e+00,-1.66649333e-02,-2.47581377e-01,3.15467821e-02,-6.33339243e-02,-8.30466800e+00,0.00000000e+00,1.55338104e-01,2.33137351e-02,1.52231341e+02,2.28474604e+01
2.59800000e+00,-1.71673289e-02,-2.54715279e-01,3.14202349e-02,-6.35400332e-02,-8.30466800e+00,0.00000000e+00,1.50468708e-01,2.11655458e-02,1.47459334e+02,2.07422348e+01
2.60000000e+00,-1.76835637e-02,-2.61503004e-01,3.12922628e-02,-6.42849337e-02,-8.30466800e+00,0.00000000e+00,1.51435280e-01,2.20003578e-02,1.48406575e+02,2.15603506e+01
2.60200000e+00,-1.82131994e-02,-2.68078499e-01,3.11632574e-02,-6.47864861e-02,-8.30466800e+00,0.00000000e+00,1.49805918e-01,2.14922181e-02,1.46809800e+02,2.10623737e+01
2.60400000e+00,-1.87557848e-02,-2.74514642e-01,3.10330004e-02,-6.54627065e-02,-8.30466800e+00,0.00000000e+00,1.52582046e-01,2.14479271e-02,1.49530405e+02,2.10189686e+01
2.60600000e+00,-1.93110426e-02,-2.80627712e-01,3.09010441e-02,-6.66825983e-02,-8.30466800e+00,0.00000000e+00,1.46763851e-01,2.01629628e-02,1.43828574e+02,1.97597035e+01
2.60800000e+00,-1.98781067e-02,-2.86457451e-01,3.07665736e-02,-6.74472359e-02,-8.30466800e+00,0.00000000e+00,1.50566732e-01,2.22118566e-02,1.47555397e+02,2.17676195e+01
2.61000000e+00,-2.04567284e-02,-2.92071128e-01,3.06313528e-02,-6.80652282e-02,-8.30466800e+00,0.00000000e+00,1.46415211e-01,2.02777323e-02,1.43486907e+02,1.98721777e+01
2.61200000e+00,-2.10462350e-02,-2.97450529e-01,3.04943521e-02,-6.86241857e-02,-8.30466800e+00,0.00000000e+00,1.49882728e-01,2.21404106e-02,1.46885073e+02,2.16976024e+01
2.61400000e+00,-2.16465755e-02,-3.02897417e-01,3.03580321e-02,-6.74193893e-02,-8.30466800e+00,0.00000000e+00,1.52870732e-01,2.37847325e-02,1.49813318e+02,2.33090379e+01
2.61600000e+00,-2.22577422e-02,-3.08220507e-01,3.02251653e-02,-6.54784756e-02,-8.30466800e+00,0.00000000e+00,1.51957109e-01,2.34949071e-02,1.48917967e+02,2.30250090e+01
2.61800000e+00,-2.28791460e-02,-3.13076465e-01,3.00953906e-02,-6.46287467e-02,-8.30466800e+00,0.00000000e+00,1.47007509e-01,2.13084593e-02,1.44067359e+02,2.08822901e+01
2.62000000e+00,-2.35097982e-02,-3.17557718e-01,2.99663372e-02,-6.42486663e-02,-8.30466800e+00,0.00000000e+00,1.48331064e-01,2.23246688e-02,1.45364443e+02,2.18781754e+01
2.62200000e+00,-2.41492172e-02,-3.21799341e-01,2.98385969e-02,-6.35670825e-02,-8.30466800e+00,0.00000000e+00,1.46610154e-01,2.17585205e-02,1.43677951e+02,2.13233501e+01
2.62400000e+00,-2.47969200e-02,-3.25927676e-01,2.97120916e-02,-6.28514400e-02,-8.30466800e+00,0.00000000e+00,1.50954461e-01,2.22151793e-02,1.47935372e+02,2.17708757e+01
2.62600000e+00,-2.54527046e-02,-3.29721217e-01,2.95868785e-02,-6.26047333e-02,-8.30466800e+00,0.00000000e+00,1.44124209e-01,2.05951477e-02,1.41241725e+02,2.01832448e+01
2.62800000e+00,-2.61155656e-02,-3.33155797e-01,2.94618665e-02,-6.20674078e-02,-8.30466800e+00,0.00000000e+00,1.47963671e-01,2.26465194e-02,1.45004398e+02,2.21935891e+01
2.63000000e+00,-2.67851697e-02,-3.36353231e-01,2.93387420e-02,-6.13302916e-02,-8.30466800e+00,0.00000000e+00,1.44035421e-01,2.08382043e-02,1.41154713e+02,2.04214402e+01
2.63200000e+00,-2.74607945e-02,-3.39274586e-01,2.92165340e-02,-6.06101633e-02,-8.30466800e+00,0.00000000e+00,1.47015861e-01,2.24360943e-02,1.44075544e+02,2.19873724e+01
2.63400000e+00,-2.81422603e-02,-3.42184291e-01,2.90972810e-02,-5.84207607e-02,-8.30466800e+00,0.00000000e+00,1.49314243e-01,2.37510486e-02,1.46327958e+02,2.32760276e+01
2.63600000e+00,-2.88294030e-02,-3.44901142e-01,2.89831890e-02,-5.57243244e-02,-8.30466800e+00,0.00000000e+00,1.48107406e-01,2.33362480e-02,1.45145257e+02,2.28695231e+01
2.63800000e+00,-2.95215479e-02,-3.47142571e-01,2.88737226e-02,-5.40194439e-02,-8.30466800e+00,0.00000000e+00,1.43845473e-01,2.15125819e-02,1.40968563e+02,2.10823302e+01
2.64000000e+00,-3.02177269e-02,-3.49014463e-01,2.87668942e-02,-5.26402367e-02,-8.30466800e+00,0.00000000e+00,1.45147681e-01,2.24995530e-02,1.42244728e+02,2.20495620e+01
2.64200000e+00,-3.09174422e-02,-3.50641081e-01,2.86633947e-02,-5.09113451e-02,-8.30466800e+00,0.00000000e+00,1.43819157e-01,2.20979869e-02,1.40942774e+02,2.16560271e+01
2.64400000e+00,-3.16202417e-02,-3.52193373e-01,2.85634477e-02,-4.88840541e-02,-8.30466800e+00,0.00000000e+00,1.49141808e-01,2.29823467e-02,1.46158972e+02,2.25226997e+01
2.64600000e+00,-3.23259914e-02,-3.53409152e-01,2.84675660e-02,-4.72954285e-02,-8.30466800e+00,0.00000000e+00,1.41711404e-01,2.10394836e-02,1.38877175e+02,2.06186939e+01
2.64800000e+00,-3.30336127e-02,-3.54226471e-01,2.83743406e-02,-4.55951131e-02,-8.30466800e+00,0.00000000e+00,1.45604071e-01,2.30830473e-02,1.42691989e+02,2.26213864e+01
2.65000000e+00,-3.37427537e-02,-3.54828444e-01,2.82853994e-02,-4.35740369e-02,-8.30466800e+00,0.00000000e+00,1.42465451e-01,2.15847842e-02,1.39616142e+02,2.11530885e+01
2.65200000e+00,-3.44527170e-02,-3.55116288e-01,2.81999066e-02,-4.17596843e-02,-8.30466800e+00,0.00000000e+00,1.44058074e-01,2.25263261e-02,1.41176912e+02,2.20757996e+01
2.65400000e+00,-3.51631482e-02,-3.55298199e-01,2.81190155e-02,-3.89631855e-02,-8.30466800e+00,0.00000000e+00,1.45788699e-01,2.35296788e-02,1.42872925e+02,2.30590852e+01
2.65600000e+00,-3.58737692e-02,-3.55269215e-01,2.80443331e-02,-3.57478639e-02,-8.30466800e+00,0.00000000e+00,1.44930918e-01,2.32974227e-02,1.42032299e+02,2.28314742e+01
2.65800000e+00,-3.65839463e-02,-3.54822154e-01,2.79755603e-02,-3.32280311e-02,-8.30466800e+00,0.00000000e+00,1.41818179e-01,2.19704885e-02,1.38981816e+02,2.15310787e+01
2.66000000e+00,-3.72928307e-02,-3.54034341e-01,2.79112580e-02,-3.09526924e-02,-8.30466800e+00,0.00000000e+00,1.42758371e-01,2.26914898e-02,1.39903204e+02,2.22376600e+01
2.66200000e+00,-3.79999209e-02,-3.53002362e-01,2.78519419e-02,-2.83888106e-02,-8.30466800e+00,0.00000000e+00,1.41888800e-01,2.24903467e-02,1.39051024e+02,2.20405398e+01
2.66400000e+00,-3.87047929e-02,-3.51899569e-01,2.77980213e-02,-2.53472396e-02,-8.30466800e+00,0.00000000e+00,1.46862333e-01,2.36159644e-02,1.43925086e+02,2.31436451e+01
2.66600000e+00,-3.94073281e-02,-3.50510135e-01,2.77503584e-02,-2.25974018e-02,-8.30466800e+00,0.00000000e+00,1.40930911e-01,2.18086711e-02,1.38112292e+02,2.13724977e+01
2.66800000e+00,-4.01065897e-02,-3.48755156e-01,2.77075855e-02,-1.99168531e-02,-8.30466800e+00,0.00000000e+00,1.44035931e-01,2.34084340e-02,1.41155213e+02,2.29402653e+01
2.67000000e+00,-4.08022097e-02,-3.46791706e-01,2.76708796e-02,-1.69533358e-02,-8.30466800e+00,0.00000000e+00,1.41745757e-01,2.23489087e-02,1.38910842e+02,2.19019305e+01
2.67200000e+00,-4.14935494e-02,-3.44517525e-01,2.76395891e-02,-1.42643770e-02,-8.30466800e+00,0.00000000e+00,1.42427719e-01,2.27863670e-02,1.39579164e+02,2.23306396e+01
2.67400000e+00,-4.21801615e-02,-3.42065868e-01,2.76141108e-02,-1.11423629e-02,-8.30466800e+00,0.00000000e+00,1.43213506e-01,2.32202497e-02,1.40349236e+02,2.27558447e+01
2.67600000e+00,-4.28616580e-02,-3.39381993e-01,2.75951251e-02,-7.86215310e-03,-8.30466800e+00,0.00000000e+00,1.42575381e-01,2.30899510e-02,1.39723874e+02,2.26281520e+01
2.67800000e+00,-4.35374708e-02,-3.36370150e-01,2.75824350e-02,-4.92271126e-03,-8.30466800e+00,0.00000000e+00,1.41078632e-01,2.24856101e-02,1.38257059e+02,2.20358979e+01
2.68000000e+00,-4.42069650e-02,-3.33097898e-01,2.75754343e-02,-1.98321796e-03,-8.30466800e+00,0.00000000e+00,1.41968863e-01,2.30788969e-02,1.39129486e+02,2.26173190e+01
2.68200000e+00,-4.48697225e-02,-3.29615896e-01,2.75746542e-02,1.18429017e-03,-8.30466800e+00,0.00000000e+00,1.41601604e-01,2.29617985e-02,1.38769572e+02,2.25025625e+01
2.68400000e+00,-4.55253519e-02,-3.26018787e-01,2.75804097e-02,4.70902579e-03,-8.30466800e+00,0.00000000e+00,1.44645897e-01,2.38355576e-02,1.41752979e+02,2.33588465e+01
2.68600000e+00,-4.61736407e-02,-3.22186176e-01,2.75933349e-02,8.00080399e-03,-8.30466800e+00,0.00000000e+00,1.41406003e-01,2.24898537e-02,1.38577883e+02,2.20400566e+01
2.68800000e+00,-4.68139164e-02,-3.18083271e-01,2.76123335e-02,1.11734398e-02,-8.30466800e+00,0.00000000e+00,1.43573299e-01,2.36113950e-02,1.40701833e+02,2.31391671e+01
2.69000000e+00,-4.74458359e-02,-3.13773619e-01,2.76381120e-02,1.44710831e-02,-8.30466800e+00,0.00000000e+00,1.41750756e-01,2.27876707e-02,1.38915740e+02,2.23319173e+01
2.69200000e+00,-4.80688149e-02,-3.09170054e-01,2.76699640e-02,1.73879908e-02,-8.30466800e+00,0.00000000e+00,1.41809511e-01,2.28565454e-02,1.38973321e+02,2.23994145e+01
2.69400000e+00,-4.86823777e-02,-3.04358850e-01,2.77077049e-02,2.03663445e-02,-8.30466800e+00,0.00000000e+00,1.41926958e-01,2.29693514e-02,1.39088419e+02,2.25099643e+01
2.69600000e+00,-4.92861312e-02,-2.99369032e-01,2.77515575e-02,2.35369438e-02,-8.30466800e+00,0.00000000e+00,1.42584638e-01,2.33214422e-02,1.39732946e+02,2.28550134e+01
2.69800000e+00,-4.98797091e-02,-2.94162119e-01,2.78018026e-02,2.66324017e-02,-8.30466800e+00,0.00000000e+00,1.41720620e-01,2.28821140e-02,1.38886208e+02,2.24244717e+01
2.70000000e+00,-5.04626335e-02,-2.88735971e-01,2.78580079e-02,2.96090172e-02,-8.30466800e+00,0.00000000e+00,1.42242288e-01,2.31510848e-02,1.39397442e+02,2.26880631e+01
2.70200000e+00,-5.10345311e-02,-2.83127059e-01,2.79202663e-02,3.26271066e-02,-8.30466800e+00,0.00000000e+00,1.42141252e-01,2.30568675e-02,1.39298427e+02,2.25957302e+01
2.70400000e+00,-5.15950051e-02,-2.77313206e-01,2.79885885e-02,3.57533573e-02,-8.30466800e+00,0.00000000e+00,1.42052215e-01,2.34744663e-02,1.39211171e+02,2.30049769e+01
2.70600000e+00,-5.21436687e-02,-2.71326566e-01,2.80632050e-02,3.87675521e-02,-8.30466800e+00,0.00000000e+00,1.42606908e-01,2.29269878e-02,1.39754770e+02,2.24684480e+01
2.70800000e+00,-5.26802353e-02,-2.65225874e-01,2.81436329e-02,4.17430828e-02,-8.30466800e+00,0.00000000e+00,1.43792109e-01,2.35070265e-02,1.40916267e+02,2.30368859e+01
2.71000000e+00,-5.32044621e-02,-2.58959927e-01,2.82301954e-02,4.47457735e-02,-8.30466800e+00,0.00000000e+00,1.43050152e-01,2.31064019e-02,1.40189149e+02,2.26442738e+01
2.71200000e+00,-5.37159411e-02,-2.52493039e-01,2.83224619e-02,4.75173609e-02,-8.30466800e+00,0.00000000e+00,1.43298284e-01,2.31526169e-02,1.40432318e+02,2.26895646e+01
2.71400000e+00,-5.42143228e-02,-2.45859098e-01,2.84201974e-02,5.01876850e-02,-8.30466800e+00,0.00000000e+00,1.43241922e-01,2.30323697e-02,1.40377084e+02,2.25717223e+01
2.71600000e+00,-5.46992869e-02,-2.39089351e-01,2.85232250e-02,5.28765413e-02,-8.30466800e+00,0.00000000e+00,1.44111328e-01,2.33376160e-02,1.41229102e+02,2.28708636e+01
2.71800000e+00,-5.51705826e-02,-2.32173151e-01,2.86316713e-02,5.55171156e-02,-8.30466800e+00,0.00000000e+00,1.43695115e-01,2.30848497e-02,1.40821213e+02,2.26231527e+01
2.72000000e+00,-5.56278597e-02,-2.25077219e-01,2.87451515e-02,5.79447068e-02,-8.30466800e+00,0.00000000e+00,1.43673199e-01,2.30516803e-02,1.40799735e+02,2.25906467e+01
2.72200000e+00,-5.60707946e-02,-2.17835998e-01,2.88634220e-02,6.03301188e-02,-8.30466800e+00,0.00000000e+00,1.43945350e-01,2.31643016e-02,1.41066443e+02,2.27010156e+01
2.72400000e+00,-5.64989997e-02,-2.10288811e-01,2.89862833e-02,6.24325906e-02,-8.30466800e+00,0.00000000e+00,1.40049616e-01,2.26324060e-02,1.37248623e+02,2.21797579e+01
2.72600000e+00,-5.69119172e-02,-2.02692592e-01,2.91132618e-02,6.46990369e-02,-8.30466800e+00,0.00000000e+00,1.46201617e-01,2.36890196e-02,1.43277585e+02,2.32152392e+01
2.72800000e+00,-5.73098227e-02,-1.95175303e-01,2.92451664e-02,6.70959206e-02,-8.30466800e+00,0.00000000e+00,1.45172757e-01,2.30936063e-02,1.42269302e+02,2.26317342e+01
2.73000000e+00,-5.76925362e-02,-1.87534729e-01,2.93815454e-02,6.93428016e-02,-8.30466800e+00,0.00000000e+00,1.46476121e-01,2.35680983e-02,1.43546599e+02,2.30967363e+01
2.73200000e+00,-5.80599219e-02,-1.79834577e-01,2.95226348e-02,7.17354657e-02,-8.30466800e+00,0.00000000e+00,1.46811002e-01,2.36001803e-02,1.43874782e+02,2.31281767e+01
2.73400000e+00,-5.84117819e-02,-1.71995475e-01,2.96682641e-02,7.37933637e-02,-8.30466800e+00,0.00000000e+00,1.46133451e-01,2.30725848e-02,1.43210782e+02,2.26111331e+01
2.73600000e+00,-5.87478426e-02,-1.64064562e-01,2.98176980e-02,7.56858229e-02,-8.30466800e+00,0.00000000e+00,1.47441322e-01,2.34656469e-02,1.44492496e+02,2.29963339e+01
2.73800000e+00,-5.90680248e-02,-1.56110726e-01,2.99711529e-02,7.77965738e-02,-8.30466800e+00,0.00000000e+00,1.48243978e-01,2.37491505e-02,1.45279098e+02,2.32741675e+01
2.74000000e+00,-5.93722167e-02,-1.48053787e-01,3.01287530e-02,7.97105083e-02,-8.30466800e+00,0.00000000e+00,1.47548049e-01,2.32768529e-02,1.44597088e+02,2.28113159e+01
2.74200000e+00,-5.96601644e-02,-1.39883545e-01,3.02897750e-02,8.12944667e-02,-8.30466800e+00,0.00000000e+00,1.47980287e-01,2.32859081e-02,1.45020681e+02,2.28201899e+01
2.74400000e+00,-5.99314486e-02,-1.31259876e-01,3.04533019e-02,8.19350993e-02,-8.30466800e+00,0.00000000e+00,1.39201866e-01,2.15300375e-02,1.36417828e+02,2.10994368e+01
2.74600000e+00,-6.01852507e-02,-1.22706365e-01,3.06178327e-02,8.30516236e-02,-8.30466800e+00,0.00000000e+00,1.51727118e-01,2.45195800e-02,1.48692576e+02,2.40291884e+01
2.74800000e+00,-6.04224815e-02,-1.14463978e-01,3.07858235e-02,8.46408345e-02,-8.30466800e+00,0.00000000e+00,1.48441985e-01,2.27614238e-02,1.45473145e+02,2.23061953e+01
2.75000000e+00,-6.06430371e-02,-1.06117309e-01,3.09561072e-02,8.57968128e-02,-8.30466800e+00,0.00000000e+00,1.51124936e-01,2.38530776e-02,1.48102437e+02,2.33760160e+01
2.75200000e+00,-6.08469968e-02,-9.78397221e-02,3.11293124e-02,8.74052461e-02,-8.30466800e+00,0.00000000e+00,1.51755022e-01,2.39579057e-02,1.48719921e+02,2.34787476e+01
2.75400000e+00,-6.10343393e-02,-8.94770294e-02,3.13054256e-02,8.85598952e-02,-8.30466800e+00,0.00000000e+00,1.50699584e-01,2.31516426e-02,1.47685592e+02,2.26886098e+01
2.75600000e+00,-6.12048606e-02,-8.10479069e-02,3.14833049e-02,8.93439362e-02,-8.30466800e+00,0.00000000e+00,1.51629168e-01,2.34338019e-02,1.48596584e+02,2.29651258e+01
2.75800000e+00,-6.13585706e-02,-7.26783556e-02,3.16629798e-02,9.03956066e-02,-8.30466800e+00,0.00000000e+00,1.53380606e-01,2.39696726e-02,1.50312994e+02,2.34902791e+01
2.76000000e+00,-6.14955720e-02,-6.43057540e-02,3.18448200e-02,9.13462748e-02,-8.30466800e+00,0.00000000e+00,1.52710373e-01,2.34811419e-02,1.49656165e+02,2.30115190e+01
2.76200000e+00,-6.16157580e-02,-5.58797479e-02,3.20280798e-02,9.18692402e-02,-8.30466800e+00,0.00000000e+00,1.53148185e-01,2.33334917e-02,1.50085221e+02,2.28668219e+01
2.76400000e+00,-6.17187126e-02,-4.68861248e-02,3.22113001e-02,9.08970893e-02,-8.30466800e+00,0.00000000e+00,1.40323053e-01,2.06048455e-02,1.37516592e+02,2.01927486e+01
2.76600000e+00,-6.18034261e-02,-3.80779321e-02,3.23921792e-02,9.06912831e-02,-8.30466800e+00,0.00000000e+00,1.58209714e-01,2.52008226e-02,1.55045520e+02,2.46968062e+01
2.76800000e+00,-6.18713759e-02,-2.97971013e-02,3.25746396e-02,9.13471279e-02,-8.30466800e+00,0.00000000e+00,1.53234290e-01,2.26736699e-02,1.50169604e+02,2.22201965e+01
2.77000000e+00,-6.19225554e-02,-2.14276136e-02,3.27571097e-02,9.13160030e-02,-8.30466800e+00,0.00000000e+00,1.56590173e-01,2.40196354e-02,1.53458370e+02,2.35392427e+01
2.77200000e+00,-6.19571738e-02,-1.31893238e-02,3.29402019e-02,9.17323334e-02,-8.30466800e+00,0.00000000e+00,1.56616257e-01,2.38742516e-02,1.53483932e+02,2.33967666e+01
2.77400000e+00,-6.19752911e-02,-4.91858494e-03,3.31236858e-02,9.16189150e-02,-8.30466800e+00,0.00000000e+00,1.56013540e-01,2.31698039e-02,1.52893269e+02,2.27064078e+01
2.77600000e+00,-6.19768515e-02,3.34708806e-03,3.33063980e-02,9.10861429e-02,-8.30466800e+00,0.00000000e+00,1.56781154e-01,2.32552596e-02,1.53645531e+02,2.27901544e+01
2.77800000e+00,-6.19619659e-02,1.15180813e-02,3.34881334e-02,9.07078063e-02,-8.30466800e+00,0.00000000e+00,1.58137873e-01,2.37537644e-02,1.54975116e+02,2.32786891e+01
2.78000000e+00,-6.19308099e-02,1.96430627e-02,3.36691065e-02,9.01454460e-02,-8.30466800e+00,0.00000000e+00,1.57635136e-01,2.31277075e-02,1.54482433e+02,2.26651533e+01
2.78200000e+00,-6.18834115e-02,2.77413023e-02,3.38484555e-02,8.91936827e-02,-8.30466800e+00,0.00000000e+00,1.58408945e-01,2.31930041e-02,1.55240766e+02,2.27291440e+01
2.78400000e+00,-6.18194250e-02,3.64690333e-02,3.40247485e-02,8.65431291e-02,-8.30466800e+00,0.00000000e+00,1.42437962e-01,1.98146463e-02,1.39589202e+02,1.94183534e+01
2.78600000e+00,-6.17377132e-02,4.49300122e-02,3.41952730e-02,8.48597537e-02,-8.30466800e+00,0.00000000e+00,1.64011011e-01,2.54677643e-02,1.60730791e+02,2.49584090e+01
2.78800000e+00,-6.16401439e-02,5.27324976e-02,3.43648197e-02,8.41246236e-02,-8.30466800e+00,0.00000000e+00,1.57060191e-01,2.20472950e-02,1.53918987e+02,2.16063491e+01
2.79000000e+00,-6.15267395e-02,6.06005565e-02,3.45312425e-02,8.25959421e-02,-8.30466800e+00,0.00000000e+00,1.61585384e-01,2.40405909e-02,1.58353677e+02,2.35597791e+01
2.79200000e+00,-6.13979061e-02,6.82219396e-02,3.46956342e-02,8.17134300e-02,-8.30466800e+00,0.00000000e+00,1.61803804e-01,2.36387775e-02,1.58567727e+02,2.31660019e+01
2.79400000e+00,-6.12538804e-02,7.58003006e-02,3.48577328e-02,8.02857962e-02,-8.30466800e+00,0.00000000e+00,1.61445924e-01,2.31284912e-02,1.58217006e+02,2.26659213e+01
2.79600000e+00,-6.10947688e-02,8.32828959e-02,3.50166327e-02,7.86410545e-02,-8.30466800e+00,0.00000000e+00,1.62773378e-01,2.34107498e-02,1.59517910e+02,2.29425349e+01
2.79800000e+00,-6.09208585e-02,9.06009349e-02,3.51724054e-02,7.71589001e-02,-8.30466800e+00,0.00000000e+00,1.63901473e-01,2.36929107e-02,1.60623444e+02,2.32190525e+01
2.80000000e+00,-6.07324291e-02,9.78229222e-02,3.53251015e-02,7.54265613e-02,-8.30466800e+00,0.00000000e+00,1.63509150e-01,2.31044115e-02,1.60238967e+02,2.26423233e+01
2.80200000e+00,-6.05296247e-02,1.04958198e-01,3.54738726e-02,7.33356790e-02,-8.30466800e+00,0.00000000e+00,1.64301374e-01,2.31537074e-02,1.61015346e+02,2.26906333e+01
2.80400000e+00,-6.03121271e-02,1.12797284e-01,3.56170659e-02,6.91777264e-02,-8.30466800e+00,0.00000000e+00,1.45318405e-01,1.89716095e-02,1.42412037e+02,1.85921773e+01
2.80600000e+00,-6.00786519e-02,1.20311894e-01,3.57513439e-02,6.61600092e-02,-8.30466800e+00,0.00000000e+00,1.70009772e-01,2.57405530e-02,1.66609576e+02,2.52257419e+01
2.80800000e+00,-5.98314077e-02,1.27034267e-01,3.58825042e-02,6.43398042e-02,-8.30466800e+00,0.00000000e+00,1.61839586e-01,2.16730347e-02,1.58602794e+02,2.12395740e+01
2.81000000e+00,-5.95704852e-02,1.33800985e-01,3.60080307e-02,6.15109548e-02,-8.30466800e+00,0.00000000e+00,1.66871555e-01,2.38040175e-02,1.63534124e+02,2.33279371e+01
2.81200000e+00,-5.92964027e-02,1.40269210e-01,3.61289888e-02,5.93431547e-02,-8.30466800e+00,0.00000000e+00,1.66603588e-01,2.32342179e-02,1.63271516e+02,2.27695335e+01
2.81400000e+00,-5.90094722e-02,1.46641718e-01,3.62451247e-02,5.67575666e-02,-8.30466800e+00,0.00000000e+00,1.66792040e-01,2.30940292e-02,1.63456199e+02,2.26321486e+01
2.81600000e+00,-5.87099651e-02,1.52820327e-01,3.63561143e-02,5.43148747e-02,-8.30466800e+00,0.00000000e+00,1.68714919e-01,2.36937444e-02,1.65340621e+02,2.32198695e+01
2.81800000e+00,-5.83983296e-02,1.58790975e-01,3.64624630e-02,5.19903397e-02,-8.30466800e+00,0.00000000e+00,1.69132046e-01,2.34948987e-02,1.65749405e+02,2.30250007e+01
2.82000000e+00,-5.80748790e-02,1.64644917e-01,3.65638188e-02,4.92804923e-02,-8.30466800e+00,0.00000000e+00,1.68825572e-01,2.30308385e-02,1.65449060e+02,2.25702218e+01
2.82200000e+00,-5.77398309e-02,1.70377301e-01,3.66593981e-02,4.62904382e-02,-8.30466800e+00,0.00000000e+00,1.69260966e-01,2.30445034e-02,1.65875747e+02,2.25836133e+01
2.82400000e+00,-5.73928754e-02,1.76851204e-01,3.67475061e-02,4.10890546e-02,-8.30466800e+00,0.00000000e+00,1.48691230e-01,1.85169488e-02,1.45717405e+02,1.81466098e+01
2.82600000e+00,-5.70326875e-02,1.82933122e-01,3.68246130e-02,3.71752501e-02,-8.30466800e+00,0.00000000e+00,1.75506796e-01,2.58593564e-02,1.71996660e+02,2.53421693e+01
2.82800000e+00,-5.66617201e-02,1.88149307e-01,3.68971007e-02,3.46019059e-02,-8.30466800e+00,0.00000000e+00,1.65913627e-01,2.14348911e-02,1.62595355e+02,2.10061933e+01
2.83000000e+00,-5.62800402e-02,1.93440594e-01,3.69622508e-02,3.08738873e-02,-8.30466800e+00,0.00000000e+00,1.70658071e-01,2.35304192e-02,1.67244909e+02,2.30598108e+01
2.83200000e+00,-5.58881572e-02,1.98432750e-01,3.70209693e-02,2.77054676e-02,-8.30466800e+00,0.00000000e+00,1.69724893e-01,2.26946099e-02,1.66330395e+02,2.22407177e+01
2.83400000e+00,-5.54863737e-02,2.03328186e-01,3.70727061e-02,2.39872474e-02,-8.30466800e+00,0.00000000e+00,1.69658364e-01,2.24517967e-02,1.66265197e+02,2.20027607e+01
2.83600000e+00,-5.50749986e-02,2.07992374e-01,3.71170501e-02,2.04666593e-02,-8.30466800e+00,0.00000000e+00,1.71789665e-01,2.31742704e-02,1.68353872e+02,2.27107850e+01
2.83800000e+00,-5.46545624e-02,2.12419205e-01,3.71547113e-02,1.71539035e-02,-8.30466800e+00,0.00000000e+00,1.71790774e-01,2.29431743e-02,1.68354959e+02,2.24843108e+01
2.84000000e+00,-5.42254336e-02,2.16678406e-01,3.71855343e-02,1.36440709e-02,-8.30466800e+00,0.00000000e+00,1.72221177e-01,2.28060611e-02,1.68776754e+02,2.23499399e+01
2.84200000e+00,-5.37879764e-02,2.20746245e-01,3.72092440e-02,1.00688700e-02,-8.30466800e+00,0.00000000e+00,1.72708035e-01,2.28412976e-02,1.69253874e+02,2.23844717e+01
2.84400000e+00,-5.33419451e-02,2.25569231e-01,3.72241760e-02,4.04344679e-03,-8.30466800e+00,0.00000000e+00,1.50952871e-01,1.76864974e-02,1.47933814e+02,1.73327675e+01
2.84600000e+00,-5.28859653e-02,2.29993566e-01,3.72263395e-02,-5.99910890e-04,-8.30466800e+00,0.00000000e+00,1.78320904e-01,2.57477633e-02,1.74754486e+02,2.52328080e+01
2.84800000e+00,-5.24226118e-02,2.33456519e-01,3.72229846e-02,-3.43092240e-03,-8.30466800e+00,0.00000000e+00,1.69649090e-01,2.14867017e-02,1.66256108e+02,2.10569677e+01
2.85000000e+00,-5.19521107e-02,2.36962221e-01,3.72118295e-02,-7.44140364e-03,-8.30466800e+00,0.00000000e+00,1.73495795e-01,2.32578710e-02,1.70025879e+02,2.27927136e+01
2.85200000e+00,-5.14749682e-02,2.40159947e-01,3.71936116e-02,-1.08629362e-02,-8.30466800e+00,0.00000000e+00,1.72963758e-01,2.26982417e-02,1.69504483e+02,2.22442769e+01
2.85400000e+00,-5.09915529e-02,2.43234733e-01,3.71681014e-02,-1.46989072e-02,-8.30466800e+00,0.00000000e+00,1.72434975e-01,2.23530654e-02,1.68986275e+02,2.19060041e+01
2.85600000e+00,-5.05021833e-02,2.46078495e-01,3.71349532e-02,-1.83291444e-02,-8.30466800e+00,0.00000000e+00,1.74379150e-01,2.30842537e-02,1.70891567e+02,2.26225686e+01
2.85800000e+00,-5.00073861e-02,2.48701480e-01,3.70948501e-02,-2.18614152e-02,-8.30466800e+00,0.00000000e+00,1.73565579e-01,2.25028127e-02,1.70094267e+02,2.20527564e+01
2.86000000e+00,-4.95074984e-02,2.51143041e-01,3.70473968e-02,-2.55597389e-02,-8.30466800e+00,0.00000000e+00,1.74547957e-01,2.26694408e-02,1.71056997e+02,2.22160520e+01
2.86200000e+00,-4.90029425e-02,2.53391664e-01,3.69925472e-02,-2.93540512e-02,-8.30466800e+00,0.00000000e+00,1.73964477e-01,2.22244983e-02,1.70485187e+02,2.17800083e+01
2.86400000e+00,-4.84934299e-02,2.56392939e-01,3.69282574e-02,-3.57327656e-02,-8.30466800e+00,0.00000000e+00,1.52812330e-01,1.71552128e-02,1.49756084e+02,1.68121085e+01
2.86600000e+00,-4.79776148e-02,2.59028237e-01,3.68504332e-02,-4.08862611e-02,-8.30466800e+00,0.00000000e+00,1.78318018e-01,2.46876524e-02,1.74751658e+02,2.41938994e+01
2.86800000e+00,-4.74579359e-02,2.60735133e-01,3.67659787e-02,-4.41402721e-02,-8.30466800e+00,0.00000000e+00,1.70270967e-01,2.10226790e-02,1.66865548e+02,2.06022254e+01
2.87000000e+00,-4.69346712e-02,2.62446657e-01,3.66733079e-02,-4.82405889e-02,-8.30466800e+00,0.00000000e+00,1.73945641e-01,2.27806603e-02,1.70466728e+02,2.23250471e+01
2.87200000e+00,-4.64083852e-02,2.63804336e-01,3.65736116e-02,-5.14480967e-02,-8.30466800e+00,0.00000000e+00,1.74248870e-01,2.27555754e-02,1.70763892e+02,2.23004639e+01
2.87400000e+00,-4.58795485e-02,2.65020092e-01,3.64673209e-02,-5.49474899e-02,-8.30466800e+00,0.00000000e+00,1.72949966e-01,2.20175341e-02,1.69490967e+02,2.15771834e+01
2.87600000e+00,-4.53484384e-02,2.66035498e-01,3.63538559e-02,-5.83955781e-02,-8.30466800e+00,0.00000000e+00,1.74599295e-01,2.27026289e-02,1.71107309e+02,2.22485764e+01
2.87800000e+00,-4.48155578e-02,2.66823974e-01,3.62338905e-02,-6.16157890e-02,-8.30466800e+00,0.00000000e+00,1.73905986e-01,2.23257653e-02,1.70427866e+02,2.18792500e+01
2.88000000e+00,-4.42812636e-02,2.67430876e-01,3.61073830e-02,-6.48505252e-02,-8.30466800e+00,0.00000000e+00,1.74483252e-01,2.24927526e-02,1.70993587e+02,2.20428976e+01
2.88200000e+00,-4.37459544e-02,2.67857514e-01,3.59744343e-02,-6.81662734e-02,-8.30466800e+00,0.00000000e+00,1.73750232e-01,2.19671197e-02,1.70275227e+02,2.15277773e+01
2.88400000e+00,-4.32093863e-02,2.68954852e-01,3.58330442e-02,-7.39922750e-02,-8.30466800e+00,0.00000000e+00,1.54434116e-01,1.70238057e-02,1.51345434e+02,1.66833296e+01
2.88600000e+00,-4.26703399e-02,2.69744922e-01,3.56791727e-02,-7.87574977e-02,-8.30466800e+00,0.00000000e+00,1.76534517e-01,2.39762825e-02,1.73003827e+02,2.34967568e+01
2.88800000e+00,-4.21309790e-02,2.69676462e-01,3.55193692e-02,-8.14902674e-02,-8.30466800e+00,0.00000000e+00,1.70092214e-01,2.10625708e-02,1.66690370e+02,2.06413194e+01
2.89000000e+00,-4.15916632e-02,2.69564374e-01,3.53528615e-02,-8.47481967e-02,-8.30466800e+00,0.00000000e+00,1.73151243e-01,2.26375431e-02,1.69688218e+02,2.21847923e+01
2.89200000e+00,-4.10529418e-02,2.69121899e-01,3.51809603e-02,-8.71303086e-02,-8.30466800e+00,0.00000000e+00,1.73413110e-01,2.26563215e-02,1.69944848e+02,2.22031951e+01
2.89400000e+00,-4.05152776e-02,2.68526409e-01,3.50042592e-02,-8.96340267e-02,-8.30466800e+00,0.00000000e+00,1.72335343e-01,2.21308573e-02,1.68888637e+02,2.16882402e+01
2.89600000e+00,-3.99789299e-02,2.67790308e-01,3.48223338e-02,-9.22734421e-02,-8.30466800e+00,0.00000000e+00,1.72317581e-01,2.21126838e-02,1.68871229e+02,2.16704301e+01
2.89800000e+00,-3.94442423e-02,2.66865277e-01,3.46352911e-02,-9.47243546e-02,-8.30466800e+00,0.00000000e+00,1.72381694e-01,2.22603402e-02,1.68934060e+02,2.18151334e+01
2.90000000e+00,-3.89115804e-02,2.65772897e-01,3.44434898e-02,-9.70951148e-02,-8.30466800e+00,0.00000000e+00,1.71875458e-01,2.20078818e-02,1.68437949e+02,2.15677242e+01
2.90200000e+00,-3.83812317e-02,2.64559081e-01,3.42467918e-02,-9.96441814e-02,-8.30466800e+00,0.00000000e+00,1.70885082e-01,2.16061014e-02,1.67467381e+02,2.11739793e+01
2.90400000e+00,-3.78529933e-02,2.63871327e-01,3.40434983e-02,-1.04315062e-01,-8.30466800e+00,0.00000000e+00,1.55267034e-01,1.72654060e-02,1.52161693e+02,1.69200979e+01
2.90600000e+00,-3.73259068e-02,2.62942972e-01,3.38300844e-02,-1.08156873e-01,-8.30466800e+00,0.00000000e+00,1.72201844e-01,2.30433954e-02,1.68757807e+02,2.25825275e+01
2.90800000e+00,-3.68016939e-02,2.61305879e-01,3.36121344e-02,-1.10103318e-01,-8.30466800e+00,0.00000000e+00,1.67542268e-01,2.09330941e-02,1.64191422e+02,2.05144323e+01
2.91000000e+00,-3.62807276e-02,2.59602331e-01,3.33894743e-02,-1.12345074e-01,-8.30466800e+00,0.00000000e+00,1.69495209e-01,2.21064510e-02,1.66105305e+02,2.16643219e+01
2.91200000e+00,-3.57634762e-02,2.57611421e-01,3.31633433e-02,-1.13703214e-01,-8.30466800e+00,0.00000000e+00,1.70026724e-01,2.24653505e-02,1.66626190e+02,2.20160435e+01
2.91400000e+00,-3.52503885e-02,2.55460588e-01,3.29347610e-02,-1.14911967e-01,-8.30466800e+00,0.00000000e+00,1.69035001e-01,2.20939473e-02,1.65654301e+02,2.16520684e+01
2.91600000e+00,-3.47417016e-02,2.53208182e-01,3.27035889e-02,-1.16280470e-01,-8.30466800e+00,0.00000000e+00,1.68238559e-01,2.18003407e-02,1.64873788e+02,2.13643339e+01
2.91800000e+00,-3.42376630e-02,2.50794976e-01,3.24697882e-02,-1.17425418e-01,-8.30466800e+00,0.00000000e+00,1.68668154e-01,2.22296929e-02,1.65294791e+02,2.17850990e+01
2.92000000e+00,-3.37386281e-02,2.48222145e-01,3.22340613e-02,-1.18309291e-01,-8.30466800e+00,0.00000000e+00,1.67884395e-01,2.20119441e-02,1.64526707e+02,2.15717053e+01
2.92200000e+00,-3.32448458e-02,2.45542270e-01,3.19965041e-02,-1.19263498e-01,-8.30466800e+00,0.00000000e+00,1.67127743e-01,2.17430750e-02,1.63785188e+02,2.13082135e+01
2.92400000e+00,-3.27562980e-02,2.43103834e-01,3.17560813e-02,-1.21606505e-01,-8.30466800e+00,0.00000000e+00,1.58244112e-01,1.87541664e-02,1.55079230e+02,1.83790830e+01
2.92600000e+00,-3.22725309e-02,2.40514757e-01,3.15103987e-02,-1.23468797e-01,-8.30466800e+00,0.00000000e+00,1.66688737e-01,2.24021270e-02,1.63354962e+02,2.19540845e+01
2.92800000e+00,-3.17945062e-02,2.37524952e-01,3.12630937e-02,-1.23999649e-01,-8.30466800e+00,0.00000000e+00,1.63693551e-01,2.11957185e-02,1.60419680e+02,2.07718041e+01
2.93000000e+00,-3.13224819e-02,2.34458865e-01,3.10143523e-02,-1.24602349e-01,-8.30466800e+00,0.00000000e+00,1.64605655e-01,2.18962772e-02,1.61313542e+02,2.14583516e+01
2.93200000e+00,-3.08568156e-02,2.31175430e-01,3.07651533e-02,-1.24501674e-01,-8.30466800e+00,0.00000000e+00,1.64957735e-01,2.23161013e-02,1.61658580e+02,2.18697793e+01
2.93400000e+00,-3.03978650e-02,2.27764856e-01,3.05164914e-02,-1.24182316e-01,-8.30466800e+00,0.00000000e+00,1.63816160e-01,2.19999232e-02,1.60539836e+02,2.15599247e+01
2.93600000e+00,-2.99457890e-02,2.24305074e-01,3.02682761e-02,-1.24084862e-01,-8.30466800e+00,0.00000000e+00,1.62403088e-01,2.14956704e-02,1.59155026e+02,2.10657570e+01
2.93800000e+00,-2.95007184e-02,2.20734722e-01,3.00202603e-02,-1.23824823e-01,-8.30466800e+00,0.00000000e+00,1.62752225e-01,2.19868192e-02,1.59497180e+02,2.15470828e+01
2.94000000e+00,-2.90629325e-02,2.17040774e-01,2.97731612e-02,-1.23288163e-01,-8.30466800e+00,0.00000000e+00,1.61702366e-01,2.17230730e-02,1.58468318e+02,2.12886116e+01
2.94200000e+00,-2.86326041e-02,2.13273670e-01,2.95271080e-02,-1.22751025e-01,-8.30466800e+00,0.00000000e+00,1.60933501e-01,2.16361063e-02,1.57714831e+02,2.12033842e+01
2.94400000e+00,-2.82098724e-02,2.09454719e-01,2.92819540e-02,-1.22518547e-01,-8.30466800e+00,0.00000000e+00,1.59447443e-01,2.07332282e-02,1.56258494e+02,2.03185636e+01
2.94600000e+00,-2.77948453e-02,2.05545598e-01,2.90372455e-02,-1.21968527e-01,-8.30466800e+00,0.00000000e+00,1.59636718e-01,2.19529075e-02,1.56443983e+02,2.15138494e+01
2.94800000e+00,-2.73877533e-02,2.01541518e-01,2.87944483e-02,-1.20865979e-01,-8.30466800e+00,0.00000000e+00,1.58326860e-01,2.15456698e-02,1.55160323e+02,2.11147565e+01
2.95000000e+00,-2.69887242e-02,1.97469979e-01,2.85538132e-02,-1.19716159e-01,-8.30466800e+00,0.00000000e+00,1.57939140e-01,2.17079181e-02,1.54780357e+02,2.12737598e+01
2.95200000e+00,-2.65979515e-02,1.93281331e-01,2.83158313e-02,-1.18194838e-01,-8.30466800e+00,0.00000000e+00,1.57856377e-01,2.19848859e-02,1.54699250e+02,2.15451881e+01
2.95400000e+00,-2.62156643e-02,1.88994595e-01,2.80812100e-02,-1.16409309e-01,-8.30466800e+00,0.00000000e+00,1.57093036e-01,2.19265948e-02,1.53951175e+02,2.14880629e+01
2.95600000e+00,-2.58419949e-02,1.84675192e-01,2.78501512e-02,-1.14688112e-01,-8.30466800e+00,0.00000000e+00,1.55551723e-01,2.15190505e-02,1.52440688e+02,2.10886695e+01
2.95800000e+00,-2.54769979e-02,1.80304173e-01,2.76225046e-02,-1.12896292e-01,-8.30466800e+00,0.00000000e+00,1.55301836e-01,2.17489179e-02,1.52195799e+02,2.13139395e+01
2.96000000e+00,-2.51208290e-02,1.75856938e-01,2.73987194e-02,-1.10874398e-01,-8.30466800e+00,0.00000000e+00,1.54407073e-01,2.16814637e-02,1.51318932e+02,2.12478344e+01
2.96200000e+00,-2.47736075e-02,1.71353682e-01,2.71790927e-02,-1.08723999e-01,-8.30466800e+00,0.00000000e+00,1.53758078e-01,2.17040319e-02,1.50682916e+02,2.12699513e+01
2.96400000e+00,-2.44356589e-02,1.66483512e-01,2.69644130e-02,-1.05689374e-01,-8.30466800e+00,0.00000000e+00,1.60202711e-01,2.32296388e-02,1.56998657e+02,2.27650461e+01
2.96600000e+00,-2.41076970e-02,1.61578026e-01,2.67563798e-02,-1.02587767e-01,-8.30466800e+00,0.00000000e+00,1.51885657e-01,2.15460725e-02,1.48847944e+02,2.11151511e+01
2.96800000e+00,-2.37891827e-02,1.56918689e-01,2.65537194e-02,-9.99999215e-02,-8.30466800e+00,0.00000000e+00,1.51831778e-01,2.18607110e-02,1.48795143e+02,2.14234968e+01
2.97000000e+00,-2.34800699e-02,1.52187968e-01,2.63565635e-02,-9.71370231e-02,-8.30466800e+00,0.00000000e+00,1.51011076e-01,2.18405968e-02,1.47990855e+02,2.14037849e+01
2.97200000e+00,-2.31804558e-02,1.47419716e-01,2.61652487e-02,-9.41580313e-02,-8.30466800e+00,0.00000000e+00,1.50243491e-01,2.18298764e-02,1.47238621e+02,2.13932788e+01
2.97400000e+00,-2.28904390e-02,1.42579475e-01,2.59801380e-02,-9.08691484e-02,-8.30466800e+00,0.00000000e+00,1.50306107e-01,2.22253066e-02,1.47299985e+02,2.17808005e+01
2.97600000e+00,-2.26101696e-02,1.37691717e-01,2.58019027e-02,-8.73843529e-02,-8.30466800e+00,0.00000000e+00,1.49045970e-01,2.19850455e-02,1.46065050e+02,2.15453446e+01
2.97800000e+00,-2.23396674e-02,1.32811072e-01,2.56305457e-02,-8.39818356e-02,-8.30466800e+00,0.00000000e+00,1.47911811e-01,2.18064164e-02,1.44953575e+02,2.13702881e+01
2.98000000e+00,-2.20789310e-02,1.27921881e-01,2.54660035e-02,-8.05371809e-02,-8.30466800e+00,0.00000000e+00,1.47097226e-01,2.18370350e-02,1.44155282e+02,2.14002943e+01
2.98200000e+00,-2.18279912e-02,1.23015725e-01,2.53084733e-02,-7.69781817e-02,-8.30466800e+00,0.00000000e+00,1.46239759e-01,2.18199359e-02,1.43314963e+02,2.13835372e+01
2.98400000e+00,-2.15873127e-02,1.17442809e-01,2.51593668e-02,-7.15054166e-02,-8.30466800e+00,0.00000000e+00,1.60691072e-01,2.56390435e-02,1.57477251e+02,2.51262627e+01
2.98600000e+00,-2.13582019e-02,1.11896869e-01,2.50223070e-02,-6.62493249e-02,-8.30466800e+00,0.00000000e+00,1.43715521e-01,2.11669096e-02,1.40841211e+02,2.07435714e+01
2.98800000e+00,-2.11393264e-02,1.06949013e-01,2.48933151e-02,-6.25747752e-02,-8.30466800e+00,0.00000000e+00,1.44908634e-01,2.21336791e-02,1.42010461e+02,2.16910055e+01
2.99000000e+00,-2.09304373e-02,1.01954084e-01,2.47721998e-02,-5.86123691e-02,-8.30466800e+00,0.00000000e+00,1.43089821e-01,2.15964520e-02,1.40228025e+02,2.11645229e+01
2.99200000e+00,-2.07314966e-02,9.69793916e-02,2.46588119e-02,-5.47305037e-02,-8.30466800e+00,0.00000000e+00,1.42791486e-01,2.18010754e-02,1.39935656e+02,2.13650539e+01
2.99400000e+00,-2.05425742e-02,9.19229803e-02,2.45536070e-02,-5.03549427e-02,-8.30466800e+00,0.00000000e+00,1.43436593e-01,2.24806899e-02,1.40567861e+02,2.20310761e+01
2.99600000e+00,-2.03638345e-02,8.68218299e-02,2.44576149e-02,-4.56452108e-02,-8.30466800e+00,0.00000000e+00,1.42356976e-01,2.23634432e-02,1.39509836e+02,2.19161743e+01
2.99800000e+00,-2.01952411e-02,8.17893468e-02,2.43708473e-02,-4.12037460e-02,-8.30466800e+00,0.00000000e+00,1.40435135e-01,2.17917972e-02,1.37626433e+02,2.13559613e+01
3.00000000e+00,-2.00366506e-02,7.67966812e-02,2.42927432e-02,-3.68473883e-02,-8.30466800e+00,0.00000000e+00,1.40111570e-01,2.20714695e-02,1.37309339e+02,2.16300402e+01
