t,h,h_dot,alpha,alpha_dot,delta,W_g,C_L,C_M,F_y,M_z
2.00000000e-03,0.00000000e+00,0.00000000e+00,0.00000000e+00,0.00000000e+00,0.00000000e+00,1.05015376e-03,1.26327256e-01,3.00480580e-02,1.23800711e+02,2.94470968e+01
4.00000000e-03,-9.76024003e-06,-9.23401555e-03,2.33284460e-05,2.06775589e-02,0.00000000e+00,4.20047420e-03,8.94943834e-02,1.33799198e-02,8.77044957e+01,1.31123214e+01
6.00000000e-03,-3.65016836e-05,-1.78164645e-02,7.94989318e-05,3.65382586e-02,0.00000000e+00,9.45053882e-03,1.11286401e-01,2.00116598e-02,1.09060673e+02,1.96114266e+01
8.00000000e-03,-8.15454132e-05,-2.71778563e-02,1.70681553e-04,5.41990433e-02,0.00000000e+00,1.67996435e-02,1.08025503e-01,1.72811717e-02,1.05864993e+02,1.69355482e+01
1.00000000e-02,-1.45166538e-04,-3.64693930e-02,2.95096092e-04,7.00614764e-02,0.00000000e+00,2.62468027e-02,1.10135612e-01,1.64081150e-02,1.07932900e+02,1.60799527e+01
1.20000000e-02,-2.27561994e-04,-4.59694291e-02,4.50611863e-04,8.54505510e-02,0.00000000e+00,3.77907494e-02,1.13531597e-01,1.65034738e-02,1.11260965e+02,1.61734044e+01
1.40000000e-02,-3.29184012e-04,-5.56790888e-02,6.36777095e-04,1.00657850e-01,0.00000000e+00,5.14299354e-02,1.15824005e-01,1.62862884e-02,1.13507525e+02,1.59605627e+01
1.60000000e-02,-4.50383558e-04,-6.55465530e-02,8.53048182e-04,1.15572556e-01,0.00000000e+00,6.71625315e-02,1.18168285e-01,1.61921747e-02,1.15804919e+02,1.58683312e+01
1.80000000e-02,-5.91478822e-04,-7.55769052e-02,1.09895967e-03,1.30325804e-01,0.00000000e+00,8.49864278e-02,1.20741237e-01,1.62926622e-02,1.18326412e+02,1.59668090e+01
2.00000000e-02,-7.52795089e-04,-8.57631134e-02,1.37428315e-03,1.44976697e-01,0.00000000e+00,1.04899234e-01,1.23085616e-01,1.63646633e-02,1.20623904e+02,1.60373700e+01
2.20000000e-02,-9.34477485e-04,-9.58686431e-02,1.67844423e-03,1.58994342e-01,0.00000000e+00,1.26898279e-01,1.20297661e-01,1.53921897e-02,1.17891708e+02,1.50843460e+01
2.40000000e-02,-1.13624914e-03,-1.05943389e-01,2.01008466e-03,1.72748182e-01,0.00000000e+00,1.50980613e-01,1.23972439e-01,1.62791357e-02,1.21492990e+02,1.59535530e+01
2.60000000e-02,-1.35834578e-03,-1.16160232e-01,2.36956473e-03,1.86693666e-01,0.00000000e+00,1.77143007e-01,1.25389466e-01,1.63022883e-02,1.22881677e+02,1.59762425e+01
2.80000000e-02,-1.60089520e-03,-1.26384767e-01,2.75660208e-03,2.00253342e-01,0.00000000e+00,2.05381951e-01,1.26090405e-01,1.60166600e-02,1.23568597e+02,1.56963268e+01
3.00000000e-02,-1.86388463e-03,-1.36608974e-01,3.17034498e-03,2.13463381e-01,0.00000000e+00,2.35693658e-01,1.27486939e-01,1.61540616e-02,1.24937200e+02,1.58309804e+01
3.20000000e-02,-2.14733686e-03,-1.46841827e-01,3.61031094e-03,2.26456445e-01,0.00000000e+00,2.68074063e-01,1.28564571e-01,1.61844273e-02,1.25993280e+02,1.58607387e+01
3.40000000e-02,-2.45124045e-03,-1.57057463e-01,4.07597540e-03,2.39156506e-01,0.00000000e+00,3.02518823e-01,1.29523755e-01,1.61990802e-02,1.26933280e+02,1.58750985e+01
3.60000000e-02,-2.77554601e-03,-1.67242054e-01,4.56673216e-03,2.51549402e-01,0.00000000e+00,3.39023320e-01,1.30444945e-01,1.62356895e-02,1.27836046e+02,1.59109757e+01
3.80000000e-02,-3.12017978e-03,-1.77383310e-01,5.08196329e-03,2.63627743e-01,0.00000000e+00,3.77582657e-01,1.31283024e-01,1.62699198e-02,1.28657363e+02,1.59445214e+01
4.00000000e-02,-3.48504043e-03,-1.87466338e-01,5.62101771e-03,2.75367978e-01,0.00000000e+00,4.18191663e-01,1.32021577e-01,1.62912665e-02,1.29381145e+02,1.59654412e+01
4.20000000e-02,-3.86990785e-03,-1.97343451e-01,6.18281975e-03,2.86185174e-01,0.00000000e+00,4.60844891e-01,1.29572536e-01,1.51305179e-02,1.26981085e+02,1.48279076e+01
4.40000000e-02,-4.27431632e-03,-2.07073695e-01,6.76541756e-03,2.96491117e-01,0.00000000e+00,5.05536622e-01,1.31851274e-01,1.60462541e-02,1.29214248e+02,1.57253290e+01
4.60000000e-02,-4.69820177e-03,-2.16802659e-01,7.36891866e-03,3.06998696e-01,0.00000000e+00,5.52260862e-01,1.32963171e-01,1.64116017e-02,1.30303907e+02,1.60833697e+01
4.80000000e-02,-5.14144142e-03,-2.26403327e-01,7.99310924e-03,3.17051689e-01,0.00000000e+00,6.01011345e-01,1.32432287e-01,1.59796198e-02,1.29783641e+02,1.56600274e+01
5.00000000e-02,-5.60370315e-03,-2.35836110e-01,8.63672259e-03,3.26500510e-01,0.00000000e+00,6.51781532e-01,1.32775118e-01,1.60590083e-02,1.30119615e+02,1.57378281e+01
5.20000000e-02,-6.08469107e-03,-2.45126716e-01,9.29885158e-03,3.35559835e-01,0.00000000e+00,7.04564614e-01,1.32998395e-01,1.61042390e-02,1.30338427e+02,1.57821542e+01
5.40000000e-02,-6.58410598e-03,-2.54261283e-01,9.97867803e-03,3.44193351e-01,0.00000000e+00,7.59353513e-01,1.33168353e-01,1.61328650e-02,1.30504986e+02,1.58102077e+01
5.60000000e-02,-7.10162538e-03,-2.63229629e-01,1.06753269e-02,3.52379710e-01,0.00000000e+00,8.16140881e-01,1.33302194e-01,1.61574928e-02,1.30636150e+02,1.58343429e+01
5.80000000e-02,-7.63690664e-03,-2.72021191e-01,1.13878877e-02,3.60102324e-01,0.00000000e+00,8.74919102e-01,1.33371010e-01,1.61742255e-02,1.30703590e+02,1.58507410e+01
6.00000000e-02,-8.18958464e-03,-2.80624504e-01,1.21154182e-02,3.67348050e-01,0.00000000e+00,9.35680293e-01,1.33379726e-01,1.61928412e-02,1.30712131e+02,1.58689844e+01
6.20000000e-02,-8.75919399e-03,-2.88911850e-01,1.28565728e-02,3.73533304e-01,0.00000000e+00,9.98416305e-01,1.30603444e-01,1.50044514e-02,1.27991375e+02,1.47043624e+01
6.40000000e-02,-9.34506755e-03,-2.96952475e-01,1.36091346e-02,3.79093444e-01,0.00000000e+00,1.06311872e+00,1.32364306e-01,1.59535717e-02,1.29717020e+02,1.56345002e+01
6.60000000e-02,-9.94693391e-03,-3.04888135e-01,1.43730375e-02,3.84789958e-01,0.00000000e+00,1.12977887e+00,1.33031372e-01,1.63796561e-02,1.30370744e+02,1.60520629e+01
6.80000000e-02,-1.05644626e-02,-3.12587594e-01,1.51479262e-02,3.89934215e-01,0.00000000e+00,1.19838781e+00,1.31854321e-01,1.58992007e-02,1.29217235e+02,1.55812166e+01
7.00000000e-02,-1.11970994e-02,-3.20009758e-01,1.59322886e-02,3.94349885e-01,0.00000000e+00,1.26893634e+00,1.31685669e-01,1.59690352e-02,1.29051955e+02,1.56496545e+01
7.20000000e-02,-1.18443397e-02,-3.27189063e-01,1.67250053e-02,3.98284846e-01,0.00000000e+00,1.34141500e+00,1.31433453e-01,1.60210032e-02,1.28804784e+02,1.57005831e+01
7.40000000e-02,-1.25056877e-02,-3.34116458e-01,1.75250959e-02,4.01721780e-01,0.00000000e+00,1.41581406e+00,1.31169528e-01,1.60652259e-02,1.28546137e+02,1.57439214e+01
7.60000000e-02,-1.31806315e-02,-3.40782813e-01,1.83315425e-02,4.04633911e-01,0.00000000e+00,1.49212355e+00,1.30815995e-01,1.60702822e-02,1.28199675e+02,1.57488766e+01
7.80000000e-02,-1.38686395e-02,-3.47180048e-01,1.91432715e-02,4.07005991e-01,0.00000000e+00,1.57033324e+00,1.30470987e-01,1.60902662e-02,1.27861567e+02,1.57684609e+01
8.00000000e-02,-1.45691680e-02,-3.53301776e-01,1.99592072e-02,4.08839210e-01,0.00000000e+00,1.65043264e+00,1.30071571e-01,1.61040484e-02,1.27470139e+02,1.57819674e+01
8.20000000e-02,-1.52816057e-02,-3.59062136e-01,2.07779453e-02,4.09648020e-01,0.00000000e+00,1.73241099e+00,1.27818769e-01,1.51092242e-02,1.25262393e+02,1.48070397e+01
8.40000000e-02,-1.60052177e-02,-3.64524156e-01,2.15973697e-02,4.09812563e-01,0.00000000e+00,1.81625732e+00,1.28984802e-01,1.59222864e-02,1.26405106e+02,1.56038407e+01
8.60000000e-02,-1.67395779e-02,-3.69799557e-01,2.24172247e-02,4.10020866e-01,0.00000000e+00,1.90196037e+00,1.29431072e-01,1.63722018e-02,1.26842451e+02,1.60447577e+01
8.80000000e-02,-1.74842161e-02,-3.74775326e-01,2.32370815e-02,4.09671674e-01,0.00000000e+00,1.98950866e+00,1.28041286e-01,1.59234053e-02,1.25480461e+02,1.56049372e+01
9.00000000e-02,-1.82384506e-02,-3.79408205e-01,2.40554118e-02,4.08573106e-01,0.00000000e+00,2.07889043e+00,1.27556578e-01,1.59687148e-02,1.25005446e+02,1.56493405e+01
9.20000000e-02,-1.90016451e-02,-3.83735310e-01,2.48710364e-02,4.06968294e-01,0.00000000e+00,2.17009371e+00,1.27108417e-01,1.60265991e-02,1.24566249e+02,1.57060671e+01
9.40000000e-02,-1.97731862e-02,-3.87753917e-01,2.56829463e-02,4.04855513e-01,0.00000000e+00,2.26310625e+00,1.26629487e-01,1.60631857e-02,1.24096897e+02,1.57419220e+01
9.60000000e-02,-2.05524491e-02,-3.91455055e-01,2.64901031e-02,4.02209770e-01,0.00000000e+00,2.35791560e+00,1.26036016e-01,1.60620343e-02,1.23515296e+02,1.57407936e+01
9.80000000e-02,-2.13387895e-02,-3.94830783e-01,2.72914295e-02,3.99030260e-01,0.00000000e+00,2.45450902e+00,1.25430625e-01,1.60888223e-02,1.22922012e+02,1.57670459e+01
1.00000000e-01,-2.21315544e-02,-3.97879821e-01,2.80858739e-02,3.95325445e-01,0.00000000e+00,2.55287358e+00,1.24861011e-01,1.60958161e-02,1.22363791e+02,1.57738998e+01
1.02000000e-01,-2.29300751e-02,-4.00578444e-01,2.88721757e-02,3.90787381e-01,0.00000000e+00,2.65299607e+00,1.23749649e-01,1.54648940e-02,1.21274656e+02,1.51555962e+01
1.04000000e-01,-2.37336571e-02,-4.02960404e-01,2.96486223e-02,3.85647774e-01,0.00000000e+00,2.75486306e+00,1.24011362e-01,1.59444787e-02,1.21531135e+02,1.56255891e+01
1.06000000e-01,-2.45417476e-02,-4.05088674e-01,3.04147199e-02,3.80437937e-01,0.00000000e+00,2.85846091e+00,1.24409406e-01,1.64140295e-02,1.21921218e+02,1.60857489e+01
1.08000000e-01,-2.53537979e-02,-4.06896101e-01,3.11700722e-02,3.74775299e-01,0.00000000e+00,2.96377570e+00,1.23135423e-01,1.60753761e-02,1.20672715e+02,1.57538685e+01
1.10000000e-01,-2.61690884e-02,-4.08338092e-01,3.19133743e-02,3.68442503e-01,0.00000000e+00,3.07079332e+00,1.22519484e-01,1.60717778e-02,1.20069094e+02,1.57503422e+01
1.12000000e-01,-2.69869279e-02,-4.09446609e-01,3.26435226e-02,3.61630377e-01,0.00000000e+00,3.17949942e+00,1.22014500e-01,1.61150804e-02,1.19574210e+02,1.57927788e+01
1.14000000e-01,-2.78066517e-02,-4.10220479e-01,3.33595937e-02,3.54365186e-01,0.00000000e+00,3.28987942e+00,1.21387906e-01,1.61466879e-02,1.18960148e+02,1.58237541e+01
1.16000000e-01,-2.86275816e-02,-4.10652038e-01,3.40606761e-02,3.46639165e-01,0.00000000e+00,3.40191851e+00,1.20715078e-01,1.61524645e-02,1.18300776e+02,1.58294152e+01
1.18000000e-01,-2.94490318e-02,-4.10741574e-01,3.47458436e-02,3.38452927e-01,0.00000000e+00,3.51560167e+00,1.20100849e-01,1.61628132e-02,1.17698832e+02,1.58395569e+01
1.20000000e-01,-3.02703208e-02,-4.10490541e-01,3.54141867e-02,3.29815084e-01,0.00000000e+00,3.63091365e+00,1.19462061e-01,1.61628162e-02,1.17072820e+02,1.58395599e+01
1.22000000e-01,-3.10907925e-02,-4.09937304e-01,3.60647528e-02,3.20650697e-01,0.00000000e+00,3.74783899e+00,1.19738975e-01,1.59906772e-02,1.17344195e+02,1.56708636e+01
1.24000000e-01,-3.19098677e-02,-4.09080599e-01,3.66964638e-02,3.10997899e-01,0.00000000e+00,3.86636200e+00,1.19060398e-01,1.60439991e-02,1.16679190e+02,1.57231192e+01
1.26000000e-01,-3.27269190e-02,-4.07930094e-01,3.73086306e-02,3.01174328e-01,0.00000000e+00,3.98646680e+00,1.19548000e-01,1.65107588e-02,1.17157040e+02,1.61805436e+01
1.28000000e-01,-3.35413840e-02,-4.06473491e-01,3.79009717e-02,2.91066677e-01,0.00000000e+00,4.10813726e+00,1.18562060e-01,1.62980020e-02,1.16190818e+02,1.59720420e+01
1.30000000e-01,-3.43525755e-02,-4.04660737e-01,3.84725636e-02,2.80458576e-01,0.00000000e+00,4.23135708e+00,1.17854855e-01,1.62811763e-02,1.15497758e+02,1.59555528e+01
1.32000000e-01,-3.51598034e-02,-4.02512585e-01,3.90225554e-02,2.69474608e-01,0.00000000e+00,4.35610974e+00,1.17322868e-01,1.62992179e-02,1.14976411e+02,1.59732335e+01
1.34000000e-01,-3.59624070e-02,-4.00036213e-01,3.95502397e-02,2.58157141e-01,0.00000000e+00,4.48237849e+00,1.16746942e-01,1.63395952e-02,1.14412003e+02,1.60128033e+01
1.36000000e-01,-3.67597333e-02,-3.97237499e-01,4.00549767e-02,2.46528866e-01,0.00000000e+00,4.61014640e+00,1.16310617e-01,1.63726078e-02,1.13984405e+02,1.60451557e+01
1.38000000e-01,-3.75511381e-02,-3.94110430e-01,4.05361315e-02,2.34565122e-01,0.00000000e+00,4.73939635e+00,1.15547113e-01,1.63276683e-02,1.13236171e+02,1.60011149e+01
1.40000000e-01,-3.83359501e-02,-3.90646010e-01,4.09930125e-02,2.22264296e-01,0.00000000e+00,4.87011099e+00,1.14848173e-01,1.63227595e-02,1.12551209e+02,1.59963043e+01
1.42000000e-01,-3.91135578e-02,-3.86935075e-01,4.14250618e-02,2.09773147e-01,0.00000000e+00,5.00227280e+00,1.16149559e-01,1.65504878e-02,1.13826568e+02,1.62194780e+01
1.44000000e-01,-3.98835176e-02,-3.82965006e-01,4.18319180e-02,1.97001413e-01,0.00000000e+00,5.13586404e+00,1.15094256e-01,1.63202132e-02,1.12792371e+02,1.59938089e+01
1.46000000e-01,-4.06452156e-02,-3.78691616e-01,4.22129159e-02,1.84002452e-01,0.00000000e+00,5.27086682e+00,1.15296972e-01,1.66231286e-02,1.12991033e+02,1.62906661e+01
1.48000000e-01,-4.13980993e-02,-3.74141058e-01,4.25678567e-02,1.70896898e-01,0.00000000e+00,5.40726301e+00,1.14781929e-01,1.66088649e-02,1.12486290e+02,1.62766876e+01
1.50000000e-01,-4.21415800e-02,-3.69290801e-01,4.28963262e-02,1.57525465e-01,0.00000000e+00,5.54503432e+00,1.14382609e-01,1.65397297e-02,1.12094957e+02,1.62089352e+01
1.52000000e-01,-4.28750673e-02,-3.64147723e-01,4.31977972e-02,1.43911994e-01,0.00000000e+00,5.68416229e+00,1.13947940e-01,1.65370399e-02,1.11668981e+02,1.62062991e+01
1.54000000e-01,-4.35979732e-02,-3.58708089e-01,4.34718481e-02,1.30109405e-01,0.00000000e+00,5.82462825e+00,1.13376149e-01,1.65398960e-02,1.11108626e+02,1.62090981e+01
1.56000000e-01,-4.43097087e-02,-3.52982080e-01,4.37181303e-02,1.16150059e-01,0.00000000e+00,5.96641336e+00,1.13089378e-01,1.65655266e-02,1.10827591e+02,1.62342161e+01
1.58000000e-01,-4.50097166e-02,-3.46978658e-01,4.39363536e-02,1.02048561e-01,0.00000000e+00,6.10949861e+00,1.12632431e-01,1.65590124e-02,1.10379782e+02,1.62278321e+01
1.60000000e-01,-4.56974363e-02,-3.40694681e-01,4.41262360e-02,8.78142742e-02,0.00000000e+00,6.25386480e+00,1.12173028e-01,1.65638642e-02,1.09929567e+02,1.62325869e+01
1.62000000e-01,-4.63723827e-02,-3.34241856e-01,4.42876989e-02,7.37123017e-02,0.00000000e+00,6.39949259e+00,1.14222967e-01,1.70731839e-02,1.11938507e+02,1.67317202e+01
1.64000000e-01,-4.70342796e-02,-3.27602893e-01,4.44210573e-02,5.95684067e-02,0.00000000e+00,6.54636243e+00,1.13253621e-01,1.66721221e-02,1.10988548e+02,1.63386796e+01
1.66000000e-01,-4.76826129e-02,-3.20691888e-01,4.45258309e-02,4.52121326e-02,0.00000000e+00,6.69445462e+00,1.13186620e-01,1.67829391e-02,1.10922888e+02,1.64472803e+01
1.68000000e-01,-4.83168996e-02,-3.13559549e-01,4.46019322e-02,3.08954471e-02,0.00000000e+00,6.84374932e+00,1.13288449e-01,1.68697806e-02,1.11022680e+02,1.65323850e+01
1.70000000e-01,-4.89367043e-02,-3.06207002e-01,4.46494076e-02,1.65710646e-02,0.00000000e+00,6.99422649e+00,1.13130428e-01,1.68404482e-02,1.10867819e+02,1.65036393e+01
1.72000000e-01,-4.95415747e-02,-2.98625133e-01,4.46681839e-02,2.19792950e-03,0.00000000e+00,7.14586596e+00,1.12898321e-01,1.68001359e-02,1.10640355e+02,1.64641331e+01
1.74000000e-01,-5.01310568e-02,-2.90821276e-01,4.46581992e-02,-1.21754095e-02,0.00000000e+00,7.29864738e+00,1.12786940e-01,1.68316259e-02,1.10531202e+02,1.64949934e+01
1.76000000e-01,-5.07047196e-02,-2.82807059e-01,4.46195118e-02,-2.65044716e-02,0.00000000e+00,7.45255028e+00,1.12698312e-01,1.68436570e-02,1.10444346e+02,1.65067839e+01
1.78000000e-01,-5.12621458e-02,-2.74583910e-01,4.45522096e-02,-4.07910181e-02,0.00000000e+00,7.60755400e+00,1.12488596e-01,1.68305542e-02,1.10238824e+02,1.64939431e+01
1.80000000e-01,-5.18029203e-02,-2.66158327e-01,4.44563878e-02,-5.50174765e-02,0.00000000e+00,7.76363776e+00,1.12416700e-01,1.68387060e-02,1.10168366e+02,1.65019318e+01
1.82000000e-01,-5.23267237e-02,-2.57649731e-01,4.43324150e-02,-6.88311331e-02,0.00000000e+00,7.92078063e+00,1.14859509e-01,1.75256106e-02,1.12562319e+02,1.71750984e+01
1.84000000e-01,-5.28334572e-02,-2.49048076e-01,4.41812362e-02,-8.23854570e-02,0.00000000e+00,8.07896153e+00,1.14413711e-01,1.71725930e-02,1.12125437e+02,1.68291412e+01
1.86000000e-01,-5.33227781e-02,-2.40239502e-01,4.40027616e-02,-9.61070196e-02,0.00000000e+00,8.23815925e+00,1.14054646e-01,1.69252059e-02,1.11773553e+02,1.65867018e+01
1.88000000e-01,-5.37943102e-02,-2.31273561e-01,4.37969038e-02,-1.09684993e-01,0.00000000e+00,8.39835244e+00,1.14622215e-01,1.71854728e-02,1.12329771e+02,1.68417633e+01
1.90000000e-01,-5.42477932e-02,-2.22188932e-01,4.35642079e-02,-1.22983676e-01,0.00000000e+00,8.55951961e+00,1.15020112e-01,1.71844548e-02,1.12719710e+02,1.68407657e+01
1.92000000e-01,-5.46829796e-02,-2.12974741e-01,4.33050617e-02,-1.36143509e-01,0.00000000e+00,8.72163916e+00,1.15184750e-01,1.71120876e-02,1.12881055e+02,1.67698459e+01
1.94000000e-01,-5.50995998e-02,-2.03622047e-01,4.30197332e-02,-1.49154330e-01,0.00000000e+00,8.88468933e+00,1.15222740e-01,1.70949438e-02,1.12918285e+02,1.67530449e+01
1.96000000e-01,-5.54973849e-02,-1.94145075e-01,4.27086072e-02,-1.61921014e-01,0.00000000e+00,9.04864826e+00,1.15566529e-01,1.71852957e-02,1.13255199e+02,1.68415898e+01
1.98000000e-01,-5.58761047e-02,-1.84554993e-01,4.23722184e-02,-1.74433866e-01,0.00000000e+00,9.21349396e+00,1.15710320e-01,1.71523045e-02,1.13396113e+02,1.68092584e+01
2.00000000e-01,-5.62355351e-02,-1.74860209e-01,4.20110271e-02,-1.86713607e-01,0.00000000e+00,9.37920432e+00,1.16093557e-01,1.71636363e-02,1.13771686e+02,1.68203636e+01
2.02000000e-01,-5.65755531e-02,-1.65176808e-01,4.16257890e-02,-1.98355873e-01,0.00000000e+00,9.54575713e+00,1.18791562e-01,1.79448478e-02,1.16415731e+02,1.75859508e+01
2.04000000e-01,-5.68962357e-02,-1.55483464e-01,4.12179141e-02,-2.09532550e-01,0.00000000e+00,9.71313004e+00,1.18518494e-01,1.75627867e-02,1.16148124e+02,1.72115309e+01
2.06000000e-01,-5.71973863e-02,-1.45639086e-01,4.07875526e-02,-2.20868441e-01,0.00000000e+00,9.88130060e+00,1.17760754e-01,1.70004669e-02,1.15405539e+02,1.66604575e+01
2.08000000e-01,-5.74787431e-02,-1.35721306e-01,4.03346079e-02,-2.31952914e-01,0.00000000e+00,1.00502463e+01,1.19140561e-01,1.74480227e-02,1.16757750e+02,1.70990622e+01
2.10000000e-01,-5.77402672e-02,-1.25797014e-01,3.98600939e-02,-2.42508082e-01,0.00000000e+00,1.02199444e+01,1.19783976e-01,1.74379314e-02,1.17388296e+02,1.70891728e+01
2.12000000e-01,-5.79819044e-02,-1.15832657e-01,3.93647751e-02,-2.52764076e-01,0.00000000e+00,1.03903722e+01,1.20217515e-01,1.73725957e-02,1.17813165e+02,1.70251438e+01
2.14000000e-01,-5.82035710e-02,-1.05828019e-01,3.88492525e-02,-2.62697646e-01,0.00000000e+00,1.05615068e+01,1.20693059e-01,1.73823193e-02,1.18279198e+02,1.70346729e+01
2.16000000e-01,-5.84051983e-02,-9.57961082e-02,3.83142297e-02,-2.72263396e-01,0.00000000e+00,1.07333253e+01,1.21267094e-01,1.73842625e-02,1.18841752e+02,1.70365772e+01
2.18000000e-01,-5.85867497e-02,-8.57557382e-02,3.77604599e-02,-2.81437727e-01,0.00000000e+00,1.09058047e+01,1.22018426e-01,1.74165801e-02,1.19578057e+02,1.70682485e+01
2.20000000e-01,-5.87482189e-02,-7.57118016e-02,3.71887536e-02,-2.90200009e-01,0.00000000e+00,1.10789217e+01,1.22542854e-01,1.74360339e-02,1.20091997e+02,1.70873132e+01
2.22000000e-01,-5.88896537e-02,-6.57529540e-02,3.66002415e-02,-2.98089934e-01,0.00000000e+00,1.12526532e+01,1.25202072e-01,1.84102402e-02,1.22698031e+02,1.80420354e+01
2.24000000e-01,-5.90112801e-02,-5.58681116e-02,3.59968002e-02,-3.05370348e-01,0.00000000e+00,1.14269760e+01,1.25305353e-01,1.78563033e-02,1.22799246e+02,1.74991772e+01
2.26000000e-01,-5.91130749e-02,-4.59064485e-02,3.53786087e-02,-3.12877978e-01,0.00000000e+00,1.16018665e+01,1.24278529e-01,1.70532234e-02,1.21792958e+02,1.67121590e+01
2.28000000e-01,-5.91949191e-02,-3.59646773e-02,3.47455411e-02,-3.20006408e-01,0.00000000e+00,1.17773014e+01,1.26478982e-01,1.77508468e-02,1.23949403e+02,1.73958299e+01
2.30000000e-01,-5.92570028e-02,-2.61266398e-02,3.40990876e-02,-3.26378068e-01,0.00000000e+00,1.19532571e+01,1.27249499e-01,1.77208066e-02,1.24704509e+02,1.73663905e+01
2.32000000e-01,-5.92994539e-02,-1.63308685e-02,3.34402736e-02,-3.32382655e-01,0.00000000e+00,1.21297100e+01,1.27853180e-01,1.75826459e-02,1.25296117e+02,1.72309929e+01
2.34000000e-01,-5.93223622e-02,-6.58906465e-03,3.27698175e-02,-3.37996461e-01,0.00000000e+00,1.23066365e+01,1.28737393e-01,1.75855840e-02,1.26162645e+02,1.72338723e+01
2.36000000e-01,-5.93258640e-02,3.07188793e-03,3.20886269e-02,-3.43101580e-01,0.00000000e+00,1.24840128e+01,1.29810541e-01,1.76793717e-02,1.27214330e+02,1.73257842e+01
2.38000000e-01,-5.93101282e-02,1.26526008e-02,3.13977470e-02,-3.47702987e-01,0.00000000e+00,1.26618152e+01,1.30523077e-01,1.76578147e-02,1.27912616e+02,1.73046584e+01
2.40000000e-01,-5.92753098e-02,2.21491125e-02,3.06981260e-02,-3.51837945e-01,0.00000000e+00,1.28400198e+01,1.31532696e-01,1.76607113e-02,1.28902042e+02,1.73074971e+01
2.42000000e-01,-5.92216409e-02,3.14819097e-02,2.99910603e-02,-3.54975499e-01,0.00000000e+00,1.30186027e+01,1.33948784e-01,1.87426552e-02,1.31269809e+02,1.83678021e+01
2.44000000e-01,-5.91494707e-02,4.06818688e-02,2.92786782e-02,-3.57431803e-01,0.00000000e+00,1.31975399e+01,1.34085204e-01,1.80739623e-02,1.31403500e+02,1.77124830e+01
2.46000000e-01,-5.90589041e-02,4.98957219e-02,2.85611227e-02,-3.60203608e-01,0.00000000e+00,1.33768075e+01,1.32922362e-01,1.70564359e-02,1.30263914e+02,1.67153072e+01
2.48000000e-01,-5.89499534e-02,5.90111374e-02,2.78381325e-02,-3.62572412e-01,0.00000000e+00,1.35563814e+01,1.35533422e-01,1.78880727e-02,1.32822753e+02,1.75303112e+01
2.50000000e-01,-5.88229893e-02,6.79319674e-02,2.71113998e-02,-3.64091233e-01,0.00000000e+00,1.37362375e+01,1.36469362e-01,1.78030108e-02,1.33739975e+02,1.74469506e+01
2.52000000e-01,-5.86783095e-02,7.67269685e-02,2.63820527e-02,-3.65182394e-01,0.00000000e+00,1.39163518e+01,1.37328635e-01,1.77442810e-02,1.34582062e+02,1.73893954e+01
2.54000000e-01,-5.85161722e-02,8.53858352e-02,2.56509845e-02,-3.65802144e-01,0.00000000e+00,1.40967000e+01,1.38362333e-01,1.77484094e-02,1.35595086e+02,1.73934412e+01
2.56000000e-01,-5.83368735e-02,9.38836577e-02,2.49191950e-02,-3.65895546e-01,0.00000000e+00,1.42772579e+01,1.39662952e-01,1.78037459e-02,1.36869693e+02,1.74476710e+01
2.58000000e-01,-5.81407466e-02,1.02218024e-01,2.41877563e-02,-3.65458012e-01,0.00000000e+00,1.44580014e+01,1.40614950e-01,1.78177906e-02,1.37802651e+02,1.74614348e+01
2.60000000e-01,-5.79281106e-02,1.10388639e-01,2.34577053e-02,-3.64507054e-01,0.00000000e+00,1.46389062e+01,1.41787059e-01,1.78381396e-02,1.38951318e+02,1.74813768e+01
2.62000000e-01,-5.76993128e-02,1.18378010e-01,2.27303609e-02,-3.62607064e-01,0.00000000e+00,1.48199481e+01,1.43015142e-01,1.87700659e-02,1.40154839e+02,1.83946646e+01
2.64000000e-01,-5.74547113e-02,1.26198238e-01,2.20077130e-02,-3.60053144e-01,0.00000000e+00,1.50011027e+01,1.43774752e-01,1.81773372e-02,1.40899257e+02,1.78137905e+01
2.66000000e-01,-5.71945648e-02,1.33951143e-01,2.12899158e-02,-3.57847974e-01,0.00000000e+00,1.51823458e+01,1.42496308e-01,1.70116730e-02,1.39646382e+02,1.66714395e+01
2.68000000e-01,-5.69190169e-02,1.41538742e-01,2.05765706e-02,-3.55268617e-01,0.00000000e+00,1.53636531e+01,1.45419315e-01,1.79427304e-02,1.42510928e+02,1.75838758e+01
2.70000000e-01,-5.66285870e-02,1.48860485e-01,1.98694091e-02,-3.51837654e-01,0.00000000e+00,1.55450002e+01,1.46367849e-01,1.77875875e-02,1.43440492e+02,1.74318358e+01
2.72000000e-01,-5.63236992e-02,1.55995848e-01,1.91694708e-02,-3.48030597e-01,0.00000000e+00,1.57263629e+01,1.47314865e-01,1.77307158e-02,1.44368568e+02,1.73761015e+01
2.74000000e-01,-5.60047394e-02,1.62927602e-01,1.84776015e-02,-3.43751438e-01,0.00000000e+00,1.59077167e+01,1.48550362e-01,1.77884350e-02,1.45579354e+02,1.74326663e+01
2.76000000e-01,-5.56721442e-02,1.69626388e-01,1.77948423e-02,-3.38906488e-01,0.00000000e+00,1.60890375e+01,1.50071124e-01,1.79410048e-02,1.47069701e+02,1.75821847e+01
2.78000000e-01,-5.53263834e-02,1.76100809e-01,1.71222974e-02,-3.33578699e-01,0.00000000e+00,1.62703008e+01,1.50997239e-01,1.78389851e-02,1.47977295e+02,1.74822054e+01
2.80000000e-01,-5.49678829e-02,1.82362222e-01,1.64607999e-02,-3.27842324e-01,0.00000000e+00,1.64514823e+01,1.52147699e-01,1.78513215e-02,1.49104745e+02,1.74942951e+01
2.82000000e-01,-5.45970482e-02,1.88453099e-01,1.58114236e-02,-3.21362819e-01,0.00000000e+00,1.66325579e+01,1.51979961e-01,1.84685607e-02,1.48940361e+02,1.80991895e+01
2.84000000e-01,-5.42142087e-02,1.94336691e-01,1.51757418e-02,-3.14293568e-01,0.00000000e+00,1.68135031e+01,1.53890388e-01,1.81782089e-02,1.50812580e+02,1.78146447e+01
2.86000000e-01,-5.38197958e-02,2.00078831e-01,1.45540314e-02,-3.07551194e-01,0.00000000e+00,1.69942937e+01,1.52089042e-01,1.68914776e-02,1.49047262e+02,1.65536481e+01
2.88000000e-01,-5.34140104e-02,2.05645519e-01,1.39456989e-02,-3.00566095e-01,0.00000000e+00,1.71749055e+01,1.54700664e-01,1.78158822e-02,1.51606650e+02,1.74595646e+01
2.90000000e-01,-5.29974107e-02,2.10916695e-01,1.33522886e-02,-2.92798775e-01,0.00000000e+00,1.73553142e+01,1.55615245e-01,1.76824793e-02,1.52502940e+02,1.73288297e+01
2.92000000e-01,-5.25704973e-02,2.15957351e-01,1.27747020e-02,-2.84734238e-01,0.00000000e+00,1.75354956e+01,1.56623009e-01,1.76113458e-02,1.53490549e+02,1.72591189e+01
2.94000000e-01,-5.21337480e-02,2.20747996e-01,1.22136147e-02,-2.76275065e-01,0.00000000e+00,1.77154257e+01,1.57911785e-01,1.77058481e-02,1.54753549e+02,1.73517311e+01
2.96000000e-01,-5.16876769e-02,2.25281338e-01,1.16698881e-02,-2.67386330e-01,0.00000000e+00,1.78950802e+01,1.59012783e-01,1.77326443e-02,1.55832527e+02,1.73779914e+01
2.98000000e-01,-5.12327909e-02,2.29562365e-01,1.11443287e-02,-2.58108680e-01,0.00000000e+00,1.80744350e+01,1.60112010e-01,1.77676200e-02,1.56909769e+02,1.74122676e+01
3.00000000e-01,-5.07695957e-02,2.33590917e-01,1.06376952e-02,-2.48468337e-01,0.00000000e+00,1.82534662e+01,1.61147866e-01,1.77662633e-02,1.57924909e+02,1.74109381e+01
3.02000000e-01,-5.02985246e-02,2.37473432e-01,1.01507531e-02,-2.38381456e-01,0.00000000e+00,1.84321496e+01,1.59694924e-01,1.80051942e-02,1.56501026e+02,1.76450903e+01
3.04000000e-01,-4.98198378e-02,2.41152253e-01,9.68446228e-03,-2.27855304e-01,0.00000000e+00,1.86104614e+01,1.62015243e-01,1.80178890e-02,1.58774938e+02,1.76575312e+01
3.06000000e-01,-4.93340425e-02,2.44640692e-01,9.23914600e-03,-2.17607903e-01,0.00000000e+00,1.87883775e+01,1.60192232e-01,1.67796870e-02,1.56988387e+02,1.64440932e+01
3.08000000e-01,-4.88414061e-02,2.47932576e-01,8.81410594e-03,-2.07247647e-01,0.00000000e+00,1.89658743e+01,1.62600384e-01,1.76434180e-02,1.59348377e+02,1.72905496e+01
3.10000000e-01,-4.83425159e-02,2.50918887e-01,8.41056700e-03,-1.96270062e-01,0.00000000e+00,1.91429278e+01,1.63272441e-01,1.74945065e-02,1.60006992e+02,1.71446163e+01
3.12000000e-01,-4.78378907e-02,2.53665001e-01,8.02914271e-03,-1.85116968e-01,0.00000000e+00,1.93195142e+01,1.64105146e-01,1.74623816e-02,1.60823043e+02,1.71131340e+01
3.14000000e-01,-4.73280241e-02,2.56158888e-01,7.67026078e-03,-1.73721429e-01,0.00000000e+00,1.94956100e+01,1.65014496e-01,1.74860772e-02,1.61714206e+02,1.71363556e+01
3.16000000e-01,-4.68134317e-02,2.58387868e-01,7.33443367e-03,-1.62060907e-01,0.00000000e+00,1.96711916e+01,1.66103841e-01,1.75340859e-02,1.62781764e+02,1.71834042e+01
3.18000000e-01,-4.62946543e-02,2.60344328e-01,7.02218631e-03,-1.50146666e-01,0.00000000e+00,1.98462352e+01,1.67155807e-01,1.75677218e-02,1.63812691e+02,1.72163674e+01
3.20000000e-01,-4.57722270e-02,2.62041905e-01,6.73398941e-03,-1.38018844e-01,0.00000000e+00,2.00207176e+01,1.67895631e-01,1.75657433e-02,1.64537718e+02,1.72144284e+01
3.22000000e-01,-4.52465496e-02,2.63645070e-01,6.47017432e-03,-1.25795952e-01,0.00000000e+00,2.01946152e+01,1.65077259e-01,1.73854069e-02,1.61775713e+02,1.70376987e+01
3.24000000e-01,-4.47177680e-02,2.65066424e-01,6.23097427e-03,-1.13320101e-01,0.00000000e+00,2.03679048e+01,1.67833538e-01,1.77499338e-02,1.64476867e+02,1.73949351e+01
3.26000000e-01,-4.41864289e-02,2.66270285e-01,6.01674001e-03,-1.01075055e-01,0.00000000e+00,2.05405631e+01,1.65826964e-01,1.65898327e-02,1.62510425e+02,1.62580361e+01
3.28000000e-01,-4.36528068e-02,2.67294254e-01,5.82661925e-03,-8.89122380e-02,0.00000000e+00,2.07125670e+01,1.67685458e-01,1.73008250e-02,1.64331749e+02,1.69548085e+01
3.30000000e-01,-4.31174394e-02,2.68037049e-01,5.66135264e-03,-7.63570799e-02,0.00000000e+00,2.08838933e+01,1.68030090e-01,1.71721358e-02,1.64669488e+02,1.68286931e+01
3.32000000e-01,-4.25808119e-02,2.68549810e-01,5.52121669e-03,-6.37632905e-02,0.00000000e+00,2.10545192e+01,1.68682382e-01,1.71765842e-02,1.65308735e+02,1.68330525e+01
3.34000000e-01,-4.20434025e-02,2.68819045e-01,5.40636530e-03,-5.10707823e-02,0.00000000e+00,2.12244217e+01,1.69334881e-01,1.72100995e-02,1.65948184e+02,1.68658975e+01
3.36000000e-01,-4.15057002e-02,2.68841576e-01,5.31700739e-03,-3.82675329e-02,0.00000000e+00,2.13935781e+01,1.70058038e-01,1.72761585e-02,1.66656877e+02,1.69306353e+01
3.38000000e-01,-4.09681986e-02,2.68620443e-01,5.25334395e-03,-2.53911155e-02,0.00000000e+00,2.15619656e+01,1.70640169e-01,1.72674776e-02,1.67227365e+02,1.69221281e+01
3.40000000e-01,-4.04313759e-02,2.68163097e-01,5.21545659e-03,-1.24942164e-02,0.00000000e+00,2.17295617e+01,1.71193791e-01,1.72597615e-02,1.67769915e+02,1.69145663e+01
3.42000000e-01,-3.98955814e-02,2.67653018e-01,5.20320867e-03,1.65106110e-04,0.00000000e+00,2.18963440e+01,1.67496372e-01,1.67461068e-02,1.64146445e+02,1.64111847e+01
3.44000000e-01,-3.93608624e-02,2.66995185e-01,5.21616114e-03,1.28905933e-02,0.00000000e+00,2.20622899e+01,1.70278982e-01,1.74119928e-02,1.66873402e+02,1.70637529e+01
3.46000000e-01,-3.88277494e-02,2.66114180e-01,5.25466014e-03,2.54497753e-02,0.00000000e+00,2.22273773e+01,1.68355763e-01,1.64468398e-02,1.64988648e+02,1.61179030e+01
3.48000000e-01,-3.82965045e-02,2.65084911e-01,5.31778056e-03,3.77394393e-02,0.00000000e+00,2.23915841e+01,1.69402834e-01,1.69314579e-02,1.66014777e+02,1.65928288e+01
3.50000000e-01,-3.77675693e-02,2.63816460e-01,5.40571760e-03,5.01786455e-02,0.00000000e+00,2.25548882e+01,1.69621910e-01,1.68812685e-02,1.66229472e+02,1.65436432e+01
3.52000000e-01,-3.72413757e-02,2.62342496e-01,5.51842782e-03,6.25168652e-02,0.00000000e+00,2.27172677e+01,1.69903805e-01,1.68754595e-02,1.66505729e+02,1.65379503e+01
3.54000000e-01,-3.67183343e-02,2.60665942e-01,5.65573320e-03,7.47772987e-02,0.00000000e+00,2.28787009e+01,1.70079479e-01,1.69091371e-02,1.66677889e+02,1.65709544e+01
3.56000000e-01,-3.61988458e-02,2.58788569e-01,5.81748047e-03,8.69529318e-02,0.00000000e+00,2.30391660e+01,1.70348151e-01,1.69235541e-02,1.66941188e+02,1.65850830e+01
3.58000000e-01,-3.56833152e-02,2.56708493e-01,6.00347039e-03,9.90167709e-02,0.00000000e+00,2.31986416e+01,1.70599360e-01,1.69352491e-02,1.67187373e+02,1.65965442e+01
3.60000000e-01,-3.51721429e-02,2.54431797e-01,6.21345374e-03,1.10939901e-01,0.00000000e+00,2.33571063e+01,1.70760627e-01,1.69233034e-02,1.67345415e+02,1.65848373e+01
3.62000000e-01,-3.46655934e-02,2.52147046e-01,6.44688698e-03,1.22348590e-01,0.00000000e+00,2.35145388e+01,1.66643040e-01,1.61841997e-02,1.63310179e+02,1.58605157e+01
3.64000000e-01,-3.41636311e-02,2.49747800e-01,6.70278473e-03,1.33662200e-01,0.00000000e+00,2.36709181e+01,1.69328908e-01,1.70847260e-02,1.65942330e+02,1.67430315e+01
3.66000000e-01,-3.36667379e-02,2.47144980e-01,6.98144516e-03,1.44839930e-01,0.00000000e+00,2.38262230e+01,1.67333126e-01,1.62924480e-02,1.63986463e+02,1.59665990e+01
3.68000000e-01,-3.31751185e-02,2.44441114e-01,7.28184673e-03,1.55571121e-01,0.00000000e+00,2.39804329e+01,1.67665961e-01,1.65722090e-02,1.64312641e+02,1.62407649e+01
3.70000000e-01,-3.26890916e-02,2.41559983e-01,7.60366972e-03,1.66212433e-01,0.00000000e+00,2.41335271e+01,1.67496146e-01,1.65591783e-02,1.64146223e+02,1.62279947e+01
3.72000000e-01,-3.22089811e-02,2.38525133e-01,7.94654656e-03,1.76628917e-01,0.00000000e+00,2.42854849e+01,1.67326382e-01,1.65858542e-02,1.63979854e+02,1.62541372e+01
3.74000000e-01,-3.17350907e-02,2.35340925e-01,8.31002658e-03,1.86807216e-01,0.00000000e+00,2.44362861e+01,1.67104876e-01,1.65743115e-02,1.63762778e+02,1.62428253e+01
3.76000000e-01,-3.12677143e-02,2.32011274e-01,8.69360363e-03,1.96727858e-01,0.00000000e+00,2.45859103e+01,1.66896169e-01,1.65889346e-02,1.63558245e+02,1.62571559e+01
3.78000000e-01,-3.08071427e-02,2.28535952e-01,9.09676324e-03,2.06386370e-01,0.00000000e+00,2.47343376e+01,1.66734996e-01,1.65960797e-02,1.63400296e+02,1.62641581e+01
3.80000000e-01,-3.03536658e-02,2.24917728e-01,9.51896374e-03,2.15766849e-01,0.00000000e+00,2.48815480e+01,1.66518853e-01,1.66046398e-02,1.63188476e+02,1.62725470e+01
3.82000000e-01,-2.99074689e-02,2.21303824e-01,9.95943027e-03,2.24546863e-01,0.00000000e+00,2.50275218e+01,1.62976794e-01,1.59612941e-02,1.59717258e+02,1.56420682e+01
3.84000000e-01,-2.94684931e-02,2.17626055e-01,1.04169746e-02,2.33062012e-01,0.00000000e+00,2.51722394e+01,1.64412899e-01,1.66988732e-02,1.61124641e+02,1.63648957e+01
3.86000000e-01,-2.90370586e-02,2.13807466e-01,1.08915434e-02,2.41374801e-01,0.00000000e+00,2.53156814e+01,1.62729887e-01,1.62110479e-02,1.59475290e+02,1.58868269e+01
3.88000000e-01,-2.86132999e-02,2.09933869e-01,1.13821088e-02,2.49140074e-01,0.00000000e+00,2.54578286e+01,1.62223295e-01,1.62472541e-02,1.58978829e+02,1.59223090e+01
3.90000000e-01,-2.81973932e-02,2.05955102e-01,1.18879003e-02,2.56600274e-01,0.00000000e+00,2.55986618e+01,1.61776130e-01,1.62901924e-02,1.58540607e+02,1.59643886e+01
3.92000000e-01,-2.77895467e-02,2.01875497e-01,1.24082933e-02,2.63735620e-01,0.00000000e+00,2.57381623e+01,1.61233647e-01,1.63058707e-02,1.58008974e+02,1.59797533e+01
3.94000000e-01,-2.73899525e-02,1.97703944e-01,1.29426035e-02,2.70512091e-01,0.00000000e+00,2.58763113e+01,1.60645741e-01,1.62974200e-02,1.57432826e+02,1.59714716e+01
3.96000000e-01,-2.69987895e-02,1.93444618e-01,1.34900926e-02,2.76915086e-01,0.00000000e+00,2.60130902e+01,1.60074183e-01,1.63014327e-02,1.56872699e+02,1.59754040e+01
3.98000000e-01,-2.66162294e-02,1.89102239e-01,1.40500154e-02,2.82945462e-01,0.00000000e+00,2.61484808e+01,1.59445862e-01,1.63126954e-02,1.56256945e+02,1.59864415e+01
4.00000000e-01,-2.62424325e-02,1.84681944e-01,1.46216181e-02,2.88591307e-01,0.00000000e+00,2.62824648e+01,1.58825495e-01,1.63085445e-02,1.55648985e+02,1.59823736e+01
4.02000000e-01,-2.58775030e-02,1.80259703e-01,1.52040009e-02,2.93667679e-01,0.00000000e+00,2.64150243e+01,1.56494193e-01,1.59472258e-02,1.53364310e+02,1.56282812e+01
4.04000000e-01,-2.55213955e-02,1.75834672e-01,1.57959877e-02,2.98292457e-01,0.00000000e+00,2.65461416e+01,1.55965697e-01,1.62044428e-02,1.52846383e+02,1.58803540e+01
4.06000000e-01,-2.51742026e-02,1.71352120e-01,1.63969605e-02,3.02601937e-01,0.00000000e+00,2.66757990e+01,1.54985800e-01,1.61421566e-02,1.51886084e+02,1.58193134e+01
4.08000000e-01,-2.48360069e-02,1.66839781e-01,1.70060698e-02,3.06423028e-01,0.00000000e+00,2.68039792e+01,1.53882571e-01,1.60478765e-02,1.50804920e+02,1.57269190e+01
4.10000000e-01,-2.45068660e-02,1.62293704e-01,1.76223590e-02,3.09803734e-01,0.00000000e+00,2.69306649e+01,1.53068754e-01,1.60967963e-02,1.50007379e+02,1.57748603e+01
4.12000000e-01,-2.41868602e-02,1.57705368e-01,1.82450244e-02,3.12793890e-01,0.00000000e+00,2.70558392e+01,1.52239083e-01,1.61163844e-02,1.49194302e+02,1.57940568e+01
4.14000000e-01,-2.38760667e-02,1.53083731e-01,1.88732537e-02,3.15362847e-01,0.00000000e+00,2.71794853e+01,1.51290960e-01,1.61090917e-02,1.48265141e+02,1.57869099e+01
4.16000000e-01,-2.35745412e-02,1.48438319e-01,1.95061862e-02,3.17497476e-01,0.00000000e+00,2.73015866e+01,1.50314272e-01,1.61080161e-02,1.47307986e+02,1.57858558e+01
4.18000000e-01,-2.32823291e-02,1.43769491e-01,2.01429592e-02,3.19205466e-01,0.00000000e+00,2.74221267e+01,1.49433677e-01,1.61225290e-02,1.46445003e+02,1.58000785e+01
4.20000000e-01,-2.29994778e-02,1.39078741e-01,2.07827187e-02,3.20479428e-01,0.00000000e+00,2.75410894e+01,1.48498399e-01,1.61103798e-02,1.45528431e+02,1.57881722e+01
4.22000000e-01,-2.27260201e-02,1.34378973e-01,2.14245466e-02,3.21258036e-01,0.00000000e+00,2.76584589e+01,1.47392936e-01,1.59993241e-02,1.44445078e+02,1.56793376e+01
4.24000000e-01,-2.24619326e-02,1.29723140e-01,2.20673741e-02,3.21471660e-01,0.00000000e+00,2.77742194e+01,1.45296863e-01,1.58426749e-02,1.42390926e+02,1.55258214e+01
4.26000000e-01,-2.22071149e-02,1.25086270e-01,2.27101763e-02,3.21299871e-01,0.00000000e+00,2.78883552e+01,1.44850795e-01,1.61086865e-02,1.41953779e+02,1.57865128e+01
4.28000000e-01,-2.19615934e-02,1.20440654e-01,2.33523186e-02,3.20745574e-01,0.00000000e+00,2.80008512e+01,1.43477981e-01,1.59573240e-02,1.40608421e+02,1.56381775e+01
4.30000000e-01,-2.17253365e-02,1.15818724e-01,2.39928206e-02,3.19684362e-01,0.00000000e+00,2.81116923e+01,1.42349810e-01,1.59600791e-02,1.39502813e+02,1.56408775e+01
4.32000000e-01,-2.14983067e-02,1.11214480e-01,2.46307731e-02,3.18198790e-01,0.00000000e+00,2.82208635e+01,1.41192597e-01,1.59785288e-02,1.38368745e+02,1.56589582e+01
4.34000000e-01,-2.12804639e-02,1.06632184e-01,2.52653352e-02,3.16292462e-01,0.00000000e+00,2.83283503e+01,1.40039928e-01,1.59841802e-02,1.37239130e+02,1.56644966e+01
4.36000000e-01,-2.10717623e-02,1.02073362e-01,2.58956600e-02,3.13961881e-01,0.00000000e+00,2.84341382e+01,1.38921752e-01,1.59894049e-02,1.36143317e+02,1.56696168e+01
4.38000000e-01,-2.08721530e-02,9.75407985e-02,2.65208990e-02,3.11205668e-01,0.00000000e+00,2.85382131e+01,1.37778349e-01,1.59850751e-02,1.35022782e+02,1.56653736e+01
4.40000000e-01,-2.06815794e-02,9.30378935e-02,2.71402022e-02,3.08028666e-01,0.00000000e+00,2.86405609e+01,1.36654615e-01,1.59921544e-02,1.33921522e+02,1.56723113e+01
4.42000000e-01,-2.05000115e-02,8.85199236e-02,2.77527258e-02,3.04419977e-01,0.00000000e+00,2.87411680e+01,1.36629787e-01,1.59554395e-02,1.33897192e+02,1.56363307e+01
4.44000000e-01,-2.03274539e-02,8.40705691e-02,2.83574913e-02,3.00225161e-01,0.00000000e+00,2.88400208e+01,1.33624328e-01,1.56274862e-02,1.30951841e+02,1.53149364e+01
4.46000000e-01,-2.01636815e-02,7.96927675e-02,2.89534186e-02,2.95718629e-01,0.00000000e+00,2.89371061e+01,1.33603036e-01,1.61543185e-02,1.30930975e+02,1.58312321e+01
4.48000000e-01,-2.00086731e-02,7.53295481e-02,2.95401992e-02,2.90962328e-01,0.00000000e+00,2.90324109e+01,1.32000342e-01,1.59433811e-02,1.29360335e+02,1.56245135e+01
4.50000000e-01,-1.98623142e-02,7.10399820e-02,3.01169266e-02,2.85694039e-01,0.00000000e+00,2.91259225e+01,1.30669632e-01,1.59056693e-02,1.28056239e+02,1.55875559e+01
4.52000000e-01,-1.97244735e-02,6.68100247e-02,3.06827093e-02,2.80026596e-01,0.00000000e+00,2.92176281e+01,1.29464911e-01,1.59161073e-02,1.26875613e+02,1.55977852e+01
4.54000000e-01,-1.95950363e-02,6.26367335e-02,3.12367932e-02,2.73999512e-01,0.00000000e+00,2.93075157e+01,1.28271792e-01,1.59447664e-02,1.25706356e+02,1.56258711e+01
4.56000000e-01,-1.94738863e-02,5.85237640e-02,3.17784712e-02,2.67618345e-01,0.00000000e+00,2.93955730e+01,1.27049544e-01,1.59492925e-02,1.24508553e+02,1.56303066e+01
4.58000000e-01,-1.93608978e-02,5.44759231e-02,3.23070267e-02,2.60877491e-01,0.00000000e+00,2.94817884e+01,1.25810985e-01,1.59475893e-02,1.23294765e+02,1.56286375e+01
4.60000000e-01,-1.92559370e-02,5.04965553e-02,3.28217477e-02,2.53786442e-01,0.00000000e+00,2.95661501e+01,1.24576399e-01,1.59524202e-02,1.22084871e+02,1.56333718e+01
4.62000000e-01,-1.91589112e-02,4.65177907e-02,3.33218850e-02,2.46264260e-01,0.00000000e+00,2.96486470e+01,1.24988646e-01,1.57601568e-02,1.22488873e+02,1.54449537e+01
4.64000000e-01,-1.90698250e-02,4.26001618e-02,3.38064888e-02,2.38268217e-01,0.00000000e+00,2.97292680e+01,1.22404469e-01,1.56533098e-02,1.19956380e+02,1.53402436e+01
4.66000000e-01,-1.89884608e-02,3.87571085e-02,3.42748947e-02,2.30177403e-01,0.00000000e+00,2.98080022e+01,1.22566156e-01,1.62337034e-02,1.20114833e+02,1.59090294e+01
4.68000000e-01,-1.89147714e-02,3.49518494e-02,3.47270948e-02,2.21931259e-01,0.00000000e+00,2.98848391e+01,1.20904160e-01,1.59766006e-02,1.18486076e+02,1.56570686e+01
4.70000000e-01,-1.88485857e-02,3.12482573e-02,3.51623304e-02,2.13251075e-01,0.00000000e+00,2.99597683e+01,1.19635002e-01,1.59479389e-02,1.17242302e+02,1.56289801e+01
4.72000000e-01,-1.87897232e-02,2.76274263e-02,3.55799082e-02,2.04284588e-01,0.00000000e+00,3.00327799e+01,1.18474910e-01,1.59758329e-02,1.16105411e+02,1.56563162e+01
4.74000000e-01,-1.87380254e-02,2.40823891e-02,3.59793075e-02,1.95076298e-01,0.00000000e+00,3.01038641e+01,1.17427358e-01,1.60147060e-02,1.15078811e+02,1.56944119e+01
4.76000000e-01,-1.86933392e-02,2.06190250e-02,3.63600542e-02,1.85629167e-01,0.00000000e+00,3.01730112e+01,1.16187445e-01,1.60222706e-02,1.13863697e+02,1.57018252e+01
4.78000000e-01,-1.86554894e-02,1.72455517e-02,3.67216595e-02,1.75935097e-01,0.00000000e+00,3.02402121e+01,1.15004040e-01,1.60168974e-02,1.12703959e+02,1.56965595e+01
4.80000000e-01,-1.86242970e-02,1.39619782e-02,3.70636379e-02,1.66006089e-01,0.00000000e+00,3.03054577e+01,1.13818629e-01,1.60217139e-02,1.11542256e+02,1.57012797e+01
4.82000000e-01,-1.85996479e-02,1.06687074e-02,3.73854442e-02,1.55717676e-01,0.00000000e+00,3.03687392e+01,1.15016056e-01,1.57263955e-02,1.12715735e+02,1.54118676e+01
4.84000000e-01,-1.85815991e-02,7.41004162e-03,3.76863121e-02,1.45134528e-01,0.00000000e+00,3.04300483e+01,1.12849243e-01,1.58371893e-02,1.10592258e+02,1.55204455e+01
4.86000000e-01,-1.85699558e-02,4.22929542e-03,3.79660764e-02,1.34692383e-01,0.00000000e+00,3.04893766e+01,1.13087268e-01,1.64263110e-02,1.10825522e+02,1.60977848e+01
4.88000000e-01,-1.85646447e-02,1.10449724e-03,3.82250520e-02,1.24205813e-01,0.00000000e+00,3.05467162e+01,1.11485683e-01,1.61181554e-02,1.09255969e+02,1.57957922e+01
4.90000000e-01,-1.85654594e-02,-1.90269763e-03,3.84626675e-02,1.13371101e-01,0.00000000e+00,3.06020594e+01,1.10333499e-01,1.60394184e-02,1.08126829e+02,1.57186300e+01
4.92000000e-01,-1.85721966e-02,-4.82159568e-03,3.86784419e-02,1.02394574e-01,0.00000000e+00,3.06553988e+01,1.09465452e-01,1.61332103e-02,1.07276143e+02,1.58105461e+01
4.94000000e-01,-1.85846936e-02,-7.66214833e-03,3.88721966e-02,9.13441712e-02,0.00000000e+00,3.07067273e+01,1.08593143e-01,1.61656496e-02,1.06421281e+02,1.58423366e+01
4.96000000e-01,-1.86027882e-02,-1.04172135e-02,3.90437544e-02,8.01975443e-02,0.00000000e+00,3.07560379e+01,1.07604240e-01,1.61808614e-02,1.05452155e+02,1.58572442e+01
4.98000000e-01,-1.86263011e-02,-1.30802789e-02,3.91929245e-02,6.89575306e-02,0.00000000e+00,3.08033240e+01,1.06624361e-01,1.61873124e-02,1.04491874e+02,1.58635661e+01
5.00000000e-01,-1.86550466e-02,-1.56493151e-02,3.93195284e-02,5.76332933e-02,0.00000000e+00,3.08485794e+01,1.05631135e-01,1.61895556e-02,1.03518512e+02,1.58657645e+01
5.02000000e-01,-1.86889224e-02,-1.82544534e-02,3.94233207e-02,4.61037128e-02,0.00000000e+00,3.08917979e+01,1.07733990e-01,1.59092548e-02,1.05579310e+02,1.55910697e+01
5.04000000e-01,-1.87280684e-02,-2.08655266e-02,3.95038947e-02,3.45013695e-02,0.00000000e+00,3.09329737e+01,1.06078612e-01,1.61566804e-02,1.03957039e+02,1.58335468e+01
5.06000000e-01,-1.87723357e-02,-2.34033292e-02,3.95615418e-02,2.32223149e-02,0.00000000e+00,3.09721013e+01,1.06372865e-01,1.66748261e-02,1.04245408e+02,1.63413295e+01
5.08000000e-01,-1.88216392e-02,-2.58774135e-02,3.95968136e-02,1.19877317e-02,0.00000000e+00,3.10091755e+01,1.04981971e-01,1.63049747e-02,1.02882331e+02,1.59788752e+01
5.10000000e-01,-1.88757702e-02,-2.82388177e-02,3.96093534e-02,5.44272801e-04,0.00000000e+00,3.10441913e+01,1.04172016e-01,1.62589772e-02,1.02088575e+02,1.59337977e+01
5.12000000e-01,-1.89345408e-02,-3.05196728e-02,3.95990022e-02,-1.08819425e-02,0.00000000e+00,3.10771439e+01,1.03570155e-01,1.63310509e-02,1.01498752e+02,1.60044299e+01
5.14000000e-01,-1.89977992e-02,-3.27259281e-02,3.95658752e-02,-2.22338877e-02,0.00000000e+00,3.11080291e+01,1.02936152e-01,1.63721840e-02,1.00877429e+02,1.60447404e+01
5.16000000e-01,-1.90653894e-02,-3.48495715e-02,3.95100980e-02,-3.35388366e-02,0.00000000e+00,3.11368426e+01,1.02182763e-01,1.63546304e-02,1.00139108e+02,1.60275378e+01
5.18000000e-01,-1.91371430e-02,-3.68915521e-02,3.94317635e-02,-4.47782446e-02,0.00000000e+00,3.11635805e+01,1.01605267e-01,1.64024429e-02,9.95731613e+01,1.60743940e+01
5.20000000e-01,-1.92129023e-02,-3.88536005e-02,3.93310425e-02,-5.59313575e-02,0.00000000e+00,3.11882394e+01,1.00925339e-01,1.63964337e-02,9.89068323e+01,1.60685051e+01
5.22000000e-01,-1.92926018e-02,-4.08822886e-02,3.92080222e-02,-6.71082293e-02,0.00000000e+00,3.12108158e+01,1.03804935e-01,1.61813837e-02,1.01728837e+02,1.58577560e+01
5.24000000e-01,-1.93764549e-02,-4.29461052e-02,3.90626865e-02,-7.81698887e-02,0.00000000e+00,3.12313068e+01,1.02422187e-01,1.64351807e-02,1.00373744e+02,1.61064771e+01
5.26000000e-01,-1.94643416e-02,-4.49429924e-02,3.88956414e-02,-8.87835075e-02,0.00000000e+00,3.12497096e+01,1.02950277e-01,1.68875553e-02,1.00891272e+02,1.65498042e+01
5.28000000e-01,-1.95561945e-02,-4.68914003e-02,3.87076777e-02,-9.92092342e-02,0.00000000e+00,3.12660217e+01,1.02031145e-01,1.65652905e-02,9.99905221e+01,1.62339847e+01
5.30000000e-01,-1.96518486e-02,-4.87519203e-02,3.84987907e-02,-1.09655707e-01,0.00000000e+00,3.12802409e+01,1.01669782e-01,1.65498725e-02,9.96363863e+01,1.62188750e+01
5.32000000e-01,-1.97511595e-02,-5.05482980e-02,3.82691664e-02,-1.19934895e-01,0.00000000e+00,3.12923654e+01,1.01335634e-01,1.65925960e-02,9.93089217e+01,1.62607440e+01
5.34000000e-01,-1.98540036e-02,-5.22872628e-02,3.80191930e-02,-1.30001173e-01,0.00000000e+00,3.13023935e+01,1.01160604e-01,1.66437880e-02,9.91373923e+01,1.63109123e+01
5.36000000e-01,-1.99602694e-02,-5.39674984e-02,3.77492954e-02,-1.39866960e-01,0.00000000e+00,3.13103239e+01,1.00823866e-01,1.66319007e-02,9.88073882e+01,1.62992627e+01
5.38000000e-01,-2.00698325e-02,-5.55861760e-02,3.74598625e-02,-1.49526819e-01,0.00000000e+00,3.13161555e+01,1.00609902e-01,1.66665121e-02,9.85977041e+01,1.63331819e+01
5.40000000e-01,-2.01825699e-02,-5.71386227e-02,3.71513268e-02,-1.58978677e-01,0.00000000e+00,3.13198875e+01,1.00190142e-01,1.66316019e-02,9.81863390e+01,1.62989699e+01
5.42000000e-01,-2.02984558e-02,-5.87941776e-02,3.68240762e-02,-1.68237994e-01,0.00000000e+00,3.13215194e+01,1.03958709e-01,1.66069477e-02,1.01879535e+02,1.62748088e+01
5.44000000e-01,-2.04177856e-02,-6.05082538e-02,3.64785425e-02,-1.77245783e-01,0.00000000e+00,3.13210511e+01,1.02524642e-01,1.66696365e-02,1.00474149e+02,1.63362438e+01
5.46000000e-01,-2.05404500e-02,-6.21642298e-02,3.61154283e-02,-1.85750783e-01,0.00000000e+00,3.13184824e+01,1.03595680e-01,1.71470858e-02,1.01523766e+02,1.68041441e+01
5.48000000e-01,-2.06664288e-02,-6.37995970e-02,3.57357736e-02,-1.93904464e-01,0.00000000e+00,3.13138140e+01,1.03064730e-01,1.68680226e-02,1.01003435e+02,1.65306621e+01
5.50000000e-01,-2.07956040e-02,-6.53683082e-02,3.53398841e-02,-2.01947699e-01,0.00000000e+00,3.13070462e+01,1.03086164e-01,1.68166515e-02,1.01024441e+02,1.64803185e+01
5.52000000e-01,-2.09278752e-02,-6.68967791e-02,3.49281630e-02,-2.09720730e-01,0.00000000e+00,3.12981801e+01,1.03197923e-01,1.68502043e-02,1.01133964e+02,1.65132002e+01
5.54000000e-01,-2.10631712e-02,-6.83953427e-02,3.45012299e-02,-2.17150594e-01,0.00000000e+00,3.12872168e+01,1.03485636e-01,1.69301119e-02,1.01415923e+02,1.65915096e+01
5.56000000e-01,-2.12014353e-02,-6.98620262e-02,3.40597831e-02,-2.24246788e-01,0.00000000e+00,3.12741578e+01,1.03575640e-01,1.69228568e-02,1.01504127e+02,1.65843997e+01
5.58000000e-01,-2.13425904e-02,-7.12854340e-02,3.36044519e-02,-2.31029281e-01,0.00000000e+00,3.12590049e+01,1.03620844e-01,1.69408885e-02,1.01548427e+02,1.66020707e+01
5.60000000e-01,-2.14865509e-02,-7.26695614e-02,3.31358828e-02,-2.37486538e-01,0.00000000e+00,3.12417601e+01,1.03827279e-01,1.69387994e-02,1.01750733e+02,1.66000234e+01
5.62000000e-01,-2.16333673e-02,-7.42016904e-02,3.26547871e-02,-2.43521866e-01,0.00000000e+00,3.12224256e+01,1.08271718e-01,1.71417392e-02,1.06106284e+02,1.67989044e+01
5.64000000e-01,-2.17833961e-02,-7.57915804e-02,3.21619908e-02,-2.49263962e-01,0.00000000e+00,3.12010042e+01,1.06395090e-01,1.68526460e-02,1.04267188e+02,1.65155931e+01
5.66000000e-01,-2.19364901e-02,-7.73161087e-02,3.16580306e-02,-2.54557136e-01,0.00000000e+00,3.11774986e+01,1.07987969e-01,1.73663007e-02,1.05828210e+02,1.70189747e+01
5.68000000e-01,-2.20926709e-02,-7.88561230e-02,3.11440928e-02,-2.59354523e-01,0.00000000e+00,3.11519121e+01,1.08025582e-01,1.71610763e-02,1.05865070e+02,1.68178547e+01
5.70000000e-01,-2.22518899e-02,-8.03591550e-02,3.06207629e-02,-2.63926304e-01,0.00000000e+00,3.11242480e+01,1.08417387e-01,1.70941201e-02,1.06249039e+02,1.67522377e+01
5.72000000e-01,-2.24140963e-02,-8.18454012e-02,3.00886173e-02,-2.68153611e-01,0.00000000e+00,3.10945100e+01,1.08951402e-01,1.71256723e-02,1.06772374e+02,1.67831589e+01
5.74000000e-01,-2.25792649e-02,-8.33217773e-02,2.95484138e-02,-2.71983033e-01,0.00000000e+00,3.10627022e+01,1.09529033e-01,1.71591512e-02,1.07338453e+02,1.68159681e+01
5.76000000e-01,-2.27473748e-02,-8.47851758e-02,2.90009464e-02,-2.75420707e-01,0.00000000e+00,3.10288288e+01,1.10014490e-01,1.71672851e-02,1.07814201e+02,1.68239394e+01
5.78000000e-01,-2.29183945e-02,-8.62318639e-02,2.84469829e-02,-2.78480497e-01,0.00000000e+00,3.09928944e+01,1.10528720e-01,1.71622287e-02,1.08318145e+02,1.68189841e+01
5.80000000e-01,-2.30922923e-02,-8.76636216e-02,2.78872821e-02,-2.81153716e-01,0.00000000e+00,3.09549037e+01,1.11079326e-01,1.71802440e-02,1.08857740e+02,1.68366392e+01
5.82000000e-01,-2.32691604e-02,-8.92624282e-02,2.73227783e-02,-2.83211625e-01,0.00000000e+00,3.09148620e+01,1.15869741e-01,1.76482262e-02,1.13552347e+02,1.72952617e+01
5.84000000e-01,-2.34493743e-02,-9.09097443e-02,2.67546259e-02,-2.84984151e-01,0.00000000e+00,3.08727744e+01,1.13677106e-01,1.69683252e-02,1.11403564e+02,1.66289587e+01
5.86000000e-01,-2.36327534e-02,-9.24881515e-02,2.61830696e-02,-2.86414822e-01,0.00000000e+00,3.08286468e+01,1.15750127e-01,1.75499177e-02,1.13435125e+02,1.71989193e+01
5.88000000e-01,-2.38193586e-02,-9.41140248e-02,2.56093659e-02,-2.87246566e-01,0.00000000e+00,3.07824849e+01,1.16302923e-01,1.74062548e-02,1.13976865e+02,1.70581297e+01
5.90000000e-01,-2.40092009e-02,-9.57270309e-02,2.50342751e-02,-2.87790712e-01,0.00000000e+00,3.07342951e+01,1.16992599e-01,1.73322720e-02,1.14652747e+02,1.69856266e+01
5.92000000e-01,-2.42022685e-02,-9.73426501e-02,2.44584535e-02,-2.87959248e-01,0.00000000e+00,3.06840837e+01,1.17933459e-01,1.73721567e-02,1.15574790e+02,1.70247135e+01
5.94000000e-01,-2.43985768e-02,-9.89661672e-02,2.38827222e-02,-2.87701668e-01,0.00000000e+00,3.06318575e+01,1.18773047e-01,1.74041381e-02,1.16397586e+02,1.70560553e+01
5.96000000e-01,-2.45981375e-02,-1.00596237e-01,2.33079211e-02,-2.87032716e-01,0.00000000e+00,3.05776234e+01,1.19708986e-01,1.74142387e-02,1.17314806e+02,1.70659540e+01
5.98000000e-01,-2.48009663e-02,-1.02233171e-01,2.27348536e-02,-2.85970506e-01,0.00000000e+00,3.05213889e+01,1.20582541e-01,1.74105120e-02,1.18170890e+02,1.70623018e+01
6.00000000e-01,-2.50070735e-02,-1.03875139e-01,2.21643047e-02,-2.84509881e-01,0.00000000e+00,3.04631614e+01,1.21502410e-01,1.74348742e-02,1.19072362e+02,1.70861767e+01
6.02000000e-01,-2.52165765e-02,-1.05681534e-01,2.15972750e-02,-2.82357935e-01,0.00000000e+00,3.04029487e+01,1.26127821e-01,1.80507409e-02,1.23605265e+02,1.76897261e+01
6.04000000e-01,-2.54298208e-02,-1.07519560e-01,2.10350573e-02,-2.79929505e-01,0.00000000e+00,3.03407588e+01,1.23974659e-01,1.72110284e-02,1.21495165e+02,1.68668078e+01
6.06000000e-01,-2.56466058e-02,-1.09284139e-01,2.04777075e-02,-2.77275319e-01,0.00000000e+00,3.02766003e+01,1.26174107e-01,1.77273629e-02,1.23650624e+02,1.73728156e+01
6.08000000e-01,-2.58669937e-02,-1.11103325e-01,1.99263360e-02,-2.74051247e-01,0.00000000e+00,3.02104815e+01,1.27042330e-01,1.76182481e-02,1.24501483e+02,1.72658832e+01
6.10000000e-01,-2.60910181e-02,-1.12921048e-01,1.93816972e-02,-2.70535179e-01,0.00000000e+00,3.01424115e+01,1.27961254e-01,1.75607950e-02,1.25402029e+02,1.72095791e+01
6.12000000e-01,-2.63186846e-02,-1.14748745e-01,1.88444318e-02,-2.66664370e-01,0.00000000e+00,3.00723993e+01,1.29126476e-01,1.75937747e-02,1.26543947e+02,1.72418992e+01
6.14000000e-01,-2.65500247e-02,-1.16593881e-01,1.83152966e-02,-2.62408306e-01,0.00000000e+00,3.00004543e+01,1.30249724e-01,1.76118281e-02,1.27644729e+02,1.72595915e+01
6.16000000e-01,-2.67850689e-02,-1.18452185e-01,1.77950429e-02,-2.57785821e-01,0.00000000e+00,2.99265862e+01,1.31345322e-01,1.76178092e-02,1.28718415e+02,1.72654530e+01
6.18000000e-01,-2.70238416e-02,-1.20322716e-01,1.72843892e-02,-2.52809597e-01,0.00000000e+00,2.98508049e+01,1.32476977e-01,1.76228145e-02,1.29827437e+02,1.72703582e+01
6.20000000e-01,-2.72663679e-02,-1.22205429e-01,1.67840349e-02,-2.47487825e-01,0.00000000e+00,2.97731205e+01,1.33602103e-01,1.76261738e-02,1.30930061e+02,1.72736503e+01
6.22000000e-01,-2.75127438e-02,-1.24208867e-01,1.62948223e-02,-2.41589532e-01,0.00000000e+00,2.96935435e+01,1.37301236e-01,1.81317062e-02,1.34555212e+02,1.77690720e+01
6.24000000e-01,-2.77632106e-02,-1.26223290e-01,1.58178294e-02,-2.35462349e-01,0.00000000e+00,2.96120845e+01,1.35895042e-01,1.74226708e-02,1.33177141e+02,1.70742174e+01
6.26000000e-01,-2.80175957e-02,-1.28175889e-01,1.53530746e-02,-2.29182527e-01,0.00000000e+00,2.95287545e+01,1.37925274e-01,1.77856413e-02,1.35166769e+02,1.74299285e+01
6.28000000e-01,-2.82759408e-02,-1.30168459e-01,1.49013953e-02,-2.22458614e-01,0.00000000e+00,2.94435646e+01,1.38929848e-01,1.77068342e-02,1.36151251e+02,1.73526975e+01
6.30000000e-01,-2.85382696e-02,-1.32161064e-01,1.44634063e-02,-2.15485569e-01,0.00000000e+00,2.93565263e+01,1.40059452e-01,1.76800438e-02,1.37258263e+02,1.73264429e+01
6.32000000e-01,-2.88045912e-02,-1.34162855e-01,1.40396433e-02,-2.08227193e-01,0.00000000e+00,2.92676512e+01,1.41310373e-01,1.76974244e-02,1.38484165e+02,1.73434759e+01
6.34000000e-01,-2.90749291e-02,-1.36176766e-01,1.36306920e-02,-2.00677083e-01,0.00000000e+00,2.91769513e+01,1.42541280e-01,1.77051179e-02,1.39690454e+02,1.73510155e+01
6.36000000e-01,-2.93493047e-02,-1.38200348e-01,1.32371205e-02,-1.92848728e-01,0.00000000e+00,2.90844387e+01,1.43767935e-01,1.77160382e-02,1.40892577e+02,1.73617175e+01
6.38000000e-01,-2.96277342e-02,-1.40229518e-01,1.28594713e-02,-1.84759113e-01,0.00000000e+00,2.89901258e+01,1.44936458e-01,1.77107191e-02,1.42037729e+02,1.73565047e+01
6.40000000e-01,-2.99102273e-02,-1.42265363e-01,1.24982565e-02,-1.76410856e-01,0.00000000e+00,2.88940253e+01,1.46221662e-01,1.77395176e-02,1.43297229e+02,1.73847273e+01
6.42000000e-01,-3.01968175e-02,-1.44333969e-01,1.21540169e-02,-1.67779088e-01,0.00000000e+00,2.87961500e+01,1.48033104e-01,1.78105341e-02,1.45072442e+02,1.74543234e+01
6.44000000e-01,-3.04875493e-02,-1.46381746e-01,1.18272523e-02,-1.58979087e-01,0.00000000e+00,2.86965131e+01,1.48099849e-01,1.76222458e-02,1.45137852e+02,1.72698009e+01
6.46000000e-01,-3.07823194e-02,-1.48391818e-01,1.15182167e-02,-1.50004900e-01,0.00000000e+00,2.85951280e+01,1.49550143e-01,1.77310268e-02,1.46559140e+02,1.73764062e+01
6.48000000e-01,-3.10811174e-02,-1.50403198e-01,1.12273885e-02,-1.40796960e-01,0.00000000e+00,2.84920082e+01,1.50561342e-01,1.76936797e-02,1.47550115e+02,1.73398061e+01
6.50000000e-01,-3.13839251e-02,-1.52404080e-01,1.09551403e-02,-1.31421897e-01,0.00000000e+00,2.83871676e+01,1.51768579e-01,1.76890766e-02,1.48733207e+02,1.73352951e+01
6.52000000e-01,-3.16907303e-02,-1.54399846e-01,1.07018180e-02,-1.21871342e-01,0.00000000e+00,2.82806203e+01,1.52938179e-01,1.76962620e-02,1.49879415e+02,1.73423367e+01
6.54000000e-01,-3.20015204e-02,-1.56389456e-01,1.04677697e-02,-1.12148701e-01,0.00000000e+00,2.81723804e+01,1.54153650e-01,1.77119740e-02,1.51070577e+02,1.73577345e+01
6.56000000e-01,-3.23162836e-02,-1.58372303e-01,1.02533279e-02,-1.02268897e-01,0.00000000e+00,2.80624626e+01,1.55341546e-01,1.77157799e-02,1.52234715e+02,1.73614643e+01
6.58000000e-01,-3.26350033e-02,-1.60345635e-01,1.00587857e-02,-9.22516790e-02,0.00000000e+00,2.79508816e+01,1.56525037e-01,1.77184082e-02,1.53394536e+02,1.73640400e+01
6.60000000e-01,-3.29576597e-02,-1.62309332e-01,9.88440134e-03,-8.21143135e-02,0.00000000e+00,2.78376523e+01,1.57742325e-01,1.77147191e-02,1.54587479e+02,1.73604247e+01
6.62000000e-01,-3.32841873e-02,-1.64192998e-01,9.73024685e-03,-7.20993200e-02,0.00000000e+00,2.77227900e+01,1.57312658e-01,1.72372166e-02,1.54166405e+02,1.68924723e+01
6.64000000e-01,-3.36143959e-02,-1.66022995e-01,9.59607233e-03,-6.19819600e-02,0.00000000e+00,2.76063100e+01,1.59176368e-01,1.77338171e-02,1.55992840e+02,1.73791408e+01
6.66000000e-01,-3.39482732e-02,-1.67843862e-01,9.48247275e-03,-5.16340133e-02,0.00000000e+00,2.74882279e+01,1.59817359e-01,1.75547031e-02,1.56621012e+02,1.72036090e+01
6.68000000e-01,-3.42857381e-02,-1.69614832e-01,9.38951052e-03,-4.13247007e-02,0.00000000e+00,2.73685597e+01,1.60757977e-01,1.75157142e-02,1.57542818e+02,1.71653999e+01
6.70000000e-01,-3.46267126e-02,-1.71355906e-01,9.31721193e-03,-3.09584171e-02,0.00000000e+00,2.72473213e+01,1.61895117e-01,1.75667771e-02,1.58657215e+02,1.72154415e+01
6.72000000e-01,-3.49711419e-02,-1.73067169e-01,9.26571778e-03,-2.05307465e-02,0.00000000e+00,2.71245290e+01,1.62866013e-01,1.75667482e-02,1.59608692e+02,1.72154132e+01
6.74000000e-01,-3.53189564e-02,-1.74741224e-01,9.23510457e-03,-1.00796408e-02,0.00000000e+00,2.70001993e+01,1.63858118e-01,1.75679698e-02,1.60580956e+02,1.72166104e+01
6.76000000e-01,-3.56700825e-02,-1.76378835e-01,9.22541183e-03,3.90392374e-04,0.00000000e+00,2.68743488e+01,1.64874059e-01,1.75883580e-02,1.61576577e+02,1.72365908e+01
6.78000000e-01,-3.60244480e-02,-1.77980791e-01,9.23666854e-03,1.08640193e-02,0.00000000e+00,2.67469944e+01,1.65911153e-01,1.75873182e-02,1.62592930e+02,1.72355719e+01
6.80000000e-01,-3.63819799e-02,-1.79544081e-01,9.26885262e-03,2.13147153e-02,0.00000000e+00,2.66181533e+01,1.66882753e-01,1.75819355e-02,1.63545098e+02,1.72302968e+01
6.82000000e-01,-3.67424851e-02,-1.80898585e-01,9.32156366e-03,3.12198934e-02,0.00000000e+00,2.64878426e+01,1.63969492e-01,1.65134619e-02,1.60690103e+02,1.61831927e+01
6.84000000e-01,-3.71055200e-02,-1.82171713e-01,9.39377923e-03,4.11955646e-02,0.00000000e+00,2.63560799e+01,1.67939722e-01,1.78290756e-02,1.64580927e+02,1.74724940e+01
6.86000000e-01,-3.74711795e-02,-1.83456210e-01,9.48652437e-03,5.14389204e-02,0.00000000e+00,2.62228828e+01,1.67214749e-01,1.72035992e-02,1.63870454e+02,1.68595272e+01
6.88000000e-01,-3.78392631e-02,-1.84618163e-01,9.59930307e-03,6.13345402e-02,0.00000000e+00,2.60882693e+01,1.68076177e-01,1.72562486e-02,1.64714653e+02,1.69111236e+01
6.90000000e-01,-3.82096178e-02,-1.85728514e-01,9.73185599e-03,7.12203369e-02,0.00000000e+00,2.59522572e+01,1.69027707e-01,1.73683074e-02,1.65647153e+02,1.70209413e+01
6.92000000e-01,-3.85821419e-02,-1.86785973e-01,9.88415617e-03,8.10637670e-02,0.00000000e+00,2.58148650e+01,1.69876861e-01,1.73808685e-02,1.66479324e+02,1.70332511e+01
6.94000000e-01,-3.89567193e-02,-1.87779839e-01,1.00560372e-02,9.07963932e-02,0.00000000e+00,2.56761109e+01,1.70595401e-01,1.73772933e-02,1.67183493e+02,1.70297475e+01
6.96000000e-01,-3.93332143e-02,-1.88703309e-01,1.02472562e-02,1.00400794e-01,0.00000000e+00,2.55360137e+01,1.71301472e-01,1.73809646e-02,1.67875442e+02,1.70333453e+01
6.98000000e-01,-3.97114863e-02,-1.89557391e-01,1.04575439e-02,1.09860598e-01,0.00000000e+00,2.53945921e+01,1.72058430e-01,1.73703226e-02,1.68617262e+02,1.70229162e+01
7.00000000e-01,-4.00913984e-02,-1.90343302e-01,1.06865998e-02,1.19172099e-01,0.00000000e+00,2.52518651e+01,1.72806538e-01,1.73930888e-02,1.69350407e+02,1.70452270e+01
7.02000000e-01,-4.04726305e-02,-1.90785731e-01,1.09335777e-02,1.27501772e-01,0.00000000e+00,2.51078518e+01,1.67142048e-01,1.56587667e-02,1.63799207e+02,1.53455913e+01
7.04000000e-01,-4.08544648e-02,-1.91113327e-01,1.11966166e-02,1.35845997e-01,0.00000000e+00,2.49625715e+01,1.73239132e-01,1.77961239e-02,1.69774350e+02,1.74402015e+01
7.06000000e-01,-4.12371163e-02,-1.91489776e-01,1.14772103e-02,1.44563191e-01,0.00000000e+00,2.48160438e+01,1.71405575e-01,1.68388430e-02,1.67977463e+02,1.65020662e+01
7.08000000e-01,-4.16203018e-02,-1.91683155e-01,1.17744708e-02,1.52682563e-01,0.00000000e+00,2.46682882e+01,1.72088482e-01,1.69626321e-02,1.68646712e+02,1.66233794e+01
7.10000000e-01,-4.20037952e-02,-1.91795943e-01,1.20878687e-02,1.60694203e-01,0.00000000e+00,2.45193246e+01,1.72652405e-01,1.70571479e-02,1.69199357e+02,1.67160049e+01
7.12000000e-01,-4.23874277e-02,-1.91821885e-01,1.24171316e-02,1.68531921e-01,0.00000000e+00,2.43691729e+01,1.73190632e-01,1.70647288e-02,1.69726819e+02,1.67234342e+01
7.14000000e-01,-4.27710214e-02,-1.91755832e-01,1.27618466e-02,1.76144917e-01,0.00000000e+00,2.42178534e+01,1.73634331e-01,1.70747855e-02,1.70161644e+02,1.67332898e+01
7.16000000e-01,-4.31543854e-02,-1.91591274e-01,1.31215543e-02,1.83522495e-01,0.00000000e+00,2.40653862e+01,1.74018939e-01,1.70814236e-02,1.70538560e+02,1.67397951e+01
7.18000000e-01,-4.35373208e-02,-1.91328193e-01,1.34957780e-02,1.90662188e-01,0.00000000e+00,2.39117919e+01,1.74459117e-01,1.71071413e-02,1.70969935e+02,1.67649985e+01
7.20000000e-01,-4.39196341e-02,-1.90969084e-01,1.38840371e-02,1.97552887e-01,0.00000000e+00,2.37570911e+01,1.74897330e-01,1.71106122e-02,1.71399384e+02,1.67684000e+01
7.22000000e-01,-4.43008926e-02,-1.90153199e-01,1.42851252e-02,2.03147347e-01,0.00000000e+00,2.36013044e+01,1.66900568e-01,1.49568732e-02,1.63562556e+02,1.46577357e+01
7.24000000e-01,-4.46801541e-02,-1.89198065e-01,1.46966106e-02,2.08717956e-01,0.00000000e+00,2.34444528e+01,1.74743743e-01,1.76462654e-02,1.71248868e+02,1.72933401e+01
7.26000000e-01,-4.50577414e-02,-1.88327607e-01,1.51202761e-02,2.14707161e-01,0.00000000e+00,2.32865573e+01,1.71964862e-01,1.64382012e-02,1.68525564e+02,1.61094372e+01
7.28000000e-01,-4.54333112e-02,-1.87227197e-01,1.55549405e-02,2.19948229e-01,0.00000000e+00,2.31276391e+01,1.72440660e-01,1.66947319e-02,1.68991847e+02,1.63608372e+01
7.30000000e-01,-4.58065839e-02,-1.86027397e-01,1.59999720e-02,2.25043768e-01,0.00000000e+00,2.29677195e+01,1.72694353e-01,1.67663989e-02,1.69240466e+02,1.64310709e+01
7.32000000e-01,-4.61773445e-02,-1.84713196e-01,1.64549390e-02,2.29874556e-01,0.00000000e+00,2.28068200e+01,1.72799309e-01,1.67869806e-02,1.69343322e+02,1.64512410e+01
7.34000000e-01,-4.65453549e-02,-1.83276317e-01,1.69192677e-02,2.34401613e-01,0.00000000e+00,2.26449621e+01,1.72837634e-01,1.67903227e-02,1.69380882e+02,1.64545162e+01
7.36000000e-01,-4.69103686e-02,-1.81717636e-01,1.73923434e-02,2.38625593e-01,0.00000000e+00,2.24821675e+01,1.72939112e-01,1.68249010e-02,1.69480330e+02,1.64884030e+01
7.38000000e-01,-4.72721430e-02,-1.80035293e-01,1.78735638e-02,2.42540183e-01,0.00000000e+00,2.23184581e+01,1.72907997e-01,1.68267510e-02,1.69449837e+02,1.64902160e+01
7.40000000e-01,-4.76304282e-02,-1.78230666e-01,1.83622891e-02,2.46132260e-01,0.00000000e+00,2.21538558e+01,1.73013754e-01,1.68446381e-02,1.69553479e+02,1.65077453e+01
7.42000000e-01,-4.79847005e-02,-1.75878426e-01,1.88570774e-02,2.48201412e-01,0.00000000e+00,2.19883828e+01,1.63012669e-01,1.43359383e-02,1.59752415e+02,1.40492195e+01
7.44000000e-01,-4.83338451e-02,-1.73380902e-01,1.93550808e-02,2.50249536e-01,0.00000000e+00,2.18220611e+01,1.72479685e-01,1.75112803e-02,1.69030092e+02,1.71610547e+01
7.46000000e-01,-4.86783106e-02,-1.71013128e-01,1.98584140e-02,2.52805366e-01,0.00000000e+00,2.16549131e+01,1.68865904e-01,1.61195045e-02,1.65488585e+02,1.57971144e+01
7.48000000e-01,-4.90177271e-02,-1.68389593e-01,2.03657476e-02,2.54529202e-01,0.00000000e+00,2.14869612e+01,1.69284628e-01,1.64889830e-02,1.65898935e+02,1.61592034e+01
7.50000000e-01,-4.93517961e-02,-1.65656621e-01,2.08764240e-02,2.56092809e-01,0.00000000e+00,2.13182280e+01,1.69046825e-01,1.65120605e-02,1.65665889e+02,1.61818193e+01
7.52000000e-01,-4.96802616e-02,-1.62785726e-01,2.13899047e-02,2.57335275e-01,0.00000000e+00,2.11487360e+01,1.68754696e-01,1.65479214e-02,1.65379602e+02,1.62169630e+01
7.54000000e-01,-5.00028442e-02,-1.59772747e-01,2.19055391e-02,2.58238890e-01,0.00000000e+00,2.09785081e+01,1.68372238e-01,1.65370423e-02,1.65004793e+02,1.62063015e+01
7.56000000e-01,-5.03192612e-02,-1.56622692e-01,2.24226380e-02,2.58809177e-01,0.00000000e+00,2.08075669e+01,1.68147337e-01,1.65867225e-02,1.64784390e+02,1.62549881e+01
7.58000000e-01,-5.06292498e-02,-1.53344894e-01,2.29405557e-02,2.59049259e-01,0.00000000e+00,2.06359356e+01,1.67931049e-01,1.65837019e-02,1.64572428e+02,1.62520279e+01
7.60000000e-01,-5.09325440e-02,-1.49921968e-01,2.34585518e-02,2.58864473e-01,8.85250185e-03,2.04636370e+01,1.67245823e-01,1.64349599e-02,1.63900907e+02,1.61062607e+01
7.62000000e-01,-5.12285063e-02,-1.45851962e-01,2.39748345e-02,2.56911279e-01,5.21410194e-02,2.02906942e+01,1.55242362e-01,1.36099488e-02,1.52137515e+02,1.33377498e+01
7.64000000e-01,-5.15158499e-02,-1.41629004e-01,2.44861779e-02,2.54929500e-01,9.54295370e-02,2.01171306e+01,1.66035192e-01,1.71064636e-02,1.62714488e+02,1.67643343e+01
7.66000000e-01,-5.17951459e-02,-1.37591396e-01,2.49949381e-02,2.53526222e-01,1.38718055e-01,1.99429693e+01,1.61869623e-01,1.55514693e-02,1.58632230e+02,1.52404400e+01
7.68000000e-01,-5.20660234e-02,-1.33265735e-01,2.54996436e-02,2.51164309e-01,1.82006572e-01,1.97682337e+01,1.61533000e-01,1.58162559e-02,1.58302340e+02,1.54999308e+01
7.70000000e-01,-5.23281163e-02,-1.28801285e-01,2.59994601e-02,2.48599596e-01,2.25295090e-01,1.95929472e+01,1.60784133e-01,1.58408375e-02,1.57568451e+02,1.55240208e+01
7.72000000e-01,-5.25811267e-02,-1.24184043e-01,2.64937953e-02,2.45664818e-01,2.68583607e-01,1.94171334e+01,1.60046803e-01,1.57468536e-02,1.56845867e+02,1.54319165e+01
7.74000000e-01,-5.28247546e-02,-1.19420055e-01,2.69818550e-02,2.42333497e-01,3.11872125e-01,1.92408159e+01,1.59363194e-01,1.57070544e-02,1.56175930e+02,1.53929133e+01
7.76000000e-01,-5.30587008e-02,-1.14496880e-01,2.74628714e-02,2.38615405e-01,3.55160643e-01,1.90640182e+01,1.58256783e-01,1.56236788e-02,1.55091648e+02,1.53112052e+01
7.78000000e-01,-5.32826290e-02,-1.09403960e-01,2.79360672e-02,2.34523221e-01,3.98449160e-01,1.88867641e+01,1.57245348e-01,1.55994745e-02,1.54100441e+02,1.52874850e+01
7.80000000e-01,-5.34962112e-02,-1.04152907e-01,2.84007171e-02,2.30060249e-01,4.41737678e-01,1.87090773e+01,1.56326510e-01,1.55109751e-02,1.53199980e+02,1.52007556e+01
7.82000000e-01,-5.36987787e-02,-9.82090889e-02,2.88551516e-02,2.23862562e-01,4.85026195e-01,1.85309818e+01,1.42734284e-01,1.26098188e-02,1.39879598e+02,1.23576224e+01
7.84000000e-01,-5.38889702e-02,-9.21491798e-02,2.92962156e-02,2.17737239e-01,5.28314713e-01,1.83525013e+01,1.55191778e-01,1.62956745e-02,1.52087942e+02,1.59697610e+01
7.86000000e-01,-5.40675525e-02,-8.63547910e-02,2.97265825e-02,2.12334876e-01,5.71603231e-01,1.81736598e+01,1.50419932e-01,1.47442095e-02,1.47411533e+02,1.44493253e+01
7.88000000e-01,-5.42341957e-02,-8.02699967e-02,3.01449533e-02,2.06029799e-01,6.14891748e-01,1.79944813e+01,1.49790888e-01,1.50011202e-02,1.46795070e+02,1.47010978e+01
7.90000000e-01,-5.43885556e-02,-7.40699533e-02,3.05506012e-02,1.99574022e-01,6.58180266e-01,1.78149899e+01,1.49012170e-01,1.50100044e-02,1.46031927e+02,1.47098043e+01
7.92000000e-01,-5.45303831e-02,-6.77311782e-02,3.09430600e-02,1.92834223e-01,7.01468783e-01,1.76352095e+01,1.47732637e-01,1.49683428e-02,1.44777984e+02,1.46689759e+01
7.94000000e-01,-5.46593798e-02,-6.12416572e-02,3.13217129e-02,1.85756776e-01,7.44757301e-01,1.74551643e+01,1.46569065e-01,1.48450778e-02,1.43637684e+02,1.45481762e+01
7.96000000e-01,-5.47752559e-02,-5.46115399e-02,3.16858644e-02,1.78345261e-01,7.88045818e-01,1.72748785e+01,1.45420167e-01,1.47903522e-02,1.42511763e+02,1.44945451e+01
7.98000000e-01,-5.48777358e-02,-4.78461807e-02,3.20348934e-02,1.70632924e-01,8.31334336e-01,1.70943763e+01,1.44272917e-01,1.47153947e-02,1.41387458e+02,1.44210868e+01
8.00000000e-01,-5.49665553e-02,-4.09528038e-02,3.23682005e-02,1.62627235e-01,8.74622854e-01,1.69136817e+01,1.43181842e-01,1.46540064e-02,1.40318205e+02,1.43609263e+01
8.02000000e-01,-5.50410674e-02,-3.33400354e-02,3.26842713e-02,1.52925132e-01,9.17911371e-01,1.67328192e+01,1.28101084e-01,1.16098979e-02,1.25539062e+02,1.13777000e+01
8.04000000e-01,-5.50998798e-02,-2.56737317e-02,3.29800513e-02,1.43448236e-01,9.61199889e-01,1.65518128e+01,1.42443079e-01,1.55533682e-02,1.39594217e+02,1.52423008e+01
8.06000000e-01,-5.51440221e-02,-1.83971349e-02,3.32587004e-02,1.34925668e-01,1.00448841e+00,1.63706870e+01,1.37597256e-01,1.40144709e-02,1.34845311e+02,1.37341815e+01
8.08000000e-01,-5.51732975e-02,-1.08642684e-02,3.35191870e-02,1.25552840e-01,1.04777692e+00,1.61894660e+01,1.36724408e-01,1.41446176e-02,1.33989920e+02,1.38617253e+01
8.10000000e-01,-5.51874229e-02,-3.24691788e-03,3.37608685e-02,1.16115060e-01,1.09106544e+00,1.60081741e+01,1.35769429e-01,1.42272430e-02,1.33054041e+02,1.39426981e+01
8.12000000e-01,-5.51862206e-02,4.46723728e-03,3.39835444e-02,1.06523035e-01,1.13435396e+00,1.58268355e+01,1.34483939e-01,1.41428642e-02,1.31794260e+02,1.38600069e+01
8.14000000e-01,-5.51694824e-02,1.22887264e-02,3.41868047e-02,9.66971352e-02,1.17764248e+00,1.56454748e+01,1.33156533e-01,1.40307061e-02,1.30493402e+02,1.37500920e+01
8.16000000e-01,-5.51369969e-02,2.02134601e-02,3.43701927e-02,8.66607702e-02,1.22093099e+00,1.54641160e+01,1.31838479e-01,1.39671641e-02,1.29201710e+02,1.36878208e+01
8.18000000e-01,-5.50885638e-02,2.82353044e-02,3.45333308e-02,7.64489892e-02,1.26421951e+00,1.52827837e+01,1.30524620e-01,1.38997186e-02,1.27914127e+02,1.36217242e+01
8.20000000e-01,-5.50239992e-02,3.63417926e-02,3.46758848e-02,6.60815417e-02,1.30750803e+00,1.51015020e+01,1.29366555e-01,1.38482908e-02,1.26779224e+02,1.35713250e+01
8.22000000e-01,-5.49427059e-02,4.51842239e-02,3.47965830e-02,5.41033986e-02,1.35079655e+00,1.49202954e+01,1.12699105e-01,1.06959715e-02,1.10445123e+02,1.04820520e+01
8.24000000e-01,-5.48432755e-02,5.40068653e-02,3.48925493e-02,4.25013882e-02,1.39408506e+00,1.47391880e+01,1.29054301e-01,1.47798847e-02,1.26473215e+02,1.44842870e+01
8.26000000e-01,-5.47270404e-02,6.22867278e-02,3.49673945e-02,3.21082062e-02,1.43737358e+00,1.45582043e+01,1.24467111e-01,1.33443718e-02,1.21977768e+02,1.30774843e+01
8.28000000e-01,-5.45939970e-02,7.07640606e-02,3.50205091e-02,2.10055108e-02,1.48066210e+00,1.43773684e+01,1.23388443e-01,1.33710243e-02,1.20920674e+02,1.31036038e+01
8.30000000e-01,-5.44439664e-02,7.92680239e-02,3.50514688e-02,9.98126700e-03,1.52395062e+00,1.41967047e+01,1.22654793e-01,1.35577809e-02,1.20201697e+02,1.32866253e+01
8.32000000e-01,-5.42769063e-02,8.77998275e-02,3.50604447e-02,-1.02709944e-03,1.56723914e+00,1.40162373e+01,1.21408925e-01,1.34216579e-02,1.18980747e+02,1.31532247e+01
8.34000000e-01,-5.40927298e-02,9.63874269e-02,3.50472750e-02,-1.21635425e-02,1.61052765e+00,1.38359905e+01,1.19882517e-01,1.32746710e-02,1.17484867e+02,1.30091775e+01
8.36000000e-01,-5.38913258e-02,1.05021157e-01,3.50117393e-02,-2.33768544e-02,1.65381617e+00,1.36559884e+01,1.18722087e-01,1.32141196e-02,1.16347645e+02,1.29498372e+01
8.38000000e-01,-5.36726255e-02,1.13684428e-01,3.49537669e-02,-3.45912271e-02,1.69710469e+00,1.34762551e+01,1.17442235e-01,1.31942059e-02,1.15093391e+02,1.29303218e+01
8.40000000e-01,-5.34365685e-02,1.22377194e-01,3.48733713e-02,-4.58102742e-02,1.74039321e+00,1.32968149e+01,1.16141364e-01,1.30940337e-02,1.13818537e+02,1.28321531e+01
8.42000000e-01,-5.31826962e-02,1.31700718e-01,3.47696715e-02,-5.83105863e-02,1.78368172e+00,1.31176917e+01,1.00667851e-01,1.03616167e-02,9.86544942e+01,1.01543844e+01
8.44000000e-01,-5.29098425e-02,1.40908923e-01,3.46404764e-02,-7.02898449e-02,1.82697024e+00,1.29389095e+01,1.16647290e-01,1.40082935e-02,1.14314345e+02,1.37281276e+01
8.46000000e-01,-5.26194640e-02,1.49511912e-01,3.44893338e-02,-8.10365525e-02,1.87025876e+00,1.27604924e+01,1.12474625e-01,1.27371366e-02,1.10225132e+02,1.24823938e+01
8.48000000e-01,-5.23117170e-02,1.58231609e-01,3.43159915e-02,-9.22912730e-02,1.91354728e+00,1.25824643e+01,1.11443546e-01,1.26989413e-02,1.09214675e+02,1.24449625e+01
8.50000000e-01,-5.19865761e-02,1.66893451e-01,3.41203286e-02,-1.03306255e-01,1.95683579e+00,1.24048489e+01,1.11207746e-01,1.29653520e-02,1.08983591e+02,1.27060450e+01
8.52000000e-01,-5.16441792e-02,1.75501364e-01,3.39028964e-02,-1.14126319e-01,2.00012431e+00,1.22276703e+01,1.09943774e-01,1.28018736e-02,1.07744899e+02,1.25458361e+01
8.54000000e-01,-5.12845790e-02,1.84096823e-01,3.36638312e-02,-1.24934497e-01,2.04341283e+00,1.20509521e+01,1.08598343e-01,1.26531929e-02,1.06426376e+02,1.24001291e+01
8.56000000e-01,-5.09078068e-02,1.92669894e-01,3.34032032e-02,-1.35675592e-01,2.08670135e+00,1.18747180e+01,1.07426262e-01,1.25747465e-02,1.05277737e+02,1.23232516e+01
8.58000000e-01,-5.05139299e-02,2.01197189e-01,3.31212255e-02,-1.46271728e-01,2.12998986e+00,1.16989917e+01,1.06487514e-01,1.25589716e-02,1.04357763e+02,1.23077922e+01
8.60000000e-01,-5.01030529e-02,2.09672290e-01,3.28182244e-02,-1.56705661e-01,2.17327838e+00,1.15237967e+01,1.05326435e-01,1.24866244e-02,1.03219906e+02,1.22368919e+01
8.62000000e-01,-4.96748290e-02,2.18765071e-01,3.24936494e-02,-1.68269712e-01,2.21656690e+00,1.13491565e+01,8.85944852e-02,9.72772749e-03,8.68225955e+01,9.53317294e+00
8.64000000e-01,-4.92281261e-02,2.27657583e-01,3.21455586e-02,-1.79214478e-01,2.25985542e+00,1.11750946e+01,1.06397109e-01,1.32939482e-02,1.04269166e+02,1.30280692e+01
8.66000000e-01,-4.87647119e-02,2.35780179e-01,3.17777429e-02,-1.88732122e-01,2.30314393e+00,1.10016342e+01,1.02835444e-01,1.22016381e-02,1.00778735e+02,1.19576053e+01
8.68000000e-01,-4.82849914e-02,2.43923803e-01,3.13904405e-02,-1.98534031e-01,2.34643245e+00,1.08287987e+01,1.02022949e-01,1.21480021e-02,9.99824901e+01,1.19050420e+01
8.70000000e-01,-4.77891030e-02,2.51938082e-01,3.09838454e-02,-2.07978129e-01,2.38972097e+00,1.06566112e+01,1.01842660e-01,1.23757224e-02,9.98058065e+01,1.21282080e+01
8.72000000e-01,-4.72773243e-02,2.59824432e-01,3.05587535e-02,-2.17084044e-01,2.43300949e+00,1.04850949e+01,1.00866780e-01,1.22543031e-02,9.88494440e+01,1.20092171e+01
8.74000000e-01,-4.67498673e-02,2.67617605e-01,3.01156317e-02,-2.26006162e-01,2.47629800e+00,1.03142727e+01,9.97460757e-02,1.21321370e-02,9.77511541e+01,1.18894943e+01
8.76000000e-01,-4.62069258e-02,2.75302991e-01,2.96548661e-02,-2.34722375e-01,2.51958652e+00,1.01441675e+01,9.89847239e-02,1.20318347e-02,9.70050294e+01,1.17911980e+01
8.78000000e-01,-4.56487400e-02,2.82861493e-01,2.91769194e-02,-2.43172894e-01,2.56287504e+00,9.97480219e+00,9.81853541e-02,1.20105161e-02,9.62216470e+01,1.17703057e+01
8.80000000e-01,-4.50755661e-02,2.90290538e-01,2.86823713e-02,-2.51328403e-01,2.60616356e+00,9.80619943e+00,9.73612390e-02,1.19479132e-02,9.54140142e+01,1.17089549e+01
8.82000000e-01,-4.44872712e-02,2.98179540e-01,2.81711302e-02,-2.60197158e-01,2.64945207e+00,9.63838184e+00,8.26664444e-02,9.78657090e-03,8.10131156e+01,9.59083948e+00
8.84000000e-01,-4.38830244e-02,3.05803948e-01,2.76420046e-02,-2.68433121e-01,2.69274059e+00,9.47137193e+00,9.86436561e-02,1.25238140e-02,9.66707830e+01,1.22733377e+01
8.86000000e-01,-4.32645929e-02,3.12622139e-01,2.70982803e-02,-2.75345246e-01,2.73602911e+00,9.30519210e+00,9.64850403e-02,1.17913594e-02,9.45553394e+01,1.15555322e+01
8.88000000e-01,-4.26326020e-02,3.19341123e-01,2.65405960e-02,-2.82298815e-01,2.77931763e+00,9.13986463e+00,9.58303025e-02,1.16429866e-02,9.39136964e+01,1.14101269e+01
8.90000000e-01,-4.19873607e-02,3.25861614e-01,2.59693603e-02,-2.88839597e-01,2.82260615e+00,8.97541171e+00,9.58827812e-02,1.18444562e-02,9.39651256e+01,1.16075671e+01
8.92000000e-01,-4.13292894e-02,3.32181246e-01,2.53855101e-02,-2.94971741e-01,2.86589466e+00,8.81185537e+00,9.51777224e-02,1.16691671e-02,9.32741679e+01,1.14357838e+01
8.94000000e-01,-4.06587565e-02,3.38319795e-01,2.47896689e-02,-3.00810522e-01,2.90918318e+00,8.64921757e+00,9.46656851e-02,1.16114318e-02,9.27723714e+01,1.13792032e+01
8.96000000e-01,-3.99761354e-02,3.44270635e-01,2.41824956e-02,-3.06307905e-01,2.95247170e+00,8.48752011e+00,9.40159792e-02,1.15206354e-02,9.21356597e+01,1.12902227e+01
8.98000000e-01,-3.92818017e-02,3.50029758e-01,2.35646660e-02,-3.11462270e-01,2.99576022e+00,8.32678467e+00,9.35011847e-02,1.14509423e-02,9.16311610e+01,1.12219235e+01
9.00000000e-01,-3.85761551e-02,3.55580830e-01,2.29369093e-02,-3.16222567e-01,3.03904873e+00,8.16703281e+00,9.31400439e-02,1.14529635e-02,9.12772431e+01,1.12239043e+01
9.02000000e-01,-3.78593171e-02,3.61373805e-01,2.22996165e-02,-3.21221708e-01,3.08233725e+00,8.00828596e+00,8.20199469e-02,1.00411656e-02,8.03795480e+01,9.84034229e+00
9.04000000e-01,-3.71308722e-02,3.66848272e-01,2.16524280e-02,-3.25612596e-01,3.12562577e+00,7.85056541e+00,9.46595193e-02,1.18070709e-02,9.27663289e+01,1.15709295e+01
9.06000000e-01,-3.63924162e-02,3.71584482e-01,2.09978536e-02,-3.28972310e-01,3.16891429e+00,7.69389231e+00,9.32622808e-02,1.12718637e-02,9.13970352e+01,1.10464264e+01
9.08000000e-01,-3.56446644e-02,3.76125448e-01,2.03366329e-02,-3.32190917e-01,3.21220280e+00,7.53828767e+00,9.31364407e-02,1.11599893e-02,9.12737119e+01,1.09367895e+01
9.10000000e-01,-3.48880920e-02,3.80400130e-01,1.96693919e-02,-3.34956623e-01,3.25549132e+00,7.38377236e+00,9.33261762e-02,1.12704677e-02,9.14596527e+01,1.10450583e+01
9.12000000e-01,-3.41232381e-02,3.84413512e-01,1.89971108e-02,-3.37265681e-01,3.29877984e+00,7.23036710e+00,9.30151631e-02,1.11590608e-02,9.11548598e+01,1.09358796e+01
9.14000000e-01,-3.33505999e-02,3.88183894e-01,1.83205655e-02,-3.39220300e-01,3.34206836e+00,7.07809246e+00,9.27127555e-02,1.10487639e-02,9.08585004e+01,1.08277886e+01
9.16000000e-01,-3.25706708e-02,3.91701969e-01,1.76404860e-02,-3.40790359e-01,3.38535687e+00,6.92696887e+00,9.25586546e-02,1.09953801e-02,9.07074815e+01,1.07754725e+01
9.18000000e-01,-3.17839654e-02,3.94960128e-01,1.69576657e-02,-3.41967927e-01,3.42864539e+00,6.77701660e+00,9.23777112e-02,1.08976501e-02,9.05301570e+01,1.06796971e+01
9.20000000e-01,-3.09910056e-02,3.97955268e-01,1.62728755e-02,-3.42753826e-01,3.47193391e+00,6.62825576e+00,9.22439725e-02,1.08395724e-02,9.03990930e+01,1.06227809e+01
9.22000000e-01,-3.01921710e-02,4.00910313e-01,1.55868670e-02,-3.43214847e-01,3.51522243e+00,6.48070629e+00,8.68054777e-02,1.05997618e-02,8.50693682e+01,1.03877666e+01
9.24000000e-01,-2.93876014e-02,4.03509833e-01,1.49003842e-02,-3.43123742e-01,3.55851094e+00,6.33438798e+00,9.39949378e-02,1.10178162e-02,9.21150390e+01,1.07974599e+01
9.26000000e-01,-2.85785073e-02,4.05546014e-01,1.42147064e-02,-3.42531157e-01,3.60179946e+00,6.18932046e+00,9.33728312e-02,1.06725977e-02,9.15053746e+01,1.04591458e+01
9.28000000e-01,-2.77655942e-02,4.07316926e-01,1.35304538e-02,-3.41647361e-01,3.64508798e+00,6.04552319e+00,9.35649853e-02,1.06512339e-02,9.16936856e+01,1.04382092e+01
9.30000000e-01,-2.69494396e-02,4.08787815e-01,1.28484054e-02,-3.40331004e-01,3.68837650e+00,5.90301544e+00,9.37272713e-02,1.06056812e-02,9.18527259e+01,1.03935676e+01
9.32000000e-01,-2.61306414e-02,4.09960999e-01,1.21693995e-02,-3.38610120e-01,3.73166501e+00,5.76181634e+00,9.38425198e-02,1.05296507e-02,9.19656694e+01,1.03190576e+01
9.34000000e-01,-2.53097897e-02,4.10843033e-01,1.14942031e-02,-3.36531924e-01,3.77495353e+00,5.62194481e+00,9.38336172e-02,1.03902897e-02,9.19569449e+01,1.01824839e+01
9.36000000e-01,-2.44874649e-02,4.11431607e-01,1.08235150e-02,-3.34088980e-01,3.81824205e+00,5.48341961e+00,9.39896446e-02,1.03361599e-02,9.21098517e+01,1.01294367e+01
9.38000000e-01,-2.36642688e-02,4.11711928e-01,1.01581329e-02,-3.31217507e-01,3.86153057e+00,5.34625933e+00,9.43180847e-02,1.03380851e-02,9.24317230e+01,1.01313234e+01
9.40000000e-01,-2.28408201e-02,4.11687901e-01,9.49890914e-03,-3.27949753e-01,3.90481908e+00,5.21048235e+00,9.43795208e-02,1.02248970e-02,9.24919304e+01,1.00203990e+01
9.42000000e-01,-2.20177535e-02,4.11309474e-01,8.84691215e-03,-3.23814765e-01,3.94810760e+00,5.07610689e+00,9.58792852e-02,1.12253924e-02,9.39616995e+01,1.10008845e+01
9.44000000e-01,-2.11958132e-02,4.10584709e-01,8.20389769e-03,-3.19308357e-01,3.99139612e+00,4.94315098e+00,9.57600253e-02,1.00840318e-02,9.38448248e+01,9.88235120e+00
9.46000000e-01,-2.03756132e-02,4.09562110e-01,7.56957517e-03,-3.14957275e-01,4.03468464e+00,4.81163243e+00,9.61394247e-02,9.99143757e-03,9.42166362e+01,9.79160882e+00
9.48000000e-01,-1.95577836e-02,4.08211189e-01,6.94434209e-03,-3.10195999e-01,4.07797316e+00,4.68156888e+00,9.67506117e-02,1.00499251e-02,9.48155995e+01,9.84892657e+00
9.50000000e-01,-1.87429856e-02,4.06534489e-01,6.32906185e-03,-3.05028749e-01,4.12126167e+00,4.55297779e+00,9.70939420e-02,9.96252334e-03,9.51520632e+01,9.76327287e+00
9.52000000e-01,-1.79318528e-02,4.04547135e-01,5.72443870e-03,-2.99544120e-01,4.16455019e+00,4.42587640e+00,9.73803897e-02,9.85013495e-03,9.54327819e+01,9.65313225e+00
9.54000000e-01,-1.71250040e-02,4.02249412e-01,5.13109763e-03,-2.93741143e-01,4.20783871e+00,4.30028175e+00,9.77507516e-02,9.78076148e-03,9.57957366e+01,9.58514625e+00
9.56000000e-01,-1.63230640e-02,3.99638377e-01,4.54969322e-03,-2.87609572e-01,4.25112723e+00,4.17621069e+00,9.81447789e-02,9.70679653e-03,9.61818834e+01,9.51266060e+00
9.58000000e-01,-1.55266568e-02,3.96717935e-01,3.98086481e-03,-2.81169830e-01,4.29441574e+00,4.05367985e+00,9.84677691e-02,9.61239238e-03,9.64984137e+01,9.42014454e+00
9.60000000e-01,-1.47363968e-02,3.93490734e-01,3.42521094e-03,-2.74434548e-01,4.33770426e+00,3.93270567e+00,9.88488597e-02,9.53061579e-03,9.68718825e+01,9.34000348e+00
9.62000000e-01,-1.39531105e-02,3.89638556e-01,2.88405034e-03,-2.66313892e-01,4.38099278e+00,3.81330437e+00,1.06662562e-01,1.17440597e-02,1.04529311e+02,1.15091785e+01
9.64000000e-01,-1.31780440e-02,3.85484253e-01,2.36002346e-03,-2.58091033e-01,4.42428130e+00,3.69549197e+00,9.95644632e-02,8.99302057e-03,9.75731740e+01,8.81316016e+00
9.66000000e-01,-1.24111879e-02,3.81308427e-01,1.85111999e-03,-2.50717453e-01,4.46756981e+00,3.57928426e+00,1.00888668e-01,9.23144554e-03,9.88708944e+01,9.04681663e+00
9.68000000e-01,-1.16530506e-02,3.76772145e-01,1.35749919e-03,-2.42825602e-01,4.51085833e+00,3.46469684e+00,1.01780191e-01,9.37251070e-03,9.97445872e+01,9.18506049e+00
9.70000000e-01,-1.09043084e-02,3.71922255e-01,8.80016880e-04,-2.34634833e-01,4.55414685e+00,3.35174507e+00,1.02085078e-01,9.17342460e-03,1.00043376e+02,8.98995611e+00
9.72000000e-01,-1.01655563e-02,3.66780340e-01,4.19075609e-04,-2.26270466e-01,4.59743537e+00,3.24044409e+00,1.02552639e-01,9.07500375e-03,1.00501586e+02,8.89350367e+00
9.74000000e-01,-9.43738407e-03,3.61342886e-01,-2.49248741e-05,-2.17695958e-01,4.64072388e+00,3.13080883e+00,1.03024779e-01,8.97673955e-03,1.00964283e+02,8.79720476e+00
9.76000000e-01,-8.72038294e-03,3.55608115e-01,-4.51559766e-04,-2.08898790e-01,4.68401240e+00,3.02285401e+00,1.03623857e-01,8.92931547e-03,1.01551380e+02,8.75072916e+00
9.78000000e-01,-8.01514779e-03,3.49579087e-01,-8.60375335e-04,-1.99884599e-01,4.72730092e+00,2.91659408e+00,1.04119366e-01,8.84458084e-03,1.02036978e+02,8.66768922e+00
9.80000000e-01,-7.32225816e-03,3.43262722e-01,-1.25097264e-03,-1.90682149e-01,4.77058944e+00,2.81204332e+00,1.04656334e-01,8.76273211e-03,1.02563207e+02,8.58747747e+00
9.82000000e-01,-6.64269927e-03,3.36042869e-01,-1.62183371e-03,-1.79574645e-01,4.81387795e+00,2.70921573e+00,1.19655621e-01,1.23092049e-02,1.17262509e+02,1.20630208e+01
9.84000000e-01,-5.97823202e-03,3.28605012e-01,-1.96941627e-03,-1.68684529e-01,4.85716647e+00,2.60812511e+00,1.04295202e-01,7.80516634e-03,1.02209298e+02,7.64906301e+00
9.86000000e-01,-5.32806271e-03,3.21491907e-01,-2.29764362e-03,-1.59402027e-01,4.90045499e+00,2.50878502e+00,1.06730779e-01,8.46219185e-03,1.04596163e+02,8.29294801e+00
9.88000000e-01,-4.69250772e-03,3.14013836e-01,-2.60662794e-03,-1.49524924e-01,4.94374351e+00,2.41120877e+00,1.07604955e-01,8.60782109e-03,1.05452856e+02,8.43566467e+00
9.90000000e-01,-4.07218544e-03,3.06268677e-01,-2.89564774e-03,-1.39504472e-01,4.98703202e+00,2.31540946e+00,1.07876618e-01,8.34610270e-03,1.05719085e+02,8.17918064e+00
9.92000000e-01,-3.46759583e-03,2.98279300e-01,-3.16464000e-03,-1.29475293e-01,5.03032054e+00,2.22139993e+00,1.08343809e-01,8.23777577e-03,1.06176933e+02,8.07302026e+00
9.94000000e-01,-2.87923332e-03,2.90042314e-01,-3.41350471e-03,-1.19379805e-01,5.07360906e+00,2.12919279e+00,1.08826200e-01,8.12564808e-03,1.06649676e+02,7.96313512e+00
9.96000000e-01,-2.30759217e-03,2.81556957e-01,-3.64210656e-03,-1.09205324e-01,5.11689758e+00,2.03880041e+00,1.09446618e-01,8.07286112e-03,1.07257685e+02,7.91140389e+00
9.98000000e-01,-1.75316928e-03,2.72825930e-01,-3.85027379e-03,-9.89525296e-02,5.16018610e+00,1.95023491e+00,1.10005513e-01,7.98846660e-03,1.07805403e+02,7.82869727e+00
1.00000000e+00,-1.21644723e-03,2.63856736e-01,-4.03788123e-03,-8.86465805e-02,5.20347461e+00,1.86350816e+00,1.10594097e-01,7.91221847e-03,1.08382216e+02,7.75397410e+00
1.00200000e+00,-6.98531593e-04,2.53703744e-01,-4.20325588e-03,-7.59346584e-02,5.24676313e+00,1.77863180e+00,1.33399845e-01,1.27974932e-02,1.30731848e+02,1.25415434e+01
1.00400000e+00,-2.01701850e-04,2.43446342e-01,-4.34198748e-03,-6.37738723e-02,5.29005165e+00,1.69561721e+00,1.08934950e-01,6.55183276e-03,1.06756251e+02,6.42079611e+00
1.00600000e+00,2.75740271e-04,2.33918660e-01,-4.45992964e-03,-5.39803564e-02,5.33334017e+00,1.61447553e+00,1.12412157e-01,7.65618028e-03,1.10163914e+02,7.50305667e+00
1.00800000e+00,7.33749962e-04,2.24056752e-01,-4.55749672e-03,-4.35686130e-02,5.37662868e+00,1.53521763e+00,1.12965972e-01,7.70586936e-03,1.10706653e+02,7.55175197e+00
1.01000000e+00,1.17183959e-03,2.14003317e-01,-4.63422759e-03,-3.31921090e-02,5.41991720e+00,1.45785415e+00,1.13270489e-01,7.46834983e-03,1.11005080e+02,7.31898283e+00
1.01200000e+00,1.58964736e-03,2.03776084e-01,-4.69036094e-03,-2.29592752e-02,5.46320572e+00,1.38239546e+00,1.13574846e-01,7.31993072e-03,1.11303349e+02,7.17353211e+00
1.01400000e+00,1.98682901e-03,1.93376488e-01,-4.72612828e-03,-1.28218217e-02,5.50649424e+00,1.30885168e+00,1.14013543e-01,7.21290679e-03,1.11733272e+02,7.06864866e+00
1.01600000e+00,2.36303618e-03,1.82801207e-01,-4.74169095e-03,-2.74844418e-03,5.54978275e+00,1.23723268e+00,1.14565995e-01,7.15908830e-03,1.12274675e+02,7.01590654e+00
1.01800000e+00,2.71791928e-03,1.72054101e-01,-4.73716006e-03,7.26793724e-03,5.59307127e+00,1.16754805e+00,1.15087910e-01,7.09565152e-03,1.12786152e+02,6.95373849e+00
1.02000000e+00,3.05114415e-03,1.61144362e-01,-4.71267411e-03,1.72019653e-02,5.63635979e+00,1.09980715e+00,1.15601649e-01,7.01714725e-03,1.13289616e+02,6.87680430e+00
1.02200000e+00,3.36157180e-03,1.48847329e-01,-4.66647860e-03,2.99459539e-02,5.67964831e+00,1.03401906e+00,1.44922775e-01,1.30549433e-02,1.42024319e+02,1.27938444e+01
1.02400000e+00,3.64654850e-03,1.36572807e-01,-4.59345525e-03,4.18428663e-02,5.72293682e+00,9.70192602e-01,1.12697386e-01,5.33809256e-03,1.10443438e+02,5.23133071e+00
1.02600000e+00,3.90860228e-03,1.25407124e-01,-4.50114147e-03,5.06884491e-02,5.76622534e+00,9.08336337e-01,1.16827663e-01,6.77855299e-03,1.14491110e+02,6.64298193e+00
1.02800000e+00,4.14799173e-03,1.13963550e-01,-4.39028765e-03,6.01547021e-02,5.80951386e+00,8.48458560e-01,1.17190116e-01,6.79537488e-03,1.14846314e+02,6.65946738e+00
1.03000000e+00,4.36438780e-03,1.02416964e-01,-4.26063015e-03,6.94597385e-02,5.85280238e+00,7.90567301e-01,1.17421222e-01,6.62156854e-03,1.15072797e+02,6.48913717e+00
1.03200000e+00,4.55760681e-03,9.07912193e-02,-4.11264674e-03,7.84677342e-02,5.89609089e+00,7.34670326e-01,1.17415152e-01,6.37959136e-03,1.15066849e+02,6.25199953e+00
1.03400000e+00,4.72750357e-03,7.90918087e-02,-3.94693974e-03,8.72049697e-02,5.93937941e+00,6.80775129e-01,1.17707980e-01,6.28638631e-03,1.15353820e+02,6.16065859e+00
1.03600000e+00,4.87392039e-03,6.73119158e-02,-3.76396279e-03,9.57383361e-02,5.98266793e+00,6.28888940e-01,1.18052543e-01,6.20956895e-03,1.15691492e+02,6.08537757e+00
1.03800000e+00,4.99669974e-03,5.54547863e-02,-3.56411398e-03,1.04080349e-01,6.02595645e+00,5.79018716e-01,1.18462169e-01,6.16681640e-03,1.16092925e+02,6.04348007e+00
1.04000000e+00,5.09569312e-03,4.35280407e-02,-3.34777453e-03,1.12222682e-01,6.06924496e+00,5.31171146e-01,1.18822542e-01,6.09615867e-03,1.16446091e+02,5.97423550e+00
1.04200000e+00,5.16979980e-03,3.00832635e-02,-3.11306414e-03,1.23603175e-01,6.11253348e+00,4.85352647e-01,1.53276729e-01,1.32948276e-02,1.50211194e+02,1.30289311e+01
1.04400000e+00,5.21612568e-03,1.67876907e-02,-2.85406658e-03,1.33926978e-01,6.15582200e+00,4.41569364e-01,1.14901371e-01,4.24335128e-03,1.12603344e+02,4.15848425e+00
1.04600000e+00,5.23791966e-03,4.94570335e-03,-2.57985048e-03,1.40509613e-01,6.19911052e+00,3.99827168e-01,1.19084295e-01,5.83125032e-03,1.16702609e+02,5.71462531e+00
1.04800000e+00,5.23577074e-03,-7.10290982e-03,-2.29160430e-03,1.47727955e-01,6.24239903e+00,3.60131658e-01,1.19698067e-01,5.98653088e-03,1.17304105e+02,5.86680026e+00
1.05000000e+00,5.20950672e-03,-1.91534801e-02,-1.98911865e-03,1.54676362e-01,6.28568755e+00,3.22488157e-01,1.19295211e-01,5.69391046e-03,1.16909307e+02,5.58003225e+00
1.05200000e+00,5.15918117e-03,-3.11675151e-02,-1.67320601e-03,1.61164079e-01,6.32897607e+00,2.86901715e-01,1.19206098e-01,5.46816775e-03,1.16821976e+02,5.35880439e+00
1.05400000e+00,5.08485502e-03,-4.31540163e-02,-1.34470980e-03,1.67280634e-01,6.37226459e+00,2.53377102e-01,1.19209621e-01,5.38160408e-03,1.16825429e+02,5.27397200e+00
1.05600000e+00,4.98658315e-03,-5.51134597e-02,-1.00429354e-03,1.73082124e-01,6.41555311e+00,2.21918817e-01,1.19327214e-01,5.29076508e-03,1.16940669e+02,5.18494977e+00
1.05800000e+00,4.86441956e-03,-6.70453260e-02,-6.52578130e-04,1.78588405e-01,6.45884162e+00,1.92531076e-01,1.19513753e-01,5.26214271e-03,1.17123478e+02,5.15689985e+00
1.06000000e+00,4.71842539e-03,-7.89418799e-02,-2.90133105e-04,1.83804943e-01,6.50213014e+00,1.65217823e-01,1.19645258e-01,5.19822448e-03,1.17252353e+02,5.09425999e+00
1.06200000e+00,4.54765657e-03,-9.23315281e-02,8.49027937e-05,1.92412675e-01,6.54541866e+00,1.39982719e-01,1.55744845e-01,1.29129988e-02,1.52629948e+02,1.26547389e+01
1.06400000e+00,4.34927900e-03,-1.05451643e-01,4.78717375e-04,1.99820547e-01,6.58870718e+00,1.16829149e-01,1.14910409e-01,3.23863915e-03,1.12612200e+02,3.17386637e+00
1.06600000e+00,4.12696169e-03,-1.16904296e-01,8.81415202e-04,2.03074001e-01,6.63199569e+00,9.57602187e-02,1.18548928e-01,4.76690410e-03,1.16177950e+02,4.67156602e+00
1.06800000e+00,3.88157478e-03,-1.28487502e-01,1.29146991e-03,2.07012185e-01,6.67528421e+00,7.67787531e-02,1.19917012e-01,5.26008466e-03,1.17518671e+02,5.15488296e+00
1.07000000e+00,3.61307170e-03,-1.39980691e-01,1.70927552e-03,2.10667789e-01,6.71857273e+00,5.98872981e-02,1.18590239e-01,4.76909272e-03,1.16218434e+02,4.67371087e+00
1.07200000e+00,3.32175873e-03,-1.51313825e-01,2.13374409e-03,2.13727992e-01,6.76186125e+00,4.50881189e-02,1.18508723e-01,4.61544133e-03,1.16138549e+02,4.52313251e+00
1.07400000e+00,3.00790250e-03,-1.62517811e-01,2.56390214e-03,2.16360218e-01,6.80514976e+00,3.23832004e-02,1.18088621e-01,4.48417672e-03,1.15726849e+02,4.39449319e+00
1.07600000e+00,2.67178098e-03,-1.73581565e-01,2.99891818e-03,2.18592321e-01,6.84843828e+00,2.17742464e-02,1.17930476e-01,4.39609602e-03,1.15571866e+02,4.30817410e+00
1.07800000e+00,2.31366513e-03,-1.84511993e-01,3.43803583e-03,2.20471069e-01,6.89172680e+00,1.32626798e-02,1.17851863e-01,4.36900758e-03,1.15494825e+02,4.28162742e+00
1.08000000e+00,1.93382763e-03,-1.95300495e-01,3.88057198e-03,2.22004137e-01,6.93501532e+00,6.84964195e-03,1.17670605e-01,4.30205591e-03,1.15317193e+02,4.21601479e+00
1.08200000e+00,1.53149802e-03,-2.07536588e-01,4.32847159e-03,2.27165452e-01,6.97830383e+00,2.53599301e-03,1.54914656e-01,1.26229712e-02,1.51816363e+02,1.23705118e+01
1.08400000e+00,1.10392522e-03,-2.19406841e-01,4.78841739e-03,2.31102663e-01,7.02159235e+00,3.22311488e-04,1.12561290e-01,2.38743494e-03,1.10310064e+02,2.33968624e+00
1.08600000e+00,6.55108859e-04,-2.29419865e-01,5.24982490e-03,2.30454163e-01,7.06488087e+00,0.00000000e+00,1.15139112e-01,3.65703638e-03,1.12836329e+02,3.58389565e+00
1.08800000e+00,1.86216527e-04,-2.39476733e-01,5.71072193e-03,2.30537430e-01,7.10816939e+00,0.00000000e+00,1.17372472e-01,4.58184307e-03,1.15025022e+02,4.49020621e+00
1.09000000e+00,-3.02694275e-04,-2.49377916e-01,6.17185985e-03,2.30448587e-01,7.15145790e+00,0.00000000e+00,1.15451647e-01,3.95452146e-03,1.13142614e+02,3.87543103e+00
1.09200000e+00,-8.11106202e-04,-2.58995710e-01,6.63203086e-03,2.29631684e-01,7.19474642e+00,0.00000000e+00,1.14861300e-01,3.71132611e-03,1.12564074e+02,3.63709959e+00
1.09400000e+00,-1.33852437e-03,-2.68384403e-01,7.09007889e-03,2.28353288e-01,7.23803494e+00,0.00000000e+00,1.14365122e-01,3.64069761e-03,1.12077819e+02,3.56788366e+00
1.09600000e+00,-1.88449077e-03,-2.77543540e-01,7.54519204e-03,2.26696975e-01,7.28132346e+00,0.00000000e+00,1.13916538e-01,3.56889028e-03,1.11638207e+02,3.49751247e+00
1.09800000e+00,-2.44854523e-03,-2.86472729e-01,7.99662794e-03,2.24682422e-01,7.32461197e+00,0.00000000e+00,1.13559768e-01,3.53445882e-03,1.11288573e+02,3.46376964e+00
1.10000000e+00,-3.03023812e-03,-2.95186588e-01,8.44375330e-03,2.22415261e-01,7.32941700e+00,0.00000000e+00,1.13597659e-01,3.67832851e-03,1.11325706e+02,3.60476194e+00
1.10200000e+00,-3.63012273e-03,-3.05147075e-01,8.88867278e-03,2.23723239e-01,7.32941700e+00,0.00000000e+00,1.47548327e-01,1.16742464e-02,1.44597361e+02,1.14407614e+01
1.10400000e+00,-4.25055152e-03,-3.14695271e-01,9.33793961e-03,2.23971699e-01,7.32941700e+00,0.00000000e+00,1.08986896e-01,2.09546519e-03,1.06807158e+02,2.05355589e+00
1.10600000e+00,-4.88771365e-03,-3.22458304e-01,9.78167060e-03,2.19886973e-01,7.32941700e+00,0.00000000e+00,1.11003393e-01,3.21450155e-03,1.08783325e+02,3.15021152e+00
1.10800000e+00,-5.54034430e-03,-3.30160693e-01,1.02179323e-02,2.16469335e-01,7.32941700e+00,0.00000000e+00,1.12865945e-01,4.12035046e-03,1.10608626e+02,4.03794345e+00
1.11000000e+00,-6.20822339e-03,-3.37663552e-01,1.06475468e-02,2.13050010e-01,7.32941700e+00,0.00000000e+00,1.11762112e-01,3.82605160e-03,1.09526870e+02,3.74953056e+00
1.11200000e+00,-6.89078037e-03,-3.44839220e-01,1.10697546e-02,2.09064220e-01,7.32941700e+00,0.00000000e+00,1.10762731e-01,3.53608192e-03,1.08547477e+02,3.46536028e+00
1.11400000e+00,-7.58737665e-03,-3.51709475e-01,1.14835165e-02,2.04647730e-01,7.32941700e+00,0.00000000e+00,1.10283702e-01,3.51488210e-03,1.08078028e+02,3.44458446e+00
1.11600000e+00,-8.29743016e-03,-3.58297583e-01,1.18881723e-02,1.99971340e-01,7.32941700e+00,0.00000000e+00,1.09938967e-01,3.57052473e-03,1.07740188e+02,3.49911424e+00
1.11800000e+00,-9.02037832e-03,-3.64602712e-01,1.22832445e-02,1.95058966e-01,7.32941700e+00,0.00000000e+00,1.09546928e-01,3.58593001e-03,1.07355990e+02,3.51421141e+00
1.12000000e+00,-9.75564763e-03,-3.70617801e-01,1.26682428e-02,1.89898635e-01,7.32941700e+00,0.00000000e+00,1.09138950e-01,3.60214846e-03,1.06956171e+02,3.53010549e+00
1.12200000e+00,-1.05034009e-02,-3.77459936e-01,1.30447946e-02,1.87671092e-01,7.32941700e+00,0.00000000e+00,1.34950321e-01,1.02811110e-02,1.32251314e+02,1.00754888e+01
1.12400000e+00,-1.12652004e-02,-3.83871715e-01,1.34183709e-02,1.84609577e-01,7.32941700e+00,0.00000000e+00,1.05273343e-01,2.38604369e-03,1.03167876e+02,2.33832281e+00
1.12600000e+00,-1.20378986e-02,-3.88799748e-01,1.37808339e-02,1.77949886e-01,7.32941700e+00,0.00000000e+00,1.06566643e-01,3.24909528e-03,1.04435311e+02,3.18411338e+00
1.12800000e+00,-1.28202845e-02,-3.93555433e-01,1.41304926e-02,1.71773279e-01,7.32941700e+00,0.00000000e+00,1.07613304e-01,3.90209595e-03,1.05461038e+02,3.82405403e+00
1.13000000e+00,-1.36119429e-02,-3.98045044e-01,1.44679465e-02,1.65625801e-01,7.32941700e+00,0.00000000e+00,1.06793150e-01,3.79480333e-03,1.04657287e+02,3.71890727e+00
1.13200000e+00,-1.44122219e-02,-4.02170525e-01,1.47927218e-02,1.59067368e-01,7.32941700e+00,0.00000000e+00,1.05620343e-01,3.50610789e-03,1.03507936e+02,3.43598573e+00
1.13400000e+00,-1.52203871e-02,-4.05939211e-01,1.51039817e-02,1.52157609e-01,7.32941700e+00,0.00000000e+00,1.05037464e-01,3.50483278e-03,1.02936715e+02,3.43473613e+00
1.13600000e+00,-1.60357580e-02,-4.09376742e-01,1.54012290e-02,1.45063103e-01,7.32941700e+00,0.00000000e+00,1.04523978e-01,3.54584572e-03,1.02433498e+02,3.47492880e+00
1.13800000e+00,-1.68576726e-02,-4.12482008e-01,1.56841244e-02,1.37803984e-01,7.32941700e+00,0.00000000e+00,1.03969905e-01,3.56639965e-03,1.01890506e+02,3.49507166e+00
1.14000000e+00,-1.76854615e-02,-4.15250507e-01,1.59523299e-02,1.30372224e-01,7.32941700e+00,0.00000000e+00,1.03400549e-01,3.56964310e-03,1.01332538e+02,3.49825024e+00
1.14200000e+00,-1.85189257e-02,-4.18395639e-01,1.62070510e-02,1.25096756e-01,7.32941700e+00,0.00000000e+00,1.19562509e-01,8.45880658e-03,1.17171259e+02,8.28963045e+00
1.14400000e+00,-1.93587699e-02,-4.21129530e-01,1.64523681e-02,1.19298425e-01,7.32941700e+00,0.00000000e+00,1.00634373e-01,2.82459536e-03,9.86216857e+01,2.76810346e+00
1.14600000e+00,-2.02027212e-02,-4.22779463e-01,1.66825253e-02,1.10921142e-01,7.32941700e+00,0.00000000e+00,1.01115763e-01,3.37782430e-03,9.90934481e+01,3.31026781e+00
1.14800000e+00,-2.10497119e-02,-4.24165696e-01,1.68962443e-02,1.02831175e-01,7.32941700e+00,0.00000000e+00,1.01380774e-01,3.73629992e-03,9.93531581e+01,3.66157392e+00
1.15000000e+00,-2.18991743e-02,-4.25237472e-01,1.70938784e-02,9.47838587e-02,7.32941700e+00,0.00000000e+00,1.00697483e-01,3.75295918e-03,9.86835329e+01,3.67790000e+00
1.15200000e+00,-2.27504173e-02,-4.25942483e-01,1.72752613e-02,8.65590054e-02,7.32941700e+00,0.00000000e+00,9.97562689e-02,3.62610901e-03,9.77611436e+01,3.55358683e+00
1.15400000e+00,-2.36026988e-02,-4.26279370e-01,1.74399904e-02,7.81481738e-02,7.32941700e+00,0.00000000e+00,9.90511673e-02,3.60134175e-03,9.70701439e+01,3.52931491e+00
1.15600000e+00,-2.44552940e-02,-4.26255134e-01,1.75877635e-02,6.96015912e-02,7.32941700e+00,0.00000000e+00,9.82775939e-02,3.55575067e-03,9.63120420e+01,3.48463566e+00
1.15800000e+00,-2.53074833e-02,-4.25876870e-01,1.77183406e-02,6.09706962e-02,7.32941700e+00,0.00000000e+00,9.77364477e-02,3.61442966e-03,9.57817187e+01,3.54214107e+00
1.16000000e+00,-2.61585707e-02,-4.25152415e-01,1.78316238e-02,5.23060731e-02,7.32941700e+00,0.00000000e+00,9.71383697e-02,3.65032216e-03,9.51956023e+01,3.57731572e+00
1.16200000e+00,-2.70080511e-02,-4.24365215e-01,1.79283235e-02,4.47791351e-02,7.32941700e+00,0.00000000e+00,1.03208176e-01,6.14380444e-03,1.01144012e+02,6.02092835e+00
1.16400000e+00,-2.78557910e-02,-4.23217317e-01,1.80106290e-02,3.70852564e-02,7.32941700e+00,0.00000000e+00,9.56342035e-02,3.42045301e-03,9.37215194e+01,3.35204395e+00
1.16600000e+00,-2.87004925e-02,-4.21427610e-01,1.80758024e-02,2.80983901e-02,7.32941700e+00,0.00000000e+00,9.51133602e-02,3.52659870e-03,9.32110930e+01,3.45606673e+00
1.16800000e+00,-2.95412879e-02,-4.19317599e-01,1.81231031e-02,1.92323395e-02,7.32941700e+00,0.00000000e+00,9.50216161e-02,3.74524896e-03,9.31211838e+01,3.67034398e+00
1.17000000e+00,-3.03775460e-02,-4.16882187e-01,1.81527973e-02,1.04645294e-02,7.32941700e+00,0.00000000e+00,9.43459049e-02,3.77880566e-03,9.24589868e+01,3.70322955e+00
1.17200000e+00,-3.12085821e-02,-4.14094894e-01,1.81649465e-02,1.67472806e-03,7.32941700e+00,0.00000000e+00,9.35941804e-02,3.72002895e-03,9.17222968e+01,3.64562837e+00
1.17400000e+00,-3.20336952e-02,-4.10962044e-01,1.81594805e-02,-7.13867897e-03,7.32941700e+00,0.00000000e+00,9.30193392e-02,3.72504678e-03,9.11589524e+01,3.65054585e+00
1.17600000e+00,-3.28522016e-02,-4.07486267e-01,1.81364019e-02,-1.59370508e-02,7.32941700e+00,0.00000000e+00,9.22765346e-02,3.72221074e-03,9.04310039e+01,3.64776653e+00
1.17800000e+00,-3.36634134e-02,-4.03670316e-01,1.80957542e-02,-2.47025320e-02,7.32941700e+00,0.00000000e+00,9.17078424e-02,3.73959735e-03,8.98736856e+01,3.66480540e+00
1.18000000e+00,-3.44666602e-02,-3.99520383e-01,1.80376311e-02,-3.34089183e-02,7.32941700e+00,0.00000000e+00,9.10460812e-02,3.76677618e-03,8.92251596e+01,3.69144065e+00
1.18200000e+00,-3.52612997e-02,-3.95077565e-01,1.79623780e-02,-4.17261495e-02,7.32941700e+00,0.00000000e+00,9.13687197e-02,4.45237310e-03,8.95413453e+01,4.36332563e+00
1.18400000e+00,-3.60467715e-02,-3.90336372e-01,1.78708064e-02,-4.99236133e-02,7.32941700e+00,0.00000000e+00,9.05049973e-02,3.89066570e-03,8.86948973e+01,3.81285238e+00
1.18600000e+00,-3.68224202e-02,-3.85257705e-01,1.77625286e-02,-5.83535282e-02,7.32941700e+00,0.00000000e+00,8.98351605e-02,3.81321622e-03,8.80384573e+01,3.73695189e+00
1.18800000e+00,-3.75875892e-02,-3.79859325e-01,1.76374300e-02,-6.67267622e-02,7.32941700e+00,0.00000000e+00,8.93022735e-02,3.83435194e-03,8.75162280e+01,3.75766490e+00
1.19000000e+00,-3.83416498e-02,-3.74149399e-01,1.74957060e-02,-7.49733327e-02,7.32941700e+00,0.00000000e+00,8.87338135e-02,3.87999573e-03,8.69591373e+01,3.80239581e+00
1.19200000e+00,-3.90839812e-02,-3.68131086e-01,1.73376186e-02,-8.30970628e-02,7.32941700e+00,0.00000000e+00,8.81803326e-02,3.86967776e-03,8.64167259e+01,3.79228421e+00
1.19400000e+00,-3.98139760e-02,-3.61815541e-01,1.71634028e-02,-9.10932066e-02,7.32941700e+00,0.00000000e+00,8.77729904e-02,3.90219413e-03,8.60175306e+01,3.82415025e+00
1.19600000e+00,-4.05310434e-02,-3.55199997e-01,1.69733292e-02,-9.89642178e-02,7.32941700e+00,0.00000000e+00,8.70505453e-02,3.86401678e-03,8.53095344e+01,3.78673644e+00
1.19800000e+00,-4.12345778e-02,-3.48287314e-01,1.67676355e-02,-1.06700785e-01,7.32941700e+00,0.00000000e+00,8.66008113e-02,3.89371321e-03,8.48687950e+01,3.81583894e+00
1.20000000e+00,-4.19239997e-02,-3.41085277e-01,1.65466360e-02,-1.14272419e-01,7.32941700e+00,0.00000000e+00,8.59462299e-02,3.89760066e-03,8.42273053e+01,3.81964865e+00
1.20200000e+00,-4.25985622e-02,-3.33348094e-01,1.63102997e-02,-1.22213268e-01,7.32941700e+00,0.00000000e+00,7.96335668e-02,2.78428697e-03,7.80408954e+01,2.72860123e+00
1.20400000e+00,-4.32572565e-02,-3.25407490e-01,1.60580563e-02,-1.29744260e-01,7.32941700e+00,0.00000000e+00,8.66025833e-02,4.40073251e-03,8.48705317e+01,4.31271786e+00
1.20600000e+00,-4.39002082e-02,-3.17490966e-01,1.57918524e-02,-1.36480717e-01,7.32941700e+00,0.00000000e+00,8.54769123e-02,4.07446879e-03,8.37673740e+01,3.99297942e+00
1.20800000e+00,-4.45270259e-02,-3.09282792e-01,1.55121326e-02,-1.43218468e-01,7.32941700e+00,0.00000000e+00,8.49377302e-02,4.00117293e-03,8.32389756e+01,3.92114947e+00
1.21000000e+00,-4.51371726e-02,-3.00824561e-01,1.52190975e-02,-1.49777732e-01,7.32941700e+00,0.00000000e+00,8.46488582e-02,4.03318689e-03,8.29558811e+01,3.95252315e+00
1.21200000e+00,-4.57301652e-02,-2.92127941e-01,1.49131703e-02,-1.56114062e-01,7.32941700e+00,0.00000000e+00,8.42433226e-02,4.03467135e-03,8.25584561e+01,3.95397792e+00
1.21400000e+00,-4.63055288e-02,-2.83197968e-01,1.45947886e-02,-1.62229460e-01,7.32941700e+00,0.00000000e+00,8.39291469e-02,4.04460626e-03,8.22505640e+01,3.96371413e+00
1.21600000e+00,-4.68628081e-02,-2.74044588e-01,1.42644166e-02,-1.68098574e-01,7.32941700e+00,0.00000000e+00,8.36093493e-02,4.08207483e-03,8.19371624e+01,4.00043333e+00
1.21800000e+00,-4.74015591e-02,-2.64669170e-01,1.39225567e-02,-1.73724065e-01,7.32941700e+00,0.00000000e+00,8.31767600e-02,4.06990954e-03,8.15132248e+01,3.98851135e+00
1.22000000e+00,-4.79213405e-02,-2.55077266e-01,1.35696913e-02,-1.79093239e-01,7.32941700e+00,0.00000000e+00,8.28327867e-02,4.11820416e-03,8.11761309e+01,4.03584007e+00
1.22200000e+00,-4.84211739e-02,-2.44443970e-01,1.32049147e-02,-1.86365637e-01,7.32941700e+00,0.00000000e+00,6.29645751e-02,-4.43380638e-04,6.17052836e+01,-4.34513025e-01
1.22400000e+00,-4.88990460e-02,-2.33705134e-01,1.28246309e-02,-1.93035017e-01,7.32941700e+00,0.00000000e+00,8.43125595e-02,4.84376087e-03,8.26263084e+01,4.74688565e+00
1.22600000e+00,-4.93564622e-02,-2.23667958e-01,1.24344798e-02,-1.97146871e-01,7.32941700e+00,0.00000000e+00,8.31353291e-02,4.36917548e-03,8.14726225e+01,4.28179197e+00
1.22800000e+00,-4.97935643e-02,-2.13400450e-01,1.20360203e-02,-2.01293386e-01,7.32941700e+00,0.00000000e+00,8.25402376e-02,4.20348170e-03,8.08894329e+01,4.11941206e+00
1.23000000e+00,-5.02099458e-02,-2.02955595e-01,1.16294252e-02,-2.05261564e-01,7.32941700e+00,0.00000000e+00,8.24327800e-02,4.16428945e-03,8.07841244e+01,4.08100366e+00
1.23200000e+00,-5.06052827e-02,-1.92354794e-01,1.12151531e-02,-2.08961183e-01,7.32941700e+00,0.00000000e+00,8.21665897e-02,4.17690178e-03,8.05232579e+01,4.09336374e+00
1.23400000e+00,-5.09792646e-02,-1.81603468e-01,1.07937819e-02,-2.12358642e-01,7.32941700e+00,0.00000000e+00,8.20121079e-02,4.19797239e-03,8.03718658e+01,4.11401294e+00
1.23600000e+00,-5.13316087e-02,-1.70720379e-01,1.03659411e-02,-2.15422275e-01,7.32941700e+00,0.00000000e+00,8.20082544e-02,4.26767533e-03,8.03680893e+01,4.18232183e+00
1.23800000e+00,-5.16620664e-02,-1.59717702e-01,9.93231927e-03,-2.18146220e-01,7.32941700e+00,0.00000000e+00,8.19600717e-02,4.29265299e-03,8.03208702e+01,4.20679993e+00
1.24000000e+00,-5.19703987e-02,-1.48593843e-01,9.49356142e-03,-2.20562442e-01,7.32941700e+00,0.00000000e+00,8.17388936e-02,4.28779481e-03,8.01041157e+01,4.20203892e+00
1.24200000e+00,-5.22552626e-02,-1.35701372e-01,9.04741628e-03,-2.26957874e-01,7.32941700e+00,0.00000000e+00,4.30080290e-02,-4.69501438e-03,4.21478684e+01,-4.60111409e+00
1.24400000e+00,-5.25132177e-02,-1.22829117e-01,8.58626998e-03,-2.32543679e-01,7.32941700e+00,0.00000000e+00,8.43719292e-02,5.33137364e-03,8.26844906e+01,5.22474616e+00
1.24600000e+00,-5.27476567e-02,-1.11573326e-01,8.12039632e-03,-2.33397677e-01,7.32941700e+00,0.00000000e+00,8.27400675e-02,4.57184180e-03,8.10852661e+01,4.48040496e+00
1.24800000e+00,-5.29593938e-02,-1.00141737e-01,7.65256696e-03,-2.34420133e-01,7.32941700e+00,0.00000000e+00,8.20390426e-02,4.30987354e-03,8.03982617e+01,4.22367607e+00
1.25000000e+00,-5.31481658e-02,-8.86232941e-02,7.18285441e-03,-2.35234690e-01,7.32941700e+00,0.00000000e+00,8.22985159e-02,4.33756200e-03,8.06525456e+01,4.25081076e+00
1.25200000e+00,-5.33138623e-02,-7.70678070e-02,6.71187528e-03,-2.35678680e-01,7.32941700e+00,0.00000000e+00,8.25731756e-02,4.41507288e-03,8.09217121e+01,4.32677142e+00
1.25400000e+00,-5.34564152e-02,-6.54796230e-02,6.24037814e-03,-2.35765027e-01,7.32941700e+00,0.00000000e+00,8.27454483e-02,4.41474701e-03,8.10905393e+01,4.32645207e+00
1.25600000e+00,-5.35757576e-02,-5.38566369e-02,5.76903965e-03,-2.35514692e-01,7.32941700e+00,0.00000000e+00,8.27815839e-02,4.44834974e-03,8.11259522e+01,4.35938275e+00
1.25800000e+00,-5.36718268e-02,-4.22112830e-02,5.29854468e-03,-2.34926437e-01,7.32941700e+00,0.00000000e+00,8.30545363e-02,4.45168645e-03,8.13934456e+01,4.36265272e+00
1.26000000e+00,-5.37445961e-02,-3.05559728e-02,4.82954754e-03,-2.34017760e-01,7.32941700e+00,0.00000000e+00,8.31905317e-02,4.45057149e-03,8.15267210e+01,4.36156006e+00
1.26200000e+00,-5.37927499e-02,-1.69494923e-02,4.35910967e-03,-2.38154250e-01,7.32941700e+00,0.00000000e+00,3.79068436e-02,-6.80919916e-03,3.71487067e+01,-6.67301517e+00
1.26400000e+00,-5.38124879e-02,-3.48380647e-03,3.87757975e-03,-2.41317502e-01,7.32941700e+00,0.00000000e+00,8.66994579e-02,5.80762911e-03,8.49654687e+01,5.69147653e+00
1.26600000e+00,-5.38080182e-02,7.98224507e-03,3.39771881e-03,-2.38662427e-01,7.32941700e+00,0.00000000e+00,8.46431872e-02,4.71683080e-03,8.29503234e+01,4.62249418e+00
1.26800000e+00,-5.37804814e-02,1.95646835e-02,2.92264131e-03,-2.36440400e-01,7.32941700e+00,0.00000000e+00,8.38022487e-02,4.21906087e-03,8.21262037e+01,4.13467965e+00
1.27000000e+00,-5.37297783e-02,3.11188782e-02,2.45210432e-03,-2.33997735e-01,7.32941700e+00,0.00000000e+00,8.49365057e-02,4.50679907e-03,8.32377756e+01,4.41666309e+00
1.27200000e+00,-5.36560670e-02,4.25813642e-02,1.98697953e-03,-2.31061390e-01,7.32941700e+00,0.00000000e+00,8.53903418e-02,4.58966034e-03,8.36825350e+01,4.49786713e+00
1.27400000e+00,-5.35595072e-02,5.39623926e-02,1.52812192e-03,-2.27730354e-01,7.30975400e+00,0.00000000e+00,8.60982308e-02,4.67841117e-03,8.43762662e+01,4.58484295e+00
1.27600000e+00,-5.34402753e-02,6.52565978e-02,1.07632015e-03,-2.24006312e-01,7.26576518e+00,0.00000000e+00,8.64919999e-02,4.76765519e-03,8.47621599e+01,4.67230208e+00
1.27800000e+00,-5.32985503e-02,7.64465358e-02,6.32373889e-04,-2.19866494e-01,7.22177636e+00,0.00000000e+00,8.74235011e-02,4.91525872e-03,8.56750310e+01,4.81695355e+00
1.28000000e+00,-5.31345647e-02,8.75232349e-02,1.97093747e-04,-2.15367349e-01,7.17778754e+00,0.00000000e+00,8.78447102e-02,4.89823636e-03,8.60878160e+01,4.80027164e+00
1.28200000e+00,-5.29469964e-02,1.00791231e-01,-2.33249209e-04,-2.17097789e-01,7.13379872e+00,0.00000000e+00,3.47386517e-02,-8.77558485e-03,3.40438787e+01,-8.60007315e+00
1.28400000e+00,-5.27315921e-02,1.13770772e-01,-6.70501941e-04,-2.17635728e-01,7.08980990e+00,0.00000000e+00,9.28831428e-02,6.77789795e-03,9.10254799e+01,6.64233999e+00
1.28600000e+00,-5.24935348e-02,1.24318238e-01,-1.09919401e-03,-2.11276952e-01,7.04582108e+00,0.00000000e+00,8.96693770e-02,5.08552723e-03,8.78759895e+01,4.98381668e+00
1.28800000e+00,-5.22342769e-02,1.34929097e-01,-1.51603560e-03,-2.05556909e-01,7.00183227e+00,0.00000000e+00,8.93287995e-02,4.83937725e-03,8.75422235e+01,4.74258971e+00
1.29000000e+00,-5.19539359e-02,1.45363687e-01,-1.92113709e-03,-1.99410092e-01,6.95784345e+00,0.00000000e+00,9.15426110e-02,5.40015722e-03,8.97117588e+01,5.29215408e+00
1.29200000e+00,-5.16529816e-02,1.55559145e-01,-2.31327125e-03,-1.92656256e-01,6.91385463e+00,0.00000000e+00,9.25016265e-02,5.55058952e-03,9.06515940e+01,5.43957773e+00
1.29400000e+00,-5.13318201e-02,1.65573468e-01,-2.69154721e-03,-1.85580095e-01,6.86986581e+00,0.00000000e+00,9.31945383e-02,5.53345040e-03,9.13306475e+01,5.42278139e+00
1.29600000e+00,-5.09908104e-02,1.75403768e-01,-3.05541293e-03,-1.78235910e-01,6.82587699e+00,0.00000000e+00,9.40582484e-02,5.59038764e-03,9.21770835e+01,5.47857989e+00
1.29800000e+00,-5.06303342e-02,1.85040360e-01,-3.40431122e-03,-1.70622307e-01,6.78188817e+00,0.00000000e+00,9.48178078e-02,5.59744216e-03,9.29214516e+01,5.48549332e+00
1.30000000e+00,-5.02507900e-02,1.94465418e-01,-3.73769082e-03,-1.62691738e-01,6.73789935e+00,0.00000000e+00,9.59415126e-02,5.77623305e-03,9.40226823e+01,5.66070839e+00
1.30200000e+00,-4.98511452e-02,2.05881201e-01,-4.05943490e-03,-1.61295247e-01,6.69391053e+00,0.00000000e+00,4.50811834e-02,-8.57871748e-03,4.41795598e+01,-8.40714313e+00
1.30400000e+00,-4.94275202e-02,2.16914561e-01,-4.38208602e-03,-1.58720800e-01,6.64992171e+00,0.00000000e+00,1.01467969e-01,7.78786026e-03,9.94386096e+01,7.63210306e+00
1.30600000e+00,-4.89850827e-02,2.25554507e-01,-4.68966296e-03,-1.49164072e-01,6.60593290e+00,0.00000000e+00,9.74323281e-02,5.63367658e-03,9.54836816e+01,5.52100305e+00
1.30800000e+00,-4.85253027e-02,2.34193591e-01,-4.97931723e-03,-1.40469677e-01,6.56194408e+00,0.00000000e+00,9.77702021e-02,5.56049160e-03,9.58147980e+01,5.44928177e+00
1.31000000e+00,-4.80485048e-02,2.42537986e-01,-5.25122038e-03,-1.31293423e-01,6.51795526e+00,0.00000000e+00,1.00460536e-01,6.25297750e-03,9.84513251e+01,6.12791795e+00
1.31200000e+00,-4.75553535e-02,2.50578361e-01,-5.50417612e-03,-1.21645007e-01,6.47396644e+00,0.00000000e+00,1.00881556e-01,6.18626269e-03,9.88639248e+01,6.06253743e+00
1.31400000e+00,-4.70463553e-02,2.58372797e-01,-5.73769162e-03,-1.11833433e-01,6.42997762e+00,0.00000000e+00,1.02084409e-01,6.25786406e-03,1.00042721e+02,6.13270678e+00
1.31600000e+00,-4.65220403e-02,2.65900196e-01,-5.95139081e-03,-1.01843308e-01,6.38598880e+00,0.00000000e+00,1.02872298e-01,6.25168848e-03,1.00814852e+02,6.12665471e+00
1.31800000e+00,-4.59829364e-02,2.73154830e-01,-6.14494180e-03,-9.16686308e-02,6.34199998e+00,0.00000000e+00,1.04087142e-01,6.36460110e-03,1.02005400e+02,6.23730908e+00
1.32000000e+00,-4.54296091e-02,2.80127316e-01,-6.31794280e-03,-8.13101710e-02,6.29801116e+00,0.00000000e+00,1.04977032e-01,6.38608514e-03,1.02877491e+02,6.25836344e+00
1.32200000e+00,-4.48611891e-02,2.88956714e-01,-6.47480755e-03,-7.78882306e-02,6.25402235e+00,0.00000000e+00,5.60891998e-02,-8.42160469e-03,5.49674158e+01,-8.25317260e+00
1.32400000e+00,-4.42740655e-02,2.97361346e-01,-6.62881931e-03,-7.34524013e-02,6.21003353e+00,0.00000000e+00,1.10147435e-01,8.29350213e-03,1.07944487e+02,8.12763209e+00
1.32600000e+00,-4.36733114e-02,3.03414508e-01,-6.76390254e-03,-6.19450923e-02,6.16604471e+00,0.00000000e+00,1.06157311e-01,6.22364014e-03,1.04034165e+02,6.09916733e+00
1.32800000e+00,-4.30604582e-02,3.09391538e-01,-6.87720898e-03,-5.13516607e-02,6.12205589e+00,0.00000000e+00,1.06948153e-01,6.20908595e-03,1.04809190e+02,6.08490424e+00
1.33000000e+00,-4.24359725e-02,3.15027661e-01,-6.96909677e-03,-4.04396464e-02,6.07806707e+00,0.00000000e+00,1.09048836e-01,6.75666314e-03,1.06867859e+02,6.62152987e+00
1.33200000e+00,-4.18005841e-02,3.20308987e-01,-7.03872969e-03,-2.91708535e-02,6.03407825e+00,0.00000000e+00,1.10073750e-01,6.85389856e-03,1.07872275e+02,6.71682058e+00
1.33400000e+00,-4.11549409e-02,3.25283827e-01,-7.08574168e-03,-1.78443102e-02,5.99008943e+00,0.00000000e+00,1.10960550e-01,6.80609702e-03,1.08741339e+02,6.66997508e+00
1.33600000e+00,-4.04996552e-02,3.29949120e-01,-7.11008475e-03,-6.48450149e-03,5.94610061e+00,0.00000000e+00,1.11977020e-01,6.88431605e-03,1.09737479e+02,6.74662973e+00
1.33800000e+00,-3.98353585e-02,3.34293295e-01,-7.11163266e-03,4.94583710e-03,5.90211179e+00,0.00000000e+00,1.13059351e-01,6.94726638e-03,1.10798164e+02,6.80832106e+00
1.34000000e+00,-3.91627027e-02,3.38306456e-01,-7.09025890e-03,1.64399226e-02,5.85812298e+00,0.00000000e+00,1.14237476e-01,7.04396837e-03,1.11952726e+02,6.90308900e+00
1.34200000e+00,-3.84813687e-02,3.43465593e-01,-7.04966146e-03,2.22521491e-02,5.81413416e+00,0.00000000e+00,8.07383071e-02,-4.92411759e-03,7.91235410e+01,-4.82563524e+00
1.34400000e+00,-3.77891065e-02,3.48225518e-01,-7.00080503e-03,2.87317148e-02,5.77014534e+00,0.00000000e+00,1.17936635e-01,8.51273271e-03,1.15577902e+02,8.34247805e+00
1.34600000e+00,-3.70896086e-02,3.51272475e-01,-6.93101441e-03,4.07912263e-02,5.72615652e+00,0.00000000e+00,1.15068072e-01,6.88286614e-03,1.12766710e+02,6.74520882e+00
1.34800000e+00,-3.63841197e-02,3.54164821e-01,-6.83821957e-03,5.19816404e-02,5.68216770e+00,0.00000000e+00,1.15802389e-01,6.81648359e-03,1.13486341e+02,6.68015392e+00
1.35000000e+00,-3.56731854e-02,3.56703095e-01,-6.72301861e-03,6.32758779e-02,5.63817888e+00,0.00000000e+00,1.17548919e-01,7.26077753e-03,1.15197941e+02,7.11556198e+00
1.35200000e+00,-3.49575598e-02,3.58862633e-01,-6.58497996e-03,7.47742378e-02,5.59419006e+00,0.00000000e+00,1.18819641e-01,7.43744653e-03,1.16443248e+02,7.28869760e+00
1.35400000e+00,-3.42379585e-02,3.60686797e-01,-6.42396100e-03,8.62135991e-02,5.55020124e+00,0.00000000e+00,1.19519081e-01,7.36228446e-03,1.17128700e+02,7.21503878e+00
1.35600000e+00,-3.35150274e-02,3.62188824e-01,-6.24021286e-03,9.75220365e-02,5.50621242e+00,0.00000000e+00,1.20451996e-01,7.42051360e-03,1.18042956e+02,7.27210333e+00
1.35800000e+00,-3.27894284e-02,3.63353089e-01,-6.03391879e-03,1.08761587e-01,5.46222361e+00,0.00000000e+00,1.21493423e-01,7.50780554e-03,1.19063555e+02,7.35764943e+00
1.36000000e+00,-3.20618455e-02,3.64171635e-01,-5.80520527e-03,1.19943002e-01,5.41823479e+00,0.00000000e+00,1.22594641e-01,7.62065086e-03,1.20142749e+02,7.46823784e+00
1.36200000e+00,-3.13323277e-02,3.65611282e-01,-5.55716153e-03,1.26602990e-01,5.37424597e+00,0.00000000e+00,1.01029503e-01,-1.63165526e-03,9.90089128e+01,-1.59902215e+00
1.36400000e+00,-3.05996296e-02,3.66707260e-01,-5.29860486e-03,1.33545244e-01,5.33025715e+00,0.00000000e+00,1.24650102e-01,8.58030990e-03,1.22157099e+02,8.40870370e+00
1.36600000e+00,-2.98662914e-02,3.66614134e-01,-5.02022032e-03,1.44627586e-01,5.28626833e+00,0.00000000e+00,1.22828949e-01,7.45147735e-03,1.20372370e+02,7.30244781e+00
1.36800000e+00,-2.91333127e-02,3.66311452e-01,-4.72059604e-03,1.54957714e-01,5.24227951e+00,0.00000000e+00,1.23562343e-01,7.42521378e-03,1.21091096e+02,7.27670950e+00
1.37000000e+00,-2.84012759e-02,3.65663443e-01,-4.40043054e-03,1.65226227e-01,5.19829069e+00,0.00000000e+00,1.24920137e-01,7.77534336e-03,1.22421734e+02,7.61983650e+00
1.37200000e+00,-2.76708950e-02,3.64661464e-01,-4.05970252e-03,1.75477653e-01,5.15430187e+00,0.00000000e+00,1.25867506e-01,7.87190734e-03,1.23350156e+02,7.71446919e+00
1.37400000e+00,-2.69428458e-02,3.63335757e-01,-3.69864158e-03,1.85546638e-01,5.11031305e+00,0.00000000e+00,1.26536374e-01,7.90407798e-03,1.24005647e+02,7.74599642e+00
1.37600000e+00,-2.62177632e-02,3.61693154e-01,-3.31766293e-03,1.95395204e-01,5.06632424e+00,0.00000000e+00,1.27346968e-01,7.94946741e-03,1.24800028e+02,7.79047806e+00
1.37800000e+00,-2.54962885e-02,3.59727612e-01,-2.91719833e-03,2.05037429e-01,5.02233542e+00,0.00000000e+00,1.28185231e-01,8.03910923e-03,1.25621526e+02,7.87832704e+00
1.38000000e+00,-2.47790673e-02,3.57440231e-01,-2.49765261e-03,2.14470593e-01,4.97834660e+00,0.00000000e+00,1.29003501e-01,8.10613727e-03,1.26423431e+02,7.94401453e+00
1.38200000e+00,-2.40663876e-02,3.55362891e-01,-2.06139965e-03,2.20778694e-01,4.93435778e+00,0.00000000e+00,1.17450355e-01,2.09982806e-03,1.15101347e+02,2.05783149e+00
1.38400000e+00,-2.33577986e-02,3.53011286e-01,-1.61458054e-03,2.27022499e-01,4.89036896e+00,0.00000000e+00,1.29619216e-01,8.60734681e-03,1.27026832e+02,8.43519987e+00
1.38600000e+00,-2.26548380e-02,3.49916329e-01,-1.15160278e-03,2.35826460e-01,4.84638014e+00,0.00000000e+00,1.29069572e-01,8.13135032e-03,1.26488181e+02,7.96872331e+00
1.38800000e+00,-2.19582900e-02,3.46586420e-01,-6.71669890e-04,2.44037697e-01,4.80239132e+00,0.00000000e+00,1.29409923e-01,8.04545652e-03,1.26821725e+02,7.88454739e+00
1.39000000e+00,-2.12686821e-02,3.42971873e-01,-1.75650534e-04,2.51951152e-01,4.75840250e+00,0.00000000e+00,1.30076788e-01,8.21166285e-03,1.27475252e+02,8.04742959e+00
1.39200000e+00,-2.05866019e-02,3.39058177e-01,3.36001920e-04,2.59665432e-01,4.71441368e+00,0.00000000e+00,1.30816476e-01,8.35515557e-03,1.28200147e+02,8.18805246e+00
1.39400000e+00,-1.99126438e-02,3.34852831e-01,8.62837601e-04,2.67119354e-01,4.67042487e+00,0.00000000e+00,1.31373193e-01,8.41473089e-03,1.28745729e+02,8.24643628e+00
1.39600000e+00,-1.92473760e-02,3.30369357e-01,1.40426687e-03,2.74254618e-01,4.62643605e+00,0.00000000e+00,1.31866741e-01,8.45682730e-03,1.29229406e+02,8.28769075e+00
1.39800000e+00,-1.85913493e-02,3.25611530e-01,1.95964219e-03,2.81069091e-01,4.58244723e+00,0.00000000e+00,1.32409511e-01,8.53198217e-03,1.29761321e+02,8.36134253e+00
1.40000000e+00,-1.79451137e-02,3.20578010e-01,2.52834058e-03,2.87579607e-01,4.53845841e+00,0.00000000e+00,1.33013216e-01,8.62856781e-03,1.30352952e+02,8.45599645e+00
1.40200000e+00,-1.73090333e-02,3.15550516e-01,3.10866652e-03,2.92149268e-01,4.49446959e+00,0.00000000e+00,1.27055499e-01,5.28505450e-03,1.24514389e+02,5.17935341e+00
1.40400000e+00,-1.66830280e-02,3.10348422e-01,3.69666267e-03,2.96306376e-01,4.45048077e+00,0.00000000e+00,1.31962120e-01,8.60110247e-03,1.29322877e+02,8.42908042e+00
1.40600000e+00,-1.60679437e-02,3.04690118e-01,4.29473368e-03,3.01725882e-01,4.40649195e+00,0.00000000e+00,1.32671882e-01,8.78698903e-03,1.30018444e+02,8.61124925e+00
1.40800000e+00,-1.54644252e-02,2.98795324e-01,4.90331115e-03,3.06762867e-01,4.36250313e+00,0.00000000e+00,1.32537668e-01,8.66549425e-03,1.29886915e+02,8.49218437e+00
1.41000000e+00,-1.48729006e-02,2.92693320e-01,5.52147622e-03,3.11336513e-01,4.31851431e+00,0.00000000e+00,1.32660314e-01,8.69564127e-03,1.30007107e+02,8.52172844e+00
1.41200000e+00,-1.42938023e-02,2.86365860e-01,6.14842594e-03,3.15563302e-01,4.27452550e+00,0.00000000e+00,1.33052968e-01,8.83133666e-03,1.30391909e+02,8.65470993e+00
1.41400000e+00,-1.37275889e-02,2.79810743e-01,6.78351293e-03,3.19465375e-01,4.23053668e+00,0.00000000e+00,1.33331289e-01,8.91971069e-03,1.30664663e+02,8.74131648e+00
1.41600000e+00,-1.31747028e-02,2.73040380e-01,7.42604050e-03,3.22997084e-01,4.18654786e+00,0.00000000e+00,1.33541859e-01,8.97037320e-03,1.30871021e+02,8.79096574e+00
1.41800000e+00,-1.26355665e-02,2.66061362e-01,8.07524573e-03,3.26145531e-01,4.14255904e+00,0.00000000e+00,1.33777548e-01,9.04136762e-03,1.31101997e+02,8.86054027e+00
1.42000000e+00,-1.21105958e-02,2.58874722e-01,8.73037988e-03,3.28929895e-01,4.09857022e+00,0.00000000e+00,1.34078752e-01,9.14090748e-03,1.31397177e+02,8.95808933e+00
1.42200000e+00,-1.16001692e-02,2.51535797e-01,9.39032502e-03,3.30753959e-01,4.05458140e+00,0.00000000e+00,1.33139410e-01,7.96762482e-03,1.30476622e+02,7.80827233e+00
1.42400000e+00,-1.11045109e-02,2.44109372e-01,1.00530009e-02,3.31985883e-01,4.01059258e+00,0.00000000e+00,1.32046945e-01,8.84420830e-03,1.29406006e+02,8.66732413e+00
1.42600000e+00,-1.06238405e-02,2.36519694e-01,1.07183926e-02,3.33403886e-01,3.96660376e+00,0.00000000e+00,1.32999566e-01,9.30818441e-03,1.30339574e+02,9.12202072e+00
1.42800000e+00,-1.01585606e-02,2.28737424e-01,1.13864560e-02,3.34581143e-01,3.92261495e+00,0.00000000e+00,1.32717430e-01,9.29274555e-03,1.30063081e+02,9.10689064e+00
1.43000000e+00,-9.70897972e-03,2.20821809e-01,1.20563919e-02,3.35270492e-01,3.87862613e+00,0.00000000e+00,1.32413222e-01,9.24080026e-03,1.29764958e+02,9.05598426e+00
1.43200000e+00,-9.27536728e-03,2.12765266e-01,1.27272552e-02,3.35535755e-01,3.83463731e+00,0.00000000e+00,1.32438052e-01,9.36083425e-03,1.29789291e+02,9.17361756e+00
1.43400000e+00,-8.85801596e-03,2.04562777e-01,1.33982958e-02,3.35442428e-01,3.79064849e+00,0.00000000e+00,1.32383271e-01,9.44675867e-03,1.29735605e+02,9.25782350e+00
1.43600000e+00,-8.45720701e-03,1.96224035e-01,1.40687761e-02,3.34975902e-01,3.74665967e+00,0.00000000e+00,1.32316067e-01,9.53548617e-03,1.29669746e+02,9.34477645e+00
1.43800000e+00,-8.07320604e-03,1.87755967e-01,1.47379473e-02,3.34131270e-01,3.70267085e+00,0.00000000e+00,1.32236087e-01,9.60938942e-03,1.29591365e+02,9.41720164e+00
1.44000000e+00,-7.70626493e-03,1.79165226e-01,1.54050481e-02,3.32907189e-01,3.65868203e+00,0.00000000e+00,1.32152181e-01,9.69249759e-03,1.29509138e+02,9.49864764e+00
1.44200000e+00,-7.35673894e-03,1.70283802e-01,1.60695101e-02,3.31584139e-01,3.61469321e+00,0.00000000e+00,1.36139383e-01,1.03514372e-02,1.33416595e+02,1.01444084e+01
1.44400000e+00,-7.02512563e-03,1.61408501e-01,1.67309056e-02,3.29542542e-01,3.57070439e+00,0.00000000e+00,1.29265523e-01,9.12984114e-03,1.26680212e+02,8.94724431e+00
1.44600000e+00,-6.71101596e-03,1.52666660e-01,1.73872177e-02,3.26807205e-01,3.52671558e+00,0.00000000e+00,1.30421051e-01,9.83399669e-03,1.27812630e+02,9.63731676e+00
1.44800000e+00,-6.41455267e-03,1.43784318e-01,1.80381027e-02,3.24024271e-01,3.48272676e+00,0.00000000e+00,1.30092356e-01,9.96088252e-03,1.27490508e+02,9.76166487e+00
1.45000000e+00,-6.13591542e-03,1.34846874e-01,1.86830237e-02,3.20804754e-01,3.43873794e+00,0.00000000e+00,1.29397585e-01,9.84020291e-03,1.26809634e+02,9.64339885e+00
1.45200000e+00,-5.87519750e-03,1.25860942e-01,1.93210270e-02,3.17143230e-01,3.39474912e+00,0.00000000e+00,1.29060463e-01,9.94601365e-03,1.26479253e+02,9.74709337e+00
1.45400000e+00,-5.63250751e-03,1.16821224e-01,1.99513612e-02,3.13128577e-01,3.35076030e+00,0.00000000e+00,1.28636404e-01,1.00010751e-02,1.26063676e+02,9.80105357e+00
1.45600000e+00,-5.40794437e-03,1.07733858e-01,2.05733101e-02,3.08767177e-01,3.30677148e+00,0.00000000e+00,1.28303652e-01,1.01084489e-02,1.25737579e+02,9.90627992e+00
1.45800000e+00,-5.20160113e-03,9.86029167e-02,2.11862134e-02,3.04081085e-01,3.26278266e+00,0.00000000e+00,1.27932950e-01,1.01970112e-02,1.25374291e+02,9.99307094e+00
1.46000000e+00,-5.01355591e-03,8.94371609e-02,2.17894136e-02,2.99063802e-01,3.21879384e+00,0.00000000e+00,1.27544729e-01,1.02770188e-02,1.24993834e+02,1.00714784e+01
1.46200000e+00,-4.84417193e-03,7.97922756e-02,2.23831966e-02,2.95138325e-01,3.17480502e+00,0.00000000e+00,1.37707473e-01,1.33387476e-02,1.34953324e+02,1.30719726e+01
1.46400000e+00,-4.69431943e-03,7.02484375e-02,2.29694276e-02,2.90404139e-01,3.13081621e+00,0.00000000e+00,1.23920515e-01,9.41866294e-03,1.21442105e+02,9.23028968e+00
1.46600000e+00,-4.56286035e-03,6.11813302e-02,2.35436208e-02,2.83881519e-01,3.08682739e+00,0.00000000e+00,1.25457517e-01,1.04077992e-02,1.22948366e+02,1.01996432e+01
1.46800000e+00,-4.44965939e-03,5.20163069e-02,2.41051117e-02,2.77595867e-01,3.04283857e+00,0.00000000e+00,1.25247066e-01,1.07207464e-02,1.22742124e+02,1.05063315e+01
1.47000000e+00,-4.35478085e-03,4.28726893e-02,2.46537838e-02,2.70979489e-01,2.99884975e+00,0.00000000e+00,1.24145441e-01,1.05000848e-02,1.21662533e+02,1.02900831e+01
1.47200000e+00,-4.27813837e-03,3.37744684e-02,2.51887434e-02,2.63933805e-01,2.95486093e+00,0.00000000e+00,1.23523457e-01,1.05867165e-02,1.21052988e+02,1.03749821e+01
1.47400000e+00,-4.21966117e-03,2.47089545e-02,2.57093287e-02,2.56602636e-01,2.91087211e+00,0.00000000e+00,1.22866772e-01,1.06475176e-02,1.20409436e+02,1.04345673e+01
1.47600000e+00,-4.17927861e-03,1.56793571e-02,2.62149794e-02,2.49009678e-01,2.86688329e+00,0.00000000e+00,1.22317652e-01,1.07626622e-02,1.19871299e+02,1.05474090e+01
1.47800000e+00,-4.15691767e-03,6.68886862e-03,2.67052120e-02,2.41183692e-01,2.82289447e+00,0.00000000e+00,1.21733637e-01,1.08619012e-02,1.19298964e+02,1.06446631e+01
1.48000000e+00,-4.15249055e-03,-2.25274495e-03,2.71795544e-02,2.33118059e-01,2.77890565e+00,0.00000000e+00,1.21102902e-01,1.09405527e-02,1.18680844e+02,1.07217417e+01
1.48200000e+00,-4.16634983e-03,-1.18260798e-02,2.76392304e-02,2.27371303e-01,2.73491684e+00,0.00000000e+00,1.36570245e-01,1.63885833e-02,1.33838840e+02,1.60608116e+01
1.48400000e+00,-4.19967105e-03,-2.12137276e-02,2.80884768e-02,2.20780699e-01,2.69092802e+00,0.00000000e+00,1.16996433e-01,9.81333760e-03,1.14656504e+02,9.61707085e+00
1.48600000e+00,-4.25069825e-03,-2.98416802e-02,2.85204872e-02,2.11391329e-01,2.64693920e+00,0.00000000e+00,1.19199631e-01,1.11350277e-02,1.16815638e+02,1.09123271e+01
1.48800000e+00,-4.31908302e-03,-3.85375005e-02,2.89344197e-02,2.02568254e-01,2.60295038e+00,0.00000000e+00,1.19105050e-01,1.15969343e-02,1.16722949e+02,1.13649956e+01
1.49000000e+00,-4.40478187e-03,-4.71337415e-02,2.93306017e-02,1.93507390e-01,2.55896156e+00,0.00000000e+00,1.17537106e-01,1.12055385e-02,1.15186364e+02,1.09814277e+01
1.49200000e+00,-4.50753079e-03,-5.55991930e-02,2.97081947e-02,1.84064761e-01,2.51497274e+00,0.00000000e+00,1.16852998e-01,1.13388739e-02,1.14515938e+02,1.11120965e+01
1.49400000e+00,-4.62710906e-03,-6.39602837e-02,3.00667584e-02,1.74468687e-01,2.47098392e+00,0.00000000e+00,1.16040416e-01,1.13995947e-02,1.13719607e+02,1.11716028e+01
1.49600000e+00,-4.76329848e-03,-7.22112140e-02,3.04059713e-02,1.64725356e-01,2.42699510e+00,0.00000000e+00,1.15356843e-01,1.15183390e-02,1.13049706e+02,1.12879722e+01
1.49800000e+00,-4.91587933e-03,-8.03502666e-02,3.07255826e-02,1.54866156e-01,2.38300628e+00,0.00000000e+00,1.14638387e-01,1.16169917e-02,1.12345619e+02,1.13846518e+01
1.50000000e+00,-5.08461862e-03,-8.83679368e-02,3.10253559e-02,1.44886929e-01,2.33901747e+00,0.00000000e+00,1.13865112e-01,1.16987118e-02,1.11587810e+02,1.14647375e+01
1.50200000e+00,-5.26985793e-03,-9.71458287e-02,3.13074193e-02,1.38340656e-01,2.29502865e+00,0.00000000e+00,1.33880201e-01,1.92288646e-02,1.31202597e+02,1.88442873e+01
1.50400000e+00,-5.47303648e-03,-1.05675583e-01,3.15781758e-02,1.30980701e-01,2.25103983e+00,0.00000000e+00,1.09689132e-01,1.03800031e-02,1.07495349e+02,1.01724031e+01
1.50600000e+00,-5.69190145e-03,-1.13217162e-01,3.18289212e-02,1.19989555e-01,2.20705101e+00,0.00000000e+00,1.12545139e-01,1.19697753e-02,1.10294236e+02,1.17303798e+01
1.50800000e+00,-5.92593279e-03,-1.20800235e-01,3.20587063e-02,1.09856717e-01,2.16306219e+00,0.00000000e+00,1.12538190e-01,1.25140203e-02,1.10287426e+02,1.22637399e+01
1.51000000e+00,-6.17499168e-03,-1.28217246e-01,3.22682563e-02,9.95863113e-02,2.11907337e+00,0.00000000e+00,1.10667386e-01,1.19845243e-02,1.08454038e+02,1.17448338e+01
1.51200000e+00,-6.43866616e-03,-1.35430844e-01,3.24568358e-02,8.89923764e-02,2.07508455e+00,0.00000000e+00,1.09907891e-01,1.21086552e-02,1.07709733e+02,1.18664821e+01
1.51400000e+00,-6.71660821e-03,-1.42484190e-01,3.26242221e-02,7.83928180e-02,2.03109573e+00,0.00000000e+00,1.09162714e-01,1.22161699e-02,1.06979460e+02,1.19718465e+01
1.51600000e+00,-7.00849444e-03,-1.49374829e-01,3.27704162e-02,6.78069427e-02,1.98710691e+00,0.00000000e+00,1.08460370e-01,1.23505478e-02,1.06291163e+02,1.21035369e+01
1.51800000e+00,-7.31399632e-03,-1.56098671e-01,3.28954659e-02,5.72452275e-02,1.94311810e+00,0.00000000e+00,1.07731458e-01,1.24498365e-02,1.05576829e+02,1.22008398e+01
1.52000000e+00,-7.63277347e-03,-1.62649034e-01,3.29994133e-02,4.67077860e-02,1.89912928e+00,0.00000000e+00,1.06982029e-01,1.25542977e-02,1.04842389e+02,1.23032117e+01
1.52200000e+00,-7.96517888e-03,-1.70078960e-01,3.30852751e-02,4.06367126e-02,1.85514046e+00,0.00000000e+00,1.30968995e-01,2.19504924e-02,1.28349615e+02,2.15114826e+01
1.52400000e+00,-8.31290428e-03,-1.77231392e-01,3.31614897e-02,3.38603582e-02,1.81115164e+00,0.00000000e+00,1.03305435e-01,1.11848548e-02,1.01239327e+02,1.09611577e+01
1.52600000e+00,-8.67332522e-03,-1.83215035e-01,3.32178005e-02,2.27102407e-02,1.76716282e+00,0.00000000e+00,1.06575400e-01,1.28550586e-02,1.04443892e+02,1.25979574e+01
1.52800000e+00,-9.04577767e-03,-1.89218558e-01,3.32530462e-02,1.26333547e-02,1.72317400e+00,0.00000000e+00,1.06785803e-01,1.34920730e-02,1.04650087e+02,1.32222315e+01
1.53000000e+00,-9.43005381e-03,-1.95003632e-01,3.32683140e-02,2.52648564e-03,1.67918518e+00,0.00000000e+00,1.04583955e-01,1.28180166e-02,1.02492276e+02,1.25616563e+01
1.53200000e+00,-9.82562170e-03,-2.00532967e-01,3.32629860e-02,-7.82953051e-03,1.63519636e+00,0.00000000e+00,1.04016279e-01,1.29657386e-02,1.01935953e+02,1.27064238e+01
1.53400000e+00,-1.02320574e-02,-2.05869899e-01,3.32370961e-02,-1.80351483e-02,1.59120754e+00,0.00000000e+00,1.03383951e-01,1.31008932e-02,1.01316272e+02,1.28388754e+01
1.53600000e+00,-1.06489688e-02,-2.11008142e-01,3.31909460e-02,-2.80899733e-02,1.54721873e+00,0.00000000e+00,1.02755680e-01,1.32204383e-02,1.00700567e+02,1.29560296e+01
1.53800000e+00,-1.10759554e-02,-2.15944599e-01,3.31248400e-02,-3.79891791e-02,1.50322991e+00,0.00000000e+00,1.02134069e-01,1.33371525e-02,1.00091387e+02,1.30704094e+01
1.54000000e+00,-1.15126092e-02,-2.20673989e-01,3.30390938e-02,-4.77315407e-02,1.45924109e+00,0.00000000e+00,1.01462150e-01,1.34311470e-02,9.94329072e+01,1.31625240e+01
1.54200000e+00,-1.19592177e-02,-2.26252731e-01,3.29371660e-02,-5.25963638e-02,1.41525227e+00,0.00000000e+00,1.25605478e-01,2.34321400e-02,1.23093368e+02,2.29634972e+01
1.54400000e+00,-1.24174388e-02,-2.31559613e-01,3.28283682e-02,-5.79710083e-02,1.37126345e+00,0.00000000e+00,9.88267643e-02,1.22070774e-02,9.68502290e+01,1.19629359e+01
1.54600000e+00,-1.28846770e-02,-2.35697833e-01,3.27022722e-02,-6.78600660e-02,1.32727463e+00,0.00000000e+00,1.02094320e-01,1.37803874e-02,1.00052433e+02,1.35047796e+01
1.54800000e+00,-1.33602314e-02,-2.39837855e-01,3.25577211e-02,-7.65594724e-02,1.28328581e+00,0.00000000e+00,1.02733961e-01,1.45012602e-02,1.00679282e+02,1.42112350e+01
1.55000000e+00,-1.38438768e-02,-2.43750522e-01,3.23961291e-02,-8.51166802e-02,1.23929699e+00,0.00000000e+00,1.00713566e-01,1.38514752e-02,9.86992947e+01,1.35744457e+01
1.55200000e+00,-1.43350457e-02,-2.47381644e-01,3.22171520e-02,-9.38274264e-02,1.19530818e+00,0.00000000e+00,1.00149578e-01,1.39268702e-02,9.81465866e+01,1.36483328e+01
1.55400000e+00,-1.48332629e-02,-2.50802064e-01,3.20209833e-02,-1.02292253e-01,1.15131936e+00,0.00000000e+00,9.98430123e-02,1.40908940e-02,9.78461521e+01,1.38090762e+01
1.55600000e+00,-1.53381168e-02,-2.54016751e-01,3.18081750e-02,-1.10469044e-01,1.10733054e+00,0.00000000e+00,9.94501114e-02,1.42308039e-02,9.74611091e+01,1.39461878e+01
1.55800000e+00,-1.58491874e-02,-2.57017678e-01,3.15792854e-02,-1.18378517e-01,1.06334172e+00,0.00000000e+00,9.90076430e-02,1.43282532e-02,9.70274901e+01,1.40416881e+01
1.56000000e+00,-1.63660409e-02,-2.59798619e-01,3.13348297e-02,-1.26034846e-01,1.01935290e+00,0.00000000e+00,9.85173108e-02,1.44160743e-02,9.65469645e+01,1.41277528e+01
1.56200000e+00,-1.68889091e-02,-2.63370295e-01,3.10783342e-02,-1.28909631e-01,9.75364081e-01,0.00000000e+00,1.21739983e-01,2.40001061e-02,1.19305184e+02,2.35201039e+01
1.56400000e+00,-1.74193658e-02,-2.66707696e-01,3.08190087e-02,-1.32057792e-01,9.31375262e-01,0.00000000e+00,9.73580342e-02,1.34724073e-02,9.54108735e+01,1.32029592e+01
1.56600000e+00,-1.79549987e-02,-2.68933428e-01,3.05472849e-02,-1.39432855e-01,8.87386443e-01,0.00000000e+00,1.00126667e-01,1.47427596e-02,9.81241341e+01,1.44479045e+01
1.56800000e+00,-1.84950830e-02,-2.71134334e-01,3.02620394e-02,-1.45664799e-01,8.43397624e-01,0.00000000e+00,1.01177729e-01,1.54669269e-02,9.91541741e+01,1.51575884e+01
1.57000000e+00,-1.90393911e-02,-2.73117765e-01,2.99647987e-02,-1.51637350e-01,7.99408805e-01,0.00000000e+00,9.94798596e-02,1.48650096e-02,9.74902624e+01,1.45677094e+01
1.57200000e+00,-1.95873710e-02,-2.74826567e-01,2.96554604e-02,-1.57654354e-01,7.55419986e-01,0.00000000e+00,9.92265842e-02,1.49341826e-02,9.72420525e+01,1.46354990e+01
1.57400000e+00,-2.01385603e-02,-2.76329793e-01,2.93344055e-02,-1.63334941e-01,7.11431168e-01,0.00000000e+00,9.91692970e-02,1.51148448e-02,9.71859111e+01,1.48125479e+01
1.57600000e+00,-2.06925598e-02,-2.77637471e-01,2.90023769e-02,-1.68631136e-01,6.67442349e-01,0.00000000e+00,9.91741359e-02,1.52688845e-02,9.71906532e+01,1.49635068e+01
1.57800000e+00,-2.12489734e-02,-2.78740019e-01,2.86601092e-02,-1.73585014e-01,6.23453530e-01,0.00000000e+00,9.89134608e-02,1.53464549e-02,9.69351916e+01,1.50395258e+01
1.58000000e+00,-2.18073780e-02,-2.79629811e-01,2.83082434e-02,-1.78229130e-01,5.79464711e-01,0.00000000e+00,9.87572155e-02,1.54183285e-02,9.67820712e+01,1.51099619e+01
1.58200000e+00,-2.23678580e-02,-2.81067557e-01,2.79498587e-02,-1.78874876e-01,5.35475892e-01,0.00000000e+00,1.16288063e-01,2.32278476e-02,1.13962302e+02,2.27632906e+01
1.58400000e+00,-2.29315208e-02,-2.82314142e-01,2.75926932e-02,-1.79596392e-01,4.91487073e-01,0.00000000e+00,9.88853839e-02,1.47488105e-02,9.69076762e+01,1.44538343e+01
1.58600000e+00,-2.34965542e-02,-2.82720317e-01,2.72292541e-02,-1.83646276e-01,4.47498254e-01,0.00000000e+00,1.01260755e-01,1.57241344e-02,9.92355397e+01,1.54096517e+01
1.58800000e+00,-2.40623769e-02,-2.83088853e-01,2.68588009e-02,-1.86657049e-01,4.03509435e-01,0.00000000e+00,1.02623279e-01,1.64019776e-02,1.00570814e+02,1.60739381e+01
1.59000000e+00,-2.46287924e-02,-2.83281489e-01,2.64828802e-02,-1.89286362e-01,3.59520617e-01,0.00000000e+00,1.01773285e-01,1.59888515e-02,9.97378195e+01,1.56690744e+01
1.59200000e+00,-2.51953465e-02,-2.83239585e-01,2.61017080e-02,-1.91836877e-01,3.15531798e-01,0.00000000e+00,1.01767643e-01,1.60239058e-02,9.97322904e+01,1.57034277e+01
1.59400000e+00,-2.57616288e-02,-2.83014761e-01,2.57157759e-02,-1.94022697e-01,2.71542979e-01,0.00000000e+00,1.02122450e-01,1.62039365e-02,1.00080001e+02,1.58798578e+01
1.59600000e+00,-2.63272920e-02,-2.82619538e-01,2.53258889e-02,-1.95800959e-01,2.27554160e-01,0.00000000e+00,1.02405027e-01,1.63231417e-02,1.00356927e+02,1.59966789e+01
1.59800000e+00,-2.68919869e-02,-2.82044228e-01,2.49328147e-02,-1.97215316e-01,1.83565341e-01,0.00000000e+00,1.02526281e-01,1.64068393e-02,1.00475756e+02,1.60787025e+01
1.60000000e+00,-2.74553462e-02,-2.81284900e-01,2.45372586e-02,-1.98283240e-01,1.39576522e-01,0.00000000e+00,1.02706820e-01,1.64856836e-02,1.00652684e+02,1.61559699e+01
1.60200000e+00,-2.80173662e-02,-2.80885224e-01,2.41417254e-02,-1.96286076e-01,9.55877034e-02,0.00000000e+00,1.15520589e-01,2.22749959e-02,1.13210177e+02,2.18294960e+01
1.60400000e+00,-2.85787991e-02,-2.80353660e-01,2.37521757e-02,-1.94196699e-01,5.15988845e-02,0.00000000e+00,1.04209416e-01,1.61215029e-02,1.02125227e+02,1.57990728e+01
1.60600000e+00,-2.91383805e-02,-2.79221592e-01,2.33633723e-02,-1.94456617e-01,7.61006566e-03,0.00000000e+00,1.06061040e-01,1.67885593e-02,1.03939819e+02,1.64527881e+01
1.60800000e+00,-2.96956437e-02,-2.78026785e-01,2.29748705e-02,-1.93934606e-01,0.00000000e+00,0.00000000e+00,1.07297259e-01,1.72076018e-02,1.05151314e+02,1.68634497e+01
1.61000000e+00,-3.02503810e-02,-2.76672045e-01,2.25878254e-02,-1.93125423e-01,0.00000000e+00,0.00000000e+00,1.06857661e-01,1.68380745e-02,1.04720508e+02,1.65013130e+01
1.61200000e+00,-3.08021958e-02,-2.75113278e-01,2.22024223e-02,-1.92236126e-01,0.00000000e+00,0.00000000e+00,1.07040557e-01,1.68248406e-02,1.04899746e+02,1.64883438e+01
1.61400000e+00,-3.13507209e-02,-2.73384637e-01,2.18190789e-02,-1.91049857e-01,0.00000000e+00,0.00000000e+00,1.07372870e-01,1.69133234e-02,1.05225412e+02,1.65750569e+01
1.61600000e+00,-3.18956288e-02,-2.71497634e-01,2.14384288e-02,-1.89554639e-01,0.00000000e+00,0.00000000e+00,1.07795857e-01,1.69289479e-02,1.05639940e+02,1.65903690e+01
1.61800000e+00,-3.24366049e-02,-2.69450902e-01,2.10610361e-02,-1.87795733e-01,0.00000000e+00,0.00000000e+00,1.08064799e-01,1.69269722e-02,1.05903503e+02,1.65884327e+01
1.62000000e+00,-3.29733231e-02,-2.67240278e-01,2.06874215e-02,-1.85773501e-01,0.00000000e+00,0.00000000e+00,1.08356437e-01,1.69471287e-02,1.06189308e+02,1.66081861e+01
1.62200000e+00,-3.35056740e-02,-2.65191540e-01,2.03192642e-02,-1.81768445e-01,0.00000000e+00,0.00000000e+00,1.16202052e-01,2.05615994e-02,1.13878011e+02,2.01503674e+01
1.62400000e+00,-3.40340201e-02,-2.63038969e-01,1.99604149e-02,-1.77662386e-01,0.00000000e+00,0.00000000e+00,1.10251487e-01,1.66445771e-02,1.08046457e+02,1.63116856e+01
1.62600000e+00,-3.45575715e-02,-2.60498810e-01,1.96076247e-02,-1.75041188e-01,0.00000000e+00,0.00000000e+00,1.11429353e-01,1.69398567e-02,1.09200766e+02,1.66010595e+01
1.62800000e+00,-3.50759705e-02,-2.57891508e-01,1.92606471e-02,-1.71824732e-01,0.00000000e+00,0.00000000e+00,1.12924962e-01,1.73970731e-02,1.10666463e+02,1.70491316e+01
1.63000000e+00,-3.55890645e-02,-2.55174717e-01,1.89205486e-02,-1.68273969e-01,0.00000000e+00,0.00000000e+00,1.13070369e-01,1.71542623e-02,1.10808962e+02,1.68111770e+01
1.63200000e+00,-3.60965709e-02,-2.52310196e-01,1.85876243e-02,-1.64613630e-01,0.00000000e+00,0.00000000e+00,1.13627432e-01,1.71499886e-02,1.11354883e+02,1.68069889e+01
1.63400000e+00,-3.65982233e-02,-2.49322702e-01,1.82622515e-02,-1.60717162e-01,0.00000000e+00,0.00000000e+00,1.14304048e-01,1.71835065e-02,1.12017967e+02,1.68398364e+01
1.63600000e+00,-3.70937824e-02,-2.46216280e-01,1.79449182e-02,-1.56576826e-01,0.00000000e+00,0.00000000e+00,1.14906372e-01,1.72068623e-02,1.12608245e+02,1.68627251e+01
1.63800000e+00,-3.75830096e-02,-2.42991676e-01,1.76360942e-02,-1.52211631e-01,0.00000000e+00,0.00000000e+00,1.15549238e-01,1.72125386e-02,1.13238253e+02,1.68682879e+01
1.64000000e+00,-3.80656712e-02,-2.39650229e-01,1.73362165e-02,-1.47629269e-01,0.00000000e+00,0.00000000e+00,1.16129694e-01,1.72324449e-02,1.13807100e+02,1.68877960e+01
1.64200000e+00,-3.85416413e-02,-2.36354892e-01,1.70463193e-02,-1.41933802e-01,0.00000000e+00,0.00000000e+00,1.20525788e-01,1.91326218e-02,1.18115272e+02,1.87499693e+01
1.64400000e+00,-3.90110559e-02,-2.33007151e-01,1.67685987e-02,-1.36062159e-01,0.00000000e+00,0.00000000e+00,1.18750551e-01,1.72029844e-02,1.16375540e+02,1.68589247e+01
1.64600000e+00,-3.94735296e-02,-2.29448982e-01,1.65015781e-02,-1.30929263e-01,0.00000000e+00,0.00000000e+00,1.19398400e-01,1.71984512e-02,1.17010432e+02,1.68544822e+01
1.64800000e+00,-3.99288112e-02,-2.25829919e-01,1.62451130e-02,-1.25449311e-01,0.00000000e+00,0.00000000e+00,1.21058958e-01,1.75628744e-02,1.18637779e+02,1.72116169e+01
1.65000000e+00,-4.03768118e-02,-2.22154678e-01,1.59999777e-02,-1.19674130e-01,0.00000000e+00,0.00000000e+00,1.21757743e-01,1.74655911e-02,1.19322588e+02,1.71162792e+01
1.65200000e+00,-4.08173681e-02,-2.18386781e-01,1.57664799e-02,-1.13803809e-01,0.00000000e+00,0.00000000e+00,1.22505529e-01,1.74266178e-02,1.20055419e+02,1.70780854e+01
1.65400000e+00,-4.12503043e-02,-2.14536951e-01,1.55448565e-02,-1.07792519e-01,0.00000000e+00,0.00000000e+00,1.23393028e-01,1.74424374e-02,1.20925168e+02,1.70935886e+01
1.65600000e+00,-4.16754673e-02,-2.10614188e-01,1.53354161e-02,-1.01621833e-01,0.00000000e+00,0.00000000e+00,1.24287973e-01,1.74594832e-02,1.21802214e+02,1.71102936e+01
1.65800000e+00,-4.20927171e-02,-2.06625473e-01,1.51384689e-02,-9.53014464e-02,0.00000000e+00,0.00000000e+00,1.25274250e-01,1.74727339e-02,1.22768765e+02,1.71232792e+01
1.66000000e+00,-4.25019241e-02,-2.02569108e-01,1.49543038e-02,-8.88408407e-02,0.00000000e+00,0.00000000e+00,1.26064138e-01,1.74880835e-02,1.23542856e+02,1.71383218e+01
1.66200000e+00,-4.29029780e-02,-1.98489535e-01,1.47833537e-02,-8.20081455e-02,0.00000000e+00,0.00000000e+00,1.28022549e-01,1.80067882e-02,1.25462098e+02,1.76466524e+01
1.66400000e+00,-4.32958726e-02,-1.94395418e-01,1.46263920e-02,-7.49943321e-02,0.00000000e+00,0.00000000e+00,1.28948232e-01,1.76411405e-02,1.26369268e+02,1.72883177e+01
1.66600000e+00,-4.36805165e-02,-1.90236525e-01,1.44832861e-02,-6.81159081e-02,0.00000000e+00,0.00000000e+00,1.29665793e-01,1.75153594e-02,1.27072478e+02,1.71650522e+01
1.66800000e+00,-4.40567871e-02,-1.86030339e-01,1.43539925e-02,-6.11412992e-02,0.00000000e+00,0.00000000e+00,1.30931856e-01,1.76554956e-02,1.28313219e+02,1.73023857e+01
1.67000000e+00,-4.44246197e-02,-1.81796848e-01,1.42388199e-02,-5.40181678e-02,0.00000000e+00,0.00000000e+00,1.32047733e-01,1.76596740e-02,1.29406779e+02,1.73064806e+01
1.67200000e+00,-4.47839521e-02,-1.77529811e-01,1.41379678e-02,-4.68231318e-02,0.00000000e+00,0.00000000e+00,1.33098692e-01,1.76594168e-02,1.30436718e+02,1.73062285e+01
1.67400000e+00,-4.51347166e-02,-1.73229319e-01,1.40515661e-02,-3.95700574e-02,0.00000000e+00,0.00000000e+00,1.34146870e-01,1.76551087e-02,1.31463932e+02,1.73020065e+01
1.67600000e+00,-4.54768486e-02,-1.68897564e-01,1.39797223e-02,-3.22648065e-02,0.00000000e+00,0.00000000e+00,1.35178759e-01,1.76633233e-02,1.32475184e+02,1.73100568e+01
1.67800000e+00,-4.58102909e-02,-1.64541784e-01,1.39225384e-02,-2.49122747e-02,0.00000000e+00,0.00000000e+00,1.36325218e-01,1.76696617e-02,1.33598714e+02,1.73162684e+01
1.68000000e+00,-4.61350024e-02,-1.60166007e-01,1.38800953e-02,-1.75266456e-02,0.00000000e+00,0.00000000e+00,1.37380018e-01,1.76691489e-02,1.34632418e+02,1.73157659e+01
1.68200000e+00,-4.64509238e-02,-1.55743531e-01,1.38523224e-02,-1.03050489e-02,0.00000000e+00,0.00000000e+00,1.37830952e-01,1.72827102e-02,1.35074333e+02,1.69370560e+01
1.68400000e+00,-4.67579813e-02,-1.51328196e-01,1.38389776e-02,-2.92979335e-03,0.00000000e+00,0.00000000e+00,1.40071548e-01,1.79696497e-02,1.37270117e+02,1.76102567e+01
1.68600000e+00,-4.70562461e-02,-1.46927245e-01,1.38407396e-02,4.65001060e-03,0.00000000e+00,0.00000000e+00,1.40619806e-01,1.77114639e-02,1.37807410e+02,1.73572346e+01
1.68800000e+00,-4.73456672e-02,-1.42491720e-01,1.38574649e-02,1.20607219e-02,0.00000000e+00,0.00000000e+00,1.41644359e-01,1.76355864e-02,1.38811472e+02,1.72828747e+01
1.69000000e+00,-4.76262172e-02,-1.38062538e-01,1.38889858e-02,1.94763855e-02,0.00000000e+00,0.00000000e+00,1.43076332e-01,1.77638686e-02,1.40214805e+02,1.74085912e+01
1.69200000e+00,-4.78979249e-02,-1.33644605e-01,1.39353859e-02,2.69152975e-02,0.00000000e+00,0.00000000e+00,1.44143273e-01,1.77476309e-02,1.41260408e+02,1.73926783e+01
1.69400000e+00,-4.81607975e-02,-1.29229423e-01,1.39966167e-02,3.43088334e-02,0.00000000e+00,0.00000000e+00,1.45304519e-01,1.77530761e-02,1.42398429e+02,1.73980146e+01
1.69600000e+00,-4.84148471e-02,-1.24821047e-01,1.40725939e-02,4.16613774e-02,0.00000000e+00,0.00000000e+00,1.46394207e-01,1.77671237e-02,1.43466323e+02,1.74117812e+01
1.69800000e+00,-4.86600918e-02,-1.20427813e-01,1.41632327e-02,4.89696793e-02,0.00000000e+00,0.00000000e+00,1.47678295e-01,1.77867098e-02,1.44724729e+02,1.74309756e+01
1.70000000e+00,-4.88965736e-02,-1.16057475e-01,1.42684330e-02,5.62185543e-02,0.00000000e+00,0.00000000e+00,1.48877529e-01,1.77897092e-02,1.45899978e+02,1.74339151e+01
1.70200000e+00,-4.91242293e-02,-1.11548519e-01,1.43875313e-02,6.26040303e-02,0.00000000e+00,0.00000000e+00,1.46315776e-01,1.61418556e-02,1.43389461e+02,1.58190185e+01
1.70400000e+00,-4.93427832e-02,-1.07062843e-01,1.45189394e-02,6.91248732e-02,0.00000000e+00,0.00000000e+00,1.51224195e-01,1.82590398e-02,1.48199711e+02,1.78938590e+01
1.70600000e+00,-4.95525715e-02,-1.02713538e-01,1.46644622e-02,7.62928207e-02,0.00000000e+00,0.00000000e+00,1.51232648e-01,1.77050500e-02,1.48207995e+02,1.73509490e+01
1.70800000e+00,-4.97536109e-02,-9.83244890e-02,1.48237897e-02,8.29793143e-02,0.00000000e+00,0.00000000e+00,1.51954525e-01,1.74733265e-02,1.48915435e+02,1.71238600e+01
1.71000000e+00,-4.99458929e-02,-9.39705018e-02,1.49963390e-02,8.96050794e-02,0.00000000e+00,0.00000000e+00,1.53639433e-01,1.78213897e-02,1.50566645e+02,1.74649619e+01
1.71200000e+00,-5.01295254e-02,-8.96652448e-02,1.51822144e-02,9.62373861e-02,0.00000000e+00,0.00000000e+00,1.54609843e-01,1.77498730e-02,1.51517646e+02,1.73948755e+01
1.71400000e+00,-5.03045749e-02,-8.53915664e-02,1.53811745e-02,1.02698723e-01,0.00000000e+00,0.00000000e+00,1.55823793e-01,1.77441060e-02,1.52707317e+02,1.73892238e+01
1.71600000e+00,-5.04711122e-02,-8.11487078e-02,1.55929084e-02,1.09008700e-01,0.00000000e+00,0.00000000e+00,1.56706839e-01,1.77320585e-02,1.53572702e+02,1.73774173e+01
1.71800000e+00,-5.06291935e-02,-7.69414364e-02,1.58171181e-02,1.15181916e-01,0.00000000e+00,0.00000000e+00,1.57963037e-01,1.77748171e-02,1.54803776e+02,1.74193208e+01
1.72000000e+00,-5.07789115e-02,-7.27846024e-02,1.60535423e-02,1.21214611e-01,0.00000000e+00,0.00000000e+00,1.59124617e-01,1.77723783e-02,1.55942125e+02,1.74169307e+01
1.72200000e+00,-5.09201594e-02,-6.83691356e-02,1.63009064e-02,1.25642269e-01,0.00000000e+00,0.00000000e+00,1.53090157e-01,1.47572064e-02,1.50028354e+02,1.44620623e+01
1.72400000e+00,-5.10524264e-02,-6.40111596e-02,1.65562588e-02,1.30290856e-01,0.00000000e+00,0.00000000e+00,1.61566002e-01,1.85992390e-02,1.58334682e+02,1.82272542e+01
1.72600000e+00,-5.11763796e-02,-5.99163924e-02,1.68228279e-02,1.36076485e-01,0.00000000e+00,0.00000000e+00,1.60269121e-01,1.75222265e-02,1.57063738e+02,1.71717820e+01
1.72800000e+00,-5.12920349e-02,-5.57360250e-02,1.70999886e-02,1.40998020e-01,0.00000000e+00,0.00000000e+00,1.60526929e-01,1.71794049e-02,1.57316391e+02,1.68358168e+01
1.73000000e+00,-5.13993574e-02,-5.16063037e-02,1.73867245e-02,1.45776356e-01,0.00000000e+00,0.00000000e+00,1.62345625e-01,1.76293392e-02,1.59098712e+02,1.72767524e+01
1.73200000e+00,-5.14985109e-02,-4.75527572e-02,1.76830894e-02,1.50547747e-01,0.00000000e+00,0.00000000e+00,1.63132917e-01,1.75862420e-02,1.59870259e+02,1.72345171e+01
1.73400000e+00,-5.15895944e-02,-4.35380643e-02,1.79887576e-02,1.55082343e-01,0.00000000e+00,0.00000000e+00,1.64013485e-01,1.75671069e-02,1.60733215e+02,1.72157648e+01
1.73600000e+00,-5.16726975e-02,-3.95748611e-02,1.83032919e-02,1.59426642e-01,0.00000000e+00,0.00000000e+00,1.65030702e-01,1.76343615e-02,1.61730088e+02,1.72816743e+01
1.73800000e+00,-5.17479381e-02,-3.56780325e-02,1.86263504e-02,1.63600287e-01,0.00000000e+00,0.00000000e+00,1.66194649e-01,1.76686995e-02,1.62870756e+02,1.73153255e+01
1.74000000e+00,-5.18154489e-02,-3.18401001e-02,1.89575394e-02,1.67543422e-01,0.00000000e+00,0.00000000e+00,1.66973754e-01,1.76220186e-02,1.63634279e+02,1.72695782e+01
1.74200000e+00,-5.18750567e-02,-2.76395415e-02,1.92950629e-02,1.69295073e-01,0.00000000e+00,0.00000000e+00,1.58224253e-01,1.35499546e-02,1.55059768e+02,1.32789555e+01
1.74400000e+00,-5.19260601e-02,-2.35185255e-02,1.96349241e-02,1.71353204e-01,0.00000000e+00,0.00000000e+00,1.69266259e-01,1.87503186e-02,1.65880934e+02,1.83753123e+01
1.74600000e+00,-5.19693561e-02,-1.97355132e-02,1.99814570e-02,1.74883301e-01,0.00000000e+00,0.00000000e+00,1.66491209e-01,1.71330966e-02,1.63161385e+02,1.67904346e+01
1.74800000e+00,-5.20049241e-02,-1.58353683e-02,2.03336978e-02,1.77274241e-01,0.00000000e+00,0.00000000e+00,1.66835462e-01,1.68614183e-02,1.63498753e+02,1.65241899e+01
1.75000000e+00,-5.20327483e-02,-1.20113227e-02,2.06904851e-02,1.79561876e-01,0.00000000e+00,0.00000000e+00,1.68512286e-01,1.74250413e-02,1.65142040e+02,1.70765405e+01
1.75200000e+00,-5.20530305e-02,-8.27902517e-03,2.10519370e-02,1.81837070e-01,0.00000000e+00,0.00000000e+00,1.69160207e-01,1.73507159e-02,1.65777003e+02,1.70037016e+01
1.75400000e+00,-5.20658954e-02,-4.59314415e-03,2.14176423e-02,1.83825628e-01,0.00000000e+00,0.00000000e+00,1.69717009e-01,1.73449977e-02,1.66322669e+02,1.69980977e+01
1.75600000e+00,-5.20714401e-02,-9.62688438e-04,2.17870681e-02,1.85556995e-01,0.00000000e+00,0.00000000e+00,1.70515476e-01,1.73378979e-02,1.67105166e+02,1.69911399e+01
1.75800000e+00,-5.20697917e-02,2.59936805e-03,2.21597201e-02,1.87063230e-01,0.00000000e+00,0.00000000e+00,1.71316449e-01,1.74041786e-02,1.67890120e+02,1.70560950e+01
1.76000000e+00,-5.20610865e-02,6.09552837e-03,2.25351731e-02,1.88347668e-01,0.00000000e+00,0.00000000e+00,1.71998543e-01,1.74081653e-02,1.68558573e+02,1.70600020e+01
1.76200000e+00,-5.20451300e-02,1.00110440e-02,2.29114660e-02,1.87165186e-01,0.00000000e+00,0.00000000e+00,1.61402340e-01,1.27638344e-02,1.58174293e+02,1.25085578e+01
1.76400000e+00,-5.20210951e-02,1.38474653e-02,2.32840612e-02,1.86323497e-01,0.00000000e+00,0.00000000e+00,1.73666944e-01,1.86564796e-02,1.70193605e+02,1.82833500e+01
1.76600000e+00,-5.19899990e-02,1.72956271e-02,2.36578910e-02,1.87178268e-01,0.00000000e+00,0.00000000e+00,1.70234971e-01,1.68582648e-02,1.66830271e+02,1.65210995e+01
1.76800000e+00,-5.19518199e-02,2.08828217e-02,2.40319260e-02,1.86760821e-01,0.00000000e+00,0.00000000e+00,1.70121094e-01,1.65205589e-02,1.66718672e+02,1.61901477e+01
1.77000000e+00,-5.19065247e-02,2.43845542e-02,2.44048755e-02,1.86255187e-01,0.00000000e+00,0.00000000e+00,1.71876643e-01,1.72061782e-02,1.68439110e+02,1.68620546e+01
1.77200000e+00,-5.18543427e-02,2.77947373e-02,2.47769459e-02,1.85748160e-01,0.00000000e+00,0.00000000e+00,1.71848315e-01,1.70493456e-02,1.68411349e+02,1.67083587e+01
1.77400000e+00,-5.17953689e-02,3.11701582e-02,2.51476587e-02,1.84927017e-01,0.00000000e+00,0.00000000e+00,1.72221339e-01,1.70767577e-02,1.68776912e+02,1.67352225e+01
1.77600000e+00,-5.17297007e-02,3.44875639e-02,2.55164997e-02,1.83874509e-01,0.00000000e+00,0.00000000e+00,1.72681493e-01,1.70910365e-02,1.69227863e+02,1.67492158e+01
1.77800000e+00,-5.16574625e-02,3.77392507e-02,2.58830205e-02,1.82617776e-01,0.00000000e+00,0.00000000e+00,1.73180633e-01,1.71721945e-02,1.69717021e+02,1.68287506e+01
1.78000000e+00,-5.15787878e-02,4.09248803e-02,2.62468420e-02,1.81167850e-01,0.00000000e+00,0.00000000e+00,1.73595878e-01,1.72058450e-02,1.70123960e+02,1.68617281e+01
1.78200000e+00,-5.14934499e-02,4.45801493e-02,2.66059759e-02,1.77144197e-01,0.00000000e+00,0.00000000e+00,1.61524009e-01,1.22842942e-02,1.58293529e+02,1.20386083e+01
1.78400000e+00,-5.14005159e-02,4.81623609e-02,2.69556627e-02,1.73486159e-01,0.00000000e+00,0.00000000e+00,1.74559792e-01,1.84747006e-02,1.71068596e+02,1.81052066e+01
1.78600000e+00,-5.13010805e-02,5.13244492e-02,2.73011223e-02,1.71630722e-01,0.00000000e+00,0.00000000e+00,1.70542154e-01,1.65620876e-02,1.67131311e+02,1.62308459e+01
1.78800000e+00,-5.11951154e-02,5.46406292e-02,2.76413231e-02,1.68481788e-01,0.00000000e+00,0.00000000e+00,1.70107596e-01,1.62469000e-02,1.66705444e+02,1.59219620e+01
1.79000000e+00,-5.10825674e-02,5.78827842e-02,2.79750335e-02,1.65309006e-01,0.00000000e+00,0.00000000e+00,1.71366494e-01,1.69900886e-02,1.67939165e+02,1.66502868e+01
1.79200000e+00,-5.09636406e-02,6.10404687e-02,2.83025801e-02,1.62167682e-01,0.00000000e+00,0.00000000e+00,1.71123517e-01,1.67821049e-02,1.67701047e+02,1.64464628e+01
1.79400000e+00,-5.08384261e-02,6.41672853e-02,2.86234861e-02,1.58699243e-01,0.00000000e+00,0.00000000e+00,1.71078428e-01,1.67633120e-02,1.67656859e+02,1.64280458e+01
1.79600000e+00,-5.07070048e-02,6.72440261e-02,2.89372511e-02,1.55041874e-01,0.00000000e+00,0.00000000e+00,1.71233430e-01,1.68352604e-02,1.67808762e+02,1.64985552e+01
1.79800000e+00,-5.05694917e-02,7.02580950e-02,2.92435486e-02,1.51226917e-01,0.00000000e+00,0.00000000e+00,1.71432691e-01,1.68716473e-02,1.68004037e+02,1.65342144e+01
1.80000000e+00,-5.04260119e-02,7.32130003e-02,2.95420305e-02,1.47219492e-01,0.00000000e+00,0.00000000e+00,1.71456761e-01,1.68592922e-02,1.68027625e+02,1.65221064e+01
1.80200000e+00,-5.02763481e-02,7.66053358e-02,2.98308987e-02,1.40920630e-01,0.00000000e+00,0.00000000e+00,1.60002579e-01,1.24768622e-02,1.56802527e+02,1.22273250e+01
1.80400000e+00,-5.01196369e-02,7.99280939e-02,3.01060099e-02,1.35066867e-01,0.00000000e+00,0.00000000e+00,1.71817612e-01,1.81893174e-02,1.68381260e+02,1.78255311e+01
1.80600000e+00,-4.99568929e-02,8.28651621e-02,3.03722807e-02,1.30884930e-01,0.00000000e+00,0.00000000e+00,1.67698394e-01,1.63679901e-02,1.64344426e+02,1.60406303e+01
1.80800000e+00,-4.97880621e-02,8.59735103e-02,3.06287127e-02,1.25447736e-01,0.00000000e+00,0.00000000e+00,1.66449697e-01,1.59230427e-02,1.63120703e+02,1.56045819e+01
1.81000000e+00,-4.96130385e-02,8.90223659e-02,3.08740536e-02,1.19983336e-01,0.00000000e+00,0.00000000e+00,1.67672370e-01,1.66636381e-02,1.64318922e+02,1.63303654e+01
1.81200000e+00,-4.94320339e-02,9.19792302e-02,3.11087268e-02,1.14640134e-01,0.00000000e+00,0.00000000e+00,1.67133785e-01,1.65148465e-02,1.63791109e+02,1.61845496e+01
1.81400000e+00,-4.92451440e-02,9.49023674e-02,3.13324566e-02,1.09060677e-01,0.00000000e+00,0.00000000e+00,1.66946813e-01,1.64896186e-02,1.63607877e+02,1.61598263e+01
1.81600000e+00,-4.90524581e-02,9.77751056e-02,3.15448912e-02,1.03363747e-01,0.00000000e+00,0.00000000e+00,1.66750290e-01,1.65740690e-02,1.63415284e+02,1.62425876e+01
1.81800000e+00,-4.88540767e-02,1.00598216e-01,3.17458629e-02,9.75937883e-02,0.00000000e+00,0.00000000e+00,1.66498597e-01,1.66257819e-02,1.63168625e+02,1.62932662e+01
1.82000000e+00,-4.86500957e-02,1.03375583e-01,3.19352022e-02,9.17275666e-02,0.00000000e+00,0.00000000e+00,1.66165423e-01,1.66448853e-02,1.62842115e+02,1.63119876e+01
1.82200000e+00,-4.84403608e-02,1.06473326e-01,3.21116095e-02,8.41162242e-02,0.00000000e+00,0.00000000e+00,1.57312288e-01,1.32176582e-02,1.54166042e+02,1.29533051e+01
1.82400000e+00,-4.82242389e-02,1.09516367e-01,3.22719720e-02,7.69620609e-02,0.00000000e+00,0.00000000e+00,1.65692377e-01,1.78368062e-02,1.62378529e+02,1.74800700e+01
1.82600000e+00,-4.80024759e-02,1.12288581e-01,3.24203452e-02,7.11390110e-02,0.00000000e+00,0.00000000e+00,1.61841634e-01,1.62258948e-02,1.58604801e+02,1.59013769e+01
1.82800000e+00,-4.77749873e-02,1.15206634e-01,3.25557942e-02,6.42152428e-02,0.00000000e+00,0.00000000e+00,1.60439336e-01,1.57226826e-02,1.57230549e+02,1.54082289e+01
1.83000000e+00,-4.75416837e-02,1.18073208e-01,3.26772284e-02,5.73247005e-02,0.00000000e+00,0.00000000e+00,1.61151860e-01,1.64719693e-02,1.57928823e+02,1.61425299e+01
1.83200000e+00,-4.73027507e-02,1.20855531e-01,3.27852422e-02,5.06579405e-02,0.00000000e+00,0.00000000e+00,1.60468924e-01,1.63494156e-02,1.57259546e+02,1.60224273e+01
1.83400000e+00,-4.70582804e-02,1.23609513e-01,3.28797670e-02,4.38515622e-02,0.00000000e+00,0.00000000e+00,1.59829725e-01,1.63167176e-02,1.56633131e+02,1.59903833e+01
1.83600000e+00,-4.68083410e-02,1.26320898e-01,3.29606315e-02,3.70197688e-02,0.00000000e+00,0.00000000e+00,1.59435065e-01,1.64143813e-02,1.56246364e+02,1.60860937e+01
1.83800000e+00,-4.65530204e-02,1.28996970e-01,3.30278507e-02,3.01948185e-02,0.00000000e+00,0.00000000e+00,1.58581601e-01,1.64298926e-02,1.55409969e+02,1.61012947e+01
1.84000000e+00,-4.62923739e-02,1.31641817e-01,3.30814025e-02,2.33574874e-02,0.00000000e+00,0.00000000e+00,1.58047793e-01,1.64676875e-02,1.54886837e+02,1.61383337e+01
1.84200000e+00,-4.60263000e-02,1.34516324e-01,3.31204809e-02,1.53207838e-02,0.00000000e+00,0.00000000e+00,1.51054434e-01,1.39713514e-02,1.48033346e+02,1.36919244e+01
1.84400000e+00,-4.57543495e-02,1.37329576e-01,3.31430076e-02,7.76690599e-03,0.00000000e+00,0.00000000e+00,1.57271042e-01,1.75166324e-02,1.54125622e+02,1.71662998e+01
1.84600000e+00,-4.54771224e-02,1.39931816e-01,3.31522511e-02,1.26681143e-03,0.00000000e+00,0.00000000e+00,1.53732651e-01,1.61990165e-02,1.50657998e+02,1.58750362e+01
1.84800000e+00,-4.51945415e-02,1.42655162e-01,3.31474930e-02,-6.10602640e-03,0.00000000e+00,0.00000000e+00,1.52145399e-01,1.56809220e-02,1.49102491e+02,1.53673035e+01
1.85000000e+00,-4.49065359e-02,1.45327291e-01,3.31278916e-02,-1.33819847e-02,0.00000000e+00,0.00000000e+00,1.52589408e-01,1.63773808e-02,1.49537620e+02,1.60498332e+01
1.85200000e+00,-4.46132798e-02,1.47928267e-01,3.30941541e-02,-2.03744188e-02,0.00000000e+00,0.00000000e+00,1.51424754e-01,1.62306896e-02,1.48396259e+02,1.59060758e+01
1.85400000e+00,-4.43148330e-02,1.50513944e-01,3.30463612e-02,-2.74159724e-02,0.00000000e+00,0.00000000e+00,1.50521153e-01,1.62088786e-02,1.47510730e+02,1.58847010e+01
1.85600000e+00,-4.40112478e-02,1.53063911e-01,3.29845286e-02,-3.43999433e-02,0.00000000e+00,0.00000000e+00,1.49791410e-01,1.62660808e-02,1.46795582e+02,1.59407592e+01
1.85800000e+00,-4.37026089e-02,1.55566533e-01,3.29088289e-02,-4.12826761e-02,0.00000000e+00,0.00000000e+00,1.49118214e-01,1.63160513e-02,1.46135849e+02,1.59897303e+01
1.86000000e+00,-4.33890066e-02,1.58031809e-01,3.28194547e-02,-4.80801958e-02,0.00000000e+00,0.00000000e+00,1.48114158e-01,1.63200449e-02,1.45151875e+02,1.59936440e+01
1.86200000e+00,-4.30703967e-02,1.60624472e-01,3.27160886e-02,-5.55069075e-02,0.00000000e+00,0.00000000e+00,1.43551011e-01,1.48506516e-02,1.40679990e+02,1.45536385e+01
1.86400000e+00,-4.27465561e-02,1.63145991e-01,3.25977574e-02,-6.24382468e-02,0.00000000e+00,0.00000000e+00,1.47143604e-01,1.71937744e-02,1.44200732e+02,1.68498989e+01
1.86600000e+00,-4.24179073e-02,1.65525785e-01,3.24668288e-02,-6.86297499e-02,0.00000000e+00,0.00000000e+00,1.44189494e-01,1.62189983e-02,1.41305704e+02,1.58946183e+01
1.86800000e+00,-4.20843919e-02,1.67997117e-01,3.23228514e-02,-7.54017359e-02,0.00000000e+00,0.00000000e+00,1.42292094e-01,1.57724000e-02,1.39446252e+02,1.54569520e+01
1.87000000e+00,-4.17459474e-02,1.70425495e-01,3.21653241e-02,-8.20204229e-02,0.00000000e+00,0.00000000e+00,1.42440418e-01,1.63184785e-02,1.39591609e+02,1.59921089e+01
1.87200000e+00,-4.14027441e-02,1.72772715e-01,3.19949958e-02,-8.82999882e-02,0.00000000e+00,0.00000000e+00,1.41396468e-01,1.62434572e-02,1.38568539e+02,1.59185881e+01
1.87400000e+00,-4.10548784e-02,1.75087146e-01,3.18121714e-02,-9.45087308e-02,0.00000000e+00,0.00000000e+00,1.40376368e-01,1.62084981e-02,1.37568841e+02,1.58843282e+01
1.87600000e+00,-4.07024234e-02,1.77359730e-01,3.16170399e-02,-1.00598966e-01,0.00000000e+00,0.00000000e+00,1.39506438e-01,1.62159406e-02,1.36716309e+02,1.58916218e+01
1.87800000e+00,-4.03454706e-02,1.79585765e-01,3.14098806e-02,-1.06531503e-01,0.00000000e+00,0.00000000e+00,1.38559311e-01,1.62459984e-02,1.35788125e+02,1.59210784e+01
1.88000000e+00,-3.99841107e-02,1.81766241e-01,3.11910257e-02,-1.12296234e-01,0.00000000e+00,0.00000000e+00,1.37630091e-01,1.62578809e-02,1.34877489e+02,1.59327233e+01
1.88200000e+00,-3.96183793e-02,1.83986162e-01,3.09605736e-02,-1.18244048e-01,0.00000000e+00,0.00000000e+00,1.34660995e-01,1.55348784e-02,1.31967775e+02,1.52241808e+01
1.88400000e+00,-3.92482181e-02,1.86127978e-01,3.07183419e-02,-1.23753439e-01,0.00000000e+00,0.00000000e+00,1.36442421e-01,1.68344329e-02,1.33713573e+02,1.64977443e+01
1.88600000e+00,-3.88739473e-02,1.88149850e-01,3.04659196e-02,-1.28723277e-01,0.00000000e+00,0.00000000e+00,1.34416689e-01,1.63088034e-02,1.31728356e+02,1.59826273e+01
1.88800000e+00,-3.84956002e-02,1.90199550e-01,3.02032885e-02,-1.33933489e-01,0.00000000e+00,0.00000000e+00,1.32712003e-01,1.59568166e-02,1.30057763e+02,1.56376803e+01
1.89000000e+00,-3.81131820e-02,1.92199940e-01,2.99303157e-02,-1.38948622e-01,0.00000000e+00,0.00000000e+00,1.32455373e-01,1.63303963e-02,1.29806265e+02,1.60037883e+01
1.89200000e+00,-3.77268521e-02,1.94122857e-01,2.96477263e-02,-1.43615342e-01,0.00000000e+00,0.00000000e+00,1.31376493e-01,1.62863525e-02,1.28748963e+02,1.59606254e+01
1.89400000e+00,-3.73367184e-02,1.96004094e-01,2.93559624e-02,-1.48120068e-01,0.00000000e+00,0.00000000e+00,1.30252287e-01,1.62554683e-02,1.27647241e+02,1.59303590e+01
1.89600000e+00,-3.69428671e-02,1.97838188e-01,2.90553735e-02,-1.52433661e-01,0.00000000e+00,0.00000000e+00,1.29270504e-01,1.62599012e-02,1.26685094e+02,1.59347032e+01
1.89800000e+00,-3.65454105e-02,1.99604976e-01,2.87463876e-02,-1.56507522e-01,0.00000000e+00,0.00000000e+00,1.28587768e-01,1.63189384e-02,1.26016013e+02,1.59925596e+01
1.90000000e+00,-3.61444843e-02,2.01316084e-01,2.84294936e-02,-1.60356126e-01,0.00000000e+00,0.00000000e+00,1.27305738e-01,1.62815949e-02,1.24759623e+02,1.59559630e+01
1.90200000e+00,-3.57401588e-02,2.03008282e-01,2.81050313e-02,-1.64102397e-01,0.00000000e+00,0.00000000e+00,1.25735922e-01,1.60717485e-02,1.23221204e+02,1.57503135e+01
1.90400000e+00,-3.53325243e-02,2.04590834e-01,2.77733641e-02,-1.67428569e-01,0.00000000e+00,0.00000000e+00,1.26546863e-01,1.66909859e-02,1.24015925e+02,1.63571662e+01
1.90600000e+00,-3.49218718e-02,2.06058800e-01,2.74355696e-02,-1.70375873e-01,0.00000000e+00,0.00000000e+00,1.25067253e-01,1.63856293e-02,1.22565908e+02,1.60579167e+01
1.90800000e+00,-3.45083099e-02,2.07495591e-01,2.70918644e-02,-1.73317428e-01,0.00000000e+00,0.00000000e+00,1.23905195e-01,1.62132486e-02,1.21427091e+02,1.58889836e+01
1.91000000e+00,-3.40919349e-02,2.08864289e-01,2.67424589e-02,-1.76020460e-01,0.00000000e+00,0.00000000e+00,1.23265079e-01,1.63882720e-02,1.20799777e+02,1.60605065e+01
1.91200000e+00,-3.36729060e-02,2.10153067e-01,2.63879933e-02,-1.78407510e-01,0.00000000e+00,0.00000000e+00,1.22357373e-01,1.63711046e-02,1.19910225e+02,1.60436825e+01
1.91400000e+00,-3.32513641e-02,2.11379620e-01,2.60289771e-02,-1.80572323e-01,0.00000000e+00,0.00000000e+00,1.21283006e-01,1.63427664e-02,1.18857346e+02,1.60159110e+01
1.91600000e+00,-3.28274279e-02,2.12545681e-01,2.56658579e-02,-1.82506339e-01,0.00000000e+00,0.00000000e+00,1.20315009e-01,1.63376108e-02,1.17908709e+02,1.60108586e+01
1.91800000e+00,-3.24012310e-02,2.13637252e-01,2.52991220e-02,-1.84184941e-01,0.00000000e+00,0.00000000e+00,1.19548984e-01,1.63556771e-02,1.17158005e+02,1.60285636e+01
1.92000000e+00,-3.19729284e-02,2.14654571e-01,2.49292907e-02,-1.85604666e-01,0.00000000e+00,0.00000000e+00,1.18557954e-01,1.63532585e-02,1.16186795e+02,1.60261933e+01
1.92200000e+00,-3.15426597e-02,2.15601504e-01,2.45568909e-02,-1.86743111e-01,0.00000000e+00,0.00000000e+00,1.17685213e-01,1.64145720e-02,1.15331508e+02,1.60862806e+01
1.92400000e+00,-3.11106188e-02,2.16403806e-01,2.41825962e-02,-1.87464746e-01,0.00000000e+00,0.00000000e+00,1.18414155e-01,1.66937669e-02,1.16045871e+02,1.63598916e+01
1.92600000e+00,-3.06771240e-02,2.17086711e-01,2.38072029e-02,-1.87929869e-01,0.00000000e+00,0.00000000e+00,1.16939291e-01,1.64169020e-02,1.14600505e+02,1.60885639e+01
1.92800000e+00,-3.02423136e-02,2.17707124e-01,2.34309677e-02,-1.88258502e-01,0.00000000e+00,0.00000000e+00,1.16327545e-01,1.64429360e-02,1.14000994e+02,1.61140773e+01
1.93000000e+00,-2.98063651e-02,2.18223199e-01,2.30543687e-02,-1.88287515e-01,0.00000000e+00,0.00000000e+00,1.15820806e-01,1.65078384e-02,1.13504390e+02,1.61776816e+01
1.93200000e+00,-2.93694865e-02,2.18640770e-01,2.26780009e-02,-1.88041736e-01,0.00000000e+00,0.00000000e+00,1.15064729e-01,1.64819728e-02,1.12763435e+02,1.61523334e+01
1.93400000e+00,-2.89318628e-02,2.18967221e-01,2.23023592e-02,-1.87559731e-01,0.00000000e+00,0.00000000e+00,1.14378999e-01,1.64668659e-02,1.12091419e+02,1.61375286e+01
1.93600000e+00,-2.84936767e-02,2.19205036e-01,2.19279235e-02,-1.86835399e-01,0.00000000e+00,0.00000000e+00,1.13559924e-01,1.64554302e-02,1.11288725e+02,1.61263216e+01
1.93800000e+00,-2.80551007e-02,2.19355723e-01,2.15551838e-02,-1.85861895e-01,0.00000000e+00,0.00000000e+00,1.12835414e-01,1.64570114e-02,1.10578705e+02,1.61278712e+01
1.94000000e+00,-2.76163158e-02,2.19413355e-01,2.11846449e-02,-1.84635027e-01,0.00000000e+00,0.00000000e+00,1.12152739e-01,1.64574175e-02,1.09909684e+02,1.61282692e+01
1.94200000e+00,-2.71775209e-02,2.19360573e-01,2.08168865e-02,-1.83043991e-01,0.00000000e+00,0.00000000e+00,1.11833383e-01,1.66954149e-02,1.09596715e+02,1.63615066e+01
1.94400000e+00,-2.67389860e-02,2.19139122e-01,2.04526988e-02,-1.81108113e-01,0.00000000e+00,0.00000000e+00,1.12513455e-01,1.66601987e-02,1.10263186e+02,1.63269947e+01
1.94600000e+00,-2.63010548e-02,2.18782107e-01,2.00925358e-02,-1.79049547e-01,0.00000000e+00,0.00000000e+00,1.11424780e-01,1.64375782e-02,1.09196285e+02,1.61088266e+01
1.94800000e+00,-2.58639315e-02,2.18314164e-01,1.97366784e-02,-1.76724340e-01,0.00000000e+00,0.00000000e+00,1.11535379e-01,1.67105971e-02,1.09304671e+02,1.63763852e+01
1.95000000e+00,-2.54278888e-02,2.17710247e-01,1.93858787e-02,-1.74038817e-01,0.00000000e+00,0.00000000e+00,1.11040225e-01,1.66916601e-02,1.08819421e+02,1.63578269e+01
1.95200000e+00,-2.49931595e-02,2.17002873e-01,1.90406499e-02,-1.71163145e-01,0.00000000e+00,0.00000000e+00,1.10401255e-01,1.66153711e-02,1.08193230e+02,1.62830637e+01
1.95400000e+00,-2.45599478e-02,2.16189750e-01,1.87013591e-02,-1.68087976e-01,0.00000000e+00,0.00000000e+00,1.09971639e-01,1.66244648e-02,1.07772206e+02,1.62919755e+01
1.95600000e+00,-2.41284760e-02,2.15263381e-01,1.83684502e-02,-1.64784603e-01,0.00000000e+00,0.00000000e+00,1.09521596e-01,1.66174526e-02,1.07331164e+02,1.62851036e+01
1.95800000e+00,-2.36989681e-02,2.14226273e-01,1.80423687e-02,-1.61259333e-01,0.00000000e+00,0.00000000e+00,1.09048978e-01,1.66229749e-02,1.06867998e+02,1.62905154e+01
1.96000000e+00,-2.32716447e-02,2.13078579e-01,1.77235580e-02,-1.57516345e-01,0.00000000e+00,0.00000000e+00,1.08612723e-01,1.66174844e-02,1.06440469e+02,1.62851347e+01
1.96200000e+00,-2.28467434e-02,2.11796542e-01,1.74125299e-02,-1.53433511e-01,0.00000000e+00,0.00000000e+00,1.08714505e-01,1.68903539e-02,1.06540215e+02,1.65525468e+01
1.96400000e+00,-2.24245822e-02,2.10328887e-01,1.71099614e-02,-1.49144530e-01,0.00000000e+00,0.00000000e+00,1.09498066e-01,1.66161886e-02,1.07308105e+02,1.62838648e+01
1.96600000e+00,-2.20055331e-02,2.08703405e-01,1.68159707e-02,-1.44827094e-01,0.00000000e+00,0.00000000e+00,1.08975134e-01,1.65283418e-02,1.06795632e+02,1.61977749e+01
1.96800000e+00,-2.15898738e-02,2.06920148e-01,1.65308942e-02,-1.40147994e-01,0.00000000e+00,0.00000000e+00,1.09784575e-01,1.69662014e-02,1.07588884e+02,1.66268774e+01
1.97000000e+00,-2.11779582e-02,2.04978248e-01,1.62555981e-02,-1.35139929e-01,0.00000000e+00,0.00000000e+00,1.09311780e-01,1.68235200e-02,1.07125545e+02,1.64870496e+01
1.97200000e+00,-2.07700323e-02,2.02929077e-01,1.59903891e-02,-1.30049927e-01,0.00000000e+00,0.00000000e+00,1.08952897e-01,1.67572447e-02,1.06773839e+02,1.64220998e+01
1.97400000e+00,-2.03663211e-02,2.00761165e-01,1.57354973e-02,-1.24811565e-01,0.00000000e+00,0.00000000e+00,1.08782082e-01,1.67686740e-02,1.06606441e+02,1.64333005e+01
1.97600000e+00,-1.99670734e-02,1.98464630e-01,1.54912635e-02,-1.19392168e-01,0.00000000e+00,0.00000000e+00,1.08690030e-01,1.67861301e-02,1.06516230e+02,1.64504075e+01
1.97800000e+00,-1.95725473e-02,1.96041021e-01,1.52580384e-02,-1.13808085e-01,0.00000000e+00,0.00000000e+00,1.08521051e-01,1.67789030e-02,1.06350630e+02,1.64433249e+01
1.98000000e+00,-1.91829894e-02,1.93497355e-01,1.50361300e-02,-1.08075742e-01,0.00000000e+00,0.00000000e+00,1.08305058e-01,1.67779858e-02,1.06138957e+02,1.64424261e+01
1.98200000e+00,-1.87986508e-02,1.90814330e-01,1.48258917e-02,-1.02109038e-01,0.00000000e+00,0.00000000e+00,1.08629211e-01,1.69680749e-02,1.06456627e+02,1.66287134e+01
1.98400000e+00,-1.84198482e-02,1.87957138e-01,1.46276800e-02,-9.61631733e-02,0.00000000e+00,0.00000000e+00,1.09271061e-01,1.64486307e-02,1.07085640e+02,1.61196581e+01
1.98600000e+00,-1.80469417e-02,1.84920741e-01,1.44412365e-02,-9.02210448e-02,0.00000000e+00,0.00000000e+00,1.09760360e-01,1.66914844e-02,1.07565153e+02,1.63576547e+01
1.98800000e+00,-1.76802976e-02,1.81685764e-01,1.42671135e-02,-8.38024528e-02,0.00000000e+00,0.00000000e+00,1.10905289e-01,1.71974021e-02,1.08687184e+02,1.68534540e+01
1.99000000e+00,-1.73203046e-02,1.78291928e-01,1.41061752e-02,-7.71611466e-02,0.00000000e+00,0.00000000e+00,1.10519961e-01,1.69263290e-02,1.08309561e+02,1.65878024e+01
1.99200000e+00,-1.69672022e-02,1.74789590e-01,1.39584364e-02,-7.05685799e-02,0.00000000e+00,0.00000000e+00,1.10544013e-01,1.68813551e-02,1.08333133e+02,1.65437280e+01
1.99400000e+00,-1.66212333e-02,1.71156583e-01,1.38239601e-02,-6.38872360e-02,0.00000000e+00,0.00000000e+00,1.10734362e-01,1.69178447e-02,1.08519675e+02,1.65794878e+01
1.99600000e+00,-1.62826667e-02,1.67387334e-01,1.37029634e-02,-5.70919668e-02,0.00000000e+00,0.00000000e+00,1.10948552e-01,1.69448657e-02,1.08729581e+02,1.66059684e+01
1.99800000e+00,-1.59517727e-02,1.63484988e-01,1.35956517e-02,-5.02074699e-02,0.00000000e+00,0.00000000e+00,1.11127449e-01,1.69490263e-02,1.08904900e+02,1.66100457e+01
2.00000000e+00,-1.56288120e-02,1.59454816e-01,1.35021770e-02,-4.32577711e-02,0.00000000e+00,0.00000000e+00,1.11282739e-01,1.69453567e-02,1.09057084e+02,1.66064496e+01
2.00200000e+00,-1.53140356e-02,1.55301462e-01,1.34226574e-02,-3.62529265e-02,0.00000000e+00,0.00000000e+00,1.11419422e-01,1.69483222e-02,1.09191034e+02,1.66093557e+01
2.00400000e+00,-1.50076988e-02,1.51009129e-01,1.33569830e-02,-2.95214974e-02,0.00000000e+00,0.00000000e+00,1.12012175e-01,1.62748485e-02,1.09771932e+02,1.59493515e+01
2.00600000e+00,-1.47101314e-02,1.46518364e-01,1.33045786e-02,-2.27793076e-02,0.00000000e+00,0.00000000e+00,1.13608947e-01,1.68933357e-02,1.11336768e+02,1.65554690e+01
2.00800000e+00,-1.44217791e-02,1.41796976e-01,1.32662393e-02,-1.54769394e-02,0.00000000e+00,0.00000000e+00,1.15028242e-01,1.73929468e-02,1.12727677e+02,1.70450879e+01
2.01000000e+00,-1.41430363e-02,1.36936398e-01,1.32427109e-02,-8.11447952e-03,0.00000000e+00,0.00000000e+00,1.14566182e-01,1.69828253e-02,1.12274858e+02,1.66431688e+01
2.01200000e+00,-1.38740937e-02,1.31985622e-01,1.32336549e-02,-9.41640052e-04,0.00000000e+00,0.00000000e+00,1.14920337e-01,1.69790685e-02,1.12621930e+02,1.66394871e+01
2.01400000e+00,-1.36151784e-02,1.26907851e-01,1.32389600e-02,6.25467731e-03,0.00000000e+00,0.00000000e+00,1.15399521e-01,1.70367501e-02,1.13091531e+02,1.66960151e+01
2.01600000e+00,-1.33665495e-02,1.21699249e-01,1.32586928e-02,1.34797043e-02,0.00000000e+00,0.00000000e+00,1.15926675e-01,1.70645713e-02,1.13608142e+02,1.67232799e+01
2.01800000e+00,-1.31284645e-02,1.16366096e-01,1.32928761e-02,2.07007244e-02,0.00000000e+00,0.00000000e+00,1.16344743e-01,1.70742246e-02,1.14017848e+02,1.67327401e+01
2.02000000e+00,-1.29011623e-02,1.10917160e-01,1.33414743e-02,2.78897129e-02,0.00000000e+00,0.00000000e+00,1.16754511e-01,1.70638254e-02,1.14419421e+02,1.67225489e+01
2.02200000e+00,-1.26848713e-02,1.05355024e-01,1.34044083e-02,3.50386409e-02,0.00000000e+00,0.00000000e+00,1.17201659e-01,1.70771228e-02,1.14857626e+02,1.67355804e+01
2.02400000e+00,-1.24797970e-02,9.97107008e-02,1.34812724e-02,4.16528895e-02,0.00000000e+00,0.00000000e+00,1.16977939e-01,1.60485686e-02,1.14638380e+02,1.57275972e+01
2.02600000e+00,-1.22861443e-02,9.38927120e-02,1.35709641e-02,4.81835577e-02,0.00000000e+00,0.00000000e+00,1.19655375e-01,1.70272117e-02,1.17262267e+02,1.66866675e+01
2.02800000e+00,-1.21043904e-02,8.78283154e-02,1.36744254e-02,5.53423745e-02,0.00000000e+00,0.00000000e+00,1.21227511e-01,1.75119597e-02,1.18802961e+02,1.71617205e+01
2.03000000e+00,-1.19349044e-02,8.16538680e-02,1.37922725e-02,6.24095994e-02,0.00000000e+00,0.00000000e+00,1.20818226e-01,1.70003900e-02,1.18401861e+02,1.66603822e+01
2.03200000e+00,-1.17778177e-02,7.54152976e-02,1.39238540e-02,6.91621408e-02,0.00000000e+00,0.00000000e+00,1.21418160e-01,1.70366517e-02,1.18989797e+02,1.66959187e+01
2.03400000e+00,-1.16333157e-02,6.90680117e-02,1.40688944e-02,7.58745747e-02,0.00000000e+00,0.00000000e+00,1.22153180e-01,1.71206639e-02,1.19710116e+02,1.67782506e+01
2.03600000e+00,-1.15016174e-02,6.26131713e-02,1.42273213e-02,8.25405073e-02,0.00000000e+00,0.00000000e+00,1.22830060e-01,1.71626438e-02,1.20373459e+02,1.68193910e+01
2.03800000e+00,-1.13829287e-02,5.60597587e-02,1.43989902e-02,8.91072198e-02,0.00000000e+00,0.00000000e+00,1.23460979e-01,1.71549531e-02,1.20991760e+02,1.68118540e+01
2.04000000e+00,-1.12774398e-02,4.94141940e-02,1.45836670e-02,9.55492666e-02,0.00000000e+00,0.00000000e+00,1.24095213e-01,1.71621568e-02,1.21613308e+02,1.68189136e+01
2.04200000e+00,-1.11853313e-02,4.26796059e-02,1.47811041e-02,1.01866455e-01,0.00000000e+00,0.00000000e+00,1.24761884e-01,1.71723402e-02,1.22266646e+02,1.68288934e+01
2.04400000e+00,-1.11067326e-02,3.59281315e-02,1.49906345e-02,1.07436251e-01,0.00000000e+00,0.00000000e+00,1.23820587e-01,1.58903440e-02,1.21344175e+02,1.55725371e+01
2.04600000e+00,-1.10417011e-02,2.90532319e-02,1.52107222e-02,1.12815771e-01,0.00000000e+00,0.00000000e+00,1.27087276e-01,1.70852301e-02,1.24545531e+02,1.67435255e+01
2.04800000e+00,-1.09906735e-02,2.19475952e-02,1.54423229e-02,1.18833170e-01,0.00000000e+00,0.00000000e+00,1.28766857e-01,1.75576774e-02,1.26191520e+02,1.72065238e+01
2.05000000e+00,-1.09539548e-02,1.47757565e-02,1.56859085e-02,1.24631041e-01,0.00000000e+00,0.00000000e+00,1.28305204e-01,1.69700019e-02,1.25739100e+02,1.66306019e+01
2.05200000e+00,-1.09315874e-02,7.57860474e-03,1.59405695e-02,1.30012516e-01,0.00000000e+00,0.00000000e+00,1.29146442e-01,1.70452594e-02,1.26563513e+02,1.67043543e+01
2.05400000e+00,-1.09236917e-02,3.04490388e-04,1.62058882e-02,1.35288379e-01,0.00000000e+00,0.00000000e+00,1.30009522e-01,1.71251905e-02,1.27409332e+02,1.67826867e+01
2.05600000e+00,-1.09304168e-02,-7.04066755e-03,1.64816392e-02,1.40438629e-01,0.00000000e+00,0.00000000e+00,1.30831506e-01,1.71734129e-02,1.28214876e+02,1.68299446e+01
2.05800000e+00,-1.09518961e-02,-1.44484347e-02,1.67675350e-02,1.45427351e-01,0.00000000e+00,0.00000000e+00,1.31617679e-01,1.71925177e-02,1.28985325e+02,1.68486674e+01
2.06000000e+00,-1.09882468e-02,-2.19105882e-02,1.70632205e-02,1.50223842e-01,0.00000000e+00,0.00000000e+00,1.32368688e-01,1.71903572e-02,1.29721314e+02,1.68465500e+01
2.06200000e+00,-1.10395717e-02,-2.94224979e-02,1.73682999e-02,1.54824625e-01,0.00000000e+00,0.00000000e+00,1.33168702e-01,1.72156619e-02,1.30505328e+02,1.68713487e+01
2.06400000e+00,-1.11059009e-02,-3.68806480e-02,1.76819333e-02,1.58547021e-01,0.00000000e+00,0.00000000e+00,1.31623381e-01,1.57930443e-02,1.28990913e+02,1.54771834e+01
2.06600000e+00,-1.11871293e-02,-4.43914423e-02,1.80022944e-02,1.61979126e-01,0.00000000e+00,0.00000000e+00,1.35031470e-01,1.70626659e-02,1.32330840e+02,1.67214126e+01
2.06800000e+00,-1.12835912e-02,-5.20889450e-02,1.83302522e-02,1.66014865e-01,0.00000000e+00,0.00000000e+00,1.36742363e-01,1.75269510e-02,1.34007516e+02,1.71764119e+01
2.07000000e+00,-1.13954961e-02,-5.98028980e-02,1.86661550e-02,1.69752340e-01,0.00000000e+00,0.00000000e+00,1.36297839e-01,1.69148903e-02,1.33571882e+02,1.65765925e+01
2.07200000e+00,-1.15227887e-02,-6.74957063e-02,1.90089499e-02,1.73022354e-01,0.00000000e+00,0.00000000e+00,1.37256017e-01,1.70341144e-02,1.34510896e+02,1.66934321e+01
2.07400000e+00,-1.16654990e-02,-7.52186311e-02,1.93581472e-02,1.76146579e-01,0.00000000e+00,0.00000000e+00,1.38135057e-01,1.71064431e-02,1.35372356e+02,1.67643143e+01
2.07600000e+00,-1.18236764e-02,-8.29613974e-02,1.97134115e-02,1.79083732e-01,0.00000000e+00,0.00000000e+00,1.38979312e-01,1.71477597e-02,1.36199726e+02,1.68048045e+01
2.07800000e+00,-1.19973522e-02,-9.07156545e-02,2.00743360e-02,1.81801695e-01,0.00000000e+00,0.00000000e+00,1.39789683e-01,1.71608433e-02,1.36993889e+02,1.68176264e+01
2.08000000e+00,-1.21865422e-02,-9.84745952e-02,2.04404650e-02,1.84289790e-01,0.00000000e+00,0.00000000e+00,1.40601496e-01,1.71872767e-02,1.37789466e+02,1.68435311e+01
2.08200000e+00,-1.23912499e-02,-1.06232390e-01,2.08113389e-02,1.86543535e-01,0.00000000e+00,0.00000000e+00,1.41402310e-01,1.71978281e-02,1.38574264e+02,1.68538715e+01
2.08400000e+00,-1.26113885e-02,-1.13865406e-01,2.11860242e-02,1.87874891e-01,0.00000000e+00,0.00000000e+00,1.39451496e-01,1.57857902e-02,1.36662466e+02,1.54700744e+01
2.08600000e+00,-1.28466941e-02,-1.21472281e-01,2.15626075e-02,1.88859705e-01,0.00000000e+00,0.00000000e+00,1.42681397e-01,1.70080737e-02,1.39827769e+02,1.66679122e+01
2.08800000e+00,-1.30973583e-02,-1.29200077e-01,2.19418153e-02,1.90373016e-01,0.00000000e+00,0.00000000e+00,1.44291826e-01,1.74362227e-02,1.41405990e+02,1.70874983e+01
2.09000000e+00,-1.33634670e-02,-1.36886843e-01,2.23238748e-02,1.91549242e-01,0.00000000e+00,0.00000000e+00,1.43863491e-01,1.68457962e-02,1.40986221e+02,1.65088803e+01
2.09200000e+00,-1.36448554e-02,-1.44498324e-01,2.27076928e-02,1.92246182e-01,0.00000000e+00,0.00000000e+00,1.44798602e-01,1.69782170e-02,1.41902630e+02,1.66386527e+01
2.09400000e+00,-1.39414422e-02,-1.52082704e-01,2.30927503e-02,1.92779332e-01,0.00000000e+00,0.00000000e+00,1.45620318e-01,1.70518543e-02,1.42707912e+02,1.67108172e+01
2.09600000e+00,-1.42531599e-02,-1.59627516e-01,2.34786672e-02,1.93098188e-01,0.00000000e+00,0.00000000e+00,1.46387834e-01,1.70795759e-02,1.43460077e+02,1.67379844e+01
2.09800000e+00,-1.45799193e-02,-1.67122840e-01,2.38649817e-02,1.93175021e-01,0.00000000e+00,0.00000000e+00,1.47100694e-01,1.70956762e-02,1.44158680e+02,1.67537627e+01
2.10000000e+00,-1.49216142e-02,-1.74562656e-01,2.42512041e-02,1.93007054e-01,0.00000000e+00,0.00000000e+00,1.47849702e-01,1.71175408e-02,1.44892708e+02,1.67751900e+01
2.10200000e+00,-1.52781299e-02,-1.81942461e-01,2.46368476e-02,1.92595616e-01,0.00000000e+00,0.00000000e+00,1.48578560e-01,1.71356998e-02,1.45606988e+02,1.67929858e+01
2.10400000e+00,-1.56492604e-02,-1.89136789e-01,2.50210131e-02,1.91324167e-01,0.00000000e+00,0.00000000e+00,1.46515672e-01,1.58616044e-02,1.43585358e+02,1.55443723e+01
2.10600000e+00,-1.60346050e-02,-1.96223062e-01,2.54018954e-02,1.89679410e-01,0.00000000e+00,0.00000000e+00,1.49170415e-01,1.68969627e-02,1.46187006e+02,1.65590234e+01
2.10800000e+00,-1.64341777e-02,-2.03346884e-01,2.57800162e-02,1.88462717e-01,0.00000000e+00,0.00000000e+00,1.50625794e-01,1.73007897e-02,1.47613278e+02,1.69547739e+01
2.11000000e+00,-1.68479249e-02,-2.10369233e-01,2.61555327e-02,1.86925842e-01,0.00000000e+00,0.00000000e+00,1.50148038e-01,1.67619256e-02,1.47145077e+02,1.64266871e+01
2.11200000e+00,-1.72755646e-02,-2.17256550e-01,2.65274217e-02,1.84942266e-01,0.00000000e+00,0.00000000e+00,1.50933183e-01,1.68952364e-02,1.47914519e+02,1.65573317e+01
2.11400000e+00,-1.77168903e-02,-2.24052600e-01,2.68951950e-02,1.82798538e-01,0.00000000e+00,0.00000000e+00,1.51590248e-01,1.69520206e-02,1.48558443e+02,1.66129802e+01
2.11600000e+00,-1.81717057e-02,-2.30744739e-01,2.72584782e-02,1.80448342e-01,0.00000000e+00,0.00000000e+00,1.52190435e-01,1.69817760e-02,1.49146626e+02,1.66421405e+01
2.11800000e+00,-1.86397943e-02,-2.37324434e-01,2.76168388e-02,1.77873809e-01,0.00000000e+00,0.00000000e+00,1.52756946e-01,1.69941184e-02,1.49701807e+02,1.66542361e+01
2.12000000e+00,-1.91209254e-02,-2.43786991e-01,2.79698239e-02,1.75074959e-01,0.00000000e+00,0.00000000e+00,1.53354363e-01,1.70163261e-02,1.50287276e+02,1.66759996e+01
2.12200000e+00,-1.96148619e-02,-2.50129138e-01,2.83169936e-02,1.72058552e-01,0.00000000e+00,0.00000000e+00,1.53949443e-01,1.70346394e-02,1.50870454e+02,1.66939466e+01
2.12400000e+00,-2.01212842e-02,-2.56234783e-01,2.86575775e-02,1.68321460e-01,0.00000000e+00,0.00000000e+00,1.51936846e-01,1.59915966e-02,1.48898110e+02,1.56717647e+01
2.12600000e+00,-2.06396747e-02,-2.62150821e-01,2.89900358e-02,1.64218926e-01,0.00000000e+00,0.00000000e+00,1.53726406e-01,1.67442247e-02,1.50651878e+02,1.64093402e+01
2.12800000e+00,-2.11698528e-02,-2.68014814e-01,2.93146713e-02,1.60443429e-01,0.00000000e+00,0.00000000e+00,1.55024707e-01,1.71433659e-02,1.51924213e+02,1.68004986e+01
2.13000000e+00,-2.17116315e-02,-2.73725130e-01,2.96316495e-02,1.56428015e-01,0.00000000e+00,0.00000000e+00,1.54534593e-01,1.66950597e-02,1.51443902e+02,1.63611585e+01
2.13200000e+00,-2.22646265e-02,-2.79245114e-01,2.99401334e-02,1.52037731e-01,0.00000000e+00,0.00000000e+00,1.55068767e-01,1.67989873e-02,1.51967392e+02,1.64630075e+01
2.13400000e+00,-2.28285088e-02,-2.84610345e-01,3.02397124e-02,1.47515387e-01,0.00000000e+00,0.00000000e+00,1.55499541e-01,1.68476730e-02,1.52389550e+02,1.65107195e+01
2.13600000e+00,-2.34029581e-02,-2.89811066e-01,3.05300843e-02,1.42827005e-01,0.00000000e+00,0.00000000e+00,1.55892644e-01,1.68671915e-02,1.52774791e+02,1.65298476e+01
2.13800000e+00,-2.39876392e-02,-2.94841050e-01,3.08109057e-02,1.37966570e-01,0.00000000e+00,0.00000000e+00,1.56262138e-01,1.68896780e-02,1.53136895e+02,1.65518845e+01
2.14000000e+00,-2.45822074e-02,-2.99698590e-01,3.10818367e-02,1.32935358e-01,0.00000000e+00,0.00000000e+00,1.56696743e-01,1.68978170e-02,1.53562808e+02,1.65598607e+01
2.14200000e+00,-2.51863156e-02,-3.04379196e-01,3.13425357e-02,1.27736960e-01,0.00000000e+00,0.00000000e+00,1.57039943e-01,1.69132933e-02,1.53899144e+02,1.65750275e+01
2.14400000e+00,-2.57995418e-02,-3.08786307e-01,3.15924392e-02,1.22020587e-01,0.00000000e+00,0.00000000e+00,1.55293583e-01,1.61698632e-02,1.52187711e+02,1.58464659e+01
2.14600000e+00,-2.64212928e-02,-3.12941361e-01,3.18304191e-02,1.16005879e-01,0.00000000e+00,0.00000000e+00,1.56208494e-01,1.66295362e-02,1.53084324e+02,1.62969454e+01
2.14800000e+00,-2.70512157e-02,-3.16959108e-01,3.20566166e-02,1.10222051e-01,0.00000000e+00,0.00000000e+00,1.57210825e-01,1.69799914e-02,1.54066609e+02,1.66403915e+01
2.15000000e+00,-2.76889943e-02,-3.20774572e-01,3.22712086e-02,1.04290077e-01,0.00000000e+00,0.00000000e+00,1.56672267e-01,1.66275248e-02,1.53538821e+02,1.62949743e+01
2.15200000e+00,-2.83341571e-02,-3.24354619e-01,3.24735997e-02,9.80923417e-02,0.00000000e+00,0.00000000e+00,1.56961639e-01,1.67138164e-02,1.53822407e+02,1.63795401e+01
2.15400000e+00,-2.89862753e-02,-3.27728468e-01,3.26635282e-02,9.18200058e-02,0.00000000e+00,0.00000000e+00,1.57163479e-01,1.67448172e-02,1.54020209e+02,1.64099209e+01
2.15600000e+00,-2.96449283e-02,-3.30888359e-01,3.28408124e-02,8.54465987e-02,0.00000000e+00,0.00000000e+00,1.57325710e-01,1.67575251e-02,1.54179196e+02,1.64223746e+01
2.15800000e+00,-3.03096831e-02,-3.33829786e-01,3.30052482e-02,7.89737063e-02,0.00000000e+00,0.00000000e+00,1.57472993e-01,1.67735416e-02,1.54323533e+02,1.64380708e+01
2.16000000e+00,-3.09800988e-02,-3.36548340e-01,3.31566461e-02,7.24092263e-02,0.00000000e+00,0.00000000e+00,1.57579253e-01,1.67842385e-02,1.54427668e+02,1.64485538e+01
2.16200000e+00,-3.16557266e-02,-3.39042105e-01,3.32948277e-02,6.57586076e-02,0.00000000e+00,0.00000000e+00,1.57725300e-01,1.67928474e-02,1.54570794e+02,1.64569904e+01
2.16400000e+00,-3.23360720e-02,-3.41242971e-01,3.34194714e-02,5.87943569e-02,0.00000000e+00,0.00000000e+00,1.56279585e-01,1.63067928e-02,1.53153994e+02,1.59806569e+01
2.16600000e+00,-3.30205071e-02,-3.43156716e-01,3.35298895e-02,5.16565886e-02,0.00000000e+00,0.00000000e+00,1.56595307e-01,1.65893002e-02,1.53463401e+02,1.62575142e+01
2.16800000e+00,-3.37085593e-02,-3.44861183e-01,3.36262109e-02,4.46885259e-02,0.00000000e+00,0.00000000e+00,1.56998964e-01,1.68034611e-02,1.53858985e+02,1.64673919e+01
2.17000000e+00,-3.43997891e-02,-3.46321548e-01,3.37086075e-02,3.76663590e-02,0.00000000e+00,0.00000000e+00,1.56527828e-01,1.65962938e-02,1.53397271e+02,1.62643679e+01
2.17200000e+00,-3.50936715e-02,-3.47520971e-01,3.37767979e-02,3.05264695e-02,0.00000000e+00,0.00000000e+00,1.56560742e-01,1.66566914e-02,1.53429527e+02,1.63235576e+01
2.17400000e+00,-3.57897080e-02,-3.48472990e-01,3.38307064e-02,2.33761288e-02,0.00000000e+00,0.00000000e+00,1.56424525e-01,1.66542852e-02,1.53296034e+02,1.63211995e+01
2.17600000e+00,-3.64873945e-02,-3.49171582e-01,3.38702870e-02,1.62027668e-02,0.00000000e+00,0.00000000e+00,1.56331188e-01,1.66678404e-02,1.53204564e+02,1.63344836e+01
2.17800000e+00,-3.71862274e-02,-3.49619832e-01,3.38955094e-02,9.01732794e-03,0.00000000e+00,0.00000000e+00,1.56277488e-01,1.66678997e-02,1.53151938e+02,1.63345417e+01
2.18000000e+00,-3.78857076e-02,-3.49818758e-01,3.39063592e-02,1.83612477e-03,0.00000000e+00,0.00000000e+00,1.56214184e-01,1.66951634e-02,1.53089900e+02,1.63612602e+01
2.18200000e+00,-3.85853346e-02,-3.49765921e-01,3.39028669e-02,-5.32553289e-03,0.00000000e+00,0.00000000e+00,1.56105734e-01,1.67068611e-02,1.52983620e+02,1.63727239e+01
2.18400000e+00,-3.92845620e-02,-3.49399076e-01,3.38849656e-02,-1.26244155e-02,0.00000000e+00,0.00000000e+00,1.54585879e-01,1.63845139e-02,1.51494162e+02,1.60568236e+01
2.18600000e+00,-3.99827342e-02,-3.48737220e-01,3.38523596e-02,-1.99378732e-02,0.00000000e+00,0.00000000e+00,1.54914035e-01,1.66326910e-02,1.51815754e+02,1.63000372e+01
2.18800000e+00,-4.06793504e-02,-3.47834679e-01,3.38053144e-02,-2.71008496e-02,0.00000000e+00,0.00000000e+00,1.54651864e-01,1.66360933e-02,1.51558827e+02,1.63033714e+01
2.19000000e+00,-4.13738925e-02,-3.46661488e-01,3.37439679e-02,-3.42462214e-02,0.00000000e+00,0.00000000e+00,1.54263996e-01,1.65849214e-02,1.51178716e+02,1.62532230e+01
2.19200000e+00,-4.20658177e-02,-3.45220343e-01,3.36683570e-02,-4.13503734e-02,0.00000000e+00,0.00000000e+00,1.54044567e-01,1.66175038e-02,1.50963676e+02,1.62851537e+01
2.19400000e+00,-4.27545990e-02,-3.43516935e-01,3.35786113e-02,-4.83872484e-02,0.00000000e+00,0.00000000e+00,1.53765071e-01,1.66008031e-02,1.50689769e+02,1.62687871e+01
2.19600000e+00,-4.34397096e-02,-3.41549797e-01,3.34748474e-02,-5.53649677e-02,0.00000000e+00,0.00000000e+00,1.53482499e-01,1.65962905e-02,1.50412849e+02,1.62643647e+01
2.19800000e+00,-4.41206221e-02,-3.39318580e-01,3.33572094e-02,-6.22557669e-02,0.00000000e+00,0.00000000e+00,1.53161650e-01,1.66180137e-02,1.50098417e+02,1.62856534e+01
2.20000000e+00,-4.47968117e-02,-3.36829080e-01,3.32258911e-02,-6.90464132e-02,0.00000000e+00,0.00000000e+00,1.52977003e-01,1.66216923e-02,1.49917463e+02,1.62892585e+01
2.20200000e+00,-4.54677650e-02,-3.34079343e-01,3.30810915e-02,-7.57353881e-02,0.00000000e+00,0.00000000e+00,1.52568822e-01,1.66273030e-02,1.49517446e+02,1.62947570e+01
2.20400000e+00,-4.61329273e-02,-3.31026904e-01,3.29229792e-02,-8.23799987e-02,0.00000000e+00,0.00000000e+00,1.51345786e-01,1.64916493e-02,1.48318871e+02,1.61618163e+01
2.20600000e+00,-4.67916912e-02,-3.27702415e-01,3.27516729e-02,-8.88725114e-02,0.00000000e+00,0.00000000e+00,1.51602804e-01,1.67045053e-02,1.48570748e+02,1.63704151e+01
2.20800000e+00,-4.74435659e-02,-3.24121443e-01,3.25675819e-02,-9.52258158e-02,0.00000000e+00,0.00000000e+00,1.50688322e-01,1.65234507e-02,1.47674556e+02,1.61929817e+01
2.21000000e+00,-4.80879895e-02,-3.20259302e-01,3.23708194e-02,-1.01504438e-01,0.00000000e+00,0.00000000e+00,1.50308805e-01,1.65827498e-02,1.47302629e+02,1.62510948e+01
2.21200000e+00,-4.87244329e-02,-3.16141802e-01,3.21616819e-02,-1.07606429e-01,0.00000000e+00,0.00000000e+00,1.49933364e-01,1.65979338e-02,1.46934697e+02,1.62659752e+01
2.21400000e+00,-4.93523869e-02,-3.11769560e-01,3.19404944e-02,-1.13557366e-01,0.00000000e+00,0.00000000e+00,1.49499960e-01,1.65862680e-02,1.46509961e+02,1.62545426e+01
2.21600000e+00,-4.99713438e-02,-3.07146274e-01,3.17075561e-02,-1.19352830e-01,0.00000000e+00,0.00000000e+00,1.49138564e-01,1.65938813e-02,1.46155793e+02,1.62620036e+01
2.21800000e+00,-5.05808073e-02,-3.02276039e-01,3.14632048e-02,-1.24965721e-01,0.00000000e+00,0.00000000e+00,1.48724347e-01,1.66227199e-02,1.45749860e+02,1.62902655e+01
2.22000000e+00,-5.11802852e-02,-2.97161703e-01,3.12078236e-02,-1.30383127e-01,0.00000000e+00,0.00000000e+00,1.48348954e-01,1.66415970e-02,1.45381975e+02,1.63087651e+01
2.22200000e+00,-5.17692900e-02,-2.91801130e-01,3.09417893e-02,-1.35625122e-01,0.00000000e+00,0.00000000e+00,1.47800385e-01,1.66130114e-02,1.44844378e+02,1.62807512e+01
2.22400000e+00,-5.23473041e-02,-2.86162244e-01,3.06654595e-02,-1.40662505e-01,0.00000000e+00,0.00000000e+00,1.46586774e-01,1.66783920e-02,1.43655039e+02,1.63448242e+01
2.22600000e+00,-5.29137833e-02,-2.80289918e-01,3.03793313e-02,-1.45411867e-01,0.00000000e+00,0.00000000e+00,1.46993720e-01,1.68107752e-02,1.44053846e+02,1.64745597e+01
2.22800000e+00,-5.34683041e-02,-2.74177986e-01,3.00838405e-02,-1.50118538e-01,0.00000000e+00,0.00000000e+00,1.45539236e-01,1.63477743e-02,1.42628451e+02,1.60208188e+01
2.23000000e+00,-5.40103243e-02,-2.67809590e-01,2.97789320e-02,-1.54712992e-01,0.00000000e+00,0.00000000e+00,1.45451357e-01,1.66126443e-02,1.42542329e+02,1.62803914e+01
2.23200000e+00,-5.45393998e-02,-2.61227249e-01,2.94652126e-02,-1.58971345e-01,0.00000000e+00,0.00000000e+00,1.44885601e-01,1.66068318e-02,1.41987889e+02,1.62746952e+01
2.23400000e+00,-5.50550894e-02,-2.54429190e-01,2.91431914e-02,-1.63012597e-01,0.00000000e+00,0.00000000e+00,1.44647898e-01,1.66099718e-02,1.41754940e+02,1.62777724e+01
2.23600000e+00,-5.55569746e-02,-2.47418214e-01,2.88133102e-02,-1.66832030e-01,0.00000000e+00,0.00000000e+00,1.44035805e-01,1.66027488e-02,1.41155089e+02,1.62706938e+01
2.23800000e+00,-5.60446129e-02,-2.40183128e-01,2.84760127e-02,-1.70427363e-01,0.00000000e+00,0.00000000e+00,1.43421134e-01,1.65999839e-02,1.40552712e+02,1.62679842e+01
2.24000000e+00,-5.65175654e-02,-2.32735452e-01,2.81317584e-02,-1.73786203e-01,0.00000000e+00,0.00000000e+00,1.42959241e-01,1.66087452e-02,1.40100056e+02,1.62765703e+01
2.24200000e+00,-5.69754235e-02,-2.25090961e-01,2.77810336e-02,-1.76896466e-01,0.00000000e+00,0.00000000e+00,1.42590795e-01,1.66220007e-02,1.39738979e+02,1.62895607e+01
2.24400000e+00,-5.74178056e-02,-2.17261043e-01,2.74245038e-02,-1.79509839e-01,0.00000000e+00,0.00000000e+00,1.42269389e-01,1.71435044e-02,1.39424001e+02,1.68006343e+01
2.24600000e+00,-5.78443456e-02,-2.09248103e-01,2.70632405e-02,-1.81753766e-01,0.00000000e+00,0.00000000e+00,1.41828632e-01,1.68822934e-02,1.38992060e+02,1.65446475e+01
2.24800000e+00,-5.82546335e-02,-2.00988348e-01,2.66973512e-02,-1.84203991e-01,0.00000000e+00,0.00000000e+00,1.39884728e-01,1.61887597e-02,1.37087034e+02,1.58649845e+01
2.25000000e+00,-5.86481628e-02,-1.92524201e-01,2.63265628e-02,-1.86446866e-01,0.00000000e+00,0.00000000e+00,1.40299540e-01,1.67887933e-02,1.37493549e+02,1.64530174e+01
2.25200000e+00,-5.90246371e-02,-1.83920307e-01,2.59518943e-02,-1.88193985e-01,0.00000000e+00,0.00000000e+00,1.39727437e-01,1.66948381e-02,1.36932888e+02,1.63609414e+01
2.25400000e+00,-5.93837266e-02,-1.75140427e-01,2.55739084e-02,-1.89758865e-01,0.00000000e+00,0.00000000e+00,1.39154274e-01,1.66319846e-02,1.36371189e+02,1.62993449e+01
2.25600000e+00,-5.97250870e-02,-1.66192795e-01,2.51930105e-02,-1.91096189e-01,0.00000000e+00,0.00000000e+00,1.38630560e-01,1.66289000e-02,1.35857949e+02,1.62963220e+01
2.25800000e+00,-6.00483980e-02,-1.57095370e-01,2.48097063e-02,-1.92159497e-01,0.00000000e+00,0.00000000e+00,1.38330320e-01,1.66600243e-02,1.35563713e+02,1.63268238e+01
2.26000000e+00,-6.03533741e-02,-1.47856507e-01,2.44245653e-02,-1.92933636e-01,0.00000000e+00,0.00000000e+00,1.37852727e-01,1.66859981e-02,1.35095672e+02,1.63522782e+01
2.26200000e+00,-6.06397374e-02,-1.38487734e-01,2.40381657e-02,-1.93416981e-01,0.00000000e+00,0.00000000e+00,1.37670509e-01,1.67186188e-02,1.34917099e+02,1.63842465e+01
2.26400000e+00,-6.09072629e-02,-1.29025756e-01,2.36513561e-02,-1.93212479e-01,0.00000000e+00,0.00000000e+00,1.37897211e-01,1.75771953e-02,1.35139267e+02,1.72256514e+01
2.26600000e+00,-6.11557626e-02,-1.19447029e-01,2.32656044e-02,-1.92575018e-01,0.00000000e+00,0.00000000e+00,1.37009975e-01,1.70760529e-02,1.34269776e+02,1.67345318e+01
2.26800000e+00,-6.13848978e-02,-1.09638385e-01,2.28807554e-02,-1.92388355e-01,0.00000000e+00,0.00000000e+00,1.34434960e-01,1.60810604e-02,1.31746261e+02,1.57594392e+01
2.27000000e+00,-6.15942314e-02,-9.97026531e-02,2.24961781e-02,-1.92011121e-01,0.00000000e+00,0.00000000e+00,1.35789698e-01,1.69265867e-02,1.33073904e+02,1.65880550e+01
2.27200000e+00,-6.17836869e-02,-8.97347857e-02,2.21131115e-02,-1.91033125e-01,0.00000000e+00,0.00000000e+00,1.35271231e-01,1.67944307e-02,1.32565806e+02,1.64585421e+01
2.27400000e+00,-6.19531046e-02,-7.96680849e-02,2.17321548e-02,-1.89891310e-01,0.00000000e+00,0.00000000e+00,1.34904253e-01,1.67257676e-02,1.32206168e+02,1.63912522e+01
2.27600000e+00,-6.21022958e-02,-6.95060980e-02,2.13536978e-02,-1.88522152e-01,0.00000000e+00,0.00000000e+00,1.34303942e-01,1.67304291e-02,1.31617863e+02,1.63958205e+01
2.27800000e+00,-6.22310734e-02,-5.92606573e-02,2.09782475e-02,-1.86881041e-01,0.00000000e+00,0.00000000e+00,1.34047181e-01,1.67595902e-02,1.31366238e+02,1.64243984e+01
2.28000000e+00,-6.23392905e-02,-4.89434343e-02,2.06063519e-02,-1.84972560e-01,0.00000000e+00,0.00000000e+00,1.33552042e-01,1.67595971e-02,1.30881002e+02,1.64244052e+01
2.28200000e+00,-6.24268024e-02,-3.85590984e-02,2.02385348e-02,-1.82797777e-01,0.00000000e+00,0.00000000e+00,1.33235658e-01,1.67922362e-02,1.30570945e+02,1.64563914e+01
2.28400000e+00,-6.24935378e-02,-2.81911126e-02,1.98757005e-02,-1.79813599e-01,0.00000000e+00,0.00000000e+00,1.34521261e-01,1.79390571e-02,1.31830835e+02,1.75802760e+01
2.28600000e+00,-6.25395692e-02,-1.78266729e-02,1.95196109e-02,-1.76333724e-01,0.00000000e+00,0.00000000e+00,1.33736535e-01,1.73225617e-02,1.31061804e+02,1.69761105e+01
2.28800000e+00,-6.25647205e-02,-7.27626448e-03,1.91699195e-02,-1.73522824e-01,0.00000000e+00,0.00000000e+00,1.30423848e-01,1.60341039e-02,1.27815371e+02,1.57134218e+01
2.29000000e+00,-6.25686280e-02,3.34343506e-03,1.88255817e-02,-1.70618894e-01,0.00000000e+00,0.00000000e+00,1.32192733e-01,1.70248167e-02,1.29548878e+02,1.66843204e+01
2.29200000e+00,-6.25513882e-02,1.39009885e-02,1.84878727e-02,-1.67071860e-01,0.00000000e+00,0.00000000e+00,1.31778378e-01,1.69000956e-02,1.29142810e+02,1.65620936e+01
2.29400000e+00,-6.25130054e-02,2.44865140e-02,1.81573767e-02,-1.63401205e-01,0.00000000e+00,0.00000000e+00,1.31268957e-01,1.68106741e-02,1.28643578e+02,1.64744607e+01
2.29600000e+00,-6.24534369e-02,3.50799493e-02,1.78343957e-02,-1.59538868e-01,0.00000000e+00,0.00000000e+00,1.31150519e-01,1.68394737e-02,1.28527508e+02,1.65026842e+01
2.29800000e+00,-6.23726980e-02,4.56547953e-02,1.75193880e-02,-1.55426396e-01,0.00000000e+00,0.00000000e+00,1.31087428e-01,1.68840360e-02,1.28465679e+02,1.65463553e+01
2.30000000e+00,-6.22708310e-02,5.62096749e-02,1.72128575e-02,-1.51062835e-01,0.00000000e+00,0.00000000e+00,1.30828605e-01,1.69268428e-02,1.28212033e+02,1.65883060e+01
2.30200000e+00,-6.21478797e-02,6.67340858e-02,1.69152933e-02,-1.46464333e-01,0.00000000e+00,0.00000000e+00,1.30838704e-01,1.69502261e-02,1.28221930e+02,1.66112216e+01
2.30400000e+00,-6.20039775e-02,7.71342246e-02,1.66275734e-02,-1.41006131e-01,0.00000000e+00,0.00000000e+00,1.32600388e-01,1.83182014e-02,1.29948380e+02,1.79518374e+01
2.30600000e+00,-6.18393982e-02,8.74512514e-02,1.63515554e-02,-1.35117961e-01,0.00000000e+00,0.00000000e+00,1.31479394e-01,1.74559696e-02,1.28849806e+02,1.71068502e+01
2.30800000e+00,-6.16540843e-02,9.79005779e-02,1.60864940e-02,-1.30140981e-01,0.00000000e+00,0.00000000e+00,1.28038623e-01,1.60248397e-02,1.25477851e+02,1.57043429e+01
2.31000000e+00,-6.14478064e-02,1.08334144e-01,1.58310136e-02,-1.25130935e-01,0.00000000e+00,0.00000000e+00,1.30206536e-01,1.71584448e-02,1.27602406e+02,1.68152759e+01
2.31200000e+00,-6.12208510e-02,1.18612835e-01,1.55864077e-02,-1.19464878e-01,0.00000000e+00,0.00000000e+00,1.29846927e-01,1.70500631e-02,1.27249988e+02,1.67090618e+01
2.31400000e+00,-6.09733957e-02,1.28830479e-01,1.53531986e-02,-1.13731948e-01,0.00000000e+00,0.00000000e+00,1.29654756e-01,1.69633197e-02,1.27061661e+02,1.66240533e+01
2.31600000e+00,-6.07055844e-02,1.38965190e-01,1.51315593e-02,-1.07879886e-01,0.00000000e+00,0.00000000e+00,1.29640068e-01,1.69811163e-02,1.27047267e+02,1.66414940e+01
2.31800000e+00,-6.04176100e-02,1.48987327e-01,1.49218022e-02,-1.01843191e-01,0.00000000e+00,0.00000000e+00,1.29975499e-01,1.70487610e-02,1.27375989e+02,1.67077857e+01
2.32000000e+00,-6.01097103e-02,1.58896696e-01,1.47242917e-02,-9.56487880e-02,0.00000000e+00,0.00000000e+00,1.29802203e-01,1.70274682e-02,1.27206159e+02,1.66869188e+01
2.32200000e+00,-5.97820956e-02,1.68697577e-01,1.45392967e-02,-8.93198828e-02,0.00000000e+00,0.00000000e+00,1.29876252e-01,1.70642296e-02,1.27278727e+02,1.67229450e+01
2.32400000e+00,-5.94350457e-02,1.78309798e-01,1.43675010e-02,-8.22578346e-02,0.00000000e+00,0.00000000e+00,1.31417022e-01,1.83181205e-02,1.28788681e+02,1.79517581e+01
2.32600000e+00,-5.90689793e-02,1.87737565e-01,1.42105323e-02,-7.47954376e-02,0.00000000e+00,0.00000000e+00,1.31236748e-01,1.76772408e-02,1.28612013e+02,1.73236960e+01
2.32800000e+00,-5.86840865e-02,1.97178775e-01,1.40676985e-02,-6.82640531e-02,0.00000000e+00,0.00000000e+00,1.27999315e-01,1.61571178e-02,1.25439329e+02,1.58339754e+01
2.33000000e+00,-5.82803295e-02,2.06522123e-01,1.39374211e-02,-6.18151203e-02,0.00000000e+00,0.00000000e+00,1.30265940e-01,1.73155128e-02,1.27660621e+02,1.69692026e+01
2.33200000e+00,-5.78581567e-02,2.15627504e-01,1.38208215e-02,-5.47910632e-02,0.00000000e+00,0.00000000e+00,1.30150909e-01,1.71948638e-02,1.27547891e+02,1.68509666e+01
2.33400000e+00,-5.74179159e-02,2.24588287e-01,1.37182227e-02,-4.78183467e-02,0.00000000e+00,0.00000000e+00,1.30087670e-01,1.70583289e-02,1.27485917e+02,1.67171623e+01
2.33600000e+00,-5.69599150e-02,2.33381845e-01,1.36295508e-02,-4.08414975e-02,0.00000000e+00,0.00000000e+00,1.30355772e-01,1.70740214e-02,1.27748657e+02,1.67325410e+01
2.33800000e+00,-5.64845128e-02,2.41989028e-01,1.35549117e-02,-3.37821676e-02,0.00000000e+00,0.00000000e+00,1.30597178e-01,1.71219537e-02,1.27985234e+02,1.67795146e+01
2.34000000e+00,-5.59920821e-02,2.50411337e-01,1.34944793e-02,-2.66371203e-02,0.00000000e+00,0.00000000e+00,1.30690455e-01,1.71646992e-02,1.28076646e+02,1.68214052e+01
2.34200000e+00,-5.54829949e-02,2.58642479e-01,1.34484008e-02,-1.94355867e-02,0.00000000e+00,0.00000000e+00,1.30942151e-01,1.71717552e-02,1.28323308e+02,1.68283201e+01
2.34400000e+00,-5.49576685e-02,2.66639269e-01,1.34170915e-02,-1.17023345e-02,0.00000000e+00,0.00000000e+00,1.31911087e-01,1.82329631e-02,1.29272866e+02,1.78683039e+01
2.34600000e+00,-5.44166098e-02,2.74378000e-01,1.34017949e-02,-3.66398838e-03,0.00000000e+00,0.00000000e+00,1.32587244e-01,1.77869862e-02,1.29935499e+02,1.74312465e+01
2.34800000e+00,-5.38602139e-02,2.82030522e-01,1.34018161e-02,3.44525102e-03,0.00000000e+00,0.00000000e+00,1.29414742e-01,1.62797973e-02,1.26826448e+02,1.59542014e+01
2.35000000e+00,-5.32885945e-02,2.89522903e-01,1.34154349e-02,1.03429316e-02,0.00000000e+00,0.00000000e+00,1.31693898e-01,1.73596331e-02,1.29060020e+02,1.70124404e+01
2.35200000e+00,-5.27023294e-02,2.96704744e-01,1.34434920e-02,1.76969706e-02,0.00000000e+00,0.00000000e+00,1.31914865e-01,1.72747673e-02,1.29276568e+02,1.69292720e+01
2.35400000e+00,-5.21019254e-02,3.03661874e-01,1.34861429e-02,2.49311837e-02,0.00000000e+00,0.00000000e+00,1.32072070e-01,1.71660862e-02,1.29430629e+02,1.68227645e+01
2.35600000e+00,-5.14878388e-02,3.10383568e-01,1.35431637e-02,3.20857904e-02,0.00000000e+00,0.00000000e+00,1.32431045e-01,1.71862098e-02,1.29782424e+02,1.68424856e+01
2.35800000e+00,-5.08605654e-02,3.16843847e-01,1.36144857e-02,3.92399622e-02,0.00000000e+00,0.00000000e+00,1.33086622e-01,1.72641433e-02,1.30424890e+02,1.69188605e+01
2.36000000e+00,-5.02206373e-02,3.23043380e-01,1.37001180e-02,4.63857354e-02,0.00000000e+00,0.00000000e+00,1.33325528e-01,1.72879937e-02,1.30659017e+02,1.69422338e+01
2.36200000e+00,-4.95685572e-02,3.28994848e-01,1.37999894e-02,5.34725884e-02,0.00000000e+00,0.00000000e+00,1.33584600e-01,1.72802452e-02,1.30912908e+02,1.69346403e+01
2.36400000e+00,-4.89048391e-02,3.34674566e-01,1.39141979e-02,6.08437332e-02,0.00000000e+00,0.00000000e+00,1.34280904e-01,1.80449129e-02,1.31595286e+02,1.76840147e+01
2.36600000e+00,-4.82300646e-02,3.40045859e-01,1.40434724e-02,6.83769876e-02,0.00000000e+00,0.00000000e+00,1.35305440e-01,1.78020946e-02,1.32599331e+02,1.74460527e+01
2.36800000e+00,-4.75447699e-02,3.45245744e-01,1.41871463e-02,7.50710430e-02,0.00000000e+00,0.00000000e+00,1.32713246e-01,1.64858570e-02,1.30058981e+02,1.61561399e+01
2.37000000e+00,-4.68492312e-02,3.50221269e-01,1.43435661e-02,8.14793152e-02,0.00000000e+00,0.00000000e+00,1.34890869e-01,1.74231299e-02,1.32193052e+02,1.70746673e+01
2.37200000e+00,-4.61441170e-02,3.54848610e-01,1.45132623e-02,8.81857623e-02,0.00000000e+00,0.00000000e+00,1.35112430e-01,1.73513995e-02,1.32410182e+02,1.70043715e+01
2.37400000e+00,-4.54300162e-02,3.59206792e-01,1.46961724e-02,9.46871032e-02,0.00000000e+00,0.00000000e+00,1.35368968e-01,1.72512432e-02,1.32661588e+02,1.69062183e+01
2.37600000e+00,-4.47074750e-02,3.63287270e-01,1.48918941e-02,1.01013569e-01,0.00000000e+00,0.00000000e+00,1.35720175e-01,1.72613482e-02,1.33005771e+02,1.69161212e+01
2.37800000e+00,-4.39770644e-02,3.67071827e-01,1.51001528e-02,1.07229353e-01,0.00000000e+00,0.00000000e+00,1.36337018e-01,1.73138902e-02,1.33610278e+02,1.69676124e+01
2.38000000e+00,-4.32393936e-02,3.70547482e-01,1.53207310e-02,1.13324329e-01,0.00000000e+00,0.00000000e+00,1.36930962e-01,1.73203860e-02,1.34192342e+02,1.69739782e+01
2.38200000e+00,-4.24950762e-02,3.73720615e-01,1.55533486e-02,1.19266931e-01,0.00000000e+00,0.00000000e+00,1.37343251e-01,1.73239333e-02,1.34596386e+02,1.69774546e+01
2.38400000e+00,-4.17446861e-02,3.76631320e-01,1.57977931e-02,1.25201034e-01,0.00000000e+00,0.00000000e+00,1.36949605e-01,1.76493377e-02,1.34210613e+02,1.72963509e+01
2.38600000e+00,-4.09887687e-02,3.79215448e-01,1.60541831e-02,1.31180683e-01,0.00000000e+00,0.00000000e+00,1.38814577e-01,1.77833644e-02,1.36038285e+02,1.74276971e+01
2.38800000e+00,-4.02280032e-02,3.81531270e-01,1.63221027e-02,1.36540821e-01,0.00000000e+00,0.00000000e+00,1.37018415e-01,1.67294549e-02,1.34278047e+02,1.63948658e+01
2.39000000e+00,-3.94628177e-02,3.83585953e-01,1.66001003e-02,1.41531882e-01,0.00000000e+00,0.00000000e+00,1.38678926e-01,1.74038050e-02,1.35905347e+02,1.70557289e+01
2.39200000e+00,-3.86938946e-02,3.85287860e-01,1.68882832e-02,1.46602433e-01,0.00000000e+00,0.00000000e+00,1.38992108e-01,1.73059044e-02,1.36212266e+02,1.69597863e+01
2.39400000e+00,-3.79218701e-02,3.86683971e-01,1.71863327e-02,1.51406984e-01,0.00000000e+00,0.00000000e+00,1.39528223e-01,1.72692799e-02,1.36737658e+02,1.69238943e+01
2.39600000e+00,-3.71473659e-02,3.87769359e-01,1.74937607e-02,1.55985880e-01,0.00000000e+00,0.00000000e+00,1.39935042e-01,1.72695523e-02,1.37136341e+02,1.69241612e+01
2.39800000e+00,-3.63709998e-02,3.88544015e-01,1.78101417e-02,1.60362988e-01,0.00000000e+00,0.00000000e+00,1.40454884e-01,1.72959000e-02,1.37645787e+02,1.69499820e+01
2.40000000e+00,-3.55934009e-02,3.89001963e-01,1.81350759e-02,1.64534956e-01,0.00000000e+00,0.00000000e+00,1.40990039e-01,1.73014373e-02,1.38170238e+02,1.69554085e+01
2.40200000e+00,-3.48152080e-02,3.89135969e-01,1.84681407e-02,1.68495801e-01,0.00000000e+00,0.00000000e+00,1.41672707e-01,1.73269285e-02,1.38839252e+02,1.69803899e+01
2.40400000e+00,-3.40370075e-02,3.89044307e-01,1.88088629e-02,1.72162423e-01,0.00000000e+00,0.00000000e+00,1.39910337e-01,1.71690868e-02,1.37112130e+02,1.68257050e+01
2.40600000e+00,-3.32592441e-02,3.88632652e-01,1.91567463e-02,1.75762815e-01,0.00000000e+00,0.00000000e+00,1.42799695e-01,1.76834358e-02,1.39943701e+02,1.73297671e+01
2.40800000e+00,-3.24827003e-02,3.87885990e-01,1.95116727e-02,1.79001048e-01,0.00000000e+00,0.00000000e+00,1.41396496e-01,1.69145632e-02,1.38568566e+02,1.65762719e+01
2.41000000e+00,-3.17078729e-02,3.86880176e-01,1.98724569e-02,1.81798960e-01,0.00000000e+00,0.00000000e+00,1.42526398e-01,1.72734717e-02,1.39675870e+02,1.69280022e+01
2.41200000e+00,-3.09354046e-02,3.85536851e-01,2.02388024e-02,1.84497609e-01,0.00000000e+00,0.00000000e+00,1.42972086e-01,1.72284392e-02,1.40112644e+02,1.68838704e+01
2.41400000e+00,-3.01659310e-02,3.83885252e-01,2.06102617e-02,1.86917850e-01,0.00000000e+00,0.00000000e+00,1.43442021e-01,1.72187451e-02,1.40573181e+02,1.68743702e+01
2.41600000e+00,-2.94000691e-02,3.81925321e-01,2.09863032e-02,1.89082269e-01,0.00000000e+00,0.00000000e+00,1.43917243e-01,1.72277679e-02,1.41038898e+02,1.68832125e+01
2.41800000e+00,-2.86384343e-02,3.79658554e-01,2.13664250e-02,1.90998074e-01,0.00000000e+00,0.00000000e+00,1.44385489e-01,1.72391385e-02,1.41497779e+02,1.68943557e+01
2.42000000e+00,-2.78816371e-02,3.77088473e-01,2.17501220e-02,1.92653625e-01,0.00000000e+00,0.00000000e+00,1.44816679e-01,1.72289362e-02,1.41920346e+02,1.68843574e+01
2.42200000e+00,-2.71302802e-02,3.74218713e-01,2.21368590e-02,1.94038524e-01,0.00000000e+00,0.00000000e+00,1.45243153e-01,1.72229383e-02,1.42338290e+02,1.68784795e+01
2.42400000e+00,-2.63849081e-02,3.71130233e-01,2.25259984e-02,1.95007049e-01,0.00000000e+00,0.00000000e+00,1.43830409e-01,1.69104487e-02,1.40953801e+02,1.65722398e+01
2.42600000e+00,-2.56459540e-02,3.67749644e-01,2.29167830e-02,1.95819190e-01,0.00000000e+00,0.00000000e+00,1.46023178e-01,1.74526355e-02,1.43102714e+02,1.71035828e+01
2.42800000e+00,-2.49141212e-02,3.64051630e-01,2.33091187e-02,1.96396610e-01,0.00000000e+00,0.00000000e+00,1.45258682e-01,1.69779623e-02,1.42353508e+02,1.66384031e+01
2.43000000e+00,-2.41899113e-02,3.60107949e-01,2.37020772e-02,1.96535655e-01,0.00000000e+00,0.00000000e+00,1.45835970e-01,1.70937889e-02,1.42919250e+02,1.67519132e+01
2.43200000e+00,-2.34738842e-02,3.55872076e-01,2.40951287e-02,1.96475737e-01,0.00000000e+00,0.00000000e+00,1.46224190e-01,1.71218494e-02,1.43299706e+02,1.67794124e+01
2.43400000e+00,-2.27666110e-02,3.51354215e-01,2.44878125e-02,1.96164505e-01,0.00000000e+00,0.00000000e+00,1.46633397e-01,1.71273659e-02,1.43700730e+02,1.67848186e+01
2.43600000e+00,-2.20686505e-02,3.46561625e-01,2.48795997e-02,1.95572899e-01,0.00000000e+00,0.00000000e+00,1.46926841e-01,1.70932615e-02,1.43988304e+02,1.67513963e+01
2.43800000e+00,-2.13805443e-02,3.41499289e-01,2.52699163e-02,1.94699597e-01,0.00000000e+00,0.00000000e+00,1.47299004e-01,1.70940187e-02,1.44353024e+02,1.67521383e+01
2.44000000e+00,-2.07028328e-02,3.36167806e-01,2.56582224e-02,1.93562793e-01,0.00000000e+00,0.00000000e+00,1.47662161e-01,1.70953416e-02,1.44708917e+02,1.67534347e+01
2.44200000e+00,-2.00360499e-02,3.30571227e-01,2.60439885e-02,1.92157475e-01,0.00000000e+00,0.00000000e+00,1.48027799e-01,1.70820545e-02,1.45067243e+02,1.67404134e+01
2.44400000e+00,-1.93806960e-02,3.24752452e-01,2.64266072e-02,1.90384551e-01,0.00000000e+00,0.00000000e+00,1.47480819e-01,1.68710282e-02,1.44531202e+02,1.65336076e+01
2.44600000e+00,-1.87371822e-02,3.18720516e-01,2.68053269e-02,1.88312080e-01,0.00000000e+00,0.00000000e+00,1.47731209e-01,1.69951689e-02,1.44776584e+02,1.66552656e+01
2.44800000e+00,-1.81059730e-02,3.12450068e-01,2.71797152e-02,1.86029026e-01,0.00000000e+00,0.00000000e+00,1.47876038e-01,1.69647659e-02,1.44918517e+02,1.66254706e+01
2.45000000e+00,-1.74875332e-02,3.05952688e-01,2.75492446e-02,1.83448279e-01,0.00000000e+00,0.00000000e+00,1.47959158e-01,1.68992436e-02,1.44999975e+02,1.65612587e+01
2.45200000e+00,-1.68823125e-02,2.99229843e-01,2.79133286e-02,1.80598115e-01,0.00000000e+00,0.00000000e+00,1.48176676e-01,1.69205255e-02,1.45213142e+02,1.65821150e+01
2.45400000e+00,-1.62907640e-02,2.92281700e-01,2.82714818e-02,1.77515155e-01,0.00000000e+00,0.00000000e+00,1.48366611e-01,1.69234959e-02,1.45399279e+02,1.65850260e+01
2.45600000e+00,-1.57133318e-02,2.85114389e-01,2.86232284e-02,1.74191005e-01,0.00000000e+00,0.00000000e+00,1.48555206e-01,1.69181026e-02,1.45584102e+02,1.65797406e+01
2.45800000e+00,-1.51504494e-02,2.77732665e-01,2.89680853e-02,1.70626025e-01,0.00000000e+00,0.00000000e+00,1.48751948e-01,1.69120850e-02,1.45776909e+02,1.65738433e+01
2.46000000e+00,-1.46025399e-02,2.70142842e-01,2.93055759e-02,1.66826048e-01,0.00000000e+00,0.00000000e+00,1.48914344e-01,1.69085061e-02,1.45936057e+02,1.65703359e+01
2.46200000e+00,-1.40700125e-02,2.62351396e-01,2.96352366e-02,1.62796777e-01,0.00000000e+00,0.00000000e+00,1.49084517e-01,1.69033717e-02,1.46102827e+02,1.65653042e+01
2.46400000e+00,-1.35532680e-02,2.54359438e-01,2.99565853e-02,1.58501007e-01,0.00000000e+00,0.00000000e+00,1.49348950e-01,1.68099267e-02,1.46361971e+02,1.64737281e+01
2.46600000e+00,-1.30526572e-02,2.46243824e-01,3.02689804e-02,1.53814997e-01,0.00000000e+00,0.00000000e+00,1.47854355e-01,1.65324150e-02,1.44897268e+02,1.62017667e+01
2.46800000e+00,-1.25683874e-02,2.37986135e-01,3.05717272e-02,1.48951886e-01,0.00000000e+00,0.00000000e+00,1.48682073e-01,1.68726811e-02,1.45708431e+02,1.65352274e+01
2.47000000e+00,-1.21008363e-02,2.29542995e-01,3.08647030e-02,1.43961377e-01,0.00000000e+00,0.00000000e+00,1.48336743e-01,1.66855534e-02,1.45370008e+02,1.63518424e+01
2.47200000e+00,-1.16503115e-02,2.20955843e-01,3.11473867e-02,1.38691810e-01,0.00000000e+00,0.00000000e+00,1.48334547e-01,1.66929126e-02,1.45367856e+02,1.63590543e+01
2.47400000e+00,-1.12171142e-02,2.12216806e-01,3.14193490e-02,1.33240337e-01,0.00000000e+00,0.00000000e+00,1.48314033e-01,1.66944613e-02,1.45347752e+02,1.63605721e+01
2.47600000e+00,-1.08015419e-02,2.03331363e-01,3.16802320e-02,1.27614847e-01,0.00000000e+00,0.00000000e+00,1.48327070e-01,1.67026248e-02,1.45360529e+02,1.63685723e+01
2.47800000e+00,-1.04038821e-02,1.94305841e-01,3.19296958e-02,1.21820629e-01,0.00000000e+00,0.00000000e+00,1.48304363e-01,1.66990322e-02,1.45338276e+02,1.63650515e+01
2.48000000e+00,-1.00244069e-02,1.85147719e-01,3.21674046e-02,1.15861650e-01,0.00000000e+00,0.00000000e+00,1.48290508e-01,1.66987950e-02,1.45324697e+02,1.63648191e+01
2.48200000e+00,-9.66337527e-03,1.75863534e-01,3.23930392e-02,1.09747790e-01,0.00000000e+00,0.00000000e+00,1.48265144e-01,1.66987594e-02,1.45299841e+02,1.63647842e+01
2.48400000e+00,-9.32104653e-03,1.66438713e-01,3.26062412e-02,1.03402082e-01,0.00000000e+00,0.00000000e+00,1.48743906e-01,1.65192879e-02,1.45769028e+02,1.61889021e+01
2.48600000e+00,-8.99763765e-03,1.56988038e-01,3.28063673e-02,9.66361131e-02,0.00000000e+00,0.00000000e+00,1.46190561e-01,1.61052513e-02,1.43266749e+02,1.57831462e+01
2.48800000e+00,-8.69313194e-03,1.47481030e-01,3.29927721e-02,8.98497059e-02,0.00000000e+00,0.00000000e+00,1.47535832e-01,1.67454834e-02,1.44585116e+02,1.64105737e+01
2.49000000e+00,-8.40779830e-03,1.37846879e-01,3.31657965e-02,8.31089293e-02,0.00000000e+00,0.00000000e+00,1.46793015e-01,1.64509323e-02,1.43857155e+02,1.61219137e+01
2.49200000e+00,-8.14177932e-03,1.28160391e-01,3.33250389e-02,7.61148909e-02,0.00000000e+00,0.00000000e+00,1.46547740e-01,1.64442226e-02,1.43616785e+02,1.61153382e+01
2.49400000e+00,-7.89520199e-03,1.18406019e-01,3.34701927e-02,6.90257652e-02,0.00000000e+00,0.00000000e+00,1.46326631e-01,1.64615947e-02,1.43400098e+02,1.61323628e+01
2.49600000e+00,-7.66819795e-03,1.08587595e-01,3.36010938e-02,6.18643563e-02,0.00000000e+00,0.00000000e+00,1.46151325e-01,1.64824203e-02,1.43228298e+02,1.61527719e+01
2.49800000e+00,-7.46089021e-03,9.87112882e-02,3.37176046e-02,5.46347284e-02,0.00000000e+00,0.00000000e+00,1.45946635e-01,1.64877930e-02,1.43027702e+02,1.61580372e+01
2.50000000e+00,-7.27338592e-03,8.87853077e-02,3.38195909e-02,4.73424828e-02,0.00000000e+00,0.00000000e+00,1.45740932e-01,1.64996530e-02,1.42826114e+02,1.61696600e+01
2.50200000e+00,-7.10577654e-03,7.88179790e-02,3.39069401e-02,3.99985491e-02,0.00000000e+00,0.00000000e+00,1.45503933e-01,1.65070784e-02,1.42593854e+02,1.61769368e+01
2.50400000e+00,-6.95814878e-03,6.87984863e-02,3.39794053e-02,3.23849178e-02,0.00000000e+00,0.00000000e+00,1.45713894e-01,1.60401534e-02,1.42799616e+02,1.57193503e+01
2.50600000e+00,-6.83054274e-03,5.88387773e-02,3.40362356e-02,2.44050899e-02,0.00000000e+00,0.00000000e+00,1.43024485e-01,1.58228580e-02,1.40163995e+02,1.55064009e+01
2.50800000e+00,-6.72278613e-03,4.88903802e-02,3.40771874e-02,1.66678615e-02,0.00000000e+00,0.00000000e+00,1.44529426e-01,1.66110800e-02,1.41638837e+02,1.62788584e+01
2.51000000e+00,-6.63501421e-03,3.88925000e-02,3.41030180e-02,9.09699127e-03,0.00000000e+00,0.00000000e+00,1.43423415e-01,1.62120083e-02,1.40554946e+02,1.58877681e+01
2.51200000e+00,-6.56718929e-03,2.89348698e-02,3.41134461e-02,1.33214327e-03,0.00000000e+00,0.00000000e+00,1.42994566e-01,1.62219874e-02,1.40134674e+02,1.58975477e+01
2.51400000e+00,-6.51926304e-03,1.89947696e-02,3.41083602e-02,-6.41217547e-03,0.00000000e+00,0.00000000e+00,1.42581964e-01,1.62509971e-02,1.39730325e+02,1.59259771e+01
2.51600000e+00,-6.49119624e-03,9.07562888e-03,3.40878273e-02,-1.41116729e-02,0.00000000e+00,0.00000000e+00,1.42235179e-01,1.62898810e-02,1.39390476e+02,1.59640834e+01
2.51800000e+00,-6.48294272e-03,-8.16806419e-04,3.40519454e-02,-2.17633729e-02,0.00000000e+00,0.00000000e+00,1.41850155e-01,1.63031899e-02,1.39013152e+02,1.59771261e+01
2.52000000e+00,-6.49444031e-03,-1.06745081e-02,3.40008065e-02,-2.93660101e-02,0.00000000e+00,0.00000000e+00,1.41477143e-01,1.63229155e-02,1.38647600e+02,1.59964572e+01
2.52200000e+00,-6.52561264e-03,-2.04900382e-02,3.39345230e-02,-3.69061537e-02,0.00000000e+00,0.00000000e+00,1.41079091e-01,1.63427556e-02,1.38257509e+02,1.60159005e+01
2.52400000e+00,-6.57637792e-03,-3.02717518e-02,3.38529684e-02,-4.47664161e-02,0.00000000e+00,0.00000000e+00,1.41061412e-01,1.55376393e-02,1.38240184e+02,1.52268865e+01
2.52600000e+00,-6.64661017e-03,-3.99192690e-02,3.37552697e-02,-5.29081873e-02,0.00000000e+00,0.00000000e+00,1.38477056e-01,1.56156315e-02,1.35707515e+02,1.53033189e+01
2.52800000e+00,-6.73600821e-03,-4.94966102e-02,3.36417037e-02,-6.04980174e-02,0.00000000e+00,0.00000000e+00,1.40112345e-01,1.65370903e-02,1.37310098e+02,1.62063485e+01
2.53000000e+00,-6.84457874e-03,-5.90471465e-02,3.35134727e-02,-6.77952936e-02,0.00000000e+00,0.00000000e+00,1.38697896e-01,1.60494687e-02,1.35923938e+02,1.57284794e+01
2.53200000e+00,-6.97210976e-03,-6.84671392e-02,3.33704291e-02,-7.52326196e-02,0.00000000e+00,0.00000000e+00,1.38064442e-01,1.60418193e-02,1.35303153e+02,1.57209830e+01
2.53400000e+00,-7.11838069e-03,-7.77872318e-02,3.32126220e-02,-8.25502879e-02,0.00000000e+00,0.00000000e+00,1.37519433e-01,1.60781885e-02,1.34769044e+02,1.57566247e+01
2.53600000e+00,-7.28319353e-03,-8.70095840e-02,3.30403399e-02,-8.97000797e-02,0.00000000e+00,0.00000000e+00,1.37088213e-01,1.61510063e-02,1.34346449e+02,1.58279862e+01
2.53800000e+00,-7.46635095e-03,-9.61298157e-02,3.28539379e-02,-9.66754614e-02,0.00000000e+00,0.00000000e+00,1.36591010e-01,1.61808449e-02,1.33859190e+02,1.58572280e+01
2.54000000e+00,-7.66763850e-03,-1.05138628e-01,3.26537471e-02,-1.03487314e-01,0.00000000e+00,0.00000000e+00,1.36090955e-01,1.62110599e-02,1.33369136e+02,1.58868387e+01
2.54200000e+00,-7.88682478e-03,-1.14026424e-01,3.24400998e-02,-1.10132487e-01,0.00000000e+00,0.00000000e+00,1.35516096e-01,1.62282170e-02,1.32805774e+02,1.59036527e+01
2.54400000e+00,-8.12368008e-03,-1.22818042e-01,3.22130126e-02,-1.17084480e-01,0.00000000e+00,0.00000000e+00,1.35741110e-01,1.52454195e-02,1.33026288e+02,1.49405111e+01
2.54600000e+00,-8.37797513e-03,-1.31426952e-01,3.19716548e-02,-1.24197131e-01,0.00000000e+00,0.00000000e+00,1.33287210e-01,1.55491327e-02,1.30621466e+02,1.52381500e+01
2.54800000e+00,-8.64930111e-03,-1.39905704e-01,3.17167421e-02,-1.30532750e-01,0.00000000e+00,0.00000000e+00,1.34880026e-01,1.65149102e-02,1.32182425e+02,1.61846120e+01
2.55000000e+00,-8.93753069e-03,-1.48283571e-01,3.14497818e-02,-1.36481404e-01,0.00000000e+00,0.00000000e+00,1.33248302e-01,1.59824078e-02,1.30583336e+02,1.56627596e+01
2.55200000e+00,-9.24229558e-03,-1.56451731e-01,3.11707617e-02,-1.42512289e-01,0.00000000e+00,0.00000000e+00,1.32434158e-01,1.59461802e-02,1.29785475e+02,1.56272566e+01
2.55400000e+00,-9.56322141e-03,-1.64445597e-01,3.08798584e-02,-1.48354556e-01,0.00000000e+00,0.00000000e+00,1.31762562e-01,1.59651388e-02,1.29127310e+02,1.56458360e+01
2.55600000e+00,-9.89996691e-03,-1.72272877e-01,3.05775141e-02,-1.53940853e-01,0.00000000e+00,0.00000000e+00,1.31258389e-01,1.60538415e-02,1.28633221e+02,1.57327647e+01
2.55800000e+00,-1.02522021e-02,-1.79934013e-01,3.02642834e-02,-1.59244499e-01,0.00000000e+00,0.00000000e+00,1.30724201e-01,1.61131347e-02,1.28109717e+02,1.57908720e+01
2.56000000e+00,-1.06195859e-02,-1.87419609e-01,2.99407111e-02,-1.64285774e-01,0.00000000e+00,0.00000000e+00,1.30124871e-01,1.61443880e-02,1.27522373e+02,1.58215002e+01
2.56200000e+00,-1.10017574e-02,-1.94720432e-01,2.96073093e-02,-1.69073556e-01,0.00000000e+00,0.00000000e+00,1.29496385e-01,1.61708984e-02,1.26906457e+02,1.58474805e+01
2.56400000e+00,-1.13983981e-02,-2.01916887e-01,2.92643019e-02,-1.74033747e-01,0.00000000e+00,0.00000000e+00,1.30894566e-01,1.52944764e-02,1.28276674e+02,1.49885869e+01
2.56600000e+00,-1.18092881e-02,-2.08908104e-01,2.89111661e-02,-1.79006385e-01,0.00000000e+00,0.00000000e+00,1.28025904e-01,1.56423610e-02,1.25465386e+02,1.53295138e+01
2.56800000e+00,-1.22338892e-02,-2.15687446e-01,2.85488343e-02,-1.83142230e-01,0.00000000e+00,0.00000000e+00,1.29382072e-01,1.65350515e-02,1.26794430e+02,1.62043505e+01
2.57000000e+00,-1.26719289e-02,-2.22303260e-01,2.81788858e-02,-1.86845107e-01,0.00000000e+00,0.00000000e+00,1.27753295e-01,1.60241577e-02,1.25198229e+02,1.57036745e+01
2.57200000e+00,-1.31229268e-02,-2.28655865e-01,2.78014345e-02,-1.90576971e-01,0.00000000e+00,0.00000000e+00,1.26887125e-01,1.59365277e-02,1.24349383e+02,1.56177972e+01
2.57400000e+00,-1.35864022e-02,-2.34783329e-01,2.74167428e-02,-1.94061625e-01,0.00000000e+00,0.00000000e+00,1.26250647e-01,1.59949382e-02,1.23725634e+02,1.56750394e+01
2.57600000e+00,-1.40619177e-02,-2.40697161e-01,2.70254117e-02,-1.97210762e-01,0.00000000e+00,0.00000000e+00,1.25752601e-01,1.60830410e-02,1.23237549e+02,1.57613802e+01
2.57800000e+00,-1.45490466e-02,-2.46394654e-01,2.66281205e-02,-2.00028781e-01,0.00000000e+00,0.00000000e+00,1.25148532e-01,1.61235691e-02,1.22645561e+02,1.58010977e+01
2.58000000e+00,-1.50473470e-02,-2.51868258e-01,2.62255092e-02,-2.02527920e-01,0.00000000e+00,0.00000000e+00,1.24566172e-01,1.61782525e-02,1.22074849e+02,1.58546875e+01
2.58200000e+00,-1.55563674e-02,-2.57113426e-01,2.58182158e-02,-2.04716655e-01,0.00000000e+00,0.00000000e+00,1.23944292e-01,1.61941745e-02,1.21465406e+02,1.58702910e+01
2.58400000e+00,-1.60757327e-02,-2.62256600e-01,2.54066357e-02,-2.06915664e-01,0.00000000e+00,0.00000000e+00,1.26401581e-01,1.55695907e-02,1.23873549e+02,1.52581989e+01
2.58600000e+00,-1.66052488e-02,-2.67182375e-01,2.49906173e-02,-2.09018393e-01,0.00000000e+00,0.00000000e+00,1.23166422e-01,1.58028492e-02,1.20703094e+02,1.54867922e+01
2.58800000e+00,-1.71442801e-02,-2.71835005e-01,2.45710826e-02,-2.10340536e-01,0.00000000e+00,0.00000000e+00,1.24400102e-01,1.66093161e-02,1.21912100e+02,1.62771297e+01
2.59000000e+00,-1.76924542e-02,-2.76285708e-01,2.41495469e-02,-2.11225034e-01,0.00000000e+00,0.00000000e+00,1.22904454e-01,1.61196209e-02,1.20446365e+02,1.57972285e+01
2.59200000e+00,-1.82492279e-02,-2.80443795e-01,2.37261937e-02,-2.12092739e-01,0.00000000e+00,0.00000000e+00,1.22090364e-01,1.60401455e-02,1.19648556e+02,1.57193426e+01
2.59400000e+00,-1.88140599e-02,-2.84347641e-01,2.33013663e-02,-2.12674994e-01,0.00000000e+00,0.00000000e+00,1.21558293e-01,1.61121446e-02,1.19127128e+02,1.57899017e+01
2.59600000e+00,-1.93864571e-02,-2.88009534e-01,2.28757357e-02,-2.12894384e-01,0.00000000e+00,0.00000000e+00,1.21094075e-01,1.61938717e-02,1.18672193e+02,1.58699942e+01
2.59800000e+00,-1.99659349e-02,-2.91426824e-01,2.24500201e-02,-2.12766744e-01,0.00000000e+00,0.00000000e+00,1.20558889e-01,1.62323642e-02,1.18147712e+02,1.59077169e+01
2.60000000e+00,-2.05519985e-02,-2.94595272e-01,2.20248858e-02,-2.12313533e-01,0.00000000e+00,0.00000000e+00,1.20050406e-01,1.62697491e-02,1.17649398e+02,1.59443541e+01
2.60200000e+00,-2.11441482e-02,-2.97511919e-01,2.16009776e-02,-2.11542921e-01,0.00000000e+00,0.00000000e+00,1.19496748e-01,1.62927137e-02,1.17106813e+02,1.59668594e+01
2.60400000e+00,-2.17420009e-02,-3.00360598e-01,2.11788514e-02,-2.10566360e-01,0.00000000e+00,0.00000000e+00,1.23331046e-01,1.60986072e-02,1.20864425e+02,1.57766350e+01
2.60600000e+00,-2.23454459e-02,-3.02992379e-01,2.07587977e-02,-2.09461572e-01,0.00000000e+00,0.00000000e+00,1.19343411e-01,1.59613442e-02,1.16956543e+02,1.56421174e+01
2.60800000e+00,-2.29537492e-02,-3.05292315e-01,2.03413928e-02,-2.07775289e-01,0.00000000e+00,0.00000000e+00,1.20532976e-01,1.67222545e-02,1.18122316e+02,1.63878094e+01
2.61000000e+00,-2.35664727e-02,-3.07378538e-01,1.99279929e-02,-2.05644420e-01,0.00000000e+00,0.00000000e+00,1.19342581e-01,1.63030820e-02,1.16955729e+02,1.59770203e+01
2.61200000e+00,-2.41830691e-02,-3.09173540e-01,1.95188477e-02,-2.03464677e-01,0.00000000e+00,0.00000000e+00,1.18753865e-01,1.62394713e-02,1.16378788e+02,1.59146818e+01
2.61400000e+00,-2.48029968e-02,-3.10713373e-01,1.91143180e-02,-2.01009398e-01,0.00000000e+00,0.00000000e+00,1.18434143e-01,1.63025536e-02,1.16065460e+02,1.59765025e+01
2.61600000e+00,-2.54257589e-02,-3.12007564e-01,1.87150350e-02,-1.98216787e-01,0.00000000e+00,0.00000000e+00,1.18092181e-01,1.63760134e-02,1.15730337e+02,1.60484931e+01
2.61800000e+00,-2.60508617e-02,-3.13053822e-01,1.83216615e-02,-1.95108110e-01,0.00000000e+00,0.00000000e+00,1.17739029e-01,1.64027622e-02,1.15384249e+02,1.60747070e+01
2.62000000e+00,-2.66778057e-02,-3.13847430e-01,1.79347957e-02,-1.91709815e-01,0.00000000e+00,0.00000000e+00,1.17302940e-01,1.64298915e-02,1.14956881e+02,1.61012937e+01
2.62200000e+00,-2.73060830e-02,-3.14388437e-01,1.75550097e-02,-1.88030355e-01,0.00000000e+00,0.00000000e+00,1.16962832e-01,1.64488911e-02,1.14623575e+02,1.61199133e+01
2.62400000e+00,-2.79353482e-02,-3.14912495e-01,1.71829680e-02,-1.83910376e-01,0.00000000e+00,0.00000000e+00,1.22041730e-01,1.68214146e-02,1.19600895e+02,1.64849864e+01
2.62600000e+00,-2.85655959e-02,-3.15230965e-01,1.68194484e-02,-1.79670117e-01,0.00000000e+00,0.00000000e+00,1.17301968e-01,1.61802897e-02,1.14955928e+02,1.58566839e+01
2.62800000e+00,-2.91960243e-02,-3.15177862e-01,1.64644547e-02,-1.75179161e-01,0.00000000e+00,0.00000000e+00,1.18505517e-01,1.68387197e-02,1.16135406e+02,1.65019454e+01
2.63000000e+00,-2.98261737e-02,-3.14924202e-01,1.61190125e-02,-1.70267122e-01,0.00000000e+00,0.00000000e+00,1.17760417e-01,1.65686480e-02,1.15405208e+02,1.62372751e+01
2.63200000e+00,-3.04555432e-02,-3.14403756e-01,1.57834339e-02,-1.65283534e-01,0.00000000e+00,0.00000000e+00,1.17411111e-01,1.65074794e-02,1.15062889e+02,1.61773298e+01
2.63400000e+00,-3.10836293e-02,-3.13644178e-01,1.54580254e-02,-1.60079515e-01,0.00000000e+00,0.00000000e+00,1.17302702e-01,1.65643594e-02,1.14956648e+02,1.62330722e+01
2.63600000e+00,-3.17099657e-02,-3.12653203e-01,1.51432903e-02,-1.54613833e-01,0.00000000e+00,0.00000000e+00,1.17120804e-01,1.66048746e-02,1.14778388e+02,1.62727771e+01
2.63800000e+00,-3.23340862e-02,-3.11428478e-01,1.48397266e-02,-1.48913266e-01,0.00000000e+00,0.00000000e+00,1.16940311e-01,1.66214090e-02,1.14601505e+02,1.62889809e+01
2.64000000e+00,-3.29555241e-02,-3.09970538e-01,1.45477763e-02,-1.43004130e-01,0.00000000e+00,0.00000000e+00,1.16749914e-01,1.66231911e-02,1.14414916e+02,1.62907273e+01
2.64200000e+00,-3.35738130e-02,-3.08279553e-01,1.42678484e-02,-1.36887661e-01,0.00000000e+00,0.00000000e+00,1.16548695e-01,1.66542238e-02,1.14217721e+02,1.63211393e+01
2.64400000e+00,-3.41886342e-02,-3.06576464e-01,1.40005906e-02,-1.30223927e-01,0.00000000e+00,0.00000000e+00,1.21493105e-01,1.73874410e-02,1.19063243e+02,1.70396922e+01
2.64600000e+00,-3.48000023e-02,-3.04698620e-01,1.37469973e-02,-1.23493259e-01,0.00000000e+00,0.00000000e+00,1.17463172e-01,1.64296475e-02,1.15113909e+02,1.61010545e+01
2.64800000e+00,-3.54072096e-02,-3.02492116e-01,1.35066069e-02,-1.16778647e-01,0.00000000e+00,0.00000000e+00,1.18778927e-01,1.70076310e-02,1.16403349e+02,1.66674784e+01
2.65000000e+00,-3.60098605e-02,-3.00120128e-01,1.32801250e-02,-1.09700485e-01,0.00000000e+00,0.00000000e+00,1.18525378e-01,1.68663059e-02,1.16154871e+02,1.65289797e+01
2.65200000e+00,-3.66075417e-02,-2.97525469e-01,1.30678328e-02,-1.02580488e-01,0.00000000e+00,0.00000000e+00,1.18465171e-01,1.67892657e-02,1.16095867e+02,1.64534804e+01
2.65400000e+00,-3.71998265e-02,-2.94727105e-01,1.28698825e-02,-9.53414537e-02,0.00000000e+00,0.00000000e+00,1.18611615e-01,1.68304378e-02,1.16239382e+02,1.64938291e+01
2.65600000e+00,-3.77863192e-02,-2.91732407e-01,1.26865750e-02,-8.79403705e-02,0.00000000e+00,0.00000000e+00,1.18677140e-01,1.68645275e-02,1.16303597e+02,1.65272369e+01
2.65800000e+00,-3.83666262e-02,-2.88542830e-01,1.25182182e-02,-8.03934897e-02,0.00000000e+00,0.00000000e+00,1.18807882e-01,1.68928868e-02,1.16431724e+02,1.65550290e+01
2.66000000e+00,-3.89403625e-02,-2.85161193e-01,1.23650790e-02,-7.27296845e-02,0.00000000e+00,0.00000000e+00,1.18886461e-01,1.68880600e-02,1.16508731e+02,1.65502988e+01
2.66200000e+00,-3.95071419e-02,-2.81585847e-01,1.22273650e-02,-6.49675327e-02,0.00000000e+00,0.00000000e+00,1.18922640e-01,1.68994207e-02,1.16544187e+02,1.65614323e+01
2.66400000e+00,-4.00666870e-02,-2.77982285e-01,1.21055499e-02,-5.66939396e-02,0.00000000e+00,0.00000000e+00,1.22809641e-01,1.77842401e-02,1.20353449e+02,1.74285553e+01
2.66600000e+00,-4.06189843e-02,-2.74248660e-01,1.20006171e-02,-4.83785446e-02,0.00000000e+00,0.00000000e+00,1.20406933e-01,1.68338081e-02,1.17998795e+02,1.64971319e+01
2.66800000e+00,-4.11635144e-02,-2.70264169e-01,1.19118786e-02,-4.02988306e-02,0.00000000e+00,0.00000000e+00,1.21408916e-01,1.71595032e-02,1.18980738e+02,1.68163131e+01
2.67000000e+00,-4.16999528e-02,-2.66147481e-01,1.18395553e-02,-3.20188943e-02,0.00000000e+00,0.00000000e+00,1.21713612e-01,1.71473786e-02,1.19279340e+02,1.68044310e+01
2.67200000e+00,-4.22279942e-02,-2.61865636e-01,1.17838060e-02,-2.37345488e-02,0.00000000e+00,0.00000000e+00,1.21877536e-01,1.70857332e-02,1.19439985e+02,1.67440186e+01
2.67400000e+00,-4.27473090e-02,-2.57424183e-01,1.17446191e-02,-1.54471741e-02,0.00000000e+00,0.00000000e+00,1.22241329e-01,1.70943751e-02,1.19796503e+02,1.67524876e+01
2.67600000e+00,-4.32575910e-02,-2.52832780e-01,1.17220392e-02,-7.12688963e-03,0.00000000e+00,0.00000000e+00,1.22557830e-01,1.71191601e-02,1.20106673e+02,1.67767769e+01
2.67800000e+00,-4.37585423e-02,-2.48094643e-01,1.17161224e-02,1.20970178e-03,0.00000000e+00,0.00000000e+00,1.22921156e-01,1.71167481e-02,1.20462733e+02,1.67744131e+01
2.68000000e+00,-4.42498745e-02,-2.43213947e-01,1.17268763e-02,9.54372464e-03,0.00000000e+00,0.00000000e+00,1.23257314e-01,1.71257296e-02,1.20792167e+02,1.67832150e+01
2.68200000e+00,-4.47313061e-02,-2.38195376e-01,1.17542936e-02,1.78722007e-02,0.00000000e+00,0.00000000e+00,1.23649832e-01,1.71408730e-02,1.21176835e+02,1.67980555e+01
2.68400000e+00,-4.52025824e-02,-2.33066336e-01,1.17984540e-02,2.63340268e-02,0.00000000e+00,0.00000000e+00,1.24543968e-01,1.74652829e-02,1.22053089e+02,1.71159772e+01
2.68600000e+00,-4.56635205e-02,-2.27860911e-01,1.18596420e-02,3.48142449e-02,0.00000000e+00,0.00000000e+00,1.25648875e-01,1.72634114e-02,1.23135897e+02,1.69181432e+01
2.68800000e+00,-4.61139685e-02,-2.22569186e-01,1.19376204e-02,4.31585668e-02,0.00000000e+00,0.00000000e+00,1.26226035e-01,1.72880264e-02,1.23701514e+02,1.69422659e+01
2.69000000e+00,-4.65537365e-02,-2.17186326e-01,1.20322709e-02,5.14948087e-02,0.00000000e+00,0.00000000e+00,1.27131150e-01,1.73782648e-02,1.24588527e+02,1.70306995e+01
2.69200000e+00,-4.69826483e-02,-2.11705221e-01,1.21435631e-02,5.97762793e-02,0.00000000e+00,0.00000000e+00,1.27453912e-01,1.73286617e-02,1.24904833e+02,1.69820885e+01
2.69400000e+00,-4.74004866e-02,-2.06117958e-01,1.22713057e-02,6.79522579e-02,0.00000000e+00,0.00000000e+00,1.28084199e-01,1.73359832e-02,1.25522515e+02,1.69892635e+01
2.69600000e+00,-4.78070590e-02,-2.00439037e-01,1.24153161e-02,7.60441479e-02,0.00000000e+00,0.00000000e+00,1.28654169e-01,1.73545806e-02,1.26081085e+02,1.70074890e+01
2.69800000e+00,-4.82021848e-02,-1.94673163e-01,1.25754133e-02,8.40326690e-02,0.00000000e+00,0.00000000e+00,1.29301341e-01,1.73444530e-02,1.26715314e+02,1.69975639e+01
2.70000000e+00,-4.85856947e-02,-1.88821889e-01,1.27513726e-02,9.19100173e-02,0.00000000e+00,0.00000000e+00,1.29813127e-01,1.73693769e-02,1.27216865e+02,1.70219894e+01
2.70200000e+00,-4.89574167e-02,-1.82887153e-01,1.29429789e-02,9.96755885e-02,0.00000000e+00,0.00000000e+00,1.30409674e-01,1.73803780e-02,1.27801480e+02,1.70327705e+01
2.70400000e+00,-4.93170937e-02,-1.76728004e-01,1.31498031e-02,1.07033299e-01,0.00000000e+00,0.00000000e+00,1.27530221e-01,1.68056895e-02,1.24979617e+02,1.64695757e+01
2.70600000e+00,-4.96643294e-02,-1.70569793e-01,1.33711535e-02,1.14453146e-01,0.00000000e+00,0.00000000e+00,1.33291541e-01,1.78240451e-02,1.30625710e+02,1.74675642e+01
2.70800000e+00,-4.99994478e-02,-1.64523900e-01,1.36076875e-02,1.21980793e-01,0.00000000e+00,0.00000000e+00,1.32915051e-01,1.73667538e-02,1.30256750e+02,1.70194187e+01
2.71000000e+00,-5.03223672e-02,-1.58391315e-01,1.38588656e-02,1.29191843e-01,0.00000000e+00,0.00000000e+00,1.33926870e-01,1.75153865e-02,1.31248333e+02,1.71650787e+01
2.71200000e+00,-5.06329910e-02,-1.52225648e-01,1.41243953e-02,1.36313603e-01,0.00000000e+00,0.00000000e+00,1.34702856e-01,1.75557475e-02,1.32008799e+02,1.72046326e+01
2.71400000e+00,-5.09312445e-02,-1.46022110e-01,1.44040048e-02,1.43262568e-01,0.00000000e+00,0.00000000e+00,1.35501941e-01,1.75492815e-02,1.32791902e+02,1.71982959e+01
2.71600000e+00,-5.12170597e-02,-1.39788950e-01,1.46973020e-02,1.49996114e-01,0.00000000e+00,0.00000000e+00,1.36369266e-01,1.75198132e-02,1.33641881e+02,1.71694170e+01
2.71800000e+00,-5.14903800e-02,-1.33525314e-01,1.50038465e-02,1.56515580e-01,0.00000000e+00,0.00000000e+00,1.37046546e-01,1.75351753e-02,1.34305615e+02,1.71844718e+01
2.72000000e+00,-5.17511418e-02,-1.27233005e-01,1.53232267e-02,1.62828665e-01,0.00000000e+00,0.00000000e+00,1.37853579e-01,1.75402848e-02,1.35096507e+02,1.71894791e+01
2.72200000e+00,-5.19992998e-02,-1.20922401e-01,1.56550222e-02,1.68933254e-01,0.00000000e+00,0.00000000e+00,1.38670574e-01,1.75690294e-02,1.35897162e+02,1.72176488e+01
2.72400000e+00,-5.22345947e-02,-1.14256764e-01,1.59983256e-02,1.74086773e-01,0.00000000e+00,0.00000000e+00,1.31504898e-01,1.60322013e-02,1.28874800e+02,1.57115573e+01
2.72600000e+00,-5.24563654e-02,-1.07648970e-01,1.63514435e-02,1.79351492e-01,0.00000000e+00,0.00000000e+00,1.41860115e-01,1.83048750e-02,1.39022913e+02,1.79387775e+01
2.72800000e+00,-5.26653982e-02,-1.01352600e-01,1.67159829e-02,1.84993320e-01,0.00000000e+00,0.00000000e+00,1.40514012e-01,1.73421423e-02,1.37703732e+02,1.69952994e+01
2.73000000e+00,-5.28617261e-02,-9.49816738e-02,1.70910244e-02,1.90046732e-01,0.00000000e+00,0.00000000e+00,1.41746629e-01,1.76034996e-02,1.38911696e+02,1.72514296e+01
2.73200000e+00,-5.30453483e-02,-8.86458546e-02,1.74760933e-02,1.94985290e-01,0.00000000e+00,0.00000000e+00,1.42859217e-01,1.76491307e-02,1.40002032e+02,1.72961480e+01
2.73400000e+00,-5.32163243e-02,-8.23320999e-02,1.78708008e-02,1.99676627e-01,0.00000000e+00,0.00000000e+00,1.43683720e-01,1.76465178e-02,1.40810045e+02,1.72935874e+01
2.73600000e+00,-5.33746845e-02,-7.60299988e-02,1.82746102e-02,2.04083648e-01,0.00000000e+00,0.00000000e+00,1.44449997e-01,1.76274009e-02,1.41560997e+02,1.72748529e+01
2.73800000e+00,-5.35204611e-02,-6.97531447e-02,1.86869490e-02,2.08211250e-01,0.00000000e+00,0.00000000e+00,1.45489334e-01,1.76473719e-02,1.42579548e+02,1.72944245e+01
2.74000000e+00,-5.36537206e-02,-6.35116250e-02,1.91072824e-02,2.12079654e-01,0.00000000e+00,0.00000000e+00,1.46388998e-01,1.76822220e-02,1.43461218e+02,1.73285776e+01
2.74200000e+00,-5.37745330e-02,-5.73082734e-02,1.95350935e-02,2.15686799e-01,0.00000000e+00,0.00000000e+00,1.47392797e-01,1.77086568e-02,1.44444941e+02,1.73544837e+01
2.74400000e+00,-5.38826483e-02,-5.06469156e-02,1.99690817e-02,2.17872351e-01,0.00000000e+00,0.00000000e+00,1.36595717e-01,1.53172143e-02,1.33863803e+02,1.50108700e+01
2.74600000e+00,-5.39771956e-02,-4.40978732e-02,2.04067004e-02,2.20234112e-01,0.00000000e+00,0.00000000e+00,1.50816662e-01,1.87029220e-02,1.47800328e+02,1.83288636e+01
2.74800000e+00,-5.40593469e-02,-3.80094253e-02,2.08503958e-02,2.23162363e-01,0.00000000e+00,0.00000000e+00,1.48053883e-01,1.71388131e-02,1.45092805e+02,1.67960368e+01
2.75000000e+00,-5.41291878e-02,-3.18526828e-02,2.12988119e-02,2.25283695e-01,0.00000000e+00,0.00000000e+00,1.49816142e-01,1.76489373e-02,1.46819820e+02,1.72959585e+01
2.75200000e+00,-5.41868189e-02,-2.57878194e-02,2.17514824e-02,2.27332825e-01,0.00000000e+00,0.00000000e+00,1.50696105e-01,1.76330754e-02,1.47682183e+02,1.72804139e+01
2.75400000e+00,-5.42323846e-02,-1.97912911e-02,2.22079302e-02,2.29062440e-01,0.00000000e+00,0.00000000e+00,1.51809448e-01,1.76296150e-02,1.48773259e+02,1.72770227e+01
2.75600000e+00,-5.42660287e-02,-1.38617413e-02,2.26675223e-02,2.30477273e-01,0.00000000e+00,0.00000000e+00,1.52560100e-01,1.76283101e-02,1.49508898e+02,1.72757439e+01
2.75800000e+00,-5.42878798e-02,-8.00447997e-03,2.31296525e-02,2.31611980e-01,0.00000000e+00,0.00000000e+00,1.53700982e-01,1.77013360e-02,1.50626962e+02,1.73473093e+01
2.76000000e+00,-5.42981021e-02,-2.23035994e-03,2.35937961e-02,2.32485450e-01,0.00000000e+00,0.00000000e+00,1.54609959e-01,1.77426589e-02,1.51517760e+02,1.73878058e+01
2.76200000e+00,-5.42968490e-02,3.47209940e-03,2.40593840e-02,2.33043565e-01,0.00000000e+00,0.00000000e+00,1.55388594e-01,1.77042814e-02,1.52280822e+02,1.73501958e+01
2.76400000e+00,-5.42838625e-02,9.70123779e-03,2.45248222e-02,2.31879797e-01,0.00000000e+00,0.00000000e+00,1.42221517e-01,1.47935976e-02,1.39377087e+02,1.44977256e+01
2.76600000e+00,-5.42581473e-02,1.57754701e-02,2.49870802e-02,2.30981334e-01,0.00000000e+00,0.00000000e+00,1.58824184e-01,1.89221410e-02,1.55647700e+02,1.85436982e+01
2.76800000e+00,-5.42211190e-02,2.13121364e-02,2.54491735e-02,2.30721775e-01,0.00000000e+00,0.00000000e+00,1.54503094e-01,1.67947359e-02,1.51413032e+02,1.64588412e+01
2.77000000e+00,-5.41728531e-02,2.69173149e-02,2.59093195e-02,2.29490515e-01,0.00000000e+00,0.00000000e+00,1.56852255e-01,1.75404212e-02,1.53715210e+02,1.71896128e+01
2.77200000e+00,-5.41135605e-02,3.23564402e-02,2.63671874e-02,2.28337075e-01,0.00000000e+00,0.00000000e+00,1.57921571e-01,1.76126332e-02,1.54763140e+02,1.72603805e+01
2.77400000e+00,-5.40434941e-02,3.76954774e-02,2.68224511e-02,2.26858690e-01,0.00000000e+00,0.00000000e+00,1.58640932e-01,1.75093115e-02,1.55468114e+02,1.71591252e+01
2.77600000e+00,-5.39628427e-02,4.29383393e-02,2.72743876e-02,2.25028414e-01,0.00000000e+00,0.00000000e+00,1.59532022e-01,1.75203655e-02,1.56341382e+02,1.71699582e+01
2.77800000e+00,-5.38718246e-02,4.80553745e-02,2.77223967e-02,2.22946113e-01,0.00000000e+00,0.00000000e+00,1.60859151e-01,1.76211579e-02,1.57641968e+02,1.72687348e+01
2.78000000e+00,-5.37706989e-02,5.30558971e-02,2.81659927e-02,2.20594834e-01,0.00000000e+00,0.00000000e+00,1.61449565e-01,1.75904265e-02,1.58220574e+02,1.72386180e+01
2.78200000e+00,-5.36596671e-02,5.79573397e-02,2.86045702e-02,2.17934743e-01,0.00000000e+00,0.00000000e+00,1.62288089e-01,1.76005675e-02,1.59042327e+02,1.72485561e+01
2.78400000e+00,-5.35384618e-02,6.34702846e-02,2.90364181e-02,2.13304662e-01,0.00000000e+00,0.00000000e+00,1.46192541e-01,1.40739806e-02,1.43268690e+02,1.37925010e+01
2.78600000e+00,-5.34059027e-02,6.88081733e-02,2.94580434e-02,2.09056215e-01,0.00000000e+00,0.00000000e+00,1.65319503e-01,1.90059731e-02,1.62013113e+02,1.86258536e+01
2.78800000e+00,-5.32636492e-02,7.35160086e-02,2.98731941e-02,2.05634505e-01,0.00000000e+00,0.00000000e+00,1.59772895e-01,1.64035865e-02,1.56577437e+02,1.60755148e+01
2.79000000e+00,-5.31117892e-02,7.82978978e-02,3.02798759e-02,2.01154641e-01,0.00000000e+00,0.00000000e+00,1.62369092e-01,1.73677516e-02,1.59121710e+02,1.70203966e+01
2.79200000e+00,-5.29505926e-02,8.28772494e-02,3.06779476e-02,1.96877115e-01,0.00000000e+00,0.00000000e+00,1.63208548e-01,1.73986963e-02,1.59944377e+02,1.70507224e+01
2.79400000e+00,-5.27803575e-02,8.73406628e-02,3.10672025e-02,1.92326797e-01,0.00000000e+00,0.00000000e+00,1.63706876e-01,1.73530774e-02,1.60432739e+02,1.70060158e+01
2.79600000e+00,-5.26013052e-02,9.16912904e-02,3.14470628e-02,1.87488523e-01,0.00000000e+00,0.00000000e+00,1.64400240e-01,1.73388890e-02,1.61112235e+02,1.69921112e+01
2.79800000e+00,-5.24136812e-02,9.59086605e-02,3.18170152e-02,1.82438210e-01,0.00000000e+00,0.00000000e+00,1.65306438e-01,1.74385628e-02,1.62000310e+02,1.70897916e+01
2.80000000e+00,-5.22177600e-02,9.99918010e-02,3.21766833e-02,1.77189422e-01,0.00000000e+00,0.00000000e+00,1.65954223e-01,1.74382262e-02,1.62635139e+02,1.70894617e+01
2.80200000e+00,-5.20138028e-02,1.03941787e-01,3.25256312e-02,1.71728138e-01,0.00000000e+00,0.00000000e+00,1.66769178e-01,1.74932476e-02,1.63433794e+02,1.71433826e+01
2.80400000e+00,-5.18015429e-02,1.08566649e-01,3.28621518e-02,1.64101216e-01,0.00000000e+00,0.00000000e+00,1.48469278e-01,1.33761245e-02,1.45499893e+02,1.31086020e+01
2.80600000e+00,-5.15796668e-02,1.12995632e-01,3.31823753e-02,1.56982803e-01,0.00000000e+00,0.00000000e+00,1.69554481e-01,1.90213267e-02,1.66163392e+02,1.86409001e+01
2.80800000e+00,-5.13500274e-02,1.16724098e-01,3.34908032e-02,1.50944676e-01,0.00000000e+00,0.00000000e+00,1.62978781e-01,1.60865176e-02,1.59719205e+02,1.57647872e+01
2.81000000e+00,-5.11127083e-02,1.20545696e-01,3.37854231e-02,1.43810311e-01,0.00000000e+00,0.00000000e+00,1.65456727e-01,1.71441745e-02,1.62147593e+02,1.68012910e+01
2.81200000e+00,-5.08679967e-02,1.24139253e-01,3.40662786e-02,1.37027123e-01,0.00000000e+00,0.00000000e+00,1.66324627e-01,1.72276224e-02,1.62998134e+02,1.68830699e+01
2.81400000e+00,-5.06162393e-02,1.27600814e-01,3.43334082e-02,1.30058801e-01,0.00000000e+00,0.00000000e+00,1.66500175e-01,1.71400169e-02,1.63170172e+02,1.67972165e+01
2.81600000e+00,-5.03576714e-02,1.30945336e-01,3.45863672e-02,1.22870537e-01,0.00000000e+00,0.00000000e+00,1.66962483e-01,1.71302571e-02,1.63623233e+02,1.67876519e+01
2.81800000e+00,-5.00925483e-02,1.34154406e-01,3.48247946e-02,1.15538696e-01,0.00000000e+00,0.00000000e+00,1.67514274e-01,1.71822431e-02,1.64163989e+02,1.68385982e+01
2.82000000e+00,-4.98211471e-02,1.37223524e-01,3.50484499e-02,1.08098788e-01,0.00000000e+00,0.00000000e+00,1.68029875e-01,1.72259628e-02,1.64669277e+02,1.68814435e+01
2.82200000e+00,-4.95437490e-02,1.40150487e-01,3.52571294e-02,1.00568423e-01,0.00000000e+00,0.00000000e+00,1.68583623e-01,1.72935548e-02,1.65211950e+02,1.69476837e+01
2.82400000e+00,-4.92600674e-02,1.43794029e-01,3.54492253e-02,9.07909573e-02,0.00000000e+00,0.00000000e+00,1.48983363e-01,1.27874079e-02,1.46003696e+02,1.25316597e+01
2.82600000e+00,-4.89686983e-02,1.47249448e-01,3.56206886e-02,8.16062791e-02,0.00000000e+00,0.00000000e+00,1.70616478e-01,1.87868947e-02,1.67204149e+02,1.84111568e+01
2.82800000e+00,-4.86715651e-02,1.49961726e-01,3.57765627e-02,7.37900906e-02,0.00000000e+00,0.00000000e+00,1.63933761e-01,1.58855424e-02,1.60655085e+02,1.55678316e+01
2.83000000e+00,-4.83687932e-02,1.52761321e-01,3.59151877e-02,6.49819884e-02,0.00000000e+00,0.00000000e+00,1.66116141e-01,1.69065571e-02,1.62793819e+02,1.65684260e+01
2.83200000e+00,-4.80606689e-02,1.55337218e-01,3.60367728e-02,5.65970225e-02,0.00000000e+00,0.00000000e+00,1.66656297e-01,1.69508191e-02,1.63323171e+02,1.66118027e+01
2.83400000e+00,-4.77475350e-02,1.57777119e-01,3.61415351e-02,4.81510278e-02,0.00000000e+00,0.00000000e+00,1.66747852e-01,1.69315596e-02,1.63412895e+02,1.65929284e+01
2.83600000e+00,-4.74296416e-02,1.60095306e-01,3.62293291e-02,3.96333455e-02,0.00000000e+00,0.00000000e+00,1.66914932e-01,1.69292394e-02,1.63576633e+02,1.65906546e+01
2.83800000e+00,-4.71072420e-02,1.62281187e-01,3.63000565e-02,3.10977472e-02,0.00000000e+00,0.00000000e+00,1.67216674e-01,1.69984784e-02,1.63872340e+02,1.66585089e+01
2.84000000e+00,-4.67806061e-02,1.64333223e-01,3.63537140e-02,2.25530023e-02,0.00000000e+00,0.00000000e+00,1.67384575e-01,1.69901790e-02,1.64036883e+02,1.66503754e+01
2.84200000e+00,-4.64499958e-02,1.66255102e-01,3.63902610e-02,1.39968909e-02,0.00000000e+00,0.00000000e+00,1.67567189e-01,1.70303236e-02,1.64215845e+02,1.66897171e+01
2.84400000e+00,-4.61151024e-02,1.68901877e-01,3.64081893e-02,3.17273469e-03,0.00000000e+00,0.00000000e+00,1.47721562e-01,1.22592702e-02,1.44767131e+02,1.20140848e+01
2.84600000e+00,-4.57745079e-02,1.71369289e-01,3.64033809e-02,-7.00817340e-03,0.00000000e+00,0.00000000e+00,1.68989475e-01,1.83781855e-02,1.65609685e+02,1.80106218e+01
2.84800000e+00,-4.54301391e-02,1.73065861e-01,3.63813116e-02,-1.54565602e-02,0.00000000e+00,0.00000000e+00,1.62929508e-01,1.58675944e-02,1.59670917e+02,1.55502425e+01
2.85000000e+00,-4.50821866e-02,1.74849225e-01,3.63410182e-02,-2.47095772e-02,0.00000000e+00,0.00000000e+00,1.64128397e-01,1.66355322e-02,1.60845829e+02,1.63028215e+01
2.85200000e+00,-4.47308652e-02,1.76448186e-01,3.62827890e-02,-3.34890659e-02,0.00000000e+00,0.00000000e+00,1.64377199e-01,1.67819424e-02,1.61089655e+02,1.64463035e+01
2.85400000e+00,-4.43764724e-02,1.77929427e-01,3.62071044e-02,-4.22048743e-02,0.00000000e+00,0.00000000e+00,1.63992323e-01,1.66646299e-02,1.60712476e+02,1.63313373e+01
2.85600000e+00,-4.40192145e-02,1.79310190e-01,3.61139741e-02,-5.09138740e-02,0.00000000e+00,0.00000000e+00,1.63814412e-01,1.66667499e-02,1.60538124e+02,1.63334149e+01
2.85800000e+00,-4.36593110e-02,1.80571871e-01,3.60035244e-02,-5.95097046e-02,0.00000000e+00,0.00000000e+00,1.63842207e-01,1.67479060e-02,1.60565363e+02,1.64129479e+01
2.86000000e+00,-4.32970117e-02,1.81706435e-01,3.58760258e-02,-6.79697507e-02,0.00000000e+00,0.00000000e+00,1.63831961e-01,1.67730819e-02,1.60555322e+02,1.64376202e+01
2.86200000e+00,-4.29325647e-02,1.82721798e-01,3.57317219e-02,-7.63151008e-02,0.00000000e+00,0.00000000e+00,1.63656761e-01,1.67859186e-02,1.60383626e+02,1.64502002e+01
2.86400000e+00,-4.25656383e-02,1.84466410e-01,3.55692813e-02,-8.68861799e-02,0.00000000e+00,0.00000000e+00,1.43802091e-01,1.18732199e-02,1.40926049e+02,1.16357555e+01
2.86600000e+00,-4.21947995e-02,1.86060477e-01,3.53846323e-02,-9.67747617e-02,0.00000000e+00,0.00000000e+00,1.64155122e-01,1.79591362e-02,1.60872019e+02,1.75999535e+01
2.86800000e+00,-4.18219120e-02,1.86881142e-01,3.51835467e-02,-1.04616798e-01,0.00000000e+00,0.00000000e+00,1.58833580e-01,1.58847327e-02,1.55656908e+02,1.55670381e+01
2.87000000e+00,-4.14472267e-02,1.87774056e-01,3.49657683e-02,-1.13054027e-01,0.00000000e+00,0.00000000e+00,1.59411987e-01,1.64022019e-02,1.56223747e+02,1.60741579e+01
2.87200000e+00,-4.10709141e-02,1.88519572e-01,3.47316285e-02,-1.21044398e-01,0.00000000e+00,0.00000000e+00,1.59209031e-01,1.64914820e-02,1.56024851e+02,1.61616523e+01
2.87400000e+00,-4.06932191e-02,1.89159156e-01,3.44817239e-02,-1.28834980e-01,0.00000000e+00,0.00000000e+00,1.58806824e-01,1.64677402e-02,1.55630687e+02,1.61383854e+01
2.87600000e+00,-4.03143427e-02,1.89700944e-01,3.42163941e-02,-1.36467301e-01,0.00000000e+00,0.00000000e+00,1.58403660e-01,1.64477578e-02,1.55235587e+02,1.61188027e+01
2.87800000e+00,-3.99344839e-02,1.90139830e-01,3.39359993e-02,-1.43882821e-01,0.00000000e+00,0.00000000e+00,1.58112341e-01,1.65252873e-02,1.54950094e+02,1.61947815e+01
2.88000000e+00,-3.95538563e-02,1.90469280e-01,3.36410323e-02,-1.51044106e-01,0.00000000e+00,0.00000000e+00,1.57855134e-01,1.65629541e-02,1.54698031e+02,1.62316950e+01
2.88200000e+00,-3.91726704e-02,1.90703388e-01,3.33319692e-02,-1.57985972e-01,0.00000000e+00,0.00000000e+00,1.57229543e-01,1.65471769e-02,1.54084952e+02,1.62162333e+01
2.88400000e+00,-3.87906178e-02,1.91574916e-01,3.30078217e-02,-1.66827679e-01,0.00000000e+00,0.00000000e+00,1.39844145e-01,1.21154541e-02,1.37047262e+02,1.18731450e+01
2.88600000e+00,-3.84064626e-02,1.92308565e-01,3.26651258e-02,-1.74968625e-01,0.00000000e+00,0.00000000e+00,1.57319566e-01,1.75321993e-02,1.54173175e+02,1.71815553e+01
2.88800000e+00,-3.80218475e-02,1.92346289e-01,3.23093542e-02,-1.80999118e-01,0.00000000e+00,0.00000000e+00,1.52966325e-01,1.60394351e-02,1.49906999e+02,1.57186464e+01
2.89000000e+00,-3.76370315e-02,1.92452953e-01,3.19408841e-02,-1.87397407e-01,0.00000000e+00,0.00000000e+00,1.52567787e-01,1.62364500e-02,1.49516431e+02,1.59117210e+01
2.89200000e+00,-3.72521029e-02,1.92458719e-01,3.15600295e-02,-1.93398332e-01,0.00000000e+00,0.00000000e+00,1.52181838e-01,1.63318980e-02,1.49138201e+02,1.60052600e+01
2.89400000e+00,-3.68672599e-02,1.92369665e-01,3.11675057e-02,-1.99076932e-01,0.00000000e+00,0.00000000e+00,1.51641616e-01,1.63546015e-02,1.48608783e+02,1.60275095e+01
2.89600000e+00,-3.64826767e-02,1.92202001e-01,3.07639141e-02,-2.04467202e-01,0.00000000e+00,0.00000000e+00,1.50878654e-01,1.63627610e-02,1.47861081e+02,1.60355058e+01
2.89800000e+00,-3.60985023e-02,1.91958606e-01,3.03498299e-02,-2.09567922e-01,0.00000000e+00,0.00000000e+00,1.50274202e-01,1.63729225e-02,1.47268718e+02,1.60454640e+01
2.90000000e+00,-3.57148952e-02,1.91635747e-01,2.99258470e-02,-2.14361730e-01,0.00000000e+00,0.00000000e+00,1.49602742e-01,1.64032567e-02,1.46610687e+02,1.60751916e+01
2.90200000e+00,-3.53320093e-02,1.91238040e-01,2.94925873e-02,-2.18849125e-01,0.00000000e+00,0.00000000e+00,1.48896051e-01,1.63989937e-02,1.45918130e+02,1.60710138e+01
2.90400000e+00,-3.49496667e-02,1.91254911e-01,2.90496442e-02,-2.24545724e-01,0.00000000e+00,0.00000000e+00,1.36793436e-01,1.32345000e-02,1.34057567e+02,1.29698100e+01
2.90600000e+00,-3.45670566e-02,1.91171295e-01,2.85948109e-02,-2.29632782e-01,0.00000000e+00,0.00000000e+00,1.48121212e-01,1.70310030e-02,1.45158788e+02,1.66903829e+01
2.90800000e+00,-3.41853058e-02,1.90601295e-01,2.81322353e-02,-2.33036726e-01,0.00000000e+00,0.00000000e+00,1.45040208e-01,1.61078865e-02,1.42139404e+02,1.57857288e+01
2.91000000e+00,-3.38046336e-02,1.90058044e-01,2.76626024e-02,-2.36533082e-01,0.00000000e+00,0.00000000e+00,1.44386462e-01,1.61675797e-02,1.41498733e+02,1.58442281e+01
2.91200000e+00,-3.34251274e-02,1.89434015e-01,2.71863822e-02,-2.39610639e-01,0.00000000e+00,0.00000000e+00,1.43827270e-01,1.63079200e-02,1.40950725e+02,1.59817616e+01
2.91400000e+00,-3.30469469e-02,1.88735991e-01,2.67044157e-02,-2.42304533e-01,0.00000000e+00,0.00000000e+00,1.43025562e-01,1.62854858e-02,1.40165050e+02,1.59597761e+01
2.91600000e+00,-3.26702251e-02,1.87975521e-01,2.62173788e-02,-2.44676322e-01,0.00000000e+00,0.00000000e+00,1.42208101e-01,1.62892401e-02,1.39363939e+02,1.59634553e+01
2.91800000e+00,-3.22950828e-02,1.87158104e-01,2.57259313e-02,-2.46716741e-01,0.00000000e+00,0.00000000e+00,1.41290574e-01,1.62798217e-02,1.38464763e+02,1.59542253e+01
2.92000000e+00,-3.19216272e-02,1.86288872e-01,2.52307362e-02,-2.48420627e-01,0.00000000e+00,0.00000000e+00,1.40366750e-01,1.62889191e-02,1.37559415e+02,1.59631408e+01
2.92200000e+00,-3.15499644e-02,1.85363941e-01,2.47324883e-02,-2.49765273e-01,0.00000000e+00,0.00000000e+00,1.39554413e-01,1.63226596e-02,1.36763324e+02,1.59962064e+01
2.92400000e+00,-3.11800888e-02,1.84562960e-01,2.42315150e-02,-2.51349966e-01,0.00000000e+00,0.00000000e+00,1.34447477e-01,1.50699740e-02,1.31758528e+02,1.47685745e+01
2.92600000e+00,-3.08117563e-02,1.83696442e-01,2.37273780e-02,-2.52500411e-01,0.00000000e+00,0.00000000e+00,1.38075805e-01,1.65145349e-02,1.35314289e+02,1.61842442e+01
2.92800000e+00,-3.04454450e-02,1.82617117e-01,2.32221030e-02,-2.52766586e-01,0.00000000e+00,0.00000000e+00,1.36425516e-01,1.62043511e-02,1.33697005e+02,1.58802640e+01
2.93000000e+00,-3.00812982e-02,1.81522214e-01,2.27164400e-02,-2.52840377e-01,0.00000000e+00,0.00000000e+00,1.35462741e-01,1.61960248e-02,1.32753486e+02,1.58721043e+01
2.93200000e+00,-2.97193911e-02,1.80374844e-01,2.22109883e-02,-2.52543958e-01,0.00000000e+00,0.00000000e+00,1.34692545e-01,1.62592555e-02,1.31998695e+02,1.59340704e+01
2.93400000e+00,-2.93598342e-02,1.79174326e-01,2.17065129e-02,-2.51874464e-01,0.00000000e+00,0.00000000e+00,1.33764664e-01,1.62581794e-02,1.31089371e+02,1.59330158e+01
2.93600000e+00,-2.90027219e-02,1.77931613e-01,2.12037117e-02,-2.50873111e-01,0.00000000e+00,0.00000000e+00,1.32758257e-01,1.62371547e-02,1.30103092e+02,1.59124116e+01
2.93800000e+00,-2.86481355e-02,1.76647389e-01,2.07032406e-02,-2.49541499e-01,0.00000000e+00,0.00000000e+00,1.31834878e-01,1.62359164e-02,1.29198180e+02,1.59111981e+01
2.94000000e+00,-2.82961607e-02,1.75320656e-01,2.02057743e-02,-2.47866966e-01,0.00000000e+00,0.00000000e+00,1.30872933e-01,1.62456180e-02,1.28255474e+02,1.59207057e+01
2.94200000e+00,-2.79468799e-02,1.73953272e-01,1.97119984e-02,-2.45854055e-01,0.00000000e+00,0.00000000e+00,1.29927953e-01,1.62399796e-02,1.27329394e+02,1.59151800e+01
2.94400000e+00,-2.76004312e-02,1.72460527e-01,1.92227841e-02,-2.43202320e-01,0.00000000e+00,0.00000000e+00,1.30968178e-01,1.68866137e-02,1.28348815e+02,1.65488814e+01
2.94600000e+00,-2.72570722e-02,1.70916255e-01,1.87393986e-02,-2.40236391e-01,0.00000000e+00,0.00000000e+00,1.28322719e-01,1.62076932e-02,1.25756265e+02,1.58835393e+01
2.94800000e+00,-2.69167480e-02,1.69399289e-01,1.82618574e-02,-2.37242121e-01,0.00000000e+00,0.00000000e+00,1.27545770e-01,1.62627003e-02,1.24994855e+02,1.59374463e+01
2.95000000e+00,-2.65795073e-02,1.67833945e-01,1.77906723e-02,-2.33884575e-01,0.00000000e+00,0.00000000e+00,1.26693852e-01,1.62957440e-02,1.24159975e+02,1.59698291e+01
2.95200000e+00,-2.62454385e-02,1.66229145e-01,1.73265337e-02,-2.30205102e-01,0.00000000e+00,0.00000000e+00,1.25734147e-01,1.62738868e-02,1.23219464e+02,1.59484090e+01
2.95400000e+00,-2.59146149e-02,1.64588034e-01,1.68700505e-02,-2.26227759e-01,0.00000000e+00,0.00000000e+00,1.24835044e-01,1.62672535e-02,1.22338343e+02,1.59419084e+01
2.95600000e+00,-2.55871115e-02,1.62909151e-01,1.64218299e-02,-2.21939729e-01,0.00000000e+00,0.00000000e+00,1.23936482e-01,1.62839730e-02,1.21457752e+02,1.59582935e+01
2.95800000e+00,-2.52630004e-02,1.61197192e-01,1.59824903e-02,-2.17353663e-01,0.00000000e+00,0.00000000e+00,1.22955143e-01,1.62633526e-02,1.20496040e+02,1.59380856e+01
2.96000000e+00,-2.49423423e-02,1.59455935e-01,1.55525997e-02,-2.12490841e-01,0.00000000e+00,0.00000000e+00,1.21996403e-01,1.62487889e-02,1.19556475e+02,1.59238131e+01
2.96200000e+00,-2.46251969e-02,1.57684187e-01,1.51327161e-02,-2.07344213e-01,0.00000000e+00,0.00000000e+00,1.21071504e-01,1.62571474e-02,1.18650074e+02,1.59320045e+01
2.96400000e+00,-2.43118787e-02,1.55502696e-01,1.47242630e-02,-2.00637690e-01,0.00000000e+00,0.00000000e+00,1.29004916e-01,1.89369593e-02,1.26424817e+02,1.85582201e+01
2.96600000e+00,-2.40032156e-02,1.53277012e-01,1.43302626e-02,-1.93785291e-01,0.00000000e+00,0.00000000e+00,1.19574938e-01,1.59975164e-02,1.17183439e+02,1.56775661e+01
2.96800000e+00,-2.36985727e-02,1.51348359e-01,1.39484703e-02,-1.87910136e-01,0.00000000e+00,0.00000000e+00,1.19569384e-01,1.63379462e-02,1.17177996e+02,1.60111873e+01
2.97000000e+00,-2.33978727e-02,1.49343875e-01,1.35789219e-02,-1.81585160e-01,0.00000000e+00,0.00000000e+00,1.18884090e-01,1.64112051e-02,1.16506409e+02,1.60829810e+01
2.97200000e+00,-2.31012192e-02,1.47306284e-01,1.32222812e-02,-1.75032773e-01,0.00000000e+00,0.00000000e+00,1.17913036e-01,1.63031296e-02,1.15554775e+02,1.59770670e+01
2.97400000e+00,-2.28086655e-02,1.45241891e-01,1.28789180e-02,-1.68289622e-01,0.00000000e+00,0.00000000e+00,1.17113761e-01,1.63183647e-02,1.14771486e+02,1.59919974e+01
2.97600000e+00,-2.25202736e-02,1.43144599e-01,1.25492804e-02,-1.61310014e-01,0.00000000e+00,0.00000000e+00,1.16319061e-01,1.63257100e-02,1.13992680e+02,1.59991958e+01
2.97800000e+00,-2.22361090e-02,1.41014481e-01,1.22338273e-02,-1.54106403e-01,0.00000000e+00,0.00000000e+00,1.15552431e-01,1.63349726e-02,1.13241382e+02,1.60082732e+01
2.98000000e+00,-2.19562355e-02,1.38854625e-01,1.19329932e-02,-1.46695206e-01,0.00000000e+00,0.00000000e+00,1.14720490e-01,1.63286605e-02,1.12426080e+02,1.60020873e+01
2.98200000e+00,-2.16807083e-02,1.36668000e-01,1.16471727e-02,-1.39094772e-01,0.00000000e+00,0.00000000e+00,1.13919819e-01,1.63207764e-02,1.11641423e+02,1.59943609e+01
2.98400000e+00,-2.14100199e-02,1.33796875e-01,1.13781799e-02,-1.29146024e-01,0.00000000e+00,0.00000000e+00,1.28494947e-01,2.08697444e-02,1.25925048e+02,2.04523495e+01
2.98600000e+00,-2.11455499e-02,1.30882175e-01,1.11305564e-02,-1.19245347e-01,0.00000000e+00,0.00000000e+00,1.12766374e-01,1.58617743e-02,1.10511047e+02,1.55445389e+01
2.98800000e+00,-2.08861241e-02,1.28518015e-01,1.08999002e-02,-1.11291968e-01,0.00000000e+00,0.00000000e+00,1.13502968e-01,1.64496562e-02,1.11232909e+02,1.61206630e+01
2.99000000e+00,-2.06315473e-02,1.26049624e-01,1.06857017e-02,-1.02868936e-01,0.00000000e+00,0.00000000e+00,1.13113749e-01,1.65381556e-02,1.10851474e+02,1.62073925e+01
2.99200000e+00,-2.03819449e-02,1.23552266e-01,1.04884972e-02,-9.43368398e-02,0.00000000e+00,0.00000000e+00,1.12132118e-01,1.63933791e-02,1.09889475e+02,1.60655115e+01
2.99400000e+00,-2.01373507e-02,1.21036240e-01,1.03083918e-02,-8.57485406e-02,0.00000000e+00,0.00000000e+00,1.11543006e-01,1.63953348e-02,1.09312146e+02,1.60674281e+01
2.99600000e+00,-1.98978227e-02,1.18486184e-01,1.01455833e-02,-7.70398693e-02,0.00000000e+00,0.00000000e+00,1.10961623e-01,1.64099102e-02,1.08742391e+02,1.60817120e+01
2.99800000e+00,-1.96634298e-02,1.15900274e-01,1.00003132e-02,-6.82099382e-02,0.00000000e+00,0.00000000e+00,1.10456863e-01,1.64387350e-02,1.08247726e+02,1.61099603e+01
3.00000000e+00,-1.94342416e-02,1.13284365e-01,9.87281034e-03,-5.92798414e-02,0.00000000e+00,0.00000000e+00,1.09781012e-01,1.64343715e-02,1.07585392e+02,1.61056841e+01
