t,h,h_dot,alpha,alpha_dot,delta,W_g,C_L,C_M,F_y,M_z
2.00000000e-03,0.00000000e+00,0.00000000e+00,0.00000000e+00,0.00000000e+00,0.00000000e+00,7.94304244e-04,1.26327256e-01,3.00480580e-02,1.23800711e+02,2.94470968e+01
4.00000000e-03,-9.76024003e-06,-9.23401555e-03,2.33284460e-05,2.06775589e-02,0.00000000e+00,3.17709437e-03,8.94943834e-02,1.33799198e-02,8.77044957e+01,1.31123214e+01
6.00000000e-03,-3.65016836e-05,-1.78164645e-02,7.94989318e-05,3.65382586e-02,0.00000000e+00,7.14800255e-03,1.11286401e-01,2.00116598e-02,1.09060673e+02,1.96114266e+01
8.00000000e-03,-8.15454132e-05,-2.71778563e-02,1.70681553e-04,5.41990433e-02,0.00000000e+00,1.27064159e-02,1.08025503e-01,1.72811717e-02,1.05864993e+02,1.69355482e+01
1.00000000e-02,-1.45166538e-04,-3.64693930e-02,2.95096092e-04,7.00614764e-02,0.00000000e+00,1.98514763e-02,1.10135612e-01,1.64081150e-02,1.07932900e+02,1.60799527e+01
1.20000000e-02,-2.27561994e-04,-4.59694291e-02,4.50611863e-04,8.54505510e-02,0.00000000e+00,2.85820808e-02,1.13531597e-01,1.65034738e-02,1.11260965e+02,1.61734044e+01
1.40000000e-02,-3.29184012e-04,-5.56790888e-02,6.36777095e-04,1.00657850e-01,0.00000000e+00,3.88968819e-02,1.15824005e-01,1.62862884e-02,1.13507525e+02,1.59605627e+01
1.60000000e-02,-4.50383558e-04,-6.55465530e-02,8.53048182e-04,1.15572556e-01,0.00000000e+00,5.07942874e-02,1.18168285e-01,1.61921747e-02,1.15804919e+02,1.58683312e+01
1.80000000e-02,-5.91478822e-04,-7.55769052e-02,1.09895967e-03,1.30325804e-01,0.00000000e+00,6.42724606e-02,1.20741237e-01,1.62926622e-02,1.18326412e+02,1.59668090e+01
2.00000000e-02,-7.52795089e-04,-8.57631134e-02,1.37428315e-03,1.44976697e-01,0.00000000e+00,7.93293211e-02,1.23085616e-01,1.63646633e-02,1.20623904e+02,1.60373700e+01
2.20000000e-02,-9.34477485e-04,-9.58686431e-02,1.67844423e-03,1.58994342e-01,0.00000000e+00,9.59625447e-02,1.20297661e-01,1.53921897e-02,1.17891708e+02,1.50843460e+01
2.40000000e-02,-1.13624914e-03,-1.05943389e-01,2.01008466e-03,1.72748182e-01,0.00000000e+00,1.14169564e-01,1.23972439e-01,1.62791357e-02,1.21492990e+02,1.59535530e+01
2.60000000e-02,-1.35834578e-03,-1.16160232e-01,2.36956473e-03,1.86693666e-01,0.00000000e+00,1.33947568e-01,1.25389466e-01,1.63022883e-02,1.22881677e+02,1.59762425e+01
2.80000000e-02,-1.60089520e-03,-1.26384767e-01,2.75660208e-03,2.00253342e-01,0.00000000e+00,1.55293505e-01,1.26090405e-01,1.60166600e-02,1.23568597e+02,1.56963268e+01
3.00000000e-02,-1.86388463e-03,-1.36608974e-01,3.17034498e-03,2.13463381e-01,0.00000000e+00,1.78204078e-01,1.27486939e-01,1.61540616e-02,1.24937200e+02,1.58309804e+01
3.20000000e-02,-2.14733686e-03,-1.46841827e-01,3.61031094e-03,2.26456445e-01,0.00000000e+00,2.02675752e-01,1.28564571e-01,1.61844273e-02,1.25993280e+02,1.58607387e+01
3.40000000e-02,-2.45124045e-03,-1.57057463e-01,4.07597540e-03,2.39156506e-01,0.00000000e+00,2.28704750e-01,1.29523755e-01,1.61990802e-02,1.26933280e+02,1.58750985e+01
3.60000000e-02,-2.77554601e-03,-1.67242054e-01,4.56673216e-03,2.51549402e-01,0.00000000e+00,2.56287052e-01,1.30444945e-01,1.62356895e-02,1.27836046e+02,1.59109757e+01
3.80000000e-02,-3.12017978e-03,-1.77383310e-01,5.08196329e-03,2.63627743e-01,0.00000000e+00,2.85418402e-01,1.31283024e-01,1.62699198e-02,1.28657363e+02,1.59445214e+01
4.00000000e-02,-3.48504043e-03,-1.87466338e-01,5.62101771e-03,2.75367978e-01,0.00000000e+00,3.16094304e-01,1.32021577e-01,1.62912665e-02,1.29381145e+02,1.59654412e+01
4.20000000e-02,-3.86990785e-03,-1.97343451e-01,6.18281975e-03,2.86185174e-01,0.00000000e+00,3.48310020e-01,1.29572536e-01,1.51305179e-02,1.26981085e+02,1.48279076e+01
4.40000000e-02,-4.27431632e-03,-2.07073695e-01,6.76541756e-03,2.96491117e-01,0.00000000e+00,3.82060580e-01,1.31851274e-01,1.60462541e-02,1.29214248e+02,1.57253290e+01
4.60000000e-02,-4.69820177e-03,-2.16802659e-01,7.36891866e-03,3.06998696e-01,0.00000000e+00,4.17340773e-01,1.32963171e-01,1.64116017e-02,1.30303907e+02,1.60833697e+01
4.80000000e-02,-5.14144142e-03,-2.26403327e-01,7.99310924e-03,3.17051689e-01,0.00000000e+00,4.54145152e-01,1.32432287e-01,1.59796198e-02,1.29783641e+02,1.56600274e+01
5.00000000e-02,-5.60370315e-03,-2.35836110e-01,8.63672259e-03,3.26500510e-01,0.00000000e+00,4.92468038e-01,1.32775118e-01,1.60590083e-02,1.30119615e+02,1.57378281e+01
5.20000000e-02,-6.08469107e-03,-2.45126716e-01,9.29885158e-03,3.35559835e-01,0.00000000e+00,5.32303514e-01,1.32998395e-01,1.61042390e-02,1.30338427e+02,1.57821542e+01
5.40000000e-02,-6.58410598e-03,-2.54261283e-01,9.97867803e-03,3.44193351e-01,0.00000000e+00,5.73645432e-01,1.33168353e-01,1.61328650e-02,1.30504986e+02,1.58102077e+01
5.60000000e-02,-7.10162538e-03,-2.63229629e-01,1.06753269e-02,3.52379710e-01,0.00000000e+00,6.16487409e-01,1.33302194e-01,1.61574928e-02,1.30636150e+02,1.58343429e+01
5.80000000e-02,-7.63690664e-03,-2.72021191e-01,1.13878877e-02,3.60102324e-01,0.00000000e+00,6.60822832e-01,1.33371010e-01,1.61742255e-02,1.30703590e+02,1.58507410e+01
6.00000000e-02,-8.18958464e-03,-2.80624504e-01,1.21154182e-02,3.67348050e-01,0.00000000e+00,7.06644859e-01,1.33379726e-01,1.61928412e-02,1.30712131e+02,1.58689844e+01
6.20000000e-02,-8.75919399e-03,-2.88911850e-01,1.28565728e-02,3.73533304e-01,0.00000000e+00,7.53946415e-01,1.30603444e-01,1.50044514e-02,1.27991375e+02,1.47043624e+01
6.40000000e-02,-9.34506755e-03,-2.96952475e-01,1.36091346e-02,3.79093444e-01,0.00000000e+00,8.02720200e-01,1.32364306e-01,1.59535717e-02,1.29717020e+02,1.56345002e+01
6.60000000e-02,-9.94693391e-03,-3.04888135e-01,1.43730375e-02,3.84789958e-01,0.00000000e+00,8.52958684e-01,1.33031372e-01,1.63796561e-02,1.30370744e+02,1.60520629e+01
6.80000000e-02,-1.05644626e-02,-3.12587594e-01,1.51479262e-02,3.89934215e-01,0.00000000e+00,9.04654112e-01,1.31854321e-01,1.58992007e-02,1.29217235e+02,1.55812166e+01
7.00000000e-02,-1.11970994e-02,-3.20009758e-01,1.59322886e-02,3.94349885e-01,0.00000000e+00,9.57798505e-01,1.31685669e-01,1.59690352e-02,1.29051955e+02,1.56496545e+01
7.20000000e-02,-1.18443397e-02,-3.27189063e-01,1.67250053e-02,3.98284846e-01,0.00000000e+00,1.01238366e+00,1.31433453e-01,1.60210032e-02,1.28804784e+02,1.57005831e+01
7.40000000e-02,-1.25056877e-02,-3.34116458e-01,1.75250959e-02,4.01721780e-01,0.00000000e+00,1.06840115e+00,1.31169528e-01,1.60652259e-02,1.28546137e+02,1.57439214e+01
7.60000000e-02,-1.31806315e-02,-3.40782813e-01,1.83315425e-02,4.04633911e-01,0.00000000e+00,1.12584233e+00,1.30815995e-01,1.60702822e-02,1.28199675e+02,1.57488766e+01
7.80000000e-02,-1.38686395e-02,-3.47180048e-01,1.91432715e-02,4.07005991e-01,0.00000000e+00,1.18469833e+00,1.30470987e-01,1.60902662e-02,1.27861567e+02,1.57684609e+01
8.00000000e-02,-1.45691680e-02,-3.53301776e-01,1.99592072e-02,4.08839210e-01,0.00000000e+00,1.24496006e+00,1.30071571e-01,1.61040484e-02,1.27470139e+02,1.57819674e+01
8.20000000e-02,-1.52816057e-02,-3.59062136e-01,2.07779453e-02,4.09648020e-01,0.00000000e+00,1.30661823e+00,1.27818769e-01,1.51092242e-02,1.25262393e+02,1.48070397e+01
8.40000000e-02,-1.60052177e-02,-3.64524156e-01,2.15973697e-02,4.09812563e-01,0.00000000e+00,1.36966332e+00,1.28984802e-01,1.59222864e-02,1.26405106e+02,1.56038407e+01
8.60000000e-02,-1.67395779e-02,-3.69799557e-01,2.24172247e-02,4.10020866e-01,0.00000000e+00,1.43408560e+00,1.29431072e-01,1.63722018e-02,1.26842451e+02,1.60447577e+01
8.80000000e-02,-1.74842161e-02,-3.74775326e-01,2.32370815e-02,4.09671674e-01,0.00000000e+00,1.49987511e+00,1.28041286e-01,1.59234053e-02,1.25480461e+02,1.56049372e+01
9.00000000e-02,-1.82384506e-02,-3.79408205e-01,2.40554118e-02,4.08573106e-01,0.00000000e+00,1.56702171e+00,1.27556578e-01,1.59687148e-02,1.25005446e+02,1.56493405e+01
9.20000000e-02,-1.90016451e-02,-3.83735310e-01,2.48710364e-02,4.06968294e-01,0.00000000e+00,1.63551503e+00,1.27108417e-01,1.60265991e-02,1.24566249e+02,1.57060671e+01
9.40000000e-02,-1.97731862e-02,-3.87753917e-01,2.56829463e-02,4.04855513e-01,0.00000000e+00,1.70534450e+00,1.26629487e-01,1.60631857e-02,1.24096897e+02,1.57419220e+01
9.60000000e-02,-2.05524491e-02,-3.91455055e-01,2.64901031e-02,4.02209770e-01,0.00000000e+00,1.77649933e+00,1.26036016e-01,1.60620343e-02,1.23515296e+02,1.57407936e+01
9.80000000e-02,-2.13387895e-02,-3.94830783e-01,2.72914295e-02,3.99030260e-01,0.00000000e+00,1.84896856e+00,1.25430625e-01,1.60888223e-02,1.22922012e+02,1.57670459e+01
1.00000000e-01,-2.21315544e-02,-3.97879821e-01,2.80858739e-02,3.95325445e-01,0.00000000e+00,1.92274098e+00,1.24861011e-01,1.60958161e-02,1.22363791e+02,1.57738998e+01
1.02000000e-01,-2.29300751e-02,-4.00578444e-01,2.88721757e-02,3.90787381e-01,0.00000000e+00,1.99780521e+00,1.23749649e-01,1.54648940e-02,1.21274656e+02,1.51555962e+01
1.04000000e-01,-2.37336571e-02,-4.02960404e-01,2.96486223e-02,3.85647774e-01,0.00000000e+00,2.07414967e+00,1.24011362e-01,1.59444787e-02,1.21531135e+02,1.56255891e+01
1.06000000e-01,-2.45417476e-02,-4.05088674e-01,3.04147199e-02,3.80437937e-01,0.00000000e+00,2.15176256e+00,1.24409406e-01,1.64140295e-02,1.21921218e+02,1.60857489e+01
1.08000000e-01,-2.53537979e-02,-4.06896101e-01,3.11700722e-02,3.74775299e-01,0.00000000e+00,2.23063192e+00,1.23135423e-01,1.60753761e-02,1.20672715e+02,1.57538685e+01
1.10000000e-01,-2.61690884e-02,-4.08338092e-01,3.19133743e-02,3.68442503e-01,0.00000000e+00,2.31074556e+00,1.22519484e-01,1.60717778e-02,1.20069094e+02,1.57503422e+01
1.12000000e-01,-2.69869279e-02,-4.09446609e-01,3.26435226e-02,3.61630377e-01,0.00000000e+00,2.39209112e+00,1.22014500e-01,1.61150804e-02,1.19574210e+02,1.57927788e+01
1.14000000e-01,-2.78066517e-02,-4.10220479e-01,3.33595937e-02,3.54365186e-01,0.00000000e+00,2.47465604e+00,1.21387906e-01,1.61466879e-02,1.18960148e+02,1.58237541e+01
1.16000000e-01,-2.86275816e-02,-4.10652038e-01,3.40606761e-02,3.46639165e-01,0.00000000e+00,2.55842758e+00,1.20715078e-01,1.61524645e-02,1.18300776e+02,1.58294152e+01
1.18000000e-01,-2.94490318e-02,-4.10741574e-01,3.47458436e-02,3.38452927e-01,0.00000000e+00,2.64339280e+00,1.20100849e-01,1.61628132e-02,1.17698832e+02,1.58395569e+01
1.20000000e-01,-3.02703208e-02,-4.10490541e-01,3.54141867e-02,3.29815084e-01,0.00000000e+00,2.72953859e+00,1.19462061e-01,1.61628162e-02,1.17072820e+02,1.58395599e+01
1.22000000e-01,-3.10907925e-02,-4.09937304e-01,3.60647528e-02,3.20650697e-01,0.00000000e+00,2.81685166e+00,1.19738975e-01,1.59906772e-02,1.17344195e+02,1.56708636e+01
1.24000000e-01,-3.19098677e-02,-4.09080599e-01,3.66964638e-02,3.10997899e-01,0.00000000e+00,2.90531852e+00,1.19060398e-01,1.60439991e-02,1.16679190e+02,1.57231192e+01
1.26000000e-01,-3.27269190e-02,-4.07930094e-01,3.73086306e-02,3.01174328e-01,0.00000000e+00,2.99492552e+00,1.19548000e-01,1.65107588e-02,1.17157040e+02,1.61805436e+01
1.28000000e-01,-3.35413840e-02,-4.06473491e-01,3.79009717e-02,2.91066677e-01,0.00000000e+00,3.08565883e+00,1.18562060e-01,1.62980020e-02,1.16190818e+02,1.59720420e+01
1.30000000e-01,-3.43525755e-02,-4.04660737e-01,3.84725636e-02,2.80458576e-01,0.00000000e+00,3.17750443e+00,1.17854855e-01,1.62811763e-02,1.15497758e+02,1.59555528e+01
1.32000000e-01,-3.51598034e-02,-4.02512585e-01,3.90225554e-02,2.69474608e-01,0.00000000e+00,3.27044817e+00,1.17322868e-01,1.62992179e-02,1.14976411e+02,1.59732335e+01
1.34000000e-01,-3.59624070e-02,-4.00036213e-01,3.95502397e-02,2.58157141e-01,0.00000000e+00,3.36447568e+00,1.16746942e-01,1.63395952e-02,1.14412003e+02,1.60128033e+01
1.36000000e-01,-3.67597333e-02,-3.97237499e-01,4.00549767e-02,2.46528866e-01,0.00000000e+00,3.45957245e+00,1.16310617e-01,1.63726078e-02,1.13984405e+02,1.60451557e+01
1.38000000e-01,-3.75511381e-02,-3.94110430e-01,4.05361315e-02,2.34565122e-01,0.00000000e+00,3.55572381e+00,1.15547113e-01,1.63276683e-02,1.13236171e+02,1.60011149e+01
1.40000000e-01,-3.83359501e-02,-3.90646010e-01,4.09930125e-02,2.22264296e-01,0.00000000e+00,3.65291490e+00,1.14848173e-01,1.63227595e-02,1.12551209e+02,1.59963043e+01
1.42000000e-01,-3.91135578e-02,-3.86935075e-01,4.14250618e-02,2.09773147e-01,0.00000000e+00,3.75113074e+00,1.16149559e-01,1.65504878e-02,1.13826568e+02,1.62194780e+01
1.44000000e-01,-3.98835176e-02,-3.82965006e-01,4.18319180e-02,1.97001413e-01,0.00000000e+00,3.85035616e+00,1.15094256e-01,1.63202132e-02,1.12792371e+02,1.59938089e+01
1.46000000e-01,-4.06452156e-02,-3.78691616e-01,4.22129159e-02,1.84002452e-01,0.00000000e+00,3.95057583e+00,1.15296972e-01,1.66231286e-02,1.12991033e+02,1.62906661e+01
1.48000000e-01,-4.13980993e-02,-3.74141058e-01,4.25678567e-02,1.70896898e-01,0.00000000e+00,4.05177430e+00,1.14781929e-01,1.66088649e-02,1.12486290e+02,1.62766876e+01
1.50000000e-01,-4.21415800e-02,-3.69290801e-01,4.28963262e-02,1.57525465e-01,0.00000000e+00,4.15393594e+00,1.14382609e-01,1.65397297e-02,1.12094957e+02,1.62089352e+01
1.52000000e-01,-4.28750673e-02,-3.64147723e-01,4.31977972e-02,1.43911994e-01,0.00000000e+00,4.25704498e+00,1.13947940e-01,1.65370399e-02,1.11668981e+02,1.62062991e+01
1.54000000e-01,-4.35979732e-02,-3.58708089e-01,4.34718481e-02,1.30109405e-01,0.00000000e+00,4.36108550e+00,1.13376149e-01,1.65398960e-02,1.11108626e+02,1.62090981e+01
1.56000000e-01,-4.43097087e-02,-3.52982080e-01,4.37181303e-02,1.16150059e-01,0.00000000e+00,4.46604145e+00,1.13089378e-01,1.65655266e-02,1.10827591e+02,1.62342161e+01
1.58000000e-01,-4.50097166e-02,-3.46978658e-01,4.39363536e-02,1.02048561e-01,0.00000000e+00,4.57189663e+00,1.12632431e-01,1.65590124e-02,1.10379782e+02,1.62278321e+01
1.60000000e-01,-4.56974363e-02,-3.40694681e-01,4.41262360e-02,8.78142742e-02,0.00000000e+00,4.67863468e+00,1.12173028e-01,1.65638642e-02,1.09929567e+02,1.62325869e+01
1.62000000e-01,-4.63723827e-02,-3.34241856e-01,4.42876989e-02,7.37123017e-02,0.00000000e+00,4.78623915e+00,1.14222967e-01,1.70731839e-02,1.11938507e+02,1.67317202e+01
1.64000000e-01,-4.70342796e-02,-3.27602893e-01,4.44210573e-02,5.95684067e-02,0.00000000e+00,4.89469341e+00,1.13253621e-01,1.66721221e-02,1.10988548e+02,1.63386796e+01
1.66000000e-01,-4.76826129e-02,-3.20691888e-01,4.45258309e-02,4.52121326e-02,0.00000000e+00,5.00398072e+00,1.13186620e-01,1.67829391e-02,1.10922888e+02,1.64472803e+01
1.68000000e-01,-4.83168996e-02,-3.13559549e-01,4.46019322e-02,3.08954471e-02,0.00000000e+00,5.11408423e+00,1.13288449e-01,1.68697806e-02,1.11022680e+02,1.65323850e+01
1.70000000e-01,-4.89367043e-02,-3.06207002e-01,4.46494076e-02,1.65710646e-02,0.00000000e+00,5.22498692e+00,1.13130428e-01,1.68404482e-02,1.10867819e+02,1.65036393e+01
1.72000000e-01,-4.95415747e-02,-2.98625133e-01,4.46681839e-02,2.19792950e-03,0.00000000e+00,5.33667169e+00,1.12898321e-01,1.68001359e-02,1.10640355e+02,1.64641331e+01
1.74000000e-01,-5.01310568e-02,-2.90821276e-01,4.46581992e-02,-1.21754095e-02,0.00000000e+00,5.44912128e+00,1.12786940e-01,1.68316259e-02,1.10531202e+02,1.64949934e+01
1.76000000e-01,-5.07047196e-02,-2.82807059e-01,4.46195118e-02,-2.65044716e-02,0.00000000e+00,5.56231835e+00,1.12698312e-01,1.68436570e-02,1.10444346e+02,1.65067839e+01
1.78000000e-01,-5.12621458e-02,-2.74583910e-01,4.45522096e-02,-4.07910181e-02,0.00000000e+00,5.67624543e+00,1.12488596e-01,1.68305542e-02,1.10238824e+02,1.64939431e+01
1.80000000e-01,-5.18029203e-02,-2.66158327e-01,4.44563878e-02,-5.50174765e-02,0.00000000e+00,5.79088491e+00,1.12416700e-01,1.68387060e-02,1.10168366e+02,1.65019318e+01
1.82000000e-01,-5.23267237e-02,-2.57649731e-01,4.43324150e-02,-6.88311331e-02,0.00000000e+00,5.90621912e+00,1.14859509e-01,1.75256106e-02,1.12562319e+02,1.71750984e+01
1.84000000e-01,-5.28334572e-02,-2.49048076e-01,4.41812362e-02,-8.23854570e-02,0.00000000e+00,6.02223024e+00,1.14413711e-01,1.71725930e-02,1.12125437e+02,1.68291412e+01
1.86000000e-01,-5.33227781e-02,-2.40239502e-01,4.40027616e-02,-9.61070196e-02,0.00000000e+00,6.13890037e+00,1.14054646e-01,1.69252059e-02,1.11773553e+02,1.65867018e+01
1.88000000e-01,-5.37943102e-02,-2.31273561e-01,4.37969038e-02,-1.09684993e-01,0.00000000e+00,6.25621149e+00,1.14622215e-01,1.71854728e-02,1.12329771e+02,1.68417633e+01
1.90000000e-01,-5.42477932e-02,-2.22188932e-01,4.35642079e-02,-1.22983676e-01,0.00000000e+00,6.37414551e+00,1.15020112e-01,1.71844548e-02,1.12719710e+02,1.68407657e+01
1.92000000e-01,-5.46829796e-02,-2.12974741e-01,4.33050617e-02,-1.36143509e-01,0.00000000e+00,6.49268421e+00,1.15184750e-01,1.71120876e-02,1.12881055e+02,1.67698459e+01
1.94000000e-01,-5.50995998e-02,-2.03622047e-01,4.30197332e-02,-1.49154330e-01,0.00000000e+00,6.61180930e+00,1.15222740e-01,1.70949438e-02,1.12918285e+02,1.67530449e+01
1.96000000e-01,-5.54973849e-02,-1.94145075e-01,4.27086072e-02,-1.61921014e-01,0.00000000e+00,6.73150239e+00,1.15566529e-01,1.71852957e-02,1.13255199e+02,1.68415898e+01
1.98000000e-01,-5.58761047e-02,-1.84554993e-01,4.23722184e-02,-1.74433866e-01,0.00000000e+00,6.85174501e+00,1.15710320e-01,1.71523045e-02,1.13396113e+02,1.68092584e+01
2.00000000e-01,-5.62355351e-02,-1.74860209e-01,4.20110271e-02,-1.86713607e-01,0.00000000e+00,6.97251858e+00,1.16093557e-01,1.71636363e-02,1.13771686e+02,1.68203636e+01
2.02000000e-01,-5.65755531e-02,-1.65176808e-01,4.16257890e-02,-1.98355873e-01,0.00000000e+00,7.09380448e+00,1.18791562e-01,1.79448478e-02,1.16415731e+02,1.75859508e+01
2.04000000e-01,-5.68962357e-02,-1.55483464e-01,4.12179141e-02,-2.09532550e-01,0.00000000e+00,7.21558397e+00,1.18518494e-01,1.75627867e-02,1.16148124e+02,1.72115309e+01
2.06000000e-01,-5.71973863e-02,-1.45639086e-01,4.07875526e-02,-2.20868441e-01,0.00000000e+00,7.33783827e+00,1.17760754e-01,1.70004669e-02,1.15405539e+02,1.66604575e+01
2.08000000e-01,-5.74787431e-02,-1.35721306e-01,4.03346079e-02,-2.31952914e-01,0.00000000e+00,7.46054849e+00,1.19140561e-01,1.74480227e-02,1.16757750e+02,1.70990622e+01
2.10000000e-01,-5.77402672e-02,-1.25797014e-01,3.98600939e-02,-2.42508082e-01,0.00000000e+00,7.58369570e+00,1.19783976e-01,1.74379314e-02,1.17388296e+02,1.70891728e+01
2.12000000e-01,-5.79819044e-02,-1.15832657e-01,3.93647751e-02,-2.52764076e-01,0.00000000e+00,7.70726089e+00,1.20217515e-01,1.73725957e-02,1.17813165e+02,1.70251438e+01
2.14000000e-01,-5.82035710e-02,-1.05828019e-01,3.88492525e-02,-2.62697646e-01,0.00000000e+00,7.83122498e+00,1.20693059e-01,1.73823193e-02,1.18279198e+02,1.70346729e+01
2.16000000e-01,-5.84051983e-02,-9.57961082e-02,3.83142297e-02,-2.72263396e-01,0.00000000e+00,7.95556884e+00,1.21267094e-01,1.73842625e-02,1.18841752e+02,1.70365772e+01
2.18000000e-01,-5.85867497e-02,-8.57557382e-02,3.77604599e-02,-2.81437727e-01,0.00000000e+00,8.08027328e+00,1.22018426e-01,1.74165801e-02,1.19578057e+02,1.70682485e+01
2.20000000e-01,-5.87482189e-02,-7.57118016e-02,3.71887536e-02,-2.90200009e-01,0.00000000e+00,8.20531904e+00,1.22542854e-01,1.74360339e-02,1.20091997e+02,1.70873132e+01
2.22000000e-01,-5.88896537e-02,-6.57529540e-02,3.66002415e-02,-2.98089934e-01,0.00000000e+00,8.33068682e+00,1.25202072e-01,1.84102402e-02,1.22698031e+02,1.80420354e+01
2.24000000e-01,-5.90112801e-02,-5.58681116e-02,3.59968002e-02,-3.05370348e-01,0.00000000e+00,8.45635727e+00,1.25305353e-01,1.78563033e-02,1.22799246e+02,1.74991772e+01
2.26000000e-01,-5.91130749e-02,-4.59064485e-02,3.53786087e-02,-3.12877978e-01,0.00000000e+00,8.58231100e+00,1.24278529e-01,1.70532234e-02,1.21792958e+02,1.67121590e+01
2.28000000e-01,-5.91949191e-02,-3.59646773e-02,3.47455411e-02,-3.20006408e-01,0.00000000e+00,8.70852856e+00,1.26478982e-01,1.77508468e-02,1.23949403e+02,1.73958299e+01
2.30000000e-01,-5.92570028e-02,-2.61266398e-02,3.40990876e-02,-3.26378068e-01,0.00000000e+00,8.83499046e+00,1.27249499e-01,1.77208066e-02,1.24704509e+02,1.73663905e+01
2.32000000e-01,-5.92994539e-02,-1.63308685e-02,3.34402736e-02,-3.32382655e-01,0.00000000e+00,8.96167719e+00,1.27853180e-01,1.75826459e-02,1.25296117e+02,1.72309929e+01
2.34000000e-01,-5.93223622e-02,-6.58906465e-03,3.27698175e-02,-3.37996461e-01,0.00000000e+00,9.08856919e+00,1.28737393e-01,1.75855840e-02,1.26162645e+02,1.72338723e+01
2.36000000e-01,-5.93258640e-02,3.07188793e-03,3.20886269e-02,-3.43101580e-01,0.00000000e+00,9.21564687e+00,1.29810541e-01,1.76793717e-02,1.27214330e+02,1.73257842e+01
2.38000000e-01,-5.93101282e-02,1.26526008e-02,3.13977470e-02,-3.47702987e-01,0.00000000e+00,9.34289062e+00,1.30523077e-01,1.76578147e-02,1.27912616e+02,1.73046584e+01
2.40000000e-01,-5.92753098e-02,2.21491125e-02,3.06981260e-02,-3.51837945e-01,0.00000000e+00,9.47028080e+00,1.31532696e-01,1.76607113e-02,1.28902042e+02,1.73074971e+01
2.42000000e-01,-5.92216409e-02,3.14819097e-02,2.99910603e-02,-3.54975499e-01,0.00000000e+00,9.59779774e+00,1.33948784e-01,1.87426552e-02,1.31269809e+02,1.83678021e+01
2.44000000e-01,-5.91494707e-02,4.06818688e-02,2.92786782e-02,-3.57431803e-01,0.00000000e+00,9.72542175e+00,1.34085204e-01,1.80739623e-02,1.31403500e+02,1.77124830e+01
2.46000000e-01,-5.90589041e-02,4.98957219e-02,2.85611227e-02,-3.60203608e-01,0.00000000e+00,9.85313314e+00,1.32922362e-01,1.70564359e-02,1.30263914e+02,1.67153072e+01
2.48000000e-01,-5.89499534e-02,5.90111374e-02,2.78381325e-02,-3.62572412e-01,0.00000000e+00,9.98091220e+00,1.35533422e-01,1.78880727e-02,1.32822753e+02,1.75303112e+01
2.50000000e-01,-5.88229893e-02,6.79319674e-02,2.71113998e-02,-3.64091233e-01,0.00000000e+00,1.01087392e+01,1.36469362e-01,1.78030108e-02,1.33739975e+02,1.74469506e+01
2.52000000e-01,-5.86783095e-02,7.67269685e-02,2.63820527e-02,-3.65182394e-01,0.00000000e+00,1.02365944e+01,1.37328635e-01,1.77442810e-02,1.34582062e+02,1.73893954e+01
2.54000000e-01,-5.85161722e-02,8.53858352e-02,2.56509845e-02,-3.65802144e-01,0.00000000e+00,1.03644581e+01,1.38362333e-01,1.77484094e-02,1.35595086e+02,1.73934412e+01
2.56000000e-01,-5.83368735e-02,9.38836577e-02,2.49191950e-02,-3.65895546e-01,0.00000000e+00,1.04923105e+01,1.39662952e-01,1.78037459e-02,1.36869693e+02,1.74476710e+01
2.58000000e-01,-5.81407466e-02,1.02218024e-01,2.41877563e-02,-3.65458012e-01,0.00000000e+00,1.06201319e+01,1.40614950e-01,1.78177906e-02,1.37802651e+02,1.74614348e+01
2.60000000e-01,-5.79281106e-02,1.10388639e-01,2.34577053e-02,-3.64507054e-01,0.00000000e+00,1.07479026e+01,1.41787059e-01,1.78381396e-02,1.38951318e+02,1.74813768e+01
2.62000000e-01,-5.76993128e-02,1.18378010e-01,2.27303609e-02,-3.62607064e-01,0.00000000e+00,1.08756028e+01,1.43015142e-01,1.87700659e-02,1.40154839e+02,1.83946646e+01
2.64000000e-01,-5.74547113e-02,1.26198238e-01,2.20077130e-02,-3.60053144e-01,0.00000000e+00,1.10032129e+01,1.43774752e-01,1.81773372e-02,1.40899257e+02,1.78137905e+01
2.66000000e-01,-5.71945648e-02,1.33951143e-01,2.12899158e-02,-3.57847974e-01,0.00000000e+00,1.11307131e+01,1.42496308e-01,1.70116730e-02,1.39646382e+02,1.66714395e+01
2.68000000e-01,-5.69190169e-02,1.41538742e-01,2.05765706e-02,-3.55268617e-01,0.00000000e+00,1.12580837e+01,1.45419315e-01,1.79427304e-02,1.42510928e+02,1.75838758e+01
2.70000000e-01,-5.66285870e-02,1.48860485e-01,1.98694091e-02,-3.51837654e-01,0.00000000e+00,1.13853052e+01,1.46367849e-01,1.77875875e-02,1.43440492e+02,1.74318358e+01
2.72000000e-01,-5.63236992e-02,1.55995848e-01,1.91694708e-02,-3.48030597e-01,0.00000000e+00,1.15123578e+01,1.47314865e-01,1.77307158e-02,1.44368568e+02,1.73761015e+01
2.74000000e-01,-5.60047394e-02,1.62927602e-01,1.84776015e-02,-3.43751438e-01,0.00000000e+00,1.16392219e+01,1.48550362e-01,1.77884350e-02,1.45579354e+02,1.74326663e+01
2.76000000e-01,-5.56721442e-02,1.69626388e-01,1.77948423e-02,-3.38906488e-01,0.00000000e+00,1.17658780e+01,1.50071124e-01,1.79410048e-02,1.47069701e+02,1.75821847e+01
2.78000000e-01,-5.53263834e-02,1.76100809e-01,1.71222974e-02,-3.33578699e-01,0.00000000e+00,1.18923065e+01,1.50997239e-01,1.78389851e-02,1.47977295e+02,1.74822054e+01
2.80000000e-01,-5.49678829e-02,1.82362222e-01,1.64607999e-02,-3.27842324e-01,0.00000000e+00,1.20184879e+01,1.52147699e-01,1.78513215e-02,1.49104745e+02,1.74942951e+01
2.82000000e-01,-5.45970482e-02,1.88453099e-01,1.58114236e-02,-3.21362819e-01,0.00000000e+00,1.21444027e+01,1.51979961e-01,1.84685607e-02,1.48940361e+02,1.80991895e+01
2.84000000e-01,-5.42142087e-02,1.94336691e-01,1.51757418e-02,-3.14293568e-01,0.00000000e+00,1.22700316e+01,1.53890388e-01,1.81782089e-02,1.50812580e+02,1.78146447e+01
2.86000000e-01,-5.38197958e-02,2.00078831e-01,1.45540314e-02,-3.07551194e-01,0.00000000e+00,1.23953549e+01,1.52089042e-01,1.68914776e-02,1.49047262e+02,1.65536481e+01
2.88000000e-01,-5.34140104e-02,2.05645519e-01,1.39456989e-02,-3.00566095e-01,0.00000000e+00,1.25203536e+01,1.54700664e-01,1.78158822e-02,1.51606650e+02,1.74595646e+01
2.90000000e-01,-5.29974107e-02,2.10916695e-01,1.33522886e-02,-2.92798775e-01,0.00000000e+00,1.26450082e+01,1.55615245e-01,1.76824793e-02,1.52502940e+02,1.73288297e+01
2.92000000e-01,-5.25704973e-02,2.15957351e-01,1.27747020e-02,-2.84734238e-01,0.00000000e+00,1.27692994e+01,1.56623009e-01,1.76113458e-02,1.53490549e+02,1.72591189e+01
2.94000000e-01,-5.21337480e-02,2.20747996e-01,1.22136147e-02,-2.76275065e-01,0.00000000e+00,1.28932083e+01,1.57911785e-01,1.77058481e-02,1.54753549e+02,1.73517311e+01
2.96000000e-01,-5.16876769e-02,2.25281338e-01,1.16698881e-02,-2.67386330e-01,0.00000000e+00,1.30167155e+01,1.59012783e-01,1.77326443e-02,1.55832527e+02,1.73779914e+01
2.98000000e-01,-5.12327909e-02,2.29562365e-01,1.11443287e-02,-2.58108680e-01,0.00000000e+00,1.31398020e+01,1.60112010e-01,1.77676200e-02,1.56909769e+02,1.74122676e+01
3.00000000e-01,-5.07695957e-02,2.33590917e-01,1.06376952e-02,-2.48468337e-01,0.00000000e+00,1.32624488e+01,1.61147866e-01,1.77662633e-02,1.57924909e+02,1.74109381e+01
3.02000000e-01,-5.02985246e-02,2.37473432e-01,1.01507531e-02,-2.38381456e-01,0.00000000e+00,1.33846371e+01,1.59694924e-01,1.80051942e-02,1.56501026e+02,1.76450903e+01
3.04000000e-01,-4.98198378e-02,2.41152253e-01,9.68446228e-03,-2.27855304e-01,0.00000000e+00,1.35063479e+01,1.62015243e-01,1.80178890e-02,1.58774938e+02,1.76575312e+01
3.06000000e-01,-4.93340425e-02,2.44640692e-01,9.23914600e-03,-2.17607903e-01,0.00000000e+00,1.36275624e+01,1.60192232e-01,1.67796870e-02,1.56988387e+02,1.64440932e+01
3.08000000e-01,-4.88414061e-02,2.47932576e-01,8.81410594e-03,-2.07247647e-01,0.00000000e+00,1.37482620e+01,1.62600384e-01,1.76434180e-02,1.59348377e+02,1.72905496e+01
3.10000000e-01,-4.83425159e-02,2.50918887e-01,8.41056700e-03,-1.96270062e-01,0.00000000e+00,1.38684280e+01,1.63272441e-01,1.74945065e-02,1.60006992e+02,1.71446163e+01
3.12000000e-01,-4.78378907e-02,2.53665001e-01,8.02914271e-03,-1.85116968e-01,0.00000000e+00,1.39880418e+01,1.64105146e-01,1.74623816e-02,1.60823043e+02,1.71131340e+01
3.14000000e-01,-4.73280241e-02,2.56158888e-01,7.67026078e-03,-1.73721429e-01,0.00000000e+00,1.41070851e+01,1.65014496e-01,1.74860772e-02,1.61714206e+02,1.71363556e+01
3.16000000e-01,-4.68134317e-02,2.58387868e-01,7.33443367e-03,-1.62060907e-01,0.00000000e+00,1.42255393e+01,1.66103841e-01,1.75340859e-02,1.62781764e+02,1.71834042e+01
3.18000000e-01,-4.62946543e-02,2.60344328e-01,7.02218631e-03,-1.50146666e-01,0.00000000e+00,1.43433863e+01,1.67155807e-01,1.75677218e-02,1.63812691e+02,1.72163674e+01
3.20000000e-01,-4.57722270e-02,2.62041905e-01,6.73398941e-03,-1.38018844e-01,0.00000000e+00,1.44606078e+01,1.67895631e-01,1.75657433e-02,1.64537718e+02,1.72144284e+01
3.22000000e-01,-4.52465496e-02,2.63645070e-01,6.47017432e-03,-1.25795952e-01,0.00000000e+00,1.45771858e+01,1.65077259e-01,1.73854069e-02,1.61775713e+02,1.70376987e+01
3.24000000e-01,-4.47177680e-02,2.65066424e-01,6.23097427e-03,-1.13320101e-01,0.00000000e+00,1.46931022e+01,1.67833538e-01,1.77499338e-02,1.64476867e+02,1.73949351e+01
3.26000000e-01,-4.41864289e-02,2.66270285e-01,6.01674001e-03,-1.01075055e-01,0.00000000e+00,1.48083392e+01,1.65826964e-01,1.65898327e-02,1.62510425e+02,1.62580361e+01
3.28000000e-01,-4.36528068e-02,2.67294254e-01,5.82661925e-03,-8.89122380e-02,0.00000000e+00,1.49228789e+01,1.67685458e-01,1.73008250e-02,1.64331749e+02,1.69548085e+01
3.30000000e-01,-4.31174394e-02,2.68037049e-01,5.66135264e-03,-7.63570799e-02,0.00000000e+00,1.50367038e+01,1.68030090e-01,1.71721358e-02,1.64669488e+02,1.68286931e+01
3.32000000e-01,-4.25808119e-02,2.68549810e-01,5.52121669e-03,-6.37632905e-02,0.00000000e+00,1.51497961e+01,1.68682382e-01,1.71765842e-02,1.65308735e+02,1.68330525e+01
3.34000000e-01,-4.20434025e-02,2.68819045e-01,5.40636530e-03,-5.10707823e-02,0.00000000e+00,1.52621386e+01,1.69334881e-01,1.72100995e-02,1.65948184e+02,1.68658975e+01
3.36000000e-01,-4.15057002e-02,2.68841576e-01,5.31700739e-03,-3.82675329e-02,0.00000000e+00,1.53737137e+01,1.70058038e-01,1.72761585e-02,1.66656877e+02,1.69306353e+01
3.38000000e-01,-4.09681986e-02,2.68620443e-01,5.25334395e-03,-2.53911155e-02,0.00000000e+00,1.54845044e+01,1.70640169e-01,1.72674776e-02,1.67227365e+02,1.69221281e+01
3.40000000e-01,-4.04313759e-02,2.68163097e-01,5.21545659e-03,-1.24942164e-02,0.00000000e+00,1.55944934e+01,1.71193791e-01,1.72597615e-02,1.67769915e+02,1.69145663e+01
3.42000000e-01,-3.98955814e-02,2.67653018e-01,5.20320867e-03,1.65106110e-04,0.00000000e+00,1.57036639e+01,1.67496372e-01,1.67461068e-02,1.64146445e+02,1.64111847e+01
3.44000000e-01,-3.93608624e-02,2.66995185e-01,5.21616114e-03,1.28905933e-02,0.00000000e+00,1.58119989e+01,1.70278982e-01,1.74119928e-02,1.66873402e+02,1.70637529e+01
3.46000000e-01,-3.88277494e-02,2.66114180e-01,5.25466014e-03,2.54497753e-02,0.00000000e+00,1.59194818e+01,1.68355763e-01,1.64468398e-02,1.64988648e+02,1.61179030e+01
3.48000000e-01,-3.82965045e-02,2.65084911e-01,5.31778056e-03,3.77394393e-02,0.00000000e+00,1.60260959e+01,1.69402834e-01,1.69314579e-02,1.66014777e+02,1.65928288e+01
3.50000000e-01,-3.77675693e-02,2.63816460e-01,5.40571760e-03,5.01786455e-02,0.00000000e+00,1.61318248e+01,1.69621910e-01,1.68812685e-02,1.66229472e+02,1.65436432e+01
3.52000000e-01,-3.72413757e-02,2.62342496e-01,5.51842782e-03,6.25168652e-02,0.00000000e+00,1.62366522e+01,1.69903805e-01,1.68754595e-02,1.66505729e+02,1.65379503e+01
3.54000000e-01,-3.67183343e-02,2.60665942e-01,5.65573320e-03,7.47772987e-02,0.00000000e+00,1.63405619e+01,1.70079479e-01,1.69091371e-02,1.66677889e+02,1.65709544e+01
3.56000000e-01,-3.61988458e-02,2.58788569e-01,5.81748047e-03,8.69529318e-02,0.00000000e+00,1.64435378e+01,1.70348151e-01,1.69235541e-02,1.66941188e+02,1.65850830e+01
3.58000000e-01,-3.56833152e-02,2.56708493e-01,6.00347039e-03,9.90167709e-02,0.00000000e+00,1.65455641e+01,1.70599360e-01,1.69352491e-02,1.67187373e+02,1.65965442e+01
3.60000000e-01,-3.51721429e-02,2.54431797e-01,6.21345374e-03,1.10939901e-01,0.00000000e+00,1.66466251e+01,1.70760627e-01,1.69233034e-02,1.67345415e+02,1.65848373e+01
3.62000000e-01,-3.46655934e-02,2.52147046e-01,6.44688698e-03,1.22348590e-01,0.00000000e+00,1.67467050e+01,1.66643040e-01,1.61841997e-02,1.63310179e+02,1.58605157e+01
3.64000000e-01,-3.41636311e-02,2.49747800e-01,6.70278473e-03,1.33662200e-01,0.00000000e+00,1.68457885e+01,1.69328908e-01,1.70847260e-02,1.65942330e+02,1.67430315e+01
3.66000000e-01,-3.36667379e-02,2.47144980e-01,6.98144516e-03,1.44839930e-01,0.00000000e+00,1.69438602e+01,1.67333126e-01,1.62924480e-02,1.63986463e+02,1.59665990e+01
3.68000000e-01,-3.31751185e-02,2.44441114e-01,7.28184673e-03,1.55571121e-01,0.00000000e+00,1.70409051e+01,1.67665961e-01,1.65722090e-02,1.64312641e+02,1.62407649e+01
3.70000000e-01,-3.26890916e-02,2.41559983e-01,7.60366972e-03,1.66212433e-01,0.00000000e+00,1.71369081e+01,1.67496146e-01,1.65591783e-02,1.64146223e+02,1.62279947e+01
3.72000000e-01,-3.22089811e-02,2.38525133e-01,7.94654656e-03,1.76628917e-01,0.00000000e+00,1.72318545e+01,1.67326382e-01,1.65858542e-02,1.63979854e+02,1.62541372e+01
3.74000000e-01,-3.17350907e-02,2.35340925e-01,8.31002658e-03,1.86807216e-01,0.00000000e+00,1.73257295e+01,1.67104876e-01,1.65743115e-02,1.63762778e+02,1.62428253e+01
3.76000000e-01,-3.12677143e-02,2.32011274e-01,8.69360363e-03,1.96727858e-01,0.00000000e+00,1.74185187e+01,1.66896169e-01,1.65889346e-02,1.63558245e+02,1.62571559e+01
3.78000000e-01,-3.08071427e-02,2.28535952e-01,9.09676324e-03,2.06386370e-01,0.00000000e+00,1.75102078e+01,1.66734996e-01,1.65960797e-02,1.63400296e+02,1.62641581e+01
3.80000000e-01,-3.03536658e-02,2.24917728e-01,9.51896374e-03,2.15766849e-01,0.00000000e+00,1.76007826e+01,1.66518853e-01,1.66046398e-02,1.63188476e+02,1.62725470e+01
3.82000000e-01,-2.99074689e-02,2.21303824e-01,9.95943027e-03,2.24546863e-01,0.00000000e+00,1.76902291e+01,1.62976794e-01,1.59612941e-02,1.59717258e+02,1.56420682e+01
3.84000000e-01,-2.94684931e-02,2.17626055e-01,1.04169746e-02,2.33062012e-01,0.00000000e+00,1.77785335e+01,1.64412899e-01,1.66988732e-02,1.61124641e+02,1.63648957e+01
3.86000000e-01,-2.90370586e-02,2.13807466e-01,1.08915434e-02,2.41374801e-01,0.00000000e+00,1.78656822e+01,1.62729887e-01,1.62110479e-02,1.59475290e+02,1.58868269e+01
3.88000000e-01,-2.86132999e-02,2.09933869e-01,1.13821088e-02,2.49140074e-01,0.00000000e+00,1.79516618e+01,1.62223295e-01,1.62472541e-02,1.58978829e+02,1.59223090e+01
3.90000000e-01,-2.81973932e-02,2.05955102e-01,1.18879003e-02,2.56600274e-01,0.00000000e+00,1.80364589e+01,1.61776130e-01,1.62901924e-02,1.58540607e+02,1.59643886e+01
3.92000000e-01,-2.77895467e-02,2.01875497e-01,1.24082933e-02,2.63735620e-01,0.00000000e+00,1.81200605e+01,1.61233647e-01,1.63058707e-02,1.58008974e+02,1.59797533e+01
3.94000000e-01,-2.73899525e-02,1.97703944e-01,1.29426035e-02,2.70512091e-01,0.00000000e+00,1.82024536e+01,1.60645741e-01,1.62974200e-02,1.57432826e+02,1.59714716e+01
3.96000000e-01,-2.69987895e-02,1.93444618e-01,1.34900926e-02,2.76915086e-01,0.00000000e+00,1.82836256e+01,1.60074183e-01,1.63014327e-02,1.56872699e+02,1.59754040e+01
3.98000000e-01,-2.66162294e-02,1.89102239e-01,1.40500154e-02,2.82945462e-01,0.00000000e+00,1.83635640e+01,1.59445862e-01,1.63126954e-02,1.56256945e+02,1.59864415e+01
4.00000000e-01,-2.62424325e-02,1.84681944e-01,1.46216181e-02,2.88591307e-01,0.00000000e+00,1.84422563e+01,1.58825495e-01,1.63085445e-02,1.55648985e+02,1.59823736e+01
4.02000000e-01,-2.58775030e-02,1.80259703e-01,1.52040009e-02,2.93667679e-01,0.00000000e+00,1.85196904e+01,1.56494193e-01,1.59472258e-02,1.53364310e+02,1.56282812e+01
4.04000000e-01,-2.55213955e-02,1.75834672e-01,1.57959877e-02,2.98292457e-01,0.00000000e+00,1.85958544e+01,1.55965697e-01,1.62044428e-02,1.52846383e+02,1.58803540e+01
4.06000000e-01,-2.51742026e-02,1.71352120e-01,1.63969605e-02,3.02601937e-01,0.00000000e+00,1.86707365e+01,1.54985800e-01,1.61421566e-02,1.51886084e+02,1.58193134e+01
4.08000000e-01,-2.48360069e-02,1.66839781e-01,1.70060698e-02,3.06423028e-01,0.00000000e+00,1.87443253e+01,1.53882571e-01,1.60478765e-02,1.50804920e+02,1.57269190e+01
4.10000000e-01,-2.45068660e-02,1.62293704e-01,1.76223590e-02,3.09803734e-01,0.00000000e+00,1.88166092e+01,1.53068754e-01,1.60967963e-02,1.50007379e+02,1.57748603e+01
4.12000000e-01,-2.41868602e-02,1.57705368e-01,1.82450244e-02,3.12793890e-01,0.00000000e+00,1.88875771e+01,1.52239083e-01,1.61163844e-02,1.49194302e+02,1.57940568e+01
4.14000000e-01,-2.38760667e-02,1.53083731e-01,1.88732537e-02,3.15362847e-01,0.00000000e+00,1.89572182e+01,1.51290960e-01,1.61090917e-02,1.48265141e+02,1.57869099e+01
4.16000000e-01,-2.35745412e-02,1.48438319e-01,1.95061862e-02,3.17497476e-01,0.00000000e+00,1.90255216e+01,1.50314272e-01,1.61080161e-02,1.47307986e+02,1.57858558e+01
4.18000000e-01,-2.32823291e-02,1.43769491e-01,2.01429592e-02,3.19205466e-01,0.00000000e+00,1.90924768e+01,1.49433677e-01,1.61225290e-02,1.46445003e+02,1.58000785e+01
4.20000000e-01,-2.29994778e-02,1.39078741e-01,2.07827187e-02,3.20479428e-01,0.00000000e+00,1.91580734e+01,1.48498399e-01,1.61103798e-02,1.45528431e+02,1.57881722e+01
4.22000000e-01,-2.27260201e-02,1.34378973e-01,2.14245466e-02,3.21258036e-01,0.00000000e+00,1.92223014e+01,1.47392936e-01,1.59993241e-02,1.44445078e+02,1.56793376e+01
4.24000000e-01,-2.24619326e-02,1.29723140e-01,2.20673741e-02,3.21471660e-01,0.00000000e+00,1.92851509e+01,1.45296863e-01,1.58426749e-02,1.42390926e+02,1.55258214e+01
4.26000000e-01,-2.22071149e-02,1.25086270e-01,2.27101763e-02,3.21299871e-01,0.00000000e+00,1.93466120e+01,1.44850795e-01,1.61086865e-02,1.41953779e+02,1.57865128e+01
4.28000000e-01,-2.19615934e-02,1.20440654e-01,2.33523186e-02,3.20745574e-01,0.00000000e+00,1.94066754e+01,1.43477981e-01,1.59573240e-02,1.40608421e+02,1.56381775e+01
4.30000000e-01,-2.17253365e-02,1.15818724e-01,2.39928206e-02,3.19684362e-01,0.00000000e+00,1.94653317e+01,1.42349810e-01,1.59600791e-02,1.39502813e+02,1.56408775e+01
4.32000000e-01,-2.14983067e-02,1.11214480e-01,2.46307731e-02,3.18198790e-01,0.00000000e+00,1.95225720e+01,1.41192597e-01,1.59785288e-02,1.38368745e+02,1.56589582e+01
4.34000000e-01,-2.12804639e-02,1.06632184e-01,2.52653352e-02,3.16292462e-01,0.00000000e+00,1.95783873e+01,1.40039928e-01,1.59841802e-02,1.37239130e+02,1.56644966e+01
4.36000000e-01,-2.10717623e-02,1.02073362e-01,2.58956600e-02,3.13961881e-01,0.00000000e+00,1.96327691e+01,1.38921752e-01,1.59894049e-02,1.36143317e+02,1.56696168e+01
4.38000000e-01,-2.08721530e-02,9.75407985e-02,2.65208990e-02,3.11205668e-01,0.00000000e+00,1.96857090e+01,1.37778349e-01,1.59850751e-02,1.35022782e+02,1.56653736e+01
4.40000000e-01,-2.06815794e-02,9.30378935e-02,2.71402022e-02,3.08028666e-01,0.00000000e+00,1.97371987e+01,1.36654615e-01,1.59921544e-02,1.33921522e+02,1.56723113e+01
4.42000000e-01,-2.05000115e-02,8.85199236e-02,2.77527258e-02,3.04419977e-01,0.00000000e+00,1.97872304e+01,1.36629787e-01,1.59554395e-02,1.33897192e+02,1.56363307e+01
4.44000000e-01,-2.03274539e-02,8.40705691e-02,2.83574913e-02,3.00225161e-01,0.00000000e+00,1.98357963e+01,1.33624328e-01,1.56274862e-02,1.30951841e+02,1.53149364e+01
4.46000000e-01,-2.01636815e-02,7.96927675e-02,2.89534186e-02,2.95718629e-01,0.00000000e+00,1.98828890e+01,1.33603036e-01,1.61543185e-02,1.30930975e+02,1.58312321e+01
4.48000000e-01,-2.00086731e-02,7.53295481e-02,2.95401992e-02,2.90962328e-01,0.00000000e+00,1.99285011e+01,1.32000342e-01,1.59433811e-02,1.29360335e+02,1.56245135e+01
4.50000000e-01,-1.98623142e-02,7.10399820e-02,3.01169266e-02,2.85694039e-01,0.00000000e+00,1.99726256e+01,1.30669632e-01,1.59056693e-02,1.28056239e+02,1.55875559e+01
4.52000000e-01,-1.97244735e-02,6.68100247e-02,3.06827093e-02,2.80026596e-01,0.00000000e+00,2.00152557e+01,1.29464911e-01,1.59161073e-02,1.26875613e+02,1.55977852e+01
4.54000000e-01,-1.95950363e-02,6.26367335e-02,3.12367932e-02,2.73999512e-01,0.00000000e+00,2.00563848e+01,1.28271792e-01,1.59447664e-02,1.25706356e+02,1.56258711e+01
4.56000000e-01,-1.94738863e-02,5.85237640e-02,3.17784712e-02,2.67618345e-01,0.00000000e+00,2.00960067e+01,1.27049544e-01,1.59492925e-02,1.24508553e+02,1.56303066e+01
4.58000000e-01,-1.93608978e-02,5.44759231e-02,3.23070267e-02,2.60877491e-01,0.00000000e+00,2.01341150e+01,1.25810985e-01,1.59475893e-02,1.23294765e+02,1.56286375e+01
4.60000000e-01,-1.92559370e-02,5.04965553e-02,3.28217477e-02,2.53786442e-01,0.00000000e+00,2.01707041e+01,1.24576399e-01,1.59524202e-02,1.22084871e+02,1.56333718e+01
4.62000000e-01,-1.91589112e-02,4.65177907e-02,3.33218850e-02,2.46264260e-01,0.00000000e+00,2.02057682e+01,1.24988646e-01,1.57601568e-02,1.22488873e+02,1.54449537e+01
4.64000000e-01,-1.90698250e-02,4.26001618e-02,3.38064888e-02,2.38268217e-01,0.00000000e+00,2.02393018e+01,1.22404469e-01,1.56533098e-02,1.19956380e+02,1.53402436e+01
4.66000000e-01,-1.89884608e-02,3.87571085e-02,3.42748947e-02,2.30177403e-01,0.00000000e+00,2.02713000e+01,1.22566156e-01,1.62337034e-02,1.20114833e+02,1.59090294e+01
4.68000000e-01,-1.89147714e-02,3.49518494e-02,3.47270948e-02,2.21931259e-01,0.00000000e+00,2.03017576e+01,1.20904160e-01,1.59766006e-02,1.18486076e+02,1.56570686e+01
4.70000000e-01,-1.88485857e-02,3.12482573e-02,3.51623304e-02,2.13251075e-01,0.00000000e+00,2.03306700e+01,1.19635002e-01,1.59479389e-02,1.17242302e+02,1.56289801e+01
4.72000000e-01,-1.87897232e-02,2.76274263e-02,3.55799082e-02,2.04284588e-01,0.00000000e+00,2.03580328e+01,1.18474910e-01,1.59758329e-02,1.16105411e+02,1.56563162e+01
4.74000000e-01,-1.87380254e-02,2.40823891e-02,3.59793075e-02,1.95076298e-01,0.00000000e+00,2.03838417e+01,1.17427358e-01,1.60147060e-02,1.15078811e+02,1.56944119e+01
4.76000000e-01,-1.86933392e-02,2.06190250e-02,3.63600542e-02,1.85629167e-01,0.00000000e+00,2.04080927e+01,1.16187445e-01,1.60222706e-02,1.13863697e+02,1.57018252e+01
4.78000000e-01,-1.86554894e-02,1.72455517e-02,3.67216595e-02,1.75935097e-01,0.00000000e+00,2.04307821e+01,1.15004040e-01,1.60168974e-02,1.12703959e+02,1.56965595e+01
4.80000000e-01,-1.86242970e-02,1.39619782e-02,3.70636379e-02,1.66006089e-01,0.00000000e+00,2.04519063e+01,1.13818629e-01,1.60217139e-02,1.11542256e+02,1.57012797e+01
4.82000000e-01,-1.85996479e-02,1.06687074e-02,3.73854442e-02,1.55717676e-01,0.00000000e+00,2.04714622e+01,1.15016056e-01,1.57263955e-02,1.12715735e+02,1.54118676e+01
4.84000000e-01,-1.85815991e-02,7.41004162e-03,3.76863121e-02,1.45134528e-01,0.00000000e+00,2.04894467e+01,1.12849243e-01,1.58371893e-02,1.10592258e+02,1.55204455e+01
4.86000000e-01,-1.85699558e-02,4.22929542e-03,3.79660764e-02,1.34692383e-01,0.00000000e+00,2.05058570e+01,1.13087268e-01,1.64263110e-02,1.10825522e+02,1.60977848e+01
4.88000000e-01,-1.85646447e-02,1.10449724e-03,3.82250520e-02,1.24205813e-01,0.00000000e+00,2.05206906e+01,1.11485683e-01,1.61181554e-02,1.09255969e+02,1.57957922e+01
4.90000000e-01,-1.85654594e-02,-1.90269763e-03,3.84626675e-02,1.13371101e-01,0.00000000e+00,2.05339453e+01,1.10333499e-01,1.60394184e-02,1.08126829e+02,1.57186300e+01
4.92000000e-01,-1.85721966e-02,-4.82159568e-03,3.86784419e-02,1.02394574e-01,0.00000000e+00,2.05456188e+01,1.09465452e-01,1.61332103e-02,1.07276143e+02,1.58105461e+01
4.94000000e-01,-1.85846936e-02,-7.66214833e-03,3.88721966e-02,9.13441712e-02,0.00000000e+00,2.05557096e+01,1.08593143e-01,1.61656496e-02,1.06421281e+02,1.58423366e+01
4.96000000e-01,-1.86027882e-02,-1.04172135e-02,3.90437544e-02,8.01975443e-02,0.00000000e+00,2.05642159e+01,1.07604240e-01,1.61808614e-02,1.05452155e+02,1.58572442e+01
4.98000000e-01,-1.86263011e-02,-1.30802789e-02,3.91929245e-02,6.89575306e-02,0.00000000e+00,2.05711365e+01,1.06624361e-01,1.61873124e-02,1.04491874e+02,1.58635661e+01
5.00000000e-01,-1.86550466e-02,-1.56493151e-02,3.93195284e-02,5.76332933e-02,0.00000000e+00,2.05764703e+01,1.05631135e-01,1.61895556e-02,1.03518512e+02,1.58657645e+01
5.02000000e-01,-1.86889224e-02,-1.82544534e-02,3.94233207e-02,4.61037128e-02,0.00000000e+00,2.05802165e+01,1.07733990e-01,1.59092548e-02,1.05579310e+02,1.55910697e+01
5.04000000e-01,-1.87280684e-02,-2.08655266e-02,3.95038947e-02,3.45013695e-02,0.00000000e+00,2.05823746e+01,1.06078612e-01,1.61566804e-02,1.03957039e+02,1.58335468e+01
5.06000000e-01,-1.87723357e-02,-2.34033292e-02,3.95615418e-02,2.32223149e-02,0.00000000e+00,2.05829441e+01,1.06372865e-01,1.66748261e-02,1.04245408e+02,1.63413295e+01
5.08000000e-01,-1.88216392e-02,-2.58774135e-02,3.95968136e-02,1.19877317e-02,0.00000000e+00,2.05819250e+01,1.04981971e-01,1.63049747e-02,1.02882331e+02,1.59788752e+01
5.10000000e-01,-1.88757702e-02,-2.82388177e-02,3.96093534e-02,5.44272801e-04,0.00000000e+00,2.05793175e+01,1.04172016e-01,1.62589772e-02,1.02088575e+02,1.59337977e+01
5.12000000e-01,-1.89345408e-02,-3.05196728e-02,3.95990022e-02,-1.08819425e-02,0.00000000e+00,2.05751219e+01,1.03570155e-01,1.63310509e-02,1.01498752e+02,1.60044299e+01
5.14000000e-01,-1.89977992e-02,-3.27259281e-02,3.95658752e-02,-2.22338877e-02,0.00000000e+00,2.05693389e+01,1.02936152e-01,1.63721840e-02,1.00877429e+02,1.60447404e+01
5.16000000e-01,-1.90653894e-02,-3.48495715e-02,3.95100980e-02,-3.35388366e-02,0.00000000e+00,2.05619694e+01,1.02182763e-01,1.63546304e-02,1.00139108e+02,1.60275378e+01
5.18000000e-01,-1.91371430e-02,-3.68915521e-02,3.94317635e-02,-4.47782446e-02,0.00000000e+00,2.05530146e+01,1.01605267e-01,1.64024429e-02,9.95731613e+01,1.60743940e+01
5.20000000e-01,-1.92129023e-02,-3.88536005e-02,3.93310425e-02,-5.59313575e-02,0.00000000e+00,2.05424757e+01,1.00925339e-01,1.63964337e-02,9.89068323e+01,1.60685051e+01
5.22000000e-01,-1.92926018e-02,-4.08822886e-02,3.92080222e-02,-6.71082293e-02,0.00000000e+00,2.05303545e+01,1.03804935e-01,1.61813837e-02,1.01728837e+02,1.58577560e+01
5.24000000e-01,-1.93764549e-02,-4.29461052e-02,3.90626865e-02,-7.81698887e-02,0.00000000e+00,2.05166528e+01,1.02422187e-01,1.64351807e-02,1.00373744e+02,1.61064771e+01
5.26000000e-01,-1.94643416e-02,-4.49429924e-02,3.88956414e-02,-8.87835075e-02,0.00000000e+00,2.05013728e+01,1.02950277e-01,1.68875553e-02,1.00891272e+02,1.65498042e+01
5.28000000e-01,-1.95561945e-02,-4.68914003e-02,3.87076777e-02,-9.92092342e-02,0.00000000e+00,2.04845167e+01,1.02031145e-01,1.65652905e-02,9.99905221e+01,1.62339847e+01
5.30000000e-01,-1.96518486e-02,-4.87519203e-02,3.84987907e-02,-1.09655707e-01,0.00000000e+00,2.04660872e+01,1.01669782e-01,1.65498725e-02,9.96363863e+01,1.62188750e+01
5.32000000e-01,-1.97511595e-02,-5.05482980e-02,3.82691664e-02,-1.19934895e-01,0.00000000e+00,2.04460871e+01,1.01335634e-01,1.65925960e-02,9.93089217e+01,1.62607440e+01
5.34000000e-01,-1.98540036e-02,-5.22872628e-02,3.80191930e-02,-1.30001173e-01,0.00000000e+00,2.04245196e+01,1.01160604e-01,1.66437880e-02,9.91373923e+01,1.63109123e+01
5.36000000e-01,-1.99602694e-02,-5.39674984e-02,3.77492954e-02,-1.39866960e-01,0.00000000e+00,2.04013879e+01,1.00823866e-01,1.66319007e-02,9.88073882e+01,1.62992627e+01
5.38000000e-01,-2.00698325e-02,-5.55861760e-02,3.74598625e-02,-1.49526819e-01,0.00000000e+00,2.03766956e+01,1.00609902e-01,1.66665121e-02,9.85977041e+01,1.63331819e+01
5.40000000e-01,-2.01825699e-02,-5.71386227e-02,3.71513268e-02,-1.58978677e-01,0.00000000e+00,2.03504466e+01,1.00190142e-01,1.66316019e-02,9.81863390e+01,1.62989699e+01
5.42000000e-01,-2.02984558e-02,-5.87941776e-02,3.68240762e-02,-1.68237994e-01,0.00000000e+00,2.03226448e+01,1.03958709e-01,1.66069477e-02,1.01879535e+02,1.62748088e+01
5.44000000e-01,-2.04177856e-02,-6.05082538e-02,3.64785425e-02,-1.77245783e-01,0.00000000e+00,2.02932947e+01,1.02524642e-01,1.66696365e-02,1.00474149e+02,1.63362438e+01
5.46000000e-01,-2.05404500e-02,-6.21642298e-02,3.61154283e-02,-1.85750783e-01,0.00000000e+00,2.02624006e+01,1.03595680e-01,1.71470858e-02,1.01523766e+02,1.68041441e+01
5.48000000e-01,-2.06664288e-02,-6.37995970e-02,3.57357736e-02,-1.93904464e-01,0.00000000e+00,2.02299674e+01,1.03064730e-01,1.68680226e-02,1.01003435e+02,1.65306621e+01
5.50000000e-01,-2.07956040e-02,-6.53683082e-02,3.53398841e-02,-2.01947699e-01,0.00000000e+00,2.01960001e+01,1.03086164e-01,1.68166515e-02,1.01024441e+02,1.64803185e+01
5.52000000e-01,-2.09278831e-02,-6.69085501e-02,3.49282005e-02,-2.09664462e-01,-1.11362953e-02,2.01605039e+01,1.03473014e-01,1.69683494e-02,1.01403554e+02,1.66289824e+01
5.54000000e-01,-2.10632315e-02,-6.84387282e-02,3.45015187e-02,-2.16942463e-01,-5.27673058e-02,2.01234843e+01,1.03949633e-01,1.71310686e-02,1.01870640e+02,1.67884472e+01
5.56000000e-01,-2.12016280e-02,-6.99539194e-02,3.40607000e-02,-2.23816506e-01,-9.43983164e-02,2.00849470e+01,1.04246376e-01,1.71893450e-02,1.02161448e+02,1.68455581e+01
5.58000000e-01,-2.13430317e-02,-7.14459643e-02,3.36064957e-02,-2.30326174e-01,-1.36029327e-01,2.00448980e+01,1.04556978e-01,1.72497119e-02,1.02465838e+02,1.69047177e+01
5.60000000e-01,-2.14873992e-02,-7.29190485e-02,3.31396528e-02,-2.36449630e-01,-1.77660337e-01,2.00033434e+01,1.04975800e-01,1.73356137e-02,1.02876284e+02,1.69889014e+01
5.62000000e-01,-2.16348110e-02,-7.45467186e-02,3.26609986e-02,-2.42121011e-01,-2.19291348e-01,1.99602897e+01,1.09366180e-01,1.75171770e-02,1.07178856e+02,1.71668334e+01
5.64000000e-01,-2.17856395e-02,-7.62544706e-02,3.21714101e-02,-2.47430365e-01,-2.60922359e-01,1.99157435e+01,1.08071270e-01,1.73982762e-02,1.05909845e+02,1.70503107e+01
5.66000000e-01,-2.19398071e-02,-7.79295224e-02,3.16716526e-02,-2.52176561e-01,-3.02553369e-01,1.98697117e+01,1.09853807e-01,1.79873073e-02,1.07656731e+02,1.76275611e+01
5.68000000e-01,-2.20973804e-02,-7.96388405e-02,3.11630698e-02,-2.56373962e-01,-3.44184380e-01,1.98222013e+01,1.10151296e-01,1.78253771e-02,1.07948270e+02,1.74688696e+01
5.70000000e-01,-2.22583527e-02,-8.13336227e-02,3.06463487e-02,-2.60283527e-01,-3.85815390e-01,1.97732198e+01,1.10821286e-01,1.78549226e-02,1.08604860e+02,1.74978241e+01
5.72000000e-01,-2.24227201e-02,-8.30362029e-02,3.01222227e-02,-2.63762540e-01,-4.27446401e-01,1.97227747e+01,1.11668349e-01,1.79818089e-02,1.09434982e+02,1.76221727e+01
5.74000000e-01,-2.25905073e-02,-8.47534626e-02,2.95916156e-02,-2.66766006e-01,-4.69077411e-01,1.96708738e+01,1.12527001e-01,1.80963437e-02,1.10276461e+02,1.77344168e+01
5.76000000e-01,-2.27617427e-02,-8.64839198e-02,2.90554646e-02,-2.69310604e-01,-5.10708422e-01,1.96175250e+01,1.13367522e-01,1.81801129e-02,1.11100172e+02,1.78165107e+01
5.78000000e-01,-2.29364499e-02,-8.82247636e-02,2.85146663e-02,-2.71415520e-01,-5.52339432e-01,1.95627367e+01,1.14188792e-01,1.82475571e-02,1.11905016e+02,1.78826060e+01
5.80000000e-01,-2.31146490e-02,-8.99764188e-02,2.79700992e-02,-2.73075599e-01,-5.93970443e-01,1.95065172e+01,1.15067700e-01,1.83365803e-02,1.12766346e+02,1.79698487e+01
5.82000000e-01,-2.32964772e-02,-9.19103906e-02,2.74227944e-02,-2.74090095e-01,-6.35601453e-01,1.94488753e+01,1.19925706e-01,1.88212444e-02,1.17527192e+02,1.84448195e+01
5.84000000e-01,-2.34823388e-02,-9.39167193e-02,2.68739816e-02,-2.74740453e-01,-6.77232464e-01,1.93898198e+01,1.18267394e-01,1.83171479e-02,1.15902046e+02,1.79508050e+01
5.86000000e-01,-2.36721193e-02,-9.58859250e-02,2.63241249e-02,-2.74952326e-01,-7.18863474e-01,1.93293599e+01,1.20599523e-01,1.89562676e-02,1.18187532e+02,1.85771422e+01
5.88000000e-01,-2.38659255e-02,-9.79196490e-02,2.57745860e-02,-2.74543650e-01,-7.60494485e-01,1.92675049e+01,1.21348803e-01,1.88344763e-02,1.18921827e+02,1.84577868e+01
5.90000000e-01,-2.40638016e-02,-9.99589657e-02,2.52261612e-02,-2.73818748e-01,-8.02125495e-01,1.92042643e+01,1.22337214e-01,1.88362919e-02,1.19890469e+02,1.84595660e+01
5.92000000e-01,-2.42657774e-02,-1.02022246e-01,2.46795997e-02,-2.72660861e-01,-8.43756506e-01,1.91396480e+01,1.23549153e-01,1.89620692e-02,1.21078170e+02,1.85828278e+01
5.94000000e-01,-2.44719118e-02,-1.04117341e-01,2.41358417e-02,-2.71017105e-01,-8.85387516e-01,1.90736658e+01,1.24754827e-01,1.90786999e-02,1.22259730e+02,1.86971259e+01
5.96000000e-01,-2.46822659e-02,-1.06241224e-01,2.35958384e-02,-2.68912669e-01,-9.27018527e-01,1.90063280e+01,1.25930396e-01,1.91567717e-02,1.23411788e+02,1.87736363e+01
5.98000000e-01,-2.48968957e-02,-1.08393612e-01,2.30604845e-02,-2.66367980e-01,-9.68649538e-01,1.89376450e+01,1.27164218e-01,1.92369934e-02,1.24620934e+02,1.88522535e+01
6.00000000e-01,-2.51158595e-02,-1.10574640e-01,2.25306591e-02,-2.63384429e-01,-1.01028055e+00,1.88676273e+01,1.28378193e-01,1.93198633e-02,1.25810629e+02,1.89334660e+01
6.02000000e-01,-2.53393153e-02,-1.12937237e-01,2.20074235e-02,-2.59685923e-01,-1.05191156e+00,1.87962858e+01,1.33221744e-01,1.99887621e-02,1.30557309e+02,1.95889869e+01
6.04000000e-01,-2.55676438e-02,-1.15352907e-01,2.14921268e-02,-2.55670401e-01,-1.09354257e+00,1.87236315e+01,1.31472262e-01,1.92474788e-02,1.28842817e+02,1.88625293e+01
6.06000000e-01,-2.58006944e-02,-1.17719685e-01,2.09849282e-02,-2.51375538e-01,-1.13517358e+00,1.86496756e+01,1.33972128e-01,1.98488379e-02,1.31292685e+02,1.94518611e+01
6.08000000e-01,-2.60385658e-02,-1.20151299e-01,2.04870064e-02,-2.46508066e-01,-1.17680459e+00,1.85744295e+01,1.34919208e-01,1.97360988e-02,1.32220824e+02,1.93413769e+01
6.10000000e-01,-2.62813065e-02,-1.22593409e-01,1.99990887e-02,-2.41351417e-01,-1.21843560e+00,1.84979049e+01,1.36188983e-01,1.97567148e-02,1.33465204e+02,1.93615805e+01
6.12000000e-01,-2.65289604e-02,-1.25067102e-01,1.95218623e-02,-2.35802428e-01,-1.26006661e+00,1.84201135e+01,1.37668817e-01,1.98756349e-02,1.34915441e+02,1.94781222e+01
6.14000000e-01,-2.67815988e-02,-1.27576535e-01,1.90561576e-02,-2.29835614e-01,-1.30169762e+00,1.83410673e+01,1.39076269e-01,1.99660275e-02,1.36294744e+02,1.95667070e+01
6.16000000e-01,-2.70392866e-02,-1.30116067e-01,1.86027789e-02,-2.23480298e-01,-1.34332863e+00,1.82607786e+01,1.40465376e-01,2.00408492e-02,1.37656068e+02,1.96400322e+01
6.18000000e-01,-2.73020805e-02,-1.32681812e-01,1.81624829e-02,-2.16755228e-01,-1.38495964e+00,1.81792597e+01,1.41823610e-01,2.01104289e-02,1.38987138e+02,1.97082204e+01
6.20000000e-01,-2.75700314e-02,-1.35273745e-01,1.77359947e-02,-2.09675131e-01,-1.42659065e+00,1.80965233e+01,1.43254093e-01,2.01739156e-02,1.40389012e+02,1.97704373e+01
6.22000000e-01,-2.78432637e-02,-1.37997954e-01,1.73241596e-02,-2.02029258e-01,-1.46822166e+00,1.80125820e+01,1.47134079e-01,2.07065897e-02,1.44191398e+02,2.02924579e+01
6.24000000e-01,-2.81220346e-02,-1.40739300e-01,1.69280363e-02,-1.94145394e-01,-1.50985267e+00,1.79274490e+01,1.45918888e-01,2.01043286e-02,1.43000510e+02,1.97022420e+01
6.26000000e-01,-2.84061851e-02,-1.43426928e-01,1.65476993e-02,-1.86079717e-01,-1.55148368e+00,1.78411372e+01,1.48187524e-01,2.05416319e-02,1.45223774e+02,2.01307993e+01
6.28000000e-01,-2.86957726e-02,-1.46159994e-01,1.61839947e-02,-1.77598167e-01,-1.59311470e+00,1.77536600e+01,1.49333454e-01,2.04542185e-02,1.46346785e+02,2.00451342e+01
6.30000000e-01,-2.89908286e-02,-1.48898389e-01,1.58374521e-02,-1.68898455e-01,-1.63474571e+00,1.76650310e+01,1.50709516e-01,2.05009595e-02,1.47695326e+02,2.00909403e+01
6.32000000e-01,-2.92913786e-02,-1.51655443e-01,1.55085965e-02,-1.59905431e-01,-1.67637672e+00,1.75752638e+01,1.52211693e-01,2.05964387e-02,1.49167459e+02,2.01845099e+01
6.34000000e-01,-2.95974637e-02,-1.54432429e-01,1.51980247e-02,-1.50620957e-01,-1.71800773e+00,1.74843723e+01,1.53662623e-01,2.06652679e-02,1.50589370e+02,2.02519626e+01
6.36000000e-01,-2.99091198e-02,-1.57226692e-01,1.49062931e-02,-1.41065864e-01,-1.75963874e+00,1.73923704e+01,1.55148141e-01,2.07438264e-02,1.52045178e+02,2.03289499e+01
6.38000000e-01,-3.02263801e-02,-1.60035500e-01,1.46339292e-02,-1.31258838e-01,-1.80126975e+00,1.72992724e+01,1.56580909e-01,2.08009989e-02,1.53449291e+02,2.03849789e+01
6.40000000e-01,-3.05492683e-02,-1.62854042e-01,1.43814104e-02,-1.21222887e-01,-1.84290076e+00,1.72050927e+01,1.57999918e-01,2.08595171e-02,1.54839920e+02,2.04423267e+01
6.42000000e-01,-3.08778250e-02,-1.65715647e-01,1.41492116e-02,-1.10925992e-01,-1.88453177e+00,1.71098458e+01,1.60257680e-01,2.10128272e-02,1.57052526e+02,2.05925706e+01
6.44000000e-01,-3.12121138e-02,-1.68551548e-01,1.39378018e-02,-1.00485989e-01,-1.92616278e+00,1.70135465e+01,1.60116485e-01,2.08536231e-02,1.56914156e+02,2.04365507e+01
6.46000000e-01,-3.15519974e-02,-1.71336786e-01,1.37473659e-02,-8.98986058e-02,-1.96779379e+00,1.69162094e+01,1.61837030e-01,2.10458276e-02,1.58600289e+02,2.06249110e+01
6.48000000e-01,-3.18974622e-02,-1.74123909e-01,1.35783347e-02,-7.91202889e-02,-2.00942480e+00,1.68178498e+01,1.62969262e-01,2.10085256e-02,1.59709876e+02,2.05883551e+01
6.50000000e-01,-3.22484838e-02,-1.76897174e-01,1.34309578e-02,-6.82324978e-02,-2.05105581e+00,1.67184828e+01,1.64367382e-01,2.10606413e-02,1.61080034e+02,2.06394285e+01
6.52000000e-01,-3.26050489e-02,-1.79667552e-01,1.33055077e-02,-5.71902393e-02,-2.09268682e+00,1.66181237e+01,1.65801212e-01,2.11490426e-02,1.62485188e+02,2.07260618e+01
6.54000000e-01,-3.29671476e-02,-1.82428317e-01,1.32022911e-02,-4.60065976e-02,-2.13431783e+00,1.65167880e+01,1.67087384e-01,2.12053960e-02,1.63745636e+02,2.07812881e+01
6.56000000e-01,-3.33347544e-02,-1.85177395e-01,1.31215546e-02,-3.47129859e-02,-2.17594884e+00,1.64144913e+01,1.68517752e-01,2.12599294e-02,1.65147397e+02,2.08347308e+01
6.58000000e-01,-3.37078481e-02,-1.87912862e-01,1.30635028e-02,-2.33239387e-02,-2.21757985e+00,1.63112495e+01,1.69803823e-01,2.13181416e-02,1.66407747e+02,2.08917787e+01
6.60000000e-01,-3.40863931e-02,-1.90629137e-01,1.30283153e-02,-1.18502323e-02,-2.25921086e+00,1.62070785e+01,1.71148339e-01,2.13826834e-02,1.67725373e+02,2.09550297e+01
6.62000000e-01,-3.44703136e-02,-1.93268862e-01,1.30160014e-02,-5.27176271e-04,-2.30084187e+00,1.61019943e+01,1.71138265e-01,2.09796876e-02,1.67715500e+02,2.05600938e+01
6.64000000e-01,-3.48594197e-02,-1.95835360e-01,1.30262235e-02,1.08212736e-02,-2.34247289e+00,1.59960132e+01,1.72603088e-01,2.14459855e-02,1.69151026e+02,2.10170658e+01
6.66000000e-01,-3.52536288e-02,-1.98362494e-01,1.30593850e-02,2.23175272e-02,-2.38410390e+00,1.58891515e+01,1.73426098e-01,2.13325996e-02,1.69957576e+02,2.09059476e+01
6.68000000e-01,-3.56528288e-02,-2.00828320e-01,1.31154369e-02,3.37286858e-02,-2.42573491e+00,1.57814258e+01,1.74419166e-01,2.13427853e-02,1.70930783e+02,2.09159296e+01
6.70000000e-01,-3.60569103e-02,-2.03246411e-01,1.31942994e-02,4.51392094e-02,-2.46736592e+00,1.56728526e+01,1.75599383e-01,2.14392721e-02,1.72087396e+02,2.10104866e+01
6.72000000e-01,-3.64657876e-02,-2.05624196e-01,1.32960069e-02,5.65694292e-02,-2.50899693e+00,1.55634488e+01,1.76805371e-01,2.15247593e-02,1.73269264e+02,2.10942641e+01
6.74000000e-01,-3.68793728e-02,-2.07950601e-01,1.34205501e-02,6.79592245e-02,-2.55062794e+00,1.54532312e+01,1.77765424e-01,2.15276852e-02,1.74210116e+02,2.10971315e+01
6.76000000e-01,-3.72975473e-02,-2.10213020e-01,1.35677802e-02,7.92537099e-02,-2.59225895e+00,1.53422168e+01,1.78714589e-01,2.15304151e-02,1.75140297e+02,2.10998068e+01
6.78000000e-01,-3.77201825e-02,-2.12411842e-01,1.37374855e-02,9.04290395e-02,-2.63388996e+00,1.52304228e+01,1.79720388e-01,2.15154428e-02,1.76125980e+02,2.10851339e+01
6.80000000e-01,-3.81471462e-02,-2.14537937e-01,1.39293917e-02,1.01447347e-01,-2.67552097e+00,1.51178663e+01,1.80491847e-01,2.14704671e-02,1.76882010e+02,2.10410578e+01
6.82000000e-01,-3.85781733e-02,-2.16422570e-01,1.41428126e-02,1.11772268e-01,-2.71715198e+00,1.50045649e+01,1.77588679e-01,2.03606156e-02,1.74036906e+02,1.99534033e+01
6.84000000e-01,-3.90127425e-02,-2.18166185e-01,1.43763883e-02,1.21958531e-01,-2.75878299e+00,1.48905360e+01,1.80737091e-01,2.15090074e-02,1.77122349e+02,2.10788273e+01
6.86000000e-01,-3.94508063e-02,-2.19862221e-01,1.46307118e-02,1.32242415e-01,-2.80041400e+00,1.47757971e+01,1.80045847e-01,2.09245951e-02,1.76444930e+02,2.05061032e+01
6.88000000e-01,-3.98920827e-02,-2.21395294e-01,1.49050237e-02,1.42024945e-01,-2.84204501e+00,1.46603660e+01,1.80525004e-01,2.08445270e-02,1.76914504e+02,2.04276364e+01
6.90000000e-01,-4.03363264e-02,-2.22836763e-01,1.51987117e-02,1.51657791e-01,-2.88367602e+00,1.45442606e+01,1.81525872e-01,2.10260294e-02,1.77895355e+02,2.06055088e+01
6.92000000e-01,-4.07833643e-02,-2.24180103e-01,1.55115373e-02,1.61114229e-01,-2.92530703e+00,1.44274986e+01,1.81875676e-01,2.09172571e-02,1.78238162e+02,2.04989120e+01
6.94000000e-01,-4.12329684e-02,-2.25405836e-01,1.58429751e-02,1.70280321e-01,-2.96693804e+00,1.43100983e+01,1.82442898e-01,2.08863180e-02,1.78794040e+02,2.04685916e+01
6.96000000e-01,-4.16849148e-02,-2.26522186e-01,1.61925035e-02,1.79213834e-01,-3.00856905e+00,1.41920776e+01,1.83004394e-01,2.09247378e-02,1.79344306e+02,2.05062431e+01
6.98000000e-01,-4.21389843e-02,-2.27529280e-01,1.65596813e-02,1.87923726e-01,-3.05020006e+00,1.40734548e+01,1.83592375e-01,2.09379058e-02,1.79920528e+02,2.05191477e+01
7.00000000e-01,-4.25949614e-02,-2.28430655e-01,1.69440252e-02,1.96373846e-01,-3.09183107e+00,1.39542482e+01,1.84252569e-01,2.09250724e-02,1.80567517e+02,2.05065710e+01
7.02000000e-01,-4.30524696e-02,-2.28976079e-01,1.73444927e-02,2.03798161e-01,-3.13346209e+00,1.38344762e+01,1.79006822e-01,1.93536828e-02,1.75426685e+02,1.89666091e+01
7.04000000e-01,-4.35107647e-02,-2.29370019e-01,1.77591638e-02,2.11141302e-01,-3.17509310e+00,1.37141574e+01,1.84452608e-01,2.13441895e-02,1.80763556e+02,2.09173057e+01
7.06000000e-01,-4.39699585e-02,-2.29777149e-01,1.81892492e-02,2.18771394e-01,-3.21672411e+00,1.35933101e+01,1.83061685e-01,2.05672148e-02,1.79400452e+02,2.01558705e+01
7.08000000e-01,-4.44297386e-02,-2.29982165e-01,1.86338377e-02,2.25784092e-01,-3.25835512e+00,1.34719533e+01,1.83482132e-01,2.06805306e-02,1.79812489e+02,2.02669200e+01
7.10000000e-01,-4.48898127e-02,-2.30075470e-01,1.90922832e-02,2.32643213e-01,-3.29998613e+00,1.33501054e+01,1.84206568e-01,2.08969705e-02,1.80522436e+02,2.04790311e+01
7.12000000e-01,-4.53499628e-02,-2.30052327e-01,1.95642519e-02,2.39264380e-01,-3.34161714e+00,1.32277855e+01,1.84517369e-01,2.08525785e-02,1.80827021e+02,2.04355269e+01
7.14000000e-01,-4.58099335e-02,-2.29896558e-01,2.00491240e-02,2.45560503e-01,-3.38324815e+00,1.31050123e+01,1.84862853e-01,2.09047878e-02,1.81165596e+02,2.04866920e+01
7.16000000e-01,-4.62694625e-02,-2.29610999e-01,2.05462852e-02,2.51543571e-01,-3.42487916e+00,1.29818048e+01,1.85236858e-01,2.09032417e-02,1.81532121e+02,2.04851768e+01
7.18000000e-01,-4.67282936e-02,-2.29199535e-01,2.10550823e-02,2.57202763e-01,-3.46651017e+00,1.28581820e+01,1.85667961e-01,2.09494928e-02,1.81954602e+02,2.05305029e+01
7.20000000e-01,-4.71861755e-02,-2.28660355e-01,2.15748896e-02,2.62552086e-01,-3.50814118e+00,1.27341630e+01,1.85992374e-01,2.09932051e-02,1.82272527e+02,2.05733410e+01
7.22000000e-01,-4.76426159e-02,-2.27642606e-01,2.21043792e-02,2.66534303e-01,-3.54977219e+00,1.26097669e+01,1.78214710e-01,1.88345570e-02,1.74650416e+02,1.84578659e+01
7.24000000e-01,-4.80966428e-02,-2.26470139e-01,2.26410068e-02,2.70486340e-01,-3.59140320e+00,1.24850130e+01,1.86088518e-01,2.16950166e-02,1.82366748e+02,2.12611162e+01
7.26000000e-01,-4.85485485e-02,-2.25375618e-01,2.31866538e-02,2.74932350e-01,-3.63303421e+00,1.23599205e+01,1.83729338e-01,2.06489934e-02,1.80054751e+02,2.02360135e+01
7.28000000e-01,-4.89979752e-02,-2.24026068e-01,2.37401822e-02,2.78547512e-01,-3.67466522e+00,1.22345087e+01,1.83803366e-01,2.07403273e-02,1.80127299e+02,2.03255208e+01
7.30000000e-01,-4.94445682e-02,-2.22549670e-01,2.43007291e-02,2.81990497e-01,-3.71629623e+00,1.21087970e+01,1.84416861e-01,2.10869647e-02,1.80728524e+02,2.06652254e+01
7.32000000e-01,-4.98880813e-02,-2.20934332e-01,2.48679514e-02,2.85144298e-01,-3.75792724e+00,1.19828048e+01,1.84183698e-01,2.09423234e-02,1.80500024e+02,2.05234769e+01
7.34000000e-01,-5.03281929e-02,-2.19150040e-01,2.54409966e-02,2.87833696e-01,-3.79955825e+00,1.18565515e+01,1.84068756e-01,2.09296932e-02,1.80387381e+02,2.05110993e+01
7.36000000e-01,-5.07645844e-02,-2.17220195e-01,2.60190661e-02,2.90192984e-01,-3.84118926e+00,1.17300566e+01,1.84352673e-01,2.10742555e-02,1.80665620e+02,2.06527703e+01
7.38000000e-01,-5.11969793e-02,-2.15148926e-01,2.66015595e-02,2.92238709e-01,-3.88282027e+00,1.16033396e+01,1.84302188e-01,2.11027993e-02,1.80616144e+02,2.06807433e+01
7.40000000e-01,-5.16250826e-02,-2.12931396e-01,2.71877907e-02,2.93939091e-01,-3.92445129e+00,1.14764201e+01,1.84438585e-01,2.11861355e-02,1.80749813e+02,2.07624128e+01
7.42000000e-01,-5.20483202e-02,-2.10136844e-01,2.77762689e-02,2.94069237e-01,-3.96608230e+00,1.13493178e+01,1.74284452e-01,1.86473091e-02,1.70798763e+02,1.82743630e+01
7.44000000e-01,-5.24655260e-02,-2.07186408e-01,2.83640360e-02,2.94151842e-01,-4.00771331e+00,1.12220521e+01,1.84214278e-01,2.19261657e-02,1.80529993e+02,2.14876424e+01
7.46000000e-01,-5.28771587e-02,-2.04375318e-01,2.89532723e-02,2.94828596e-01,-4.04934432e+00,1.10946428e+01,1.80912043e-01,2.07358166e-02,1.77293803e+02,2.03211002e+01
7.48000000e-01,-5.32828382e-02,-2.01280657e-01,2.95427478e-02,2.94601573e-01,-4.09097533e+00,1.09671095e+01,1.80912158e-01,2.08713171e-02,1.77293915e+02,2.04538907e+01
7.50000000e-01,-5.36821942e-02,-1.98055281e-01,3.01315598e-02,2.94196377e-01,-4.13260634e+00,1.08394719e+01,1.81130740e-01,2.12031499e-02,1.77508126e+02,2.07790869e+01
7.52000000e-01,-5.40749546e-02,-1.94672780e-01,3.07193300e-02,2.93486212e-01,-4.17423735e+00,1.07117498e+01,1.80460433e-01,2.10711132e-02,1.76851224e+02,2.06496909e+01
7.54000000e-01,-5.44607677e-02,-1.91113888e-01,3.13052115e-02,2.92336289e-01,-4.21586836e+00,1.05839627e+01,1.80172874e-01,2.11175169e-02,1.76569417e+02,2.06951666e+01
7.56000000e-01,-5.48393147e-02,-1.87411750e-01,3.18884683e-02,2.90876151e-01,-4.25749937e+00,1.04561305e+01,1.80218351e-01,2.12537731e-02,1.76613984e+02,2.08286976e+01
7.58000000e-01,-5.52103147e-02,-1.83559579e-01,3.24685074e-02,2.89102949e-01,-4.29913038e+00,1.03282729e+01,1.79711176e-01,2.12897210e-02,1.76116953e+02,2.08639266e+01
7.60000000e-01,-5.55734505e-02,-1.79553632e-01,3.30446402e-02,2.86969847e-01,-4.34076139e+00,1.02004097e+01,1.79605632e-01,2.13222358e-02,1.76013519e+02,2.08957911e+01
7.62000000e-01,-5.59280920e-02,-1.74891861e-01,3.36152133e-02,2.83076873e-01,-4.38239240e+00,1.00725604e+01,1.67299592e-01,1.84122250e-02,1.63953600e+02,1.80439805e+01
7.64000000e-01,-5.62729274e-02,-1.70094290e-01,3.41770039e-02,2.79268068e-01,-4.42402341e+00,9.94474501e+00,1.79267527e-01,2.23032473e-02,1.75682176e+02,2.18571823e+01
7.66000000e-01,-5.66086297e-02,-1.65537518e-01,3.47328420e-02,2.76293912e-01,-4.46565442e+00,9.81698310e+00,1.75685144e-01,2.09593099e-02,1.72171441e+02,2.05401237e+01
7.68000000e-01,-5.69348776e-02,-1.60681057e-01,3.52815437e-02,2.72366128e-01,-4.50728543e+00,9.68929444e+00,1.74947550e-01,2.10870251e-02,1.71448599e+02,2.06652846e+01
7.70000000e-01,-5.72512616e-02,-1.55686121e-01,3.58222184e-02,2.68306169e-01,-4.54891644e+00,9.56169873e+00,1.75052403e-01,2.14559233e-02,1.71551355e+02,2.10268049e+01
7.72000000e-01,-5.75575259e-02,-1.50546923e-01,3.63545865e-02,2.63973501e-01,-4.59054745e+00,9.43421567e+00,1.74097491e-01,2.12768672e-02,1.70615541e+02,2.08513298e+01
7.74000000e-01,-5.78533409e-02,-1.45245145e-01,3.68778494e-02,2.59246408e-01,-4.63217846e+00,9.30686493e+00,1.73689701e-01,2.13774540e-02,1.70215907e+02,2.09499049e+01
7.76000000e-01,-5.81384154e-02,-1.39806676e-01,3.73914043e-02,2.54267525e-01,-4.67380947e+00,9.17966619e+00,1.73252631e-01,2.14840264e-02,1.69787579e+02,2.10543458e+01
7.78000000e-01,-5.84124772e-02,-1.34232627e-01,3.78947406e-02,2.49020244e-01,-4.71544049e+00,9.05263907e+00,1.72781471e-01,2.15352594e-02,1.69325842e+02,2.11045542e+01
7.80000000e-01,-5.86752522e-02,-1.28517969e-01,3.83872804e-02,2.43465732e-01,-4.75707150e+00,8.92580317e+00,1.72135281e-01,2.15450210e-02,1.68692576e+02,2.11141205e+01
7.82000000e-01,-5.89260478e-02,-1.22051416e-01,3.88673344e-02,2.36007813e-01,-4.79870251e+00,8.79917809e+00,1.57284448e-01,1.82286053e-02,1.54138759e+02,1.78640332e+01
7.84000000e-01,-5.91633923e-02,-1.15486576e-01,3.93314164e-02,2.28706810e-01,-4.84033352e+00,8.67278335e+00,1.71803694e-01,2.25405994e-02,1.68367620e+02,2.20897874e+01
7.86000000e-01,-5.93882440e-02,-1.09296542e-01,3.97828981e-02,2.22510558e-01,-4.88196453e+00,8.54663849e+00,1.67903167e-01,2.11948730e-02,1.64545104e+02,2.07709756e+01
7.88000000e-01,-5.96004039e-02,-1.02844615e-01,4.02208878e-02,2.15458070e-01,-4.92359554e+00,8.42076295e+00,1.67442118e-01,2.13719296e-02,1.64093275e+02,2.09444910e+01
7.90000000e-01,-5.97995487e-02,-9.62820693e-02,4.06446830e-02,2.08334408e-01,-4.96522655e+00,8.29517619e+00,1.66970691e-01,2.16538083e-02,1.63631278e+02,2.12207321e+01
7.92000000e-01,-5.99854393e-02,-8.95802590e-02,4.10540541e-02,2.00953906e-01,-5.00685756e+00,8.16989758e+00,1.65732587e-01,2.14206146e-02,1.62417935e+02,2.09922023e+01
7.94000000e-01,-6.01577808e-02,-8.27451335e-02,4.14483263e-02,1.93315005e-01,-5.04848857e+00,8.04494646e+00,1.65290169e-01,2.16777913e-02,1.61984366e+02,2.12442355e+01
7.96000000e-01,-6.03163541e-02,-7.58114742e-02,4.18272560e-02,1.85588836e-01,-5.09011958e+00,7.92034211e+00,1.64752824e-01,2.17819118e-02,1.61457767e+02,2.13462735e+01
7.98000000e-01,-6.04609495e-02,-6.87619281e-02,4.21905516e-02,1.77667621e-01,-5.13175059e+00,7.79610378e+00,1.63791256e-01,2.17905987e-02,1.60515431e+02,2.13547867e+01
8.00000000e-01,-6.05913226e-02,-6.15935880e-02,4.25377760e-02,1.69520680e-01,-5.17338160e+00,7.67225064e+00,1.63070382e-01,2.18074583e-02,1.59808974e+02,2.13713092e+01
8.02000000e-01,-6.07068286e-02,-5.36824656e-02,4.28674373e-02,1.59578402e-01,-5.21501261e+00,7.54880181e+00,1.47408660e-01,1.84969573e-02,1.44460487e+02,1.81270181e+01
8.04000000e-01,-6.08060305e-02,-4.57383586e-02,4.31763035e-02,1.49956872e-01,-5.25664362e+00,7.42577634e+00,1.63142750e-01,2.29261455e-02,1.59879895e+02,2.24676226e+01
8.06000000e-01,-6.08900937e-02,-3.82616816e-02,4.34680899e-02,1.41572964e-01,-5.29827463e+00,7.30319323e+00,1.59047747e-01,2.15148827e-02,1.55866792e+02,2.10845850e+01
8.08000000e-01,-6.09589249e-02,-3.05565355e-02,4.37420813e-02,1.32417997e-01,-5.33990564e+00,7.18107139e+00,1.58397319e-01,2.17028462e-02,1.55229373e+02,2.12687893e+01
8.10000000e-01,-6.10122828e-02,-2.27958351e-02,4.39978305e-02,1.23365981e-01,-5.38153665e+00,7.05942968e+00,1.58216820e-01,2.21000392e-02,1.55052483e+02,2.16580385e+01
8.12000000e-01,-6.10500592e-02,-1.49615528e-02,4.42354936e-02,1.14236616e-01,-5.42316766e+00,6.93828687e+00,1.57018182e-01,2.18837129e-02,1.53877818e+02,2.14460386e+01
8.14000000e-01,-6.10720704e-02,-7.03941174e-03,4.44546534e-02,1.04921910e-01,-5.46479867e+00,6.81766167e+00,1.56375769e-01,2.20278957e-02,1.53248254e+02,2.15873377e+01
8.16000000e-01,-6.10781774e-02,9.41903126e-04,4.46551636e-02,9.55807393e-02,-5.50642969e+00,6.69757269e+00,1.55717839e-01,2.21184146e-02,1.52603482e+02,2.16760463e+01
8.18000000e-01,-6.10682546e-02,8.99550679e-03,4.48369082e-02,8.61373353e-02,-5.54806070e+00,6.57803848e+00,1.54638381e-01,2.20767872e-02,1.51545614e+02,2.16352515e+01
8.20000000e-01,-6.10421484e-02,1.71195463e-02,4.49996563e-02,7.66089111e-02,-5.58969171e+00,6.45907747e+00,1.53891952e-01,2.21763427e-02,1.50814113e+02,2.17328158e+01
8.22000000e-01,-6.09993107e-02,2.59421385e-02,4.51423123e-02,6.55334009e-02,-5.63132272e+00,6.34070804e+00,1.38000460e-01,1.90375567e-02,1.35240451e+02,1.86568056e+01
8.24000000e-01,-6.09384077e-02,3.47230241e-02,4.52620943e-02,5.49143457e-02,-5.67295373e+00,6.22294846e+00,1.54406166e-01,2.33101656e-02,1.51318043e+02,2.28439623e+01
8.26000000e-01,-6.08607994e-02,4.29326820e-02,4.53628604e-02,4.56314287e-02,-5.71458474e+00,6.10581690e+00,1.50748314e-01,2.19897633e-02,1.47733348e+02,2.15499680e+01
8.28000000e-01,-6.07665676e-02,5.13064429e-02,4.54441857e-02,3.56970927e-02,-5.75621575e+00,5.98933145e+00,1.49836425e-01,2.20630713e-02,1.46839697e+02,2.16218098e+01
8.30000000e-01,-6.06555727e-02,5.96816474e-02,4.55057960e-02,2.59835821e-02,-5.79784676e+00,5.87351009e+00,1.49842711e-01,2.25452844e-02,1.46845856e+02,2.20943787e+01
8.32000000e-01,-6.05278235e-02,6.80830658e-02,4.55481387e-02,1.62981108e-02,-5.83947777e+00,5.75837068e+00,1.48215255e-01,2.21863436e-02,1.45250950e+02,2.17426168e+01
8.34000000e-01,-6.03832099e-02,7.65302698e-02,4.55709178e-02,6.50666606e-03,-5.88110878e+00,5.64393102e+00,1.47626782e-01,2.23593946e-02,1.44674247e+02,2.19122067e+01
8.36000000e-01,-6.02217070e-02,8.49705197e-02,4.55742477e-02,-3.16137514e-03,-5.92273979e+00,5.53020876e+00,1.47093824e-01,2.24540772e-02,1.44151948e+02,2.20049957e+01
8.38000000e-01,-6.00433292e-02,9.34086450e-02,4.55583021e-02,-1.27848331e-02,-5.96437080e+00,5.41722146e+00,1.46254716e-01,2.24341231e-02,1.43329621e+02,2.19854407e+01
8.40000000e-01,-5.98480664e-02,1.01855808e-01,4.55231189e-02,-2.23925174e-02,-6.00600181e+00,5.30498655e+00,1.45323126e-01,2.24408483e-02,1.42416664e+02,2.19920314e+01
8.42000000e-01,-5.96354368e-02,1.11006692e-01,4.54677335e-02,-3.34977353e-02,-6.04763282e+00,5.19352137e+00,1.28111279e-01,1.92160025e-02,1.25549054e+02,1.88316824e+01
8.44000000e-01,-5.94041223e-02,1.20033732e-01,4.53895105e-02,-4.40292733e-02,-6.08926383e+00,5.08284311e+00,1.46366709e-01,2.35378391e-02,1.43439375e+02,2.30670823e+01
8.46000000e-01,-5.91557708e-02,1.28357437e-01,4.52926209e-02,-5.30540334e-02,-6.13089484e+00,4.97296887e+00,1.42552797e-01,2.22439220e-02,1.39701741e+02,2.17990436e+01
8.48000000e-01,-5.88906331e-02,1.36770195e-01,4.51770026e-02,-6.25165133e-02,-6.17252585e+00,4.86391560e+00,1.42155777e-01,2.24577775e-02,1.39312661e+02,2.20086220e+01
8.50000000e-01,-5.86087437e-02,1.45102493e-01,4.50427813e-02,-7.16394119e-02,-6.21415686e+00,4.75570014e+00,1.42165866e-01,2.27687090e-02,1.39322549e+02,2.23133348e+01
8.52000000e-01,-5.83102532e-02,1.53389805e-01,4.48905352e-02,-8.06268753e-02,-6.25578788e+00,4.64833919e+00,1.40804138e-01,2.25282222e-02,1.37988056e+02,2.20776577e+01
8.54000000e-01,-5.79952056e-02,1.61645333e-01,4.47203110e-02,-8.95585444e-02,-6.29741889e+00,4.54184933e+00,1.40370513e-01,2.26463051e-02,1.37563102e+02,2.21933790e+01
8.56000000e-01,-5.76637188e-02,1.69830476e-01,4.45324638e-02,-9.82461533e-02,-6.33904990e+00,4.43624698e+00,1.39776299e-01,2.27757151e-02,1.36980773e+02,2.23202008e+01
8.58000000e-01,-5.73159307e-02,1.77945105e-01,4.43274737e-02,-1.06712908e-01,-6.38068091e+00,4.33154846e+00,1.39212290e-01,2.28205039e-02,1.36428045e+02,2.23640939e+01
8.60000000e-01,-5.69519803e-02,1.85996778e-01,4.41057032e-02,-1.15043090e-01,-6.42231192e+00,4.22776992e+00,1.38309311e-01,2.27489714e-02,1.35543124e+02,2.22939920e+01
8.62000000e-01,-5.65715274e-02,1.94672771e-01,4.38664331e-02,-1.24675345e-01,-6.46394293e+00,4.12492739e+00,1.21552378e-01,1.97493859e-02,1.19121330e+02,1.93543982e+01
8.64000000e-01,-5.61734218e-02,2.03149973e-01,4.36074436e-02,-1.33645183e-01,-6.50557394e+00,4.02303674e+00,1.39740451e-01,2.37733350e-02,1.36945642e+02,2.32978683e+01
8.66000000e-01,-5.57594533e-02,2.10838466e-01,4.33329201e-02,-1.41013481e-01,-6.54720495e+00,3.92211369e+00,1.36634356e-01,2.27217968e-02,1.33901669e+02,2.22673608e+01
8.68000000e-01,-5.53300761e-02,2.18514652e-01,4.30432361e-02,-1.48612073e-01,-6.58883596e+00,3.82217382e+00,1.36554375e-01,2.28792376e-02,1.33823288e+02,2.24216528e+01
8.70000000e-01,-5.48855025e-02,2.26029201e-01,4.27387676e-02,-1.55767126e-01,-6.63046697e+00,3.72323257e+00,1.36812971e-01,2.32207880e-02,1.34076711e+02,2.27563723e+01
8.72000000e-01,-5.44260465e-02,2.33413017e-01,4.24203315e-02,-1.62676324e-01,-6.67209798e+00,3.62530520e+00,1.35888819e-01,2.29431960e-02,1.33171042e+02,2.24843320e+01
8.74000000e-01,-5.39519186e-02,2.40694478e-01,4.20881453e-02,-1.69461051e-01,-6.71372899e+00,3.52840684e+00,1.35364084e-01,2.30102924e-02,1.32656802e+02,2.25500865e+01
8.76000000e-01,-5.34633571e-02,2.47843184e-01,4.17426911e-02,-1.75940124e-01,-6.75536000e+00,3.43255243e+00,1.35031973e-01,2.30939218e-02,1.32331334e+02,2.26320434e+01
8.78000000e-01,-5.29606433e-02,2.54845816e-01,4.13845977e-02,-1.82099760e-01,-6.79699101e+00,3.33775678e+00,1.34702357e-01,2.31717654e-02,1.32008310e+02,2.27083301e+01
8.80000000e-01,-5.24440625e-02,2.61715418e-01,4.10144849e-02,-1.87970134e-01,-6.83862202e+00,3.24403451e+00,1.33951674e-01,2.31747647e-02,1.31272640e+02,2.27112694e+01
8.82000000e-01,-5.19134876e-02,2.69025997e-01,4.06322119e-02,-1.94598269e-01,-6.88025303e+00,3.15140010e+00,1.20095808e-01,2.10377043e-02,1.17693892e+02,2.06169502e+01
8.84000000e-01,-5.13681339e-02,2.76073465e-01,4.02364917e-02,-2.00626748e-01,-6.92188404e+00,3.05986784e+00,1.35677807e-01,2.38707916e-02,1.32964251e+02,2.33933758e+01
8.86000000e-01,-5.08097183e-02,2.82334108e-01,3.98305971e-02,-2.05317146e-01,-6.96351505e+00,2.96945186e+00,1.33948932e-01,2.32683818e-02,1.31269953e+02,2.28030142e+01
8.88000000e-01,-5.02388880e-02,2.88458977e-01,3.94152869e-02,-2.09911998e-01,-7.00514606e+00,2.88016613e+00,1.34215808e-01,2.34799530e-02,1.31531492e+02,2.30103539e+01
8.90000000e-01,-4.96560249e-02,2.94370140e-01,3.89912450e-02,-2.14063020e-01,-7.04677708e+00,2.79202441e+00,1.34208858e-01,2.35959287e-02,1.31524681e+02,2.31240101e+01
8.92000000e-01,-4.90615234e-02,3.00107443e-01,3.85591874e-02,-2.17985121e-01,-7.08840809e+00,2.70504033e+00,1.33448889e-01,2.33448383e-02,1.30779911e+02,2.28779416e+01
8.94000000e-01,-4.84557091e-02,3.05673769e-01,3.81194338e-02,-2.21713346e-01,-7.13003910e+00,2.61922729e+00,1.33281580e-01,2.33761986e-02,1.30615948e+02,2.29086747e+01
8.96000000e-01,-4.78389652e-02,3.11034703e-01,3.76725897e-02,-2.25058117e-01,-7.17167011e+00,2.53459856e+00,1.33235731e-01,2.35127559e-02,1.30571016e+02,2.30425008e+01
8.98000000e-01,-4.72117129e-02,3.16181802e-01,3.72194617e-02,-2.28012299e-01,-7.21330112e+00,2.45116719e+00,1.33179062e-01,2.35499472e-02,1.30515481e+02,2.30789483e+01
9.00000000e-01,-4.65743758e-02,3.21122268e-01,3.67607674e-02,-2.30626180e-01,-7.25493213e+00,2.36894607e+00,1.32881755e-01,2.35728618e-02,1.30224120e+02,2.31014046e+01
9.02000000e-01,-4.59270715e-02,3.26291199e-01,3.62967763e-02,-2.33511094e-01,-7.29656314e+00,2.28794787e+00,1.22576980e-01,2.23193225e-02,1.20125440e+02,2.18729360e+01
9.04000000e-01,-4.52694121e-02,3.31158512e-01,3.58270764e-02,-2.35866006e-01,-7.33819415e+00,2.20818512e+00,1.34581839e-01,2.40154296e-02,1.31890202e+02,2.35351210e+01
9.06000000e-01,-4.46029043e-02,3.35325596e-01,3.53539144e-02,-2.37317699e-01,-7.37982516e+00,2.12967012e+00,1.33515695e-01,2.35398164e-02,1.30845381e+02,2.30690201e+01
9.08000000e-01,-4.39282476e-02,3.39285850e-01,3.48779489e-02,-2.38554557e-01,-7.42145617e+00,2.05241498e+00,1.33923832e-01,2.37869624e-02,1.31245355e+02,2.33112232e+01
9.10000000e-01,-4.32459272e-02,3.42996654e-01,3.43999796e-02,-2.39366445e-01,-7.46308718e+00,1.97643164e+00,1.33790040e-01,2.37493669e-02,1.31114239e+02,2.32743796e+01
9.12000000e-01,-4.25563922e-02,3.46510618e-01,3.39205577e-02,-2.40066427e-01,-7.50471819e+00,1.90173182e+00,1.32909058e-01,2.33372458e-02,1.30250877e+02,2.28705009e+01
9.14000000e-01,-4.18600245e-02,3.49814867e-01,3.34398216e-02,-2.40604876e-01,-7.54634920e+00,1.82832706e+00,1.33019556e-01,2.34019050e-02,1.30359165e+02,2.29338669e+01
9.16000000e-01,-4.11572992e-02,3.52869389e-01,3.29583760e-02,-2.40786632e-01,-7.58798021e+00,1.75622868e+00,1.33020604e-01,2.33982627e-02,1.30360192e+02,2.29302974e+01
9.18000000e-01,-4.04487054e-02,3.55686271e-01,3.24768748e-02,-2.40668701e-01,-7.62961122e+00,1.68544782e+00,1.32799805e-01,2.33430603e-02,1.30143809e+02,2.28761991e+01
9.20000000e-01,-3.97347087e-02,3.58271435e-01,3.19958755e-02,-2.40289297e-01,-7.67124223e+00,1.61599540e+00,1.32617381e-01,2.32598132e-02,1.29965033e+02,2.27946170e+01
9.22000000e-01,-3.90156711e-02,3.60779430e-01,3.15159597e-02,-2.39546885e-01,-7.71287324e+00,1.54788214e+00,1.28743542e-01,2.34191505e-02,1.26168671e+02,2.29507675e+01
9.24000000e-01,-3.82918021e-02,3.62970722e-01,3.10379681e-02,-2.38384308e-01,-7.75450425e+00,1.48111855e+00,1.34118193e-01,2.34584477e-02,1.31435830e+02,2.29892788e+01
9.26000000e-01,-3.75641174e-02,3.64668239e-01,3.05626656e-02,-2.36857003e-01,-7.79613526e+00,1.41571494e+00,1.34348577e-01,2.35051110e-02,1.31661606e+02,2.30350087e+01
9.28000000e-01,-3.68333089e-02,3.66096041e-01,3.00907631e-02,-2.34995351e-01,-7.83776628e+00,1.35168141e+00,1.34460928e-01,2.34853566e-02,1.31771709e+02,2.30156495e+01
9.30000000e-01,-3.60999128e-02,3.67254498e-01,2.96228848e-02,-2.32832842e-01,-7.87939729e+00,1.28902784e+00,1.34660476e-01,2.34673512e-02,1.31967267e+02,2.29980042e+01
9.32000000e-01,-3.53644595e-02,3.68160211e-01,2.91595488e-02,-2.30494747e-01,-7.92102830e+00,1.22776391e+00,1.34367046e-01,2.31910505e-02,1.31679705e+02,2.27272295e+01
9.34000000e-01,-3.46274519e-02,3.68796051e-01,2.87010825e-02,-2.27891661e-01,-7.96265931e+00,1.16789906e+00,1.34953097e-01,2.33675873e-02,1.32254035e+02,2.29002356e+01
9.36000000e-01,-3.38894766e-02,3.69129843e-01,2.82482894e-02,-2.24827679e-01,-8.00429032e+00,1.10944254e+00,1.35402389e-01,2.35104045e-02,1.32694341e+02,2.30401965e+01
9.38000000e-01,-3.31511303e-02,3.69166960e-01,2.78020339e-02,-2.21370577e-01,-8.04592133e+00,1.05240338e+00,1.35858637e-01,2.35538524e-02,1.33141464e+02,2.30827753e+01
9.40000000e-01,-3.24129941e-02,3.68926067e-01,2.73629761e-02,-2.17660008e-01,-8.08755234e+00,9.96790372e-01,1.35872320e-01,2.34137014e-02,1.33154874e+02,2.29454274e+01
9.42000000e-01,-3.16756806e-02,3.68303336e-01,2.69320335e-02,-2.12990121e-01,-8.12918335e+00,9.42612108e-01,1.38760118e-01,2.49500427e-02,1.35984915e+02,2.44510418e+01
9.44000000e-01,-3.09400048e-02,3.67344624e-01,2.65112130e-02,-2.08024197e-01,-8.17081436e+00,8.89876950e-01,1.37713978e-01,2.34318062e-02,1.34959699e+02,2.29631701e+01
9.46000000e-01,-3.02064767e-02,3.66124032e-01,2.60997867e-02,-2.03283282e-01,-8.21244537e+00,8.38593037e-01,1.38886840e-01,2.38881109e-02,1.36109103e+02,2.34103486e+01
9.48000000e-01,-2.94757006e-02,3.64615630e-01,2.56982697e-02,-1.98257614e-01,-8.25407638e+00,7.88768286e-01,1.38467809e-01,2.34538463e-02,1.35698453e+02,2.29847694e+01
9.50000000e-01,-2.87481849e-02,3.62851228e-01,2.53067824e-02,-1.93192837e-01,-8.29570739e+00,7.40410388e-01,1.38922958e-01,2.34088808e-02,1.36144499e+02,2.29407031e+01
9.52000000e-01,-2.80244843e-02,3.60803896e-01,2.49256267e-02,-1.87935498e-01,-8.33733840e+00,6.93526808e-01,1.39163228e-01,2.33113894e-02,1.36379964e+02,2.28451616e+01
9.54000000e-01,-2.73051817e-02,3.58437977e-01,2.45553129e-02,-1.82269358e-01,-8.37896941e+00,6.48124782e-01,1.40486214e-01,2.37356699e-02,1.37676489e+02,2.32609565e+01
9.56000000e-01,-2.65909364e-02,3.55766090e-01,2.41967647e-02,-1.76280058e-01,-8.42060042e+00,6.04211320e-01,1.40471569e-01,2.34750435e-02,1.37662137e+02,2.30055426e+01
9.58000000e-01,-2.58822916e-02,3.52832840e-01,2.38502487e-02,-1.70206792e-01,-8.46223143e+00,5.61793199e-01,1.40796944e-01,2.34144251e-02,1.37981005e+02,2.29461366e+01
9.60000000e-01,-2.51797919e-02,3.49619225e-01,2.35160668e-02,-1.63939670e-01,-8.50386244e+00,5.20876967e-01,1.41275320e-01,2.34020019e-02,1.38449813e+02,2.29339618e+01
9.62000000e-01,-2.44842438e-02,3.45762054e-01,2.31954918e-02,-1.56170174e-01,-8.54549345e+00,4.81468940e-01,1.50142148e-01,2.61069644e-02,1.47139305e+02,2.55848252e+01
9.64000000e-01,-2.37969463e-02,3.41601041e-01,2.28914584e-02,-1.48292138e-01,-8.58712446e+00,4.43575201e-01,1.42747460e-01,2.31921045e-02,1.39892510e+02,2.27282624e+01
9.66000000e-01,-2.31178509e-02,3.37423128e-01,2.26017879e-02,-1.41217098e-01,-8.62875548e+00,4.07201600e-01,1.44976667e-01,2.40048358e-02,1.42077134e+02,2.35247391e+01
9.68000000e-01,-2.24474570e-02,3.32940297e-01,2.23267669e-02,-1.33876782e-01,-8.67038649e+00,3.72353751e-01,1.44381810e-01,2.33530073e-02,1.41494174e+02,2.28859471e+01
9.70000000e-01,-2.17862495e-02,3.28217739e-01,2.20662302e-02,-1.26612338e-01,-8.71201750e+00,3.39037034e-01,1.45161742e-01,2.34704406e-02,1.42258507e+02,2.30010318e+01
9.72000000e-01,-2.11347959e-02,3.23180504e-01,2.18205487e-02,-1.19001205e-01,-8.75364851e+00,3.07256591e-01,1.46396664e-01,2.37266527e-02,1.43468731e+02,2.32521196e+01
9.74000000e-01,-2.04937419e-02,3.17821651e-01,2.15904864e-02,-1.10998480e-01,-8.79527952e+00,2.77017328e-01,1.47422352e-01,2.39604928e-02,1.44473905e+02,2.34812830e+01
9.76000000e-01,-1.98636681e-02,3.12224590e-01,2.13765163e-02,-1.03053420e-01,-8.83691053e+00,2.48323912e-01,1.46796758e-01,2.32966668e-02,1.43860822e+02,2.28307335e+01
9.78000000e-01,-1.92450031e-02,3.06388306e-01,2.11782402e-02,-9.51572478e-02,-8.87854154e+00,2.21180773e-01,1.47938422e-01,2.35714290e-02,1.44979654e+02,2.31000004e+01
9.80000000e-01,-1.86383074e-02,3.00263262e-01,2.09960546e-02,-8.70102340e-02,-8.92017255e+00,1.95592101e-01,1.48566874e-01,2.35596006e-02,1.45595537e+02,2.30884086e+01
9.82000000e-01,-1.80445496e-02,2.93238919e-01,2.08314660e-02,-7.69633596e-02,-8.96180356e+00,1.71561846e-01,1.64078024e-01,2.73202626e-02,1.60796464e+02,2.67738573e+01
9.84000000e-01,-1.74654898e-02,2.86007432e-01,2.06880125e-02,-6.71992649e-02,-9.00343457e+00,1.49093716e-01,1.48649977e-01,2.27568375e-02,1.45676978e+02,2.23017007e+01
9.86000000e-01,-1.69002877e-02,2.79124174e-01,2.05615883e-02,-5.90560643e-02,-9.04506558e+00,1.28191181e-01,1.51299146e-01,2.37341424e-02,1.48273163e+02,2.32594596e+01
9.88000000e-01,-1.63491748e-02,2.71968379e-01,2.04519054e-02,-5.07370000e-02,-9.08669659e+00,1.08857466e-01,1.50490438e-01,2.29658456e-02,1.47480630e+02,2.25065287e+01
9.90000000e-01,-1.58125592e-02,2.64595033e-01,2.03585754e-02,-4.25151997e-02,-9.12832760e+00,9.10955563e-02,1.51972307e-01,2.33933324e-02,1.48932861e+02,2.29254657e+01
9.92000000e-01,-1.52910212e-02,2.56881940e-01,2.02822308e-02,-3.37142707e-02,-9.16995861e+00,7.49081935e-02,1.54140751e-01,2.40688286e-02,1.51057936e+02,2.35874520e+01
9.94000000e-01,-1.47852012e-02,2.48914280e-01,2.02238046e-02,-2.47839633e-02,-9.21158962e+00,6.02978762e-02,1.53759284e-01,2.35777574e-02,1.50684098e+02,2.31062023e+01
9.96000000e-01,-1.42954832e-02,2.40767922e-01,2.01829319e-02,-1.60981592e-02,-9.25322063e+00,4.72668598e-02,1.54285669e-01,2.34936772e-02,1.51199956e+02,2.30238037e+01
9.98000000e-01,-1.38222670e-02,2.32415330e-01,2.01593655e-02,-7.48204714e-03,-9.29485164e+00,3.58171557e-02,1.54681467e-01,2.33942850e-02,1.51587837e+02,2.29263993e+01
1.00000000e+00,-1.33659610e-02,2.23854144e-01,2.01529812e-02,1.10029661e-03,-9.33648265e+00,2.59505313e-02,1.55400211e-01,2.34101751e-02,1.52292206e+02,2.29419716e+01
1.00200000e+00,-1.29275905e-02,2.14182933e-01,2.01652520e-02,1.19102782e-02,-9.37811366e+00,1.76685096e-02,1.77003146e-01,2.80835194e-02,1.73463083e+02,2.75218490e+01
1.00400000e+00,-1.25093100e-02,2.04390608e-01,2.02003000e-02,2.22370498e-02,-9.41974468e+00,1.09723690e-02,1.54774639e-01,2.24414028e-02,1.51679146e+02,2.19925747e+01
1.00600000e+00,-1.21095575e-02,1.95304141e-01,2.02526557e-02,3.02471780e-02,-9.45186300e+00,5.86314325e-03,1.57208992e-01,2.32924582e-02,1.54064812e+02,2.28266091e+01
1.00800000e+00,-1.17282265e-02,1.86017965e-01,2.03212576e-02,3.82106985e-02,-9.45186300e+00,2.34162092e-03,1.56290510e-01,2.24382667e-02,1.53164700e+02,2.19895014e+01
1.01000000e+00,-1.13656138e-02,1.76539520e-01,2.04054899e-02,4.61612480e-02,-9.45186300e+00,4.08345627e-04,1.58703259e-01,2.33823759e-02,1.55529194e+02,2.29147284e+01
1.01200000e+00,-1.10222681e-02,1.66761658e-01,2.05063341e-02,5.47590119e-02,-9.45186300e+00,0.00000000e+00,1.60444538e-01,2.39373555e-02,1.57235647e+02,2.34586083e+01
1.01400000e+00,-1.06986529e-02,1.56855252e-01,2.06243394e-02,6.30771146e-02,-9.45186300e+00,0.00000000e+00,1.59024798e-01,2.29604816e-02,1.55844302e+02,2.25012720e+01
1.01600000e+00,-1.03949055e-02,1.46861213e-01,2.07583291e-02,7.09249661e-02,-9.45186300e+00,0.00000000e+00,1.59972034e-01,2.31385131e-02,1.56772594e+02,2.26757429e+01
1.01800000e+00,-1.01113038e-02,1.36723571e-01,2.09079454e-02,7.86320238e-02,-9.45186300e+00,0.00000000e+00,1.60024005e-01,2.28755227e-02,1.56823525e+02,2.24180122e+01
1.02000000e+00,-9.84809156e-03,1.26465421e-01,2.10727062e-02,8.61126111e-02,-9.45186300e+00,0.00000000e+00,1.60597549e-01,2.28954644e-02,1.57385598e+02,2.24375551e+01
1.02200000e+00,-9.60632514e-03,1.14882772e-01,2.12542585e-02,9.63867989e-02,-9.45186300e+00,0.00000000e+00,1.88954849e-01,2.89948474e-02,1.85175752e+02,2.84149504e+01
1.02400000e+00,-9.38857598e-03,1.03276826e-01,2.14578185e-02,1.06009078e-01,-9.45186300e+00,0.00000000e+00,1.59315357e-01,2.18135036e-02,1.56129050e+02,2.13772336e+01
1.02600000e+00,-9.19251367e-03,9.27270844e-02,2.16763119e-02,1.12657140e-01,-9.45186300e+00,0.00000000e+00,1.62630808e-01,2.30614535e-02,1.59378192e+02,2.26002245e+01
1.02800000e+00,-9.01777485e-03,8.20165467e-02,2.19084600e-02,1.19324517e-01,-9.45186300e+00,0.00000000e+00,1.61602568e-01,2.21828964e-02,1.58370517e+02,2.17392385e+01
1.03000000e+00,-8.86453541e-03,7.11741276e-02,2.21535931e-02,1.25966535e-01,-9.45186300e+00,0.00000000e+00,1.64417537e-01,2.33557680e-02,1.61129187e+02,2.28886526e+01
1.03200000e+00,-8.73323571e-03,6.00956585e-02,2.24127557e-02,1.33252897e-01,-9.45186300e+00,0.00000000e+00,1.66001502e-01,2.39026569e-02,1.62681472e+02,2.34246038e+01
1.03400000e+00,-8.62417021e-03,4.89910335e-02,2.26862923e-02,1.40070705e-01,-9.45186300e+00,0.00000000e+00,1.64092986e-01,2.27601695e-02,1.60811126e+02,2.23049661e+01
1.03600000e+00,-8.53724788e-03,3.79219525e-02,2.29725369e-02,1.46136202e-01,-9.45186300e+00,0.00000000e+00,1.64416223e-01,2.27299840e-02,1.61127899e+02,2.22753843e+01
1.03800000e+00,-8.47250142e-03,2.68243505e-02,2.32705838e-02,1.51821842e-01,-9.45186300e+00,0.00000000e+00,1.64185609e-01,2.23862753e-02,1.60901896e+02,2.19385498e+01
1.04000000e+00,-8.42995799e-03,1.57154764e-02,2.35795326e-02,1.57069923e-01,-9.45186300e+00,0.00000000e+00,1.64286999e-01,2.22507344e-02,1.61001259e+02,2.18057197e+01
1.04200000e+00,-8.41057969e-03,3.19644603e-03,2.39009663e-02,1.65471761e-01,-9.45186300e+00,0.00000000e+00,1.96929837e-01,2.94622322e-02,1.92991240e+02,2.88729876e+01
1.04400000e+00,-8.41711960e-03,-9.24371007e-03,2.42409543e-02,1.73176048e-01,-9.45186300e+00,0.00000000e+00,1.62444516e-01,2.12685787e-02,1.59195626e+02,2.08432072e+01
1.04600000e+00,-8.44666041e-03,-2.03427441e-02,2.45913185e-02,1.77352436e-01,-9.45186300e+00,0.00000000e+00,1.65787405e-01,2.25560485e-02,1.62471657e+02,2.21049276e+01
1.04800000e+00,-8.49854319e-03,-3.15207012e-02,2.49503412e-02,1.81494588e-01,-9.45186300e+00,0.00000000e+00,1.64666569e-01,2.17078464e-02,1.61373237e+02,2.12736894e+01
1.05000000e+00,-8.57277947e-03,-4.27530292e-02,2.53172870e-02,1.85621961e-01,-9.45186300e+00,0.00000000e+00,1.67618227e-01,2.30476195e-02,1.64265863e+02,2.25866671e+01
1.05200000e+00,-8.66967419e-03,-5.41636777e-02,2.56933481e-02,1.90527737e-01,-9.45186300e+00,0.00000000e+00,1.69577938e-01,2.38769788e-02,1.66186379e+02,2.33994392e+01
1.05400000e+00,-8.78938944e-03,-6.55072221e-02,2.60790438e-02,1.94902451e-01,-9.45186300e+00,0.00000000e+00,1.66980968e-01,2.24820203e-02,1.63641349e+02,2.20323799e+01
1.05600000e+00,-8.93159771e-03,-7.66927233e-02,2.64723057e-02,1.98298990e-01,-9.45186300e+00,0.00000000e+00,1.67000083e-01,2.23841802e-02,1.63660081e+02,2.19364966e+01
1.05800000e+00,-9.09610870e-03,-8.78007836e-02,2.68719152e-02,2.01208707e-01,-9.45186300e+00,0.00000000e+00,1.66468914e-01,2.20298212e-02,1.63139536e+02,2.15892248e+01
1.06000000e+00,-9.28273459e-03,-9.88094563e-02,2.72767704e-02,2.03563282e-01,-9.45186300e+00,0.00000000e+00,1.66156139e-01,2.17963062e-02,1.62833016e+02,2.13603801e+01
1.06200000e+00,-9.49229731e-03,-1.11244205e-01,2.76884685e-02,2.09367601e-01,-9.45186300e+00,0.00000000e+00,2.01454484e-01,2.98571129e-02,1.97425395e+02,2.92599707e+01
1.06400000e+00,-9.72759761e-03,-1.23508318e-01,2.81137588e-02,2.14449355e-01,-9.45186300e+00,0.00000000e+00,1.64037371e-01,2.08845239e-02,1.60756624e+02,2.04668334e+01
1.06600000e+00,-9.98530280e-03,-1.34230830e-01,2.85436797e-02,2.15652020e-01,-9.45186300e+00,0.00000000e+00,1.67491448e-01,2.23286541e-02,1.64141619e+02,2.18820810e+01
1.06800000e+00,-1.02645266e-02,-1.44961836e-01,2.89764022e-02,2.16907744e-01,-9.45186300e+00,0.00000000e+00,1.66471303e-01,2.16134901e-02,1.63141877e+02,2.11812203e+01
1.07000000e+00,-1.05651250e-02,-1.55655084e-01,2.94112816e-02,2.18119741e-01,-9.45186300e+00,0.00000000e+00,1.69019445e-01,2.28576941e-02,1.65639056e+02,2.24005402e+01
1.07200000e+00,-1.08872009e-02,-1.66429291e-01,2.98493710e-02,2.20066436e-01,-9.45186300e+00,0.00000000e+00,1.70948330e-01,2.37807097e-02,1.67529364e+02,2.33050955e+01
1.07400000e+00,-1.12307337e-02,-1.77040815e-01,3.02911789e-02,2.21460678e-01,-9.45186300e+00,0.00000000e+00,1.67978773e-01,2.23285640e-02,1.64619198e+02,2.18819927e+01
1.07600000e+00,-1.15951896e-02,-1.87390440e-01,3.07345146e-02,2.21806237e-01,-9.45186300e+00,0.00000000e+00,1.67761239e-01,2.22126902e-02,1.64406014e+02,2.17684364e+01
1.07800000e+00,-1.19801783e-02,-1.97564352e-01,3.11780452e-02,2.21613812e-01,-9.45186300e+00,0.00000000e+00,1.66973945e-01,2.18329846e-02,1.63634466e+02,2.13963249e+01
1.08000000e+00,-1.23853188e-02,-2.07546093e-01,3.16205930e-02,2.20856207e-01,-9.45186300e+00,0.00000000e+00,1.66537098e-01,2.16588644e-02,1.63206356e+02,2.12256871e+01
1.08200000e+00,-1.28112657e-02,-2.18882276e-01,3.20638656e-02,2.23691466e-01,-9.45186300e+00,0.00000000e+00,2.02056498e-01,3.00070209e-02,1.98015368e+02,2.94068805e+01
1.08400000e+00,-1.32606803e-02,-2.29967021e-01,3.25148992e-02,2.25837619e-01,-9.45186300e+00,0.00000000e+00,1.64282767e-01,2.08552746e-02,1.60997112e+02,2.04381691e+01
1.08600000e+00,-1.37300473e-02,-2.39422170e-01,3.29645943e-02,2.24051353e-01,-9.45186300e+00,0.00000000e+00,1.67770260e-01,2.23960959e-02,1.64414855e+02,2.19481739e+01
1.08800000e+00,-1.42183170e-02,-2.48799314e-01,3.34111446e-02,2.22325229e-01,-9.45186300e+00,0.00000000e+00,1.66407369e-01,2.16200766e-02,1.63079222e+02,2.11876751e+01
1.09000000e+00,-1.47251529e-02,-2.58038949e-01,3.38538291e-02,2.20499768e-01,-9.45186300e+00,0.00000000e+00,1.68656786e-01,2.28207955e-02,1.65283651e+02,2.23643795e+01
1.09200000e+00,-1.52504725e-02,-2.67278196e-01,3.42936530e-02,2.19438101e-01,-9.45186300e+00,0.00000000e+00,1.70648907e-01,2.38520812e-02,1.67235929e+02,2.33750395e+01
1.09400000e+00,-1.57941116e-02,-2.76286368e-01,3.47312754e-02,2.17917505e-01,-9.45186300e+00,0.00000000e+00,1.67657989e-01,2.24831898e-02,1.64304830e+02,2.20335260e+01
1.09600000e+00,-1.63553876e-02,-2.84949023e-01,3.51646370e-02,2.15368040e-01,-9.45186300e+00,0.00000000e+00,1.67121388e-01,2.23125809e-02,1.63778961e+02,2.18663292e+01
1.09800000e+00,-1.69337314e-02,-2.93347148e-01,3.55923900e-02,2.12282253e-01,-9.45186300e+00,0.00000000e+00,1.66163333e-01,2.19697425e-02,1.62840066e+02,2.15303476e+01
1.10000000e+00,-1.75285981e-02,-3.01478158e-01,3.60134367e-02,2.08702571e-01,-9.45186300e+00,0.00000000e+00,1.65702332e-01,2.18788251e-02,1.62388285e+02,2.14412486e+01
1.10200000e+00,-1.81403965e-02,-3.10737821e-01,3.64294644e-02,2.08518475e-01,-9.45186300e+00,0.00000000e+00,1.97495114e-01,2.96919717e-02,1.93545211e+02,2.90981323e+01
1.10400000e+00,-1.87713281e-02,-3.19665664e-01,3.68470555e-02,2.07652068e-01,-9.45186300e+00,0.00000000e+00,1.63060465e-01,2.10429832e-02,1.59799256e+02,2.06221236e+01
1.10600000e+00,-1.94179945e-02,-3.26996696e-01,3.72575214e-02,2.02959028e-01,-9.45186300e+00,0.00000000e+00,1.65430839e-01,2.22482208e-02,1.62122222e+02,2.18032564e+01
1.10800000e+00,-2.00791862e-02,-3.34134601e-01,3.76588600e-02,1.98218696e-01,-9.45186300e+00,0.00000000e+00,1.63915716e-01,2.15189257e-02,1.60637401e+02,2.10885472e+01
1.11000000e+00,-2.07543793e-02,-3.41042088e-01,3.80503053e-02,1.93342095e-01,-9.45186300e+00,0.00000000e+00,1.65530099e-01,2.25234388e-02,1.62219497e+02,2.20729701e+01
1.11200000e+00,-2.14432905e-02,-3.47853568e-01,3.84326899e-02,1.89157597e-01,-9.45186300e+00,0.00000000e+00,1.67268177e-01,2.35196683e-02,1.63922814e+02,2.30492750e+01
1.11400000e+00,-2.21456022e-02,-3.54377975e-01,3.88067138e-02,1.84640225e-01,-9.45186300e+00,0.00000000e+00,1.64528149e-01,2.23608068e-02,1.61237586e+02,2.19135906e+01
1.11600000e+00,-2.28605459e-02,-3.60517707e-01,3.91707087e-02,1.79309822e-01,-9.45186300e+00,0.00000000e+00,1.64090386e-01,2.23352645e-02,1.60808579e+02,2.18885592e+01
1.11800000e+00,-2.35874692e-02,-3.66351634e-01,3.95237183e-02,1.73627386e-01,-9.45186300e+00,0.00000000e+00,1.63292321e-01,2.21284795e-02,1.60026474e+02,2.16859099e+01
1.12000000e+00,-2.43257363e-02,-3.71861259e-01,3.98649349e-02,1.67519961e-01,-9.45186300e+00,0.00000000e+00,1.62516269e-01,2.19331287e-02,1.59265943e+02,2.14944661e+01
1.12200000e+00,-2.50754518e-02,-3.78177171e-01,4.01957919e-02,1.64402664e-01,-9.45186300e+00,0.00000000e+00,1.88228792e-01,2.88791242e-02,1.84464216e+02,2.83015417e+01
1.12400000e+00,-2.58382152e-02,-3.84148565e-01,4.05222644e-02,1.60864009e-01,-9.45186300e+00,0.00000000e+00,1.60666252e-01,2.15160370e-02,1.57452927e+02,2.10857163e+01
1.12600000e+00,-2.66111242e-02,-3.88737227e-01,4.08370518e-02,1.54031404e-01,-9.45186300e+00,0.00000000e+00,1.62208684e-01,2.24176483e-02,1.58964511e+02,2.19692953e+01
1.12800000e+00,-2.73929821e-02,-3.93052803e-01,4.11383454e-02,1.47131820e-01,-9.45186300e+00,0.00000000e+00,1.60649555e-01,2.18086297e-02,1.57436564e+02,2.13724571e+01
1.13000000e+00,-2.81831342e-02,-3.97066635e-01,4.14254853e-02,1.40091528e-01,-9.45186300e+00,0.00000000e+00,1.61591428e-01,2.25354107e-02,1.58359599e+02,2.20847025e+01
1.13200000e+00,-2.89811160e-02,-4.00881514e-01,4.16990411e-02,1.33545646e-01,-9.45186300e+00,0.00000000e+00,1.62498992e-01,2.32398939e-02,1.59249013e+02,2.27750960e+01
1.13400000e+00,-2.97864279e-02,-4.04347926e-01,4.19594660e-02,1.26696946e-01,-9.45186300e+00,0.00000000e+00,1.60008167e-01,2.22745547e-02,1.56808004e+02,2.18290636e+01
1.13600000e+00,-3.05982454e-02,-4.07420898e-01,4.22054803e-02,1.19325292e-01,-9.45186300e+00,0.00000000e+00,1.59919669e-01,2.24966718e-02,1.56721275e+02,2.20467383e+01
1.13800000e+00,-3.14158842e-02,-4.10152927e-01,4.24366266e-02,1.11742831e-01,-9.45186300e+00,0.00000000e+00,1.58704445e-01,2.21653420e-02,1.55530356e+02,2.17220352e+01
1.14000000e+00,-3.22386146e-02,-4.12521227e-01,4.26522457e-02,1.03851595e-01,-9.45186300e+00,0.00000000e+00,1.58126522e-01,2.21597929e-02,1.54963991e+02,2.17165970e+01
1.14200000e+00,-3.30662312e-02,-4.15282692e-01,4.28535037e-02,9.81660966e-02,-9.45186300e+00,0.00000000e+00,1.74637252e-01,2.70853290e-02,1.71144507e+02,2.65436225e+01
1.14400000e+00,-3.38995140e-02,-4.17697122e-01,4.30447465e-02,9.22354553e-02,-9.45186300e+00,0.00000000e+00,1.56808436e-01,2.19205193e-02,1.53672267e+02,2.14821089e+01
1.14600000e+00,-3.47363411e-02,-4.19093651e-01,4.32209515e-02,8.40639187e-02,-9.45186300e+00,0.00000000e+00,1.57676988e-01,2.26367820e-02,1.54523448e+02,2.21840463e+01
1.14800000e+00,-3.55756810e-02,-4.20178905e-01,4.33810184e-02,7.59166700e-02,-9.45186300e+00,0.00000000e+00,1.56381823e-01,2.22034566e-02,1.53254186e+02,2.17593874e+01
1.15000000e+00,-3.64168284e-02,-4.20921699e-01,4.35245359e-02,6.76460791e-02,-9.45186300e+00,0.00000000e+00,1.56537899e-01,2.25863057e-02,1.53407141e+02,2.21345796e+01
1.15200000e+00,-3.72592036e-02,-4.21418240e-01,4.36518853e-02,5.97994091e-02,-9.45186300e+00,0.00000000e+00,1.57501911e-01,2.32784370e-02,1.54351873e+02,2.28128683e+01
1.15400000e+00,-3.81022820e-02,-4.21585693e-01,4.37637128e-02,5.19216422e-02,-9.45186300e+00,0.00000000e+00,1.55729272e-01,2.26839588e-02,1.52614687e+02,2.22302796e+01
1.15600000e+00,-3.89452980e-02,-4.21380537e-01,4.38593882e-02,4.37683596e-02,-9.45186300e+00,0.00000000e+00,1.55677395e-01,2.28401420e-02,1.52563847e+02,2.23833392e+01
1.15800000e+00,-3.97875769e-02,-4.20834642e-01,4.39387602e-02,3.55759471e-02,-9.45186300e+00,0.00000000e+00,1.54644844e-01,2.27185461e-02,1.51551947e+02,2.22641751e+01
1.16000000e+00,-4.06284040e-02,-4.19939931e-01,4.40016696e-02,2.73499461e-02,-9.45186300e+00,0.00000000e+00,1.54393823e-01,2.28628749e-02,1.51305947e+02,2.24056174e+01
1.16200000e+00,-4.14672978e-02,-4.18986971e-01,4.40489153e-02,2.02568072e-02,-9.45186300e+00,0.00000000e+00,1.60135847e-01,2.51669613e-02,1.56933130e+02,2.46636221e+01
1.16400000e+00,-4.23041283e-02,-4.17698661e-01,4.40826466e-02,1.30884039e-02,-9.45186300e+00,0.00000000e+00,1.53393537e-01,2.27558508e-02,1.50325666e+02,2.23007338e+01
1.16600000e+00,-4.31376955e-02,-4.15814955e-01,4.41005319e-02,4.81450936e-03,-9.45186300e+00,0.00000000e+00,1.53035106e-01,2.28754683e-02,1.49974403e+02,2.24179589e+01
1.16800000e+00,-4.39671618e-02,-4.13591786e-01,4.41018857e-02,-3.48775224e-03,-9.45186300e+00,0.00000000e+00,1.52241177e-01,2.27016200e-02,1.49196353e+02,2.22475876e+01
1.17000000e+00,-4.47918317e-02,-4.11022261e-01,4.40865380e-02,-1.18542995e-02,-9.45186300e+00,0.00000000e+00,1.51683935e-01,2.27220246e-02,1.48650256e+02,2.22675841e+01
1.17200000e+00,-4.56110516e-02,-4.08153930e-01,4.40546186e-02,-1.99958050e-02,-9.45186300e+00,0.00000000e+00,1.51957916e-01,2.31317349e-02,1.48918758e+02,2.26691002e+01
1.17400000e+00,-4.64242386e-02,-4.04972397e-01,4.40066308e-02,-2.80233584e-02,-9.45186300e+00,0.00000000e+00,1.51016233e-01,2.28959201e-02,1.47995908e+02,2.24380017e+01
1.17600000e+00,-4.72307137e-02,-4.01449602e-01,4.39424799e-02,-3.61187667e-02,-9.45186300e+00,0.00000000e+00,1.50581188e-01,2.29009713e-02,1.47569564e+02,2.24429519e+01
1.17800000e+00,-4.80298285e-02,-3.97613980e-01,4.38622488e-02,-4.40744777e-02,-9.45186300e+00,0.00000000e+00,1.50245089e-01,2.30777916e-02,1.47240188e+02,2.26162358e+01
1.18000000e+00,-4.88209501e-02,-3.93449049e-01,4.37662364e-02,-5.19485384e-02,-9.45186300e+00,0.00000000e+00,1.49361035e-01,2.29384043e-02,1.46373815e+02,2.24796362e+01
1.18200000e+00,-4.96034195e-02,-3.88976373e-01,4.36546582e-02,-5.95173361e-02,-9.45186300e+00,0.00000000e+00,1.49459469e-01,2.35622770e-02,1.46470280e+02,2.30910315e+01
1.18400000e+00,-5.03766853e-02,-3.84248314e-01,4.35283587e-02,-6.67986713e-02,-9.45186300e+00,0.00000000e+00,1.49724928e-01,2.33643256e-02,1.46730429e+02,2.28970391e+01
1.18600000e+00,-5.11402158e-02,-3.79224870e-01,4.33874100e-02,-7.41602422e-02,-9.45186300e+00,0.00000000e+00,1.48810268e-01,2.31955076e-02,1.45834062e+02,2.27315974e+01
1.18800000e+00,-5.18933659e-02,-3.73873167e-01,4.32317248e-02,-8.15111918e-02,-9.45186300e+00,0.00000000e+00,1.48224196e-01,2.31672184e-02,1.45259713e+02,2.27038741e+01
1.19000000e+00,-5.26355097e-02,-3.68223245e-01,4.30614429e-02,-8.87457877e-02,-9.45186300e+00,0.00000000e+00,1.47922843e-01,2.31994372e-02,1.44964386e+02,2.27354485e+01
1.19200000e+00,-5.33660666e-02,-3.62284922e-01,4.28768455e-02,-9.58246746e-02,-9.45186300e+00,0.00000000e+00,1.47472810e-01,2.32332414e-02,1.44523354e+02,2.27685766e+01
1.19400000e+00,-5.40844618e-02,-3.56065267e-01,4.26782758e-02,-1.02706125e-01,-9.45186300e+00,0.00000000e+00,1.47238513e-01,2.33330110e-02,1.44293743e+02,2.28663508e+01
1.19600000e+00,-5.47901410e-02,-3.49565653e-01,4.24661563e-02,-1.09384744e-01,-9.45186300e+00,0.00000000e+00,1.46717889e-01,2.33586932e-02,1.43783531e+02,2.28915193e+01
1.19800000e+00,-5.54825401e-02,-3.42789561e-01,4.22408482e-02,-1.15896287e-01,-9.45186300e+00,0.00000000e+00,1.46457666e-01,2.33645054e-02,1.43528513e+02,2.28972153e+01
1.20000000e+00,-5.61611233e-02,-3.35749460e-01,4.20027018e-02,-1.22211841e-01,-9.45186300e+00,0.00000000e+00,1.46116723e-01,2.34324581e-02,1.43194389e+02,2.29638089e+01
1.20200000e+00,-5.68251720e-02,-3.28160539e-01,4.17516813e-02,-1.29006715e-01,-9.45186300e+00,0.00000000e+00,1.39084409e-01,2.20025035e-02,1.36302721e+02,2.15624534e+01
1.20400000e+00,-5.74736327e-02,-3.20372452e-01,4.14869519e-02,-1.35386279e-01,-9.45186300e+00,0.00000000e+00,1.46788380e-01,2.39287508e-02,1.43852613e+02,2.34501758e+01
1.20600000e+00,-5.81066983e-02,-3.12639101e-01,4.12107403e-02,-1.40859701e-01,-9.45186300e+00,0.00000000e+00,1.45562665e-01,2.35121299e-02,1.42651412e+02,2.30418873e+01
1.20800000e+00,-5.87240174e-02,-3.04648219e-01,4.09235965e-02,-1.46208062e-01,-9.45186300e+00,0.00000000e+00,1.45842392e-01,2.37832623e-02,1.42925544e+02,2.33075970e+01
1.21000000e+00,-5.93251401e-02,-2.96430648e-01,4.06260713e-02,-1.51311567e-01,-9.45186300e+00,0.00000000e+00,1.45206030e-01,2.36031309e-02,1.42301909e+02,2.31310683e+01
1.21200000e+00,-5.99095612e-02,-2.87944923e-01,4.03183273e-02,-1.56449425e-01,-9.45186300e+00,0.00000000e+00,1.44381587e-01,2.32736131e-02,1.41493955e+02,2.28081408e+01
1.21400000e+00,-6.04767805e-02,-2.79250292e-01,4.00004702e-02,-1.61292331e-01,-9.45186300e+00,0.00000000e+00,1.44990200e-01,2.37701759e-02,1.42090396e+02,2.32947724e+01
1.21600000e+00,-6.10264402e-02,-2.70372492e-01,3.96734542e-02,-1.65690970e-01,-9.45186300e+00,0.00000000e+00,1.44624511e-01,2.37407751e-02,1.41732021e+02,2.32659596e+01
1.21800000e+00,-6.15581259e-02,-2.61277900e-01,3.93378264e-02,-1.69909490e-01,-9.45186300e+00,0.00000000e+00,1.44301610e-01,2.36705089e-02,1.41415577e+02,2.31970987e+01
1.22000000e+00,-6.20714052e-02,-2.51963450e-01,3.89939181e-02,-1.73975229e-01,-9.45186300e+00,0.00000000e+00,1.43714914e-01,2.35718348e-02,1.40840615e+02,2.31003981e+01
1.22200000e+00,-6.25652899e-02,-2.41614284e-01,3.86406750e-02,-1.79916445e-01,-9.45186300e+00,0.00000000e+00,1.24195742e-01,1.92314081e-02,1.21711828e+02,1.88467799e+01
1.22400000e+00,-6.30378177e-02,-2.31198018e-01,3.82747679e-02,-1.85084516e-01,-9.45186300e+00,0.00000000e+00,1.46048017e-01,2.46744226e-02,1.43127057e+02,2.41809342e+01
1.22600000e+00,-6.34905321e-02,-2.21457005e-01,3.79019112e-02,-1.87891355e-01,-9.45186300e+00,0.00000000e+00,1.43709767e-01,2.36560807e-02,1.40835572e+02,2.31829591e+01
1.22800000e+00,-6.39235032e-02,-2.11502337e-01,3.75231991e-02,-1.90703353e-01,-9.45186300e+00,0.00000000e+00,1.44630499e-01,2.41237720e-02,1.41737889e+02,2.36412965e+01
1.23000000e+00,-6.43364595e-02,-2.01424718e-01,3.71393976e-02,-1.93065732e-01,-9.45186300e+00,0.00000000e+00,1.44248808e-01,2.40525219e-02,1.41363831e+02,2.35714715e+01
1.23200000e+00,-6.47290563e-02,-1.91128402e-01,3.67508722e-02,-1.95523935e-01,-9.45186300e+00,0.00000000e+00,1.42766853e-01,2.33685764e-02,1.39911516e+02,2.29012049e+01
1.23400000e+00,-6.51008688e-02,-1.80675642e-01,3.63574353e-02,-1.97781935e-01,-9.45186300e+00,0.00000000e+00,1.43670945e-01,2.39116729e-02,1.40797526e+02,2.34334395e+01
1.23600000e+00,-6.54517036e-02,-1.70140001e-01,3.59601130e-02,-1.99487286e-01,-9.45186300e+00,0.00000000e+00,1.43737049e-01,2.39617015e-02,1.40862308e+02,2.34824675e+01
1.23800000e+00,-6.57813423e-02,-1.59474610e-01,3.55596306e-02,-2.00976018e-01,-9.45186300e+00,0.00000000e+00,1.43373389e-01,2.37948545e-02,1.40505921e+02,2.33189574e+01
1.24000000e+00,-6.60895352e-02,-1.48708926e-01,3.51564517e-02,-2.02100538e-01,-9.45186300e+00,0.00000000e+00,1.43953229e-01,2.41507121e-02,1.41074164e+02,2.36676978e+01
1.24200000e+00,-6.63751383e-02,-1.36383747e-01,3.47487829e-02,-2.06892841e-01,-9.45186300e+00,0.00000000e+00,1.09311817e-01,1.55152046e-02,1.07125581e+02,1.52049005e+01
1.24400000e+00,-6.66351175e-02,-1.24129450e-01,3.43295456e-02,-2.10687763e-01,-9.45186300e+00,0.00000000e+00,1.47784016e-01,2.56475318e-02,1.44828336e+02,2.51345812e+01
1.24600000e+00,-6.68725802e-02,-1.13261304e-01,3.39088366e-02,-2.10275733e-01,-9.45186300e+00,0.00000000e+00,1.43685030e-01,2.37443176e-02,1.40811329e+02,2.32694313e+01
1.24800000e+00,-6.70880300e-02,-1.02194150e-01,3.34882520e-02,-2.10149660e-01,-9.45186300e+00,0.00000000e+00,1.44937691e-01,2.44464866e-02,1.42038937e+02,2.39575568e+01
1.25000000e+00,-6.72813471e-02,-9.11123855e-02,3.30686276e-02,-2.09439168e-01,-9.45186300e+00,0.00000000e+00,1.44966903e-01,2.43712749e-02,1.42067565e+02,2.38838494e+01
1.25200000e+00,-6.74523966e-02,-7.99062010e-02,3.26504177e-02,-2.08845215e-01,-9.45186300e+00,0.00000000e+00,1.43472269e-01,2.36041555e-02,1.40602824e+02,2.31320724e+01
1.25400000e+00,-6.76009442e-02,-6.86584861e-02,3.22334472e-02,-2.07950691e-01,-9.45186300e+00,0.00000000e+00,1.45255060e-01,2.44062074e-02,1.42349959e+02,2.39180832e+01
1.25600000e+00,-6.77270330e-02,-5.74144654e-02,3.18189218e-02,-2.06595795e-01,-9.45186300e+00,0.00000000e+00,1.44633721e-01,2.39777366e-02,1.41741046e+02,2.34981818e+01
1.25800000e+00,-6.78305835e-02,-4.61426229e-02,3.14071930e-02,-2.05047391e-01,-9.45186300e+00,0.00000000e+00,1.45496280e-01,2.42235995e-02,1.42586355e+02,2.37391275e+01
1.26000000e+00,-6.79116098e-02,-3.48802932e-02,3.09989909e-02,-2.03111033e-01,-9.45186300e+00,0.00000000e+00,1.45563405e-01,2.42081348e-02,1.42652137e+02,2.37239721e+01
1.26200000e+00,-6.79688211e-02,-2.16927964e-02,3.05912545e-02,-2.06415473e-01,-9.45186300e+00,0.00000000e+00,1.01028485e-01,1.26412944e-02,9.90079157e+01,1.23884685e+01
1.26400000e+00,-6.79984972e-02,-8.67952357e-03,3.01740869e-02,-2.08583746e-01,-9.45186300e+00,0.00000000e+00,1.49932767e-01,2.59987677e-02,1.46934112e+02,2.54787923e+01
1.26600000e+00,-6.80048128e-02,2.42347354e-03,2.97606934e-02,-2.05091514e-01,-9.45186300e+00,0.00000000e+00,1.45763192e-01,2.39305987e-02,1.42847929e+02,2.34519867e+01
1.26800000e+00,-6.79887080e-02,1.36694926e-02,2.93533703e-02,-2.02125077e-01,-9.45186300e+00,0.00000000e+00,1.46505207e-01,2.43120676e-02,1.43575103e+02,2.38258263e+01
1.27000000e+00,-6.79501869e-02,2.48373238e-02,2.89525383e-02,-1.98640955e-01,-9.45186300e+00,0.00000000e+00,1.47321418e-01,2.44432065e-02,1.44374989e+02,2.39543424e+01
1.27200000e+00,-6.78893600e-02,3.60030979e-02,2.85587684e-02,-1.95213880e-01,-9.45186300e+00,0.00000000e+00,1.46102249e-01,2.36283640e-02,1.43180204e+02,2.31557967e+01
1.27400000e+00,-6.78062312e-02,4.70838377e-02,2.81719230e-02,-1.91426422e-01,-9.45186300e+00,0.00000000e+00,1.48675240e-01,2.46455534e-02,1.45701735e+02,2.41526424e+01
1.27600000e+00,-6.77011084e-02,5.80390737e-02,2.77934424e-02,-1.87069527e-01,-9.45186300e+00,0.00000000e+00,1.48221510e-01,2.42811408e-02,1.45257080e+02,2.37955180e+01
1.27800000e+00,-6.75741189e-02,6.89283130e-02,2.74238105e-02,-1.82464321e-01,-9.45186300e+00,0.00000000e+00,1.49225296e-01,2.46368726e-02,1.46240790e+02,2.41441352e+01
1.28000000e+00,-6.74254407e-02,7.97491385e-02,2.70637021e-02,-1.77683601e-01,-9.45186300e+00,0.00000000e+00,1.48650627e-01,2.41331389e-02,1.45677615e+02,2.36504761e+01
1.28200000e+00,-6.72535938e-02,9.28626157e-02,2.67084948e-02,-1.79773758e-01,-9.45186300e+00,0.00000000e+00,9.42996789e-02,9.70738711e-03,9.24136853e+01,9.51323937e+00
1.28400000e+00,-6.70541813e-02,1.05689554e-01,2.63454512e-02,-1.80598526e-01,-9.45186300e+00,0.00000000e+00,1.53774296e-01,2.62719850e-02,1.50698810e+02,2.57465453e+01
1.28600000e+00,-6.68324472e-02,1.16099270e-01,2.59907618e-02,-1.74432143e-01,-9.45186300e+00,0.00000000e+00,1.49015939e-01,2.38724686e-02,1.46035620e+02,2.33950192e+01
1.28800000e+00,-6.65897306e-02,1.26589447e-01,2.56472319e-02,-1.69001776e-01,-9.45186300e+00,0.00000000e+00,1.49955689e-01,2.42341512e-02,1.46956575e+02,2.37494682e+01
1.29000000e+00,-6.63261993e-02,1.36914772e-01,2.53150573e-02,-1.63117479e-01,-9.45186300e+00,0.00000000e+00,1.50759090e-01,2.43483533e-02,1.47743908e+02,2.38613862e+01
1.29200000e+00,-6.60421168e-02,1.47172130e-01,2.49946422e-02,-1.57412817e-01,-9.45186300e+00,0.00000000e+00,1.49266698e-01,2.33969879e-02,1.46281364e+02,2.29290481e+01
1.29400000e+00,-6.57376600e-02,1.57205631e-01,2.46858186e-02,-1.51089462e-01,-9.45186300e+00,0.00000000e+00,1.53545975e-01,2.52033637e-02,1.50475056e+02,2.46992964e+01
1.29600000e+00,-6.54134462e-02,1.67011263e-01,2.43906474e-02,-1.44221514e-01,-9.45186300e+00,0.00000000e+00,1.51984732e-01,2.41155556e-02,1.48945037e+02,2.36332445e+01
1.29800000e+00,-6.50696941e-02,1.76698259e-01,2.41088520e-02,-1.37474323e-01,-9.45186300e+00,0.00000000e+00,1.53551752e-01,2.45446159e-02,1.50480717e+02,2.40537236e+01
1.30000000e+00,-6.47067899e-02,1.86180163e-01,2.38409666e-02,-1.30402484e-01,-9.45186300e+00,0.00000000e+00,1.53853534e-01,2.44114156e-02,1.50776463e+02,2.39231873e+01
1.30200000e+00,-6.43236394e-02,1.97662979e-01,2.35825259e-02,-1.30403930e-01,-9.45186300e+00,0.00000000e+00,1.03712005e-01,9.32761630e-03,1.01637765e+02,9.14106398e+00
1.30400000e+00,-6.39163974e-02,2.08756839e-01,2.33202067e-02,-1.29122396e-01,-9.45186300e+00,0.00000000e+00,1.59666629e-01,2.67302648e-02,1.56473296e+02,2.61956595e+01
1.30600000e+00,-6.34901424e-02,2.17555230e-01,2.30707538e-02,-1.20764955e-01,-9.45186300e+00,0.00000000e+00,1.53907064e-01,2.38200088e-02,1.50828923e+02,2.33436086e+01
1.30800000e+00,-6.30461601e-02,2.26378236e-01,2.28365040e-02,-1.13371784e-01,-9.45186300e+00,0.00000000e+00,1.55503312e-01,2.43686442e-02,1.52393246e+02,2.38812714e+01
1.31000000e+00,-6.25848017e-02,2.34942839e-01,2.26175393e-02,-1.05569787e-01,-9.45186300e+00,0.00000000e+00,1.56214189e-01,2.43621547e-02,1.53089906e+02,2.38749116e+01
1.31200000e+00,-6.21064879e-02,2.43358702e-01,2.24140844e-02,-9.79783904e-02,-9.45186300e+00,0.00000000e+00,1.55108765e-01,2.36328057e-02,1.52006590e+02,2.31601496e+01
1.31400000e+00,-6.16115351e-02,2.51522286e-01,2.22258615e-02,-9.00333457e-02,-9.45186300e+00,0.00000000e+00,1.58102442e-01,2.48324170e-02,1.54940393e+02,2.43357687e+01
1.31600000e+00,-6.11005703e-02,2.59428499e-01,2.20541308e-02,-8.18186893e-02,-9.45186300e+00,0.00000000e+00,1.56984059e-01,2.39499890e-02,1.53844378e+02,2.34709893e+01
1.31800000e+00,-6.05739556e-02,2.67132984e-01,2.18985168e-02,-7.37090038e-02,-9.45186300e+00,0.00000000e+00,1.58549026e-01,2.43865022e-02,1.55378046e+02,2.38987722e+01
1.32000000e+00,-6.00322078e-02,2.74583358e-01,2.17593690e-02,-6.54880317e-02,-9.45186300e+00,0.00000000e+00,1.58530087e-01,2.39814218e-02,1.55359485e+02,2.35017934e+01
1.32200000e+00,-5.94743594e-02,2.83927835e-01,2.16316453e-02,-6.46449902e-02,-9.45186300e+00,0.00000000e+00,1.09770424e-01,8.71642560e-03,1.07575016e+02,8.54209709e+00
1.32400000e+00,-5.88967897e-02,2.92832554e-01,2.15016151e-02,-6.25636095e-02,-9.45186300e+00,0.00000000e+00,1.64130873e-01,2.63952416e-02,1.60848255e+02,2.58673368e+01
1.32600000e+00,-5.83045422e-02,2.99467790e-01,2.13860931e-02,-5.34292598e-02,-9.45186300e+00,0.00000000e+00,1.57994399e-01,2.33516661e-02,1.54834511e+02,2.28846327e+01
1.32800000e+00,-5.76989293e-02,3.06086902e-01,2.12871593e-02,-4.54028973e-02,-9.45186300e+00,0.00000000e+00,1.59591147e-01,2.39250065e-02,1.56399324e+02,2.34465063e+01
1.33000000e+00,-5.70804271e-02,3.12357286e-01,2.12048107e-02,-3.68828680e-02,-9.45186300e+00,0.00000000e+00,1.61120068e-01,2.42667804e-02,1.57897667e+02,2.37814448e+01
1.33200000e+00,-5.64496512e-02,3.18401035e-01,2.11394313e-02,-2.86576353e-02,-9.45186300e+00,0.00000000e+00,1.59762549e-01,2.32094060e-02,1.56567298e+02,2.27452178e+01
1.33400000e+00,-5.58070387e-02,3.24121231e-01,2.10903397e-02,-2.01931000e-02,-9.45186300e+00,0.00000000e+00,1.63458547e-01,2.46955893e-02,1.60189376e+02,2.42016775e+01
1.33600000e+00,-5.51533951e-02,3.29498213e-01,2.10588747e-02,-1.14049089e-02,-9.45186300e+00,0.00000000e+00,1.62468714e-01,2.38401688e-02,1.59219340e+02,2.33633654e+01
1.33800000e+00,-5.44892158e-02,3.34620237e-01,2.10445981e-02,-2.79970347e-03,-9.45186300e+00,0.00000000e+00,1.64015538e-01,2.42876240e-02,1.60735227e+02,2.38018715e+01
1.34000000e+00,-5.38151030e-02,3.39458990e-01,2.10476315e-02,5.73905240e-03,-9.45186300e+00,0.00000000e+00,1.63604939e-01,2.37015010e-02,1.60332840e+02,2.32274709e+01
1.34200000e+00,-5.31303577e-02,3.45830774e-01,2.10629886e-02,7.43031534e-03,-9.45186300e+00,0.00000000e+00,1.22626672e-01,9.93508210e-03,1.20174138e+02,9.73638045e+00
1.34400000e+00,-5.24320863e-02,3.51743162e-01,2.10780617e-02,1.01843189e-02,-9.45186300e+00,0.00000000e+00,1.68666643e-01,2.59536409e-02,1.65293310e+02,2.54345681e+01
1.34600000e+00,-5.17247122e-02,3.55664920e-01,2.11079501e-02,1.92743659e-02,-9.45186300e+00,0.00000000e+00,1.63383766e-01,2.32732588e-02,1.60116090e+02,2.28077936e+01
1.34800000e+00,-5.10095011e-02,3.59474975e-01,2.11545248e-02,2.74127750e-02,-9.45186300e+00,0.00000000e+00,1.65454244e-01,2.40194109e-02,1.62145159e+02,2.35390227e+01
1.35000000e+00,-5.02870587e-02,3.62915526e-01,2.12178183e-02,3.58768054e-02,-9.45186300e+00,0.00000000e+00,1.66134883e-01,2.40437013e-02,1.62812185e+02,2.35628273e+01
1.35200000e+00,-4.95579995e-02,3.66115267e-01,2.12977480e-02,4.39148888e-02,-9.45186300e+00,0.00000000e+00,1.65142986e-01,2.32361955e-02,1.61840126e+02,2.27714716e+01
1.35400000e+00,-4.88228370e-02,3.68955962e-01,2.13935956e-02,5.21294841e-02,-9.45186300e+00,0.00000000e+00,1.68535477e-01,2.45478528e-02,1.65164768e+02,2.40568957e+01
1.35600000e+00,-4.80823982e-02,3.71462864e-01,2.15062819e-02,6.03681667e-02,-9.45186300e+00,0.00000000e+00,1.66908737e-01,2.34442954e-02,1.63570562e+02,2.29754095e+01
1.35800000e+00,-4.73371690e-02,3.73694535e-01,2.16348544e-02,6.82860394e-02,-9.45186300e+00,0.00000000e+00,1.68892830e-01,2.40549489e-02,1.65514974e+02,2.35738499e+01
1.36000000e+00,-4.65878429e-02,3.75591944e-01,2.17793993e-02,7.61637864e-02,-9.45186300e+00,0.00000000e+00,1.68610489e-01,2.35633101e-02,1.65238279e+02,2.30920439e+01
1.36200000e+00,-4.58342394e-02,3.78332049e-01,2.19359982e-02,7.87753116e-02,-9.45186300e+00,0.00000000e+00,1.43059283e-01,1.32231113e-02,1.40198097e+02,1.29586491e+01
1.36400000e+00,-4.50747915e-02,3.80657102e-01,2.20949792e-02,8.21042371e-02,-9.45186300e+00,0.00000000e+00,1.72120940e-01,2.52956656e-02,1.68678521e+02,2.47897523e+01
1.36600000e+00,-4.43124922e-02,3.81660412e-01,2.22674471e-02,8.99808252e-02,-9.45186300e+00,0.00000000e+00,1.67726068e-01,2.30116736e-02,1.64371547e+02,2.25514401e+01
1.36800000e+00,-4.35482338e-02,3.82537673e-01,2.24541769e-02,9.67690861e-02,-9.45186300e+00,0.00000000e+00,1.68831361e-01,2.32752596e-02,1.65454734e+02,2.28097544e+01
1.37000000e+00,-4.27826059e-02,3.83018445e-01,2.26547511e-02,1.03898829e-01,-9.45186300e+00,0.00000000e+00,1.70743183e-01,2.40121068e-02,1.67328320e+02,2.35318647e+01
1.37200000e+00,-4.20163360e-02,3.83235371e-01,2.28695227e-02,1.10654477e-01,-9.45186300e+00,0.00000000e+00,1.68742442e-01,2.27940056e-02,1.65367594e+02,2.23381255e+01
1.37400000e+00,-4.12498610e-02,3.83157381e-01,2.30972162e-02,1.17180864e-01,-9.45186300e+00,0.00000000e+00,1.71377680e-01,2.38535573e-02,1.67950127e+02,2.33764861e+01
1.37600000e+00,-4.04839186e-02,3.82761185e-01,2.33381658e-02,1.23586676e-01,-9.45186300e+00,0.00000000e+00,1.69923927e-01,2.28824417e-02,1.66525449e+02,2.24247928e+01
1.37800000e+00,-3.97190076e-02,3.82077985e-01,2.35913683e-02,1.29700566e-01,-9.45186300e+00,0.00000000e+00,1.71837573e-01,2.36000722e-02,1.68400821e+02,2.31280707e+01
1.38000000e+00,-3.89558347e-02,3.81052665e-01,2.38569657e-02,1.35810913e-01,-9.45186300e+00,0.00000000e+00,1.71684333e-01,2.32518997e-02,1.68250647e+02,2.27868617e+01
1.38200000e+00,-3.81945164e-02,3.80448170e-01,2.41320165e-02,1.38028604e-01,-9.45186300e+00,0.00000000e+00,1.55785981e-01,1.58209108e-02,1.52670261e+02,1.55044925e+01
1.38400000e+00,-3.74342696e-02,3.79502391e-01,2.44093005e-02,1.40576612e-01,-9.45186300e+00,0.00000000e+00,1.73450464e-01,2.43408554e-02,1.69981455e+02,2.38540383e+01
1.38600000e+00,-3.66771117e-02,3.77649310e-01,2.46964410e-02,1.46301649e-01,-9.45186300e+00,0.00000000e+00,1.70798831e-01,2.28972576e-02,1.67382855e+02,2.24393124e+01
1.38800000e+00,-3.59237955e-02,3.75611493e-01,2.49939973e-02,1.51261935e-01,-9.45186300e+00,0.00000000e+00,1.71609608e-01,2.31586985e-02,1.68177416e+02,2.26955246e+01
1.39000000e+00,-3.51749137e-02,3.73201760e-01,2.53016552e-02,1.56471829e-01,-9.45186300e+00,0.00000000e+00,1.73366681e-01,2.38586020e-02,1.69899348e+02,2.33814300e+01
1.39200000e+00,-3.44311432e-02,3.70559929e-01,2.56195424e-02,1.61168549e-01,-9.45186300e+00,0.00000000e+00,1.70950761e-01,2.25336537e-02,1.67531746e+02,2.20829806e+01
1.39400000e+00,-3.36928350e-02,3.67676548e-01,2.59460456e-02,1.65439583e-01,-9.45186300e+00,0.00000000e+00,1.72972583e-01,2.34298159e-02,1.69513131e+02,2.29612196e+01
1.39600000e+00,-3.29606460e-02,3.64479712e-01,2.62812581e-02,1.69646673e-01,-9.45186300e+00,0.00000000e+00,1.72285412e-01,2.28765444e-02,1.68839704e+02,2.24190136e+01
1.39800000e+00,-3.22350766e-02,3.61042218e-01,2.66243483e-02,1.73427783e-01,-9.45186300e+00,0.00000000e+00,1.72659247e-01,2.30242618e-02,1.69206062e+02,2.25637766e+01
1.40000000e+00,-3.15166579e-02,3.57333601e-01,2.69748182e-02,1.76982379e-01,-9.45186300e+00,0.00000000e+00,1.72741256e-01,2.29002867e-02,1.69286431e+02,2.24422810e+01
1.40200000e+00,-3.08056876e-02,3.53706885e-01,2.73307769e-02,1.78285876e-01,-9.45186300e+00,0.00000000e+00,1.64926487e-01,1.88068987e-02,1.61627957e+02,1.84307608e+01
1.40400000e+00,-3.01019794e-02,3.49856592e-01,2.76878637e-02,1.79442226e-01,-9.45186300e+00,0.00000000e+00,1.72206013e-01,2.31013415e-02,1.68761893e+02,2.26393147e+01
1.40600000e+00,-2.94066015e-02,3.45495985e-01,2.80495561e-02,1.82114028e-01,-9.45186300e+00,0.00000000e+00,1.71156880e-01,2.25033911e-02,1.67733742e+02,2.20533232e+01
1.40800000e+00,-2.87201280e-02,3.40936695e-01,2.84159883e-02,1.84288636e-01,-9.45186300e+00,0.00000000e+00,1.71226425e-01,2.25803056e-02,1.67801896e+02,2.21286994e+01
1.41000000e+00,-2.80430604e-02,3.36068896e-01,2.87868156e-02,1.86620681e-01,-9.45186300e+00,0.00000000e+00,1.72819207e-01,2.33626842e-02,1.69362823e+02,2.28954305e+01
1.41200000e+00,-2.73759866e-02,3.30999776e-01,2.91621676e-02,1.88497645e-01,-9.45186300e+00,0.00000000e+00,1.70464613e-01,2.21604493e-02,1.67055321e+02,2.17172404e+01
1.41400000e+00,-2.67191853e-02,3.25744651e-01,2.95404505e-02,1.89840985e-01,-9.45186300e+00,0.00000000e+00,1.71782758e-01,2.27824832e-02,1.68347103e+02,2.23268335e+01
1.41600000e+00,-2.60731829e-02,3.20227137e-01,2.99214705e-02,1.91092887e-01,-9.45186300e+00,0.00000000e+00,1.71300090e-01,2.25122883e-02,1.67874088e+02,2.20620425e+01
1.41800000e+00,-2.54384195e-02,3.14495515e-01,3.03046097e-02,1.92026381e-01,-9.45186300e+00,0.00000000e+00,1.71580922e-01,2.26610979e-02,1.68149303e+02,2.22078759e+01
1.42000000e+00,-2.48153549e-02,3.08532823e-01,3.06894318e-02,1.92743484e-01,-9.45186300e+00,0.00000000e+00,1.71589150e-01,2.26075159e-02,1.68157367e+02,2.21553656e+01
1.42200000e+00,-2.42043499e-02,3.02477506e-01,3.10748652e-02,1.92383049e-01,-9.45186300e+00,0.00000000e+00,1.68732783e-01,2.09499836e-02,1.65358127e+02,2.05309839e+01
1.42400000e+00,-2.36055354e-02,2.96286509e-01,3.14587284e-02,1.91669286e-01,-9.45186300e+00,0.00000000e+00,1.69846275e-01,2.24146261e-02,1.66449350e+02,2.19663336e+01
1.42600000e+00,-2.30193636e-02,2.89856043e-01,3.18417912e-02,1.91328769e-01,-9.45186300e+00,0.00000000e+00,1.69517357e-01,2.22807705e-02,1.66127010e+02,2.18351551e+01
1.42800000e+00,-2.24462365e-02,2.83237596e-01,3.22238633e-02,1.90717920e-01,-9.45186300e+00,0.00000000e+00,1.69533423e-01,2.23932568e-02,1.66142754e+02,2.19453916e+01
1.43000000e+00,-2.18865649e-02,2.76391569e-01,3.26046738e-02,1.90123467e-01,-9.45186300e+00,0.00000000e+00,1.70238768e-01,2.28594544e-02,1.66833992e+02,2.24022653e+01
1.43200000e+00,-2.13407978e-02,2.69354246e-01,3.29842486e-02,1.89366164e-01,-9.45186300e+00,0.00000000e+00,1.69519638e-01,2.25939605e-02,1.66129245e+02,2.21420813e+01
1.43400000e+00,-2.08092572e-02,2.62152981e-01,3.33619277e-02,1.88292754e-01,-9.45186300e+00,0.00000000e+00,1.69701272e-01,2.27359144e-02,1.66307247e+02,2.22811961e+01
1.43600000e+00,-2.02923007e-02,2.54779472e-01,3.37372488e-02,1.86963280e-01,-9.45186300e+00,0.00000000e+00,1.69294493e-01,2.25931728e-02,1.65908603e+02,2.21413094e+01
1.43800000e+00,-1.97902318e-02,2.47267259e-01,3.41095400e-02,1.85272714e-01,-9.45186300e+00,0.00000000e+00,1.68813324e-01,2.25104944e-02,1.65437057e+02,2.20602845e+01
1.44000000e+00,-1.93033313e-02,2.39605610e-01,3.44781720e-02,1.83330683e-01,-9.45186300e+00,0.00000000e+00,1.68780550e-01,2.25927445e-02,1.65404939e+02,2.21408896e+01
1.44200000e+00,-1.88319693e-02,2.31704146e-01,3.48427543e-02,1.81225932e-01,-9.45186300e+00,0.00000000e+00,1.70537262e-01,2.26906250e-02,1.67126517e+02,2.22368125e+01
1.44400000e+00,-1.83765435e-02,2.23759509e-01,3.52027204e-02,1.78588253e-01,-9.45186300e+00,0.00000000e+00,1.66039067e-01,2.19893797e-02,1.62718285e+02,2.15495921e+01
1.44600000e+00,-1.79369006e-02,2.15860859e-01,3.55567482e-02,1.75411930e-01,-9.45186300e+00,0.00000000e+00,1.65841592e-01,2.20670489e-02,1.62524761e+02,2.16257079e+01
1.44800000e+00,-1.75131800e-02,2.07842303e-01,3.59042355e-02,1.72036626e-01,-9.45186300e+00,0.00000000e+00,1.65349350e-01,2.20694934e-02,1.62042363e+02,2.16281035e+01
1.45000000e+00,-1.71056059e-02,1.99711908e-01,3.62447746e-02,1.68481279e-01,-9.45186300e+00,0.00000000e+00,1.65094736e-01,2.21770622e-02,1.61792841e+02,2.17335210e+01
1.45200000e+00,-1.67144180e-02,1.91453031e-01,3.65781213e-02,1.64866996e-01,-9.45186300e+00,0.00000000e+00,1.65124643e-01,2.24234747e-02,1.61822150e+02,2.19750052e+01
1.45400000e+00,-1.63398484e-02,1.83112246e-01,3.69040615e-02,1.60981104e-01,-9.45186300e+00,0.00000000e+00,1.63916956e-01,2.20741301e-02,1.60638616e+02,2.16326475e+01
1.45600000e+00,-1.59820119e-02,1.74707242e-01,3.72218288e-02,1.56769837e-01,-9.45186300e+00,0.00000000e+00,1.63669957e-01,2.21961786e-02,1.60396558e+02,2.17522550e+01
1.45800000e+00,-1.56410724e-02,1.66222861e-01,3.75310068e-02,1.52357555e-01,-9.45186300e+00,0.00000000e+00,1.62953973e-01,2.20956625e-02,1.59694894e+02,2.16537493e+01
1.46000000e+00,-1.53171668e-02,1.57668971e-01,3.78311100e-02,1.47721857e-01,-9.45186300e+00,0.00000000e+00,1.62615252e-01,2.21578290e-02,1.59362947e+02,2.17146724e+01
1.46200000e+00,-1.50107232e-02,1.48625059e-01,3.81227137e-02,1.44315098e-01,-9.45186300e+00,0.00000000e+00,1.71866587e-01,2.50933496e-02,1.68429255e+02,2.45914826e+01
1.46400000e+00,-1.47226583e-02,1.39593441e-01,3.84080586e-02,1.40440754e-01,-9.45186300e+00,0.00000000e+00,1.59938910e-01,2.15853467e-02,1.56740131e+02,2.11536398e+01
1.46600000e+00,-1.44520852e-02,1.30958106e-01,3.86833973e-02,1.34947392e-01,-9.45186300e+00,0.00000000e+00,1.60362613e-01,2.20906303e-02,1.57155361e+02,2.16488177e+01
1.46800000e+00,-1.41988762e-02,1.22247262e-01,3.89478424e-02,1.29445428e-01,-9.45186300e+00,0.00000000e+00,1.59600809e-01,2.19472945e-02,1.56408793e+02,2.15083486e+01
1.47000000e+00,-1.39631160e-02,1.13506660e-01,3.92010384e-02,1.23732611e-01,-9.45186300e+00,0.00000000e+00,1.59097745e-01,2.20120833e-02,1.55915790e+02,2.15718416e+01
1.47200000e+00,-1.37449120e-02,1.04672507e-01,3.94429228e-02,1.18244724e-01,-9.45186300e+00,0.00000000e+00,1.59969633e-01,2.27672493e-02,1.56770240e+02,2.23119043e+01
1.47400000e+00,-1.35444387e-02,9.58193285e-02,3.96739292e-02,1.12624642e-01,-9.45186300e+00,0.00000000e+00,1.57869582e-01,2.20668510e-02,1.54712190e+02,2.16255140e+01
1.47600000e+00,-1.33616008e-02,8.70168580e-02,3.98931174e-02,1.06548577e-01,-9.45186300e+00,0.00000000e+00,1.57256257e-01,2.21257439e-02,1.54111132e+02,2.16832291e+01
1.47800000e+00,-1.31963647e-02,7.82241282e-02,4.01000012e-02,1.00289095e-01,-9.45186300e+00,0.00000000e+00,1.56257190e-01,2.19799398e-02,1.53132047e+02,2.15403410e+01
1.48000000e+00,-1.30486886e-02,6.94550370e-02,4.02941316e-02,9.38163601e-02,-9.45186300e+00,0.00000000e+00,1.55462563e-01,2.19580878e-02,1.52353312e+02,2.15189260e+01
1.48200000e+00,-1.29189841e-02,6.00266828e-02,4.04768680e-02,8.97453695e-02,-9.45186300e+00,0.00000000e+00,1.70566032e-01,2.72842552e-02,1.67154711e+02,2.67385700e+01
1.48400000e+00,-1.28085181e-02,5.06939257e-02,4.06527577e-02,8.51415304e-02,-9.45186300e+00,0.00000000e+00,1.52287817e-01,2.10923787e-02,1.49242060e+02,2.06705311e+01
1.48600000e+00,-1.27157436e-02,4.20583603e-02,4.08156971e-02,7.79322778e-02,-9.45186300e+00,0.00000000e+00,1.53482013e-01,2.20512564e-02,1.50412372e+02,2.16102312e+01
1.48800000e+00,-1.26403000e-02,3.33997229e-02,4.09645944e-02,7.08844462e-02,-9.45186300e+00,0.00000000e+00,1.52175680e-01,2.16467560e-02,1.49132167e+02,2.12138209e+01
1.49000000e+00,-1.25821108e-02,2.47919415e-02,4.10990998e-02,6.36340227e-02,-9.45186300e+00,0.00000000e+00,1.51783487e-01,2.18211309e-02,1.48747817e+02,2.13847083e+01
1.49200000e+00,-1.25411899e-02,1.60976518e-02,4.12195668e-02,5.70379439e-02,-9.45186300e+00,0.00000000e+00,1.53827741e-01,2.31950980e-02,1.50751187e+02,2.27311960e+01
1.49400000e+00,-1.25177107e-02,7.41760498e-03,4.13273629e-02,5.06089062e-02,-9.45186300e+00,0.00000000e+00,1.51223425e-01,2.23283083e-02,1.48198956e+02,2.18817422e+01
1.49600000e+00,-1.25114147e-02,-1.10518266e-03,4.14216301e-02,4.36215434e-02,-9.45186300e+00,0.00000000e+00,1.50066762e-01,2.21606770e-02,1.47065427e+02,2.17174635e+01
1.49800000e+00,-1.25220796e-02,-9.55025994e-03,4.15017887e-02,3.65436130e-02,-9.45186300e+00,0.00000000e+00,1.49460092e-01,2.22556107e-02,1.46470891e+02,2.18104985e+01
1.50000000e+00,-1.25495585e-02,-1.79095065e-02,4.15677604e-02,2.93994658e-02,-9.45186300e+00,0.00000000e+00,1.48251245e-01,2.21188374e-02,1.45286220e+02,2.16764607e+01
1.50200000e+00,-1.25942587e-02,-2.70802078e-02,4.16217115e-02,2.57420751e-02,-9.45186300e+00,0.00000000e+00,1.68750287e-01,2.96533690e-02,1.65375282e+02,2.90603016e+01
1.50400000e+00,-1.26577666e-02,-3.60818839e-02,4.16703492e-02,2.15156973e-02,-9.45186300e+00,0.00000000e+00,1.44781855e-01,2.09951774e-02,1.41886218e+02,2.05752739e+01
1.50600000e+00,-1.27379477e-02,-4.41258246e-02,4.17054537e-02,1.38086906e-02,-9.45186300e+00,0.00000000e+00,1.46992365e-01,2.24009085e-02,1.44052517e+02,2.19528903e+01
1.50800000e+00,-1.28342734e-02,-5.21750565e-02,4.17258571e-02,6.51142694e-03,-9.45186300e+00,0.00000000e+00,1.45658874e-01,2.18873210e-02,1.42745697e+02,2.14495745e+01
1.51000000e+00,-1.29465835e-02,-6.01276320e-02,4.17314447e-02,-8.67925167e-04,-9.45186300e+00,0.00000000e+00,1.45618091e-01,2.22396217e-02,1.42705729e+02,2.17948293e+01
1.51200000e+00,-1.30748318e-02,-6.81519823e-02,4.17230435e-02,-7.26022215e-03,-9.45186300e+00,0.00000000e+00,1.48350358e-01,2.39498699e-02,1.45383351e+02,2.34708725e+01
1.51400000e+00,-1.32191687e-02,-7.61423177e-02,4.17027175e-02,-1.31819077e-02,-9.45186300e+00,0.00000000e+00,1.45968727e-01,2.32007683e-02,1.43049352e+02,2.27367529e+01
1.51600000e+00,-1.33792262e-02,-8.38703765e-02,4.16698365e-02,-1.98226098e-02,-9.45186300e+00,0.00000000e+00,1.43496518e-01,2.23963404e-02,1.40626588e+02,2.19484136e+01
1.51800000e+00,-1.35545158e-02,-9.13967287e-02,4.16232127e-02,-2.67848864e-02,-9.45186300e+00,0.00000000e+00,1.42655500e-01,2.24620258e-02,1.39802390e+02,2.20127853e+01
1.52000000e+00,-1.37447020e-02,-9.87563794e-02,4.15626589e-02,-3.38042338e-02,-9.45186300e+00,0.00000000e+00,1.41123512e-01,2.21928940e-02,1.38301041e+02,2.17490361e+01
1.52200000e+00,-1.39501129e-02,-1.06973432e-01,4.14907694e-02,-3.66637627e-02,-9.45186300e+00,0.00000000e+00,1.64335306e-01,3.10925388e-02,1.61048600e+02,3.04706880e+01
1.52400000e+00,-1.41724509e-02,-1.14973224e-01,4.14156394e-02,-4.00694617e-02,-9.45186300e+00,0.00000000e+00,1.37827439e-01,2.09398896e-02,1.35070891e+02,2.05210918e+01
1.52600000e+00,-1.44092679e-02,-1.21866182e-01,4.13278132e-02,-4.74925138e-02,-9.45186300e+00,0.00000000e+00,1.40376713e-01,2.25377802e-02,1.37569179e+02,2.20870246e+01
1.52800000e+00,-1.46598947e-02,-1.28727752e-01,4.12260549e-02,-5.43372350e-02,-9.45186300e+00,0.00000000e+00,1.39111762e-01,2.20112028e-02,1.36329527e+02,2.15709788e+01
1.53000000e+00,-1.49240826e-02,-1.35444808e-01,4.11104586e-02,-6.11904812e-02,-9.45186300e+00,0.00000000e+00,1.39128955e-01,2.23575736e-02,1.36346376e+02,2.19104222e+01
1.53200000e+00,-1.52017173e-02,-1.42226917e-01,4.09821634e-02,-6.67383052e-02,-9.45186300e+00,0.00000000e+00,1.42870759e-01,2.45704211e-02,1.40013344e+02,2.40790127e+01
1.53400000e+00,-1.54929712e-02,-1.48980564e-01,4.08440666e-02,-7.14442662e-02,-9.45186300e+00,0.00000000e+00,1.40813708e-01,2.39292500e-02,1.37997434e+02,2.34506650e+01
1.53600000e+00,-1.57974113e-02,-1.55391943e-01,4.06958211e-02,-7.69979730e-02,-9.45186300e+00,0.00000000e+00,1.37331650e-01,2.25814086e-02,1.34585017e+02,2.21297804e+01
1.53800000e+00,-1.61143372e-02,-1.61500666e-01,4.05357237e-02,-8.30781297e-02,-9.45186300e+00,0.00000000e+00,1.36303513e-01,2.25980108e-02,1.33577443e+02,2.21460506e+01
1.54000000e+00,-1.64432758e-02,-1.67402130e-01,4.03635574e-02,-8.90850643e-02,-9.45186300e+00,0.00000000e+00,1.35149516e-01,2.24916031e-02,1.32446526e+02,2.20417711e+01
1.54200000e+00,-1.67844900e-02,-1.74119908e-01,4.01823623e-02,-9.06245212e-02,-9.45186300e+00,0.00000000e+00,1.58137896e-01,3.17176372e-02,1.54975138e+02,3.10832845e+01
1.54400000e+00,-1.71396012e-02,-1.80606313e-01,4.00007626e-02,-9.26087204e-02,-9.45186300e+00,0.00000000e+00,1.32613740e-01,2.12988036e-02,1.29961465e+02,2.08728275e+01
1.54600000e+00,-1.75061799e-02,-1.85989792e-01,3.98092096e-02,-9.86693476e-02,-9.45186300e+00,0.00000000e+00,1.35336040e-01,2.28901476e-02,1.32629319e+02,2.24323447e+01
1.54800000e+00,-1.78835275e-02,-1.91324059e-01,3.96065540e-02,-1.04026762e-01,-9.45186300e+00,0.00000000e+00,1.34522242e-01,2.24875108e-02,1.31831797e+02,2.20377606e+01
1.55000000e+00,-1.82713659e-02,-1.96492852e-01,3.93931688e-02,-1.09284763e-01,-9.45186300e+00,0.00000000e+00,1.34614215e-01,2.27961560e-02,1.31921931e+02,2.23402329e+01
1.55200000e+00,-1.86695311e-02,-2.01709917e-01,3.91703575e-02,-1.13129155e-01,-9.45186300e+00,0.00000000e+00,1.38879408e-01,2.51381081e-02,1.36101820e+02,2.46353460e+01
1.55400000e+00,-1.90781826e-02,-2.06892601e-01,3.89413311e-02,-1.15955220e-01,-9.45186300e+00,0.00000000e+00,1.37125407e-01,2.46075760e-02,1.34382898e+02,2.41154245e+01
1.55600000e+00,-1.94968357e-02,-2.11676522e-01,3.87059290e-02,-1.19692532e-01,-9.45186300e+00,0.00000000e+00,1.32959061e-01,2.28905338e-02,1.30299879e+02,2.24327231e+01
1.55800000e+00,-1.99246476e-02,-2.16098852e-01,3.84621467e-02,-1.24051351e-01,-9.45186300e+00,0.00000000e+00,1.32150136e-01,2.29565686e-02,1.29507133e+02,2.24974372e+01
1.56000000e+00,-2.03610773e-02,-2.20290493e-01,3.82098194e-02,-1.28266511e-01,-9.45186300e+00,0.00000000e+00,1.31113911e-01,2.28333291e-02,1.28491633e+02,2.23766625e+01
1.56200000e+00,-2.08062737e-02,-2.25178210e-01,3.79519522e-02,-1.28175025e-01,-9.45186300e+00,0.00000000e+00,1.52030984e-01,3.16283879e-02,1.48990364e+02,3.09958201e+01
1.56400000e+00,-2.12616317e-02,-2.29828419e-01,3.76968635e-02,-1.28466819e-01,-9.45186300e+00,0.00000000e+00,1.29260763e-01,2.16638969e-02,1.26675548e+02,2.12306189e+01
1.56600000e+00,-2.17249134e-02,-2.33467707e-01,3.74355607e-02,-1.32544730e-01,-9.45186300e+00,0.00000000e+00,1.32175550e-01,2.33098166e-02,1.29532039e+02,2.28436202e+01
1.56800000e+00,-2.21954614e-02,-2.37045292e-01,3.71671949e-02,-1.35857272e-01,-9.45186300e+00,0.00000000e+00,1.31645387e-01,2.28883657e-02,1.29012480e+02,2.24305983e+01
1.57000000e+00,-2.26729700e-02,-2.40436078e-01,3.68921889e-02,-1.39083909e-01,-9.45186300e+00,0.00000000e+00,1.31694651e-01,2.30986070e-02,1.29060757e+02,2.26366349e+01
1.57200000e+00,-2.31572238e-02,-2.43853974e-01,3.66118178e-02,-1.40872903e-01,-9.45186300e+00,0.00000000e+00,1.36218136e-01,2.55063506e-02,1.33493773e+02,2.49962236e+01
1.57400000e+00,-2.36483582e-02,-2.47230338e-01,3.63294253e-02,-1.41569868e-01,-9.45186300e+00,0.00000000e+00,1.34719461e-01,2.49876248e-02,1.32025072e+02,2.44878723e+01
1.57600000e+00,-2.41458795e-02,-2.50208283e-01,3.60449708e-02,-1.43117984e-01,-9.45186300e+00,0.00000000e+00,1.30957018e-01,2.33139566e-02,1.28337877e+02,2.28476775e+01
1.57800000e+00,-2.46489460e-02,-2.52818297e-01,3.57565562e-02,-1.45261795e-01,-9.45186300e+00,0.00000000e+00,1.30217771e-01,2.33261269e-02,1.27613416e+02,2.28596044e+01
1.58000000e+00,-2.51570036e-02,-2.55204583e-01,3.54640946e-02,-1.47149151e-01,-9.45186300e+00,0.00000000e+00,1.29866578e-01,2.34352440e-02,1.27269246e+02,2.29665392e+01
1.58200000e+00,-2.56701149e-02,-2.58116629e-01,3.51704588e-02,-1.45288359e-01,-9.45186300e+00,0.00000000e+00,1.46681044e-01,3.07737471e-02,1.43747423e+02,3.01582721e+01
1.58400000e+00,-2.61893029e-02,-2.60777953e-01,3.48826517e-02,-1.43861407e-01,-9.45186300e+00,0.00000000e+00,1.28234094e-01,2.21123287e-02,1.25669412e+02,2.16700821e+01
1.58600000e+00,-2.67126503e-02,-2.62574722e-01,3.45928287e-02,-1.45710925e-01,-9.45186300e+00,0.00000000e+00,1.30743570e-01,2.34832556e-02,1.28128698e+02,2.30135905e+01
1.58800000e+00,-2.72395468e-02,-2.64288925e-01,3.43002988e-02,-1.46824326e-01,-9.45186300e+00,0.00000000e+00,1.30598818e-01,2.32399927e-02,1.27986841e+02,2.27751929e+01
1.59000000e+00,-2.77696773e-02,-2.65810002e-01,3.40055996e-02,-1.47835405e-01,-9.45186300e+00,0.00000000e+00,1.30552006e-01,2.32774588e-02,1.27940966e+02,2.28119096e+01
1.59200000e+00,-2.83027829e-02,-2.67325268e-01,3.37097735e-02,-1.47622118e-01,-9.45186300e+00,0.00000000e+00,1.34808817e-01,2.53873951e-02,1.32112641e+02,2.48796472e+01
1.59400000e+00,-2.88389414e-02,-2.68785213e-01,3.34157702e-02,-1.46420385e-01,-9.45186300e+00,0.00000000e+00,1.33629975e-01,2.49316947e-02,1.30957376e+02,2.44330608e+01
1.59600000e+00,-2.93776787e-02,-2.69877601e-01,3.31236386e-02,-1.45898688e-01,-9.45186300e+00,0.00000000e+00,1.30613083e-01,2.35423804e-02,1.28000821e+02,2.30715328e+01
1.59800000e+00,-2.99182313e-02,-2.70639215e-01,3.28318769e-02,-1.45824776e-01,-9.45186300e+00,0.00000000e+00,1.30310058e-01,2.35749747e-02,1.27703856e+02,2.31034752e+01
1.60000000e+00,-3.04601025e-02,-2.71201245e-01,3.25405271e-02,-1.45469515e-01,-9.45186300e+00,0.00000000e+00,1.30370374e-01,2.37165981e-02,1.27762967e+02,2.32422661e+01
1.60200000e+00,-3.10032771e-02,-2.72124493e-01,3.22520021e-02,-1.42109699e-01,-9.45186300e+00,0.00000000e+00,1.43181672e-01,2.94683730e-02,1.40318038e+02,2.88790055e+01
1.60400000e+00,-3.15484658e-02,-2.72845853e-01,3.19719227e-02,-1.38997956e-01,-9.45186300e+00,0.00000000e+00,1.30099489e-01,2.27940913e-02,1.27497499e+02,2.23382095e+01
1.60600000e+00,-3.20942209e-02,-2.72907735e-01,3.16943679e-02,-1.38349739e-01,-9.45186300e+00,0.00000000e+00,1.32226306e-01,2.39007428e-02,1.29581780e+02,2.34227279e+01
1.60800000e+00,-3.26400310e-02,-2.72870952e-01,3.14189075e-02,-1.37125963e-01,-9.45186300e+00,0.00000000e+00,1.32249541e-01,2.36081675e-02,1.29604550e+02,2.31360041e+01
1.61000000e+00,-3.31855843e-02,-2.72653552e-01,3.11458990e-02,-1.35849739e-01,-9.45186300e+00,0.00000000e+00,1.32460049e-01,2.36203114e-02,1.29810848e+02,2.31479052e+01
1.61200000e+00,-3.37306278e-02,-2.72409959e-01,3.08761737e-02,-1.33575859e-01,-9.45186300e+00,0.00000000e+00,1.36087909e-01,2.53161226e-02,1.33366151e+02,2.48098001e+01
1.61400000e+00,-3.42751648e-02,-2.72077476e-01,3.06120500e-02,-1.30620398e-01,-9.45186300e+00,0.00000000e+00,1.34829245e-01,2.46723957e-02,1.32132660e+02,2.41789478e+01
1.61600000e+00,-3.48187321e-02,-2.71436668e-01,3.03533484e-02,-1.28180547e-01,-9.45186300e+00,0.00000000e+00,1.33322882e-01,2.38632450e-02,1.30656424e+02,2.33859801e+01
1.61800000e+00,-3.53607438e-02,-2.70544264e-01,3.00992038e-02,-1.25926716e-01,-9.45186300e+00,0.00000000e+00,1.33378207e-01,2.39179711e-02,1.30710642e+02,2.34396117e+01
1.62000000e+00,-3.59007904e-02,-2.69473758e-01,2.98497950e-02,-1.23442666e-01,-9.45186300e+00,0.00000000e+00,1.33573908e-01,2.39891793e-02,1.30902430e+02,2.35093957e+01
1.62200000e+00,-3.64387552e-02,-2.68577839e-01,2.96067886e-02,-1.18925743e-01,-9.45186300e+00,0.00000000e+00,1.41853400e-01,2.78362405e-02,1.39016332e+02,2.72795157e+01
1.62400000e+00,-3.69750084e-02,-2.67541889e-01,2.93740316e-02,-1.14499224e-01,-9.45186300e+00,0.00000000e+00,1.34683005e-01,2.34648292e-02,1.31989345e+02,2.29955326e+01
1.62600000e+00,-3.75086255e-02,-2.66060042e-01,2.91476874e-02,-1.11729071e-01,-9.45186300e+00,0.00000000e+00,1.35796024e-01,2.40350959e-02,1.33080104e+02,2.35543940e+01
1.62800000e+00,-3.80391586e-02,-2.64443189e-01,2.89273118e-02,-1.08664304e-01,-9.45186300e+00,0.00000000e+00,1.35865636e-01,2.37671441e-02,1.33148323e+02,2.32918012e+01
1.63000000e+00,-3.85662780e-02,-2.62645994e-01,2.87129818e-02,-1.05672026e-01,-9.45186300e+00,0.00000000e+00,1.35892129e-01,2.35755291e-02,1.33174286e+02,2.31040186e+01
1.63200000e+00,-3.90897009e-02,-2.60786311e-01,2.85050344e-02,-1.02063746e-01,-9.45186300e+00,0.00000000e+00,1.38685931e-01,2.47616821e-02,1.35912213e+02,2.42664485e+01
1.63400000e+00,-3.96093659e-02,-2.58840642e-01,2.83050570e-02,-9.79602502e-02,-9.45186300e+00,0.00000000e+00,1.38132820e-01,2.43276099e-02,1.35370163e+02,2.38410577e+01
1.63600000e+00,-4.01249244e-02,-2.56686381e-01,2.81130788e-02,-9.40285872e-02,-9.45186300e+00,0.00000000e+00,1.38029002e-01,2.41251416e-02,1.35268422e+02,2.36426388e+01
1.63800000e+00,-4.06359893e-02,-2.54348962e-01,2.79288887e-02,-9.01777639e-02,-9.45186300e+00,0.00000000e+00,1.38034269e-01,2.38932203e-02,1.35273583e+02,2.34153559e+01
1.64000000e+00,-4.11422205e-02,-2.51861951e-01,2.77524158e-02,-8.62548576e-02,-9.45186300e+00,0.00000000e+00,1.38675995e-01,2.40227552e-02,1.35902475e+02,2.35423001e+01
1.64200000e+00,-4.16434616e-02,-2.49411624e-01,2.75846262e-02,-8.11967085e-02,-9.45186300e+00,0.00000000e+00,1.42993380e-01,2.60344703e-02,1.40133513e+02,2.55137809e+01
1.64400000e+00,-4.21398081e-02,-2.46872977e-01,2.74276675e-02,-7.60807184e-02,-9.45186300e+00,0.00000000e+00,1.40674122e-01,2.39177187e-02,1.37860639e+02,2.34393644e+01
1.64600000e+00,-4.26307761e-02,-2.44068240e-01,2.72796888e-02,-7.18865523e-02,-9.45186300e+00,0.00000000e+00,1.40794787e-01,2.38864549e-02,1.37978891e+02,2.34087258e+01
1.64800000e+00,-4.31159981e-02,-2.41139024e-01,2.71401929e-02,-6.75850206e-02,-9.45186300e+00,0.00000000e+00,1.41738260e-01,2.39420538e-02,1.38903495e+02,2.34632127e+01
1.65000000e+00,-4.35952500e-02,-2.38086567e-01,2.70093341e-02,-6.33053409e-02,-9.45186300e+00,0.00000000e+00,1.41839610e-01,2.36518867e-02,1.39002818e+02,2.31788490e+01
1.65200000e+00,-4.40682924e-02,-2.34956151e-01,2.68871639e-02,-5.87372034e-02,-9.45186300e+00,0.00000000e+00,1.43790903e-01,2.43711856e-02,1.40915085e+02,2.38837619e+01
1.65400000e+00,-4.45350250e-02,-2.31751259e-01,2.67745831e-02,-5.38724360e-02,-9.45186300e+00,0.00000000e+00,1.43922334e-01,2.41116864e-02,1.41043887e+02,2.36294526e+01
1.65600000e+00,-4.49952074e-02,-2.28411433e-01,2.66716131e-02,-4.90991526e-02,-9.45186300e+00,0.00000000e+00,1.44408012e-01,2.40301116e-02,1.41519852e+02,2.35495094e+01
1.65800000e+00,-4.54485912e-02,-2.24952293e-01,2.65781787e-02,-4.43375259e-02,-9.45186300e+00,0.00000000e+00,1.44849399e-01,2.39517966e-02,1.41952411e+02,2.34727607e+01
1.66000000e+00,-4.58949602e-02,-2.21408551e-01,2.64943543e-02,-3.94390986e-02,-9.45186300e+00,0.00000000e+00,1.46089357e-01,2.41955274e-02,1.43167570e+02,2.37116168e+01
1.66200000e+00,-4.63342016e-02,-2.17829140e-01,2.64206958e-02,-3.41304411e-02,-9.45186300e+00,0.00000000e+00,1.47616151e-01,2.47055134e-02,1.44663828e+02,2.42114031e+01
1.66400000e+00,-4.67662322e-02,-2.14182957e-01,2.63578520e-02,-2.87925215e-02,-9.45186300e+00,0.00000000e+00,1.48070650e-01,2.41649609e-02,1.45109237e+02,2.36816616e+01
1.66600000e+00,-4.71908612e-02,-2.10428528e-01,2.63053503e-02,-2.37176646e-02,-9.45186300e+00,0.00000000e+00,1.48568341e-01,2.40762669e-02,1.45596975e+02,2.35947416e+01
1.66800000e+00,-4.76078969e-02,-2.06599844e-01,2.62630334e-02,-1.85647572e-02,-9.45186300e+00,0.00000000e+00,1.49755478e-01,2.42662472e-02,1.46760369e+02,2.37809223e+01
1.67000000e+00,-4.80171995e-02,-2.02679554e-01,2.62310397e-02,-1.34892518e-02,-9.45186300e+00,0.00000000e+00,1.49784904e-01,2.38659985e-02,1.46789206e+02,2.33886785e+01
1.67200000e+00,-4.84185687e-02,-1.98689769e-01,2.62090939e-02,-8.38742316e-03,-9.45186300e+00,0.00000000e+00,1.51424334e-01,2.42880944e-02,1.48395847e+02,2.38023325e+01
1.67400000e+00,-4.88119302e-02,-1.94657394e-01,2.61975974e-02,-3.12448138e-03,-9.45186300e+00,0.00000000e+00,1.52017213e-01,2.41855972e-02,1.48976869e+02,2.37018853e+01
1.67600000e+00,-4.91971479e-02,-1.90549405e-01,2.61965563e-02,2.07892979e-03,-9.45186300e+00,0.00000000e+00,1.52818765e-01,2.41595266e-02,1.49762390e+02,2.36763360e+01
1.67800000e+00,-4.95740817e-02,-1.86372244e-01,2.62058805e-02,7.23333437e-03,-9.45186300e+00,0.00000000e+00,1.53494879e-01,2.40939439e-02,1.50424981e+02,2.36120650e+01
1.68000000e+00,-4.99426002e-02,-1.82139998e-01,2.62254967e-02,1.23982766e-02,-9.45186300e+00,0.00000000e+00,1.54557150e-01,2.42075664e-02,1.51466007e+02,2.37234151e+01
1.68200000e+00,-5.03025885e-02,-1.77827961e-01,2.62553712e-02,1.74096229e-02,-9.45186300e+00,0.00000000e+00,1.54586560e-01,2.38121509e-02,1.51494829e+02,2.33359079e+01
1.68400000e+00,-5.06538872e-02,-1.73478705e-01,2.62951539e-02,2.24490988e-02,-9.45186300e+00,0.00000000e+00,1.56572964e-01,2.43214172e-02,1.53441505e+02,2.38349888e+01
1.68600000e+00,-5.09964964e-02,-1.69118985e-01,2.63452421e-02,2.76004601e-02,-9.45186300e+00,0.00000000e+00,1.57156596e-01,2.41164349e-02,1.54013464e+02,2.36341062e+01
1.68800000e+00,-5.13303306e-02,-1.64710427e-01,2.64054847e-02,3.26452135e-02,-9.45186300e+00,0.00000000e+00,1.58174907e-01,2.41816500e-02,1.55011409e+02,2.36980170e+01
1.69000000e+00,-5.16553193e-02,-1.60273682e-01,2.64758509e-02,3.77318218e-02,-9.45186300e+00,0.00000000e+00,1.59169000e-01,2.43027396e-02,1.55985620e+02,2.38166848e+01
1.69200000e+00,-5.19713935e-02,-1.55789277e-01,2.65563427e-02,4.27144609e-02,-9.45186300e+00,0.00000000e+00,1.59659684e-01,2.40763545e-02,1.56466491e+02,2.35948274e+01
1.69400000e+00,-5.22784708e-02,-1.51296526e-01,2.66467420e-02,4.77469898e-02,-9.45186300e+00,0.00000000e+00,1.61499099e-01,2.45345714e-02,1.58269117e+02,2.40438800e+01
1.69600000e+00,-5.25765457e-02,-1.46752935e-01,2.67472034e-02,5.25886731e-02,-9.45186300e+00,0.00000000e+00,1.60923383e-01,2.38172583e-02,1.57704915e+02,2.33409131e+01
1.69800000e+00,-5.28654490e-02,-1.42158917e-01,2.68569519e-02,5.72131865e-02,-9.45186300e+00,0.00000000e+00,1.62697951e-01,2.42336491e-02,1.59443992e+02,2.37489762e+01
1.70000000e+00,-5.31451889e-02,-1.37576167e-01,2.69761136e-02,6.19239783e-02,-9.45186300e+00,0.00000000e+00,1.63488947e-01,2.41666550e-02,1.60219168e+02,2.36833219e+01
1.70200000e+00,-5.34156450e-02,-1.32830524e-01,2.71040744e-02,6.57746674e-02,-9.45186300e+00,0.00000000e+00,1.61118547e-01,2.26094149e-02,1.57896176e+02,2.21572266e+01
1.70400000e+00,-5.36764901e-02,-1.28053491e-01,2.72391895e-02,6.95911323e-02,-9.45186300e+00,0.00000000e+00,1.64904453e-01,2.42863845e-02,1.61606364e+02,2.38006568e+01
1.70600000e+00,-5.39279241e-02,-1.23374187e-01,2.73828150e-02,7.39717230e-02,-9.45186300e+00,0.00000000e+00,1.65473836e-01,2.39968814e-02,1.62164360e+02,2.35169437e+01
1.70800000e+00,-5.41699530e-02,-1.18644193e-01,2.75348573e-02,7.80236540e-02,-9.45186300e+00,0.00000000e+00,1.65714938e-01,2.38120576e-02,1.62400639e+02,2.33358164e+01
1.71000000e+00,-5.44025077e-02,-1.13924356e-01,2.76949418e-02,8.21238208e-02,-9.45186300e+00,0.00000000e+00,1.67628917e-01,2.43251727e-02,1.64276339e+02,2.38386693e+01
1.71200000e+00,-5.46256140e-02,-1.09149907e-01,2.78630899e-02,8.58300008e-02,-9.45186300e+00,0.00000000e+00,1.66279424e-01,2.32236982e-02,1.62953835e+02,2.27592242e+01
1.71400000e+00,-5.48390877e-02,-1.04345977e-01,2.80380967e-02,8.92886132e-02,-9.45186300e+00,0.00000000e+00,1.68702372e-01,2.40541719e-02,1.65328324e+02,2.35730884e+01
1.71600000e+00,-5.50430132e-02,-9.95649257e-02,2.82202389e-02,9.27391641e-02,-9.45186300e+00,0.00000000e+00,1.68498205e-01,2.34655249e-02,1.65128241e+02,2.29962144e+01
1.71800000e+00,-5.52373245e-02,-9.47496506e-02,2.84088190e-02,9.58382214e-02,-9.45186300e+00,0.00000000e+00,1.69508523e-01,2.35845207e-02,1.66118352e+02,2.31128303e+01
1.72000000e+00,-5.54220554e-02,-8.99998189e-02,2.86036973e-02,9.90955201e-02,-9.45186300e+00,0.00000000e+00,1.71554913e-01,2.40747642e-02,1.68123815e+02,2.35932689e+01
1.72200000e+00,-5.55970955e-02,-8.49074703e-02,2.88040517e-02,1.00629022e-01,-9.45186300e+00,0.00000000e+00,1.62953955e-01,2.02516068e-02,1.59694876e+02,1.98465747e+01
1.72400000e+00,-5.57617145e-02,-7.98589409e-02,2.90063641e-02,1.02388377e-01,-9.45186300e+00,0.00000000e+00,1.73943886e-01,2.48374170e-02,1.70465008e+02,2.43406687e+01
1.72600000e+00,-5.59167696e-02,-7.51680052e-02,2.92146189e-02,1.05668095e-01,-9.45186300e+00,0.00000000e+00,1.72594762e-01,2.37389386e-02,1.69142866e+02,2.32641599e+01
1.72800000e+00,-5.60623204e-02,-7.03778811e-02,2.94285407e-02,1.08204270e-01,-9.45186300e+00,0.00000000e+00,1.72833816e-01,2.35812659e-02,1.69377139e+02,2.31096406e+01
1.73000000e+00,-5.61983253e-02,-6.56539566e-02,2.96475774e-02,1.10952536e-01,-9.45186300e+00,0.00000000e+00,1.75271308e-01,2.44959539e-02,1.71765882e+02,2.40060348e+01
1.73200000e+00,-5.63249120e-02,-6.08936355e-02,2.98720478e-02,1.13246242e-01,-9.45186300e+00,0.00000000e+00,1.73035953e-01,2.29467714e-02,1.69575234e+02,2.24878360e+01
1.73400000e+00,-5.64419034e-02,-5.61386542e-02,3.01003757e-02,1.15259927e-01,-9.45186300e+00,0.00000000e+00,1.76370691e-01,2.42336203e-02,1.72843277e+02,2.37489479e+01
1.73600000e+00,-5.65495292e-02,-5.14775262e-02,3.03331920e-02,1.17430408e-01,-9.45186300e+00,0.00000000e+00,1.76126622e-01,2.36075453e-02,1.72604090e+02,2.31353944e+01
1.73800000e+00,-5.66478093e-02,-4.68101620e-02,3.05698110e-02,1.19171529e-01,-9.45186300e+00,0.00000000e+00,1.77046333e-01,2.36697028e-02,1.73505407e+02,2.31963088e+01
1.74000000e+00,-5.67368061e-02,-4.21972630e-02,3.08098551e-02,1.20878132e-01,-9.45186300e+00,0.00000000e+00,1.78144705e-01,2.38773171e-02,1.74581811e+02,2.33997708e+01
1.74200000e+00,-5.68162854e-02,-3.71149971e-02,3.10516867e-02,1.20129851e-01,-9.45186300e+00,0.00000000e+00,1.66747349e-01,1.88623408e-02,1.63412402e+02,1.84850940e+01
1.74400000e+00,-5.68852900e-02,-3.20684879e-02,3.12905054e-02,1.19577741e-01,-9.45186300e+00,0.00000000e+00,1.79564872e-01,2.46308386e-02,1.75973575e+02,2.41382218e+01
1.74600000e+00,-5.69448576e-02,-2.74693319e-02,3.15313182e-02,1.21006280e-01,-9.45186300e+00,0.00000000e+00,1.77705725e-01,2.33630663e-02,1.74151611e+02,2.28958050e+01
1.74800000e+00,-5.69950754e-02,-2.27323348e-02,3.17738035e-02,1.21344282e-01,-9.45186300e+00,0.00000000e+00,1.76773102e-01,2.26880162e-02,1.73237640e+02,2.22342559e+01
1.75000000e+00,-5.70358588e-02,-1.81029921e-02,3.20168695e-02,1.21943470e-01,-9.45186300e+00,0.00000000e+00,1.80573355e-01,2.42583768e-02,1.76961888e+02,2.37732093e+01
1.75200000e+00,-5.70675039e-02,-1.34984887e-02,3.22613857e-02,1.22255297e-01,-9.45186300e+00,0.00000000e+00,1.77630473e-01,2.24338993e-02,1.74077864e+02,2.19852213e+01
1.75400000e+00,-5.70898641e-02,-8.91111867e-03,3.25056778e-02,1.22247862e-01,-9.45186300e+00,0.00000000e+00,1.81175175e-01,2.39373237e-02,1.77551671e+02,2.34585772e+01
1.75600000e+00,-5.71032274e-02,-4.44217113e-03,3.27505407e-02,1.22485710e-01,-9.45186300e+00,0.00000000e+00,1.80524980e-01,2.32984010e-02,1.76914481e+02,2.28324330e+01
1.75800000e+00,-5.71076250e-02,3.85749636e-05,3.29952848e-02,1.22219699e-01,-9.45186300e+00,0.00000000e+00,1.80953686e-01,2.32294524e-02,1.77334612e+02,2.27648633e+01
1.76000000e+00,-5.71031201e-02,4.44877565e-03,3.32393740e-02,1.21885568e-01,-9.45186300e+00,0.00000000e+00,1.82154737e-01,2.35042560e-02,1.78511643e+02,2.30341709e+01
1.76200000e+00,-5.70894885e-02,9.37102394e-03,3.34810177e-02,1.18837926e-01,-9.45186300e+00,0.00000000e+00,1.68896536e-01,1.78798650e-02,1.65518605e+02,1.75222677e+01
1.76400000e+00,-5.70656705e-02,1.42415766e-02,3.37149564e-02,1.16136052e-01,-9.45186300e+00,0.00000000e+00,1.83189013e-01,2.45657456e-02,1.79525232e+02,2.40744306e+01
1.76600000e+00,-5.70328829e-02,1.85710649e-02,3.39471838e-02,1.15866789e-01,-9.45186300e+00,0.00000000e+00,1.81289689e-01,2.33176922e-02,1.77663895e+02,2.28513383e+01
1.76800000e+00,-5.69913046e-02,2.30230122e-02,3.41776490e-02,1.14435725e-01,-9.45186300e+00,0.00000000e+00,1.80006165e-01,2.24568762e-02,1.76406042e+02,2.20077386e+01
1.77000000e+00,-5.69408748e-02,2.73490015e-02,3.44050799e-02,1.13234414e-01,-9.45186300e+00,0.00000000e+00,1.83839213e-01,2.41254328e-02,1.80162428e+02,2.36429241e+01
1.77200000e+00,-5.68819402e-02,3.16275331e-02,3.46304164e-02,1.11777842e-01,-9.45186300e+00,0.00000000e+00,1.80651321e-01,2.22434539e-02,1.77038294e+02,2.17985848e+01
1.77400000e+00,-5.68143907e-02,3.58670217e-02,3.48520374e-02,1.10090521e-01,-9.45186300e+00,0.00000000e+00,1.84217647e-01,2.39584831e-02,1.80533294e+02,2.34793134e+01
1.77600000e+00,-5.67385595e-02,3.99754368e-02,3.50709681e-02,1.08687685e-01,-9.45186300e+00,0.00000000e+00,1.83111853e-01,2.31538559e-02,1.79449616e+02,2.26907788e+01
1.77800000e+00,-5.66544746e-02,4.41053691e-02,3.52863780e-02,1.06669617e-01,-9.45186300e+00,0.00000000e+00,1.83045314e-01,2.29756425e-02,1.79384407e+02,2.25161297e+01
1.78000000e+00,-5.65621965e-02,4.81476253e-02,3.54976448e-02,1.04648863e-01,-9.45186300e+00,0.00000000e+00,1.84423922e-01,2.34508717e-02,1.80735443e+02,2.29818543e+01
1.78200000e+00,-5.64615159e-02,5.27422363e-02,3.57031126e-02,9.98373555e-02,-9.45186300e+00,0.00000000e+00,1.69334264e-01,1.74129368e-02,1.65947579e+02,1.70646781e+01
1.78400000e+00,-5.63512540e-02,5.72970944e-02,3.58972060e-02,9.53431331e-02,-9.45186300e+00,0.00000000e+00,1.84472243e-01,2.43964074e-02,1.80782798e+02,2.39084793e+01
1.78600000e+00,-5.62327384e-02,6.12356165e-02,3.60862629e-02,9.35153301e-02,-9.45186300e+00,0.00000000e+00,1.82784934e-01,2.32805011e-02,1.79129235e+02,2.28148911e+01
1.78800000e+00,-5.61062246e-02,6.53046425e-02,3.62704819e-02,9.05096103e-02,-9.45186300e+00,0.00000000e+00,1.80406449e-01,2.21882761e-02,1.76798320e+02,2.17445106e+01
1.79000000e+00,-5.59715769e-02,6.92880859e-02,3.64484097e-02,8.76664354e-02,-9.45186300e+00,0.00000000e+00,1.83702089e-01,2.38771274e-02,1.80028047e+02,2.33995849e+01
1.79200000e+00,-5.58290977e-02,7.32332946e-02,3.66209718e-02,8.45595392e-02,-9.45186300e+00,0.00000000e+00,1.80152727e-01,2.18823730e-02,1.76549673e+02,2.14447255e+01
1.79400000e+00,-5.56786783e-02,7.71266523e-02,3.67865282e-02,8.12729885e-02,-9.45186300e+00,0.00000000e+00,1.83701931e-01,2.37379956e-02,1.80027892e+02,2.32632357e+01
1.79600000e+00,-5.55206913e-02,8.08697981e-02,3.69463320e-02,7.83889336e-02,-9.45186300e+00,0.00000000e+00,1.82388331e-01,2.29566228e-02,1.78740564e+02,2.24974904e+01
1.79800000e+00,-5.53551927e-02,8.46225397e-02,3.70997205e-02,7.49598418e-02,-9.45186300e+00,0.00000000e+00,1.82142034e-01,2.28144721e-02,1.78499193e+02,2.23581827e+01
1.80000000e+00,-5.51822710e-02,8.82704422e-02,3.72462325e-02,7.16224203e-02,-9.45186300e+00,0.00000000e+00,1.83441547e-01,2.33597326e-02,1.79772716e+02,2.28925380e+01
1.80200000e+00,-5.50017989e-02,9.23863219e-02,3.73845879e-02,6.58518938e-02,-9.45186300e+00,0.00000000e+00,1.69749450e-01,1.79070276e-02,1.66354461e+02,1.75488871e+01
1.80400000e+00,-5.48127659e-02,9.64419333e-02,3.75099018e-02,6.04735969e-02,-9.45186300e+00,0.00000000e+00,1.83324120e-01,2.43646509e-02,1.79657638e+02,2.38773579e+01
1.80600000e+00,-5.46163957e-02,9.99507567e-02,3.76280762e-02,5.74860939e-02,-9.45186300e+00,0.00000000e+00,1.80937645e-01,2.30952598e-02,1.77318892e+02,2.26333546e+01
1.80800000e+00,-5.44128626e-02,1.03610031e-01,3.77390525e-02,5.33082190e-02,-9.45186300e+00,0.00000000e+00,1.78161811e-01,2.20262273e-02,1.74598574e+02,2.15857027e+01
1.81000000e+00,-5.42020170e-02,1.07177203e-01,3.78414630e-02,4.93612330e-02,-9.45186300e+00,0.00000000e+00,1.81383442e-01,2.37279133e-02,1.77755773e+02,2.32533550e+01
1.81200000e+00,-5.39841737e-02,1.10714390e-01,3.79362997e-02,4.51177133e-02,-9.45186300e+00,0.00000000e+00,1.77098396e-01,2.15408698e-02,1.73556428e+02,2.11100524e+01
1.81400000e+00,-5.37591974e-02,1.14194592e-01,3.80218533e-02,4.07533017e-02,-9.45186300e+00,0.00000000e+00,1.80892979e-01,2.35982912e-02,1.77275119e+02,2.31263254e+01
1.81600000e+00,-5.35275052e-02,1.17510107e-01,3.80996569e-02,3.69049342e-02,-9.45186300e+00,0.00000000e+00,1.79068816e-01,2.27367065e-02,1.75487439e+02,2.22819724e+01
1.81800000e+00,-5.32891476e-02,1.20839784e-01,3.81691435e-02,3.25621558e-02,-9.45186300e+00,0.00000000e+00,1.78629882e-01,2.26615532e-02,1.75057285e+02,2.22083221e+01
1.82000000e+00,-5.30442129e-02,1.24069223e-01,3.82300049e-02,2.83683491e-02,-9.45186300e+00,0.00000000e+00,1.79424937e-01,2.31380831e-02,1.75836439e+02,2.26753214e+01
1.82200000e+00,-5.27926062e-02,1.27695274e-01,3.82812755e-02,2.21628076e-02,-9.45186300e+00,0.00000000e+00,1.67322337e-01,1.85143940e-02,1.63975890e+02,1.81441061e+01
1.82400000e+00,-5.25334768e-02,1.31253765e-01,3.83189351e-02,1.63756074e-02,-9.45186300e+00,0.00000000e+00,1.78903566e-01,2.40727020e-02,1.75325495e+02,2.35912480e+01
1.82600000e+00,-5.22679107e-02,1.34333004e-01,3.83481794e-02,1.26905986e-02,-9.45186300e+00,0.00000000e+00,1.76365778e-01,2.29701061e-02,1.72838462e+02,2.25107040e+01
1.82800000e+00,-5.19960596e-02,1.37540098e-01,3.83689985e-02,7.95715845e-03,-9.45186300e+00,0.00000000e+00,1.73709728e-01,2.19036465e-02,1.70235534e+02,2.14655736e+01
1.83000000e+00,-5.17178312e-02,1.40625841e-01,3.83802577e-02,3.59812884e-03,-9.45186300e+00,0.00000000e+00,1.76943039e-01,2.37739790e-02,1.73404178e+02,2.32984994e+01
1.83200000e+00,-5.14335867e-02,1.43665797e-01,3.83833325e-02,-8.48592307e-04,-9.45186300e+00,0.00000000e+00,1.72471476e-01,2.17256567e-02,1.69022047e+02,2.12911436e+01
1.83400000e+00,-5.11431972e-02,1.46662039e-01,3.83768534e-02,-5.31032620e-03,-9.45186300e+00,0.00000000e+00,1.75606494e-01,2.37351631e-02,1.72094364e+02,2.32604598e+01
1.83600000e+00,-5.08470370e-02,1.49510590e-01,3.83624000e-02,-9.30882562e-03,-9.45186300e+00,0.00000000e+00,1.73516576e-01,2.26789032e-02,1.70046244e+02,2.22253252e+01
1.83800000e+00,-5.05451531e-02,1.52361669e-01,3.83393009e-02,-1.37831079e-02,-9.45186300e+00,0.00000000e+00,1.73094727e-01,2.27053245e-02,1.69632833e+02,2.22512180e+01
1.84000000e+00,-5.02376573e-02,1.55112338e-01,3.83073910e-02,-1.80722835e-02,-9.45186300e+00,0.00000000e+00,1.73364038e-01,2.30236299e-02,1.69896757e+02,2.25631573e+01
1.84200000e+00,-4.99245277e-02,1.58127148e-01,3.82660672e-02,-2.37780661e-02,-9.45186300e+00,0.00000000e+00,1.64378174e-01,1.96749443e-02,1.61090611e+02,1.92814454e+01
1.84400000e+00,-4.96051966e-02,1.61070100e-01,3.82125996e-02,-2.90028182e-02,-9.45186300e+00,0.00000000e+00,1.72448908e-01,2.39593443e-02,1.68999930e+02,2.34801574e+01
1.84600000e+00,-4.92804795e-02,1.63664780e-01,3.81510735e-02,-3.27013003e-02,-9.45186300e+00,0.00000000e+00,1.69876154e-01,2.27921296e-02,1.66478631e+02,2.23362870e+01
1.84800000e+00,-4.89504578e-02,1.66379045e-01,3.80811372e-02,-3.73853993e-02,-9.45186300e+00,0.00000000e+00,1.66971459e-01,2.17924745e-02,1.63632029e+02,2.13566250e+01
1.85000000e+00,-4.86150366e-02,1.68983352e-01,3.80017835e-02,-4.16922293e-02,-9.45186300e+00,0.00000000e+00,1.69718320e-01,2.34725260e-02,1.66323954e+02,2.30030755e+01
1.85200000e+00,-4.82745655e-02,1.71526012e-01,3.79143937e-02,-4.59609517e-02,-9.45186300e+00,0.00000000e+00,1.65642830e-01,2.17492545e-02,1.62329974e+02,2.13142695e+01
1.85400000e+00,-4.79289424e-02,1.74053830e-01,3.78178096e-02,-5.04247611e-02,-9.45186300e+00,0.00000000e+00,1.67254236e-01,2.29269638e-02,1.63909151e+02,2.24684245e+01
1.85600000e+00,-4.75784432e-02,1.76442025e-01,3.77130096e-02,-5.44160742e-02,-9.45186300e+00,0.00000000e+00,1.66053995e-01,2.25929231e-02,1.62732915e+02,2.21410646e+01
1.85800000e+00,-4.72231949e-02,1.78799375e-01,3.76000648e-02,-5.85282460e-02,-9.45186300e+00,0.00000000e+00,1.65084677e-01,2.25136101e-02,1.61782983e+02,2.20633379e+01
1.86000000e+00,-4.68632928e-02,1.81086106e-01,3.74789774e-02,-6.25193154e-02,-9.45186300e+00,0.00000000e+00,1.64775585e-01,2.26757806e-02,1.61480074e+02,2.22222650e+01
1.86200000e+00,-4.64987761e-02,1.83484404e-01,3.73495466e-02,-6.71716467e-02,-9.45186300e+00,0.00000000e+00,1.59511569e-01,2.09425119e-02,1.56321338e+02,2.05236617e+01
1.86400000e+00,-4.61294138e-02,1.85794737e-01,3.72105892e-02,-7.13765100e-02,-9.45186300e+00,0.00000000e+00,1.63825667e-01,2.34183893e-02,1.60549154e+02,2.29500215e+01
1.86600000e+00,-4.57557672e-02,1.87849980e-01,3.70647200e-02,-7.45622835e-02,-9.45186300e+00,0.00000000e+00,1.62430554e-01,2.28744702e-02,1.59181943e+02,2.24169808e+01
1.86800000e+00,-4.53779894e-02,1.89942059e-01,3.69120233e-02,-7.82231835e-02,-9.45186300e+00,0.00000000e+00,1.59889506e-01,2.22044178e-02,1.56691716e+02,2.17603295e+01
1.87000000e+00,-4.49960598e-02,1.91942967e-01,3.67520504e-02,-8.15494651e-02,-9.45186300e+00,0.00000000e+00,1.61451528e-01,2.33497416e-02,1.58222497e+02,2.28827468e+01
1.87200000e+00,-4.46102622e-02,1.93876792e-01,3.65858880e-02,-8.47818658e-02,-9.45186300e+00,0.00000000e+00,1.58315473e-01,2.21653496e-02,1.55149164e+02,2.17220426e+01
1.87400000e+00,-4.42205838e-02,1.95763871e-01,3.64129084e-02,-8.80360971e-02,-9.45186300e+00,0.00000000e+00,1.59370684e-01,2.30581995e-02,1.56183270e+02,2.25970355e+01
1.87600000e+00,-4.38272888e-02,1.97527930e-01,3.62339763e-02,-9.09413483e-02,-9.45186300e+00,0.00000000e+00,1.57986768e-01,2.26434094e-02,1.54827033e+02,2.21905412e+01
1.87800000e+00,-4.34305135e-02,1.99229847e-01,3.60491880e-02,-9.37790827e-02,-9.45186300e+00,0.00000000e+00,1.57590813e-01,2.29371202e-02,1.54438997e+02,2.24783778e+01
1.88000000e+00,-4.30304072e-02,2.00875005e-01,3.58589111e-02,-9.65400906e-02,-9.45186300e+00,0.00000000e+00,1.56053622e-01,2.25337437e-02,1.52932550e+02,2.20830689e+01
1.88200000e+00,-4.26269904e-02,2.02554764e-01,3.56628071e-02,-9.96319307e-02,-9.45186300e+00,0.00000000e+00,1.53495887e-01,2.19637887e-02,1.50425969e+02,2.15245129e+01
1.88400000e+00,-4.22202341e-02,2.04165655e-01,3.54605843e-02,-1.02422399e-01,-9.45186300e+00,0.00000000e+00,1.54349147e-01,2.28786421e-02,1.51262164e+02,2.24210693e+01
1.88600000e+00,-4.18104253e-02,2.05630211e-01,3.52534791e-02,-1.04670389e-01,-9.45186300e+00,0.00000000e+00,1.53575993e-01,2.28075076e-02,1.50504473e+02,2.23513575e+01
1.88800000e+00,-4.13977454e-02,2.07046568e-01,3.50418922e-02,-1.06934137e-01,-9.45186300e+00,0.00000000e+00,1.52112418e-01,2.25442186e-02,1.49070170e+02,2.20933342e+01
1.89000000e+00,-4.09823075e-02,2.08360324e-01,3.48259610e-02,-1.08870409e-01,-9.45186300e+00,0.00000000e+00,1.52587650e-01,2.31872460e-02,1.49535897e+02,2.27235011e+01
1.89200000e+00,-4.05643532e-02,2.09600360e-01,3.46064972e-02,-1.10676717e-01,-9.45186300e+00,0.00000000e+00,1.50428231e-01,2.25041990e-02,1.47419666e+02,2.20541150e+01
1.89400000e+00,-4.01439339e-02,2.10798586e-01,3.43832372e-02,-1.12508295e-01,-9.45186300e+00,0.00000000e+00,1.50137625e-01,2.28160385e-02,1.47134873e+02,2.23597178e+01
1.89600000e+00,-3.97212254e-02,2.11896980e-01,3.41566713e-02,-1.14029035e-01,-9.45186300e+00,0.00000000e+00,1.49314879e-01,2.28336163e-02,1.46328581e+02,2.23769440e+01
1.89800000e+00,-3.92963856e-02,2.12935879e-01,3.39271753e-02,-1.15468463e-01,-9.45186300e+00,0.00000000e+00,1.48064057e-01,2.26594482e-02,1.45102776e+02,2.22062592e+01
1.90000000e+00,-3.88695330e-02,2.13898102e-01,3.36948771e-02,-1.16788395e-01,-9.45186300e+00,0.00000000e+00,1.47626099e-01,2.27531372e-02,1.44673577e+02,2.22980745e+01
1.90200000e+00,-3.84408431e-02,2.14785529e-01,3.34601265e-02,-1.17951257e-01,-9.45186300e+00,0.00000000e+00,1.46315970e-01,2.26542620e-02,1.43389650e+02,2.22011768e+01
1.90400000e+00,-3.80104698e-02,2.15554573e-01,3.32233286e-02,-1.18729494e-01,-9.45186300e+00,0.00000000e+00,1.46882420e-01,2.32225474e-02,1.43944771e+02,2.27580965e+01
1.90600000e+00,-3.75787159e-02,2.16187030e-01,3.29854460e-02,-1.19151478e-01,-9.45186300e+00,0.00000000e+00,1.45985754e-01,2.30623785e-02,1.43066039e+02,2.26011309e+01
1.90800000e+00,-3.71457675e-02,2.16750770e-01,3.27467458e-02,-1.19538774e-01,-9.45186300e+00,0.00000000e+00,1.44956231e-01,2.29545179e-02,1.42057106e+02,2.24954275e+01
1.91000000e+00,-3.67117724e-02,2.17225020e-01,3.25074309e-02,-1.19716145e-01,-9.45186300e+00,0.00000000e+00,1.44536094e-01,2.31612317e-02,1.41645372e+02,2.26980071e+01
1.91200000e+00,-3.62769193e-02,2.17621445e-01,3.22679746e-02,-1.19753342e-01,-9.45186300e+00,0.00000000e+00,1.43226628e-01,2.29066721e-02,1.40362095e+02,2.24485387e+01
1.91400000e+00,-3.58413292e-02,2.17954015e-01,3.20284496e-02,-1.19742470e-01,-9.45186300e+00,0.00000000e+00,1.42473776e-01,2.29199567e-02,1.39624301e+02,2.24615576e+01
1.91600000e+00,-3.54051729e-02,2.18182149e-01,3.17891687e-02,-1.19485762e-01,-9.45186300e+00,0.00000000e+00,1.42107582e-01,2.30807711e-02,1.39265430e+02,2.26191557e+01
1.91800000e+00,-3.49686619e-02,2.18318367e-01,3.15506272e-02,-1.19047969e-01,-9.45186300e+00,0.00000000e+00,1.41058868e-01,2.29591023e-02,1.38237691e+02,2.24999203e+01
1.92000000e+00,-3.45319480e-02,2.18381810e-01,3.13130686e-02,-1.18472561e-01,-9.45186300e+00,0.00000000e+00,1.40243407e-01,2.30300382e-02,1.37438539e+02,2.25694374e+01
1.92200000e+00,-3.40951989e-02,2.18348986e-01,3.10769051e-02,-1.17645011e-01,-9.45186300e+00,0.00000000e+00,1.39743039e-01,2.31506547e-02,1.36948178e+02,2.26876416e+01
1.92400000e+00,-3.36586468e-02,2.18173918e-01,3.08426785e-02,-1.16532514e-01,-9.45186300e+00,0.00000000e+00,1.40003001e-01,2.32930965e-02,1.37202941e+02,2.28272346e+01
1.92600000e+00,-3.32225793e-02,2.17884743e-01,3.06108632e-02,-1.15287811e-01,-9.45186300e+00,0.00000000e+00,1.38848514e-01,2.30964811e-02,1.36071544e+02,2.26345515e+01
1.92800000e+00,-3.27871574e-02,2.17521255e-01,3.03815885e-02,-1.13951276e-01,-9.45186300e+00,0.00000000e+00,1.38183628e-01,2.31577856e-02,1.35419956e+02,2.26946299e+01
1.93000000e+00,-3.23525496e-02,2.17074672e-01,3.01551314e-02,-1.12504841e-01,-9.45186300e+00,0.00000000e+00,1.37240610e-01,2.30030614e-02,1.34495798e+02,2.25430002e+01
1.93200000e+00,-3.19189111e-02,2.16549505e-01,2.99315929e-02,-1.11022695e-01,-9.45186300e+00,0.00000000e+00,1.36477954e-01,2.29128020e-02,1.33748394e+02,2.24545459e+01
1.93400000e+00,-3.14864151e-02,2.15929079e-01,2.97111448e-02,-1.09384306e-01,-9.45186300e+00,0.00000000e+00,1.35933524e-01,2.30154380e-02,1.33214853e+02,2.25551293e+01
1.93600000e+00,-3.10552651e-02,2.15203264e-01,2.94942084e-02,-1.07516931e-01,-9.45186300e+00,0.00000000e+00,1.35418127e-01,2.30827883e-02,1.32709765e+02,2.26211326e+01
1.93800000e+00,-3.06256631e-02,2.14385967e-01,2.92811677e-02,-1.05513601e-01,-9.45186300e+00,0.00000000e+00,1.34560974e-01,2.29956487e-02,1.31869755e+02,2.25357358e+01
1.94000000e+00,-3.01977822e-02,2.13477127e-01,2.90722487e-02,-1.03368178e-01,-9.45186300e+00,0.00000000e+00,1.34060708e-01,2.30817252e-02,1.31379494e+02,2.26200907e+01
1.94200000e+00,-2.97718428e-02,2.12435944e-01,2.88679390e-02,-1.00856737e-01,-9.45186300e+00,0.00000000e+00,1.34172259e-01,2.34710609e-02,1.31488813e+02,2.30016396e+01
1.94400000e+00,-2.93481569e-02,2.11217172e-01,2.86690314e-02,-9.80309527e-02,-9.45186300e+00,0.00000000e+00,1.34747026e-01,2.34562317e-02,1.32052085e+02,2.29871070e+01
1.94600000e+00,-2.89270505e-02,2.09883843e-01,2.84758002e-02,-9.52276515e-02,-9.45186300e+00,0.00000000e+00,1.33406100e-01,2.31466697e-02,1.30737978e+02,2.26837363e+01
1.94800000e+00,-2.85087025e-02,2.08428962e-01,2.82882673e-02,-9.22045049e-02,-9.45186300e+00,0.00000000e+00,1.34166496e-01,2.36485905e-02,1.31483166e+02,2.31756187e+01
1.95000000e+00,-2.80934093e-02,2.06862029e-01,2.81070589e-02,-8.90662396e-02,-9.45186300e+00,0.00000000e+00,1.32627934e-01,2.31281286e-02,1.29975375e+02,2.26655660e+01
1.95200000e+00,-2.76813074e-02,2.05215571e-01,2.79319964e-02,-8.59369335e-02,-9.45186300e+00,0.00000000e+00,1.32654067e-01,2.33784426e-02,1.30000986e+02,2.29108738e+01
1.95400000e+00,-2.72726286e-02,2.03446823e-01,2.77634645e-02,-8.25776630e-02,-9.45186300e+00,0.00000000e+00,1.32142219e-01,2.33687004e-02,1.29499374e+02,2.29013264e+01
1.95600000e+00,-2.68675873e-02,2.01577296e-01,2.76017599e-02,-7.91071355e-02,-9.45186300e+00,0.00000000e+00,1.31694976e-01,2.33795561e-02,1.29061077e+02,2.29119650e+01
1.95800000e+00,-2.64663869e-02,1.99606524e-01,2.74471044e-02,-7.55339305e-02,-9.45186300e+00,0.00000000e+00,1.31224982e-01,2.33618317e-02,1.28600483e+02,2.28945950e+01
1.96000000e+00,-2.60692400e-02,1.97517617e-01,2.72997602e-02,-7.17567730e-02,-9.45186300e+00,0.00000000e+00,1.31205012e-01,2.35956411e-02,1.28580912e+02,2.31237283e+01
1.96200000e+00,-2.56764075e-02,1.95292092e-01,2.71602731e-02,-6.76860378e-02,-9.45186300e+00,0.00000000e+00,1.31201609e-01,2.37771407e-02,1.28577576e+02,2.33015979e+01
1.96400000e+00,-2.52881899e-02,1.92889190e-01,2.70291087e-02,-6.34763118e-02,-9.45186300e+00,0.00000000e+00,1.32171029e-01,2.36982881e-02,1.29527608e+02,2.32243224e+01
1.96600000e+00,-2.49049364e-02,1.90357835e-01,2.69063090e-02,-5.93549137e-02,-9.45186300e+00,0.00000000e+00,1.31064335e-01,2.34146169e-02,1.28443048e+02,2.29463246e+01
1.96800000e+00,-2.45268440e-02,1.87698368e-01,2.67917986e-02,-5.50693299e-02,-9.45186300e+00,0.00000000e+00,1.32067484e-01,2.38776139e-02,1.29426135e+02,2.34000616e+01
1.97000000e+00,-2.41542125e-02,1.84934521e-01,2.66860275e-02,-5.07899669e-02,-9.45186300e+00,0.00000000e+00,1.30450254e-01,2.32486753e-02,1.27841249e+02,2.27837018e+01
1.97200000e+00,-2.37871811e-02,1.82057870e-01,2.65887110e-02,-4.64021233e-02,-9.45186300e+00,0.00000000e+00,1.31695646e-01,2.39645510e-02,1.29061733e+02,2.34852600e+01
1.97400000e+00,-2.34260846e-02,1.79025856e-01,2.65006528e-02,-4.16636303e-02,-9.45186300e+00,0.00000000e+00,1.31120629e-01,2.38569542e-02,1.28498217e+02,2.33798151e+01
1.97600000e+00,-2.30711305e-02,1.75914584e-01,2.64220082e-02,-3.69976257e-02,-9.45186300e+00,0.00000000e+00,1.30637457e-01,2.36981373e-02,1.28024708e+02,2.32241746e+01
1.97800000e+00,-2.27224764e-02,1.72728066e-01,2.63525773e-02,-3.24589770e-02,-9.45186300e+00,0.00000000e+00,1.30019827e-01,2.34885838e-02,1.27419430e+02,2.30188121e+01
1.98000000e+00,-2.23802933e-02,1.69428881e-01,2.62922356e-02,-2.78254258e-02,-9.45186300e+00,0.00000000e+00,1.30463495e-01,2.38092675e-02,1.27854225e+02,2.33330821e+01
1.98200000e+00,-2.20448380e-02,1.66014141e-01,2.62413567e-02,-2.30702946e-02,-9.45186300e+00,0.00000000e+00,1.29967741e-01,2.36691487e-02,1.27368386e+02,2.31957657e+01
1.98400000e+00,-2.17163366e-02,1.62449667e-01,2.61999051e-02,-1.83891189e-02,-9.45186300e+00,0.00000000e+00,1.31266346e-01,2.35929040e-02,1.28641019e+02,2.31210460e+01
1.98600000e+00,-2.13951458e-02,1.58725381e-01,2.61678032e-02,-1.37035305e-02,-9.45186300e+00,0.00000000e+00,1.31065008e-01,2.36306426e-02,1.28443708e+02,2.31580297e+01
1.98800000e+00,-2.10815407e-02,1.54842726e-01,2.61452561e-02,-8.77021893e-03,-9.45186300e+00,0.00000000e+00,1.32391264e-01,2.40786815e-02,1.29743438e+02,2.35971079e+01
1.99000000e+00,-2.07758344e-02,1.50870822e-01,2.61326096e-02,-4.00592721e-03,-9.45186300e+00,0.00000000e+00,1.30638730e-01,2.32558057e-02,1.28025955e+02,2.27906896e+01
1.99200000e+00,-2.04781513e-02,1.46757989e-01,2.61293860e-02,9.88753598e-04,-9.45186300e+00,0.00000000e+00,1.33237771e-01,2.45557091e-02,1.30573016e+02,2.40645949e+01
1.99400000e+00,-2.01889383e-02,1.42441413e-01,2.61369349e-02,6.53892084e-03,-9.45186300e+00,0.00000000e+00,1.33021180e-01,2.44302826e-02,1.30360756e+02,2.39416770e+01
1.99600000e+00,-1.99084154e-02,1.38080234e-01,2.61553310e-02,1.17729827e-02,-9.45186300e+00,0.00000000e+00,1.31972244e-01,2.39163128e-02,1.29332799e+02,2.34379866e+01
1.99800000e+00,-1.96366321e-02,1.33696967e-01,2.61837561e-02,1.66009206e-02,-9.45186300e+00,0.00000000e+00,1.31300805e-01,2.36164437e-02,1.28674789e+02,2.31441148e+01
2.00000000e+00,-1.93736902e-02,1.29219750e-01,2.62217384e-02,2.14344694e-02,-9.45186300e+00,0.00000000e+00,1.32002983e-01,2.39803991e-02,1.29362923e+02,2.35007911e+01
2.00200000e+00,-1.91198014e-02,1.24670143e-01,2.62694146e-02,2.61489596e-02,-9.45186300e+00,0.00000000e+00,1.30901214e-01,2.34326864e-02,1.28283189e+02,2.29640326e+01
2.00400000e+00,-1.88750595e-02,1.20045673e-01,2.63260222e-02,3.03954704e-02,-9.45186300e+00,0.00000000e+00,1.31735681e-01,2.30772187e-02,1.29100967e+02,2.26156743e+01
2.00600000e+00,-1.86397245e-02,1.15262476e-01,2.63909914e-02,3.46343832e-02,-9.45186300e+00,0.00000000e+00,1.32669730e-01,2.35078459e-02,1.30016335e+02,2.30376889e+01
2.00800000e+00,-1.84141345e-02,1.10292013e-01,2.64648168e-02,3.92587882e-02,-9.45186300e+00,0.00000000e+00,1.34249897e-01,2.39899724e-02,1.31564899e+02,2.35101729e+01
2.01000000e+00,-1.81986037e-02,1.05250750e-01,2.65478435e-02,4.36087306e-02,-9.45186300e+00,0.00000000e+00,1.32544071e-01,2.30485176e-02,1.29893190e+02,2.25875472e+01
2.01200000e+00,-1.79932355e-02,1.00053438e-01,2.66394504e-02,4.82566460e-02,-9.45186300e+00,0.00000000e+00,1.36198941e-01,2.47444935e-02,1.33474962e+02,2.42496036e+01
2.01400000e+00,-1.77985299e-02,9.46461675e-02,2.67412752e-02,5.35122071e-02,-9.45186300e+00,0.00000000e+00,1.35838740e-01,2.44672629e-02,1.33121965e+02,2.39779176e+01
2.01600000e+00,-1.76146419e-02,8.92523849e-02,2.68531023e-02,5.81724439e-02,-9.45186300e+00,0.00000000e+00,1.34360587e-01,2.36526995e-02,1.31673375e+02,2.31796455e+01
2.01800000e+00,-1.74415112e-02,8.38723539e-02,2.69735951e-02,6.22777792e-02,-9.45186300e+00,0.00000000e+00,1.34082155e-01,2.34729635e-02,1.31400512e+02,2.30035042e+01
2.02000000e+00,-1.72791945e-02,7.84291868e-02,2.71021566e-02,6.62979443e-02,-9.45186300e+00,0.00000000e+00,1.34488723e-01,2.36559514e-02,1.31798949e+02,2.31828323e+01
2.02200000e+00,-1.71278183e-02,7.29502279e-02,2.72386213e-02,7.00698598e-02,-9.45186300e+00,0.00000000e+00,1.33660410e-01,2.31452576e-02,1.30987202e+02,2.26823525e+01
2.02400000e+00,-1.69874154e-02,6.74386601e-02,2.73820172e-02,7.32135846e-02,-9.45186300e+00,0.00000000e+00,1.34082123e-01,2.25409005e-02,1.31400481e+02,2.20900825e+01
2.02600000e+00,-1.68581616e-02,6.17802395e-02,2.75314604e-02,7.63343880e-02,-9.45186300e+00,0.00000000e+00,1.36013886e-01,2.33094048e-02,1.33293608e+02,2.28432167e+01
2.02800000e+00,-1.67404389e-02,5.59050713e-02,2.76877237e-02,8.00085206e-02,-9.45186300e+00,0.00000000e+00,1.38162109e-01,2.39241053e-02,1.35398867e+02,2.34456232e+01
2.03000000e+00,-1.66345719e-02,4.99839502e-02,2.78512529e-02,8.33203168e-02,-9.45186300e+00,0.00000000e+00,1.36199206e-01,2.27810398e-02,1.33475222e+02,2.23254190e+01
2.03200000e+00,-1.65406050e-02,4.39100038e-02,2.80212452e-02,8.69923900e-02,-9.45186300e+00,0.00000000e+00,1.40941658e-01,2.49218052e-02,1.38122825e+02,2.44233691e+01
2.03400000e+00,-1.64590891e-02,3.76002445e-02,2.81997659e-02,9.14796656e-02,-9.45186300e+00,0.00000000e+00,1.41018364e-01,2.47453293e-02,1.38197996e+02,2.42504227e+01
2.03600000e+00,-1.63901810e-02,3.13250558e-02,2.83867286e-02,9.53140807e-02,-9.45186300e+00,0.00000000e+00,1.39545634e-01,2.38169055e-02,1.36754722e+02,2.33405674e+01
2.03800000e+00,-1.63337475e-02,2.51118759e-02,2.85805197e-02,9.83947016e-02,-9.45186300e+00,0.00000000e+00,1.39083329e-01,2.34386676e-02,1.36301662e+02,2.29698942e+01
2.04000000e+00,-1.62897436e-02,1.88834966e-02,2.87801347e-02,1.01216244e-01,-9.45186300e+00,0.00000000e+00,1.39516200e-01,2.35571113e-02,1.36725876e+02,2.30859691e+01
2.04200000e+00,-1.62582105e-02,1.26597643e-02,2.89851462e-02,1.03680159e-01,-9.45186300e+00,0.00000000e+00,1.38691883e-01,2.29798259e-02,1.35918046e+02,2.25202294e+01
2.04400000e+00,-1.62390923e-02,6.45440755e-03,2.91943642e-02,1.05407563e-01,-9.45186300e+00,0.00000000e+00,1.38905433e-01,2.23092989e-02,1.36127325e+02,2.18631129e+01
2.04600000e+00,-1.62324591e-02,1.49667310e-04,2.94067052e-02,1.07028085e-01,-9.45186300e+00,0.00000000e+00,1.40934449e-01,2.30582029e-02,1.38115760e+02,2.25970388e+01
2.04800000e+00,-1.62386064e-02,-6.32418169e-03,2.96227716e-02,1.09091050e-01,-9.45186300e+00,0.00000000e+00,1.42880926e-01,2.35458323e-02,1.40023307e+02,2.30749157e+01
2.05000000e+00,-1.62577742e-02,-1.28256822e-02,2.98428466e-02,1.10819917e-01,-9.45186300e+00,0.00000000e+00,1.41710454e-01,2.26705534e-02,1.38876244e+02,2.22171424e+01
2.05200000e+00,-1.62900238e-02,-1.94991591e-02,3.00664327e-02,1.13120837e-01,-9.45186300e+00,0.00000000e+00,1.47135887e-01,2.50651834e-02,1.44193169e+02,2.45638797e+01
2.05400000e+00,-1.63359245e-02,-2.64029901e-02,3.02959396e-02,1.16336145e-01,-9.45186300e+00,0.00000000e+00,1.47439747e-01,2.49163904e-02,1.44490952e+02,2.44180626e+01
2.05600000e+00,-1.63955840e-02,-3.32292273e-02,3.05312814e-02,1.18807721e-01,-9.45186300e+00,0.00000000e+00,1.45781765e-01,2.38392029e-02,1.42866130e+02,2.33624188e+01
2.05800000e+00,-1.64687693e-02,-3.99472975e-02,3.07706052e-02,1.20431507e-01,-9.45186300e+00,0.00000000e+00,1.45482147e-01,2.34780710e-02,1.42572504e+02,2.30085096e+01
2.06000000e+00,-1.65553403e-02,-4.66161005e-02,3.10127122e-02,1.21612533e-01,-9.45186300e+00,0.00000000e+00,1.45309974e-01,2.32552084e-02,1.42403775e+02,2.27901042e+01
2.06200000e+00,-1.66551992e-02,-5.32332925e-02,3.12567560e-02,1.22344521e-01,-9.45186300e+00,0.00000000e+00,1.45064260e-01,2.28838402e-02,1.42162975e+02,2.24261634e+01
2.06400000e+00,-1.67682536e-02,-5.98206441e-02,3.15017001e-02,1.22491281e-01,-9.45186300e+00,0.00000000e+00,1.45508689e-01,2.23766292e-02,1.42598516e+02,2.19290966e+01
2.06600000e+00,-1.68945062e-02,-6.64446004e-02,3.17465912e-02,1.22443197e-01,-9.45186300e+00,0.00000000e+00,1.46923261e-01,2.28247450e-02,1.43984796e+02,2.23682501e+01
2.06800000e+00,-1.70340981e-02,-7.31677033e-02,3.19916675e-02,1.22687041e-01,-9.45186300e+00,0.00000000e+00,1.48937650e-01,2.33394163e-02,1.45958897e+02,2.28726279e+01
2.07000000e+00,-1.71871735e-02,-7.98855559e-02,3.22371369e-02,1.22627306e-01,-9.45186300e+00,0.00000000e+00,1.48022663e-01,2.25381662e-02,1.45062209e+02,2.20874028e+01
2.07200000e+00,-1.73537232e-02,-8.67277200e-02,3.24825363e-02,1.23106752e-01,-9.45186300e+00,0.00000000e+00,1.53174400e-01,2.48216665e-02,1.50110912e+02,2.43252331e+01
2.07400000e+00,-1.75341993e-02,-9.37421405e-02,3.27301284e-02,1.24432882e-01,-9.45186300e+00,0.00000000e+00,1.53492457e-01,2.46684998e-02,1.50422608e+02,2.41751298e+01
2.07600000e+00,-1.77285987e-02,-1.00616967e-01,3.29797135e-02,1.24927710e-01,-9.45186300e+00,0.00000000e+00,1.51471173e-01,2.34330179e-02,1.48441749e+02,2.29643575e+01
2.07800000e+00,-1.79365610e-02,-1.07332624e-01,3.32292509e-02,1.24540033e-01,-9.45186300e+00,0.00000000e+00,1.51443256e-01,2.31727343e-02,1.48414391e+02,2.27092796e+01
2.08000000e+00,-1.81578644e-02,-1.13951027e-01,3.34775426e-02,1.23655862e-01,-9.45186300e+00,0.00000000e+00,1.50978087e-01,2.27458975e-02,1.47958525e+02,2.22909795e+01
2.08200000e+00,-1.83923037e-02,-1.20477342e-01,3.37235753e-02,1.22323237e-01,-9.45186300e+00,0.00000000e+00,1.51178522e-01,2.25834273e-02,1.48154952e+02,2.21317588e+01
2.08400000e+00,-1.86397190e-02,-1.26921479e-01,3.39664846e-02,1.20464238e-01,-9.45186300e+00,0.00000000e+00,1.51051121e-01,2.19887618e-02,1.48030098e+02,2.15489866e+01
2.08600000e+00,-1.88999668e-02,-1.33331428e-01,3.42052785e-02,1.18374599e-01,-9.45186300e+00,0.00000000e+00,1.52477990e-01,2.24413171e-02,1.49428430e+02,2.19924907e+01
2.08800000e+00,-1.91730893e-02,-1.39808304e-01,3.44402263e-02,1.16649895e-01,-9.45186300e+00,0.00000000e+00,1.54818241e-01,2.30911363e-02,1.51721876e+02,2.26293136e+01
2.09000000e+00,-1.94591849e-02,-1.46262431e-01,3.46717688e-02,1.14761265e-01,-9.45186300e+00,0.00000000e+00,1.54255413e-01,2.24287284e-02,1.51170305e+02,2.19801538e+01
2.09200000e+00,-1.97581954e-02,-1.52801100e-01,3.48996410e-02,1.13426889e-01,-9.45186300e+00,0.00000000e+00,1.59208216e-01,2.45807203e-02,1.56024052e+02,2.40891059e+01
2.09400000e+00,-2.00704589e-02,-1.59444171e-01,3.51259618e-02,1.12820616e-01,-9.45186300e+00,0.00000000e+00,1.59216891e-01,2.42805518e-02,1.56032553e+02,2.37949407e+01
2.09600000e+00,-2.03958476e-02,-1.65900597e-01,3.53503779e-02,1.11396160e-01,-9.45186300e+00,0.00000000e+00,1.57476533e-01,2.31844490e-02,1.54327002e+02,2.27207600e+01
2.09800000e+00,-2.07339395e-02,-1.72174413e-01,3.55710520e-02,1.09230171e-01,-9.45186300e+00,0.00000000e+00,1.57684036e-01,2.30401838e-02,1.54530355e+02,2.25793801e+01
2.10000000e+00,-2.10844504e-02,-1.78305888e-01,3.57869801e-02,1.06586474e-01,-9.45186300e+00,0.00000000e+00,1.56986551e-01,2.24912419e-02,1.53846820e+02,2.20414171e+01
2.10200000e+00,-2.14470799e-02,-1.84312542e-01,3.59971499e-02,1.03570815e-01,-9.45186300e+00,0.00000000e+00,1.57703000e-01,2.25609039e-02,1.54548940e+02,2.21096859e+01
2.10400000e+00,-2.18216319e-02,-1.90216256e-01,3.62010569e-02,1.00245530e-01,-9.45186300e+00,0.00000000e+00,1.57614480e-01,2.21339536e-02,1.54462190e+02,2.16912745e+01
2.10600000e+00,-2.22078786e-02,-1.96020542e-01,3.63979884e-02,9.67047967e-02,-9.45186300e+00,0.00000000e+00,1.58508935e-01,2.23914595e-02,1.55338756e+02,2.19436303e+01
2.10800000e+00,-2.26057038e-02,-2.01809425e-01,3.65880295e-02,9.33941035e-02,-9.45186300e+00,0.00000000e+00,1.60478495e-01,2.28896706e-02,1.57268925e+02,2.24318772e+01
2.11000000e+00,-2.30150591e-02,-2.07512464e-01,3.67714363e-02,8.98907875e-02,-9.45186300e+00,0.00000000e+00,1.59821251e-01,2.22505342e-02,1.56624826e+02,2.18055235e+01
2.11200000e+00,-2.34357682e-02,-2.13237295e-01,3.69479525e-02,8.69272287e-02,-9.45186300e+00,0.00000000e+00,1.64398864e-01,2.42761205e-02,1.61110887e+02,2.37905981e+01
2.11400000e+00,-2.38680258e-02,-2.18988466e-01,3.71195478e-02,8.45674949e-02,-9.45186300e+00,0.00000000e+00,1.63941804e-01,2.37640218e-02,1.60662967e+02,2.32887414e+01
2.11600000e+00,-2.43115776e-02,-2.24522910e-01,3.72857602e-02,8.15144261e-02,-9.45186300e+00,0.00000000e+00,1.62932591e-01,2.30594487e-02,1.59673939e+02,2.25982597e+01
2.11800000e+00,-2.47660002e-02,-2.29881509e-01,3.74453107e-02,7.80191136e-02,-9.45186300e+00,0.00000000e+00,1.63520393e-01,2.30651007e-02,1.60249985e+02,2.26037986e+01
2.12000000e+00,-2.52310080e-02,-2.35096733e-01,3.75976703e-02,7.42742724e-02,-9.45186300e+00,0.00000000e+00,1.63356882e-01,2.27548457e-02,1.60089744e+02,2.22997488e+01
2.12200000e+00,-2.57063027e-02,-2.40185258e-01,3.77423196e-02,7.03971691e-02,-9.45186300e+00,0.00000000e+00,1.64418905e-01,2.29957157e-02,1.61130527e+02,2.25358014e+01
2.12400000e+00,-2.61916471e-02,-2.45120795e-01,3.78790878e-02,6.62633308e-02,-9.45186300e+00,0.00000000e+00,1.63723648e-01,2.24129849e-02,1.60449175e+02,2.19647252e+01
2.12600000e+00,-2.66866537e-02,-2.49858091e-01,3.80071224e-02,6.17537062e-02,-9.45186300e+00,0.00000000e+00,1.63807965e-01,2.23916799e-02,1.60531806e+02,2.19438463e+01
2.12800000e+00,-2.71910192e-02,-2.54504987e-01,3.81262219e-02,5.74230535e-02,-9.45186300e+00,0.00000000e+00,1.65709526e-01,2.29605884e-02,1.62395336e+02,2.25013766e+01
2.13000000e+00,-2.77045907e-02,-2.59027475e-01,3.82367620e-02,5.30135994e-02,-9.45186300e+00,0.00000000e+00,1.65074671e-01,2.23859477e-02,1.61773177e+02,2.19382287e+01
2.13200000e+00,-2.82270930e-02,-2.63495941e-01,3.83385565e-02,4.90243111e-02,-9.45186300e+00,0.00000000e+00,1.68694378e-01,2.39896652e-02,1.65320491e+02,2.35098719e+01
2.13400000e+00,-2.87585333e-02,-2.67902655e-01,3.84331362e-02,4.54504842e-02,-9.45186300e+00,0.00000000e+00,1.67951796e-01,2.33945317e-02,1.64592760e+02,2.29266410e+01
2.13600000e+00,-2.92985446e-02,-2.72070825e-01,3.85200055e-02,4.13472522e-02,-9.45186300e+00,0.00000000e+00,1.67511347e-01,2.30041878e-02,1.64161120e+02,2.25441040e+01
2.13800000e+00,-2.98467004e-02,-2.76064742e-01,3.85984138e-02,3.70768921e-02,-9.45186300e+00,0.00000000e+00,1.68338319e-01,2.31574908e-02,1.64971553e+02,2.26943410e+01
2.14000000e+00,-3.04026763e-02,-2.79867743e-01,3.86681678e-02,3.25887553e-02,-9.45186300e+00,0.00000000e+00,1.67573001e-01,2.26485186e-02,1.64221541e+02,2.21955482e+01
2.14200000e+00,-3.09660472e-02,-2.83484481e-01,3.87286616e-02,2.79397046e-02,-9.45186300e+00,0.00000000e+00,1.68569972e-01,2.29080638e-02,1.65198572e+02,2.24499025e+01
2.14400000e+00,-3.15364872e-02,-2.86910659e-01,3.87798546e-02,2.31825244e-02,-9.45186300e+00,0.00000000e+00,1.67762616e-01,2.24966000e-02,1.64407364e+02,2.20466680e+01
2.14600000e+00,-3.21135241e-02,-2.90088187e-01,3.88211961e-02,1.81319482e-02,-9.45186300e+00,0.00000000e+00,1.67457047e-01,2.23533350e-02,1.64107906e+02,2.19062683e+01
2.14800000e+00,-3.26967358e-02,-2.93109504e-01,3.88524522e-02,1.31860957e-02,-9.45186300e+00,0.00000000e+00,1.68860919e-01,2.27631110e-02,1.65483700e+02,2.23078487e+01
2.15000000e+00,-3.32858504e-02,-2.95963329e-01,3.88739244e-02,8.21617714e-03,-9.45186300e+00,0.00000000e+00,1.68340450e-01,2.23354947e-02,1.64973641e+02,2.18887848e+01
2.15200000e+00,-3.38804999e-02,-2.98683321e-01,3.88855061e-02,3.53009339e-03,-9.45186300e+00,0.00000000e+00,1.70576804e-01,2.33774059e-02,1.67165268e+02,2.29098577e+01
2.15400000e+00,-3.44804886e-02,-3.01260653e-01,3.88882208e-02,-8.91968513e-04,-9.45186300e+00,0.00000000e+00,1.69893989e-01,2.28953287e-02,1.66496109e+02,2.24374221e+01
2.15600000e+00,-3.50853808e-02,-3.03595471e-01,3.88817587e-02,-5.58333110e-03,-9.45186300e+00,0.00000000e+00,1.69838155e-01,2.28048213e-02,1.66441391e+02,2.23487248e+01
2.15800000e+00,-3.56947460e-02,-3.05743565e-01,3.88659170e-02,-1.02303469e-02,-9.45186300e+00,0.00000000e+00,1.70496260e-01,2.29676899e-02,1.67086335e+02,2.25083361e+01
2.16000000e+00,-3.63082105e-02,-3.07674811e-01,3.88407546e-02,-1.50015157e-02,-9.45186300e+00,0.00000000e+00,1.69770777e-01,2.25101966e-02,1.66375362e+02,2.20599927e+01
2.16200000e+00,-3.69252978e-02,-3.09384958e-01,3.88058464e-02,-1.98695685e-02,-9.45186300e+00,0.00000000e+00,1.70360154e-01,2.27164633e-02,1.66952951e+02,2.22621340e+01
2.16400000e+00,-3.75456035e-02,-3.10874866e-01,3.87612961e-02,-2.47078493e-02,-9.45186300e+00,0.00000000e+00,1.69681801e-01,2.25110088e-02,1.66288165e+02,2.20607886e+01
2.16600000e+00,-3.81686281e-02,-3.12111001e-01,3.87069632e-02,-2.96237741e-02,-9.45186300e+00,0.00000000e+00,1.69510870e-01,2.24778771e-02,1.66120652e+02,2.20283195e+01
2.16800000e+00,-3.87939195e-02,-3.13155163e-01,3.86428888e-02,-3.44080434e-02,-9.45186300e+00,0.00000000e+00,1.70295963e-01,2.26977890e-02,1.66890043e+02,2.22438332e+01
2.17000000e+00,-3.94211176e-02,-3.14002575e-01,3.85693747e-02,-3.91268654e-02,-9.45186300e+00,0.00000000e+00,1.70029695e-01,2.25121484e-02,1.66629101e+02,2.20619054e+01
2.17200000e+00,-4.00498136e-02,-3.14675750e-01,3.84865572e-02,-4.35819845e-02,-9.45186300e+00,0.00000000e+00,1.71353895e-01,2.31348540e-02,1.67926817e+02,2.26721569e+01
2.17400000e+00,-4.06796925e-02,-3.15156898e-01,3.83951668e-02,-4.78570449e-02,-9.45186300e+00,0.00000000e+00,1.70682271e-01,2.27612591e-02,1.67268625e+02,2.23060339e+01
2.17600000e+00,-4.13102657e-02,-3.15374806e-01,3.82950065e-02,-5.23158303e-02,-9.45186300e+00,0.00000000e+00,1.70349131e-01,2.26079438e-02,1.66942148e+02,2.21557849e+01
2.17800000e+00,-4.19410381e-02,-3.15362159e-01,3.81859105e-02,-5.67640187e-02,-9.45186300e+00,0.00000000e+00,1.70443901e-01,2.26294729e-02,1.67035023e+02,2.21768834e+01
2.18000000e+00,-4.25715649e-02,-3.15125411e-01,3.80679770e-02,-6.11723830e-02,-9.45186300e+00,0.00000000e+00,1.70260438e-01,2.25248563e-02,1.66855229e+02,2.20743592e+01
2.18200000e+00,-4.32013927e-02,-3.14668135e-01,3.79412666e-02,-6.55122701e-02,-9.45186300e+00,0.00000000e+00,1.70433923e-01,2.25939737e-02,1.67025245e+02,2.21420942e+01
2.18400000e+00,-4.38300560e-02,-3.13938584e-01,3.78058965e-02,-6.98992963e-02,-9.45186300e+00,0.00000000e+00,1.69032792e-01,2.22342991e-02,1.65652136e+02,2.17896131e+01
2.18600000e+00,-4.44569983e-02,-3.12985949e-01,3.76618092e-02,-7.40768008e-02,-9.45186300e+00,0.00000000e+00,1.70342745e-01,2.28296715e-02,1.66935890e+02,2.23730780e+01
2.18800000e+00,-4.50818706e-02,-3.11839635e-01,3.75097367e-02,-7.80331621e-02,-9.45186300e+00,0.00000000e+00,1.69612524e-01,2.24828323e-02,1.66220274e+02,2.20331757e+01
2.19000000e+00,-4.57041996e-02,-3.10457441e-01,3.73497169e-02,-8.19289476e-02,-9.45186300e+00,0.00000000e+00,1.69916597e-01,2.27298339e-02,1.66518265e+02,2.22752372e+01
2.19200000e+00,-4.63235595e-02,-3.08863876e-01,3.71821614e-02,-8.56140360e-02,-9.45186300e+00,0.00000000e+00,1.69735687e-01,2.26872302e-02,1.66340974e+02,2.22334856e+01
2.19400000e+00,-4.69395002e-02,-3.07038067e-01,3.70072991e-02,-8.92416285e-02,-9.45186300e+00,0.00000000e+00,1.69525044e-01,2.26021978e-02,1.66134543e+02,2.21501539e+01
2.19600000e+00,-4.75515606e-02,-3.04985573e-01,3.68252611e-02,-9.27698491e-02,-9.45186300e+00,0.00000000e+00,1.69443313e-01,2.26372085e-02,1.66054447e+02,2.21844643e+01
2.19800000e+00,-4.81592894e-02,-3.02703350e-01,3.66362752e-02,-9.62148278e-02,-9.45186300e+00,0.00000000e+00,1.69127098e-01,2.25083497e-02,1.65744557e+02,2.20581827e+01
2.20000000e+00,-4.87622352e-02,-3.00212925e-01,3.64405331e-02,-9.94628597e-02,-9.45186300e+00,0.00000000e+00,1.69510230e-01,2.27723205e-02,1.66120026e+02,2.23168741e+01
2.20200000e+00,-4.93600024e-02,-2.97514492e-01,3.62385584e-02,-1.02509005e-01,-9.45186300e+00,0.00000000e+00,1.69157068e-01,2.26448192e-02,1.65773927e+02,2.21919228e+01
2.20400000e+00,-4.99521053e-02,-2.94534239e-01,3.60304886e-02,-1.05567942e-01,-9.45186300e+00,0.00000000e+00,1.67770305e-01,2.24494734e-02,1.64414899e+02,2.20004839e+01
2.20600000e+00,-5.05379976e-02,-2.91341394e-01,3.58164792e-02,-1.08338047e-01,-9.45186300e+00,0.00000000e+00,1.68985104e-01,2.29465226e-02,1.65605402e+02,2.24875922e+01
2.20800000e+00,-5.11173447e-02,-2.87959287e-01,3.55972991e-02,-1.10864054e-01,-9.45186300e+00,0.00000000e+00,1.68090743e-01,2.26497442e-02,1.64728928e+02,2.21967493e+01
2.21000000e+00,-5.16897056e-02,-2.84383531e-01,3.53732182e-02,-1.13097272e-01,-9.45186300e+00,0.00000000e+00,1.69146883e-01,2.32419315e-02,1.65763946e+02,2.27770929e+01
2.21200000e+00,-5.22547494e-02,-2.80613767e-01,3.51450828e-02,-1.15071389e-01,-9.45186300e+00,0.00000000e+00,1.68185080e-01,2.28684828e-02,1.64821378e+02,2.24111131e+01
2.21400000e+00,-5.28119911e-02,-2.76589546e-01,3.49129037e-02,-1.17088849e-01,-9.45186300e+00,0.00000000e+00,1.67766097e-01,2.28201002e-02,1.64410775e+02,2.23636982e+01
2.21600000e+00,-5.33609745e-02,-2.72365667e-01,3.46768526e-02,-1.18918554e-01,-9.45186300e+00,0.00000000e+00,1.68018214e-01,2.29261308e-02,1.64657849e+02,2.24676081e+01
2.21800000e+00,-5.39013255e-02,-2.67949482e-01,3.44373848e-02,-1.20515380e-01,-9.45186300e+00,0.00000000e+00,1.67701347e-01,2.29674799e-02,1.64347320e+02,2.25081303e+01
2.22000000e+00,-5.44326565e-02,-2.63359352e-01,3.41950307e-02,-1.21752751e-01,-9.45186300e+00,0.00000000e+00,1.68309596e-01,2.33349508e-02,1.64943404e+02,2.28682518e+01
2.22200000e+00,-5.49546422e-02,-2.58588162e-01,3.39505216e-02,-1.22768407e-01,-9.45186300e+00,0.00000000e+00,1.67750894e-01,2.30839680e-02,1.64395876e+02,2.26222886e+01
2.22400000e+00,-5.54668162e-02,-2.53527549e-01,3.37039418e-02,-1.23807021e-01,-9.45186300e+00,0.00000000e+00,1.65747985e-01,2.29349312e-02,1.62433025e+02,2.24762325e+01
2.22600000e+00,-5.59686295e-02,-2.48282580e-01,3.34555760e-02,-1.24422020e-01,-9.45186300e+00,0.00000000e+00,1.67560790e-01,2.36186365e-02,1.64209575e+02,2.31462638e+01
2.22800000e+00,-5.64598197e-02,-2.42847417e-01,3.32063031e-02,-1.24962954e-01,-9.45186300e+00,0.00000000e+00,1.65335330e-01,2.27344638e-02,1.62028624e+02,2.22797745e+01
2.23000000e+00,-5.69398882e-02,-2.37215854e-01,3.29558656e-02,-1.25291722e-01,-9.45186300e+00,0.00000000e+00,1.66913321e-01,2.37064143e-02,1.63575054e+02,2.32322860e+01
2.23200000e+00,-5.74085699e-02,-2.31414499e-01,3.27053292e-02,-1.25331009e-01,-9.45186300e+00,0.00000000e+00,1.65217200e-01,2.29841563e-02,1.61912856e+02,2.25244732e+01
2.23400000e+00,-5.78653926e-02,-2.25382712e-01,3.24544964e-02,-1.25438094e-01,-9.45186300e+00,0.00000000e+00,1.65282390e-01,2.32058437e-02,1.61976742e+02,2.27417268e+01
2.23600000e+00,-5.83099903e-02,-2.19185289e-01,3.22037577e-02,-1.25273848e-01,-9.45186300e+00,0.00000000e+00,1.65001293e-01,2.31954252e-02,1.61701267e+02,2.27315167e+01
2.23800000e+00,-5.87419939e-02,-2.12778135e-01,3.19533921e-02,-1.25122927e-01,-9.45186300e+00,0.00000000e+00,1.63934086e-01,2.28201351e-02,1.60655404e+02,2.23637324e+01
2.24000000e+00,-5.91609685e-02,-2.06169499e-01,3.17032931e-02,-1.24931287e-01,-9.45186300e+00,0.00000000e+00,1.63740238e-01,2.29235506e-02,1.60465433e+02,2.24650796e+01
2.24200000e+00,-5.95665653e-02,-1.99400973e-01,3.14538503e-02,-1.24464737e-01,-9.45186300e+00,0.00000000e+00,1.63536410e-01,2.30406537e-02,1.60265682e+02,2.25798406e+01
2.24400000e+00,-5.99584179e-02,-1.92400625e-01,3.12055296e-02,-1.23855099e-01,-9.45186300e+00,0.00000000e+00,1.61550326e-01,2.28689011e-02,1.58319320e+02,2.24115231e+01
2.24600000e+00,-6.03360773e-02,-1.85264453e-01,3.09587127e-02,-1.22821264e-01,-9.45186300e+00,0.00000000e+00,1.63474647e-01,2.35780830e-02,1.60205155e+02,2.31065214e+01
2.24800000e+00,-6.06993640e-02,-1.77960729e-01,3.07142272e-02,-1.21813395e-01,-9.45186300e+00,0.00000000e+00,1.60630233e-01,2.24646609e-02,1.57417628e+02,2.20153676e+01
2.25000000e+00,-6.10478340e-02,-1.70527672e-01,3.04716881e-02,-1.20462181e-01,-9.45186300e+00,0.00000000e+00,1.63327563e-01,2.39518356e-02,1.60061011e+02,2.34727989e+01
2.25200000e+00,-6.13813973e-02,-1.62978595e-01,3.02325867e-02,-1.18798641e-01,-9.45186300e+00,0.00000000e+00,1.60672704e-01,2.27779161e-02,1.57459250e+02,2.23223578e+01
2.25400000e+00,-6.16996137e-02,-1.55227561e-01,2.99963824e-02,-1.17301807e-01,-9.45186300e+00,0.00000000e+00,1.61237629e-01,2.32639165e-02,1.58012877e+02,2.27986382e+01
2.25600000e+00,-6.20022514e-02,-1.47392357e-01,2.97636820e-02,-1.15351199e-01,-9.45186300e+00,0.00000000e+00,1.61208291e-01,2.33971827e-02,1.57984125e+02,2.29292390e+01
2.25800000e+00,-6.22890882e-02,-1.39414828e-01,2.95350365e-02,-1.13312322e-01,-9.45186300e+00,0.00000000e+00,1.60285845e-01,2.31217165e-02,1.57080129e+02,2.26592821e+01
2.26000000e+00,-6.25598245e-02,-1.31307972e-01,2.93105123e-02,-1.11154111e-01,-9.45186300e+00,0.00000000e+00,1.60429406e-01,2.33260594e-02,1.57220818e+02,2.28595382e+01
2.26200000e+00,-6.28142411e-02,-1.23082571e-01,2.90905419e-02,-1.08813153e-01,-9.45186300e+00,0.00000000e+00,1.59626064e-01,2.31901060e-02,1.56433543e+02,2.27263039e+01
2.26400000e+00,-6.30520661e-02,-1.14724105e-01,2.88754476e-02,-1.06190353e-01,-9.45186300e+00,0.00000000e+00,1.59295530e-01,2.36093344e-02,1.56109620e+02,2.31371477e+01
2.26600000e+00,-6.32731022e-02,-1.06312727e-01,2.86661059e-02,-1.03079412e-01,-9.45186300e+00,0.00000000e+00,1.60228351e-01,2.39144147e-02,1.57023784e+02,2.34361264e+01
2.26800000e+00,-6.34772045e-02,-9.77326199e-02,2.84629600e-02,-1.00223370e-01,-9.45186300e+00,0.00000000e+00,1.57053706e-01,2.27828620e-02,1.53912632e+02,2.23272047e+01
2.27000000e+00,-6.36639499e-02,-8.90282680e-02,2.82652896e-02,-9.72516322e-02,-9.45186300e+00,0.00000000e+00,1.58885127e-01,2.38737420e-02,1.55707424e+02,2.33962672e+01
2.27200000e+00,-6.38332478e-02,-8.02193371e-02,2.80739854e-02,-9.42319231e-02,-9.45186300e+00,0.00000000e+00,1.56027745e-01,2.26089559e-02,1.52907190e+02,2.21567768e+01
2.27400000e+00,-6.39847577e-02,-7.13061583e-02,2.78883790e-02,-9.11866706e-02,-9.45186300e+00,0.00000000e+00,1.57722388e-01,2.36610394e-02,1.54567940e+02,2.31878186e+01
2.27600000e+00,-6.41184623e-02,-6.23776722e-02,2.77095529e-02,-8.76701267e-02,-9.45186300e+00,0.00000000e+00,1.56797878e-01,2.33412833e-02,1.53661920e+02,2.28744577e+01
2.27800000e+00,-6.42341999e-02,-5.33464910e-02,2.75376843e-02,-8.41747795e-02,-9.45186300e+00,0.00000000e+00,1.56304282e-01,2.33696042e-02,1.53178196e+02,2.29022122e+01
2.28000000e+00,-6.43318177e-02,-4.42695985e-02,2.73730128e-02,-8.04410164e-02,-9.45186300e+00,0.00000000e+00,1.56563646e-01,2.36049721e-02,1.53432373e+02,2.31328726e+01
2.28200000e+00,-6.44112521e-02,-3.51534017e-02,2.72160395e-02,-7.65283502e-02,-9.45186300e+00,0.00000000e+00,1.56071453e-01,2.35192794e-02,1.52950023e+02,2.30488938e+01
2.28400000e+00,-6.44723836e-02,-2.59655789e-02,2.70670741e-02,-7.23536269e-02,-9.45186300e+00,0.00000000e+00,1.55426418e-01,2.39405525e-02,1.52317890e+02,2.34617414e+01
2.28600000e+00,-6.45151261e-02,-1.67951719e-02,2.69269702e-02,-6.76611864e-02,-9.45186300e+00,0.00000000e+00,1.56864835e-01,2.44039413e-02,1.53727539e+02,2.39158625e+01
2.28800000e+00,-6.45394846e-02,-7.50523328e-03,2.67961039e-02,-6.34568240e-02,-9.45186300e+00,0.00000000e+00,1.52869810e-01,2.27273052e-02,1.49812414e+02,2.22727591e+01
2.29000000e+00,-6.45451203e-02,1.82470866e-03,2.66732061e-02,-5.91577190e-02,-9.45186300e+00,0.00000000e+00,1.56014333e-01,2.44255989e-02,1.52894046e+02,2.39370869e+01
2.29200000e+00,-6.45321756e-02,1.11698337e-02,2.65595517e-02,-5.47406348e-02,-9.45186300e+00,0.00000000e+00,1.52447289e-01,2.28106775e-02,1.49398344e+02,2.23544640e+01
2.29400000e+00,-6.45003921e-02,2.05883400e-02,2.64540854e-02,-5.05608490e-02,-9.45186300e+00,0.00000000e+00,1.54078697e-01,2.37752044e-02,1.50997123e+02,2.32997003e+01
2.29600000e+00,-6.44498718e-02,2.99325991e-02,2.63576362e-02,-4.58891714e-02,-9.45186300e+00,0.00000000e+00,1.53807977e-01,2.37034674e-02,1.50731817e+02,2.32293981e+01
2.29800000e+00,-6.43806586e-02,3.92813926e-02,2.62705468e-02,-4.11904334e-02,-9.45186300e+00,0.00000000e+00,1.53445889e-01,2.37056769e-02,1.50376971e+02,2.32315633e+01
2.30000000e+00,-6.42927475e-02,4.86283080e-02,2.61928853e-02,-3.64754084e-02,-9.45186300e+00,0.00000000e+00,1.53172377e-01,2.36247826e-02,1.50108930e+02,2.31522869e+01
2.30200000e+00,-6.41861601e-02,5.79531706e-02,2.61247124e-02,-3.16594747e-02,-9.45186300e+00,0.00000000e+00,1.53129188e-01,2.38181444e-02,1.50066604e+02,2.33417815e+01
2.30400000e+00,-6.40609646e-02,6.72333576e-02,2.60665618e-02,-2.63721207e-02,-9.45186300e+00,0.00000000e+00,1.53232239e-01,2.45291128e-02,1.50167594e+02,2.40385305e+01
2.30600000e+00,-6.39173079e-02,7.63916792e-02,2.60195895e-02,-2.05364372e-02,-9.45186300e+00,0.00000000e+00,1.54841662e-01,2.48996294e-02,1.51744829e+02,2.44016368e+01
2.30800000e+00,-6.37553295e-02,8.56525299e-02,2.59838586e-02,-1.55366638e-02,-9.45186300e+00,0.00000000e+00,1.49551662e-01,2.27213119e-02,1.46560628e+02,2.22668856e+01
2.31000000e+00,-6.35746872e-02,9.49293812e-02,2.59573618e-02,-1.06585082e-02,-9.45186300e+00,0.00000000e+00,1.53031254e-01,2.46046331e-02,1.49970629e+02,2.41125404e+01
2.31200000e+00,-6.33756585e-02,1.04136439e-01,2.59412518e-02,-5.73956610e-03,-9.45186300e+00,0.00000000e+00,1.49595249e-01,2.27817829e-02,1.46603344e+02,2.23261473e+01
2.31400000e+00,-6.31581437e-02,1.13339972e-01,2.59341759e-02,-1.16211627e-03,-9.45186300e+00,0.00000000e+00,1.51375713e-01,2.38759347e-02,1.48348198e+02,2.33984160e+01
2.31600000e+00,-6.29223961e-02,1.22397191e-01,2.59369394e-02,3.91939672e-03,-9.45186300e+00,0.00000000e+00,1.51126778e-01,2.38416834e-02,1.48104243e+02,2.33648498e+01
2.31800000e+00,-6.26686001e-02,1.31386783e-01,2.59497990e-02,8.91919209e-03,-9.45186300e+00,0.00000000e+00,1.50920881e-01,2.37207309e-02,1.47902463e+02,2.32463163e+01
2.32000000e+00,-6.23969033e-02,1.40294982e-01,2.59725739e-02,1.38556396e-02,-9.45186300e+00,0.00000000e+00,1.50847236e-01,2.37392368e-02,1.47830291e+02,2.32644520e+01
2.32200000e+00,-6.21074902e-02,1.49098140e-01,2.60053091e-02,1.89233469e-02,-9.45186300e+00,0.00000000e+00,1.51048854e-01,2.40409596e-02,1.48027877e+02,2.35601404e+01
2.32400000e+00,-6.18005828e-02,1.57793136e-01,2.60484918e-02,2.43277985e-02,-9.45186300e+00,0.00000000e+00,1.50904860e-01,2.45055752e-02,1.47886763e+02,2.40154637e+01
2.32600000e+00,-6.14764399e-02,1.66304732e-01,2.61028589e-02,3.00901470e-02,-9.45186300e+00,0.00000000e+00,1.52723309e-01,2.48675215e-02,1.49668843e+02,2.43701711e+01
2.32800000e+00,-6.11353645e-02,1.74815441e-01,2.61683771e-02,3.51396688e-02,-9.45186300e+00,0.00000000e+00,1.48175871e-01,2.31007697e-02,1.45212354e+02,2.26387543e+01
2.33000000e+00,-6.07772240e-02,1.83257435e-01,2.62433172e-02,4.00385694e-02,-9.45186300e+00,0.00000000e+00,1.51440114e-01,2.46565223e-02,1.48411311e+02,2.41633919e+01
2.33200000e+00,-6.04024063e-02,1.91592084e-01,2.63284074e-02,4.47516461e-02,-9.45186300e+00,0.00000000e+00,1.47658386e-01,2.28302365e-02,1.44705218e+02,2.23736317e+01
2.33400000e+00,-6.00109031e-02,1.99855453e-01,2.64220852e-02,4.91067812e-02,-9.45186300e+00,0.00000000e+00,1.49943764e-01,2.40373238e-02,1.46944889e+02,2.35565774e+01
2.33600000e+00,-5.96031513e-02,2.07868687e-01,2.65251901e-02,5.39952422e-02,-9.45186300e+00,0.00000000e+00,1.50207590e-01,2.40949846e-02,1.47203438e+02,2.36130849e+01
2.33800000e+00,-5.91795022e-02,2.15771222e-01,2.66378841e-02,5.86106755e-02,-9.45186300e+00,0.00000000e+00,1.49104448e-01,2.36233098e-02,1.46122359e+02,2.31508436e+01
2.34000000e+00,-5.87401507e-02,2.23547325e-01,2.67595026e-02,6.30307548e-02,-9.45186300e+00,0.00000000e+00,1.49607307e-01,2.38568824e-02,1.46615161e+02,2.33797448e+01
2.34200000e+00,-5.82854249e-02,2.31155420e-01,2.68900170e-02,6.74656622e-02,-9.45186300e+00,0.00000000e+00,1.49349459e-01,2.38390654e-02,1.46362470e+02,2.33622841e+01
2.34400000e+00,-5.78156211e-02,2.38625312e-01,2.70294257e-02,7.19912206e-02,-9.45186300e+00,0.00000000e+00,1.49032167e-01,2.42444868e-02,1.46051524e+02,2.37595970e+01
2.34600000e+00,-5.73311215e-02,2.45798528e-01,2.71783611e-02,7.70855670e-02,-9.45186300e+00,0.00000000e+00,1.52356509e-01,2.52436958e-02,1.49309379e+02,2.47388218e+01
2.34800000e+00,-5.68324913e-02,2.52875403e-01,2.73372906e-02,8.14639456e-02,-9.45186300e+00,0.00000000e+00,1.47241639e-01,2.29667690e-02,1.44296806e+02,2.25074337e+01
2.35000000e+00,-5.63196856e-02,2.59853693e-01,2.75039294e-02,8.54109748e-02,-9.45186300e+00,0.00000000e+00,1.50502807e-01,2.45748335e-02,1.47492751e+02,2.40833368e+01
2.35200000e+00,-5.57932217e-02,2.66614165e-01,2.76789525e-02,8.93851328e-02,-9.45186300e+00,0.00000000e+00,1.48061381e-01,2.32720308e-02,1.45100153e+02,2.28065902e+01
2.35400000e+00,-5.52533322e-02,2.73219790e-01,2.78612326e-02,9.30033263e-02,-9.45186300e+00,0.00000000e+00,1.49741091e-01,2.40866310e-02,1.46746269e+02,2.36048984e+01
2.35600000e+00,-5.47005171e-02,2.79563579e-01,2.80510946e-02,9.68147221e-02,-9.45186300e+00,0.00000000e+00,1.49693051e-01,2.39472207e-02,1.46699190e+02,2.34682763e+01
2.35800000e+00,-5.41351980e-02,2.85727083e-01,2.82483381e-02,1.00396037e-01,-9.45186300e+00,0.00000000e+00,1.49364305e-01,2.38839910e-02,1.46377019e+02,2.34063112e+01
2.36000000e+00,-5.35577320e-02,2.91705838e-01,2.84525426e-02,1.03773082e-01,-9.45186300e+00,0.00000000e+00,1.49320655e-01,2.38087871e-02,1.46334242e+02,2.33326113e+01
2.36200000e+00,-5.29685243e-02,2.97460242e-01,2.86633437e-02,1.07020074e-01,-9.45186300e+00,0.00000000e+00,1.49820597e-01,2.39108267e-02,1.46824185e+02,2.34326102e+01
2.36400000e+00,-5.23680148e-02,3.03028962e-01,2.88805859e-02,1.10211626e-01,-9.45186300e+00,0.00000000e+00,1.48780301e-01,2.40014549e-02,1.45804695e+02,2.35214258e+01
2.36600000e+00,-5.17566315e-02,3.08263070e-01,2.91045363e-02,1.13922190e-01,-9.45186300e+00,0.00000000e+00,1.52670440e-01,2.53187252e-02,1.49617031e+02,2.48123507e+01
2.36800000e+00,-5.11350887e-02,3.13307904e-01,2.93359171e-02,1.17096619e-01,-9.45186300e+00,0.00000000e+00,1.48149774e-01,2.32052062e-02,1.45186779e+02,2.27411021e+01
2.37000000e+00,-5.05035064e-02,3.18193032e-01,2.95726217e-02,1.19819469e-01,-9.45186300e+00,0.00000000e+00,1.51266875e-01,2.47079831e-02,1.48241537e+02,2.42138234e+01
2.37200000e+00,-4.98624865e-02,3.22823276e-01,2.98151706e-02,1.22505676e-01,-9.45186300e+00,0.00000000e+00,1.48891799e-01,2.34736057e-02,1.45913963e+02,2.30041336e+01
2.37400000e+00,-4.92123322e-02,3.27275062e-01,3.00623045e-02,1.24682101e-01,-9.45186300e+00,0.00000000e+00,1.50148017e-01,2.39901303e-02,1.47145057e+02,2.35103277e+01
2.37600000e+00,-4.85535782e-02,3.31438889e-01,3.03139372e-02,1.26915925e-01,-9.45186300e+00,0.00000000e+00,1.50260175e-01,2.39526374e-02,1.47254972e+02,2.34735846e+01
2.37800000e+00,-4.78867333e-02,3.35367752e-01,3.05698177e-02,1.28923997e-01,-9.45186300e+00,0.00000000e+00,1.50211090e-01,2.38809833e-02,1.47206868e+02,2.34033637e+01
2.38000000e+00,-4.72122663e-02,3.39057954e-01,3.08294720e-02,1.30690253e-01,-9.45186300e+00,0.00000000e+00,1.50346430e-01,2.38152615e-02,1.47339502e+02,2.33389563e+01
2.38200000e+00,-4.65306691e-02,3.42496816e-01,3.10924179e-02,1.32215333e-01,-9.45186300e+00,0.00000000e+00,1.50534361e-01,2.37497533e-02,1.47523674e+02,2.32747583e+01
2.38400000e+00,-4.58424090e-02,3.45740760e-01,3.13582050e-02,1.33547907e-01,-9.45186300e+00,0.00000000e+00,1.49296046e-01,2.37903338e-02,1.46310125e+02,2.33145272e+01
2.38600000e+00,-4.51479154e-02,3.48670686e-01,3.16267239e-02,1.35051922e-01,-9.45186300e+00,0.00000000e+00,1.52215099e-01,2.44926259e-02,1.49170797e+02,2.40027734e+01
2.38800000e+00,-4.44479035e-02,3.51334741e-01,3.18981392e-02,1.36145780e-01,-9.45186300e+00,0.00000000e+00,1.49805252e-01,2.33166139e-02,1.46809147e+02,2.28502816e+01
2.39000000e+00,-4.37427435e-02,3.53748250e-01,3.21711704e-02,1.37034798e-01,-9.45186300e+00,0.00000000e+00,1.52323447e-01,2.44524097e-02,1.49276978e+02,2.39633615e+01
2.39200000e+00,-4.30330977e-02,3.55881083e-01,3.24461958e-02,1.37800023e-01,-9.45186300e+00,0.00000000e+00,1.50579655e-01,2.34492757e-02,1.47568062e+02,2.29802902e+01
2.39400000e+00,-4.23193574e-02,3.57806568e-01,3.27220336e-02,1.38059845e-01,-9.45186300e+00,0.00000000e+00,1.51350254e-01,2.37855230e-02,1.48323249e+02,2.33098125e+01
2.39600000e+00,-4.16020814e-02,3.59416986e-01,3.29984767e-02,1.38381967e-01,-9.45186300e+00,0.00000000e+00,1.52093380e-01,2.39748323e-02,1.49051512e+02,2.34953356e+01
2.39800000e+00,-4.08818615e-02,3.60769402e-01,3.32753757e-02,1.38425529e-01,-9.45186300e+00,0.00000000e+00,1.51505426e-01,2.35963397e-02,1.48475318e+02,2.31244129e+01
2.40000000e+00,-4.01591622e-02,3.61884313e-01,3.35519444e-02,1.38117549e-01,-9.45186300e+00,0.00000000e+00,1.51748365e-01,2.36321592e-02,1.48713398e+02,2.31595160e+01
2.40200000e+00,-3.94345093e-02,3.62721682e-01,3.38277431e-02,1.37655318e-01,-9.45186300e+00,0.00000000e+00,1.52078924e-01,2.36667422e-02,1.49037346e+02,2.31934073e+01
2.40400000e+00,-3.87084004e-02,3.63371594e-01,3.41023151e-02,1.36817230e-01,-9.45186300e+00,0.00000000e+00,1.50204030e-01,2.32357805e-02,1.47199950e+02,2.27710649e+01
2.40600000e+00,-3.79812310e-02,3.63709313e-01,3.43750209e-02,1.35992486e-01,-9.45186300e+00,0.00000000e+00,1.53439714e-01,2.40847112e-02,1.50370920e+02,2.36030170e+01
2.40800000e+00,-3.72537769e-02,3.63726456e-01,3.46461587e-02,1.34978269e-01,-9.45186300e+00,0.00000000e+00,1.51756786e-01,2.32257618e-02,1.48721650e+02,2.27612466e+01
2.41000000e+00,-3.65265005e-02,3.63480692e-01,3.49148198e-02,1.33792730e-01,-9.45186300e+00,0.00000000e+00,1.53645492e-01,2.41094379e-02,1.50572582e+02,2.36272492e+01
2.41200000e+00,-3.58000433e-02,3.62951157e-01,3.51812570e-02,1.32498247e-01,-9.45186300e+00,0.00000000e+00,1.52455433e-01,2.33781805e-02,1.49406325e+02,2.29106169e+01
2.41400000e+00,-3.50748442e-02,3.62199091e-01,3.54445041e-02,1.30740759e-01,-9.45186300e+00,0.00000000e+00,1.52922593e-01,2.35143690e-02,1.49864141e+02,2.30440817e+01
2.41600000e+00,-3.43514547e-02,3.61135411e-01,3.57042320e-02,1.29001248e-01,-9.45186300e+00,0.00000000e+00,1.53827672e-01,2.37876729e-02,1.50751119e+02,2.33119194e+01
2.41800000e+00,-3.36304845e-02,3.59798900e-01,3.59603724e-02,1.27056866e-01,-9.45186300e+00,0.00000000e+00,1.53407163e-01,2.34510169e-02,1.50339019e+02,2.29819966e+01
2.42000000e+00,-3.29124307e-02,3.58205068e-01,3.62122754e-02,1.24836398e-01,-9.45186300e+00,0.00000000e+00,1.53972618e-01,2.35689338e-02,1.50893166e+02,2.30975552e+01
2.42200000e+00,-3.21978443e-02,3.56341068e-01,3.64595855e-02,1.22417145e-01,-9.45186300e+00,0.00000000e+00,1.53879464e-01,2.33880294e-02,1.50801875e+02,2.29202689e+01
2.42400000e+00,-3.14871948e-02,3.54284463e-01,3.67016797e-02,1.19601500e-01,-9.45186300e+00,0.00000000e+00,1.52663774e-01,2.30838757e-02,1.49610498e+02,2.26221982e+01
2.42600000e+00,-3.07808959e-02,3.51943725e-01,3.69379641e-02,1.16744765e-01,-9.45186300e+00,0.00000000e+00,1.54743923e-01,2.36405198e-02,1.51649044e+02,2.31677094e+01
2.42800000e+00,-3.00796230e-02,3.49298391e-01,3.71686099e-02,1.13814831e-01,-9.45186300e+00,0.00000000e+00,1.54046018e-01,2.32608873e-02,1.50965097e+02,2.27956695e+01
2.43000000e+00,-2.93838805e-02,3.46385891e-01,3.73931508e-02,1.10775989e-01,-9.45186300e+00,0.00000000e+00,1.55295727e-01,2.37339550e-02,1.52189812e+02,2.32592759e+01
2.43200000e+00,-2.86942566e-02,3.43207626e-01,3.76116039e-02,1.07572311e-01,-9.45186300e+00,0.00000000e+00,1.54613797e-01,2.32282378e-02,1.51521521e+02,2.27636731e+01
2.43400000e+00,-2.80112117e-02,3.39786798e-01,3.78232603e-02,1.04099062e-01,-9.45186300e+00,0.00000000e+00,1.55374133e-01,2.34719129e-02,1.52266650e+02,2.30024746e+01
2.43600000e+00,-2.73352915e-02,3.36092897e-01,3.80279676e-02,1.00576936e-01,-9.45186300e+00,0.00000000e+00,1.55462174e-01,2.34195094e-02,1.52352930e+02,2.29511192e+01
2.43800000e+00,-2.66670146e-02,3.32137248e-01,3.82255126e-02,9.69715768e-02,-9.45186300e+00,0.00000000e+00,1.56019213e-01,2.35808874e-02,1.52898829e+02,2.31092697e+01
2.44000000e+00,-2.60069042e-02,3.27939031e-01,3.84157146e-02,9.31572306e-02,-9.45186300e+00,0.00000000e+00,1.55724699e-01,2.32540889e-02,1.52610205e+02,2.27890072e+01
2.44200000e+00,-2.53554128e-02,3.23509348e-01,3.85979747e-02,8.90926448e-02,-9.45186300e+00,0.00000000e+00,1.56091753e-01,2.33176608e-02,1.52969918e+02,2.28513075e+01
2.44400000e+00,-2.47130254e-02,3.18841758e-01,3.87719716e-02,8.48578455e-02,-9.45186300e+00,0.00000000e+00,1.56021073e-01,2.31470868e-02,1.52900652e+02,2.26841451e+01
2.44600000e+00,-2.40801934e-02,3.13952687e-01,3.89372965e-02,8.04587153e-02,-9.45186300e+00,0.00000000e+00,1.56081387e-01,2.32107007e-02,1.52959760e+02,2.27464867e+01
2.44800000e+00,-2.34573603e-02,3.08845211e-01,3.90937097e-02,7.59144752e-02,-9.45186300e+00,0.00000000e+00,1.56019583e-01,2.30677869e-02,1.52899191e+02,2.26064311e+01
2.45000000e+00,-2.28449664e-02,3.03507002e-01,3.92408896e-02,7.12730206e-02,-9.45186300e+00,0.00000000e+00,1.56452223e-01,2.32188018e-02,1.53323178e+02,2.27544258e+01
2.45200000e+00,-2.22434967e-02,2.97922223e-01,3.93788044e-02,6.66353956e-02,-9.45186300e+00,0.00000000e+00,1.56848706e-01,2.32747367e-02,1.53711732e+02,2.28092420e+01
2.45400000e+00,-2.16534189e-02,2.92125455e-01,3.95073257e-02,6.18395522e-02,-9.45186300e+00,0.00000000e+00,1.56565345e-01,2.30722415e-02,1.53434038e+02,2.26107967e+01
2.45600000e+00,-2.10751333e-02,2.86121027e-01,3.96260718e-02,5.69074782e-02,-9.45186300e+00,0.00000000e+00,1.56956106e-01,2.31604393e-02,1.53816984e+02,2.26972305e+01
2.45800000e+00,-2.05090623e-02,2.79925266e-01,3.97348281e-02,5.17842091e-02,-9.45186300e+00,0.00000000e+00,1.56390130e-01,2.28283536e-02,1.53262327e+02,2.23717866e+01
2.46000000e+00,-1.99555563e-02,2.73543376e-01,3.98330922e-02,4.64863272e-02,-9.45186300e+00,0.00000000e+00,1.56761147e-01,2.29364690e-02,1.53625924e+02,2.24777396e+01
2.46200000e+00,-1.94150233e-02,2.66959822e-01,3.99207280e-02,4.11203121e-02,-9.45186300e+00,0.00000000e+00,1.56663190e-01,2.28127142e-02,1.53529926e+02,2.23564600e+01
2.46400000e+00,-1.88878738e-02,2.60141163e-01,3.99975780e-02,3.57611595e-02,-9.45186300e+00,0.00000000e+00,1.57924040e-01,2.30628596e-02,1.54765559e+02,2.26016024e+01
2.46600000e+00,-1.83745607e-02,2.53169358e-01,4.00636330e-02,3.01926180e-02,-9.45186300e+00,0.00000000e+00,1.56023048e-01,2.24698024e-02,1.52902587e+02,2.20204063e+01
2.46800000e+00,-1.78752949e-02,2.46049726e-01,4.01182957e-02,2.45448975e-02,-9.45186300e+00,0.00000000e+00,1.57273876e-01,2.29770880e-02,1.54128399e+02,2.25175462e+01
2.47000000e+00,-1.73904927e-02,2.38733814e-01,4.01618157e-02,1.89018894e-02,-9.45186300e+00,0.00000000e+00,1.56622211e-01,2.25441386e-02,1.53489767e+02,2.20932558e+01
2.47200000e+00,-1.69204860e-02,2.31228460e-01,4.01939371e-02,1.33095974e-02,-9.45186300e+00,0.00000000e+00,1.57833412e-01,2.31317483e-02,1.54676744e+02,2.26691133e+01
2.47400000e+00,-1.64657141e-02,2.23520159e-01,4.02151800e-02,7.90610192e-03,-9.45186300e+00,0.00000000e+00,1.57620734e-01,2.29729641e-02,1.54468319e+02,2.25135048e+01
2.47600000e+00,-1.60264863e-02,2.15690366e-01,4.02254111e-02,2.27705178e-03,-9.45186300e+00,0.00000000e+00,1.57054963e-01,2.26752026e-02,1.53913864e+02,2.22216985e+01
2.47800000e+00,-1.56030416e-02,2.07727217e-01,4.02242151e-02,-3.46161829e-03,-9.45186300e+00,0.00000000e+00,1.57247799e-01,2.27435101e-02,1.54102843e+02,2.22886399e+01
2.48000000e+00,-1.51956757e-02,1.99616725e-01,4.02115609e-02,-9.20581965e-03,-9.45186300e+00,0.00000000e+00,1.57139541e-01,2.26478542e-02,1.53996750e+02,2.21948971e+01
2.48200000e+00,-1.48046593e-02,1.91379339e-01,4.01873345e-02,-1.50360581e-02,-9.45186300e+00,0.00000000e+00,1.56987449e-01,2.25306823e-02,1.53847700e+02,2.20800686e+01
2.48400000e+00,-1.44302893e-02,1.82945580e-01,4.01514776e-02,-2.07749656e-02,-9.45186300e+00,0.00000000e+00,1.58637955e-01,2.27906949e-02,1.55465196e+02,2.23348810e+01
2.48600000e+00,-1.40729244e-02,1.74440700e-01,4.01040831e-02,-2.67411222e-02,-9.45186300e+00,0.00000000e+00,1.55697300e-01,2.19883654e-02,1.52583354e+02,2.15485981e+01
2.48800000e+00,-1.37325715e-02,1.65868317e-01,4.00445123e-02,-3.27084922e-02,-9.45186300e+00,0.00000000e+00,1.57402103e-01,2.27055318e-02,1.54254061e+02,2.22514211e+01
2.49000000e+00,-1.34095330e-02,1.57173142e-01,3.99732543e-02,-3.86680385e-02,-9.45186300e+00,0.00000000e+00,1.55894083e-01,2.19053744e-02,1.52776201e+02,2.14672669e+01
2.49200000e+00,-1.31039747e-02,1.48334330e-01,3.98900057e-02,-4.43793729e-02,-9.45186300e+00,0.00000000e+00,1.58228283e-01,2.31100157e-02,1.55063718e+02,2.26478154e+01
2.49400000e+00,-1.28163269e-02,1.39298649e-01,3.97961448e-02,-4.94786925e-02,-9.45186300e+00,0.00000000e+00,1.58109433e-01,2.30579898e-02,1.54947245e+02,2.25968300e+01
2.49600000e+00,-1.25467990e-02,1.30234610e-01,3.96919088e-02,-5.48512206e-02,-9.45186300e+00,0.00000000e+00,1.56653678e-01,2.23897965e-02,1.53520605e+02,2.19420006e+01
2.49800000e+00,-1.22954160e-02,1.21129256e-01,3.95766366e-02,-6.03787500e-02,-9.45186300e+00,0.00000000e+00,1.56985667e-01,2.25702407e-02,1.53845954e+02,2.21188359e+01
2.50000000e+00,-1.20623265e-02,1.11957152e-01,3.94504101e-02,-6.58817796e-02,-9.45186300e+00,0.00000000e+00,1.56273256e-01,2.22631304e-02,1.53147790e+02,2.18178677e+01
2.50200000e+00,-1.18476142e-02,1.02744906e-01,3.93130573e-02,-7.14630594e-02,-9.45186300e+00,0.00000000e+00,1.56133363e-01,2.22120563e-02,1.53010695e+02,2.17678151e+01
2.50400000e+00,-1.16514343e-02,9.34014395e-02,3.91646577e-02,-7.68945235e-02,-9.45186300e+00,0.00000000e+00,1.57700070e-01,2.23678286e-02,1.54546068e+02,2.19204720e+01
2.50600000e+00,-1.14740096e-02,8.40561023e-02,3.90053778e-02,-8.24781258e-02,-9.45186300e+00,0.00000000e+00,1.54690430e-01,2.16674165e-02,1.51596621e+02,2.12340682e+01
2.50800000e+00,-1.13152168e-02,7.47004353e-02,3.88348609e-02,-8.78883304e-02,-9.45186300e+00,0.00000000e+00,1.56607141e-01,2.24904645e-02,1.53474998e+02,2.20406552e+01
2.51000000e+00,-1.11752493e-02,6.52826383e-02,3.86538946e-02,-9.31933141e-02,-9.45186300e+00,0.00000000e+00,1.54961151e-01,2.16318702e-02,1.51861928e+02,2.11992328e+01
2.51200000e+00,-1.10541733e-02,5.57343349e-02,3.84624947e-02,-9.78877601e-02,-9.45186300e+00,0.00000000e+00,1.58629620e-01,2.35006019e-02,1.55457028e+02,2.30305898e+01
2.51400000e+00,-1.09524484e-02,4.59813622e-02,3.82630805e-02,-1.01476915e-01,-9.45186300e+00,0.00000000e+00,1.58873551e-01,2.36684864e-02,1.55696080e+02,2.31951167e+01
2.51600000e+00,-1.08702046e-02,3.62931175e-02,3.80563890e-02,-1.05363075e-01,-9.45186300e+00,0.00000000e+00,1.56406052e-01,2.25834378e-02,1.53277931e+02,2.21317690e+01
2.51800000e+00,-1.08072134e-02,2.66987203e-02,3.78413677e-02,-1.09639919e-01,-9.45186300e+00,0.00000000e+00,1.56127207e-01,2.25430221e-02,1.53004663e+02,2.20921616e+01
2.52000000e+00,-1.07633791e-02,1.71503354e-02,3.76177701e-02,-1.14005659e-01,-9.45186300e+00,0.00000000e+00,1.54934001e-01,2.20791814e-02,1.51835321e+02,2.16375978e+01
2.52200000e+00,-1.07385768e-02,7.65477150e-03,3.73852903e-02,-1.18453567e-01,-9.45186300e+00,0.00000000e+00,1.54651686e-01,2.20402603e-02,1.51558652e+02,2.15994551e+01
2.52400000e+00,-1.07328093e-02,-1.91473569e-03,3.71441106e-02,-1.22669285e-01,-9.45186300e+00,0.00000000e+00,1.56575830e-01,2.22237495e-02,1.53444314e+02,2.17792745e+01
2.52600000e+00,-1.07461937e-02,-1.14211530e-02,3.68945462e-02,-1.26985475e-01,-9.45186300e+00,0.00000000e+00,1.53247704e-01,2.14745752e-02,1.50182750e+02,2.10450837e+01
2.52800000e+00,-1.07784601e-02,-2.08768599e-02,3.66363982e-02,-1.30957584e-01,-9.45186300e+00,0.00000000e+00,1.55615796e-01,2.25788984e-02,1.52503480e+02,2.21273205e+01
2.53000000e+00,-1.08296837e-02,-3.03064363e-02,3.63707758e-02,-1.34839716e-01,-9.45186300e+00,0.00000000e+00,1.53016601e-01,2.12854894e-02,1.49956269e+02,2.08597796e+01
2.53200000e+00,-1.08997274e-02,-3.97983606e-02,3.60975118e-02,-1.38013270e-01,-9.45186300e+00,0.00000000e+00,1.57605994e-01,2.36772902e-02,1.54453874e+02,2.32037444e+01
2.53400000e+00,-1.09890196e-02,-4.95039025e-02,3.58198055e-02,-1.39562823e-01,-9.45186300e+00,0.00000000e+00,1.58697620e-01,2.42982320e-02,1.55523667e+02,2.38122674e+01
2.53600000e+00,-1.10976566e-02,-5.90798226e-02,3.55391304e-02,-1.41307505e-01,-9.45186300e+00,0.00000000e+00,1.55424608e-01,2.28673807e-02,1.52316116e+02,2.24100331e+01
2.53800000e+00,-1.12251719e-02,-6.84052113e-02,3.52540726e-02,-1.43806330e-01,-9.45186300e+00,0.00000000e+00,1.53846120e-01,2.23090583e-02,1.50769197e+02,2.18628772e+01
2.54000000e+00,-1.13711598e-02,-7.75541624e-02,3.49637194e-02,-1.46583561e-01,-9.45186300e+00,0.00000000e+00,1.52456007e-01,2.18693350e-02,1.49406887e+02,2.14319483e+01
2.54200000e+00,-1.15352848e-02,-8.65475420e-02,3.46676436e-02,-1.49503036e-01,-9.45186300e+00,0.00000000e+00,1.51513821e-01,2.15887085e-02,1.48483544e+02,2.11569343e+01
2.54400000e+00,-1.17173489e-02,-9.55393137e-02,3.43658309e-02,-1.52237165e-01,-9.45186300e+00,0.00000000e+00,1.53868065e-01,2.18283615e-02,1.50790703e+02,2.13917943e+01
2.54600000e+00,-1.19173655e-02,-1.04416265e-01,3.40586968e-02,-1.54968452e-01,-9.45186300e+00,0.00000000e+00,1.50427084e-01,2.11569969e-02,1.47418542e+02,2.07338569e+01
2.54800000e+00,-1.21349421e-02,-1.13185421e-01,3.37463113e-02,-1.57168473e-01,-9.45186300e+00,0.00000000e+00,1.53089607e-01,2.24982226e-02,1.50027815e+02,2.20482581e+01
2.55000000e+00,-1.23700503e-02,-1.21869262e-01,3.34301505e-02,-1.59177046e-01,-9.45186300e+00,0.00000000e+00,1.50317103e-01,2.11079335e-02,1.47310761e+02,2.06857748e+01
2.55200000e+00,-1.26224203e-02,-1.30554796e-01,3.31101110e-02,-1.60423933e-01,-9.45186300e+00,0.00000000e+00,1.55154093e-01,2.36404911e-02,1.52051011e+02,2.31676813e+01
2.55400000e+00,-1.28923993e-02,-1.39435030e-01,3.27897421e-02,-1.59740045e-01,-9.45186300e+00,0.00000000e+00,1.57034428e-01,2.47027691e-02,1.53893740e+02,2.42087137e+01
2.55600000e+00,-1.31800502e-02,-1.48149900e-01,3.24711574e-02,-1.59046316e-01,-9.45186300e+00,0.00000000e+00,1.53602301e-01,2.32056585e-02,1.50530255e+02,2.27415454e+01
2.55800000e+00,-1.34847550e-02,-1.56499035e-01,3.21529010e-02,-1.59336273e-01,-9.45186300e+00,0.00000000e+00,1.50941257e-01,2.21834260e-02,1.47922432e+02,2.17397574e+01
2.56000000e+00,-1.38058711e-02,-1.64585435e-01,3.18335934e-02,-1.59954551e-01,-9.45186300e+00,0.00000000e+00,1.50051108e-01,2.20606197e-02,1.47050086e+02,2.16194073e+01
2.56200000e+00,-1.41429438e-02,-1.72442363e-01,3.15129906e-02,-1.60710962e-01,-9.45186300e+00,0.00000000e+00,1.48298463e-01,2.14357626e-02,1.45332494e+02,2.10070474e+01
2.56400000e+00,-1.44956010e-02,-1.80239942e-01,3.11908378e-02,-1.61335041e-01,-9.45186300e+00,0.00000000e+00,1.51511402e-01,2.18784637e-02,1.48481174e+02,2.14408944e+01
2.56600000e+00,-1.48638192e-02,-1.87911028e-01,3.08677891e-02,-1.61751147e-01,-9.45186300e+00,0.00000000e+00,1.48316930e-01,2.14109568e-02,1.45350591e+02,2.09827377e+01
2.56800000e+00,-1.52471449e-02,-1.95431713e-01,3.05442789e-02,-1.61498766e-01,-9.45186300e+00,0.00000000e+00,1.51095476e-01,2.28194632e-02,1.48073567e+02,2.23630739e+01
2.57000000e+00,-1.56454378e-02,-2.02789966e-01,3.02218664e-02,-1.61137883e-01,-9.45186300e+00,0.00000000e+00,1.47742372e-01,2.11778758e-02,1.44787525e+02,2.07543183e+01
2.57200000e+00,-1.60582688e-02,-2.10094263e-01,2.99002495e-02,-1.59993998e-01,-9.45186300e+00,0.00000000e+00,1.53175130e-01,2.40032616e-02,1.50111627e+02,2.35231964e+01
2.57400000e+00,-1.64859347e-02,-2.17578302e-01,2.95833257e-02,-1.56697308e-01,-9.45186300e+00,0.00000000e+00,1.55403096e-01,2.52426192e-02,1.52295034e+02,2.47377668e+01
2.57600000e+00,-1.69284412e-02,-2.24851154e-01,2.92734977e-02,-1.53344426e-01,-9.45186300e+00,0.00000000e+00,1.51822550e-01,2.36771423e-02,1.48786099e+02,2.32035995e+01
2.57800000e+00,-1.73850343e-02,-2.31666607e-01,2.89691647e-02,-1.51166392e-01,-9.45186300e+00,0.00000000e+00,1.48414064e-01,2.23408877e-02,1.45445782e+02,2.18940699e+01
2.58000000e+00,-1.78548842e-02,-2.38146938e-01,2.86685614e-02,-1.49394422e-01,-9.45186300e+00,0.00000000e+00,1.47800540e-01,2.23946731e-02,1.44844529e+02,2.19467796e+01
2.58200000e+00,-1.83374240e-02,-2.44330171e-01,2.83714507e-02,-1.47826890e-01,-9.45186300e+00,0.00000000e+00,1.45385275e-01,2.14866443e-02,1.42477570e+02,2.10569115e+01
2.58400000e+00,-1.88321361e-02,-2.50410239e-01,2.80772691e-02,-1.46236480e-01,-9.45186300e+00,0.00000000e+00,1.49403622e-01,2.20218333e-02,1.46415549e+02,2.15813967e+01
2.58600000e+00,-1.93389571e-02,-2.56328596e-01,2.77866499e-02,-1.44428454e-01,-9.45186300e+00,0.00000000e+00,1.45719341e-01,2.15274949e-02,1.42804954e+02,2.10969450e+01
2.58800000e+00,-1.98573025e-02,-2.62024997e-01,2.74999816e-02,-1.41981046e-01,-9.45186300e+00,0.00000000e+00,1.48425262e-01,2.29534766e-02,1.45456757e+02,2.24944070e+01
2.59000000e+00,-2.03869139e-02,-2.67506606e-01,2.72187816e-02,-1.39449684e-01,-9.45186300e+00,0.00000000e+00,1.45000899e-01,2.13008728e-02,1.42100881e+02,2.08748553e+01
2.59200000e+00,-2.09272503e-02,-2.72870378e-01,2.69426285e-02,-1.36250104e-01,-9.45186300e+00,0.00000000e+00,1.50060882e-01,2.39604417e-02,1.47059665e+02,2.34812329e+01
2.59400000e+00,-2.14784720e-02,-2.78349066e-01,2.66751252e-02,-1.31034650e-01,-9.45186300e+00,0.00000000e+00,1.52163587e-01,2.51480085e-02,1.49120315e+02,2.46450483e+01
2.59600000e+00,-2.20404815e-02,-2.83580046e-01,2.64185314e-02,-1.25756925e-01,-9.45186300e+00,0.00000000e+00,1.48838768e-01,2.37223515e-02,1.45861993e+02,2.32479045e+01
2.59800000e+00,-2.26124740e-02,-2.88333686e-01,2.61713606e-02,-1.21584501e-01,-9.45186300e+00,0.00000000e+00,1.45659009e-01,2.24731052e-02,1.42745829e+02,2.20236431e+01
2.60000000e+00,-2.31935710e-02,-2.92719574e-01,2.59319055e-02,-1.17843885e-01,-9.45186300e+00,0.00000000e+00,1.44970970e-01,2.24723926e-02,1.42071551e+02,2.20229448e+01
2.60200000e+00,-2.37831295e-02,-2.96771233e-01,2.56998148e-02,-1.14358544e-01,-9.45186300e+00,0.00000000e+00,1.42644846e-01,2.16042542e-02,1.39791949e+02,2.11721691e+01
2.60400000e+00,-2.43806016e-02,-3.00741398e-01,2.54745984e-02,-1.10682528e-01,-9.45186300e+00,0.00000000e+00,1.47927960e-01,2.25494546e-02,1.44969401e+02,2.20984656e+01
2.60600000e+00,-2.49859785e-02,-3.04536761e-01,2.52572450e-02,-1.06766093e-01,-9.45186300e+00,0.00000000e+00,1.43486152e-01,2.17967519e-02,1.40616429e+02,2.13608169e+01
2.60800000e+00,-2.55985536e-02,-3.08039490e-01,2.50478308e-02,-1.02404725e-01,-9.45186300e+00,0.00000000e+00,1.46076202e-01,2.31825245e-02,1.43154678e+02,2.27188740e+01
2.61000000e+00,-2.62179724e-02,-3.11296222e-01,2.48476416e-02,-9.80200025e-02,-9.45186300e+00,0.00000000e+00,1.42780696e-01,2.15579042e-02,1.39925082e+02,2.11267461e+01
2.61200000e+00,-2.68436286e-02,-3.14388102e-01,2.46560913e-02,-9.31245895e-02,-9.45186300e+00,0.00000000e+00,1.47318930e-01,2.39789881e-02,1.44372552e+02,2.34994083e+01
2.61400000e+00,-2.74755612e-02,-3.17534528e-01,2.44763216e-02,-8.64618856e-02,-9.45186300e+00,0.00000000e+00,1.49201052e-01,2.50079917e-02,1.46217031e+02,2.45078319e+01
2.61600000e+00,-2.81135821e-02,-3.20404106e-01,2.43102146e-02,-7.98428349e-02,-9.45186300e+00,0.00000000e+00,1.46046032e-01,2.36472820e-02,1.43125112e+02,2.31743364e+01
2.61800000e+00,-2.87568687e-02,-3.22810330e-01,2.41562880e-02,-7.42170603e-02,-9.45186300e+00,0.00000000e+00,1.43614887e-01,2.27008578e-02,1.40742590e+02,2.22468407e+01
2.62000000e+00,-2.94045943e-02,-3.24872889e-01,2.40131460e-02,-6.88919075e-02,-9.45186300e+00,0.00000000e+00,1.43294441e-01,2.28096279e-02,1.40428552e+02,2.23534353e+01
2.62200000e+00,-3.00561431e-02,-3.26609646e-01,2.38805875e-02,-6.37660516e-02,-9.45186300e+00,0.00000000e+00,1.41313173e-01,2.20910312e-02,1.38486909e+02,2.16492105e+01
2.62400000e+00,-3.07109853e-02,-3.28274990e-01,2.37582500e-02,-5.83878967e-02,-9.45186300e+00,0.00000000e+00,1.46964742e-01,2.31623158e-02,1.44025447e+02,2.26990695e+01
2.62600000e+00,-3.13691155e-02,-3.29749030e-01,2.36471250e-02,-5.28760079e-02,-9.45186300e+00,0.00000000e+00,1.42208948e-01,2.22106824e-02,1.39364769e+02,2.17664688e+01
2.62800000e+00,-3.20297553e-02,-3.30884023e-01,2.35468720e-02,-4.71751313e-02,-9.45186300e+00,0.00000000e+00,1.44430434e-01,2.34135383e-02,1.41541825e+02,2.29452675e+01
2.63000000e+00,-3.26924801e-02,-3.31761872e-01,2.34584079e-02,-4.14990557e-02,-9.45186300e+00,0.00000000e+00,1.41606262e-01,2.20298454e-02,1.38774137e+02,2.15892485e+01
2.63200000e+00,-3.33566654e-02,-3.32433541e-01,2.33810389e-02,-3.55784296e-02,-9.45186300e+00,0.00000000e+00,1.45031770e-01,2.38140253e-02,1.42131135e+02,2.33377448e+01
2.63400000e+00,-3.40221944e-02,-3.33075401e-01,2.33169130e-02,-2.84297382e-02,-9.45186300e+00,0.00000000e+00,1.46339904e-01,2.45130781e-02,1.43413106e+02,2.40228165e+01
2.63600000e+00,-3.46887856e-02,-3.33445277e-01,2.32672521e-02,-2.13827208e-02,-9.45186300e+00,0.00000000e+00,1.44115991e-01,2.35267292e-02,1.41233671e+02,2.30561946e+01
2.63800000e+00,-3.53557237e-02,-3.33437447e-01,2.32309496e-02,-1.49844545e-02,-9.45186300e+00,0.00000000e+00,1.42958111e-01,2.30968498e-02,1.40098949e+02,2.26349128e+01
2.64000000e+00,-3.60223346e-02,-3.33128465e-01,2.32071927e-02,-8.76848721e-03,-9.45186300e+00,0.00000000e+00,1.42521659e-01,2.31076096e-02,1.39671226e+02,2.26454574e+01
2.64200000e+00,-3.66880466e-02,-3.32533107e-01,2.31957963e-02,-2.67143006e-03,-9.45186300e+00,0.00000000e+00,1.41702877e-01,2.28284702e-02,1.38868819e+02,2.23719008e+01
2.64400000e+00,-3.73524429e-02,-3.31901486e-01,2.31967775e-02,3.83128230e-03,-9.45186300e+00,0.00000000e+00,1.47100667e-01,2.39579009e-02,1.44158654e+02,2.34787428e+01
2.64600000e+00,-3.80155120e-02,-3.31058979e-01,2.32110532e-02,1.02316670e-02,-9.45186300e+00,0.00000000e+00,1.42190823e-01,2.26313790e-02,1.39347007e+02,2.21787514e+01
2.64800000e+00,-3.86764481e-02,-3.29870399e-01,2.32376364e-02,1.65303065e-02,-9.45186300e+00,0.00000000e+00,1.44414103e-01,2.37798154e-02,1.41525820e+02,2.33042191e+01
2.65000000e+00,-3.93348374e-02,-3.28447505e-01,2.32771688e-02,2.28204584e-02,-9.45186300e+00,0.00000000e+00,1.42095634e-01,2.26673970e-02,1.39253722e+02,2.22140491e+01
2.65200000e+00,-3.99900724e-02,-3.26776078e-01,2.33288675e-02,2.90345531e-02,-9.45186300e+00,0.00000000e+00,1.43962178e-01,2.36915540e-02,1.41082935e+02,2.32177229e+01
2.65400000e+00,-4.06418650e-02,-3.24989674e-01,2.33937196e-02,3.58674991e-02,-9.45186300e+00,0.00000000e+00,1.44736854e-01,2.40562439e-02,1.41842117e+02,2.35751190e+01
2.65600000e+00,-4.12898705e-02,-3.22962360e-01,2.34722467e-02,4.25642304e-02,-9.45186300e+00,0.00000000e+00,1.43630668e-01,2.35150486e-02,1.40758054e+02,2.30447476e+01
2.65800000e+00,-4.19335274e-02,-3.20654543e-01,2.35637472e-02,4.89170522e-02,-9.45186300e+00,0.00000000e+00,1.43445830e-01,2.34624915e-02,1.40576914e+02,2.29932417e+01
2.66000000e+00,-4.25723297e-02,-3.18108286e-01,2.36678589e-02,5.51859478e-02,-9.45186300e+00,0.00000000e+00,1.43283918e-01,2.34850560e-02,1.40418240e+02,2.30153549e+01
2.66200000e+00,-4.32057997e-02,-3.15320677e-01,2.37844068e-02,6.13286024e-02,-9.45186300e+00,0.00000000e+00,1.42988454e-01,2.33614877e-02,1.40128685e+02,2.28942579e+01
2.66400000e+00,-4.38335600e-02,-3.12454466e-01,2.39133586e-02,6.77490285e-02,-9.45186300e+00,0.00000000e+00,1.46583550e-01,2.42497464e-02,1.43651879e+02,2.37647515e+01
2.66600000e+00,-4.44554947e-02,-3.09404005e-01,2.40553219e-02,7.40478997e-02,-9.45186300e+00,0.00000000e+00,1.43772145e-01,2.33065096e-02,1.40896702e+02,2.28403794e+01
2.66800000e+00,-4.50709979e-02,-3.06086334e-01,2.42094032e-02,8.01262529e-02,-9.45186300e+00,0.00000000e+00,1.45377592e-01,2.40045520e-02,1.42470040e+02,2.35244609e+01
2.67000000e+00,-4.56796997e-02,-3.02558136e-01,2.43757236e-02,8.60496903e-02,-9.45186300e+00,0.00000000e+00,1.43835840e-01,2.32164649e-02,1.40959123e+02,2.27521356e+01
2.67200000e+00,-4.62810654e-02,-2.98782458e-01,2.45533814e-02,9.16423751e-02,-9.45186300e+00,0.00000000e+00,1.44519064e-01,2.35618299e-02,1.41628683e+02,2.30905933e+01
2.67400000e+00,-4.68747327e-02,-2.94861658e-01,2.47424158e-02,9.74190630e-02,-9.45186300e+00,0.00000000e+00,1.45306880e-01,2.38703902e-02,1.42400742e+02,2.33929824e+01
2.67600000e+00,-4.74603845e-02,-2.90749484e-01,2.49429799e-02,1.03079130e-01,-9.45186300e+00,0.00000000e+00,1.44844629e-01,2.36012250e-02,1.41947737e+02,2.31292005e+01
2.67800000e+00,-4.80375827e-02,-2.86415367e-01,2.51545491e-02,1.08464493e-01,-9.45186300e+00,0.00000000e+00,1.44850017e-01,2.35938209e-02,1.41953017e+02,2.31219445e+01
2.68000000e+00,-4.86059241e-02,-2.81898565e-01,2.53767768e-02,1.13758334e-01,-9.45186300e+00,0.00000000e+00,1.45233620e-01,2.37244243e-02,1.42328948e+02,2.32499358e+01
2.68200000e+00,-4.91650496e-02,-2.77190647e-01,2.56094773e-02,1.18894401e-01,-9.45186300e+00,0.00000000e+00,1.44967503e-01,2.35929652e-02,1.42068153e+02,2.31211059e+01
2.68400000e+00,-4.97145799e-02,-2.72322470e-01,2.58523472e-02,1.24019652e-01,-9.45186300e+00,0.00000000e+00,1.45994561e-01,2.40466072e-02,1.43074669e+02,2.35656750e+01
2.68600000e+00,-5.02542621e-02,-2.67338362e-01,2.61055383e-02,1.29118564e-01,-9.45186300e+00,0.00000000e+00,1.46684328e-01,2.38972753e-02,1.43750641e+02,2.34193298e+01
2.68800000e+00,-5.07838417e-02,-2.62216850e-01,2.63686958e-02,1.34028954e-01,-9.45186300e+00,0.00000000e+00,1.47127693e-01,2.40248321e-02,1.44185139e+02,2.35443355e+01
2.69000000e+00,-5.13030027e-02,-2.56905042e-01,2.66414241e-02,1.38594322e-01,-9.45186300e+00,0.00000000e+00,1.46497163e-01,2.35607802e-02,1.43567220e+02,2.30895646e+01
2.69200000e+00,-5.18113455e-02,-2.51418629e-01,2.69228754e-02,1.42863162e-01,-9.45186300e+00,0.00000000e+00,1.47219720e-01,2.38027505e-02,1.44275326e+02,2.33266955e+01
2.69400000e+00,-5.23085968e-02,-2.45811666e-01,2.72128631e-02,1.47111537e-01,-9.45186300e+00,0.00000000e+00,1.47762221e-01,2.39303542e-02,1.44806977e+02,2.34517471e+01
2.69600000e+00,-5.27944957e-02,-2.40059984e-01,2.75111961e-02,1.51171744e-01,-9.45186300e+00,0.00000000e+00,1.47827890e-01,2.38322992e-02,1.44871332e+02,2.33556533e+01
2.69800000e+00,-5.32687301e-02,-2.34148337e-01,2.78173572e-02,1.54942656e-01,-9.45186300e+00,0.00000000e+00,1.47919588e-01,2.37589371e-02,1.44961196e+02,2.32837583e+01
2.70000000e+00,-5.37309991e-02,-2.28101846e-01,2.81308667e-02,1.58563534e-01,-9.45186300e+00,0.00000000e+00,1.48475182e-01,2.39637683e-02,1.45505678e+02,2.34844929e+01
2.70200000e+00,-5.41810551e-02,-2.21931811e-01,2.84514966e-02,1.62012470e-01,-9.45186300e+00,0.00000000e+00,1.48731714e-01,2.38546453e-02,1.45757080e+02,2.33775524e+01
2.70400000e+00,-5.46185280e-02,-2.15464276e-01,2.87785236e-02,1.64872090e-01,-9.45186300e+00,0.00000000e+00,1.45120690e-01,2.31927478e-02,1.42218277e+02,2.27288929e+01
2.70600000e+00,-5.50428696e-02,-2.08932731e-01,2.91109633e-02,1.67699064e-01,-9.45186300e+00,0.00000000e+00,1.50726852e-01,2.42599359e-02,1.47712315e+02,2.37747372e+01
2.70800000e+00,-5.54543067e-02,-2.02472839e-01,2.94494132e-02,1.70666010e-01,-9.45186300e+00,0.00000000e+00,1.50179954e-01,2.39688029e-02,1.47176355e+02,2.34894269e+01
2.71000000e+00,-5.58526837e-02,-1.95897164e-01,2.97934806e-02,1.73412939e-01,-9.45186300e+00,0.00000000e+00,1.51300186e-01,2.42885299e-02,1.48274182e+02,2.38027593e+01
2.71200000e+00,-5.62378245e-02,-1.89215238e-01,3.01428752e-02,1.75875267e-01,-9.45186300e+00,0.00000000e+00,1.50868295e-01,2.38695089e-02,1.47850929e+02,2.33921187e+01
2.71400000e+00,-5.66094575e-02,-1.82402608e-01,3.04966868e-02,1.77895253e-01,-9.45186300e+00,0.00000000e+00,1.51307469e-01,2.38646594e-02,1.48281320e+02,2.33873663e+01
2.71600000e+00,-5.69673863e-02,-1.75516953e-01,3.08543540e-02,1.79761937e-01,-9.45186300e+00,0.00000000e+00,1.52111824e-01,2.40579144e-02,1.49069587e+02,2.35767561e+01
2.71800000e+00,-5.73114826e-02,-1.68567146e-01,3.12156538e-02,1.81507591e-01,-9.45186300e+00,0.00000000e+00,1.52645694e-01,2.41260334e-02,1.49592780e+02,2.36435127e+01
2.72000000e+00,-5.76415977e-02,-1.61531698e-01,3.15801848e-02,1.82953946e-01,-9.45186300e+00,0.00000000e+00,1.52834054e-01,2.39498270e-02,1.49777373e+02,2.34708305e+01
2.72200000e+00,-5.79575588e-02,-1.54420372e-01,3.19472744e-02,1.84107611e-01,-9.45186300e+00,0.00000000e+00,1.53480912e-01,2.40356086e-02,1.50411294e+02,2.35548964e+01
2.72400000e+00,-5.82589924e-02,-1.46878766e-01,3.23158774e-02,1.84154757e-01,-9.45186300e+00,0.00000000e+00,1.45270463e-01,2.21536580e-02,1.42365053e+02,2.17105848e+01
2.72600000e+00,-5.85450956e-02,-1.39369812e-01,3.26840216e-02,1.84394037e-01,-9.45186300e+00,0.00000000e+00,1.56610684e-01,2.49648877e-02,1.53478470e+02,2.44655899e+01
2.72800000e+00,-5.88166515e-02,-1.32130705e-01,3.30537170e-02,1.85028494e-01,-9.45186300e+00,0.00000000e+00,1.53822184e-01,2.35108998e-02,1.50745741e+02,2.30406818e+01
2.73000000e+00,-5.90735605e-02,-1.24804704e-01,3.34238728e-02,1.85268709e-01,-9.45186300e+00,0.00000000e+00,1.56707420e-01,2.46661252e-02,1.53573271e+02,2.41728027e+01
2.73200000e+00,-5.93158688e-02,-1.17476496e-01,3.37947635e-02,1.85466434e-01,-9.45186300e+00,0.00000000e+00,1.55778436e-01,2.39514146e-02,1.52662868e+02,2.34723863e+01
2.73400000e+00,-5.95434065e-02,-1.10058362e-01,3.41653694e-02,1.85110532e-01,-9.45186300e+00,0.00000000e+00,1.56493811e-01,2.40336317e-02,1.53363934e+02,2.35529591e+01
2.73600000e+00,-5.97561046e-02,-1.02643715e-01,3.45351623e-02,1.84689700e-01,-9.45186300e+00,0.00000000e+00,1.57626509e-01,2.43435785e-02,1.54473979e+02,2.38567069e+01
2.73800000e+00,-5.99539799e-02,-9.52268913e-02,3.49040460e-02,1.84145498e-01,-9.45186300e+00,0.00000000e+00,1.58088500e-01,2.43018538e-02,1.54926730e+02,2.38158167e+01
2.74000000e+00,-6.01370020e-02,-8.77948467e-02,3.52715641e-02,1.83331011e-01,-9.45186300e+00,0.00000000e+00,1.58795234e-01,2.43015940e-02,1.55619329e+02,2.38155621e+01
2.74200000e+00,-6.03051565e-02,-8.03586319e-02,3.56372087e-02,1.82274645e-01,-9.45186300e+00,0.00000000e+00,1.59394091e-01,2.43169124e-02,1.56206209e+02,2.38305742e+01
2.74400000e+00,-6.04580884e-02,-7.24002463e-02,3.59996845e-02,1.79751257e-01,-9.45186300e+00,0.00000000e+00,1.47873690e-01,2.17409808e-02,1.44916217e+02,2.13061612e+01
2.74600000e+00,-6.05948222e-02,-6.45387827e-02,3.63564213e-02,1.77539030e-01,-9.45186300e+00,0.00000000e+00,1.62808018e-01,2.54807950e-02,1.59551857e+02,2.49711791e+01
2.74800000e+00,-6.07165208e-02,-5.70931514e-02,3.67102247e-02,1.75902865e-01,-9.45186300e+00,0.00000000e+00,1.58614166e-01,2.34560885e-02,1.55441882e+02,2.29869667e+01
2.75000000e+00,-6.08231114e-02,-4.95224800e-02,3.70595317e-02,1.73515182e-01,-9.45186300e+00,0.00000000e+00,1.60787292e-01,2.44033865e-02,1.57571547e+02,2.39153188e+01
2.75200000e+00,-6.09146237e-02,-4.19713681e-02,3.74041654e-02,1.70947489e-01,-9.45186300e+00,0.00000000e+00,1.59849002e-01,2.35715615e-02,1.56652022e+02,2.31001303e+01
2.75400000e+00,-6.09909739e-02,-3.43858211e-02,3.77429575e-02,1.67833495e-01,-9.45186300e+00,0.00000000e+00,1.60636895e-01,2.37419535e-02,1.57424157e+02,2.32671145e+01
2.75600000e+00,-6.10522483e-02,-2.69221760e-02,3.80756606e-02,1.64961365e-01,-9.45186300e+00,0.00000000e+00,1.63228325e-01,2.45557338e-02,1.59963759e+02,2.40646191e+01
2.75800000e+00,-6.10986877e-02,-1.94961167e-02,3.84026362e-02,1.61839273e-01,-9.45186300e+00,0.00000000e+00,1.61924498e-01,2.36855939e-02,1.58686008e+02,2.32118821e+01
2.76000000e+00,-6.11302470e-02,-1.20913660e-02,3.87227611e-02,1.58332246e-01,-9.45186300e+00,0.00000000e+00,1.64014214e-01,2.42065273e-02,1.60733930e+02,2.37223968e+01
2.76200000e+00,-6.11471011e-02,-4.75856580e-03,3.90358946e-02,1.54719377e-01,-9.45186300e+00,0.00000000e+00,1.63773289e-01,2.39122067e-02,1.60497823e+02,2.34339626e+01
2.76400000e+00,-6.11488537e-02,3.21554252e-03,3.93403671e-02,1.49199595e-01,-9.45186300e+00,0.00000000e+00,1.49074543e-01,2.06409012e-02,1.46093052e+02,2.02280832e+01
2.76600000e+00,-6.11343851e-02,1.09704799e-02,3.96331897e-02,1.44424658e-01,-9.45186300e+00,0.00000000e+00,1.68809428e-01,2.58962321e-02,1.65433239e+02,2.53783075e+01
2.76800000e+00,-6.11053647e-02,1.81359802e-02,3.99186824e-02,1.40574758e-01,-9.45186300e+00,0.00000000e+00,1.62640117e-01,2.29917701e-02,1.59387314e+02,2.25319347e+01
2.77000000e+00,-6.10617736e-02,2.54028857e-02,4.01949432e-02,1.35906521e-01,-9.45186300e+00,0.00000000e+00,1.66113887e-01,2.45751963e-02,1.62791609e+02,2.40836924e+01
2.77200000e+00,-6.10038357e-02,3.25459778e-02,4.04623848e-02,1.31352750e-01,-9.45186300e+00,0.00000000e+00,1.65089456e-01,2.36158797e-02,1.61787667e+02,2.31435621e+01
2.77400000e+00,-6.09316050e-02,3.96660783e-02,4.07200176e-02,1.26294066e-01,-9.45186300e+00,0.00000000e+00,1.66090639e-01,2.38854996e-02,1.62768826e+02,2.34077896e+01
2.77600000e+00,-6.08452837e-02,4.66176815e-02,4.09677914e-02,1.21580854e-01,-9.45186300e+00,0.00000000e+00,1.68350654e-01,2.46969521e-02,1.64983641e+02,2.42030131e+01
2.77800000e+00,-6.07451773e-02,5.35047645e-02,4.12061595e-02,1.16595479e-01,-9.45186300e+00,0.00000000e+00,1.66809156e-01,2.36567134e-02,1.63472973e+02,2.31835791e+01
2.78000000e+00,-6.06313150e-02,6.03164106e-02,4.14339635e-02,1.11295454e-01,-9.45186300e+00,0.00000000e+00,1.69211893e-01,2.43641336e-02,1.65827655e+02,2.38768509e+01
2.78200000e+00,-6.05039995e-02,6.69962861e-02,4.16512989e-02,1.05931851e-01,-9.45186300e+00,0.00000000e+00,1.68876254e-01,2.38358863e-02,1.65498729e+02,2.33591685e+01
2.78400000e+00,-6.03628477e-02,7.43993298e-02,4.18561700e-02,9.82871764e-02,-9.45186300e+00,0.00000000e+00,1.51190332e-01,1.98716898e-02,1.48166526e+02,1.94742560e+01
2.78600000e+00,-6.02065607e-02,8.15645461e-02,4.20450484e-02,9.15433536e-02,-9.45186300e+00,0.00000000e+00,1.73188402e-01,2.59997422e-02,1.69724634e+02,2.54797474e+01
2.78800000e+00,-6.00370611e-02,8.80223707e-02,4.22231592e-02,8.60232020e-02,-9.45186300e+00,0.00000000e+00,1.66362532e-01,2.26966524e-02,1.63035281e+02,2.22427194e+01
2.79000000e+00,-5.98544248e-02,9.45499341e-02,4.23885242e-02,7.95775444e-02,-9.45186300e+00,0.00000000e+00,1.70094785e-01,2.42960668e-02,1.66692890e+02,2.38101455e+01
2.79200000e+00,-5.96589938e-02,1.00878887e-01,4.25416345e-02,7.33796298e-02,-9.45186300e+00,0.00000000e+00,1.69434025e-01,2.34378613e-02,1.66045344e+02,2.29691041e+01
2.79400000e+00,-5.94509567e-02,1.07136634e-01,4.26817718e-02,6.67753984e-02,-9.45186300e+00,0.00000000e+00,1.70086048e-01,2.36461066e-02,1.66684327e+02,2.31731844e+01
2.79600000e+00,-5.92305837e-02,1.13189692e-01,4.28090092e-02,6.05807673e-02,-9.45186300e+00,0.00000000e+00,1.72442970e-01,2.44819574e-02,1.68994110e+02,2.39923182e+01
2.79800000e+00,-5.89982673e-02,1.19138730e-01,4.29239530e-02,5.41733239e-02,-9.45186300e+00,0.00000000e+00,1.70644531e-01,2.33661566e-02,1.67231641e+02,2.28988334e+01
2.80000000e+00,-5.87540976e-02,1.24984571e-01,4.30255548e-02,4.75443542e-02,-9.45186300e+00,0.00000000e+00,1.72885199e-01,2.41648716e-02,1.69427495e+02,2.36815742e+01
2.80200000e+00,-5.84984199e-02,1.30694105e-01,4.31140792e-02,4.08387046e-02,-9.45186300e+00,0.00000000e+00,1.71765821e-01,2.33343482e-02,1.68330505e+02,2.28676613e+01
2.80400000e+00,-5.82308040e-02,1.37179347e-01,4.31873036e-02,3.17244119e-02,-9.45186300e+00,0.00000000e+00,1.52599759e-01,1.92171829e-02,1.49547763e+02,1.88328393e+01
2.80600000e+00,-5.79499245e-02,1.43331565e-01,4.32418321e-02,2.38926107e-02,-9.45186300e+00,0.00000000e+00,1.77281439e-01,2.61078385e-02,1.73735810e+02,2.55856817e+01
2.80800000e+00,-5.76580326e-02,1.48651580e-01,4.32838415e-02,1.75119706e-02,-9.45186300e+00,0.00000000e+00,1.69684680e-01,2.23255430e-02,1.66290986e+02,2.18790321e+01
2.81000000e+00,-5.73552775e-02,1.54032654e-01,4.33112294e-02,1.01554608e-02,-9.45186300e+00,0.00000000e+00,1.73405436e-01,2.41017289e-02,1.69937327e+02,2.36196944e+01
2.81200000e+00,-5.70420464e-02,1.59197132e-01,4.33246891e-02,3.13759570e-03,-9.45186300e+00,0.00000000e+00,1.72210036e-01,2.30583832e-02,1.68765835e+02,2.25972155e+01
2.81400000e+00,-5.67185497e-02,1.64270467e-01,4.33235312e-02,-4.25310540e-03,-9.45186300e+00,0.00000000e+00,1.72915254e-01,2.33205255e-02,1.69456949e+02,2.28541150e+01
2.81600000e+00,-5.63851297e-02,1.69096070e-01,4.33080717e-02,-1.10513871e-02,-9.45186300e+00,0.00000000e+00,1.75297004e-01,2.42826254e-02,1.71791064e+02,2.37969729e+01
2.81800000e+00,-5.60422471e-02,1.73799165e-01,4.32791923e-02,-1.80497466e-02,-9.45186300e+00,0.00000000e+00,1.72998027e-01,2.28620713e-02,1.69538067e+02,2.24048299e+01
2.82000000e+00,-5.56900284e-02,1.78359123e-01,4.32357891e-02,-2.51735666e-02,-9.45186300e+00,0.00000000e+00,1.75785349e-01,2.39602605e-02,1.72269642e+02,2.34810553e+01
2.82200000e+00,-5.53289579e-02,1.82698240e-01,4.31787276e-02,-3.19530182e-02,-9.45186300e+00,0.00000000e+00,1.75228736e-01,2.35061250e-02,1.71724161e+02,2.30360025e+01
2.82400000e+00,-5.49587236e-02,1.87805064e-01,4.31063185e-02,-4.12198391e-02,-9.45186300e+00,0.00000000e+00,1.54843511e-01,1.86392981e-02,1.51746641e+02,1.82665122e+01
2.82600000e+00,-5.45779639e-02,1.92572540e-01,4.30147355e-02,-4.91561088e-02,-9.45186300e+00,0.00000000e+00,1.80071163e-01,2.61718527e-02,1.76469740e+02,2.56484157e+01
2.82800000e+00,-5.41889998e-02,1.96490494e-01,4.29108795e-02,-5.53142610e-02,-9.45186300e+00,0.00000000e+00,1.71534963e-01,2.22254666e-02,1.68104263e+02,2.17809572e+01
2.83000000e+00,-5.37919562e-02,2.00477002e-01,4.27928264e-02,-6.24504963e-02,-9.45186300e+00,0.00000000e+00,1.75244647e-01,2.39532378e-02,1.71739754e+02,2.34741730e+01
2.83200000e+00,-5.33872643e-02,2.04204751e-01,4.26614231e-02,-6.90682796e-02,-9.45186300e+00,0.00000000e+00,1.74293132e-01,2.31286334e-02,1.70807269e+02,2.26660607e+01
2.83400000e+00,-5.29751908e-02,2.07852103e-01,4.25163082e-02,-7.60536837e-02,-9.45186300e+00,0.00000000e+00,1.73774384e-01,2.29771423e-02,1.70298897e+02,2.25175994e+01
2.83600000e+00,-5.25560265e-02,2.11243552e-01,4.23576473e-02,-8.23808724e-02,-9.45186300e+00,0.00000000e+00,1.76865288e-01,2.42862450e-02,1.73327983e+02,2.38005201e+01
2.83800000e+00,-5.21303251e-02,2.14472247e-01,4.21867758e-02,-8.87213048e-02,-9.45186300e+00,0.00000000e+00,1.74115540e-01,2.27077353e-02,1.70633229e+02,2.22535806e+01
2.84000000e+00,-5.16982276e-02,2.17565862e-01,4.20026803e-02,-9.51844235e-02,-9.45186300e+00,0.00000000e+00,1.76507255e-01,2.37684482e-02,1.72977110e+02,2.32930793e+01
2.84200000e+00,-5.12602123e-02,2.20433450e-01,4.18062844e-02,-1.01278225e-01,-9.45186300e+00,0.00000000e+00,1.75833350e-01,2.32048273e-02,1.72316683e+02,2.27407308e+01
2.84400000e+00,-5.08159382e-02,2.24134437e-01,4.15957985e-02,-1.10025012e-01,-9.45186300e+00,0.00000000e+00,1.53420121e-01,1.79023694e-02,1.50351718e+02,1.75443220e+01
2.84600000e+00,-5.03638895e-02,2.27513028e-01,4.13670555e-02,-1.17465444e-01,-9.45186300e+00,0.00000000e+00,1.79692106e-01,2.56236410e-02,1.76098264e+02,2.51111682e+01
2.84800000e+00,-4.99065127e-02,2.29951690e-01,4.11273205e-02,-1.22830114e-01,-9.45186300e+00,0.00000000e+00,1.71659665e-01,2.19188795e-02,1.68226472e+02,2.14805019e+01
2.85000000e+00,-4.94440566e-02,2.32429622e-01,4.08752193e-02,-1.28968339e-01,-9.45186300e+00,0.00000000e+00,1.75009761e-01,2.36424337e-02,1.71509566e+02,2.31695851e+01
2.85200000e+00,-4.89769733e-02,2.34638923e-01,4.06119423e-02,-1.34363955e-01,-9.45186300e+00,0.00000000e+00,1.74132982e-01,2.31036834e-02,1.70650322e+02,2.26416098e+01
2.85400000e+00,-4.85055570e-02,2.36764070e-01,4.03375717e-02,-1.40047289e-01,-9.45186300e+00,0.00000000e+00,1.73136666e-01,2.26488616e-02,1.69673933e+02,2.21958843e+01
2.85600000e+00,-4.80300751e-02,2.38652119e-01,4.00521401e-02,-1.45150274e-01,-9.45186300e+00,0.00000000e+00,1.75799828e-01,2.39162538e-02,1.72283832e+02,2.34379287e+01
2.85800000e+00,-4.75510544e-02,2.40381450e-01,3.97570401e-02,-1.50148946e-01,-9.45186300e+00,0.00000000e+00,1.72942123e-01,2.24482032e-02,1.69483280e+02,2.19992392e+01
2.86000000e+00,-4.70686302e-02,2.41989455e-01,3.94514817e-02,-1.55241554e-01,-9.45186300e+00,0.00000000e+00,1.74703493e-01,2.32847163e-02,1.71209423e+02,2.28190219e+01
2.86200000e+00,-4.65832412e-02,2.43380454e-01,3.91363693e-02,-1.59890988e-01,-9.45186300e+00,0.00000000e+00,1.74056409e-01,2.29301554e-02,1.70575281e+02,2.24715523e+01
2.86400000e+00,-4.60945961e-02,2.45539813e-01,3.88102777e-02,-1.67000110e-01,-9.45186300e+00,0.00000000e+00,1.52767682e-01,1.76585588e-02,1.49712328e+02,1.73053876e+01
2.86600000e+00,-4.56012743e-02,2.47410687e-01,3.84691414e-02,-1.72950830e-01,-9.45186300e+00,0.00000000e+00,1.76779590e-01,2.48772154e-02,1.73243998e+02,2.43796711e+01
2.86800000e+00,-4.51055623e-02,2.48368113e-01,3.81199787e-02,-1.76645127e-01,-9.45186300e+00,0.00000000e+00,1.70069515e-01,2.18973230e-02,1.66668125e+02,2.14593766e+01
2.87000000e+00,-4.46077982e-02,2.49331122e-01,3.77622129e-02,-1.80861505e-01,-9.45186300e+00,0.00000000e+00,1.72589975e-01,2.32721003e-02,1.69138176e+02,2.28066583e+01
2.87200000e+00,-4.41084147e-02,2.50028834e-01,3.73970596e-02,-1.84287578e-01,-9.45186300e+00,0.00000000e+00,1.72195133e-01,2.30359246e-02,1.68751230e+02,2.25752061e+01
2.87400000e+00,-4.36077456e-02,2.50632387e-01,3.70249775e-02,-1.87841277e-01,-9.45186300e+00,0.00000000e+00,1.70705627e-01,2.24741009e-02,1.67291515e+02,2.20246188e+01
2.87600000e+00,-4.31060383e-02,2.51006218e-01,3.66460881e-02,-1.90804731e-01,-9.45186300e+00,0.00000000e+00,1.73469377e-01,2.37348858e-02,1.69999990e+02,2.32601881e+01
2.87800000e+00,-4.26038399e-02,2.51201300e-01,3.62619558e-02,-1.93472327e-01,-9.45186300e+00,0.00000000e+00,1.70783677e-01,2.25473774e-02,1.67368004e+02,2.20964299e+01
2.88000000e+00,-4.21013144e-02,2.51274533e-01,3.58722417e-02,-1.96075577e-01,-9.45186300e+00,0.00000000e+00,1.72214915e-01,2.33143457e-02,1.68770617e+02,2.28480588e+01
2.88200000e+00,-4.15988679e-02,2.51158612e-01,3.54779105e-02,-1.98293251e-01,-9.45186300e+00,0.00000000e+00,1.71101687e-01,2.27942603e-02,1.67679654e+02,2.23383751e+01
2.88400000e+00,-4.10962585e-02,2.51674859e-01,3.50776397e-02,-2.02654122e-01,-9.45186300e+00,0.00000000e+00,1.53341082e-01,1.82454594e-02,1.50274260e+02,1.78805502e+01
2.88600000e+00,-4.05923269e-02,2.51953412e-01,3.46679442e-02,-2.06040060e-01,-9.45186300e+00,0.00000000e+00,1.72544616e-01,2.42571579e-02,1.69093723e+02,2.37720148e+01
2.88800000e+00,-4.00889783e-02,2.51431834e-01,3.42549696e-02,-2.07190886e-01,-9.45186300e+00,0.00000000e+00,1.67926797e-01,2.23473661e-02,1.64568261e+02,2.19004187e+01
2.89000000e+00,-3.95866389e-02,2.50851269e-01,3.38391249e-02,-2.08425348e-01,-9.45186300e+00,0.00000000e+00,1.69820075e-01,2.34881368e-02,1.66423674e+02,2.30183741e+01
2.89200000e+00,-3.90857298e-02,2.50035746e-01,3.34217643e-02,-2.08915749e-01,-9.45186300e+00,0.00000000e+00,1.69324870e-01,2.33131305e-02,1.65938372e+02,2.28468679e+01
2.89400000e+00,-3.85865538e-02,2.49133351e-01,3.30034165e-02,-2.09474332e-01,-9.45186300e+00,0.00000000e+00,1.67771483e-01,2.27475943e-02,1.64416053e+02,2.22926424e+01
2.89600000e+00,-3.80892884e-02,2.48093029e-01,3.25840437e-02,-2.09767752e-01,-9.45186300e+00,0.00000000e+00,1.68484474e-01,2.32707774e-02,1.65114784e+02,2.28053618e+01
2.89800000e+00,-3.75942602e-02,2.46935057e-01,3.21644482e-02,-2.09907132e-01,-9.45186300e+00,0.00000000e+00,1.66474860e-01,2.24715250e-02,1.63145363e+02,2.20220945e+01
2.90000000e+00,-3.71016237e-02,2.45663801e-01,3.17445022e-02,-2.09916073e-01,-9.45186300e+00,0.00000000e+00,1.67105065e-01,2.29447021e-02,1.63762964e+02,2.24858081e+01
2.90200000e+00,-3.66116976e-02,2.44253547e-01,3.13249695e-02,-2.09646526e-01,-9.45186300e+00,0.00000000e+00,1.65717777e-01,2.24566166e-02,1.62403421e+02,2.20074842e+01
2.90400000e+00,-3.61243432e-02,2.43242724e-01,3.09048593e-02,-2.10961930e-01,-9.45186300e+00,0.00000000e+00,1.53788276e-01,1.90180622e-02,1.50712511e+02,1.86377010e+01
2.90600000e+00,-3.56388260e-02,2.42083036e-01,3.04815225e-02,-2.11676470e-01,-9.45186300e+00,0.00000000e+00,1.65229037e-01,2.31136425e-02,1.61924457e+02,2.26513696e+01
2.90800000e+00,-3.51563577e-02,2.40403358e-01,3.00592575e-02,-2.10734913e-01,-9.45186300e+00,0.00000000e+00,1.61993590e-01,2.18905316e-02,1.58753718e+02,2.14527209e+01
2.91000000e+00,-3.46772686e-02,2.38639666e-01,2.96386749e-02,-2.09655315e-01,-9.45186300e+00,0.00000000e+00,1.63274300e-01,2.28021974e-02,1.60008814e+02,2.23461535e+01
2.91200000e+00,-3.42019469e-02,2.36654258e-01,2.92211730e-02,-2.07770766e-01,-9.45186300e+00,0.00000000e+00,1.63286326e-01,2.29829537e-02,1.60020599e+02,2.25232946e+01
2.91400000e+00,-3.37307058e-02,2.34587511e-01,2.88076263e-02,-2.05834523e-01,-9.45186300e+00,0.00000000e+00,1.61319671e-01,2.23191082e-02,1.58093278e+02,2.18727260e+01
2.91600000e+00,-3.32636820e-02,2.32393047e-01,2.83980654e-02,-2.03552535e-01,-9.45186300e+00,0.00000000e+00,1.62449517e-01,2.31227266e-02,1.59200527e+02,2.26602721e+01
2.91800000e+00,-3.28012206e-02,2.30068059e-01,2.79936525e-02,-2.00916167e-01,-9.45186300e+00,0.00000000e+00,1.60584972e-01,2.24841213e-02,1.57373273e+02,2.20344389e+01
2.92000000e+00,-3.23434638e-02,2.27661997e-01,2.75944713e-02,-1.98173993e-01,-9.45186300e+00,0.00000000e+00,1.60597529e-01,2.27734715e-02,1.57385578e+02,2.23180021e+01
2.92200000e+00,-3.18906594e-02,2.25125722e-01,2.72012035e-02,-1.95061326e-01,-9.45186300e+00,0.00000000e+00,1.59921038e-01,2.26987165e-02,1.56722617e+02,2.22447422e+01
2.92400000e+00,-3.14429405e-02,2.22620104e-01,2.68140010e-02,-1.92286168e-01,-9.45186300e+00,0.00000000e+00,1.56215974e-01,2.15107040e-02,1.53091654e+02,2.10804899e+01
2.92600000e+00,-3.10002500e-02,2.20008066e-01,2.64323009e-02,-1.89147963e-01,-9.45186300e+00,0.00000000e+00,1.58783578e-01,2.29142948e-02,1.55607907e+02,2.24560089e+01
2.92800000e+00,-3.05630429e-02,2.17193910e-01,2.60579109e-02,-1.85257114e-01,-9.45186300e+00,0.00000000e+00,1.57358458e-01,2.25540663e-02,1.54211289e+02,2.21029850e+01
2.93000000e+00,-3.01315394e-02,2.14282088e-01,2.56914528e-02,-1.81095807e-01,-9.45186300e+00,0.00000000e+00,1.57531489e-01,2.29568188e-02,1.54380859e+02,2.24976824e+01
2.93200000e+00,-2.97059884e-02,2.11259493e-01,2.53337465e-02,-1.76606319e-01,-9.45186300e+00,0.00000000e+00,1.56460762e-01,2.27300804e-02,1.53331547e+02,2.22754788e+01
2.93400000e+00,-2.92865391e-02,2.08180392e-01,2.49850636e-02,-1.72062723e-01,-9.45186300e+00,0.00000000e+00,1.55415282e-01,2.25704222e-02,1.52306976e+02,2.21190138e+01
2.93600000e+00,-2.88733174e-02,2.05025565e-01,2.46456143e-02,-1.67341107e-01,-9.45186300e+00,0.00000000e+00,1.54844229e-01,2.26169111e-02,1.51747345e+02,2.21645729e+01
2.93800000e+00,-2.84664858e-02,2.01797361e-01,2.43158183e-02,-1.62440856e-01,-9.45186300e+00,0.00000000e+00,1.53795685e-01,2.24722446e-02,1.50719771e+02,2.20227997e+01
2.94000000e+00,-2.80661693e-02,1.98507052e-01,2.39959396e-02,-1.57407509e-01,-9.45186300e+00,0.00000000e+00,1.53014181e-01,2.24372682e-02,1.49953897e+02,2.19885229e+01
2.94200000e+00,-2.76725000e-02,1.95153080e-01,2.36862793e-02,-1.52237550e-01,-9.45186300e+00,0.00000000e+00,1.52056046e-01,2.23145167e-02,1.49014925e+02,2.18682264e+01
2.94400000e+00,-2.72857226e-02,1.91550766e-01,2.33874082e-02,-1.46439532e-01,-9.45186300e+00,0.00000000e+00,1.55645524e-01,2.33263194e-02,1.52532614e+02,2.28597931e+01
2.94600000e+00,-2.69063400e-02,1.87883958e-01,2.31006291e-02,-1.40479668e-01,-9.45186300e+00,0.00000000e+00,1.50450889e-01,2.22420585e-02,1.47441871e+02,2.17972173e+01
2.94800000e+00,-2.65341194e-02,1.84318195e-01,2.28253482e-02,-1.34731709e-01,-9.45186300e+00,0.00000000e+00,1.50231370e-01,2.24859527e-02,1.47226742e+02,2.20362337e+01
2.95000000e+00,-2.61691233e-02,1.80668292e-01,2.25618808e-02,-1.28715956e-01,-9.45186300e+00,0.00000000e+00,1.49422598e-01,2.24253307e-02,1.46434147e+02,2.19768241e+01
2.95200000e+00,-2.58114985e-02,1.76939970e-01,2.23106422e-02,-1.22463600e-01,-9.45186300e+00,0.00000000e+00,1.49129288e-01,2.26211426e-02,1.46146703e+02,2.21687198e+01
2.95400000e+00,-2.54614172e-02,1.73130888e-01,2.20722100e-02,-1.15935827e-01,-9.45186300e+00,0.00000000e+00,1.48436435e-01,2.26601606e-02,1.45467707e+02,2.22069574e+01
2.95600000e+00,-2.51190066e-02,1.69274255e-01,2.18469717e-02,-1.09298848e-01,-9.45186300e+00,0.00000000e+00,1.47429510e-01,2.25258917e-02,1.44480920e+02,2.20753739e+01
2.95800000e+00,-2.47843559e-02,1.65364127e-01,2.16350999e-02,-1.02534043e-01,-9.45186300e+00,0.00000000e+00,1.46938712e-01,2.26230491e-02,1.43999938e+02,2.21705881e+01
2.96000000e+00,-2.44575933e-02,1.61389262e-01,2.14369706e-02,-9.55666725e-02,-9.45186300e+00,0.00000000e+00,1.46258608e-01,2.26652008e-02,1.43333436e+02,2.22118968e+01
2.96200000e+00,-2.41388351e-02,1.57359962e-01,2.12529231e-02,-8.84643670e-02,-9.45186300e+00,0.00000000e+00,1.45592205e-01,2.26404617e-02,1.42680361e+02,2.21876525e+01
2.96400000e+00,-2.38285277e-02,1.52769260e-01,2.10841885e-02,-7.97492325e-02,-9.45186300e+00,0.00000000e+00,1.56825958e-01,2.58061371e-02,1.53689439e+02,2.52900143e+01
2.96600000e+00,-2.35277845e-02,1.48138877e-01,2.09338863e-02,-7.10937830e-02,-9.45186300e+00,0.00000000e+00,1.44044819e-01,2.22967120e-02,1.41163923e+02,2.18507778e+01
2.96800000e+00,-2.32356972e-02,1.43920984e-01,2.07989962e-02,-6.36640407e-02,-9.45186300e+00,0.00000000e+00,1.44785677e-01,2.30376968e-02,1.41889964e+02,2.25769429e+01
2.97000000e+00,-2.29521320e-02,1.39655999e-01,2.06793113e-02,-5.61126329e-02,-9.45186300e+00,0.00000000e+00,1.42812943e-01,2.23779904e-02,1.39956684e+02,2.19304306e+01
2.97200000e+00,-2.26770821e-02,1.35377772e-01,2.05744972e-02,-4.86338520e-02,-9.45186300e+00,0.00000000e+00,1.42832424e-01,2.27324931e-02,1.39975776e+02,2.22778433e+01
2.97400000e+00,-2.24106932e-02,1.30991070e-01,2.04850804e-02,-4.06982496e-02,-9.45186300e+00,0.00000000e+00,1.43155267e-01,2.32059168e-02,1.40292161e+02,2.27417985e+01
2.97600000e+00,-2.21531528e-02,1.26551799e-01,2.04118136e-02,-3.25986286e-02,-9.45186300e+00,0.00000000e+00,1.41940352e-01,2.29687834e-02,1.39101545e+02,2.25094077e+01
2.97800000e+00,-2.19044786e-02,1.22123677e-01,2.03545676e-02,-2.46764487e-02,-9.45186300e+00,0.00000000e+00,1.40846648e-01,2.27484422e-02,1.38029715e+02,2.22934733e+01
2.98000000e+00,-2.16646677e-02,1.17681184e-01,2.03130926e-02,-1.67770366e-02,-9.45186300e+00,0.00000000e+00,1.40300409e-01,2.28585282e-02,1.37494401e+02,2.24013576e+01
2.98200000e+00,-2.14337653e-02,1.13221530e-01,2.02874725e-02,-8.85810991e-03,-9.45186300e+00,0.00000000e+00,1.39344565e-01,2.27495650e-02,1.36557674e+02,2.22945737e+01
2.98400000e+00,-2.12123393e-02,1.07925386e-01,2.02792219e-02,1.40311742e-03,-9.45186300e+00,0.00000000e+00,1.58018909e-01,2.77593703e-02,1.54858531e+02,2.72041829e+01
2.98600000e+00,-2.10020720e-02,1.02616825e-01,2.02928983e-02,1.13845236e-02,-9.45186300e+00,0.00000000e+00,1.37895446e-01,2.21773210e-02,1.35137538e+02,2.17337746e+01
2.98800000e+00,-2.08013827e-02,9.80422093e-02,2.03232993e-02,1.91749107e-02,-9.45186300e+00,0.00000000e+00,1.39211741e-01,2.32007330e-02,1.36427506e+02,2.27367183e+01
2.99000000e+00,-2.06099143e-02,9.34509244e-02,2.03695843e-02,2.69449420e-02,-9.45186300e+00,0.00000000e+00,1.36703109e-01,2.21974767e-02,1.33969047e+02,2.17535272e+01
2.99200000e+00,-2.04275747e-02,8.88660913e-02,2.04309667e-02,3.45464349e-02,-9.45186300e+00,0.00000000e+00,1.37553872e-01,2.29316017e-02,1.34802795e+02,2.24729697e+01
2.99400000e+00,-2.02545491e-02,8.41325859e-02,2.05082420e-02,4.28557408e-02,-9.45186300e+00,0.00000000e+00,1.38745521e-01,2.37902306e-02,1.35970610e+02,2.33144260e+01
2.99600000e+00,-2.00910594e-02,7.93764243e-02,2.06024122e-02,5.11988601e-02,-9.45186300e+00,0.00000000e+00,1.36729188e-01,2.31336526e-02,1.33994604e+02,2.26709795e+01
2.99800000e+00,-1.99369861e-02,7.47062036e-02,2.07126702e-02,5.89911763e-02,-9.45186300e+00,0.00000000e+00,1.35460468e-01,2.27883971e-02,1.32751259e+02,2.23326291e+01
3.00000000e+00,-1.97922213e-02,7.00560088e-02,2.08382717e-02,6.66257545e-02,-9.45186300e+00,0.00000000e+00,1.35060512e-01,2.29788813e-02,1.32359302e+02,2.25193037e+01
