t,h,h_dot,alpha,alpha_dot,delta,W_g,C_L,C_M,F_y,M_z
2.00000000e-03,0.00000000e+00,0.00000000e+00,0.00000000e+00,0.00000000e+00,0.00000000e+00,4.33313677e-03,1.26327256e-01,3.00480580e-02,1.23800711e+02,2.94470968e+01
4.00000000e-03,-9.76024003e-06,-9.23401555e-03,2.33284460e-05,2.06775589e-02,0.00000000e+00,1.73294261e-02,8.94943834e-02,1.33799198e-02,8.77044957e+01,1.31123214e+01
6.00000000e-03,-3.65016836e-05,-1.78164645e-02,7.94989318e-05,3.65382586e-02,0.00000000e+00,3.89795075e-02,1.11286401e-01,2.00116598e-02,1.09060673e+02,1.96114266e+01
8.00000000e-03,-8.15454132e-05,-2.71778563e-02,1.70681553e-04,5.41990433e-02,0.00000000e+00,6.92677873e-02,1.08025503e-01,1.72811717e-02,1.05864993e+02,1.69355482e+01
1.00000000e-02,-1.45166538e-04,-3.64693930e-02,2.95096092e-04,7.00614764e-02,0.00000000e+00,1.08172450e-01,1.10135612e-01,1.64081150e-02,1.07932900e+02,1.60799527e+01
1.20000000e-02,-2.27561994e-04,-4.59694291e-02,4.50611863e-04,8.54505510e-02,0.00000000e+00,1.55665476e-01,1.13531597e-01,1.65034738e-02,1.11260965e+02,1.61734044e+01
1.40000000e-02,-3.29184012e-04,-5.56790888e-02,6.36777095e-04,1.00657850e-01,0.00000000e+00,2.11712656e-01,1.15824005e-01,1.62862884e-02,1.13507525e+02,1.59605627e+01
1.60000000e-02,-4.50383558e-04,-6.55465530e-02,8.53048182e-04,1.15572556e-01,0.00000000e+00,2.76273623e-01,1.18168285e-01,1.61921747e-02,1.15804919e+02,1.58683312e+01
1.80000000e-02,-5.91478822e-04,-7.55769052e-02,1.09895967e-03,1.30325804e-01,0.00000000e+00,3.49301878e-01,1.20741237e-01,1.62926622e-02,1.18326412e+02,1.59668090e+01
2.00000000e-02,-7.52795089e-04,-8.57631134e-02,1.37428315e-03,1.44976697e-01,0.00000000e+00,4.30744820e-01,1.23085616e-01,1.63646633e-02,1.20623904e+02,1.60373700e+01
2.20000000e-02,-9.34477485e-04,-9.58686431e-02,1.67844423e-03,1.58994342e-01,0.00000000e+00,5.20543791e-01,1.20297661e-01,1.53921897e-02,1.17891708e+02,1.50843460e+01
2.40000000e-02,-1.13624914e-03,-1.05943389e-01,2.01008466e-03,1.72748182e-01,0.00000000e+00,6.18634113e-01,1.23972439e-01,1.62791357e-02,1.21492990e+02,1.59535530e+01
2.60000000e-02,-1.35834578e-03,-1.16160232e-01,2.36956473e-03,1.86693666e-01,0.00000000e+00,7.24945137e-01,1.25389466e-01,1.63022883e-02,1.22881677e+02,1.59762425e+01
2.80000000e-02,-1.60089520e-03,-1.26384767e-01,2.75660208e-03,2.00253342e-01,0.00000000e+00,8.39400290e-01,1.26090405e-01,1.60166600e-02,1.23568597e+02,1.56963268e+01
3.00000000e-02,-1.86388463e-03,-1.36608974e-01,3.17034498e-03,2.13463381e-01,0.00000000e+00,9.61917137e-01,1.27486939e-01,1.61540616e-02,1.24937200e+02,1.58309804e+01
3.20000000e-02,-2.14733686e-03,-1.46841827e-01,3.61031094e-03,2.26456445e-01,0.00000000e+00,1.09240744e+00,1.28564571e-01,1.61844273e-02,1.25993280e+02,1.58607387e+01
3.40000000e-02,-2.45124045e-03,-1.57057463e-01,4.07597540e-03,2.39156506e-01,0.00000000e+00,1.23077720e+00,1.29523755e-01,1.61990802e-02,1.26933280e+02,1.58750985e+01
3.60000000e-02,-2.77554601e-03,-1.67242054e-01,4.56673216e-03,2.51549402e-01,0.00000000e+00,1.37692677e+00,1.30444945e-01,1.62356895e-02,1.27836046e+02,1.59109757e+01
3.80000000e-02,-3.12017978e-03,-1.77383310e-01,5.08196329e-03,2.63627743e-01,0.00000000e+00,1.53075087e+00,1.31283024e-01,1.62699198e-02,1.28657363e+02,1.59445214e+01
4.00000000e-02,-3.48504043e-03,-1.87466338e-01,5.62101771e-03,2.75367978e-01,0.00000000e+00,1.69213872e+00,1.32021577e-01,1.62912665e-02,1.29381145e+02,1.59654412e+01
4.20000000e-02,-3.86990785e-03,-1.97343451e-01,6.18281975e-03,2.86185174e-01,0.00000000e+00,1.86097409e+00,1.29572536e-01,1.51305179e-02,1.26981085e+02,1.48279076e+01
4.40000000e-02,-4.27431632e-03,-2.07073695e-01,6.76541756e-03,2.96491117e-01,0.00000000e+00,2.03713535e+00,1.31851274e-01,1.60462541e-02,1.29214248e+02,1.57253290e+01
4.60000000e-02,-4.69820177e-03,-2.16802659e-01,7.36891866e-03,3.06998696e-01,0.00000000e+00,2.22049564e+00,1.32963171e-01,1.64116017e-02,1.30303907e+02,1.60833697e+01
4.80000000e-02,-5.14144142e-03,-2.26403327e-01,7.99310924e-03,3.17051689e-01,0.00000000e+00,2.41092288e+00,1.32432287e-01,1.59796198e-02,1.29783641e+02,1.56600274e+01
5.00000000e-02,-5.60370315e-03,-2.35836110e-01,8.63672259e-03,3.26500510e-01,0.00000000e+00,2.60827993e+00,1.32775118e-01,1.60590083e-02,1.30119615e+02,1.57378281e+01
5.20000000e-02,-6.08469107e-03,-2.45126716e-01,9.29885158e-03,3.35559835e-01,0.00000000e+00,2.81242463e+00,1.32998395e-01,1.61042390e-02,1.30338427e+02,1.57821542e+01
5.40000000e-02,-6.58410598e-03,-2.54261283e-01,9.97867803e-03,3.44193351e-01,0.00000000e+00,3.02320994e+00,1.33168353e-01,1.61328650e-02,1.30504986e+02,1.58102077e+01
5.60000000e-02,-7.10162538e-03,-2.63229629e-01,1.06753269e-02,3.52379710e-01,0.00000000e+00,3.24048406e+00,1.33302194e-01,1.61574928e-02,1.30636150e+02,1.58343429e+01
5.80000000e-02,-7.63690664e-03,-2.72021191e-01,1.13878877e-02,3.60102324e-01,0.00000000e+00,3.46409049e+00,1.33371010e-01,1.61742255e-02,1.30703590e+02,1.58507410e+01
6.00000000e-02,-8.18958464e-03,-2.80624504e-01,1.21154182e-02,3.67348050e-01,0.00000000e+00,3.69386818e+00,1.33379726e-01,1.61928412e-02,1.30712131e+02,1.58689844e+01
6.20000000e-02,-8.75919399e-03,-2.88911850e-01,1.28565728e-02,3.73533304e-01,0.00000000e+00,3.92965162e+00,1.30603444e-01,1.50044514e-02,1.27991375e+02,1.47043624e+01
6.40000000e-02,-9.34506755e-03,-2.96952475e-01,1.36091346e-02,3.79093444e-01,0.00000000e+00,4.17127099e+00,1.32364306e-01,1.59535717e-02,1.29717020e+02,1.56345002e+01
6.60000000e-02,-9.94693391e-03,-3.04888135e-01,1.43730375e-02,3.84789958e-01,0.00000000e+00,4.41855228e+00,1.33031372e-01,1.63796561e-02,1.30370744e+02,1.60520629e+01
6.80000000e-02,-1.05644626e-02,-3.12587594e-01,1.51479262e-02,3.89934215e-01,0.00000000e+00,4.67131736e+00,1.31854321e-01,1.58992007e-02,1.29217235e+02,1.55812166e+01
7.00000000e-02,-1.11970994e-02,-3.20009758e-01,1.59322886e-02,3.94349885e-01,0.00000000e+00,4.92938419e+00,1.31685669e-01,1.59690352e-02,1.29051955e+02,1.56496545e+01
7.20000000e-02,-1.18443397e-02,-3.27189063e-01,1.67250053e-02,3.98284846e-01,0.00000000e+00,5.19256690e+00,1.31433453e-01,1.60210032e-02,1.28804784e+02,1.57005831e+01
7.40000000e-02,-1.25056877e-02,-3.34116458e-01,1.75250959e-02,4.01721780e-01,0.00000000e+00,5.46067593e+00,1.31169528e-01,1.60652259e-02,1.28546137e+02,1.57439214e+01
7.60000000e-02,-1.31806315e-02,-3.40782813e-01,1.83315425e-02,4.04633911e-01,0.00000000e+00,5.73351816e+00,1.30815995e-01,1.60702822e-02,1.28199675e+02,1.57488766e+01
7.80000000e-02,-1.38686395e-02,-3.47180048e-01,1.91432715e-02,4.07005991e-01,0.00000000e+00,6.01089710e+00,1.30470987e-01,1.60902662e-02,1.27861567e+02,1.57684609e+01
8.00000000e-02,-1.45691680e-02,-3.53301776e-01,1.99592072e-02,4.08839210e-01,0.00000000e+00,6.29261294e+00,1.30071571e-01,1.61040484e-02,1.27470139e+02,1.57819674e+01
8.20000000e-02,-1.52816057e-02,-3.59062136e-01,2.07779453e-02,4.09648020e-01,0.00000000e+00,6.57846279e+00,1.27818769e-01,1.51092242e-02,1.25262393e+02,1.48070397e+01
8.40000000e-02,-1.60052177e-02,-3.64524156e-01,2.15973697e-02,4.09812563e-01,0.00000000e+00,6.86824076e+00,1.28984802e-01,1.59222864e-02,1.26405106e+02,1.56038407e+01
8.60000000e-02,-1.67395779e-02,-3.69799557e-01,2.24172247e-02,4.10020866e-01,0.00000000e+00,7.16173815e+00,1.29431072e-01,1.63722018e-02,1.26842451e+02,1.60447577e+01
8.80000000e-02,-1.74842161e-02,-3.74775326e-01,2.32370815e-02,4.09671674e-01,0.00000000e+00,7.45874355e+00,1.28041286e-01,1.59234053e-02,1.25480461e+02,1.56049372e+01
9.00000000e-02,-1.82384506e-02,-3.79408205e-01,2.40554118e-02,4.08573106e-01,0.00000000e+00,7.75904305e+00,1.27556578e-01,1.59687148e-02,1.25005446e+02,1.56493405e+01
9.20000000e-02,-1.90016451e-02,-3.83735310e-01,2.48710364e-02,4.06968294e-01,0.00000000e+00,8.06242035e+00,1.27108417e-01,1.60265991e-02,1.24566249e+02,1.57060671e+01
9.40000000e-02,-1.97731862e-02,-3.87753917e-01,2.56829463e-02,4.04855513e-01,0.00000000e+00,8.36865696e+00,1.26629487e-01,1.60631857e-02,1.24096897e+02,1.57419220e+01
9.60000000e-02,-2.05524491e-02,-3.91455055e-01,2.64901031e-02,4.02209770e-01,0.00000000e+00,8.67753230e+00,1.26036016e-01,1.60620343e-02,1.23515296e+02,1.57407936e+01
9.80000000e-02,-2.13387895e-02,-3.94830783e-01,2.72914295e-02,3.99030260e-01,0.00000000e+00,8.98882390e+00,1.25430625e-01,1.60888223e-02,1.22922012e+02,1.57670459e+01
1.00000000e-01,-2.21315544e-02,-3.97879821e-01,2.80858739e-02,3.95325445e-01,0.00000000e+00,9.30230756e+00,1.24861011e-01,1.60958161e-02,1.22363791e+02,1.57738998e+01
1.02000000e-01,-2.29300751e-02,-4.00578444e-01,2.88721757e-02,3.90787381e-01,0.00000000e+00,9.61775748e+00,1.23749649e-01,1.54648940e-02,1.21274656e+02,1.51555962e+01
1.04000000e-01,-2.37336571e-02,-4.02960404e-01,2.96486223e-02,3.85647774e-01,0.00000000e+00,9.93494647e+00,1.24011362e-01,1.59444787e-02,1.21531135e+02,1.56255891e+01
1.06000000e-01,-2.45417476e-02,-4.05088674e-01,3.04147199e-02,3.80437937e-01,0.00000000e+00,1.02536461e+01,1.24409406e-01,1.64140295e-02,1.21921218e+02,1.60857489e+01
1.08000000e-01,-2.53537979e-02,-4.06896101e-01,3.11700722e-02,3.74775299e-01,0.00000000e+00,1.05736267e+01,1.23135423e-01,1.60753761e-02,1.20672715e+02,1.57538685e+01
1.10000000e-01,-2.61690884e-02,-4.08338092e-01,3.19133743e-02,3.68442503e-01,0.00000000e+00,1.08946580e+01,1.22519484e-01,1.60717778e-02,1.20069094e+02,1.57503422e+01
1.12000000e-01,-2.69869279e-02,-4.09446609e-01,3.26435226e-02,3.61630377e-01,0.00000000e+00,1.12165086e+01,1.22014500e-01,1.61150804e-02,1.19574210e+02,1.57927788e+01
1.14000000e-01,-2.78066517e-02,-4.10220479e-01,3.33595937e-02,3.54365186e-01,0.00000000e+00,1.15389468e+01,1.21387906e-01,1.61466879e-02,1.18960148e+02,1.58237541e+01
1.16000000e-01,-2.86275816e-02,-4.10652038e-01,3.40606761e-02,3.46639165e-01,0.00000000e+00,1.18617403e+01,1.20715078e-01,1.61524645e-02,1.18300776e+02,1.58294152e+01
1.18000000e-01,-2.94490318e-02,-4.10741574e-01,3.47458436e-02,3.38452927e-01,0.00000000e+00,1.21846567e+01,1.20100849e-01,1.61628132e-02,1.17698832e+02,1.58395569e+01
1.20000000e-01,-3.02703208e-02,-4.10490541e-01,3.54141867e-02,3.29815084e-01,0.00000000e+00,1.25074633e+01,1.19462061e-01,1.61628162e-02,1.17072820e+02,1.58395599e+01
1.22000000e-01,-3.10907925e-02,-4.09937304e-01,3.60647528e-02,3.20650697e-01,0.00000000e+00,1.28299276e+01,1.19738975e-01,1.59906772e-02,1.17344195e+02,1.56708636e+01
1.24000000e-01,-3.19098677e-02,-4.09080599e-01,3.66964638e-02,3.10997899e-01,0.00000000e+00,1.31518175e+01,1.19060398e-01,1.60439991e-02,1.16679190e+02,1.57231192e+01
1.26000000e-01,-3.27269190e-02,-4.07930094e-01,3.73086306e-02,3.01174328e-01,0.00000000e+00,1.34729010e+01,1.19548000e-01,1.65107588e-02,1.17157040e+02,1.61805436e+01
1.28000000e-01,-3.35413840e-02,-4.06473491e-01,3.79009717e-02,2.91066677e-01,0.00000000e+00,1.37929469e+01,1.18562060e-01,1.62980020e-02,1.16190818e+02,1.59720420e+01
1.30000000e-01,-3.43525755e-02,-4.04660737e-01,3.84725636e-02,2.80458576e-01,0.00000000e+00,1.41117246e+01,1.17854855e-01,1.62811763e-02,1.15497758e+02,1.59555528e+01
1.32000000e-01,-3.51598034e-02,-4.02512585e-01,3.90225554e-02,2.69474608e-01,0.00000000e+00,1.44290047e+01,1.17322868e-01,1.62992179e-02,1.14976411e+02,1.59732335e+01
1.34000000e-01,-3.59624070e-02,-4.00036213e-01,3.95502397e-02,2.58157141e-01,0.00000000e+00,1.47445585e+01,1.16746942e-01,1.63395952e-02,1.14412003e+02,1.60128033e+01
1.36000000e-01,-3.67597333e-02,-3.97237499e-01,4.00549767e-02,2.46528866e-01,0.00000000e+00,1.50581587e+01,1.16310617e-01,1.63726078e-02,1.13984405e+02,1.60451557e+01
1.38000000e-01,-3.75511381e-02,-3.94110430e-01,4.05361315e-02,2.34565122e-01,0.00000000e+00,1.53695796e+01,1.15547113e-01,1.63276683e-02,1.13236171e+02,1.60011149e+01
1.40000000e-01,-3.83359501e-02,-3.90646010e-01,4.09930125e-02,2.22264296e-01,0.00000000e+00,1.56785968e+01,1.14848173e-01,1.63227595e-02,1.12551209e+02,1.59963043e+01
1.42000000e-01,-3.91135578e-02,-3.86935075e-01,4.14250618e-02,2.09773147e-01,0.00000000e+00,1.59849877e+01,1.16149559e-01,1.65504878e-02,1.13826568e+02,1.62194780e+01
1.44000000e-01,-3.98835176e-02,-3.82965006e-01,4.18319180e-02,1.97001413e-01,0.00000000e+00,1.62885316e+01,1.15094256e-01,1.63202132e-02,1.12792371e+02,1.59938089e+01
1.46000000e-01,-4.06452156e-02,-3.78691616e-01,4.22129159e-02,1.84002452e-01,0.00000000e+00,1.65890100e+01,1.15296972e-01,1.66231286e-02,1.12991033e+02,1.62906661e+01
1.48000000e-01,-4.13980993e-02,-3.74141058e-01,4.25678567e-02,1.70896898e-01,0.00000000e+00,1.68862064e+01,1.14781929e-01,1.66088649e-02,1.12486290e+02,1.62766876e+01
1.50000000e-01,-4.21415800e-02,-3.69290801e-01,4.28963262e-02,1.57525465e-01,0.00000000e+00,1.71799068e+01,1.14382609e-01,1.65397297e-02,1.12094957e+02,1.62089352e+01
1.52000000e-01,-4.28750673e-02,-3.64147723e-01,4.31977972e-02,1.43911994e-01,0.00000000e+00,1.74698995e+01,1.13947940e-01,1.65370399e-02,1.11668981e+02,1.62062991e+01
1.54000000e-01,-4.35979732e-02,-3.58708089e-01,4.34718481e-02,1.30109405e-01,0.00000000e+00,1.77559758e+01,1.13376149e-01,1.65398960e-02,1.11108626e+02,1.62090981e+01
1.56000000e-01,-4.43097087e-02,-3.52982080e-01,4.37181303e-02,1.16150059e-01,0.00000000e+00,1.80379296e+01,1.13089378e-01,1.65655266e-02,1.10827591e+02,1.62342161e+01
1.58000000e-01,-4.50097166e-02,-3.46978658e-01,4.39363536e-02,1.02048561e-01,0.00000000e+00,1.83155578e+01,1.12632431e-01,1.65590124e-02,1.10379782e+02,1.62278321e+01
1.60000000e-01,-4.56974363e-02,-3.40694681e-01,4.41262360e-02,8.78142742e-02,0.00000000e+00,1.85886605e+01,1.12173028e-01,1.65638642e-02,1.09929567e+02,1.62325869e+01
1.62000000e-01,-4.63723827e-02,-3.34241856e-01,4.42876989e-02,7.37123017e-02,0.00000000e+00,1.88570409e+01,1.14222967e-01,1.70731839e-02,1.11938507e+02,1.67317202e+01
1.64000000e-01,-4.70342796e-02,-3.27602893e-01,4.44210573e-02,5.95684067e-02,0.00000000e+00,1.91205058e+01,1.13253621e-01,1.66721221e-02,1.10988548e+02,1.63386796e+01
1.66000000e-01,-4.76826129e-02,-3.20691888e-01,4.45258309e-02,4.52121326e-02,0.00000000e+00,1.93788654e+01,1.13186620e-01,1.67829391e-02,1.10922888e+02,1.64472803e+01
1.68000000e-01,-4.83168996e-02,-3.13559549e-01,4.46019322e-02,3.08954471e-02,0.00000000e+00,1.96319336e+01,1.13288449e-01,1.68697806e-02,1.11022680e+02,1.65323850e+01
1.70000000e-01,-4.89367043e-02,-3.06207002e-01,4.46494076e-02,1.65710646e-02,0.00000000e+00,1.98795281e+01,1.13130428e-01,1.68404482e-02,1.10867819e+02,1.65036393e+01
1.72000000e-01,-4.95415747e-02,-2.98625133e-01,4.46681839e-02,2.19792950e-03,0.00000000e+00,2.01214706e+01,1.12898321e-01,1.68001359e-02,1.10640355e+02,1.64641331e+01
1.74000000e-01,-5.01310568e-02,-2.90821276e-01,4.46581992e-02,-1.21754095e-02,0.00000000e+00,2.03575868e+01,1.12786940e-01,1.68316259e-02,1.10531202e+02,1.64949934e+01
1.76000000e-01,-5.07047196e-02,-2.82807059e-01,4.46195118e-02,-2.65044716e-02,0.00000000e+00,2.05877068e+01,1.12698312e-01,1.68436570e-02,1.10444346e+02,1.65067839e+01
1.78000000e-01,-5.12621458e-02,-2.74583910e-01,4.45522096e-02,-4.07910181e-02,0.00000000e+00,2.08116647e+01,1.12488596e-01,1.68305542e-02,1.10238824e+02,1.64939431e+01
1.80000000e-01,-5.18029203e-02,-2.66158327e-01,4.44563878e-02,-5.50174765e-02,0.00000000e+00,2.10292992e+01,1.12416700e-01,1.68387060e-02,1.10168366e+02,1.65019318e+01
1.82000000e-01,-5.23267237e-02,-2.57649731e-01,4.43324150e-02,-6.88311331e-02,0.00000000e+00,2.12404536e+01,1.14859509e-01,1.75256106e-02,1.12562319e+02,1.71750984e+01
1.84000000e-01,-5.28334572e-02,-2.49048076e-01,4.41812362e-02,-8.23854570e-02,0.00000000e+00,2.14449757e+01,1.14413711e-01,1.71725930e-02,1.12125437e+02,1.68291412e+01
1.86000000e-01,-5.33227781e-02,-2.40239502e-01,4.40027616e-02,-9.61070196e-02,0.00000000e+00,2.16427184e+01,1.14054646e-01,1.69252059e-02,1.11773553e+02,1.65867018e+01
1.88000000e-01,-5.37943102e-02,-2.31273561e-01,4.37969038e-02,-1.09684993e-01,0.00000000e+00,2.18335392e+01,1.14622215e-01,1.71854728e-02,1.12329771e+02,1.68417633e+01
1.90000000e-01,-5.42477932e-02,-2.22188932e-01,4.35642079e-02,-1.22983676e-01,0.00000000e+00,2.20173005e+01,1.15020112e-01,1.71844548e-02,1.12719710e+02,1.68407657e+01
1.92000000e-01,-5.46829796e-02,-2.12974741e-01,4.33050617e-02,-1.36143509e-01,0.00000000e+00,2.21938701e+01,1.15184750e-01,1.71120876e-02,1.12881055e+02,1.67698459e+01
1.94000000e-01,-5.50995998e-02,-2.03622047e-01,4.30197332e-02,-1.49154330e-01,0.00000000e+00,2.23631209e+01,1.15222740e-01,1.70949438e-02,1.12918285e+02,1.67530449e+01
1.96000000e-01,-5.54973849e-02,-1.94145075e-01,4.27086072e-02,-1.61921014e-01,0.00000000e+00,2.25249308e+01,1.15566529e-01,1.71852957e-02,1.13255199e+02,1.68415898e+01
1.98000000e-01,-5.58761047e-02,-1.84554993e-01,4.23722184e-02,-1.74433866e-01,0.00000000e+00,2.26791833e+01,1.15710320e-01,1.71523045e-02,1.13396113e+02,1.68092584e+01
2.00000000e-01,-5.62355351e-02,-1.74860209e-01,4.20110271e-02,-1.86713607e-01,0.00000000e+00,2.28257674e+01,1.16093557e-01,1.71636363e-02,1.13771686e+02,1.68203636e+01
2.02000000e-01,-5.65755531e-02,-1.65176808e-01,4.16257890e-02,-1.98355873e-01,0.00000000e+00,2.29645775e+01,1.18791562e-01,1.79448478e-02,1.16415731e+02,1.75859508e+01
2.04000000e-01,-5.68962357e-02,-1.55483464e-01,4.12179141e-02,-2.09532550e-01,0.00000000e+00,2.30955136e+01,1.18518494e-01,1.75627867e-02,1.16148124e+02,1.72115309e+01
2.06000000e-01,-5.71973863e-02,-1.45639086e-01,4.07875526e-02,-2.20868441e-01,0.00000000e+00,2.32184813e+01,1.17760754e-01,1.70004669e-02,1.15405539e+02,1.66604575e+01
2.08000000e-01,-5.74787431e-02,-1.35721306e-01,4.03346079e-02,-2.31952914e-01,0.00000000e+00,2.33333922e+01,1.19140561e-01,1.74480227e-02,1.16757750e+02,1.70990622e+01
2.10000000e-01,-5.77402672e-02,-1.25797014e-01,3.98600939e-02,-2.42508082e-01,0.00000000e+00,2.34401634e+01,1.19783976e-01,1.74379314e-02,1.17388296e+02,1.70891728e+01
2.12000000e-01,-5.79819044e-02,-1.15832657e-01,3.93647751e-02,-2.52764076e-01,0.00000000e+00,2.35387181e+01,1.20217515e-01,1.73725957e-02,1.17813165e+02,1.70251438e+01
2.14000000e-01,-5.82035710e-02,-1.05828019e-01,3.88492525e-02,-2.62697646e-01,0.00000000e+00,2.36289852e+01,1.20693059e-01,1.73823193e-02,1.18279198e+02,1.70346729e+01
2.16000000e-01,-5.84051983e-02,-9.57961082e-02,3.83142297e-02,-2.72263396e-01,0.00000000e+00,2.37108998e+01,1.21267094e-01,1.73842625e-02,1.18841752e+02,1.70365772e+01
2.18000000e-01,-5.85867497e-02,-8.57557382e-02,3.77604599e-02,-2.81437727e-01,0.00000000e+00,2.37844028e+01,1.22018426e-01,1.74165801e-02,1.19578057e+02,1.70682485e+01
2.20000000e-01,-5.87482189e-02,-7.57118016e-02,3.71887536e-02,-2.90200009e-01,0.00000000e+00,2.38494414e+01,1.22542854e-01,1.74360339e-02,1.20091997e+02,1.70873132e+01
2.22000000e-01,-5.88896537e-02,-6.57529540e-02,3.66002415e-02,-2.98089934e-01,0.00000000e+00,2.39059686e+01,1.25202072e-01,1.84102402e-02,1.22698031e+02,1.80420354e+01
2.24000000e-01,-5.90112801e-02,-5.58681116e-02,3.59968002e-02,-3.05370348e-01,0.00000000e+00,2.39539437e+01,1.25305353e-01,1.78563033e-02,1.22799246e+02,1.74991772e+01
2.26000000e-01,-5.91130749e-02,-4.59064485e-02,3.53786087e-02,-3.12877978e-01,0.00000000e+00,2.39933323e+01,1.24278529e-01,1.70532234e-02,1.21792958e+02,1.67121590e+01
2.28000000e-01,-5.91949191e-02,-3.59646773e-02,3.47455411e-02,-3.20006408e-01,0.00000000e+00,2.40241059e+01,1.26478982e-01,1.77508468e-02,1.23949403e+02,1.73958299e+01
2.30000000e-01,-5.92570028e-02,-2.61266398e-02,3.40990876e-02,-3.26378068e-01,0.00000000e+00,2.40462423e+01,1.27249499e-01,1.77208066e-02,1.24704509e+02,1.73663905e+01
2.32000000e-01,-5.92994539e-02,-1.63308685e-02,3.34402736e-02,-3.32382655e-01,0.00000000e+00,2.40597257e+01,1.27853180e-01,1.75826459e-02,1.25296117e+02,1.72309929e+01
2.34000000e-01,-5.93223622e-02,-6.58906465e-03,3.27698175e-02,-3.37996461e-01,0.00000000e+00,2.40645463e+01,1.28737393e-01,1.75855840e-02,1.26162645e+02,1.72338723e+01
2.36000000e-01,-5.93258640e-02,3.07188793e-03,3.20886269e-02,-3.43101580e-01,0.00000000e+00,2.40607006e+01,1.29810541e-01,1.76793717e-02,1.27214330e+02,1.73257842e+01
2.38000000e-01,-5.93101282e-02,1.26526008e-02,3.13977470e-02,-3.47702987e-01,0.00000000e+00,2.40481914e+01,1.30523077e-01,1.76578147e-02,1.27912616e+02,1.73046584e+01
2.40000000e-01,-5.92753098e-02,2.21491125e-02,3.06981260e-02,-3.51837945e-01,0.00000000e+00,2.40270278e+01,1.31532696e-01,1.76607113e-02,1.28902042e+02,1.73074971e+01
2.42000000e-01,-5.92216409e-02,3.14819097e-02,2.99910603e-02,-3.54975499e-01,0.00000000e+00,2.39972249e+01,1.33948784e-01,1.87426552e-02,1.31269809e+02,1.83678021e+01
2.44000000e-01,-5.91494707e-02,4.06818688e-02,2.92786782e-02,-3.57431803e-01,0.00000000e+00,2.39588042e+01,1.34085204e-01,1.80739623e-02,1.31403500e+02,1.77124830e+01
2.46000000e-01,-5.90589041e-02,4.98957219e-02,2.85611227e-02,-3.60203608e-01,0.00000000e+00,2.39117934e+01,1.32922362e-01,1.70564359e-02,1.30263914e+02,1.67153072e+01
2.48000000e-01,-5.89499534e-02,5.90111374e-02,2.78381325e-02,-3.62572412e-01,0.00000000e+00,2.38562264e+01,1.35533422e-01,1.78880727e-02,1.32822753e+02,1.75303112e+01
2.50000000e-01,-5.88229893e-02,6.79319674e-02,2.71113998e-02,-3.64091233e-01,0.00000000e+00,2.37921431e+01,1.36469362e-01,1.78030108e-02,1.33739975e+02,1.74469506e+01
2.52000000e-01,-5.86783095e-02,7.67269685e-02,2.63820527e-02,-3.65182394e-01,0.00000000e+00,2.37195898e+01,1.37328635e-01,1.77442810e-02,1.34582062e+02,1.73893954e+01
2.54000000e-01,-5.85161722e-02,8.53858352e-02,2.56509845e-02,-3.65802144e-01,0.00000000e+00,2.36386187e+01,1.38362333e-01,1.77484094e-02,1.35595086e+02,1.73934412e+01
2.56000000e-01,-5.83368735e-02,9.38836577e-02,2.49191950e-02,-3.65895546e-01,0.00000000e+00,2.35492881e+01,1.39662952e-01,1.78037459e-02,1.36869693e+02,1.74476710e+01
2.58000000e-01,-5.81407466e-02,1.02218024e-01,2.41877563e-02,-3.65458012e-01,0.00000000e+00,2.34516624e+01,1.40614950e-01,1.78177906e-02,1.37802651e+02,1.74614348e+01
2.60000000e-01,-5.79281106e-02,1.10388639e-01,2.34577053e-02,-3.64507054e-01,0.00000000e+00,2.33458118e+01,1.41787059e-01,1.78381396e-02,1.38951318e+02,1.74813768e+01
2.62000000e-01,-5.76993128e-02,1.18378010e-01,2.27303609e-02,-3.62607064e-01,0.00000000e+00,2.32318126e+01,1.43015142e-01,1.87700659e-02,1.40154839e+02,1.83946646e+01
2.64000000e-01,-5.74547113e-02,1.26198238e-01,2.20077130e-02,-3.60053144e-01,0.00000000e+00,2.31097469e+01,1.43774752e-01,1.81773372e-02,1.40899257e+02,1.78137905e+01
2.66000000e-01,-5.71945648e-02,1.33951143e-01,2.12899158e-02,-3.57847974e-01,0.00000000e+00,2.29797027e+01,1.42496308e-01,1.70116730e-02,1.39646382e+02,1.66714395e+01
2.68000000e-01,-5.69190169e-02,1.41538742e-01,2.05765706e-02,-3.55268617e-01,0.00000000e+00,2.28417736e+01,1.45419315e-01,1.79427304e-02,1.42510928e+02,1.75838758e+01
2.70000000e-01,-5.66285870e-02,1.48860485e-01,1.98694091e-02,-3.51837654e-01,0.00000000e+00,2.26960589e+01,1.46367849e-01,1.77875875e-02,1.43440492e+02,1.74318358e+01
2.72000000e-01,-5.63236992e-02,1.55995848e-01,1.91694708e-02,-3.48030597e-01,0.00000000e+00,2.25426636e+01,1.47314865e-01,1.77307158e-02,1.44368568e+02,1.73761015e+01
2.74000000e-01,-5.60047394e-02,1.62927602e-01,1.84776015e-02,-3.43751438e-01,0.00000000e+00,2.23816981e+01,1.48550362e-01,1.77884350e-02,1.45579354e+02,1.74326663e+01
2.76000000e-01,-5.56721442e-02,1.69626388e-01,1.77948423e-02,-3.38906488e-01,0.00000000e+00,2.22132785e+01,1.50071124e-01,1.79410048e-02,1.47069701e+02,1.75821847e+01
2.78000000e-01,-5.53263834e-02,1.76100809e-01,1.71222974e-02,-3.33578699e-01,0.00000000e+00,2.20375260e+01,1.50997239e-01,1.78389851e-02,1.47977295e+02,1.74822054e+01
2.80000000e-01,-5.49678829e-02,1.82362222e-01,1.64607999e-02,-3.27842324e-01,0.00000000e+00,2.18545672e+01,1.52147699e-01,1.78513215e-02,1.49104745e+02,1.74942951e+01
2.82000000e-01,-5.45970482e-02,1.88453099e-01,1.58114236e-02,-3.21362819e-01,0.00000000e+00,2.16645339e+01,1.51979961e-01,1.84685607e-02,1.48940361e+02,1.80991895e+01
2.84000000e-01,-5.42142087e-02,1.94336691e-01,1.51757418e-02,-3.14293568e-01,0.00000000e+00,2.14675629e+01,1.53890388e-01,1.81782089e-02,1.50812580e+02,1.78146447e+01
2.86000000e-01,-5.38197958e-02,2.00078831e-01,1.45540314e-02,-3.07551194e-01,0.00000000e+00,2.12637962e+01,1.52089042e-01,1.68914776e-02,1.49047262e+02,1.65536481e+01
2.88000000e-01,-5.34140104e-02,2.05645519e-01,1.39456989e-02,-3.00566095e-01,0.00000000e+00,2.10533804e+01,1.54700664e-01,1.78158822e-02,1.51606650e+02,1.74595646e+01
2.90000000e-01,-5.29974107e-02,2.10916695e-01,1.33522886e-02,-2.92798775e-01,0.00000000e+00,2.08364672e+01,1.55615245e-01,1.76824793e-02,1.52502940e+02,1.73288297e+01
2.92000000e-01,-5.25704973e-02,2.15957351e-01,1.27747020e-02,-2.84734238e-01,0.00000000e+00,2.06132127e+01,1.56623009e-01,1.76113458e-02,1.53490549e+02,1.72591189e+01
2.94000000e-01,-5.21337480e-02,2.20747996e-01,1.22136147e-02,-2.76275065e-01,0.00000000e+00,2.03837778e+01,1.57911785e-01,1.77058481e-02,1.54753549e+02,1.73517311e+01
2.96000000e-01,-5.16876769e-02,2.25281338e-01,1.16698881e-02,-2.67386330e-01,0.00000000e+00,2.01483277e+01,1.59012783e-01,1.77326443e-02,1.55832527e+02,1.73779914e+01
2.98000000e-01,-5.12327909e-02,2.29562365e-01,1.11443287e-02,-2.58108680e-01,0.00000000e+00,1.99070320e+01,1.60112010e-01,1.77676200e-02,1.56909769e+02,1.74122676e+01
3.00000000e-01,-5.07695957e-02,2.33590917e-01,1.06376952e-02,-2.48468337e-01,0.00000000e+00,1.96600645e+01,1.61147866e-01,1.77662633e-02,1.57924909e+02,1.74109381e+01
3.02000000e-01,-5.02985246e-02,2.37473432e-01,1.01507531e-02,-2.38381456e-01,0.00000000e+00,1.94076031e+01,1.59694924e-01,1.80051942e-02,1.56501026e+02,1.76450903e+01
3.04000000e-01,-4.98198378e-02,2.41152253e-01,9.68446228e-03,-2.27855304e-01,0.00000000e+00,1.91498296e+01,1.62015243e-01,1.80178890e-02,1.58774938e+02,1.76575312e+01
3.06000000e-01,-4.93340425e-02,2.44640692e-01,9.23914600e-03,-2.17607903e-01,0.00000000e+00,1.88869297e+01,1.60192232e-01,1.67796870e-02,1.56988387e+02,1.64440932e+01
3.08000000e-01,-4.88414061e-02,2.47932576e-01,8.81410594e-03,-2.07247647e-01,0.00000000e+00,1.86190927e+01,1.62600384e-01,1.76434180e-02,1.59348377e+02,1.72905496e+01
3.10000000e-01,-4.83425159e-02,2.50918887e-01,8.41056700e-03,-1.96270062e-01,0.00000000e+00,1.83465115e+01,1.63272441e-01,1.74945065e-02,1.60006992e+02,1.71446163e+01
3.12000000e-01,-4.78378907e-02,2.53665001e-01,8.02914271e-03,-1.85116968e-01,0.00000000e+00,1.80693825e+01,1.64105146e-01,1.74623816e-02,1.60823043e+02,1.71131340e+01
3.14000000e-01,-4.73280241e-02,2.56158888e-01,7.67026078e-03,-1.73721429e-01,0.00000000e+00,1.77879052e+01,1.65014496e-01,1.74860772e-02,1.61714206e+02,1.71363556e+01
3.16000000e-01,-4.68134317e-02,2.58387868e-01,7.33443367e-03,-1.62060907e-01,0.00000000e+00,1.75022825e+01,1.66103841e-01,1.75340859e-02,1.62781764e+02,1.71834042e+01
3.18000000e-01,-4.62946543e-02,2.60344328e-01,7.02218631e-03,-1.50146666e-01,0.00000000e+00,1.72127199e+01,1.67155807e-01,1.75677218e-02,1.63812691e+02,1.72163674e+01
3.20000000e-01,-4.57722270e-02,2.62041905e-01,6.73398941e-03,-1.38018844e-01,0.00000000e+00,1.69194262e+01,1.67895631e-01,1.75657433e-02,1.64537718e+02,1.72144284e+01
3.22000000e-01,-4.52465496e-02,2.63645070e-01,6.47017432e-03,-1.25795952e-01,0.00000000e+00,1.66226125e+01,1.65077259e-01,1.73854069e-02,1.61775713e+02,1.70376987e+01
3.24000000e-01,-4.47177680e-02,2.65066424e-01,6.23097427e-03,-1.13320101e-01,0.00000000e+00,1.63224925e+01,1.67833538e-01,1.77499338e-02,1.64476867e+02,1.73949351e+01
3.26000000e-01,-4.41864289e-02,2.66270285e-01,6.01674001e-03,-1.01075055e-01,0.00000000e+00,1.60192826e+01,1.65826964e-01,1.65898327e-02,1.62510425e+02,1.62580361e+01
3.28000000e-01,-4.36528068e-02,2.67294254e-01,5.82661925e-03,-8.89122380e-02,0.00000000e+00,1.57132010e+01,1.67685458e-01,1.73008250e-02,1.64331749e+02,1.69548085e+01
3.30000000e-01,-4.31174394e-02,2.68037049e-01,5.66135264e-03,-7.63570799e-02,0.00000000e+00,1.54044682e+01,1.68030090e-01,1.71721358e-02,1.64669488e+02,1.68286931e+01
3.32000000e-01,-4.25808119e-02,2.68549810e-01,5.52121669e-03,-6.37632905e-02,0.00000000e+00,1.50933065e+01,1.68682382e-01,1.71765842e-02,1.65308735e+02,1.68330525e+01
3.34000000e-01,-4.20434025e-02,2.68819045e-01,5.40636530e-03,-5.10707823e-02,0.00000000e+00,1.47799402e+01,1.69334881e-01,1.72100995e-02,1.65948184e+02,1.68658975e+01
3.36000000e-01,-4.15057002e-02,2.68841576e-01,5.31700739e-03,-3.82675329e-02,0.00000000e+00,1.44645949e+01,1.70058038e-01,1.72761585e-02,1.66656877e+02,1.69306353e+01
3.38000000e-01,-4.09681986e-02,2.68620443e-01,5.25334395e-03,-2.53911155e-02,0.00000000e+00,1.41474976e+01,1.70640169e-01,1.72674776e-02,1.67227365e+02,1.69221281e+01
3.40000000e-01,-4.04313759e-02,2.68163097e-01,5.21545659e-03,-1.24942164e-02,0.00000000e+00,1.38288769e+01,1.71193791e-01,1.72597615e-02,1.67769915e+02,1.69145663e+01
3.42000000e-01,-3.98955814e-02,2.67653018e-01,5.20320867e-03,1.65106110e-04,0.00000000e+00,1.35089622e+01,1.67496372e-01,1.67461068e-02,1.64146445e+02,1.64111847e+01
3.44000000e-01,-3.93608624e-02,2.66995185e-01,5.21616114e-03,1.28905933e-02,0.00000000e+00,1.31879839e+01,1.70278982e-01,1.74119928e-02,1.66873402e+02,1.70637529e+01
3.46000000e-01,-3.88277494e-02,2.66114180e-01,5.25466014e-03,2.54497753e-02,0.00000000e+00,1.28661732e+01,1.68355763e-01,1.64468398e-02,1.64988648e+02,1.61179030e+01
3.48000000e-01,-3.82965045e-02,2.65084911e-01,5.31778056e-03,3.77394393e-02,0.00000000e+00,1.25437619e+01,1.69402834e-01,1.69314579e-02,1.66014777e+02,1.65928288e+01
3.50000000e-01,-3.77675693e-02,2.63816460e-01,5.40571760e-03,5.01786455e-02,0.00000000e+00,1.22209822e+01,1.69621910e-01,1.68812685e-02,1.66229472e+02,1.65436432e+01
3.52000000e-01,-3.72413757e-02,2.62342496e-01,5.51842782e-03,6.25168652e-02,0.00000000e+00,1.18980666e+01,1.69903805e-01,1.68754595e-02,1.66505729e+02,1.65379503e+01
3.54000000e-01,-3.67183343e-02,2.60665942e-01,5.65573320e-03,7.47772987e-02,0.00000000e+00,1.15752477e+01,1.70079479e-01,1.69091371e-02,1.66677889e+02,1.65709544e+01
3.56000000e-01,-3.61988458e-02,2.58788569e-01,5.81748047e-03,8.69529318e-02,0.00000000e+00,1.12527579e+01,1.70348151e-01,1.69235541e-02,1.66941188e+02,1.65850830e+01
3.58000000e-01,-3.56833152e-02,2.56708493e-01,6.00347039e-03,9.90167709e-02,0.00000000e+00,1.09308296e+01,1.70599360e-01,1.69352491e-02,1.67187373e+02,1.65965442e+01
3.60000000e-01,-3.51721429e-02,2.54431797e-01,6.21345374e-03,1.10939901e-01,0.00000000e+00,1.06096946e+01,1.70760627e-01,1.69233034e-02,1.67345415e+02,1.65848373e+01
3.62000000e-01,-3.46655934e-02,2.52147046e-01,6.44688698e-03,1.22348590e-01,0.00000000e+00,1.02895842e+01,1.66643040e-01,1.61841997e-02,1.63310179e+02,1.58605157e+01
3.64000000e-01,-3.41636311e-02,2.49747800e-01,6.70278473e-03,1.33662200e-01,0.00000000e+00,9.97072900e+00,1.69328908e-01,1.70847260e-02,1.65942330e+02,1.67430315e+01
3.66000000e-01,-3.36667379e-02,2.47144980e-01,6.98144516e-03,1.44839930e-01,0.00000000e+00,9.65335865e+00,1.67333126e-01,1.62924480e-02,1.63986463e+02,1.59665990e+01
3.68000000e-01,-3.31751185e-02,2.44441114e-01,7.28184673e-03,1.55571121e-01,0.00000000e+00,9.33770171e+00,1.67665961e-01,1.65722090e-02,1.64312641e+02,1.62407649e+01
3.70000000e-01,-3.26890916e-02,2.41559983e-01,7.60366972e-03,1.66212433e-01,0.00000000e+00,9.02398555e+00,1.67496146e-01,1.65591783e-02,1.64146223e+02,1.62279947e+01
3.72000000e-01,-3.22089811e-02,2.38525133e-01,7.94654656e-03,1.76628917e-01,0.00000000e+00,8.71243612e+00,1.67326382e-01,1.65858542e-02,1.63979854e+02,1.62541372e+01
3.74000000e-01,-3.17350907e-02,2.35340925e-01,8.31002658e-03,1.86807216e-01,0.00000000e+00,8.40327781e+00,1.67104876e-01,1.65743115e-02,1.63762778e+02,1.62428253e+01
3.76000000e-01,-3.12677143e-02,2.32011274e-01,8.69360363e-03,1.96727858e-01,0.00000000e+00,8.09673330e+00,1.66896169e-01,1.65889346e-02,1.63558245e+02,1.62571559e+01
3.78000000e-01,-3.08071427e-02,2.28535952e-01,9.09676324e-03,2.06386370e-01,0.00000000e+00,7.79302337e+00,1.66734996e-01,1.65960797e-02,1.63400296e+02,1.62641581e+01
3.80000000e-01,-3.03536658e-02,2.24917728e-01,9.51896374e-03,2.15766849e-01,0.00000000e+00,7.49236678e+00,1.66518853e-01,1.66046398e-02,1.63188476e+02,1.62725470e+01
3.82000000e-01,-2.99074689e-02,2.21303824e-01,9.95943027e-03,2.24546863e-01,0.00000000e+00,7.19498007e+00,1.62976794e-01,1.59612941e-02,1.59717258e+02,1.56420682e+01
3.84000000e-01,-2.94684931e-02,2.17626055e-01,1.04169746e-02,2.33062012e-01,0.00000000e+00,6.90107743e+00,1.64412899e-01,1.66988732e-02,1.61124641e+02,1.63648957e+01
3.86000000e-01,-2.90370586e-02,2.13807466e-01,1.08915434e-02,2.41374801e-01,0.00000000e+00,6.61087055e+00,1.62729887e-01,1.62110479e-02,1.59475290e+02,1.58868269e+01
3.88000000e-01,-2.86132999e-02,2.09933869e-01,1.13821088e-02,2.49140074e-01,0.00000000e+00,6.32456846e+00,1.62223295e-01,1.62472541e-02,1.58978829e+02,1.59223090e+01
3.90000000e-01,-2.81973932e-02,2.05955102e-01,1.18879003e-02,2.56600274e-01,0.00000000e+00,6.04237735e+00,1.61776130e-01,1.62901924e-02,1.58540607e+02,1.59643886e+01
3.92000000e-01,-2.77895467e-02,2.01875497e-01,1.24082933e-02,2.63735620e-01,0.00000000e+00,5.76450048e+00,1.61233647e-01,1.63058707e-02,1.58008974e+02,1.59797533e+01
3.94000000e-01,-2.73899525e-02,1.97703944e-01,1.29426035e-02,2.70512091e-01,0.00000000e+00,5.49113800e+00,1.60645741e-01,1.62974200e-02,1.57432826e+02,1.59714716e+01
3.96000000e-01,-2.69987895e-02,1.93444618e-01,1.34900926e-02,2.76915086e-01,0.00000000e+00,5.22248678e+00,1.60074183e-01,1.63014327e-02,1.56872699e+02,1.59754040e+01
3.98000000e-01,-2.66162294e-02,1.89102239e-01,1.40500154e-02,2.82945462e-01,0.00000000e+00,4.95874033e+00,1.59445862e-01,1.63126954e-02,1.56256945e+02,1.59864415e+01
4.00000000e-01,-2.62424325e-02,1.84681944e-01,1.46216181e-02,2.88591307e-01,0.00000000e+00,4.70008861e+00,1.58825495e-01,1.63085445e-02,1.55648985e+02,1.59823736e+01
4.02000000e-01,-2.58775030e-02,1.80259703e-01,1.52040009e-02,2.93667679e-01,0.00000000e+00,4.44671792e+00,1.56494193e-01,1.59472258e-02,1.53364310e+02,1.56282812e+01
4.04000000e-01,-2.55213955e-02,1.75834672e-01,1.57959877e-02,2.98292457e-01,0.00000000e+00,4.19881075e+00,1.55965697e-01,1.62044428e-02,1.52846383e+02,1.58803540e+01
4.06000000e-01,-2.51742026e-02,1.71352120e-01,1.63969605e-02,3.02601937e-01,0.00000000e+00,3.95654564e+00,1.54985800e-01,1.61421566e-02,1.51886084e+02,1.58193134e+01
4.08000000e-01,-2.48360069e-02,1.66839781e-01,1.70060698e-02,3.06423028e-01,0.00000000e+00,3.72009710e+00,1.53882571e-01,1.60478765e-02,1.50804920e+02,1.57269190e+01
4.10000000e-01,-2.45068660e-02,1.62293704e-01,1.76223590e-02,3.09803734e-01,0.00000000e+00,3.48963543e+00,1.53068754e-01,1.60967963e-02,1.50007379e+02,1.57748603e+01
4.12000000e-01,-2.41868602e-02,1.57705368e-01,1.82450244e-02,3.12793890e-01,0.00000000e+00,3.26532661e+00,1.52239083e-01,1.61163844e-02,1.49194302e+02,1.57940568e+01
4.14000000e-01,-2.38760667e-02,1.53083731e-01,1.88732537e-02,3.15362847e-01,0.00000000e+00,3.04733221e+00,1.51290960e-01,1.61090917e-02,1.48265141e+02,1.57869099e+01
4.16000000e-01,-2.35745412e-02,1.48438319e-01,1.95061862e-02,3.17497476e-01,0.00000000e+00,2.83580923e+00,1.50314272e-01,1.61080161e-02,1.47307986e+02,1.57858558e+01
4.18000000e-01,-2.32823291e-02,1.43769491e-01,2.01429592e-02,3.19205466e-01,0.00000000e+00,2.63091003e+00,1.49433677e-01,1.61225290e-02,1.46445003e+02,1.58000785e+01
4.20000000e-01,-2.29994778e-02,1.39078741e-01,2.07827187e-02,3.20479428e-01,0.00000000e+00,2.43278219e+00,1.48498399e-01,1.61103798e-02,1.45528431e+02,1.57881722e+01
4.22000000e-01,-2.27260201e-02,1.34378973e-01,2.14245466e-02,3.21258036e-01,0.00000000e+00,2.24156840e+00,1.47392936e-01,1.59993241e-02,1.44445078e+02,1.56793376e+01
4.24000000e-01,-2.24619326e-02,1.29723140e-01,2.20673741e-02,3.21471660e-01,0.00000000e+00,2.05740639e+00,1.45296863e-01,1.58426749e-02,1.42390926e+02,1.55258214e+01
4.26000000e-01,-2.22071149e-02,1.25086270e-01,2.27101763e-02,3.21299871e-01,0.00000000e+00,1.88042881e+00,1.44850795e-01,1.61086865e-02,1.41953779e+02,1.57865128e+01
4.28000000e-01,-2.19615934e-02,1.20440654e-01,2.33523186e-02,3.20745574e-01,0.00000000e+00,1.71076311e+00,1.43477981e-01,1.59573240e-02,1.40608421e+02,1.56381775e+01
4.30000000e-01,-2.17253365e-02,1.15818724e-01,2.39928206e-02,3.19684362e-01,0.00000000e+00,1.54853151e+00,1.42349810e-01,1.59600791e-02,1.39502813e+02,1.56408775e+01
4.32000000e-01,-2.14983067e-02,1.11214480e-01,2.46307731e-02,3.18198790e-01,0.00000000e+00,1.39385085e+00,1.41192597e-01,1.59785288e-02,1.38368745e+02,1.56589582e+01
4.34000000e-01,-2.12804639e-02,1.06632184e-01,2.52653352e-02,3.16292462e-01,0.00000000e+00,1.24683254e+00,1.40039928e-01,1.59841802e-02,1.37239130e+02,1.56644966e+01
4.36000000e-01,-2.10717623e-02,1.02073362e-01,2.58956600e-02,3.13961881e-01,0.00000000e+00,1.10758247e+00,1.38921752e-01,1.59894049e-02,1.36143317e+02,1.56696168e+01
4.38000000e-01,-2.08721530e-02,9.75407985e-02,2.65208990e-02,3.11205668e-01,0.00000000e+00,9.76200936e-01,1.37778349e-01,1.59850751e-02,1.35022782e+02,1.56653736e+01
4.40000000e-01,-2.06815794e-02,9.30378935e-02,2.71402022e-02,3.08028666e-01,0.00000000e+00,8.52782564e-01,1.36654615e-01,1.59921544e-02,1.33921522e+02,1.56723113e+01
4.42000000e-01,-2.05000115e-02,8.85199236e-02,2.77527258e-02,3.04419977e-01,0.00000000e+00,7.37416246e-01,1.36629787e-01,1.59554395e-02,1.33897192e+02,1.56363307e+01
4.44000000e-01,-2.03274539e-02,8.40705691e-02,2.83574913e-02,3.00225161e-01,0.00000000e+00,6.30185077e-01,1.33624328e-01,1.56274862e-02,1.30951841e+02,1.53149364e+01
4.46000000e-01,-2.01636815e-02,7.96927675e-02,2.89534186e-02,2.95718629e-01,0.00000000e+00,5.31166289e-01,1.33603036e-01,1.61543185e-02,1.30930975e+02,1.58312321e+01
4.48000000e-01,-2.00086731e-02,7.53295481e-02,2.95401992e-02,2.90962328e-01,0.00000000e+00,4.40431201e-01,1.32000342e-01,1.59433811e-02,1.29360335e+02,1.56245135e+01
4.50000000e-01,-1.98623142e-02,7.10399820e-02,3.01169266e-02,2.85694039e-01,0.00000000e+00,3.58045165e-01,1.30669632e-01,1.59056693e-02,1.28056239e+02,1.55875559e+01
4.52000000e-01,-1.97244735e-02,6.68100247e-02,3.06827093e-02,2.80026596e-01,0.00000000e+00,2.84067520e-01,1.29464911e-01,1.59161073e-02,1.26875613e+02,1.55977852e+01
4.54000000e-01,-1.95950363e-02,6.26367335e-02,3.12367932e-02,2.73999512e-01,0.00000000e+00,2.18551548e-01,1.28271792e-01,1.59447664e-02,1.25706356e+02,1.56258711e+01
4.56000000e-01,-1.94738863e-02,5.85237640e-02,3.17784712e-02,2.67618345e-01,0.00000000e+00,1.61544437e-01,1.27049544e-01,1.59492925e-02,1.24508553e+02,1.56303066e+01
4.58000000e-01,-1.93608978e-02,5.44759231e-02,3.23070267e-02,2.60877491e-01,0.00000000e+00,1.13087248e-01,1.25810985e-01,1.59475893e-02,1.23294765e+02,1.56286375e+01
4.60000000e-01,-1.92559370e-02,5.04965553e-02,3.28217477e-02,2.53786442e-01,0.00000000e+00,7.32148804e-02,1.24576399e-01,1.59524202e-02,1.22084871e+02,1.56333718e+01
4.62000000e-01,-1.91589112e-02,4.65177907e-02,3.33218850e-02,2.46264260e-01,0.00000000e+00,4.19560534e-02,1.24988646e-01,1.57601568e-02,1.22488873e+02,1.54449537e+01
4.64000000e-01,-1.90698250e-02,4.26001618e-02,3.38064888e-02,2.38268217e-01,0.00000000e+00,1.93332810e-02,1.22404469e-01,1.56533098e-02,1.19956380e+02,1.53402436e+01
4.66000000e-01,-1.89884608e-02,3.87571085e-02,3.42748947e-02,2.30177403e-01,0.00000000e+00,5.36285730e-03,1.22566156e-01,1.62337034e-02,1.20114833e+02,1.59090294e+01
4.68000000e-01,-1.89147714e-02,3.49518494e-02,3.47270948e-02,2.21931259e-01,0.00000000e+00,5.48445125e-05,1.20904160e-01,1.59766006e-02,1.18486076e+02,1.56570686e+01
4.70000000e-01,-1.88485857e-02,3.12482573e-02,3.51623304e-02,2.13251075e-01,0.00000000e+00,0.00000000e+00,1.19635002e-01,1.59479389e-02,1.17242302e+02,1.56289801e+01
4.72000000e-01,-1.87897232e-02,2.76274263e-02,3.55799082e-02,2.04284588e-01,0.00000000e+00,0.00000000e+00,1.18474910e-01,1.59758329e-02,1.16105411e+02,1.56563162e+01
4.74000000e-01,-1.87380254e-02,2.40823891e-02,3.59793075e-02,1.95076298e-01,0.00000000e+00,0.00000000e+00,1.17427358e-01,1.60147060e-02,1.15078811e+02,1.56944119e+01
4.76000000e-01,-1.86933392e-02,2.06190250e-02,3.63600542e-02,1.85629167e-01,0.00000000e+00,0.00000000e+00,1.16187445e-01,1.60222706e-02,1.13863697e+02,1.57018252e+01
4.78000000e-01,-1.86554894e-02,1.72455517e-02,3.67216595e-02,1.75935097e-01,0.00000000e+00,0.00000000e+00,1.15004040e-01,1.60168974e-02,1.12703959e+02,1.56965595e+01
4.80000000e-01,-1.86242970e-02,1.39619782e-02,3.70636379e-02,1.66006089e-01,0.00000000e+00,0.00000000e+00,1.13818629e-01,1.60217139e-02,1.11542256e+02,1.57012797e+01
4.82000000e-01,-1.85996479e-02,1.06687074e-02,3.73854442e-02,1.55717676e-01,0.00000000e+00,0.00000000e+00,1.15016056e-01,1.57263955e-02,1.12715735e+02,1.54118676e+01
4.84000000e-01,-1.85815991e-02,7.41004162e-03,3.76863121e-02,1.45134528e-01,0.00000000e+00,0.00000000e+00,1.12849243e-01,1.58371893e-02,1.10592258e+02,1.55204455e+01
4.86000000e-01,-1.85699558e-02,4.22929542e-03,3.79660764e-02,1.34692383e-01,0.00000000e+00,0.00000000e+00,1.13087268e-01,1.64263110e-02,1.10825522e+02,1.60977848e+01
4.88000000e-01,-1.85646447e-02,1.10449724e-03,3.82250520e-02,1.24205813e-01,0.00000000e+00,0.00000000e+00,1.11485683e-01,1.61181554e-02,1.09255969e+02,1.57957922e+01
4.90000000e-01,-1.85654594e-02,-1.90269763e-03,3.84626675e-02,1.13371101e-01,0.00000000e+00,0.00000000e+00,1.10333499e-01,1.60394184e-02,1.08126829e+02,1.57186300e+01
4.92000000e-01,-1.85721966e-02,-4.82159568e-03,3.86784419e-02,1.02394574e-01,0.00000000e+00,0.00000000e+00,1.09465452e-01,1.61332103e-02,1.07276143e+02,1.58105461e+01
4.94000000e-01,-1.85846936e-02,-7.66214833e-03,3.88721966e-02,9.13441712e-02,0.00000000e+00,0.00000000e+00,1.08593143e-01,1.61656496e-02,1.06421281e+02,1.58423366e+01
4.96000000e-01,-1.86027882e-02,-1.04172135e-02,3.90437544e-02,8.01975443e-02,0.00000000e+00,0.00000000e+00,1.07604240e-01,1.61808614e-02,1.05452155e+02,1.58572442e+01
4.98000000e-01,-1.86263011e-02,-1.30802789e-02,3.91929245e-02,6.89575306e-02,0.00000000e+00,0.00000000e+00,1.06624361e-01,1.61873124e-02,1.04491874e+02,1.58635661e+01
5.00000000e-01,-1.86550466e-02,-1.56493151e-02,3.93195284e-02,5.76332933e-02,0.00000000e+00,0.00000000e+00,1.05631135e-01,1.61895556e-02,1.03518512e+02,1.58657645e+01
5.02000000e-01,-1.86889224e-02,-1.82544534e-02,3.94233207e-02,4.61037128e-02,0.00000000e+00,0.00000000e+00,1.07733990e-01,1.59092548e-02,1.05579310e+02,1.55910697e+01
5.04000000e-01,-1.87280684e-02,-2.08655266e-02,3.95038947e-02,3.45013695e-02,0.00000000e+00,0.00000000e+00,1.06078612e-01,1.61566804e-02,1.03957039e+02,1.58335468e+01
5.06000000e-01,-1.87723357e-02,-2.34033292e-02,3.95615418e-02,2.32223149e-02,0.00000000e+00,0.00000000e+00,1.06372865e-01,1.66748261e-02,1.04245408e+02,1.63413295e+01
5.08000000e-01,-1.88216392e-02,-2.58774135e-02,3.95968136e-02,1.19877317e-02,0.00000000e+00,0.00000000e+00,1.04981971e-01,1.63049747e-02,1.02882331e+02,1.59788752e+01
5.10000000e-01,-1.88757702e-02,-2.82388177e-02,3.96093534e-02,5.44272801e-04,0.00000000e+00,0.00000000e+00,1.04172016e-01,1.62589772e-02,1.02088575e+02,1.59337977e+01
5.12000000e-01,-1.89345408e-02,-3.05196728e-02,3.95990022e-02,-1.08819425e-02,0.00000000e+00,0.00000000e+00,1.03570155e-01,1.63310509e-02,1.01498752e+02,1.60044299e+01
5.14000000e-01,-1.89977992e-02,-3.27259281e-02,3.95658752e-02,-2.22338877e-02,0.00000000e+00,0.00000000e+00,1.02936152e-01,1.63721840e-02,1.00877429e+02,1.60447404e+01
5.16000000e-01,-1.90653894e-02,-3.48495715e-02,3.95100980e-02,-3.35388366e-02,0.00000000e+00,0.00000000e+00,1.02182763e-01,1.63546304e-02,1.00139108e+02,1.60275378e+01
5.18000000e-01,-1.91371430e-02,-3.68915521e-02,3.94317635e-02,-4.47782446e-02,0.00000000e+00,0.00000000e+00,1.01605267e-01,1.64024429e-02,9.95731613e+01,1.60743940e+01
5.20000000e-01,-1.92129023e-02,-3.88536005e-02,3.93310425e-02,-5.59313575e-02,0.00000000e+00,0.00000000e+00,1.00925339e-01,1.63964337e-02,9.89068323e+01,1.60685051e+01
5.22000000e-01,-1.92926018e-02,-4.08822886e-02,3.92080222e-02,-6.71082293e-02,0.00000000e+00,0.00000000e+00,1.03804935e-01,1.61813837e-02,1.01728837e+02,1.58577560e+01
5.24000000e-01,-1.93764549e-02,-4.29461052e-02,3.90626865e-02,-7.81698887e-02,0.00000000e+00,0.00000000e+00,1.02422187e-01,1.64351807e-02,1.00373744e+02,1.61064771e+01
5.26000000e-01,-1.94643416e-02,-4.49429924e-02,3.88956414e-02,-8.87835075e-02,0.00000000e+00,0.00000000e+00,1.02950277e-01,1.68875553e-02,1.00891272e+02,1.65498042e+01
5.28000000e-01,-1.95561945e-02,-4.68914003e-02,3.87076777e-02,-9.92092342e-02,0.00000000e+00,0.00000000e+00,1.02031145e-01,1.65652905e-02,9.99905221e+01,1.62339847e+01
5.30000000e-01,-1.96518486e-02,-4.87519203e-02,3.84987907e-02,-1.09655707e-01,0.00000000e+00,0.00000000e+00,1.01669782e-01,1.65498725e-02,9.96363863e+01,1.62188750e+01
5.32000000e-01,-1.97511595e-02,-5.05482980e-02,3.82691664e-02,-1.19934895e-01,0.00000000e+00,0.00000000e+00,1.01335634e-01,1.65925960e-02,9.93089217e+01,1.62607440e+01
5.34000000e-01,-1.98540036e-02,-5.22872628e-02,3.80191930e-02,-1.30001173e-01,0.00000000e+00,0.00000000e+00,1.01160604e-01,1.66437880e-02,9.91373923e+01,1.63109123e+01
5.36000000e-01,-1.99602694e-02,-5.39674984e-02,3.77492954e-02,-1.39866960e-01,0.00000000e+00,0.00000000e+00,1.00823866e-01,1.66319007e-02,9.88073882e+01,1.62992627e+01
5.38000000e-01,-2.00698325e-02,-5.55861760e-02,3.74598625e-02,-1.49526819e-01,0.00000000e+00,0.00000000e+00,1.00609902e-01,1.66665121e-02,9.85977041e+01,1.63331819e+01
5.40000000e-01,-2.01825699e-02,-5.71386227e-02,3.71513268e-02,-1.58978677e-01,0.00000000e+00,0.00000000e+00,1.00190142e-01,1.66316019e-02,9.81863390e+01,1.62989699e+01
5.42000000e-01,-2.02984558e-02,-5.87941776e-02,3.68240762e-02,-1.68237994e-01,0.00000000e+00,0.00000000e+00,1.03958709e-01,1.66069477e-02,1.01879535e+02,1.62748088e+01
5.44000000e-01,-2.04177856e-02,-6.05082538e-02,3.64785425e-02,-1.77245783e-01,0.00000000e+00,0.00000000e+00,1.02524642e-01,1.66696365e-02,1.00474149e+02,1.63362438e+01
5.46000000e-01,-2.05404500e-02,-6.21642298e-02,3.61154283e-02,-1.85750783e-01,0.00000000e+00,0.00000000e+00,1.03595680e-01,1.71470858e-02,1.01523766e+02,1.68041441e+01
5.48000000e-01,-2.06664288e-02,-6.37995970e-02,3.57357736e-02,-1.93904464e-01,0.00000000e+00,0.00000000e+00,1.03064730e-01,1.68680226e-02,1.01003435e+02,1.65306621e+01
5.50000000e-01,-2.07956040e-02,-6.53683082e-02,3.53398841e-02,-2.01947699e-01,0.00000000e+00,0.00000000e+00,1.03086164e-01,1.68166515e-02,1.01024441e+02,1.64803185e+01
5.52000000e-01,-2.09278752e-02,-6.68967791e-02,3.49281630e-02,-2.09720730e-01,0.00000000e+00,0.00000000e+00,1.03197923e-01,1.68502043e-02,1.01133964e+02,1.65132002e+01
5.54000000e-01,-2.10631712e-02,-6.83953427e-02,3.45012299e-02,-2.17150594e-01,0.00000000e+00,0.00000000e+00,1.03485636e-01,1.69301119e-02,1.01415923e+02,1.65915096e+01
5.56000000e-01,-2.12014353e-02,-6.98620262e-02,3.40597831e-02,-2.24246788e-01,0.00000000e+00,0.00000000e+00,1.03575640e-01,1.69228568e-02,1.01504127e+02,1.65843997e+01
5.58000000e-01,-2.13425904e-02,-7.12854340e-02,3.36044519e-02,-2.31029281e-01,0.00000000e+00,0.00000000e+00,1.03620844e-01,1.69408885e-02,1.01548427e+02,1.66020707e+01
5.60000000e-01,-2.14865509e-02,-7.26695614e-02,3.31358828e-02,-2.37486538e-01,0.00000000e+00,0.00000000e+00,1.03827279e-01,1.69387994e-02,1.01750733e+02,1.66000234e+01
5.62000000e-01,-2.16333673e-02,-7.42016904e-02,3.26547871e-02,-2.43521866e-01,0.00000000e+00,0.00000000e+00,1.08271718e-01,1.71417392e-02,1.06106284e+02,1.67989044e+01
5.64000000e-01,-2.17833961e-02,-7.57915804e-02,3.21619908e-02,-2.49263962e-01,0.00000000e+00,0.00000000e+00,1.06395090e-01,1.68526460e-02,1.04267188e+02,1.65155931e+01
5.66000000e-01,-2.19364901e-02,-7.73161087e-02,3.16580306e-02,-2.54557136e-01,0.00000000e+00,0.00000000e+00,1.07987969e-01,1.73663007e-02,1.05828210e+02,1.70189747e+01
5.68000000e-01,-2.20926709e-02,-7.88561230e-02,3.11440928e-02,-2.59354523e-01,0.00000000e+00,0.00000000e+00,1.08025582e-01,1.71610763e-02,1.05865070e+02,1.68178547e+01
5.70000000e-01,-2.22518899e-02,-8.03591550e-02,3.06207629e-02,-2.63926304e-01,0.00000000e+00,0.00000000e+00,1.08417387e-01,1.70941201e-02,1.06249039e+02,1.67522377e+01
5.72000000e-01,-2.24140963e-02,-8.18454012e-02,3.00886173e-02,-2.68153611e-01,0.00000000e+00,0.00000000e+00,1.08951402e-01,1.71256723e-02,1.06772374e+02,1.67831589e+01
5.74000000e-01,-2.25792649e-02,-8.33217773e-02,2.95484138e-02,-2.71983033e-01,0.00000000e+00,0.00000000e+00,1.09529033e-01,1.71591512e-02,1.07338453e+02,1.68159681e+01
5.76000000e-01,-2.27473748e-02,-8.47851758e-02,2.90009464e-02,-2.75420707e-01,0.00000000e+00,0.00000000e+00,1.10014490e-01,1.71672851e-02,1.07814201e+02,1.68239394e+01
5.78000000e-01,-2.29183945e-02,-8.62318639e-02,2.84469829e-02,-2.78480497e-01,0.00000000e+00,0.00000000e+00,1.10528720e-01,1.71622287e-02,1.08318145e+02,1.68189841e+01
5.80000000e-01,-2.30922923e-02,-8.76636216e-02,2.78872821e-02,-2.81153716e-01,0.00000000e+00,0.00000000e+00,1.11079326e-01,1.71802440e-02,1.08857740e+02,1.68366392e+01
5.82000000e-01,-2.32691604e-02,-8.92624282e-02,2.73227783e-02,-2.83211625e-01,0.00000000e+00,0.00000000e+00,1.15869741e-01,1.76482262e-02,1.13552347e+02,1.72952617e+01
5.84000000e-01,-2.34493743e-02,-9.09097443e-02,2.67546259e-02,-2.84984151e-01,0.00000000e+00,0.00000000e+00,1.13677106e-01,1.69683252e-02,1.11403564e+02,1.66289587e+01
5.86000000e-01,-2.36327534e-02,-9.24881515e-02,2.61830696e-02,-2.86414822e-01,0.00000000e+00,0.00000000e+00,1.15750127e-01,1.75499177e-02,1.13435125e+02,1.71989193e+01
5.88000000e-01,-2.38193586e-02,-9.41140248e-02,2.56093659e-02,-2.87246566e-01,0.00000000e+00,0.00000000e+00,1.16302923e-01,1.74062548e-02,1.13976865e+02,1.70581297e+01
5.90000000e-01,-2.40092009e-02,-9.57270309e-02,2.50342751e-02,-2.87790712e-01,0.00000000e+00,0.00000000e+00,1.16992599e-01,1.73322720e-02,1.14652747e+02,1.69856266e+01
5.92000000e-01,-2.42022685e-02,-9.73426501e-02,2.44584535e-02,-2.87959248e-01,0.00000000e+00,0.00000000e+00,1.17933459e-01,1.73721567e-02,1.15574790e+02,1.70247135e+01
5.94000000e-01,-2.43985768e-02,-9.89661672e-02,2.38827222e-02,-2.87701668e-01,0.00000000e+00,0.00000000e+00,1.18773047e-01,1.74041381e-02,1.16397586e+02,1.70560553e+01
5.96000000e-01,-2.45981375e-02,-1.00596237e-01,2.33079211e-02,-2.87032716e-01,0.00000000e+00,0.00000000e+00,1.19708986e-01,1.74142387e-02,1.17314806e+02,1.70659540e+01
5.98000000e-01,-2.48009663e-02,-1.02233171e-01,2.27348536e-02,-2.85970506e-01,0.00000000e+00,0.00000000e+00,1.20582541e-01,1.74105120e-02,1.18170890e+02,1.70623018e+01
6.00000000e-01,-2.50070735e-02,-1.03875139e-01,2.21643047e-02,-2.84509881e-01,0.00000000e+00,0.00000000e+00,1.21502410e-01,1.74348742e-02,1.19072362e+02,1.70861767e+01
6.02000000e-01,-2.52165765e-02,-1.05681534e-01,2.15972750e-02,-2.82357935e-01,0.00000000e+00,0.00000000e+00,1.26127821e-01,1.80507409e-02,1.23605265e+02,1.76897261e+01
6.04000000e-01,-2.54298208e-02,-1.07519560e-01,2.10350573e-02,-2.79929505e-01,0.00000000e+00,0.00000000e+00,1.23974659e-01,1.72110284e-02,1.21495165e+02,1.68668078e+01
6.06000000e-01,-2.56466058e-02,-1.09284139e-01,2.04777075e-02,-2.77275319e-01,0.00000000e+00,0.00000000e+00,1.26174107e-01,1.77273629e-02,1.23650624e+02,1.73728156e+01
6.08000000e-01,-2.58669937e-02,-1.11103325e-01,1.99263360e-02,-2.74051247e-01,0.00000000e+00,0.00000000e+00,1.27042330e-01,1.76182481e-02,1.24501483e+02,1.72658832e+01
6.10000000e-01,-2.60910181e-02,-1.12921048e-01,1.93816972e-02,-2.70535179e-01,0.00000000e+00,0.00000000e+00,1.27961254e-01,1.75607950e-02,1.25402029e+02,1.72095791e+01
6.12000000e-01,-2.63186846e-02,-1.14748745e-01,1.88444318e-02,-2.66664370e-01,0.00000000e+00,0.00000000e+00,1.29126476e-01,1.75937747e-02,1.26543947e+02,1.72418992e+01
6.14000000e-01,-2.65500247e-02,-1.16593881e-01,1.83152966e-02,-2.62408306e-01,0.00000000e+00,0.00000000e+00,1.30249724e-01,1.76118281e-02,1.27644729e+02,1.72595915e+01
6.16000000e-01,-2.67850689e-02,-1.18452185e-01,1.77950429e-02,-2.57785821e-01,0.00000000e+00,0.00000000e+00,1.31345322e-01,1.76178092e-02,1.28718415e+02,1.72654530e+01
6.18000000e-01,-2.70238416e-02,-1.20322716e-01,1.72843892e-02,-2.52809597e-01,0.00000000e+00,0.00000000e+00,1.32476977e-01,1.76228145e-02,1.29827437e+02,1.72703582e+01
6.20000000e-01,-2.72663679e-02,-1.22205429e-01,1.67840349e-02,-2.47487825e-01,0.00000000e+00,0.00000000e+00,1.33602103e-01,1.76261738e-02,1.30930061e+02,1.72736503e+01
6.22000000e-01,-2.75127438e-02,-1.24208867e-01,1.62948223e-02,-2.41589532e-01,0.00000000e+00,0.00000000e+00,1.37301236e-01,1.81317062e-02,1.34555212e+02,1.77690720e+01
6.24000000e-01,-2.77632106e-02,-1.26223290e-01,1.58178294e-02,-2.35462349e-01,0.00000000e+00,0.00000000e+00,1.35895042e-01,1.74226708e-02,1.33177141e+02,1.70742174e+01
6.26000000e-01,-2.80175957e-02,-1.28175889e-01,1.53530746e-02,-2.29182527e-01,0.00000000e+00,0.00000000e+00,1.37925274e-01,1.77856413e-02,1.35166769e+02,1.74299285e+01
6.28000000e-01,-2.82759408e-02,-1.30168459e-01,1.49013953e-02,-2.22458614e-01,0.00000000e+00,0.00000000e+00,1.38929848e-01,1.77068342e-02,1.36151251e+02,1.73526975e+01
6.30000000e-01,-2.85382696e-02,-1.32161064e-01,1.44634063e-02,-2.15485569e-01,0.00000000e+00,0.00000000e+00,1.40059452e-01,1.76800438e-02,1.37258263e+02,1.73264429e+01
6.32000000e-01,-2.88045912e-02,-1.34162855e-01,1.40396433e-02,-2.08227193e-01,0.00000000e+00,0.00000000e+00,1.41310373e-01,1.76974244e-02,1.38484165e+02,1.73434759e+01
6.34000000e-01,-2.90749291e-02,-1.36176766e-01,1.36306920e-02,-2.00677083e-01,0.00000000e+00,0.00000000e+00,1.42541280e-01,1.77051179e-02,1.39690454e+02,1.73510155e+01
6.36000000e-01,-2.93493047e-02,-1.38200348e-01,1.32371205e-02,-1.92848728e-01,0.00000000e+00,0.00000000e+00,1.43767935e-01,1.77160382e-02,1.40892577e+02,1.73617175e+01
6.38000000e-01,-2.96277342e-02,-1.40229518e-01,1.28594713e-02,-1.84759113e-01,0.00000000e+00,0.00000000e+00,1.44936458e-01,1.77107191e-02,1.42037729e+02,1.73565047e+01
6.40000000e-01,-2.99102273e-02,-1.42265363e-01,1.24982565e-02,-1.76410856e-01,0.00000000e+00,0.00000000e+00,1.46221662e-01,1.77395176e-02,1.43297229e+02,1.73847273e+01
6.42000000e-01,-3.01968175e-02,-1.44333969e-01,1.21540169e-02,-1.67779088e-01,0.00000000e+00,0.00000000e+00,1.48033104e-01,1.78105341e-02,1.45072442e+02,1.74543234e+01
6.44000000e-01,-3.04875493e-02,-1.46381746e-01,1.18272523e-02,-1.58979087e-01,0.00000000e+00,0.00000000e+00,1.48099849e-01,1.76222458e-02,1.45137852e+02,1.72698009e+01
6.46000000e-01,-3.07823194e-02,-1.48391818e-01,1.15182167e-02,-1.50004900e-01,0.00000000e+00,0.00000000e+00,1.49550143e-01,1.77310268e-02,1.46559140e+02,1.73764062e+01
6.48000000e-01,-3.10811174e-02,-1.50403198e-01,1.12273885e-02,-1.40796960e-01,0.00000000e+00,0.00000000e+00,1.50561342e-01,1.76936797e-02,1.47550115e+02,1.73398061e+01
6.50000000e-01,-3.13839251e-02,-1.52404080e-01,1.09551403e-02,-1.31421897e-01,0.00000000e+00,0.00000000e+00,1.51768579e-01,1.76890766e-02,1.48733207e+02,1.73352951e+01
6.52000000e-01,-3.16907303e-02,-1.54399846e-01,1.07018180e-02,-1.21871342e-01,0.00000000e+00,0.00000000e+00,1.52938179e-01,1.76962620e-02,1.49879415e+02,1.73423367e+01
6.54000000e-01,-3.20015204e-02,-1.56389456e-01,1.04677697e-02,-1.12148701e-01,0.00000000e+00,0.00000000e+00,1.54153650e-01,1.77119740e-02,1.51070577e+02,1.73577345e+01
6.56000000e-01,-3.23162836e-02,-1.58372303e-01,1.02533279e-02,-1.02268897e-01,0.00000000e+00,0.00000000e+00,1.55341546e-01,1.77157799e-02,1.52234715e+02,1.73614643e+01
6.58000000e-01,-3.26348809e-02,-1.60162075e-01,1.00582141e-02,-9.31088917e-02,1.21695603e-01,0.00000000e+00,1.52235230e-01,1.59185343e-02,1.49190526e+02,1.56001636e+01
6.60000000e-01,-3.29567259e-02,-1.61642818e-01,9.88007123e-03,-8.51804873e-02,7.16784127e-01,0.00000000e+00,1.50741476e-01,1.48728625e-02,1.47726646e+02,1.45754052e+01
6.62000000e-01,-3.32812431e-02,-1.62810009e-01,9.71679146e-03,-7.83030582e-02,1.31187265e+00,0.00000000e+00,1.47552431e-01,1.34763882e-02,1.44601383e+02,1.32068605e+01
6.64000000e-01,-3.36077600e-02,-1.63668313e-01,9.56631724e-03,-7.22381881e-02,1.90696118e+00,0.00000000e+00,1.46185369e-01,1.29498341e-02,1.43261662e+02,1.26908374e+01
6.66000000e-01,-3.39357212e-02,-1.64233813e-01,9.42733658e-03,-6.69264010e-02,2.50204970e+00,0.00000000e+00,1.43385092e-01,1.16948789e-02,1.40517390e+02,1.14609813e+01
6.68000000e-01,-3.42644638e-02,-1.64452127e-01,9.29791858e-03,-6.26540861e-02,3.09713822e+00,0.00000000e+00,1.40755029e-01,1.05812876e-02,1.37939929e+02,1.03696618e+01
6.70000000e-01,-3.45933046e-02,-1.64332773e-01,9.17609358e-03,-5.93216620e-02,3.69222675e+00,0.00000000e+00,1.38179366e-01,9.54658926e-03,1.35415778e+02,9.35565748e+00
6.72000000e-01,-3.49215697e-02,-1.63875681e-01,9.06003364e-03,-5.68865712e-02,4.28731527e+00,0.00000000e+00,1.35544335e-01,8.53092937e-03,1.32833449e+02,8.36031078e+00
6.74000000e-01,-3.52485780e-02,-1.63074745e-01,8.94794730e-03,-5.53513632e-02,4.88240380e+00,0.00000000e+00,1.32817136e-01,7.49692209e-03,1.30160793e+02,7.34698365e+00
6.76000000e-01,-3.55736354e-02,-1.61923851e-01,8.83802607e-03,-5.47192391e-02,5.47749232e+00,0.00000000e+00,1.30024733e-01,6.47800578e-03,1.27424239e+02,6.34844566e+00
6.78000000e-01,-3.58960364e-02,-1.60417462e-01,8.72846381e-03,-5.49968093e-02,6.07258084e+00,0.00000000e+00,1.27147913e-01,5.43100547e-03,1.24604955e+02,5.32238536e+00
6.80000000e-01,-3.62150670e-02,-1.58553767e-01,8.61743103e-03,-5.61859701e-02,6.66766937e+00,0.00000000e+00,1.24287136e-01,4.40638168e-03,1.21801394e+02,4.31825405e+00
6.82000000e-01,-3.65299131e-02,-1.56182493e-01,8.50283859e-03,-5.86969834e-02,7.26275789e+00,0.00000000e+00,1.17866542e-01,2.49363789e-03,1.15509211e+02,2.44376513e+00
6.84000000e-01,-3.68395339e-02,-1.53416637e-01,8.38207692e-03,-6.20571999e-02,7.85784642e+00,0.00000000e+00,1.17605510e-01,2.45276087e-03,1.15253400e+02,2.40370565e+00
6.86000000e-01,-3.71433962e-02,-1.50375652e-01,8.25425811e-03,-6.59448507e-02,8.45293494e+00,0.00000000e+00,1.13930149e-01,1.20546635e-03,1.11651546e+02,1.18135702e+00
6.88000000e-01,-3.74407597e-02,-1.46919510e-01,8.11757795e-03,-7.09117330e-02,9.04802347e+00,0.00000000e+00,1.10345676e-01,-5.84964729e-06,1.08138763e+02,-5.73265434e-03
6.90000000e-01,-3.77308230e-02,-1.43086581e-01,7.97000714e-03,-7.67845720e-02,9.64311199e+00,0.00000000e+00,1.07508896e-01,-9.04607847e-04,1.05358718e+02,-8.86515690e-01
6.92000000e-01,-3.80128797e-02,-1.38914128e-01,7.80993307e-03,-8.34172233e-02,1.02382005e+01,0.00000000e+00,1.04731220e-01,-1.82671878e-03,1.02636596e+02,-1.79018441e+00
6.94000000e-01,-3.82862638e-02,-1.34418083e-01,7.63583800e-03,-9.08001551e-02,1.08332890e+01,0.00000000e+00,1.02197262e-01,-2.72519131e-03,1.00153317e+02,-2.67068748e+00
6.96000000e-01,-3.85503334e-02,-1.29594098e-01,7.44619294e-03,-9.89922562e-02,1.14283776e+01,0.00000000e+00,9.92432356e-02,-3.79280435e-03,9.72583709e+01,-3.71694827e+00
6.98000000e-01,-3.88044023e-02,-1.24413310e-01,7.23923896e-03,-1.08129269e-01,1.20234661e+01,0.00000000e+00,9.59546796e-02,-5.00054971e-03,9.40355860e+01,-4.90053872e+00
7.00000000e-01,-3.90477627e-02,-1.18896705e-01,7.01311268e-03,-1.18110963e-01,1.26185546e+01,0.00000000e+00,9.34049818e-02,-5.88480238e-03,9.15368822e+01,-5.76710633e+00
7.02000000e-01,-3.92796429e-02,-1.12860792e-01,6.76602106e-03,-1.29253587e-01,1.32136431e+01,0.00000000e+00,8.57368792e-02,-7.78589286e-03,8.40221417e+01,-7.63017500e+00
7.04000000e-01,-3.94989907e-02,-1.06502172e-01,6.49559219e-03,-1.41155372e-01,1.38087317e+01,0.00000000e+00,8.76807966e-02,-7.85974525e-03,8.59271807e+01,-7.70255034e+00
7.06000000e-01,-3.97055630e-02,-1.00010654e-01,6.20103415e-03,-1.53605196e-01,1.44038202e+01,0.00000000e+00,8.43439543e-02,-9.35202528e-03,8.26570752e+01,-9.16498477e+00
7.08000000e-01,-3.98987462e-02,-9.30884617e-02,5.88017980e-03,-1.67542241e-01,1.49989087e+01,0.00000000e+00,7.92219867e-02,-1.14342181e-02,7.76375469e+01,-1.12055337e+01
7.10000000e-01,-4.00775845e-02,-8.56678152e-02,5.52986513e-03,-1.82979204e-01,1.55939972e+01,0.00000000e+00,7.41862672e-02,-1.29945892e-02,7.27025418e+01,-1.27346974e+01
7.12000000e-01,-4.02412658e-02,-7.80196458e-02,5.14835201e-03,-1.98282700e-01,1.61890858e+01,0.00000000e+00,7.52727940e-02,-1.16927389e-02,7.37673381e+01,-1.14588841e+01
7.14000000e-01,-4.03898967e-02,-7.07217939e-02,4.73864421e-03,-2.10721761e-01,1.67841743e+01,0.00000000e+00,8.36158117e-02,-7.56207080e-03,8.19434955e+01,-7.41082938e+00
7.16000000e-01,-4.05244302e-02,-6.38398380e-02,4.30736959e-03,-2.20304152e-01,1.73792628e+01,0.00000000e+00,8.61176163e-02,-6.30867693e-03,8.43952640e+01,-6.18250339e+00
7.18000000e-01,-4.06452329e-02,-5.69232746e-02,3.85772452e-03,-2.29441177e-01,1.79743513e+01,0.00000000e+00,8.38213404e-02,-7.26590783e-03,8.21449136e+01,-7.12058967e+00
7.20000000e-01,-4.07520029e-02,-4.98261237e-02,3.38941821e-03,-2.38858192e-01,1.85694399e+01,0.00000000e+00,8.27982409e-02,-7.56154086e-03,8.11422761e+01,-7.41031005e+00
7.22000000e-01,-4.08441693e-02,-4.21768381e-02,2.90147279e-03,-2.49503457e-01,1.87821840e+01,0.00000000e+00,7.17023532e-02,-1.05368946e-02,7.02683061e+01,-1.03261567e+01
7.24000000e-01,-4.09208050e-02,-3.46696074e-02,2.39229793e-03,-2.58808718e-01,1.87821840e+01,0.00000000e+00,8.67747837e-02,-5.47211493e-03,8.50392880e+01,-5.36267263e+00
7.26000000e-01,-4.09831804e-02,-2.76613849e-02,1.86763034e-03,-2.66025447e-01,1.87821840e+01,0.00000000e+00,8.39004618e-02,-6.89970832e-03,8.22224526e+01,-6.76171415e+00
7.28000000e-01,-4.10313287e-02,-2.04703591e-02,1.32781096e-03,-2.73819895e-01,1.87821840e+01,0.00000000e+00,8.29254878e-02,-7.45274866e-03,8.12669780e+01,-7.30369369e+00
7.30000000e-01,-4.10650240e-02,-1.32225754e-02,7.72380620e-04,-2.81569572e-01,1.87821840e+01,0.00000000e+00,8.28788160e-02,-7.59602730e-03,8.12212397e+01,-7.44410675e+00
7.32000000e-01,-4.10843018e-02,-6.09896511e-03,2.02173651e-04,-2.88357916e-01,1.87821840e+01,0.00000000e+00,8.60137144e-02,-6.24660391e-03,8.42934401e+01,-6.12167183e+00
7.34000000e-01,-4.10894540e-02,9.73475063e-04,-3.80689878e-04,-2.94604525e-01,1.87821840e+01,0.00000000e+00,8.41453437e-02,-7.28907859e-03,8.24624368e+01,-7.14329702e+00
7.36000000e-01,-4.10804370e-02,8.00222638e-03,-9.75914805e-04,-3.00356767e-01,1.87821840e+01,0.00000000e+00,8.69898562e-02,-6.05679147e-03,8.52500591e+01,-5.93565564e+00
7.38000000e-01,-4.10574616e-02,1.50062820e-02,-1.58188293e-03,-3.05757971e-01,1.87821840e+01,0.00000000e+00,8.45633158e-02,-7.41577431e-03,8.28720495e+01,-7.26745883e+00
7.40000000e-01,-4.10204062e-02,2.20187762e-02,-2.19883038e-03,-3.10984767e-01,1.87821840e+01,0.00000000e+00,8.65189215e-02,-6.56984524e-03,8.47885431e+01,-6.43844834e+00
7.42000000e-01,-4.09690341e-02,2.95598031e-02,-2.82654340e-03,-3.17293451e-01,1.87821840e+01,0.00000000e+00,7.18234803e-02,-1.05810485e-02,7.03870107e+01,-1.03694276e+01
7.44000000e-01,-4.09022523e-02,3.69730221e-02,-3.46727834e-03,-3.22513677e-01,1.87821840e+01,0.00000000e+00,8.89915716e-02,-5.19799493e-03,8.72117401e+01,-5.09403504e+00
7.46000000e-01,-4.08215585e-02,4.37614951e-02,-4.11510971e-03,-3.25501429e-01,1.87821840e+01,0.00000000e+00,8.57909539e-02,-6.81941117e-03,8.40751348e+01,-6.68302295e+00
7.48000000e-01,-4.07270780e-02,5.07423062e-02,-4.76987469e-03,-3.29375046e-01,1.87821840e+01,0.00000000e+00,8.37542690e-02,-7.99127043e-03,8.20791836e+01,-7.83144502e+00
7.50000000e-01,-4.06185440e-02,5.77910582e-02,-5.43278350e-03,-3.33509055e-01,1.87821840e+01,0.00000000e+00,8.33461369e-02,-8.31129047e-03,8.16792142e+01,-8.14506466e+00
7.52000000e-01,-4.04960870e-02,6.45800849e-02,-6.10292486e-03,-3.36164214e-01,1.87821840e+01,0.00000000e+00,8.88517712e-02,-5.84323176e-03,8.70747358e+01,-5.72636712e+00
7.54000000e-01,-4.03603547e-02,7.11725493e-02,-6.77675164e-03,-3.37786343e-01,1.87821840e+01,0.00000000e+00,8.68580817e-02,-7.10495634e-03,8.51209201e+01,-6.96285722e+00
7.56000000e-01,-4.02114782e-02,7.76429216e-02,-7.45365874e-03,-3.38791360e-01,1.87821840e+01,0.00000000e+00,9.05160799e-02,-5.51437838e-03,8.87057583e+01,-5.40409081e+00
7.58000000e-01,-4.00498178e-02,8.40610809e-02,-8.13176992e-03,-3.39575600e-01,1.87821840e+01,0.00000000e+00,8.67845054e-02,-7.61005992e-03,8.50488153e+01,-7.45785872e+00
7.60000000e-01,-3.98752564e-02,9.04454275e-02,-8.81187710e-03,-3.40233854e-01,1.87821840e+01,0.00000000e+00,8.99074835e-02,-6.22112646e-03,8.81093339e+01,-6.09670393e+00
7.62000000e-01,-3.96876502e-02,9.74086419e-02,-9.49359355e-03,-3.42224148e-01,1.87821840e+01,0.00000000e+00,7.17538285e-02,-1.13793815e-02,7.03187520e+01,-1.11517939e+01
7.64000000e-01,-3.94857002e-02,1.04254378e-01,-1.01801598e-02,-3.43293935e-01,1.87821840e+01,0.00000000e+00,9.10331865e-02,-5.26892875e-03,8.92125227e+01,-5.16355018e+00
7.66000000e-01,-3.92711213e-02,1.10367134e-01,-1.08651173e-02,-3.41885879e-01,1.87821840e+01,0.00000000e+00,8.71547379e-02,-7.15756044e-03,8.54116431e+01,-7.01440923e+00
7.68000000e-01,-3.90441199e-02,1.16647430e-01,-1.15483215e-02,-3.41405053e-01,1.87821840e+01,0.00000000e+00,8.52907310e-02,-8.19142326e-03,8.35849164e+01,-8.02759479e+00
7.70000000e-01,-3.88045021e-02,1.22971917e-01,-1.22310012e-02,-3.41319751e-01,1.87821840e+01,0.00000000e+00,8.41918393e-02,-8.96307607e-03,8.25080025e+01,-8.78381454e+00
7.72000000e-01,-3.85524767e-02,1.28929845e-01,-1.29124089e-02,-3.39447284e-01,1.87821840e+01,0.00000000e+00,9.18237478e-02,-5.41410176e-03,8.99872728e+01,-5.30581973e+00
7.74000000e-01,-3.82889590e-02,1.34623351e-01,-1.35880125e-02,-3.36408037e-01,1.87821840e+01,0.00000000e+00,8.82425906e-02,-7.48049639e-03,8.64777388e+01,-7.33088646e+00
7.76000000e-01,-3.80140917e-02,1.40154275e-01,-1.42576192e-02,-3.32736166e-01,1.87821840e+01,0.00000000e+00,9.34019701e-02,-5.04411417e-03,9.15339307e+01,-4.94323189e+00
7.78000000e-01,-3.77284256e-02,1.45559645e-01,-1.49186922e-02,-3.28666792e-01,1.87821840e+01,0.00000000e+00,8.88663704e-02,-7.59232314e-03,8.70890430e+01,-7.44047667e+00
7.80000000e-01,-3.74318520e-02,1.50966680e-01,-1.55724807e-02,-3.24888994e-01,1.87821840e+01,0.00000000e+00,9.09643221e-02,-6.59156233e-03,8.91450356e+01,-6.45973109e+00
7.82000000e-01,-3.71241599e-02,1.56972274e-01,-1.62192145e-02,-3.22560474e-01,1.87821840e+01,0.00000000e+00,7.23913428e-02,-1.15595062e-02,7.09435160e+01,-1.13283161e+01
7.84000000e-01,-3.68040747e-02,1.62810162e-01,-1.68620798e-02,-3.19268053e-01,1.87821840e+01,0.00000000e+00,9.22953050e-02,-5.48763365e-03,9.04493989e+01,-5.37788098e+00
7.86000000e-01,-3.64734943e-02,1.67785431e-01,-1.74944204e-02,-3.13176230e-01,1.87821840e+01,0.00000000e+00,8.98701005e-02,-6.58943041e-03,8.80726985e+01,-6.45764180e+00
7.88000000e-01,-3.61328447e-02,1.72893052e-01,-1.81154277e-02,-3.08048799e-01,1.87821840e+01,0.00000000e+00,8.64424914e-02,-8.40122984e-03,8.47136416e+01,-8.23320524e+00
7.90000000e-01,-3.57818738e-02,1.78073173e-01,-1.87271027e-02,-3.03652064e-01,1.87821840e+01,0.00000000e+00,8.53320799e-02,-8.99878594e-03,8.36254383e+01,-8.81881022e+00
7.92000000e-01,-3.54208096e-02,1.82866922e-01,-1.93288823e-02,-2.97525111e-01,1.87821840e+01,0.00000000e+00,9.25435821e-02,-5.63144234e-03,9.06927104e+01,-5.51881349e+00
7.94000000e-01,-3.50505979e-02,1.87372980e-01,-1.99164829e-02,-2.90317719e-01,1.87821840e+01,0.00000000e+00,8.90507861e-02,-7.57341229e-03,8.72697704e+01,-7.42194405e+00
7.96000000e-01,-3.46714637e-02,1.91660058e-01,-2.04896525e-02,-2.82359514e-01,1.87821840e+01,0.00000000e+00,9.45835110e-02,-4.87734552e-03,9.26918408e+01,-4.77979861e+00
7.98000000e-01,-3.42840519e-02,1.95805786e-01,-2.10457337e-02,-2.74120433e-01,1.87821840e+01,0.00000000e+00,8.92079023e-02,-7.78178043e-03,8.74237442e+01,-7.62614482e+00
8.00000000e-01,-3.38882514e-02,1.99935226e-01,-2.15863863e-02,-2.66259399e-01,1.87821840e+01,0.00000000e+00,9.17502109e-02,-6.44632531e-03,8.99152067e+01,-6.31739880e+00
8.02000000e-01,-3.34839093e-02,2.04667204e-01,-2.21119157e-02,-2.60114635e-01,1.87821840e+01,0.00000000e+00,7.18456658e-02,-1.21378434e-02,7.04087525e+01,-1.18950866e+01
8.04000000e-01,-3.30696673e-02,2.09272126e-01,-2.26264555e-02,-2.53386123e-01,1.87821840e+01,0.00000000e+00,9.13576606e-02,-5.95841553e-03,8.95305074e+01,-5.83924722e+00
8.06000000e-01,-3.26474033e-02,2.13003293e-01,-2.31236157e-02,-2.43891080e-01,1.87821840e+01,0.00000000e+00,8.88311066e-02,-7.04504242e-03,8.70544845e+01,-6.90414157e+00
8.08000000e-01,-3.22176050e-02,2.16808249e-01,-2.36025487e-02,-2.35189274e-01,1.87821840e+01,0.00000000e+00,8.61403535e-02,-8.31122403e-03,8.44175464e+01,-8.14499955e+00
8.10000000e-01,-3.17801711e-02,2.20611907e-01,-2.40647060e-02,-2.26987119e-01,1.87821840e+01,0.00000000e+00,8.53060952e-02,-8.75739025e-03,8.35999733e+01,-8.58224244e+00
8.12000000e-01,-3.13353943e-02,2.24060136e-01,-2.45095861e-02,-2.17418612e-01,1.87821840e+01,0.00000000e+00,9.08294774e-02,-6.08250480e-03,8.90128878e+01,-5.96085470e+00
8.14000000e-01,-3.08841123e-02,2.27235892e-01,-2.49338159e-02,-2.07003291e-01,1.87821840e+01,0.00000000e+00,8.80020515e-02,-7.59029720e-03,8.62420104e+01,-7.43849126e+00
8.16000000e-01,-3.04265825e-02,2.30214097e-01,-2.53372895e-02,-1.96123386e-01,1.87821840e+01,0.00000000e+00,9.17232376e-02,-5.68803285e-03,8.98887729e+01,-5.57427220e+00
8.18000000e-01,-2.99633496e-02,2.33051656e-01,-2.57182263e-02,-1.85118698e-01,1.87821840e+01,0.00000000e+00,8.75185434e-02,-7.87719086e-03,8.57681725e+01,-7.71964704e+00
8.20000000e-01,-2.94944263e-02,2.35813564e-01,-2.60779291e-02,-1.74361276e-01,1.87821840e+01,0.00000000e+00,8.96745637e-02,-6.72520324e-03,8.78810725e+01,-6.59069918e+00
8.22000000e-01,-2.90197319e-02,2.39120624e-01,-2.64169006e-02,-1.65447402e-01,1.87821840e+01,0.00000000e+00,7.09172671e-02,-1.22350275e-02,6.94989218e+01,-1.19903269e+01
8.24000000e-01,-2.85380516e-02,2.42265988e-01,-2.67393268e-02,-1.55945960e-01,1.87821840e+01,0.00000000e+00,8.95349065e-02,-5.95596257e-03,8.77442083e+01,-5.83684332e+00
8.26000000e-01,-2.80512290e-02,2.44569825e-01,-2.70389426e-02,-1.43831915e-01,1.87821840e+01,0.00000000e+00,8.66167969e-02,-7.18420216e-03,8.48844610e+01,-7.04051812e+00
8.28000000e-01,-2.75597428e-02,2.46917983e-01,-2.73151966e-02,-1.32530974e-01,1.87821840e+01,0.00000000e+00,8.44967088e-02,-8.06197632e-03,8.28067746e+01,-7.90073680e+00
8.30000000e-01,-2.70635929e-02,2.49212369e-01,-2.75693223e-02,-1.21613692e-01,1.87821840e+01,0.00000000e+00,8.38325460e-02,-8.35700207e-03,8.21558951e+01,-8.18986203e+00
8.32000000e-01,-2.65631003e-02,2.51196254e-01,-2.78010173e-02,-1.09745580e-01,1.87821840e+01,0.00000000e+00,8.76750715e-02,-6.40188182e-03,8.59215701e+01,-6.27384419e+00
8.34000000e-01,-2.60589715e-02,2.52934712e-01,-2.80079297e-02,-9.73150026e-02,1.87821840e+01,0.00000000e+00,8.54592780e-02,-7.47711182e-03,8.37500924e+01,-7.32756959e+00
8.36000000e-01,-2.55514910e-02,2.54478806e-01,-2.81900893e-02,-8.46024665e-02,1.87821840e+01,0.00000000e+00,8.80807062e-02,-6.07536717e-03,8.63190921e+01,-5.95385983e+00
8.38000000e-01,-2.50411600e-02,2.55867441e-01,-2.83463118e-02,-7.18483049e-02,1.87821840e+01,0.00000000e+00,8.49315915e-02,-7.61821378e-03,8.32329597e+01,-7.46584950e+00
8.40000000e-01,-2.45280952e-02,2.57145205e-01,-2.84776114e-02,-5.92874222e-02,1.87821840e+01,0.00000000e+00,8.64886218e-02,-6.67369087e-03,8.47588494e+01,-6.54021705e+00
8.42000000e-01,-2.40122943e-02,2.58850244e-01,-2.85846273e-02,-4.84749541e-02,1.87821840e+01,0.00000000e+00,7.07428390e-02,-1.14457361e-02,6.93279822e+01,-1.12168214e+01
8.44000000e-01,-2.34927717e-02,2.60439115e-01,-2.86713992e-02,-3.74946629e-02,1.87821840e+01,0.00000000e+00,8.49696025e-02,-6.44954415e-03,8.32702105e+01,-6.32055327e+00
8.46000000e-01,-2.29709991e-02,2.61336032e-01,-2.87332695e-02,-2.45098249e-02,1.87821840e+01,0.00000000e+00,8.26562347e-02,-7.33193039e-03,8.10031100e+01,-7.18529178e+00
8.48000000e-01,-2.24474324e-02,2.62225596e-01,-2.87698956e-02,-1.22105986e-02,1.87821840e+01,0.00000000e+00,8.08710869e-02,-7.94602572e-03,7.92536651e+01,-7.78710520e+00
8.50000000e-01,-2.19221535e-02,2.63029988e-01,-2.87823213e-02,-2.25378783e-04,1.87821840e+01,0.00000000e+00,8.03618426e-02,-8.01367754e-03,7.87546057e+01,-7.85340399e+00
8.52000000e-01,-2.13954704e-02,2.63597598e-01,-2.87704900e-02,1.22203645e-02,1.87821840e+01,0.00000000e+00,8.21071626e-02,-6.96749759e-03,8.04650194e+01,-6.82814764e+00
8.54000000e-01,-2.08678947e-02,2.63967813e-01,-2.87332987e-02,2.48777274e-02,1.87821840e+01,0.00000000e+00,8.06692395e-02,-7.52156155e-03,7.90558547e+01,-7.37113032e+00
8.56000000e-01,-2.03397162e-02,2.64162425e-01,-2.86709261e-02,3.76146542e-02,1.87821840e+01,0.00000000e+00,8.18998683e-02,-6.71653897e-03,8.02618709e+01,-6.58220819e+00
8.58000000e-01,-1.98113281e-02,2.64232486e-01,-2.85829733e-02,5.01518341e-02,1.87821840e+01,0.00000000e+00,7.92665562e-02,-7.82037685e-03,7.76812250e+01,-7.66396931e+00
8.60000000e-01,-1.92828617e-02,2.64189409e-01,-2.84704802e-02,6.24468265e-02,1.87821840e+01,0.00000000e+00,8.02296167e-02,-7.06916177e-03,7.86250244e+01,-6.92777854e+00
8.62000000e-01,-1.87544185e-02,2.64374206e-01,-2.83341277e-02,7.33295057e-02,1.87821840e+01,0.00000000e+00,6.96281581e-02,-1.05947121e-02,6.82355949e+01,-1.03828179e+01
8.64000000e-01,-1.82254602e-02,2.64415935e-01,-2.81770916e-02,8.43179122e-02,1.87821840e+01,0.00000000e+00,7.92555752e-02,-6.62713846e-03,7.76704637e+01,-6.49459569e+00
8.66000000e-01,-1.76970947e-02,2.63947786e-01,-2.79958885e-02,9.67575783e-02,1.87821840e+01,0.00000000e+00,7.72275586e-02,-7.29478381e-03,7.56830075e+01,-7.14888814e+00
8.68000000e-01,-1.71696973e-02,2.63437368e-01,-2.77904534e-02,1.08609039e-01,1.87821840e+01,0.00000000e+00,7.59359872e-02,-7.57316893e-03,7.44172675e+01,-7.42170555e+00
8.70000000e-01,-1.66434141e-02,2.62823590e-01,-2.75616560e-02,1.20155140e-01,1.87821840e+01,0.00000000e+00,7.53442036e-02,-7.61360808e-03,7.38373196e+01,-7.46133592e+00
8.72000000e-01,-1.61185132e-02,2.62044444e-01,-2.73098360e-02,1.31696605e-01,1.87821840e+01,0.00000000e+00,7.55122197e-02,-7.22785266e-03,7.40019753e+01,-7.08329561e+00
8.74000000e-01,-1.55953331e-02,2.61120155e-01,-2.70349400e-02,1.43132388e-01,1.87821840e+01,0.00000000e+00,7.44612566e-02,-7.44742267e-03,7.29720315e+01,-7.29847422e+00
8.76000000e-01,-1.50741067e-02,2.60084605e-01,-2.67375033e-02,1.54272894e-01,1.87821840e+01,0.00000000e+00,7.38530592e-02,-7.42729003e-03,7.23759980e+01,-7.27874423e+00
8.78000000e-01,-1.45550929e-02,2.58901840e-01,-2.64179320e-02,1.65288090e-01,1.87821840e+01,0.00000000e+00,7.36597134e-02,-7.25841789e-03,7.21865192e+01,-7.11324954e+00
8.80000000e-01,-1.40385863e-02,2.57588631e-01,-2.60764948e-02,1.76087435e-01,1.87821840e+01,0.00000000e+00,7.26795148e-02,-7.39702876e-03,7.12259245e+01,-7.24908818e+00
8.82000000e-01,-1.35247052e-02,2.56325127e-01,-2.57142599e-02,1.85870389e-01,1.87821840e+01,0.00000000e+00,6.82979884e-02,-8.87844918e-03,6.69320287e+01,-8.70088020e+00
8.84000000e-01,-1.30133725e-02,2.54931644e-01,-2.53330730e-02,1.95563671e-01,1.87821840e+01,0.00000000e+00,7.15372702e-02,-7.04455408e-03,7.01065248e+01,-6.90366300e+00
8.86000000e-01,-1.25051541e-02,2.53274891e-01,-2.49316855e-02,2.05736509e-01,1.87821840e+01,0.00000000e+00,7.02944533e-02,-7.30263819e-03,6.88885643e+01,-7.15658542e+00
8.88000000e-01,-1.20003443e-02,2.51511059e-01,-2.45103368e-02,2.15594660e-01,1.87821840e+01,0.00000000e+00,6.99114399e-02,-7.10718770e-03,6.85132111e+01,-6.96504395e+00
8.90000000e-01,-1.14991821e-02,2.49638984e-01,-2.40695205e-02,2.25132367e-01,1.87821840e+01,0.00000000e+00,6.87251013e-02,-7.34944175e-03,6.73505993e+01,-7.20245291e+00
8.92000000e-01,-1.10018524e-02,2.47670950e-01,-2.36100591e-02,2.34292416e-01,1.87821840e+01,0.00000000e+00,6.80859499e-02,-7.24727191e-03,6.67242309e+01,-7.10232648e+00
8.94000000e-01,-1.05085691e-02,2.45596657e-01,-2.31325614e-02,2.43136715e-01,1.87821840e+01,0.00000000e+00,6.71728853e-02,-7.33369944e-03,6.58294276e+01,-7.18702545e+00
8.96000000e-01,-1.00195458e-02,2.43402235e-01,-2.26376963e-02,2.51704979e-01,1.87821840e+01,0.00000000e+00,6.68921875e-02,-7.12322716e-03,6.55543437e+01,-6.98076262e+00
8.98000000e-01,-9.53504594e-03,2.41079161e-01,-2.21258972e-02,2.60039764e-01,1.87821840e+01,0.00000000e+00,6.62145957e-02,-7.09605514e-03,6.48903038e+01,-6.95413403e+00
9.00000000e-01,-9.05530668e-03,2.38639833e-01,-2.15977346e-02,2.68078558e-01,1.87821840e+01,0.00000000e+00,6.56826504e-02,-6.99329245e-03,6.43689974e+01,-6.85342660e+00
9.02000000e-01,-8.58060791e-03,2.36018564e-01,-2.10537486e-02,2.75868805e-01,1.87821840e+01,0.00000000e+00,6.65804432e-02,-6.84382967e-03,6.52488343e+01,-6.70695307e+00
9.04000000e-01,-8.11128136e-03,2.33323884e-01,-2.04945731e-02,2.83188609e-01,1.87821840e+01,0.00000000e+00,6.35557628e-02,-7.18496611e-03,6.22846475e+01,-7.04126679e+00
9.06000000e-01,-7.64729989e-03,2.30647929e-01,-1.99214347e-02,2.89847756e-01,1.87821840e+01,0.00000000e+00,6.23443864e-02,-7.41454000e-03,6.10974987e+01,-7.26624920e+00
9.08000000e-01,-7.18875344e-03,2.27876287e-01,-1.93354197e-02,2.96150472e-01,1.87821840e+01,0.00000000e+00,6.20372863e-02,-7.09853072e-03,6.07965406e+01,-6.95656010e+00
9.10000000e-01,-6.73584727e-03,2.25025854e-01,-1.87371244e-02,3.02015838e-01,1.87821840e+01,0.00000000e+00,6.04766984e-02,-7.48027797e-03,5.92671644e+01,-7.33067241e+00
9.12000000e-01,-6.28871230e-03,2.22082022e-01,-1.81276100e-02,3.07500651e-01,1.87821840e+01,0.00000000e+00,6.05577841e-02,-7.02881449e-03,5.93466284e+01,-6.88823820e+00
9.14000000e-01,-5.84759813e-03,2.19019785e-01,-1.75072865e-02,3.12738404e-01,1.87821840e+01,0.00000000e+00,5.96301244e-02,-7.11485320e-03,5.84375219e+01,-6.97255613e+00
9.16000000e-01,-5.41268730e-03,2.15876328e-01,-1.68769478e-02,3.17539155e-01,1.87821840e+01,0.00000000e+00,5.88926328e-02,-7.04758259e-03,5.77147802e+01,-6.90663094e+00
9.18000000e-01,-4.98415796e-03,2.12635156e-01,-1.62373579e-02,3.21997945e-01,1.87821840e+01,0.00000000e+00,5.84020928e-02,-6.92077212e-03,5.72340509e+01,-6.78235668e+00
9.20000000e-01,-4.56219644e-03,2.09319343e-01,-1.55892727e-02,3.25981808e-01,1.87821840e+01,0.00000000e+00,5.71787330e-02,-7.12028637e-03,5.60351583e+01,-6.97788064e+00
9.22000000e-01,-4.14720300e-03,2.05519952e-01,-1.49328307e-02,3.30865464e-01,1.87821840e+01,0.00000000e+00,6.62994218e-02,-4.09616114e-03,6.49734334e+01,-4.01423792e+00
9.24000000e-01,-3.74015017e-03,2.01670243e-01,-1.42662636e-02,3.35070190e-01,1.87821840e+01,0.00000000e+00,5.50153913e-02,-7.59509673e-03,5.39150834e+01,-7.44319480e+00
9.26000000e-01,-3.34030308e-03,1.98148949e-01,-1.35937930e-02,3.37410517e-01,1.87821840e+01,0.00000000e+00,5.53469153e-02,-7.04981457e-03,5.42399770e+01,-6.90881828e+00
9.28000000e-01,-2.94765252e-03,1.94480457e-01,-1.29166532e-02,3.39703228e-01,1.87821840e+01,0.00000000e+00,5.52348026e-02,-6.72864603e-03,5.41301066e+01,-6.59407311e+00
9.30000000e-01,-2.56243664e-03,1.90728882e-01,-1.22352282e-02,3.41623766e-01,1.87821840e+01,0.00000000e+00,5.41284540e-02,-6.85836811e-03,5.30458849e+01,-6.72120074e+00
9.32000000e-01,-2.18477185e-03,1.86925012e-01,-1.15505013e-02,3.43029701e-01,1.87821840e+01,0.00000000e+00,5.33583453e-02,-6.83121897e-03,5.22911784e+01,-6.69459459e+00
9.34000000e-01,-1.81477325e-03,1.83066156e-01,-1.08634485e-02,3.43927104e-01,1.87821840e+01,0.00000000e+00,5.23771987e-02,-6.94468099e-03,5.13296548e+01,-6.80578737e+00
9.36000000e-01,-1.45254714e-03,1.79147442e-01,-1.01751064e-02,3.44354331e-01,1.87821840e+01,0.00000000e+00,5.17841915e-02,-6.83497015e-03,5.07485076e+01,-6.69827074e+00
9.38000000e-01,-1.09822550e-03,1.75165706e-01,-9.48630759e-03,3.44366954e-01,1.87821840e+01,0.00000000e+00,5.09412001e-02,-6.83097484e-03,4.99223761e+01,-6.69435534e+00
9.40000000e-01,-7.51923004e-04,1.71125935e-01,-8.79792963e-03,3.43942985e-01,1.87821840e+01,0.00000000e+00,5.02969265e-02,-6.76783597e-03,4.92909880e+01,-6.63247925e+00
9.42000000e-01,-4.14220526e-04,1.66338069e-01,-8.10932190e-03,3.45339343e-01,1.87821840e+01,0.00000000e+00,6.56468765e-02,-2.02667465e-03,6.43339390e+01,-1.98614116e+00
9.44000000e-01,-8.65875186e-05,1.61525001e-01,-7.41712962e-03,3.45899956e-01,1.87821840e+01,0.00000000e+00,4.81906816e-02,-7.53383730e-03,4.72268680e+01,-7.38316056e+00
9.46000000e-01,2.32306659e-04,1.57352681e-01,-6.72767676e-03,3.43528762e-01,1.87821840e+01,0.00000000e+00,4.80541154e-02,-7.19465080e-03,4.70930331e+01,-7.05075779e+00
9.48000000e-01,5.42725403e-04,1.53033670e-01,-6.04296955e-03,3.41225081e-01,1.87821840e+01,0.00000000e+00,4.90669297e-02,-6.41301645e-03,4.80855911e+01,-6.28475612e+00
9.50000000e-01,8.44374538e-04,1.48614463e-01,-5.36289767e-03,3.38739581e-01,1.87821840e+01,0.00000000e+00,4.79149516e-02,-6.60378576e-03,4.69566526e+01,-6.47171005e+00
9.52000000e-01,1.13716552e-03,1.44168655e-01,-4.68836656e-03,3.35721143e-01,1.87821840e+01,0.00000000e+00,4.72802775e-02,-6.56683373e-03,4.63346719e+01,-6.43549705e+00
9.54000000e-01,1.42103285e-03,1.39698381e-01,-4.02037215e-03,3.32164203e-01,1.87821840e+01,0.00000000e+00,4.61511573e-02,-6.77842015e-03,4.52281341e+01,-6.64285174e+00
9.56000000e-01,1.69593249e-03,1.35188281e-01,-3.35999996e-03,3.28171991e-01,1.87821840e+01,0.00000000e+00,4.59484338e-02,-6.53546358e-03,4.50294652e+01,-6.40475431e+00
9.58000000e-01,1.96176969e-03,1.30653755e-01,-2.70800052e-03,3.23705338e-01,1.87821840e+01,0.00000000e+00,4.45333341e-02,-6.84107452e-03,4.36426675e+01,-6.70425303e+00
9.60000000e-01,2.21853745e-03,1.26104136e-01,-2.06550252e-03,3.18752865e-01,1.87821840e+01,0.00000000e+00,4.41864885e-02,-6.63533779e-03,4.33027588e+01,-6.50263104e+00
9.62000000e-01,2.46553583e-03,1.20578983e-01,-1.43117613e-03,3.16519361e-01,1.87821840e+01,0.00000000e+00,6.52914154e-02,-2.26478126e-04,6.39855871e+01,-2.21948564e-01
9.64000000e-01,2.70085116e-03,1.15050470e-01,-8.00051422e-04,3.13346704e-01,1.87821840e+01,0.00000000e+00,4.23202264e-02,-7.70423463e-03,4.14738219e+01,-7.55014994e+00
9.66000000e-01,2.92632602e-03,1.10404393e-01,-1.80258204e-04,3.06470972e-01,1.87821840e+01,0.00000000e+00,4.28117289e-02,-7.11100109e-03,4.19554943e+01,-6.96878107e+00
9.68000000e-01,3.14236208e-03,1.05598348e-01,4.26041758e-04,2.99909138e-01,1.87821840e+01,0.00000000e+00,4.42751950e-02,-6.17650905e-03,4.33896911e+01,-6.05297886e+00
9.70000000e-01,3.34867955e-03,1.00732508e-01,1.01924664e-03,2.93149796e-01,1.87821840e+01,0.00000000e+00,4.25048657e-02,-6.67543484e-03,4.16547683e+01,-6.54192614e+00
9.72000000e-01,3.54530181e-03,9.58812117e-02,1.59826326e-03,2.85823989e-01,1.87821840e+01,0.00000000e+00,4.23104825e-02,-6.53538108e-03,4.14642728e+01,-6.40467345e+00
9.74000000e-01,3.73219855e-03,9.10211402e-02,2.16224313e-03,2.78049038e-01,1.87821840e+01,0.00000000e+00,4.11643779e-02,-6.80937293e-03,4.03410903e+01,-6.67318547e+00
9.76000000e-01,3.90935708e-03,8.61171503e-02,2.71030842e-03,2.70047597e-01,1.87821840e+01,0.00000000e+00,4.18706135e-02,-6.22455552e-03,4.10332012e+01,-6.10006441e+00
9.78000000e-01,4.07666301e-03,8.12069529e-02,3.24216266e-03,2.61639951e-01,1.87821840e+01,0.00000000e+00,3.99235509e-02,-6.89884290e-03,3.91250799e+01,-6.76086605e+00
9.80000000e-01,4.23417971e-03,7.62889753e-02,3.75664490e-03,2.52897345e-01,1.87821840e+01,0.00000000e+00,4.07465765e-02,-6.18906968e-03,3.99316450e+01,-6.06528829e+00
9.82000000e-01,4.38102916e-03,7.01864570e-02,4.25614203e-03,2.47739178e-01,1.87821840e+01,0.00000000e+00,6.63809748e-02,1.34103606e-03,6.50533553e+01,1.31421534e+00
9.84000000e-01,4.51496419e-03,6.41418806e-02,4.74682483e-03,2.41416291e-01,1.87821840e+01,0.00000000e+00,3.82729999e-02,-7.93088650e-03,3.75075399e+01,-7.77226877e+00
9.86000000e-01,4.63834792e-03,5.92241081e-02,5.21886910e-03,2.30686568e-01,1.87821840e+01,0.00000000e+00,3.90233453e-02,-7.23016485e-03,3.82428784e+01,-7.08556156e+00
9.88000000e-01,4.75174896e-03,5.41388626e-02,5.66996458e-03,2.20546986e-01,1.87821840e+01,0.00000000e+00,4.12400766e-02,-6.04356275e-03,4.04152751e+01,-5.92269150e+00
9.90000000e-01,4.85487335e-03,4.90085855e-02,6.10100921e-03,2.10335700e-01,1.87821840e+01,0.00000000e+00,3.92127456e-02,-6.76079224e-03,3.84284907e+01,-6.62557639e+00
9.92000000e-01,4.94779660e-03,4.38982563e-02,6.51104960e-03,1.99737764e-01,1.87821840e+01,0.00000000e+00,3.99946006e-02,-6.26503092e-03,3.91947086e+01,-6.13973030e+00
9.94000000e-01,5.03046561e-03,3.87867718e-02,6.89976721e-03,1.88850292e-01,1.87821840e+01,0.00000000e+00,3.85439639e-02,-6.80882742e-03,3.77730846e+01,-6.67265088e+00
9.96000000e-01,5.10295252e-03,3.36885300e-02,7.26625475e-03,1.77668808e-01,1.87821840e+01,0.00000000e+00,3.90726629e-02,-6.35403112e-03,3.82912097e+01,-6.22695050e+00
9.98000000e-01,5.16524125e-03,2.86225665e-02,7.61020372e-03,1.66129301e-01,1.87821840e+01,0.00000000e+00,3.72604574e-02,-7.06431596e-03,3.65152483e+01,-6.92302964e+00
1.00000000e+00,5.21742882e-03,2.35356511e-02,7.93073654e-03,1.54536641e-01,1.87821840e+01,0.00000000e+00,3.91155873e-02,-6.00290778e-03,3.83332755e+01,-5.88284963e+00
1.00200000e+00,5.25848057e-03,1.70939158e-02,8.23129376e-03,1.47358560e-01,1.87821840e+01,0.00000000e+00,6.85593212e-02,2.63473634e-03,6.71881348e+01,2.58204161e+00
1.00400000e+00,5.28584721e-03,1.07162411e-02,8.51949713e-03,1.39170479e-01,1.87821840e+01,0.00000000e+00,3.73674165e-02,-7.70852298e-03,3.66200682e+01,-7.55435252e+00
1.00600000e+00,5.30222956e-03,5.66454771e-03,8.78464735e-03,1.25990264e-01,1.87821840e+01,0.00000000e+00,3.74203091e-02,-7.45959089e-03,3.66719029e+01,-7.31039908e+00
1.00800000e+00,5.30838858e-03,4.37625686e-04,9.02402236e-03,1.13656186e-01,1.87821840e+01,0.00000000e+00,4.13906652e-02,-5.58536909e-03,4.05628519e+01,-5.47366171e+00
1.01000000e+00,5.30394588e-03,-4.84058400e-03,9.23938660e-03,1.01493909e-01,1.87821840e+01,0.00000000e+00,3.86333268e-02,-6.78644073e-03,3.78606603e+01,-6.65071191e+00
1.01200000e+00,5.28906337e-03,-1.00630966e-02,9.42977762e-03,8.90010672e-02,1.87821840e+01,0.00000000e+00,4.01894330e-02,-6.00209672e-03,3.93856443e+01,-5.88205478e+00
1.01400000e+00,5.26371254e-03,-1.52570374e-02,9.59526277e-03,7.63161307e-02,1.87821840e+01,0.00000000e+00,3.81512981e-02,-6.94813144e-03,3.73882721e+01,-6.80916881e+00
1.01600000e+00,5.22803245e-03,-2.04551275e-02,9.73507045e-03,6.36736058e-02,1.87821840e+01,0.00000000e+00,4.05565736e-02,-5.70811479e-03,3.97454421e+01,-5.59395250e+00
1.01800000e+00,5.18190591e-03,-2.56324035e-02,9.84989848e-03,5.09430739e-02,1.87821840e+01,0.00000000e+00,3.80201773e-02,-6.96370830e-03,3.72597738e+01,-6.82443413e+00
1.02000000e+00,5.12553448e-03,-3.07622252e-02,9.93872377e-03,3.80340648e-02,1.87821840e+01,0.00000000e+00,3.98870257e-02,-5.95051461e-03,3.90892852e+01,-5.83150432e+00
1.02200000e+00,5.05788435e-03,-3.73509331e-02,1.00053959e-02,3.01659862e-02,1.87821840e+01,0.00000000e+00,7.26377214e-02,3.71629290e-03,7.11849670e+01,3.64196705e+00
1.02400000e+00,4.97617767e-03,-4.38692988e-02,1.00588297e-02,2.14613526e-02,1.87821840e+01,0.00000000e+00,3.88817154e-02,-7.62729483e-03,3.81040811e+01,-7.47474894e+00
1.02600000e+00,4.88334380e-03,-4.89827548e-02,1.00879030e-02,7.74968967e-03,1.87467509e+01,0.00000000e+00,4.05457420e-02,-6.74628290e-03,3.97348272e+01,-6.61135724e+00
1.02800000e+00,4.78009698e-03,-5.43207065e-02,1.00907117e-02,-4.63727581e-03,1.86685320e+01,0.00000000e+00,4.49488573e-02,-4.83756072e-03,4.40498801e+01,-4.74080950e+00
1.03000000e+00,4.66603311e-03,-5.97004592e-02,1.00695771e-02,-1.66894458e-02,1.85903132e+01,0.00000000e+00,4.24315222e-02,-6.06889803e-03,4.15828917e+01,-5.94752007e+00
1.03200000e+00,4.54135772e-03,-6.49863417e-02,1.00237423e-02,-2.90590518e-02,1.85120943e+01,0.00000000e+00,4.37515886e-02,-5.56425365e-03,4.28765569e+01,-5.45296858e+00
1.03400000e+00,4.40609709e-03,-7.02582074e-02,9.95339926e-03,-4.13410961e-02,1.84338755e+01,0.00000000e+00,4.31865720e-02,-5.98060619e-03,4.23228405e+01,-5.86099407e+00
1.03600000e+00,4.26032986e-03,-7.55226226e-02,9.85849263e-03,-5.34510674e-02,1.83556566e+01,0.00000000e+00,4.47459966e-02,-5.33366347e-03,4.38510766e+01,-5.22699020e+00
1.03800000e+00,4.10401629e-03,-8.07724949e-02,9.73971346e-03,-6.53833435e-02,1.82774378e+01,0.00000000e+00,4.41012663e-02,-5.77246062e-03,4.32192410e+01,-5.65701140e+00
1.04000000e+00,3.93724693e-03,-8.60117905e-02,9.59711994e-03,-7.70746533e-02,1.81992189e+01,0.00000000e+00,4.58389061e-02,-5.02675262e-03,4.49221280e+01,-4.92621757e+00
1.04200000e+00,3.75899317e-03,-9.27149182e-02,9.43492757e-03,-8.34976553e-02,1.81210001e+01,0.00000000e+00,7.97368447e-02,5.05730464e-03,7.81421078e+01,4.95615855e+00
1.04400000e+00,3.56643080e-03,-9.93527815e-02,9.26276135e-03,-9.04721285e-02,1.80427812e+01,0.00000000e+00,4.58566727e-02,-6.42813250e-03,4.49395393e+01,-6.29956985e+00
1.04600000e+00,3.36255461e-03,-1.04531863e-01,9.06966189e-03,-1.02512007e-01,1.79645624e+01,0.00000000e+00,4.72921798e-02,-5.84588315e-03,4.63463362e+01,-5.72896549e+00
1.04800000e+00,3.14819835e-03,-1.09868422e-01,8.85350845e-03,-1.13359340e-01,1.78863435e+01,0.00000000e+00,5.12647529e-02,-4.22922674e-03,5.02394578e+01,-4.14464220e+00
1.05000000e+00,2.92304750e-03,-1.15255117e-01,8.61662789e-03,-1.23601659e-01,1.78081247e+01,0.00000000e+00,5.02795729e-02,-4.91021100e-03,4.92739814e+01,-4.81200678e+00
1.05200000e+00,2.68724030e-03,-1.20548198e-01,8.35903665e-03,-1.33941728e-01,1.77299058e+01,0.00000000e+00,5.09805915e-02,-4.79815124e-03,4.99609797e+01,-4.70218821e+00
1.05400000e+00,2.44090121e-03,-1.25771530e-01,8.08088885e-03,-1.44239970e-01,1.76516870e+01,0.00000000e+00,5.06392531e-02,-5.21557913e-03,4.96264680e+01,-5.11126755e+00
1.05600000e+00,2.18417390e-03,-1.30965285e-01,7.78226402e-03,-1.54257399e-01,1.75734681e+01,0.00000000e+00,5.23640418e-02,-4.63119282e-03,5.13167609e+01,-4.53856896e+00
1.05800000e+00,1.91704299e-03,-1.36154661e-01,7.46415330e-03,-1.63833806e-01,1.74952493e+01,0.00000000e+00,5.26963430e-02,-4.74039912e-03,5.16424162e+01,-4.64559114e+00
1.06000000e+00,1.63958446e-03,-1.41300225e-01,7.12710656e-03,-1.73143593e-01,1.74170304e+01,0.00000000e+00,5.35842342e-02,-4.54922471e-03,5.25125496e+01,-4.45824021e+00
1.06200000e+00,1.35095475e-03,-1.47776702e-01,6.77490495e-03,-1.77465089e-01,1.73388116e+01,0.00000000e+00,8.61278067e-02,5.22930101e-03,8.44052506e+01,5.12471499e+00
1.06400000e+00,1.04855212e-03,-1.54141531e-01,6.41698216e-03,-1.82182200e-01,1.72605927e+01,0.00000000e+00,5.34159465e-02,-5.88971965e-03,5.23476275e+01,-5.77192526e+00
1.06600000e+00,7.35322989e-04,-1.59104868e-01,6.04309039e-03,-1.91527663e-01,1.71823739e+01,0.00000000e+00,5.59154264e-02,-5.01585880e-03,5.47971179e+01,-4.91554162e+00
1.06800000e+00,4.12074730e-04,-1.64155072e-01,5.65156284e-03,-1.99836246e-01,1.71041550e+01,0.00000000e+00,5.80640043e-02,-4.26917396e-03,5.69027242e+01,-4.18379048e+00
1.07000000e+00,7.86568441e-05,-1.69274059e-01,5.24438636e-03,-2.07183505e-01,1.70259362e+01,0.00000000e+00,6.02236294e-02,-3.57665459e-03,5.90191569e+01,-3.50512150e+00
1.07200000e+00,-2.64968382e-04,-1.74313369e-01,4.82292604e-03,-2.14384918e-01,1.69477173e+01,0.00000000e+00,5.89865535e-02,-4.56223598e-03,5.78068225e+01,-4.47099126e+00
1.07400000e+00,-6.18540634e-04,-1.79268686e-01,4.38695689e-03,-2.21421070e-01,1.68694985e+01,0.00000000e+00,6.11270693e-02,-3.84964415e-03,5.99045280e+01,-3.77265127e+00
1.07600000e+00,-9.81994447e-04,-1.84150989e-01,3.93742636e-03,-2.28180324e-01,1.67912796e+01,0.00000000e+00,6.02272925e-02,-4.62048530e-03,5.90227467e+01,-4.52807560e+00
1.07800000e+00,-1.35509712e-03,-1.88962085e-01,3.47445106e-03,-2.34616442e-01,1.67130608e+01,0.00000000e+00,6.24892785e-02,-3.83007225e-03,6.12394929e+01,-3.75347080e+00
1.08000000e+00,-1.73781640e-03,-1.93733608e-01,2.99928979e-03,-2.40558802e-01,1.66348419e+01,0.00000000e+00,6.24072670e-02,-4.26047087e-03,6.11591217e+01,-4.17526146e+00
1.08200000e+00,-2.13079012e-03,-1.99642905e-01,2.51519967e-03,-2.42026133e-01,1.65566231e+01,0.00000000e+00,9.22615149e-02,4.87267748e-03,9.04162846e+01,4.77522393e+00
1.08400000e+00,-2.53629979e-03,-2.05419898e-01,2.03108923e-03,-2.43637109e-01,1.64784042e+01,0.00000000e+00,6.26005345e-02,-5.25354611e-03,6.13485238e+01,-5.14847519e+00
1.08600000e+00,-2.95159940e-03,-2.09891473e-01,1.53792806e-03,-2.49332598e-01,1.64001854e+01,0.00000000e+00,6.51293676e-02,-4.40283241e-03,6.38267803e+01,-4.31477576e+00
1.08800000e+00,-3.37587253e-03,-2.14373318e-01,1.03430520e-03,-2.54208630e-01,1.63219665e+01,0.00000000e+00,6.62856426e-02,-4.25094265e-03,6.49599298e+01,-4.16592380e+00
1.09000000e+00,-3.80914393e-03,-2.18932043e-01,5.21889372e-04,-2.57891074e-01,1.62437477e+01,0.00000000e+00,7.04442809e-02,-2.62788116e-03,6.90353953e+01,-2.57532354e+00
1.09200000e+00,-4.25156382e-03,-2.23435460e-01,3.05327945e-06,-2.61104948e-01,1.61655288e+01,0.00000000e+00,6.85862566e-02,-4.00736123e-03,6.72145315e+01,-3.92721400e+00
1.09400000e+00,-4.70279645e-03,-2.27804899e-01,-5.22474087e-04,-2.64234374e-01,1.60873100e+01,0.00000000e+00,7.09792852e-02,-3.20002253e-03,6.95596995e+01,-3.13602208e+00
1.09600000e+00,-5.16271696e-03,-2.32074663e-01,-1.05367213e-03,-2.67045669e-01,1.60090911e+01,0.00000000e+00,6.99939815e-02,-4.09734667e-03,6.85941019e+01,-4.01539973e+00
1.09800000e+00,-5.63100422e-03,-2.36208116e-01,-1.59057500e-03,-2.69734362e-01,1.59308723e+01,0.00000000e+00,7.15999217e-02,-3.70853503e-03,7.01679233e+01,-3.63436433e+00
1.10000000e+00,-6.10751509e-03,-2.40290063e-01,-2.13220111e-03,-2.71810423e-01,1.58526534e+01,0.00000000e+00,7.26635737e-02,-3.58430310e-03,7.12103022e+01,-3.51261704e+00
1.10200000e+00,-6.59270502e-03,-2.45182777e-01,-2.67547725e-03,-2.70377833e-01,1.57744346e+01,0.00000000e+00,9.44873366e-02,2.87987940e-03,9.25975899e+01,2.82228182e+00
1.10400000e+00,-7.08816454e-03,-2.49953037e-01,-3.21361112e-03,-2.68793027e-01,1.56962157e+01,0.00000000e+00,7.38259332e-02,-4.03463522e-03,7.23494145e+01,-3.95394252e+00
1.10600000e+00,-7.59185833e-03,-2.53735070e-01,-3.75246501e-03,-2.69931538e-01,1.56179969e+01,0.00000000e+00,7.54914079e-02,-3.60564080e-03,7.39815798e+01,-3.53352799e+00
1.10800000e+00,-8.10303006e-03,-2.57404977e-01,-4.29312302e-03,-2.70748690e-01,1.55397780e+01,0.00000000e+00,7.53635568e-02,-4.13214468e-03,7.38562856e+01,-4.04950178e+00
1.11000000e+00,-8.62147463e-03,-2.61069478e-01,-4.83485100e-03,-2.70652842e-01,1.54615592e+01,0.00000000e+00,7.95824521e-02,-2.46305843e-03,7.79908031e+01,-2.41379726e+00
1.11200000e+00,-9.14727394e-03,-2.64682929e-01,-5.37528418e-03,-2.69881702e-01,1.53833403e+01,0.00000000e+00,7.84479588e-02,-3.48710604e-03,7.68789996e+01,-3.41736392e+00
1.11400000e+00,-9.68010823e-03,-2.68149214e-01,-5.91427934e-03,-2.68962904e-01,1.53051215e+01,0.00000000e+00,8.04790779e-02,-2.92343335e-03,7.88694963e+01,-2.86496468e+00
1.11600000e+00,-1.02198154e-02,-2.71532451e-01,-6.45079414e-03,-2.67531664e-01,1.52269026e+01,0.00000000e+00,8.08992199e-02,-3.17851403e-03,7.92812355e+01,-3.11494375e+00
1.11800000e+00,-1.07661335e-02,-2.74758881e-01,-6.98432770e-03,-2.65982983e-01,1.51486838e+01,0.00000000e+00,8.12613834e-02,-3.43973947e-03,7.96361558e+01,-3.37094468e+00
1.12000000e+00,-1.13187599e-02,-2.77848706e-01,-7.51455303e-03,-2.64174768e-01,1.50704649e+01,0.00000000e+00,8.22056568e-02,-3.39192742e-03,8.05615437e+01,-3.32408887e+00
1.12200000e+00,-1.18777562e-02,-2.81280257e-01,-8.03977491e-03,-2.60489029e-01,1.49922461e+01,0.00000000e+00,9.37963731e-02,-2.50406967e-04,9.19204456e+01,-2.45398828e-01
1.12400000e+00,-1.24438041e-02,-2.84596610e-01,-8.55622950e-03,-2.56383757e-01,1.49140272e+01,0.00000000e+00,8.41203622e-02,-3.25096638e-03,8.24379550e+01,-3.18594705e+00
1.12600000e+00,-1.30157710e-02,-2.87355669e-01,-9.06593651e-03,-2.53218310e-01,1.48358084e+01,0.00000000e+00,8.54316947e-02,-2.95250242e-03,8.37230608e+01,-2.89345238e+00
1.12800000e+00,-1.35931324e-02,-2.89973242e-01,-9.56888208e-03,-2.49721885e-01,1.47575895e+01,0.00000000e+00,8.55165200e-02,-3.27616208e-03,8.38061896e+01,-3.21063884e+00
1.13000000e+00,-1.41755996e-02,-2.92494198e-01,-1.00644333e-02,-2.45639439e-01,1.46793707e+01,0.00000000e+00,8.79185801e-02,-2.43196245e-03,8.61602085e+01,-2.38332320e+00
1.13200000e+00,-1.47630504e-02,-2.94926882e-01,-1.05510186e-02,-2.40925170e-01,1.46011518e+01,0.00000000e+00,8.82393037e-02,-2.64700030e-03,8.64745176e+01,-2.59406029e+00
1.13400000e+00,-1.53551948e-02,-2.97191101e-01,-1.10279941e-02,-2.36001127e-01,1.45229330e+01,0.00000000e+00,8.88064806e-02,-2.67503347e-03,8.70303510e+01,-2.62153280e+00
1.13600000e+00,-1.59517006e-02,-2.99284090e-01,-1.14948751e-02,-2.30855081e-01,1.44447141e+01,0.00000000e+00,8.90988636e-02,-2.85007558e-03,8.73168864e+01,-2.79307407e+00
1.13800000e+00,-1.65522149e-02,-3.01202718e-01,-1.19512886e-02,-2.25520303e-01,1.43664953e+01,0.00000000e+00,8.96263661e-02,-2.93306922e-03,8.78338388e+01,-2.87440784e+00
1.14000000e+00,-1.71563905e-02,-3.02939910e-01,-1.23968524e-02,-2.20029749e-01,1.42882764e+01,0.00000000e+00,8.97839933e-02,-3.16185409e-03,8.79883135e+01,-3.09861701e+00
1.14200000e+00,-1.77639586e-02,-3.04653164e-01,-1.28311128e-02,-2.14097044e-01,1.42100576e+01,0.00000000e+00,9.40198392e-02,-2.62773261e-03,9.21394424e+01,-2.57517796e+00
1.14400000e+00,-1.83748687e-02,-3.06164751e-01,-1.32531332e-02,-2.08003299e-01,1.41318387e+01,0.00000000e+00,9.00520675e-02,-3.42923934e-03,8.82510261e+01,-3.36065455e+00
1.14600000e+00,-1.89883752e-02,-3.07312817e-01,-1.36632048e-02,-2.02027725e-01,1.40536199e+01,0.00000000e+00,9.05287232e-02,-3.46400996e-03,8.87181487e+01,-3.39472976e+00
1.14800000e+00,-1.96040083e-02,-3.08293400e-01,-1.40610570e-02,-1.95771414e-01,1.39754010e+01,0.00000000e+00,9.11598795e-02,-3.41086582e-03,8.93366819e+01,-3.34264850e+00
1.15000000e+00,-2.02214601e-02,-3.09140825e-01,-1.44459749e-02,-1.89041831e-01,1.38971822e+01,0.00000000e+00,9.24540882e-02,-3.02319848e-03,9.06050064e+01,-2.96273451e+00
1.15200000e+00,-2.08404804e-02,-3.09851476e-01,-1.48169277e-02,-1.81867473e-01,1.38189633e+01,0.00000000e+00,9.30140265e-02,-3.01012465e-03,9.11537460e+01,-2.94992215e+00
1.15400000e+00,-2.14607606e-02,-3.10404028e-01,-1.51732336e-02,-1.74376401e-01,1.37407445e+01,0.00000000e+00,9.38209073e-02,-2.87045540e-03,9.19444891e+01,-2.81304629e+00
1.15600000e+00,-2.20819918e-02,-3.10799439e-01,-1.55142166e-02,-1.66560234e-01,1.36625256e+01,0.00000000e+00,9.44115903e-02,-2.81804174e-03,9.25233585e+01,-2.76168090e+00
1.15800000e+00,-2.27038435e-02,-3.11022572e-01,-1.58393179e-02,-1.58509142e-01,1.35843068e+01,0.00000000e+00,9.48705500e-02,-2.84504932e-03,9.29731390e+01,-2.78814833e+00
1.16000000e+00,-2.33259580e-02,-3.11059661e-01,-1.61481546e-02,-1.50310281e-01,1.35060879e+01,0.00000000e+00,9.51424296e-02,-2.95240966e-03,9.32395810e+01,-2.89336147e+00
1.16200000e+00,-2.39478814e-02,-3.10795710e-01,-1.64410149e-02,-1.42795070e-01,1.34278691e+01,0.00000000e+00,9.29137911e-02,-4.70157153e-03,9.10555153e+01,-4.60754010e+00
1.16400000e+00,-2.45689826e-02,-3.10294366e-01,-1.67193033e-02,-1.35232472e-01,1.33496502e+01,0.00000000e+00,9.46673672e-02,-3.25347840e-03,9.27740199e+01,-3.18840883e+00
1.16600000e+00,-2.51889601e-02,-3.09644883e-01,-1.69814381e-02,-1.26909979e-01,1.32714314e+01,0.00000000e+00,9.45157260e-02,-3.48442996e-03,9.26254115e+01,-3.41474136e+00
1.16800000e+00,-2.58074388e-02,-3.08810363e-01,-1.72268234e-02,-1.18407759e-01,1.31932125e+01,0.00000000e+00,9.53956717e-02,-3.23022533e-03,9.34877583e+01,-3.16562083e+00
1.17000000e+00,-2.64241003e-02,-3.07824001e-01,-1.74548407e-02,-1.09562906e-01,1.31149937e+01,0.00000000e+00,9.60054395e-02,-3.09457003e-03,9.40853307e+01,-3.03267863e+00
1.17200000e+00,-2.70386287e-02,-3.06678465e-01,-1.76648849e-02,-1.00433001e-01,1.30367748e+01,0.00000000e+00,9.66973628e-02,-2.93567253e-03,9.47634155e+01,-2.87695908e+00
1.17400000e+00,-2.76507033e-02,-3.05366602e-01,-1.78564132e-02,-9.10638589e-02,1.29585560e+01,0.00000000e+00,9.71205383e-02,-2.86983436e-03,9.51781275e+01,-2.81243767e+00
1.17600000e+00,-2.82599744e-02,-3.03873817e-01,-1.80290375e-02,-8.15405118e-02,1.28803371e+01,0.00000000e+00,9.74493412e-02,-2.86248069e-03,9.55003543e+01,-2.80523108e+00
1.17800000e+00,-2.88660812e-02,-3.02205064e-01,-1.81824741e-02,-7.18654268e-02,1.28021183e+01,0.00000000e+00,9.79631222e-02,-2.77446803e-03,9.60038598e+01,-2.71897867e+00
1.18000000e+00,-2.94686771e-02,-3.00359936e-01,-1.83164132e-02,-6.20612872e-02,1.27238994e+01,0.00000000e+00,9.82544724e-02,-2.78693290e-03,9.62893829e+01,-2.73119424e+00
1.18200000e+00,-3.00671419e-02,-2.97946266e-01,-1.84320582e-02,-5.42653267e-02,1.26456806e+01,0.00000000e+00,8.95724573e-02,-7.15830628e-03,8.77810081e+01,-7.01514016e+00
1.18400000e+00,-3.06602983e-02,-2.95286865e-01,-1.85335023e-02,-4.65111625e-02,1.25674617e+01,0.00000000e+00,9.73656423e-02,-3.02247616e-03,9.54183295e+01,-2.96202664e+00
1.18600000e+00,-3.12483650e-02,-2.92740833e-01,-1.86168183e-02,-3.68302801e-02,1.24892429e+01,0.00000000e+00,9.70323677e-02,-3.23710653e-03,9.50917203e+01,-3.17236440e+00
1.18800000e+00,-3.18311429e-02,-2.90016609e-01,-1.86807391e-02,-2.70229735e-02,1.24110240e+01,0.00000000e+00,9.79701633e-02,-2.85240255e-03,9.60107601e+01,-2.79535450e+00
1.19000000e+00,-3.24083317e-02,-2.87142833e-01,-1.87247454e-02,-1.69685126e-02,1.23328052e+01,0.00000000e+00,9.82610930e-02,-2.78529305e-03,9.62958712e+01,-2.72958719e+00
1.19200000e+00,-3.29795973e-02,-2.84093759e-01,-1.87485608e-02,-6.83555710e-03,1.22545863e+01,0.00000000e+00,9.85496618e-02,-2.72579565e-03,9.65786686e+01,-2.67127974e+00
1.19400000e+00,-3.35445920e-02,-2.80872663e-01,-1.87520355e-02,3.37563951e-03,1.21763675e+01,0.00000000e+00,9.88666010e-02,-2.63019046e-03,9.68892690e+01,-2.57758665e+00
1.19600000e+00,-3.41029707e-02,-2.77475589e-01,-1.87350339e-02,1.36232979e-02,1.20981486e+01,0.00000000e+00,9.90094490e-02,-2.62915828e-03,9.70292600e+01,-2.57657512e+00
1.19800000e+00,-3.46543772e-02,-2.73902692e-01,-1.86975391e-02,2.38757399e-02,1.20199298e+01,0.00000000e+00,9.92738490e-02,-2.57076838e-03,9.72883720e+01,-2.51935302e+00
1.20000000e+00,-3.51984684e-02,-2.70160229e-01,-1.86395212e-02,3.41428425e-02,1.19417109e+01,0.00000000e+00,9.95038516e-02,-2.51969340e-03,9.75137746e+01,-2.46929953e+00
1.20200000e+00,-3.57344568e-02,-2.65575953e-01,-1.85632242e-02,4.10257815e-02,1.18634921e+01,0.00000000e+00,8.39960270e-02,-9.56840677e-03,8.23161065e+01,-9.37703864e+00
1.20400000e+00,-3.62606148e-02,-2.60755640e-01,-1.84754717e-02,4.78279853e-02,1.17852732e+01,0.00000000e+00,9.83038384e-02,-2.56612301e-03,9.63377616e+01,-2.51480055e+00
1.20600000e+00,-3.67777654e-02,-2.56364240e-01,-1.83697338e-02,5.78976419e-02,1.17070544e+01,0.00000000e+00,9.82579953e-02,-2.56307957e-03,9.62928353e+01,-2.51181797e+00
1.20800000e+00,-3.72859732e-02,-2.51824989e-01,-1.82438266e-02,6.80490881e-02,1.16288355e+01,0.00000000e+00,9.90160772e-02,-2.21870649e-03,9.70357557e+01,-2.17433236e+00
1.21000000e+00,-3.77849742e-02,-2.47149007e-01,-1.80974761e-02,7.82925705e-02,1.15506167e+01,0.00000000e+00,9.91553839e-02,-2.16500770e-03,9.71722762e+01,-2.12170755e+00
1.21200000e+00,-3.82744652e-02,-2.42316876e-01,-1.79306782e-02,8.85032195e-02,1.14723978e+01,0.00000000e+00,9.93827660e-02,-2.05350992e-03,9.73951107e+01,-2.01243972e+00
1.21400000e+00,-3.87541387e-02,-2.37330383e-01,-1.77434910e-02,9.86720974e-02,1.13941790e+01,0.00000000e+00,9.94842923e-02,-1.98943016e-03,9.74946065e+01,-1.94964156e+00
1.21600000e+00,-3.92236824e-02,-2.32187518e-01,-1.75360381e-02,1.08768542e-01,1.13159601e+01,0.00000000e+00,9.95826694e-02,-1.91331322e-03,9.75910160e+01,-1.87504696e+00
1.21800000e+00,-3.96827915e-02,-2.26898742e-01,-1.73084673e-02,1.18789337e-01,1.12377413e+01,0.00000000e+00,9.98440523e-02,-1.82721146e-03,9.78471713e+01,-1.79066723e+00
1.22000000e+00,-4.01311823e-02,-2.21467268e-01,-1.70609415e-02,1.28719065e-01,1.11595224e+01,0.00000000e+00,9.99306025e-02,-1.75491585e-03,9.79319904e+01,-1.71981754e+00
1.22200000e+00,-4.05678347e-02,-2.14797045e-01,-1.67970052e-02,1.33528281e-01,1.10813036e+01,0.00000000e+00,7.44879412e-02,-1.22007736e-02,7.29981823e+01,-1.19567581e+01
1.22400000e+00,-4.09902293e-02,-2.07915119e-01,-1.65269278e-02,1.38187929e-01,1.10030847e+01,0.00000000e+00,9.84611439e-02,-1.68426592e-03,9.64919210e+01,-1.65058060e+00
1.22600000e+00,-4.14000818e-02,-2.01913114e-01,-1.62410119e-02,1.47709626e-01,1.09248659e+01,0.00000000e+00,9.84195148e-02,-1.59077160e-03,9.64511245e+01,-1.55895617e+00
1.22800000e+00,-4.17978035e-02,-1.95793722e-01,-1.59361181e-02,1.57188209e-01,1.08466470e+01,0.00000000e+00,9.89897319e-02,-1.34306331e-03,9.70099373e+01,-1.31620205e+00
1.23000000e+00,-4.21831775e-02,-1.89555506e-01,-1.56123284e-02,1.66562818e-01,1.07684282e+01,0.00000000e+00,9.88141894e-02,-1.35030126e-03,9.68379056e+01,-1.32329524e+00
1.23200000e+00,-4.25559352e-02,-1.83181776e-01,-1.52699948e-02,1.75745507e-01,1.06902093e+01,0.00000000e+00,9.88919815e-02,-1.26061376e-03,9.69141419e+01,-1.23540148e+00
1.23400000e+00,-4.29158218e-02,-1.76683822e-01,-1.49094635e-02,1.84752552e-01,1.06119905e+01,0.00000000e+00,9.88756889e-02,-1.20762310e-03,9.68981752e+01,-1.18347064e+00
1.23600000e+00,-4.32625871e-02,-1.70060847e-01,-1.45311228e-02,1.93552221e-01,1.05337716e+01,0.00000000e+00,9.88282693e-02,-1.15901479e-03,9.68517039e+01,-1.13583449e+00
1.23800000e+00,-4.35959869e-02,-1.63320514e-01,-1.41353799e-02,2.02163973e-01,1.04555528e+01,0.00000000e+00,9.88823904e-02,-1.04024146e-03,9.69047426e+01,-1.01943663e+00
1.24000000e+00,-4.39158006e-02,-1.56477246e-01,-1.37225700e-02,2.10621095e-01,1.03773339e+01,0.00000000e+00,9.90615624e-02,-8.97316403e-04,9.70803311e+01,-8.79370075e-01
1.24200000e+00,-4.42208278e-02,-1.48031974e-01,-1.32971532e-02,2.12692684e-01,1.02991151e+01,0.00000000e+00,6.39701706e-02,-1.38374491e-02,6.26907672e+01,-1.35607001e+01
1.24400000e+00,-4.45078212e-02,-1.39425726e-01,-1.28718892e-02,2.14628959e-01,1.02208962e+01,0.00000000e+00,9.76797938e-02,-5.73771890e-04,9.57261979e+01,-5.62296452e-01
1.24600000e+00,-4.47794306e-02,-1.32169202e-01,-1.24345699e-02,2.22666004e-01,1.01426774e+01,0.00000000e+00,9.77564467e-02,-4.10474210e-04,9.58013178e+01,-4.02264726e-01
1.24800000e+00,-4.50364496e-02,-1.24840168e-01,-1.19813231e-02,2.30556130e-01,1.00644585e+01,0.00000000e+00,9.81134005e-02,-2.37888266e-04,9.61511325e+01,-2.33130500e-01
1.25000000e+00,-4.52787327e-02,-1.17423344e-01,-1.15125392e-02,2.38155512e-01,9.98623967e+00,0.00000000e+00,9.77130315e-02,-3.54187464e-04,9.57587709e+01,-3.47103715e-01
1.25200000e+00,-4.55060737e-02,-1.09902559e-01,-1.10289522e-02,2.45378195e-01,9.90802082e+00,0.00000000e+00,9.75706084e-02,-3.40710567e-04,9.56191962e+01,-3.33896356e-01
1.25400000e+00,-4.57182867e-02,-1.02297333e-01,-1.05312128e-02,2.52321339e-01,9.82980197e+00,0.00000000e+00,9.75031850e-02,-2.32734648e-04,9.55531213e+01,-2.28079955e-01
1.25600000e+00,-4.59152150e-02,-9.46200994e-02,-1.00198214e-02,2.59032704e-01,9.75158312e+00,0.00000000e+00,9.75268746e-02,-9.94087440e-05,9.55763371e+01,-9.74205691e-02
1.25800000e+00,-4.60967311e-02,-8.68888451e-02,-9.49520692e-03,2.65556724e-01,9.67336427e+00,0.00000000e+00,9.77541459e-02,1.20802774e-04,9.57990630e+01,1.18386719e-01
1.26000000e+00,-4.62627435e-02,-7.91173136e-02,-8.95770260e-03,2.71918638e-01,9.59514542e+00,0.00000000e+00,9.79726032e-02,3.25585120e-04,9.60131511e+01,3.19073417e-01
1.26200000e+00,-4.64119614e-02,-6.94875209e-02,-8.41220963e-03,2.71265741e-01,9.51692657e+00,0.00000000e+00,5.55864187e-02,-1.38246944e-02,5.44746903e+01,-1.35482005e+01
1.26400000e+00,-4.65406310e-02,-5.97638018e-02,-7.87272047e-03,2.70491046e-01,9.43870772e+00,0.00000000e+00,9.68702178e-02,8.41869019e-04,9.49328134e+01,8.25031639e-01
1.26600000e+00,-4.66521607e-02,-5.17562229e-02,-7.32581901e-03,2.76355530e-01,9.36048887e+00,0.00000000e+00,9.66311568e-02,8.89825674e-04,9.46985337e+01,8.72029160e-01
1.26800000e+00,-4.67476286e-02,-4.37076516e-02,-6.76751051e-03,2.81901813e-01,9.28227003e+00,0.00000000e+00,9.67244976e-02,9.69261953e-04,9.47900076e+01,9.49876714e-01
1.27000000e+00,-4.68269615e-02,-3.56143108e-02,-6.19848763e-03,2.87034331e-01,9.20405118e+00,0.00000000e+00,9.62656174e-02,8.32094503e-04,9.43403050e+01,8.15452613e-01
1.27200000e+00,-4.68900564e-02,-2.74767749e-02,-5.61966242e-03,2.91733048e-01,9.12583233e+00,0.00000000e+00,9.62400343e-02,8.83661229e-04,9.43152336e+01,8.65988005e-01
1.27400000e+00,-4.69368507e-02,-1.93123457e-02,-5.03178372e-03,2.96089391e-01,9.04761348e+00,0.00000000e+00,9.60524880e-02,9.51480450e-04,9.41314383e+01,9.32450841e-01
1.27600000e+00,-4.69672929e-02,-1.11286841e-02,-4.43549712e-03,3.00157360e-01,8.96939463e+00,0.00000000e+00,9.60725312e-02,1.12852307e-03,9.41510806e+01,1.10595261e+00
1.27800000e+00,-4.69813661e-02,-2.94611205e-03,-3.83130217e-03,3.04003512e-01,8.89117578e+00,0.00000000e+00,9.62262370e-02,1.34743667e-03,9.43017122e+01,1.32048794e+00
1.28000000e+00,-4.69790820e-02,5.22950141e-03,-3.21962448e-03,3.07637572e-01,8.81295693e+00,0.00000000e+00,9.62498613e-02,1.55567042e-03,9.43248641e+01,1.52455701e+00
1.28200000e+00,-4.69591702e-02,1.53218698e-02,-2.60546530e-03,3.04202585e-01,8.73473808e+00,0.00000000e+00,5.13127974e-02,-1.26126767e-02,5.02865415e+01,-1.23604231e+01
1.28400000e+00,-4.69177810e-02,2.54346625e-02,-2.00287502e-03,3.00675728e-01,8.65651923e+00,0.00000000e+00,9.54785855e-02,2.22605069e-03,9.35690138e+01,2.18152967e+00
1.28600000e+00,-4.68586891e-02,3.36611234e-02,-1.39834226e-03,3.03778603e-01,8.57830038e+00,0.00000000e+00,9.49425481e-02,2.16546053e-03,9.30436971e+01,2.12215132e+00
1.28800000e+00,-4.67831338e-02,4.18916054e-02,-7.88067391e-04,3.06421361e-01,8.50008153e+00,0.00000000e+00,9.48014486e-02,2.13097591e-03,9.29054196e+01,2.08835639e+00
1.29000000e+00,-4.66911319e-02,5.01082498e-02,-1.72950052e-04,3.08624311e-01,8.42186268e+00,0.00000000e+00,9.45484039e-02,2.12011506e-03,9.26574358e+01,2.07771276e+00
1.29200000e+00,-4.65827125e-02,5.83073883e-02,4.46173836e-04,3.10443274e-01,8.34364383e+00,0.00000000e+00,9.43589433e-02,2.20868258e-03,9.24717644e+01,2.16450892e+00
1.29400000e+00,-4.64579215e-02,6.64778597e-02,1.06858393e-03,3.11903609e-01,8.26542498e+00,0.00000000e+00,9.42329463e-02,2.25588866e-03,9.23482874e+01,2.21077089e+00
1.29600000e+00,-4.63168305e-02,7.46041829e-02,1.69358245e-03,3.13055250e-01,8.18720613e+00,0.00000000e+00,9.42720118e-02,2.45310508e-03,9.23865716e+01,2.40404298e+00
1.29800000e+00,-4.61595436e-02,8.26723019e-02,2.32064448e-03,3.13966237e-01,8.10898728e+00,0.00000000e+00,9.43420234e-02,2.64616822e-03,9.24551830e+01,2.59324486e+00
1.30000000e+00,-4.59861806e-02,9.06813960e-02,2.94927383e-03,3.14616901e-01,8.03076843e+00,0.00000000e+00,9.42687860e-02,2.80444348e-03,9.23834103e+01,2.74835461e+00
1.30200000e+00,-4.57956856e-02,1.00388927e-01,3.57488899e-03,3.08933895e-01,7.95254958e+00,0.00000000e+00,5.31362815e-02,-9.75300046e-03,5.20735559e+01,-9.55794045e+00
1.30400000e+00,-4.55846594e-02,1.10044818e-01,4.18497522e-03,3.03199111e-01,7.87433073e+00,0.00000000e+00,9.37946288e-02,3.57048996e-03,9.19187362e+01,3.49908016e+00
1.30600000e+00,-4.53566996e-02,1.17910971e-01,4.79160460e-03,3.03342661e-01,7.79611188e+00,0.00000000e+00,9.31289508e-02,3.45214911e-03,9.12663717e+01,3.38310612e+00
1.30800000e+00,-4.51130447e-02,1.25733306e-01,5.39802649e-03,3.03007195e-01,7.71789303e+00,0.00000000e+00,9.28614827e-02,3.43146113e-03,9.10042530e+01,3.36283191e+00
1.31000000e+00,-4.48538104e-02,1.33489515e-01,6.00335135e-03,3.02248740e-01,7.63967418e+00,0.00000000e+00,9.25896457e-02,3.42932394e-03,9.07378528e+01,3.36073746e+00
1.31200000e+00,-4.45791345e-02,1.41173920e-01,6.60674806e-03,3.01080251e-01,7.56145533e+00,0.00000000e+00,9.23285129e-02,3.43324442e-03,9.04819426e+01,3.36457953e+00
1.31400000e+00,-4.42891731e-02,1.48770770e-01,7.20744817e-03,2.99575516e-01,7.48323648e+00,0.00000000e+00,9.22996104e-02,3.58228245e-03,9.04536182e+01,3.51063681e+00
1.31600000e+00,-4.39841225e-02,1.56261053e-01,7.80488101e-03,2.97817130e-01,7.40501763e+00,0.00000000e+00,9.23591570e-02,3.75500741e-03,9.05119738e+01,3.67990726e+00
1.31800000e+00,-4.36642017e-02,1.63642149e-01,8.39855652e-03,2.95818510e-01,7.32679878e+00,0.00000000e+00,9.22696128e-02,3.92693663e-03,9.04242205e+01,3.84839789e+00
1.32000000e+00,-4.33296322e-02,1.70905688e-01,8.98799598e-03,2.93581320e-01,7.24857993e+00,0.00000000e+00,9.24047079e-02,4.09720382e-03,9.05566138e+01,4.01525974e+00
1.32200000e+00,-4.29795456e-02,1.79719139e-01,9.56910654e-03,2.85682110e-01,7.17036108e+00,0.00000000e+00,5.32282148e-02,-7.12502471e-03,5.21636505e+01,-6.98252422e+00
1.32400000e+00,-4.26108396e-02,1.88406820e-01,1.01307397e-02,2.77805435e-01,7.09214223e+00,0.00000000e+00,9.23716041e-02,4.95081237e-03,9.05241720e+01,4.85179612e+00
1.32600000e+00,-4.22270963e-02,1.95327635e-01,1.06838284e-02,2.75178590e-01,7.01392338e+00,0.00000000e+00,9.14108723e-02,4.68552854e-03,8.95826549e+01,4.59181797e+00
1.32800000e+00,-4.18295945e-02,2.02150286e-01,1.12311525e-02,2.72099357e-01,6.93570453e+00,0.00000000e+00,9.14484503e-02,4.78438192e-03,8.96194813e+01,4.68869428e+00
1.33000000e+00,-4.14185769e-02,2.08850290e-01,1.17719804e-02,2.68652014e-01,6.85748568e+00,0.00000000e+00,9.09489901e-02,4.68685008e-03,8.91300103e+01,4.59311307e+00
1.33200000e+00,-4.09942708e-02,2.15434065e-01,1.23055029e-02,2.64818308e-01,6.77926683e+00,0.00000000e+00,9.07276528e-02,4.73712672e-03,8.89130997e+01,4.64238418e+00
1.33400000e+00,-4.05569287e-02,2.21885807e-01,1.28310497e-02,2.60678718e-01,6.70104798e+00,0.00000000e+00,9.04905294e-02,4.79724721e-03,8.86807188e+01,4.70130226e+00
1.33600000e+00,-4.01068261e-02,2.28189774e-01,1.33480633e-02,2.56307342e-01,6.62282913e+00,0.00000000e+00,9.05322997e-02,4.99097168e-03,8.87216537e+01,4.89115225e+00
1.33800000e+00,-3.96442747e-02,2.34336100e-01,1.38561548e-02,2.51749592e-01,6.54461028e+00,0.00000000e+00,9.04234593e-02,5.13373965e-03,8.86149901e+01,5.03106486e+00
1.34000000e+00,-3.91695862e-02,2.40325632e-01,1.43549238e-02,2.46985124e-01,6.46639143e+00,0.00000000e+00,9.03456956e-02,5.27152761e-03,8.85387816e+01,5.16609706e+00
1.34200000e+00,-3.86822686e-02,2.47370392e-01,1.48413018e-02,2.38031005e-01,6.38817258e+00,0.00000000e+00,6.18146641e-02,-2.96241796e-03,6.05783709e+01,-2.90316960e+00
1.34400000e+00,-3.81802420e-02,2.54209219e-01,1.53071134e-02,2.29174971e-01,6.30995373e+00,0.00000000e+00,9.10893910e-02,6.14703536e-03,8.92676032e+01,6.02409466e+00
1.34600000e+00,-3.76663745e-02,2.59633974e-01,1.57606467e-02,2.24286250e-01,6.23173488e+00,0.00000000e+00,9.06851769e-02,6.01484864e-03,8.88714733e+01,5.89455166e+00
1.34800000e+00,-3.71418232e-02,2.64883025e-01,1.62040435e-02,2.19075209e-01,6.15351603e+00,0.00000000e+00,9.09346346e-02,6.10602386e-03,8.91159419e+01,5.98390338e+00
1.35000000e+00,-3.66069649e-02,2.69948360e-01,1.66367436e-02,2.13558265e-01,6.07529718e+00,0.00000000e+00,9.06327318e-02,5.99312336e-03,8.88200771e+01,5.87326090e+00
1.35200000e+00,-3.60621545e-02,2.74826708e-01,1.70580855e-02,2.07754684e-01,5.99707833e+00,0.00000000e+00,9.08766470e-02,6.10864641e-03,8.90591141e+01,5.98647348e+00
1.35400000e+00,-3.55077963e-02,2.79497672e-01,1.74676441e-02,2.01773792e-01,5.91885948e+00,0.00000000e+00,9.09725877e-02,6.20846060e-03,8.91531359e+01,6.08429139e+00
1.35600000e+00,-3.49443104e-02,2.83948742e-01,1.78650885e-02,1.95654703e-01,5.84064063e+00,0.00000000e+00,9.14334039e-02,6.38883840e-03,8.96047358e+01,6.26106163e+00
1.35800000e+00,-3.43721709e-02,2.88145432e-01,1.82502397e-02,1.89500804e-01,5.76242178e+00,0.00000000e+00,9.22635815e-02,6.68812560e-03,9.04183099e+01,6.55436309e+00
1.36000000e+00,-3.37918884e-02,2.92102537e-01,1.86230060e-02,1.83218285e-01,5.68420293e+00,0.00000000e+00,9.23111576e-02,6.65393294e-03,9.04649344e+01,6.52085428e+00
1.36200000e+00,-3.32033636e-02,2.96655310e-01,1.89811596e-02,1.74006419e-01,5.60598408e+00,0.00000000e+00,7.35577519e-02,1.05444944e-03,7.20865969e+01,1.03336045e+00
1.36400000e+00,-3.26054705e-02,3.00903154e-01,1.93192374e-02,1.65102964e-01,5.52776523e+00,0.00000000e+00,9.45744797e-02,7.78831215e-03,9.26829901e+01,7.63254590e+00
1.36600000e+00,-3.20004326e-02,3.04128677e-01,1.96432946e-02,1.58783943e-01,5.44954638e+00,0.00000000e+00,9.25207773e-02,6.94462933e-03,9.06703617e+01,6.80573674e+00
1.36800000e+00,-3.13890497e-02,3.07213350e-01,1.99540526e-02,1.51984014e-01,5.37132753e+00,0.00000000e+00,9.28876548e-02,7.22560492e-03,9.10299017e+01,7.08109282e+00
1.37000000e+00,-3.07717497e-02,3.10042260e-01,2.02512535e-02,1.45218451e-01,5.29310868e+00,0.00000000e+00,9.34698279e-02,7.44409839e-03,9.16004313e+01,7.29521642e+00
1.37200000e+00,-3.01490517e-02,3.12614525e-01,2.05349432e-02,1.38478144e-01,5.21488983e+00,0.00000000e+00,9.38121812e-02,7.68664217e-03,9.19359375e+01,7.53290933e+00
1.37400000e+00,-2.95214508e-02,3.14948093e-01,2.08051275e-02,1.31679918e-01,5.13667098e+00,0.00000000e+00,9.39339704e-02,7.71126785e-03,9.20552910e+01,7.55704250e+00
1.37600000e+00,-2.88894225e-02,3.17037013e-01,2.10616148e-02,1.24809573e-01,5.05845213e+00,0.00000000e+00,9.43782205e-02,7.90447843e-03,9.24906561e+01,7.74638886e+00
1.37800000e+00,-2.82534674e-02,3.18878980e-01,2.13043419e-02,1.17903498e-01,4.98023328e+00,0.00000000e+00,9.45208090e-02,7.98583887e-03,9.26303928e+01,7.82612209e+00
1.38000000e+00,-2.76140715e-02,3.20473451e-01,2.15332124e-02,1.10972772e-01,4.90201443e+00,0.00000000e+00,9.49486833e-02,8.18252481e-03,9.30497097e+01,8.01887431e+00
1.38200000e+00,-2.69715872e-02,3.22047387e-01,2.17476138e-02,1.03113368e-01,4.82379558e+00,0.00000000e+00,8.97621686e-02,6.34590735e-03,8.79669253e+01,6.21898920e+00
1.38400000e+00,-2.63260838e-02,3.23318609e-01,2.19458132e-02,9.54749041e-02,4.74557673e+00,0.00000000e+00,9.67586428e-02,8.93269899e-03,9.48234699e+01,8.75404501e+00
1.38600000e+00,-2.56786446e-02,3.24092208e-01,2.21301516e-02,8.87936373e-02,4.66735788e+00,0.00000000e+00,9.61083499e-02,8.62110372e-03,9.41861829e+01,8.44868164e+00
1.38800000e+00,-2.50298505e-02,3.24662501e-01,2.23008150e-02,8.18533111e-02,4.58913903e+00,0.00000000e+00,9.62155630e-02,8.63556392e-03,9.42912517e+01,8.46285265e+00
1.39000000e+00,-2.43801646e-02,3.24977710e-01,2.24575646e-02,7.49126763e-02,4.51092018e+00,0.00000000e+00,9.67669120e-02,8.84722368e-03,9.48315738e+01,8.67027921e+00
1.39200000e+00,-2.37301196e-02,3.25023079e-01,2.26005234e-02,6.80585034e-02,4.43270133e+00,0.00000000e+00,9.72148902e-02,9.02407687e-03,9.52705924e+01,8.84359533e+00
1.39400000e+00,-2.30802471e-02,3.24806355e-01,2.27298359e-02,6.12601954e-02,4.35448248e+00,0.00000000e+00,9.75855202e-02,9.15199389e-03,9.56338098e+01,8.96895401e+00
1.39600000e+00,-2.24310656e-02,3.24332478e-01,2.28455888e-02,5.44988508e-02,4.27626363e+00,0.00000000e+00,9.79226965e-02,9.26978648e-03,9.59642426e+01,9.08439075e+00
1.39800000e+00,-2.17830862e-02,3.23605103e-01,2.29478578e-02,4.77772302e-02,4.19804478e+00,0.00000000e+00,9.82166390e-02,9.38421960e-03,9.62523062e+01,9.19653521e+00
1.40000000e+00,-2.11368163e-02,3.22621147e-01,2.30367401e-02,4.11191421e-02,4.11982593e+00,0.00000000e+00,9.86388243e-02,9.53283940e-03,9.66660478e+01,9.34218261e+00
1.40200000e+00,-2.04927752e-02,3.21376751e-01,2.31123605e-02,3.45002446e-02,4.04160708e+00,0.00000000e+00,9.90400493e-02,9.57721108e-03,9.70592483e+01,9.38566686e+00
1.40400000e+00,-1.98515015e-02,3.19843995e-01,2.31748508e-02,2.80458438e-02,3.96338823e+00,0.00000000e+00,1.00136110e-01,9.97004725e-03,9.81333883e+01,9.77064631e+00
1.40600000e+00,-1.92135783e-02,3.18042596e-01,2.32246250e-02,2.17131700e-02,3.88516938e+00,0.00000000e+00,1.00102778e-01,9.90640078e-03,9.81007220e+01,9.70827277e+00
1.40800000e+00,-1.85794898e-02,3.16003299e-01,2.32616935e-02,1.53655787e-02,3.80695053e+00,0.00000000e+00,1.00510753e-01,9.99428526e-03,9.85005376e+01,9.79439955e+00
1.41000000e+00,-1.79497390e-02,3.13703160e-01,2.32861599e-02,9.12679841e-03,3.72873168e+00,0.00000000e+00,1.01047951e-01,1.01723045e-02,9.90269917e+01,9.96885843e+00
1.41200000e+00,-1.73248494e-02,3.11144597e-01,2.32982884e-02,3.01961844e-03,3.65051283e+00,0.00000000e+00,1.01438036e-01,1.02903410e-02,9.94092749e+01,1.00845341e+01
1.41400000e+00,-1.67053289e-02,3.08333657e-01,2.32983125e-02,-2.97633741e-03,3.57229398e+00,0.00000000e+00,1.01876714e-01,1.04082537e-02,9.98391797e+01,1.02000886e+01
1.41600000e+00,-1.60916823e-02,3.05271461e-01,2.32864641e-02,-8.85082625e-03,3.49407513e+00,0.00000000e+00,1.02287516e-01,1.05307805e-02,1.00241766e+02,1.03201649e+01
1.41800000e+00,-1.54844106e-02,3.01957972e-01,2.32630051e-02,-1.45814803e-02,3.41585628e+00,0.00000000e+00,1.02778112e-01,1.06790003e-02,1.00722549e+02,1.04654203e+01
1.42000000e+00,-1.48840164e-02,2.98395457e-01,2.32282334e-02,-2.01692097e-02,3.33763743e+00,0.00000000e+00,1.03191028e-01,1.07833949e-02,1.01127208e+02,1.05677270e+01
1.42200000e+00,-1.42910632e-02,2.94481385e-01,2.31828077e-02,-2.50379669e-02,3.25941858e+00,0.00000000e+00,1.06136985e-01,1.21253064e-02,1.04014246e+02,1.18828003e+01
1.42400000e+00,-1.37062590e-02,2.90315090e-01,2.31281482e-02,-2.98067493e-02,3.18119973e+00,0.00000000e+00,1.04293913e-01,1.09170280e-02,1.02208035e+02,1.06986874e+01
1.42600000e+00,-1.31299108e-02,2.85986749e-01,2.30633202e-02,-3.49661401e-02,3.10298088e+00,0.00000000e+00,1.05201209e-01,1.12149361e-02,1.03097184e+02,1.09906374e+01
1.42800000e+00,-1.25624893e-02,2.81392559e-01,2.29884770e-02,-3.98355419e-02,3.02476203e+00,0.00000000e+00,1.05855509e-01,1.14208006e-02,1.03738398e+02,1.11923846e+01
1.43000000e+00,-1.20045037e-02,2.76553809e-01,2.29041090e-02,-4.45085250e-02,2.94654318e+00,0.00000000e+00,1.06341352e-01,1.15086109e-02,1.04214525e+02,1.12784387e+01
1.43200000e+00,-1.14564320e-02,2.71478166e-01,2.28105552e-02,-4.90130718e-02,2.86832433e+00,0.00000000e+00,1.06896455e-01,1.16425518e-02,1.04758526e+02,1.14097008e+01
1.43400000e+00,-1.09187472e-02,2.66168179e-01,2.27081866e-02,-5.33228839e-02,2.79010548e+00,0.00000000e+00,1.07406576e-01,1.17728910e-02,1.05258445e+02,1.15374332e+01
1.43600000e+00,-1.03919139e-02,2.60626251e-01,2.25974011e-02,-5.74265983e-02,2.71188663e+00,0.00000000e+00,1.07993154e-01,1.19185758e-02,1.05833291e+02,1.16802043e+01
1.43800000e+00,-9.87639511e-03,2.54855006e-01,2.24786218e-02,-6.13179395e-02,2.63366779e+00,0.00000000e+00,1.08533394e-01,1.20505804e-02,1.06362726e+02,1.18095688e+01
1.44000000e+00,-9.37264191e-03,2.48861747e-01,2.23522623e-02,-6.50097995e-02,2.55544894e+00,0.00000000e+00,1.09044443e-01,1.21582935e-02,1.06863554e+02,1.19151276e+01
1.44200000e+00,-8.88127204e-03,2.42382643e-01,2.22196472e-02,-6.71049205e-02,2.47723009e+00,0.00000000e+00,1.15849195e-01,1.52137470e-02,1.13532211e+02,1.49094721e+01
1.44400000e+00,-8.40323278e-03,2.35721380e-01,2.20837975e-02,-6.92675506e-02,2.39901124e+00,0.00000000e+00,1.09371201e-01,1.18231903e-02,1.07183777e+02,1.15867265e+01
1.44600000e+00,-7.93836141e-03,2.29097786e-01,2.19417717e-02,-7.26381836e-02,2.32079239e+00,0.00000000e+00,1.11147261e-01,1.24766778e-02,1.08924315e+02,1.22271443e+01
1.44800000e+00,-7.48702948e-03,2.22192438e-01,2.17936535e-02,-7.53958039e-02,2.24257354e+00,0.00000000e+00,1.12242708e-01,1.28994672e-02,1.09997854e+02,1.26414779e+01
1.45000000e+00,-7.04973045e-03,2.15078916e-01,2.16403573e-02,-7.79001007e-02,2.16435469e+00,0.00000000e+00,1.12413015e-01,1.27904322e-02,1.10164755e+02,1.25346236e+01
1.45200000e+00,-6.62683542e-03,2.07783002e-01,2.14821378e-02,-8.02774580e-02,2.08613584e+00,0.00000000e+00,1.13022884e-01,1.29408727e-02,1.10762427e+02,1.26820553e+01
1.45400000e+00,-6.21872812e-03,2.00292576e-01,2.13194095e-02,-8.24118563e-02,2.00791699e+00,0.00000000e+00,1.13596309e-01,1.30688218e-02,1.11324383e+02,1.28074453e+01
1.45600000e+00,-5.82579327e-03,1.92609936e-01,2.11526598e-02,-8.42920311e-02,1.92969814e+00,0.00000000e+00,1.14275562e-01,1.32370605e-02,1.11990051e+02,1.29723193e+01
1.45800000e+00,-5.44841462e-03,1.84737945e-01,2.09824177e-02,-8.59077869e-02,1.85147929e+00,0.00000000e+00,1.14908269e-01,1.33813115e-02,1.12610103e+02,1.31136852e+01
1.46000000e+00,-5.08696252e-03,1.76684412e-01,2.08091964e-02,-8.72719669e-02,1.77326044e+00,0.00000000e+00,1.15534368e-01,1.35182330e-02,1.13223680e+02,1.32478684e+01
1.46200000e+00,-4.74215832e-03,1.67908907e-01,2.06350566e-02,-8.60464112e-02,1.69504159e+00,0.00000000e+00,1.28929133e-01,1.85682343e-02,1.26350550e+02,1.81968696e+01
1.46400000e+00,-4.41538974e-03,1.59039127e-01,2.04648514e-02,-8.50597236e-02,1.61682274e+00,0.00000000e+00,1.15032914e-01,1.27729280e-02,1.12732256e+02,1.25174694e+01
1.46600000e+00,-4.10576223e-03,1.50528710e-01,2.02934111e-02,-8.61827410e-02,1.53860389e+00,0.00000000e+00,1.17969690e-01,1.38955847e-02,1.15610296e+02,1.36176730e+01
1.46800000e+00,-3.81346454e-03,1.41733841e-01,2.01207140e-02,-8.64154986e-02,1.46038504e+00,0.00000000e+00,1.19257941e-01,1.43950099e-02,1.16872783e+02,1.41071097e+01
1.47000000e+00,-3.53892360e-03,1.32793878e-01,1.99478911e-02,-8.64352731e-02,1.38216619e+00,0.00000000e+00,1.19082584e-01,1.40957433e-02,1.16700932e+02,1.38138284e+01
1.47200000e+00,-3.28236533e-03,1.23739468e-01,1.97750198e-02,-8.63846825e-02,1.30394734e+00,0.00000000e+00,1.19801037e-01,1.42957478e-02,1.17405017e+02,1.40098328e+01
1.47400000e+00,-3.04406333e-03,1.14538660e-01,1.96025502e-02,-8.60373590e-02,1.22572849e+00,0.00000000e+00,1.20520754e-01,1.44720786e-02,1.18110339e+02,1.41826370e+01
1.47600000e+00,-2.82430399e-03,1.05197922e-01,1.94310583e-02,-8.54081109e-02,1.14750964e+00,0.00000000e+00,1.21238835e-01,1.46422816e-02,1.18814058e+02,1.43494359e+01
1.47800000e+00,-2.62335896e-03,9.57262182e-02,1.92610967e-02,-8.45104793e-02,1.06929079e+00,0.00000000e+00,1.21902129e-01,1.47922648e-02,1.19464086e+02,1.44964195e+01
1.48000000e+00,-2.44148158e-03,8.61308245e-02,1.90931892e-02,-8.33536678e-02,9.91071937e-01,0.00000000e+00,1.22605350e-01,1.49459783e-02,1.20153243e+02,1.46470588e+01
1.48200000e+00,-2.27944617e-03,7.56197385e-02,1.89299060e-02,-7.88614613e-02,9.12853088e-01,0.00000000e+00,1.41934952e-01,2.15586040e-02,1.39096253e+02,2.11274319e+01
1.48400000e+00,-2.13899571e-03,6.51189951e-02,1.87774536e-02,-7.48035837e-02,8.34634238e-01,0.00000000e+00,1.21173099e-01,1.38143815e-02,1.18749637e+02,1.35380938e+01
1.48600000e+00,-2.01852488e-03,5.52861964e-02,1.86288104e-02,-7.35674483e-02,7.56415388e-01,0.00000000e+00,1.25303555e-01,1.54230220e-02,1.22797484e+02,1.51145615e+01
1.48800000e+00,-1.91802516e-03,4.51920642e-02,1.84838911e-02,-7.12705106e-02,6.78196538e-01,0.00000000e+00,1.26418253e-01,1.58330750e-02,1.23889888e+02,1.55164135e+01
1.49000000e+00,-1.83779556e-03,3.50395212e-02,1.83437932e-02,-6.88763790e-02,5.99977688e-01,0.00000000e+00,1.25972075e-01,1.54258952e-02,1.23452633e+02,1.51173773e+01
1.49200000e+00,-1.77789211e-03,2.48494209e-02,1.82083903e-02,-6.64751047e-02,5.21758838e-01,0.00000000e+00,1.26765328e-01,1.56536756e-02,1.24230022e+02,1.53406021e+01
1.49400000e+00,-1.73845490e-03,1.45737872e-02,1.80781004e-02,-6.37623520e-02,4.43539988e-01,0.00000000e+00,1.27606944e-01,1.58924746e-02,1.25054805e+02,1.55746251e+01
1.49600000e+00,-1.71964506e-03,4.22602054e-03,1.79535223e-02,-6.07775320e-02,3.65321138e-01,0.00000000e+00,1.28255137e-01,1.60455739e-02,1.25690034e+02,1.57246624e+01
1.49800000e+00,-1.72158940e-03,-6.17960884e-03,1.78351440e-02,-5.75621288e-02,2.87102288e-01,0.00000000e+00,1.28932481e-01,1.62060606e-02,1.26353832e+02,1.58819394e+01
1.50000000e+00,-1.74439776e-03,-1.66366351e-02,1.77234234e-02,-5.41223162e-02,2.08883439e-01,0.00000000e+00,1.29599688e-01,1.63556194e-02,1.27007694e+02,1.60285070e+01
1.50200000e+00,-1.78882674e-03,-2.81297898e-02,1.76212434e-02,-4.68001634e-02,1.30664589e-01,0.00000000e+00,1.53461205e-01,2.42066513e-02,1.50391981e+02,2.37225183e+01
1.50400000e+00,-1.85683803e-03,-3.95046447e-02,1.75358068e-02,-4.01016703e-02,5.24457388e-02,0.00000000e+00,1.27342564e-01,1.49211725e-02,1.24795712e+02,1.46227490e+01
1.50600000e+00,-1.94621000e-03,-4.99265585e-02,1.74584880e-02,-3.69259997e-02,0.00000000e+00,0.00000000e+00,1.31880770e-01,1.67006090e-02,1.29243155e+02,1.63665968e+01
1.50800000e+00,-2.05666157e-03,-6.05244359e-02,1.73887468e-02,-3.27843583e-02,0.00000000e+00,0.00000000e+00,1.32312751e-01,1.68474385e-02,1.29666496e+02,1.65104898e+01
1.51000000e+00,-2.18825871e-03,-7.10487718e-02,1.73272269e-02,-2.88282794e-02,0.00000000e+00,0.00000000e+00,1.31193511e-01,1.62215748e-02,1.28569641e+02,1.58971433e+01
1.51200000e+00,-2.34080005e-03,-8.14882028e-02,1.72732967e-02,-2.50776562e-02,0.00000000e+00,0.00000000e+00,1.31531356e-01,1.63376226e-02,1.28900729e+02,1.60108702e+01
1.51400000e+00,-2.51419207e-03,-9.18984569e-02,1.72270089e-02,-2.11881081e-02,0.00000000e+00,0.00000000e+00,1.31884655e-01,1.64454742e-02,1.29246962e+02,1.61165647e+01
1.51600000e+00,-2.70836575e-03,-1.02266517e-01,1.71886103e-02,-1.71994411e-02,0.00000000e+00,0.00000000e+00,1.32088138e-01,1.64891950e-02,1.29446375e+02,1.61594111e+01
1.51800000e+00,-2.92321954e-03,-1.12576671e-01,1.71582465e-02,-1.31576461e-02,0.00000000e+00,0.00000000e+00,1.32243312e-01,1.65119661e-02,1.29598446e+02,1.61817267e+01
1.52000000e+00,-3.15862677e-03,-1.22818325e-01,1.71360037e-02,-9.07993018e-03,0.00000000e+00,0.00000000e+00,1.32367317e-01,1.65311553e-02,1.29719971e+02,1.62005322e+01
1.52200000e+00,-3.41519358e-03,-1.34111020e-01,1.71246429e-02,-9.28769624e-04,0.00000000e+00,0.00000000e+00,1.58853171e-01,2.50431272e-02,1.55676108e+02,2.45422647e+01
1.52400000e+00,-3.69489711e-03,-1.45143163e-01,1.71316809e-02,6.31128021e-03,0.00000000e+00,0.00000000e+00,1.28515350e-01,1.46251563e-02,1.25945043e+02,1.43326532e+01
1.52600000e+00,-3.99496976e-03,-1.54980637e-01,1.71472068e-02,9.52976367e-03,0.00000000e+00,0.00000000e+00,1.33346523e-01,1.66228482e-02,1.30679593e+02,1.62903913e+01
1.52800000e+00,-4.31489812e-03,-1.64935803e-01,1.71705068e-02,1.38084514e-02,0.00000000e+00,0.00000000e+00,1.33836510e-01,1.68820816e-02,1.31159780e+02,1.65444400e+01
1.53000000e+00,-4.65460608e-03,-1.74730647e-01,1.72022763e-02,1.78407353e-02,0.00000000e+00,0.00000000e+00,1.32333176e-01,1.61493361e-02,1.29686512e+02,1.58263494e+01
1.53200000e+00,-5.01369874e-03,-1.84342538e-01,1.72416545e-02,2.15500721e-02,0.00000000e+00,0.00000000e+00,1.32453447e-01,1.62589611e-02,1.29804378e+02,1.59337819e+01
1.53400000e+00,-5.39189900e-03,-1.93838591e-01,1.72885291e-02,2.53381140e-02,0.00000000e+00,0.00000000e+00,1.32674859e-01,1.63799612e-02,1.30021362e+02,1.60523619e+01
1.53600000e+00,-5.78897020e-03,-2.03210295e-01,1.73430413e-02,2.91776834e-02,0.00000000e+00,0.00000000e+00,1.32750811e-01,1.64434263e-02,1.30095795e+02,1.61145577e+01
1.53800000e+00,-6.20464586e-03,-2.12440521e-01,1.74052380e-02,3.30145048e-02,0.00000000e+00,0.00000000e+00,1.32724380e-01,1.64614779e-02,1.30069892e+02,1.61322483e+01
1.54000000e+00,-6.63863133e-03,-2.21519326e-01,1.74750817e-02,3.68249984e-02,0.00000000e+00,0.00000000e+00,1.32718077e-01,1.64863838e-02,1.30063715e+02,1.61566561e+01
1.54200000e+00,-7.09140030e-03,-2.31613757e-01,1.75552994e-02,4.47769898e-02,0.00000000e+00,0.00000000e+00,1.60113227e-01,2.52664034e-02,1.56910962e+02,2.47610753e+01
1.54400000e+00,-7.56486324e-03,-2.41373574e-01,1.76535413e-02,5.17569270e-02,0.00000000e+00,0.00000000e+00,1.28722250e-01,1.45828406e-02,1.26147805e+02,1.42911838e+01
1.54600000e+00,-8.05602091e-03,-2.49822916e-01,1.77595245e-02,5.45331861e-02,0.00000000e+00,0.00000000e+00,1.33466029e-01,1.65932734e-02,1.30796709e+02,1.62614079e+01
1.54800000e+00,-8.56418457e-03,-2.58316747e-01,1.78723450e-02,5.83157215e-02,0.00000000e+00,0.00000000e+00,1.33875372e-01,1.68546559e-02,1.31197865e+02,1.65175628e+01
1.55000000e+00,-9.08913296e-03,-2.66578190e-01,1.79925861e-02,6.17964277e-02,0.00000000e+00,0.00000000e+00,1.32287062e-01,1.61300333e-02,1.29641321e+02,1.58074327e+01
1.55200000e+00,-9.63032785e-03,-2.74585432e-01,1.81192744e-02,6.48926504e-02,0.00000000e+00,0.00000000e+00,1.32320495e-01,1.62273441e-02,1.29674085e+02,1.59027972e+01
1.55400000e+00,-1.01873504e-02,-2.82406252e-01,1.82521705e-02,6.80095794e-02,0.00000000e+00,0.00000000e+00,1.32445939e-01,1.63620778e-02,1.29797021e+02,1.60348362e+01
1.55600000e+00,-1.07598220e-02,-2.90030773e-01,1.83913084e-02,7.11200468e-02,0.00000000e+00,0.00000000e+00,1.32375496e-01,1.64112768e-02,1.29727986e+02,1.60830513e+01
1.55800000e+00,-1.13473330e-02,-2.97444572e-01,1.85366081e-02,7.41666958e-02,0.00000000e+00,0.00000000e+00,1.32287507e-01,1.64344449e-02,1.29641757e+02,1.61057560e+01
1.56000000e+00,-1.19494553e-02,-3.04640933e-01,1.86879209e-02,7.71320363e-02,0.00000000e+00,0.00000000e+00,1.32180326e-01,1.64555554e-02,1.29536719e+02,1.61264443e+01
1.56200000e+00,-1.25663971e-02,-3.12587762e-01,1.88475037e-02,8.36479432e-02,0.00000000e+00,0.00000000e+00,1.54828933e-01,2.41128931e-02,1.51732354e+02,2.36306352e+01
1.56400000e+00,-1.31995593e-02,-3.20164017e-01,1.90218840e-02,8.92211682e-02,0.00000000e+00,0.00000000e+00,1.28657079e-01,1.47230881e-02,1.26083937e+02,1.44286264e+01
1.56600000e+00,-1.38462780e-02,-3.26577548e-01,1.92019110e-02,9.10786039e-02,0.00000000e+00,0.00000000e+00,1.32912402e-01,1.65699806e-02,1.30254154e+02,1.62385810e+01
1.56800000e+00,-1.45058496e-02,-3.32961362e-01,1.93867960e-02,9.38324608e-02,0.00000000e+00,0.00000000e+00,1.33320746e-01,1.68676854e-02,1.30654331e+02,1.65303317e+01
1.57000000e+00,-1.51779337e-02,-3.39060545e-01,1.95770311e-02,9.62717278e-02,0.00000000e+00,0.00000000e+00,1.31722595e-01,1.61803717e-02,1.29088143e+02,1.58567642e+01
1.57200000e+00,-1.58618862e-02,-3.44851338e-01,1.97716085e-02,9.82993290e-02,0.00000000e+00,0.00000000e+00,1.31673960e-01,1.62807356e-02,1.29040481e+02,1.59551209e+01
1.57400000e+00,-1.65571779e-02,-3.50400490e-01,1.99702088e-02,1.00297484e-01,0.00000000e+00,0.00000000e+00,1.31729119e-01,1.64014606e-02,1.29094536e+02,1.60734314e+01
1.57600000e+00,-1.72633237e-02,-3.55702993e-01,2.01727606e-02,1.02238898e-01,0.00000000e+00,0.00000000e+00,1.31653077e-01,1.64501988e-02,1.29020015e+02,1.61211949e+01
1.57800000e+00,-1.79798177e-02,-3.60747281e-01,2.03790904e-02,1.04069373e-01,0.00000000e+00,0.00000000e+00,1.31523475e-01,1.64625999e-02,1.28893005e+02,1.61333479e+01
1.58000000e+00,-1.87061375e-02,-3.65528562e-01,2.05889562e-02,1.05777020e-01,0.00000000e+00,0.00000000e+00,1.31416755e-01,1.64914860e-02,1.28788420e+02,1.61616562e+01
1.58200000e+00,-1.94422505e-02,-3.70787557e-01,2.08040754e-02,1.10299499e-01,0.00000000e+00,0.00000000e+00,1.48674825e-01,2.26767953e-02,1.45701329e+02,2.22232594e+01
1.58400000e+00,-2.01890324e-02,-3.75663509e-01,2.10296040e-02,1.13997037e-01,0.00000000e+00,0.00000000e+00,1.28540981e-01,1.50801048e-02,1.25970161e+02,1.47785027e+01
1.58600000e+00,-2.09442535e-02,-3.79563033e-01,2.12580230e-02,1.14633936e-01,0.00000000e+00,0.00000000e+00,1.32007464e-01,1.65786484e-02,1.29367315e+02,1.62470754e+01
1.58800000e+00,-2.17072211e-02,-3.83367519e-01,2.14886121e-02,1.15979351e-01,0.00000000e+00,0.00000000e+00,1.32532837e-01,1.68961549e-02,1.29882180e+02,1.65582318e+01
1.59000000e+00,-2.24775209e-02,-3.86868024e-01,2.17217524e-02,1.17042840e-01,0.00000000e+00,0.00000000e+00,1.31177846e-01,1.63194602e-02,1.28554289e+02,1.59930710e+01
1.59200000e+00,-2.32544726e-02,-3.90037601e-01,2.19565159e-02,1.17704975e-01,0.00000000e+00,0.00000000e+00,1.31129255e-01,1.63888124e-02,1.28506670e+02,1.60610362e+01
1.59400000e+00,-2.40374897e-02,-3.92934718e-01,2.21925216e-02,1.18291109e-01,0.00000000e+00,0.00000000e+00,1.31191158e-01,1.64968409e-02,1.28567335e+02,1.61669041e+01
1.59600000e+00,-2.48260263e-02,-3.95554187e-01,2.24296204e-02,1.18787334e-01,0.00000000e+00,0.00000000e+00,1.31067507e-01,1.65385955e-02,1.28446157e+02,1.62078236e+01
1.59800000e+00,-2.56195145e-02,-3.97885727e-01,2.26675795e-02,1.19146347e-01,0.00000000e+00,0.00000000e+00,1.30930748e-01,1.65486181e-02,1.28312133e+02,1.62176458e+01
1.60000000e+00,-2.64173750e-02,-3.99925878e-01,2.29061058e-02,1.19355413e-01,0.00000000e+00,0.00000000e+00,1.30763146e-01,1.65645137e-02,1.28147884e+02,1.62332234e+01
1.60200000e+00,-2.72193374e-02,-4.02145128e-01,2.31462580e-02,1.21449464e-01,0.00000000e+00,0.00000000e+00,1.41653829e-01,2.08476885e-02,1.38820752e+02,2.04307347e+01
1.60400000e+00,-2.80257195e-02,-4.04010489e-01,2.33914801e-02,1.22908423e-01,0.00000000e+00,0.00000000e+00,1.29067883e-01,1.55808256e-02,1.26486526e+02,1.52692091e+01
1.60600000e+00,-2.88348967e-02,-4.05151847e-01,2.36364318e-02,1.22177726e-01,0.00000000e+00,0.00000000e+00,1.31336593e-01,1.66018797e-02,1.28709862e+02,1.62698421e+01
1.60800000e+00,-2.96462185e-02,-4.06130568e-01,2.38805058e-02,1.21919263e-01,0.00000000e+00,0.00000000e+00,1.31886380e-01,1.69208384e-02,1.29248652e+02,1.65824216e+01
1.61000000e+00,-3.04592180e-02,-4.06807957e-01,2.41239734e-02,1.21457700e-01,0.00000000e+00,0.00000000e+00,1.30928976e-01,1.65235363e-02,1.28310397e+02,1.61930656e+01
1.61200000e+00,-3.12732303e-02,-4.07155356e-01,2.43661114e-02,1.20658382e-01,0.00000000e+00,0.00000000e+00,1.30818772e-01,1.65581175e-02,1.28202397e+02,1.62269551e+01
1.61400000e+00,-3.20876505e-02,-4.07219327e-01,2.46065321e-02,1.19746834e-01,0.00000000e+00,0.00000000e+00,1.30953888e-01,1.66317881e-02,1.28334810e+02,1.62991524e+01
1.61600000e+00,-3.29019190e-02,-4.07000292e-01,2.48450205e-02,1.18717836e-01,0.00000000e+00,0.00000000e+00,1.30853472e-01,1.66527004e-02,1.28236403e+02,1.63196464e+01
1.61800000e+00,-3.37154534e-02,-4.06483935e-01,2.50813054e-02,1.17541777e-01,0.00000000e+00,0.00000000e+00,1.30649247e-01,1.66611236e-02,1.28036262e+02,1.63279011e+01
1.62000000e+00,-3.45276572e-02,-4.05671404e-01,2.53150945e-02,1.16226192e-01,0.00000000e+00,0.00000000e+00,1.30566033e-01,1.66943509e-02,1.27954712e+02,1.63604638e+01
1.62200000e+00,-3.53380986e-02,-4.04798219e-01,2.55468818e-02,1.15917776e-01,0.00000000e+00,0.00000000e+00,1.35851466e-01,1.91065657e-02,1.33134437e+02,1.87244343e+01
1.62400000e+00,-3.61466473e-02,-4.03620880e-01,2.57784917e-02,1.15198633e-01,0.00000000e+00,0.00000000e+00,1.30063419e-01,1.61632004e-02,1.27462151e+02,1.58399364e+01
1.62600000e+00,-3.69522574e-02,-4.01956479e-01,2.60067964e-02,1.13159816e-01,0.00000000e+00,0.00000000e+00,1.31053186e-01,1.66635697e-02,1.28432122e+02,1.63302983e+01
1.62800000e+00,-3.77543342e-02,-4.00083517e-01,2.62312907e-02,1.11360508e-01,0.00000000e+00,0.00000000e+00,1.31744957e-01,1.69873825e-02,1.29110058e+02,1.66476348e+01
1.63000000e+00,-3.85524113e-02,-3.97940368e-01,2.64521595e-02,1.09442706e-01,0.00000000e+00,0.00000000e+00,1.31263096e-01,1.67311336e-02,1.28637834e+02,1.63965109e+01
1.63200000e+00,-3.93458945e-02,-3.95495496e-01,2.66688841e-02,1.07258880e-01,0.00000000e+00,0.00000000e+00,1.31181682e-01,1.67394875e-02,1.28558049e+02,1.64046978e+01
1.63400000e+00,-4.01342107e-02,-3.92776695e-01,2.68811159e-02,1.04956498e-01,0.00000000e+00,0.00000000e+00,1.31308243e-01,1.67864040e-02,1.28682078e+02,1.64506759e+01
1.63600000e+00,-4.09168221e-02,-3.89789149e-01,2.70886349e-02,1.02541233e-01,0.00000000e+00,0.00000000e+00,1.31302499e-01,1.67999774e-02,1.28676449e+02,1.64639778e+01
1.63800000e+00,-4.16931873e-02,-3.86531670e-01,2.72911992e-02,1.00003489e-01,0.00000000e+00,0.00000000e+00,1.31351436e-01,1.68197279e-02,1.28724407e+02,1.64833333e+01
1.64000000e+00,-4.24627669e-02,-3.83001446e-01,2.74885645e-02,9.73392441e-02,0.00000000e+00,0.00000000e+00,1.31225653e-01,1.68174803e-02,1.28601140e+02,1.64811307e+01
1.64200000e+00,-4.32250682e-02,-3.79283792e-01,2.76807840e-02,9.50166808e-02,0.00000000e+00,0.00000000e+00,1.33209665e-01,1.78125208e-02,1.30545472e+02,1.74562704e+01
1.64400000e+00,-4.39797382e-02,-3.75320356e-01,2.78685238e-02,9.25330856e-02,0.00000000e+00,0.00000000e+00,1.31658887e-01,1.67486098e-02,1.29025709e+02,1.64136376e+01
1.64600000e+00,-4.47261390e-02,-3.71041120e-01,2.80505187e-02,8.94530302e-02,0.00000000e+00,0.00000000e+00,1.31940615e-01,1.68217962e-02,1.29301803e+02,1.64853603e+01
1.64800000e+00,-4.54637534e-02,-3.66537958e-01,2.82263452e-02,8.63869156e-02,0.00000000e+00,0.00000000e+00,1.32465902e-01,1.70303096e-02,1.29816584e+02,1.66897034e+01
1.65000000e+00,-4.61921308e-02,-3.61794736e-01,2.83960271e-02,8.32619841e-02,0.00000000e+00,0.00000000e+00,1.32296180e-01,1.69420040e-02,1.29650257e+02,1.66031639e+01
1.65200000e+00,-4.69107618e-02,-3.56795639e-01,2.85592955e-02,7.99906252e-02,0.00000000e+00,0.00000000e+00,1.32373377e-01,1.69575277e-02,1.29725909e+02,1.66183772e+01
1.65400000e+00,-4.76191528e-02,-3.51555662e-01,2.87159196e-02,7.66142125e-02,0.00000000e+00,0.00000000e+00,1.32471475e-01,1.69466147e-02,1.29822045e+02,1.66076824e+01
1.65600000e+00,-4.83168293e-02,-3.46082941e-01,2.88656866e-02,7.31391638e-02,0.00000000e+00,0.00000000e+00,1.32652259e-01,1.69658564e-02,1.29999214e+02,1.66265393e+01
1.65800000e+00,-4.90033291e-02,-3.40377081e-01,2.90084229e-02,6.95841688e-02,0.00000000e+00,0.00000000e+00,1.32650859e-01,1.69841621e-02,1.29997842e+02,1.66444789e+01
1.66000000e+00,-4.96781828e-02,-3.34438987e-01,2.91439601e-02,6.59343711e-02,0.00000000e+00,0.00000000e+00,1.32758640e-01,1.69619719e-02,1.30103467e+02,1.66227325e+01
1.66200000e+00,-5.03409294e-02,-3.28267454e-01,2.92720962e-02,6.21882943e-02,0.00000000e+00,0.00000000e+00,1.32631236e-01,1.69666473e-02,1.29978611e+02,1.66273144e+01
1.66400000e+00,-5.09911399e-02,-3.21926906e-01,2.93927589e-02,5.85106152e-02,0.00000000e+00,0.00000000e+00,1.34142841e-01,1.72794297e-02,1.31459984e+02,1.69338411e+01
1.66600000e+00,-5.16285184e-02,-3.15408471e-01,2.95061055e-02,5.47831889e-02,0.00000000e+00,0.00000000e+00,1.33704021e-01,1.70256518e-02,1.31029941e+02,1.66851387e+01
1.66800000e+00,-5.22526217e-02,-3.08661940e-01,2.96117673e-02,5.08692790e-02,0.00000000e+00,0.00000000e+00,1.33934954e-01,1.70405393e-02,1.31256255e+02,1.66997285e+01
1.67000000e+00,-5.28630375e-02,-3.01722374e-01,2.97095613e-02,4.69233917e-02,0.00000000e+00,0.00000000e+00,1.34204491e-01,1.70998471e-02,1.31520401e+02,1.67578502e+01
1.67200000e+00,-5.34593839e-02,-2.94591932e-01,2.97994369e-02,4.29415652e-02,0.00000000e+00,0.00000000e+00,1.34371807e-01,1.70951173e-02,1.31684371e+02,1.67532150e+01
1.67400000e+00,-5.40412857e-02,-2.87282145e-01,2.98812873e-02,3.88993145e-02,0.00000000e+00,0.00000000e+00,1.34793606e-01,1.70915918e-02,1.32097734e+02,1.67497600e+01
1.67600000e+00,-5.46083983e-02,-2.79800986e-01,2.99550000e-02,3.48057780e-02,0.00000000e+00,0.00000000e+00,1.35027195e-01,1.70944397e-02,1.32326651e+02,1.67525509e+01
1.67800000e+00,-5.51603716e-02,-2.72142871e-01,3.00204807e-02,3.06676376e-02,0.00000000e+00,0.00000000e+00,1.35195673e-01,1.70931984e-02,1.32491759e+02,1.67513344e+01
1.68000000e+00,-5.56968556e-02,-2.64313469e-01,3.00776475e-02,2.64949285e-02,0.00000000e+00,0.00000000e+00,1.35435976e-01,1.71052481e-02,1.32727256e+02,1.67631431e+01
1.68200000e+00,-5.62174252e-02,-2.56183645e-01,3.01260931e-02,2.17714432e-02,0.00000000e+00,0.00000000e+00,1.32458039e-01,1.60081813e-02,1.29808879e+02,1.56880177e+01
1.68400000e+00,-5.67215250e-02,-2.47956113e-01,3.01649328e-02,1.73471938e-02,0.00000000e+00,0.00000000e+00,1.37301626e-01,1.77907494e-02,1.34555593e+02,1.74349344e+01
1.68600000e+00,-5.72092474e-02,-2.39725247e-01,3.01958367e-02,1.34551682e-02,0.00000000e+00,0.00000000e+00,1.36394987e-01,1.71710156e-02,1.33667087e+02,1.68275953e+01
1.68800000e+00,-5.76802856e-02,-2.31283796e-01,3.02184850e-02,9.16057670e-03,0.00000000e+00,0.00000000e+00,1.36260360e-01,1.69798573e-02,1.33535153e+02,1.66402601e+01
1.69000000e+00,-5.81343001e-02,-2.22718601e-01,3.02325109e-02,4.91381902e-03,0.00000000e+00,0.00000000e+00,1.37244563e-01,1.72932090e-02,1.34499672e+02,1.69473449e+01
1.69200000e+00,-5.85710926e-02,-2.14052265e-01,3.02382237e-02,7.92072745e-04,0.00000000e+00,0.00000000e+00,1.37497889e-01,1.72520970e-02,1.34747931e+02,1.69070550e+01
1.69400000e+00,-5.89904260e-02,-2.05261092e-01,3.02356608e-02,-3.35729658e-03,0.00000000e+00,0.00000000e+00,1.37786413e-01,1.72332596e-02,1.35030685e+02,1.68885944e+01
1.69600000e+00,-5.93920645e-02,-1.96361351e-01,3.02247998e-02,-7.49862025e-03,0.00000000e+00,0.00000000e+00,1.38275854e-01,1.72551616e-02,1.35510337e+02,1.69100584e+01
1.69800000e+00,-5.97758036e-02,-1.87359935e-01,3.02056870e-02,-1.16089221e-02,0.00000000e+00,0.00000000e+00,1.38579788e-01,1.72727502e-02,1.35808192e+02,1.69272952e+01
1.70000000e+00,-6.01414334e-02,-1.78252278e-01,3.01783723e-02,-1.57070691e-02,0.00000000e+00,0.00000000e+00,1.38815125e-01,1.72433259e-02,1.36038822e+02,1.68984594e+01
1.70200000e+00,-6.04884910e-02,-1.68662124e-01,3.01419868e-02,-2.11128477e-02,0.00000000e+00,0.00000000e+00,1.30176790e-01,1.44780794e-02,1.27573254e+02,1.41885178e+01
1.70400000e+00,-6.08160966e-02,-1.59093988e-01,3.00943521e-02,-2.58719655e-02,0.00000000e+00,0.00000000e+00,1.42043617e-01,1.85348261e-02,1.39202745e+02,1.81641296e+01
1.70600000e+00,-6.11250575e-02,-1.49811598e-01,3.00393823e-02,-2.93061203e-02,0.00000000e+00,0.00000000e+00,1.39413706e-01,1.71819670e-02,1.36625432e+02,1.68383276e+01
1.70800000e+00,-6.14151964e-02,-1.40309249e-01,2.99766287e-02,-3.34886453e-02,0.00000000e+00,0.00000000e+00,1.39310956e-01,1.68760383e-02,1.36524737e+02,1.65385175e+01
1.71000000e+00,-6.16862641e-02,-1.30761390e-01,2.99055246e-02,-3.75259788e-02,0.00000000e+00,0.00000000e+00,1.40602051e-01,1.73868313e-02,1.37790010e+02,1.70390947e+01
1.71200000e+00,-6.19382313e-02,-1.21197549e-01,2.98267086e-02,-4.12876208e-02,0.00000000e+00,0.00000000e+00,1.41033366e-01,1.73436570e-02,1.38212698e+02,1.69967839e+01
1.71400000e+00,-6.21710188e-02,-1.11580425e-01,2.97403810e-02,-4.50389378e-02,0.00000000e+00,0.00000000e+00,1.41296479e-01,1.72867101e-02,1.38470550e+02,1.69409759e+01
1.71600000e+00,-6.23845260e-02,-1.01922793e-01,2.96465838e-02,-4.87437633e-02,0.00000000e+00,0.00000000e+00,1.41869139e-01,1.73087648e-02,1.39031757e+02,1.69625895e+01
1.71800000e+00,-6.25786934e-02,-9.22403200e-02,2.95454661e-02,-5.23582501e-02,0.00000000e+00,0.00000000e+00,1.42340536e-01,1.73333592e-02,1.39493726e+02,1.69866920e+01
1.72000000e+00,-6.27534734e-02,-8.25370710e-02,2.94372076e-02,-5.58876304e-02,0.00000000e+00,0.00000000e+00,1.42850037e-01,1.73341940e-02,1.39993037e+02,1.69875101e+01
1.72200000e+00,-6.29083690e-02,-7.21248570e-02,2.93204933e-02,-6.15501015e-02,0.00000000e+00,0.00000000e+00,1.27079904e-01,1.26912799e-02,1.24538306e+02,1.24374543e+01
1.72400000e+00,-6.30420631e-02,-6.18479740e-02,2.91916435e-02,-6.62584172e-02,0.00000000e+00,0.00000000e+00,1.47146829e-01,1.91552431e-02,1.44203892e+02,1.87721382e+01
1.72600000e+00,-6.31561973e-02,-5.22257365e-02,2.90569497e-02,-6.87317039e-02,0.00000000e+00,0.00000000e+00,1.43347967e-01,1.71910778e-02,1.40481008e+02,1.68472563e+01
1.72800000e+00,-6.32508164e-02,-4.23790542e-02,2.89160446e-02,-7.22130410e-02,0.00000000e+00,0.00000000e+00,1.42714681e-01,1.68394556e-02,1.39860387e+02,1.65026665e+01
1.73000000e+00,-6.33257314e-02,-3.25591502e-02,2.87682590e-02,-7.54522305e-02,0.00000000e+00,0.00000000e+00,1.44625434e-01,1.74895950e-02,1.41732925e+02,1.71398031e+01
1.73200000e+00,-6.33810999e-02,-2.28096598e-02,2.86144776e-02,-7.83285283e-02,0.00000000e+00,0.00000000e+00,1.44851842e-01,1.73826523e-02,1.41954805e+02,1.70349992e+01
1.73400000e+00,-6.34169847e-02,-1.30821699e-02,2.84549775e-02,-8.11560001e-02,0.00000000e+00,0.00000000e+00,1.45472197e-01,1.73653839e-02,1.42562753e+02,1.70180762e+01
1.73600000e+00,-6.34334502e-02,-3.38710710e-03,2.82899173e-02,-8.38878753e-02,0.00000000e+00,0.00000000e+00,1.45783578e-01,1.73486313e-02,1.42867907e+02,1.70016587e+01
1.73800000e+00,-6.34305677e-02,6.25612982e-03,2.81195439e-02,-8.64428505e-02,0.00000000e+00,0.00000000e+00,1.46699114e-01,1.74943668e-02,1.43765131e+02,1.71444795e+01
1.74000000e+00,-6.34084637e-02,1.58423370e-02,2.79442444e-02,-8.88501689e-02,0.00000000e+00,0.00000000e+00,1.46974922e-01,1.74091206e-02,1.44035424e+02,1.70609382e+01
1.74200000e+00,-6.33666940e-02,2.61850782e-02,2.77623696e-02,-9.39175912e-02,0.00000000e+00,0.00000000e+00,1.28721105e-01,1.16526876e-02,1.26146683e+02,1.14196338e+01
1.74400000e+00,-6.33038678e-02,3.63113156e-02,2.75693308e-02,-9.78502557e-02,0.00000000e+00,0.00000000e+00,1.51563852e-01,1.95173330e-02,1.48532575e+02,1.91269863e+01
1.74600000e+00,-6.32219760e-02,4.56465781e-02,2.73727920e-02,-9.90479292e-02,0.00000000e+00,0.00000000e+00,1.46573421e-01,1.71130100e-02,1.43641953e+02,1.67707498e+01
1.74800000e+00,-6.31211508e-02,5.51778232e-02,2.71723357e-02,-1.01450482e-01,0.00000000e+00,0.00000000e+00,1.46200100e-01,1.67028872e-02,1.43276098e+02,1.63688295e+01
1.75000000e+00,-6.30013422e-02,6.45929211e-02,2.69672120e-02,-1.03520094e-01,0.00000000e+00,0.00000000e+00,1.48348029e-01,1.75197271e-02,1.45381068e+02,1.71693325e+01
1.75200000e+00,-6.28628798e-02,7.38570367e-02,2.67585578e-02,-1.05136028e-01,0.00000000e+00,0.00000000e+00,1.48635711e-01,1.73577383e-02,1.45662997e+02,1.70105835e+01
1.75400000e+00,-6.27059677e-02,8.30407087e-02,2.65466948e-02,-1.06711701e-01,0.00000000e+00,0.00000000e+00,1.48984412e-01,1.73022227e-02,1.46004724e+02,1.69561783e+01
1.75600000e+00,-6.25307875e-02,9.21185927e-02,2.63318129e-02,-1.08134573e-01,0.00000000e+00,0.00000000e+00,1.49714792e-01,1.73720901e-02,1.46720496e+02,1.70246483e+01
1.75800000e+00,-6.23375726e-02,1.01077520e-01,2.61142891e-02,-1.09358533e-01,0.00000000e+00,0.00000000e+00,1.50223496e-01,1.74095023e-02,1.47219026e+02,1.70613123e+01
1.76000000e+00,-6.21265562e-02,1.09918255e-01,2.58944992e-02,-1.10401958e-01,0.00000000e+00,0.00000000e+00,1.50790224e-01,1.74374854e-02,1.47774420e+02,1.70887357e+01
1.76200000e+00,-6.18973898e-02,1.19523655e-01,2.56707587e-02,-1.14328743e-01,0.00000000e+00,0.00000000e+00,1.30522612e-01,1.10388958e-02,1.27912159e+02,1.08181179e+01
1.76400000e+00,-6.16486370e-02,1.28865969e-01,2.54379923e-02,-1.17043820e-01,0.00000000e+00,0.00000000e+00,1.54946862e-01,1.96500146e-02,1.51847925e+02,1.92570143e+01
1.76600000e+00,-6.13825397e-02,1.37287633e-01,2.52045988e-02,-1.16736028e-01,0.00000000e+00,0.00000000e+00,1.49897657e-01,1.70502010e-02,1.46899703e+02,1.67091970e+01
1.76800000e+00,-6.10993967e-02,1.45843989e-01,2.49701978e-02,-1.17703680e-01,0.00000000e+00,0.00000000e+00,1.49523062e-01,1.66383759e-02,1.46532601e+02,1.63056084e+01
1.77000000e+00,-6.07992819e-02,1.54223052e-01,2.47340210e-02,-1.18315957e-01,0.00000000e+00,0.00000000e+00,1.51625023e-01,1.74590520e-02,1.48592522e+02,1.71098710e+01
1.77200000e+00,-6.04826494e-02,1.62384646e-01,2.44972486e-02,-1.18456340e-01,0.00000000e+00,0.00000000e+00,1.52053382e-01,1.72906923e-02,1.49012314e+02,1.69448784e+01
1.77400000e+00,-6.01498427e-02,1.70397223e-01,2.42602312e-02,-1.18543440e-01,0.00000000e+00,0.00000000e+00,1.52423171e-01,1.72323408e-02,1.49374708e+02,1.68876940e+01
1.77600000e+00,-5.98011702e-02,1.78245346e-01,2.40231844e-02,-1.18466160e-01,0.00000000e+00,0.00000000e+00,1.53082089e-01,1.72970719e-02,1.50020447e+02,1.69511304e+01
1.77800000e+00,-5.94369896e-02,1.85900983e-01,2.37865222e-02,-1.18155391e-01,0.00000000e+00,0.00000000e+00,1.53979554e-01,1.73842353e-02,1.50899963e+02,1.70365506e+01
1.78000000e+00,-5.90576887e-02,1.93372991e-01,2.35506959e-02,-1.17645021e-01,0.00000000e+00,0.00000000e+00,1.54307265e-01,1.73789414e-02,1.51221120e+02,1.70313626e+01
1.78200000e+00,-5.86630376e-02,2.01535101e-01,2.33140835e-02,-1.19922111e-01,0.00000000e+00,0.00000000e+00,1.34664320e-01,1.11958760e-02,1.31971034e+02,1.09719585e+01
1.78400000e+00,-5.82517509e-02,2.09393305e-01,2.30718256e-02,-1.20972435e-01,0.00000000e+00,0.00000000e+00,1.58084857e-01,1.96088262e-02,1.54923160e+02,1.92166497e+01
1.78600000e+00,-5.78260803e-02,2.16327571e-01,2.28321300e-02,-1.19118643e-01,0.00000000e+00,0.00000000e+00,1.52807527e-01,1.69482793e-02,1.49751377e+02,1.66093137e+01
1.78800000e+00,-5.73863752e-02,2.23359933e-01,2.25944722e-02,-1.18583051e-01,0.00000000e+00,0.00000000e+00,1.52231967e-01,1.65021760e-02,1.49187328e+02,1.61721325e+01
1.79000000e+00,-5.69327881e-02,2.30171083e-01,2.23580468e-02,-1.17673924e-01,0.00000000e+00,0.00000000e+00,1.54301934e-01,1.73942747e-02,1.51215895e+02,1.70463892e+01
1.79200000e+00,-5.64658585e-02,2.36730797e-01,2.21240951e-02,-1.16286854e-01,0.00000000e+00,0.00000000e+00,1.54322583e-01,1.71705940e-02,1.51236131e+02,1.68271821e+01
1.79400000e+00,-5.59859827e-02,2.43113861e-01,2.18929188e-02,-1.14870680e-01,0.00000000e+00,0.00000000e+00,1.54538605e-01,1.71245428e-02,1.51447833e+02,1.67820519e+01
1.79600000e+00,-5.54935392e-02,2.49292795e-01,2.16647271e-02,-1.13282578e-01,0.00000000e+00,0.00000000e+00,1.55097976e-01,1.72048494e-02,1.51996016e+02,1.68607524e+01
1.79800000e+00,-5.49889598e-02,2.55249209e-01,2.14399302e-02,-1.11481889e-01,0.00000000e+00,0.00000000e+00,1.55643746e-01,1.72489017e-02,1.52530871e+02,1.69039237e+01
1.80000000e+00,-5.44726898e-02,2.60984522e-01,2.12189234e-02,-1.09495309e-01,0.00000000e+00,0.00000000e+00,1.56073644e-01,1.72785134e-02,1.52952171e+02,1.69329431e+01
1.80200000e+00,-5.39447343e-02,2.67151034e-01,2.10004444e-02,-1.09765299e-01,0.00000000e+00,0.00000000e+00,1.41282352e-01,1.22000379e-02,1.38456705e+02,1.19560372e+01
1.80400000e+00,-5.34043048e-02,2.72988816e-01,2.07806078e-02,-1.08917374e-01,0.00000000e+00,0.00000000e+00,1.59368549e-01,1.93110894e-02,1.56181178e+02,1.89248676e+01
1.80600000e+00,-5.28532875e-02,2.78063882e-01,2.05663618e-02,-1.05689124e-01,0.00000000e+00,0.00000000e+00,1.54627461e-01,1.68888136e-02,1.51534912e+02,1.65510373e+01
1.80800000e+00,-5.22920173e-02,2.83186905e-01,2.03570105e-02,-1.03721965e-01,0.00000000e+00,0.00000000e+00,1.53687097e-01,1.63641549e-02,1.50613355e+02,1.60368718e+01
1.81000000e+00,-5.17207042e-02,2.88063443e-01,2.01516930e-02,-1.01426369e-01,0.00000000e+00,0.00000000e+00,1.55743559e-01,1.72840262e-02,1.52628688e+02,1.69383457e+01
1.81200000e+00,-5.11399495e-02,2.92660993e-01,1.99516119e-02,-9.86704347e-02,0.00000000e+00,0.00000000e+00,1.55484340e-01,1.70434454e-02,1.52374654e+02,1.67025765e+01
1.81400000e+00,-5.05501968e-02,2.97053721e-01,1.97570049e-02,-9.59240277e-02,0.00000000e+00,0.00000000e+00,1.55733495e-01,1.69849014e-02,1.52618826e+02,1.66452034e+01
1.81600000e+00,-4.99518933e-02,3.01208450e-01,1.95680169e-02,-9.30260372e-02,0.00000000e+00,0.00000000e+00,1.56178731e-01,1.70904694e-02,1.53055156e+02,1.67486600e+01
1.81800000e+00,-4.93455314e-02,3.05110540e-01,1.93850362e-02,-8.99248481e-02,0.00000000e+00,0.00000000e+00,1.56703230e-01,1.71487608e-02,1.53569165e+02,1.68057856e+01
1.82000000e+00,-4.87316132e-02,3.08769526e-01,1.92084173e-02,-8.66739167e-02,0.00000000e+00,0.00000000e+00,1.56862946e-01,1.71511473e-02,1.53725687e+02,1.68081244e+01
1.82200000e+00,-4.81102724e-02,3.12699833e-01,1.90371170e-02,-8.52579583e-02,0.00000000e+00,0.00000000e+00,1.45306516e-01,1.30515995e-02,1.42400385e+02,1.27905675e+01
1.82400000e+00,-4.74810211e-02,3.16319339e-01,1.88679946e-02,-8.29285614e-02,0.00000000e+00,0.00000000e+00,1.59004492e-01,1.88262837e-02,1.55824402e+02,1.84497581e+01
1.82600000e+00,-4.68454098e-02,3.19316831e-01,1.87066484e-02,-7.87308343e-02,0.00000000e+00,0.00000000e+00,1.54664843e-01,1.67408915e-02,1.51571546e+02,1.64060736e+01
1.82800000e+00,-4.62037528e-02,3.22315853e-01,1.85523176e-02,-7.56636025e-02,0.00000000e+00,0.00000000e+00,1.53743028e-01,1.62316222e-02,1.50668168e+02,1.59069897e+01
1.83000000e+00,-4.55563161e-02,3.25060215e-01,1.84041607e-02,-7.23462938e-02,0.00000000e+00,0.00000000e+00,1.55341844e-01,1.70528565e-02,1.52235008e+02,1.67117993e+01
1.83200000e+00,-4.49037069e-02,3.27512182e-01,1.82632151e-02,-6.86049327e-02,0.00000000e+00,0.00000000e+00,1.55258272e-01,1.69188284e-02,1.52153107e+02,1.65804518e+01
1.83400000e+00,-4.42464147e-02,3.29743267e-01,1.81297363e-02,-6.48705667e-02,0.00000000e+00,0.00000000e+00,1.55146853e-01,1.68459670e-02,1.52043916e+02,1.65090477e+01
1.83600000e+00,-4.35848910e-02,3.31738561e-01,1.80037976e-02,-6.10390669e-02,0.00000000e+00,0.00000000e+00,1.55376214e-01,1.69412478e-02,1.52268689e+02,1.66024229e+01
1.83800000e+00,-4.29196284e-02,3.33481920e-01,1.78856721e-02,-5.70695642e-02,0.00000000e+00,0.00000000e+00,1.55610482e-01,1.69652712e-02,1.52498272e+02,1.66259658e+01
1.84000000e+00,-4.22511285e-02,3.34977497e-01,1.77755811e-02,-5.30074896e-02,0.00000000e+00,0.00000000e+00,1.55715341e-01,1.69766314e-02,1.52601034e+02,1.66370987e+01
1.84200000e+00,-4.15796677e-02,3.36549185e-01,1.76728257e-02,-5.01698132e-02,0.00000000e+00,0.00000000e+00,1.48356796e-01,1.42471338e-02,1.45389660e+02,1.39621911e+01
1.84400000e+00,-4.09051209e-02,3.37837161e-01,1.75753278e-02,-4.66933757e-02,0.00000000e+00,0.00000000e+00,1.56844348e-01,1.81769491e-02,1.53707461e+02,1.78134101e+01
1.84600000e+00,-4.02286177e-02,3.38677203e-01,1.74868541e-02,-4.20141366e-02,0.00000000e+00,0.00000000e+00,1.53304742e-01,1.66434197e-02,1.50238647e+02,1.63105513e+01
1.84800000e+00,-3.95504397e-02,3.39475972e-01,1.74066809e-02,-3.82203418e-02,0.00000000e+00,0.00000000e+00,1.52276016e-01,1.62022938e-02,1.49230496e+02,1.58782479e+01
1.85000000e+00,-3.88708809e-02,3.40024103e-01,1.73340942e-02,-3.42444893e-02,0.00000000e+00,0.00000000e+00,1.53616524e-01,1.69202906e-02,1.50544194e+02,1.65818847e+01
1.85200000e+00,-3.81905333e-02,3.40287103e-01,1.72699170e-02,-2.99476147e-02,0.00000000e+00,0.00000000e+00,1.53386137e-01,1.67826780e-02,1.50318414e+02,1.64470245e+01
1.85400000e+00,-3.75098793e-02,3.40329803e-01,1.72142699e-02,-2.57013863e-02,0.00000000e+00,0.00000000e+00,1.53208329e-01,1.67327545e-02,1.50144162e+02,1.63980994e+01
1.85600000e+00,-3.68293652e-02,3.40145923e-01,1.71671260e-02,-2.14333247e-02,0.00000000e+00,0.00000000e+00,1.53124899e-01,1.67594190e-02,1.50062401e+02,1.64242306e+01
1.85800000e+00,-3.61494485e-02,3.39732705e-01,1.71285747e-02,-1.71081389e-02,0.00000000e+00,0.00000000e+00,1.53015460e-01,1.67958238e-02,1.49955151e+02,1.64599074e+01
1.86000000e+00,-3.54705872e-02,3.39090198e-01,1.70987348e-02,-1.27208760e-02,0.00000000e+00,0.00000000e+00,1.52938610e-01,1.68453040e-02,1.49879838e+02,1.65083979e+01
1.86200000e+00,-3.47931452e-02,3.38361602e-01,1.70772513e-02,-8.99340152e-03,0.00000000e+00,0.00000000e+00,1.49493960e-01,1.53786208e-02,1.46504081e+02,1.50710484e+01
1.86400000e+00,-3.41172907e-02,3.37408281e-01,1.70629608e-02,-4.96665994e-03,0.00000000e+00,0.00000000e+00,1.52669100e-01,1.74515422e-02,1.49615718e+02,1.71025114e+01
1.86600000e+00,-3.34437039e-02,3.36167164e-01,1.70577918e-02,-3.29253816e-04,0.00000000e+00,0.00000000e+00,1.50715319e-01,1.66510777e-02,1.47701013e+02,1.63180562e+01
1.86800000e+00,-3.27726910e-02,3.34822497e-01,1.70612574e-02,3.72858119e-03,0.00000000e+00,0.00000000e+00,1.49605739e-01,1.62382892e-02,1.46613624e+02,1.59135234e+01
1.87000000e+00,-3.21045574e-02,3.33262582e-01,1.70727233e-02,7.81214725e-03,0.00000000e+00,0.00000000e+00,1.50284773e-01,1.67198308e-02,1.47279078e+02,1.63854342e+01
1.87200000e+00,-3.14398034e-02,3.31458677e-01,1.70926311e-02,1.20834496e-02,0.00000000e+00,0.00000000e+00,1.49873347e-01,1.66590394e-02,1.46875880e+02,1.63258586e+01
1.87400000e+00,-3.07788546e-02,3.29456974e-01,1.71210091e-02,1.62828777e-02,0.00000000e+00,0.00000000e+00,1.49503252e-01,1.66077878e-02,1.46513187e+02,1.62756320e+01
1.87600000e+00,-3.01221099e-02,3.27253720e-01,1.71577393e-02,2.04473229e-02,0.00000000e+00,0.00000000e+00,1.49213024e-01,1.66363821e-02,1.46228763e+02,1.63036544e+01
1.87800000e+00,-2.94699794e-02,3.24840992e-01,1.72027949e-02,2.46065465e-02,0.00000000e+00,0.00000000e+00,1.49064882e-01,1.66594946e-02,1.46083585e+02,1.63263047e+01
1.88000000e+00,-2.88228810e-02,3.22225682e-01,1.72561487e-02,2.87406528e-02,0.00000000e+00,0.00000000e+00,1.48653835e-01,1.66581904e-02,1.45680759e+02,1.63250266e+01
1.88200000e+00,-2.81811755e-02,3.19462061e-01,1.73175530e-02,3.25679447e-02,0.00000000e+00,0.00000000e+00,1.47280923e-01,1.61016099e-02,1.44335304e+02,1.57795777e+01
1.88400000e+00,-2.75451373e-02,3.16541586e-01,1.73864077e-02,3.63760413e-02,0.00000000e+00,0.00000000e+00,1.47115151e-01,1.67147456e-02,1.44172848e+02,1.63804507e+01
1.88600000e+00,-2.69151388e-02,3.13426642e-01,1.74631911e-02,4.03850501e-02,0.00000000e+00,0.00000000e+00,1.46669716e-01,1.66313698e-02,1.43736321e+02,1.62987424e+01
1.88800000e+00,-2.62915327e-02,3.10158705e-01,1.75477942e-02,4.41635200e-02,0.00000000e+00,0.00000000e+00,1.45586279e-01,1.63501413e-02,1.42674554e+02,1.60231385e+01
1.89000000e+00,-2.56746155e-02,3.06723582e-01,1.76397865e-02,4.78539626e-02,0.00000000e+00,0.00000000e+00,1.45526480e-01,1.65765220e-02,1.42615951e+02,1.62449915e+01
1.89200000e+00,-2.50647643e-02,3.03099593e-01,1.77392215e-02,5.15615444e-02,0.00000000e+00,0.00000000e+00,1.45006499e-01,1.65266451e-02,1.42106369e+02,1.61961122e+01
1.89400000e+00,-2.44623272e-02,2.99310398e-01,1.78459634e-02,5.51652384e-02,0.00000000e+00,0.00000000e+00,1.44453728e-01,1.65094727e-02,1.41564654e+02,1.61792833e+01
1.89600000e+00,-2.38676334e-02,2.95355191e-01,1.79598293e-02,5.86892031e-02,0.00000000e+00,0.00000000e+00,1.44015066e-01,1.65205158e-02,1.41134764e+02,1.61901055e+01
1.89800000e+00,-2.32810178e-02,2.91232950e-01,1.80806706e-02,6.21387709e-02,0.00000000e+00,0.00000000e+00,1.43551466e-01,1.65245306e-02,1.40680437e+02,1.61940400e+01
1.90000000e+00,-2.27028112e-02,2.86946373e-01,1.82083257e-02,6.55003604e-02,0.00000000e+00,0.00000000e+00,1.43117718e-01,1.65168349e-02,1.40255363e+02,1.61864982e+01
1.90200000e+00,-2.21333334e-02,2.82508294e-01,1.83425810e-02,6.87253395e-02,0.00000000e+00,0.00000000e+00,1.42424852e-01,1.64282501e-02,1.39576355e+02,1.60996851e+01
1.90400000e+00,-2.15728594e-02,2.77948151e-01,1.84831215e-02,7.17919368e-02,0.00000000e+00,0.00000000e+00,1.41376187e-01,1.63839021e-02,1.38548663e+02,1.60562241e+01
1.90600000e+00,-2.10216310e-02,2.73252684e-01,1.86297009e-02,7.47867788e-02,0.00000000e+00,0.00000000e+00,1.41068133e-01,1.64858123e-02,1.38246771e+02,1.61560961e+01
1.90800000e+00,-2.04799474e-02,2.68409128e-01,1.87822121e-02,7.76968709e-02,0.00000000e+00,0.00000000e+00,1.40395054e-01,1.64226860e-02,1.37587153e+02,1.60942323e+01
1.91000000e+00,-1.99480818e-02,2.63434546e-01,1.89403945e-02,8.04661506e-02,0.00000000e+00,0.00000000e+00,1.39767887e-01,1.64150835e-02,1.36972529e+02,1.60867818e+01
1.91200000e+00,-1.94262967e-02,2.58328750e-01,1.91040047e-02,8.31274000e-02,0.00000000e+00,0.00000000e+00,1.39180940e-01,1.64285661e-02,1.36397321e+02,1.60999948e+01
1.91400000e+00,-1.89148519e-02,2.53095368e-01,1.92728289e-02,8.56759104e-02,0.00000000e+00,0.00000000e+00,1.38552922e-01,1.64185730e-02,1.35781864e+02,1.60902015e+01
1.91600000e+00,-1.84139977e-02,2.47738162e-01,1.94466262e-02,8.81013175e-02,0.00000000e+00,0.00000000e+00,1.37963972e-01,1.64174558e-02,1.35204693e+02,1.60891067e+01
1.91800000e+00,-1.79239790e-02,2.42261268e-01,1.96251530e-02,9.04049968e-02,0.00000000e+00,0.00000000e+00,1.37327305e-01,1.64171555e-02,1.34580759e+02,1.60888124e+01
1.92000000e+00,-1.74450295e-02,2.36669120e-01,1.98081612e-02,9.25812397e-02,0.00000000e+00,0.00000000e+00,1.36724589e-01,1.64105100e-02,1.33990097e+02,1.60822998e+01
1.92200000e+00,-1.69773888e-02,2.30947667e-01,1.99954519e-02,9.47184411e-02,0.00000000e+00,0.00000000e+00,1.36508105e-01,1.66018966e-02,1.33777942e+02,1.62698587e+01
1.92400000e+00,-1.65212942e-02,2.25143257e-01,2.01868437e-02,9.65687786e-02,0.00000000e+00,0.00000000e+00,1.34916185e-01,1.60810012e-02,1.32217861e+02,1.57593812e+01
1.92600000e+00,-1.60768675e-02,2.19261140e-01,2.03815454e-02,9.81467170e-02,0.00000000e+00,0.00000000e+00,1.34672003e-01,1.63076375e-02,1.31978563e+02,1.59814847e+01
1.92800000e+00,-1.56443368e-02,2.13248251e-01,2.05794755e-02,9.97920142e-02,0.00000000e+00,0.00000000e+00,1.34416667e-01,1.65044768e-02,1.31728334e+02,1.61743872e+01
1.93000000e+00,-1.52239375e-02,2.07140942e-01,2.07806287e-02,1.01310128e-01,0.00000000e+00,0.00000000e+00,1.33421625e-01,1.63273998e-02,1.30753192e+02,1.60008518e+01
1.93200000e+00,-1.48158217e-02,2.00960658e-01,2.09845725e-02,1.02612962e-01,0.00000000e+00,0.00000000e+00,1.32765192e-01,1.63434141e-02,1.30109888e+02,1.60165458e+01
1.93400000e+00,-1.44201499e-02,1.94697876e-01,2.11909938e-02,1.03785747e-01,0.00000000e+00,0.00000000e+00,1.32093891e-01,1.63488250e-02,1.29452013e+02,1.60218485e+01
1.93600000e+00,-1.40370821e-02,1.88357182e-01,2.13996281e-02,1.04827466e-01,0.00000000e+00,0.00000000e+00,1.31432875e-01,1.63659217e-02,1.28804217e+02,1.60386033e+01
1.93800000e+00,-1.36667704e-02,1.81942635e-01,2.16102134e-02,1.05733806e-01,0.00000000e+00,0.00000000e+00,1.30770535e-01,1.63651198e-02,1.28155125e+02,1.60378174e+01
1.94000000e+00,-1.33093564e-02,1.75460841e-01,2.18224616e-02,1.06487674e-01,0.00000000e+00,0.00000000e+00,1.30060209e-01,1.63487773e-02,1.27459005e+02,1.60218018e+01
1.94200000e+00,-1.29649979e-02,1.68872653e-01,2.20361986e-02,1.07293256e-01,0.00000000e+00,0.00000000e+00,1.30418783e-01,1.67786959e-02,1.27810407e+02,1.64431220e+01
1.94400000e+00,-1.26338820e-02,1.62260220e-01,2.22513241e-02,1.07633089e-01,0.00000000e+00,0.00000000e+00,1.27896729e-01,1.56782689e-02,1.25338794e+02,1.53647036e+01
1.94600000e+00,-1.23159702e-02,1.55628017e-01,2.24664497e-02,1.07551062e-01,0.00000000e+00,0.00000000e+00,1.28258561e-01,1.62005933e-02,1.25693390e+02,1.58765815e+01
1.94800000e+00,-1.20114569e-02,1.48865240e-01,2.26817206e-02,1.07757308e-01,0.00000000e+00,0.00000000e+00,1.28434567e-01,1.65908151e-02,1.25865876e+02,1.62589988e+01
1.95000000e+00,-1.17205449e-02,1.42048957e-01,2.28973983e-02,1.07842638e-01,0.00000000e+00,0.00000000e+00,1.27106223e-01,1.62548334e-02,1.24564099e+02,1.59297368e+01
1.95200000e+00,-1.14432699e-02,1.35219450e-01,2.31128896e-02,1.07625744e-01,0.00000000e+00,0.00000000e+00,1.26452253e-01,1.62643716e-02,1.23923208e+02,1.59390842e+01
1.95400000e+00,-1.11796937e-02,1.28350078e-01,2.33278200e-02,1.07286973e-01,0.00000000e+00,0.00000000e+00,1.25858116e-01,1.63061871e-02,1.23340953e+02,1.59800634e+01
1.95600000e+00,-1.09298932e-02,1.21445315e-01,2.35419605e-02,1.06832757e-01,0.00000000e+00,0.00000000e+00,1.25211906e-01,1.63281439e-02,1.22707668e+02,1.60015810e+01
1.95800000e+00,-1.06939292e-02,1.14515412e-01,2.37550594e-02,1.06241109e-01,0.00000000e+00,0.00000000e+00,1.24491056e-01,1.63223763e-02,1.22001235e+02,1.59959288e+01
1.96000000e+00,-1.04718455e-02,1.07564591e-01,2.39668289e-02,1.05505442e-01,0.00000000e+00,0.00000000e+00,1.23859420e-01,1.63286678e-02,1.21382232e+02,1.60020945e+01
1.96200000e+00,-1.02637187e-02,1.00541967e-01,2.41771458e-02,1.04866705e-01,0.00000000e+00,0.00000000e+00,1.24441323e-01,1.68265659e-02,1.21952497e+02,1.64900346e+01
1.96400000e+00,-1.00696505e-02,9.35600003e-02,2.43858640e-02,1.03580452e-01,0.00000000e+00,0.00000000e+00,1.21296502e-01,1.52681151e-02,1.18870572e+02,1.49627528e+01
1.96600000e+00,-9.88947553e-03,8.65828373e-02,2.45911887e-02,1.01875735e-01,0.00000000e+00,0.00000000e+00,1.22829912e-01,1.62422807e-02,1.20373314e+02,1.59174351e+01
1.96800000e+00,-9.72341123e-03,7.94676048e-02,2.47937316e-02,1.00717920e-01,0.00000000e+00,0.00000000e+00,1.23138207e-01,1.67059031e-02,1.20675442e+02,1.63717850e+01
1.97000000e+00,-9.57160421e-03,7.23537295e-02,2.49939588e-02,9.94077496e-02,0.00000000e+00,0.00000000e+00,1.21529862e-01,1.62090181e-02,1.19099264e+02,1.58848378e+01
1.97200000e+00,-9.43396643e-03,6.52846773e-02,2.51911261e-02,9.77428633e-02,0.00000000e+00,0.00000000e+00,1.20938381e-01,1.62436946e-02,1.18519613e+02,1.59188207e+01
1.97400000e+00,-9.31046401e-03,5.82178599e-02,2.53848734e-02,9.59927183e-02,0.00000000e+00,0.00000000e+00,1.20440612e-01,1.63075512e-02,1.18031800e+02,1.59814002e+01
1.97600000e+00,-9.20109259e-03,5.11546463e-02,2.55750414e-02,9.41592967e-02,0.00000000e+00,0.00000000e+00,1.19932509e-01,1.63413075e-02,1.17533859e+02,1.60144813e+01
1.97800000e+00,-9.10583568e-03,4.41060426e-02,2.57614339e-02,9.22109288e-02,0.00000000e+00,0.00000000e+00,1.19292824e-01,1.63333397e-02,1.16906968e+02,1.60066729e+01
1.98000000e+00,-9.02465340e-03,3.70799688e-02,2.59438025e-02,9.01385456e-02,0.00000000e+00,0.00000000e+00,1.18714638e-01,1.63423640e-02,1.16340345e+02,1.60155167e+01
1.98200000e+00,-8.95752549e-03,3.00393711e-02,2.61220283e-02,8.81264417e-02,0.00000000e+00,0.00000000e+00,1.19055527e-01,1.67153114e-02,1.16674416e+02,1.63810052e+01
1.98400000e+00,-8.90442515e-03,2.31049077e-02,2.62957684e-02,8.53047765e-02,0.00000000e+00,0.00000000e+00,1.15772605e-01,1.48923195e-02,1.13457153e+02,1.45944732e+01
1.98600000e+00,-8.86510340e-03,1.61741354e-02,2.64630518e-02,8.21896630e-02,0.00000000e+00,0.00000000e+00,1.18620165e-01,1.63396969e-02,1.16247762e+02,1.60129030e+01
1.98800000e+00,-8.83983239e-03,9.08770609e-03,2.66250818e-02,7.99065776e-02,0.00000000e+00,0.00000000e+00,1.19174717e-01,1.68711780e-02,1.16791222e+02,1.65337544e+01
1.99000000e+00,-8.82871817e-03,2.05288016e-03,2.67825604e-02,7.74469817e-02,0.00000000e+00,0.00000000e+00,1.17294782e-01,1.61951235e-02,1.14948886e+02,1.58712210e+01
1.99200000e+00,-8.83155424e-03,-4.88201062e-03,2.69345995e-02,7.45820741e-02,0.00000000e+00,0.00000000e+00,1.16834315e-01,1.62387920e-02,1.14497628e+02,1.59140162e+01
1.99400000e+00,-8.84822099e-03,-1.17790647e-02,2.70808675e-02,7.16854445e-02,0.00000000e+00,0.00000000e+00,1.16518519e-01,1.63386756e-02,1.14188149e+02,1.60119020e+01
1.99600000e+00,-8.87864450e-03,-1.86371244e-02,2.72213237e-02,6.87624348e-02,0.00000000e+00,0.00000000e+00,1.16143454e-01,1.63852615e-02,1.13820584e+02,1.60575562e+01
1.99800000e+00,-8.92273643e-03,-2.54456042e-02,2.73558747e-02,6.57755555e-02,0.00000000e+00,0.00000000e+00,1.15692075e-01,1.63980425e-02,1.13378234e+02,1.60700816e+01
2.00000000e+00,-8.98038853e-03,-3.21965062e-02,2.74843734e-02,6.27099058e-02,0.00000000e+00,0.00000000e+00,1.15241045e-01,1.64047379e-02,1.12936224e+02,1.60766431e+01
2.00200000e+00,-9.05148275e-03,-3.88878521e-02,2.76066694e-02,5.95768327e-02,0.00000000e+00,0.00000000e+00,1.14853418e-01,1.64325043e-02,1.12556350e+02,1.61038543e+01
2.00400000e+00,-9.13583479e-03,-4.54214947e-02,2.77220760e-02,5.55367720e-02,0.00000000e+00,0.00000000e+00,1.12217683e-01,1.46673655e-02,1.09973329e+02,1.43740182e+01
2.00600000e+00,-9.23318111e-03,-5.19737090e-02,2.78287813e-02,5.14439870e-02,0.00000000e+00,0.00000000e+00,1.16055508e-01,1.64760551e-02,1.13734398e+02,1.61465340e+01
2.00800000e+00,-9.34383671e-03,-5.86865349e-02,2.79285631e-02,4.84177680e-02,0.00000000e+00,0.00000000e+00,1.16846681e-01,1.70499023e-02,1.14509747e+02,1.67089042e+01
2.01000000e+00,-9.46786593e-03,-6.53073820e-02,2.80223374e-02,4.52190900e-02,0.00000000e+00,0.00000000e+00,1.14891525e-01,1.62492764e-02,1.12593695e+02,1.59242908e+01
2.01200000e+00,-9.60497059e-03,-7.17847600e-02,2.81091568e-02,4.15965887e-02,0.00000000e+00,0.00000000e+00,1.14586918e-01,1.62858012e-02,1.12295180e+02,1.59600852e+01
2.01400000e+00,-9.75495950e-03,-7.81939353e-02,2.81887376e-02,3.79947866e-02,0.00000000e+00,0.00000000e+00,1.14496008e-01,1.64078851e-02,1.12206088e+02,1.60797274e+01
2.01600000e+00,-9.91770259e-03,-8.45375074e-02,2.82611638e-02,3.44346346e-02,0.00000000e+00,0.00000000e+00,1.14356520e-01,1.64781454e-02,1.12069389e+02,1.61485825e+01
2.01800000e+00,-1.00930566e-02,-9.08016859e-02,2.83264689e-02,3.08636979e-02,0.00000000e+00,0.00000000e+00,1.14046625e-01,1.64799959e-02,1.11765692e+02,1.61503960e+01
2.02000000e+00,-1.02808496e-02,-9.69763353e-02,2.83845977e-02,2.72614802e-02,0.00000000e+00,0.00000000e+00,1.13772201e-01,1.64969963e-02,1.11496757e+02,1.61670564e+01
2.02200000e+00,-1.04809000e-02,-1.03058113e-01,2.84355014e-02,2.36390762e-02,0.00000000e+00,0.00000000e+00,1.13484643e-01,1.65118217e-02,1.11214950e+02,1.61815852e+01
2.02400000e+00,-1.06929552e-02,-1.08949547e-01,2.84785453e-02,1.91037383e-02,0.00000000e+00,0.00000000e+00,1.11031182e-01,1.46439666e-02,1.08810559e+02,1.43510872e+01
2.02600000e+00,-1.09167054e-02,-1.14851750e-01,2.85119447e-02,1.46109270e-02,0.00000000e+00,0.00000000e+00,1.15538938e-01,1.66507607e-02,1.13228159e+02,1.63177454e+01
2.02800000e+00,-1.11524637e-02,-1.20906257e-01,2.85377924e-02,1.13231880e-02,0.00000000e+00,0.00000000e+00,1.16489966e-01,1.72117178e-02,1.14160166e+02,1.68674834e+01
2.03000000e+00,-1.14002488e-02,-1.26838281e-01,2.85571368e-02,7.88448964e-03,0.00000000e+00,0.00000000e+00,1.14675201e-01,1.63628792e-02,1.12381697e+02,1.60356216e+01
2.03200000e+00,-1.16597006e-02,-1.32595895e-01,2.85690620e-02,4.04319405e-03,0.00000000e+00,0.00000000e+00,1.14508872e-01,1.63852705e-02,1.12218695e+02,1.60575651e+01
2.03400000e+00,-1.19305689e-02,-1.38258324e-01,2.85733565e-02,2.72250718e-04,0.00000000e+00,0.00000000e+00,1.14638967e-01,1.65182314e-02,1.12346187e+02,1.61878668e+01
2.03600000e+00,-1.22126733e-02,-1.43829858e-01,2.85702183e-02,-3.39768680e-03,0.00000000e+00,0.00000000e+00,1.14664992e-01,1.65943019e-02,1.12371692e+02,1.62624159e+01
2.03800000e+00,-1.25058192e-02,-1.49297751e-01,2.85597977e-02,-7.01973981e-03,0.00000000e+00,0.00000000e+00,1.14587786e-01,1.66053341e-02,1.12296031e+02,1.62732274e+01
2.04000000e+00,-1.28097911e-02,-1.54655864e-01,2.85421563e-02,-1.06164699e-02,0.00000000e+00,0.00000000e+00,1.14559180e-01,1.66237230e-02,1.12267997e+02,1.62912485e+01
2.04200000e+00,-1.31243668e-02,-1.59900242e-01,2.85173563e-02,-1.41764058e-02,0.00000000e+00,0.00000000e+00,1.14476587e-01,1.66485926e-02,1.12187055e+02,1.63156207e+01
2.04400000e+00,-1.34492562e-02,-1.64940922e-01,2.84848990e-02,-1.85637104e-02,0.00000000e+00,0.00000000e+00,1.12430673e-01,1.48423824e-02,1.10182060e+02,1.45455348e+01
2.04600000e+00,-1.37841211e-02,-1.69967474e-01,2.84431501e-02,-2.28781578e-02,0.00000000e+00,0.00000000e+00,1.16859719e-01,1.67437651e-02,1.14522525e+02,1.64088898e+01
2.04800000e+00,-1.41292071e-02,-1.75115467e-01,2.83941929e-02,-2.59828983e-02,0.00000000e+00,0.00000000e+00,1.18064431e-01,1.73129267e-02,1.15703143e+02,1.69666681e+01
2.05000000e+00,-1.44844895e-02,-1.80123237e-01,2.83391655e-02,-2.91670705e-02,0.00000000e+00,0.00000000e+00,1.16462720e-01,1.64996769e-02,1.14133466e+02,1.61696833e+01
2.05200000e+00,-1.48495736e-02,-1.84941362e-01,2.82773096e-02,-3.26736494e-02,0.00000000e+00,0.00000000e+00,1.16593470e-01,1.65492665e-02,1.14261601e+02,1.62182812e+01
2.05400000e+00,-1.52241797e-02,-1.89646696e-01,2.82085504e-02,-3.60610259e-02,0.00000000e+00,0.00000000e+00,1.16865805e-01,1.66530477e-02,1.14528489e+02,1.63199868e+01
2.05600000e+00,-1.56080867e-02,-1.94241536e-01,2.81331551e-02,-3.93140494e-02,0.00000000e+00,0.00000000e+00,1.17126624e-01,1.67249023e-02,1.14784092e+02,1.63904043e+01
2.05800000e+00,-1.60010661e-02,-1.98716684e-01,2.80513581e-02,-4.24713185e-02,0.00000000e+00,0.00000000e+00,1.17258592e-01,1.67384768e-02,1.14913420e+02,1.64037073e+01
2.06000000e+00,-1.64028694e-02,-2.03065757e-01,2.79633288e-02,-4.55402253e-02,0.00000000e+00,0.00000000e+00,1.17442738e-01,1.67858788e-02,1.15093883e+02,1.64501612e+01
2.06200000e+00,-1.68132453e-02,-2.07289114e-01,2.78692606e-02,-4.85139772e-02,0.00000000e+00,0.00000000e+00,1.17653656e-01,1.68050433e-02,1.15300583e+02,1.64689424e+01
2.06400000e+00,-1.72318933e-02,-2.11313609e-01,2.77688294e-02,-5.21528410e-02,0.00000000e+00,0.00000000e+00,1.16196774e-01,1.52477241e-02,1.13872838e+02,1.49427696e+01
2.06600000e+00,-1.76584695e-02,-2.15292794e-01,2.76607125e-02,-5.56969303e-02,0.00000000e+00,0.00000000e+00,1.20061022e-01,1.68510778e-02,1.17659802e+02,1.65140562e+01
2.06800000e+00,-1.80931115e-02,-2.19342470e-01,2.75467749e-02,-5.81412080e-02,0.00000000e+00,0.00000000e+00,1.21375498e-01,1.73945005e-02,1.18947988e+02,1.70466105e+01
2.07000000e+00,-1.85357410e-02,-2.23244537e-01,2.74281414e-02,-6.05947530e-02,0.00000000e+00,0.00000000e+00,1.20208990e-01,1.66631091e-02,1.17804810e+02,1.63298469e+01
2.07200000e+00,-1.89859620e-02,-2.26955271e-01,2.73042362e-02,-6.32878377e-02,0.00000000e+00,0.00000000e+00,1.20564582e-01,1.67158072e-02,1.18153290e+02,1.63814911e+01
2.07400000e+00,-1.94434805e-02,-2.30543689e-01,2.71750968e-02,-6.58208675e-02,0.00000000e+00,0.00000000e+00,1.21070941e-01,1.68156261e-02,1.18649522e+02,1.64793136e+01
2.07600000e+00,-1.99080561e-02,-2.34011064e-01,2.70410672e-02,-6.81822706e-02,0.00000000e+00,0.00000000e+00,1.21514314e-01,1.68855558e-02,1.19084028e+02,1.65478446e+01
2.07800000e+00,-2.03794377e-02,-2.37347846e-01,2.69024557e-02,-7.04116642e-02,0.00000000e+00,0.00000000e+00,1.21853643e-01,1.68956149e-02,1.19416571e+02,1.65577026e+01
2.08000000e+00,-2.08573569e-02,-2.40548812e-01,2.67594954e-02,-7.25286840e-02,0.00000000e+00,0.00000000e+00,1.22228873e-01,1.69180717e-02,1.19784296e+02,1.65797102e+01
2.08200000e+00,-2.13415429e-02,-2.43614742e-01,2.66124236e-02,-7.45218721e-02,0.00000000e+00,0.00000000e+00,1.22638164e-01,1.69462574e-02,1.20185401e+02,1.66073322e+01
2.08400000e+00,-2.18316893e-02,-2.46490759e-01,2.64610952e-02,-7.69841428e-02,0.00000000e+00,0.00000000e+00,1.21780372e-01,1.57182160e-02,1.19344764e+02,1.54038517e+01
2.08600000e+00,-2.23274521e-02,-2.49286015e-01,2.63045508e-02,-7.93507731e-02,0.00000000e+00,0.00000000e+00,1.24786711e-01,1.69244231e-02,1.22290977e+02,1.65859346e+01
2.08800000e+00,-2.28288468e-02,-2.52101434e-01,2.61443082e-02,-8.07933194e-02,0.00000000e+00,0.00000000e+00,1.26333009e-01,1.74295809e-02,1.23806349e+02,1.70809893e+01
2.09000000e+00,-2.33357651e-02,-2.54777721e-01,2.59814231e-02,-8.21675267e-02,0.00000000e+00,0.00000000e+00,1.25662572e-01,1.68357035e-02,1.23149321e+02,1.64989894e+01
2.09200000e+00,-2.38478358e-02,-2.57271186e-01,2.58155444e-02,-8.36822160e-02,0.00000000e+00,0.00000000e+00,1.26230878e-01,1.68983696e-02,1.23706261e+02,1.65604022e+01
2.09400000e+00,-2.43647638e-02,-2.59635553e-01,2.56468172e-02,-8.50124443e-02,0.00000000e+00,0.00000000e+00,1.26855969e-01,1.69824046e-02,1.24318850e+02,1.66427565e+01
2.09600000e+00,-2.48862924e-02,-2.61871516e-01,2.54756183e-02,-8.61571907e-02,0.00000000e+00,0.00000000e+00,1.27478559e-01,1.70436058e-02,1.24928988e+02,1.67027337e+01
2.09800000e+00,-2.54121600e-02,-2.63972801e-01,2.53022938e-02,-8.71438508e-02,0.00000000e+00,0.00000000e+00,1.27993045e-01,1.70670339e-02,1.25433184e+02,1.67256933e+01
2.10000000e+00,-2.59420895e-02,-2.65932888e-01,2.51271350e-02,-8.79924917e-02,0.00000000e+00,0.00000000e+00,1.28496999e-01,1.70834369e-02,1.25927059e+02,1.67417681e+01
2.10200000e+00,-2.64757982e-02,-2.67752947e-01,2.49504139e-02,-8.87060697e-02,0.00000000e+00,0.00000000e+00,1.29070247e-01,1.70983730e-02,1.26488842e+02,1.67564055e+01
2.10400000e+00,-2.70129909e-02,-2.69407490e-01,2.47721360e-02,-8.96816842e-02,0.00000000e+00,0.00000000e+00,1.29007679e-01,1.62790925e-02,1.26427525e+02,1.59535106e+01
2.10600000e+00,-2.75533545e-02,-2.70951547e-01,2.45917315e-02,-9.05909357e-02,0.00000000e+00,0.00000000e+00,1.30893296e-01,1.69803733e-02,1.28275430e+02,1.66407658e+01
2.10800000e+00,-2.80967725e-02,-2.72458796e-01,2.44102325e-02,-9.08098375e-02,0.00000000e+00,0.00000000e+00,1.32577456e-01,1.74689825e-02,1.29925907e+02,1.71196029e+01
2.11000000e+00,-2.86431038e-02,-2.73837107e-01,2.42285949e-02,-9.08745179e-02,0.00000000e+00,0.00000000e+00,1.32334419e-01,1.70446096e-02,1.29687731e+02,1.67037174e+01
2.11200000e+00,-2.91920057e-02,-2.75042593e-01,2.40466945e-02,-9.09991268e-02,0.00000000e+00,0.00000000e+00,1.33014848e-01,1.70833963e-02,1.30354551e+02,1.67417283e+01
2.11400000e+00,-2.97431854e-02,-2.76114932e-01,2.38647137e-02,-9.09508313e-02,0.00000000e+00,0.00000000e+00,1.33718068e-01,1.71475566e-02,1.31043706e+02,1.68046055e+01
2.11600000e+00,-3.02963777e-02,-2.77055681e-01,2.36830083e-02,-9.07268236e-02,0.00000000e+00,0.00000000e+00,1.34451846e-01,1.71925571e-02,1.31762809e+02,1.68487060e+01
2.11800000e+00,-3.08513163e-02,-2.77858743e-01,2.35019030e-02,-9.03578767e-02,0.00000000e+00,0.00000000e+00,1.35027461e-01,1.71929201e-02,1.32326911e+02,1.68490617e+01
2.12000000e+00,-3.14077194e-02,-2.78521777e-01,2.33216638e-02,-8.98583889e-02,0.00000000e+00,0.00000000e+00,1.35719009e-01,1.72088836e-02,1.33004629e+02,1.68647060e+01
2.12200000e+00,-3.19653108e-02,-2.79045918e-01,2.31425582e-02,-8.92258949e-02,0.00000000e+00,0.00000000e+00,1.36331438e-01,1.72159857e-02,1.33604809e+02,1.68716660e+01
2.12400000e+00,-3.25238066e-02,-2.79425350e-01,2.29647152e-02,-8.86609048e-02,0.00000000e+00,0.00000000e+00,1.36895026e-01,1.68128830e-02,1.34157125e+02,1.64766253e+01
2.12600000e+00,-3.30829204e-02,-2.79667092e-01,2.27879352e-02,-8.80648731e-02,0.00000000e+00,0.00000000e+00,1.37677121e-01,1.70283781e-02,1.34923578e+02,1.66878105e+01
2.12800000e+00,-3.36424137e-02,-2.79817003e-01,2.26127437e-02,-8.70369030e-02,0.00000000e+00,0.00000000e+00,1.39315829e-01,1.74688657e-02,1.36529513e+02,1.71194884e+01
2.13000000e+00,-3.42021086e-02,-2.79847148e-01,2.24399234e-02,-8.58052611e-02,0.00000000e+00,0.00000000e+00,1.39447196e-01,1.72084877e-02,1.36658252e+02,1.68643180e+01
2.13200000e+00,-3.47616935e-02,-2.79714109e-01,2.22695186e-02,-8.45797276e-02,0.00000000e+00,0.00000000e+00,1.40071117e-01,1.72121168e-02,1.37269695e+02,1.68678745e+01
2.13400000e+00,-3.53208741e-02,-2.79444735e-01,2.21016934e-02,-8.32208572e-02,0.00000000e+00,0.00000000e+00,1.40827195e-01,1.72480669e-02,1.38010651e+02,1.69031056e+01
2.13600000e+00,-3.58793854e-02,-2.79044819e-01,2.19367317e-02,-8.17172092e-02,0.00000000e+00,0.00000000e+00,1.41581477e-01,1.72797416e-02,1.38749847e+02,1.69341467e+01
2.13800000e+00,-3.64369654e-02,-2.78512911e-01,2.17749106e-02,-8.00845275e-02,0.00000000e+00,0.00000000e+00,1.42296683e-01,1.72870774e-02,1.39450749e+02,1.69413358e+01
2.14000000e+00,-3.69933479e-02,-2.77847258e-01,2.16164742e-02,-7.83309180e-02,0.00000000e+00,0.00000000e+00,1.43000717e-01,1.73065243e-02,1.40140703e+02,1.69603938e+01
2.14200000e+00,-3.75482643e-02,-2.77046474e-01,2.14616682e-02,-7.64554021e-02,0.00000000e+00,0.00000000e+00,1.43672115e-01,1.73210503e-02,1.40798673e+02,1.69746293e+01
2.14400000e+00,-3.81014380e-02,-2.76102101e-01,2.13106646e-02,-7.45619081e-02,0.00000000e+00,0.00000000e+00,1.44164912e-01,1.71277623e-02,1.41281613e+02,1.67852070e+01
2.14600000e+00,-3.86525790e-02,-2.75017148e-01,2.11634557e-02,-7.26157065e-02,0.00000000e+00,0.00000000e+00,1.44890558e-01,1.72206038e-02,1.41992747e+02,1.68761917e+01
2.14800000e+00,-3.92014321e-02,-2.73820399e-01,2.10203604e-02,-7.04316434e-02,0.00000000e+00,0.00000000e+00,1.46037805e-01,1.74217400e-02,1.43117049e+02,1.70733052e+01
2.15000000e+00,-3.97477779e-02,-2.72499657e-01,2.08818142e-02,-6.81200900e-02,0.00000000e+00,0.00000000e+00,1.46458421e-01,1.72893372e-02,1.43529253e+02,1.69435504e+01
2.15200000e+00,-4.02913355e-02,-2.71036026e-01,2.07479045e-02,-6.57718099e-02,0.00000000e+00,0.00000000e+00,1.47141966e-01,1.73065787e-02,1.44199126e+02,1.69604471e+01
2.15400000e+00,-4.08318387e-02,-2.69447339e-01,2.06187992e-02,-6.33151670e-02,0.00000000e+00,0.00000000e+00,1.47954854e-01,1.73313594e-02,1.44995757e+02,1.69847322e+01
2.15600000e+00,-4.13690375e-02,-2.67727614e-01,2.04947068e-02,-6.07641621e-02,0.00000000e+00,0.00000000e+00,1.48472172e-01,1.73263338e-02,1.45502728e+02,1.69798071e+01
2.15800000e+00,-4.19026595e-02,-2.65873554e-01,2.03757977e-02,-5.81304123e-02,0.00000000e+00,0.00000000e+00,1.49179412e-01,1.73341020e-02,1.46195824e+02,1.69874200e+01
2.16000000e+00,-4.24324482e-02,-2.63894327e-01,2.02622410e-02,-5.54127957e-02,0.00000000e+00,0.00000000e+00,1.49880118e-01,1.73390429e-02,1.46882516e+02,1.69922620e+01
2.16200000e+00,-4.29581537e-02,-2.61790431e-01,2.01541987e-02,-5.26169529e-02,0.00000000e+00,0.00000000e+00,1.50566222e-01,1.73428165e-02,1.47554897e+02,1.69959602e+01
2.16400000e+00,-4.34795030e-02,-2.59526127e-01,2.00517859e-02,-4.98020840e-02,0.00000000e+00,0.00000000e+00,1.50396813e-01,1.72315233e-02,1.47388876e+02,1.68868929e+01
2.16600000e+00,-4.39961646e-02,-2.57121369e-01,1.99550430e-02,-4.69081511e-02,0.00000000e+00,0.00000000e+00,1.51511604e-01,1.73694000e-02,1.48481372e+02,1.70220120e+01
2.16800000e+00,-4.45079101e-02,-2.54599096e-01,1.98642052e-02,-4.39364374e-02,0.00000000e+00,0.00000000e+00,1.51838502e-01,1.72638011e-02,1.48801732e+02,1.69185251e+01
2.17000000e+00,-4.50144728e-02,-2.51944510e-01,1.97793150e-02,-4.09382103e-02,0.00000000e+00,0.00000000e+00,1.52565743e-01,1.73025628e-02,1.49514428e+02,1.69565115e+01
2.17200000e+00,-4.55156082e-02,-2.49170017e-01,1.97004990e-02,-3.78699602e-02,0.00000000e+00,0.00000000e+00,1.53138749e-01,1.72969360e-02,1.50075974e+02,1.69509972e+01
2.17400000e+00,-4.60110748e-02,-2.46278398e-01,1.96278750e-02,-3.47419422e-02,0.00000000e+00,0.00000000e+00,1.53885183e-01,1.73229953e-02,1.50807479e+02,1.69765354e+01
2.17600000e+00,-4.65006450e-02,-2.43271507e-01,1.95615680e-02,-3.15588124e-02,0.00000000e+00,0.00000000e+00,1.54453821e-01,1.73165947e-02,1.51364744e+02,1.69702628e+01
2.17800000e+00,-4.69840793e-02,-2.40142351e-01,1.95016756e-02,-2.83218185e-02,0.00000000e+00,0.00000000e+00,1.54987262e-01,1.73491793e-02,1.51887517e+02,1.70021957e+01
2.18000000e+00,-4.74611332e-02,-2.36891380e-01,1.94483083e-02,-2.50434510e-02,0.00000000e+00,0.00000000e+00,1.55514836e-01,1.73258616e-02,1.52404539e+02,1.69793444e+01
2.18200000e+00,-4.79315662e-02,-2.33522549e-01,1.94015201e-02,-2.17377735e-02,0.00000000e+00,0.00000000e+00,1.56087137e-01,1.73383162e-02,1.52965394e+02,1.69915499e+01
2.18400000e+00,-4.83951013e-02,-2.29970682e-01,1.93613304e-02,-1.84723060e-02,0.00000000e+00,0.00000000e+00,1.55036058e-01,1.71827058e-02,1.51935337e+02,1.68390517e+01
2.18600000e+00,-4.88513607e-02,-2.26286484e-01,1.93277022e-02,-1.50998281e-02,0.00000000e+00,0.00000000e+00,1.56734475e-01,1.75135372e-02,1.53599786e+02,1.71632664e+01
2.18800000e+00,-4.93001803e-02,-2.22501896e-01,1.93009078e-02,-1.17621800e-02,0.00000000e+00,0.00000000e+00,1.56369408e-01,1.70699305e-02,1.53242020e+02,1.67285319e+01
2.19000000e+00,-4.97412783e-02,-2.18582258e-01,1.92805983e-02,-8.50722490e-03,0.00000000e+00,0.00000000e+00,1.57195415e-01,1.73096388e-02,1.54051507e+02,1.69634460e+01
2.19200000e+00,-5.01744413e-02,-2.14560524e-01,1.92669431e-02,-5.15597447e-03,0.00000000e+00,0.00000000e+00,1.57536071e-01,1.72511759e-02,1.54385350e+02,1.69061524e+01
2.19400000e+00,-5.05994457e-02,-2.10426816e-01,1.92599610e-02,-1.82485274e-03,0.00000000e+00,0.00000000e+00,1.58065128e-01,1.72560551e-02,1.54903825e+02,1.69109340e+01
2.19600000e+00,-5.10160795e-02,-2.06189490e-01,1.92596415e-02,1.50298357e-03,0.00000000e+00,0.00000000e+00,1.58533075e-01,1.72424641e-02,1.55362413e+02,1.68976149e+01
2.19800000e+00,-5.14241368e-02,-2.01851853e-01,1.92659751e-02,4.83403223e-03,0.00000000e+00,0.00000000e+00,1.59069871e-01,1.72704875e-02,1.55888474e+02,1.69250778e+01
2.20000000e+00,-5.18234220e-02,-1.97416982e-01,1.92789761e-02,8.16279790e-03,0.00000000e+00,0.00000000e+00,1.59538451e-01,1.72548847e-02,1.56347682e+02,1.69097870e+01
2.20200000e+00,-5.22137407e-02,-1.92886171e-01,1.92986185e-02,1.14798327e-02,0.00000000e+00,0.00000000e+00,1.60032747e-01,1.72725710e-02,1.56832092e+02,1.69271196e+01
2.20400000e+00,-5.25948529e-02,-1.88184620e-01,1.93249189e-02,1.48320308e-02,0.00000000e+00,0.00000000e+00,1.58678817e-01,1.73649011e-02,1.55505241e+02,1.70176030e+01
2.20600000e+00,-5.29663858e-02,-1.83343002e-01,1.93579711e-02,1.82209792e-02,0.00000000e+00,0.00000000e+00,1.59812434e-01,1.73955446e-02,1.56616185e+02,1.70476337e+01
2.20800000e+00,-5.33281375e-02,-1.78370252e-01,1.93975767e-02,2.12707071e-02,0.00000000e+00,0.00000000e+00,1.58587829e-01,1.67081647e-02,1.55416073e+02,1.63740014e+01
2.21000000e+00,-5.36797840e-02,-1.73273189e-01,1.94429687e-02,2.41925231e-02,0.00000000e+00,0.00000000e+00,1.59798947e-01,1.71907397e-02,1.56602968e+02,1.68469249e+01
2.21200000e+00,-5.40211996e-02,-1.68130170e-01,1.94944662e-02,2.72934733e-02,0.00000000e+00,0.00000000e+00,1.60321944e-01,1.71564650e-02,1.57115505e+02,1.68133357e+01
2.21400000e+00,-5.43522463e-02,-1.62899575e-01,1.95521031e-02,3.03352900e-02,0.00000000e+00,0.00000000e+00,1.60476261e-01,1.71477119e-02,1.57266736e+02,1.68047577e+01
2.21600000e+00,-5.46727309e-02,-1.57568440e-01,1.96157695e-02,3.33203412e-02,0.00000000e+00,0.00000000e+00,1.60610453e-01,1.71270433e-02,1.57398244e+02,1.67845025e+01
2.21800000e+00,-5.49824619e-02,-1.52150122e-01,1.96853637e-02,3.62741534e-02,0.00000000e+00,0.00000000e+00,1.60989520e-01,1.71803559e-02,1.57769729e+02,1.68367488e+01
2.22000000e+00,-5.52812808e-02,-1.46656045e-01,1.97608440e-02,3.91948163e-02,0.00000000e+00,0.00000000e+00,1.61301890e-01,1.71640953e-02,1.58075852e+02,1.68208134e+01
2.22200000e+00,-5.55690364e-02,-1.41087498e-01,1.98421068e-02,4.20612605e-02,0.00000000e+00,0.00000000e+00,1.61621032e-01,1.71814676e-02,1.58388611e+02,1.68378383e+01
2.22400000e+00,-5.58455487e-02,-1.35395713e-01,1.99291912e-02,4.50809800e-02,0.00000000e+00,0.00000000e+00,1.60702515e-01,1.76090179e-02,1.57488464e+02,1.72568376e+01
2.22600000e+00,-5.61105371e-02,-1.29580700e-01,2.00224270e-02,4.80951302e-02,0.00000000e+00,0.00000000e+00,1.60928381e-01,1.73017168e-02,1.57709813e+02,1.69556825e+01
2.22800000e+00,-5.63637626e-02,-1.23602432e-01,2.01211230e-02,5.04362232e-02,0.00000000e+00,0.00000000e+00,1.58979063e-01,1.63362417e-02,1.55799482e+02,1.60095169e+01
2.23000000e+00,-5.66048806e-02,-1.17524748e-01,2.02240633e-02,5.26145037e-02,0.00000000e+00,0.00000000e+00,1.60598423e-01,1.71061867e-02,1.57386454e+02,1.67640629e+01
2.23200000e+00,-5.68338493e-02,-1.11428634e-01,2.03317450e-02,5.50387877e-02,0.00000000e+00,0.00000000e+00,1.60442378e-01,1.70054331e-02,1.57233530e+02,1.66653245e+01
2.23400000e+00,-5.70505432e-02,-1.05254662e-01,2.04441145e-02,5.73071786e-02,0.00000000e+00,0.00000000e+00,1.60573162e-01,1.69385593e-02,1.57361698e+02,1.65997881e+01
2.23600000e+00,-5.72548299e-02,-9.90235205e-02,2.05609118e-02,5.94826459e-02,0.00000000e+00,0.00000000e+00,1.60799525e-01,1.69763488e-02,1.57583535e+02,1.66368218e+01
2.23800000e+00,-5.74466063e-02,-9.27459011e-02,2.06820200e-02,6.16204772e-02,0.00000000e+00,0.00000000e+00,1.61078211e-01,1.70316981e-02,1.57856647e+02,1.66910641e+01
2.24000000e+00,-5.76257935e-02,-8.64383923e-02,2.08073746e-02,6.37296671e-02,0.00000000e+00,0.00000000e+00,1.61589579e-01,1.70944458e-02,1.58357787e+02,1.67525569e+01
2.24200000e+00,-5.77923293e-02,-8.00850686e-02,2.09368835e-02,6.57560629e-02,0.00000000e+00,0.00000000e+00,1.61392993e-01,1.70420894e-02,1.58165133e+02,1.67012476e+01
2.24400000e+00,-5.79460571e-02,-7.36166355e-02,2.10705237e-02,6.79697030e-02,0.00000000e+00,0.00000000e+00,1.60180992e-01,1.76775178e-02,1.56977372e+02,1.73239674e+01
2.24600000e+00,-5.80867349e-02,-6.70568377e-02,2.12087753e-02,7.02028158e-02,0.00000000e+00,0.00000000e+00,1.60433191e-01,1.72795211e-02,1.57224528e+02,1.69339307e+01
2.24800000e+00,-5.82141783e-02,-6.03379276e-02,2.13507570e-02,7.15691161e-02,0.00000000e+00,0.00000000e+00,1.57530540e-01,1.60602650e-02,1.54379929e+02,1.57390597e+01
2.25000000e+00,-5.83280266e-02,-5.35289005e-02,2.14948930e-02,7.26972682e-02,0.00000000e+00,0.00000000e+00,1.59284637e-01,1.69851487e-02,1.56098944e+02,1.66454458e+01
2.25200000e+00,-5.84283109e-02,-4.67453127e-02,2.16417261e-02,7.40953669e-02,0.00000000e+00,0.00000000e+00,1.58971286e-01,1.68360578e-02,1.55791860e+02,1.64993366e+01
2.25400000e+00,-5.85149751e-02,-3.99125738e-02,2.17911494e-02,7.53059514e-02,0.00000000e+00,0.00000000e+00,1.58871430e-01,1.68045151e-02,1.55694002e+02,1.64684248e+01
2.25600000e+00,-5.85879425e-02,-3.30517194e-02,2.19428850e-02,7.64192889e-02,0.00000000e+00,0.00000000e+00,1.58937942e-01,1.68482423e-02,1.55759183e+02,1.65112775e+01
2.25800000e+00,-5.86471718e-02,-2.61757028e-02,2.20967929e-02,7.74821352e-02,0.00000000e+00,0.00000000e+00,1.59028695e-01,1.69179663e-02,1.55848121e+02,1.65796070e+01
2.26000000e+00,-5.86926402e-02,-1.92921016e-02,2.22527790e-02,7.84931906e-02,0.00000000e+00,0.00000000e+00,1.59159975e-01,1.69619532e-02,1.55976775e+02,1.66227142e+01
2.26200000e+00,-5.87243345e-02,-1.23999159e-02,2.24107122e-02,7.94240293e-02,0.00000000e+00,0.00000000e+00,1.59114947e-01,1.69748238e-02,1.55932648e+02,1.66353273e+01
2.26400000e+00,-5.87422039e-02,-5.45373668e-03,2.25706633e-02,8.06369943e-02,0.00000000e+00,0.00000000e+00,1.58072450e-01,1.77821879e-02,1.54911001e+02,1.74265442e+01
2.26600000e+00,-5.87461191e-02,1.53803802e-03,2.27332859e-02,8.18884874e-02,0.00000000e+00,0.00000000e+00,1.58110002e-01,1.72874621e-02,1.54947802e+02,1.69417128e+01
2.26800000e+00,-5.87359609e-02,8.66606147e-03,2.28975273e-02,8.21052863e-02,0.00000000e+00,0.00000000e+00,1.54834661e-01,1.58448042e-02,1.51737968e+02,1.55279081e+01
2.27000000e+00,-5.87114103e-02,1.58607825e-02,2.30615143e-02,8.20329774e-02,0.00000000e+00,0.00000000e+00,1.56380508e-01,1.69149828e-02,1.53252898e+02,1.65766832e+01
2.27200000e+00,-5.86725658e-02,2.29834489e-02,2.32258852e-02,8.22996214e-02,0.00000000e+00,0.00000000e+00,1.56230359e-01,1.67909579e-02,1.53105752e+02,1.64551387e+01
2.27400000e+00,-5.86194785e-02,3.01031349e-02,2.33905891e-02,8.23807369e-02,0.00000000e+00,0.00000000e+00,1.56045852e-01,1.67608070e-02,1.52924935e+02,1.64255908e+01
2.27600000e+00,-5.85521541e-02,3.72215022e-02,2.35553264e-02,8.23391971e-02,0.00000000e+00,0.00000000e+00,1.55740640e-01,1.67688529e-02,1.52625827e+02,1.64334758e+01
2.27800000e+00,-5.84706016e-02,4.43263070e-02,2.37198859e-02,8.22077994e-02,0.00000000e+00,0.00000000e+00,1.55726056e-01,1.68073288e-02,1.52611535e+02,1.64711823e+01
2.28000000e+00,-5.83748609e-02,5.14130791e-02,2.38840999e-02,8.19898916e-02,0.00000000e+00,0.00000000e+00,1.55409389e-01,1.68219416e-02,1.52301201e+02,1.64855028e+01
2.28200000e+00,-5.82649614e-02,5.84817066e-02,2.40477947e-02,8.16958421e-02,0.00000000e+00,0.00000000e+00,1.55281780e-01,1.68814735e-02,1.52176144e+02,1.65438441e+01
2.28400000e+00,-5.81409323e-02,6.55530179e-02,2.42111374e-02,8.17829457e-02,0.00000000e+00,0.00000000e+00,1.54363031e-01,1.78553491e-02,1.51275770e+02,1.74982421e+01
2.28600000e+00,-5.80027492e-02,7.26244810e-02,2.43749740e-02,8.19412240e-02,0.00000000e+00,0.00000000e+00,1.54179095e-01,1.72648110e-02,1.51095513e+02,1.69195148e+01
2.28800000e+00,-5.78503550e-02,7.98149977e-02,2.45381650e-02,8.09936404e-02,0.00000000e+00,0.00000000e+00,1.50366193e-01,1.57675557e-02,1.47358870e+02,1.54522046e+01
2.29000000e+00,-5.76834741e-02,8.70281730e-02,2.46987508e-02,7.97494780e-02,0.00000000e+00,0.00000000e+00,1.52316926e-01,1.68722721e-02,1.49270588e+02,1.65348267e+01
2.29200000e+00,-5.75023252e-02,9.41170691e-02,2.48574099e-02,7.88758758e-02,0.00000000e+00,0.00000000e+00,1.51820451e-01,1.67723606e-02,1.48784042e+02,1.64369134e+01
2.29400000e+00,-5.73070232e-02,1.01179912e-01,2.50141047e-02,7.77778485e-02,0.00000000e+00,0.00000000e+00,1.51360267e-01,1.66254848e-02,1.48333062e+02,1.62929751e+01
2.29600000e+00,-5.70976312e-02,1.08204252e-01,2.51684171e-02,7.65235232e-02,0.00000000e+00,0.00000000e+00,1.51039542e-01,1.66652445e-02,1.48018752e+02,1.63319396e+01
2.29800000e+00,-5.68742421e-02,1.15174743e-01,2.53201536e-02,7.52015103e-02,0.00000000e+00,0.00000000e+00,1.50823473e-01,1.67007098e-02,1.47807004e+02,1.63666956e+01
2.30000000e+00,-5.66369743e-02,1.22082098e-01,2.54691981e-02,7.38419656e-02,0.00000000e+00,0.00000000e+00,1.50606228e-01,1.67999403e-02,1.47594103e+02,1.64639415e+01
2.30200000e+00,-5.63859585e-02,1.28922278e-01,2.56154801e-02,7.24204088e-02,0.00000000e+00,0.00000000e+00,1.50372035e-01,1.67800930e-02,1.47364595e+02,1.64444911e+01
2.30400000e+00,-5.61213217e-02,1.35707693e-01,2.57591134e-02,7.13491576e-02,0.00000000e+00,0.00000000e+00,1.49753367e-01,1.77409155e-02,1.46758300e+02,1.73860972e+01
2.30600000e+00,-5.58431710e-02,1.42428136e-01,2.59009536e-02,7.03931583e-02,0.00000000e+00,0.00000000e+00,1.49647128e-01,1.72249859e-02,1.46654185e+02,1.68804862e+01
2.30800000e+00,-5.55515540e-02,1.49231283e-01,2.60399544e-02,6.83399423e-02,0.00000000e+00,0.00000000e+00,1.45467850e-01,1.56371575e-02,1.42558493e+02,1.53244144e+01
2.31000000e+00,-5.52462546e-02,1.56021369e-01,2.61741250e-02,6.60040922e-02,0.00000000e+00,0.00000000e+00,1.47487981e-01,1.68244330e-02,1.44538221e+02,1.64879443e+01
2.31200000e+00,-5.49275790e-02,1.62645850e-01,2.63042498e-02,6.40867302e-02,0.00000000e+00,0.00000000e+00,1.46763256e-01,1.67022260e-02,1.43827991e+02,1.63681814e+01
2.31400000e+00,-5.45957067e-02,1.69217103e-01,2.64303365e-02,6.19663697e-02,0.00000000e+00,0.00000000e+00,1.46049450e-01,1.65793143e-02,1.43128461e+02,1.62477281e+01
2.31600000e+00,-5.42507617e-02,1.75711695e-01,2.65520276e-02,5.97144695e-02,0.00000000e+00,0.00000000e+00,1.45765331e-01,1.66008834e-02,1.42850024e+02,1.62688658e+01
2.31800000e+00,-5.38929321e-02,1.82097971e-01,2.66691757e-02,5.74344353e-02,0.00000000e+00,0.00000000e+00,1.45685608e-01,1.66885464e-02,1.42771896e+02,1.63547755e+01
2.32000000e+00,-5.35224400e-02,1.88378875e-01,2.67817588e-02,5.51446206e-02,0.00000000e+00,0.00000000e+00,1.45228855e-01,1.67421200e-02,1.42324278e+02,1.64072776e+01
2.32200000e+00,-5.31394783e-02,1.94567181e-01,2.68897189e-02,5.28019047e-02,0.00000000e+00,0.00000000e+00,1.44748489e-01,1.67326862e-02,1.41853519e+02,1.63980325e+01
2.32400000e+00,-5.27442183e-02,2.00684986e-01,2.69931582e-02,5.07467815e-02,0.00000000e+00,0.00000000e+00,1.43674650e-01,1.74944313e-02,1.40801157e+02,1.71445427e+01
2.32600000e+00,-5.23368120e-02,2.06692385e-01,2.70928044e-02,4.88392864e-02,0.00000000e+00,0.00000000e+00,1.44027285e-01,1.71856637e-02,1.41146739e+02,1.68419504e+01
2.32800000e+00,-5.19174501e-02,2.12697791e-01,2.71879106e-02,4.60248502e-02,0.00000000e+00,0.00000000e+00,1.40322235e-01,1.57276766e-02,1.37515790e+02,1.54131230e+01
2.33000000e+00,-5.14860596e-02,2.18645101e-01,2.72767321e-02,4.29528843e-02,0.00000000e+00,0.00000000e+00,1.41887737e-01,1.67733140e-02,1.39049982e+02,1.64378478e+01
2.33200000e+00,-5.10430032e-02,2.24392111e-01,2.73599782e-02,4.02650063e-02,0.00000000e+00,0.00000000e+00,1.41409499e-01,1.66538860e-02,1.38581309e+02,1.63208083e+01
2.33400000e+00,-5.05885618e-02,2.30033190e-01,2.74376925e-02,3.74276351e-02,0.00000000e+00,0.00000000e+00,1.40676406e-01,1.65716974e-02,1.37862878e+02,1.62402634e+01
2.33600000e+00,-5.01229482e-02,2.35557687e-01,2.75096405e-02,3.45178886e-02,0.00000000e+00,0.00000000e+00,1.40355427e-01,1.66059397e-02,1.37548319e+02,1.62738209e+01
2.33800000e+00,-4.96464250e-02,2.40941242e-01,2.75757600e-02,3.16021435e-02,0.00000000e+00,0.00000000e+00,1.40101928e-01,1.66547532e-02,1.37299890e+02,1.63216581e+01
2.34000000e+00,-4.91592753e-02,2.46186746e-01,2.76360432e-02,2.86776254e-02,0.00000000e+00,0.00000000e+00,1.39626077e-01,1.66748362e-02,1.36833556e+02,1.63413394e+01
2.34200000e+00,-4.86617658e-02,2.51300615e-01,2.76904531e-02,2.57268869e-02,0.00000000e+00,0.00000000e+00,1.39137563e-01,1.66786471e-02,1.36354811e+02,1.63450741e+01
2.34400000e+00,-4.81541510e-02,2.56297272e-01,2.77391286e-02,2.30428971e-02,0.00000000e+00,0.00000000e+00,1.38241675e-01,1.73054125e-02,1.35476841e+02,1.69593042e+01
2.34600000e+00,-4.76366825e-02,2.61135270e-01,2.77827522e-02,2.05501925e-02,0.00000000e+00,0.00000000e+00,1.38640678e-01,1.71434793e-02,1.35867864e+02,1.68006097e+01
2.34800000e+00,-4.71096564e-02,2.65903480e-01,2.78208734e-02,1.73735158e-02,0.00000000e+00,0.00000000e+00,1.35589571e-01,1.59254291e-02,1.32877780e+02,1.56069206e+01
2.35000000e+00,-4.65731398e-02,2.70564797e-01,2.78521216e-02,1.40098500e-02,0.00000000e+00,0.00000000e+00,1.36777980e-01,1.67970570e-02,1.34042421e+02,1.64611159e+01
2.35200000e+00,-4.60275449e-02,2.75004662e-01,2.78771503e-02,1.10025438e-02,0.00000000e+00,0.00000000e+00,1.36328716e-01,1.67104049e-02,1.33602142e+02,1.63761968e+01
2.35400000e+00,-4.54732190e-02,2.79297692e-01,2.78960656e-02,7.89601776e-03,0.00000000e+00,0.00000000e+00,1.35701642e-01,1.66170772e-02,1.32987609e+02,1.62847357e+01
2.35600000e+00,-4.49104539e-02,2.83440951e-01,2.79087107e-02,4.75386474e-03,0.00000000e+00,0.00000000e+00,1.35251471e-01,1.66549727e-02,1.32546442e+02,1.63218732e+01
2.35800000e+00,-4.43395651e-02,2.87419487e-01,2.79150924e-02,1.62871135e-03,0.00000000e+00,0.00000000e+00,1.34906828e-01,1.66631522e-02,1.32208692e+02,1.63298891e+01
2.36000000e+00,-4.37608938e-02,2.91221268e-01,2.79152361e-02,-1.48049736e-03,0.00000000e+00,0.00000000e+00,1.34673545e-01,1.66899168e-02,1.31980074e+02,1.63561185e+01
2.36200000e+00,-4.31747972e-02,2.94847197e-01,2.79091859e-02,-4.56646079e-03,0.00000000e+00,0.00000000e+00,1.34246499e-01,1.67045618e-02,1.31561569e+02,1.63704705e+01
2.36400000e+00,-4.25816009e-02,2.98329291e-01,2.78970929e-02,-7.46858952e-03,0.00000000e+00,0.00000000e+00,1.33206441e-01,1.70597185e-02,1.30542312e+02,1.67185241e+01
2.36600000e+00,-4.19816102e-02,3.01616255e-01,2.78794389e-02,-1.01797236e-02,0.00000000e+00,0.00000000e+00,1.33921899e-01,1.70813488e-02,1.31243461e+02,1.67397218e+01
2.36800000e+00,-4.13752301e-02,3.04761983e-01,2.78561033e-02,-1.32967878e-02,0.00000000e+00,0.00000000e+00,1.31569559e-01,1.61755488e-02,1.28938167e+02,1.58520378e+01
2.37000000e+00,-4.07626606e-02,3.07760140e-01,2.78261702e-02,-1.65361866e-02,0.00000000e+00,0.00000000e+00,1.32382096e-01,1.67831698e-02,1.29734454e+02,1.64475064e+01
2.37200000e+00,-4.01443414e-02,3.10530554e-01,2.77901474e-02,-1.94923263e-02,0.00000000e+00,0.00000000e+00,1.31855236e-01,1.67198532e-02,1.29218131e+02,1.63854561e+01
2.37400000e+00,-3.95206578e-02,3.13121886e-01,2.77481815e-02,-2.24775089e-02,0.00000000e+00,0.00000000e+00,1.31486153e-01,1.66634741e-02,1.28856430e+02,1.63302046e+01
2.37600000e+00,-3.88919754e-02,3.15530835e-01,2.77002439e-02,-2.54529715e-02,0.00000000e+00,0.00000000e+00,1.30994917e-01,1.66729906e-02,1.28375019e+02,1.63395308e+01
2.37800000e+00,-3.82586593e-02,3.17752557e-01,2.76464028e-02,-2.83787577e-02,0.00000000e+00,0.00000000e+00,1.30700441e-01,1.66920271e-02,1.28086432e+02,1.63581866e+01
2.38000000e+00,-3.76210934e-02,3.19781962e-01,2.75867656e-02,-3.12493755e-02,0.00000000e+00,0.00000000e+00,1.30292618e-01,1.67047687e-02,1.27686766e+02,1.63706733e+01
2.38200000e+00,-3.69796579e-02,3.21621665e-01,2.75214381e-02,-3.40707298e-02,0.00000000e+00,0.00000000e+00,1.29904731e-01,1.67032607e-02,1.27306636e+02,1.63691955e+01
2.38400000e+00,-3.63347153e-02,3.23298621e-01,2.74505474e-02,-3.67950016e-02,0.00000000e+00,0.00000000e+00,1.28837668e-01,1.68083948e-02,1.26260915e+02,1.64722269e+01
2.38600000e+00,-3.56866231e-02,3.24736103e-01,2.73744127e-02,-3.92873408e-02,0.00000000e+00,0.00000000e+00,1.30216154e-01,1.70823624e-02,1.27611830e+02,1.67407152e+01
2.38800000e+00,-3.50359095e-02,3.25965595e-01,2.72933233e-02,-4.18918559e-02,0.00000000e+00,0.00000000e+00,1.28390957e-01,1.64581216e-02,1.25823138e+02,1.61289592e+01
2.39000000e+00,-3.43828721e-02,3.27028029e-01,2.72067921e-02,-4.45761829e-02,0.00000000e+00,0.00000000e+00,1.28793467e-01,1.67923428e-02,1.26217597e+02,1.64564959e+01
2.39200000e+00,-3.37279492e-02,3.27862710e-01,2.71151602e-02,-4.70480861e-02,0.00000000e+00,0.00000000e+00,1.28370157e-01,1.67741086e-02,1.25802754e+02,1.64386264e+01
2.39400000e+00,-3.30715503e-02,3.28503822e-01,2.70186263e-02,-4.94802148e-02,0.00000000e+00,0.00000000e+00,1.27961067e-01,1.67389193e-02,1.25401845e+02,1.64041409e+01
2.39600000e+00,-3.24140700e-02,3.28940907e-01,2.69172757e-02,-5.18576966e-02,0.00000000e+00,0.00000000e+00,1.27772459e-01,1.67450013e-02,1.25217010e+02,1.64101013e+01
2.39800000e+00,-3.17559231e-02,3.29173334e-01,2.68112440e-02,-5.41624909e-02,0.00000000e+00,0.00000000e+00,1.27371823e-01,1.67409619e-02,1.24824386e+02,1.64061427e+01
2.40000000e+00,-3.10975102e-02,3.29205485e-01,2.67006750e-02,-5.63934746e-02,0.00000000e+00,0.00000000e+00,1.27077863e-01,1.67428901e-02,1.24536306e+02,1.64080323e+01
2.40200000e+00,-3.04392375e-02,3.29033236e-01,2.65857199e-02,-5.85496602e-02,0.00000000e+00,0.00000000e+00,1.26773905e-01,1.67346268e-02,1.24238427e+02,1.63999343e+01
2.40400000e+00,-2.97815119e-02,3.28658933e-01,2.64665535e-02,-6.05901649e-02,0.00000000e+00,0.00000000e+00,1.26428730e-01,1.68163104e-02,1.23900155e+02,1.64799842e+01
2.40600000e+00,-2.91247593e-02,3.28048320e-01,2.63434754e-02,-6.24565863e-02,0.00000000e+00,0.00000000e+00,1.26932293e-01,1.69249764e-02,1.24393647e+02,1.65864769e+01
2.40800000e+00,-2.84694663e-02,3.27216243e-01,2.62167485e-02,-6.42909486e-02,0.00000000e+00,0.00000000e+00,1.26251148e-01,1.67033045e-02,1.23726125e+02,1.63692384e+01
2.41000000e+00,-2.78160270e-02,3.26185083e-01,2.60863369e-02,-6.60873678e-02,0.00000000e+00,0.00000000e+00,1.26246068e-01,1.68190637e-02,1.23721147e+02,1.64826824e+01
2.41200000e+00,-2.71648725e-02,3.24934161e-01,2.59524969e-02,-6.77369227e-02,0.00000000e+00,0.00000000e+00,1.26065923e-01,1.68210524e-02,1.23544605e+02,1.64846314e+01
2.41400000e+00,-2.65164292e-02,3.23475026e-01,2.58154457e-02,-6.93017700e-02,0.00000000e+00,0.00000000e+00,1.25812195e-01,1.68017216e-02,1.23295951e+02,1.64656871e+01
2.41600000e+00,-2.58711093e-02,3.21810450e-01,2.56753391e-02,-7.07927054e-02,0.00000000e+00,0.00000000e+00,1.25591984e-01,1.67766549e-02,1.23080144e+02,1.64411218e+01
2.41800000e+00,-2.52293232e-02,3.19942176e-01,2.55323328e-02,-7.21966291e-02,0.00000000e+00,0.00000000e+00,1.25325512e-01,1.67806443e-02,1.22819002e+02,1.64450314e+01
2.42000000e+00,-2.45914775e-02,3.17868603e-01,2.53866191e-02,-7.35008236e-02,0.00000000e+00,0.00000000e+00,1.25174039e-01,1.67783633e-02,1.22670558e+02,1.64427961e+01
2.42200000e+00,-2.39579864e-02,3.15588638e-01,2.52383953e-02,-7.47063612e-02,0.00000000e+00,0.00000000e+00,1.24967837e-01,1.67764758e-02,1.22468480e+02,1.64409463e+01
2.42400000e+00,-2.33292821e-02,3.13070053e-01,2.50878945e-02,-7.57606219e-02,0.00000000e+00,0.00000000e+00,1.25607560e-01,1.68813368e-02,1.23095409e+02,1.65437101e+01
2.42600000e+00,-2.27058543e-02,3.10329296e-01,2.49354141e-02,-7.67230455e-02,0.00000000e+00,0.00000000e+00,1.25059150e-01,1.67518042e-02,1.22557967e+02,1.64167681e+01
2.42800000e+00,-2.20880952e-02,3.07393060e-01,2.47810623e-02,-7.75955763e-02,0.00000000e+00,0.00000000e+00,1.25120613e-01,1.68498891e-02,1.22618201e+02,1.65128913e+01
2.43000000e+00,-2.14764226e-02,3.04246027e-01,2.46251291e-02,-7.83221275e-02,0.00000000e+00,0.00000000e+00,1.24978979e-01,1.68357568e-02,1.22479399e+02,1.64990416e+01
2.43200000e+00,-2.08712453e-02,3.00897694e-01,2.44678338e-02,-7.89586444e-02,0.00000000e+00,0.00000000e+00,1.24870685e-01,1.68144292e-02,1.22373271e+02,1.64781407e+01
2.43400000e+00,-2.02729662e-02,2.97347768e-01,2.43093587e-02,-7.94989066e-02,0.00000000e+00,0.00000000e+00,1.24791409e-01,1.68116303e-02,1.22295580e+02,1.64753977e+01
2.43600000e+00,-1.96819859e-02,2.93600352e-01,2.41499108e-02,-7.99302900e-02,0.00000000e+00,0.00000000e+00,1.24646032e-01,1.68153671e-02,1.22153111e+02,1.64790598e+01
2.43800000e+00,-1.90986936e-02,2.89659836e-01,2.39897054e-02,-8.02598875e-02,0.00000000e+00,0.00000000e+00,1.24526096e-01,1.67965547e-02,1.22035574e+02,1.64606236e+01
2.44000000e+00,-1.85234742e-02,2.85527890e-01,2.38289369e-02,-8.04909881e-02,0.00000000e+00,0.00000000e+00,1.24406863e-01,1.67925446e-02,1.21918726e+02,1.64566937e+01
2.44200000e+00,-1.79567073e-02,2.81208018e-01,2.36678111e-02,-8.06176266e-02,0.00000000e+00,0.00000000e+00,1.24273236e-01,1.67856997e-02,1.21787771e+02,1.64499857e+01
2.44400000e+00,-1.73988154e-02,2.76628268e-01,2.35065730e-02,-8.05843625e-02,0.00000000e+00,0.00000000e+00,1.25906848e-01,1.68978416e-02,1.23388711e+02,1.65598848e+01
2.44600000e+00,-1.68503235e-02,2.71854669e-01,2.33454643e-02,-8.05650728e-02,0.00000000e+00,0.00000000e+00,1.24306030e-01,1.65261875e-02,1.21819909e+02,1.61956637e+01
2.44800000e+00,-1.63115037e-02,2.66920527e-01,2.31844079e-02,-8.04030162e-02,0.00000000e+00,0.00000000e+00,1.25239822e-01,1.69673987e-02,1.22735026e+02,1.66280508e+01
2.45000000e+00,-1.57827830e-02,2.61773971e-01,2.30240203e-02,-7.99888587e-02,0.00000000e+00,0.00000000e+00,1.24932609e-01,1.68260519e-02,1.22433957e+02,1.64895309e+01
2.45200000e+00,-1.52645168e-02,2.56463992e-01,2.28644643e-02,-7.95569700e-02,0.00000000e+00,0.00000000e+00,1.24806267e-01,1.67765072e-02,1.22310142e+02,1.64409770e+01
2.45400000e+00,-1.47570416e-02,2.50982146e-01,2.27058553e-02,-7.90309035e-02,0.00000000e+00,0.00000000e+00,1.24783793e-01,1.67969408e-02,1.22288117e+02,1.64610020e+01
2.45600000e+00,-1.42607047e-02,2.45325620e-01,2.25484239e-02,-7.83800449e-02,0.00000000e+00,0.00000000e+00,1.24813351e-01,1.68132868e-02,1.22317084e+02,1.64770211e+01
2.45800000e+00,-1.37758535e-02,2.39497589e-01,2.23924094e-02,-7.76176308e-02,0.00000000e+00,0.00000000e+00,1.24809791e-01,1.68079139e-02,1.22313595e+02,1.64717556e+01
2.46000000e+00,-1.33028244e-02,2.33504516e-01,2.22380198e-02,-7.67555803e-02,0.00000000e+00,0.00000000e+00,1.24784119e-01,1.68015219e-02,1.22288436e+02,1.64654915e+01
2.46200000e+00,-1.28419418e-02,2.27351783e-01,2.20854545e-02,-7.57924783e-02,0.00000000e+00,0.00000000e+00,1.24753312e-01,1.68016846e-02,1.22258245e+02,1.64656509e+01
2.46400000e+00,-1.23935742e-02,2.20963628e-01,2.19348716e-02,-7.47968762e-02,0.00000000e+00,0.00000000e+00,1.26599300e-01,1.66542121e-02,1.24067314e+02,1.63211279e+01
2.46600000e+00,-1.19581895e-02,2.14422243e-01,2.17862122e-02,-7.38833957e-02,0.00000000e+00,0.00000000e+00,1.24753037e-01,1.64165594e-02,1.22257976e+02,1.60882282e+01
2.46800000e+00,-1.15359720e-02,2.07750661e-01,2.16395235e-02,-7.26916327e-02,0.00000000e+00,0.00000000e+00,1.26167925e-01,1.70283323e-02,1.23644567e+02,1.66877656e+01
2.47000000e+00,-1.11273116e-02,2.00891987e-01,2.14956247e-02,-7.12314714e-02,0.00000000e+00,0.00000000e+00,1.25760945e-01,1.67737520e-02,1.23245726e+02,1.64382769e+01
2.47200000e+00,-1.07324836e-02,1.93913997e-01,2.13545687e-02,-6.98147460e-02,0.00000000e+00,0.00000000e+00,1.25704565e-01,1.67350775e-02,1.23190474e+02,1.64003760e+01
2.47400000e+00,-1.03517455e-02,1.86801111e-01,2.12164221e-02,-6.83133750e-02,0.00000000e+00,0.00000000e+00,1.25776081e-01,1.67534658e-02,1.23260559e+02,1.64183965e+01
2.47600000e+00,-9.98537130e-03,1.79550053e-01,2.10813939e-02,-6.66939504e-02,0.00000000e+00,0.00000000e+00,1.25912981e-01,1.67893221e-02,1.23394721e+02,1.64535357e+01
2.47800000e+00,-9.63363515e-03,1.72164268e-01,2.09497167e-02,-6.49690055e-02,0.00000000e+00,0.00000000e+00,1.26022929e-01,1.67861445e-02,1.23502470e+02,1.64504216e+01
2.48000000e+00,-9.29679865e-03,1.64651853e-01,2.08215792e-02,-6.31521267e-02,0.00000000e+00,0.00000000e+00,1.26091718e-01,1.67985031e-02,1.23569884e+02,1.64625330e+01
2.48200000e+00,-8.97510727e-03,1.57020142e-01,2.06971685e-02,-6.12447471e-02,0.00000000e+00,0.00000000e+00,1.26153421e-01,1.67976034e-02,1.23630353e+02,1.64616514e+01
2.48400000e+00,-8.66883287e-03,1.49216266e-01,2.05764731e-02,-5.95280261e-02,0.00000000e+00,0.00000000e+00,1.27582877e-01,1.62251561e-02,1.25031219e+02,1.59006530e+01
2.48600000e+00,-8.37831116e-03,1.41308968e-01,2.04589676e-02,-5.79444384e-02,0.00000000e+00,0.00000000e+00,1.26166212e-01,1.63496586e-02,1.23642888e+02,1.60226654e+01
2.48800000e+00,-8.10367050e-03,1.33291422e-01,2.03450115e-02,-5.58866480e-02,0.00000000e+00,0.00000000e+00,1.27884574e-01,1.70569247e-02,1.25326883e+02,1.67157862e+01
2.49000000e+00,-7.84523856e-03,1.25134247e-01,2.02355694e-02,-5.36062813e-02,0.00000000e+00,0.00000000e+00,1.27286051e-01,1.66595494e-02,1.24740330e+02,1.63263584e+01
2.49200000e+00,-7.60317483e-03,1.16915102e-01,2.01305023e-02,-5.14520161e-02,0.00000000e+00,0.00000000e+00,1.27323114e-01,1.66412659e-02,1.24776652e+02,1.63084406e+01
2.49400000e+00,-7.37763676e-03,1.08608051e-01,2.00298156e-02,-4.92163494e-02,0.00000000e+00,0.00000000e+00,1.27465214e-01,1.66856682e-02,1.24915910e+02,1.63519548e+01
2.49600000e+00,-7.16880303e-03,1.00210391e-01,1.99337098e-02,-4.68712854e-02,0.00000000e+00,0.00000000e+00,1.27701427e-01,1.67326472e-02,1.25147398e+02,1.63979942e+01
2.49800000e+00,-6.97685210e-03,9.17273780e-02,1.98423926e-02,-4.44330017e-02,0.00000000e+00,0.00000000e+00,1.27858169e-01,1.67498933e-02,1.25301006e+02,1.64148955e+01
2.50000000e+00,-6.80194378e-03,8.31689770e-02,1.97560300e-02,-4.19164264e-02,0.00000000e+00,0.00000000e+00,1.28000340e-01,1.67725843e-02,1.25440334e+02,1.64371327e+01
2.50200000e+00,-6.64422177e-03,7.45422084e-02,1.96747725e-02,-3.93314715e-02,0.00000000e+00,0.00000000e+00,1.28133045e-01,1.67762891e-02,1.25570384e+02,1.64407633e+01
2.50400000e+00,-6.50384196e-03,6.58149263e-02,1.95984454e-02,-3.71345251e-02,0.00000000e+00,0.00000000e+00,1.29167588e-01,1.58481618e-02,1.26584236e+02,1.55311986e+01
2.50600000e+00,-6.38098908e-03,5.70471281e-02,1.95260996e-02,-3.51398039e-02,0.00000000e+00,0.00000000e+00,1.28041093e-01,1.62476818e-02,1.25480271e+02,1.59227282e+01
2.50800000e+00,-6.27570434e-03,4.82030084e-02,1.94583042e-02,-3.25182338e-02,0.00000000e+00,0.00000000e+00,1.30055594e-01,1.70660541e-02,1.27454482e+02,1.67247331e+01
2.51000000e+00,-6.18823458e-03,3.92725978e-02,1.93961564e-02,-2.97021277e-02,0.00000000e+00,0.00000000e+00,1.29306971e-01,1.65660515e-02,1.26720832e+02,1.62347305e+01
2.51200000e+00,-6.11861127e-03,3.03462028e-02,1.93393584e-02,-2.70918936e-02,0.00000000e+00,0.00000000e+00,1.29356987e-01,1.65517246e-02,1.26769848e+02,1.62206901e+01
2.51400000e+00,-6.06687025e-03,2.13890820e-02,1.92878273e-02,-2.44239515e-02,0.00000000e+00,0.00000000e+00,1.29566043e-01,1.66124822e-02,1.26974722e+02,1.62802326e+01
2.51600000e+00,-6.03307779e-03,1.23976953e-02,1.92417250e-02,-2.16623935e-02,0.00000000e+00,0.00000000e+00,1.29845156e-01,1.66812434e-02,1.27248252e+02,1.63476185e+01
2.51800000e+00,-6.01729868e-03,3.37749956e-03,1.92012322e-02,-1.88191355e-02,0.00000000e+00,0.00000000e+00,1.30073623e-01,1.67249680e-02,1.27472151e+02,1.63904686e+01
2.52000000e+00,-6.01957966e-03,-5.66050451e-03,1.91664839e-02,-1.59227322e-02,0.00000000e+00,0.00000000e+00,1.30243028e-01,1.67419753e-02,1.27638167e+02,1.64071358e+01
2.52200000e+00,-6.03994730e-03,-1.47084131e-02,1.91375623e-02,-1.29946964e-02,0.00000000e+00,0.00000000e+00,1.30434407e-01,1.67488548e-02,1.27825719e+02,1.64138777e+01
2.52400000e+00,-6.07843637e-03,-2.37909092e-02,1.91141657e-02,-1.05757520e-02,0.00000000e+00,0.00000000e+00,1.31328413e-01,1.56389097e-02,1.28701845e+02,1.53261315e+01
2.52600000e+00,-6.13509228e-03,-3.28454295e-02,1.90950817e-02,-8.42324410e-03,0.00000000e+00,0.00000000e+00,1.30206148e-01,1.61614973e-02,1.27602025e+02,1.58382673e+01
2.52800000e+00,-6.20983288e-03,-4.19221275e-02,1.90809290e-02,-5.58637315e-03,0.00000000e+00,0.00000000e+00,1.32419836e-01,1.70540712e-02,1.29771440e+02,1.67129898e+01
2.53000000e+00,-6.30279879e-03,-5.10258206e-02,1.90728491e-02,-2.58019663e-03,0.00000000e+00,0.00000000e+00,1.31558627e-01,1.65040648e-02,1.28927454e+02,1.61739835e+01
2.53200000e+00,-6.41388671e-03,-6.00553366e-02,1.90704221e-02,1.46799536e-04,0.00000000e+00,0.00000000e+00,1.31556471e-01,1.64634884e-02,1.28925341e+02,1.61342186e+01
2.53400000e+00,-6.54299717e-03,-6.90504051e-02,1.90734422e-02,2.88266188e-03,0.00000000e+00,0.00000000e+00,1.31770907e-01,1.65258765e-02,1.29135489e+02,1.61953590e+01
2.53600000e+00,-6.69006974e-03,-7.80175970e-02,1.90819945e-02,5.68122397e-03,0.00000000e+00,0.00000000e+00,1.32069045e-01,1.66061753e-02,1.29427664e+02,1.62740518e+01
2.53800000e+00,-6.85504525e-03,-8.69513344e-02,1.90962006e-02,8.53000299e-03,0.00000000e+00,0.00000000e+00,1.32299410e-01,1.66504156e-02,1.29653422e+02,1.63174073e+01
2.54000000e+00,-7.03784609e-03,-9.58415918e-02,1.91161296e-02,1.14013071e-02,0.00000000e+00,0.00000000e+00,1.32508966e-01,1.66807544e-02,1.29858787e+02,1.63471393e+01
2.54200000e+00,-7.23837755e-03,-1.04680756e-01,1.91418126e-02,1.42827567e-02,0.00000000e+00,0.00000000e+00,1.32706363e-01,1.67072256e-02,1.30052236e+02,1.63730811e+01
2.54400000e+00,-7.45655322e-03,-1.13496080e-01,1.91728955e-02,1.66166657e-02,0.00000000e+00,0.00000000e+00,1.33696944e-01,1.55748424e-02,1.31023005e+02,1.52633456e+01
2.54600000e+00,-7.69229672e-03,-1.22213688e-01,1.92080618e-02,1.86243902e-02,0.00000000e+00,0.00000000e+00,1.32311720e-01,1.60720122e-02,1.29665485e+02,1.57505720e+01
2.54800000e+00,-7.94537630e-03,-1.30883787e-01,1.92478381e-02,2.12995741e-02,0.00000000e+00,0.00000000e+00,1.34617430e-01,1.70316327e-02,1.31925082e+02,1.66910000e+01
2.55000000e+00,-8.21581033e-03,-1.39521574e-01,1.92933641e-02,2.41309010e-02,0.00000000e+00,0.00000000e+00,1.33728926e-01,1.64635990e-02,1.31054347e+02,1.61343270e+01
2.55200000e+00,-8.50337021e-03,-1.48020797e-01,1.93441419e-02,2.66325999e-02,0.00000000e+00,0.00000000e+00,1.33692202e-01,1.64112558e-02,1.31018358e+02,1.60830307e+01
2.55400000e+00,-8.80782752e-03,-1.56421029e-01,1.93998758e-02,2.91061901e-02,0.00000000e+00,0.00000000e+00,1.33866794e-01,1.64832112e-02,1.31189458e+02,1.61535469e+01
2.55600000e+00,-9.12899406e-03,-1.64730856e-01,1.94605874e-02,3.16108559e-02,0.00000000e+00,0.00000000e+00,1.34167469e-01,1.65621942e-02,1.31484120e+02,1.62309503e+01
2.55800000e+00,-9.46668817e-03,-1.72946536e-01,1.95263289e-02,3.41300094e-02,0.00000000e+00,0.00000000e+00,1.34389909e-01,1.66065086e-02,1.31702111e+02,1.62743784e+01
2.56000000e+00,-9.82071114e-03,-1.81058628e-01,1.95971037e-02,3.66435567e-02,0.00000000e+00,0.00000000e+00,1.34603711e-01,1.66505075e-02,1.31911637e+02,1.63174974e+01
2.56200000e+00,-1.01908492e-02,-1.89060537e-01,1.96728946e-02,3.91443084e-02,0.00000000e+00,0.00000000e+00,1.34803999e-01,1.66869012e-02,1.32107919e+02,1.63531632e+01
2.56400000e+00,-1.05769150e-02,-1.97005040e-01,1.97533637e-02,4.11692980e-02,0.00000000e+00,0.00000000e+00,1.36381432e-01,1.57659480e-02,1.33653803e+02,1.54506290e+01
2.56600000e+00,-1.09787572e-02,-2.04781286e-01,1.98373188e-02,4.28148489e-02,0.00000000e+00,0.00000000e+00,1.34120637e-01,1.60097350e-02,1.31438224e+02,1.56895403e+01
2.56800000e+00,-1.13959480e-02,-2.12419339e-01,1.99249742e-02,4.49870168e-02,0.00000000e+00,0.00000000e+00,1.36526766e-01,1.69957129e-02,1.33796230e+02,1.66557987e+01
2.57000000e+00,-1.18283790e-02,-2.19974043e-01,2.00173682e-02,4.73112323e-02,0.00000000e+00,0.00000000e+00,1.35672009e-01,1.64598870e-02,1.32958569e+02,1.61306893e+01
2.57200000e+00,-1.22757139e-02,-2.27333372e-01,2.01139870e-02,4.92873036e-02,0.00000000e+00,0.00000000e+00,1.35582957e-01,1.64021697e-02,1.32871298e+02,1.60741263e+01
2.57400000e+00,-1.27376072e-02,-2.34534803e-01,2.02144727e-02,5.11962164e-02,0.00000000e+00,0.00000000e+00,1.35723417e-01,1.64616920e-02,1.33008949e+02,1.61324582e+01
2.57600000e+00,-1.32137548e-02,-2.41588761e-01,2.03187730e-02,5.31067518e-02,0.00000000e+00,0.00000000e+00,1.35994918e-01,1.65537973e-02,1.33275020e+02,1.62227213e+01
2.57800000e+00,-1.37038624e-02,-2.48493018e-01,2.04268935e-02,5.50079697e-02,0.00000000e+00,0.00000000e+00,1.36197911e-01,1.65958141e-02,1.33473953e+02,1.62638978e+01
2.58000000e+00,-1.42076201e-02,-2.55237138e-01,2.05387760e-02,5.68658259e-02,0.00000000e+00,0.00000000e+00,1.36337600e-01,1.66218513e-02,1.33610848e+02,1.62894143e+01
2.58200000e+00,-1.47247010e-02,-2.61816264e-01,2.06543284e-02,5.86811268e-02,0.00000000e+00,0.00000000e+00,1.36536550e-01,1.66708221e-02,1.33805819e+02,1.63374056e+01
2.58400000e+00,-1.52548390e-02,-2.68326106e-01,2.07732935e-02,6.01860444e-02,0.00000000e+00,0.00000000e+00,1.39019704e-01,1.61396525e-02,1.36239310e+02,1.58168594e+01
2.58600000e+00,-1.57978539e-02,-2.74608663e-01,2.08947968e-02,6.12773973e-02,0.00000000e+00,0.00000000e+00,1.35632330e-01,1.59758634e-02,1.32919683e+02,1.56563461e+01
2.58800000e+00,-1.63531180e-02,-2.80657806e-01,2.10186102e-02,6.26793270e-02,0.00000000e+00,0.00000000e+00,1.38073496e-01,1.69679164e-02,1.35312026e+02,1.66285581e+01
2.59000000e+00,-1.69204016e-02,-2.86581718e-01,2.11456211e-02,6.42417447e-02,0.00000000e+00,0.00000000e+00,1.37312568e-01,1.64934975e-02,1.34566317e+02,1.61636276e+01
2.59200000e+00,-1.74992859e-02,-2.92267173e-01,2.12753528e-02,6.54676826e-02,0.00000000e+00,0.00000000e+00,1.37203625e-01,1.64464664e-02,1.34459552e+02,1.61175370e+01
2.59400000e+00,-1.80893341e-02,-2.97748324e-01,2.14074368e-02,6.66110425e-02,0.00000000e+00,0.00000000e+00,1.37332714e-01,1.65083887e-02,1.34586060e+02,1.61782210e+01
2.59600000e+00,-1.86901510e-02,-3.03037192e-01,2.15417811e-02,6.77305514e-02,0.00000000e+00,0.00000000e+00,1.37593424e-01,1.65878655e-02,1.34841555e+02,1.62561082e+01
2.59800000e+00,-1.93013518e-02,-3.08129406e-01,2.16783340e-02,6.88125695e-02,0.00000000e+00,0.00000000e+00,1.37705882e-01,1.66243255e-02,1.34951764e+02,1.62918390e+01
2.60000000e+00,-1.99225312e-02,-3.13015487e-01,2.18169908e-02,6.98337368e-02,0.00000000e+00,0.00000000e+00,1.37827407e-01,1.66577997e-02,1.35070858e+02,1.63246437e+01
2.60200000e+00,-2.05532741e-02,-3.17692124e-01,2.19576236e-02,7.07869219e-02,0.00000000e+00,0.00000000e+00,1.37941435e-01,1.66821406e-02,1.35182607e+02,1.63484978e+01
2.60400000e+00,-2.11932603e-02,-3.22309702e-01,2.21000813e-02,7.16542548e-02,0.00000000e+00,0.00000000e+00,1.41652947e-01,1.66807462e-02,1.38819888e+02,1.63471313e+01
2.60600000e+00,-2.18423369e-02,-3.26663281e-01,2.22439665e-02,7.21104070e-02,0.00000000e+00,0.00000000e+00,1.37052848e-01,1.60243865e-02,1.34311791e+02,1.57038987e+01
2.60800000e+00,-2.24996908e-02,-3.30682912e-01,2.23885401e-02,7.25924181e-02,0.00000000e+00,0.00000000e+00,1.39199207e-01,1.69414138e-02,1.36415223e+02,1.66025856e+01
2.61000000e+00,-2.31649583e-02,-3.34537244e-01,2.25344473e-02,7.32411291e-02,0.00000000e+00,0.00000000e+00,1.38605069e-01,1.65824337e-02,1.35832968e+02,1.62507850e+01
2.61200000e+00,-2.38376637e-02,-3.38127500e-01,2.26813132e-02,7.36026945e-02,0.00000000e+00,0.00000000e+00,1.38505111e-01,1.65483469e-02,1.35735009e+02,1.62173800e+01
2.61400000e+00,-2.45173091e-02,-3.41479000e-01,2.28287944e-02,7.38687334e-02,0.00000000e+00,0.00000000e+00,1.38560259e-01,1.65924980e-02,1.35789053e+02,1.62606481e+01
2.61600000e+00,-2.52034272e-02,-3.44601699e-01,2.29767543e-02,7.40840718e-02,0.00000000e+00,0.00000000e+00,1.38746718e-01,1.66532071e-02,1.35971784e+02,1.63201429e+01
2.61800000e+00,-2.58955628e-02,-3.47494756e-01,2.31250902e-02,7.42387269e-02,0.00000000e+00,0.00000000e+00,1.38832233e-01,1.66769638e-02,1.36055588e+02,1.63434245e+01
2.62000000e+00,-2.65932498e-02,-3.50153198e-01,2.32736577e-02,7.43160881e-02,0.00000000e+00,0.00000000e+00,1.38948800e-01,1.67031694e-02,1.36169824e+02,1.63691060e+01
2.62200000e+00,-2.72960176e-02,-3.52574647e-01,2.34223033e-02,7.43165330e-02,0.00000000e+00,0.00000000e+00,1.39021139e-01,1.67278620e-02,1.36240716e+02,1.63933047e+01
2.62400000e+00,-2.80035126e-02,-3.54942369e-01,2.35710298e-02,7.44758425e-02,0.00000000e+00,0.00000000e+00,1.43459263e-01,1.72490545e-02,1.40590078e+02,1.69040734e+01
2.62600000e+00,-2.87155974e-02,-3.57025544e-01,2.37199667e-02,7.42752994e-02,0.00000000e+00,0.00000000e+00,1.38175975e-01,1.61853040e-02,1.35412455e+02,1.58615979e+01
2.62800000e+00,-2.94313511e-02,-3.58713206e-01,2.38679666e-02,7.38281317e-02,0.00000000e+00,0.00000000e+00,1.40053140e-01,1.69430423e-02,1.37252077e+02,1.66041814e+01
2.63000000e+00,-3.01503249e-02,-3.60212929e-01,2.40153778e-02,7.35287695e-02,0.00000000e+00,0.00000000e+00,1.39647170e-01,1.67062355e-02,1.36854227e+02,1.63721108e+01
2.63200000e+00,-3.08720219e-02,-3.61441304e-01,2.41619282e-02,7.29993345e-02,0.00000000e+00,0.00000000e+00,1.39598661e-01,1.66696838e-02,1.36806687e+02,1.63362901e+01
2.63400000e+00,-3.15959218e-02,-3.62417210e-01,2.43073062e-02,7.23665158e-02,0.00000000e+00,0.00000000e+00,1.39652893e-01,1.66971690e-02,1.36859835e+02,1.63632256e+01
2.63600000e+00,-3.23215261e-02,-3.63146261e-01,2.44513504e-02,7.16678291e-02,0.00000000e+00,0.00000000e+00,1.39750481e-01,1.67374855e-02,1.36955472e+02,1.64027358e+01
2.63800000e+00,-3.30483417e-02,-3.63627647e-01,2.45939296e-02,7.08973319e-02,0.00000000e+00,0.00000000e+00,1.39796665e-01,1.67504319e-02,1.37000732e+02,1.64154232e+01
2.64000000e+00,-3.37758715e-02,-3.63861256e-01,2.47348911e-02,7.00538494e-02,0.00000000e+00,0.00000000e+00,1.39898476e-01,1.67860030e-02,1.37100506e+02,1.64502830e+01
2.64200000e+00,-3.45036199e-02,-3.63844666e-01,2.48740930e-02,6.91323232e-02,0.00000000e+00,0.00000000e+00,1.39890894e-01,1.67858474e-02,1.37093077e+02,1.64501304e+01
2.64400000e+00,-3.52311887e-02,-3.63735783e-01,2.50115759e-02,6.84441082e-02,0.00000000e+00,0.00000000e+00,1.43681654e-01,1.74724471e-02,1.40808021e+02,1.71229981e+01
2.64600000e+00,-3.59583806e-02,-3.63353280e-01,2.51476917e-02,6.74893925e-02,0.00000000e+00,0.00000000e+00,1.39434506e-01,1.64212283e-02,1.36645816e+02,1.60928037e+01
2.64800000e+00,-3.66843470e-02,-3.62588602e-01,2.52813064e-02,6.61940259e-02,0.00000000e+00,0.00000000e+00,1.40680535e-01,1.69488552e-02,1.37866925e+02,1.66098781e+01
2.65000000e+00,-3.74085965e-02,-3.61616067e-01,2.54125399e-02,6.50068779e-02,0.00000000e+00,0.00000000e+00,1.40493458e-01,1.68363271e-02,1.37683589e+02,1.64996006e+01
2.65200000e+00,-3.81306348e-02,-3.60378945e-01,2.55412211e-02,6.36506228e-02,0.00000000e+00,0.00000000e+00,1.40396917e-01,1.67782734e-02,1.37588979e+02,1.64427079e+01
2.65400000e+00,-3.88499426e-02,-3.58887422e-01,2.56670773e-02,6.21967139e-02,0.00000000e+00,0.00000000e+00,1.40426583e-01,1.68117359e-02,1.37618051e+02,1.64755012e+01
2.65600000e+00,-3.95660225e-02,-3.57152827e-01,2.57899712e-02,6.06875809e-02,0.00000000e+00,0.00000000e+00,1.40569459e-01,1.68385327e-02,1.37758070e+02,1.65017621e+01
2.65800000e+00,-4.02783911e-02,-3.55174007e-01,2.59097927e-02,5.91260256e-02,0.00000000e+00,0.00000000e+00,1.40542828e-01,1.68735092e-02,1.37731972e+02,1.65360390e+01
2.66000000e+00,-4.09865539e-02,-3.52948337e-01,2.60264240e-02,5.74875806e-02,0.00000000e+00,0.00000000e+00,1.40591078e-01,1.68444188e-02,1.37779256e+02,1.65075304e+01
2.66200000e+00,-4.16900247e-02,-3.50482993e-01,2.61396932e-02,5.57744654e-02,0.00000000e+00,0.00000000e+00,1.40694811e-01,1.68792858e-02,1.37880914e+02,1.65417001e+01
2.66400000e+00,-4.23883550e-02,-3.47821301e-01,2.62495610e-02,5.41200212e-02,0.00000000e+00,0.00000000e+00,1.41714346e-01,1.71252094e-02,1.38880059e+02,1.67827052e+01
2.66600000e+00,-4.30811508e-02,-3.44921005e-01,2.63561093e-02,5.23695637e-02,0.00000000e+00,0.00000000e+00,1.40786376e-01,1.68306561e-02,1.37970648e+02,1.64940429e+01
2.66800000e+00,-4.37678614e-02,-3.41754361e-01,2.64589396e-02,5.04696329e-02,0.00000000e+00,0.00000000e+00,1.41109088e-01,1.69591443e-02,1.38286906e+02,1.66199615e+01
2.67000000e+00,-4.44480177e-02,-3.38361895e-01,2.65579720e-02,4.85460094e-02,0.00000000e+00,0.00000000e+00,1.41075488e-01,1.69231783e-02,1.38253979e+02,1.65847148e+01
2.67200000e+00,-4.51211519e-02,-3.34733753e-01,2.66530641e-02,4.65331036e-02,0.00000000e+00,0.00000000e+00,1.41111578e-01,1.69084027e-02,1.38289347e+02,1.65702347e+01
2.67400000e+00,-4.57868009e-02,-3.30877891e-01,2.67440612e-02,4.44553506e-02,0.00000000e+00,0.00000000e+00,1.41203745e-01,1.69179043e-02,1.38379670e+02,1.65795462e+01
2.67600000e+00,-4.64445118e-02,-3.26794627e-01,2.68308522e-02,4.23277199e-02,0.00000000e+00,0.00000000e+00,1.41183357e-01,1.69285618e-02,1.38359689e+02,1.65899905e+01
2.67800000e+00,-4.70938347e-02,-3.22494441e-01,2.69133462e-02,4.01613416e-02,0.00000000e+00,0.00000000e+00,1.41452865e-01,1.69553038e-02,1.38623808e+02,1.66161978e+01
2.68000000e+00,-4.77343465e-02,-3.17979657e-01,2.69914708e-02,3.79547584e-02,0.00000000e+00,0.00000000e+00,1.41415742e-01,1.69566753e-02,1.38587427e+02,1.66175418e+01
2.68200000e+00,-4.83656011e-02,-3.13236506e-01,2.70651275e-02,3.56914794e-02,0.00000000e+00,0.00000000e+00,1.41288802e-01,1.69424427e-02,1.38463026e+02,1.66035939e+01
2.68400000e+00,-4.89870652e-02,-3.08152410e-01,2.71340328e-02,3.31223500e-02,0.00000000e+00,0.00000000e+00,1.38542399e-01,1.64141421e-02,1.35771551e+02,1.60858593e+01
2.68600000e+00,-4.95980897e-02,-3.02886782e-01,2.71976865e-02,3.06575688e-02,0.00000000e+00,0.00000000e+00,1.42056389e-01,1.72534612e-02,1.39215261e+02,1.69083920e+01
2.68800000e+00,-5.01985512e-02,-2.97529355e-01,2.72567874e-02,2.83793455e-02,0.00000000e+00,0.00000000e+00,1.41320704e-01,1.68910612e-02,1.38494290e+02,1.65532400e+01
2.69000000e+00,-5.07880580e-02,-2.91948142e-01,2.73110957e-02,2.59389746e-02,0.00000000e+00,0.00000000e+00,1.41662050e-01,1.69916965e-02,1.38828809e+02,1.66518626e+01
2.69200000e+00,-5.13662231e-02,-2.86185967e-01,2.73605683e-02,2.35360316e-02,0.00000000e+00,0.00000000e+00,1.41835234e-01,1.70412792e-02,1.38998529e+02,1.67004536e+01
2.69400000e+00,-5.19326776e-02,-2.80237498e-01,2.74052260e-02,2.11122817e-02,0.00000000e+00,0.00000000e+00,1.41957127e-01,1.70128053e-02,1.39117985e+02,1.66725492e+01
2.69600000e+00,-5.24870518e-02,-2.74107060e-01,2.74449923e-02,1.86508572e-02,0.00000000e+00,0.00000000e+00,1.42133494e-01,1.70200122e-02,1.39290824e+02,1.66796120e+01
2.69800000e+00,-5.30289848e-02,-2.67794998e-01,2.74798131e-02,1.61649051e-02,0.00000000e+00,0.00000000e+00,1.42162620e-01,1.70120786e-02,1.39319368e+02,1.66718371e+01
2.70000000e+00,-5.35581184e-02,-2.61312907e-01,2.75096583e-02,1.36884672e-02,0.00000000e+00,0.00000000e+00,1.42506193e-01,1.70836325e-02,1.39656069e+02,1.67419598e+01
2.70200000e+00,-5.40741203e-02,-2.54656642e-01,2.75345673e-02,1.12125871e-02,0.00000000e+00,0.00000000e+00,1.42331951e-01,1.70498413e-02,1.39485312e+02,1.67088445e+01
2.70400000e+00,-5.45764236e-02,-2.47518348e-01,2.75540736e-02,8.08429538e-03,0.00000000e+00,0.00000000e+00,1.35371471e-01,1.57432770e-02,1.32664041e+02,1.54284114e+01
2.70600000e+00,-5.50641248e-02,-2.40276682e-01,2.75671218e-02,5.28187670e-03,0.00000000e+00,0.00000000e+00,1.43927613e-01,1.77537632e-02,1.41049061e+02,1.73986879e+01
2.70800000e+00,-5.55376010e-02,-2.33141001e-01,2.75755300e-02,2.97282799e-03,0.00000000e+00,0.00000000e+00,1.41742062e-01,1.67917528e-02,1.38907221e+02,1.64559178e+01
2.71000000e+00,-5.59965336e-02,-2.25772654e-01,2.75787882e-02,3.26483270e-04,0.00000000e+00,0.00000000e+00,1.42267207e-01,1.70515299e-02,1.39421863e+02,1.67104993e+01
2.71200000e+00,-5.64406100e-02,-2.18281964e-01,2.75769495e-02,-2.14950777e-03,0.00000000e+00,0.00000000e+00,1.42538829e-01,1.71477157e-02,1.39688052e+02,1.68047614e+01
2.71400000e+00,-5.68695726e-02,-2.10657986e-01,2.75702042e-02,-4.60445859e-03,0.00000000e+00,0.00000000e+00,1.42685370e-01,1.70870557e-02,1.39831663e+02,1.67453146e+01
2.71600000e+00,-5.72831519e-02,-2.02898842e-01,2.75585144e-02,-7.08533439e-03,0.00000000e+00,0.00000000e+00,1.42788105e-01,1.70776120e-02,1.39932343e+02,1.67360598e+01
2.71800000e+00,-5.76810818e-02,-1.95010406e-01,2.75418776e-02,-9.54423378e-03,0.00000000e+00,0.00000000e+00,1.42944683e-01,1.71104239e-02,1.40085790e+02,1.67682154e+01
2.72000000e+00,-5.80631084e-02,-1.86994321e-01,2.75203553e-02,-1.19764510e-02,0.00000000e+00,0.00000000e+00,1.42956497e-01,1.71038651e-02,1.40097367e+02,1.67617878e+01
2.72200000e+00,-5.84289811e-02,-1.78861326e-01,2.74939895e-02,-1.43820087e-02,0.00000000e+00,0.00000000e+00,1.43232650e-01,1.71297018e-02,1.40367997e+02,1.67871078e+01
2.72400000e+00,-5.87781903e-02,-1.70183347e-01,2.74622549e-02,-1.76459256e-02,0.00000000e+00,0.00000000e+00,1.33107098e-01,1.52580451e-02,1.30444956e+02,1.49528842e+01
2.72600000e+00,-5.91096989e-02,-1.61481830e-01,2.74237197e-02,-2.04392396e-02,0.00000000e+00,0.00000000e+00,1.45424981e-01,1.80637716e-02,1.42516481e+02,1.77024962e+01
2.72800000e+00,-5.94242970e-02,-1.53049268e-01,2.73809536e-02,-2.25490348e-02,0.00000000e+00,0.00000000e+00,1.41994135e-01,1.66324281e-02,1.39154252e+02,1.62997796e+01
2.73000000e+00,-5.97217665e-02,-1.44422643e-01,2.73332525e-02,-2.50653475e-02,0.00000000e+00,0.00000000e+00,1.43353805e-01,1.71434088e-02,1.40486729e+02,1.68005406e+01
2.73200000e+00,-6.00019626e-02,-1.35758687e-01,2.72808814e-02,-2.72979546e-02,0.00000000e+00,0.00000000e+00,1.43444436e-01,1.71540251e-02,1.40575548e+02,1.68109446e+01
2.73400000e+00,-6.02647451e-02,-1.27010447e-01,2.72240738e-02,-2.95108738e-02,0.00000000e+00,0.00000000e+00,1.43565128e-01,1.71044829e-02,1.40693826e+02,1.67623932e+01
2.73600000e+00,-6.05099563e-02,-1.18189950e-01,2.71628514e-02,-3.17035363e-02,0.00000000e+00,0.00000000e+00,1.43793655e-01,1.71099815e-02,1.40917781e+02,1.67677819e+01
2.73800000e+00,-6.07374674e-02,-1.09313266e-01,2.70972981e-02,-3.38384820e-02,0.00000000e+00,0.00000000e+00,1.44145605e-01,1.71328590e-02,1.41262693e+02,1.67902018e+01
2.74000000e+00,-6.09471835e-02,-1.00397926e-01,2.70275649e-02,-3.58723317e-02,0.00000000e+00,0.00000000e+00,1.44638723e-01,1.72234026e-02,1.41745948e+02,1.68789345e+01
2.74200000e+00,-6.11390235e-02,-9.14291639e-02,2.69538573e-02,-3.78335310e-02,0.00000000e+00,0.00000000e+00,1.44499864e-01,1.71808569e-02,1.41609866e+02,1.68372398e+01
2.74400000e+00,-6.13125050e-02,-8.18675688e-02,2.68755216e-02,-4.08582887e-02,0.00000000e+00,0.00000000e+00,1.32240235e-01,1.48801731e-02,1.29595430e+02,1.45825697e+01
2.74600000e+00,-6.14665389e-02,-7.23736161e-02,2.67908768e-02,-4.32041303e-02,0.00000000e+00,0.00000000e+00,1.47377503e-01,1.84861768e-02,1.44429953e+02,1.81164533e+01
2.74800000e+00,-6.16022632e-02,-6.32752647e-02,2.67032268e-02,-4.47673169e-02,0.00000000e+00,0.00000000e+00,1.42629170e-01,1.63982596e-02,1.39776586e+02,1.60702944e+01
2.75000000e+00,-6.17195262e-02,-5.40063314e-02,2.66114386e-02,-4.68840089e-02,0.00000000e+00,0.00000000e+00,1.44386615e-01,1.71941619e-02,1.41498883e+02,1.68502786e+01
2.75200000e+00,-6.18183256e-02,-4.47931449e-02,2.65160020e-02,-4.85339236e-02,0.00000000e+00,0.00000000e+00,1.44775957e-01,1.72423691e-02,1.41880438e+02,1.68975217e+01
2.75400000e+00,-6.18986906e-02,-3.55675526e-02,2.64173280e-02,-5.01461264e-02,0.00000000e+00,0.00000000e+00,1.44790400e-01,1.71330120e-02,1.41894592e+02,1.67903517e+01
2.75600000e+00,-6.19605852e-02,-2.63259191e-02,2.63154359e-02,-5.17307301e-02,0.00000000e+00,0.00000000e+00,1.44944096e-01,1.71553923e-02,1.42045214e+02,1.68122844e+01
2.75800000e+00,-6.20039958e-02,-1.70865779e-02,2.62104709e-02,-5.32165552e-02,0.00000000e+00,0.00000000e+00,1.45236059e-01,1.71910124e-02,1.42331338e+02,1.68471922e+01
2.76000000e+00,-6.20289436e-02,-7.86547822e-03,2.61026393e-02,-5.45980463e-02,0.00000000e+00,0.00000000e+00,1.45611659e-01,1.72209149e-02,1.42699426e+02,1.68764966e+01
2.76200000e+00,-6.20354722e-02,1.33389312e-03,2.59921434e-02,-5.58825457e-02,0.00000000e+00,0.00000000e+00,1.45834648e-01,1.72372775e-02,1.42917955e+02,1.68925319e+01
2.76400000e+00,-6.20232251e-02,1.11076036e-02,2.58783662e-02,-5.82811227e-02,0.00000000e+00,0.00000000e+00,1.32130002e-01,1.47207468e-02,1.29487402e+02,1.44263318e+01
2.76600000e+00,-6.19911497e-02,2.07194698e-02,2.57595872e-02,-5.98275499e-02,0.00000000e+00,0.00000000e+00,1.49394922e-01,1.88571615e-02,1.46407024e+02,1.84800183e+01
2.76800000e+00,-6.19406792e-02,2.98334770e-02,2.56395566e-02,-6.06231265e-02,0.00000000e+00,0.00000000e+00,1.43388507e-01,1.61254645e-02,1.40520737e+02,1.58029552e+01
2.77000000e+00,-6.18717239e-02,3.90852308e-02,2.55166308e-02,-6.21145021e-02,0.00000000e+00,0.00000000e+00,1.45651161e-01,1.72217553e-02,1.42738138e+02,1.68773202e+01
2.77200000e+00,-6.17844288e-02,4.82011179e-02,2.53915200e-02,-6.29737991e-02,0.00000000e+00,0.00000000e+00,1.45887982e-01,1.72738289e-02,1.42970222e+02,1.69283523e+01
2.77400000e+00,-6.16789494e-02,5.72720765e-02,2.52647654e-02,-6.37884864e-02,0.00000000e+00,0.00000000e+00,1.45877013e-01,1.71346424e-02,1.42959473e+02,1.67919496e+01
2.77600000e+00,-6.15553766e-02,6.62889273e-02,2.51363819e-02,-6.45793890e-02,0.00000000e+00,0.00000000e+00,1.46180433e-01,1.71406771e-02,1.43256824e+02,1.67978636e+01
2.77800000e+00,-6.14138473e-02,7.52253900e-02,2.50065414e-02,-6.52298475e-02,0.00000000e+00,0.00000000e+00,1.46636665e-01,1.72442267e-02,1.43703931e+02,1.68993422e+01
2.78000000e+00,-6.12545342e-02,8.40731666e-02,2.48755653e-02,-6.57260959e-02,0.00000000e+00,0.00000000e+00,1.46988450e-01,1.72774664e-02,1.44048681e+02,1.69319170e+01
2.78200000e+00,-6.10776200e-02,9.28229234e-02,2.47437248e-02,-6.60906800e-02,0.00000000e+00,0.00000000e+00,1.47518715e-01,1.73324054e-02,1.44568341e+02,1.69857573e+01
2.78400000e+00,-6.08828137e-02,1.02215824e-01,2.46102562e-02,-6.78746407e-02,0.00000000e+00,0.00000000e+00,1.30407011e-01,1.41080485e-02,1.27798871e+02,1.38258876e+01
2.78600000e+00,-6.06689085e-02,1.11381083e-01,2.44728308e-02,-6.87520958e-02,0.00000000e+00,0.00000000e+00,1.51130608e-01,1.90395242e-02,1.48107996e+02,1.86587337e+01
2.78800000e+00,-6.04377299e-02,1.19885567e-01,2.43359004e-02,-6.86506167e-02,0.00000000e+00,0.00000000e+00,1.43994756e-01,1.59669840e-02,1.41114861e+02,1.56476443e+01
2.79000000e+00,-6.01893013e-02,1.28487391e-01,2.41977280e-02,-6.92996667e-02,0.00000000e+00,0.00000000e+00,1.46863375e-01,1.72671287e-02,1.43926107e+02,1.69217861e+01
2.79200000e+00,-5.99239337e-02,1.36859199e-01,2.40591775e-02,-6.92351442e-02,0.00000000e+00,0.00000000e+00,1.47237620e-01,1.72668247e-02,1.44292868e+02,1.69214882e+01
2.79400000e+00,-5.96419392e-02,1.45119013e-01,2.39207950e-02,-6.91591601e-02,0.00000000e+00,0.00000000e+00,1.47212148e-01,1.70934614e-02,1.44267905e+02,1.67515922e+01
2.79600000e+00,-5.93435369e-02,1.53259860e-01,2.37825537e-02,-6.90639105e-02,0.00000000e+00,0.00000000e+00,1.47614945e-01,1.71097439e-02,1.44662646e+02,1.67675490e+01
2.79800000e+00,-5.90289974e-02,1.61254245e-01,2.36446417e-02,-6.88152841e-02,0.00000000e+00,0.00000000e+00,1.48099652e-01,1.72182943e-02,1.45137659e+02,1.68739284e+01
2.80000000e+00,-5.86986174e-02,1.69102539e-01,2.35074028e-02,-6.84013843e-02,0.00000000e+00,0.00000000e+00,1.48363837e-01,1.72604376e-02,1.45396560e+02,1.69152289e+01
2.80200000e+00,-5.83526853e-02,1.76803725e-01,2.33711117e-02,-6.78740619e-02,0.00000000e+00,0.00000000e+00,1.48744791e-01,1.72614580e-02,1.45769895e+02,1.69162288e+01
2.80400000e+00,-5.79909343e-02,1.85207053e-01,2.32347510e-02,-6.90797642e-02,0.00000000e+00,0.00000000e+00,1.29036815e-01,1.34282656e-02,1.26456079e+02,1.31597003e+01
2.80600000e+00,-5.76120417e-02,1.93333566e-01,2.30954546e-02,-6.92929240e-02,0.00000000e+00,0.00000000e+00,1.52154826e-01,1.91462749e-02,1.49111729e+02,1.87633494e+01
2.80800000e+00,-5.72181486e-02,2.00637329e-01,2.29584389e-02,-6.82166898e-02,0.00000000e+00,0.00000000e+00,1.45076335e-01,1.59383279e-02,1.42174808e+02,1.56195613e+01
2.81000000e+00,-5.68094715e-02,2.07972310e-01,2.28220228e-02,-6.79880457e-02,0.00000000e+00,0.00000000e+00,1.48119428e-01,1.71722951e-02,1.45157039e+02,1.68288492e+01
2.81200000e+00,-5.63864570e-02,2.15010819e-01,2.26869632e-02,-6.70446960e-02,0.00000000e+00,0.00000000e+00,1.48579752e-01,1.72451794e-02,1.45608157e+02,1.69002758e+01
2.81400000e+00,-5.59495462e-02,2.21872361e-01,2.25538756e-02,-6.60538864e-02,0.00000000e+00,0.00000000e+00,1.48716213e-01,1.70813796e-02,1.45741889e+02,1.67397520e+01
2.81600000e+00,-5.54990787e-02,2.28567191e-01,2.24227494e-02,-6.50604394e-02,0.00000000e+00,0.00000000e+00,1.48825502e-01,1.70629914e-02,1.45848992e+02,1.67217316e+01
2.81800000e+00,-5.50353987e-02,2.35080158e-01,2.22937188e-02,-6.39396413e-02,0.00000000e+00,0.00000000e+00,1.49207438e-01,1.71639154e-02,1.46223289e+02,1.68206371e+01
2.82000000e+00,-5.45588861e-02,2.41401131e-01,2.21670837e-02,-6.26795291e-02,0.00000000e+00,0.00000000e+00,1.49447937e-01,1.71739969e-02,1.46458978e+02,1.68305169e+01
2.82200000e+00,-5.40699233e-02,2.47528524e-01,2.20430720e-02,-6.13123965e-02,0.00000000e+00,0.00000000e+00,1.49764487e-01,1.72108417e-02,1.46769197e+02,1.68666249e+01
2.82400000e+00,-5.35682962e-02,2.54369570e-01,2.19205333e-02,-6.18961769e-02,0.00000000e+00,0.00000000e+00,1.28703664e-01,1.29039376e-02,1.26129590e+02,1.26458588e+01
2.82600000e+00,-5.30526580e-02,2.60891083e-01,2.17961083e-02,-6.15487067e-02,0.00000000e+00,0.00000000e+00,1.53049997e-01,1.89880459e-02,1.49988997e+02,1.86082850e+01
2.82800000e+00,-5.25253507e-02,2.66484322e-01,2.16753930e-02,-5.96195623e-02,0.00000000e+00,0.00000000e+00,1.46112980e-01,1.60504514e-02,1.43190721e+02,1.57294423e+01
2.83000000e+00,-5.19867177e-02,2.72082167e-01,2.15571027e-02,-5.84815334e-02,0.00000000e+00,0.00000000e+00,1.48568462e-01,1.71581197e-02,1.45597092e+02,1.68149573e+01
2.83200000e+00,-5.14372296e-02,2.77368669e-01,2.14418740e-02,-5.67328019e-02,0.00000000e+00,0.00000000e+00,1.48924356e-01,1.71669969e-02,1.45945869e+02,1.68236570e+01
2.83400000e+00,-5.08773859e-02,2.82440867e-01,2.13301844e-02,-5.49646597e-02,0.00000000e+00,0.00000000e+00,1.49026877e-01,1.70385814e-02,1.46046339e+02,1.66978098e+01
2.83600000e+00,-5.03076075e-02,2.87301075e-01,2.12220190e-02,-5.31910803e-02,0.00000000e+00,0.00000000e+00,1.49246716e-01,1.70231675e-02,1.46261781e+02,1.66827041e+01
2.83800000e+00,-4.97283336e-02,2.91933325e-01,2.11174867e-02,-5.13176032e-02,0.00000000e+00,0.00000000e+00,1.49643975e-01,1.70981801e-02,1.46651095e+02,1.67562165e+01
2.84000000e+00,-4.91400269e-02,2.96336589e-01,2.10168337e-02,-4.93165210e-02,0.00000000e+00,0.00000000e+00,1.49813119e-01,1.71464114e-02,1.46816857e+02,1.68034832e+01
2.84200000e+00,-4.85431357e-02,3.00517063e-01,2.09202858e-02,-4.72177133e-02,0.00000000e+00,0.00000000e+00,1.49994616e-01,1.71645296e-02,1.46994724e+02,1.68212390e+01
2.84400000e+00,-4.79375081e-02,3.05373252e-01,2.08265765e-02,-4.71980819e-02,0.00000000e+00,0.00000000e+00,1.29098325e-01,1.26480506e-02,1.26516359e+02,1.23950896e+01
2.84600000e+00,-4.73218645e-02,3.09896911e-01,2.07320208e-02,-4.63877148e-02,0.00000000e+00,0.00000000e+00,1.52759266e-01,1.86892706e-02,1.49704081e+02,1.83154851e+01
2.84800000e+00,-4.66985723e-02,3.13442884e-01,2.06421817e-02,-4.38432456e-02,0.00000000e+00,0.00000000e+00,1.46870424e-01,1.61583931e-02,1.43933015e+02,1.58352253e+01
2.85000000e+00,-4.60681169e-02,3.16952876e-01,2.05561392e-02,-4.20617078e-02,0.00000000e+00,0.00000000e+00,1.48468066e-01,1.69642877e-02,1.45498705e+02,1.66250019e+01
2.85200000e+00,-4.54309652e-02,3.20156182e-01,2.04742495e-02,-3.98082726e-02,0.00000000e+00,0.00000000e+00,1.48848853e-01,1.70310095e-02,1.45871876e+02,1.66903893e+01
2.85400000e+00,-4.47876495e-02,3.23123555e-01,2.03969383e-02,-3.75064550e-02,0.00000000e+00,0.00000000e+00,1.48741917e-01,1.69544568e-02,1.45767079e+02,1.66153676e+01
2.85600000e+00,-4.41386240e-02,3.25861475e-01,2.03242275e-02,-3.51988464e-02,0.00000000e+00,0.00000000e+00,1.48923720e-01,1.69383528e-02,1.45945245e+02,1.65995857e+01
2.85800000e+00,-4.34843674e-02,3.28353743e-01,2.02561867e-02,-3.28255719e-02,0.00000000e+00,0.00000000e+00,1.49151611e-01,1.69941264e-02,1.46168579e+02,1.66542439e+01
2.86000000e+00,-4.28253750e-02,3.30597102e-01,2.01929796e-02,-3.03707580e-02,0.00000000e+00,0.00000000e+00,1.49369872e-01,1.70182106e-02,1.46382475e+02,1.66778464e+01
2.86200000e+00,-4.21621468e-02,3.32588760e-01,2.01347474e-02,-2.78504727e-02,0.00000000e+00,0.00000000e+00,1.49627389e-01,1.70473378e-02,1.46634842e+02,1.67063910e+01
2.86400000e+00,-4.14946086e-02,3.35197288e-01,2.00801454e-02,-2.74782907e-02,0.00000000e+00,0.00000000e+00,1.29515603e-01,1.24308877e-02,1.26925291e+02,1.21822699e+01
2.86600000e+00,-4.08215651e-02,3.37494615e-01,2.00252412e-02,-2.64958659e-02,0.00000000e+00,0.00000000e+00,1.51415921e-01,1.82497820e-02,1.48387603e+02,1.78847864e+01
2.86800000e+00,-4.01452846e-02,3.38810360e-01,1.99754293e-02,-2.36124642e-02,0.00000000e+00,0.00000000e+00,1.46937179e-01,1.63485831e-02,1.43998435e+02,1.60216114e+01
2.87000000e+00,-3.94663797e-02,3.40042090e-01,1.99303643e-02,-2.13696128e-02,0.00000000e+00,0.00000000e+00,1.47842267e-01,1.68400059e-02,1.44885422e+02,1.65032058e+01
2.87200000e+00,-3.87853088e-02,3.40984969e-01,1.98901416e-02,-1.88407474e-02,0.00000000e+00,0.00000000e+00,1.48131137e-01,1.68904388e-02,1.45168514e+02,1.65526300e+01
2.87400000e+00,-3.81026038e-02,3.41681902e-01,1.98550276e-02,-1.62724521e-02,0.00000000e+00,0.00000000e+00,1.48019276e-01,1.68715585e-02,1.45058891e+02,1.65341273e+01
2.87600000e+00,-3.74187354e-02,3.42147553e-01,1.98250489e-02,-1.37085093e-02,0.00000000e+00,0.00000000e+00,1.47955041e-01,1.68374288e-02,1.44995940e+02,1.65006802e+01
2.87800000e+00,-3.67341765e-02,3.42368743e-01,1.98002095e-02,-1.11206504e-02,0.00000000e+00,0.00000000e+00,1.48144536e-01,1.68852215e-02,1.45181645e+02,1.65475171e+01
2.88000000e+00,-3.60494250e-02,3.42343117e-01,1.97805924e-02,-8.49364242e-03,0.00000000e+00,0.00000000e+00,1.48132704e-01,1.68905070e-02,1.45170050e+02,1.65526968e+01
2.88200000e+00,-3.53649667e-02,3.42073584e-01,1.97662541e-02,-5.83788210e-03,0.00000000e+00,0.00000000e+00,1.48255657e-01,1.69240084e-02,1.45290544e+02,1.65855282e+01
2.88400000e+00,-3.46808595e-02,3.42210716e-01,1.97560734e-02,-4.93300681e-03,0.00000000e+00,0.00000000e+00,1.33045327e-01,1.32002428e-02,1.30384420e+02,1.29362379e+01
2.88600000e+00,-3.39963038e-02,3.42077845e-01,1.97467812e-02,-3.63970528e-03,0.00000000e+00,0.00000000e+00,1.48977221e-01,1.77258067e-02,1.45997676e+02,1.73712906e+01
2.88800000e+00,-3.33130734e-02,3.41157066e-01,1.97425627e-02,-7.74216230e-04,0.00000000e+00,0.00000000e+00,1.45875493e-01,1.64929910e-02,1.42957983e+02,1.61631312e+01
2.89000000e+00,-3.26317530e-02,3.40120156e-01,1.97433546e-02,1.59680341e-03,0.00000000e+00,0.00000000e+00,1.46125045e-01,1.66880907e-02,1.43202544e+02,1.63543289e+01
2.89200000e+00,-3.19527641e-02,3.38826271e-01,1.97490441e-02,4.10903408e-03,0.00000000e+00,0.00000000e+00,1.46332445e-01,1.67965023e-02,1.43405796e+02,1.64605722e+01
2.89400000e+00,-3.12766066e-02,3.37294351e-01,1.97598162e-02,6.65943673e-03,0.00000000e+00,0.00000000e+00,1.46161517e-01,1.67825600e-02,1.43238287e+02,1.64469088e+01
2.89600000e+00,-3.06037334e-02,3.35542414e-01,1.97756661e-02,9.18625695e-03,0.00000000e+00,0.00000000e+00,1.45973841e-01,1.67686124e-02,1.43054365e+02,1.64332401e+01
2.89800000e+00,-2.99345837e-02,3.33570343e-01,1.97965507e-02,1.16972530e-02,0.00000000e+00,0.00000000e+00,1.45835084e-01,1.67781548e-02,1.42918382e+02,1.64425917e+01
2.90000000e+00,-2.92696009e-02,3.31375028e-01,1.98224535e-02,1.42058659e-02,0.00000000e+00,0.00000000e+00,1.45753251e-01,1.67995904e-02,1.42838186e+02,1.64635985e+01
2.90200000e+00,-2.86092312e-02,3.28958395e-01,1.98533628e-02,1.66974603e-02,0.00000000e+00,0.00000000e+00,1.45606207e-01,1.67855698e-02,1.42694083e+02,1.64498584e+01
2.90400000e+00,-2.79537341e-02,3.26591582e-01,1.98886088e-02,1.82372767e-02,0.00000000e+00,0.00000000e+00,1.39228199e-01,1.48514028e-02,1.36443635e+02,1.45543747e+01
2.90600000e+00,-2.73030088e-02,3.24008917e-01,1.99264001e-02,1.99093287e-02,0.00000000e+00,0.00000000e+00,1.45328042e-01,1.71165824e-02,1.42421481e+02,1.67742508e+01
2.90800000e+00,-2.66579786e-02,3.21005969e-01,1.99687745e-02,2.23739119e-02,0.00000000e+00,0.00000000e+00,1.43771344e-01,1.65744188e-02,1.40895917e+02,1.62429305e+01
2.91000000e+00,-2.60190835e-02,3.17855089e-01,2.00157068e-02,2.45550069e-02,0.00000000e+00,0.00000000e+00,1.43556626e-01,1.65876947e-02,1.40685494e+02,1.62559408e+01
2.91200000e+00,-2.53866974e-02,3.14495588e-01,2.00670113e-02,2.67613382e-02,0.00000000e+00,0.00000000e+00,1.43470339e-01,1.66997864e-02,1.40600932e+02,1.63657906e+01
2.91400000e+00,-2.47612379e-02,3.10931023e-01,2.01227593e-02,2.89784239e-02,0.00000000e+00,0.00000000e+00,1.43228261e-01,1.66889997e-02,1.40363695e+02,1.63552197e+01
2.91600000e+00,-2.41431019e-02,3.07173465e-01,2.01828810e-02,3.11294798e-02,0.00000000e+00,0.00000000e+00,1.42918822e-01,1.66461945e-02,1.40060445e+02,1.63132706e+01
2.91800000e+00,-2.35326708e-02,3.03225752e-01,2.02472367e-02,3.32198073e-02,0.00000000e+00,0.00000000e+00,1.42672609e-01,1.66526114e-02,1.39819157e+02,1.63195592e+01
2.92000000e+00,-2.29303239e-02,2.99090577e-01,2.03157302e-02,3.52650770e-02,0.00000000e+00,0.00000000e+00,1.42365425e-01,1.66486278e-02,1.39518117e+02,1.63156552e+01
2.92200000e+00,-2.23364305e-02,2.94772425e-01,2.03882641e-02,3.72609990e-02,0.00000000e+00,0.00000000e+00,1.42082696e-01,1.66518326e-02,1.39241042e+02,1.63187960e+01
2.92400000e+00,-2.17514230e-02,2.90171059e-01,2.04648100e-02,3.93106377e-02,0.00000000e+00,0.00000000e+00,1.44189297e-01,1.68699043e-02,1.41305511e+02,1.65325062e+01
2.92600000e+00,-2.11758403e-02,2.85428609e-01,2.05454142e-02,4.12216207e-02,0.00000000e+00,0.00000000e+00,1.40661375e-01,1.64751337e-02,1.37848148e+02,1.61456311e+01
2.92800000e+00,-2.06097375e-02,2.80642859e-01,2.06295694e-02,4.29420362e-02,0.00000000e+00,0.00000000e+00,1.40560455e-01,1.65894257e-02,1.37749246e+02,1.62576372e+01
2.93000000e+00,-2.00533823e-02,2.75687025e-01,2.07171661e-02,4.46380451e-02,0.00000000e+00,0.00000000e+00,1.40074010e-01,1.65483433e-02,1.37272530e+02,1.62173765e+01
2.93200000e+00,-1.95070912e-02,2.70578384e-01,2.08080612e-02,4.62433976e-02,0.00000000e+00,0.00000000e+00,1.39650855e-01,1.65283271e-02,1.36857838e+02,1.61977606e+01
2.93400000e+00,-1.89711712e-02,2.65316039e-01,2.09020945e-02,4.77809845e-02,0.00000000e+00,0.00000000e+00,1.39269455e-01,1.65398053e-02,1.36484066e+02,1.62090092e+01
2.93600000e+00,-1.84459276e-02,2.59902949e-01,2.09991434e-02,4.92559666e-02,0.00000000e+00,0.00000000e+00,1.38863653e-01,1.65349537e-02,1.36086380e+02,1.62042546e+01
2.93800000e+00,-1.79316571e-02,2.54343384e-01,2.10990704e-02,5.06590185e-02,0.00000000e+00,0.00000000e+00,1.38471464e-01,1.65309994e-02,1.35702035e+02,1.62003794e+01
2.94000000e+00,-1.74286483e-02,2.48642455e-01,2.12017277e-02,5.19844944e-02,0.00000000e+00,0.00000000e+00,1.38037616e-01,1.65182279e-02,1.35276863e+02,1.61878634e+01
2.94200000e+00,-1.69371777e-02,2.42805923e-01,2.13069565e-02,5.32321081e-02,0.00000000e+00,0.00000000e+00,1.37604377e-01,1.65173792e-02,1.34852289e+02,1.61870317e+01
2.94400000e+00,-1.64578504e-02,2.36330741e-01,2.14154094e-02,5.56094728e-02,0.00000000e+00,0.00000000e+00,1.49022658e-01,1.90436981e-02,1.46042205e+02,1.86628241e+01
2.94600000e+00,-1.59919027e-02,2.29783542e-01,2.15291670e-02,5.76459777e-02,0.00000000e+00,0.00000000e+00,1.35456172e-01,1.59633886e-02,1.32747049e+02,1.56441208e+01
2.94800000e+00,-1.55384607e-02,2.23619557e-01,2.16451448e-02,5.84097318e-02,0.00000000e+00,0.00000000e+00,1.36341376e-01,1.65375950e-02,1.33614549e+02,1.62068431e+01
2.95000000e+00,-1.50975377e-02,2.17285695e-01,2.17629256e-02,5.93530051e-02,0.00000000e+00,0.00000000e+00,1.35800608e-01,1.65080655e-02,1.33084596e+02,1.61779042e+01
2.95200000e+00,-1.46693821e-02,2.10855662e-01,2.18824541e-02,6.01422899e-02,0.00000000e+00,0.00000000e+00,1.35067292e-01,1.63847923e-02,1.32365946e+02,1.60570965e+01
2.95400000e+00,-1.42541785e-02,2.04330520e-01,2.20034051e-02,6.07970516e-02,0.00000000e+00,0.00000000e+00,1.34607099e-01,1.63982163e-02,1.31914957e+02,1.60702520e+01
2.95600000e+00,-1.38521286e-02,1.97702526e-01,2.21255975e-02,6.13845796e-02,0.00000000e+00,0.00000000e+00,1.34161618e-01,1.64179852e-02,1.31478386e+02,1.60896255e+01
2.95800000e+00,-1.34634324e-02,1.90978563e-01,2.22488972e-02,6.19028176e-02,0.00000000e+00,0.00000000e+00,1.33649248e-01,1.64287023e-02,1.30976263e+02,1.61001283e+01
2.96000000e+00,-1.30882734e-02,1.84166067e-01,2.23731552e-02,6.23406234e-02,0.00000000e+00,0.00000000e+00,1.33140110e-01,1.64264844e-02,1.30477308e+02,1.60979547e+01
2.96200000e+00,-1.27268238e-02,1.77270009e-01,2.24982001e-02,6.26889457e-02,0.00000000e+00,0.00000000e+00,1.32623181e-01,1.64193637e-02,1.29970718e+02,1.60909764e+01
2.96400000e+00,-1.23798434e-02,1.69398829e-01,2.26253342e-02,6.51717759e-02,0.00000000e+00,0.00000000e+00,1.53062776e-01,2.10877228e-02,1.50001521e+02,2.06659684e+01
2.96600000e+00,-1.20492276e-02,1.61528916e-01,2.27585407e-02,6.71351015e-02,0.00000000e+00,0.00000000e+00,1.29861284e-01,1.55180494e-02,1.27264058e+02,1.52076884e+01
2.96800000e+00,-1.17331926e-02,1.54461705e-01,2.28923585e-02,6.68244390e-02,0.00000000e+00,0.00000000e+00,1.31697189e-01,1.65059713e-02,1.29063245e+02,1.61758519e+01
2.97000000e+00,-1.14314878e-02,1.47233978e-01,2.30260773e-02,6.68721232e-02,0.00000000e+00,0.00000000e+00,1.31119774e-01,1.64612182e-02,1.28497379e+02,1.61319938e+01
2.97200000e+00,-1.11442811e-02,1.39969663e-01,2.31597096e-02,6.67138150e-02,0.00000000e+00,0.00000000e+00,1.30177989e-01,1.62645417e-02,1.27574429e+02,1.59392509e+01
2.97400000e+00,-1.08716302e-02,1.32673804e-01,2.32928143e-02,6.63780991e-02,0.00000000e+00,0.00000000e+00,1.29601386e-01,1.62791206e-02,1.27009359e+02,1.59535382e+01
2.97600000e+00,-1.06136184e-02,1.25329240e-01,2.34251803e-02,6.59798110e-02,0.00000000e+00,0.00000000e+00,1.29179912e-01,1.63224561e-02,1.26596314e+02,1.59960069e+01
2.97800000e+00,-1.03703435e-02,1.17939241e-01,2.35566944e-02,6.55228397e-02,0.00000000e+00,0.00000000e+00,1.28647057e-01,1.63440037e-02,1.26074116e+02,1.60171236e+01
2.98000000e+00,-1.01418852e-02,1.10513542e-01,2.36872207e-02,6.49894284e-02,0.00000000e+00,0.00000000e+00,1.28118866e-01,1.63486866e-02,1.25556488e+02,1.60217129e+01
2.98200000e+00,-9.92830940e-03,1.03057785e-01,2.38165950e-02,6.43702961e-02,0.00000000e+00,0.00000000e+00,1.27575547e-01,1.63491422e-02,1.25024036e+02,1.60221594e+01
2.98400000e+00,-9.73050422e-03,9.43268796e-02,2.39467284e-02,6.67905121e-02,0.00000000e+00,0.00000000e+00,1.56267045e-01,2.29136195e-02,1.53141704e+02,2.24553471e+01
2.98600000e+00,-9.55096062e-03,8.56578316e-02,2.40833429e-02,6.85898877e-02,0.00000000e+00,0.00000000e+00,1.24627254e-01,1.52399226e-02,1.22134709e+02,1.49351242e+01
2.98800000e+00,-9.38708122e-03,7.81762438e-02,2.42189840e-02,6.72335065e-02,0.00000000e+00,0.00000000e+00,1.27151107e-01,1.64840827e-02,1.24608085e+02,1.61544010e+01
2.99000000e+00,-9.23834750e-03,7.05568844e-02,2.43525962e-02,6.63560509e-02,0.00000000e+00,0.00000000e+00,1.26601362e-01,1.64364116e-02,1.24069335e+02,1.61076834e+01
2.99200000e+00,-9.10483703e-03,6.29625075e-02,2.44842425e-02,6.52300125e-02,0.00000000e+00,0.00000000e+00,1.25446416e-01,1.61508080e-02,1.22937487e+02,1.58277919e+01
2.99400000e+00,-8.98647691e-03,5.53989691e-02,2.46133750e-02,6.38919997e-02,0.00000000e+00,0.00000000e+00,1.24883667e-01,1.61764939e-02,1.22385993e+02,1.58529640e+01
2.99600000e+00,-8.88323911e-03,4.78384913e-02,2.47397882e-02,6.25205449e-02,0.00000000e+00,0.00000000e+00,1.24501281e-01,1.62617630e-02,1.22011255e+02,1.59365278e+01
2.99800000e+00,-8.79512038e-03,4.02818591e-02,2.48634376e-02,6.11197507e-02,0.00000000e+00,0.00000000e+00,1.24043620e-01,1.62921205e-02,1.21562748e+02,1.59662780e+01
3.00000000e+00,-8.72210142e-03,3.27406024e-02,2.49842265e-02,5.96578774e-02,0.00000000e+00,0.00000000e+00,1.23515129e-01,1.63067056e-02,1.21044826e+02,1.59805715e+01
