t,h,h_dot,alpha,alpha_dot,delta,W_g,C_L,C_M,F_y,M_z
2.00000000e-03,0.00000000e+00,0.00000000e+00,0.00000000e+00,0.00000000e+00,0.00000000e+00,1.83536295e-03,1.26327256e-01,3.00480580e-02,1.23800711e+02,2.94470968e+01
4.00000000e-03,-9.76024003e-06,-9.23401555e-03,2.33284460e-05,2.06775589e-02,0.00000000e+00,7.34116053e-03,8.94943834e-02,1.33799198e-02,8.77044957e+01,1.31123214e+01
6.00000000e-03,-3.65016836e-05,-1.78164645e-02,7.94989318e-05,3.65382586e-02,0.00000000e+00,1.65165190e-02,1.11286401e-01,2.00116598e-02,1.09060673e+02,1.96114266e+01
8.00000000e-03,-8.15454132e-05,-2.71778563e-02,1.70681553e-04,5.41990433e-02,0.00000000e+00,2.93599823e-02,1.08025503e-01,1.72811717e-02,1.05864993e+02,1.69355482e+01
1.00000000e-02,-1.45166538e-04,-3.64693930e-02,2.95096092e-04,7.00614764e-02,0.00000000e+00,4.58695122e-02,1.10135612e-01,1.64081150e-02,1.07932900e+02,1.60799527e+01
1.20000000e-02,-2.27561994e-04,-4.59694291e-02,4.50611863e-04,8.54505510e-02,0.00000000e+00,6.60424888e-02,1.13531597e-01,1.65034738e-02,1.11260965e+02,1.61734044e+01
1.40000000e-02,-3.29184012e-04,-5.56790888e-02,6.36777095e-04,1.00657850e-01,0.00000000e+00,8.98757107e-02,1.15824005e-01,1.62862884e-02,1.13507525e+02,1.59605627e+01
1.60000000e-02,-4.50383558e-04,-6.55465530e-02,8.53048182e-04,1.15572556e-01,0.00000000e+00,1.17365396e-01,1.18168285e-01,1.61921747e-02,1.15804919e+02,1.58683312e+01
1.80000000e-02,-5.91478822e-04,-7.55769052e-02,1.09895967e-03,1.30325804e-01,0.00000000e+00,1.48507181e-01,1.20741237e-01,1.62926622e-02,1.18326412e+02,1.59668090e+01
2.00000000e-02,-7.52795089e-04,-8.57631134e-02,1.37428315e-03,1.44976697e-01,0.00000000e+00,1.83296126e-01,1.23085616e-01,1.63646633e-02,1.20623904e+02,1.60373700e+01
2.20000000e-02,-9.34477485e-04,-9.58686431e-02,1.67844423e-03,1.58994342e-01,0.00000000e+00,2.21726708e-01,1.20297661e-01,1.53921897e-02,1.17891708e+02,1.50843460e+01
2.40000000e-02,-1.13624914e-03,-1.05943389e-01,2.01008466e-03,1.72748182e-01,0.00000000e+00,2.63792829e-01,1.23972439e-01,1.62791357e-02,1.21492990e+02,1.59535530e+01
2.60000000e-02,-1.35834578e-03,-1.16160232e-01,2.36956473e-03,1.86693666e-01,0.00000000e+00,3.09487813e-01,1.25389466e-01,1.63022883e-02,1.22881677e+02,1.59762425e+01
2.80000000e-02,-1.60089520e-03,-1.26384767e-01,2.75660208e-03,2.00253342e-01,0.00000000e+00,3.58804410e-01,1.26090405e-01,1.60166600e-02,1.23568597e+02,1.56963268e+01
3.00000000e-02,-1.86388463e-03,-1.36608974e-01,3.17034498e-03,2.13463381e-01,0.00000000e+00,4.11734792e-01,1.27486939e-01,1.61540616e-02,1.24937200e+02,1.58309804e+01
3.20000000e-02,-2.14733686e-03,-1.46841827e-01,3.61031094e-03,2.26456445e-01,0.00000000e+00,4.68270560e-01,1.28564571e-01,1.61844273e-02,1.25993280e+02,1.58607387e+01
3.40000000e-02,-2.45124045e-03,-1.57057463e-01,4.07597540e-03,2.39156506e-01,0.00000000e+00,5.28402741e-01,1.29523755e-01,1.61990802e-02,1.26933280e+02,1.58750985e+01
3.60000000e-02,-2.77554601e-03,-1.67242054e-01,4.56673216e-03,2.51549402e-01,0.00000000e+00,5.92121794e-01,1.30444945e-01,1.62356895e-02,1.27836046e+02,1.59109757e+01
3.80000000e-02,-3.12017978e-03,-1.77383310e-01,5.08196329e-03,2.63627743e-01,0.00000000e+00,6.59417607e-01,1.31283024e-01,1.62699198e-02,1.28657363e+02,1.59445214e+01
4.00000000e-02,-3.48504043e-03,-1.87466338e-01,5.62101771e-03,2.75367978e-01,0.00000000e+00,7.30279499e-01,1.32021577e-01,1.62912665e-02,1.29381145e+02,1.59654412e+01
4.20000000e-02,-3.86990785e-03,-1.97343451e-01,6.18281975e-03,2.86185174e-01,0.00000000e+00,8.04696226e-01,1.29572536e-01,1.51305179e-02,1.26981085e+02,1.48279076e+01
4.40000000e-02,-4.27431632e-03,-2.07073695e-01,6.76541756e-03,2.96491117e-01,0.00000000e+00,8.82655977e-01,1.31851274e-01,1.60462541e-02,1.29214248e+02,1.57253290e+01
4.60000000e-02,-4.69820177e-03,-2.16802659e-01,7.36891866e-03,3.06998696e-01,0.00000000e+00,9.64146382e-01,1.32963171e-01,1.64116017e-02,1.30303907e+02,1.60833697e+01
4.80000000e-02,-5.14146465e-03,-2.26438179e-01,7.99321620e-03,3.17212111e-01,-7.67571038e-02,1.04915451e+00,1.33246777e-01,1.63164534e-02,1.30581841e+02,1.59901243e+01
5.00000000e-02,-5.60387790e-03,-2.35958821e-01,8.63751682e-03,3.27050149e-01,-1.58982175e-01,1.13766687e+00,1.34014655e-01,1.65400838e-02,1.31334362e+02,1.62092821e+01
5.20000000e-02,-6.08522954e-03,-2.45373876e-01,9.30124449e-03,3.36629764e-01,-2.41207246e-01,1.22966941e+00,1.34670396e-01,1.67182757e-02,1.31976989e+02,1.63839102e+01
5.40000000e-02,-6.58529464e-03,-2.54670790e-01,9.98383834e-03,3.45913099e-01,-3.23432317e-01,1.32514753e+00,1.35298116e-01,1.68895173e-02,1.32592153e+02,1.65517270e+01
5.60000000e-02,-7.10382831e-03,-2.63841126e-01,1.06846891e-02,3.54884828e-01,-4.05657388e-01,1.42408609e+00,1.35908056e-01,1.70617435e-02,1.33189894e+02,1.67205087e+01
5.80000000e-02,-7.64056906e-03,-2.72876346e-01,1.14031599e-02,3.63529916e-01,-4.87882459e-01,1.52646938e+00,1.36485367e-01,1.72267335e-02,1.33755660e+02,1.68821989e+01
6.00000000e-02,-8.19523751e-03,-2.81767292e-01,1.21385805e-02,3.71832591e-01,-5.70107530e-01,1.63228115e+00,1.37028279e-01,1.73902081e-02,1.34287713e+02,1.70424040e+01
6.20000000e-02,-8.76745224e-03,-2.90379267e-01,1.28898578e-02,3.79186785e-01,-6.52332601e-01,1.74150461e+00,1.34602255e-01,1.63060160e-02,1.31910210e+02,1.59798957e+01
6.40000000e-02,-9.35662099e-03,-2.98790870e-01,1.36550092e-02,3.86063298e-01,-7.34557672e-01,1.85412244e+00,1.37121355e-01,1.74778608e-02,1.34378927e+02,1.71283036e+01
6.60000000e-02,-9.96258039e-03,-3.07149492e-01,1.44342996e-02,3.93222681e-01,-8.16782743e-01,1.97011675e+00,1.38276619e-01,1.80101099e-02,1.35511087e+02,1.76499077e+01
6.80000000e-02,-1.05850876e-02,-3.15311087e-01,1.52275940e-02,3.99923287e-01,-8.99007814e-01,2.08946913e+00,1.37565550e-01,1.76453682e-02,1.34814239e+02,1.72924608e+01
7.00000000e-02,-1.12236689e-02,-3.23238884e-01,1.60335870e-02,4.06015389e-01,-9.81232885e-01,2.21216066e+00,1.37993807e-01,1.78817690e-02,1.35233931e+02,1.75241337e+01
7.20000000e-02,-1.18779142e-02,-3.30973267e-01,1.68514243e-02,4.11760632e-01,-1.06345796e+00,2.33817185e+00,1.38355050e-01,1.80832818e-02,1.35587949e+02,1.77216161e+01
7.40000000e-02,-1.25474248e-02,-3.38501975e-01,1.76803724e-02,4.17120185e-01,-1.14568303e+00,2.46748272e+00,1.38622260e-01,1.82542005e-02,1.35849814e+02,1.78891165e+01
7.60000000e-02,-1.32317773e-02,-3.45813494e-01,1.85196265e-02,4.22061940e-01,-1.22790810e+00,2.60007274e+00,1.38836476e-01,1.84032108e-02,1.36059747e+02,1.80351466e+01
7.80000000e-02,-1.39305300e-02,-3.52901774e-01,1.93683341e-02,4.26574615e-01,-1.31013317e+00,2.73592086e+00,1.39080755e-01,1.85641289e-02,1.36299140e+02,1.81928464e+01
8.00000000e-02,-1.46432319e-02,-3.59761358e-01,2.02256375e-02,4.30656173e-01,-1.39235824e+00,2.87500553e+00,1.39282287e-01,1.87213184e-02,1.36496641e+02,1.83468920e+01
8.20000000e-02,-1.53693487e-02,-3.66281000e-01,2.10903013e-02,4.33751580e-01,-1.47458331e+00,3.01730469e+00,1.37037772e-01,1.77280644e-02,1.34297017e+02,1.73735031e+01
8.40000000e-02,-1.61081805e-02,-3.72537544e-01,2.19602798e-02,4.36300944e-01,-1.55680838e+00,3.16279573e+00,1.39140076e-01,1.88169891e-02,1.36357274e+02,1.84406493e+01
8.60000000e-02,-1.68594135e-02,-3.78665940e-01,2.28356277e-02,4.39034273e-01,-1.63903345e+00,3.31145559e+00,1.40150692e-01,1.93635836e-02,1.37347678e+02,1.89763120e+01
8.80000000e-02,-1.76226683e-02,-3.84530442e-01,2.37160800e-02,4.41262427e-01,-1.72125852e+00,3.46326066e+00,1.39180031e-01,1.90134419e-02,1.36396430e+02,1.86331731e+01
9.00000000e-02,-1.83973318e-02,-3.90089775e-01,2.46002328e-02,4.42823715e-01,-1.80348360e+00,3.61818686e+00,1.39320634e-01,1.92262426e-02,1.36534222e+02,1.88417177e+01
9.20000000e-02,-1.91828539e-02,-3.95388825e-01,2.54871044e-02,4.43979321e-01,-1.88570867e+00,3.77620959e+00,1.39488500e-01,1.94283723e-02,1.36698730e+02,1.90398048e+01
9.40000000e-02,-1.99787068e-02,-4.00417488e-01,2.63758569e-02,4.44695277e-01,-1.96793374e+00,3.93730379e+00,1.39478465e-01,1.95727410e-02,1.36688896e+02,1.91812862e+01
9.60000000e-02,-2.07843340e-02,-4.05161469e-01,2.72655714e-02,4.44940063e-01,-2.05015881e+00,4.10144389e+00,1.39393231e-01,1.97102746e-02,1.36605367e+02,1.93160691e+01
9.80000000e-02,-2.15991605e-02,-4.09617126e-01,2.81553027e-02,4.44713260e-01,-2.13238388e+00,4.26860383e+00,1.39374365e-01,1.98539785e-02,1.36586878e+02,1.94568990e+01
1.00000000e-01,-2.24226094e-02,-4.13783025e-01,2.90441078e-02,4.44011652e-01,-2.21460895e+00,4.43875710e+00,1.39327163e-01,1.99836353e-02,1.36540620e+02,1.95839626e+01
1.02000000e-01,-2.32540592e-02,-4.17598865e-01,2.99307617e-02,4.42428678e-01,-2.29683402e+00,4.61187668e+00,1.37965941e-01,1.92711965e-02,1.35206622e+02,1.88857726e+01
1.04000000e-01,-2.40928084e-02,-4.21120048e-01,3.08134517e-02,4.40289428e-01,-2.37905909e+00,4.78793511e+00,1.39274215e-01,2.00778818e-02,1.36488730e+02,1.96763242e+01
1.06000000e-01,-2.49384122e-02,-4.24450480e-01,3.16919765e-02,4.38235799e-01,-2.46128416e+00,4.96690445e+00,1.40397774e-01,2.07067893e-02,1.37589819e+02,2.02926535e+01
1.08000000e-01,-2.57904156e-02,-4.27488925e-01,3.25661033e-02,4.35744852e-01,-2.54350923e+00,5.14875629e+00,1.39393706e-01,2.04096590e-02,1.36605832e+02,2.00014658e+01
1.10000000e-01,-2.66481370e-02,-4.30180971e-01,3.34345187e-02,4.32598111e-01,-2.62573431e+00,5.33346178e+00,1.39293954e-01,2.05721263e-02,1.36508075e+02,2.01606838e+01
1.12000000e-01,-2.75109374e-02,-4.32569897e-01,3.42962063e-02,4.29017266e-01,-2.70795938e+00,5.52099161e+00,1.39343935e-01,2.07308871e-02,1.36557056e+02,2.03162694e+01
1.14000000e-01,-2.83782127e-02,-4.34653015e-01,3.51502946e-02,4.24996733e-01,-2.79018445e+00,5.71131600e+00,1.39219110e-01,2.08709593e-02,1.36434728e+02,2.04535402e+01
1.16000000e-01,-2.92493419e-02,-4.36424758e-01,3.59958980e-02,4.20533421e-01,-2.87240952e+00,5.90440477e+00,1.39171723e-01,2.10112879e-02,1.36388288e+02,2.05910621e+01
1.18000000e-01,-3.01237008e-02,-4.37880188e-01,3.68321294e-02,4.15621885e-01,-2.95463459e+00,6.10022727e+00,1.38959186e-01,2.11267277e-02,1.36180002e+02,2.07041932e+01
1.20000000e-01,-3.10006487e-02,-4.39014817e-01,3.76580866e-02,4.10262085e-01,-3.03685966e+00,6.29875242e+00,1.38829385e-01,2.12524774e-02,1.36052798e+02,2.08274278e+01
1.22000000e-01,-3.18795420e-02,-4.39822288e-01,3.84727323e-02,4.04234206e-01,-3.11908473e+00,6.49994872e+00,1.38485454e-01,2.08906083e-02,1.35715745e+02,2.04727961e+01
1.24000000e-01,-3.27597325e-02,-4.40321687e-01,3.92746751e-02,3.97683768e-01,-3.20130980e+00,6.70378424e+00,1.38813592e-01,2.13039215e-02,1.36037320e+02,2.08778430e+01
1.26000000e-01,-3.36406664e-02,-4.40577708e-01,4.00634469e-02,3.91102595e-01,-3.28353487e+00,6.91022663e+00,1.39988441e-01,2.19556037e-02,1.37188672e+02,2.15164917e+01
1.28000000e-01,-3.45218496e-02,-4.40543133e-01,4.08388940e-02,3.84234251e-01,-3.36575994e+00,7.11924313e+00,1.39216364e-01,2.18116899e-02,1.36432037e+02,2.13754561e+01
1.30000000e-01,-3.54026034e-02,-4.40155279e-01,4.16000125e-02,3.76808916e-01,-3.44798502e+00,7.33080057e+00,1.38924437e-01,2.18767916e-02,1.36145949e+02,2.14392558e+01
1.32000000e-01,-3.62822513e-02,-4.39438360e-01,4.23458529e-02,3.68968562e-01,-3.53021009e+00,7.54486538e+00,1.38710477e-01,2.20092226e-02,1.35936268e+02,2.15690382e+01
1.34000000e-01,-3.71601424e-02,-4.38399758e-01,4.30756311e-02,3.60744766e-01,-3.61243516e+00,7.76140359e+00,1.38578049e-01,2.21178201e-02,1.35806488e+02,2.16754637e+01
1.36000000e-01,-3.80356320e-02,-4.37033623e-01,4.37885702e-02,3.52128275e-01,-3.69466023e+00,7.98038083e+00,1.38209117e-01,2.22069267e-02,1.35444934e+02,2.17627881e+01
1.38000000e-01,-3.89080557e-02,-4.35335740e-01,4.44838840e-02,3.43121448e-01,-3.77688530e+00,8.20176235e+00,1.37954496e-01,2.22954604e-02,1.35195406e+02,2.18495512e+01
1.40000000e-01,-3.97767541e-02,-4.33306617e-01,4.51608119e-02,3.33748601e-01,-3.85911037e+00,8.42551303e+00,1.37568383e-01,2.24094943e-02,1.34817016e+02,2.19613044e+01
1.42000000e-01,-4.06410847e-02,-4.30981327e-01,4.58186091e-02,3.23971884e-01,-3.94133544e+00,8.65159734e+00,1.38098931e-01,2.23914041e-02,1.35336952e+02,2.19435760e+01
1.44000000e-01,-4.15004819e-02,-4.28359781e-01,4.64564155e-02,3.13769359e-01,-4.02356051e+00,8.87997942e+00,1.37671635e-01,2.24310132e-02,1.34918202e+02,2.19823930e+01
1.46000000e-01,-4.23543371e-02,-4.25458128e-01,4.70735846e-02,3.03413912e-01,-4.10578558e+00,9.11062302e+00,1.38535512e-01,2.29563219e-02,1.35764802e+02,2.24971955e+01
1.48000000e-01,-4.32021229e-02,-4.22269164e-01,4.76699424e-02,2.92865330e-01,-4.18801066e+00,9.34349155e+00,1.37891423e-01,2.28818372e-02,1.35133594e+02,2.24242005e+01
1.50000000e-01,-4.40431806e-02,-4.18730495e-01,4.82447284e-02,2.81840610e-01,-4.27023573e+00,9.57854803e+00,1.37243803e-01,2.27824965e-02,1.34498927e+02,2.23268465e+01
1.52000000e-01,-4.48768144e-02,-4.14846162e-01,4.87970112e-02,2.70375416e-01,-4.35246080e+00,9.81575518e+00,1.36634976e-01,2.27509101e-02,1.33902277e+02,2.22958919e+01
1.54000000e-01,-4.57023417e-02,-4.10626436e-01,4.93259645e-02,2.58511827e-01,-4.43468587e+00,1.00550753e+01,1.36162547e-01,2.27067293e-02,1.33439296e+02,2.22525947e+01
1.56000000e-01,-4.65190943e-02,-4.06068052e-01,4.98307911e-02,2.46247241e-01,-4.51691094e+00,1.02964706e+01,1.35407184e-01,2.26353743e-02,1.32699040e+02,2.21826668e+01
1.58000000e-01,-4.73263943e-02,-4.01180328e-01,5.03107073e-02,2.33613511e-01,-4.59913601e+00,1.05399025e+01,1.35076682e-01,2.26226246e-02,1.32375148e+02,2.21701721e+01
1.60000000e-01,-4.81235963e-02,-3.95963537e-01,5.07650267e-02,2.20652070e-01,-4.68136108e+00,1.07853325e+01,1.34246597e-01,2.26018027e-02,1.31561666e+02,2.21497666e+01
1.62000000e-01,-4.89100814e-02,-3.90496230e-01,5.11932200e-02,2.07547284e-01,-4.76358615e+00,1.10327217e+01,1.35665280e-01,2.29388019e-02,1.32951974e+02,2.24800259e+01
1.64000000e-01,-4.96854140e-02,-3.84778227e-01,5.15950678e-02,1.94220598e-01,-4.84581122e+00,1.12820308e+01,1.34740842e-01,2.27155085e-02,1.32046025e+02,2.22611984e+01
1.66000000e-01,-5.04489872e-02,-3.78749568e-01,5.19699045e-02,1.80597116e-01,-4.92803629e+00,1.15332202e+01,1.34663751e-01,2.28568593e-02,1.31970476e+02,2.23997221e+01
1.68000000e-01,-5.12002331e-02,-3.72452055e-01,5.23173772e-02,1.66854933e-01,-5.01026137e+00,1.17862501e+01,1.34616573e-01,2.29683463e-02,1.31924241e+02,2.25089794e+01
1.70000000e-01,-5.19386136e-02,-3.65881832e-01,5.26372044e-02,1.52933024e-01,-5.09248644e+00,1.20410803e+01,1.34345466e-01,2.29421771e-02,1.31658556e+02,2.24833336e+01
1.72000000e-01,-5.26635753e-02,-3.59033942e-01,5.29289838e-02,1.38823018e-01,-5.17471151e+00,1.22976704e+01,1.34074050e-01,2.29961077e-02,1.31392569e+02,2.25361856e+01
1.74000000e-01,-5.33745687e-02,-3.51915053e-01,5.31924077e-02,1.24579898e-01,-5.25693658e+00,1.25559796e+01,1.33845856e-01,2.30448958e-02,1.31168939e+02,2.25839979e+01
1.76000000e-01,-5.40710651e-02,-3.44540608e-01,5.34272341e-02,1.10232783e-01,-5.33916165e+00,1.28159670e+01,1.33817984e-01,2.31191380e-02,1.31141624e+02,2.26567552e+01
1.78000000e-01,-5.47525635e-02,-3.36914660e-01,5.36332748e-02,9.57895479e-02,-5.42138672e+00,1.30775912e+01,1.33563100e-01,2.31433703e-02,1.30891838e+02,2.26805029e+01
1.80000000e-01,-5.54185533e-02,-3.29033073e-01,5.38103298e-02,8.12526112e-02,-5.50361179e+00,1.33408109e+01,1.33313042e-01,2.31813228e-02,1.30646781e+02,2.27176964e+01
1.82000000e-01,-5.60686110e-02,-3.21024409e-01,5.39584569e-02,6.69731861e-02,-5.58583686e+00,1.36055842e+01,1.35932935e-01,2.39013662e-02,1.33214276e+02,2.34233389e+01
1.84000000e-01,-5.67025570e-02,-3.12874922e-01,5.40782934e-02,5.27999804e-02,-5.66806193e+00,1.38718690e+01,1.35230500e-01,2.35812319e-02,1.32525890e+02,2.31096072e+01
1.86000000e-01,-5.73199296e-02,-3.04453776e-01,5.41694431e-02,3.83061357e-02,-5.75028700e+00,1.41396232e+01,1.34658972e-01,2.33644561e-02,1.31965792e+02,2.28971670e+01
1.88000000e-01,-5.79202313e-02,-2.95821393e-01,5.42315064e-02,2.37950579e-02,-5.83251208e+00,1.44088043e+01,1.35229988e-01,2.36396599e-02,1.32525388e+02,2.31668667e+01
1.90000000e-01,-5.85030994e-02,-2.87015381e-01,5.42647005e-02,9.39971415e-03,-5.91473715e+00,1.46793695e+01,1.35395644e-01,2.36606782e-02,1.32687731e+02,2.31874646e+01
1.92000000e-01,-5.90681674e-02,-2.78021188e-01,5.42691306e-02,-4.95759822e-03,-5.99696222e+00,1.49512758e+01,1.35482094e-01,2.37316816e-02,1.32772452e+02,2.32570480e+01
1.94000000e-01,-5.96150645e-02,-2.68847533e-01,5.42449357e-02,-1.92164317e-02,-6.07918729e+00,1.52244802e+01,1.35703870e-01,2.38386498e-02,1.32989793e+02,2.33618769e+01
1.96000000e-01,-6.01434421e-02,-2.59500764e-01,5.41923317e-02,-3.33751537e-02,-6.16141236e+00,1.54989393e+01,1.35788202e-01,2.38724511e-02,1.33072438e+02,2.33950021e+01
1.98000000e-01,-6.06529508e-02,-2.49978885e-01,5.41114805e-02,-4.74658670e-02,-6.24363743e+00,1.57746095e+01,1.35810031e-01,2.38716539e-02,1.33093830e+02,2.33942208e+01
2.00000000e-01,-6.11432476e-02,-2.40291883e-01,5.40025416e-02,-6.14465383e-02,-6.32586250e+00,1.60514471e+01,1.35971562e-01,2.39535198e-02,1.33252131e+02,2.34744494e+01
2.02000000e-01,-6.16141016e-02,-2.30579689e-01,5.38660915e-02,-7.48315660e-02,-6.40808757e+00,1.63294082e+01,1.39104763e-01,2.49325154e-02,1.36322668e+02,2.44338651e+01
2.04000000e-01,-6.20655423e-02,-2.20831471e-01,5.37034940e-02,-8.77985244e-02,-6.49031264e+00,1.66084486e+01,1.38854679e-01,2.46040450e-02,1.36077585e+02,2.41119641e+01
2.06000000e-01,-6.24972837e-02,-2.10867657e-01,5.35146824e-02,-1.01087904e-01,-6.57253772e+00,1.68885240e+01,1.37631784e-01,2.39914164e-02,1.34879148e+02,2.35115881e+01
2.08000000e-01,-6.29089081e-02,-2.00746584e-01,5.32991623e-02,-1.14347448e-01,-6.65476279e+00,1.71695900e+01,1.38581430e-01,2.43642297e-02,1.35809801e+02,2.38769451e+01
2.10000000e-01,-6.33002201e-02,-1.90550648e-01,5.30575220e-02,-1.27262854e-01,-6.73698786e+00,1.74516021e+01,1.39118365e-01,2.43738456e-02,1.36335997e+02,2.38863687e+01
2.12000000e-01,-6.36710509e-02,-1.80265019e-01,5.27902463e-02,-1.39975260e-01,-6.81921293e+00,1.77345154e+01,1.39554655e-01,2.44137094e-02,1.36763562e+02,2.39254352e+01
2.14000000e-01,-6.40212269e-02,-1.69899431e-01,5.24977883e-02,-1.52436716e-01,-6.90143800e+00,1.80182851e+01,1.40150752e-01,2.44878989e-02,1.37347737e+02,2.39981409e+01
2.16000000e-01,-6.43505949e-02,-1.59453313e-01,5.21806705e-02,-1.64641505e-01,-6.98366307e+00,1.83028660e+01,1.40404206e-01,2.45044237e-02,1.37596122e+02,2.40143352e+01
2.18000000e-01,-6.46589908e-02,-1.48933238e-01,5.18394172e-02,-1.76553960e-01,-7.06588814e+00,1.85882132e+01,1.40982972e-01,2.46188910e-02,1.38163313e+02,2.41265132e+01
2.20000000e-01,-6.49462809e-02,-1.38342734e-01,5.14746402e-02,-1.88188141e-01,-7.14811321e+00,1.88742812e+01,1.41146865e-01,2.45721744e-02,1.38323927e+02,2.40807309e+01
2.22000000e-01,-6.52124023e-02,-1.27812967e-01,5.10872290e-02,-1.98975938e-01,-7.23033828e+00,1.91610247e+01,1.44617797e-01,2.58465111e-02,1.41725441e+02,2.53295808e+01
2.24000000e-01,-6.54575488e-02,-1.17307325e-01,5.06790928e-02,-2.09229192e-01,-7.31256335e+00,1.94483982e+01,1.43754551e-01,2.51152873e-02,1.40879460e+02,2.46129816e+01
2.26000000e-01,-6.56815245e-02,-1.06641027e-01,5.02500799e-02,-2.19830849e-01,-7.39478843e+00,1.97363560e+01,1.42735491e-01,2.45066444e-02,1.39880782e+02,2.40165115e+01
2.28000000e-01,-6.58840688e-02,-9.59084679e-02,4.97998842e-02,-2.30260448e-01,-7.47701350e+00,2.00248525e+01,1.43903449e-01,2.48375998e-02,1.41025380e+02,2.43408478e+01
2.30000000e-01,-6.60651778e-02,-8.52050530e-02,4.93294198e-02,-2.40117595e-01,-7.55923857e+00,2.03138419e+01,1.44938666e-01,2.50401886e-02,1.42039893e+02,2.45393849e+01
2.32000000e-01,-6.62248539e-02,-7.44490016e-02,4.88394791e-02,-2.49876808e-01,-7.64146364e+00,2.06032784e+01,1.44020766e-01,2.43472101e-02,1.41140351e+02,2.38602659e+01
2.34000000e-01,-6.63629417e-02,-6.36448671e-02,4.83299847e-02,-2.59527829e-01,-7.72368871e+00,2.08931159e+01,1.44986460e-01,2.45434089e-02,1.42086731e+02,2.40525408e+01
2.36000000e-01,-6.64794340e-02,-5.28417371e-02,4.78016569e-02,-2.68745148e-01,-7.80591378e+00,2.11833086e+01,1.45039268e-01,2.45065827e-02,1.42138483e+02,2.40164511e+01
2.38000000e-01,-6.65742827e-02,-4.19996313e-02,4.72551897e-02,-2.77684114e-01,-7.88813885e+00,2.14738103e+01,1.44894200e-01,2.43506685e-02,1.41996316e+02,2.38636552e+01
2.40000000e-01,-6.66474180e-02,-3.11357416e-02,4.66910949e-02,-2.86361440e-01,-7.97036392e+00,2.17645749e+01,1.45171600e-01,2.42534799e-02,1.42268168e+02,2.37684103e+01
2.42000000e-01,-6.66988595e-02,-2.03225626e-02,4.61101789e-02,-2.94386431e-01,-8.05258899e+00,2.20555563e+01,1.46543307e-01,2.48933829e-02,1.43612441e+02,2.43955152e+01
2.44000000e-01,-6.67287753e-02,-9.60983439e-03,4.55140575e-02,-3.01649055e-01,-8.13481406e+00,2.23467084e+01,1.47806874e-01,2.50050848e-02,1.44850736e+02,2.45049831e+01
2.46000000e-01,-6.67372315e-02,1.20380925e-03,4.49033368e-02,-3.09280427e-01,-8.21703914e+00,2.26379849e+01,1.44298144e-01,2.32499550e-02,1.41412181e+02,2.27849559e+01
2.48000000e-01,-6.67239896e-02,1.19731041e-02,4.42772041e-02,-3.16509368e-01,-8.29926421e+00,2.29293396e+01,1.48779312e-01,2.49584018e-02,1.45803726e+02,2.44592337e+01
2.50000000e-01,-6.66894488e-02,2.25778399e-02,4.36378664e-02,-3.22887801e-01,-8.38148928e+00,2.32207263e+01,1.47904728e-01,2.41244117e-02,1.44946633e+02,2.36419234e+01
2.52000000e-01,-6.66336775e-02,3.31836131e-02,4.29856439e-02,-3.29279867e-01,-8.46371435e+00,2.35120986e+01,1.48343127e-01,2.40006728e-02,1.45376265e+02,2.35206594e+01
2.54000000e-01,-6.65567912e-02,4.36741628e-02,4.23211542e-02,-3.35061099e-01,-8.54593942e+00,2.38034105e+01,1.50012486e-01,2.44597006e-02,1.47012236e+02,2.39705066e+01
2.56000000e-01,-6.64590914e-02,5.39989200e-02,4.16459558e-02,-3.40007863e-01,-8.62816449e+00,2.40946156e+01,1.51461958e-01,2.47897268e-02,1.48432719e+02,2.42939323e+01
2.58000000e-01,-6.63408448e-02,6.42497721e-02,4.09613108e-02,-3.44672503e-01,-8.71038956e+00,2.43856678e+01,1.50816008e-01,2.40757034e-02,1.47799688e+02,2.35941893e+01
2.60000000e-01,-6.62021589e-02,7.44007275e-02,4.02675328e-02,-3.48936792e-01,-8.79261463e+00,2.46765208e+01,1.52705724e-01,2.46407614e-02,1.49651610e+02,2.41479461e+01
2.62000000e-01,-6.60433735e-02,8.43541782e-02,3.95663033e-02,-3.52091746e-01,-8.87483970e+00,2.49671285e+01,1.54175713e-01,2.54038137e-02,1.51092199e+02,2.48957374e+01
2.64000000e-01,-6.58649130e-02,9.40515362e-02,3.88599156e-02,-3.54122136e-01,-8.95706477e+00,2.52574448e+01,1.57272915e-01,2.59929976e-02,1.54127457e+02,2.54731377e+01
2.66000000e-01,-6.56671951e-02,1.03707274e-01,3.81496750e-02,-3.56362125e-01,-9.03928985e+00,2.55474236e+01,1.53573492e-01,2.39500491e-02,1.50502022e+02,2.34710481e+01
2.68000000e-01,-6.54501648e-02,1.13241611e-01,3.74347690e-02,-3.58149352e-01,-9.12151492e+00,2.58370189e+01,1.58377301e-01,2.59229434e-02,1.55209755e+02,2.54044845e+01
2.70000000e-01,-6.52143653e-02,1.22571085e-01,3.67175628e-02,-3.59208727e-01,-9.20373999e+00,2.61261847e+01,1.56473729e-01,2.44536014e-02,1.53344254e+02,2.39645294e+01
2.72000000e-01,-6.49599383e-02,1.31813888e-01,3.59979744e-02,-3.60207700e-01,-9.28596506e+00,2.64148752e+01,1.58363506e-01,2.50222195e-02,1.55196236e+02,2.45217751e+01
2.74000000e-01,-6.46872578e-02,1.40834521e-01,3.52772263e-02,-3.60465259e-01,-9.36819013e+00,2.67030445e+01,1.59476232e-01,2.49803286e-02,1.56286707e+02,2.44807220e+01
2.76000000e-01,-6.43967245e-02,1.49668688e-01,3.45564201e-02,-3.60262807e-01,-9.45041520e+00,2.69906469e+01,1.60385226e-01,2.49580100e-02,1.57177522e+02,2.44588498e+01
2.78000000e-01,-6.40887136e-02,1.58307156e-01,3.38365384e-02,-3.59515514e-01,-9.53264027e+00,2.72776367e+01,1.61570201e-01,2.50952822e-02,1.58338797e+02,2.45933765e+01
2.80000000e-01,-6.37636215e-02,1.66757228e-01,3.31186766e-02,-3.58290423e-01,-9.57930300e+00,2.75639685e+01,1.62168335e-01,2.49349180e-02,1.58924968e+02,2.44362196e+01
2.82000000e-01,-6.34217547e-02,1.75102246e-01,3.24036245e-02,-3.56693612e-01,-9.57930300e+00,2.78495967e+01,1.61268401e-01,2.48533941e-02,1.58043033e+02,2.43563262e+01
2.84000000e-01,-6.30633773e-02,1.83200091e-01,3.16924716e-02,-3.54242749e-01,-9.57930300e+00,2.81344761e+01,1.65051923e-01,2.57107296e-02,1.61750884e+02,2.51965150e+01
2.86000000e-01,-6.26890220e-02,1.91196355e-01,3.09864949e-02,-3.52029724e-01,-9.57930300e+00,2.84185614e+01,1.60618588e-01,2.33446092e-02,1.57406216e+02,2.28777170e+01
2.88000000e-01,-6.22986542e-02,1.99099126e-01,3.02843699e-02,-3.49790965e-01,-9.57930300e+00,2.87018076e+01,1.64082492e-01,2.47609210e-02,1.60800842e+02,2.42657025e+01
2.90000000e-01,-6.18927740e-02,2.06779238e-01,2.95876638e-02,-3.47053135e-01,-9.57930300e+00,2.89841696e+01,1.62539565e-01,2.33956919e-02,1.59288773e+02,2.29277781e+01
2.92000000e-01,-6.14716896e-02,2.14230899e-01,2.88964498e-02,-3.43876680e-01,-9.57930300e+00,2.92656028e+01,1.66014083e-01,2.46929657e-02,1.62693801e+02,2.41991064e+01
2.94000000e-01,-6.10360841e-02,2.21331983e-01,2.82129012e-02,-3.39584047e-01,-9.57930300e+00,2.95460624e+01,1.67204823e-01,2.47603380e-02,1.63860727e+02,2.42651312e+01
2.96000000e-01,-6.05864850e-02,2.28248075e-01,2.75382103e-02,-3.35146416e-01,-9.57930300e+00,2.98255039e+01,1.66694985e-01,2.40316447e-02,1.63361086e+02,2.35510118e+01
2.98000000e-01,-6.01232534e-02,2.34921808e-01,2.68725952e-02,-3.30289461e-01,-9.57930300e+00,3.01038830e+01,1.69114082e-01,2.46877103e-02,1.65731800e+02,2.41939561e+01
3.00000000e-01,-5.96469694e-02,2.41338099e-01,2.62173697e-02,-3.24956672e-01,-9.57930300e+00,3.03811556e+01,1.68848998e-01,2.40922008e-02,1.65472018e+02,2.36103568e+01
3.02000000e-01,-5.91579681e-02,2.47653776e-01,2.55728857e-02,-3.19448069e-01,-9.57930300e+00,3.06572775e+01,1.67499124e-01,2.41338379e-02,1.64149142e+02,2.36511611e+01
3.04000000e-01,-5.86565567e-02,2.53665800e-01,2.49401863e-02,-3.13026209e-01,-9.57930300e+00,3.09322050e+01,1.71876332e-01,2.51027407e-02,1.68438806e+02,2.46006859e+01
3.06000000e-01,-5.81434356e-02,2.59481743e-01,2.43207156e-02,-3.06702215e-01,-9.57930300e+00,3.12058944e+01,1.67915896e-01,2.30407729e-02,1.64557578e+02,2.25799575e+01
3.08000000e-01,-5.76187424e-02,2.65128761e-01,2.37134698e-02,-3.00239779e-01,-9.57930300e+00,3.14783024e+01,1.71563844e-01,2.45233232e-02,1.68132568e+02,2.40328567e+01
3.10000000e-01,-5.70831077e-02,2.70495108e-01,2.31200404e-02,-2.93351423e-01,-9.57930300e+00,3.17493857e+01,1.70123841e-01,2.30841460e-02,1.66721364e+02,2.26224631e+01
3.12000000e-01,-5.65369471e-02,2.75583729e-01,2.25403584e-02,-2.86021804e-01,-9.57930300e+00,3.20191012e+01,1.73616223e-01,2.46185524e-02,1.70143899e+02,2.41261813e+01
3.14000000e-01,-5.59810112e-02,2.80314724e-01,2.19765365e-02,-2.77817236e-01,-9.57930300e+00,3.22874062e+01,1.73961832e-01,2.41118492e-02,1.70482595e+02,2.36296123e+01
3.16000000e-01,-5.54158256e-02,2.84839647e-01,2.14290534e-02,-2.69666723e-01,-9.57930300e+00,3.25542581e+01,1.73836407e-01,2.37196456e-02,1.70359679e+02,2.32452527e+01
3.18000000e-01,-5.48418399e-02,2.89083595e-01,2.08981624e-02,-2.61077151e-01,-9.57930300e+00,3.28196145e+01,1.75859437e-01,2.42715705e-02,1.72342248e+02,2.37861391e+01
3.20000000e-01,-5.42596691e-02,2.93060647e-01,2.03849263e-02,-2.52215288e-01,-9.57930300e+00,3.30834334e+01,1.75336994e-01,2.35543522e-02,1.71830254e+02,2.30832652e+01
3.22000000e-01,-5.36696454e-02,2.96965585e-01,1.98892283e-02,-2.43462791e-01,-9.57930300e+00,3.33456728e+01,1.72743983e-01,2.33303071e-02,1.69289103e+02,2.28637009e+01
3.24000000e-01,-5.30720380e-02,3.00523782e-01,1.94117410e-02,-2.33711687e-01,-9.57930300e+00,3.36062912e+01,1.78575955e-01,2.49644518e-02,1.75004436e+02,2.44651627e+01
3.26000000e-01,-5.24677281e-02,3.03815348e-01,1.89543751e-02,-2.23970198e-01,-9.57930300e+00,3.38652472e+01,1.74054631e-01,2.26526409e-02,1.70573538e+02,2.21995881e+01
3.28000000e-01,-5.18569166e-02,3.06896928e-01,1.85159643e-02,-2.14072712e-01,-9.57930300e+00,3.41224996e+01,1.78509545e-01,2.46616988e-02,1.74939354e+02,2.41684648e+01
3.30000000e-01,-5.12403452e-02,3.09671216e-01,1.80984084e-02,-2.03688975e-01,-9.57930300e+00,3.43780078e+01,1.76213315e-01,2.30724522e-02,1.72689049e+02,2.26110032e+01
3.32000000e-01,-5.06183706e-02,3.12237196e-01,1.77011284e-02,-1.93425262e-01,-9.57930300e+00,3.46317310e+01,1.78310557e-01,2.38381042e-02,1.74744346e+02,2.33613421e+01
3.34000000e-01,-4.99916279e-02,3.14456033e-01,1.73251304e-02,-1.82526985e-01,-9.57930300e+00,3.48836291e+01,1.79218107e-01,2.38628311e-02,1.75633745e+02,2.33855745e+01
3.36000000e-01,-4.93606945e-02,3.16452820e-01,1.69709552e-02,-1.71726546e-01,-9.57930300e+00,3.51336621e+01,1.78357055e-01,2.31223386e-02,1.74789914e+02,2.26598918e+01
3.38000000e-01,-4.87260165e-02,3.18149765e-01,1.66384305e-02,-1.60616792e-01,-9.57930300e+00,3.53817903e+01,1.81050821e-01,2.40325893e-02,1.77429804e+02,2.35519375e+01
3.40000000e-01,-4.80883032e-02,3.19535071e-01,1.63286999e-02,-1.49189262e-01,-9.57930300e+00,3.56279744e+01,1.80439172e-01,2.33421823e-02,1.76830389e+02,2.28753387e+01
3.42000000e-01,-4.74478817e-02,3.20912200e-01,1.60412995e-02,-1.38322689e-01,-9.57930300e+00,3.58721752e+01,1.76019474e-01,2.24400859e-02,1.72499084e+02,2.19912842e+01
3.44000000e-01,-4.68048522e-02,3.21992767e-01,1.57758916e-02,-1.26732612e-01,-9.57930300e+00,3.61143540e+01,1.82124740e-01,2.44770774e-02,1.78482246e+02,2.39875359e+01
3.46000000e-01,-4.61601106e-02,3.22773366e-01,1.55344013e-02,-1.15093949e-01,-9.57930300e+00,3.63544723e+01,1.77768820e-01,2.21921961e-02,1.74213443e+02,2.17483522e+01
3.48000000e-01,-4.55139078e-02,3.23330355e-01,1.53155282e-02,-1.03436709e-01,-9.57930300e+00,3.65924922e+01,1.82077467e-01,2.41987736e-02,1.78435917e+02,2.37147982e+01
3.50000000e-01,-4.48669925e-02,3.23582346e-01,1.51208941e-02,-9.14200454e-02,-9.57930300e+00,3.68283757e+01,1.79615922e-01,2.26635848e-02,1.76023604e+02,2.22103131e+01
3.52000000e-01,-4.42196971e-02,3.23656269e-01,1.49496073e-02,-7.97644481e-02,-9.57930300e+00,3.70620855e+01,1.80954927e-01,2.31914830e-02,1.77335829e+02,2.27276534e+01
3.54000000e-01,-4.35725963e-02,3.23386897e-01,1.48022016e-02,-6.75610252e-02,-9.57930300e+00,3.72935845e+01,1.82354490e-01,2.35979437e-02,1.78707400e+02,2.31259849e+01
3.56000000e-01,-4.29262822e-02,3.22918443e-01,1.46791886e-02,-5.56194070e-02,-9.57930300e+00,3.75228359e+01,1.80329048e-01,2.24612792e-02,1.76722467e+02,2.20120536e+01
3.58000000e-01,-4.22810922e-02,3.22195491e-01,1.45797658e-02,-4.36150916e-02,-9.57930300e+00,3.77498034e+01,1.83031912e-01,2.35826898e-02,1.79371274e+02,2.31110361e+01
3.60000000e-01,-4.16377095e-02,3.21158755e-01,1.45049316e-02,-3.13057100e-02,-9.57930300e+00,3.79744509e+01,1.82405158e-01,2.29896480e-02,1.78757055e+02,2.25298550e+01
3.62000000e-01,-4.09964363e-02,3.20153362e-01,1.44539499e-02,-1.98857515e-02,-9.57930300e+00,3.81967428e+01,1.77060346e-01,2.16382116e-02,1.73519139e+02,2.12054474e+01
3.64000000e-01,-4.03572639e-02,3.18896225e-01,1.44256905e-02,-8.01317726e-03,-9.57930300e+00,3.84166438e+01,1.83065371e-01,2.38946197e-02,1.79404063e+02,2.34167273e+01
3.66000000e-01,-3.97210592e-02,3.17327440e-01,1.44220207e-02,4.04468179e-03,-9.57930300e+00,3.86341190e+01,1.79142769e-01,2.20168387e-02,1.75559913e+02,2.15765019e+01
3.68000000e-01,-3.90880894e-02,3.15555734e-01,1.44418065e-02,1.60083947e-02,-9.57930300e+00,3.88491339e+01,1.82633116e-01,2.37204980e-02,1.78980453e+02,2.32460881e+01
3.70000000e-01,-3.84590217e-02,3.13505897e-01,1.44862108e-02,2.82069507e-02,-9.57930300e+00,3.90616544e+01,1.80498340e-01,2.25681534e-02,1.76888373e+02,2.21167903e+01
3.72000000e-01,-3.78341504e-02,3.11329202e-01,1.45542461e-02,3.98232401e-02,-9.57930300e+00,3.92716468e+01,1.80487758e-01,2.25907696e-02,1.76878003e+02,2.21389542e+01
3.74000000e-01,-3.72138890e-02,3.08876291e-01,1.46456593e-02,5.16727580e-02,-9.57930300e+00,3.94790776e+01,1.81879615e-01,2.31834877e-02,1.78242023e+02,2.27198180e+01
3.76000000e-01,-3.65987765e-02,3.06226499e-01,1.47607769e-02,6.32820978e-02,-9.57930300e+00,3.96839141e+01,1.80056237e-01,2.22462842e-02,1.76455112e+02,2.18013586e+01
3.78000000e-01,-3.59891239e-02,3.03365344e-01,1.48986816e-02,7.47323729e-02,-9.57930300e+00,3.98861237e+01,1.81830436e-01,2.30419886e-02,1.78193827e+02,2.25811489e+01
3.80000000e-01,-3.53854940e-02,3.00235892e-01,1.50597953e-02,8.63159185e-02,-9.57930300e+00,4.00856743e+01,1.81385354e-01,2.27514268e-02,1.77757647e+02,2.22963983e+01
3.82000000e-01,-3.47881642e-02,2.97130741e-01,1.52433430e-02,9.69960808e-02,-9.57930300e+00,4.02825343e+01,1.76373628e-01,2.14035416e-02,1.72846155e+02,2.09754707e+01
3.84000000e-01,-3.41970952e-02,2.93839344e-01,1.54478752e-02,1.07819561e-01,-9.57930300e+00,4.04766723e+01,1.80899322e-01,2.33401380e-02,1.77281336e+02,2.28733352e+01
3.86000000e-01,-3.36129730e-02,2.90298572e-01,1.56746379e-02,1.18668182e-01,-9.57930300e+00,4.06680577e+01,1.77418018e-01,2.17757187e-02,1.73869658e+02,2.13402043e+01
3.88000000e-01,-3.30359897e-02,2.86624675e-01,1.59222996e-02,1.29144315e-01,-9.57930300e+00,4.08566600e+01,1.79285265e-01,2.29078728e-02,1.75699559e+02,2.24497153e+01
3.90000000e-01,-3.24666224e-02,2.82728739e-01,1.61912782e-02,1.39715001e-01,-9.57930300e+00,4.10424493e+01,1.77942750e-01,2.23540774e-02,1.74383895e+02,2.19069958e+01
3.92000000e-01,-3.19051414e-02,2.78732775e-01,1.64807795e-02,1.49715531e-01,-9.57930300e+00,4.12253961e+01,1.77022911e-01,2.21205786e-02,1.73482453e+02,2.16781670e+01
3.94000000e-01,-3.13518089e-02,2.74560451e-01,1.67900405e-02,1.59566320e-01,-9.57930300e+00,4.14054713e+01,1.77529943e-01,2.24775583e-02,1.73979344e+02,2.20280072e+01
3.96000000e-01,-3.08069992e-02,2.70238812e-01,1.71188285e-02,1.69092846e-01,-9.57930300e+00,4.15826465e+01,1.76046977e-01,2.19057065e-02,1.72526038e+02,2.14675924e+01
3.98000000e-01,-3.02709582e-02,2.65760236e-01,1.74662327e-02,1.78350572e-01,-9.57930300e+00,4.17568935e+01,1.76803205e-01,2.24058768e-02,1.73267140e+02,2.19577592e+01
4.00000000e-01,-2.97440862e-02,2.61089624e-01,1.78321828e-02,1.87536242e-01,-9.57930300e+00,4.19281846e+01,1.76214361e-01,2.22734706e-02,1.72690074e+02,2.18280011e+01
4.02000000e-01,-2.92266103e-02,2.56403197e-01,1.82158984e-02,1.96003121e-01,-9.57930300e+00,4.20964926e+01,1.72929284e-01,2.14417716e-02,1.69470698e+02,2.10129362e+01
4.04000000e-01,-2.87185402e-02,2.51616701e-01,1.86160557e-02,2.04260596e-01,-9.57930300e+00,4.22617909e+01,1.74385849e-01,2.24022564e-02,1.70898132e+02,2.19542112e+01
4.06000000e-01,-2.82202531e-02,2.46665754e-01,1.90328737e-02,2.12417438e-01,-9.57930300e+00,4.24240532e+01,1.72684230e-01,2.18226113e-02,1.69230545e+02,2.13861591e+01
4.08000000e-01,-2.77319620e-02,2.41587534e-01,1.94655407e-02,2.20297167e-01,-9.57930300e+00,4.25832538e+01,1.73353272e-01,2.24354944e-02,1.69886207e+02,2.19867845e+01
4.10000000e-01,-2.72540127e-02,2.36344734e-01,1.99140265e-02,2.28123170e-01,-9.57930300e+00,4.27393673e+01,1.72607055e-01,2.23473143e-02,1.69154913e+02,2.19003680e+01
4.12000000e-01,-2.67866377e-02,2.31020077e-01,2.03777043e-02,2.35455645e-01,-9.57930300e+00,4.28923691e+01,1.71429085e-01,2.20589416e-02,1.68000503e+02,2.16177628e+01
4.14000000e-01,-2.63300003e-02,2.25593642e-01,2.08556076e-02,2.42425938e-01,-9.57930300e+00,4.30422348e+01,1.71235608e-01,2.22669585e-02,1.67810896e+02,2.18216193e+01
4.16000000e-01,-2.58843371e-02,2.20056197e-01,2.13472060e-02,2.49093217e-01,-9.57930300e+00,4.31889407e+01,1.70362492e-01,2.21224448e-02,1.66955242e+02,2.16799959e+01
4.18000000e-01,-2.54498539e-02,2.14401119e-01,2.18518020e-02,2.55492751e-01,-9.57930300e+00,4.33324634e+01,1.70414583e-01,2.24231967e-02,1.67006291e+02,2.19747327e+01
4.20000000e-01,-2.50267973e-02,2.08648997e-01,2.23689417e-02,2.61539342e-01,-9.57930300e+00,4.34727803e+01,1.69153184e-01,2.21178761e-02,1.65770121e+02,2.16755185e+01
4.22000000e-01,-2.46153099e-02,2.02818866e-01,2.28977301e-02,2.67242179e-01,-9.57930300e+00,4.36098690e+01,1.68854647e-01,2.24547395e-02,1.65477554e+02,2.20056447e+01
4.24000000e-01,-2.42155548e-02,1.96939267e-01,2.34376767e-02,2.72594543e-01,-9.57930300e+00,4.37437077e+01,1.67021831e-01,2.21513540e-02,1.63681395e+02,2.17083269e+01
4.26000000e-01,-2.38275774e-02,1.91022931e-01,2.39877971e-02,2.77480068e-01,-9.57930300e+00,4.38742753e+01,1.66521806e-01,2.22587159e-02,1.63191370e+02,2.18135416e+01
4.28000000e-01,-2.34515099e-02,1.85036378e-01,2.45473461e-02,2.81989391e-01,-9.57930300e+00,4.40015510e+01,1.65568294e-01,2.21591892e-02,1.62256929e+02,2.17160054e+01
4.30000000e-01,-2.30874739e-02,1.78986682e-01,2.51155309e-02,2.86163243e-01,-9.57930300e+00,4.41255147e+01,1.65000937e-01,2.23645391e-02,1.61700918e+02,2.19172483e+01
4.32000000e-01,-2.27355796e-02,1.72912346e-01,2.56916766e-02,2.89853453e-01,-9.57930300e+00,4.42461465e+01,1.63246626e-01,2.19655299e-02,1.59981693e+02,2.15262193e+01
4.34000000e-01,-2.23958308e-02,1.66828629e-01,2.62745648e-02,2.92973770e-01,-9.57930300e+00,4.43634275e+01,1.62421899e-01,2.19997306e-02,1.59173461e+02,2.15597360e+01
4.36000000e-01,-2.20682998e-02,1.60692901e-01,2.68633457e-02,2.95755146e-01,-9.57930300e+00,4.44773390e+01,1.61763261e-01,2.20940519e-02,1.58527996e+02,2.16521709e+01
4.38000000e-01,-2.17530920e-02,1.54507923e-01,2.74573552e-02,2.98191334e-01,-9.57930300e+00,4.45878629e+01,1.60974384e-01,2.21227448e-02,1.57754896e+02,2.16802900e+01
4.40000000e-01,-2.14503003e-02,1.48274687e-01,2.80558871e-02,3.00291625e-01,-9.57930300e+00,4.46949816e+01,1.60393772e-01,2.22431723e-02,1.57185896e+02,2.17983088e+01
4.42000000e-01,-2.11600363e-02,1.41976888e-01,2.86582963e-02,3.02053832e-01,-9.57930300e+00,4.47986782e+01,1.60087870e-01,2.22729462e-02,1.56886113e+02,2.18274873e+01
4.44000000e-01,-2.08823598e-02,1.35728410e-01,2.92636475e-02,3.03133709e-01,-9.57930300e+00,4.48989363e+01,1.56948918e-01,2.16752404e-02,1.53809940e+02,2.12417356e+01
4.46000000e-01,-2.06170986e-02,1.29516079e-01,2.98705155e-02,3.03740095e-01,-9.57930300e+00,4.49957399e+01,1.57052514e-01,2.21457966e-02,1.53911463e+02,2.17028807e+01
4.48000000e-01,-2.03643052e-02,1.23289234e-01,3.04783442e-02,3.03951039e-01,-9.57930300e+00,4.50890736e+01,1.55198997e-01,2.17133921e-02,1.52095017e+02,2.12791242e+01
4.50000000e-01,-2.01239626e-02,1.17031027e-01,3.10861640e-02,3.03928534e-01,-9.57930300e+00,4.51789226e+01,1.55797927e-01,2.25241334e-02,1.52681968e+02,2.20736507e+01
4.52000000e-01,-1.98962112e-02,1.10727589e-01,3.16939682e-02,3.03770826e-01,-9.57930300e+00,4.52652727e+01,1.54370968e-01,2.22979135e-02,1.51283549e+02,2.18519552e+01
4.54000000e-01,-1.96810158e-02,1.04478761e-01,3.23008187e-02,3.02970372e-01,-9.57930300e+00,4.53481102e+01,1.52739593e-01,2.20422206e-02,1.49684801e+02,2.16013762e+01
4.56000000e-01,-1.94782735e-02,9.82639805e-02,3.29055227e-02,3.01679545e-01,-9.57930300e+00,4.54274219e+01,1.51894953e-01,2.21329887e-02,1.48857054e+02,2.16903289e+01
4.58000000e-01,-1.92879421e-02,9.20759436e-02,3.35072644e-02,2.99980047e-01,-9.57930300e+00,4.55031953e+01,1.50535653e-01,2.20447099e-02,1.47524940e+02,2.16038157e+01
4.60000000e-01,-1.91099481e-02,8.59203896e-02,3.41051620e-02,2.97859231e-01,-9.57930300e+00,4.55754183e+01,1.49657767e-01,2.21036224e-02,1.46664612e+02,2.16615499e+01
4.62000000e-01,-1.89442943e-02,7.97142094e-02,3.46985092e-02,2.95450193e-01,-9.57930300e+00,4.56440794e+01,1.50341125e-01,2.22883390e-02,1.47334302e+02,2.18425722e+01
4.64000000e-01,-1.87910539e-02,7.35639842e-02,3.52865716e-02,2.92454514e-01,-9.57930300e+00,4.57091678e+01,1.47074047e-01,2.17135096e-02,1.44132566e+02,2.12792394e+01
4.66000000e-01,-1.86500080e-02,6.74592261e-02,3.58681624e-02,2.89211612e-01,-9.57930300e+00,4.57706731e+01,1.48102460e-01,2.26016166e-02,1.45140411e+02,2.21495842e+01
4.68000000e-01,-1.85211936e-02,6.13895688e-02,3.64431331e-02,2.85541397e-01,-9.57930300e+00,4.58285856e+01,1.45177375e-01,2.16393735e-02,1.42273827e+02,2.12065860e+01
4.70000000e-01,-1.84044418e-02,5.53317323e-02,3.70101926e-02,2.81667992e-01,-9.57930300e+00,4.58828961e+01,1.46848561e-01,2.29868487e-02,1.43911590e+02,2.25271117e+01
4.72000000e-01,-1.82999177e-02,4.91973567e-02,3.75700178e-02,2.78113643e-01,-9.57930300e+00,4.59335959e+01,1.46087575e-01,2.31102558e-02,1.43165823e+02,2.26480507e+01
4.74000000e-01,-1.82075808e-02,4.31703897e-02,3.81222183e-02,2.73916120e-01,-9.57930300e+00,4.59806770e+01,1.43560209e-01,2.24273249e-02,1.40689004e+02,2.19787784e+01
4.76000000e-01,-1.81271510e-02,3.72711881e-02,3.86652147e-02,2.69017323e-01,-9.57930300e+00,4.60241320e+01,1.42421343e-01,2.24159651e-02,1.39572916e+02,2.19676458e+01
4.78000000e-01,-1.80584414e-02,3.14539587e-02,3.91980201e-02,2.63717313e-01,-9.57930300e+00,4.60639539e+01,1.41060030e-01,2.23484647e-02,1.38238830e+02,2.19014954e+01
4.80000000e-01,-1.80012728e-02,2.57301796e-02,3.97197894e-02,2.57975403e-01,-9.57930300e+00,4.61001365e+01,1.39747552e-01,2.22361120e-02,1.36952601e+02,2.17913898e+01
4.82000000e-01,-1.79555527e-02,1.99584516e-02,4.02297708e-02,2.52007076e-01,-9.57930300e+00,4.61326739e+01,1.41783813e-01,2.26041962e-02,1.38948137e+02,2.21521122e+01
4.84000000e-01,-1.79214087e-02,1.42321278e-02,4.07275358e-02,2.45616044e-01,-9.57930300e+00,4.61615611e+01,1.38384286e-01,2.20624977e-02,1.35616600e+02,2.16212478e+01
4.86000000e-01,-1.78985744e-02,8.58043487e-03,4.12121901e-02,2.39157731e-01,-9.57930300e+00,4.61867934e+01,1.39830508e-01,2.31580205e-02,1.37033898e+02,2.26948601e+01
4.88000000e-01,-1.78870117e-02,3.04165704e-03,4.16837916e-02,2.32136751e-01,-9.57930300e+00,4.62083668e+01,1.35628519e-01,2.15579152e-02,1.32915949e+02,2.11267569e+01
4.90000000e-01,-1.78863690e-02,-2.43903690e-03,4.21406167e-02,2.24935140e-01,-9.57930300e+00,4.62262779e+01,1.38445788e-01,2.34345261e-02,1.35676873e+02,2.29658356e+01
4.92000000e-01,-1.78968503e-02,-8.04335865e-03,4.25840956e-02,2.18578656e-01,-9.57930300e+00,4.62405239e+01,1.38580065e-01,2.39679855e-02,1.35808463e+02,2.34886258e+01
4.94000000e-01,-1.79184553e-02,-1.35168591e-02,4.30145924e-02,2.11713814e-01,-9.57930300e+00,4.62511026e+01,1.35542686e-01,2.29851960e-02,1.32831832e+02,2.25254921e+01
4.96000000e-01,-1.79507791e-02,-1.87824147e-02,4.34303670e-02,2.03973374e-01,-9.57930300e+00,4.62580121e+01,1.33963220e-01,2.27271928e-02,1.31283956e+02,2.22726490e+01
4.98000000e-01,-1.79935035e-02,-2.39258557e-02,4.38302583e-02,1.95891665e-01,-9.57930300e+00,4.62612515e+01,1.33016903e-01,2.28434311e-02,1.30356565e+02,2.23865625e+01
5.00000000e-01,-1.80463921e-02,-2.89337375e-02,4.42136774e-02,1.87425568e-01,-9.57930300e+00,4.62608202e+01,1.31206746e-01,2.24715204e-02,1.28582611e+02,2.20220900e+01
5.02000000e-01,-1.81092437e-02,-3.39494251e-02,4.45797510e-02,1.78645145e-01,-9.57930300e+00,4.62567182e+01,1.33692034e-01,2.27102036e-02,1.31018193e+02,2.22559995e+01
5.04000000e-01,-1.81821796e-02,-3.89497644e-02,4.49281366e-02,1.69682590e-01,-9.57930300e+00,4.62489463e+01,1.31422935e-01,2.25905534e-02,1.28794476e+02,2.21387424e+01
5.06000000e-01,-1.82650103e-02,-4.39015009e-02,4.52586691e-02,1.61001587e-01,-9.57930300e+00,4.62375057e+01,1.33212357e-01,2.37769750e-02,1.30548110e+02,2.33014355e+01
5.08000000e-01,-1.83576769e-02,-4.86902284e-02,4.55717459e-02,1.51725255e-01,-9.57930300e+00,4.62223982e+01,1.28350455e-01,2.17918532e-02,1.25783446e+02,2.13560161e+01
5.10000000e-01,-1.84597224e-02,-5.34056452e-02,4.58655564e-02,1.42428149e-01,-9.57930300e+00,4.62036261e+01,1.32313266e-01,2.41570361e-02,1.29667001e+02,2.36738954e+01
5.12000000e-01,-1.85714146e-02,-5.82936779e-02,4.61423331e-02,1.34442764e-01,-9.57930300e+00,4.61811925e+01,1.33275880e-01,2.49438491e-02,1.30610362e+02,2.44449721e+01
5.14000000e-01,-1.86928007e-02,-6.30371812e-02,4.64030612e-02,1.26058099e-01,-9.57930300e+00,4.61551010e+01,1.29907320e-01,2.36947462e-02,1.27309174e+02,2.32208512e+01
5.16000000e-01,-1.88233671e-02,-6.74863091e-02,4.66458288e-02,1.16568552e-01,-9.57930300e+00,4.61253556e+01,1.27444620e-01,2.29753262e-02,1.24895728e+02,2.25158197e+01
5.18000000e-01,-1.89626338e-02,-7.17672839e-02,4.68691250e-02,1.06763525e-01,-9.57930300e+00,4.60919610e+01,1.27097372e-01,2.33555638e-02,1.24555424e+02,2.28884525e+01
5.20000000e-01,-1.91103234e-02,-7.58790996e-02,4.70726782e-02,9.66514648e-02,-9.57930300e+00,4.60549227e+01,1.24680491e-01,2.26257255e-02,1.22186881e+02,2.21732110e+01
5.22000000e-01,-1.92661549e-02,-7.99978670e-02,4.72555698e-02,8.62976790e-02,-9.57930300e+00,4.60142464e+01,1.28515284e-01,2.31137041e-02,1.25944978e+02,2.26514300e+01
5.24000000e-01,-1.94303198e-02,-8.41239497e-02,4.74178771e-02,7.59562382e-02,-9.57930300e+00,4.59699386e+01,1.26174535e-01,2.28877045e-02,1.23651045e+02,2.24299504e+01
5.26000000e-01,-1.96026064e-02,-8.81835872e-02,4.75596822e-02,6.60460054e-02,-9.57930300e+00,4.59220064e+01,1.28352571e-01,2.42255146e-02,1.25785519e+02,2.37410043e+01
5.28000000e-01,-1.97829290e-02,-9.20556330e-02,4.76817132e-02,5.56139352e-02,-9.57930300e+00,4.58704573e+01,1.23246892e-01,2.19708033e-02,1.20781954e+02,2.15313873e+01
5.30000000e-01,-1.99707711e-02,-9.58409903e-02,4.77821916e-02,4.52622498e-02,-9.57930300e+00,4.58152996e+01,1.27845068e-01,2.45421707e-02,1.25288166e+02,2.40513273e+01
5.32000000e-01,-2.01664228e-02,-9.98209799e-02,4.78638354e-02,3.65203112e-02,-9.57930300e+00,4.57565419e+01,1.29375884e-01,2.54699229e-02,1.26788366e+02,2.49605245e+01
5.34000000e-01,-2.03699672e-02,-1.03669265e-01,4.79281510e-02,2.75955533e-02,-9.57930300e+00,4.56941937e+01,1.26413139e-01,2.42538733e-02,1.23884876e+02,2.37687958e+01
5.36000000e-01,-2.05808893e-02,-1.07201799e-01,4.79735037e-02,1.75999949e-02,-9.57930300e+00,4.56282648e+01,1.23704805e-01,2.32911165e-02,1.21230709e+02,2.28252942e+01
5.38000000e-01,-2.07986665e-02,-1.10572458e-01,4.79984578e-02,7.46477941e-03,-9.57930300e+00,4.55587656e+01,1.24394560e-01,2.40005637e-02,1.21906668e+02,2.35205524e+01
5.40000000e-01,-2.10230776e-02,-1.13790796e-01,4.80033150e-02,-2.74206218e-03,-9.57930300e+00,4.54857072e+01,1.21964068e-01,2.31518232e-02,1.19524786e+02,2.26887867e+01
5.42000000e-01,-2.12538404e-02,-1.17025158e-01,4.79874316e-02,-1.30359424e-02,-9.57930300e+00,4.54091013e+01,1.26639791e-01,2.37994233e-02,1.24106995e+02,2.33234348e+01
5.44000000e-01,-2.14911886e-02,-1.20275110e-01,4.79512586e-02,-2.31988135e-02,-9.57930300e+00,4.53289598e+01,1.24252421e-01,2.33792590e-02,1.21767373e+02,2.29116738e+01
5.46000000e-01,-2.17348999e-02,-1.23463695e-01,4.78950255e-02,-3.27780642e-02,-9.57930300e+00,4.52452957e+01,1.27182390e-01,2.49481246e-02,1.24638743e+02,2.44491621e+01
5.48000000e-01,-2.19849147e-02,-1.26459354e-01,4.78198686e-02,-4.27738092e-02,-9.57930300e+00,4.51581221e+01,1.21772611e-01,2.24015887e-02,1.19337159e+02,2.19535570e+01
5.50000000e-01,-2.22406552e-02,-1.29331853e-01,4.77239403e-02,-5.27545720e-02,-9.57930300e+00,4.50674528e+01,1.26380604e-01,2.48467686e-02,1.23852992e+02,2.43498332e+01
5.52000000e-01,-2.25023657e-02,-1.32389671e-01,4.76099610e-02,-6.10694045e-02,-9.57930300e+00,4.49733024e+01,1.28227010e-01,2.57390087e-02,1.25662470e+02,2.52242285e+01
5.54000000e-01,-2.27701332e-02,-1.35326468e-01,4.74796552e-02,-6.93953801e-02,-9.57930300e+00,4.48756856e+01,1.25726325e-01,2.46405613e-02,1.23211799e+02,2.41477500e+01
5.56000000e-01,-2.30434693e-02,-1.37959912e-01,4.73317881e-02,-7.86084071e-02,-9.57930300e+00,4.47746180e+01,1.23358805e-01,2.36695526e-02,1.20891629e+02,2.31961616e+01
5.58000000e-01,-2.33218686e-02,-1.40437037e-01,4.71652063e-02,-8.78444616e-02,-9.57930300e+00,4.46701157e+01,1.24336117e-01,2.43580750e-02,1.21849395e+02,2.38709135e+01
5.60000000e-01,-2.36051224e-02,-1.42771595e-01,4.69804503e-02,-9.70203438e-02,-9.57930300e+00,4.45621952e+01,1.22329929e-01,2.35356181e-02,1.19883330e+02,2.30649057e+01
5.62000000e-01,-2.38929841e-02,-1.45149720e-01,4.67771983e-02,-1.06086174e-01,-9.57930300e+00,4.44508736e+01,1.27694611e-01,2.43024738e-02,1.25140718e+02,2.38164243e+01
5.64000000e-01,-2.41857194e-02,-1.47524928e-01,4.65562088e-02,-1.14997301e-01,-9.57930300e+00,4.43361687e+01,1.24641496e-01,2.35482403e-02,1.22148666e+02,2.30772755e+01
5.66000000e-01,-2.44830320e-02,-1.49822558e-01,4.63176079e-02,-1.23310239e-01,-9.57930300e+00,4.42180985e+01,1.28299616e-01,2.52207267e-02,1.25733623e+02,2.47163122e+01
5.68000000e-01,-2.47849202e-02,-1.51986163e-01,4.60629081e-02,-1.31712639e-01,-9.57930300e+00,4.40966820e+01,1.23964928e-01,2.29999019e-02,1.21485630e+02,2.25399039e+01
5.70000000e-01,-2.50909012e-02,-1.54036524e-01,4.57908233e-02,-1.40016195e-01,-9.57930300e+00,4.39719382e+01,1.28143022e-01,2.50430412e-02,1.25580161e+02,2.45421804e+01
5.72000000e-01,-2.54011607e-02,-1.56228485e-01,4.55038383e-02,-1.46827468e-01,-9.57930300e+00,4.38438871e+01,1.29797539e-01,2.57250655e-02,1.27201588e+02,2.52105642e+01
5.74000000e-01,-2.57157221e-02,-1.58280891e-01,4.52035018e-02,-1.53656198e-01,-9.57930300e+00,4.37125489e+01,1.27441255e-01,2.45800740e-02,1.24892430e+02,2.40884725e+01
5.76000000e-01,-2.60340958e-02,-1.60050593e-01,4.48887316e-02,-1.61207698e-01,-9.57930300e+00,4.35779445e+01,1.25783069e-01,2.37613412e-02,1.23267407e+02,2.32861144e+01
5.78000000e-01,-2.63558261e-02,-1.61672724e-01,4.45587142e-02,-1.68694516e-01,-9.57930300e+00,4.34400952e+01,1.26612627e-01,2.42474934e-02,1.24080375e+02,2.37625436e+01
5.80000000e-01,-2.66807005e-02,-1.63165588e-01,4.42140767e-02,-1.75996641e-01,-9.57930300e+00,4.32990229e+01,1.25408242e-01,2.36596297e-02,1.22900077e+02,2.31864371e+01
5.82000000e-01,-2.70085387e-02,-1.64733789e-01,4.38549976e-02,-1.82893854e-01,-9.57930300e+00,4.31547501e+01,1.31043119e-01,2.45873281e-02,1.28422257e+02,2.40955815e+01
5.84000000e-01,-2.73396448e-02,-1.66315629e-01,4.34827099e-02,-1.89478120e-01,-9.57930300e+00,4.30072995e+01,1.28423175e-01,2.37873170e-02,1.25854712e+02,2.33115706e+01
5.86000000e-01,-2.76737466e-02,-1.67815585e-01,4.30974633e-02,-1.95495265e-01,-9.57930300e+00,4.28566947e+01,1.31851089e-01,2.52299326e-02,1.29214067e+02,2.47253340e+01
5.88000000e-01,-2.80108260e-02,-1.69193843e-01,4.27007464e-02,-2.01485952e-01,-9.57930300e+00,4.27029595e+01,1.28325148e-01,2.32784506e-02,1.25758645e+02,2.28128816e+01
5.90000000e-01,-2.83504601e-02,-1.70479250e-01,4.22916608e-02,-2.07264644e-01,-9.57930300e+00,4.25461182e+01,1.32448842e-01,2.50929978e-02,1.29799865e+02,2.45911378e+01
5.92000000e-01,-2.86928172e-02,-1.71875906e-01,4.18725591e-02,-2.11736616e-01,-9.57930300e+00,4.23861959e+01,1.33713812e-01,2.54244074e-02,1.31039535e+02,2.49159192e+01
5.94000000e-01,-2.90378850e-02,-1.73154529e-01,4.14447774e-02,-2.16114033e-01,-9.57930300e+00,4.22232178e+01,1.32502218e-01,2.46821111e-02,1.29852173e+02,2.41884689e+01
5.96000000e-01,-2.93853044e-02,-1.74236868e-01,4.10078992e-02,-2.20796998e-01,-9.57930300e+00,4.20572098e+01,1.31958709e-01,2.41608478e-02,1.29319534e+02,2.36776309e+01
5.98000000e-01,-2.97347550e-02,-1.75203028e-01,4.05617053e-02,-2.25306139e-01,-9.57930300e+00,4.18881983e+01,1.32636108e-01,2.44114269e-02,1.29983386e+02,2.39231983e+01
6.00000000e-01,-3.00860494e-02,-1.76068454e-01,4.01068548e-02,-2.29545075e-01,-9.57930300e+00,4.17162101e+01,1.32468901e-01,2.40799505e-02,1.29819523e+02,2.35983515e+01
6.02000000e-01,-3.04390925e-02,-1.77029403e-01,3.96439335e-02,-2.33171337e-01,-9.57930300e+00,4.15412725e+01,1.37746512e-01,2.50376777e-02,1.34991582e+02,2.45369241e+01
6.04000000e-01,-3.07941497e-02,-1.77964398e-01,3.91742985e-02,-2.36604026e-01,-9.57930300e+00,4.13634133e+01,1.34756775e-01,2.38166969e-02,1.32061639e+02,2.33403630e+01
6.06000000e-01,-3.11508760e-02,-1.78788295e-01,3.86977374e-02,-2.39706777e-01,-9.57930300e+00,4.11826606e+01,1.38059237e-01,2.50507868e-02,1.35298053e+02,2.45497711e+01
6.08000000e-01,-3.15092543e-02,-1.79539431e-01,3.82156487e-02,-2.42543587e-01,-9.57930300e+00,4.09990432e+01,1.35978819e-01,2.36873008e-02,1.33259243e+02,2.32135547e+01
6.10000000e-01,-3.18689666e-02,-1.80189763e-01,3.77276645e-02,-2.45228302e-01,-9.57930300e+00,4.08125902e+01,1.38637547e-01,2.46740955e-02,1.35864796e+02,2.41806136e+01
6.12000000e-01,-3.22300338e-02,-1.80870721e-01,3.72353069e-02,-2.47056002e-01,-9.57930300e+00,4.06233312e+01,1.39639158e-01,2.47835854e-02,1.36846375e+02,2.42879137e+01
6.14000000e-01,-3.25923812e-02,-1.81449369e-01,3.67395160e-02,-2.48770531e-01,-9.57930300e+00,4.04312962e+01,1.39202291e-01,2.42040525e-02,1.36418246e+02,2.37199715e+01
6.16000000e-01,-3.29557517e-02,-1.81908624e-01,3.62402557e-02,-2.50438640e-01,-9.57930300e+00,4.02365157e+01,1.39813626e-01,2.41684968e-02,1.37017353e+02,2.36851269e+01
6.18000000e-01,-3.33199661e-02,-1.82293453e-01,3.57379734e-02,-2.51788840e-01,-9.57930300e+00,4.00390206e+01,1.40434711e-01,2.41543680e-02,1.37626017e+02,2.36712807e+01
6.20000000e-01,-3.36848765e-02,-1.82604870e-01,3.52333114e-02,-2.52822437e-01,-9.57930300e+00,3.98388423e+01,1.41075721e-01,2.41125460e-02,1.38254207e+02,2.36302951e+01
6.22000000e-01,-3.40504473e-02,-1.83008874e-01,3.47271734e-02,-2.53121441e-01,-9.57930300e+00,3.96360125e+01,1.45581010e-01,2.49734269e-02,1.42669390e+02,2.44739584e+01
6.24000000e-01,-3.44168984e-02,-1.83392446e-01,3.42210099e-02,-2.53144074e-01,-9.57930300e+00,3.94305634e+01,1.43587934e-01,2.39695251e-02,1.40716175e+02,2.34901346e+01
6.26000000e-01,-3.47839432e-02,-1.83665140e-01,3.37147218e-02,-2.52979789e-01,-9.57930300e+00,3.92225276e+01,1.45985323e-01,2.46424993e-02,1.43065616e+02,2.41496493e+01
6.28000000e-01,-3.51515234e-02,-1.83884483e-01,3.32093004e-02,-2.52501113e-01,-9.57930300e+00,3.90119381e+01,1.45340878e-01,2.39071815e-02,1.42434060e+02,2.34290378e+01
6.30000000e-01,-3.55194358e-02,-1.84035851e-01,3.27048869e-02,-2.51768161e-01,-9.57930300e+00,3.87988284e+01,1.47399744e-01,2.44553948e-02,1.44451749e+02,2.39662869e+01
6.32000000e-01,-3.58876730e-02,-1.84196483e-01,3.22026716e-02,-2.50369424e-01,-9.57930300e+00,3.85832322e+01,1.48562654e-01,2.45866747e-02,1.45591401e+02,2.40949412e+01
6.34000000e-01,-3.62561764e-02,-1.84289126e-01,3.17035660e-02,-2.48735521e-01,-9.57930300e+00,3.83651838e+01,1.48818780e-01,2.42353352e-02,1.45842404e+02,2.37506285e+01
6.36000000e-01,-3.66247834e-02,-1.84312644e-01,3.12078685e-02,-2.46893131e-01,-9.57930300e+00,3.81447178e+01,1.49956308e-01,2.43154257e-02,1.46957182e+02,2.38291171e+01
6.38000000e-01,-3.69933963e-02,-1.84290111e-01,3.07162190e-02,-2.44712473e-01,-9.57930300e+00,3.79218691e+01,1.50751826e-01,2.42421313e-02,1.47736789e+02,2.37572887e+01
6.40000000e-01,-3.73619033e-02,-1.84206744e-01,3.02291853e-02,-2.42281876e-01,-9.57930300e+00,3.76966732e+01,1.51543293e-01,2.41433083e-02,1.48512427e+02,2.36604422e+01
6.42000000e-01,-3.77302335e-02,-1.84138770e-01,2.97474191e-02,-2.39359957e-01,-9.57930300e+00,3.74691658e+01,1.54118645e-01,2.45840385e-02,1.51036272e+02,2.40923578e+01
6.44000000e-01,-3.80984432e-02,-1.84048012e-01,2.92719592e-02,-2.36117500e-01,-9.57930300e+00,3.72393829e+01,1.54016955e-01,2.41355607e-02,1.50936616e+02,2.36528495e+01
6.46000000e-01,-3.84663624e-02,-1.83862485e-01,2.88030028e-02,-2.32794482e-01,-9.57930300e+00,3.70073611e+01,1.54908294e-01,2.40818574e-02,1.51810128e+02,2.36002203e+01
6.48000000e-01,-3.88338526e-02,-1.83616167e-01,2.83409334e-02,-2.29243293e-01,-9.57930300e+00,3.67731371e+01,1.55597296e-01,2.39529577e-02,1.52485350e+02,2.34738986e+01
6.50000000e-01,-3.92008033e-02,-1.83334177e-01,2.78862563e-02,-2.25352122e-01,-9.57930300e+00,3.65367482e+01,1.57071408e-01,2.41443878e-02,1.53929980e+02,2.36615000e+01
6.52000000e-01,-3.95671738e-02,-1.83028946e-01,2.74397704e-02,-2.21092784e-01,-9.57930300e+00,3.62982317e+01,1.58046210e-01,2.40861805e-02,1.54885286e+02,2.36044569e+01
6.54000000e-01,-3.99328998e-02,-1.82694787e-01,2.70021123e-02,-2.16492724e-01,-9.57930300e+00,3.60576257e+01,1.59382309e-01,2.42324911e-02,1.56194663e+02,2.37478413e+01
6.56000000e-01,-4.02979384e-02,-1.82338804e-01,2.65740507e-02,-2.11515793e-01,-9.57930300e+00,3.58149683e+01,1.60517600e-01,2.42637059e-02,1.57307248e+02,2.37784318e+01
6.58000000e-01,-4.06622194e-02,-1.81929499e-01,2.61561797e-02,-2.06343033e-01,-9.57930300e+00,3.55702980e+01,1.61111622e-01,2.40444715e-02,1.57889390e+02,2.35635821e+01
6.60000000e-01,-4.10256328e-02,-1.81484828e-01,2.57488569e-02,-2.00902902e-01,-9.57930300e+00,3.53236535e+01,1.62659678e-01,2.42408397e-02,1.59406485e+02,2.37560229e+01
6.62000000e-01,-4.13881143e-02,-1.80973466e-01,2.53527012e-02,-1.95263148e-01,-9.57930300e+00,3.50750741e+01,1.62514235e-01,2.38952359e-02,1.59263950e+02,2.34173312e+01
6.64000000e-01,-4.17495107e-02,-1.80438203e-01,2.49680411e-02,-1.89268253e-01,-9.57930300e+00,3.48245993e+01,1.65053613e-01,2.44343746e-02,1.61752540e+02,2.39456871e+01
6.66000000e-01,-4.21098590e-02,-1.79890855e-01,2.45958237e-02,-1.82980139e-01,-9.57930300e+00,3.45722686e+01,1.65175613e-01,2.39763843e-02,1.61872100e+02,2.34968566e+01
6.68000000e-01,-4.24690443e-02,-1.79298781e-01,2.42362445e-02,-1.76506124e-01,-9.57930300e+00,3.43181223e+01,1.66943020e-01,2.43082907e-02,1.63604160e+02,2.38221249e+01
6.70000000e-01,-4.28270277e-02,-1.78667035e-01,2.38899244e-02,-1.69844252e-01,-9.57930300e+00,3.40622006e+01,1.67173431e-01,2.38732225e-02,1.63829962e+02,2.33957581e+01
6.72000000e-01,-4.31836661e-02,-1.77965761e-01,2.35569000e-02,-1.63133555e-01,-9.57930300e+00,3.38045441e+01,1.68232506e-01,2.39323060e-02,1.64867856e+02,2.34536599e+01
6.74000000e-01,-4.35388660e-02,-1.77227307e-01,2.32375527e-02,-1.56179188e-01,-9.57930300e+00,3.35451938e+01,1.69207206e-01,2.39256512e-02,1.65823062e+02,2.34471381e+01
6.76000000e-01,-4.38925529e-02,-1.76455135e-01,2.29323208e-02,-1.49018557e-01,-9.57930300e+00,3.32841907e+01,1.70334962e-01,2.39262986e-02,1.66928263e+02,2.34477726e+01
6.78000000e-01,-4.42446666e-02,-1.75653047e-01,2.26415925e-02,-1.41686890e-01,-9.57930300e+00,3.30215764e+01,1.71385814e-01,2.38663486e-02,1.67958098e+02,2.33890217e+01
6.80000000e-01,-4.45951442e-02,-1.74819670e-01,2.23656896e-02,-1.34180776e-01,-9.57930300e+00,3.27573924e+01,1.72468247e-01,2.38952650e-02,1.69018882e+02,2.34173597e+01
6.82000000e-01,-4.49437804e-02,-1.73739069e-01,2.21045237e-02,-1.27193183e-01,-9.57930300e+00,3.24916808e+01,1.68458955e-01,2.24019425e-02,1.65089776e+02,2.19539036e+01
6.84000000e-01,-4.52900900e-02,-1.72642685e-01,2.18572198e-02,-1.19751233e-01,-9.57930300e+00,3.22244836e+01,1.74931203e-01,2.44927792e-02,1.71432579e+02,2.40029237e+01
6.86000000e-01,-4.56344108e-02,-1.71635746e-01,2.16259257e-02,-1.11698758e-01,-9.57930300e+00,3.19558433e+01,1.73363779e-01,2.33496627e-02,1.69896504e+02,2.28826695e+01
6.88000000e-01,-4.59765787e-02,-1.70547438e-01,2.14103814e-02,-1.03711394e-01,-9.57930300e+00,3.16858024e+01,1.75827549e-01,2.40449881e-02,1.72310998e+02,2.35640884e+01
6.90000000e-01,-4.63165978e-02,-1.69455097e-01,2.12112941e-02,-9.54031641e-02,-9.57930300e+00,3.14144040e+01,1.76049595e-01,2.37353459e-02,1.72528603e+02,2.32606390e+01
6.92000000e-01,-4.66543338e-02,-1.68264874e-01,2.10286523e-02,-8.72695163e-02,-9.57930300e+00,3.11416910e+01,1.76302106e-01,2.34142915e-02,1.72776064e+02,2.29460056e+01
6.94000000e-01,-4.69896375e-02,-1.67044902e-01,2.08623220e-02,-7.89770155e-02,-9.57930300e+00,3.08677067e+01,1.78096638e-01,2.38278134e-02,1.74534706e+02,2.33512572e+01
6.96000000e-01,-4.73224844e-02,-1.65781354e-01,2.07127729e-02,-7.06415198e-02,-9.57930300e+00,3.05924946e+01,1.78006023e-01,2.32874655e-02,1.74445903e+02,2.28217162e+01
6.98000000e-01,-4.76527249e-02,-1.64460812e-01,2.05797442e-02,-6.23236171e-02,-9.57930300e+00,3.03160983e+01,1.79466089e-01,2.35974756e-02,1.75876767e+02,2.31255261e+01
7.00000000e-01,-4.79803142e-02,-1.63120098e-01,2.04635988e-02,-5.38252697e-02,-9.57930300e+00,3.00385618e+01,1.80214296e-01,2.34968271e-02,1.76610010e+02,2.30268906e+01
7.02000000e-01,-4.83049280e-02,-1.61363430e-01,2.03636604e-02,-4.65007628e-02,-9.57930300e+00,2.97599290e+01,1.72402876e-01,2.09876657e-02,1.68954819e+02,2.05679124e+01
7.04000000e-01,-4.86257662e-02,-1.59604151e-01,2.02779558e-02,-3.86363260e-02,-9.57930300e+00,2.94802443e+01,1.82780106e-01,2.45047273e-02,1.79124504e+02,2.40146328e+01
7.06000000e-01,-4.89434916e-02,-1.58065338e-01,2.02097662e-02,-2.97952063e-02,-9.57930300e+00,2.91995519e+01,1.80154290e-01,2.29366034e-02,1.76551204e+02,2.24778714e+01
7.08000000e-01,-4.92579599e-02,-1.56425043e-01,2.01586447e-02,-2.11494851e-02,-9.57930300e+00,2.89178964e+01,1.82982612e-01,2.40180981e-02,1.79322960e+02,2.35377361e+01
7.10000000e-01,-4.95691959e-02,-1.54791011e-01,2.01253681e-02,-1.22040366e-02,-9.57930300e+00,2.86353225e+01,1.82847957e-01,2.35145108e-02,1.79190998e+02,2.30442206e+01
7.12000000e-01,-4.98770509e-02,-1.53047511e-01,2.01095901e-02,-3.61623982e-03,-9.57930300e+00,2.83518751e+01,1.82944763e-01,2.32413243e-02,1.79285867e+02,2.27764978e+01
7.14000000e-01,-5.01813903e-02,-1.51310489e-01,2.01110950e-02,5.25926924e-03,-9.57930300e+00,2.80675991e+01,1.85490897e-01,2.41170028e-02,1.81781079e+02,2.36346627e+01
7.16000000e-01,-5.04822441e-02,-1.49500355e-01,2.01305047e-02,1.39511305e-02,-9.57930300e+00,2.77825397e+01,1.83699505e-01,2.28799465e-02,1.80025515e+02,2.24223475e+01
7.18000000e-01,-5.07793396e-02,-1.47612077e-01,2.01667538e-02,2.24244084e-02,-9.57930300e+00,2.74967421e+01,1.86097916e-01,2.37065735e-02,1.82375958e+02,2.32324421e+01
7.20000000e-01,-5.10726869e-02,-1.45715538e-01,2.02203068e-02,3.10544195e-02,-9.57930300e+00,2.72102516e+01,1.85908818e-01,2.32818814e-02,1.82190641e+02,2.28162438e+01
7.22000000e-01,-5.13618360e-02,-1.43270395e-01,2.02898551e-02,3.80101230e-02,-9.57930300e+00,2.69231137e+01,1.75648198e-01,2.02885175e-02,1.72135234e+02,1.98827472e+01
7.24000000e-01,-5.16457655e-02,-1.40820721e-01,2.03726969e-02,4.54900026e-02,-9.57930300e+00,2.66353740e+01,1.88131383e-01,2.44976889e-02,1.84368755e+02,2.40077351e+01
7.26000000e-01,-5.19252916e-02,-1.38630181e-01,2.04724266e-02,5.38871863e-02,-9.57930300e+00,2.63470781e+01,1.83993959e-01,2.23528397e-02,1.80314080e+02,2.19057829e+01
7.28000000e-01,-5.22002104e-02,-1.36325891e-01,2.05880413e-02,6.19778382e-02,-9.57930300e+00,2.60582718e+01,1.87727133e-01,2.40162421e-02,1.83972590e+02,2.35359172e+01
7.30000000e-01,-5.24706259e-02,-1.34067689e-01,2.07206275e-02,7.05027024e-02,-9.57930300e+00,2.57690009e+01,1.87287524e-01,2.34501382e-02,1.83541773e+02,2.29811355e+01
7.32000000e-01,-5.27363840e-02,-1.31663795e-01,2.08696264e-02,7.83889945e-02,-9.57930300e+00,2.54793114e+01,1.86501865e-01,2.28854711e-02,1.82771827e+02,2.24277617e+01
7.34000000e-01,-5.29972720e-02,-1.29246282e-01,2.10342785e-02,8.64178755e-02,-9.57930300e+00,2.51892491e+01,1.89108921e-01,2.39814360e-02,1.85326742e+02,2.35018072e+01
7.36000000e-01,-5.32533280e-02,-1.26767031e-01,2.12151795e-02,9.42692779e-02,-9.57930300e+00,2.48988602e+01,1.87159428e-01,2.27680813e-02,1.83416239e+02,2.23127197e+01
7.38000000e-01,-5.35042729e-02,-1.24186867e-01,2.14110672e-02,1.01688057e-01,-9.57930300e+00,2.46081907e+01,1.88809916e-01,2.33501993e-02,1.85033718e+02,2.28831953e+01
7.40000000e-01,-5.37500601e-02,-1.21583618e-01,2.16219354e-02,1.09112344e-01,-9.57930300e+00,2.43172867e+01,1.88637019e-01,2.30778251e-02,1.84864279e+02,2.26162686e+01
7.42000000e-01,-5.39901670e-02,-1.18319894e-01,2.18461516e-02,1.14489435e-01,-9.57930300e+00,2.40261945e+01,1.75348876e-01,1.93709942e-02,1.71841898e+02,1.89835743e+01
7.44000000e-01,-5.42233448e-02,-1.15063915e-01,2.20803407e-02,1.20537645e-01,-9.57930300e+00,2.37349601e+01,1.90735648e-01,2.48189337e-02,1.86920935e+02,2.43225551e+01
7.46000000e-01,-5.44506472e-02,-1.12144786e-01,2.23290378e-02,1.27689372e-01,-9.57930300e+00,2.34436299e+01,1.85087216e-01,2.20394506e-02,1.81385471e+02,2.15986615e+01
7.48000000e-01,-5.46717868e-02,-1.09019946e-01,2.25905379e-02,1.34000579e-01,-9.57930300e+00,2.31522500e+01,1.87746804e-01,2.34257508e-02,1.83991868e+02,2.29572358e+01
7.50000000e-01,-5.48867392e-02,-1.05913458e-01,2.28652296e-02,1.40595902e-01,-9.57930300e+00,2.28608667e+01,1.87283390e-01,2.30254986e-02,1.83537722e+02,2.25649886e+01
7.52000000e-01,-5.50953382e-02,-1.02653341e-01,2.31524427e-02,1.46473169e-01,-9.57930300e+00,2.25695262e+01,1.85872898e-01,2.23263974e-02,1.82155440e+02,2.18798694e+01
7.54000000e-01,-5.52973479e-02,-9.93862251e-02,2.34511984e-02,1.52464580e-01,-9.57930300e+00,2.22782748e+01,1.88782378e-01,2.36895085e-02,1.85006731e+02,2.32157184e+01
7.56000000e-01,-5.54928283e-02,-9.60368306e-02,2.37620772e-02,1.58120395e-01,-9.57930300e+00,2.19871586e+01,1.85559457e-01,2.20636667e-02,1.81848267e+02,2.16223934e+01
7.58000000e-01,-5.56814252e-02,-9.25823803e-02,2.40833935e-02,1.63346551e-01,-9.57930300e+00,2.16962240e+01,1.87881259e-01,2.32446048e-02,1.84123633e+02,2.27797127e+01
7.60000000e-01,-5.58631653e-02,-8.91391520e-02,2.44155650e-02,1.68725107e-01,-9.57930300e+00,2.14055170e+01,1.87319256e-01,2.28558469e-02,1.83572871e+02,2.23987299e+01
7.62000000e-01,-5.60374731e-02,-8.49328702e-02,2.47566433e-02,1.71628103e-01,-9.57930300e+00,2.11150838e+01,1.71489851e-01,1.85341777e-02,1.68060054e+02,1.81634941e+01
7.64000000e-01,-5.62029042e-02,-8.07377640e-02,2.51024683e-02,1.75117176e-01,-9.57930300e+00,2.08249705e+01,1.88948957e-01,2.45790082e-02,1.85169978e+02,2.40874280e+01
7.66000000e-01,-5.63607034e-02,-7.69614675e-02,2.54579637e-02,1.79883816e-01,-9.57930300e+00,2.05352231e+01,1.82579485e-01,2.17214979e-02,1.78927896e+02,2.12870679e+01
7.68000000e-01,-5.65106034e-02,-7.29651964e-02,2.58213912e-02,1.83731826e-01,-9.57930300e+00,2.02458876e+01,1.85048829e-01,2.31684905e-02,1.81347852e+02,2.27051207e+01
7.70000000e-01,-5.66525860e-02,-6.90017356e-02,2.61930839e-02,1.87869145e-01,-9.57930300e+00,1.99570099e+01,1.84521328e-01,2.28580196e-02,1.80830901e+02,2.24008592e+01
7.72000000e-01,-5.67865073e-02,-6.48837518e-02,2.65723616e-02,1.91247410e-01,-9.57930300e+00,1.96686358e+01,1.82547936e-01,2.21156161e-02,1.78896977e+02,2.16733038e+01
7.74000000e-01,-5.69121078e-02,-6.07459419e-02,2.69580981e-02,1.94662402e-01,-9.57930300e+00,1.93808112e+01,1.85100360e-01,2.34848401e-02,1.81398353e+02,2.30151433e+01
7.76000000e-01,-5.70294487e-02,-5.65445090e-02,2.73508103e-02,1.97776127e-01,-9.57930300e+00,1.90935817e+01,1.82036065e-01,2.20428899e-02,1.78395344e+02,2.16020321e+01
7.78000000e-01,-5.71382122e-02,-5.22326612e-02,2.77488460e-02,2.00355025e-01,-9.57930300e+00,1.88069928e+01,1.83425777e-01,2.29298470e-02,1.79757262e+02,2.24712501e+01
7.80000000e-01,-5.72383632e-02,-4.78966528e-02,2.81521940e-02,2.02879310e-01,-9.57930300e+00,1.85210901e+01,1.82306664e-01,2.25033911e-02,1.78660531e+02,2.20533233e+01
7.82000000e-01,-5.73292813e-02,-4.27844470e-02,2.85587195e-02,2.02938251e-01,-9.57930300e+00,1.82359190e+01,1.66050190e-01,1.83355248e-02,1.62729186e+02,1.79688143e+01
7.84000000e-01,-5.74095339e-02,-3.77214977e-02,2.89644107e-02,2.03692404e-01,-9.57930300e+00,1.79515246e+01,1.84134482e-01,2.45422758e-02,1.80451792e+02,2.40514303e+01
7.86000000e-01,-5.74804662e-02,-3.31068117e-02,2.93743030e-02,2.05667423e-01,-9.57930300e+00,1.76679521e+01,1.77122362e-01,2.14826625e-02,1.73579915e+02,2.10530093e+01
7.88000000e-01,-5.75418065e-02,-2.82602795e-02,2.97863702e-02,2.06577164e-01,-9.57930300e+00,1.73852466e+01,1.79237482e-01,2.28946219e-02,1.75652732e+02,2.24367294e+01
7.90000000e-01,-5.75935447e-02,-2.34698435e-02,3.02008537e-02,2.07850086e-01,-9.57930300e+00,1.71034528e+01,1.78875053e-01,2.28365598e-02,1.75297552e+02,2.23798286e+01
7.92000000e-01,-5.76356071e-02,-1.85612058e-02,3.06173203e-02,2.08447865e-01,-9.57930300e+00,1.68226156e+01,1.76838694e-01,2.20721325e-02,1.73301921e+02,2.16306898e+01
7.94000000e-01,-5.76677823e-02,-1.36417755e-02,3.10346358e-02,2.09031456e-01,-9.57930300e+00,1.65427794e+01,1.78905706e-01,2.34027744e-02,1.75327592e+02,2.29347190e+01
7.96000000e-01,-5.76901547e-02,-8.69314057e-03,3.14533247e-02,2.09432876e-01,-9.57930300e+00,1.62639887e+01,1.76358938e-01,2.22876260e-02,1.72831759e+02,2.18418734e+01
7.98000000e-01,-5.77025102e-02,-3.67745463e-03,3.18721106e-02,2.09449266e-01,-9.57930300e+00,1.59862877e+01,1.77460297e-01,2.31928963e-02,1.73911091e+02,2.27290383e+01
8.00000000e-01,-5.77048470e-02,1.36458473e-03,3.22910176e-02,2.09309479e-01,-9.57930300e+00,1.57097205e+01,1.75782686e-01,2.25582425e-02,1.72267033e+02,2.21070776e+01
8.02000000e-01,-5.76965282e-02,7.19208846e-03,3.27077153e-02,2.06720171e-01,-9.57930300e+00,1.54343310e+01,1.59060984e-01,1.86474162e-02,1.55879765e+02,1.82744679e+01
8.04000000e-01,-5.76761115e-02,1.29703477e-02,3.31182576e-02,2.04669636e-01,-9.57930300e+00,1.51601628e+01,1.76791355e-01,2.42767996e-02,1.73255528e+02,2.37912636e+01
8.06000000e-01,-5.76449834e-02,1.82437100e-02,3.35271985e-02,2.03826221e-01,-9.57930300e+00,1.48872596e+01,1.70626152e-01,2.17655252e-02,1.67213629e+02,2.13302147e+01
8.08000000e-01,-5.76030292e-02,2.36782488e-02,3.39330730e-02,2.02248510e-01,-9.57930300e+00,1.46156645e+01,1.72704919e-01,2.33160597e-02,1.69250820e+02,2.28497385e+01
8.10000000e-01,-5.75502840e-02,2.90924308e-02,3.43362788e-02,2.00800170e-01,-9.57930300e+00,1.43454207e+01,1.70693257e-01,2.26136092e-02,1.67279392e+02,2.21613370e+01
8.12000000e-01,-5.74865799e-02,3.46260069e-02,3.47358281e-02,1.98683635e-01,-9.57930300e+00,1.40765712e+01,1.69417491e-01,2.24851407e-02,1.66029141e+02,2.20354379e+01
8.14000000e-01,-5.74117816e-02,4.01570596e-02,3.51310136e-02,1.96567528e-01,-9.57930300e+00,1.38091585e+01,1.70164261e-01,2.31799462e-02,1.66760976e+02,2.27163473e+01
8.16000000e-01,-5.73259130e-02,4.57459797e-02,3.55218219e-02,1.94036966e-01,-9.57930300e+00,1.35432250e+01,1.67386986e-01,2.21744491e-02,1.64039246e+02,2.17309602e+01
8.18000000e-01,-5.72287582e-02,5.13940829e-02,3.59068804e-02,1.91084800e-01,-9.57930300e+00,1.32788131e+01,1.68011323e-01,2.28463115e-02,1.64651096e+02,2.23893853e+01
8.20000000e-01,-5.71203338e-02,5.70465651e-02,3.62860754e-02,1.88004097e-01,-9.57930300e+00,1.30159646e+01,1.66422569e-01,2.24475712e-02,1.63094117e+02,2.19986198e+01
8.22000000e-01,-5.70000658e-02,6.34583283e-02,3.66574022e-02,1.82681797e-01,-9.57930300e+00,1.27547213e+01,1.49312363e-01,1.86735754e-02,1.46326115e+02,1.83001038e+01
8.24000000e-01,-5.68665605e-02,6.97801248e-02,3.70171920e-02,1.77943462e-01,-9.57930300e+00,1.24951245e+01,1.67461906e-01,2.41895728e-02,1.64112668e+02,2.37057813e+01
8.26000000e-01,-5.67213394e-02,7.55106697e-02,3.73700686e-02,1.74543985e-01,-9.57930300e+00,1.22372157e+01,1.61965971e-01,2.19891796e-02,1.58726651e+02,2.15493960e+01
8.28000000e-01,-5.65644498e-02,8.13431574e-02,3.77149603e-02,1.70533027e-01,-9.57930300e+00,1.19810355e+01,1.63822994e-01,2.34004879e-02,1.60546534e+02,2.29324781e+01
8.30000000e-01,-5.63959958e-02,8.71321718e-02,3.80522804e-02,1.66641582e-01,-9.57930300e+00,1.17266248e+01,1.61630235e-01,2.27234526e-02,1.58397630e+02,2.22689836e+01
8.32000000e-01,-5.62158684e-02,9.30002345e-02,3.83811452e-02,1.62177999e-01,-9.57930300e+00,1.14740238e+01,1.60529347e-01,2.26711804e-02,1.57318760e+02,2.22177568e+01
8.34000000e-01,-5.60240126e-02,9.88416808e-02,3.87010012e-02,1.57727593e-01,-9.57930300e+00,1.12232727e+01,1.60709918e-01,2.32098848e-02,1.57495719e+02,2.27456871e+01
8.36000000e-01,-5.58204840e-02,1.04709634e-01,3.90118375e-02,1.52950110e-01,-9.57930300e+00,1.09744112e+01,1.58272358e-01,2.24305815e-02,1.55106911e+02,2.19819699e+01
8.38000000e-01,-5.56051591e-02,1.10600042e-01,3.93125797e-02,1.47839776e-01,-9.57930300e+00,1.07274789e+01,1.58451555e-01,2.29429670e-02,1.55282524e+02,2.24841077e+01
8.40000000e-01,-5.53780997e-02,1.16466743e-01,3.96031456e-02,1.42652937e-01,-9.57930300e+00,1.04825149e+01,1.56996698e-01,2.26871801e-02,1.53856764e+02,2.22334365e+01
8.42000000e-01,-5.51388359e-02,1.23017671e-01,3.98818445e-02,1.35446002e-01,-9.57930300e+00,1.02395582e+01,1.40535628e-01,1.91036197e-02,1.37724915e+02,1.87215473e+01
8.44000000e-01,-5.48860871e-02,1.29481455e-01,4.01451503e-02,1.28570023e-01,-9.57930300e+00,9.99864718e+00,1.56997204e-01,2.37611047e-02,1.53857259e+02,2.32858826e+01
8.46000000e-01,-5.46213162e-02,1.35336137e-01,4.03970012e-02,1.23008833e-01,-9.57930300e+00,9.75982017e+00,1.52631012e-01,2.22253104e-02,1.49578392e+02,2.17808042e+01
8.48000000e-01,-5.43447053e-02,1.41246648e-01,4.06368752e-02,1.16981940e-01,-9.57930300e+00,9.52311505e+00,1.53458824e-01,2.31287775e-02,1.50389648e+02,2.26662020e+01
8.50000000e-01,-5.40563672e-02,1.47100831e-01,4.08649744e-02,1.11023235e-01,-9.57930300e+00,9.28856940e+00,1.51617331e-01,2.26966879e-02,1.48584985e+02,2.22427541e+01
8.52000000e-01,-5.37562786e-02,1.52990177e-01,4.10806455e-02,1.04580560e-01,-9.57930300e+00,9.05622042e+00,1.50211475e-01,2.24236256e-02,1.47207246e+02,2.19751531e+01
8.54000000e-01,-5.34444564e-02,1.58804650e-01,4.12833546e-02,9.82248769e-02,-9.57930300e+00,8.82610500e+00,1.50845271e-01,2.31715032e-02,1.47828366e+02,2.27080732e+01
8.56000000e-01,-5.31210962e-02,1.64564721e-01,4.14735446e-02,9.18687372e-02,-9.57930300e+00,8.59825965e+00,1.48866519e-01,2.26969219e-02,1.45889189e+02,2.22429834e+01
8.58000000e-01,-5.27862243e-02,1.70284553e-01,4.16507615e-02,8.54105505e-02,-9.57930300e+00,8.37272053e+00,1.49075339e-01,2.32131349e-02,1.46093832e+02,2.27488722e+01
8.60000000e-01,-5.24400019e-02,1.75938636e-01,4.18151833e-02,7.89470000e-02,-9.57930300e+00,8.14952343e+00,1.47599656e-01,2.29231636e-02,1.44647663e+02,2.24647003e+01
8.62000000e-01,-5.20820918e-02,1.82159605e-01,4.19655107e-02,7.09253484e-02,-9.57930300e+00,7.92870377e+00,1.32931613e-01,2.01605202e-02,1.30272981e+02,1.97573098e+01
8.64000000e-01,-5.17114500e-02,1.88250769e-01,4.20991143e-02,6.32480347e-02,-9.57930300e+00,7.71029660e+00,1.47633032e-01,2.38401577e-02,1.44680371e+02,2.33633546e+01
8.66000000e-01,-5.13295138e-02,1.93704453e-01,4.22193072e-02,5.67773167e-02,-9.57930300e+00,7.49433656e+00,1.44732170e-01,2.28674433e-02,1.41837527e+02,2.24100944e+01
8.68000000e-01,-5.09366423e-02,1.99143036e-01,4.23260268e-02,5.00114535e-02,-9.57930300e+00,7.28085795e+00,1.44801072e-01,2.33758937e-02,1.41905050e+02,2.29083759e+01
8.70000000e-01,-5.05330122e-02,2.04475690e-01,4.24194567e-02,4.34010288e-02,-9.57930300e+00,7.06989462e+00,1.43934333e-01,2.33298713e-02,1.41055646e+02,2.28632739e+01
8.72000000e-01,-5.01187615e-02,2.09775365e-01,4.24994601e-02,3.65343196e-02,-9.57930300e+00,6.86148007e+00,1.42211672e-01,2.29550177e-02,1.39367439e+02,2.24959174e+01
8.74000000e-01,-4.96939715e-02,2.14983995e-01,4.25656372e-02,2.97324598e-02,-9.57930300e+00,6.65564737e+00,1.42615558e-01,2.35633420e-02,1.39763247e+02,2.30920752e+01
8.76000000e-01,-4.92588925e-02,2.20092117e-01,4.26184363e-02,2.30002154e-02,-9.57930300e+00,6.45242917e+00,1.41029445e-01,2.31792885e-02,1.38208856e+02,2.27157027e+01
8.78000000e-01,-4.88136435e-02,2.25139461e-01,4.26575075e-02,1.60720771e-02,-9.57930300e+00,6.25185774e+00,1.40421781e-01,2.32108046e-02,1.37613345e+02,2.27465885e+01
8.80000000e-01,-4.83583868e-02,2.30108657e-01,4.26826872e-02,9.08779993e-03,-9.57930300e+00,6.05396489e+00,1.39159502e-01,2.31002667e-02,1.36376312e+02,2.26382614e+01
8.82000000e-01,-4.78929667e-02,2.35441144e-01,4.26933020e-02,1.26866193e-03,-9.57930300e+00,5.85878204e+00,1.28154500e-01,2.14766805e-02,1.25591410e+02,2.10471469e+01
8.84000000e-01,-4.74167369e-02,2.40601623e-01,4.26879518e-02,-6.26557061e-03,-9.57930300e+00,5.66634016e+00,1.39313121e-01,2.36938599e-02,1.36526858e+02,2.32199827e+01
8.86000000e-01,-4.69309399e-02,2.45192646e-01,4.26687994e-02,-1.29602766e-02,-9.57930300e+00,5.47666979e+00,1.37514232e-01,2.32141899e-02,1.34763947e+02,2.27499062e+01
8.88000000e-01,-4.64360295e-02,2.49688888e-01,4.26360964e-02,-1.96765467e-02,-9.57930300e+00,5.28980103e+00,1.37506286e-01,2.36046466e-02,1.34756160e+02,2.31325537e+01
8.90000000e-01,-4.59322624e-02,2.54068003e-01,4.25901504e-02,-2.63071487e-02,-9.57930300e+00,5.10576353e+00,1.36156708e-01,2.33310611e-02,1.33433574e+02,2.28644399e+01
8.92000000e-01,-4.54198067e-02,2.58373222e-01,4.25307340e-02,-3.31383253e-02,-9.57930300e+00,4.92458650e+00,1.35067368e-01,2.31015362e-02,1.32366020e+02,2.26395055e+01
8.94000000e-01,-4.48988562e-02,2.62548436e-01,4.24576662e-02,-3.98657710e-02,-9.57930300e+00,4.74629869e+00,1.34959078e-01,2.34471819e-02,1.32259896e+02,2.29782382e+01
8.96000000e-01,-4.43697146e-02,2.66571207e-01,4.23714159e-02,-4.63758134e-02,-9.57930300e+00,4.57092839e+00,1.34326536e-01,2.34373118e-02,1.31640005e+02,2.29685655e+01
8.98000000e-01,-4.38326515e-02,2.70473724e-01,4.22721682e-02,-5.28780538e-02,-9.57930300e+00,4.39850344e+00,1.33400926e-01,2.33244274e-02,1.30732908e+02,2.28579388e+01
9.00000000e-01,-4.32879074e-02,2.74244690e-01,4.21599629e-02,-5.92914701e-02,-9.57930300e+00,4.22905119e+00,1.32969114e-01,2.34660927e-02,1.30309732e+02,2.29967709e+01
9.02000000e-01,-4.27356082e-02,2.78112554e-01,4.20350018e-02,-6.57056790e-02,-9.57930300e+00,4.06259855e+00,1.26643690e-01,2.31468513e-02,1.24110816e+02,2.26839143e+01
9.04000000e-01,-4.21755965e-02,2.81771456e-01,4.18972778e-02,-7.19135538e-02,-9.57930300e+00,3.89917191e+00,1.33295925e-01,2.37050163e-02,1.30630006e+02,2.32309159e+01
9.06000000e-01,-4.16088289e-02,2.84970559e-01,4.17475998e-02,-7.77430836e-02,-9.57930300e+00,3.73879723e+00,1.32774454e-01,2.37295603e-02,1.30118965e+02,2.32549691e+01
9.08000000e-01,-4.10358213e-02,2.88009192e-01,4.15864029e-02,-8.34264930e-02,-9.57930300e+00,3.58149994e+00,1.32380572e-01,2.37837729e-02,1.29732960e+02,2.33080975e+01
9.10000000e-01,-4.04568846e-02,2.90909083e-01,4.14138961e-02,-8.91065487e-02,-9.57930300e+00,3.42730502e+00,1.31302409e-01,2.34924689e-02,1.28676361e+02,2.30226196e+01
9.12000000e-01,-3.98722715e-02,2.93679135e-01,4.12299408e-02,-9.48404109e-02,-9.57930300e+00,3.27623693e+00,1.30653615e-01,2.34103837e-02,1.28040542e+02,2.29421760e+01
9.14000000e-01,-3.92822885e-02,2.96268581e-01,4.10346800e-02,-1.00355923e-01,-9.57930300e+00,3.12831964e+00,1.30717223e-01,2.36741198e-02,1.28102879e+02,2.32006374e+01
9.16000000e-01,-3.86873216e-02,2.98671507e-01,4.08286817e-02,-1.05624589e-01,-9.57930300e+00,2.98357663e+00,1.30165114e-01,2.36363887e-02,1.27561812e+02,2.31636609e+01
9.18000000e-01,-3.80877176e-02,3.00901760e-01,4.06122831e-02,-1.10741087e-01,-9.57930300e+00,2.84203087e+00,1.29866653e-01,2.36864793e-02,1.27269320e+02,2.32127497e+01
9.20000000e-01,-3.74838422e-02,3.02940579e-01,4.03858836e-02,-1.15608231e-01,-9.57930300e+00,2.70370482e+00,1.29717282e-01,2.38383654e-02,1.27122936e+02,2.33615981e+01
9.22000000e-01,-3.68760640e-02,3.04816306e-01,4.01503245e-02,-1.19764017e-01,-9.57930300e+00,2.56862043e+00,1.28723969e-01,2.48448780e-02,1.26149490e+02,2.43479804e+01
9.24000000e-01,-3.62647433e-02,3.06442438e-01,3.99069731e-02,-1.23701489e-01,-9.57930300e+00,2.43679914e+00,1.30566148e-01,2.39505243e-02,1.27954825e+02,2.34715138e+01
9.26000000e-01,-3.56505028e-02,3.07755801e-01,3.96554586e-02,-1.27728841e-01,-9.57930300e+00,2.30826188e+00,1.31023910e-01,2.42985917e-02,1.28403432e+02,2.38126199e+01
9.28000000e-01,-3.50338421e-02,3.08886217e-01,3.93961309e-02,-1.31646309e-01,-9.57930300e+00,2.18302903e+00,1.29811851e-01,2.38122802e-02,1.27215614e+02,2.33360346e+01
9.30000000e-01,-3.44150619e-02,3.09860592e-01,3.91288518e-02,-1.35596093e-01,-9.57930300e+00,2.06112047e+00,1.29622993e-01,2.38505624e-02,1.27030534e+02,2.33735512e+01
9.32000000e-01,-3.37945373e-02,3.10628650e-01,3.88538968e-02,-1.39320624e-01,-9.57930300e+00,1.94255554e+00,1.29570744e-01,2.38938281e-02,1.26979329e+02,2.34159515e+01
9.34000000e-01,-3.31726928e-02,3.11178572e-01,3.85717578e-02,-1.42762511e-01,-9.57930300e+00,1.82735307e+00,1.29646345e-01,2.40422047e-02,1.27053418e+02,2.35613606e+01
9.36000000e-01,-3.25499584e-02,3.11525395e-01,3.82829792e-02,-1.46005709e-01,-9.57930300e+00,1.71553134e+00,1.29234625e-01,2.38996631e-02,1.26649932e+02,2.34216699e+01
9.38000000e-01,-3.19267259e-02,3.11670096e-01,3.79878647e-02,-1.49054384e-01,-9.57930300e+00,1.60710808e+00,1.29282526e-01,2.40301854e-02,1.26696875e+02,2.35495817e+01
9.40000000e-01,-3.13034200e-02,3.11601841e-01,3.76869339e-02,-1.51844660e-01,-9.57930300e+00,1.50210052e+00,1.29122489e-01,2.40132913e-02,1.26540039e+02,2.35330255e+01
9.42000000e-01,-3.06805982e-02,3.11114237e-01,3.73813499e-02,-1.53339296e-01,-9.57930300e+00,1.40052530e+00,1.33995782e-01,2.63139615e-02,1.31315866e+02,2.57876822e+01
9.44000000e-01,-3.00591351e-02,3.10368573e-01,3.70736580e-02,-1.54712026e-01,-9.57930300e+00,1.30239855e+00,1.30076393e-01,2.38300262e-02,1.27474865e+02,2.33534257e+01
9.46000000e-01,-2.94391878e-02,3.09527000e-01,3.67620586e-02,-1.56749503e-01,-9.57930300e+00,1.20773585e+00,1.31172892e-01,2.44744033e-02,1.28549434e+02,2.39849152e+01
9.48000000e-01,-2.88211599e-02,3.08486200e-01,3.64467656e-02,-1.58628467e-01,-9.57930300e+00,1.11655221e+00,1.29682476e-01,2.37130575e-02,1.27088827e+02,2.32387963e+01
9.50000000e-01,-2.82053525e-02,3.07281235e-01,3.61274828e-02,-1.60600307e-01,-9.57930300e+00,1.02886210e+00,1.29977239e-01,2.38241644e-02,1.27377694e+02,2.33476811e+01
9.52000000e-01,-2.75922145e-02,3.05806996e-01,3.58046705e-02,-1.62112987e-01,-9.57930300e+00,9.44679450e-01,1.30963696e-01,2.42163332e-02,1.28344422e+02,2.37320065e+01
9.54000000e-01,-2.69822895e-02,3.04085228e-01,3.54792732e-02,-1.63262264e-01,-9.57930300e+00,8.64017607e-01,1.30775428e-01,2.41225732e-02,1.28159919e+02,2.36401218e+01
9.56000000e-01,-2.63760036e-02,3.02168529e-01,3.51516862e-02,-1.64314414e-01,-9.57930300e+00,7.86889375e-01,1.30561774e-01,2.39526558e-02,1.27950538e+02,2.34736027e+01
9.58000000e-01,-2.57737506e-02,3.00049062e-01,3.48221082e-02,-1.65227528e-01,-9.57930300e+00,7.13306994e-01,1.30588720e-01,2.39439691e-02,1.27976945e+02,2.34650897e+01
9.60000000e-01,-2.51759555e-02,2.97707390e-01,3.44909543e-02,-1.65873404e-01,-9.57930300e+00,6.43282140e-01,1.30864756e-01,2.40407985e-02,1.28247461e+02,2.35599825e+01
9.62000000e-01,-2.45833716e-02,2.94689969e-01,3.41598907e-02,-1.64605462e-01,-9.57930300e+00,5.76825927e-01,1.41530185e-01,2.74878496e-02,1.38699581e+02,2.69380926e+01
9.64000000e-01,-2.39973648e-02,2.91418682e-01,3.38325657e-02,-1.63287581e-01,-9.57930300e+00,5.13948901e-01,1.31999460e-01,2.36772424e-02,1.29359471e+02,2.32036976e+01
9.66000000e-01,-2.34176131e-02,2.88272950e-01,3.35059344e-02,-1.63178626e-01,-9.57930300e+00,4.54661040e-01,1.33851027e-01,2.44837198e-02,1.31174006e+02,2.39940454e+01
9.68000000e-01,-2.28444082e-02,2.84924428e-01,3.31799337e-02,-1.62945882e-01,-9.57930300e+00,3.98971753e-01,1.32045263e-01,2.34712144e-02,1.29404358e+02,2.30017901e+01
9.70000000e-01,-2.22780287e-02,2.81405951e-01,3.28541027e-02,-1.62785342e-01,-9.57930300e+00,3.46889876e-01,1.33184753e-01,2.38666666e-02,1.30521058e+02,2.33893333e+01
9.72000000e-01,-2.17189853e-02,2.77586239e-01,3.25292046e-02,-1.62006505e-01,-9.57930300e+00,2.98423677e-01,1.34505328e-01,2.43046052e-02,1.31815221e+02,2.38185131e+01
9.74000000e-01,-2.11678403e-02,2.73531711e-01,3.22062754e-02,-1.60929567e-01,-9.57930300e+00,2.53580844e-01,1.34156201e-01,2.40306112e-02,1.31473077e+02,2.35499990e+01
9.76000000e-01,-2.06249706e-02,2.69308929e-01,3.18854765e-02,-1.59867284e-01,-9.57930300e+00,2.12368496e-01,1.33988275e-01,2.38151280e-02,1.31308510e+02,2.33388254e+01
9.78000000e-01,-2.00907356e-02,2.64889606e-01,3.15668999e-02,-1.58664668e-01,-9.57930300e+00,1.74793172e-01,1.34369840e-01,2.38695877e-02,1.31682443e+02,2.33921960e+01
9.80000000e-01,-1.95655508e-02,2.60262272e-01,3.12509581e-02,-1.57251616e-01,-9.57930300e+00,1.40860835e-01,1.34542990e-01,2.38049213e-02,1.31852131e+02,2.33288229e+01
9.82000000e-01,-1.90502884e-02,2.54732273e-01,3.09395265e-02,-1.53389239e-01,-9.57930300e+00,1.10576871e-01,1.51234988e-01,2.85645708e-02,1.48210288e+02,2.79932794e+01
9.84000000e-01,-1.85467803e-02,2.48964450e-01,3.06374041e-02,-1.49522282e-01,-9.57930300e+00,8.39460838e-02,1.35965752e-01,2.33810287e-02,1.33246437e+02,2.29134082e+01
9.86000000e-01,-1.80541801e-02,2.43572258e-01,3.03402469e-02,-1.47441057e-01,-9.57930300e+00,6.09727011e-02,1.38414511e-01,2.43910365e-02,1.35646221e+02,2.39032158e+01
9.88000000e-01,-1.75726222e-02,2.37983623e-01,3.00477137e-02,-1.45249091e-01,-9.57930300e+00,4.16603682e-02,1.36602197e-01,2.31946106e-02,1.33870153e+02,2.27307183e+01
9.90000000e-01,-1.71023666e-02,2.32213526e-01,2.97592663e-02,-1.43033505e-01,-9.57930300e+00,2.60121499e-02,1.38792669e-01,2.40277105e-02,1.36016816e+02,2.35471563e+01
9.92000000e-01,-1.66439947e-02,2.26103588e-01,2.94761852e-02,-1.39909674e-01,-9.57930300e+00,1.40305296e-02,1.40776853e-01,2.46953978e-02,1.37961316e+02,2.42014898e+01
9.94000000e-01,-1.61980837e-02,2.19796470e-01,2.91997287e-02,-1.36634119e-01,-9.57930300e+00,5.71740860e-03,1.39734460e-01,2.39498698e-02,1.36939771e+02,2.34708724e+01
9.96000000e-01,-1.57648913e-02,2.13365656e-01,2.89295131e-02,-1.33562067e-01,-9.57930300e+00,1.07410617e-03,1.40104912e-01,2.38809758e-02,1.37302813e+02,2.34033563e+01
9.98000000e-01,-1.53447361e-02,2.06762399e-01,2.86655333e-02,-1.30410756e-01,-9.57930300e+00,0.00000000e+00,1.40307315e-01,2.37378359e-02,1.37501169e+02,2.32630792e+01
1.00000000e+00,-1.49379553e-02,1.99988674e-01,2.84079372e-02,-1.27158774e-01,-9.57930300e+00,0.00000000e+00,1.40740121e-01,2.37229749e-02,1.37925318e+02,2.32485154e+01
1.00200000e+00,-1.45455265e-02,1.92097321e-01,2.81588342e-02,-1.21003314e-01,-9.57930300e+00,0.00000000e+00,1.63188990e-01,2.94742488e-02,1.59925210e+02,2.88847638e+01
1.00400000e+00,-1.41696760e-02,1.84041113e-01,2.79238071e-02,-1.15022843e-01,-9.57930300e+00,0.00000000e+00,1.41490127e-01,2.30170736e-02,1.38660325e+02,2.25567321e+01
1.00600000e+00,-1.38089131e-02,1.76658313e-01,2.76971597e-02,-1.11416921e-01,-9.57930300e+00,0.00000000e+00,1.44478336e-01,2.41648971e-02,1.41588769e+02,2.36815992e+01
1.00800000e+00,-1.34631645e-02,1.69092879e-01,2.74782272e-02,-1.07679251e-01,-9.57930300e+00,0.00000000e+00,1.42904484e-01,2.29792586e-02,1.40046394e+02,2.25196734e+01
1.01000000e+00,-1.31326594e-02,1.61350742e-01,2.72665273e-02,-1.03814723e-01,-9.57930300e+00,0.00000000e+00,1.45878080e-01,2.41272513e-02,1.42960518e+02,2.36447062e+01
1.01200000e+00,-1.28179827e-02,1.53276868e-01,2.70636579e-02,-9.89160200e-02,-9.57930300e+00,0.00000000e+00,1.48054741e-01,2.48582374e-02,1.45093646e+02,2.43610726e+01
1.01400000e+00,-1.25196433e-02,1.45065987e-01,2.68708630e-02,-9.40175835e-02,-9.57930300e+00,0.00000000e+00,1.46610611e-01,2.38492144e-02,1.43678399e+02,2.33722301e+01
1.01600000e+00,-1.22377509e-02,1.36806811e-01,2.66873054e-02,-8.95423269e-02,-9.57930300e+00,0.00000000e+00,1.46848480e-01,2.37059294e-02,1.43911510e+02,2.32318108e+01
1.01800000e+00,-1.19724848e-02,1.28444470e-01,2.65126356e-02,-8.51542381e-02,-9.57930300e+00,0.00000000e+00,1.46821809e-01,2.34149189e-02,1.43885373e+02,2.29466205e+01
1.02000000e+00,-1.17240421e-02,1.19978528e-01,2.63466430e-02,-8.08342261e-02,-9.57930300e+00,0.00000000e+00,1.47206761e-01,2.33241420e-02,1.44262626e+02,2.28576592e+01
1.02200000e+00,-1.14934392e-02,1.10209911e-01,2.61914833e-02,-7.32378209e-02,-9.57930300e+00,0.00000000e+00,1.75341231e-01,3.00677597e-02,1.71834407e+02,2.94664045e+01
1.02400000e+00,-1.12832582e-02,1.00357729e-01,2.60534777e-02,-6.59622301e-02,-9.57930300e+00,0.00000000e+00,1.47401887e-01,2.24501442e-02,1.44453849e+02,2.20011413e+01
1.02600000e+00,-1.10913529e-02,9.14886875e-02,2.59256728e-02,-6.16288462e-02,-9.57930300e+00,0.00000000e+00,1.50765310e-01,2.37078032e-02,1.47750004e+02,2.32336471e+01
1.02800000e+00,-1.09174040e-02,8.24688253e-02,2.58070608e-02,-5.71476725e-02,-9.57930300e+00,0.00000000e+00,1.49469330e-01,2.25890133e-02,1.46479944e+02,2.21372330e+01
1.03000000e+00,-1.07615741e-02,7.33040832e-02,2.56972080e-02,-5.24776503e-02,-9.57930300e+00,0.00000000e+00,1.52841515e-01,2.39454507e-02,1.49784684e+02,2.34665417e+01
1.03200000e+00,-1.06243929e-02,6.38315161e-02,2.55979273e-02,-4.66420775e-02,-9.57930300e+00,0.00000000e+00,1.55504061e-01,2.48913598e-02,1.52393979e+02,2.43935326e+01
1.03400000e+00,-1.05062946e-02,5.42891948e-02,2.55105694e-02,-4.09119848e-02,-9.57930300e+00,0.00000000e+00,1.53468376e-01,2.35968322e-02,1.50399008e+02,2.31248955e+01
1.03600000e+00,-1.04072077e-02,4.47894020e-02,2.54338431e-02,-3.58363084e-02,-9.57930300e+00,0.00000000e+00,1.53662671e-01,2.34060492e-02,1.50589418e+02,2.29379282e+01
1.03800000e+00,-1.03271563e-02,3.52606914e-02,2.53670657e-02,-3.09982041e-02,-9.57930300e+00,0.00000000e+00,1.53451739e-01,2.30007737e-02,1.50382704e+02,2.25407582e+01
1.04000000e+00,-1.02661802e-02,2.57091521e-02,2.53096873e-02,-2.64045428e-02,-9.57930300e+00,0.00000000e+00,1.53659391e-01,2.28091088e-02,1.50586203e+02,2.23529266e+01
1.04200000e+00,-1.02252676e-02,1.47358145e-02,2.52638669e-02,-1.81824177e-02,-9.57930300e+00,0.00000000e+00,1.86298534e-01,3.05486143e-02,1.82572564e+02,2.99376420e+01
1.04400000e+00,-1.02072410e-02,3.75630211e-03,2.52367271e-02,-1.03056409e-02,-9.57930300e+00,0.00000000e+00,1.53609810e-01,2.20416859e-02,1.50537613e+02,2.16008522e+01
1.04600000e+00,-1.02094028e-02,-5.96393777e-03,2.52203204e-02,-5.91462249e-03,-9.57930300e+00,0.00000000e+00,1.56850836e-01,2.32068478e-02,1.53713819e+02,2.27427109e+01
1.04800000e+00,-1.02311708e-02,-1.57952139e-02,2.52131994e-02,-1.32740352e-03,-9.57930300e+00,0.00000000e+00,1.56341967e-01,2.24414168e-02,1.53215128e+02,2.19925885e+01
1.05000000e+00,-1.02726566e-02,-2.57358224e-02,2.52152080e-02,3.55564626e-03,-9.57930300e+00,0.00000000e+00,1.59703912e-01,2.38287631e-02,1.56509833e+02,2.33521878e+01
1.05200000e+00,-1.03342628e-02,-3.58994775e-02,2.52281209e-02,9.48684792e-03,-9.57930300e+00,0.00000000e+00,1.62015517e-01,2.46575680e-02,1.58775207e+02,2.41644167e+01
1.05400000e+00,-1.04162355e-02,-4.60346890e-02,2.52529546e-02,1.51168508e-02,-9.57930300e+00,0.00000000e+00,1.59666901e-01,2.32296313e-02,1.56473563e+02,2.27650387e+01
1.05600000e+00,-1.05183230e-02,-5.60521268e-02,2.52880935e-02,2.00047580e-02,-9.57930300e+00,0.00000000e+00,1.60055936e-01,2.31481045e-02,1.56854817e+02,2.26851424e+01
1.05800000e+00,-1.06404127e-02,-6.60226046e-02,2.53327587e-02,2.45703411e-02,-9.57930300e+00,0.00000000e+00,1.59525463e-01,2.26149797e-02,1.56334953e+02,2.21626801e+01
1.06000000e+00,-1.07823725e-02,-7.59316426e-02,2.53861304e-02,2.87692199e-02,-9.57930300e+00,0.00000000e+00,1.59738638e-01,2.24529098e-02,1.56543865e+02,2.20038516e+01
1.06200000e+00,-1.09451134e-02,-8.73016664e-02,2.54504293e-02,3.68580792e-02,-9.57930300e+00,0.00000000e+00,1.94948924e-01,3.08691507e-02,1.91049946e+02,3.02517677e+01
1.06400000e+00,-1.11315191e-02,-9.85816320e-02,2.55332601e-02,4.44933860e-02,-9.57930300e+00,0.00000000e+00,1.59107723e-01,2.16155119e-02,1.55925568e+02,2.11832017e+01
1.06600000e+00,-1.13384830e-02,-1.08426298e-01,2.56259008e-02,4.83759190e-02,-9.57930300e+00,0.00000000e+00,1.63059284e-01,2.31229257e-02,1.59798098e+02,2.26604672e+01
1.06800000e+00,-1.15652538e-02,-1.18315279e-01,2.57268877e-02,5.24444717e-02,-9.57930300e+00,0.00000000e+00,1.61953935e-01,2.21485057e-02,1.58714856e+02,2.17055356e+01
1.07000000e+00,-1.18117599e-02,-1.28227932e-01,2.58358128e-02,5.67141417e-02,-9.57930300e+00,0.00000000e+00,1.65584456e-01,2.36990314e-02,1.62272767e+02,2.32250508e+01
1.07200000e+00,-1.20782724e-02,-1.38300898e-01,2.59544518e-02,6.20449530e-02,-9.57930300e+00,0.00000000e+00,1.67834564e-01,2.45432000e-02,1.64477873e+02,2.40523360e+01
1.07400000e+00,-1.23648849e-02,-1.48255977e-01,2.60837045e-02,6.69435608e-02,-9.57930300e+00,0.00000000e+00,1.65128585e-01,2.29743749e-02,1.61826014e+02,2.25148874e+01
1.07600000e+00,-1.26711606e-02,-1.58007444e-01,2.62216564e-02,7.09878511e-02,-9.57930300e+00,0.00000000e+00,1.65537053e-01,2.29454018e-02,1.62226311e+02,2.24864938e+01
1.07800000e+00,-1.29968347e-02,-1.67638967e-01,2.63674273e-02,7.46893313e-02,-9.57930300e+00,0.00000000e+00,1.64944959e-01,2.24615108e-02,1.61646060e+02,2.20122806e+01
1.08000000e+00,-1.33416262e-02,-1.77135138e-01,2.65201547e-02,7.80022686e-02,-9.57930300e+00,0.00000000e+00,1.65150008e-01,2.23466651e-02,1.61847008e+02,2.18997318e+01
1.08200000e+00,-1.37062627e-02,-1.87962402e-01,2.66818706e-02,8.49659942e-02,-9.57930300e+00,0.00000000e+00,1.98983405e-01,3.03532120e-02,1.95003737e+02,2.97461477e+01
1.08400000e+00,-1.40933516e-02,-1.98603454e-01,2.68596749e-02,9.14143600e-02,-9.57930300e+00,0.00000000e+00,1.63913058e-01,2.15157173e-02,1.60634797e+02,2.10854029e+01
1.08600000e+00,-1.44996855e-02,-2.07758002e-01,2.70450900e-02,9.42059113e-02,-9.57930300e+00,0.00000000e+00,1.67527521e-01,2.29413762e-02,1.64176971e+02,2.24825487e+01
1.08800000e+00,-1.49243623e-02,-2.16880518e-01,2.72366096e-02,9.71641434e-02,-9.57930300e+00,0.00000000e+00,1.66593908e-01,2.21379113e-02,1.63262030e+02,2.16951531e+01
1.09000000e+00,-1.53671652e-02,-2.25939558e-01,2.74338325e-02,1.00251103e-01,-9.57930300e+00,0.00000000e+00,1.69622058e-01,2.34921416e-02,1.66229617e+02,2.30222987e+01
1.09200000e+00,-1.58281446e-02,-2.35034707e-01,2.76381374e-02,1.04122992e-01,-9.57930300e+00,0.00000000e+00,1.71163651e-01,2.40757896e-02,1.67740378e+02,2.35942738e+01
1.09400000e+00,-1.63071807e-02,-2.43944845e-01,2.78500482e-02,1.07580692e-01,-9.57930300e+00,0.00000000e+00,1.69172724e-01,2.29239930e-02,1.65789269e+02,2.24655131e+01
1.09600000e+00,-1.68037683e-02,-2.52621505e-01,2.80680312e-02,1.10395085e-01,-9.57930300e+00,0.00000000e+00,1.69726182e-01,2.30357403e-02,1.66331658e+02,2.25750255e+01
1.09800000e+00,-1.73175455e-02,-2.61116431e-01,2.82914104e-02,1.12882225e-01,-9.57930300e+00,0.00000000e+00,1.69085336e-01,2.25551440e-02,1.65703629e+02,2.21040411e+01
1.10000000e+00,-1.78481010e-02,-2.69411853e-01,2.85193053e-02,1.14987112e-01,-9.57930300e+00,0.00000000e+00,1.69361397e-01,2.25580870e-02,1.65974169e+02,2.21069253e+01
1.10200000e+00,-1.83959488e-02,-2.78840922e-01,2.87535144e-02,1.20324802e-01,-9.57930300e+00,0.00000000e+00,2.00011054e-01,2.96736568e-02,1.96010833e+02,2.90801837e+01
1.10400000e+00,-1.89632783e-02,-2.87990467e-01,2.90002014e-02,1.25058177e-01,-9.57930300e+00,0.00000000e+00,1.67421557e-01,2.16395744e-02,1.64073126e+02,2.12067829e+01
1.10600000e+00,-1.95469299e-02,-2.95668893e-01,2.92514677e-02,1.26372746e-01,-9.57930300e+00,0.00000000e+00,1.70368087e-01,2.28560619e-02,1.66960726e+02,2.23989407e+01
1.10800000e+00,-2.01458704e-02,-3.03222114e-01,2.95057356e-02,1.27752198e-01,-9.57930300e+00,0.00000000e+00,1.69354112e-01,2.21383811e-02,1.65967030e+02,2.16956135e+01
1.11000000e+00,-2.07597211e-02,-3.10629567e-01,2.97625311e-02,1.29213442e-01,-9.57930300e+00,0.00000000e+00,1.71942699e-01,2.33940673e-02,1.68503845e+02,2.29261860e+01
1.11200000e+00,-2.13883339e-02,-3.17954840e-01,3.00229373e-02,1.31196576e-01,-9.57930300e+00,0.00000000e+00,1.72535293e-01,2.36050297e-02,1.69084587e+02,2.31329291e+01
1.11400000e+00,-2.20313674e-02,-3.25020524e-01,3.02870148e-02,1.32725971e-01,-9.57930300e+00,0.00000000e+00,1.71096959e-01,2.28182353e-02,1.67675020e+02,2.23618706e+01
1.11600000e+00,-2.26882387e-02,-3.31820268e-01,3.05535326e-02,1.33792603e-01,-9.57930300e+00,0.00000000e+00,1.71655329e-01,2.30139939e-02,1.68222223e+02,2.25537141e+01
1.11800000e+00,-2.33584736e-02,-3.38357670e-01,3.08219217e-02,1.34463975e-01,-9.57930300e+00,0.00000000e+00,1.70411116e-01,2.23716700e-02,1.67002893e+02,2.19242366e+01
1.12000000e+00,-2.40415056e-02,-3.44649474e-01,3.10912137e-02,1.34873067e-01,-9.57930300e+00,0.00000000e+00,1.71466328e-01,2.28480203e-02,1.68037001e+02,2.23910599e+01
1.12200000e+00,-2.47375787e-02,-3.51702042e-01,3.13630654e-02,1.37758979e-01,-9.57930300e+00,0.00000000e+00,1.93842741e-01,2.79580201e-02,1.89965886e+02,2.73988597e+01
1.12400000e+00,-2.54480708e-02,-3.58390103e-01,3.16417678e-02,1.39922456e-01,-9.57930300e+00,0.00000000e+00,1.68719780e-01,2.17284745e-02,1.65345384e+02,2.12939050e+01
1.12600000e+00,-2.61703143e-02,-3.63841036e-01,3.19209468e-02,1.39373381e-01,-9.57930300e+00,0.00000000e+00,1.70807897e-01,2.26634680e-02,1.67391739e+02,2.22101986e+01
1.12800000e+00,-2.69032997e-02,-3.69089219e-01,3.21992908e-02,1.38868527e-01,-9.57930300e+00,0.00000000e+00,1.69943958e-01,2.22190926e-02,1.66545079e+02,2.17747108e+01
1.13000000e+00,-2.76465110e-02,-3.74097090e-01,3.24763739e-02,1.38293143e-01,-9.57930300e+00,0.00000000e+00,1.71238947e-01,2.29115267e-02,1.67814168e+02,2.24532961e+01
1.13200000e+00,-2.83995641e-02,-3.78919053e-01,3.27526565e-02,1.38007486e-01,-9.57930300e+00,0.00000000e+00,1.71727287e-01,2.32220420e-02,1.68292741e+02,2.27576011e+01
1.13400000e+00,-2.91619669e-02,-3.83410610e-01,3.30280845e-02,1.37242863e-01,-9.57930300e+00,0.00000000e+00,1.69723332e-01,2.22998865e-02,1.66328865e+02,2.18538887e+01
1.13600000e+00,-2.99330029e-02,-3.87596622e-01,3.33014003e-02,1.36136704e-01,-9.57930300e+00,0.00000000e+00,1.70864463e-01,2.28960837e-02,1.67447174e+02,2.24381620e+01
1.13800000e+00,-3.07121809e-02,-3.91523840e-01,3.35725732e-02,1.34943429e-01,-9.57930300e+00,0.00000000e+00,1.70020391e-01,2.25048712e-02,1.66619983e+02,2.20547738e+01
1.14000000e+00,-3.14988923e-02,-3.95142205e-01,3.38409547e-02,1.33421286e-01,-9.57930300e+00,0.00000000e+00,1.70054553e-01,2.25898047e-02,1.66653462e+02,2.21380086e+01
1.14200000e+00,-3.22929695e-02,-3.99090204e-01,3.41072009e-02,1.33312729e-01,-9.57930300e+00,0.00000000e+00,1.84189858e-01,2.58525860e-02,1.80506061e+02,2.53355342e+01
1.14400000e+00,-3.30950100e-02,-4.02673551e-01,3.43738914e-02,1.32733016e-01,-9.57930300e+00,0.00000000e+00,1.68065098e-01,2.19818058e-02,1.64703796e+02,2.15421697e+01
1.14600000e+00,-3.39030416e-02,-4.05323800e-01,3.46369563e-02,1.30388431e-01,-9.57930300e+00,0.00000000e+00,1.68971074e-01,2.25249063e-02,1.65591652e+02,2.20744082e+01
1.14800000e+00,-3.47161149e-02,-4.07688544e-01,3.48953812e-02,1.27948021e-01,-9.57930300e+00,0.00000000e+00,1.68021018e-01,2.21508071e-02,1.64660597e+02,2.17077910e+01
1.15000000e+00,-3.55335944e-02,-4.09751327e-01,3.51486598e-02,1.25374767e-01,-9.57930300e+00,0.00000000e+00,1.68579784e-01,2.26089606e-02,1.65208188e+02,2.21567814e+01
1.15200000e+00,-3.63549543e-02,-4.11565259e-01,3.53970007e-02,1.22982142e-01,-9.57930300e+00,0.00000000e+00,1.68903424e-01,2.28857026e-02,1.65525356e+02,2.24279885e+01
1.15400000e+00,-3.71796396e-02,-4.13055350e-01,3.56404247e-02,1.20344079e-01,-9.57930300e+00,0.00000000e+00,1.67738250e-01,2.24425726e-02,1.64383485e+02,2.19937212e+01
1.15600000e+00,-3.80069634e-02,-4.14227120e-01,3.58782491e-02,1.17514130e-01,-9.57930300e+00,0.00000000e+00,1.68213815e-01,2.28238515e-02,1.64849539e+02,2.23673744e+01
1.15800000e+00,-3.88363584e-02,-4.15114490e-01,3.61104545e-02,1.14644059e-01,-9.57930300e+00,0.00000000e+00,1.67859307e-01,2.26912311e-02,1.64502121e+02,2.22374065e+01
1.16000000e+00,-3.96672158e-02,-4.15693534e-01,3.63367027e-02,1.11590066e-01,-9.57930300e+00,0.00000000e+00,1.67789010e-01,2.27622501e-02,1.64433229e+02,2.23070051e+01
1.16200000e+00,-4.04990726e-02,-4.16182673e-01,3.65570932e-02,1.08953714e-01,-9.57930300e+00,0.00000000e+00,1.72547208e-01,2.38838429e-02,1.69096264e+02,2.34061661e+01
1.16400000e+00,-4.13317229e-02,-4.16336438e-01,3.67724220e-02,1.06174080e-01,-9.57930300e+00,0.00000000e+00,1.66748204e-01,2.27701662e-02,1.63413240e+02,2.23147629e+01
1.16600000e+00,-4.21640506e-02,-4.15938635e-01,3.69813405e-02,1.02720998e-01,-9.57930300e+00,0.00000000e+00,1.66454436e-01,2.27701309e-02,1.63125347e+02,2.23147283e+01
1.16800000e+00,-4.29952571e-02,-4.15210348e-01,3.71831637e-02,9.90545462e-02,-9.57930300e+00,0.00000000e+00,1.65813777e-01,2.26120972e-02,1.62497501e+02,2.21598552e+01
1.17000000e+00,-4.38246862e-02,-4.14173398e-01,3.73775284e-02,9.53426284e-02,-9.57930300e+00,0.00000000e+00,1.66016687e-01,2.29538900e-02,1.62696353e+02,2.24948122e+01
1.17200000e+00,-4.46517395e-02,-4.12819688e-01,3.75644998e-02,9.15789689e-02,-9.57930300e+00,0.00000000e+00,1.65168680e-01,2.27721091e-02,1.61865306e+02,2.23166669e+01
1.17400000e+00,-4.54757443e-02,-4.11134998e-01,3.77437318e-02,8.76465664e-02,-9.57930300e+00,0.00000000e+00,1.65015806e-01,2.28573464e-02,1.61715490e+02,2.24001995e+01
1.17600000e+00,-4.62960692e-02,-4.09134781e-01,3.79150203e-02,8.36156093e-02,-9.57930300e+00,0.00000000e+00,1.64500115e-01,2.28115752e-02,1.61210113e+02,2.23553437e+01
1.17800000e+00,-4.71120607e-02,-4.06800473e-01,3.80780771e-02,7.94090034e-02,-9.57930300e+00,0.00000000e+00,1.63879432e-01,2.27233015e-02,1.60601843e+02,2.22688355e+01
1.18000000e+00,-4.79230532e-02,-4.04139325e-01,3.82325584e-02,7.50554611e-02,-9.57930300e+00,0.00000000e+00,1.63493730e-01,2.27256131e-02,1.60223855e+02,2.22711009e+01
1.18200000e+00,-4.87283536e-02,-4.01081550e-01,3.83779633e-02,7.01984844e-02,-9.57930300e+00,0.00000000e+00,1.61197357e-01,2.18762340e-02,1.57973409e+02,2.14387093e+01
1.18400000e+00,-4.95271632e-02,-3.97699511e-01,3.85133167e-02,6.52880715e-02,-9.57930300e+00,0.00000000e+00,1.62451094e-01,2.28088712e-02,1.59202072e+02,2.23526938e+01
1.18600000e+00,-5.03189732e-02,-3.94049872e-01,3.86392612e-02,6.05960815e-02,-9.57930300e+00,0.00000000e+00,1.61422691e-01,2.25165151e-02,1.58194237e+02,2.20661848e+01
1.18800000e+00,-5.11031605e-02,-3.90096956e-01,3.87556850e-02,5.58800565e-02,-9.57930300e+00,0.00000000e+00,1.61781795e-01,2.29266876e-02,1.58546159e+02,2.24681539e+01
1.19000000e+00,-5.18791866e-02,-3.85882406e-01,3.88629238e-02,5.13775902e-02,-9.57930300e+00,0.00000000e+00,1.61660923e-01,2.31198189e-02,1.58427704e+02,2.26574225e+01
1.19200000e+00,-5.26464721e-02,-3.81340954e-01,3.89610857e-02,4.67106728e-02,-9.57930300e+00,0.00000000e+00,1.60424819e-01,2.27236107e-02,1.57216322e+02,2.22691385e+01
1.19400000e+00,-5.34043483e-02,-3.76496358e-01,3.90497321e-02,4.19921396e-02,-9.57930300e+00,0.00000000e+00,1.60783595e-01,2.31400637e-02,1.57567923e+02,2.26772625e+01
1.19600000e+00,-5.41522912e-02,-3.71402265e-01,3.91291919e-02,3.74800712e-02,-9.57930300e+00,0.00000000e+00,1.60720983e-01,2.32723414e-02,1.57506563e+02,2.28068945e+01
1.19800000e+00,-5.48897568e-02,-3.66007350e-01,3.91995938e-02,3.28801508e-02,-9.57930300e+00,0.00000000e+00,1.59796135e-01,2.30580971e-02,1.56600212e+02,2.25969352e+01
1.20000000e+00,-5.56161072e-02,-3.60292351e-01,3.92606072e-02,2.81222309e-02,-9.57930300e+00,0.00000000e+00,1.59193959e-01,2.30297996e-02,1.56010080e+02,2.25692036e+01
1.20200000e+00,-5.63304778e-02,-3.53904752e-01,3.93110675e-02,2.18417736e-02,-9.57930300e+00,0.00000000e+00,1.49936228e-01,1.99367359e-02,1.46937503e+02,1.95380012e+01
1.20400000e+00,-5.70315639e-02,-3.47273593e-01,3.93481403e-02,1.58101649e-02,-9.57930300e+00,0.00000000e+00,1.59253205e-01,2.36077924e-02,1.56068140e+02,2.31356366e+01
1.20600000e+00,-5.77196318e-02,-3.40731822e-01,3.93752897e-02,1.12508076e-02,-9.57930300e+00,0.00000000e+00,1.57668296e-01,2.30676038e-02,1.54514930e+02,2.26062518e+01
1.20800000e+00,-5.83942837e-02,-3.33878827e-01,3.93930188e-02,6.50434115e-03,-9.57930300e+00,0.00000000e+00,1.57515910e-01,2.32423250e-02,1.54365592e+02,2.27774785e+01
1.21000000e+00,-5.90549833e-02,-3.26780211e-01,3.94014066e-02,1.90714063e-03,-9.57930300e+00,0.00000000e+00,1.57351053e-01,2.33947820e-02,1.54204032e+02,2.29268864e+01
1.21200000e+00,-5.97012040e-02,-3.19380894e-01,3.94005246e-02,-2.87410720e-03,-9.57930300e+00,0.00000000e+00,1.55794564e-01,2.28566663e-02,1.52678673e+02,2.23995329e+01
1.21400000e+00,-6.03323244e-02,-3.11707941e-01,3.93898696e-02,-7.71618643e-03,-9.57930300e+00,0.00000000e+00,1.56140082e-01,2.32538782e-02,1.53017281e+02,2.27888006e+01
1.21600000e+00,-6.09478642e-02,-3.03777569e-01,3.93697001e-02,-1.24978859e-02,-9.57930300e+00,0.00000000e+00,1.54836339e-01,2.29565234e-02,1.51739612e+02,2.24973929e+01
1.21800000e+00,-6.15472610e-02,-2.95586682e-01,3.93398656e-02,-1.72983862e-02,-9.57930300e+00,0.00000000e+00,1.54978880e-01,2.31737696e-02,1.51879303e+02,2.27102943e+01
1.22000000e+00,-6.21300679e-02,-2.87181296e-01,3.93006160e-02,-2.19347175e-02,-9.57930300e+00,0.00000000e+00,1.54615797e-01,2.32469422e-02,1.51523481e+02,2.27820034e+01
1.22200000e+00,-6.26953164e-02,-2.77771184e-01,3.92503485e-02,-2.92378883e-02,-9.57930300e+00,0.00000000e+00,1.36152577e-01,1.75068708e-02,1.33429525e+02,1.71567334e+01
1.22400000e+00,-6.32410732e-02,-2.68241906e-01,3.91840872e-02,-3.59072220e-02,-9.57930300e+00,0.00000000e+00,1.56326313e-01,2.44858858e-02,1.53199786e+02,2.39961680e+01
1.22600000e+00,-6.37686506e-02,-2.59262595e-01,3.91085930e-02,-3.97667011e-02,-9.57930300e+00,0.00000000e+00,1.53346955e-01,2.32984129e-02,1.50280016e+02,2.28324447e+01
1.22800000e+00,-6.42779277e-02,-2.49989565e-01,3.90248124e-02,-4.39381928e-02,-9.57930300e+00,0.00000000e+00,1.53658004e-01,2.37130176e-02,1.50584843e+02,2.32387572e+01
1.23000000e+00,-6.47685059e-02,-2.40561993e-01,3.89330821e-02,-4.77468808e-02,-9.57930300e+00,0.00000000e+00,1.53778782e-01,2.39304683e-02,1.50703206e+02,2.34518589e+01
1.23200000e+00,-6.52400042e-02,-2.30877238e-01,3.88336434e-02,-5.18277114e-02,-9.57930300e+00,0.00000000e+00,1.51536578e-01,2.30013448e-02,1.48505847e+02,2.25413179e+01
1.23400000e+00,-6.56918875e-02,-2.21001586e-01,3.87258338e-02,-5.58147555e-02,-9.57930300e+00,0.00000000e+00,1.53047165e-01,2.39750082e-02,1.49986222e+02,2.34955080e+01
1.23600000e+00,-6.61239165e-02,-2.10984829e-01,3.86105846e-02,-5.95015270e-02,-9.57930300e+00,0.00000000e+00,1.51806811e-01,2.34684530e-02,1.48770674e+02,2.29990839e+01
1.23800000e+00,-6.65356956e-02,-2.00771171e-01,3.84878082e-02,-6.32175188e-02,-9.57930300e+00,0.00000000e+00,1.51849171e-01,2.37398201e-02,1.48812188e+02,2.32650237e+01
1.24000000e+00,-6.69268874e-02,-1.90386788e-01,3.83577855e-02,-6.68270747e-02,-9.57930300e+00,0.00000000e+00,1.51053076e-01,2.35075797e-02,1.48032014e+02,2.30374281e+01
1.24200000e+00,-6.72962150e-02,-1.78460885e-01,3.82175545e-02,-7.48540661e-02,-9.57930300e+00,0.00000000e+00,1.18889544e-01,1.42699712e-02,1.16511753e+02,1.39845718e+01
1.24400000e+00,-6.76407292e-02,-1.66532426e-01,3.80589959e-02,-8.19415907e-02,-9.57930300e+00,0.00000000e+00,1.53856378e-01,2.52566217e-02,1.50779250e+02,2.47514893e+01
1.24600000e+00,-6.79631538e-02,-1.55817630e-01,3.78928242e-02,-8.44753247e-02,-9.57930300e+00,0.00000000e+00,1.49925086e-01,2.35919303e-02,1.46926584e+02,2.31200917e+01
1.24800000e+00,-6.82638265e-02,-1.44842913e-01,3.77207612e-02,-8.75090203e-02,-9.57930300e+00,0.00000000e+00,1.50281939e-01,2.39626678e-02,1.47276300e+02,2.34834145e+01
1.25000000e+00,-6.85424716e-02,-1.33787358e-01,3.75430080e-02,-9.02129887e-02,-9.57930300e+00,0.00000000e+00,1.50355821e-01,2.40312112e-02,1.47348704e+02,2.35505869e+01
1.25200000e+00,-6.87988531e-02,-1.22547627e-01,3.73597425e-02,-9.31671345e-02,-9.57930300e+00,0.00000000e+00,1.48116843e-01,2.31768964e-02,1.45154506e+02,2.27133584e+01
1.25400000e+00,-6.90325975e-02,-1.11211068e-01,3.71704996e-02,-9.58810829e-02,-9.57930300e+00,0.00000000e+00,1.50047659e-01,2.42662262e-02,1.47046706e+02,2.37809017e+01
1.25600000e+00,-6.92436629e-02,-9.98228326e-02,3.69764937e-02,-9.81816512e-02,-9.57930300e+00,0.00000000e+00,1.48678633e-01,2.37683461e-02,1.45705060e+02,2.32929791e+01
1.25800000e+00,-6.94318238e-02,-8.83370358e-02,3.67777893e-02,-1.00457716e-01,-9.57930300e+00,0.00000000e+00,1.49350791e-01,2.40347505e-02,1.46363775e+02,2.35540555e+01
1.26000000e+00,-6.95969809e-02,-7.68060389e-02,3.65748236e-02,-1.02492740e-01,-9.57930300e+00,0.00000000e+00,1.49017657e-01,2.39851783e-02,1.46037304e+02,2.35054747e+01
1.26200000e+00,-6.97375158e-02,-6.29768800e-02,3.63634456e-02,-1.11085995e-01,-9.57930300e+00,0.00000000e+00,9.68494407e-02,9.96965426e-03,9.49124519e+01,9.77026118e+00
1.26400000e+00,-6.98489711e-02,-4.92716777e-02,3.61312561e-02,-1.18515260e-01,-9.57930300e+00,0.00000000e+00,1.52883209e-01,2.61007841e-02,1.49825545e+02,2.55787684e+01
1.26600000e+00,-6.99360200e-02,-3.76927439e-02,3.58938099e-02,-1.19306786e-01,-9.57930300e+00,0.00000000e+00,1.47292216e-01,2.35632405e-02,1.44346371e+02,2.30919757e+01
1.26800000e+00,-6.99995945e-02,-2.58924505e-02,3.56535608e-02,-1.20800526e-01,-9.57930300e+00,0.00000000e+00,1.48277807e-01,2.42842875e-02,1.45312251e+02,2.37986018e+01
1.27000000e+00,-7.00395994e-02,-1.41065587e-02,3.54109108e-02,-1.21839829e-01,-9.57930300e+00,0.00000000e+00,1.48003393e-01,2.41708924e-02,1.45043325e+02,2.36874746e+01
1.27200000e+00,-7.00559617e-02,-2.23206632e-03,3.51660265e-02,-1.23141580e-01,-9.57930300e+00,0.00000000e+00,1.46389389e-01,2.33840643e-02,1.43461601e+02,2.29163830e+01
1.27400000e+00,-7.00485476e-02,9.61261974e-03,3.49185835e-02,-1.24084859e-01,-9.57930300e+00,0.00000000e+00,1.48687846e-01,2.45703084e-02,1.45714089e+02,2.40789022e+01
1.27600000e+00,-7.00175493e-02,2.14000992e-02,3.46699949e-02,-1.24566411e-01,-9.57930300e+00,0.00000000e+00,1.47521162e-01,2.39982754e-02,1.44570739e+02,2.35183099e+01
1.27800000e+00,-6.99629334e-02,3.32082391e-02,3.44203029e-02,-1.25070466e-01,-9.57930300e+00,0.00000000e+00,1.47807447e-01,2.41665997e-02,1.44851298e+02,2.36832677e+01
1.28000000e+00,-6.98847232e-02,4.50061273e-02,3.41697962e-02,-1.25449643e-01,-9.57930300e+00,0.00000000e+00,1.47170407e-01,2.39026779e-02,1.44226998e+02,2.34246243e+01
1.28200000e+00,-6.97813520e-02,5.91392509e-02,3.39138421e-02,-1.32821035e-01,-9.57930300e+00,0.00000000e+00,9.24498704e-02,9.12634542e-03,9.06008730e+01,8.94381851e+00
1.28400000e+00,-6.96483171e-02,7.30461113e-02,3.36392947e-02,-1.39019253e-01,-9.57930300e+00,0.00000000e+00,1.51431808e-01,2.59765945e-02,1.48403171e+02,2.54570626e+01
1.28600000e+00,-6.94907535e-02,8.45741634e-02,3.33625810e-02,-1.37994149e-01,-9.57930300e+00,0.00000000e+00,1.46796898e-01,2.38922627e-02,1.43860960e+02,2.34144175e+01
1.28800000e+00,-6.93099275e-02,9.62416202e-02,3.30868009e-02,-1.37744791e-01,-9.57930300e+00,0.00000000e+00,1.46745823e-01,2.39542447e-02,1.43810907e+02,2.34751599e+01
1.29000000e+00,-6.91058477e-02,1.07817948e-01,3.28118117e-02,-1.37180574e-01,-9.57930300e+00,0.00000000e+00,1.47307720e-01,2.41601084e-02,1.44361566e+02,2.36769062e+01
1.29200000e+00,-6.88786769e-02,1.19362592e-01,3.25379950e-02,-1.36741761e-01,-9.57930300e+00,0.00000000e+00,1.45678813e-01,2.32996327e-02,1.42765237e+02,2.28336401e+01
1.29400000e+00,-6.86284971e-02,1.30757658e-01,3.22651724e-02,-1.35811523e-01,-9.57930300e+00,0.00000000e+00,1.48807421e-01,2.48015933e-02,1.45831272e+02,2.43055614e+01
1.29600000e+00,-6.83557485e-02,1.41999394e-01,3.19950538e-02,-1.34423907e-01,-9.57930300e+00,0.00000000e+00,1.47081069e-01,2.38731707e-02,1.44139447e+02,2.33957073e+01
1.29800000e+00,-6.80605470e-02,1.53169840e-01,3.17274617e-02,-1.33058878e-01,-9.57930300e+00,0.00000000e+00,1.48109189e-01,2.43713977e-02,1.45147005e+02,2.38839698e+01
1.30000000e+00,-6.77431600e-02,1.64203940e-01,3.14630115e-02,-1.31404093e-01,-9.57930300e+00,0.00000000e+00,1.47721295e-01,2.41029025e-02,1.44766869e+02,2.36208445e+01
1.30200000e+00,-6.74021090e-02,1.77671205e-01,3.11968496e-02,-1.37241762e-01,-9.57930300e+00,0.00000000e+00,8.85200964e-02,8.26586355e-03,8.67496945e+01,8.10054628e+00
1.30400000e+00,-6.70327171e-02,1.90775732e-01,3.09149544e-02,-1.41715309e-01,-9.57930300e+00,0.00000000e+00,1.53239424e-01,2.65665115e-02,1.50174635e+02,2.60351813e+01
1.30600000e+00,-6.66407718e-02,2.01231778e-01,3.06350501e-02,-1.38596672e-01,-9.57930300e+00,0.00000000e+00,1.47250950e-01,2.38005688e-02,1.44305931e+02,2.33245575e+01
1.30800000e+00,-6.62277409e-02,2.11761347e-01,3.03599900e-02,-1.36344659e-01,-9.57930300e+00,0.00000000e+00,1.48192801e-01,2.43536517e-02,1.45228945e+02,2.38665787e+01
1.31000000e+00,-6.57938644e-02,2.22084034e-01,3.00899575e-02,-1.33663598e-01,-9.57930300e+00,0.00000000e+00,1.48585671e-01,2.43142985e-02,1.45613958e+02,2.38280125e+01
1.31200000e+00,-6.53394757e-02,2.32300360e-01,2.98251816e-02,-1.31213510e-01,-9.57930300e+00,0.00000000e+00,1.47010602e-01,2.34895428e-02,1.44070389e+02,2.30197520e+01
1.31400000e+00,-6.48648213e-02,2.42279145e-01,2.95654107e-02,-1.28302725e-01,-9.57930300e+00,0.00000000e+00,1.50302669e-01,2.49091193e-02,1.47296616e+02,2.44109369e+01
1.31600000e+00,-6.43705214e-02,2.52014502e-01,2.93122396e-02,-1.24988495e-01,-9.57930300e+00,0.00000000e+00,1.48703535e-01,2.39732979e-02,1.45729464e+02,2.34938319e+01
1.31800000e+00,-6.38568733e-02,2.61584899e-01,2.90654293e-02,-1.21715346e-01,-9.57930300e+00,0.00000000e+00,1.50003557e-01,2.44690133e-02,1.47003486e+02,2.39796331e+01
1.32000000e+00,-6.33243244e-02,2.70941459e-01,2.88254985e-02,-1.18261768e-01,-9.57930300e+00,0.00000000e+00,1.49391275e-01,2.40078311e-02,1.46403449e+02,2.35276745e+01
1.32200000e+00,-6.27716896e-02,2.82424640e-01,2.85874667e-02,-1.22180350e-01,-9.57930300e+00,0.00000000e+00,9.58426691e-02,8.65540840e-03,9.39258157e+01,8.48230023e+00
1.32400000e+00,-6.21949170e-02,2.93471129e-01,2.83376696e-02,-1.24760946e-01,-9.57930300e+00,0.00000000e+00,1.54935911e-01,2.64616328e-02,1.51837193e+02,2.59324001e+01
1.32600000e+00,-6.15994618e-02,3.02032684e-01,2.80933146e-02,-1.20004572e-01,-9.57930300e+00,0.00000000e+00,1.49082861e-01,2.37045310e-02,1.46101204e+02,2.32304404e+01
1.32800000e+00,-6.09867811e-02,3.10601955e-01,2.78569792e-02,-1.16256417e-01,-9.57930300e+00,0.00000000e+00,1.49789316e-01,2.40062584e-02,1.46793530e+02,2.35261332e+01
1.33000000e+00,-6.03572405e-02,3.18891432e-01,2.76285307e-02,-1.12145592e-01,-9.57930300e+00,0.00000000e+00,1.50515828e-01,2.41377599e-02,1.47505511e+02,2.36550047e+01
1.33200000e+00,-5.97113511e-02,3.26977367e-01,2.74082847e-02,-1.08202893e-01,-9.57930300e+00,0.00000000e+00,1.49306066e-01,2.33370759e-02,1.46319945e+02,2.28703344e+01
1.33400000e+00,-5.90495544e-02,3.34728233e-01,2.71960629e-02,-1.03744641e-01,-9.57930300e+00,0.00000000e+00,1.52975076e-01,2.49150244e-02,1.49915574e+02,2.44167239e+01
1.33600000e+00,-5.83726656e-02,3.42137969e-01,2.69936443e-02,-9.87790600e-02,-9.57930300e+00,0.00000000e+00,1.51782098e-01,2.41107201e-02,1.48746457e+02,2.36285057e+01
1.33800000e+00,-5.76811624e-02,3.49307972e-01,2.68008756e-02,-9.39200814e-02,-9.57930300e+00,0.00000000e+00,1.52961568e-01,2.44139277e-02,1.49902337e+02,2.39256491e+01
1.34000000e+00,-5.69756264e-02,3.56188983e-01,2.66180571e-02,-8.89215040e-02,-9.57930300e+00,0.00000000e+00,1.52803864e-01,2.41405190e-02,1.49747787e+02,2.36577086e+01
1.34200000e+00,-5.62553683e-02,3.64627150e-01,2.64411528e-02,-8.99772334e-02,-9.57930300e+00,0.00000000e+00,1.10727443e-01,1.14528257e-02,1.08512894e+02,1.12237692e+01
1.34400000e+00,-5.55174227e-02,3.72608047e-01,2.62588697e-02,-8.99512843e-02,-9.57930300e+00,0.00000000e+00,1.57500473e-01,2.61515093e-02,1.54350463e+02,2.56284791e+01
1.34600000e+00,-5.47663018e-02,3.78540409e-01,2.60852931e-02,-8.40074414e-02,-9.57930300e+00,0.00000000e+00,1.52488799e-01,2.36239451e-02,1.49439023e+02,2.31514662e+01
1.34800000e+00,-5.40033201e-02,3.84384296e-01,2.59222236e-02,-7.89880054e-02,-9.57930300e+00,0.00000000e+00,1.53363541e-01,2.39762027e-02,1.50296270e+02,2.34966786e+01
1.35000000e+00,-5.32290048e-02,3.89867941e-01,2.57696321e-02,-7.35321346e-02,-9.57930300e+00,0.00000000e+00,1.54608422e-01,2.43198368e-02,1.51516253e+02,2.38334401e+01
1.35200000e+00,-5.24440135e-02,3.95103835e-01,2.56279136e-02,-6.83485197e-02,-9.57930300e+00,0.00000000e+00,1.52766159e-01,2.32001003e-02,1.49710836e+02,2.27360983e+01
1.35400000e+00,-5.16488245e-02,3.99987245e-01,2.54964257e-02,-6.28834519e-02,-9.57930300e+00,0.00000000e+00,1.56374045e-01,2.47206406e-02,1.53246564e+02,2.42262278e+01
1.35600000e+00,-5.08443178e-02,4.04490669e-01,2.53766186e-02,-5.70601233e-02,-9.57930300e+00,0.00000000e+00,1.55096510e-01,2.37785046e-02,1.51994579e+02,2.33029345e+01
1.35800000e+00,-5.00310621e-02,4.08693644e-01,2.52681286e-02,-5.13217313e-02,-9.57930300e+00,0.00000000e+00,1.56773379e-01,2.43850751e-02,1.53637911e+02,2.38973736e+01
1.36000000e+00,-4.92097715e-02,4.12554202e-01,2.51714270e-02,-4.54403824e-02,-9.57930300e+00,0.00000000e+00,1.56409403e-01,2.39380008e-02,1.53281215e+02,2.34592408e+01
1.36200000e+00,-4.83801924e-02,4.17394074e-01,2.50831826e-02,-4.43349613e-02,-9.57930300e+00,0.00000000e+00,1.27135567e-01,1.42332566e-02,1.24592856e+02,1.39485914e+01
1.36400000e+00,-4.75404945e-02,4.21785092e-01,2.49946168e-02,-4.24355746e-02,-9.57930300e+00,0.00000000e+00,1.60063308e-01,2.54779701e-02,1.56862041e+02,2.49684107e+01
1.36600000e+00,-4.66940979e-02,4.24607348e-01,2.49165187e-02,-3.59188523e-02,-9.57930300e+00,0.00000000e+00,1.56895541e-01,2.38107177e-02,1.53757630e+02,2.33345033e+01
1.36800000e+00,-4.58422011e-02,4.27225593e-01,2.48505311e-02,-3.00175432e-02,-9.57930300e+00,0.00000000e+00,1.57887209e-01,2.40895612e-02,1.54729465e+02,2.36077700e+01
1.37000000e+00,-4.49854507e-02,4.29461074e-01,2.47966131e-02,-2.38693902e-02,-9.57930300e+00,0.00000000e+00,1.58855210e-01,2.42493208e-02,1.55678106e+02,2.37643344e+01
1.37200000e+00,-4.41245577e-02,4.31395302e-01,2.47548847e-02,-1.79744428e-02,-9.57930300e+00,0.00000000e+00,1.57907040e-01,2.34960172e-02,1.54748900e+02,2.30260969e+01
1.37400000e+00,-4.32600989e-02,4.32985545e-01,2.47247533e-02,-1.20226058e-02,-9.57930300e+00,0.00000000e+00,1.59843238e-01,2.43233126e-02,1.56646373e+02,2.38368464e+01
1.37600000e+00,-4.23928247e-02,4.34261985e-01,2.47067223e-02,-6.17855492e-03,-9.57930300e+00,0.00000000e+00,1.58165295e-01,2.32415608e-02,1.55001989e+02,2.27767296e+01
1.37800000e+00,-4.15232529e-02,4.35235536e-01,2.46998990e-02,-5.44688710e-04,-9.57930300e+00,0.00000000e+00,1.59826703e-01,2.38701283e-02,1.56630169e+02,2.33927258e+01
1.38000000e+00,-4.06521099e-02,4.35868077e-01,2.47045467e-02,5.09380662e-03,-9.57930300e+00,0.00000000e+00,1.59025145e-01,2.32555752e-02,1.55844642e+02,2.27904637e+01
1.38200000e+00,-3.97795715e-02,4.36814173e-01,2.47182494e-02,7.69554982e-03,-9.57930300e+00,0.00000000e+00,1.45380284e-01,1.75141220e-02,1.42472678e+02,1.71638395e+01
1.38400000e+00,-3.89051386e-02,4.37332325e-01,2.47357196e-02,1.08831393e-02,-9.57930300e+00,0.00000000e+00,1.61890100e-01,2.45093760e-02,1.58652298e+02,2.40191885e+01
1.38600000e+00,-3.80308509e-02,4.36937525e-01,2.47635734e-02,1.67576692e-02,-9.57930300e+00,0.00000000e+00,1.59574968e-01,2.31913202e-02,1.56383469e+02,2.27274938e+01
1.38800000e+00,-3.71575473e-02,4.36304443e-01,2.48023893e-02,2.20907513e-02,-9.57930300e+00,0.00000000e+00,1.60326790e-01,2.34261643e-02,1.57120254e+02,2.29576410e+01
1.39000000e+00,-3.62859085e-02,4.35258213e-01,2.48521709e-02,2.77755404e-02,-9.57930300e+00,0.00000000e+00,1.62109753e-01,2.39983845e-02,1.58867558e+02,2.35184168e+01
1.39200000e+00,-3.54167295e-02,4.33889520e-01,2.49133760e-02,3.32871739e-02,-9.57930300e+00,0.00000000e+00,1.60761105e-01,2.31478383e-02,1.57545883e+02,2.26848816e+01
1.39400000e+00,-3.45505818e-02,4.32173761e-01,2.49853295e-02,3.88137245e-02,-9.57930300e+00,0.00000000e+00,1.63142518e-01,2.41302908e-02,1.59879668e+02,2.36476850e+01
1.39600000e+00,-3.36882794e-02,4.30090512e-01,2.50686688e-02,4.43971581e-02,-9.57930300e+00,0.00000000e+00,1.62300802e-01,2.33839607e-02,1.59054786e+02,2.29162815e+01
1.39800000e+00,-3.28304113e-02,4.27720007e-01,2.51626830e-02,4.96278788e-02,-9.57930300e+00,0.00000000e+00,1.62842495e-01,2.35221212e-02,1.59585646e+02,2.30516788e+01
1.40000000e+00,-3.19776423e-02,4.24985189e-01,2.52672720e-02,5.49960453e-02,-9.57930300e+00,0.00000000e+00,1.63841548e-01,2.38196957e-02,1.60564717e+02,2.33433018e+01
1.40200000e+00,-3.11305440e-02,4.22140249e-01,2.53817428e-02,5.89778614e-02,-9.57930300e+00,0.00000000e+00,1.58488957e-01,2.07738714e-02,1.55319177e+02,2.03583940e+01
1.40400000e+00,-3.02892731e-02,4.19007665e-01,2.55030756e-02,6.27978897e-02,-9.57930300e+00,0.00000000e+00,1.63683201e-01,2.36520569e-02,1.60409537e+02,2.31790158e+01
1.40600000e+00,-2.94548606e-02,4.15354149e-01,2.56337477e-02,6.78378501e-02,-9.57930300e+00,0.00000000e+00,1.63835529e-01,2.35191133e-02,1.60558819e+02,2.30487310e+01
1.40800000e+00,-2.86280652e-02,4.11387591e-01,2.57743324e-02,7.27358875e-02,-9.57930300e+00,0.00000000e+00,1.64232836e-01,2.35529919e-02,1.60948179e+02,2.30819320e+01
1.41000000e+00,-2.78095417e-02,4.07073870e-01,2.59247469e-02,7.77173613e-02,-9.57930300e+00,0.00000000e+00,1.65248644e-01,2.39071068e-02,1.61943671e+02,2.34289647e+01
1.41200000e+00,-2.69999583e-02,4.02477235e-01,2.60850260e-02,8.24350511e-02,-9.57930300e+00,0.00000000e+00,1.64216308e-01,2.32263017e-02,1.60931982e+02,2.27617757e+01
1.41400000e+00,-2.61998110e-02,3.97613215e-01,2.62542636e-02,8.68174655e-02,-9.57930300e+00,0.00000000e+00,1.64945281e-01,2.34433486e-02,1.61646375e+02,2.29744816e+01
1.41600000e+00,-2.54097117e-02,3.92439845e-01,2.64322368e-02,9.11114130e-02,-9.57930300e+00,0.00000000e+00,1.64974260e-01,2.32930862e-02,1.61674775e+02,2.28272245e+01
1.41800000e+00,-2.46302432e-02,3.86979242e-01,2.66185747e-02,9.52035860e-02,-9.57930300e+00,0.00000000e+00,1.65272079e-01,2.32843412e-02,1.61966638e+02,2.28186544e+01
1.42000000e+00,-2.38620070e-02,3.81200267e-01,2.68130333e-02,9.92689360e-02,-9.57930300e+00,0.00000000e+00,1.66119101e-01,2.35129290e-02,1.62796719e+02,2.30426704e+01
1.42200000e+00,-2.31055875e-02,3.75203255e-01,2.70152274e-02,1.02699846e-01,-9.57930300e+00,0.00000000e+00,1.64167760e-01,2.22400071e-02,1.60884405e+02,2.17952069e+01
1.42400000e+00,-2.23613437e-02,3.68981706e-01,2.72236436e-02,1.05847196e-01,-9.57930300e+00,0.00000000e+00,1.65265316e-01,2.32142418e-02,1.61960010e+02,2.27499570e+01
1.42600000e+00,-2.16298762e-02,3.62436793e-01,2.74388482e-02,1.09342547e-01,-9.57930300e+00,0.00000000e+00,1.65726241e-01,2.32764645e-02,1.62411716e+02,2.28109352e+01
1.42800000e+00,-2.09117606e-02,3.55645815e-01,2.76608324e-02,1.12565793e-01,-9.57930300e+00,0.00000000e+00,1.65125442e-01,2.29588678e-02,1.61822933e+02,2.24996904e+01
1.43000000e+00,-2.02074671e-02,3.48593564e-01,2.78890324e-02,1.15670505e-01,-9.57930300e+00,0.00000000e+00,1.66053602e-01,2.33524072e-02,1.62732530e+02,2.28853590e+01
1.43200000e+00,-1.95175545e-02,3.41288973e-01,2.81234084e-02,1.18616161e-01,-9.57930300e+00,0.00000000e+00,1.65360334e-01,2.29585941e-02,1.62053127e+02,2.24994222e+01
1.43400000e+00,-1.88424595e-02,3.33762026e-01,2.83632922e-02,1.21254632e-01,-9.57930300e+00,0.00000000e+00,1.65707959e-01,2.30492338e-02,1.62393800e+02,2.25882491e+01
1.43600000e+00,-1.81826770e-02,3.25979198e-01,2.86083530e-02,1.23782236e-01,-9.57930300e+00,0.00000000e+00,1.65922010e-01,2.30749303e-02,1.62603570e+02,2.26134317e+01
1.43800000e+00,-1.75387129e-02,3.17941172e-01,2.88583642e-02,1.26224389e-01,-9.57930300e+00,0.00000000e+00,1.66381779e-01,2.32260320e-02,1.63054143e+02,2.27615114e+01
1.44000000e+00,-1.69110700e-02,3.09666720e-01,2.91131347e-02,1.28492786e-01,-9.57930300e+00,0.00000000e+00,1.66289400e-01,2.30732268e-02,1.62963612e+02,2.26117622e+01
1.44200000e+00,-1.63002719e-02,3.01053391e-01,2.93723745e-02,1.30819962e-01,-9.57930300e+00,0.00000000e+00,1.69279505e-01,2.37188316e-02,1.65893915e+02,2.32444550e+01
1.44400000e+00,-1.57069379e-02,2.92317797e-01,2.96360766e-02,1.32640347e-01,-9.57930300e+00,0.00000000e+00,1.64267052e-01,2.23853468e-02,1.60981711e+02,2.19376399e+01
1.44600000e+00,-1.51310106e-02,2.83567408e-01,2.99024855e-02,1.33785225e-01,-9.57930300e+00,0.00000000e+00,1.64888229e-01,2.26810659e-02,1.61590465e+02,2.22274446e+01
1.44800000e+00,-1.45728030e-02,2.74614953e-01,3.01711295e-02,1.34798180e-01,-9.57930300e+00,0.00000000e+00,1.64395568e-01,2.24917767e-02,1.61107656e+02,2.20419411e+01
1.45000000e+00,-1.40326771e-02,2.65473023e-01,3.04415757e-02,1.35657403e-01,-9.57930300e+00,0.00000000e+00,1.64869403e-01,2.27443894e-02,1.61572015e+02,2.22895016e+01
1.45200000e+00,-1.35110498e-02,2.56122778e-01,3.07137410e-02,1.36489378e-01,-9.57930300e+00,0.00000000e+00,1.64967127e-01,2.28230443e-02,1.61667785e+02,2.23665834e+01
1.45400000e+00,-1.30082943e-02,2.46610142e-01,3.09873828e-02,1.37095690e-01,-9.57930300e+00,0.00000000e+00,1.64521194e-01,2.26613665e-02,1.61230770e+02,2.22081392e+01
1.45600000e+00,-1.25247097e-02,2.36946808e-01,3.12619559e-02,1.37450218e-01,-9.57930300e+00,0.00000000e+00,1.64501576e-01,2.26866408e-02,1.61211544e+02,2.22329080e+01
1.45800000e+00,-1.20606135e-02,2.27123759e-01,3.15370638e-02,1.37625017e-01,-9.57930300e+00,0.00000000e+00,1.64424765e-01,2.26770439e-02,1.61136270e+02,2.22235030e+01
1.46000000e+00,-1.16163108e-02,2.17156536e-01,3.18123056e-02,1.37574335e-01,-9.57930300e+00,0.00000000e+00,1.64203009e-01,2.26065603e-02,1.60918948e+02,2.21544291e+01
1.46200000e+00,-1.11924038e-02,2.06564760e-01,3.20882800e-02,1.38901712e-01,-9.57930300e+00,0.00000000e+00,1.75515969e-01,2.59635029e-02,1.72005649e+02,2.54442329e+01
1.46400000e+00,-1.07900761e-02,1.95936415e-01,3.23675133e-02,1.39630610e-01,-9.57930300e+00,0.00000000e+00,1.61729116e-01,2.17486750e-02,1.58494534e+02,2.13137015e+01
1.46600000e+00,-1.04083814e-02,1.85723166e-01,3.26455250e-02,1.38443354e-01,-9.57930300e+00,0.00000000e+00,1.62658864e-01,2.23391613e-02,1.59405687e+02,2.18923781e+01
1.46800000e+00,-1.00472712e-02,1.75378281e-01,3.29212348e-02,1.37178307e-01,-9.57930300e+00,0.00000000e+00,1.61815095e-01,2.19797447e-02,1.58578793e+02,2.15401498e+01
1.47000000e+00,-9.70693401e-03,1.64934730e-01,3.31940950e-02,1.35698448e-01,-9.57930300e+00,0.00000000e+00,1.62143604e-01,2.22786796e-02,1.58900732e+02,2.18331061e+01
1.47200000e+00,-9.38765496e-03,1.54307196e-01,3.34642551e-02,1.34558181e-01,-9.57930300e+00,0.00000000e+00,1.63464728e-01,2.30789978e-02,1.60195433e+02,2.26174179e+01
1.47400000e+00,-9.08976001e-03,1.43597489e-01,3.37322082e-02,1.33238701e-01,-9.57930300e+00,0.00000000e+00,1.61588201e-01,2.22857753e-02,1.58356437e+02,2.18400598e+01
1.47600000e+00,-8.81327560e-03,1.32871893e-01,3.39968765e-02,1.31419262e-01,-9.57930300e+00,0.00000000e+00,1.61535301e-01,2.24084209e-02,1.58304595e+02,2.19602525e+01
1.47800000e+00,-8.55831024e-03,1.22089607e-01,3.42577353e-02,1.29375011e-01,-9.57930300e+00,0.00000000e+00,1.60787549e-01,2.21873566e-02,1.57571798e+02,2.17436095e+01
1.48000000e+00,-8.32494506e-03,1.11265488e-01,3.45142108e-02,1.27082135e-01,-9.57930300e+00,0.00000000e+00,1.60563648e-01,2.22538776e-02,1.57352375e+02,2.18088001e+01
1.48200000e+00,-8.11384093e-03,9.95524717e-02,3.47678650e-02,1.27490465e-01,-9.57930300e+00,0.00000000e+00,1.79788798e-01,2.82197658e-02,1.76193022e+02,2.76553705e+01
1.48400000e+00,-7.92669083e-03,8.79059393e-02,3.50237104e-02,1.27205694e-01,-9.57930300e+00,0.00000000e+00,1.57433539e-01,2.11641959e-02,1.54284868e+02,2.07409120e+01
1.48600000e+00,-7.76167042e-03,7.70795022e-02,3.52746590e-02,1.23877986e-01,-9.57930300e+00,0.00000000e+00,1.59234196e-01,2.21925494e-02,1.56049512e+02,2.17486984e+01
1.48800000e+00,-7.61843903e-03,6.61537593e-02,3.55193394e-02,1.20725856e-01,-9.57930300e+00,0.00000000e+00,1.58540211e-01,2.18835335e-02,1.55369407e+02,2.14458629e+01
1.49000000e+00,-7.49707404e-03,5.52000340e-02,3.57574779e-02,1.17446937e-01,-9.57930300e+00,0.00000000e+00,1.58852676e-01,2.22679667e-02,1.55675623e+02,2.18226074e+01
1.49200000e+00,-7.39774183e-03,4.40919241e-02,3.59895929e-02,1.14866547e-01,-9.57930300e+00,0.00000000e+00,1.61291717e-01,2.36824772e-02,1.58065882e+02,2.32088276e+01
1.49400000e+00,-7.32070985e-03,3.29785504e-02,3.62169052e-02,1.12227877e-01,-9.57930300e+00,0.00000000e+00,1.58301327e-01,2.24713544e-02,1.55135301e+02,2.20219273e+01
1.49600000e+00,-7.26572909e-03,2.20129720e-02,3.64379543e-02,1.08764143e-01,-9.57930300e+00,0.00000000e+00,1.57344509e-01,2.22678438e-02,1.54197619e+02,2.18224869e+01
1.49800000e+00,-7.23262399e-03,1.10983431e-02,3.66517851e-02,1.05035510e-01,-9.57930300e+00,0.00000000e+00,1.56795953e-01,2.22223107e-02,1.53660034e+02,2.17778644e+01
1.50000000e+00,-7.22127859e-03,2.69398989e-04,3.68578357e-02,1.00916013e-01,-9.57930300e+00,0.00000000e+00,1.55205375e-01,2.17434211e-02,1.52101267e+02,2.13085527e+01
1.50200000e+00,-7.23222341e-03,-1.15749907e-02,3.70578756e-02,1.00435525e-01,-9.57930300e+00,0.00000000e+00,1.80566697e-01,3.01470968e-02,1.76955363e+02,2.95441549e+01
1.50400000e+00,-7.26749033e-03,-2.32870836e-02,3.72591893e-02,9.93727161e-02,-9.57930300e+00,0.00000000e+00,1.52352385e-01,2.08085386e-02,1.49305338e+02,2.03923678e+01
1.50600000e+00,-7.32462386e-03,-3.38773910e-02,3.74527429e-02,9.43748502e-02,-9.57930300e+00,0.00000000e+00,1.54776844e-01,2.21660316e-02,1.51681307e+02,2.17227109e+01
1.50800000e+00,-7.40302112e-03,-4.44995407e-02,3.76368755e-02,8.96571690e-02,-9.57930300e+00,0.00000000e+00,1.53692993e-01,2.16615778e-02,1.50619133e+02,2.12283462e+01
1.51000000e+00,-7.50258456e-03,-5.50655090e-02,3.78113082e-02,8.48443907e-02,-9.57930300e+00,0.00000000e+00,1.54233676e-01,2.22176045e-02,1.51149003e+02,2.17732524e+01
1.51200000e+00,-7.62336597e-03,-6.57556898e-02,3.79769636e-02,8.10972857e-02,-9.57930300e+00,0.00000000e+00,1.57538009e-01,2.41367245e-02,1.54387249e+02,2.36539900e+01
1.51400000e+00,-7.76559089e-03,-7.64212209e-02,3.81358933e-02,7.76440772e-02,-9.57930300e+00,0.00000000e+00,1.54774970e-01,2.30628687e-02,1.51679471e+02,2.26016114e+01
1.51600000e+00,-7.92887313e-03,-8.68201793e-02,3.82868885e-02,7.32137510e-02,-9.57930300e+00,0.00000000e+00,1.52599217e-01,2.23032126e-02,1.49547233e+02,2.18571483e+01
1.51800000e+00,-8.11273368e-03,-9.70122673e-02,3.84283756e-02,6.82245504e-02,-9.57930300e+00,0.00000000e+00,1.51400146e-01,2.20939318e-02,1.48372143e+02,2.16520531e+01
1.52000000e+00,-8.31678955e-03,-1.07005397e-01,3.85594990e-02,6.28038826e-02,-9.57930300e+00,0.00000000e+00,1.49574896e-01,2.15870550e-02,1.46583398e+02,2.11553139e+01
1.52200000e+00,-8.54147186e-03,-1.18073336e-01,3.86825310e-02,6.17922985e-02,-9.57930300e+00,0.00000000e+00,1.78306204e-01,3.15254160e-02,1.74740079e+02,3.08949077e+01
1.52400000e+00,-8.78893101e-03,-1.28913502e-01,3.88062260e-02,6.01178733e-02,-9.57930300e+00,0.00000000e+00,1.46226323e-01,2.03724130e-02,1.43301797e+02,1.99649647e+01
1.52600000e+00,-9.05623558e-03,-1.38418281e-01,3.89199490e-02,5.38634443e-02,-9.57930300e+00,0.00000000e+00,1.49245143e-01,2.20771008e-02,1.46260240e+02,2.16355588e+01
1.52800000e+00,-9.34260404e-03,-1.47922920e-01,3.90220533e-02,4.81693241e-02,-9.57930300e+00,0.00000000e+00,1.48521853e-01,2.16966605e-02,1.45551415e+02,2.12627272e+01
1.53000000e+00,-9.64785866e-03,-1.57324663e-01,3.91126717e-02,4.25432139e-02,-9.57930300e+00,0.00000000e+00,1.49294200e-01,2.23516433e-02,1.46308316e+02,2.19046105e+01
1.53200000e+00,-9.97197280e-03,-1.66831559e-01,3.91931591e-02,3.83162950e-02,-9.57930300e+00,0.00000000e+00,1.53586204e-01,2.47504243e-02,1.50514480e+02,2.42554158e+01
1.53400000e+00,-1.03151638e-02,-1.76306799e-01,3.92664116e-02,3.48015327e-02,-9.57930300e+00,0.00000000e+00,1.51317171e-01,2.39524870e-02,1.48290827e+02,2.34734373e+01
1.53600000e+00,-1.06769487e-02,-1.85405077e-01,3.93316267e-02,3.01791003e-02,-9.57930300e+00,0.00000000e+00,1.47693499e-01,2.25203787e-02,1.44739630e+02,2.20699712e+01
1.53800000e+00,-1.10565586e-02,-1.94165150e-01,3.93865982e-02,2.47620179e-02,-9.57930300e+00,0.00000000e+00,1.46477144e-01,2.23652449e-02,1.43547601e+02,2.19179400e+01
1.54000000e+00,-1.14534232e-02,-2.02646190e-01,3.94304142e-02,1.89541624e-02,-9.57930300e+00,0.00000000e+00,1.44378119e-01,2.17650695e-02,1.41490557e+02,2.13297681e+01
1.54200000e+00,-1.18677932e-02,-2.12101868e-01,3.94654406e-02,1.76841329e-02,-9.57930300e+00,0.00000000e+00,1.72597432e-01,3.19413619e-02,1.69145484e+02,3.13025346e+01
1.54400000e+00,-1.23016385e-02,-2.21269324e-01,3.95007338e-02,1.57892122e-02,-9.57930300e+00,0.00000000e+00,1.41145360e-01,2.05038720e-02,1.38322453e+02,2.00937946e+01
1.54600000e+00,-1.27519578e-02,-2.29067763e-01,3.95255072e-02,9.25918817e-03,-9.57930300e+00,0.00000000e+00,1.44251459e-01,2.22504411e-02,1.41366430e+02,2.18054322e+01
1.54800000e+00,-1.32178789e-02,-2.36820208e-01,3.95382282e-02,3.41553976e-03,-9.57930300e+00,0.00000000e+00,1.43842255e-01,2.19651147e-02,1.40965410e+02,2.15258124e+01
1.55000000e+00,-1.36991245e-02,-2.44401501e-01,3.95392057e-02,-2.37358190e-03,-9.57930300e+00,0.00000000e+00,1.44149591e-01,2.23686784e-02,1.41266600e+02,2.19213049e+01
1.55200000e+00,-1.41955172e-02,-2.52031167e-01,3.95297203e-02,-6.68317590e-03,-9.57930300e+00,0.00000000e+00,1.48993795e-01,2.50590288e-02,1.46013919e+02,2.45578482e+01
1.55400000e+00,-1.47072154e-02,-2.59610227e-01,3.95131471e-02,-9.98170884e-03,-9.57930300e+00,0.00000000e+00,1.47113051e-01,2.44685299e-02,1.44170790e+02,2.39791593e+01
1.55600000e+00,-1.52336556e-02,-2.66735516e-01,3.94890375e-02,-1.44141324e-02,-9.57930300e+00,0.00000000e+00,1.42658357e-01,2.26462408e-02,1.39805190e+02,2.21933159e+01
1.55800000e+00,-1.57738647e-02,-2.73421589e-01,3.94548622e-02,-1.97889771e-02,-9.57930300e+00,0.00000000e+00,1.41232107e-01,2.24437473e-02,1.38407465e+02,2.19948724e+01
1.56000000e+00,-1.63271206e-02,-2.79775674e-01,3.94096728e-02,-2.54768948e-02,-9.57930300e+00,0.00000000e+00,1.39390874e-01,2.19268342e-02,1.36603057e+02,2.14882975e+01
1.56200000e+00,-1.68935131e-02,-2.86948355e-01,3.93559122e-02,-2.67291801e-02,-9.57930300e+00,0.00000000e+00,1.64956219e-01,3.16784905e-02,1.61657095e+02,3.10449207e+01
1.56400000e+00,-1.74746998e-02,-2.93799788e-01,3.93023953e-02,-2.85222302e-02,-9.57930300e+00,0.00000000e+00,1.36598783e-01,2.07153398e-02,1.33866807e+02,2.03010330e+01
1.56600000e+00,-1.80678486e-02,-2.99355838e-01,3.92388885e-02,-3.47171189e-02,-9.57930300e+00,0.00000000e+00,1.39505937e-01,2.23509383e-02,1.36715818e+02,2.19039196e+01
1.56800000e+00,-1.86720692e-02,-3.04830992e-01,3.91640635e-02,-4.01070295e-02,-9.57930300e+00,0.00000000e+00,1.39618405e-01,2.23002976e-02,1.36826037e+02,2.18542917e+01
1.57000000e+00,-1.92870342e-02,-3.10098586e-01,3.90785586e-02,-4.53496006e-02,-9.57930300e+00,0.00000000e+00,1.39654257e-01,2.25402138e-02,1.36861172e+02,2.20894096e+01
1.57200000e+00,-1.99124509e-02,-3.15347162e-01,3.89835953e-02,-4.91969904e-02,-9.57930300e+00,0.00000000e+00,1.44258153e-01,2.50948636e-02,1.41372990e+02,2.45929663e+01
1.57400000e+00,-2.05483631e-02,-3.20506079e-01,3.88824752e-02,-5.19876467e-02,-9.57930300e+00,0.00000000e+00,1.42729012e-01,2.46149546e-02,1.39874432e+02,2.41226555e+01
1.57600000e+00,-2.11941699e-02,-3.25207022e-01,3.87750295e-02,-5.57010647e-02,-9.57930300e+00,0.00000000e+00,1.38808805e-01,2.30059078e-02,1.36032629e+02,2.25457897e+01
1.57800000e+00,-2.18488922e-02,-3.29459544e-01,3.86591508e-02,-6.01946827e-02,-9.57930300e+00,0.00000000e+00,1.37577711e-01,2.28136001e-02,1.34826156e+02,2.23573281e+01
1.58000000e+00,-2.25117729e-02,-3.33359417e-01,3.85341077e-02,-6.49028253e-02,-9.57930300e+00,0.00000000e+00,1.35963408e-01,2.23788867e-02,1.33244140e+02,2.19313090e+01
1.58200000e+00,-2.31827267e-02,-3.37854428e-01,3.84021575e-02,-6.56845629e-02,-9.57930300e+00,0.00000000e+00,1.56944412e-01,3.08675048e-02,1.53805524e+02,3.02501547e+01
1.58400000e+00,-2.38629793e-02,-3.42032540e-01,3.82710955e-02,-6.68768095e-02,-9.57930300e+00,0.00000000e+00,1.34092874e-01,2.13298713e-02,1.31411016e+02,2.09032739e+01
1.58600000e+00,-2.45501207e-02,-3.45106556e-01,3.81321622e-02,-7.18009152e-02,-9.57930300e+00,0.00000000e+00,1.36741364e-01,2.28379648e-02,1.34006537e+02,2.23812055e+01
1.58800000e+00,-2.52433189e-02,-3.48050613e-01,3.79843728e-02,-7.60037424e-02,-9.57930300e+00,0.00000000e+00,1.36702653e-01,2.26344177e-02,1.33968600e+02,2.21817293e+01
1.59000000e+00,-2.59421676e-02,-3.50761332e-01,3.78282369e-02,-8.00721221e-02,-9.57930300e+00,0.00000000e+00,1.36982527e-01,2.28988038e-02,1.34242876e+02,2.24408278e+01
1.59200000e+00,-2.66463483e-02,-3.53448125e-01,3.76650510e-02,-8.26906396e-02,-9.57930300e+00,0.00000000e+00,1.41881164e-01,2.54457995e-02,1.39043541e+02,2.49368835e+01
1.59400000e+00,-2.73558860e-02,-3.56023769e-01,3.74981448e-02,-8.43034603e-02,-9.57930300e+00,0.00000000e+00,1.40166608e-01,2.47719476e-02,1.37363276e+02,2.42765087e+01
1.59600000e+00,-2.80701342e-02,-3.58135626e-01,3.73272549e-02,-8.67895827e-02,-9.57930300e+00,0.00000000e+00,1.36865315e-01,2.33695416e-02,1.34128008e+02,2.29021507e+01
1.59800000e+00,-2.87881421e-02,-3.59817881e-01,3.71505959e-02,-8.98616060e-02,-9.57930300e+00,0.00000000e+00,1.35982166e-01,2.32910278e-02,1.33262523e+02,2.28252072e+01
1.60000000e+00,-2.95091826e-02,-3.61165568e-01,3.69677932e-02,-9.29564596e-02,-9.57930300e+00,0.00000000e+00,1.34927643e-01,2.30617312e-02,1.32229090e+02,2.26004965e+01
1.60200000e+00,-3.02330213e-02,-3.62838611e-01,3.67807778e-02,-9.30401754e-02,-9.57930300e+00,0.00000000e+00,1.49487615e-01,2.93446951e-02,1.46497863e+02,2.87578012e+01
1.60400000e+00,-3.09603403e-02,-3.64216605e-01,3.65954424e-02,-9.34087239e-02,-9.57930300e+00,0.00000000e+00,1.33963714e-01,2.21987983e-02,1.31284440e+02,2.17548224e+01
1.60600000e+00,-3.16893361e-02,-3.64767180e-01,3.64053414e-02,-9.64792573e-02,-9.57930300e+00,0.00000000e+00,1.36101730e-01,2.34029923e-02,1.33379695e+02,2.29349324e+01
1.60800000e+00,-3.24192975e-02,-3.65150345e-01,3.62099248e-02,-9.89507616e-02,-9.57930300e+00,0.00000000e+00,1.36008897e-01,2.31779978e-02,1.33288719e+02,2.27144379e+01
1.61000000e+00,-3.31497676e-02,-3.65278727e-01,3.60095890e-02,-1.01346343e-01,-9.57930300e+00,0.00000000e+00,1.36110460e-01,2.32771549e-02,1.33388251e+02,2.28116118e+01
1.61200000e+00,-3.38803513e-02,-3.65315566e-01,3.58052643e-02,-1.02654767e-01,-9.57930300e+00,0.00000000e+00,1.39833632e-01,2.51687147e-02,1.37036959e+02,2.46653404e+01
1.61400000e+00,-3.46109122e-02,-3.65175875e-01,3.55994202e-02,-1.03287890e-01,-9.57930300e+00,0.00000000e+00,1.37949484e-01,2.44007693e-02,1.35190495e+02,2.39127539e+01
1.61600000e+00,-3.53407812e-02,-3.64625737e-01,3.53917079e-02,-1.04528135e-01,-9.57930300e+00,0.00000000e+00,1.36202629e-01,2.35980973e-02,1.33478576e+02,2.31261354e+01
1.61800000e+00,-3.60691830e-02,-3.63727362e-01,3.51811350e-02,-1.06027354e-01,-9.57930300e+00,0.00000000e+00,1.35761737e-01,2.35569818e-02,1.33046502e+02,2.30858422e+01
1.62000000e+00,-3.67954945e-02,-3.62534755e-01,3.49676587e-02,-1.07436387e-01,-9.57930300e+00,0.00000000e+00,1.35260944e-01,2.34830113e-02,1.32555725e+02,2.30133511e+01
1.62200000e+00,-3.75193987e-02,-3.61457240e-01,3.47528109e-02,-1.06713614e-01,-9.57930300e+00,0.00000000e+00,1.44365299e-01,2.77247119e-02,1.41477993e+02,2.71702177e+01
1.62400000e+00,-3.82411647e-02,-3.60141595e-01,3.45407625e-02,-1.06053229e-01,-9.57930300e+00,0.00000000e+00,1.35593144e-01,2.30485691e-02,1.32881281e+02,2.25875977e+01
1.62600000e+00,-3.89595797e-02,-3.58247951e-01,3.43274239e-02,-1.07153832e-01,-9.57930300e+00,0.00000000e+00,1.36731223e-01,2.37241291e-02,1.33996599e+02,2.32496466e+01
1.62800000e+00,-3.96740312e-02,-3.56166499e-01,3.41124318e-02,-1.07827478e-01,-9.57930300e+00,0.00000000e+00,1.37045170e-01,2.36378997e-02,1.34304266e+02,2.31651417e+01
1.63000000e+00,-4.03840830e-02,-3.53840889e-01,3.38961330e-02,-1.08472528e-01,-9.57930300e+00,0.00000000e+00,1.36831553e-01,2.34754157e-02,1.34094922e+02,2.30059074e+01
1.63200000e+00,-4.10893027e-02,-3.51377099e-01,3.36790043e-02,-1.08423827e-01,-9.57930300e+00,0.00000000e+00,1.39583223e-01,2.47839779e-02,1.36791559e+02,2.42882984e+01
1.63400000e+00,-4.17894669e-02,-3.48726608e-01,3.34627477e-02,-1.07910239e-01,-9.57930300e+00,0.00000000e+00,1.38195051e-01,2.41420324e-02,1.35431150e+02,2.36591918e+01
1.63600000e+00,-4.24839929e-02,-3.45751778e-01,3.32471737e-02,-1.07681003e-01,-9.57930300e+00,0.00000000e+00,1.37685812e-01,2.38790614e-02,1.34932096e+02,2.34014802e+01
1.63800000e+00,-4.31722889e-02,-3.42499368e-01,3.30319845e-02,-1.07510472e-01,-9.57930300e+00,0.00000000e+00,1.37340583e-01,2.37113253e-02,1.34593772e+02,2.32370988e+01
1.64000000e+00,-4.38538248e-02,-3.38998653e-01,3.28172165e-02,-1.07213024e-01,-9.57930300e+00,0.00000000e+00,1.37461270e-01,2.38385460e-02,1.34712045e+02,2.33617751e+01
1.64200000e+00,-4.45282580e-02,-3.35459620e-01,3.26039704e-02,-1.05658792e-01,-9.57930300e+00,0.00000000e+00,1.41965329e-01,2.60441969e-02,1.39126022e+02,2.55233129e+01
1.64400000e+00,-4.51955499e-02,-3.31750508e-01,3.23946400e-02,-1.04016466e-01,-9.57930300e+00,0.00000000e+00,1.38949036e-01,2.37236026e-02,1.36170056e+02,2.32491305e+01
1.64600000e+00,-4.58550122e-02,-3.27669749e-01,3.21872618e-02,-1.03338145e-01,-9.57930300e+00,0.00000000e+00,1.38680808e-01,2.37242273e-02,1.35907192e+02,2.32497427e+01
1.64800000e+00,-4.65060897e-02,-3.23380234e-01,3.19814039e-02,-1.02485126e-01,-9.57930300e+00,0.00000000e+00,1.39403263e-01,2.37958754e-02,1.36615198e+02,2.33199579e+01
1.65000000e+00,-4.71483999e-02,-3.18890766e-01,3.17773643e-02,-1.01567569e-01,-9.57930300e+00,0.00000000e+00,1.39269939e-01,2.35678296e-02,1.36484540e+02,2.30964730e+01
1.65200000e+00,-4.77815483e-02,-3.14244631e-01,3.15753780e-02,-1.00283443e-01,-9.57930300e+00,0.00000000e+00,1.40929854e-01,2.42762822e-02,1.38111257e+02,2.37907565e+01
1.65400000e+00,-4.84052736e-02,-3.09441304e-01,3.13764580e-02,-9.86581651e-02,-9.57930300e+00,0.00000000e+00,1.40707842e-01,2.39990643e-02,1.37893685e+02,2.35190830e+01
1.65600000e+00,-4.90191635e-02,-3.04412893e-01,3.11807216e-02,-9.70685045e-02,-9.57930300e+00,0.00000000e+00,1.40701985e-01,2.39212535e-02,1.37887945e+02,2.34428284e+01
1.65800000e+00,-4.96227964e-02,-2.99191309e-01,3.09882566e-02,-9.53698836e-02,-9.57930300e+00,0.00000000e+00,1.41142707e-01,2.39521399e-02,1.38319853e+02,2.34730971e+01
1.66000000e+00,-5.02158146e-02,-2.93798549e-01,3.07993674e-02,-9.34833554e-02,-9.57930300e+00,0.00000000e+00,1.41564910e-01,2.40450738e-02,1.38733611e+02,2.35641724e+01
1.66200000e+00,-5.07979058e-02,-2.88278591e-01,3.06146313e-02,-9.11347364e-02,-9.57930300e+00,0.00000000e+00,1.42944674e-01,2.46572500e-02,1.40085780e+02,2.41641050e+01
1.66400000e+00,-5.13688558e-02,-2.82648905e-01,3.04349802e-02,-8.85585364e-02,-9.57930300e+00,0.00000000e+00,1.43684538e-01,2.42650537e-02,1.40810847e+02,2.37797526e+01
1.66600000e+00,-5.19283914e-02,-2.76854213e-01,3.02602950e-02,-8.61355939e-02,-9.57930300e+00,0.00000000e+00,1.43680102e-01,2.40850193e-02,1.40806500e+02,2.36033189e+01
1.66800000e+00,-5.24761714e-02,-2.70907686e-01,3.00905110e-02,-8.36028190e-02,-9.57930300e+00,0.00000000e+00,1.44632415e-01,2.42520282e-02,1.41739766e+02,2.37669877e+01
1.67000000e+00,-5.30119186e-02,-2.64805915e-01,2.99259109e-02,-8.10292841e-02,-9.57930300e+00,0.00000000e+00,1.44450682e-01,2.39343683e-02,1.41561668e+02,2.34556809e+01
1.67200000e+00,-5.35352976e-02,-2.58557977e-01,2.97664468e-02,-7.83764191e-02,-9.57930300e+00,0.00000000e+00,1.45514800e-01,2.41896773e-02,1.42604504e+02,2.37058838e+01
1.67400000e+00,-5.40460778e-02,-2.52200883e-01,2.96125777e-02,-7.54648639e-02,-9.57930300e+00,0.00000000e+00,1.46095492e-01,2.42563692e-02,1.43173582e+02,2.37712418e+01
1.67600000e+00,-5.45440227e-02,-2.45726068e-01,2.94647025e-02,-7.23805514e-02,-9.57930300e+00,0.00000000e+00,1.46855185e-01,2.43397982e-02,1.43918082e+02,2.38530023e+01
1.67800000e+00,-5.50289094e-02,-2.39142338e-01,2.93231297e-02,-6.91848957e-02,-9.57930300e+00,0.00000000e+00,1.47535490e-01,2.42865306e-02,1.44584780e+02,2.38008000e+01
1.68000000e+00,-5.55005169e-02,-2.32445914e-01,2.91880448e-02,-6.58664399e-02,-9.57930300e+00,0.00000000e+00,1.48098934e-01,2.44032366e-02,1.45136955e+02,2.39151719e+01
1.68200000e+00,-5.59585577e-02,-2.25546435e-01,2.90595480e-02,-6.27218569e-02,-9.57930300e+00,0.00000000e+00,1.46557699e-01,2.37366835e-02,1.43626545e+02,2.32619499e+01
1.68400000e+00,-5.64026709e-02,-2.18599300e-01,2.89373277e-02,-5.93218976e-02,-9.57930300e+00,0.00000000e+00,1.50639254e-01,2.47633558e-02,1.47626469e+02,2.42680887e+01
1.68600000e+00,-5.68329616e-02,-2.11662299e-01,2.88224939e-02,-5.55717636e-02,-9.57930300e+00,0.00000000e+00,1.50335279e-01,2.43060972e-02,1.47328573e+02,2.38199752e+01
1.68800000e+00,-5.72492215e-02,-2.04577440e-01,2.87149106e-02,-5.20166777e-02,-9.57930300e+00,0.00000000e+00,1.50611074e-01,2.41988061e-02,1.47598853e+02,2.37148300e+01
1.69000000e+00,-5.76512054e-02,-1.97393558e-01,2.86144725e-02,-4.83936881e-02,-9.57930300e+00,0.00000000e+00,1.51332154e-01,2.43036766e-02,1.48305511e+02,2.38176030e+01
1.69200000e+00,-5.80387264e-02,-1.90105747e-01,2.85213194e-02,-4.47952488e-02,-9.57930300e+00,0.00000000e+00,1.51375604e-01,2.40127160e-02,1.48348092e+02,2.35324617e+01
1.69400000e+00,-5.84115768e-02,-1.82740544e-01,2.84353027e-02,-4.11799884e-02,-9.57930300e+00,0.00000000e+00,1.52597454e-01,2.42146443e-02,1.49545504e+02,2.37303514e+01
1.69600000e+00,-5.87696417e-02,-1.75304930e-01,2.83566081e-02,-3.75517609e-02,-9.57930300e+00,0.00000000e+00,1.52683522e-01,2.39260171e-02,1.49629851e+02,2.34474968e+01
1.69800000e+00,-5.91127662e-02,-1.67823886e-01,2.82851690e-02,-3.38135918e-02,-9.57930300e+00,0.00000000e+00,1.54367441e-01,2.43418600e-02,1.51280093e+02,2.38550228e+01
1.70000000e+00,-5.94409231e-02,-1.60321660e-01,2.82215036e-02,-2.98507359e-02,-9.57930300e+00,0.00000000e+00,1.54897957e-01,2.43050676e-02,1.51799998e+02,2.38189662e+01
1.70200000e+00,-5.97538455e-02,-1.52508435e-01,2.81651910e-02,-2.67502255e-02,-9.57930300e+00,0.00000000e+00,1.49686212e-01,2.24499660e-02,1.46692488e+02,2.20009667e+01
1.70400000e+00,-6.00509685e-02,-1.44712748e-01,2.81147556e-02,-2.32703916e-02,-9.57930300e+00,0.00000000e+00,1.57765500e-01,2.50279662e-02,1.54610190e+02,2.45274069e+01
1.70600000e+00,-6.03328418e-02,-1.37135021e-01,2.80726987e-02,-1.89067969e-02,-9.57930300e+00,0.00000000e+00,1.57111174e-01,2.42430699e-02,1.53968950e+02,2.37582085e+01
1.70800000e+00,-6.05994406e-02,-1.29455287e-01,2.80388691e-02,-1.49322556e-02,-9.57930300e+00,0.00000000e+00,1.57589490e-01,2.41613883e-02,1.54437701e+02,2.36781605e+01
1.71000000e+00,-6.08506772e-02,-1.21796940e-01,2.80131736e-02,-1.06517429e-02,-9.57930300e+00,0.00000000e+00,1.59693179e-01,2.48468951e-02,1.56499316e+02,2.43499572e+01
1.71200000e+00,-6.10866004e-02,-1.14096698e-01,2.79961661e-02,-6.51510710e-03,-9.57930300e+00,0.00000000e+00,1.58567722e-01,2.38333406e-02,1.55396367e+02,2.33566738e+01
1.71400000e+00,-6.13070600e-02,-1.06390429e-01,2.79871013e-02,-2.39645335e-03,-9.57930300e+00,0.00000000e+00,1.61383558e-01,2.47945823e-02,1.58155887e+02,2.42986906e+01
1.71600000e+00,-6.15121802e-02,-9.87113101e-02,2.79866833e-02,1.87661256e-03,-9.57930300e+00,0.00000000e+00,1.60907900e-01,2.41550691e-02,1.57689742e+02,2.36719678e+01
1.71800000e+00,-6.17018760e-02,-9.09883051e-02,2.79944383e-02,5.89562579e-03,-9.57930300e+00,0.00000000e+00,1.61938119e-01,2.42707706e-02,1.58699356e+02,2.37853552e+01
1.72000000e+00,-6.18761467e-02,-8.32851470e-02,2.80103092e-02,9.97983840e-03,-9.57930300e+00,0.00000000e+00,1.62825740e-01,2.43129303e-02,1.59569225e+02,2.38266717e+01
1.72200000e+00,-6.20347130e-02,-7.51267554e-02,2.80331252e-02,1.22156475e-02,-9.57930300e+00,0.00000000e+00,1.52627608e-01,2.04223975e-02,1.49575056e+02,2.00139496e+01
1.72400000e+00,-6.21766918e-02,-6.70255026e-02,2.80594333e-02,1.48435274e-02,-9.57930300e+00,0.00000000e+00,1.65353706e-01,2.51727043e-02,1.62046632e+02,2.46692502e+01
1.72600000e+00,-6.23031305e-02,-5.93974076e-02,2.80937556e-02,1.93557711e-02,-9.57930300e+00,0.00000000e+00,1.64747275e-01,2.44248197e-02,1.61452330e+02,2.39363233e+01
1.72800000e+00,-6.24142057e-02,-5.16557306e-02,2.81363219e-02,2.30663145e-02,-9.57930300e+00,0.00000000e+00,1.63637841e-01,2.35491700e-02,1.60365084e+02,2.30781866e+01
1.73000000e+00,-6.25097876e-02,-4.39652577e-02,2.81860768e-02,2.68607108e-02,-9.57930300e+00,0.00000000e+00,1.66755590e-01,2.46704268e-02,1.63420478e+02,2.41770183e+01
1.73200000e+00,-6.25900738e-02,-3.62853492e-02,2.82436092e-02,3.04218539e-02,-9.57930300e+00,0.00000000e+00,1.64571300e-01,2.31402050e-02,1.61279874e+02,2.26774009e+01
1.73400000e+00,-6.26549430e-02,-2.86264401e-02,2.83076704e-02,3.38421718e-02,-9.57930300e+00,0.00000000e+00,1.67807271e-01,2.44650374e-02,1.64451126e+02,2.39757366e+01
1.73600000e+00,-6.27046503e-02,-2.10737268e-02,2.83791587e-02,3.75336666e-02,-9.57930300e+00,0.00000000e+00,1.67489385e-01,2.38099789e-02,1.64139597e+02,2.33337793e+01
1.73800000e+00,-6.27392397e-02,-1.35238062e-02,2.84575725e-02,4.08762719e-02,-9.57930300e+00,0.00000000e+00,1.68185742e-01,2.38433719e-02,1.64822027e+02,2.33665044e+01
1.74000000e+00,-6.27587988e-02,-6.05368598e-03,2.85427157e-02,4.42968540e-02,-9.57930300e+00,0.00000000e+00,1.69544338e-01,2.40939013e-02,1.66153451e+02,2.36120233e+01
1.74200000e+00,-6.27630962e-02,1.95383503e-03,2.86330917e-02,4.52155341e-02,-9.57930300e+00,0.00000000e+00,1.55695070e-01,1.87202572e-02,1.52581168e+02,1.83458520e+01
1.74400000e+00,-6.27511256e-02,9.74816298e-03,2.87241598e-02,4.70067174e-02,-9.57930300e+00,0.00000000e+00,1.74461285e-01,2.60551239e-02,1.70972059e+02,2.55340214e+01
1.74600000e+00,-6.27245428e-02,1.68836187e-02,2.88227392e-02,5.12288458e-02,-9.57930300e+00,0.00000000e+00,1.70903089e-01,2.39617787e-02,1.67485027e+02,2.34825431e+01
1.74800000e+00,-6.26835013e-02,2.41538500e-02,2.89282913e-02,5.42752901e-02,-9.57930300e+00,0.00000000e+00,1.71006593e-01,2.37368870e-02,1.67586461e+02,2.32621493e+01
1.75000000e+00,-6.26280335e-02,3.12649293e-02,2.90400921e-02,5.76991780e-02,-9.57930300e+00,0.00000000e+00,1.74198476e-01,2.49124219e-02,1.70714507e+02,2.44141735e+01
1.75200000e+00,-6.25584615e-02,3.83461292e-02,2.91587964e-02,6.06858022e-02,-9.57930300e+00,0.00000000e+00,1.71165605e-01,2.29872983e-02,1.67742293e+02,2.25275523e+01
1.75400000e+00,-6.24747122e-02,4.53325139e-02,2.92828067e-02,6.36294600e-02,-9.57930300e+00,0.00000000e+00,1.75759193e-01,2.49983158e-02,1.72244009e+02,2.44983495e+01
1.75600000e+00,-6.23772471e-02,5.21453043e-02,2.94135525e-02,6.69305547e-02,-9.57930300e+00,0.00000000e+00,1.74454162e-01,2.39229155e-02,1.70965079e+02,2.34444571e+01
1.75800000e+00,-6.22661307e-02,5.89584765e-02,2.95501122e-02,6.96066031e-02,-9.57930300e+00,0.00000000e+00,1.74871062e-01,2.38803265e-02,1.71373641e+02,2.34027199e+01
1.76000000e+00,-6.21414854e-02,6.56633387e-02,2.96919299e-02,7.22090160e-02,-9.57930300e+00,0.00000000e+00,1.75995028e-01,2.39698883e-02,1.72475128e+02,2.34904905e+01
1.76200000e+00,-6.20030290e-02,7.30407250e-02,2.98367431e-02,7.15042218e-02,-9.57930300e+00,0.00000000e+00,1.58054802e-01,1.71452087e-02,1.54893706e+02,1.68023045e+01
1.76400000e+00,-6.18494377e-02,8.02454403e-02,2.99784057e-02,7.14875016e-02,-9.57930300e+00,0.00000000e+00,1.78806739e-01,2.56170807e-02,1.75230604e+02,2.51047391e+01
1.76600000e+00,-6.16826119e-02,8.66031579e-02,3.01247970e-02,7.46264222e-02,-9.57930300e+00,0.00000000e+00,1.76510905e-01,2.39766396e-02,1.72980687e+02,2.34971068e+01
1.76800000e+00,-6.15029525e-02,9.30696994e-02,3.02760126e-02,7.64172854e-02,-9.57930300e+00,0.00000000e+00,1.74823544e-01,2.30027274e-02,1.71327073e+02,2.25426728e+01
1.77000000e+00,-6.13104369e-02,9.93806222e-02,3.04305736e-02,7.83693236e-02,-9.57930300e+00,0.00000000e+00,1.78601771e-01,2.45350430e-02,1.75029735e+02,2.40443422e+01
1.77200000e+00,-6.11055027e-02,1.05582466e-01,3.05893300e-02,8.00816254e-02,-9.57930300e+00,0.00000000e+00,1.75724691e-01,2.27254916e-02,1.72210197e+02,2.22709817e+01
1.77400000e+00,-6.08882042e-02,1.11638550e-01,3.07508890e-02,8.17772538e-02,-9.57930300e+00,0.00000000e+00,1.80258964e-01,2.47302744e-02,1.76653785e+02,2.42356689e+01
1.77600000e+00,-6.06590893e-02,1.17483428e-01,3.09166647e-02,8.38114239e-02,-9.57930300e+00,0.00000000e+00,1.78813517e-01,2.36720067e-02,1.75237247e+02,2.31985666e+01
1.77800000e+00,-6.04182993e-02,1.23285136e-01,3.10856961e-02,8.51876976e-02,-9.57930300e+00,0.00000000e+00,1.79325867e-01,2.35902476e-02,1.75739350e+02,2.31184426e+01
1.78000000e+00,-6.01660513e-02,1.28933093e-01,3.12573827e-02,8.65147676e-02,-9.57930300e+00,0.00000000e+00,1.80370285e-01,2.38134594e-02,1.76762879e+02,2.33371902e+01
1.78200000e+00,-5.99021727e-02,1.35172331e-01,3.14296785e-02,8.47272573e-02,-9.57930300e+00,0.00000000e+00,1.63379615e-01,1.72991756e-02,1.60112023e+02,1.69531921e+01
1.78400000e+00,-5.96254888e-02,1.41221344e-01,3.15967299e-02,8.35967095e-02,-9.57930300e+00,0.00000000e+00,1.82582583e-01,2.54320501e-02,1.78930931e+02,2.49234091e+01
1.78600000e+00,-5.93378234e-02,1.46466224e-01,3.17660432e-02,8.54328857e-02,-9.57930300e+00,0.00000000e+00,1.79843079e-01,2.37673445e-02,1.76246217e+02,2.32919976e+01
1.78800000e+00,-5.90395526e-02,1.51818085e-01,3.19374817e-02,8.57995871e-02,-9.57930300e+00,0.00000000e+00,1.77669657e-01,2.25922988e-02,1.74116264e+02,2.21404528e+01
1.79000000e+00,-5.87306638e-02,1.57000829e-01,3.21093030e-02,8.62583413e-02,-9.57930300e+00,0.00000000e+00,1.81294801e-01,2.42059318e-02,1.77668905e+02,2.37218132e+01
1.79200000e+00,-5.84116351e-02,1.62054794e-01,3.22823027e-02,8.63985427e-02,-9.57930300e+00,0.00000000e+00,1.78095074e-01,2.21706011e-02,1.74533173e+02,2.17271891e+01
1.79400000e+00,-5.80825478e-02,1.66953991e-01,3.24548014e-02,8.63950420e-02,-9.57930300e+00,0.00000000e+00,1.82245212e-01,2.41508497e-02,1.78600307e+02,2.36678327e+01
1.79600000e+00,-5.77439828e-02,1.71607743e-01,3.26281599e-02,8.68071993e-02,-9.57930300e+00,0.00000000e+00,1.81085679e-01,2.32904906e-02,1.77463965e+02,2.28246808e+01
1.79800000e+00,-5.73961686e-02,1.76183918e-01,3.28016710e-02,8.66805834e-02,-9.57930300e+00,0.00000000e+00,1.81237456e-01,2.32678793e-02,1.77612706e+02,2.28025217e+01
1.80000000e+00,-5.70393708e-02,1.80574624e-01,3.29749246e-02,8.66175170e-02,-9.57930300e+00,0.00000000e+00,1.82525045e-01,2.36714303e-02,1.78874544e+02,2.31980017e+01
1.80200000e+00,-5.66735099e-02,1.85505599e-01,3.31461342e-02,8.35446246e-02,-9.57930300e+00,0.00000000e+00,1.65645407e-01,1.71956619e-02,1.62332499e+02,1.68517486e+01
1.80400000e+00,-5.62974692e-02,1.90255430e-01,3.33095002e-02,8.10669795e-02,-9.57930300e+00,0.00000000e+00,1.83708717e-01,2.51557548e-02,1.80034543e+02,2.46526397e+01
1.80600000e+00,-5.59130180e-02,1.94210570e-01,3.34723766e-02,8.15510214e-02,-9.57930300e+00,0.00000000e+00,1.81092928e-01,2.36446248e-02,1.77471069e+02,2.31717323e+01
1.80800000e+00,-5.55205531e-02,1.98276333e-01,3.36346832e-02,8.05035703e-02,-9.57930300e+00,0.00000000e+00,1.77936456e-01,2.21733399e-02,1.74377727e+02,2.17298731e+01
1.81000000e+00,-5.51200311e-02,2.02164371e-01,3.37944809e-02,7.95910356e-02,-9.57930300e+00,0.00000000e+00,1.81992528e-01,2.41565906e-02,1.78352677e+02,2.36734588e+01
1.81200000e+00,-5.47120036e-02,2.05890515e-01,3.39529533e-02,7.85375175e-02,-9.57930300e+00,0.00000000e+00,1.78403749e-01,2.21040944e-02,1.74835674e+02,2.16620125e+01
1.81400000e+00,-5.42965814e-02,2.09448250e-01,3.41085647e-02,7.73844571e-02,-9.57930300e+00,0.00000000e+00,1.82551458e-01,2.41705506e-02,1.78900428e+02,2.36871396e+01
1.81600000e+00,-5.38743915e-02,2.12734683e-01,3.42628049e-02,7.67021755e-02,-9.57930300e+00,0.00000000e+00,1.81310374e-01,2.33128189e-02,1.77684166e+02,2.28465626e+01
1.81800000e+00,-5.34457027e-02,2.15931018e-01,3.44150146e-02,7.54817138e-02,-9.57930300e+00,0.00000000e+00,1.81170418e-01,2.32588395e-02,1.77547010e+02,2.27936627e+01
1.82000000e+00,-5.30107986e-02,2.18930567e-01,3.45647986e-02,7.43613770e-02,-9.57930300e+00,0.00000000e+00,1.82370930e-01,2.37374399e-02,1.78723511e+02,2.32626911e+01
1.82200000e+00,-5.25697021e-02,2.22347548e-01,3.47107513e-02,7.06782625e-02,-9.57930300e+00,0.00000000e+00,1.67828578e-01,1.80892000e-02,1.64472007e+02,1.77274160e+01
1.82400000e+00,-5.21215099e-02,2.25612379e-01,3.48477613e-02,6.73694453e-02,-9.57930300e+00,0.00000000e+00,1.82281808e-01,2.47205931e-02,1.78636172e+02,2.42261812e+01
1.82600000e+00,-5.16676934e-02,2.28216092e-01,3.49818234e-02,6.64520236e-02,-9.57930300e+00,0.00000000e+00,1.79583105e-01,2.33005362e-02,1.75991443e+02,2.28345255e+01
1.82800000e+00,-5.12085944e-02,2.30896426e-01,3.51126833e-02,6.42055789e-02,-9.57930300e+00,0.00000000e+00,1.76754522e-01,2.21187488e-02,1.73219432e+02,2.16763738e+01
1.83000000e+00,-5.07442408e-02,2.33377156e-01,3.52388028e-02,6.21947256e-02,-9.57930300e+00,0.00000000e+00,1.80467152e-01,2.39761492e-02,1.76857809e+02,2.34966262e+01
1.83200000e+00,-5.02751707e-02,2.35730467e-01,3.53612586e-02,5.98784985e-02,-9.57930300e+00,0.00000000e+00,1.75912245e-01,2.16534947e-02,1.72394000e+02,2.12204248e+01
1.83400000e+00,-4.98014077e-02,2.37950544e-01,3.54781693e-02,5.73408973e-02,-9.57930300e+00,0.00000000e+00,1.79722443e-01,2.36796616e-02,1.76127994e+02,2.32060684e+01
1.83600000e+00,-4.93235488e-02,2.39900285e-01,3.55909796e-02,5.53395215e-02,-9.57930300e+00,0.00000000e+00,1.78336380e-01,2.29409540e-02,1.74769653e+02,2.24821350e+01
1.83800000e+00,-4.88418455e-02,2.41791693e-01,3.56991203e-02,5.27276422e-02,-9.57930300e+00,0.00000000e+00,1.77161016e-01,2.25537369e-02,1.73617796e+02,2.21026621e+01
1.84000000e+00,-4.83565273e-02,2.43465191e-01,3.58020803e-02,5.04009071e-02,-9.57930300e+00,0.00000000e+00,1.79473646e-01,2.36875762e-02,1.75884173e+02,2.32138247e+01
1.84200000e+00,-4.78678427e-02,2.45351715e-01,3.58995944e-02,4.63802022e-02,-9.57930300e+00,0.00000000e+00,1.68201089e-01,1.91387398e-02,1.64837067e+02,1.87559650e+01
1.84400000e+00,-4.73751931e-02,2.47129295e-01,3.59877286e-02,4.25504906e-02,-9.57930300e+00,0.00000000e+00,1.78005668e-01,2.42162654e-02,1.74445555e+02,2.37319401e+01
1.84600000e+00,-4.68796653e-02,2.48397154e-01,3.60710609e-02,4.06174447e-02,-9.57930300e+00,0.00000000e+00,1.76071977e-01,2.32396121e-02,1.72550537e+02,2.27748198e+01
1.84800000e+00,-4.63815786e-02,2.49703765e-01,3.61494736e-02,3.75973369e-02,-9.57930300e+00,0.00000000e+00,1.73039414e-01,2.20476907e-02,1.69578625e+02,2.16067369e+01
1.85000000e+00,-4.58809645e-02,2.50838961e-01,3.62215577e-02,3.47383801e-02,-9.57930300e+00,0.00000000e+00,1.75995759e-01,2.36821153e-02,1.72475844e+02,2.32084730e+01
1.85200000e+00,-4.53783063e-02,2.51848919e-01,3.62883156e-02,3.17122329e-02,-9.57930300e+00,0.00000000e+00,1.71866567e-01,2.17932361e-02,1.68429236e+02,2.13573714e+01
1.85400000e+00,-4.48736452e-02,2.52744406e-01,3.63482772e-02,2.84918620e-02,-9.57930300e+00,0.00000000e+00,1.74554869e-01,2.33615121e-02,1.71063771e+02,2.28942819e+01
1.85600000e+00,-4.43674860e-02,2.53403823e-01,3.64025810e-02,2.57184702e-02,-9.57930300e+00,0.00000000e+00,1.73253758e-01,2.28101166e-02,1.69788683e+02,2.23539143e+01
1.85800000e+00,-4.38600984e-02,2.53960498e-01,3.64509464e-02,2.26380589e-02,-9.57930300e+00,0.00000000e+00,1.72816080e-01,2.27874250e-02,1.69359759e+02,2.23316765e+01
1.86000000e+00,-4.33517635e-02,2.54337999e-01,3.64932389e-02,1.97160180e-02,-9.57930300e+00,0.00000000e+00,1.73292596e-01,2.32041718e-02,1.69826744e+02,2.27400884e+01
1.86200000e+00,-4.28426844e-02,2.54808429e-01,3.65290586e-02,1.56664016e-02,-9.57930300e+00,0.00000000e+00,1.66490473e-01,2.04732880e-02,1.63160664e+02,2.00638223e+01
1.86400000e+00,-4.23326097e-02,2.55159022e-01,3.65560647e-02,1.18570431e-02,-9.57930300e+00,0.00000000e+00,1.71930867e-01,2.37488195e-02,1.68492249e+02,2.32738431e+01
1.86600000e+00,-4.18222674e-02,2.55181001e-01,3.65772598e-02,9.20705171e-03,-9.57930300e+00,0.00000000e+00,1.70003360e-01,2.29381080e-02,1.66603293e+02,2.24793458e+01
1.86800000e+00,-4.13118905e-02,2.55195764e-01,3.65924001e-02,5.81783645e-03,-9.57930300e+00,0.00000000e+00,1.67933197e-01,2.22201529e-02,1.64574533e+02,2.17757498e+01
1.87000000e+00,-4.08016149e-02,2.55014817e-01,3.66007827e-02,2.80594928e-03,-9.57930300e+00,0.00000000e+00,1.70410599e-01,2.37434231e-02,1.67002387e+02,2.32685547e+01
1.87200000e+00,-4.02919148e-02,2.54708526e-01,3.66036092e-02,-2.27887865e-04,-9.57930300e+00,0.00000000e+00,1.66699982e-01,2.21792547e-02,1.63365982e+02,2.17356696e+01
1.87400000e+00,-3.97828475e-02,2.54302140e-01,3.65997558e-02,-3.43481839e-03,-9.57930300e+00,0.00000000e+00,1.68592488e-01,2.33759817e-02,1.65220638e+02,2.29084621e+01
1.87600000e+00,-3.92748367e-02,2.53700071e-01,3.65900736e-02,-6.33618757e-03,-9.57930300e+00,0.00000000e+00,1.67123123e-01,2.28079447e-02,1.63780660e+02,2.23517858e+01
1.87800000e+00,-3.87681009e-02,2.53017416e-01,3.65742705e-02,-9.44834288e-03,-9.57930300e+00,0.00000000e+00,1.66336213e-01,2.29122433e-02,1.63009489e+02,2.24539984e+01
1.88000000e+00,-3.82628350e-02,2.52232877e-01,3.65522658e-02,-1.25821783e-02,-9.57930300e+00,0.00000000e+00,1.65376154e-01,2.27322715e-02,1.62068631e+02,2.22776261e+01
1.88200000e+00,-3.77591444e-02,2.51485910e-01,3.65234639e-02,-1.64327273e-02,-9.57930300e+00,0.00000000e+00,1.61343308e-01,2.13681996e-02,1.58116442e+02,2.09408356e+01
1.88400000e+00,-3.72569394e-02,2.50666788e-01,3.64865964e-02,-2.01911613e-02,-9.57930300e+00,0.00000000e+00,1.62959487e-01,2.28745865e-02,1.59700297e+02,2.24170948e+01
1.88600000e+00,-3.67566041e-02,2.49657368e-01,3.64430751e-02,-2.33858597e-02,-9.57930300e+00,0.00000000e+00,1.61701609e-01,2.24905893e-02,1.58467577e+02,2.20407775e+01
1.88800000e+00,-3.62583543e-02,2.48581348e-01,3.63928831e-02,-2.68352623e-02,-9.57930300e+00,0.00000000e+00,1.60444051e-01,2.22696554e-02,1.57235170e+02,2.18242623e+01
1.89000000e+00,-3.57624253e-02,2.47285399e-01,3.63361529e-02,-2.96564377e-02,-9.57930300e+00,0.00000000e+00,1.62787357e-01,2.37294448e-02,1.59531610e+02,2.32548559e+01
1.89200000e+00,-3.52693011e-02,2.45856907e-01,3.62743456e-02,-3.23451762e-02,-9.57930300e+00,0.00000000e+00,1.59509790e-01,2.24603626e-02,1.56319594e+02,2.20111553e+01
1.89400000e+00,-3.47790203e-02,2.44394474e-01,3.62065391e-02,-3.53836671e-02,-9.57930300e+00,0.00000000e+00,1.59572341e-01,2.28997195e-02,1.56380894e+02,2.24417251e+01
1.89600000e+00,-3.42918193e-02,2.42787958e-01,3.61330015e-02,-3.81363432e-02,-9.57930300e+00,0.00000000e+00,1.58893006e-01,2.29563651e-02,1.55715146e+02,2.24972378e+01
1.89800000e+00,-3.38079331e-02,2.41084543e-01,3.60539953e-02,-4.08865514e-02,-9.57930300e+00,0.00000000e+00,1.57879619e-01,2.27931496e-02,1.54722027e+02,2.23372866e+01
1.90000000e+00,-3.33275167e-02,2.39327697e-01,3.59693081e-02,-4.38575926e-02,-9.57930300e+00,0.00000000e+00,1.56212627e-01,2.23730438e-02,1.53088375e+02,2.19255830e+01
1.90200000e+00,-3.28506581e-02,2.37517190e-01,3.58784604e-02,-4.69854074e-02,-9.57930300e+00,0.00000000e+00,1.55233466e-01,2.23355778e-02,1.52128797e+02,2.18888663e+01
1.90400000e+00,-3.23775168e-02,2.35603395e-01,3.57815205e-02,-4.98821249e-02,-9.57930300e+00,0.00000000e+00,1.54756097e-01,2.27208437e-02,1.51660975e+02,2.22664269e+01
1.90600000e+00,-3.19083159e-02,2.33582557e-01,3.56790686e-02,-5.25738249e-02,-9.57930300e+00,0.00000000e+00,1.53896384e-01,2.26206470e-02,1.50818456e+02,2.21682341e+01
1.90800000e+00,-3.14432363e-02,2.31487238e-01,3.55712029e-02,-5.52990586e-02,-9.57930300e+00,0.00000000e+00,1.52691422e-01,2.24974718e-02,1.49637593e+02,2.20475224e+01
1.91000000e+00,-3.09824375e-02,2.29286139e-01,3.54580120e-02,-5.78149129e-02,-9.57930300e+00,0.00000000e+00,1.52597708e-01,2.28994919e-02,1.49545754e+02,2.24415021e+01
1.91200000e+00,-3.05261497e-02,2.26998058e-01,3.53400042e-02,-6.02392850e-02,-9.57930300e+00,0.00000000e+00,1.50989806e-01,2.25218810e-02,1.47970009e+02,2.20714434e+01
1.91400000e+00,-3.00744886e-02,2.24644963e-01,3.52170382e-02,-6.26886789e-02,-9.57930300e+00,0.00000000e+00,1.50420366e-01,2.26723205e-02,1.47411958e+02,2.22188741e+01
1.91600000e+00,-2.96276328e-02,2.22197390e-01,3.50893553e-02,-6.49792934e-02,-9.57930300e+00,0.00000000e+00,1.49539772e-01,2.26736964e-02,1.46548977e+02,2.22202225e+01
1.91800000e+00,-2.91857465e-02,2.19678545e-01,3.49571393e-02,-6.72424979e-02,-9.57930300e+00,0.00000000e+00,1.48468330e-01,2.25418953e-02,1.45498963e+02,2.20910574e+01
1.92000000e+00,-2.87489738e-02,2.17076956e-01,3.48204473e-02,-6.94128218e-02,-9.57930300e+00,0.00000000e+00,1.47897226e-01,2.26742796e-02,1.44939281e+02,2.22207940e+01
1.92200000e+00,-2.83175171e-02,2.14357760e-01,3.46796974e-02,-7.12690914e-02,-9.57930300e+00,0.00000000e+00,1.47683401e-01,2.30008097e-02,1.44729733e+02,2.25407935e+01
1.92400000e+00,-2.78916096e-02,2.11538335e-01,3.45354735e-02,-7.29714882e-02,-9.57930300e+00,0.00000000e+00,1.46751067e-01,2.27919127e-02,1.43816046e+02,2.23360745e+01
1.92600000e+00,-2.74714031e-02,2.08659953e-01,3.43877811e-02,-7.47193888e-02,-9.57930300e+00,0.00000000e+00,1.45619077e-01,2.26950221e-02,1.42706696e+02,2.22411216e+01
1.92800000e+00,-2.70570289e-02,2.05692904e-01,3.42367265e-02,-7.62714989e-02,-9.57930300e+00,0.00000000e+00,1.45428317e-01,2.29877446e-02,1.42519751e+02,2.25279897e+01
1.93000000e+00,-2.66486816e-02,2.02650670e-01,3.40827687e-02,-7.77132403e-02,-9.57930300e+00,0.00000000e+00,1.44030107e-01,2.27073238e-02,1.41149505e+02,2.22531773e+01
1.93200000e+00,-2.62464758e-02,1.99534122e-01,3.39259511e-02,-7.90386202e-02,-9.57930300e+00,0.00000000e+00,1.43868877e-01,2.30085303e-02,1.40991500e+02,2.25483597e+01
1.93400000e+00,-2.58506001e-02,1.96335143e-01,3.37667382e-02,-8.01779906e-02,-9.57930300e+00,0.00000000e+00,1.42711651e-01,2.28707745e-02,1.39857418e+02,2.24133590e+01
1.93600000e+00,-2.54611692e-02,1.93085218e-01,3.36052778e-02,-8.12594217e-02,-9.57930300e+00,0.00000000e+00,1.41867079e-01,2.28999382e-02,1.39029737e+02,2.24419394e+01
1.93800000e+00,-2.50783078e-02,1.89762410e-01,3.34417908e-02,-8.22055282e-02,-9.57930300e+00,0.00000000e+00,1.41275844e-01,2.29216630e-02,1.38450327e+02,2.24632298e+01
1.94000000e+00,-2.47021651e-02,1.86371253e-01,3.32765602e-02,-8.29948986e-02,-9.57930300e+00,0.00000000e+00,1.40379840e-01,2.29932184e-02,1.37572244e+02,2.25333541e+01
1.94200000e+00,-2.43328792e-02,1.82895473e-01,3.31099908e-02,-8.35147955e-02,-9.57930300e+00,0.00000000e+00,1.40224592e-01,2.32495687e-02,1.37420101e+02,2.27845774e+01
1.94400000e+00,-2.39706509e-02,1.79318102e-01,3.29425825e-02,-8.39123948e-02,-9.57930300e+00,0.00000000e+00,1.39782220e-01,2.30109210e-02,1.36986575e+02,2.25507026e+01
1.94600000e+00,-2.36156363e-02,1.75696408e-01,3.27742754e-02,-8.44087284e-02,-9.57930300e+00,0.00000000e+00,1.38347463e-01,2.28020833e-02,1.35580514e+02,2.23460417e+01
1.94800000e+00,-2.32679094e-02,1.72008540e-01,3.26050613e-02,-8.47345964e-02,-9.57930300e+00,0.00000000e+00,1.38474990e-01,2.31271561e-02,1.35705490e+02,2.26646130e+01
1.95000000e+00,-2.29276376e-02,1.68267468e-01,3.24353756e-02,-8.50027024e-02,-9.57930300e+00,0.00000000e+00,1.36797667e-01,2.26810060e-02,1.34061714e+02,2.22273859e+01
1.95200000e+00,-2.25948799e-02,1.64465808e-01,3.22651571e-02,-8.51108786e-02,-9.57930300e+00,0.00000000e+00,1.37158963e-01,2.32197668e-02,1.34415784e+02,2.27553714e+01
1.95400000e+00,-2.22698360e-02,1.60571785e-01,3.20951627e-02,-8.48731101e-02,-9.57930300e+00,0.00000000e+00,1.36286665e-01,2.31642025e-02,1.33560932e+02,2.27009185e+01
1.95600000e+00,-2.19526149e-02,1.56644627e-01,3.19256997e-02,-8.45828454e-02,-9.57930300e+00,0.00000000e+00,1.35327664e-01,2.30877507e-02,1.32621111e+02,2.26259957e+01
1.95800000e+00,-2.16432751e-02,1.52691109e-01,3.17568402e-02,-8.42792592e-02,-9.57930300e+00,0.00000000e+00,1.34361281e-01,2.29508114e-02,1.31674056e+02,2.24917952e+01
1.96000000e+00,-2.13418809e-02,1.48691870e-01,3.15886718e-02,-8.38419023e-02,-9.57930300e+00,0.00000000e+00,1.33919404e-01,2.31281361e-02,1.31241016e+02,2.26655734e+01
1.96200000e+00,-2.10485649e-02,1.44606687e-01,3.14217171e-02,-8.30378782e-02,-9.57930300e+00,0.00000000e+00,1.33958556e-01,2.34816418e-02,1.31279385e+02,2.30120090e+01
1.96400000e+00,-2.07635073e-02,1.40441911e-01,3.12565247e-02,-8.22272267e-02,-9.57930300e+00,0.00000000e+00,1.33435315e-01,2.29056974e-02,1.30766609e+02,2.24475835e+01
1.96600000e+00,-2.04868287e-02,1.36229917e-01,3.10927222e-02,-8.15454747e-02,-9.57930300e+00,0.00000000e+00,1.32786143e-01,2.29768118e-02,1.30130420e+02,2.25172756e+01
1.96800000e+00,-2.02186558e-02,1.31915606e-01,3.09305990e-02,-8.04794910e-02,-9.57930300e+00,0.00000000e+00,1.33619522e-01,2.34802009e-02,1.30947132e+02,2.30105969e+01
1.97000000e+00,-1.99591953e-02,1.27557714e-01,3.07708233e-02,-7.93849734e-02,-9.57930300e+00,0.00000000e+00,1.31668653e-01,2.28079704e-02,1.29035280e+02,2.23518110e+01
1.97200000e+00,-1.97084729e-02,1.23127964e-01,3.06132576e-02,-7.79928731e-02,-9.57930300e+00,0.00000000e+00,1.33233988e-01,2.38792421e-02,1.30569308e+02,2.34016573e+01
1.97400000e+00,-1.94667649e-02,1.18576161e-01,3.04592302e-02,-7.60331701e-02,-9.57930300e+00,0.00000000e+00,1.32529017e-01,2.37785307e-02,1.29878437e+02,2.33029601e+01
1.97600000e+00,-1.92341615e-02,1.14034374e-01,3.03090234e-02,-7.42255948e-02,-9.57930300e+00,0.00000000e+00,1.31082600e-01,2.33445857e-02,1.28460948e+02,2.28776940e+01
1.97800000e+00,-1.90106263e-02,1.09494230e-01,3.01622804e-02,-7.24892112e-02,-9.57930300e+00,0.00000000e+00,1.30647313e-01,2.34187692e-02,1.28034367e+02,2.29503938e+01
1.98000000e+00,-1.87962137e-02,1.04910444e-01,3.00192029e-02,-7.05484602e-02,-9.57930300e+00,0.00000000e+00,1.30333431e-01,2.35683809e-02,1.27726763e+02,2.30970133e+01
1.98200000e+00,-1.85910087e-02,1.00290354e-01,2.98801719e-02,-6.84796918e-02,-9.57930300e+00,0.00000000e+00,1.29801641e-01,2.34880190e-02,1.27205608e+02,2.30182586e+01
1.98400000e+00,-1.83950645e-02,9.56519673e-02,2.97450686e-02,-6.67341145e-02,-9.57930300e+00,0.00000000e+00,1.29142524e-01,2.26962399e-02,1.26559674e+02,2.22423151e+01
1.98600000e+00,-1.82084506e-02,9.09388980e-02,2.96132520e-02,-6.49636789e-02,-9.57930300e+00,0.00000000e+00,1.30004248e-01,2.33512131e-02,1.27404163e+02,2.28841888e+01
1.98800000e+00,-1.80313912e-02,8.61024562e-02,2.94855615e-02,-6.26717990e-02,-9.57930300e+00,0.00000000e+00,1.30560360e-01,2.36074243e-02,1.27949153e+02,2.31352758e+01
1.99000000e+00,-1.78640371e-02,8.12715971e-02,2.93624427e-02,-6.05629916e-02,-9.57930300e+00,0.00000000e+00,1.28487842e-01,2.27901516e-02,1.25918085e+02,2.23343486e+01
1.99200000e+00,-1.77063803e-02,7.63275202e-02,2.92436907e-02,-5.78825887e-02,-9.57930300e+00,0.00000000e+00,1.31899021e-01,2.46365892e-02,1.29261040e+02,2.41438574e+01
1.99400000e+00,-1.75588383e-02,7.12164722e-02,2.91314804e-02,-5.43501676e-02,-9.57930300e+00,0.00000000e+00,1.31164218e-01,2.44167879e-02,1.28540933e+02,2.39284522e+01
1.99600000e+00,-1.74214689e-02,6.61735667e-02,2.90260158e-02,-5.12290815e-02,-9.57930300e+00,0.00000000e+00,1.29164664e-01,2.36212119e-02,1.26581371e+02,2.31487876e+01
1.99800000e+00,-1.72940991e-02,6.11979987e-02,2.89263175e-02,-4.84778767e-02,-9.57930300e+00,0.00000000e+00,1.28530647e-01,2.34968538e-02,1.25960034e+02,2.30269168e+01
2.00000000e+00,-1.71766895e-02,5.62035882e-02,2.88321936e-02,-4.55927877e-02,-9.57930300e+00,0.00000000e+00,1.28626165e-01,2.37666165e-02,1.26053642e+02,2.32912842e+01
2.00200000e+00,-1.70692650e-02,5.12387988e-02,2.87438605e-02,-4.28364914e-02,-9.57930300e+00,0.00000000e+00,1.26941210e-01,2.30991633e-02,1.24402385e+02,2.26371801e+01
2.00400000e+00,-1.69717172e-02,4.62996538e-02,2.86604958e-02,-4.06078872e-02,-9.57930300e+00,0.00000000e+00,1.27210495e-01,2.25389553e-02,1.24666285e+02,2.20881762e+01
2.00600000e+00,-1.68841445e-02,4.12434790e-02,2.85815647e-02,-3.81755772e-02,-9.57930300e+00,0.00000000e+00,1.28940487e-01,2.34130510e-02,1.26361677e+02,2.29447900e+01
2.00800000e+00,-1.68068557e-02,3.60187385e-02,2.85082787e-02,-3.50154270e-02,-9.57930300e+00,0.00000000e+00,1.30497283e-01,2.39607477e-02,1.27887337e+02,2.34815328e+01
2.01000000e+00,-1.67400645e-02,3.08014209e-02,2.84413699e-02,-3.20549427e-02,-9.57930300e+00,0.00000000e+00,1.28200385e-01,2.28970934e-02,1.25636378e+02,2.24391515e+01
2.01200000e+00,-1.66837386e-02,2.54511647e-02,2.83805364e-02,-2.83785062e-02,-9.57930300e+00,0.00000000e+00,1.33122363e-01,2.53752902e-02,1.30459916e+02,2.48677844e+01
2.01400000e+00,-1.66383948e-02,1.98985835e-02,2.83285869e-02,-2.36056242e-02,-9.57930300e+00,0.00000000e+00,1.32535345e-01,2.51223583e-02,1.29884638e+02,2.46199111e+01
2.01600000e+00,-1.66040661e-02,1.44632678e-02,2.82856812e-02,-1.94816728e-02,-9.57930300e+00,0.00000000e+00,1.30079624e-01,2.39501328e-02,1.27478032e+02,2.34711301e+01
2.01800000e+00,-1.65804499e-02,9.16560251e-03,2.82501963e-02,-1.60534998e-02,-9.57930300e+00,0.00000000e+00,1.29104359e-01,2.36098059e-02,1.26522272e+02,2.31376098e+01
2.02000000e+00,-1.65673860e-02,3.89446197e-03,2.82214453e-02,-1.26582090e-02,-9.57930300e+00,0.00000000e+00,1.29331668e-01,2.38386701e-02,1.26745035e+02,2.33618967e+01
2.02200000e+00,-1.65648220e-02,-1.30160658e-03,2.81993737e-02,-9.54746296e-03,-9.57930300e+00,0.00000000e+00,1.27307869e-01,2.29796910e-02,1.24761711e+02,2.25200972e+01
2.02400000e+00,-1.65725440e-02,-6.42502775e-03,2.81827782e-02,-7.15247152e-03,-9.57930300e+00,0.00000000e+00,1.27676236e-01,2.23115721e-02,1.25122711e+02,2.18653406e+01
2.02600000e+00,-1.65905897e-02,-1.16497241e-02,2.81708637e-02,-4.60770884e-03,-9.57930300e+00,0.00000000e+00,1.29800505e-01,2.32760647e-02,1.27204495e+02,2.28105434e+01
2.02800000e+00,-1.66192629e-02,-1.70543250e-02,2.81649027e-02,-1.23008678e-03,-9.57930300e+00,0.00000000e+00,1.32092262e-01,2.40499010e-02,1.29450416e+02,2.35689030e+01
2.03000000e+00,-1.66587947e-02,-2.24404708e-02,2.81658062e-02,1.94185311e-03,-9.57930300e+00,0.00000000e+00,1.29669831e-01,2.28442554e-02,1.27076435e+02,2.23873703e+01
2.03200000e+00,-1.67091098e-02,-2.79541737e-02,2.81731607e-02,5.84954408e-03,-9.57930300e+00,0.00000000e+00,1.35461491e-01,2.56033333e-02,1.32752261e+02,2.50912666e+01
2.03400000e+00,-1.67707687e-02,-3.37039414e-02,2.81900669e-02,1.10508500e-02,-9.57930300e+00,0.00000000e+00,1.35665902e-01,2.55815815e-02,1.32952584e+02,2.50699498e+01
2.03600000e+00,-1.68438319e-02,-3.93132257e-02,2.82168698e-02,1.55108033e-02,-9.57930300e+00,0.00000000e+00,1.32752121e-01,2.40836039e-02,1.30097078e+02,2.36019318e+01
2.03800000e+00,-1.69278902e-02,-4.47253715e-02,2.82514722e-02,1.90140629e-02,-9.57930300e+00,0.00000000e+00,1.31723315e-01,2.36214508e-02,1.29088849e+02,2.31490218e+01
2.04000000e+00,-1.70226914e-02,-5.00746122e-02,2.82928160e-02,2.23522965e-02,-9.57930300e+00,0.00000000e+00,1.32034244e-01,2.37949230e-02,1.29393559e+02,2.33190245e+01
2.04200000e+00,-1.71281284e-02,-5.53335388e-02,2.83406648e-02,2.53656591e-02,-9.57930300e+00,0.00000000e+00,1.30452045e-01,2.30066184e-02,1.27843004e+02,2.25464860e+01
2.04400000e+00,-1.72439665e-02,-6.05039031e-02,2.83937866e-02,2.76411249e-02,-9.57930300e+00,0.00000000e+00,1.30889286e-01,2.23209891e-02,1.28271501e+02,2.18745694e+01
2.04600000e+00,-1.73701919e-02,-6.57459981e-02,2.84512592e-02,2.99614675e-02,-9.57930300e+00,0.00000000e+00,1.33137316e-01,2.31820246e-02,1.30474570e+02,2.27183841e+01
2.04800000e+00,-1.75070610e-02,-7.11538359e-02,2.85141587e-02,3.30710460e-02,-9.57930300e+00,0.00000000e+00,1.35857607e-01,2.40662377e-02,1.33140455e+02,2.35849130e+01
2.05000000e+00,-1.76547839e-02,-7.65266417e-02,2.85833683e-02,3.59179695e-02,-9.57930300e+00,0.00000000e+00,1.33502509e-01,2.27283303e-02,1.30832459e+02,2.22737637e+01
2.05200000e+00,-1.78132365e-02,-8.20028304e-02,2.86582744e-02,3.94304317e-02,-9.57930300e+00,0.00000000e+00,1.39544845e-01,2.55689600e-02,1.36753948e+02,2.50575808e+01
2.05400000e+00,-1.79829386e-02,-8.76940890e-02,2.87419439e-02,4.42237423e-02,-9.57930300e+00,0.00000000e+00,1.39890196e-01,2.55343982e-02,1.37092392e+02,2.50237102e+01
2.05600000e+00,-1.81638979e-02,-9.32128612e-02,2.88346186e-02,4.81910658e-02,-9.57930300e+00,0.00000000e+00,1.36968773e-01,2.39658788e-02,1.34229397e+02,2.34865612e+01
2.05800000e+00,-1.83556316e-02,-9.84940135e-02,2.89339850e-02,5.10736845e-02,-9.57930300e+00,0.00000000e+00,1.35881158e-01,2.33983352e-02,1.33163535e+02,2.29303685e+01
2.06000000e+00,-1.85577970e-02,-1.03659746e-01,2.90386684e-02,5.35889188e-02,-9.57930300e+00,0.00000000e+00,1.35900906e-01,2.33432510e-02,1.33182887e+02,2.28763860e+01
2.06200000e+00,-1.87701980e-02,-1.08716562e-01,2.91481014e-02,5.57453169e-02,-9.57930300e+00,0.00000000e+00,1.35049245e-01,2.28005500e-02,1.32348260e+02,2.23445390e+01
2.06400000e+00,-1.89926058e-02,-1.13687169e-01,2.92612362e-02,5.72815311e-02,-9.57930300e+00,0.00000000e+00,1.35681677e-01,2.22024340e-02,1.32968044e+02,2.17583853e+01
2.06600000e+00,-1.92249785e-02,-1.18705611e-01,2.93772585e-02,5.88640866e-02,-9.57930300e+00,0.00000000e+00,1.38043520e-01,2.30629710e-02,1.35282649e+02,2.26017116e+01
2.06800000e+00,-1.94675118e-02,-1.23849374e-01,2.94971365e-02,6.11125788e-02,-9.57930300e+00,0.00000000e+00,1.40569087e-01,2.37706128e-02,1.37757706e+02,2.32952006e+01
2.07000000e+00,-1.97203471e-02,-1.28949754e-01,2.96215490e-02,6.31214822e-02,-9.57930300e+00,0.00000000e+00,1.39072753e-01,2.27369133e-02,1.36291298e+02,2.22821750e+01
2.07200000e+00,-1.99833756e-02,-1.34147346e-01,2.97500840e-02,6.58225577e-02,-9.57930300e+00,0.00000000e+00,1.44966913e-01,2.54061688e-02,1.42067574e+02,2.48980454e+01
2.07400000e+00,-2.02570655e-02,-1.39538484e-01,2.98856673e-02,6.97655668e-02,-9.57930300e+00,0.00000000e+00,1.45807590e-01,2.55358168e-02,1.42891438e+02,2.50251005e+01
2.07600000e+00,-2.05414114e-02,-1.44752479e-01,3.00286277e-02,7.29308755e-02,-9.57930300e+00,0.00000000e+00,1.43127251e-01,2.39766040e-02,1.40264706e+02,2.34970719e+01
2.07800000e+00,-2.08359105e-02,-1.49719002e-01,3.01766718e-02,7.50178032e-02,-9.57930300e+00,0.00000000e+00,1.42408508e-01,2.34828943e-02,1.39560338e+02,2.30132364e+01
2.08000000e+00,-2.11401934e-02,-1.54544456e-01,3.03284051e-02,7.66640200e-02,-9.57930300e+00,0.00000000e+00,1.42294998e-01,2.32676203e-02,1.39449098e+02,2.28022679e+01
2.08200000e+00,-2.14539991e-02,-1.59236127e-01,3.04830412e-02,7.78802719e-02,-9.57930300e+00,0.00000000e+00,1.41824799e-01,2.28007719e-02,1.38988303e+02,2.23447565e+01
2.08400000e+00,-2.17770717e-02,-1.63828546e-01,3.06395735e-02,7.85675286e-02,-9.57930300e+00,0.00000000e+00,1.42594274e-01,2.23805612e-02,1.39742388e+02,2.19329499e+01
2.08600000e+00,-2.21093146e-02,-1.68422892e-01,3.07973094e-02,7.92519169e-02,-9.57930300e+00,0.00000000e+00,1.44563309e-01,2.30198430e-02,1.41672043e+02,2.25594462e+01
2.08800000e+00,-2.24508136e-02,-1.73092722e-01,3.09569413e-02,8.04764422e-02,-9.57930300e+00,0.00000000e+00,1.47126886e-01,2.37418947e-02,1.44184348e+02,2.32670568e+01
2.09000000e+00,-2.28016463e-02,-1.77703924e-01,3.11190759e-02,8.14921488e-02,-9.57930300e+00,0.00000000e+00,1.46038309e-01,2.28126708e-02,1.43117543e+02,2.23564174e+01
2.09200000e+00,-2.31616765e-02,-1.82385952e-01,3.12833329e-02,8.31422792e-02,-9.57930300e+00,0.00000000e+00,1.51702036e-01,2.53076845e-02,1.48667995e+02,2.48015308e+01
2.09400000e+00,-2.35312715e-02,-1.87190030e-01,3.14522749e-02,8.57372049e-02,-9.57930300e+00,0.00000000e+00,1.51887727e-01,2.50360585e-02,1.48849973e+02,2.45353373e+01
2.09600000e+00,-2.39102987e-02,-1.91787222e-01,3.16257291e-02,8.75033020e-02,-9.57930300e+00,0.00000000e+00,1.49942782e-01,2.38149559e-02,1.46943927e+02,2.33386568e+01
2.09800000e+00,-2.42982752e-02,-1.96166609e-01,3.18017390e-02,8.84458474e-02,-9.57930300e+00,0.00000000e+00,1.49947393e-01,2.35584554e-02,1.46948445e+02,2.30872863e+01
2.10000000e+00,-2.46948556e-02,-2.00381639e-01,3.19791791e-02,8.88883461e-02,-9.57930300e+00,0.00000000e+00,1.49322252e-01,2.30186190e-02,1.46335807e+02,2.25582466e+01
2.10200000e+00,-2.50997025e-02,-2.04447720e-01,3.21570222e-02,8.89255434e-02,-9.57930300e+00,0.00000000e+00,1.49755066e-01,2.29617617e-02,1.46759965e+02,2.25025265e+01
2.10400000e+00,-2.55125821e-02,-2.08417333e-01,3.23346662e-02,8.86401912e-02,-9.57930300e+00,0.00000000e+00,1.50422223e-01,2.25954490e-02,1.47413779e+02,2.21435400e+01
2.10600000e+00,-2.59333190e-02,-2.12307784e-01,3.25114437e-02,8.81459061e-02,-9.57930300e+00,0.00000000e+00,1.51323918e-01,2.27759555e-02,1.48297439e+02,2.23204364e+01
2.10800000e+00,-2.63618128e-02,-2.16197538e-01,3.26874539e-02,8.79577194e-02,-9.57930300e+00,0.00000000e+00,1.53888021e-01,2.34895083e-02,1.50810260e+02,2.30197181e+01
2.11000000e+00,-2.67980593e-02,-2.20012454e-01,3.28631813e-02,8.76297477e-02,-9.57930300e+00,0.00000000e+00,1.53120624e-01,2.27336624e-02,1.50058211e+02,2.22789892e+01
2.11200000e+00,-2.72418766e-02,-2.23848316e-01,3.30383192e-02,8.78210262e-02,-9.57930300e+00,0.00000000e+00,1.57984972e-01,2.48296618e-02,1.54825272e+02,2.43330686e+01
2.11400000e+00,-2.76934707e-02,-2.27711416e-01,3.32148502e-02,8.85895021e-02,-9.57930300e+00,0.00000000e+00,1.57427710e-01,2.41970249e-02,1.54279156e+02,2.37130844e+01
2.11600000e+00,-2.81525703e-02,-2.31346584e-01,3.33921448e-02,8.85595375e-02,-9.57930300e+00,0.00000000e+00,1.56391549e-01,2.34069649e-02,1.53263718e+02,2.29388256e+01
2.11800000e+00,-2.86187413e-02,-2.34808105e-01,3.35687682e-02,8.80493260e-02,-9.57930300e+00,0.00000000e+00,1.57161311e-01,2.34415075e-02,1.54018084e+02,2.29726774e+01
2.12000000e+00,-2.90916959e-02,-2.38109389e-01,3.37440834e-02,8.71510152e-02,-9.57930300e+00,0.00000000e+00,1.56494446e-01,2.28431137e-02,1.53364557e+02,2.23862515e+01
2.12200000e+00,-2.95710822e-02,-2.41265722e-01,3.39171846e-02,8.59712484e-02,-9.57930300e+00,0.00000000e+00,1.57674647e-01,2.30985087e-02,1.54521154e+02,2.26365386e+01
2.12400000e+00,-3.00566914e-02,-2.44320920e-01,3.40878693e-02,8.46428496e-02,-9.57930300e+00,0.00000000e+00,1.58082779e-01,2.27754834e-02,1.54921124e+02,2.23199737e+01
2.12600000e+00,-3.05482760e-02,-2.47241383e-01,3.42555884e-02,8.30630988e-02,-9.57930300e+00,0.00000000e+00,1.58527168e-01,2.28111589e-02,1.55356624e+02,2.23549357e+01
2.12800000e+00,-3.10456144e-02,-2.50098179e-01,3.44202335e-02,8.16511427e-02,-9.57930300e+00,0.00000000e+00,1.60643286e-01,2.33634966e-02,1.57430420e+02,2.28962267e+01
2.13000000e+00,-3.15486096e-02,-2.52866329e-01,3.45821499e-02,8.01745758e-02,-9.57930300e+00,0.00000000e+00,1.60550430e-01,2.29074154e-02,1.57339421e+02,2.24492671e+01
2.13200000e+00,-3.20570620e-02,-2.55607887e-01,3.47411730e-02,7.90596486e-02,-9.57930300e+00,0.00000000e+00,1.64161428e-01,2.43502958e-02,1.60878200e+02,2.38632899e+01
2.13400000e+00,-3.25710014e-02,-2.58289848e-01,3.48985472e-02,7.81827496e-02,-9.57930300e+00,0.00000000e+00,1.63342111e-01,2.36321615e-02,1.60075268e+02,2.31595183e+01
2.13600000e+00,-3.30900917e-02,-2.60777202e-01,3.50535866e-02,7.68297759e-02,-9.57930300e+00,0.00000000e+00,1.63841182e-01,2.35730404e-02,1.60564359e+02,2.31015795e+01
2.13800000e+00,-3.36140199e-02,-2.63129008e-01,3.52057500e-02,7.53023483e-02,-9.57930300e+00,0.00000000e+00,1.64442002e-01,2.34839697e-02,1.61153162e+02,2.30142903e+01
2.14000000e+00,-3.41425010e-02,-2.65320725e-01,3.53546036e-02,7.34863769e-02,-9.57930300e+00,0.00000000e+00,1.64405397e-01,2.31807490e-02,1.61117289e+02,2.27171340e+01
2.14200000e+00,-3.46752180e-02,-2.67385229e-01,3.54996326e-02,7.15760940e-02,-9.57930300e+00,0.00000000e+00,1.65809600e-01,2.34939875e-02,1.62493408e+02,2.30241077e+01
2.14400000e+00,-3.52119501e-02,-2.69312117e-01,3.56408279e-02,6.95457969e-02,-9.57930300e+00,0.00000000e+00,1.65563168e-01,2.31313453e-02,1.62251904e+02,2.26687184e+01
2.14600000e+00,-3.57523310e-02,-2.71035905e-01,3.57775754e-02,6.71549110e-02,-9.57930300e+00,0.00000000e+00,1.65467771e-01,2.29334214e-02,1.62158415e+02,2.24747529e+01
2.14800000e+00,-3.62959993e-02,-2.72618082e-01,3.59093799e-02,6.46625293e-02,-9.57930300e+00,0.00000000e+00,1.66685721e-01,2.31076203e-02,1.63352007e+02,2.26454679e+01
2.15000000e+00,-3.68427200e-02,-2.74075194e-01,3.60361838e-02,6.21075758e-02,-9.57930300e+00,0.00000000e+00,1.67002275e-01,2.29842604e-02,1.63662229e+02,2.25245752e+01
2.15200000e+00,-3.73922363e-02,-2.75436650e-01,3.61579447e-02,5.97543544e-02,-9.57930300e+00,0.00000000e+00,1.68930773e-01,2.37060023e-02,1.65552158e+02,2.32318822e+01
2.15400000e+00,-3.79443840e-02,-2.76674283e-01,3.62752339e-02,5.74501894e-02,-9.57930300e+00,0.00000000e+00,1.68610968e-01,2.32556918e-02,1.65238749e+02,2.27905779e+01
2.15600000e+00,-3.84988018e-02,-2.77714425e-01,3.63875071e-02,5.47884860e-02,-9.57930300e+00,0.00000000e+00,1.68837441e-01,2.31169913e-02,1.65460692e+02,2.26546514e+01
2.15800000e+00,-3.90551394e-02,-2.78601052e-01,3.64943138e-02,5.20157033e-02,-9.57930300e+00,0.00000000e+00,1.69561577e-01,2.31762480e-02,1.66170345e+02,2.27127230e+01
2.16000000e+00,-3.96131024e-02,-2.79332199e-01,3.65954880e-02,4.91201545e-02,-9.57930300e+00,0.00000000e+00,1.69755948e-01,2.30050056e-02,1.66360829e+02,2.25449055e+01
2.16200000e+00,-4.01723827e-02,-2.79935101e-01,3.66908102e-02,4.62483886e-02,-9.57930300e+00,0.00000000e+00,1.71127879e-01,2.33635341e-02,1.67705321e+02,2.28962634e+01
2.16400000e+00,-4.07327236e-02,-2.80359218e-01,3.67803937e-02,4.32447585e-02,-9.57930300e+00,0.00000000e+00,1.70150507e-01,2.28573880e-02,1.66747497e+02,2.24002403e+01
2.16600000e+00,-4.12936947e-02,-2.80596105e-01,3.68637036e-02,4.01126626e-02,-9.57930300e+00,0.00000000e+00,1.71331140e-01,2.32141960e-02,1.67904517e+02,2.27499121e+01
2.16800000e+00,-4.18550309e-02,-2.80717345e-01,3.69409725e-02,3.71727585e-02,-9.57930300e+00,0.00000000e+00,1.72029888e-01,2.33723899e-02,1.68589291e+02,2.29049421e+01
2.17000000e+00,-4.24164779e-02,-2.80709246e-01,3.70124601e-02,3.43309870e-02,-9.57930300e+00,0.00000000e+00,1.72892016e-01,2.35234680e-02,1.69434176e+02,2.30529986e+01
2.17200000e+00,-4.29777692e-02,-2.80553200e-01,3.70782865e-02,3.14743976e-02,-9.57930300e+00,0.00000000e+00,1.73155253e-01,2.34364822e-02,1.69692148e+02,2.29677526e+01
2.17400000e+00,-4.35385744e-02,-2.80222699e-01,3.71382772e-02,2.84970248e-02,-9.57930300e+00,0.00000000e+00,1.73394710e-01,2.33568519e-02,1.69926816e+02,2.28897148e+01
2.17600000e+00,-4.40985566e-02,-2.79737135e-01,3.71922331e-02,2.54573468e-02,-9.57930300e+00,0.00000000e+00,1.74105014e-01,2.33840235e-02,1.70622914e+02,2.29163430e+01
2.17800000e+00,-4.46574074e-02,-2.79078331e-01,3.72400128e-02,2.22770403e-02,-9.57930300e+00,0.00000000e+00,1.73911116e-01,2.31312086e-02,1.70432894e+02,2.26685844e+01
2.18000000e+00,-4.52147572e-02,-2.78250397e-01,3.72812982e-02,1.90322231e-02,-9.57930300e+00,0.00000000e+00,1.74705999e-01,2.33089288e-02,1.71211879e+02,2.28427502e+01
2.18200000e+00,-4.57702933e-02,-2.77249012e-01,3.73160752e-02,1.56876749e-02,-9.57930300e+00,0.00000000e+00,1.74396968e-01,2.29728964e-02,1.70909029e+02,2.25134385e+01
2.18400000e+00,-4.63235775e-02,-2.75983985e-01,3.73438307e-02,1.20158715e-02,-9.57930300e+00,0.00000000e+00,1.73066925e-01,2.26631479e-02,1.69605586e+02,2.22098849e+01
2.18600000e+00,-4.68740942e-02,-2.74516364e-01,3.73641330e-02,8.33564393e-03,-9.57930300e+00,0.00000000e+00,1.74162827e-01,2.29857395e-02,1.70679571e+02,2.25260248e+01
2.18800000e+00,-4.74215372e-02,-2.72890201e-01,3.73771707e-02,4.65142786e-03,-9.57930300e+00,0.00000000e+00,1.73837634e-01,2.26748843e-02,1.70360881e+02,2.22213866e+01
2.19000000e+00,-4.79655699e-02,-2.71136310e-01,3.73828791e-02,1.17772310e-03,-9.57930300e+00,0.00000000e+00,1.75626364e-01,2.34372251e-02,1.72113837e+02,2.29684806e+01
2.19200000e+00,-4.85059976e-02,-2.69255074e-01,3.73820416e-02,-2.05584022e-03,-9.57930300e+00,0.00000000e+00,1.75281120e-01,2.31790484e-02,1.71775497e+02,2.27154674e+01
2.19400000e+00,-4.90424465e-02,-2.67158384e-01,3.73744827e-02,-5.54900936e-03,-9.57930300e+00,0.00000000e+00,1.74979357e-01,2.28829207e-02,1.71479770e+02,2.24252623e+01
2.19600000e+00,-4.95745254e-02,-2.64903191e-01,3.73598683e-02,-9.00819342e-03,-9.57930300e+00,0.00000000e+00,1.75929954e-01,2.32309407e-02,1.72411355e+02,2.27663218e+01
2.19800000e+00,-5.01019625e-02,-2.62502916e-01,3.73385281e-02,-1.23500310e-02,-9.57930300e+00,0.00000000e+00,1.75904461e-01,2.31001019e-02,1.72386372e+02,2.26380998e+01
2.20000000e+00,-5.06244271e-02,-2.59937686e-01,3.73104756e-02,-1.56806690e-02,-9.57930300e+00,0.00000000e+00,1.76350784e-01,2.32157418e-02,1.72823768e+02,2.27514270e+01
2.20200000e+00,-5.11416180e-02,-2.57229594e-01,3.72758762e-02,-1.89052418e-02,-9.57930300e+00,0.00000000e+00,1.76799092e-01,2.32746267e-02,1.73263111e+02,2.28091342e+01
2.20400000e+00,-5.16531672e-02,-2.54254129e-01,3.72347056e-02,-2.23533345e-02,-9.57930300e+00,0.00000000e+00,1.74290758e-01,2.26891298e-02,1.70804943e+02,2.22353472e+01
2.20600000e+00,-5.21585325e-02,-2.51125649e-01,3.71866571e-02,-2.55101477e-02,-9.57930300e+00,0.00000000e+00,1.77361806e-01,2.38187459e-02,1.73814569e+02,2.33423710e+01
2.20800000e+00,-5.26575739e-02,-2.47853326e-01,3.71326888e-02,-2.86312189e-02,-9.57930300e+00,0.00000000e+00,1.75016417e-01,2.26882582e-02,1.71516088e+02,2.22344930e+01
2.21000000e+00,-5.31498285e-02,-2.44404929e-01,3.70721614e-02,-3.17085653e-02,-9.57930300e+00,0.00000000e+00,1.77279941e-01,2.38253890e-02,1.73734342e+02,2.33488812e+01
2.21200000e+00,-5.36350887e-02,-2.40799122e-01,3.70059132e-02,-3.46978847e-02,-9.57930300e+00,0.00000000e+00,1.75313965e-01,2.27795424e-02,1.71807685e+02,2.23239516e+01
2.21400000e+00,-5.41128786e-02,-2.36973806e-01,3.69331882e-02,-3.79596703e-02,-9.57930300e+00,0.00000000e+00,1.76066439e-01,2.31509482e-02,1.72545110e+02,2.26879292e+01
2.21600000e+00,-5.45828911e-02,-2.33009223e-01,3.68541975e-02,-4.10369779e-02,-9.57930300e+00,0.00000000e+00,1.75912602e-01,2.30551717e-02,1.72394350e+02,2.25940682e+01
2.21800000e+00,-5.50447988e-02,-2.28869607e-01,3.67690272e-02,-4.41339439e-02,-9.57930300e+00,0.00000000e+00,1.75763804e-01,2.29892769e-02,1.72248528e+02,2.25294914e+01
2.22000000e+00,-5.54982832e-02,-2.24600592e-01,3.66777950e-02,-4.70310317e-02,-9.57930300e+00,0.00000000e+00,1.76608185e-01,2.33455946e-02,1.73076021e+02,2.28786827e+01
2.22200000e+00,-5.59430956e-02,-2.20173239e-01,3.65809076e-02,-4.99212308e-02,-9.57930300e+00,0.00000000e+00,1.75712889e-01,2.28664791e-02,1.72198631e+02,2.24091495e+01
2.22400000e+00,-5.63788020e-02,-2.15484663e-01,3.64780280e-02,-5.29346717e-02,-9.57930300e+00,0.00000000e+00,1.74079827e-01,2.29411786e-02,1.70598231e+02,2.24823550e+01
2.22600000e+00,-5.68049726e-02,-2.10703603e-01,3.63695777e-02,-5.53349993e-02,-9.57930300e+00,0.00000000e+00,1.77050324e-01,2.39995292e-02,1.73509318e+02,2.35195386e+01
2.22800000e+00,-5.72215220e-02,-2.05780917e-01,3.62566836e-02,-5.77418474e-02,-9.57930300e+00,0.00000000e+00,1.74190618e-01,2.27671226e-02,1.70706806e+02,2.23117801e+01
2.23000000e+00,-5.76280008e-02,-2.00715055e-01,3.61387266e-02,-5.99743761e-02,-9.57930300e+00,0.00000000e+00,1.77043634e-01,2.41979254e-02,1.73502761e+02,2.37139669e+01
2.23200000e+00,-5.80242863e-02,-1.95505288e-01,3.60168490e-02,-6.21124587e-02,-9.57930300e+00,0.00000000e+00,1.74083922e-01,2.27920417e-02,1.70602243e+02,2.23362008e+01
2.23400000e+00,-5.84098796e-02,-1.90081953e-01,3.58900893e-02,-6.45318256e-02,-9.57930300e+00,0.00000000e+00,1.75222926e-01,2.34274584e-02,1.71718467e+02,2.29589092e+01
2.23600000e+00,-5.87845642e-02,-1.84583759e-01,3.57590122e-02,-6.65155355e-02,-9.57930300e+00,0.00000000e+00,1.75415671e-01,2.35200552e-02,1.71907358e+02,2.30496541e+01
2.23800000e+00,-5.91480971e-02,-1.78909290e-01,3.56239443e-02,-6.86235139e-02,-9.57930300e+00,0.00000000e+00,1.74094460e-01,2.29744957e-02,1.70612571e+02,2.25150058e+01
2.24000000e+00,-5.95001165e-02,-1.73107594e-01,3.54845775e-02,-7.06423736e-02,-9.57930300e+00,0.00000000e+00,1.75340022e-01,2.35088854e-02,1.71833221e+02,2.30387077e+01
2.24200000e+00,-5.98404484e-02,-1.67187337e-01,3.53414518e-02,-7.25457241e-02,-9.57930300e+00,0.00000000e+00,1.74126240e-01,2.30132358e-02,1.70643715e+02,2.25529711e+01
2.24400000e+00,-6.01686726e-02,-1.60977201e-01,3.51942767e-02,-7.46260596e-02,-9.57930300e+00,0.00000000e+00,1.71270799e-01,2.29279937e-02,1.67845383e+02,2.24694339e+01
2.24600000e+00,-6.04842880e-02,-1.54663304e-01,3.50433366e-02,-7.61228085e-02,-9.57930300e+00,0.00000000e+00,1.74303955e-01,2.40232455e-02,1.70817876e+02,2.35427806e+01
2.24800000e+00,-6.07872072e-02,-1.48171474e-01,3.48895724e-02,-7.79389708e-02,-9.57930300e+00,0.00000000e+00,1.69611929e-01,2.20385010e-02,1.66219691e+02,2.15977310e+01
2.25000000e+00,-6.10768762e-02,-1.41533056e-01,3.47316376e-02,-7.96698954e-02,-9.57930300e+00,0.00000000e+00,1.73270470e-01,2.39773780e-02,1.69805060e+02,2.34978305e+01
2.25200000e+00,-6.13532990e-02,-1.34834052e-01,3.45711173e-02,-8.10641366e-02,-9.57930300e+00,0.00000000e+00,1.70479824e-01,2.25163670e-02,1.67070227e+02,2.20660397e+01
2.25400000e+00,-6.16161022e-02,-1.27969650e-01,3.44072639e-02,-8.26341196e-02,-9.57930300e+00,0.00000000e+00,1.71578897e-01,2.33751238e-02,1.68147319e+02,2.29076213e+01
2.25600000e+00,-6.18651385e-02,-1.21046526e-01,3.42408584e-02,-8.37876743e-02,-9.57930300e+00,0.00000000e+00,1.71168792e-01,2.31531925e-02,1.67745416e+02,2.26901287e+01
2.25800000e+00,-6.21001848e-02,-1.13968244e-01,3.40720225e-02,-8.50772872e-02,-9.57930300e+00,0.00000000e+00,1.69900751e-01,2.28488579e-02,1.66502736e+02,2.23918808e+01
2.26000000e+00,-6.23209532e-02,-1.06802557e-01,3.39007010e-02,-8.61393143e-02,-9.57930300e+00,0.00000000e+00,1.70957835e-01,2.33866265e-02,1.67538678e+02,2.29188940e+01
2.26200000e+00,-6.25273329e-02,-9.95436354e-02,3.37275176e-02,-8.71228718e-02,-9.57930300e+00,0.00000000e+00,1.69436328e-01,2.27665303e-02,1.66047601e+02,2.23111997e+01
2.26400000e+00,-6.27189899e-02,-9.20779221e-02,3.35522414e-02,-8.80586956e-02,-9.57930300e+00,0.00000000e+00,1.67720534e-01,2.32368456e-02,1.64366124e+02,2.27721087e+01
2.26600000e+00,-6.28956354e-02,-8.45984988e-02,3.33758588e-02,-8.81305809e-02,-9.57930300e+00,0.00000000e+00,1.70588621e-01,2.43280716e-02,1.67176848e+02,2.38415102e+01
2.26800000e+00,-6.30572899e-02,-7.69782140e-02,3.31995021e-02,-8.85277548e-02,-9.57930300e+00,0.00000000e+00,1.65779387e-01,2.23021653e-02,1.62463799e+02,2.18561219e+01
2.27000000e+00,-6.32034592e-02,-6.92242809e-02,3.30217183e-02,-8.89692042e-02,-9.57930300e+00,0.00000000e+00,1.68690618e-01,2.39814576e-02,1.65316805e+02,2.35018284e+01
2.27200000e+00,-6.33341543e-02,-6.14212855e-02,3.28437727e-02,-8.91896164e-02,-9.57930300e+00,0.00000000e+00,1.65731479e-01,2.25119177e-02,1.62416849e+02,2.20616794e+01
2.27400000e+00,-6.34490908e-02,-5.35379432e-02,3.26649732e-02,-8.93900782e-02,-9.57930300e+00,0.00000000e+00,1.67783649e-01,2.37680770e-02,1.64427976e+02,2.32927154e+01
2.27600000e+00,-6.35483113e-02,-4.56623754e-02,3.24865757e-02,-8.90454653e-02,-9.57930300e+00,0.00000000e+00,1.66755173e-01,2.34010206e-02,1.63420070e+02,2.29330002e+01
2.27800000e+00,-6.36316662e-02,-3.76757791e-02,3.23086767e-02,-8.88728804e-02,-9.57930300e+00,0.00000000e+00,1.65902185e-01,2.31527702e-02,1.62584142e+02,2.26897148e+01
2.28000000e+00,-6.36989651e-02,-2.96151556e-02,3.21311220e-02,-8.86435801e-02,-9.57930300e+00,0.00000000e+00,1.65607603e-01,2.32663388e-02,1.62295451e+02,2.28010120e+01
2.28200000e+00,-6.37500850e-02,-2.14918001e-02,3.19541880e-02,-8.82858164e-02,-9.57930300e+00,0.00000000e+00,1.64886713e-01,2.31695080e-02,1.61588979e+02,2.27061178e+01
2.28400000e+00,-6.37848649e-02,-1.32674067e-02,3.17781722e-02,-8.76380123e-02,-9.57930300e+00,0.00000000e+00,1.63564017e-01,2.36234561e-02,1.60292737e+02,2.31509870e+01
2.28600000e+00,-6.38031944e-02,-5.10254539e-03,3.16041877e-02,-8.61626781e-02,-9.57930300e+00,0.00000000e+00,1.66460940e-01,2.46574183e-02,1.63131721e+02,2.41642699e+01
2.28800000e+00,-6.38051781e-02,3.20780413e-03,3.14331136e-02,-8.52990466e-02,-9.57930300e+00,0.00000000e+00,1.60214094e-01,2.20945892e-02,1.57009812e+02,2.16526974e+01
2.29000000e+00,-6.37902943e-02,1.16213706e-02,3.12629418e-02,-8.45100469e-02,-9.57930300e+00,0.00000000e+00,1.63962097e-01,2.42574892e-02,1.60682855e+02,2.37723395e+01
2.29200000e+00,-6.37587065e-02,2.00140971e-02,3.10953102e-02,-8.33657542e-02,-9.57930300e+00,0.00000000e+00,1.60477272e-01,2.26003094e-02,1.57267727e+02,2.21483032e+01
2.29400000e+00,-6.37102178e-02,2.84370812e-02,3.09294629e-02,-8.22454020e-02,-9.57930300e+00,0.00000000e+00,1.62893761e-01,2.39699522e-02,1.59635885e+02,2.34905532e+01
2.29600000e+00,-6.36450224e-02,3.67637176e-02,3.07667802e-02,-8.04476739e-02,-9.57930300e+00,0.00000000e+00,1.62230422e-01,2.37889808e-02,1.58985814e+02,2.33132012e+01
2.29800000e+00,-6.35631224e-02,4.51510381e-02,3.06075626e-02,-7.88142015e-02,-9.57930300e+00,0.00000000e+00,1.60841335e-01,2.33970407e-02,1.57624508e+02,2.29290999e+01
2.30000000e+00,-6.34644146e-02,5.35438796e-02,3.04515811e-02,-7.70941778e-02,-9.57930300e+00,0.00000000e+00,1.61329941e-01,2.37471492e-02,1.58103342e+02,2.32722062e+01
2.30200000e+00,-6.33489424e-02,6.19434562e-02,3.02992213e-02,-7.53210412e-02,-9.57930300e+00,0.00000000e+00,1.59775547e-01,2.32901217e-02,1.56580036e+02,2.28243192e+01
2.30400000e+00,-6.32166123e-02,7.03857077e-02,3.01504389e-02,-7.33350101e-02,-9.57930300e+00,0.00000000e+00,1.59286958e-01,2.39807096e-02,1.56101219e+02,2.35010954e+01
2.30600000e+00,-6.30674661e-02,7.87281937e-02,3.00063684e-02,-7.06183983e-02,-9.57930300e+00,0.00000000e+00,1.60923466e-01,2.46167354e-02,1.57704996e+02,2.41244006e+01
2.30800000e+00,-6.29016229e-02,8.71855925e-02,2.98675093e-02,-6.85856435e-02,-9.57930300e+00,0.00000000e+00,1.55282159e-01,2.23459525e-02,1.52176516e+02,2.18990334e+01
2.31000000e+00,-6.27186947e-02,9.56866084e-02,2.97319057e-02,-6.67331038e-02,-9.57930300e+00,0.00000000e+00,1.58445886e-01,2.40441042e-02,1.55276968e+02,2.35632221e+01
2.31200000e+00,-6.25189149e-02,1.04129939e-01,2.96006749e-02,-6.47335391e-02,-9.57930300e+00,0.00000000e+00,1.55033558e-01,2.24661733e-02,1.51932887e+02,2.20168498e+01
2.31400000e+00,-6.23021936e-02,1.12545236e-01,2.94729614e-02,-6.27492238e-02,-9.57930300e+00,0.00000000e+00,1.57366355e-01,2.38289319e-02,1.54219028e+02,2.33523532e+01
2.31600000e+00,-6.20688305e-02,1.20815798e-01,2.93500992e-02,-6.01331965e-02,-9.57930300e+00,0.00000000e+00,1.56544392e-01,2.36155442e-02,1.53413504e+02,2.31432333e+01
2.31800000e+00,-6.18189384e-02,1.29074328e-01,2.92323669e-02,-5.76097773e-02,-9.57930300e+00,0.00000000e+00,1.55641277e-01,2.34653242e-02,1.52528452e+02,2.29960178e+01
2.32000000e+00,-6.15525645e-02,1.37285810e-01,2.91196970e-02,-5.50309505e-02,-9.57930300e+00,0.00000000e+00,1.55502893e-01,2.35698470e-02,1.52392835e+02,2.30984501e+01
2.32200000e+00,-6.12698412e-02,1.45428288e-01,2.90123295e-02,-5.23225057e-02,-9.57930300e+00,0.00000000e+00,1.54979022e-01,2.35829107e-02,1.51879441e+02,2.31112525e+01
2.32400000e+00,-6.09708700e-02,1.53542768e-01,2.89105368e-02,-4.94193474e-02,-9.57930300e+00,0.00000000e+00,1.53749691e-01,2.38319685e-02,1.50674697e+02,2.33553292e+01
2.32600000e+00,-6.06557750e-02,1.61499874e-01,2.88150687e-02,-4.58914556e-02,-9.57930300e+00,0.00000000e+00,1.56116919e-01,2.47564687e-02,1.52994581e+02,2.42613393e+01
2.32800000e+00,-6.03248443e-02,1.69496266e-01,2.87265252e-02,-4.30321588e-02,-9.57930300e+00,0.00000000e+00,1.50162568e-01,2.23007736e-02,1.47159317e+02,2.18547581e+01
2.33000000e+00,-5.99778036e-02,1.77472219e-01,2.86428254e-02,-4.03449594e-02,-9.57930300e+00,0.00000000e+00,1.53794379e-01,2.42746997e-02,1.50718492e+02,2.37892057e+01
2.33200000e+00,-5.96150481e-02,1.85309266e-01,2.85652925e-02,-3.74369229e-02,-9.57930300e+00,0.00000000e+00,1.50479074e-01,2.26522612e-02,1.47469493e+02,2.21992160e+01
2.33400000e+00,-5.92366091e-02,1.93082444e-01,2.84929650e-02,-3.46978896e-02,-9.57930300e+00,0.00000000e+00,1.52229416e-01,2.38155973e-02,1.49184828e+02,2.33392854e+01
2.33600000e+00,-5.88428595e-02,2.00643755e-01,2.84269651e-02,-3.12627610e-02,-9.57930300e+00,0.00000000e+00,1.52246545e-01,2.40176946e-02,1.49201614e+02,2.35373407e+01
2.33800000e+00,-5.84341103e-02,2.08090745e-01,2.83679317e-02,-2.78010273e-02,-9.57930300e+00,0.00000000e+00,1.51594526e-01,2.37856826e-02,1.48562635e+02,2.33099690e+01
2.34000000e+00,-5.80105689e-02,2.15429254e-01,2.83156929e-02,-2.44413628e-02,-9.57930300e+00,0.00000000e+00,1.51353987e-01,2.37274518e-02,1.48326907e+02,2.32529027e+01
2.34200000e+00,-5.75724690e-02,2.22654235e-01,2.82701468e-02,-2.11108345e-02,-9.57930300e+00,0.00000000e+00,1.50700640e-01,2.36580978e-02,1.47686627e+02,2.31849359e+01
2.34400000e+00,-5.71199977e-02,2.29810644e-01,2.82313293e-02,-1.76606747e-02,-9.57930300e+00,0.00000000e+00,1.49291896e-01,2.39217155e-02,1.46306058e+02,2.34432812e+01
2.34600000e+00,-5.66533769e-02,2.36741405e-01,2.81999040e-02,-1.36107590e-02,-9.57930300e+00,0.00000000e+00,1.52192881e-01,2.48705029e-02,1.49149023e+02,2.43730928e+01
2.34800000e+00,-5.61730973e-02,2.43574296e-01,2.81765704e-02,-1.00345992e-02,-9.57930300e+00,0.00000000e+00,1.47685933e-01,2.28923804e-02,1.44732215e+02,2.24345328e+01
2.35000000e+00,-5.56791509e-02,2.50300391e-01,2.81596595e-02,-6.61769417e-03,-9.57930300e+00,0.00000000e+00,1.50683962e-01,2.45107795e-02,1.47670283e+02,2.40205639e+01
2.35200000e+00,-5.51720026e-02,2.56866264e-01,2.81501598e-02,-3.11048902e-03,-9.57930300e+00,0.00000000e+00,1.47316629e-01,2.30668246e-02,1.44370297e+02,2.26054881e+01
2.35400000e+00,-5.46517569e-02,2.63325606e-01,2.81470581e-02,1.57557825e-04,-9.57930300e+00,0.00000000e+00,1.48952979e-01,2.40030817e-02,1.45973919e+02,2.35230200e+01
2.35600000e+00,-5.41188619e-02,2.69542254e-01,2.81510824e-02,3.86407020e-03,-9.57930300e+00,0.00000000e+00,1.48663082e-01,2.39913994e-02,1.45689821e+02,2.35115714e+01
2.35800000e+00,-5.35736742e-02,2.75629323e-01,2.81623735e-02,7.35920707e-03,-9.57930300e+00,0.00000000e+00,1.47555295e-01,2.35740801e-02,1.44604189e+02,2.31025985e+01
2.36000000e+00,-5.30164359e-02,2.81579461e-01,2.81803934e-02,1.06656891e-02,-9.57930300e+00,0.00000000e+00,1.47338324e-01,2.36198079e-02,1.44391558e+02,2.31474117e+01
2.36200000e+00,-5.24474916e-02,2.87326765e-01,2.82051470e-02,1.41383579e-02,-9.57930300e+00,0.00000000e+00,1.47674148e-01,2.39568718e-02,1.44720665e+02,2.34777343e+01
2.36400000e+00,-5.18672369e-02,2.92912010e-01,2.82370225e-02,1.77244774e-02,-9.57930300e+00,0.00000000e+00,1.46411299e-01,2.39020087e-02,1.43483073e+02,2.34239685e+01
2.36600000e+00,-5.12760088e-02,2.98249517e-01,2.82762409e-02,2.16045137e-02,-9.57930300e+00,0.00000000e+00,1.48658832e-01,2.46282912e-02,1.45685655e+02,2.41357254e+01
2.36800000e+00,-5.06743340e-02,3.03444319e-01,2.83231384e-02,2.50314369e-02,-9.57930300e+00,0.00000000e+00,1.44855426e-01,2.30164147e-02,1.41958317e+02,2.25560864e+01
2.37000000e+00,-5.00623452e-02,3.08468597e-01,2.83763039e-02,2.83641420e-02,-9.57930300e+00,0.00000000e+00,1.47668532e-01,2.45052115e-02,1.44715162e+02,2.40151072e+01
2.37200000e+00,-4.94406057e-02,3.13273666e-01,2.84366026e-02,3.17083373e-02,-9.57930300e+00,0.00000000e+00,1.44921926e-01,2.31252163e-02,1.42023488e+02,2.26627120e+01
2.37400000e+00,-4.88093519e-02,3.17926626e-01,2.85028926e-02,3.46855764e-02,-9.57930300e+00,0.00000000e+00,1.46089027e-01,2.38284972e-02,1.43167246e+02,2.33519273e+01
2.37600000e+00,-4.81690866e-02,3.22298554e-01,2.85755691e-02,3.79990542e-02,-9.57930300e+00,0.00000000e+00,1.46280258e-01,2.39334562e-02,1.43354653e+02,2.34547870e+01
2.37800000e+00,-4.75202942e-02,3.26465791e-01,2.86548197e-02,4.12088683e-02,-9.57930300e+00,0.00000000e+00,1.45592985e-01,2.37227945e-02,1.42681126e+02,2.32483386e+01
2.38000000e+00,-4.68633568e-02,3.30433042e-01,2.87403050e-02,4.42693360e-02,-9.57930300e+00,0.00000000e+00,1.45606986e-01,2.37408477e-02,1.42694846e+02,2.32660308e+01
2.38200000e+00,-4.61987035e-02,3.34188001e-01,2.88318450e-02,4.72517673e-02,-9.57930300e+00,0.00000000e+00,1.45143391e-01,2.36885424e-02,1.42240523e+02,2.32147715e+01
2.38400000e+00,-4.55267223e-02,3.37766633e-01,2.89292724e-02,5.01748016e-02,-9.57930300e+00,0.00000000e+00,1.44256454e-01,2.37541620e-02,1.41371325e+02,2.32790788e+01
2.38600000e+00,-4.48478359e-02,3.41046911e-01,2.90327302e-02,5.33767284e-02,-9.57930300e+00,0.00000000e+00,1.46586883e-01,2.44204660e-02,1.43655146e+02,2.39320567e+01
2.38800000e+00,-4.41626880e-02,3.44097186e-01,2.91425910e-02,5.62961463e-02,-9.57930300e+00,0.00000000e+00,1.44050415e-01,2.33168514e-02,1.41169406e+02,2.28505144e+01
2.39000000e+00,-4.34715807e-02,3.46947175e-01,2.92577960e-02,5.90374566e-02,-9.57930300e+00,0.00000000e+00,1.45637258e-01,2.42101301e-02,1.42724513e+02,2.37259275e+01
2.39200000e+00,-4.27750642e-02,3.49549862e-01,2.93787325e-02,6.17663760e-02,-9.57930300e+00,0.00000000e+00,1.44154064e-01,2.34624413e-02,1.41270983e+02,2.29931925e+01
2.39400000e+00,-4.20735008e-02,3.51973329e-01,2.95045829e-02,6.40773724e-02,-9.57930300e+00,0.00000000e+00,1.44108152e-01,2.35117493e-02,1.41225989e+02,2.30415143e+01
2.39600000e+00,-4.13673509e-02,3.54126746e-01,2.96350933e-02,6.64652822e-02,-9.57930300e+00,0.00000000e+00,1.44708917e-01,2.38093647e-02,1.41814739e+02,2.33331774e+01
2.39800000e+00,-4.06571640e-02,3.56024768e-01,2.97704149e-02,6.88094656e-02,-9.57930300e+00,0.00000000e+00,1.44286498e-01,2.36123080e-02,1.41400768e+02,2.31400618e+01
2.40000000e+00,-3.99434165e-02,3.57675796e-01,2.99102526e-02,7.10358164e-02,-9.57930300e+00,0.00000000e+00,1.44660942e-01,2.37608967e-02,1.41767723e+02,2.32856788e+01
2.40200000e+00,-3.92266397e-02,3.59058597e-01,3.00545520e-02,7.32529583e-02,-9.57930300e+00,0.00000000e+00,1.44708828e-01,2.37982109e-02,1.41814652e+02,2.33222467e+01
2.40400000e+00,-3.85073318e-02,3.60217005e-01,3.02032230e-02,7.54080319e-02,-9.57930300e+00,0.00000000e+00,1.44037361e-01,2.38421189e-02,1.41156613e+02,2.33652766e+01
2.40600000e+00,-3.77859752e-02,3.61070170e-01,3.03562474e-02,7.76579745e-02,-9.57930300e+00,0.00000000e+00,1.45956697e-01,2.42150458e-02,1.43037563e+02,2.37307449e+01
2.40800000e+00,-3.70632351e-02,3.61647344e-01,3.05136946e-02,7.96674042e-02,-9.57930300e+00,0.00000000e+00,1.44589062e-01,2.35613367e-02,1.41697280e+02,2.30901099e+01
2.41000000e+00,-3.63395457e-02,3.61984724e-01,3.06748140e-02,8.15223895e-02,-9.57930300e+00,0.00000000e+00,1.45653979e-01,2.41203090e-02,1.42740900e+02,2.36379028e+01
2.41200000e+00,-3.56154710e-02,3.62059916e-01,3.08397271e-02,8.32919469e-02,-9.57930300e+00,0.00000000e+00,1.44805337e-01,2.36168511e-02,1.41909231e+02,2.31445141e+01
2.41400000e+00,-3.48914345e-02,3.61942397e-01,3.10076722e-02,8.45971134e-02,-9.57930300e+00,0.00000000e+00,1.44246275e-01,2.33849178e-02,1.41361349e+02,2.29172194e+01
2.41600000e+00,-3.41678930e-02,3.61537511e-01,3.11781346e-02,8.59307407e-02,-9.57930300e+00,0.00000000e+00,1.45612471e-01,2.39195903e-02,1.42700222e+02,2.34411985e+01
2.41800000e+00,-3.34454709e-02,3.60853000e-01,3.13513826e-02,8.72455830e-02,-9.57930300e+00,0.00000000e+00,1.44880385e-01,2.35924194e-02,1.41982778e+02,2.31205710e+01
2.42000000e+00,-3.27246365e-02,3.59935282e-01,3.15269639e-02,8.83309296e-02,-9.57930300e+00,0.00000000e+00,1.45173981e-01,2.36882640e-02,1.42270501e+02,2.32144987e+01
2.42200000e+00,-3.20059045e-02,3.58755510e-01,3.17046373e-02,8.93127218e-02,-9.57930300e+00,0.00000000e+00,1.45132041e-01,2.36284647e-02,1.42229400e+02,2.31558954e+01
2.42400000e+00,-3.12897915e-02,3.57310163e-01,3.18841750e-02,9.02347763e-02,-9.57930300e+00,0.00000000e+00,1.45528253e-01,2.38189846e-02,1.42617688e+02,2.33426049e+01
2.42600000e+00,-3.05768491e-02,3.55586940e-01,3.20655148e-02,9.10644917e-02,-9.57930300e+00,0.00000000e+00,1.45798464e-01,2.36933465e-02,1.42882495e+02,2.32194796e+01
2.42800000e+00,-2.98676226e-02,3.53595481e-01,3.22483258e-02,9.17334507e-02,-9.57930300e+00,0.00000000e+00,1.45998679e-01,2.37424367e-02,1.43078705e+02,2.32675880e+01
2.43000000e+00,-2.91626317e-02,3.51357215e-01,3.24323361e-02,9.22336425e-02,-9.57930300e+00,0.00000000e+00,1.45801666e-01,2.36017542e-02,1.42885633e+02,2.31297192e+01
2.43200000e+00,-2.84623500e-02,3.48884481e-01,3.26171102e-02,9.25087086e-02,-9.57930300e+00,0.00000000e+00,1.45751069e-01,2.35337352e-02,1.42836048e+02,2.30630605e+01
2.43400000e+00,-2.77672564e-02,3.46167883e-01,3.28022456e-02,9.25957508e-02,-9.57930300e+00,0.00000000e+00,1.45814958e-01,2.34715227e-02,1.42898659e+02,2.30020922e+01
2.43600000e+00,-2.70778467e-02,3.43198934e-01,3.29873963e-02,9.25374403e-02,-9.57930300e+00,0.00000000e+00,1.46008053e-01,2.34931575e-02,1.43087892e+02,2.30232944e+01
2.43800000e+00,-2.63946209e-02,3.39989520e-01,3.31722801e-02,9.23063425e-02,-9.57930300e+00,0.00000000e+00,1.45843715e-01,2.33730396e-02,1.42926840e+02,2.29055788e+01
2.44000000e+00,-2.57180454e-02,3.36545065e-01,3.33565010e-02,9.18942470e-02,-9.57930300e+00,0.00000000e+00,1.45963368e-01,2.33765756e-02,1.43044101e+02,2.29090441e+01
2.44200000e+00,-2.50486103e-02,3.32846168e-01,3.35398036e-02,9.14019426e-02,-9.57930300e+00,0.00000000e+00,1.46309646e-01,2.34667404e-02,1.43383453e+02,2.29974056e+01
2.44400000e+00,-2.43868536e-02,3.28857848e-01,3.37220893e-02,9.08803937e-02,-9.57930300e+00,0.00000000e+00,1.47308262e-01,2.35758108e-02,1.44362096e+02,2.31042946e+01
2.44600000e+00,-2.37333383e-02,3.24630449e-01,3.39031803e-02,9.01415485e-02,-9.57930300e+00,0.00000000e+00,1.46544340e-01,2.32696099e-02,1.43613453e+02,2.28042177e+01
2.44800000e+00,-2.30884806e-02,3.20179920e-01,3.40825441e-02,8.92356299e-02,-9.57930300e+00,0.00000000e+00,1.47240098e-01,2.34817328e-02,1.44295296e+02,2.30120981e+01
2.45000000e+00,-2.24527694e-02,3.15503296e-01,3.42599883e-02,8.81279288e-02,-9.57930300e+00,0.00000000e+00,1.46619102e-01,2.30999792e-02,1.43686720e+02,2.26379796e+01
2.45200000e+00,-2.18266267e-02,3.10587846e-01,3.44349935e-02,8.69267519e-02,-9.57930300e+00,0.00000000e+00,1.47689636e-01,2.35360446e-02,1.44735844e+02,2.30653237e+01
2.45400000e+00,-2.12105959e-02,3.05405628e-01,3.46077291e-02,8.57763276e-02,-9.57930300e+00,0.00000000e+00,1.47802923e-01,2.34537308e-02,1.44846865e+02,2.29846561e+01
2.45600000e+00,-2.06051417e-02,3.00017159e-01,3.47779253e-02,8.43657626e-02,-9.57930300e+00,0.00000000e+00,1.47544826e-01,2.32336996e-02,1.44593930e+02,2.27690257e+01
2.45800000e+00,-2.00106678e-02,2.94417809e-01,3.49450642e-02,8.27632966e-02,-9.57930300e+00,0.00000000e+00,1.47855105e-01,2.32903505e-02,1.44898002e+02,2.28245435e+01
2.46000000e+00,-1.94276168e-02,2.88598832e-01,3.51088991e-02,8.10416853e-02,-9.57930300e+00,0.00000000e+00,1.47893725e-01,2.32183535e-02,1.44935851e+02,2.27539864e+01
2.46200000e+00,-1.88564075e-02,2.82577312e-01,3.52691114e-02,7.91407533e-02,-9.57930300e+00,0.00000000e+00,1.47900617e-01,2.31435947e-02,1.44942605e+02,2.26807228e+01
2.46400000e+00,-1.82975046e-02,2.76260359e-01,3.54254970e-02,7.72921065e-02,-9.57930300e+00,0.00000000e+00,1.50209228e-01,2.35522820e-02,1.47205044e+02,2.30812363e+01
2.46600000e+00,-1.77514829e-02,2.69768189e-01,3.55780483e-02,7.50961586e-02,-9.57930300e+00,0.00000000e+00,1.47511137e-01,2.26333693e-02,1.44560914e+02,2.21807019e+01
2.46800000e+00,-1.72185365e-02,2.63119044e-01,3.57257699e-02,7.27325665e-02,-9.57930300e+00,0.00000000e+00,1.49499813e-01,2.34124361e-02,1.46509816e+02,2.29441874e+01
2.47000000e+00,-1.66991521e-02,2.56251805e-01,3.58689282e-02,7.02934971e-02,-9.57930300e+00,0.00000000e+00,1.48339585e-01,2.26803955e-02,1.45372794e+02,2.22267875e+01
2.47200000e+00,-1.61936637e-02,2.49182940e-01,3.60068979e-02,6.77854986e-02,-9.57930300e+00,0.00000000e+00,1.50056192e-01,2.34659219e-02,1.47055069e+02,2.29966035e+01
2.47400000e+00,-1.57025865e-02,2.41864815e-01,3.61402349e-02,6.55245087e-02,-9.57930300e+00,0.00000000e+00,1.50125587e-01,2.33902600e-02,1.47123075e+02,2.29224548e+01
2.47600000e+00,-1.52262972e-02,2.34407500e-01,3.62687759e-02,6.29335371e-02,-9.57930300e+00,0.00000000e+00,1.49390261e-01,2.29579437e-02,1.46402456e+02,2.24987848e+01
2.47800000e+00,-1.47650595e-02,2.26795774e-01,3.63918206e-02,6.01199728e-02,-9.57930300e+00,0.00000000e+00,1.49937635e-01,2.30999677e-02,1.46938882e+02,2.26379683e+01
2.48000000e+00,-1.43192315e-02,2.19008010e-01,3.65092078e-02,5.72344053e-02,-9.57930300e+00,0.00000000e+00,1.49832686e-01,2.29756691e-02,1.46836032e+02,2.25161557e+01
2.48200000e+00,-1.38891352e-02,2.11058695e-01,3.66206814e-02,5.42336192e-02,-9.57930300e+00,0.00000000e+00,1.50169340e-01,2.30185943e-02,1.47165953e+02,2.25582224e+01
2.48400000e+00,-1.34751696e-02,2.02850108e-01,3.67261794e-02,5.12885752e-02,-9.57930300e+00,0.00000000e+00,1.52478604e-01,2.32445954e-02,1.49429032e+02,2.27797035e+01
2.48600000e+00,-1.30778150e-02,1.94521151e-01,3.68256082e-02,4.80022909e-02,-9.57930300e+00,0.00000000e+00,1.49704299e-01,2.24456563e-02,1.46710213e+02,2.19967432e+01
2.48800000e+00,-1.26971595e-02,1.86080329e-01,3.69181716e-02,4.46904605e-02,-9.57930300e+00,0.00000000e+00,1.51950961e-01,2.33246122e-02,1.48911942e+02,2.28581200e+01
2.49000000e+00,-1.23335944e-02,1.77488474e-01,3.70042856e-02,4.12520074e-02,-9.57930300e+00,0.00000000e+00,1.50230594e-01,2.23042285e-02,1.47225982e+02,2.18581439e+01
2.49200000e+00,-1.19873284e-02,1.68712523e-01,3.70832904e-02,3.79795815e-02,-9.57930300e+00,0.00000000e+00,1.53390563e-01,2.37873957e-02,1.50322752e+02,2.33116478e+01
2.49400000e+00,-1.16589155e-02,1.59679716e-01,3.71566240e-02,3.53372770e-02,-9.57930300e+00,0.00000000e+00,1.53514921e-01,2.37326884e-02,1.50444622e+02,2.32580346e+01
2.49600000e+00,-1.13486444e-02,1.50594520e-01,3.72243458e-02,3.22545129e-02,-9.57930300e+00,0.00000000e+00,1.52044842e-01,2.29608208e-02,1.49003946e+02,2.25016043e+01
2.49800000e+00,-1.10565744e-02,1.41453885e-01,3.72853960e-02,2.88026511e-02,-9.57930300e+00,0.00000000e+00,1.52388928e-01,2.30465783e-02,1.49341149e+02,2.25856467e+01
2.50000000e+00,-1.07828889e-02,1.32223184e-01,3.73394636e-02,2.52116605e-02,-9.57930300e+00,0.00000000e+00,1.51877637e-01,2.27474727e-02,1.48840084e+02,2.22925233e+01
2.50200000e+00,-1.05277339e-02,1.22914119e-01,3.73861307e-02,2.14528393e-02,-9.57930300e+00,0.00000000e+00,1.52099259e-01,2.27625018e-02,1.49057274e+02,2.23072518e+01
2.50400000e+00,-1.02913587e-02,1.13415767e-01,3.74252922e-02,1.77198163e-02,-9.57930300e+00,0.00000000e+00,1.54332595e-01,2.28590965e-02,1.51245943e+02,2.24019146e+01
2.50600000e+00,-1.00740989e-02,1.03875343e-01,3.74567763e-02,1.36362650e-02,-9.57930300e+00,0.00000000e+00,1.51269742e-01,2.20733342e-02,1.48244347e+02,2.16318675e+01
2.50800000e+00,-9.87588812e-03,9.42886977e-02,3.74798885e-02,9.62962848e-03,-9.57930300e+00,0.00000000e+00,1.53755700e-01,2.30552563e-02,1.50680586e+02,2.25941512e+01
2.51000000e+00,-9.69700260e-03,8.46142938e-02,3.74952413e-02,5.54289184e-03,-9.57930300e+00,0.00000000e+00,1.51820568e-01,2.19287310e-02,1.48784157e+02,2.14901564e+01
2.51200000e+00,-9.53754410e-03,7.47701710e-02,3.75023950e-02,1.95840346e-03,-9.57930300e+00,0.00000000e+00,1.56380000e-01,2.41213006e-02,1.53252400e+02,2.36388745e+01
2.51400000e+00,-9.39810519e-03,6.46511437e-02,3.75038440e-02,-4.72587427e-04,-9.57930300e+00,0.00000000e+00,1.57064850e-01,2.43530012e-02,1.53923553e+02,2.38659412e+01
2.51600000e+00,-9.27891915e-03,5.45626795e-02,3.75001987e-02,-3.36248642e-03,-9.57930300e+00,0.00000000e+00,1.54651585e-01,2.31539463e-02,1.51558553e+02,2.26908674e+01
2.51800000e+00,-9.17979608e-03,4.45617953e-02,3.74899384e-02,-6.93586671e-03,-9.57930300e+00,0.00000000e+00,1.54168342e-01,2.29051584e-02,1.51084975e+02,2.24470552e+01
2.52000000e+00,-9.10064460e-03,3.46019534e-02,3.74722071e-02,-1.08813602e-02,-9.57930300e+00,0.00000000e+00,1.53005701e-01,2.23491250e-02,1.49945587e+02,2.19021425e+01
2.52200000e+00,-9.04136378e-03,2.46788486e-02,3.74462139e-02,-1.51254073e-02,-9.57930300e+00,0.00000000e+00,1.52785464e-01,2.22430876e-02,1.49729755e+02,2.17982258e+01
2.52400000e+00,-9.00199920e-03,1.46507653e-02,3.74117315e-02,-1.93304664e-02,-9.57930300e+00,0.00000000e+00,1.55096637e-01,2.23834275e-02,1.51994704e+02,2.19357589e+01
2.52600000e+00,-8.98274506e-03,4.64616674e-03,3.73687248e-02,-2.37862569e-02,-9.57930300e+00,0.00000000e+00,1.52038503e-01,2.16571375e-02,1.48997733e+02,2.12239948e+01
2.52800000e+00,-8.98340944e-03,-5.35079228e-03,3.73167526e-02,-2.79928947e-02,-9.57930300e+00,0.00000000e+00,1.54882905e-01,2.28339494e-02,1.51785247e+02,2.23772704e+01
2.53000000e+00,-9.00416745e-03,-1.53765924e-02,3.72567686e-02,-3.21764885e-02,-9.57930300e+00,0.00000000e+00,1.52840849e-01,2.16214472e-02,1.49784032e+02,2.11890182e+01
2.53200000e+00,-9.04500184e-03,-2.55314331e-02,3.71885242e-02,-3.56439667e-02,-9.57930300e+00,0.00000000e+00,1.58190437e-01,2.42411734e-02,1.55026629e+02,2.37563499e+01
2.53400000e+00,-9.10647105e-03,-3.59530510e-02,3.71152516e-02,-3.75232047e-02,-9.57930300e+00,0.00000000e+00,1.59534037e-01,2.48513008e-02,1.56343356e+02,2.43542748e+01
2.53600000e+00,-9.18873757e-03,-4.62599567e-02,3.70381429e-02,-3.98350091e-02,-9.57930300e+00,0.00000000e+00,1.56139193e-01,2.32239022e-02,1.53016409e+02,2.27594241e+01
2.53800000e+00,-9.29134159e-03,-5.63129472e-02,3.69551949e-02,-4.32217451e-02,-9.57930300e+00,0.00000000e+00,1.54397138e-01,2.24778587e-02,1.51309195e+02,2.20283016e+01
2.54000000e+00,-9.41387903e-03,-6.62004620e-02,3.68649060e-02,-4.71332271e-02,-9.57930300e+00,0.00000000e+00,1.53232314e-01,2.19950450e-02,1.50167668e+02,2.15551441e+01
2.54200000e+00,-9.55605691e-03,-7.59581955e-02,3.67664554e-02,-5.13545280e-02,-9.57930300e+00,0.00000000e+00,1.52485224e-01,2.16886126e-02,1.49435520e+02,2.12548403e+01
2.54400000e+00,-9.71774617e-03,-8.57674629e-02,3.66596009e-02,-5.54064150e-02,-9.57930300e+00,0.00000000e+00,1.55716549e-01,2.21996875e-02,1.52602218e+02,2.17556937e+01
2.54600000e+00,-9.89908052e-03,-9.55073819e-02,3.65447863e-02,-5.95234464e-02,-9.57930300e+00,0.00000000e+00,1.52305016e-01,2.13894872e-02,1.49258915e+02,2.09616974e+01
2.54800000e+00,-1.00997222e-02,-1.05167073e-01,3.64217413e-02,-6.32893502e-02,-9.57930300e+00,0.00000000e+00,1.55440437e-01,2.27625580e-02,1.52331629e+02,2.23073068e+01
2.55000000e+00,-1.03197206e-02,-1.14784425e-01,3.62916936e-02,-6.69582786e-02,-9.57930300e+00,0.00000000e+00,1.53072117e-01,2.14086720e-02,1.50010675e+02,2.09804986e+01
2.55200000e+00,-1.05589067e-02,-1.24471998e-01,3.61544693e-02,-6.97856203e-02,-9.57930300e+00,0.00000000e+00,1.58994596e-01,2.43343653e-02,1.55814704e+02,2.38476780e+01
2.55400000e+00,-1.08177771e-02,-1.34412345e-01,3.60138622e-02,-7.06464738e-02,-9.57930300e+00,0.00000000e+00,1.61051516e-01,2.53358889e-02,1.57830486e+02,2.48291711e+01
2.55600000e+00,-1.10964475e-02,-1.44189728e-01,3.58717208e-02,-7.17512345e-02,-9.57930300e+00,0.00000000e+00,1.57421194e-01,2.36196911e-02,1.54272770e+02,2.31472972e+01
2.55800000e+00,-1.13942909e-02,-1.53599416e-01,3.57260287e-02,-7.40986491e-02,-9.57930300e+00,0.00000000e+00,1.54852229e-01,2.25203187e-02,1.51755185e+02,2.20699123e+01
2.56000000e+00,-1.17106640e-02,-1.62737462e-01,3.55749032e-02,-7.70804455e-02,-9.57930300e+00,0.00000000e+00,1.53618827e-01,2.20734243e-02,1.50546450e+02,2.16319558e+01
2.56200000e+00,-1.20450733e-02,-1.71624444e-01,3.54173823e-02,-8.05491315e-02,-9.57930300e+00,0.00000000e+00,1.51678949e-01,2.12746786e-02,1.48645370e+02,2.08491850e+01
2.56400000e+00,-1.23971320e-02,-1.80466771e-01,3.52527352e-02,-8.39750687e-02,-9.57930300e+00,0.00000000e+00,1.55413333e-01,2.19293922e-02,1.52305066e+02,2.14908044e+01
2.56600000e+00,-1.27668659e-02,-1.89197276e-01,3.50815599e-02,-8.72842159e-02,-9.57930300e+00,0.00000000e+00,1.52048269e-01,2.12766012e-02,1.49007304e+02,2.08510692e+01
2.56800000e+00,-1.31538174e-02,-1.97772113e-01,3.49038837e-02,-9.01654607e-02,-9.57930300e+00,0.00000000e+00,1.54899658e-01,2.25750051e-02,1.51801664e+02,2.21235050e+01
2.57000000e+00,-1.35578760e-02,-2.06229467e-01,3.47209833e-02,-9.29188002e-02,-9.57930300e+00,0.00000000e+00,1.52566703e-01,2.12848374e-02,1.49515369e+02,2.08591406e+01
2.57200000e+00,-1.39787315e-02,-2.14681289e-01,3.45327817e-02,-9.48124667e-02,-9.57930300e+00,0.00000000e+00,1.58171644e-01,2.41115654e-02,1.55008211e+02,2.36293341e+01
2.57400000e+00,-1.44167257e-02,-2.23319897e-01,3.43430938e-02,-9.46658203e-02,-9.57930300e+00,0.00000000e+00,1.60471659e-01,2.52964999e-02,1.57262225e+02,2.47905699e+01
2.57600000e+00,-1.48718626e-02,-2.31735691e-01,3.41540219e-02,-9.46638624e-02,-9.57930300e+00,0.00000000e+00,1.56645766e-01,2.35376554e-02,1.53512850e+02,2.30669023e+01
2.57800000e+00,-1.53433663e-02,-2.39698250e-01,3.39635788e-02,-9.59510859e-02,-9.57930300e+00,0.00000000e+00,1.53697000e-01,2.23189000e-02,1.50623060e+02,2.18725220e+01
2.58000000e+00,-1.58304320e-02,-2.47325528e-01,3.37698325e-02,-9.78159335e-02,-9.57930300e+00,0.00000000e+00,1.52755878e-01,2.20491939e-02,1.49700761e+02,2.16082100e+01
2.58200000e+00,-1.63324654e-02,-2.54648408e-01,3.35720509e-02,-1.00076866e-01,-9.57930300e+00,0.00000000e+00,1.50652131e-01,2.12058505e-02,1.47639088e+02,2.07817334e+01
2.58400000e+00,-1.68489680e-02,-2.61884716e-01,3.33695937e-02,-1.02234785e-01,-9.57930300e+00,0.00000000e+00,1.54919865e-01,2.19771339e-02,1.51821467e+02,2.15375912e+01
2.58600000e+00,-1.73799033e-02,-2.68969494e-01,3.31632692e-02,-1.04156619e-01,-9.57930300e+00,0.00000000e+00,1.51416175e-01,2.14074007e-02,1.48387852e+02,2.09792527e+01
2.58800000e+00,-1.79246941e-02,-2.75826544e-01,3.29532678e-02,-1.05627675e-01,-9.57930300e+00,0.00000000e+00,1.54017785e-01,2.26240049e-02,1.50937430e+02,2.21715248e+01
2.59000000e+00,-1.84830834e-02,-2.82494604e-01,3.27408238e-02,-1.07000787e-01,-9.57930300e+00,0.00000000e+00,1.51530760e-01,2.13099794e-02,1.48500145e+02,2.08837799e+01
2.59200000e+00,-1.90546224e-02,-2.89087507e-01,3.25258100e-02,-1.07556073e-01,-9.57930300e+00,0.00000000e+00,1.56900448e-01,2.40338735e-02,1.53762439e+02,2.35531960e+01
2.59400000e+00,-1.96395109e-02,-2.95796574e-01,3.23119217e-02,-1.06128218e-01,-9.57930300e+00,0.00000000e+00,1.58992413e-01,2.51665397e-02,1.55812565e+02,2.46632089e+01
2.59600000e+00,-2.02376210e-02,-3.02224121e-01,3.21012026e-02,-1.04842110e-01,-9.57930300e+00,0.00000000e+00,1.55177997e-01,2.34346933e-02,1.52074437e+02,2.29659995e+01
2.59800000e+00,-2.08480859e-02,-3.08169493e-01,3.18917839e-02,-1.04709861e-01,-9.57930300e+00,0.00000000e+00,1.52684100e-01,2.24453088e-02,1.49630418e+02,2.19964026e+01
2.60000000e+00,-2.14700527e-02,-3.13745396e-01,3.16820460e-02,-1.05053285e-01,-9.57930300e+00,0.00000000e+00,1.51598779e-01,2.21367595e-02,1.48566804e+02,2.16940243e+01
2.60200000e+00,-2.21028383e-02,-3.18977545e-01,3.14713488e-02,-1.05729591e-01,-9.57930300e+00,0.00000000e+00,1.49795481e-01,2.14458352e-02,1.46799571e+02,2.10169185e+01
2.60400000e+00,-2.27459187e-02,-3.24143424e-01,3.12593746e-02,-1.06035464e-01,-9.57930300e+00,0.00000000e+00,1.55278937e-01,2.26116875e-02,1.52173358e+02,2.21594537e+01
2.60600000e+00,-2.33992801e-02,-3.29111509e-01,3.10473651e-02,-1.06104093e-01,-9.57930300e+00,0.00000000e+00,1.50486419e-01,2.16409166e-02,1.47476691e+02,2.12080982e+01
2.60800000e+00,-2.40621500e-02,-3.33757550e-01,3.08351552e-02,-1.05877312e-01,-9.57930300e+00,0.00000000e+00,1.53145832e-01,2.29285952e-02,1.50082915e+02,2.24700233e+01
2.61000000e+00,-2.47341533e-02,-3.38168081e-01,3.06239214e-02,-1.05552225e-01,-9.57930300e+00,0.00000000e+00,1.50450589e-01,2.15452871e-02,1.47441578e+02,2.11143813e+01
2.61200000e+00,-2.54147292e-02,-3.42438924e-01,3.04134132e-02,-1.04527045e-01,-9.57930300e+00,0.00000000e+00,1.55420111e-01,2.40971216e-02,1.52311709e+02,2.36151792e+01
2.61400000e+00,-2.61039362e-02,-3.46750459e-01,3.02069929e-02,-1.01732519e-01,-9.57930300e+00,0.00000000e+00,1.57009972e-01,2.49631865e-02,1.53869773e+02,2.44639228e+01
2.61600000e+00,-2.68015186e-02,-3.50743326e-01,3.00063657e-02,-9.91139423e-02,-9.57930300e+00,0.00000000e+00,1.53651580e-01,2.34400339e-02,1.50578549e+02,2.29712332e+01
2.61800000e+00,-2.75066005e-02,-3.54272766e-01,2.98099371e-02,-9.73953925e-02,-9.57930300e+00,0.00000000e+00,1.51921996e-01,2.27926825e-02,1.48883556e+02,2.23368289e+01
2.62000000e+00,-2.82183663e-02,-3.57437231e-01,2.96165795e-02,-9.59838237e-02,-9.57930300e+00,0.00000000e+00,1.50920274e-01,2.25188704e-02,1.47901869e+02,2.20684930e+01
2.62200000e+00,-2.89361221e-02,-3.60260815e-01,2.94258811e-02,-9.47532272e-02,-9.57930300e+00,0.00000000e+00,1.49804000e-01,2.21398769e-02,1.46807920e+02,2.16970793e+01
2.62400000e+00,-2.96593815e-02,-3.63042299e-01,2.92378995e-02,-9.30234353e-02,-9.57930300e+00,0.00000000e+00,1.55829471e-01,2.32975149e-02,1.52712881e+02,2.28315646e+01
2.62600000e+00,-3.03881262e-02,-3.65576046e-01,2.90538331e-02,-9.12249238e-02,-9.57930300e+00,0.00000000e+00,1.49953133e-01,2.20203591e-02,1.46954070e+02,2.15799520e+01
2.62800000e+00,-3.11214216e-02,-3.67713740e-01,2.88730826e-02,-8.93022258e-02,-9.57930300e+00,0.00000000e+00,1.52552080e-01,2.32992737e-02,1.49501038e+02,2.28332882e+01
2.63000000e+00,-3.18588149e-02,-3.69602122e-01,2.86967383e-02,-8.72084655e-02,-9.57930300e+00,0.00000000e+00,1.50138908e-01,2.21265762e-02,1.47136130e+02,2.16840447e+01
2.63200000e+00,-3.25996892e-02,-3.71279185e-01,2.85245523e-02,-8.46595200e-02,-9.57930300e+00,0.00000000e+00,1.53655255e-01,2.40078176e-02,1.50582150e+02,2.35276612e+01
2.63400000e+00,-3.33438772e-02,-3.72874532e-01,2.83588946e-02,-8.09190921e-02,-9.57930300e+00,0.00000000e+00,1.54297754e-01,2.43893512e-02,1.51211799e+02,2.39015642e+01
2.63600000e+00,-3.40909647e-02,-3.74135950e-01,2.82007384e-02,-7.73848210e-02,-9.57930300e+00,0.00000000e+00,1.51945455e-01,2.33476539e-02,1.48906545e+02,2.28807008e+01
2.63800000e+00,-3.48401571e-02,-3.75001616e-01,2.80490207e-02,-7.43524395e-02,-9.57930300e+00,0.00000000e+00,1.51162156e-01,2.31178990e-02,1.48138913e+02,2.26555410e+01
2.64000000e+00,-3.55907497e-02,-3.75535012e-01,2.79032418e-02,-7.14502769e-02,-9.57930300e+00,0.00000000e+00,1.50306080e-01,2.28648744e-02,1.47299959e+02,2.24075769e+01
2.64200000e+00,-3.63420918e-02,-3.75760433e-01,2.77632028e-02,-6.85732075e-02,-9.57930300e+00,0.00000000e+00,1.50097904e-01,2.28640047e-02,1.47095946e+02,2.24067246e+01
2.64400000e+00,-3.70937536e-02,-3.75929141e-01,2.76293451e-02,-6.51020432e-02,-9.57930300e+00,0.00000000e+00,1.55116257e-01,2.39193126e-02,1.52013932e+02,2.34409264e+01
2.64600000e+00,-3.78456273e-02,-3.75826204e-01,2.75027852e-02,-6.16450132e-02,-9.57930300e+00,0.00000000e+00,1.49887993e-01,2.26520498e-02,1.46890233e+02,2.21990088e+01
2.64800000e+00,-3.85968005e-02,-3.75336439e-01,2.73827710e-02,-5.81790895e-02,-9.57930300e+00,0.00000000e+00,1.52211077e-01,2.37651945e-02,1.49166855e+02,2.32898906e+01
2.65000000e+00,-3.93467891e-02,-3.74570764e-01,2.72700785e-02,-5.46986815e-02,-9.57930300e+00,0.00000000e+00,1.49565866e-01,2.25199667e-02,1.46574549e+02,2.20695674e+01
2.65200000e+00,-4.00949055e-02,-3.73537958e-01,2.71640470e-02,-5.11123234e-02,-9.57930300e+00,0.00000000e+00,1.52080174e-01,2.38347365e-02,1.49038570e+02,2.33580417e+01
2.65400000e+00,-4.08408404e-02,-3.72354430e-01,2.70661181e-02,-4.67926708e-02,-9.57930300e+00,0.00000000e+00,1.52137834e-01,2.39175014e-02,1.49095077e+02,2.34391514e+01
2.65600000e+00,-4.15841022e-02,-3.70839371e-01,2.69767246e-02,-4.27005429e-02,-9.57930300e+00,0.00000000e+00,1.50406503e-01,2.32277456e-02,1.47398373e+02,2.27631907e+01
2.65800000e+00,-4.23239795e-02,-3.68996765e-01,2.68951843e-02,-3.88058824e-02,-9.57930300e+00,0.00000000e+00,1.50531109e-01,2.33849549e-02,1.47520487e+02,2.29172558e+01
2.66000000e+00,-4.30599153e-02,-3.66893238e-01,2.68215762e-02,-3.47985910e-02,-9.57930300e+00,0.00000000e+00,1.50325524e-01,2.33573697e-02,1.47319013e+02,2.28902223e+01
2.66200000e+00,-4.37913619e-02,-3.64503805e-01,2.67559732e-02,-3.08163594e-02,-9.57930300e+00,0.00000000e+00,1.49830763e-01,2.32370055e-02,1.46834148e+02,2.27722654e+01
2.66400000e+00,-4.45178428e-02,-3.61982833e-01,2.66985806e-02,-2.64292973e-02,-9.57930300e+00,0.00000000e+00,1.53192582e-01,2.41233895e-02,1.50128731e+02,2.36409217e+01
2.66600000e+00,-4.52391316e-02,-3.59219500e-01,2.66502553e-02,-2.20433030e-02,-9.57930300e+00,0.00000000e+00,1.50066439e-01,2.31638774e-02,1.47065110e+02,2.27005998e+01
2.66800000e+00,-4.59544881e-02,-3.56107167e-01,2.66102679e-02,-1.78666895e-02,-9.57930300e+00,0.00000000e+00,1.50889599e-01,2.36251012e-02,1.47871807e+02,2.31525991e+01
2.67000000e+00,-4.66633878e-02,-3.52736062e-01,2.65788065e-02,-1.36630538e-02,-9.57930300e+00,0.00000000e+00,1.49820098e-01,2.31739084e-02,1.46823696e+02,2.27104302e+01
2.67200000e+00,-4.73652602e-02,-3.49106711e-01,2.65556213e-02,-9.45093873e-03,-9.57930300e+00,0.00000000e+00,1.50599325e-01,2.36080877e-02,1.47587338e+02,2.31359259e+01
2.67400000e+00,-4.80596858e-02,-3.45284145e-01,2.65412196e-02,-4.91364793e-03,-9.57930300e+00,0.00000000e+00,1.50989409e-01,2.38340419e-02,1.47969621e+02,2.33573611e+01
2.67600000e+00,-4.87462241e-02,-3.41202630e-01,2.65359122e-02,-4.58118709e-04,-9.57930300e+00,0.00000000e+00,1.50169230e-01,2.34270432e-02,1.47165846e+02,2.29585023e+01
2.67800000e+00,-4.94243346e-02,-3.36878492e-01,2.65393724e-02,3.97528233e-03,-9.57930300e+00,0.00000000e+00,1.50873091e-01,2.37907516e-02,1.47855629e+02,2.33149366e+01
2.68000000e+00,-5.00935888e-02,-3.32330432e-01,2.65518749e-02,8.50107595e-03,-9.57930300e+00,0.00000000e+00,1.50418419e-01,2.36369782e-02,1.47410050e+02,2.31642386e+01
2.68200000e+00,-5.07534803e-02,-3.27518457e-01,2.65732833e-02,1.28869111e-02,-9.57930300e+00,0.00000000e+00,1.50112453e-01,2.35257636e-02,1.47110204e+02,2.30552483e+01
2.68400000e+00,-5.14035038e-02,-3.22468198e-01,2.66034628e-02,1.73330571e-02,-9.57930300e+00,0.00000000e+00,1.50177120e-01,2.38048861e-02,1.47173577e+02,2.33287883e+01
2.68600000e+00,-5.20432367e-02,-3.17243307e-01,2.66427153e-02,2.19287243e-02,-9.57930300e+00,0.00000000e+00,1.51275321e-01,2.38938116e-02,1.48249815e+02,2.34159354e+01
2.68800000e+00,-5.26723437e-02,-3.11818487e-01,2.66910830e-02,2.63824474e-02,-9.57930300e+00,0.00000000e+00,1.50662840e-01,2.35742011e-02,1.47649583e+02,2.31027171e+01
2.69000000e+00,-5.32903575e-02,-3.06163948e-01,2.67481802e-02,3.07388692e-02,-9.57930300e+00,0.00000000e+00,1.50975347e-01,2.37693753e-02,1.47955840e+02,2.32939878e+01
2.69200000e+00,-5.38968558e-02,-3.00293836e-01,2.68140095e-02,3.50517597e-02,-9.57930300e+00,0.00000000e+00,1.50600264e-01,2.35750945e-02,1.47588259e+02,2.31035926e+01
2.69400000e+00,-5.44913875e-02,-2.94205748e-01,2.68883205e-02,3.92646456e-02,-9.57930300e+00,0.00000000e+00,1.50759890e-01,2.36639066e-02,1.47744693e+02,2.31906285e+01
2.69600000e+00,-5.50735477e-02,-2.87921118e-01,2.69710488e-02,4.34486680e-02,-9.57930300e+00,0.00000000e+00,1.50785431e-01,2.36309796e-02,1.47769723e+02,2.31583600e+01
2.69800000e+00,-5.56429373e-02,-2.81434533e-01,2.70620501e-02,4.75350906e-02,-9.57930300e+00,0.00000000e+00,1.50715135e-01,2.35873713e-02,1.47700832e+02,2.31156238e+01
2.70000000e+00,-5.61991592e-02,-2.74758043e-01,2.71611537e-02,5.15682620e-02,-9.57930300e+00,0.00000000e+00,1.50915610e-01,2.36591355e-02,1.47897298e+02,2.31859528e+01
2.70200000e+00,-5.67418536e-02,-2.67907721e-01,2.72683429e-02,5.56310399e-02,-9.57930300e+00,0.00000000e+00,1.51111101e-01,2.38009885e-02,1.48088879e+02,2.33249688e+01
2.70400000e+00,-5.72705476e-02,-2.60693569e-01,2.73834084e-02,5.92896961e-02,-9.57930300e+00,0.00000000e+00,1.46758840e-01,2.29737102e-02,1.43823663e+02,2.25142360e+01
2.70600000e+00,-5.77845670e-02,-2.53388134e-01,2.75056462e-02,6.31650401e-02,-9.57930300e+00,0.00000000e+00,1.53204195e-01,2.44289489e-02,1.50140111e+02,2.39403699e+01
2.70800000e+00,-5.82841242e-02,-2.46118831e-01,2.76362452e-02,6.73054462e-02,-9.57930300e+00,0.00000000e+00,1.51710641e-01,2.37149034e-02,1.48676428e+02,2.32406053e+01
2.71000000e+00,-5.87689219e-02,-2.38668848e-01,2.77747548e-02,7.12760779e-02,-9.57930300e+00,0.00000000e+00,1.52970078e-01,2.42688719e-02,1.49910676e+02,2.37834945e+01
2.71200000e+00,-5.92387049e-02,-2.31076905e-01,2.79213251e-02,7.52101116e-02,-9.57930300e+00,0.00000000e+00,1.52259207e-01,2.38458301e-02,1.49214023e+02,2.33689135e+01
2.71400000e+00,-5.96931167e-02,-2.23315792e-01,2.80754501e-02,7.89264008e-02,-9.57930300e+00,0.00000000e+00,1.52758102e-01,2.40304923e-02,1.49702940e+02,2.35498824e+01
2.71600000e+00,-6.01318833e-02,-2.15427478e-01,2.82370046e-02,8.26035154e-02,-9.57930300e+00,0.00000000e+00,1.52900736e-01,2.39928840e-02,1.49842721e+02,2.35130263e+01
2.71800000e+00,-6.05547347e-02,-2.07401214e-01,2.84057682e-02,8.61367048e-02,-9.57930300e+00,0.00000000e+00,1.53019092e-01,2.39680321e-02,1.49958710e+02,2.34886714e+01
2.72000000e+00,-6.09614014e-02,-1.99244795e-01,2.85814501e-02,8.95179287e-02,-9.57930300e+00,0.00000000e+00,1.53212285e-01,2.39234912e-02,1.50148039e+02,2.34450214e+01
2.72200000e+00,-6.13516362e-02,-1.90971861e-01,2.87637894e-02,9.28233082e-02,-9.57930300e+00,0.00000000e+00,1.53515735e-01,2.40679709e-02,1.50445420e+02,2.35866115e+01
2.72400000e+00,-6.17249640e-02,-1.82211725e-01,2.89520780e-02,9.51309040e-02,-9.57930300e+00,0.00000000e+00,1.44910410e-01,2.20970473e-02,1.42012201e+02,2.16551063e+01
2.72600000e+00,-6.20804660e-02,-1.73425923e-01,2.91444517e-02,9.76465043e-02,-9.57930300e+00,0.00000000e+00,1.55854478e-01,2.47785303e-02,1.52737388e+02,2.42829597e+01
2.72800000e+00,-6.24188159e-02,-1.64862410e-01,2.93430068e-02,1.00676229e-01,-9.57930300e+00,0.00000000e+00,1.52901430e-01,2.34585139e-02,1.49843402e+02,2.29893436e+01
2.73000000e+00,-6.27398132e-02,-1.56145324e-01,2.95469499e-02,1.03395790e-01,-9.57930300e+00,0.00000000e+00,1.54921894e-01,2.44177864e-02,1.51823456e+02,2.39294306e+01
2.73200000e+00,-6.30433528e-02,-1.47361682e-01,2.97565772e-02,1.06096298e-01,-9.57930300e+00,0.00000000e+00,1.53859793e-01,2.37168304e-02,1.50782597e+02,2.32424938e+01
2.73400000e+00,-6.33291766e-02,-1.38453089e-01,2.99710615e-02,1.08386499e-01,-9.57930300e+00,0.00000000e+00,1.54371701e-01,2.38620236e-02,1.51284267e+02,2.33847832e+01
2.73600000e+00,-6.35971447e-02,-1.29513871e-01,3.01901871e-02,1.10772476e-01,-9.57930300e+00,0.00000000e+00,1.55368137e-01,2.42299397e-02,1.52260774e+02,2.37453409e+01
2.73800000e+00,-6.38471807e-02,-1.20497542e-01,3.04140138e-02,1.12952121e-01,-9.57930300e+00,0.00000000e+00,1.54647641e-01,2.37477539e-02,1.51554688e+02,2.32727988e+01
2.74000000e+00,-6.40791026e-02,-1.11432741e-01,3.06418654e-02,1.14936425e-01,-9.57930300e+00,0.00000000e+00,1.56165759e-01,2.41446269e-02,1.53042444e+02,2.36617343e+01
2.74200000e+00,-6.42929033e-02,-1.02355344e-01,3.08737156e-02,1.16854871e-01,-9.57930300e+00,0.00000000e+00,1.56135609e-01,2.39399231e-02,1.53012897e+02,2.34611247e+01
2.74400000e+00,-6.44881265e-02,-9.26818019e-02,3.11082888e-02,1.17279474e-01,-9.57930300e+00,0.00000000e+00,1.43867799e-01,2.13438030e-02,1.40990443e+02,2.09169270e+01
2.74600000e+00,-6.46636965e-02,-8.31071792e-02,3.13432859e-02,1.18382460e-01,-9.57930300e+00,0.00000000e+00,1.59920300e-01,2.56993803e-02,1.56721894e+02,2.51853927e+01
2.74800000e+00,-6.48208387e-02,-7.39577095e-02,3.15823609e-02,1.20298913e-01,-9.57930300e+00,0.00000000e+00,1.55122318e-01,2.33918631e-02,1.52019872e+02,2.29240258e+01
2.75000000e+00,-6.49594266e-02,-6.46571586e-02,3.18240021e-02,1.21496228e-01,-9.57930300e+00,0.00000000e+00,1.57559338e-01,2.45346864e-02,1.54408151e+02,2.40439927e+01
2.75200000e+00,-6.50794859e-02,-5.53844812e-02,3.20683698e-02,1.22729520e-01,-9.57930300e+00,0.00000000e+00,1.56791497e-01,2.38159132e-02,1.53655667e+02,2.33395950e+01
2.75400000e+00,-6.51809392e-02,-4.60738236e-02,3.23146737e-02,1.23593080e-01,-9.57930300e+00,0.00000000e+00,1.57538056e-01,2.41101367e-02,1.54387294e+02,2.36279339e+01
2.75600000e+00,-6.52638214e-02,-3.68234441e-02,3.25628433e-02,1.24608452e-01,-9.57930300e+00,0.00000000e+00,1.58914443e-01,2.44886918e-02,1.55736154e+02,2.39989180e+01
2.75800000e+00,-6.53282241e-02,-2.75598157e-02,3.28128968e-02,1.25307780e-01,-9.57930300e+00,0.00000000e+00,1.57791932e-01,2.38036400e-02,1.54636093e+02,2.33275672e+01
2.76000000e+00,-6.53740895e-02,-1.83394849e-02,3.30640423e-02,1.25958899e-01,-9.57930300e+00,0.00000000e+00,1.60338379e-01,2.47460631e-02,1.57131611e+02,2.42511419e+01
2.76200000e+00,-6.54016257e-02,-9.18458959e-03,3.33167294e-02,1.26605557e-01,-9.57930300e+00,0.00000000e+00,1.59583086e-01,2.41549446e-02,1.56391424e+02,2.36718457e+01
2.76400000e+00,-6.54103828e-02,6.37763124e-04,3.35691621e-02,1.25298851e-01,-9.57930300e+00,0.00000000e+00,1.44852391e-01,2.10068845e-02,1.41955343e+02,2.05867468e+01
2.76600000e+00,-6.53992083e-02,1.02596312e-02,3.38184933e-02,1.24844753e-01,-9.57930300e+00,0.00000000e+00,1.64217063e-01,2.63012731e-02,1.60932722e+02,2.57752476e+01
2.76800000e+00,-6.53697086e-02,1.93350505e-02,3.40690961e-02,1.25223142e-01,-9.57930300e+00,0.00000000e+00,1.57417290e-01,2.31119094e-02,1.54268944e+02,2.26496712e+01
2.77000000e+00,-6.53217791e-02,2.85439752e-02,3.43187132e-02,1.24592507e-01,-9.57930300e+00,0.00000000e+00,1.60743930e-01,2.45402620e-02,1.57529051e+02,2.40494568e+01
2.77200000e+00,-6.52556060e-02,3.76430167e-02,3.45675114e-02,1.24029851e-01,-9.57930300e+00,0.00000000e+00,1.59481861e-01,2.36101839e-02,1.56292224e+02,2.31379802e+01
2.77400000e+00,-6.51712460e-02,4.66836158e-02,3.48146414e-02,1.23180303e-01,-9.57930300e+00,0.00000000e+00,1.61457957e-01,2.42914965e-02,1.58228798e+02,2.38056666e+01
2.77600000e+00,-6.50689902e-02,5.55462544e-02,3.50604673e-02,1.22682658e-01,-9.57930300e+00,0.00000000e+00,1.62841865e-01,2.47002264e-02,1.59585028e+02,2.42062219e+01
2.77800000e+00,-6.49491125e-02,6.43316526e-02,3.53051866e-02,1.21906944e-01,-9.57930300e+00,0.00000000e+00,1.62320125e-01,2.40576932e-02,1.59073723e+02,2.35765394e+01
2.78000000e+00,-6.48117379e-02,7.30056005e-02,3.55480575e-02,1.21074939e-01,-9.57930300e+00,0.00000000e+00,1.64360294e-01,2.49294138e-02,1.61073088e+02,2.44308256e+01
2.78200000e+00,-6.46571489e-02,8.15912705e-02,3.57893480e-02,1.20035440e-01,-9.57930300e+00,0.00000000e+00,1.63156004e-01,2.39672153e-02,1.59892884e+02,2.34878710e+01
2.78400000e+00,-6.44848626e-02,9.09422234e-02,3.60265804e-02,1.16567984e-01,-9.57930300e+00,0.00000000e+00,1.45108402e-01,2.01731899e-02,1.42206234e+02,1.97697261e+01
2.78600000e+00,-6.42935962e-02,9.99690292e-02,3.62564001e-02,1.14270514e-01,-9.57930300e+00,0.00000000e+00,1.69207399e-01,2.67526847e-02,1.65823251e+02,2.62176310e+01
2.78800000e+00,-6.40854736e-02,1.08265069e-01,3.64843641e-02,1.13025499e-01,-9.57930300e+00,0.00000000e+00,1.60518912e-01,2.27081940e-02,1.57308534e+02,2.22540301e+01
2.79000000e+00,-6.38604241e-02,1.16728822e-01,3.67075519e-02,1.10355270e-01,-9.57930300e+00,0.00000000e+00,1.63486019e-01,2.40811661e-02,1.60216299e+02,2.35995427e+01
2.79200000e+00,-6.36186710e-02,1.25023553e-01,3.69258324e-02,1.07756018e-01,-9.57930300e+00,0.00000000e+00,1.62528865e-01,2.31699951e-02,1.59278288e+02,2.27065952e+01
2.79400000e+00,-6.33604227e-02,1.33178982e-01,3.71384375e-02,1.04948966e-01,-9.57930300e+00,0.00000000e+00,1.64666477e-01,2.39499036e-02,1.61373148e+02,2.34709055e+01
2.79600000e+00,-6.30861302e-02,1.41071828e-01,3.73460366e-02,1.02754235e-01,-9.57930300e+00,0.00000000e+00,1.66457995e-01,2.47527653e-02,1.63128835e+02,2.42577100e+01
2.79800000e+00,-6.27961916e-02,1.48880435e-01,3.75491864e-02,1.00157566e-01,-9.57930300e+00,0.00000000e+00,1.64299870e-01,2.33974102e-02,1.61013873e+02,2.29294620e+01
2.80000000e+00,-6.24906927e-02,1.56562723e-01,3.77465136e-02,9.73309650e-02,-9.57930300e+00,0.00000000e+00,1.66947468e-01,2.45532555e-02,1.63608518e+02,2.40621904e+01
2.80200000e+00,-6.21700844e-02,1.64029468e-01,3.79386352e-02,9.46918284e-02,-9.57930300e+00,0.00000000e+00,1.66749866e-01,2.40663940e-02,1.63414869e+02,2.35850661e+01
2.80400000e+00,-6.18340470e-02,1.72287816e-01,3.81235597e-02,8.94713345e-02,-9.57930300e+00,0.00000000e+00,1.45739198e-01,1.94009807e-02,1.42824414e+02,1.90129611e+01
2.80600000e+00,-6.14811744e-02,1.80184287e-01,3.82973213e-02,8.54515075e-02,-9.57930300e+00,0.00000000e+00,1.72359254e-01,2.68369409e-02,1.68912069e+02,2.63002021e+01
2.80800000e+00,-6.11139075e-02,1.87184279e-01,3.84663884e-02,8.29657103e-02,-9.57930300e+00,0.00000000e+00,1.63717605e-01,2.28631855e-02,1.60443253e+02,2.24059217e+01
2.81000000e+00,-6.07323761e-02,1.94276077e-01,3.86283191e-02,7.91824818e-02,-9.57930300e+00,0.00000000e+00,1.67128669e-01,2.43465932e-02,1.63786095e+02,2.38596613e+01
2.81200000e+00,-6.03369487e-02,2.01149686e-01,3.87831215e-02,7.54040881e-02,-9.57930300e+00,0.00000000e+00,1.65616194e-01,2.30959342e-02,1.62303870e+02,2.26340155e+01
2.81400000e+00,-5.99279161e-02,2.07815164e-01,3.89298933e-02,7.15624033e-02,-9.57930300e+00,0.00000000e+00,1.68680584e-01,2.44250664e-02,1.65306972e+02,2.39365650e+01
2.81600000e+00,-5.95059160e-02,2.14138710e-01,3.90698748e-02,6.84762144e-02,-9.57930300e+00,0.00000000e+00,1.70187311e-01,2.48829778e-02,1.66783564e+02,2.43853183e+01
2.81800000e+00,-5.90714573e-02,2.20318295e-01,3.92035479e-02,6.50146893e-02,-9.57930300e+00,0.00000000e+00,1.68523232e-01,2.38295354e-02,1.65152768e+02,2.33529447e+01
2.82000000e+00,-5.86247618e-02,2.26319365e-01,3.93297807e-02,6.13238742e-02,-9.57930300e+00,0.00000000e+00,1.70736957e-01,2.45835797e-02,1.67322218e+02,2.40919081e+01
2.82200000e+00,-5.81663309e-02,2.32093731e-01,3.94488583e-02,5.76553856e-02,-9.57930300e+00,0.00000000e+00,1.70102040e-01,2.40479670e-02,1.66699999e+02,2.35670077e+01
2.82400000e+00,-5.76958470e-02,2.38677932e-01,3.95585845e-02,5.12606378e-02,-9.57930300e+00,0.00000000e+00,1.47998295e-01,1.90201889e-02,1.45038329e+02,1.86397851e+01
2.82600000e+00,-5.72118870e-02,2.44860569e-01,3.96547204e-02,4.60948619e-02,-9.57930300e+00,0.00000000e+00,1.75561764e-01,2.67675238e-02,1.72050529e+02,2.62321733e+01
2.82800000e+00,-5.67170416e-02,2.50087900e-01,3.97440481e-02,4.25553224e-02,-9.57930300e+00,0.00000000e+00,1.66302639e-01,2.25624409e-02,1.62976587e+02,2.21111921e+01
2.83000000e+00,-5.62114924e-02,2.55379675e-01,3.98241095e-02,3.77675810e-02,-9.57930300e+00,0.00000000e+00,1.69950884e-01,2.42639805e-02,1.66551866e+02,2.37787009e+01
2.83200000e+00,-5.56957129e-02,2.60386515e-01,3.98953043e-02,3.32587008e-02,-9.57930300e+00,0.00000000e+00,1.68770838e-01,2.32512492e-02,1.65395422e+02,2.27862242e+01
2.83400000e+00,-5.51700597e-02,2.65223268e-01,3.99569518e-02,2.84610690e-02,-9.57930300e+00,0.00000000e+00,1.69654257e-01,2.37479464e-02,1.66261172e+02,2.32729874e+01
2.83600000e+00,-5.46350461e-02,2.69720607e-01,4.00096196e-02,2.43698686e-02,-9.57930300e+00,0.00000000e+00,1.72353238e-01,2.48110257e-02,1.68906173e+02,2.43148052e+01
2.83800000e+00,-5.40912959e-02,2.74040012e-01,4.00542294e-02,1.99759858e-02,-9.57930300e+00,0.00000000e+00,1.69390888e-01,2.31780295e-02,1.66003070e+02,2.27144689e+01
2.84000000e+00,-5.35389987e-02,2.78190397e-01,4.00892888e-02,1.52299262e-02,-9.57930300e+00,0.00000000e+00,1.71811460e-01,2.41238879e-02,1.68375231e+02,2.36414102e+01
2.84200000e+00,-5.29787071e-02,2.82081681e-01,4.01151774e-02,1.05263384e-02,-9.57930300e+00,0.00000000e+00,1.70887533e-01,2.33060276e-02,1.67469782e+02,2.28399071e+01
2.84400000e+00,-5.24101481e-02,2.86758820e-01,4.01295673e-02,3.08298658e-03,-9.57930300e+00,0.00000000e+00,1.48824786e-01,1.83963957e-02,1.45848290e+02,1.80284678e+01
2.84600000e+00,-5.18319460e-02,2.91024705e-01,4.01284084e-02,-3.01228409e-03,-9.57930300e+00,0.00000000e+00,1.75796527e-01,2.61369858e-02,1.72280596e+02,2.56142461e+01
2.84800000e+00,-5.12467190e-02,2.94285912e-01,4.01187725e-02,-7.22608962e-03,-9.57930300e+00,0.00000000e+00,1.67537057e-01,2.23333024e-02,1.64186315e+02,2.18866364e+01
2.85000000e+00,-5.06548074e-02,2.97539568e-01,4.00988681e-02,-1.23937295e-02,-9.57930300e+00,0.00000000e+00,1.71154679e-01,2.41086766e-02,1.67731585e+02,2.36265031e+01
2.85200000e+00,-5.00567675e-02,3.00483076e-01,4.00694713e-02,-1.71508372e-02,-9.57930300e+00,0.00000000e+00,1.69914516e-01,2.31548961e-02,1.66516226e+02,2.26917982e+01
2.85400000e+00,-4.94529820e-02,3.03266314e-01,4.00299956e-02,-2.23117413e-02,-9.57930300e+00,0.00000000e+00,1.69982398e-01,2.32068252e-02,1.66582750e+02,2.27426887e+01
2.85600000e+00,-4.88439297e-02,3.05708468e-01,3.99806577e-02,-2.68227017e-02,-9.57930300e+00,0.00000000e+00,1.72923191e-01,2.44505705e-02,1.69464727e+02,2.39615591e+01
2.85800000e+00,-4.82302924e-02,3.07934092e-01,3.99226375e-02,-3.14345265e-02,-9.57930300e+00,0.00000000e+00,1.70041903e-01,2.29140102e-02,1.66641064e+02,2.24557300e+01
2.86000000e+00,-4.76123244e-02,3.09963169e-01,3.98547945e-02,-3.62339797e-02,-9.57930300e+00,0.00000000e+00,1.72479910e-01,2.39618500e-02,1.69030312e+02,2.34826130e+01
2.86200000e+00,-4.69906338e-02,3.11701247e-01,3.97778924e-02,-4.07471634e-02,-9.57930300e+00,0.00000000e+00,1.71773958e-01,2.34068399e-02,1.68338479e+02,2.29387031e+01
2.86400000e+00,-4.63650121e-02,3.14200256e-01,3.96899593e-02,-4.80297241e-02,-9.57930300e+00,0.00000000e+00,1.49600892e-01,1.80259332e-02,1.46608874e+02,1.76654145e+01
2.86600000e+00,-4.57340696e-02,3.16344109e-01,3.95864593e-02,-5.42839731e-02,-9.57930300e+00,0.00000000e+00,1.74932857e-01,2.54204474e-02,1.71434199e+02,2.49120384e+01
2.86800000e+00,-4.51003130e-02,3.17471914e-01,3.94742533e-02,-5.83934035e-02,-9.57930300e+00,0.00000000e+00,1.68174057e-01,2.23691012e-02,1.64810576e+02,2.19217191e+01
2.87000000e+00,-4.44642043e-02,3.18566192e-01,3.93523521e-02,-6.33031712e-02,-9.57930300e+00,0.00000000e+00,1.70528350e-01,2.35684813e-02,1.67117783e+02,2.30971116e+01
2.87200000e+00,-4.38262302e-02,3.19387546e-01,3.92212843e-02,-6.78475261e-02,-9.57930300e+00,0.00000000e+00,1.69347028e-01,2.29506843e-02,1.65960087e+02,2.24916706e+01
2.87400000e+00,-4.31867722e-02,3.20031712e-01,3.90808195e-02,-7.26055973e-02,-9.57930300e+00,0.00000000e+00,1.69451503e-01,2.29211733e-02,1.66062473e+02,2.24627498e+01
2.87600000e+00,-4.25463149e-02,3.20358563e-01,3.89312290e-02,-7.68131221e-02,-9.57930300e+00,0.00000000e+00,1.71535207e-01,2.38943688e-02,1.68104503e+02,2.34164814e+01
2.87800000e+00,-4.19054863e-02,3.20462863e-01,3.87735712e-02,-8.10143335e-02,-9.57930300e+00,0.00000000e+00,1.69421131e-01,2.27108452e-02,1.66032709e+02,2.22566283e+01
2.88000000e+00,-4.12645949e-02,3.20370048e-01,3.86071100e-02,-8.53079454e-02,-9.57930300e+00,0.00000000e+00,1.70909374e-01,2.34644276e-02,1.67491187e+02,2.29951390e+01
2.88200000e+00,-4.06241806e-02,3.20015562e-01,3.84325562e-02,-8.92764524e-02,-9.57930300e+00,0.00000000e+00,1.70306452e-01,2.31454854e-02,1.66900323e+02,2.26825757e+01
2.88400000e+00,-3.99841476e-02,3.20238621e-01,3.82484607e-02,-9.55599002e-02,-9.57930300e+00,0.00000000e+00,1.52188957e-01,1.83446322e-02,1.49145178e+02,1.79777396e+01
2.88600000e+00,-3.93434213e-02,3.20168941e-01,3.80508638e-02,-1.01022883e-01,-9.57930300e+00,0.00000000e+00,1.71917579e-01,2.45880058e-02,1.68479228e+02,2.40962457e+01
2.88800000e+00,-3.87040548e-02,3.19224745e-01,3.78458134e-02,-1.04319631e-01,-9.57930300e+00,0.00000000e+00,1.67400793e-01,2.25998579e-02,1.64052777e+02,2.21478608e+01
2.89000000e+00,-3.80665838e-02,3.18188376e-01,3.76333114e-02,-1.08027088e-01,-9.57930300e+00,0.00000000e+00,1.68863573e-01,2.34239297e-02,1.65486301e+02,2.29554511e+01
2.89200000e+00,-3.74314785e-02,3.16886273e-01,3.74140039e-02,-1.11286307e-01,-9.57930300e+00,0.00000000e+00,1.68420571e-01,2.32287428e-02,1.65052160e+02,2.27641679e+01
2.89400000e+00,-3.67991381e-02,3.15435118e-01,3.71880337e-02,-1.14744302e-01,-9.57930300e+00,0.00000000e+00,1.67178714e-01,2.26852690e-02,1.63835140e+02,2.22315637e+01
2.89600000e+00,-3.61698995e-02,3.13741820e-01,3.69552450e-02,-1.17874869e-01,-9.57930300e+00,0.00000000e+00,1.68935497e-01,2.35848085e-02,1.65556787e+02,2.31131123e+01
2.89800000e+00,-3.55443144e-02,3.11833089e-01,3.67166595e-02,-1.20817380e-01,-9.57930300e+00,0.00000000e+00,1.67098264e-01,2.27403191e-02,1.63756298e+02,2.22855127e+01
2.90000000e+00,-3.49226849e-02,3.09747755e-01,3.64719671e-02,-1.23772479e-01,-9.57930300e+00,0.00000000e+00,1.67979392e-01,2.32100728e-02,1.64619804e+02,2.27458713e+01
2.90200000e+00,-3.43054708e-02,3.07441275e-01,3.62217520e-02,-1.26454022e-01,-9.57930300e+00,0.00000000e+00,1.67218084e-01,2.29581543e-02,1.63873722e+02,2.24989912e+01
2.90400000e+00,-3.36927245e-02,3.05427627e-01,3.59651072e-02,-1.30701006e-01,-9.57930300e+00,0.00000000e+00,1.56125927e-01,1.95590986e-02,1.53003408e+02,1.91679166e+01
2.90600000e+00,-3.30839023e-02,3.03200982e-01,3.56992889e-02,-1.34436775e-01,-9.57930300e+00,0.00000000e+00,1.67217004e-01,2.36532584e-02,1.63872664e+02,2.31801933e+01
2.90800000e+00,-3.24803070e-02,3.00394790e-01,3.54284529e-02,-1.36533419e-01,-9.57930300e+00,0.00000000e+00,1.64729639e-01,2.26135171e-02,1.61435047e+02,2.21612468e+01
2.91000000e+00,-3.18824158e-02,2.97449700e-01,3.51531381e-02,-1.38655851e-01,-9.57930300e+00,0.00000000e+00,1.65570085e-01,2.32067384e-02,1.62258683e+02,2.27426037e+01
2.91200000e+00,-3.12906460e-02,2.94297880e-01,3.48740523e-02,-1.40444193e-01,-9.57930300e+00,0.00000000e+00,1.64716832e-01,2.29168044e-02,1.61422495e+02,2.24584683e+01
2.91400000e+00,-3.07053056e-02,2.91024038e-01,3.45912978e-02,-1.42327834e-01,-9.57930300e+00,0.00000000e+00,1.63629858e-01,2.26035299e-02,1.60357261e+02,2.21514593e+01
2.91600000e+00,-3.01266670e-02,2.87574412e-01,3.43048997e-02,-1.43973414e-01,-9.57930300e+00,0.00000000e+00,1.64086917e-01,2.30080671e-02,1.60805178e+02,2.25479057e+01
2.91800000e+00,-2.95551093e-02,2.83972778e-01,3.40154575e-02,-1.45538961e-01,-9.57930300e+00,0.00000000e+00,1.62501458e-01,2.23586413e-02,1.59251429e+02,2.19114684e+01
2.92000000e+00,-2.89908767e-02,2.80219941e-01,3.37228000e-02,-1.47020261e-01,-9.57930300e+00,0.00000000e+00,1.62998994e-01,2.27674643e-02,1.59739014e+02,2.23121150e+01
2.92200000e+00,-2.84343474e-02,2.76290278e-01,3.34275520e-02,-1.48238217e-01,-9.57930300e+00,0.00000000e+00,1.62074352e-01,2.24901102e-02,1.58832865e+02,2.20403079e+01
2.92400000e+00,-2.78857619e-02,2.72291219e-01,3.31296042e-02,-1.49820482e-01,-9.57930300e+00,0.00000000e+00,1.60126042e-01,2.15777411e-02,1.56923521e+02,2.11461863e+01
2.92600000e+00,-2.73452754e-02,2.68152918e-01,3.28284680e-02,-1.51105863e-01,-9.57930300e+00,0.00000000e+00,1.60899218e-01,2.26836847e-02,1.57681233e+02,2.22300110e+01
2.92800000e+00,-2.68132682e-02,2.63837645e-01,3.25255817e-02,-1.51789920e-01,-9.57930300e+00,0.00000000e+00,1.59900947e-01,2.24075030e-02,1.56702928e+02,2.19593530e+01
2.93000000e+00,-2.62900161e-02,2.59385375e-01,3.22214226e-02,-1.52302591e-01,-9.57930300e+00,0.00000000e+00,1.59810962e-01,2.26091468e-02,1.56614743e+02,2.21569639e+01
2.93200000e+00,-2.57758529e-02,2.54743811e-01,3.19166916e-02,-1.52334960e-01,-9.57930300e+00,0.00000000e+00,1.60108210e-01,2.29803770e-02,1.56906046e+02,2.25207694e+01
2.93400000e+00,-2.52711320e-02,2.49965635e-01,3.16122145e-02,-1.52169731e-01,-9.57930300e+00,0.00000000e+00,1.58863579e-01,2.25888623e-02,1.55686307e+02,2.21370850e+01
2.93600000e+00,-2.47760795e-02,2.45053701e-01,3.13081513e-02,-1.51796606e-01,-9.57930300e+00,0.00000000e+00,1.59172639e-01,2.29822604e-02,1.55989186e+02,2.25226151e+01
2.93800000e+00,-2.42910102e-02,2.40002185e-01,3.10052021e-02,-1.51162541e-01,-9.57930300e+00,0.00000000e+00,1.58144895e-01,2.27035289e-02,1.54981997e+02,2.22494583e+01
2.94000000e+00,-2.38161436e-02,2.34841507e-01,3.07035757e-02,-1.50416651e-01,-9.57930300e+00,0.00000000e+00,1.57826072e-01,2.27858018e-02,1.54669551e+02,2.23300857e+01
2.94200000e+00,-2.33517199e-02,2.29567227e-01,3.04036476e-02,-1.49502658e-01,-9.57930300e+00,0.00000000e+00,1.56986769e-01,2.26275379e-02,1.53847034e+02,2.21749872e+01
2.94400000e+00,-2.28981586e-02,2.23867026e-01,3.01061517e-02,-1.47708760e-01,-9.57930300e+00,0.00000000e+00,1.64053433e-01,2.42071138e-02,1.60772364e+02,2.37229715e+01
2.94600000e+00,-2.24562902e-02,2.18109258e-01,2.98128091e-02,-1.45919935e-01,-9.57930300e+00,0.00000000e+00,1.54700908e-01,2.21969823e-02,1.51606890e+02,2.17530426e+01
2.94800000e+00,-2.20255577e-02,2.12597354e-01,2.95220650e-02,-1.44741580e-01,-9.57930300e+00,0.00000000e+00,1.54769682e-01,2.25099420e-02,1.51674288e+02,2.20597431e+01
2.95000000e+00,-2.16059678e-02,2.06984911e-01,2.92339784e-02,-1.43359774e-01,-9.57930300e+00,0.00000000e+00,1.53602152e-01,2.22119019e-02,1.50530109e+02,2.17676638e+01
2.95200000e+00,-2.11976745e-02,2.01287826e-01,2.89487318e-02,-1.41819111e-01,-9.57930300e+00,0.00000000e+00,1.53391342e-01,2.24352865e-02,1.50323515e+02,2.19865807e+01
2.95400000e+00,-2.08008904e-02,1.95479997e-01,2.86669272e-02,-1.39940586e-01,-9.57930300e+00,0.00000000e+00,1.52927271e-01,2.25177484e-02,1.49868726e+02,2.20673935e+01
2.95600000e+00,-2.04158000e-02,1.89603936e-01,2.83890512e-02,-1.37939536e-01,-9.57930300e+00,0.00000000e+00,1.51818172e-01,2.22946838e-02,1.48781808e+02,2.18487901e+01
2.95800000e+00,-2.00425234e-02,1.83654649e-01,2.81152733e-02,-1.35782220e-01,-9.57930300e+00,0.00000000e+00,1.51567026e-01,2.24537806e-02,1.48535685e+02,2.20047050e+01
2.96000000e+00,-1.96812352e-02,1.77624594e-01,2.78460762e-02,-1.33394031e-01,-9.57930300e+00,0.00000000e+00,1.50731608e-01,2.23937536e-02,1.47716975e+02,2.19458786e+01
2.96200000e+00,-1.93320665e-02,1.71532345e-01,2.75818025e-02,-1.30847829e-01,-9.57930300e+00,0.00000000e+00,1.50145195e-01,2.24068897e-02,1.47142291e+02,2.19587519e+01
2.96400000e+00,-1.89956207e-02,1.64667854e-01,2.73240028e-02,-1.26325018e-01,-9.57930300e+00,0.00000000e+00,1.66003304e-01,2.61727838e-02,1.62683238e+02,2.56493282e+01
2.96600000e+00,-1.86734072e-02,1.57785166e-01,2.70764215e-02,-1.21923375e-01,-9.57930300e+00,0.00000000e+00,1.47911047e-01,2.17968020e-02,1.44952826e+02,2.13608660e+01
2.96800000e+00,-1.83640644e-02,1.51525935e-01,2.68352926e-02,-1.19046774e-01,-9.57930300e+00,0.00000000e+00,1.48884116e-01,2.26261369e-02,1.45906434e+02,2.21736141e+01
2.97000000e+00,-1.80673490e-02,1.45198389e-01,2.66004015e-02,-1.15919585e-01,-9.57930300e+00,0.00000000e+00,1.47059341e-01,2.19859239e-02,1.44118154e+02,2.15462055e+01
2.97200000e+00,-1.77833024e-02,1.38823463e-01,2.63717109e-02,-1.12647406e-01,-9.57930300e+00,0.00000000e+00,1.47646592e-01,2.26024837e-02,1.44693661e+02,2.21504340e+01
2.97400000e+00,-1.75121558e-02,1.32297682e-01,2.61503126e-02,-1.08624251e-01,-9.57930300e+00,0.00000000e+00,1.48344446e-01,2.32443482e-02,1.45377557e+02,2.27794612e+01
2.97600000e+00,-1.72541430e-02,1.25724992e-01,2.59373416e-02,-1.04409619e-01,-9.57930300e+00,0.00000000e+00,1.46609658e-01,2.26984070e-02,1.43677465e+02,2.22444389e+01
2.97800000e+00,-1.70092420e-02,1.19172913e-01,2.57325774e-02,-1.00340023e-01,-9.57930300e+00,0.00000000e+00,1.45836886e-01,2.26457391e-02,1.42920148e+02,2.21928243e+01
2.98000000e+00,-1.67774590e-02,1.12609404e-01,2.55360304e-02,-9.61970812e-02,-9.57930300e+00,0.00000000e+00,1.44957853e-01,2.25698938e-02,1.42058696e+02,2.21184959e+01
2.98200000e+00,-1.65588144e-02,1.06030936e-01,2.53478718e-02,-9.19301394e-02,-9.57930300e+00,0.00000000e+00,1.44374739e-01,2.26354877e-02,1.41487244e+02,2.21827779e+01
2.98400000e+00,-1.63540274e-02,9.84142178e-02,2.51701769e-02,-8.48630778e-02,-9.57930300e+00,0.00000000e+00,1.67517594e-01,2.81909827e-02,1.64167242e+02,2.76271630e+01
2.98600000e+00,-1.61651462e-02,9.08144905e-02,2.50082633e-02,-7.80300383e-02,-9.57930300e+00,0.00000000e+00,1.42403380e-01,2.19097814e-02,1.39555312e+02,2.14715858e+01
2.98800000e+00,-1.59901479e-02,8.41470820e-02,2.48565114e-02,-7.35148280e-02,-9.57930300e+00,0.00000000e+00,1.44276156e-01,2.31073087e-02,1.41390632e+02,2.26451625e+01
2.99000000e+00,-1.58285640e-02,7.74704769e-02,2.47142409e-02,-6.89441641e-02,-9.57930300e+00,0.00000000e+00,1.41271839e-01,2.18209928e-02,1.38446402e+02,2.13845730e+01
2.99200000e+00,-1.56802761e-02,7.07787757e-02,2.45808185e-02,-6.42479718e-02,-9.57930300e+00,0.00000000e+00,1.43391243e-01,2.31783665e-02,1.40523418e+02,2.27147991e+01
2.99400000e+00,-1.55455841e-02,6.38842195e-02,2.44580531e-02,-5.83458083e-02,-9.57930300e+00,0.00000000e+00,1.44884471e-01,2.41746101e-02,1.41986782e+02,2.36911179e+01
2.99600000e+00,-1.54247264e-02,5.70088857e-02,2.43474638e-02,-5.24007485e-02,-9.57930300e+00,0.00000000e+00,1.41927268e-01,2.31079305e-02,1.39088722e+02,2.26457719e+01
2.99800000e+00,-1.53174459e-02,5.02875881e-02,2.42480228e-02,-4.70966123e-02,-9.57930300e+00,0.00000000e+00,1.40381797e-01,2.26850639e-02,1.37574161e+02,2.22313626e+01
3.00000000e+00,-1.52235301e-02,4.36350891e-02,2.41589709e-02,-4.19521821e-02,-9.57930300e+00,0.00000000e+00,1.39525783e-01,2.26433920e-02,1.36735268e+02,2.21905242e+01
