t,h,h_dot,alpha,alpha_dot,delta,W_g,C_L,C_M,F_y,M_z
2.00000000e-03,0.00000000e+00,0.00000000e+00,0.00000000e+00,0.00000000e+00,0.00000000e+00,9.74363596e-03,1.26327256e-01,3.00480580e-02,1.23800711e+02,2.94470968e+01
4.00000000e-03,-9.76024003e-06,-9.23401555e-03,2.33284460e-05,2.06775589e-02,0.00000000e+00,3.89655650e-02,8.94943834e-02,1.33799198e-02,8.77044957e+01,1.31123214e+01
6.00000000e-03,-3.65016836e-05,-1.78164645e-02,7.94989318e-05,3.65382586e-02,0.00000000e+00,8.76388589e-02,1.11286401e-01,2.00116598e-02,1.09060673e+02,1.96114266e+01
8.00000000e-03,-8.15454132e-05,-2.71778563e-02,1.70681553e-04,5.41990433e-02,0.00000000e+00,1.55718665e-01,1.08025503e-01,1.72811717e-02,1.05864993e+02,1.69355482e+01
1.00000000e-02,-1.45166538e-04,-3.64693930e-02,2.95096092e-04,7.00614764e-02,0.00000000e+00,2.43142247e-01,1.10135612e-01,1.64081150e-02,1.07932900e+02,1.60799527e+01
1.20000000e-02,-2.27561994e-04,-4.59694291e-02,4.50611863e-04,8.54505510e-02,0.00000000e+00,3.49829043e-01,1.13531597e-01,1.65034738e-02,1.11260965e+02,1.61734044e+01
1.40000000e-02,-3.29184012e-04,-5.56790888e-02,6.36777095e-04,1.00657850e-01,0.00000000e+00,4.75680741e-01,1.15824005e-01,1.62862884e-02,1.13507525e+02,1.59605627e+01
1.60000000e-02,-4.50383558e-04,-6.55465530e-02,8.53048182e-04,1.15572556e-01,0.00000000e+00,6.20581368e-01,1.18168285e-01,1.61921747e-02,1.15804919e+02,1.58683312e+01
1.80000000e-02,-5.91478822e-04,-7.55769052e-02,1.09895967e-03,1.30325804e-01,0.00000000e+00,7.84397396e-01,1.20741237e-01,1.62926622e-02,1.18326412e+02,1.59668090e+01
2.00000000e-02,-7.52795089e-04,-8.57631134e-02,1.37428315e-03,1.44976697e-01,0.00000000e+00,9.66977867e-01,1.23085616e-01,1.63646633e-02,1.20623904e+02,1.60373700e+01
2.20000000e-02,-9.34477485e-04,-9.58686431e-02,1.67844423e-03,1.58994342e-01,0.00000000e+00,1.16815453e+00,1.20297661e-01,1.53921897e-02,1.17891708e+02,1.50843460e+01
2.40000000e-02,-1.13624914e-03,-1.05943389e-01,2.01008466e-03,1.72748182e-01,0.00000000e+00,1.38774201e+00,1.23972439e-01,1.62791357e-02,1.21492990e+02,1.59535530e+01
2.60000000e-02,-1.35834578e-03,-1.16160232e-01,2.36956473e-03,1.86693666e-01,0.00000000e+00,1.62553794e+00,1.25389466e-01,1.63022883e-02,1.22881677e+02,1.59762425e+01
2.80000000e-02,-1.60089520e-03,-1.26384767e-01,2.75660208e-03,2.00253342e-01,0.00000000e+00,1.88132320e+00,1.26090405e-01,1.60166600e-02,1.23568597e+02,1.56963268e+01
3.00000000e-02,-1.86388463e-03,-1.36608974e-01,3.17034498e-03,2.13463381e-01,0.00000000e+00,2.15486207e+00,1.27486939e-01,1.61540616e-02,1.24937200e+02,1.58309804e+01
3.20000000e-02,-2.14733686e-03,-1.46841827e-01,3.61031094e-03,2.26456445e-01,0.00000000e+00,2.44590250e+00,1.28564571e-01,1.61844273e-02,1.25993280e+02,1.58607387e+01
3.40000000e-02,-2.45124045e-03,-1.57057463e-01,4.07597540e-03,2.39156506e-01,0.00000000e+00,2.75417628e+00,1.29523755e-01,1.61990802e-02,1.26933280e+02,1.58750985e+01
3.60000000e-02,-2.77554601e-03,-1.67242054e-01,4.56673216e-03,2.51549402e-01,0.00000000e+00,3.07939933e+00,1.30444945e-01,1.62356895e-02,1.27836046e+02,1.59109757e+01
3.80000000e-02,-3.12017978e-03,-1.77383310e-01,5.08196329e-03,2.63627743e-01,0.00000000e+00,3.42127197e+00,1.31283024e-01,1.62699198e-02,1.28657363e+02,1.59445214e+01
4.00000000e-02,-3.48504043e-03,-1.87466338e-01,5.62101771e-03,2.75367978e-01,0.00000000e+00,3.77947915e+00,1.32021577e-01,1.62912665e-02,1.29381145e+02,1.59654412e+01
4.20000000e-02,-3.86990785e-03,-1.97343451e-01,6.18281975e-03,2.86185174e-01,0.00000000e+00,4.15369078e+00,1.29572536e-01,1.51305179e-02,1.26981085e+02,1.48279076e+01
4.40000000e-02,-4.27431632e-03,-2.07073695e-01,6.76541756e-03,2.96491117e-01,0.00000000e+00,4.54356203e+00,1.31851274e-01,1.60462541e-02,1.29214248e+02,1.57253290e+01
4.60000000e-02,-4.69820177e-03,-2.16802659e-01,7.36891866e-03,3.06998696e-01,0.00000000e+00,4.94873362e+00,1.32963171e-01,1.64116017e-02,1.30303907e+02,1.60833697e+01
4.80000000e-02,-5.14144142e-03,-2.26403327e-01,7.99310924e-03,3.17051689e-01,0.00000000e+00,5.36883219e+00,1.32432287e-01,1.59796198e-02,1.29783641e+02,1.56600274e+01
5.00000000e-02,-5.60370315e-03,-2.35836110e-01,8.63672259e-03,3.26500510e-01,0.00000000e+00,5.80347061e+00,1.32775118e-01,1.60590083e-02,1.30119615e+02,1.57378281e+01
5.20000000e-02,-6.08469107e-03,-2.45126716e-01,9.29885158e-03,3.35559835e-01,0.00000000e+00,6.25224836e+00,1.32998395e-01,1.61042390e-02,1.30338427e+02,1.57821542e+01
5.40000000e-02,-6.58410598e-03,-2.54261283e-01,9.97867803e-03,3.44193351e-01,0.00000000e+00,6.71475188e+00,1.33168353e-01,1.61328650e-02,1.30504986e+02,1.58102077e+01
5.60000000e-02,-7.10162538e-03,-2.63229629e-01,1.06753269e-02,3.52379710e-01,0.00000000e+00,7.19055498e+00,1.33302194e-01,1.61574928e-02,1.30636150e+02,1.58343429e+01
5.80000000e-02,-7.63690664e-03,-2.72021191e-01,1.13878877e-02,3.60102324e-01,0.00000000e+00,7.67921920e+00,1.33371010e-01,1.61742255e-02,1.30703590e+02,1.58507410e+01
6.00000000e-02,-8.18958464e-03,-2.80624504e-01,1.21154182e-02,3.67348050e-01,0.00000000e+00,8.18029423e+00,1.33379726e-01,1.61928412e-02,1.30712131e+02,1.58689844e+01
6.20000000e-02,-8.75919399e-03,-2.88911850e-01,1.28565728e-02,3.73533304e-01,0.00000000e+00,8.69331833e+00,1.30603444e-01,1.50044514e-02,1.27991375e+02,1.47043624e+01
6.40000000e-02,-9.34506755e-03,-2.96952475e-01,1.36091346e-02,3.79093444e-01,0.00000000e+00,9.21781874e+00,1.32364306e-01,1.59535717e-02,1.29717020e+02,1.56345002e+01
6.60000000e-02,-9.94693391e-03,-3.04888135e-01,1.43730375e-02,3.84789958e-01,0.00000000e+00,9.75331213e+00,1.33031372e-01,1.63796561e-02,1.30370744e+02,1.60520629e+01
6.80000000e-02,-1.05644626e-02,-3.12587594e-01,1.51479262e-02,3.89934215e-01,0.00000000e+00,1.02993050e+01,1.31854321e-01,1.58992007e-02,1.29217235e+02,1.55812166e+01
7.00000000e-02,-1.11970994e-02,-3.20009758e-01,1.59322886e-02,3.94349885e-01,0.00000000e+00,1.08552943e+01,1.31685669e-01,1.59690352e-02,1.29051955e+02,1.56496545e+01
7.20000000e-02,-1.18443397e-02,-3.27189063e-01,1.67250053e-02,3.98284846e-01,0.00000000e+00,1.14207677e+01,1.31433453e-01,1.60210032e-02,1.28804784e+02,1.57005831e+01
7.40000000e-02,-1.25056877e-02,-3.34116458e-01,1.75250959e-02,4.01721780e-01,0.00000000e+00,1.19952039e+01,1.31169528e-01,1.60652259e-02,1.28546137e+02,1.57439214e+01
7.60000000e-02,-1.31806315e-02,-3.40782813e-01,1.83315425e-02,4.04633911e-01,0.00000000e+00,1.25780738e+01,1.30815995e-01,1.60702822e-02,1.28199675e+02,1.57488766e+01
7.80000000e-02,-1.38686395e-02,-3.47180048e-01,1.91432715e-02,4.07005991e-01,0.00000000e+00,1.31688402e+01,1.30470987e-01,1.60902662e-02,1.27861567e+02,1.57684609e+01
8.00000000e-02,-1.45691680e-02,-3.53301776e-01,1.99592072e-02,4.08839210e-01,0.00000000e+00,1.37669586e+01,1.30071571e-01,1.61040484e-02,1.27470139e+02,1.57819674e+01
8.20000000e-02,-1.52816057e-02,-3.59062136e-01,2.07779453e-02,4.09648020e-01,0.00000000e+00,1.43718779e+01,1.27818769e-01,1.51092242e-02,1.25262393e+02,1.48070397e+01
8.40000000e-02,-1.60052177e-02,-3.64524156e-01,2.15973697e-02,4.09812563e-01,0.00000000e+00,1.49830408e+01,1.28984802e-01,1.59222864e-02,1.26405106e+02,1.56038407e+01
8.60000000e-02,-1.67395779e-02,-3.69799557e-01,2.24172247e-02,4.10020866e-01,0.00000000e+00,1.55998839e+01,1.29431072e-01,1.63722018e-02,1.26842451e+02,1.60447577e+01
8.80000000e-02,-1.74842161e-02,-3.74775326e-01,2.32370815e-02,4.09671674e-01,0.00000000e+00,1.62218388e+01,1.28041286e-01,1.59234053e-02,1.25480461e+02,1.56049372e+01
9.00000000e-02,-1.82384506e-02,-3.79408205e-01,2.40554118e-02,4.08573106e-01,0.00000000e+00,1.68483325e+01,1.27556578e-01,1.59687148e-02,1.25005446e+02,1.56493405e+01
9.20000000e-02,-1.90016451e-02,-3.83735310e-01,2.48710364e-02,4.06968294e-01,0.00000000e+00,1.74787876e+01,1.27108417e-01,1.60265991e-02,1.24566249e+02,1.57060671e+01
9.40000000e-02,-1.97731862e-02,-3.87753917e-01,2.56829463e-02,4.04855513e-01,0.00000000e+00,1.81126231e+01,1.26629487e-01,1.60631857e-02,1.24096897e+02,1.57419220e+01
9.60000000e-02,-2.05524667e-02,-3.91481398e-01,2.64901890e-02,4.02338728e-01,-1.76057635e-02,1.87492550e+01,1.26651664e-01,1.63328051e-02,1.24118631e+02,1.60061490e+01
9.80000000e-02,-2.13389225e-02,-3.94924992e-01,2.72920720e-02,3.99478277e-01,-1.03487537e-01,1.93880965e+01,1.26401570e-01,1.64885181e-02,1.23873539e+02,1.61587477e+01
1.00000000e-01,-2.21319701e-02,-3.98073848e-01,2.80878335e-02,3.96214950e-01,-1.89369310e-01,2.00285591e+01,1.26225252e-01,1.66252737e-02,1.23700747e+02,1.62927682e+01
1.02000000e-01,-2.29310067e-02,-4.00905900e-01,2.88764516e-02,3.92231395e-01,-2.75251083e-01,2.06700524e+01,1.25509621e-01,1.61049132e-02,1.22999429e+02,1.57828149e+01
1.04000000e-01,-2.37354103e-02,-4.03462893e-01,2.96564499e-02,3.87783999e-01,-3.61132857e-01,2.13119855e+01,1.26353853e-01,1.67677749e-02,1.23826776e+02,1.64324194e+01
1.06000000e-01,-2.45447206e-02,-4.05813462e-01,3.04276479e-02,3.83426997e-01,-4.47014630e-01,2.19537666e+01,1.27282941e-01,1.73981451e-02,1.24737282e+02,1.70501822e+01
1.08000000e-01,-2.53584783e-02,-4.07885175e-01,3.11899454e-02,3.78751432e-01,-5.32896403e-01,2.25948044e+01,1.26471919e-01,1.71899676e-02,1.23942481e+02,1.68461682e+01
1.10000000e-01,-2.61760463e-02,-4.09634319e-01,3.19422966e-02,3.73540474e-01,-6.18778176e-01,2.32345082e+01,1.26412059e-01,1.73512445e-02,1.23883818e+02,1.70042197e+01
1.12000000e-01,-2.69968226e-02,-4.11094111e-01,3.26838843e-02,3.67995019e-01,-7.04659950e-01,2.38722885e+01,1.26404608e-01,1.75495108e-02,1.23876516e+02,1.71985205e+01
1.14000000e-01,-2.78202312e-02,-4.12266619e-01,3.34140698e-02,3.62139252e-01,-7.90541723e-01,2.45075576e+01,1.26415682e-01,1.77453908e-02,1.23887368e+02,1.73904830e+01
1.16000000e-01,-2.86456960e-02,-4.13149530e-01,3.41322233e-02,3.55956427e-01,-8.76423496e-01,2.51397300e+01,1.26372216e-01,1.78914483e-02,1.23844772e+02,1.75336193e+01
1.18000000e-01,-2.94726335e-02,-4.13738790e-01,3.48376727e-02,3.49439405e-01,-9.62305269e-01,2.57682233e+01,1.26301720e-01,1.80543350e-02,1.23775686e+02,1.76932483e+01
1.20000000e-01,-3.03004542e-02,-4.14032574e-01,3.55297655e-02,3.42599289e-01,-1.04818704e+00,2.63924582e+01,1.26224042e-01,1.82047471e-02,1.23699562e+02,1.78406522e+01
1.22000000e-01,-3.11285869e-02,-4.14060951e-01,3.62077765e-02,3.35319211e-01,-1.13406882e+00,2.70118595e+01,1.26859871e-01,1.81023752e-02,1.24322674e+02,1.77403277e+01
1.24000000e-01,-3.19565264e-02,-4.13831927e-01,3.68707976e-02,3.27672172e-01,-1.21995059e+00,2.76258565e+01,1.26968678e-01,1.83847769e-02,1.24429304e+02,1.80170814e+01
1.26000000e-01,-3.27837565e-02,-4.13365748e-01,3.75184595e-02,3.20016539e-01,-1.30583236e+00,2.82338833e+01,1.28072878e-01,1.90127033e-02,1.25511420e+02,1.86324492e+01
1.28000000e-01,-3.36098150e-02,-4.12638068e-01,3.81507470e-02,3.12185767e-01,-1.39171414e+00,2.88353796e+01,1.27604166e-01,1.89235895e-02,1.25052083e+02,1.85451177e+01
1.30000000e-01,-3.44341003e-02,-4.11597720e-01,3.87669269e-02,3.03941592e-01,-1.47759591e+00,2.94297912e+01,1.27499539e-01,1.90285699e-02,1.24949548e+02,1.86479985e+01
1.32000000e-01,-3.52560130e-02,-4.10267957e-01,3.93663323e-02,2.95425865e-01,-1.56347768e+00,3.00165702e+01,1.27556053e-01,1.92133553e-02,1.25004932e+02,1.88290882e+01
1.34000000e-01,-3.60749834e-02,-4.08655172e-01,3.99484779e-02,2.86681388e-01,-1.64935946e+00,3.05951761e+01,1.27577947e-01,1.93836156e-02,1.25026388e+02,1.89959433e+01
1.36000000e-01,-3.68904448e-02,-4.06759138e-01,4.05129069e-02,2.77710428e-01,-1.73524123e+00,3.11650755e+01,1.27601630e-01,1.95479389e-02,1.25049597e+02,1.91569801e+01
1.38000000e-01,-3.77018323e-02,-4.04581673e-01,4.10591655e-02,2.68508404e-01,-1.82112300e+00,3.17257433e+01,1.27633900e-01,1.96827205e-02,1.25081222e+02,1.92890661e+01
1.40000000e-01,-3.85085824e-02,-4.02120577e-01,4.15867878e-02,2.59077389e-01,-1.90700478e+00,3.22766629e+01,1.27569527e-01,1.98248671e-02,1.25018136e+02,1.94283698e+01
1.42000000e-01,-3.93101649e-02,-3.99434831e-01,4.20953570e-02,2.49469247e-01,-1.99288655e+00,3.28173265e+01,1.28938788e-01,2.00413701e-02,1.26360012e+02,1.96405427e+01
1.44000000e-01,-4.01061666e-02,-3.96516439e-01,4.25845147e-02,2.39636016e-01,-2.07876832e+00,3.33472360e+01,1.28642894e-01,2.00551967e-02,1.26070036e+02,1.96540927e+01
1.46000000e-01,-4.08960684e-02,-3.93354681e-01,4.30538489e-02,2.29724505e-01,-2.16465009e+00,3.38659031e+01,1.29712925e-01,2.05515916e-02,1.27118667e+02,2.01405598e+01
1.48000000e-01,-4.16794366e-02,-3.89969744e-01,4.35033887e-02,2.19776922e-01,-2.25053187e+00,3.43728497e+01,1.29836253e-01,2.06257250e-02,1.27239528e+02,2.02132105e+01
1.50000000e-01,-4.24557647e-02,-3.86310844e-01,4.39327992e-02,2.09593434e-01,-2.33641364e+00,3.48676087e+01,1.29663267e-01,2.06740121e-02,1.27070001e+02,2.02605319e+01
1.52000000e-01,-4.32244990e-02,-3.82380544e-01,4.43416350e-02,1.99218826e-01,-2.42229541e+00,3.53497243e+01,1.29785611e-01,2.08128397e-02,1.27189899e+02,2.03965829e+01
1.54000000e-01,-4.39851176e-02,-3.78196383e-01,4.47295932e-02,1.88722266e-01,-2.50817719e+00,3.58187521e+01,1.29957229e-01,2.09765379e-02,1.27358085e+02,2.05570071e+01
1.56000000e-01,-4.47371183e-02,-3.73762894e-01,4.50964509e-02,1.78116028e-01,-2.59405896e+00,3.62742599e+01,1.30116207e-01,2.11110294e-02,1.27513883e+02,2.06888088e+01
1.58000000e-01,-4.54800024e-02,-3.69079240e-01,4.54419811e-02,1.67395459e-01,-2.67994073e+00,3.67158279e+01,1.30194830e-01,2.12345393e-02,1.27590933e+02,2.08098485e+01
1.60000000e-01,-4.62132701e-02,-3.64147863e-01,4.57659718e-02,1.56583519e-01,-2.76582251e+00,3.71430493e+01,1.30333410e-01,2.13864943e-02,1.27726742e+02,2.09587644e+01
1.62000000e-01,-4.69364895e-02,-3.59059920e-01,4.60683841e-02,1.45874887e-01,-2.85170428e+00,3.75555304e+01,1.32460835e-01,2.18877884e-02,1.29811618e+02,2.14500327e+01
1.64000000e-01,-4.76493946e-02,-3.53799240e-01,4.63494503e-02,1.35134557e-01,-2.93758605e+00,3.79528910e+01,1.32137927e-01,2.17258453e-02,1.29495168e+02,2.12913284e+01
1.66000000e-01,-4.83515316e-02,-3.48306251e-01,4.66088331e-02,1.24260408e-01,-3.02346783e+00,3.83347650e+01,1.32786422e-01,2.19818904e-02,1.30130693e+02,2.15422526e+01
1.68000000e-01,-4.90424898e-02,-3.42618580e-01,4.68465259e-02,1.13437300e-01,-3.10934960e+00,3.87008005e+01,1.33252268e-01,2.21769633e-02,1.30587223e+02,2.17334241e+01
1.70000000e-01,-4.97218635e-02,-3.36717318e-01,4.70625637e-02,1.02586297e-01,-3.19523137e+00,3.90506602e+01,1.33365212e-01,2.22363863e-02,1.30697907e+02,2.17916586e+01
1.72000000e-01,-5.03892149e-02,-3.30599787e-01,4.72568351e-02,9.16813554e-02,-3.28111315e+00,3.93840216e+01,1.33671237e-01,2.23457276e-02,1.30997812e+02,2.18988131e+01
1.74000000e-01,-5.10441318e-02,-3.24286032e-01,4.74292887e-02,8.07757934e-02,-3.36699492e+00,3.97005777e+01,1.34151869e-01,2.24858983e-02,1.31468832e+02,2.20361803e+01
1.76000000e-01,-5.16862284e-02,-3.17776359e-01,4.75799534e-02,6.98929144e-02,-3.45287669e+00,4.00000366e+01,1.34361184e-01,2.26130181e-02,1.31673961e+02,2.21607578e+01
1.78000000e-01,-5.23151062e-02,-3.11070112e-01,4.77088835e-02,5.90447038e-02,-3.53875847e+00,4.02821225e+01,1.34719413e-01,2.27472838e-02,1.32025025e+02,2.22923381e+01
1.80000000e-01,-5.29303847e-02,-3.04177705e-01,4.78161554e-02,4.82311981e-02,-3.62464024e+00,4.05465754e+01,1.35061804e-01,2.28435249e-02,1.32360568e+02,2.23866544e+01
1.82000000e-01,-5.35317562e-02,-2.97194035e-01,4.79020190e-02,3.77337978e-02,-3.71052201e+00,4.07931515e+01,1.37524501e-01,2.35377777e-02,1.34774011e+02,2.30670222e+01
1.84000000e-01,-5.41190846e-02,-2.90095895e-01,4.79672005e-02,2.74012166e-02,-3.79640379e+00,4.10216237e+01,1.37210270e-01,2.32867953e-02,1.34466065e+02,2.28210594e+01
1.86000000e-01,-5.46919932e-02,-2.82778014e-01,4.80114789e-02,1.68511694e-02,-3.88228556e+00,4.12317814e+01,1.37096262e-01,2.31488666e-02,1.34354337e+02,2.26858893e+01
1.88000000e-01,-5.52500901e-02,-2.75300361e-01,4.80346653e-02,6.39130591e-03,-3.96816733e+00,4.14234310e+01,1.38063165e-01,2.35135067e-02,1.35301901e+02,2.30432366e+01
1.90000000e-01,-5.57931075e-02,-2.67691969e-01,4.80371708e-02,-3.87856113e-03,-4.05404911e+00,4.15963959e+01,1.38504991e-01,2.35554435e-02,1.35734891e+02,2.30843346e+01
1.92000000e-01,-5.63207526e-02,-2.59925557e-01,4.80191757e-02,-1.41114604e-02,-4.13993088e+00,4.17505166e+01,1.38709546e-01,2.35695735e-02,1.35935355e+02,2.30981820e+01
1.94000000e-01,-5.68327020e-02,-2.51997492e-01,4.79807480e-02,-2.43097736e-02,-4.22581265e+00,4.18856512e+01,1.38939026e-01,2.35773084e-02,1.36160245e+02,2.31057622e+01
1.96000000e-01,-5.73286388e-02,-2.43913798e-01,4.79219521e-02,-3.44848220e-02,-4.31169443e+00,4.20016751e+01,1.39154273e-01,2.35385658e-02,1.36371188e+02,2.30677945e+01
1.98000000e-01,-5.78082514e-02,-2.35671510e-01,4.78428050e-02,-4.46654540e-02,-4.39757620e+00,4.20984814e+01,1.39181833e-01,2.34566751e-02,1.36398196e+02,2.29875416e+01
2.00000000e-01,-5.82712298e-02,-2.27286640e-01,4.77433020e-02,-5.48285016e-02,-4.48345797e+00,4.21759809e+01,1.39636066e-01,2.34374801e-02,1.36843345e+02,2.29687305e+01
2.02000000e-01,-5.87173625e-02,-2.18848523e-01,4.76237636e-02,-6.45826689e-02,-4.56933975e+00,4.22341022e+01,1.41613925e-01,2.41481797e-02,1.38781646e+02,2.36652161e+01
2.04000000e-01,-5.91465731e-02,-2.10334209e-01,4.74851582e-02,-7.40565717e-02,-4.65522152e+00,4.22727917e+01,1.41393964e-01,2.38316010e-02,1.38566085e+02,2.33549690e+01
2.06000000e-01,-5.95585588e-02,-2.01609160e-01,4.73272817e-02,-8.39138373e-02,-4.74110329e+00,4.22920137e+01,1.40088184e-01,2.31219477e-02,1.37286420e+02,2.26595087e+01
2.08000000e-01,-5.99529162e-02,-1.92743878e-01,4.71494852e-02,-9.37975151e-02,-4.82698507e+00,4.22917506e+01,1.41372512e-01,2.35262359e-02,1.38545062e+02,2.30557111e+01
2.10000000e-01,-6.03294909e-02,-1.83813505e-01,4.69523400e-02,-1.03308803e-01,-4.91286684e+00,4.22720026e+01,1.41677624e-01,2.36258569e-02,1.38844071e+02,2.31533398e+01
2.12000000e-01,-6.06881034e-02,-1.74782841e-01,4.67363397e-02,-1.12685526e-01,-4.99874861e+00,4.22327879e+01,1.41993235e-01,2.35039457e-02,1.39153370e+02,2.30338668e+01
2.14000000e-01,-6.10285671e-02,-1.65669312e-01,4.65017014e-02,-1.21907017e-01,-5.08463039e+00,4.21741427e+01,1.42557745e-01,2.36202730e-02,1.39706590e+02,2.31478676e+01
2.16000000e-01,-6.13507397e-02,-1.56494339e-01,4.62488955e-02,-1.30852767e-01,-5.17051216e+00,4.20961209e+01,1.43224812e-01,2.37252447e-02,1.40360316e+02,2.32507398e+01
2.18000000e-01,-6.16545111e-02,-1.47269357e-01,4.59784764e-02,-1.39519330e-01,-5.25639393e+00,4.19987944e+01,1.43906581e-01,2.38235331e-02,1.41028449e+02,2.33470624e+01
2.20000000e-01,-6.19397845e-02,-1.37995426e-01,4.56909836e-02,-1.47937812e-01,-5.34227571e+00,4.18822531e+01,1.44447580e-01,2.38387123e-02,1.41558628e+02,2.33619381e+01
2.22000000e-01,-6.22065312e-02,-1.28779119e-01,4.53872238e-02,-1.55608555e-01,-5.42815748e+00,4.17466042e+01,1.47468355e-01,2.49623131e-02,1.44518988e+02,2.44630669e+01
2.24000000e-01,-6.24549226e-02,-1.19595232e-01,4.50689049e-02,-1.62746078e-01,-5.51403925e+00,4.15919727e+01,1.47270251e-01,2.45060994e-02,1.44324846e+02,2.40159774e+01
2.26000000e-01,-6.26848098e-02,-1.10257891e-01,4.47359332e-02,-1.70342976e-01,-5.59992103e+00,4.14185012e+01,1.45797123e-01,2.35254646e-02,1.42881180e+02,2.30549553e+01
2.28000000e-01,-6.28959136e-02,-1.00859714e-01,4.43875722e-02,-1.77881105e-01,-5.68580280e+00,4.12263495e+01,1.47610414e-01,2.41349287e-02,1.44658206e+02,2.36522302e+01
2.30000000e-01,-6.30882811e-02,-9.15101066e-02,4.40247814e-02,-1.84860260e-01,-5.77168457e+00,4.10156946e+01,1.48540576e-01,2.41833495e-02,1.45569764e+02,2.36996825e+01
2.32000000e-01,-6.32619566e-02,-8.21644556e-02,4.36482930e-02,-1.91596581e-01,-5.85756634e+00,4.07867308e+01,1.49158764e-01,2.41095580e-02,1.46175589e+02,2.36273668e+01
2.34000000e-01,-6.34169454e-02,-7.28285882e-02,4.32586179e-02,-1.97998745e-01,-5.94344812e+00,4.05396689e+01,1.50072533e-01,2.43307124e-02,1.47071082e+02,2.38440981e+01
2.36000000e-01,-6.35532822e-02,-6.35095344e-02,4.28565495e-02,-2.04023871e-01,-6.02932989e+00,4.02747367e+01,1.50702647e-01,2.43290569e-02,1.47688594e+02,2.38424758e+01
2.38000000e-01,-6.36709940e-02,-5.42061090e-02,4.24427229e-02,-2.09748303e-01,-6.11521166e+00,3.99921782e+01,1.51436630e-01,2.43730459e-02,1.48407897e+02,2.38855850e+01
2.40000000e-01,-6.37701249e-02,-4.49300146e-02,4.20177816e-02,-2.15134662e-01,-6.20109344e+00,3.96922540e+01,1.52188414e-01,2.44338364e-02,1.49144646e+02,2.39451597e+01
2.42000000e-01,-6.38507848e-02,-3.57600682e-02,4.15827589e-02,-2.19659123e-01,-6.28697521e+00,3.93752403e+01,1.54613026e-01,2.55626513e-02,1.51520766e+02,2.50513983e+01
2.44000000e-01,-6.39132278e-02,-2.66840533e-02,4.11395307e-02,-2.23605266e-01,-6.37285698e+00,3.90414293e+01,1.54930133e-01,2.50161379e-02,1.51831530e+02,2.45158151e+01
2.46000000e-01,-6.39574750e-02,-1.75390185e-02,4.06880737e-02,-2.27947657e-01,-6.45873876e+00,3.86911285e+01,1.53398644e-01,2.40877222e-02,1.50330671e+02,2.36059678e+01
2.48000000e-01,-6.39833855e-02,-8.39650842e-03,4.02278025e-02,-2.32196442e-01,-6.54462053e+00,3.83246609e+01,1.55238061e-01,2.45568726e-02,1.52133300e+02,2.40657351e+01
2.50000000e-01,-6.39911327e-02,6.38532295e-04,3.97596532e-02,-2.35897368e-01,-6.63050230e+00,3.79423640e+01,1.56010082e-01,2.45704267e-02,1.52889880e+02,2.40790182e+01
2.52000000e-01,-6.39808600e-02,9.63066817e-03,3.92843472e-02,-2.39397057e-01,-6.71638408e+00,3.75445903e+01,1.56193492e-01,2.43016938e-02,1.53069622e+02,2.38156599e+01
2.54000000e-01,-6.39526512e-02,1.85610209e-02,3.88022410e-02,-2.42632746e-01,-6.80226585e+00,3.71317062e+01,1.57260035e-01,2.44371942e-02,1.54114834e+02,2.39484503e+01
2.56000000e-01,-6.39066820e-02,2.73922144e-02,3.83141288e-02,-2.45399594e-01,-6.88814762e+00,3.67040922e+01,1.58171431e-01,2.45896483e-02,1.55008002e+02,2.40978554e+01
2.58000000e-01,-6.38431453e-02,3.61289274e-02,3.78209283e-02,-2.47737962e-01,-6.97402940e+00,3.62621424e+01,1.58984853e-01,2.46329816e-02,1.55805156e+02,2.41403220e+01
2.60000000e-01,-6.37622200e-02,4.47851075e-02,3.73233950e-02,-2.49749378e-01,-7.05991117e+00,3.58062640e+01,1.59428031e-01,2.45660013e-02,1.56239470e+02,2.40746812e+01
2.62000000e-01,-6.36640822e-02,5.33253776e-02,3.68224194e-02,-2.51027868e-01,-7.14579294e+00,3.53368771e+01,1.60927208e-01,2.54563154e-02,1.57708663e+02,2.49471890e+01
2.64000000e-01,-6.35490002e-02,6.17431238e-02,3.63196751e-02,-2.51719063e-01,-7.23167472e+00,3.48544143e+01,1.61386058e-01,2.50808118e-02,1.58158337e+02,2.45791955e+01
2.66000000e-01,-6.34170861e-02,7.01962280e-02,3.58152727e-02,-2.52815929e-01,-7.31755649e+00,3.43593202e+01,1.59058535e-01,2.38846274e-02,1.55877364e+02,2.34069348e+01
2.68000000e-01,-6.32682373e-02,7.86163514e-02,3.53084543e-02,-2.53848472e-01,-7.40343826e+00,3.38520509e+01,1.60976156e-01,2.44922869e-02,1.57756633e+02,2.40024412e+01
2.70000000e-01,-6.31027501e-02,8.68424114e-02,3.48004349e-02,-2.54046966e-01,-7.48932004e+00,3.33330740e+01,1.62276056e-01,2.49096843e-02,1.59030534e+02,2.44114907e+01
2.72000000e-01,-6.29208688e-02,9.50666953e-02,3.42921078e-02,-2.54483218e-01,-7.57520181e+00,3.28028677e+01,1.59566371e-01,2.32671468e-02,1.56375043e+02,2.28018039e+01
2.74000000e-01,-6.27225049e-02,1.03258552e-01,3.37824359e-02,-2.55018725e-01,-7.66108358e+00,3.22619205e+01,1.61448098e-01,2.39735329e-02,1.58219136e+02,2.34940623e+01
2.76000000e-01,-6.25079247e-02,1.11315186e-01,3.32723255e-02,-2.55115395e-01,-7.74696536e+00,3.17107310e+01,1.61007376e-01,2.34595676e-02,1.57787228e+02,2.29903763e+01
2.78000000e-01,-6.22773056e-02,1.19279689e-01,3.27620933e-02,-2.55033629e-01,-7.83284713e+00,3.11498071e+01,1.61750972e-01,2.36191685e-02,1.58515952e+02,2.31467851e+01
2.80000000e-01,-6.20308662e-02,1.27153916e-01,3.22522338e-02,-2.54887687e-01,-7.91872890e+00,3.05796657e+01,1.61137318e-01,2.28658162e-02,1.57914572e+02,2.24084999e+01
2.82000000e-01,-6.17687308e-02,1.34966773e-01,3.17427793e-02,-2.54386696e-01,-8.00461068e+00,3.00008322e+01,1.61077072e-01,2.36364955e-02,1.57855530e+02,2.31637656e+01
2.84000000e-01,-6.14911512e-02,1.42551509e-01,3.12353868e-02,-2.52836069e-01,-8.09049245e+00,2.94138399e+01,1.64233151e-01,2.43435909e-02,1.60948488e+02,2.38567191e+01
2.86000000e-01,-6.11985882e-02,1.50041150e-01,3.07313026e-02,-2.51483971e-01,-8.17637422e+00,2.88192298e+01,1.60941399e-01,2.24990175e-02,1.57722571e+02,2.20490371e+01
2.88000000e-01,-6.08910987e-02,1.57362618e-01,3.02297275e-02,-2.49717215e-01,-8.26225600e+00,2.82175498e+01,1.65682992e-01,2.44968520e-02,1.62369332e+02,2.40069150e+01
2.90000000e-01,-6.05693357e-02,1.64387204e-01,2.97331000e-02,-2.46951184e-01,-8.34813777e+00,2.76093545e+01,1.65280853e-01,2.38858845e-02,1.61975235e+02,2.34081669e+01
2.92000000e-01,-6.02336352e-02,1.71283753e-01,2.92419166e-02,-2.44194286e-01,-8.43401954e+00,2.69952041e+01,1.65962709e-01,2.37748814e-02,1.62643454e+02,2.32993838e+01
2.94000000e-01,-5.98843344e-02,1.77979655e-01,2.87565667e-02,-2.41071602e-01,-8.51990132e+00,2.63756648e+01,1.67145518e-01,2.39590715e-02,1.63802607e+02,2.34798901e+01
2.96000000e-01,-5.95218792e-02,1.84431749e-01,2.82780680e-02,-2.37292410e-01,-8.60578309e+00,2.57513073e+01,1.68727529e-01,2.44678378e-02,1.65352979e+02,2.39784811e+01
2.98000000e-01,-5.91467187e-02,1.90716977e-01,2.78075284e-02,-2.33316280e-01,-8.69166486e+00,2.51227071e+01,1.68007902e-01,2.36985917e-02,1.64647744e+02,2.32246199e+01
3.00000000e-01,-5.87591229e-02,1.96834809e-01,2.73448724e-02,-2.29235863e-01,-8.77754664e+00,2.44904434e+01,1.69500246e-01,2.40241770e-02,1.66110241e+02,2.35436934e+01
3.02000000e-01,-5.83594303e-02,2.02876416e-01,2.68907212e-02,-2.24950988e-01,-8.86342841e+00,2.38550988e+01,1.66550849e-01,2.34771991e-02,1.63219832e+02,2.30076551e+01
3.04000000e-01,-5.79477858e-02,2.08665112e-01,2.64456503e-02,-2.19793469e-01,-8.94931018e+00,2.32172588e+01,1.72073799e-01,2.52180702e-02,1.68632323e+02,2.47137088e+01
3.06000000e-01,-5.75249042e-02,2.14252228e-01,2.60115717e-02,-2.14599398e-01,-9.03519196e+00,2.25775112e+01,1.67831801e-01,2.29315607e-02,1.64475165e+02,2.24729294e+01
3.08000000e-01,-5.70908880e-02,2.19672781e-01,2.55873605e-02,-2.09243771e-01,-9.12107373e+00,2.19364456e+01,1.72445456e-01,2.49491248e-02,1.68996547e+02,2.44501423e+01
3.10000000e-01,-5.66463864e-02,2.24833436e-01,2.51749302e-02,-2.03387669e-01,-9.20695550e+00,2.12946526e+01,1.70297370e-01,2.33904006e-02,1.66891422e+02,2.29225926e+01
3.12000000e-01,-5.61916800e-02,2.29805387e-01,2.47738554e-02,-1.97463190e-01,-9.29283728e+00,2.06527237e+01,1.73163647e-01,2.45173585e-02,1.69700374e+02,2.40270113e+01
3.14000000e-01,-5.57273786e-02,2.34456621e-01,2.43855980e-02,-1.90758044e-01,-9.37871905e+00,2.00112504e+01,1.74020617e-01,2.44716435e-02,1.70540205e+02,2.39822106e+01
3.16000000e-01,-5.52539785e-02,2.38920357e-01,2.40108197e-02,-1.84058201e-01,-9.46460082e+00,1.93708239e+01,1.73698793e-01,2.39680826e-02,1.70224817e+02,2.34887210e+01
3.18000000e-01,-5.47718478e-02,2.43158168e-01,2.36495087e-02,-1.77143160e-01,-9.55048259e+00,1.87320343e+01,1.75381636e-01,2.44044066e-02,1.71874003e+02,2.39163185e+01
3.20000000e-01,-5.42814962e-02,2.47170559e-01,2.33023814e-02,-1.70026611e-01,-9.63636437e+00,1.80954702e+01,1.74979882e-01,2.38922291e-02,1.71480284e+02,2.34143845e+01
3.22000000e-01,-5.37831910e-02,2.51144834e-01,2.29692648e-02,-1.63116200e-01,-9.72224614e+00,1.74617183e+01,1.72220647e-01,2.34930115e-02,1.68776234e+02,2.30231512e+01
3.24000000e-01,-5.32771092e-02,2.54830631e-01,2.26504721e-02,-1.55372639e-01,-9.80812791e+00,1.68313625e+01,1.77605079e-01,2.51825578e-02,1.74052977e+02,2.46789067e+01
3.26000000e-01,-5.27640214e-02,2.58287062e-01,2.23477791e-02,-1.47621604e-01,-9.89400969e+00,1.62049838e+01,1.73405829e-01,2.30729935e-02,1.69937712e+02,2.26115336e+01
3.28000000e-01,-5.22440948e-02,2.61542718e-01,2.20600989e-02,-1.39700843e-01,-9.97989146e+00,1.55831594e+01,1.78066038e-01,2.51247545e-02,1.74504717e+02,2.46222594e+01
3.30000000e-01,-5.17180393e-02,2.64515287e-01,2.17892509e-02,-1.31367386e-01,-1.00657732e+01,1.49664622e+01,1.75738612e-01,2.35488261e-02,1.72223840e+02,2.30778496e+01
3.32000000e-01,-5.11861799e-02,2.67268445e-01,2.15346533e-02,-1.22998176e-01,-1.01516550e+01,1.43554606e+01,1.78862928e-01,2.48327690e-02,1.75285669e+02,2.43361136e+01
3.34000000e-01,-5.06492042e-02,2.69663589e-01,2.12977978e-02,-1.13819565e-01,-1.02375368e+01,1.37507176e+01,1.79730923e-01,2.49056625e-02,1.76136304e+02,2.44075492e+01
3.36000000e-01,-5.01076346e-02,2.71895155e-01,2.10791958e-02,-1.04909639e-01,-1.03234186e+01,1.31527904e+01,1.78273493e-01,2.39528233e-02,1.74708024e+02,2.34737668e+01
3.38000000e-01,-4.95618122e-02,2.73843714e-01,2.08784082e-02,-9.56264759e-02,-1.04093003e+01,1.25622302e+01,1.81896657e-01,2.53985598e-02,1.78258724e+02,2.48905886e+01
3.40000000e-01,-4.90124518e-02,2.75504187e-01,2.06968913e-02,-8.60413210e-02,-1.04951821e+01,1.19795810e+01,1.80527537e-01,2.43234216e-02,1.76916987e+02,2.38369531e+01
3.42000000e-01,-4.84597889e-02,2.77174487e-01,2.05338202e-02,-7.70900677e-02,-1.05810639e+01,1.14053798e+01,1.77162260e-01,2.38313627e-02,1.73619015e+02,2.33547354e+01
3.44000000e-01,-4.79039672e-02,2.78524753e-01,2.03891394e-02,-6.72263799e-02,-1.06669456e+01,1.08401557e+01,1.83474568e-01,2.60280585e-02,1.79805077e+02,2.55074974e+01
3.46000000e-01,-4.73458545e-02,2.79628132e-01,2.02648723e-02,-5.74261492e-02,-1.07528274e+01,1.02844296e+01,1.78379668e-01,2.35164847e-02,1.74812075e+02,2.30461550e+01
3.48000000e-01,-4.67855892e-02,2.80529839e-01,2.01594626e-02,-4.75842833e-02,-1.08387092e+01,9.73871365e+00,1.83617642e-01,2.59610111e-02,1.79945290e+02,2.54417909e+01
3.50000000e-01,-4.62239397e-02,2.81124776e-01,2.00748328e-02,-3.72959962e-02,-1.09245910e+01,9.20351063e+00,1.80965573e-01,2.43283225e-02,1.77346261e+02,2.38417560e+01
3.52000000e-01,-4.56611755e-02,2.81591577e-01,2.00099189e-02,-2.75472805e-02,-1.10104727e+01,8.67931378e+00,1.82019931e-01,2.47317654e-02,1.78379533e+02,2.42371301e+01
3.54000000e-01,-4.50977997e-02,2.81718871e-01,1.99650846e-02,-1.71373068e-02,-1.10963545e+01,8.16660615e+00,1.84300779e-01,2.56480669e-02,1.80614763e+02,2.51351056e+01
3.56000000e-01,-4.45344158e-02,2.81672494e-01,1.99411639e-02,-7.03588794e-03,-1.11822363e+01,7.66586019e+00,1.81478872e-01,2.40457101e-02,1.77849294e+02,2.35647959e+01
3.58000000e-01,-4.39712556e-02,2.81407338e-01,1.99369293e-02,3.04788884e-03,-1.12681181e+01,7.17753736e+00,1.84815109e-01,2.56009714e-02,1.81118807e+02,2.50889520e+01
3.60000000e-01,-4.34089926e-02,2.80832959e-01,1.99536164e-02,1.35230355e-02,-1.13539998e+01,6.70208764e+00,1.84112414e-01,2.48867118e-02,1.80430166e+02,2.43889775e+01
3.62000000e-01,-4.28478353e-02,2.80391343e-01,1.99901161e-02,2.26403910e-02,-1.14398816e+01,6.23994917e+00,1.77129849e-01,2.27992497e-02,1.73587252e+02,2.23432647e+01
3.64000000e-01,-4.22876010e-02,2.79689082e-01,2.00446306e-02,3.24364990e-02,-1.15257634e+01,5.79154781e+00,1.85627404e-01,2.63855233e-02,1.81914856e+02,2.58578129e+01
3.66000000e-01,-4.17293263e-02,2.78615808e-01,2.01202442e-02,4.28057215e-02,-1.16116452e+01,5.35729677e+00,1.81237599e-01,2.41058531e-02,1.77612847e+02,2.36237361e+01
3.68000000e-01,-4.11731778e-02,2.77482558e-01,2.02153275e-02,5.23860687e-02,-1.16975269e+01,4.93759621e+00,1.82484488e-01,2.48616405e-02,1.78834798e+02,2.43644077e+01
3.70000000e-01,-4.06196310e-02,2.75996927e-01,2.03303151e-02,6.27562378e-02,-1.17834087e+01,4.53283288e+00,1.84947260e-01,2.59237886e-02,1.81248315e+02,2.54053128e+01
3.72000000e-01,-4.00692598e-02,2.74406685e-01,2.04659192e-02,7.24766442e-02,-1.18692905e+01,4.14337979e+00,1.80429510e-01,2.36873887e-02,1.76820920e+02,2.32136410e+01
3.74000000e-01,-3.95220892e-02,2.72689013e-01,2.06199595e-02,8.18038033e-02,-1.19551722e+01,3.76959581e+00,1.83451572e-01,2.53147107e-02,1.79782541e+02,2.48084165e+01
3.76000000e-01,-3.89787371e-02,2.70621324e-01,2.07936179e-02,9.18560983e-02,-1.20410540e+01,3.41182540e+00,1.84164677e-01,2.54534310e-02,1.80481383e+02,2.49443623e+01
3.78000000e-01,-3.84396585e-02,2.68471820e-01,2.09868585e-02,1.01120405e-01,-1.21269358e+01,3.07039823e+00,1.80953886e-01,2.39328918e-02,1.77334808e+02,2.34542340e+01
3.80000000e-01,-3.79050098e-02,2.66082324e-01,2.11982117e-02,1.10552991e-01,-1.22128176e+01,2.74562893e+00,1.85398826e-01,2.61048612e-02,1.81690849e+02,2.55827639e+01
3.82000000e-01,-3.73754058e-02,2.63577873e-01,2.14289326e-02,1.19778984e-01,-1.22986993e+01,2.43781679e+00,1.79306304e-01,2.38249321e-02,1.75720178e+02,2.33484334e+01
3.84000000e-01,-3.68507298e-02,2.61026260e-01,2.16769116e-02,1.28380819e-01,-1.23845811e+01,2.14724546e+00,1.82207713e-01,2.51455699e-02,1.78563559e+02,2.46426585e+01
3.86000000e-01,-3.63315681e-02,2.58073610e-01,2.19431582e-02,1.38035915e-01,-1.24704629e+01,1.87418270e+00,1.84427605e-01,2.64122084e-02,1.80739053e+02,2.58839643e+01
3.88000000e-01,-3.58185099e-02,2.55009109e-01,2.22287577e-02,1.47244846e-01,-1.25563447e+01,1.61888013e+00,1.80620536e-01,2.46131816e-02,1.77008125e+02,2.41209179e+01
3.90000000e-01,-3.53115564e-02,2.51907540e-01,2.25315743e-02,1.55608943e-01,-1.26422264e+01,1.38157302e+00,1.81142887e-01,2.50680958e-02,1.77520029e+02,2.45667339e+01
3.92000000e-01,-3.48110669e-02,2.48525329e-01,2.28515047e-02,1.64439836e-01,-1.27281082e+01,1.16248006e+00,1.83079203e-01,2.60464744e-02,1.79417619e+02,2.55255449e+01
3.94000000e-01,-3.43175050e-02,2.45068280e-01,2.31888840e-02,1.72596374e-01,-1.28139900e+01,9.61803129e-01,1.78848319e-01,2.41311246e-02,1.75271353e+02,2.36485021e+01
3.96000000e-01,-3.38308569e-02,2.41516456e-01,2.35415891e-02,1.80301183e-01,-1.28998718e+01,7.79727165e-01,1.81306961e-01,2.55990929e-02,1.77680822e+02,2.50871110e+01
3.98000000e-01,-3.33516497e-02,2.37648832e-01,2.39105065e-02,1.88632554e-01,-1.29857535e+01,6.16419948e-01,1.82300236e-01,2.59699104e-02,1.78654231e+02,2.54505122e+01
4.00000000e-01,-3.28802949e-02,2.33731254e-01,2.42955479e-02,1.96106940e-01,-1.30716353e+01,4.72031968e-01,1.78610366e-01,2.43471648e-02,1.75038159e+02,2.38602215e+01
4.02000000e-01,-3.24167701e-02,2.29745491e-01,2.46947083e-02,2.03242407e-01,-1.31575171e+01,3.46696278e-01,1.80093574e-01,2.58259129e-02,1.76491702e+02,2.53093947e+01
4.04000000e-01,-3.19614477e-02,2.25557584e-01,2.51087342e-02,2.10702879e-01,-1.32433988e+01,2.40528376e-01,1.79600004e-01,2.56177382e-02,1.76008004e+02,2.51053834e+01
4.06000000e-01,-3.15145641e-02,2.21333292e-01,2.55370075e-02,2.17395061e-01,-1.33292806e+01,1.53626098e-01,1.77278518e-01,2.48222894e-02,1.73732948e+02,2.43258436e+01
4.08000000e-01,-3.10762533e-02,2.16900937e-01,2.59785118e-02,2.24383260e-01,-1.34151624e+01,8.60695243e-02,1.80866026e-01,2.68670550e-02,1.77248705e+02,2.63297139e+01
4.10000000e-01,-3.06470585e-02,2.12321249e-01,2.64344265e-02,2.31200479e-01,-1.35010442e+01,3.79209086e-02,1.77198895e-01,2.51117929e-02,1.73654917e+02,2.46095570e+01
4.12000000e-01,-3.02269541e-02,2.07762838e-01,2.69026509e-02,2.37023557e-01,-1.35869259e+01,9.22462047e-03,1.76920876e-01,2.54468668e-02,1.73382459e+02,2.49379294e+01
4.14000000e-01,-2.98161708e-02,2.02959071e-01,2.73828851e-02,2.43393009e-01,-1.36728077e+01,0.00000000e+00,1.79559521e-01,2.69421560e-02,1.75968330e+02,2.64033129e+01
4.16000000e-01,-2.94151707e-02,1.98075920e-01,2.78758649e-02,2.49225439e-01,-1.37586895e+01,0.00000000e+00,1.75482337e-01,2.50213854e-02,1.71972690e+02,2.45209577e+01
4.18000000e-01,-2.90238624e-02,1.93199786e-01,2.83791975e-02,2.54173994e-01,-1.38445713e+01,0.00000000e+00,1.76181416e-01,2.58039544e-02,1.72657787e+02,2.52878753e+01
4.20000000e-01,-2.86425336e-02,1.88080665e-01,2.88929113e-02,2.59648092e-01,-1.39304530e+01,0.00000000e+00,1.78026726e-01,2.68561871e-02,1.74466192e+02,2.63190634e+01
4.22000000e-01,-2.82715259e-02,1.82982363e-01,2.94171830e-02,2.64211959e-01,-1.40163348e+01,0.00000000e+00,1.72645232e-01,2.46403092e-02,1.69192327e+02,2.41475030e+01
4.24000000e-01,-2.79105405e-02,1.77979449e-01,2.99490861e-02,2.67766443e-01,-1.41022166e+01,0.00000000e+00,1.72830646e-01,2.54959308e-02,1.69374033e+02,2.49860121e+01
4.26000000e-01,-2.75597493e-02,1.72764782e-01,3.04886007e-02,2.71848805e-01,-1.41880984e+01,0.00000000e+00,1.74708634e-01,2.65174362e-02,1.71214461e+02,2.59870875e+01
4.28000000e-01,-2.72195104e-02,1.67506717e-01,3.10361167e-02,2.75384330e-01,-1.42739801e+01,0.00000000e+00,1.71045705e-01,2.51287259e-02,1.67624791e+02,2.46261514e+01
4.30000000e-01,-2.68897286e-02,1.62239396e-01,3.15897796e-02,2.78382192e-01,-1.43598619e+01,0.00000000e+00,1.72211447e-01,2.61786480e-02,1.68767218e+02,2.56550750e+01
4.32000000e-01,-2.65706637e-02,1.56805709e-01,3.21497959e-02,2.81605609e-01,-1.44457437e+01,0.00000000e+00,1.72306537e-01,2.64008608e-02,1.68860407e+02,2.58728436e+01
4.34000000e-01,-2.62624929e-02,1.51391319e-01,3.27156775e-02,2.84042317e-01,-1.45316254e+01,0.00000000e+00,1.69222659e-01,2.53346567e-02,1.65838206e+02,2.48279635e+01
4.36000000e-01,-2.59651240e-02,1.45938533e-01,3.32857402e-02,2.86141629e-01,-1.46175072e+01,0.00000000e+00,1.70754139e-01,2.65062351e-02,1.67339056e+02,2.59761104e+01
4.38000000e-01,-2.56788356e-02,1.40340437e-01,3.38603455e-02,2.88393250e-01,-1.47033890e+01,0.00000000e+00,1.70258294e-01,2.64742700e-02,1.66853128e+02,2.59447846e+01
4.40000000e-01,-2.54037515e-02,1.34758450e-01,3.44388498e-02,2.89949859e-01,-1.47892708e+01,0.00000000e+00,1.68109303e-01,2.58731380e-02,1.64747117e+02,2.53556753e+01
4.42000000e-01,-2.51398452e-02,1.29111317e-01,3.50199552e-02,2.91221800e-01,-1.48751525e+01,0.00000000e+00,1.69603338e-01,2.67064097e-02,1.66211272e+02,2.61722815e+01
4.44000000e-01,-2.48873232e-02,1.23438755e-01,3.56035021e-02,2.92141460e-01,-1.49610343e+01,0.00000000e+00,1.66618850e-01,2.59668868e-02,1.63286473e+02,2.54475491e+01
4.46000000e-01,-2.46460431e-02,1.17836895e-01,3.61880311e-02,2.92326392e-01,-1.50469161e+01,0.00000000e+00,1.65958727e-01,2.59991555e-02,1.62639552e+02,2.54791724e+01
4.48000000e-01,-2.44160422e-02,1.12135181e-01,3.67728870e-02,2.92630346e-01,-1.51327979e+01,0.00000000e+00,1.67051464e-01,2.70521402e-02,1.63710434e+02,2.65110974e+01
4.50000000e-01,-2.41975564e-02,1.06352406e-01,3.73585405e-02,2.92916248e-01,-1.52186796e+01,0.00000000e+00,1.66045741e-01,2.67977535e-02,1.62724826e+02,2.62617985e+01
4.52000000e-01,-2.39906004e-02,1.00617819e-01,3.79440805e-02,2.92494909e-01,-1.53045614e+01,0.00000000e+00,1.64212526e-01,2.64042432e-02,1.60928275e+02,2.58761583e+01
4.54000000e-01,-2.37950942e-02,9.48696069e-02,3.85283638e-02,2.91839153e-01,-1.53904432e+01,0.00000000e+00,1.64744791e-01,2.71406920e-02,1.61449895e+02,2.65978782e+01
4.56000000e-01,-2.36111451e-02,8.90867901e-02,3.91113040e-02,2.90983825e-01,-1.54763249e+01,0.00000000e+00,1.63495875e-01,2.68184139e-02,1.60225958e+02,2.62820456e+01
4.58000000e-01,-2.34387046e-02,8.33676486e-02,3.96918521e-02,2.89457953e-01,-1.55622067e+01,0.00000000e+00,1.61825791e-01,2.65631533e-02,1.58589275e+02,2.60318902e+01
4.60000000e-01,-2.32776759e-02,7.76463757e-02,4.02689964e-02,2.87722887e-01,-1.56480885e+01,0.00000000e+00,1.62207868e-01,2.72045284e-02,1.58963710e+02,2.66604378e+01
4.62000000e-01,-2.31281808e-02,7.18325542e-02,4.08426627e-02,2.85866500e-01,-1.57339703e+01,0.00000000e+00,1.62744375e-01,2.71287518e-02,1.59489487e+02,2.65861767e+01
4.64000000e-01,-2.29902830e-02,6.61127506e-02,4.14118813e-02,2.83138682e-01,-1.58198520e+01,0.00000000e+00,1.58861684e-01,2.61895891e-02,1.55684450e+02,2.56657973e+01
4.66000000e-01,-2.28637066e-02,6.04278184e-02,4.19750543e-02,2.80166124e-01,-1.59057338e+01,0.00000000e+00,1.60873186e-01,2.74208426e-02,1.57655722e+02,2.68724258e+01
4.68000000e-01,-2.27486573e-02,5.46145951e-02,4.25328327e-02,2.77623759e-01,-1.59916156e+01,0.00000000e+00,1.60896632e-01,2.78904329e-02,1.57678699e+02,2.73326243e+01
4.70000000e-01,-2.26452040e-02,4.88676469e-02,4.30852244e-02,2.74594107e-01,-1.60774974e+01,0.00000000e+00,1.58456419e-01,2.71883225e-02,1.55287291e+02,2.66445560e+01
4.72000000e-01,-2.25531044e-02,4.32440695e-02,4.36307211e-02,2.70832571e-01,-1.61633791e+01,0.00000000e+00,1.57238947e-01,2.71349948e-02,1.54094168e+02,2.65922949e+01
4.74000000e-01,-2.24722258e-02,3.76233552e-02,4.41684685e-02,2.66941784e-01,-1.62492609e+01,0.00000000e+00,1.57706389e-01,2.76868364e-02,1.54552262e+02,2.71330997e+01
4.76000000e-01,-2.24026042e-02,3.20127987e-02,4.46983440e-02,2.62834585e-01,-1.63351427e+01,0.00000000e+00,1.56410284e-01,2.74393443e-02,1.53282078e+02,2.68905574e+01
4.78000000e-01,-2.23441325e-02,2.64653835e-02,4.52195522e-02,2.58345374e-01,-1.64210245e+01,0.00000000e+00,1.55730956e-01,2.76313983e-02,1.52616337e+02,2.70787703e+01
4.80000000e-01,-2.22967244e-02,2.09453659e-02,4.57316252e-02,2.53705766e-01,-1.65069062e+01,0.00000000e+00,1.55360528e-01,2.78570763e-02,1.52253318e+02,2.72999348e+01
4.82000000e-01,-2.22603737e-02,1.53914368e-02,4.62341602e-02,2.48743616e-01,-1.65927880e+01,0.00000000e+00,1.56204024e-01,2.76742806e-02,1.53079943e+02,2.71207950e+01
4.84000000e-01,-2.22351097e-02,9.91092533e-03,4.67261703e-02,2.43137582e-01,-1.66786698e+01,0.00000000e+00,1.53416193e-01,2.72106722e-02,1.50347869e+02,2.66664587e+01
4.86000000e-01,-2.22206935e-02,4.48506017e-03,4.72066238e-02,2.37401458e-01,-1.67645515e+01,0.00000000e+00,1.54787337e-01,2.80899570e-02,1.51691590e+02,2.75281579e+01
4.88000000e-01,-2.22172351e-02,-1.03919519e-03,4.76761336e-02,2.32201370e-01,-1.68504333e+01,0.00000000e+00,1.55664582e-01,2.90087021e-02,1.52551290e+02,2.84285281e+01
4.90000000e-01,-2.22248084e-02,-6.50054084e-03,4.81352784e-02,2.26775106e-01,-1.69363151e+01,0.00000000e+00,1.53356698e-01,2.82732805e-02,1.50289564e+02,2.77078149e+01
4.92000000e-01,-2.22431132e-02,-1.17758235e-02,4.85826403e-02,2.20458414e-01,-1.70221969e+01,0.00000000e+00,1.51444563e-01,2.77813084e-02,1.48415672e+02,2.72256822e+01
4.94000000e-01,-2.22718752e-02,-1.69964022e-02,4.90170229e-02,2.14007875e-01,-1.71080786e+01,0.00000000e+00,1.52291936e-01,2.86155471e-02,1.49246097e+02,2.80432362e+01
4.96000000e-01,-2.23110996e-02,-2.22181141e-02,4.94387446e-02,2.07666602e-01,-1.71939604e+01,0.00000000e+00,1.51769888e-01,2.86156860e-02,1.48734491e+02,2.80433723e+01
4.98000000e-01,-2.23606706e-02,-2.73243171e-02,4.98473794e-02,2.00860572e-01,-1.72798422e+01,0.00000000e+00,1.49976505e-01,2.82265219e-02,1.46976975e+02,2.76619914e+01
5.00000000e-01,-2.24203223e-02,-3.23187312e-02,5.02419753e-02,1.93737080e-01,-1.73657240e+01,0.00000000e+00,1.49624208e-01,2.85159475e-02,1.46631723e+02,2.79456285e+01
5.02000000e-01,-2.24899538e-02,-3.73255149e-02,5.06221562e-02,1.86356344e-01,-1.74516057e+01,0.00000000e+00,1.50813586e-01,2.82326596e-02,1.47797315e+02,2.76680064e+01
5.04000000e-01,-2.25696081e-02,-4.23078402e-02,5.09871815e-02,1.78646868e-01,-1.75374875e+01,0.00000000e+00,1.49682499e-01,2.83505242e-02,1.46688849e+02,2.77835137e+01
5.06000000e-01,-2.26591529e-02,-4.72417294e-02,5.13368035e-02,1.71027044e-01,-1.76233693e+01,0.00000000e+00,1.50392621e-01,2.89234306e-02,1.47384768e+02,2.83449620e+01
5.08000000e-01,-2.27586112e-02,-5.22300034e-02,5.16716610e-02,1.63964163e-01,-1.77092511e+01,0.00000000e+00,1.51744929e-01,3.00008519e-02,1.48710030e+02,2.94008348e+01
5.10000000e-01,-2.28680118e-02,-5.71267177e-02,5.19925499e-02,1.56736106e-01,-1.77172810e+01,0.00000000e+00,1.49126012e-01,2.90380151e-02,1.46143491e+02,2.84572548e+01
5.12000000e-01,-2.29869443e-02,-6.17627048e-02,5.22979108e-02,1.48466241e-01,-1.77172810e+01,0.00000000e+00,1.46604205e-01,2.82536341e-02,1.43672121e+02,2.76885614e+01
5.14000000e-01,-2.31149772e-02,-6.62704449e-02,5.25862527e-02,1.39953124e-01,-1.77172810e+01,0.00000000e+00,1.47155988e-01,2.89428527e-02,1.44212868e+02,2.83639956e+01
5.16000000e-01,-2.32520098e-02,-7.07538029e-02,5.28578780e-02,1.31671982e-01,-1.77172810e+01,0.00000000e+00,1.47134761e-01,2.91319659e-02,1.44192066e+02,2.85493266e+01
5.18000000e-01,-2.33978987e-02,-7.50966922e-02,5.31127039e-02,1.23035716e-01,-1.77172810e+01,0.00000000e+00,1.45046654e-01,2.85649597e-02,1.42145721e+02,2.79936605e+01
5.20000000e-01,-2.35522809e-02,-7.92660605e-02,5.33497613e-02,1.14010254e-01,-1.77172810e+01,0.00000000e+00,1.44323201e-01,2.86573767e-02,1.41436737e+02,2.80842292e+01
5.22000000e-01,-2.37149641e-02,-8.34370873e-02,5.35686057e-02,1.04776051e-01,-1.77172810e+01,0.00000000e+00,1.46396491e-01,2.84431909e-02,1.43468562e+02,2.78743270e+01
5.24000000e-01,-2.38860191e-02,-8.75928353e-02,5.37687448e-02,9.53606825e-02,-1.77172810e+01,0.00000000e+00,1.45345478e-01,2.85668669e-02,1.42438569e+02,2.79955296e+01
5.26000000e-01,-2.40652629e-02,-9.16397990e-02,5.39500763e-02,8.59871215e-02,-1.77172810e+01,0.00000000e+00,1.45301143e-01,2.87938217e-02,1.42395120e+02,2.82179453e+01
5.28000000e-01,-2.42525829e-02,-9.56937094e-02,5.41130879e-02,7.72054256e-02,-1.77172810e+01,0.00000000e+00,1.47020456e-01,3.00457245e-02,1.44080047e+02,2.94448100e+01
5.30000000e-01,-2.44479932e-02,-9.96808570e-02,5.42590144e-02,6.85983596e-02,-1.77172810e+01,0.00000000e+00,1.45319837e-01,2.93722995e-02,1.42413440e+02,2.87848535e+01
5.32000000e-01,-2.46511315e-02,-1.03405782e-01,5.43868982e-02,5.91167843e-02,-1.77172810e+01,0.00000000e+00,1.42535876e-01,2.83966208e-02,1.39685159e+02,2.78286884e+01
5.34000000e-01,-2.48615140e-02,-1.06977248e-01,5.44953567e-02,4.94479417e-02,-1.77172810e+01,0.00000000e+00,1.43436720e-01,2.91381555e-02,1.40567985e+02,2.85553924e+01
5.36000000e-01,-2.50790457e-02,-1.10556517e-01,5.45850586e-02,4.03319109e-02,-1.77172810e+01,0.00000000e+00,1.44479407e-01,2.96888717e-02,1.41589819e+02,2.90950943e+01
5.38000000e-01,-2.53036611e-02,-1.14017382e-01,5.46566093e-02,3.11032337e-02,-1.77172810e+01,0.00000000e+00,1.42489219e-01,2.90076455e-02,1.39639435e+02,2.84274926e+01
5.40000000e-01,-2.55349946e-02,-1.17297330e-01,5.47092930e-02,2.16067255e-02,-1.77172810e+01,0.00000000e+00,1.42126818e-01,2.92058435e-02,1.39284281e+02,2.86217266e+01
5.42000000e-01,-2.57728763e-02,-1.20616052e-01,5.47430860e-02,1.21849332e-02,-1.77172810e+01,0.00000000e+00,1.45323760e-01,2.92165950e-02,1.42417285e+02,2.86322631e+01
5.44000000e-01,-2.60174501e-02,-1.23921723e-01,5.47579533e-02,2.64407469e-03,-1.77172810e+01,0.00000000e+00,1.43804715e-01,2.89810409e-02,1.40928620e+02,2.84014201e+01
5.46000000e-01,-2.62684616e-02,-1.27075020e-01,5.47536478e-02,-6.91848104e-03,-1.77172810e+01,0.00000000e+00,1.43799336e-01,2.91688177e-02,1.40923349e+02,2.85854413e+01
5.48000000e-01,-2.65257533e-02,-1.30233059e-01,5.47307628e-02,-1.57560646e-02,-1.77172810e+01,0.00000000e+00,1.46003034e-01,3.04737586e-02,1.43082974e+02,2.98642834e+01
5.50000000e-01,-2.67893542e-02,-1.33331638e-01,5.46908242e-02,-2.42927023e-02,-1.77172810e+01,0.00000000e+00,1.44548963e-01,2.97468879e-02,1.41657983e+02,2.91519501e+01
5.52000000e-01,-2.70589154e-02,-1.36183440e-01,5.46331296e-02,-3.35228186e-02,-1.77172810e+01,0.00000000e+00,1.42425194e-01,2.89394432e-02,1.39576690e+02,2.83606543e+01
5.54000000e-01,-2.73339949e-02,-1.38895601e-01,5.45567383e-02,-4.27449178e-02,-1.77172810e+01,0.00000000e+00,1.43520386e-01,2.96583999e-02,1.40649978e+02,2.90652319e+01
5.56000000e-01,-2.76144852e-02,-1.41588954e-01,5.44624992e-02,-5.14431064e-02,-1.77172810e+01,0.00000000e+00,1.44264392e-01,2.99080761e-02,1.41379104e+02,2.93099145e+01
5.58000000e-01,-2.79002447e-02,-1.44123273e-01,5.43508560e-02,-6.03059689e-02,-1.77172810e+01,0.00000000e+00,1.42126402e-01,2.91568332e-02,1.39283874e+02,2.85736966e+01
5.60000000e-01,-2.81908477e-02,-1.46461596e-01,5.42211456e-02,-6.93635068e-02,-1.77172810e+01,0.00000000e+00,1.42047115e-01,2.93178651e-02,1.39206173e+02,2.87315078e+01
5.62000000e-01,-2.84861486e-02,-1.48886299e-01,5.40736490e-02,-7.80505968e-02,-1.77172810e+01,0.00000000e+00,1.46545807e-01,2.97272739e-02,1.43614891e+02,2.91327284e+01
5.64000000e-01,-2.87863979e-02,-1.51318561e-01,5.39090109e-02,-8.66361423e-02,-1.77172810e+01,0.00000000e+00,1.44664641e-01,2.92992944e-02,1.41771348e+02,2.87133085e+01
5.66000000e-01,-2.90913153e-02,-1.53589379e-01,5.37271291e-02,-9.51847193e-02,-1.77172810e+01,0.00000000e+00,1.45253095e-01,2.95485536e-02,1.42348033e+02,2.89575825e+01
5.68000000e-01,-2.94007647e-02,-1.55874211e-01,5.35288234e-02,-1.02906282e-01,-1.77172810e+01,0.00000000e+00,1.47508985e-01,3.07551440e-02,1.44558805e+02,3.01400411e+01
5.70000000e-01,-2.97147612e-02,-1.58082732e-01,5.33156965e-02,-1.10339049e-01,-1.77172810e+01,0.00000000e+00,1.46023936e-01,2.98532559e-02,1.43103457e+02,2.92561908e+01
5.72000000e-01,-3.00329197e-02,-1.60027266e-01,5.30869885e-02,-1.18489771e-01,-1.77172810e+01,0.00000000e+00,1.43929422e-01,2.89247053e-02,1.41050834e+02,2.83462112e+01
5.74000000e-01,-3.03547783e-02,-1.61833804e-01,5.28417852e-02,-1.26568819e-01,-1.77172810e+01,0.00000000e+00,1.45419368e-01,2.96567666e-02,1.42510980e+02,2.90636313e+01
5.76000000e-01,-3.06802575e-02,-1.63644204e-01,5.25811908e-02,-1.33931532e-01,-1.77172810e+01,0.00000000e+00,1.46669266e-01,3.00590604e-02,1.43735880e+02,2.94578792e+01
5.78000000e-01,-3.10092613e-02,-1.65313969e-01,5.23060481e-02,-1.41310688e-01,-1.77172810e+01,0.00000000e+00,1.44811815e-01,2.92321617e-02,1.41915578e+02,2.86475184e+01
5.80000000e-01,-3.13413987e-02,-1.66811817e-01,5.20159060e-02,-1.48752979e-01,-1.77172810e+01,0.00000000e+00,1.45357210e-01,2.95151212e-02,1.42450066e+02,2.89248187e+01
5.82000000e-01,-3.16765797e-02,-1.68416341e-01,5.17114387e-02,-1.55591655e-01,-1.77172810e+01,0.00000000e+00,1.50034351e-01,3.00670384e-02,1.47033664e+02,2.94656976e+01
5.84000000e-01,-3.20150607e-02,-1.70015802e-01,5.13936620e-02,-1.62246361e-01,-1.77172810e+01,0.00000000e+00,1.47995290e-01,2.94499998e-02,1.45035384e+02,2.88609998e+01
5.86000000e-01,-3.23565442e-02,-1.71467104e-01,5.10625216e-02,-1.68798591e-01,-1.77172810e+01,0.00000000e+00,1.49353960e-01,2.98117911e-02,1.46366881e+02,2.92155552e+01
5.88000000e-01,-3.27009430e-02,-1.72939169e-01,5.07189938e-02,-1.74561716e-01,-1.77172810e+01,0.00000000e+00,1.51285911e-01,3.06179981e-02,1.48260192e+02,3.00056382e+01
5.90000000e-01,-3.30482657e-02,-1.74358559e-01,5.03645626e-02,-1.79892969e-01,-1.77172810e+01,0.00000000e+00,1.50952486e-01,3.02141264e-02,1.47933436e+02,2.96098439e+01
5.92000000e-01,-3.33982724e-02,-1.75620784e-01,4.99993274e-02,-1.85365928e-01,-1.77172810e+01,0.00000000e+00,1.50465293e-01,2.98010181e-02,1.47455987e+02,2.92049978e+01
5.94000000e-01,-3.37507134e-02,-1.76829810e-01,4.96234072e-02,-1.90376480e-01,-1.77172810e+01,0.00000000e+00,1.52581550e-01,3.06498095e-02,1.49529919e+02,3.00368133e+01
5.96000000e-01,-3.41056031e-02,-1.78056000e-01,4.92382976e-02,-1.94672917e-01,-1.77172810e+01,0.00000000e+00,1.53758427e-01,3.07515655e-02,1.50683259e+02,3.01365342e+01
5.98000000e-01,-3.44628676e-02,-1.79177494e-01,4.88447759e-02,-1.98878915e-01,-1.77172810e+01,0.00000000e+00,1.53046808e-01,3.02791725e-02,1.49985872e+02,2.96735890e+01
6.00000000e-01,-3.48222627e-02,-1.80223395e-01,4.84430246e-02,-2.02721040e-01,-1.77172810e+01,0.00000000e+00,1.54921598e-01,3.09430359e-02,1.51823166e+02,3.03241751e+01
6.02000000e-01,-3.51838471e-02,-1.81398205e-01,4.80344181e-02,-2.05773640e-01,-1.77172810e+01,0.00000000e+00,1.59006153e-01,3.13539538e-02,1.55826030e+02,3.07268747e+01
6.04000000e-01,-3.55478070e-02,-1.82500230e-01,4.76198735e-02,-2.08911095e-01,-1.77172810e+01,0.00000000e+00,1.56187148e-01,3.01739418e-02,1.53063405e+02,2.95704630e+01
6.06000000e-01,-3.59137550e-02,-1.83462765e-01,4.71988222e-02,-2.11975849e-01,-1.77172810e+01,0.00000000e+00,1.58730117e-01,3.09063703e-02,1.55555515e+02,3.02882429e+01
6.08000000e-01,-3.62816813e-02,-1.84460213e-01,4.67725216e-02,-2.14213419e-01,-1.77172810e+01,0.00000000e+00,1.60002347e-01,3.13021605e-02,1.56802300e+02,3.06761173e+01
6.10000000e-01,-3.66515559e-02,-1.85397643e-01,4.63422130e-02,-2.16084381e-01,-1.77172810e+01,0.00000000e+00,1.60343166e-01,3.10619212e-02,1.57136302e+02,3.04406827e+01
6.12000000e-01,-3.70232118e-02,-1.86244899e-01,4.59082688e-02,-2.17828275e-01,-1.77172810e+01,0.00000000e+00,1.60925617e-01,3.09496815e-02,1.57707105e+02,3.03306879e+01
6.14000000e-01,-3.73964985e-02,-1.87036771e-01,4.54711275e-02,-2.19230783e-01,-1.77172810e+01,0.00000000e+00,1.62092999e-01,3.11546093e-02,1.58851139e+02,3.05315171e+01
6.16000000e-01,-3.77713099e-02,-1.87755299e-01,4.50314889e-02,-2.20418425e-01,-1.77172810e+01,0.00000000e+00,1.62268416e-01,3.07731100e-02,1.59023048e+02,3.01576478e+01
6.18000000e-01,-3.81474514e-02,-1.88371282e-01,4.45895239e-02,-2.21500956e-01,-1.77172810e+01,0.00000000e+00,1.62764763e-01,3.07443193e-02,1.59509468e+02,3.01294329e+01
6.20000000e-01,-3.85247180e-02,-1.88871617e-01,4.41455663e-02,-2.22461685e-01,-1.77172810e+01,0.00000000e+00,1.62643613e-01,3.03949400e-02,1.59390741e+02,2.97870412e+01
6.22000000e-01,-3.89029683e-02,-1.89417711e-01,4.37000459e-02,-2.22869316e-01,-1.77172810e+01,0.00000000e+00,1.66919721e-01,3.12690561e-02,1.63581327e+02,3.06436750e+01
6.24000000e-01,-3.92823798e-02,-1.89950303e-01,4.32543159e-02,-2.22936552e-01,-1.77172810e+01,0.00000000e+00,1.65422995e-01,3.04726707e-02,1.62114535e+02,2.98632173e+01
6.26000000e-01,-3.96627048e-02,-1.90385742e-01,4.28084058e-02,-2.22844636e-01,-1.77172810e+01,0.00000000e+00,1.67752486e-01,3.09661148e-02,1.64397436e+02,3.03467925e+01
6.28000000e-01,-4.00439489e-02,-1.90860321e-01,4.23634728e-02,-2.21949762e-01,-1.77172810e+01,0.00000000e+00,1.69447853e-01,3.15221549e-02,1.66058895e+02,3.08917118e+01
6.30000000e-01,-4.04261135e-02,-1.91286001e-01,4.19208681e-02,-2.20663022e-01,-1.77172810e+01,0.00000000e+00,1.69727746e-01,3.11558208e-02,1.66333191e+02,3.05327043e+01
6.32000000e-01,-4.08090082e-02,-1.91584674e-01,4.14807533e-02,-2.19477298e-01,-1.77172810e+01,0.00000000e+00,1.69604375e-01,3.06808919e-02,1.66212288e+02,3.00672740e+01
6.34000000e-01,-4.11924250e-02,-1.91842670e-01,4.10432137e-02,-2.17909370e-01,-1.77172810e+01,0.00000000e+00,1.71906172e-01,3.13324347e-02,1.68468049e+02,3.07057860e+01
6.36000000e-01,-4.15764202e-02,-1.92162678e-01,4.06096586e-02,-2.15527445e-01,-1.77172810e+01,0.00000000e+00,1.74186813e-01,3.17691841e-02,1.70703077e+02,3.11338004e+01
6.38000000e-01,-4.19610406e-02,-1.92429896e-01,4.01812561e-02,-2.12917232e-01,-1.77172810e+01,0.00000000e+00,1.73811168e-01,3.11985244e-02,1.70334944e+02,3.05745539e+01
6.40000000e-01,-4.23460839e-02,-1.92613174e-01,3.97581006e-02,-2.10140595e-01,-1.77172810e+01,0.00000000e+00,1.75367817e-01,3.15129080e-02,1.71860461e+02,3.08826498e+01
6.42000000e-01,-4.27314971e-02,-1.92802191e-01,3.93410180e-02,-2.06877598e-01,-1.77172810e+01,0.00000000e+00,1.77090751e-01,3.16222572e-02,1.73548936e+02,3.09898120e+01
6.44000000e-01,-4.31172720e-02,-1.92960317e-01,3.89307985e-02,-2.03302171e-01,-1.77172810e+01,0.00000000e+00,1.77794454e-01,3.15812274e-02,1.74238564e+02,3.09496029e+01
6.46000000e-01,-4.35032839e-02,-1.93036733e-01,3.85278779e-02,-1.99623944e-01,-1.77172810e+01,0.00000000e+00,1.78332146e-01,3.12609292e-02,1.74765503e+02,3.06357106e+01
6.48000000e-01,-4.38893514e-02,-1.93011784e-01,3.81323258e-02,-1.95911177e-01,-1.77172810e+01,0.00000000e+00,1.78577428e-01,3.10871453e-02,1.75005879e+02,3.04654024e+01
6.50000000e-01,-4.42752787e-02,-1.92908430e-01,3.77443665e-02,-1.91998373e-01,-1.77172810e+01,0.00000000e+00,1.79650824e-01,3.11250026e-02,1.76057807e+02,3.05025026e+01
6.52000000e-01,-4.46609387e-02,-1.92735440e-01,3.73644147e-02,-1.87961944e-01,-1.77172810e+01,0.00000000e+00,1.80099126e-01,3.08021962e-02,1.76497143e+02,3.01861523e+01
6.54000000e-01,-4.50461690e-02,-1.92485264e-01,3.69925963e-02,-1.83809185e-01,-1.77172810e+01,0.00000000e+00,1.80992910e-01,3.08363316e-02,1.77373052e+02,3.02196049e+01
6.56000000e-01,-4.54308459e-02,-1.92184361e-01,3.66293287e-02,-1.79430287e-01,-1.77172810e+01,0.00000000e+00,1.82055206e-01,3.07561347e-02,1.78414102e+02,3.01410120e+01
6.58000000e-01,-4.58148690e-02,-1.91827265e-01,3.62750168e-02,-1.74839058e-01,-1.77172810e+01,0.00000000e+00,1.82816102e-01,3.07739981e-02,1.79159780e+02,3.01585182e+01
6.60000000e-01,-4.61981053e-02,-1.91395753e-01,3.59300820e-02,-1.70083663e-01,-1.77172810e+01,0.00000000e+00,1.83446465e-01,3.06060197e-02,1.79777536e+02,2.99938993e+01
6.62000000e-01,-4.65803841e-02,-1.90862319e-01,3.55947215e-02,-1.65269109e-01,-1.77172810e+01,0.00000000e+00,1.83557201e-01,3.04171244e-02,1.79886057e+02,2.98087819e+01
6.64000000e-01,-4.69615453e-02,-1.90314893e-01,3.52692887e-02,-1.60029804e-01,-1.77172810e+01,0.00000000e+00,1.86233304e-01,3.10305832e-02,1.82508638e+02,3.04099715e+01
6.66000000e-01,-4.73416415e-02,-1.89764217e-01,3.49548699e-02,-1.54389131e-01,-1.77172810e+01,0.00000000e+00,1.86586284e-01,3.08081271e-02,1.82854558e+02,3.01919646e+01
6.68000000e-01,-4.77205155e-02,-1.89083619e-01,3.46516271e-02,-1.48906043e-01,-1.77172810e+01,0.00000000e+00,1.86292904e-01,3.02643464e-02,1.82567046e+02,2.96590594e+01
6.70000000e-01,-4.80979355e-02,-1.88342388e-01,3.43593576e-02,-1.43255244e-01,-1.77172810e+01,0.00000000e+00,1.88253461e-01,3.07403635e-02,1.84488392e+02,3.01255562e+01
6.72000000e-01,-4.84739468e-02,-1.87693696e-01,3.40791775e-02,-1.36747528e-01,-1.77172810e+01,0.00000000e+00,1.91527534e-01,3.16601751e-02,1.87696984e+02,3.10269716e+01
6.74000000e-01,-4.88487616e-02,-1.87121847e-01,3.38128786e-02,-1.29473203e-01,-1.77172810e+01,0.00000000e+00,1.93111102e-01,3.19661118e-02,1.89248880e+02,3.13267896e+01
6.76000000e-01,-4.92224249e-02,-1.86536102e-01,3.35615042e-02,-1.21869601e-01,-1.77172810e+01,0.00000000e+00,1.94255536e-01,3.19891318e-02,1.90370425e+02,3.13493491e+01
6.78000000e-01,-4.95948927e-02,-1.85930524e-01,3.33255219e-02,-1.14083434e-01,-1.77172810e+01,0.00000000e+00,1.95690665e-01,3.20090324e-02,1.91776852e+02,3.13688518e+01
6.80000000e-01,-4.99660983e-02,-1.85251815e-01,3.31051421e-02,-1.06339844e-01,-1.77172810e+01,0.00000000e+00,1.95579575e-01,3.15817561e-02,1.91667983e+02,3.09501210e+01
6.82000000e-01,-5.03356992e-02,-1.84271972e-01,3.28996847e-02,-9.93128769e-02,-1.77172810e+01,0.00000000e+00,1.91674823e-01,3.02083823e-02,1.87841326e+02,2.96042146e+01
6.84000000e-01,-5.07031439e-02,-1.83228797e-01,3.27080316e-02,-9.20744965e-02,-1.77172810e+01,0.00000000e+00,1.97103674e-01,3.17488759e-02,1.93161601e+02,3.11138983e+01
6.86000000e-01,-5.10686974e-02,-1.82310051e-01,3.25319383e-02,-8.40088700e-02,-1.77172810e+01,0.00000000e+00,1.97570233e-01,3.16899232e-02,1.93618829e+02,3.10561248e+01
6.88000000e-01,-5.14323110e-02,-1.81281554e-01,3.23719091e-02,-7.60738106e-02,-1.77172810e+01,0.00000000e+00,1.97511446e-01,3.12429416e-02,1.93561218e+02,3.06180827e+01
6.90000000e-01,-5.17937191e-02,-1.80096334e-01,3.22273150e-02,-6.86308210e-02,-1.77172810e+01,0.00000000e+00,1.96863028e-01,3.04474218e-02,1.92925767e+02,2.98384734e+01
6.92000000e-01,-5.21526097e-02,-1.78781218e-01,3.20971840e-02,-6.14904412e-02,-1.77172810e+01,0.00000000e+00,1.97411152e-01,3.04189515e-02,1.93462929e+02,2.98105725e+01
6.94000000e-01,-5.25088120e-02,-1.77418184e-01,3.19814936e-02,-5.41394730e-02,-1.77172810e+01,0.00000000e+00,1.98656635e-01,3.07211992e-02,1.94683502e+02,3.01067752e+01
6.96000000e-01,-5.28622701e-02,-1.76036645e-01,3.18807774e-02,-4.65615875e-02,-1.77172810e+01,0.00000000e+00,1.99869729e-01,3.07482844e-02,1.95872335e+02,3.01333187e+01
6.98000000e-01,-5.32129355e-02,-1.74620434e-01,3.17953078e-02,-3.88929075e-02,-1.77172810e+01,0.00000000e+00,2.00714755e-01,3.07865535e-02,1.96700459e+02,3.01708225e+01
7.00000000e-01,-5.35607050e-02,-1.73134049e-01,3.17252125e-02,-3.12142035e-02,-1.77172810e+01,0.00000000e+00,2.01074909e-01,3.06660495e-02,1.97053411e+02,3.00527285e+01
7.02000000e-01,-5.39052024e-02,-1.71243736e-01,3.16697304e-02,-2.46161772e-02,-1.77172810e+01,0.00000000e+00,1.94095490e-01,2.84361143e-02,1.90213580e+02,2.78673920e+01
7.04000000e-01,-5.42456138e-02,-1.69254211e-01,3.16268022e-02,-1.79366385e-02,-1.77172810e+01,0.00000000e+00,2.01543909e-01,3.07732451e-02,1.97513030e+02,3.01577802e+01
7.06000000e-01,-5.45823390e-02,-1.67444323e-01,3.15986204e-02,-1.03022835e-02,-1.77172810e+01,0.00000000e+00,2.01049187e-01,3.03968758e-02,1.97028204e+02,2.97889383e+01
7.08000000e-01,-5.49153550e-02,-1.65580257e-01,3.15856175e-02,-2.63127061e-03,-1.77172810e+01,0.00000000e+00,2.03004060e-01,3.08285118e-02,1.98943979e+02,3.02119415e+01
7.10000000e-01,-5.52446332e-02,-1.63676014e-01,3.15881207e-02,5.07772939e-03,-1.77172810e+01,0.00000000e+00,2.02806034e-01,3.04770172e-02,1.98749913e+02,2.98674768e+01
7.12000000e-01,-5.55700260e-02,-1.61722212e-01,3.16059946e-02,1.28859329e-02,-1.77172810e+01,0.00000000e+00,2.04510247e-01,3.10591239e-02,2.00420042e+02,3.04379414e+01
7.14000000e-01,-5.58914956e-02,-1.59728710e-01,3.16396905e-02,2.07333170e-02,-1.77172810e+01,0.00000000e+00,2.04510666e-01,3.06041598e-02,2.00420452e+02,2.99920766e+01
7.16000000e-01,-5.62088570e-02,-1.57609468e-01,3.16886480e-02,2.81609511e-02,-1.77172810e+01,0.00000000e+00,2.04171293e-01,3.02449500e-02,2.00087867e+02,2.96400510e+01
7.18000000e-01,-5.65218956e-02,-1.55433442e-01,3.17523512e-02,3.56138277e-02,-1.77172810e+01,0.00000000e+00,2.05748088e-01,3.07451356e-02,2.01633126e+02,3.01302329e+01
7.20000000e-01,-5.68305876e-02,-1.53252547e-01,3.18312605e-02,4.33025046e-02,-1.77172810e+01,0.00000000e+00,2.06586312e-01,3.08494872e-02,2.02454586e+02,3.02324975e+01
7.22000000e-01,-5.71345511e-02,-1.50539609e-01,3.19245429e-02,4.94639702e-02,-1.77172810e+01,0.00000000e+00,1.95807396e-01,2.76700523e-02,1.91891249e+02,2.71166513e+01
7.24000000e-01,-5.74326720e-02,-1.47715642e-01,3.20291267e-02,5.56408468e-02,-1.77172810e+01,0.00000000e+00,2.06437549e-01,3.10289316e-02,2.02308798e+02,3.04083530e+01
7.26000000e-01,-5.77256168e-02,-1.45196379e-01,3.21479680e-02,6.31102230e-02,-1.77172810e+01,0.00000000e+00,2.05329073e-01,3.05496987e-02,2.01222491e+02,2.99387047e+01
7.28000000e-01,-5.80133201e-02,-1.42471085e-01,3.22810769e-02,6.98435426e-02,-1.77172810e+01,0.00000000e+00,2.03982708e-01,2.96712917e-02,1.99903054e+02,2.90778658e+01
7.30000000e-01,-5.82953712e-02,-1.39550890e-01,3.24268349e-02,7.58161239e-02,-1.77172810e+01,0.00000000e+00,2.03089017e-01,2.91586556e-02,1.99027236e+02,2.85754825e+01
7.32000000e-01,-5.85715172e-02,-1.36620891e-01,3.25845080e-02,8.20386274e-02,-1.77172810e+01,0.00000000e+00,2.06019954e-01,3.04186605e-02,2.01899555e+02,2.98102873e+01
7.34000000e-01,-5.88418792e-02,-1.33727616e-01,3.27552599e-02,8.86667850e-02,-1.77172810e+01,0.00000000e+00,2.06165937e-01,3.02513310e-02,2.02042618e+02,2.96463044e+01
7.36000000e-01,-5.91063637e-02,-1.30738408e-01,3.29389792e-02,9.50010890e-02,-1.77172810e+01,0.00000000e+00,2.05949421e-01,3.00617110e-02,2.01830433e+02,2.94604768e+01
7.38000000e-01,-5.93648000e-02,-1.27699834e-01,3.31352474e-02,1.01310134e-01,-1.77172810e+01,0.00000000e+00,2.07134494e-01,3.04761373e-02,2.02991804e+02,2.98666146e+01
7.40000000e-01,-5.96171745e-02,-1.24678467e-01,3.33443337e-02,1.07790053e-01,-1.77172810e+01,0.00000000e+00,2.08424045e-01,3.07164323e-02,2.04255564e+02,3.01021037e+01
7.42000000e-01,-5.98631145e-02,-1.21058124e-01,3.35652349e-02,1.12511186e-01,-1.77172810e+01,0.00000000e+00,1.95159640e-01,2.70978442e-02,1.91256448e+02,2.65558874e+01
7.44000000e-01,-6.01013122e-02,-1.17295671e-01,3.37943129e-02,1.17133957e-01,-1.77172810e+01,0.00000000e+00,2.07063778e-01,3.08355700e-02,2.02922503e+02,3.02188586e+01
7.46000000e-01,-6.03325630e-02,-1.13931935e-01,3.40348006e-02,1.23301391e-01,-1.77172810e+01,0.00000000e+00,2.06377987e-01,3.06811062e-02,2.02250427e+02,3.00674841e+01
7.48000000e-01,-6.05569623e-02,-1.10451749e-01,3.42872464e-02,1.29060705e-01,-1.77172810e+01,0.00000000e+00,2.06188615e-01,3.03371812e-02,2.02064843e+02,2.97304375e+01
7.50000000e-01,-6.07742619e-02,-1.06809436e-01,3.45505623e-02,1.34098436e-01,-1.77172810e+01,0.00000000e+00,2.04378121e-01,2.95405458e-02,2.00290558e+02,2.89497349e+01
7.52000000e-01,-6.09841814e-02,-1.03139096e-01,3.48236938e-02,1.39216588e-01,-1.77172810e+01,0.00000000e+00,2.07262397e-01,3.08941592e-02,2.03117149e+02,3.02762760e+01
7.54000000e-01,-6.11868395e-02,-9.95006049e-02,3.51075852e-02,1.44569640e-01,-1.77172810e+01,0.00000000e+00,2.06791488e-01,3.04369318e-02,2.02655658e+02,2.98281931e+01
7.56000000e-01,-6.13820999e-02,-9.57362853e-02,3.54015937e-02,1.49354781e-01,-1.77172810e+01,0.00000000e+00,2.05931347e-01,3.01201375e-02,2.01812720e+02,2.95177348e+01
7.58000000e-01,-6.15697011e-02,-9.18466994e-02,3.57047234e-02,1.53718455e-01,-1.77172810e+01,0.00000000e+00,2.05411587e-01,2.99835124e-02,2.01303355e+02,2.93838421e+01
7.60000000e-01,-6.17494235e-02,-8.78622248e-02,3.60162415e-02,1.57743185e-01,-1.77172810e+01,0.00000000e+00,2.05197381e-01,2.98520533e-02,2.01093433e+02,2.92550122e+01
7.62000000e-01,-6.19206760e-02,-8.31667149e-02,3.63342974e-02,1.59670125e-01,-1.77172810e+01,0.00000000e+00,1.90212809e-01,2.60335624e-02,1.86408553e+02,2.55128912e+01
7.64000000e-01,-6.20820656e-02,-7.84340906e-02,3.66551502e-02,1.61939153e-01,-1.77172810e+01,0.00000000e+00,2.05667761e-01,3.10278422e-02,2.01554406e+02,3.04072854e+01
7.66000000e-01,-6.22347770e-02,-7.42483589e-02,3.69833837e-02,1.66202620e-01,-1.77172810e+01,0.00000000e+00,2.04255829e-01,3.06870197e-02,2.00170712e+02,3.00732793e+01
7.68000000e-01,-6.23789636e-02,-6.99195122e-02,3.73195058e-02,1.69783821e-01,-1.77172810e+01,0.00000000e+00,2.03518169e-01,3.00744233e-02,1.99447806e+02,2.94729348e+01
7.70000000e-01,-6.25143449e-02,-6.54254999e-02,3.76619869e-02,1.72567063e-01,-1.77172810e+01,0.00000000e+00,2.01519695e-01,2.95001703e-02,1.97489301e+02,2.89101669e+01
7.72000000e-01,-6.26406450e-02,-6.09005488e-02,3.80097936e-02,1.75379503e-01,-1.77172810e+01,0.00000000e+00,2.03844807e-01,3.06314883e-02,1.99767911e+02,3.00188585e+01
7.74000000e-01,-6.27579600e-02,-5.63950035e-02,3.83635611e-02,1.78276248e-01,-1.77172810e+01,0.00000000e+00,2.02949143e-01,3.01812796e-02,1.98890160e+02,2.95776540e+01
7.76000000e-01,-6.28661072e-02,-5.17126981e-02,3.87223365e-02,1.80330062e-01,-1.77172810e+01,0.00000000e+00,2.00616175e-01,2.93738021e-02,1.96603851e+02,2.87863260e+01
7.78000000e-01,-6.29647605e-02,-4.69549744e-02,3.90847328e-02,1.82160941e-01,-1.77172810e+01,0.00000000e+00,2.02011629e-01,3.02303404e-02,1.97971396e+02,2.96257336e+01
7.80000000e-01,-6.30539100e-02,-4.21717454e-02,3.94508587e-02,1.83809485e-01,-1.77172810e+01,0.00000000e+00,2.00767365e-01,2.95133821e-02,1.96752018e+02,2.89231144e+01
7.82000000e-01,-6.31329184e-02,-3.65949530e-02,3.98182718e-02,1.82910007e-01,-1.77172810e+01,0.00000000e+00,1.84134902e-01,2.54069976e-02,1.80452204e+02,2.48988577e+01
7.84000000e-01,-6.32002362e-02,-3.09375818e-02,4.01825461e-02,1.82081407e-01,-1.77172810e+01,0.00000000e+00,1.99457951e-01,3.01831790e-02,1.95468792e+02,2.95795154e+01
7.86000000e-01,-6.32570475e-02,-2.58482521e-02,4.05479049e-02,1.83213842e-01,-1.77172810e+01,0.00000000e+00,1.97892958e-01,3.00446652e-02,1.93935099e+02,2.94437719e+01
7.88000000e-01,-6.33035583e-02,-2.06526296e-02,4.09150701e-02,1.83849362e-01,-1.77172810e+01,0.00000000e+00,1.97375020e-01,2.96643732e-02,1.93427519e+02,2.90710857e+01
7.90000000e-01,-6.33395955e-02,-1.53633582e-02,4.12829793e-02,1.84000454e-01,-1.77172810e+01,0.00000000e+00,1.96020314e-01,2.95533501e-02,1.92099907e+02,2.89622831e+01
7.92000000e-01,-6.33650726e-02,-1.01653852e-02,4.16514877e-02,1.84774995e-01,-1.77172810e+01,0.00000000e+00,1.99737824e-01,3.14992264e-02,1.95743068e+02,3.08692419e+01
7.94000000e-01,-6.33803277e-02,-5.07330364e-03,4.20223197e-02,1.85910173e-01,-1.77172810e+01,0.00000000e+00,1.98639963e-01,3.08395652e-02,1.94667164e+02,3.02227739e+01
7.96000000e-01,-6.33852860e-02,1.38419932e-04,4.23946202e-02,1.86283252e-01,-1.77172810e+01,0.00000000e+00,1.97003762e-01,3.04312415e-02,1.93063686e+02,2.98226167e+01
7.98000000e-01,-6.33797157e-02,5.43766953e-03,4.27671598e-02,1.86217003e-01,-1.77172810e+01,0.00000000e+00,1.96570846e-01,3.04496238e-02,1.92639429e+02,2.98406313e+01
8.00000000e-01,-6.33635089e-02,1.07765926e-02,4.31393193e-02,1.85897319e-01,-1.77172810e+01,0.00000000e+00,1.95966160e-01,3.04310501e-02,1.92046837e+02,2.98224291e+01
8.02000000e-01,-6.33361701e-02,1.67742164e-02,4.35096041e-02,1.83860369e-01,-1.77172810e+01,0.00000000e+00,1.80979196e-01,2.73746769e-02,1.77359612e+02,2.68271834e+01
8.04000000e-01,-6.32964729e-02,2.26805906e-02,4.38751854e-02,1.82460203e-01,-1.77172810e+01,0.00000000e+00,1.97799460e-01,3.22907892e-02,1.93843471e+02,3.16449734e+01
8.06000000e-01,-6.32458015e-02,2.80563242e-02,4.42402986e-02,1.82340573e-01,-1.77172810e+01,0.00000000e+00,1.92986890e-01,3.05840373e-02,1.89127152e+02,2.99723566e+01
8.08000000e-01,-6.31841225e-02,3.36197269e-02,4.46038434e-02,1.81164559e-01,-1.77172810e+01,0.00000000e+00,1.92933350e-01,3.05932512e-02,1.89074683e+02,2.99813861e+01
8.10000000e-01,-6.31112708e-02,3.92608310e-02,4.49645996e-02,1.79452709e-01,-1.77172810e+01,0.00000000e+00,1.90599410e-01,2.99753261e-02,1.86787422e+02,2.93758196e+01
8.12000000e-01,-6.30270071e-02,4.50100857e-02,4.53213136e-02,1.77230002e-01,-1.77172810e+01,0.00000000e+00,1.89741731e-01,3.00314463e-02,1.85946896e+02,2.94308174e+01
8.14000000e-01,-6.29311793e-02,5.08360999e-02,4.56732132e-02,1.74547787e-01,-1.77172810e+01,0.00000000e+00,1.88047178e-01,2.95145753e-02,1.84286234e+02,2.89242838e+01
8.16000000e-01,-6.28236335e-02,5.67059230e-02,4.60193420e-02,1.71621442e-01,-1.77172810e+01,0.00000000e+00,1.87864085e-01,3.00146996e-02,1.84106803e+02,2.94144056e+01
8.18000000e-01,-6.27043811e-02,6.25375706e-02,4.63597512e-02,1.68773445e-01,-1.77172810e+01,0.00000000e+00,1.87989587e-01,3.01664832e-02,1.84229795e+02,2.95631535e+01
8.20000000e-01,-6.25734927e-02,6.83548809e-02,4.66942757e-02,1.65685327e-01,-1.77172810e+01,0.00000000e+00,1.87154359e-01,2.99898110e-02,1.83411272e+02,2.93900148e+01
8.22000000e-01,-6.24304474e-02,7.49433257e-02,4.70209234e-02,1.60243956e-01,-1.77172810e+01,0.00000000e+00,1.68828365e-01,2.56955692e-02,1.65451798e+02,2.51816578e+01
8.24000000e-01,-6.22737618e-02,8.14682314e-02,4.73355550e-02,1.55257605e-01,-1.77172810e+01,0.00000000e+00,1.87387783e-01,3.13967608e-02,1.83640027e+02,3.07688256e+01
8.26000000e-01,-6.21050595e-02,8.72656370e-02,4.76433425e-02,1.52354075e-01,-1.77172810e+01,0.00000000e+00,1.84474483e-01,3.05082262e-02,1.80784993e+02,2.98980617e+01
8.28000000e-01,-6.19245957e-02,9.32184047e-02,4.79443024e-02,1.48447263e-01,-1.77172810e+01,0.00000000e+00,1.82308426e-01,2.97223406e-02,1.78662258e+02,2.91278938e+01
8.30000000e-01,-6.17321342e-02,9.92486930e-02,4.82367767e-02,1.44008315e-01,-1.77172810e+01,0.00000000e+00,1.81116506e-01,2.98108981e-02,1.77494175e+02,2.92146801e+01
8.32000000e-01,-6.15276620e-02,1.05187371e-01,4.85205819e-02,1.39938581e-01,-1.77172810e+01,0.00000000e+00,1.82804346e-01,3.09044752e-02,1.79148259e+02,3.02863857e+01
8.34000000e-01,-6.13114014e-02,1.11101047e-01,4.87963983e-02,1.35669751e-01,-1.77172810e+01,0.00000000e+00,1.79959367e-01,2.97886768e-02,1.76360180e+02,2.91929033e+01
8.36000000e-01,-6.10832029e-02,1.17097010e-01,4.90628601e-02,1.30799826e-01,-1.77172810e+01,0.00000000e+00,1.79043129e-01,3.00254265e-02,1.75462266e+02,2.94249180e+01
8.38000000e-01,-6.08430802e-02,1.22992764e-01,4.93198719e-02,1.26341292e-01,-1.77172810e+01,0.00000000e+00,1.80365021e-01,3.10212200e-02,1.76757721e+02,3.04007956e+01
8.40000000e-01,-6.05912225e-02,1.28902634e-01,4.95679737e-02,1.21505551e-01,-1.77172810e+01,0.00000000e+00,1.76681261e-01,2.95899694e-02,1.73147636e+02,2.89981700e+01
8.42000000e-01,-6.03269256e-02,1.35628435e-01,4.98041508e-02,1.14055238e-01,-1.77172810e+01,0.00000000e+00,1.59167854e-01,2.58734126e-02,1.55984497e+02,2.53559443e+01
8.44000000e-01,-6.00487441e-02,1.42301186e-01,5.00243432e-02,1.06827546e-01,-1.77172810e+01,0.00000000e+00,1.75678268e-01,3.03750462e-02,1.72164702e+02,2.97675453e+01
8.46000000e-01,-5.97582273e-02,1.48214317e-01,5.02327231e-02,1.01492943e-01,-1.77172810e+01,0.00000000e+00,1.74570744e-01,3.01468467e-02,1.71079329e+02,2.95439097e+01
8.48000000e-01,-5.94558863e-02,1.54128214e-01,5.04300802e-02,9.58062373e-02,-1.77172810e+01,0.00000000e+00,1.73216415e-01,2.99202185e-02,1.69752086e+02,2.93218141e+01
8.50000000e-01,-5.91417341e-02,1.60012663e-01,5.06158324e-02,8.99459475e-02,-1.77172810e+01,0.00000000e+00,1.72718428e-01,3.00502456e-02,1.69264059e+02,2.94492407e+01
8.52000000e-01,-5.88159417e-02,1.65738019e-01,5.07901738e-02,8.45501853e-02,-1.77172810e+01,0.00000000e+00,1.74298009e-01,3.11465871e-02,1.70812049e+02,3.05236554e+01
8.54000000e-01,-5.84788670e-02,1.71335860e-01,5.09542075e-02,7.94160744e-02,-1.77172810e+01,0.00000000e+00,1.72969321e-01,3.08358542e-02,1.69509934e+02,3.02191371e+01
8.56000000e-01,-5.81305951e-02,1.76938577e-01,5.11075767e-02,7.38900396e-02,-1.77172810e+01,0.00000000e+00,1.71363892e-01,3.05452669e-02,1.67936614e+02,2.99343615e+01
8.58000000e-01,-5.77710790e-02,1.82591861e-01,5.12493863e-02,6.77919925e-02,-1.77172810e+01,0.00000000e+00,1.68875908e-01,2.98402216e-02,1.65498390e+02,2.92434172e+01
8.60000000e-01,-5.74002087e-02,1.88273572e-01,5.13784383e-02,6.12343158e-02,-1.77172810e+01,0.00000000e+00,1.67695335e-01,2.97675295e-02,1.64341428e+02,2.91721789e+01
8.62000000e-01,-5.70176335e-02,1.94482013e-01,5.14934316e-02,5.33389247e-02,-1.77172810e+01,0.00000000e+00,1.53469141e-01,2.71996849e-02,1.50399759e+02,2.66556912e+01
8.64000000e-01,-5.66224021e-02,2.00508234e-01,5.15921299e-02,4.59473288e-02,-1.77172810e+01,0.00000000e+00,1.68752546e-01,3.09692505e-02,1.65377495e+02,3.03498655e+01
8.66000000e-01,-5.62160293e-02,2.05891458e-01,5.16780246e-02,3.97611512e-02,-1.77172810e+01,0.00000000e+00,1.65198816e-01,2.98550155e-02,1.61894839e+02,2.92579152e+01
8.68000000e-01,-5.57987913e-02,2.11342139e-01,5.17506696e-02,3.28175659e-02,-1.77172810e+01,0.00000000e+00,1.63792474e-01,2.94860363e-02,1.60516624e+02,2.88963156e+01
8.70000000e-01,-5.53707165e-02,2.16709154e-01,5.18092820e-02,2.58546275e-02,-1.77172810e+01,0.00000000e+00,1.63681395e-01,2.99009917e-02,1.60407767e+02,2.93029719e+01
8.72000000e-01,-5.49320529e-02,2.21928920e-01,5.18543336e-02,1.92598809e-02,-1.77172810e+01,0.00000000e+00,1.63673791e-01,3.03259481e-02,1.60400316e+02,2.97194292e+01
8.74000000e-01,-5.44830619e-02,2.27057117e-01,5.18862981e-02,1.26300118e-02,-1.77172810e+01,0.00000000e+00,1.62176831e-01,2.98756089e-02,1.58933295e+02,2.92780967e+01
8.76000000e-01,-5.40238977e-02,2.32075307e-01,5.19048797e-02,6.03919853e-03,-1.77172810e+01,0.00000000e+00,1.62516673e-01,3.04371974e-02,1.59266340e+02,2.98284534e+01
8.78000000e-01,-5.35548499e-02,2.36959669e-01,5.19105809e-02,-3.62513001e-04,-1.77172810e+01,0.00000000e+00,1.61495086e-01,3.02832813e-02,1.58265184e+02,2.96776156e+01
8.80000000e-01,-5.30761342e-02,2.41731292e-01,5.19034558e-02,-6.72503270e-03,-1.77172810e+01,0.00000000e+00,1.61262760e-01,3.05118946e-02,1.58037505e+02,2.99016567e+01
8.82000000e-01,-5.25877055e-02,2.46831749e-01,5.18831726e-02,-1.38496550e-02,-1.77172810e+01,0.00000000e+00,1.49844227e-01,2.86574400e-02,1.46847343e+02,2.80842912e+01
8.84000000e-01,-5.20888962e-02,2.51798697e-01,5.18480612e-02,-2.09682696e-02,-1.77172810e+01,0.00000000e+00,1.60331584e-01,3.04773708e-02,1.57124953e+02,2.98678234e+01
8.86000000e-01,-5.15808832e-02,2.56206818e-01,5.17997855e-02,-2.73580319e-02,-1.77172810e+01,0.00000000e+00,1.58773518e-01,3.01209242e-02,1.55598047e+02,2.95185057e+01
8.88000000e-01,-5.10641422e-02,2.60505061e-01,5.17386073e-02,-3.37804736e-02,-1.77172810e+01,0.00000000e+00,1.58698506e-01,3.03240169e-02,1.55524536e+02,2.97175365e+01
8.90000000e-01,-5.05389631e-02,2.64653129e-01,5.16647418e-02,-4.00856034e-02,-1.77172810e+01,0.00000000e+00,1.58012555e-01,3.02642132e-02,1.54852304e+02,2.96589289e+01
8.92000000e-01,-5.00056372e-02,2.68639906e-01,5.15783768e-02,-4.62227792e-02,-1.77172810e+01,0.00000000e+00,1.58130181e-01,3.05557019e-02,1.54967577e+02,2.99445879e+01
8.94000000e-01,-4.94644954e-02,2.72488843e-01,5.14798982e-02,-5.22887293e-02,-1.77172810e+01,0.00000000e+00,1.56831764e-01,3.02754949e-02,1.53695128e+02,2.96699850e+01
8.96000000e-01,-4.89157415e-02,2.76248322e-01,5.13691341e-02,-5.84863979e-02,-1.77172810e+01,0.00000000e+00,1.55756387e-01,3.01235154e-02,1.52641259e+02,2.95210451e+01
8.98000000e-01,-4.83596156e-02,2.79837540e-01,5.12461235e-02,-6.44277192e-02,-1.77172810e+01,0.00000000e+00,1.56285325e-01,3.06403031e-02,1.53159619e+02,3.00274970e+01
9.00000000e-01,-4.77964829e-02,2.83289492e-01,5.11114504e-02,-7.03282941e-02,-1.77172810e+01,0.00000000e+00,1.54381030e-01,3.00190266e-02,1.51293410e+02,2.94186461e+01
9.02000000e-01,-4.72263558e-02,2.86894157e-01,5.09645480e-02,-7.66223020e-02,-1.77172810e+01,0.00000000e+00,1.48077214e-01,2.96071754e-02,1.45115670e+02,2.90150319e+01
9.04000000e-01,-4.66490815e-02,2.90235993e-01,5.08052753e-02,-8.24452199e-02,-1.77172810e+01,0.00000000e+00,1.55824420e-01,3.07827732e-02,1.52707931e+02,3.01671177e+01
9.06000000e-01,-4.60657338e-02,2.93094916e-01,5.06351381e-02,-8.77117170e-02,-1.77172810e+01,0.00000000e+00,1.54611344e-01,3.05341920e-02,1.51519117e+02,2.99235082e+01
9.08000000e-01,-4.54767904e-02,2.95820938e-01,5.04543966e-02,-9.30258992e-02,-1.77172810e+01,0.00000000e+00,1.54133498e-01,3.04266504e-02,1.51050828e+02,2.98181174e+01
9.10000000e-01,-4.48825403e-02,2.98411615e-01,5.02629812e-02,-9.84200353e-02,-1.77172810e+01,0.00000000e+00,1.52933614e-01,3.00951075e-02,1.49874942e+02,2.94932054e+01
9.12000000e-01,-4.42832392e-02,3.00859394e-01,5.00607189e-02,-1.03810641e-01,-1.77172810e+01,0.00000000e+00,1.52590497e-01,3.01473282e-02,1.49538687e+02,2.95443817e+01
9.14000000e-01,-4.36792051e-02,3.03153678e-01,4.98477712e-02,-1.09152406e-01,-1.77172810e+01,0.00000000e+00,1.51598952e-01,2.98955861e-02,1.48566973e+02,2.92976743e+01
9.16000000e-01,-4.30707332e-02,3.05284933e-01,4.96241603e-02,-1.14417535e-01,-1.77172810e+01,0.00000000e+00,1.51441775e-01,2.99909102e-02,1.48412940e+02,2.93910920e+01
9.18000000e-01,-4.24581787e-02,3.07246140e-01,4.93901792e-02,-1.19565388e-01,-1.77172810e+01,0.00000000e+00,1.50580181e-01,2.98095896e-02,1.47568577e+02,2.92133978e+01
9.20000000e-01,-4.18418513e-02,3.09053377e-01,4.91459392e-02,-1.24652585e-01,-1.77172810e+01,0.00000000e+00,1.50015884e-01,2.97713970e-02,1.47015566e+02,2.91759690e+01
9.22000000e-01,-4.12220645e-02,3.10711659e-01,4.88919663e-02,-1.29143813e-01,-1.77172810e+01,0.00000000e+00,1.49008242e-01,3.06996184e-02,1.46028077e+02,3.00856260e+01
9.24000000e-01,-4.05992084e-02,3.12064287e-01,4.86296982e-02,-1.33133746e-01,-1.77172810e+01,0.00000000e+00,1.52079520e-01,3.04505709e-02,1.49037929e+02,2.98415595e+01
9.26000000e-01,-3.99740389e-02,3.13069593e-01,4.83594914e-02,-1.37033479e-01,-1.77172810e+01,0.00000000e+00,1.52025054e-01,3.05045461e-02,1.48984553e+02,2.98944552e+01
9.28000000e-01,-3.93470638e-02,3.13874328e-01,4.80816799e-02,-1.40759822e-01,-1.77172810e+01,0.00000000e+00,1.51651586e-01,3.04191721e-02,1.48618554e+02,2.98107886e+01
9.30000000e-01,-3.87186915e-02,3.14454182e-01,4.77966312e-02,-1.44217672e-01,-1.77172810e+01,0.00000000e+00,1.52152890e-01,3.06623411e-02,1.49109832e+02,3.00490943e+01
9.32000000e-01,-3.80893717e-02,3.14847149e-01,4.75048620e-02,-1.47596286e-01,-1.77172810e+01,0.00000000e+00,1.50883026e-01,3.01700364e-02,1.47865366e+02,2.95666357e+01
9.34000000e-01,-3.74594286e-02,3.15051659e-01,4.72063259e-02,-1.50855164e-01,-1.77172810e+01,0.00000000e+00,1.51415250e-01,3.04885506e-02,1.48386945e+02,2.98787796e+01
9.36000000e-01,-3.68293185e-02,3.15026040e-01,4.69016237e-02,-1.53840598e-01,-1.77172810e+01,0.00000000e+00,1.51116790e-01,3.03099294e-02,1.48094454e+02,2.97037309e+01
9.38000000e-01,-3.61994482e-02,3.14814714e-01,4.65910144e-02,-1.56749577e-01,-1.77172810e+01,0.00000000e+00,1.50612221e-01,3.02064982e-02,1.47599977e+02,2.96023683e+01
9.40000000e-01,-3.55701729e-02,3.14433423e-01,4.62746599e-02,-1.59606732e-01,-1.77172810e+01,0.00000000e+00,1.49949996e-01,2.99679359e-02,1.46950996e+02,2.93685772e+01
9.42000000e-01,-3.49419858e-02,3.13645294e-01,4.59533836e-02,-1.61269991e-01,-1.77172810e+01,0.00000000e+00,1.54988143e-01,3.22543649e-02,1.51888380e+02,3.16092776e+01
9.44000000e-01,-3.43157991e-02,3.12546064e-01,4.56298545e-02,-1.62521391e-01,-1.77172810e+01,0.00000000e+00,1.52103338e-01,3.03706489e-02,1.49061272e+02,2.97632360e+01
9.46000000e-01,-3.36918781e-02,3.11331920e-01,4.53028830e-02,-1.64395234e-01,-1.77172810e+01,0.00000000e+00,1.52575384e-01,3.04815404e-02,1.49523876e+02,2.98719096e+01
9.48000000e-01,-3.30706199e-02,3.09895207e-01,4.49724056e-02,-1.66071053e-01,-1.77172810e+01,0.00000000e+00,1.52226963e-01,3.03148789e-02,1.49182424e+02,2.97085813e+01
9.50000000e-01,-3.24524282e-02,3.08262246e-01,4.46386727e-02,-1.67636108e-01,-1.77172810e+01,0.00000000e+00,1.52108185e-01,3.02379211e-02,1.49066021e+02,2.96331627e+01
9.52000000e-01,-3.18376849e-02,3.06458226e-01,4.43018474e-02,-1.69221850e-01,-1.77172810e+01,0.00000000e+00,1.51198553e-01,2.97909136e-02,1.48174582e+02,2.91950954e+01
9.54000000e-01,-3.12267491e-02,3.04423507e-01,4.39619598e-02,-1.70545829e-01,-1.77172810e+01,0.00000000e+00,1.52503711e-01,3.03023981e-02,1.49453637e+02,2.96963501e+01
9.56000000e-01,-3.06201645e-02,3.02128328e-01,4.36199321e-02,-1.71467770e-01,-1.77172810e+01,0.00000000e+00,1.52323870e-01,3.01465609e-02,1.49277393e+02,2.95436296e+01
9.58000000e-01,-3.00183683e-02,2.99634362e-01,4.32761568e-02,-1.72287559e-01,-1.77172810e+01,0.00000000e+00,1.52226173e-01,3.00260520e-02,1.49181649e+02,2.94255309e+01
9.60000000e-01,-2.94217759e-02,2.96917187e-01,4.29309493e-02,-1.72856228e-01,-1.77172810e+01,0.00000000e+00,1.52658602e-01,3.01807671e-02,1.49605430e+02,2.95771518e+01
9.62000000e-01,-2.88311127e-02,2.93580249e-01,4.25858214e-02,-1.71790862e-01,-1.77172810e+01,0.00000000e+00,1.61873693e-01,3.29626138e-02,1.58636219e+02,3.23033615e+01
9.64000000e-01,-2.82476353e-02,2.89972749e-01,4.22438914e-02,-1.70566985e-01,-1.77172810e+01,0.00000000e+00,1.54202803e-01,3.00243382e-02,1.51118747e+02,2.94238514e+01
9.66000000e-01,-2.76711572e-02,2.86462047e-01,4.19028287e-02,-1.70430165e-01,-1.77172810e+01,0.00000000e+00,1.54891701e-01,3.01936159e-02,1.51793867e+02,2.95897436e+01
9.68000000e-01,-2.71019543e-02,2.82700513e-01,4.15624175e-02,-1.69923381e-01,-1.77172810e+01,0.00000000e+00,1.55402327e-01,3.03144109e-02,1.52294281e+02,2.97081227e+01
9.70000000e-01,-2.65405154e-02,2.78698611e-01,4.12233426e-02,-1.69105593e-01,-1.77172810e+01,0.00000000e+00,1.55909140e-01,3.03617041e-02,1.52790957e+02,2.97544700e+01
9.72000000e-01,-2.59872780e-02,2.74519513e-01,4.08859722e-02,-1.68322150e-01,-1.77172810e+01,0.00000000e+00,1.55009692e-01,2.97600193e-02,1.51909498e+02,2.91648189e+01
9.74000000e-01,-2.54425696e-02,2.70142013e-01,4.05501424e-02,-1.67406056e-01,-1.77172810e+01,0.00000000e+00,1.56081012e-01,3.01600507e-02,1.52959392e+02,2.95568497e+01
9.76000000e-01,-2.49068750e-02,2.65517025e-01,4.02166124e-02,-1.66093309e-01,-1.77172810e+01,0.00000000e+00,1.56401088e-01,3.01155989e-02,1.53273067e+02,2.95132869e+01
9.78000000e-01,-2.43806355e-02,2.60691064e-01,3.98858702e-02,-1.64629119e-01,-1.77172810e+01,0.00000000e+00,1.56461812e-01,3.00048519e-02,1.53332576e+02,2.94047549e+01
9.80000000e-01,-2.38642342e-02,2.55679915e-01,3.95581710e-02,-1.63052317e-01,-1.77172810e+01,0.00000000e+00,1.56492566e-01,2.98831945e-02,1.53362715e+02,2.92855306e+01
9.82000000e-01,-2.33584831e-02,2.49818012e-01,3.92350948e-02,-1.59324986e-01,-1.77172810e+01,0.00000000e+00,1.72190231e-01,3.40560389e-02,1.68746427e+02,3.33749181e+01
9.84000000e-01,-2.28651155e-02,2.43726080e-01,3.89208857e-02,-1.55575508e-01,-1.77172810e+01,0.00000000e+00,1.57814645e-01,2.94790017e-02,1.54658352e+02,2.88894216e+01
9.86000000e-01,-2.23833345e-02,2.38000475e-01,3.86116548e-02,-1.53532930e-01,-1.77172810e+01,0.00000000e+00,1.59674083e-01,3.00307085e-02,1.56480601e+02,2.94300943e+01
9.88000000e-01,-2.19133242e-02,2.31958905e-01,3.83072651e-02,-1.50723785e-01,-1.77172810e+01,0.00000000e+00,1.61336652e-01,3.06520945e-02,1.58109919e+02,3.00390526e+01
9.90000000e-01,-2.14556673e-02,2.25664705e-01,3.80090709e-02,-1.47447864e-01,-1.77172810e+01,0.00000000e+00,1.61815839e-01,3.05831505e-02,1.58579522e+02,2.99714875e+01
9.92000000e-01,-2.10107547e-02,2.19236552e-01,3.77173440e-02,-1.44366416e-01,-1.77172810e+01,0.00000000e+00,1.60808637e-01,2.98258511e-02,1.57592464e+02,2.92293341e+01
9.94000000e-01,-2.05788276e-02,2.12648641e-01,3.74316104e-02,-1.41277204e-01,-1.77172810e+01,0.00000000e+00,1.61996327e-01,3.01900309e-02,1.58756401e+02,2.95862303e+01
9.96000000e-01,-2.01603236e-02,2.05815551e-01,3.71525451e-02,-1.37723076e-01,-1.77172810e+01,0.00000000e+00,1.63093704e-01,3.04016219e-02,1.59831830e+02,2.97935894e+01
9.98000000e-01,-1.97556742e-02,1.98819372e-01,3.68807344e-02,-1.34144466e-01,-1.77172810e+01,0.00000000e+00,1.62475555e-01,2.98516324e-02,1.59226044e+02,2.92545998e+01
1.00000000e+00,-1.93651214e-02,1.91710255e-01,3.66158655e-02,-1.30718594e-01,-1.77172810e+01,0.00000000e+00,1.62515649e-01,2.97012463e-02,1.59265336e+02,2.91072214e+01
1.00200000e+00,-1.89895889e-02,1.83467616e-01,3.63597900e-02,-1.24398191e-01,-1.77172810e+01,0.00000000e+00,1.85865184e-01,3.55592469e-02,1.82147880e+02,3.48480620e+01
1.00400000e+00,-1.86314048e-02,1.74994254e-01,3.61183718e-02,-1.17928870e-01,-1.77172810e+01,0.00000000e+00,1.64947372e-01,2.96659284e-02,1.61648425e+02,2.90726098e+01
1.00600000e+00,-1.82891362e-02,1.67234350e-01,3.58864113e-02,-1.13954157e-01,-1.77172810e+01,0.00000000e+00,1.66368011e-01,2.99901003e-02,1.63040651e+02,2.93902983e+01
1.00800000e+00,-1.79626228e-02,1.59241272e-01,3.56629145e-02,-1.09440537e-01,-1.77172810e+01,0.00000000e+00,1.67698151e-01,3.04760133e-02,1.64344188e+02,2.98664931e+01
1.01000000e+00,-1.76522991e-02,1.51056289e-01,3.54488633e-02,-1.04605829e-01,-1.77172810e+01,0.00000000e+00,1.68285760e-01,3.03563045e-02,1.64920044e+02,2.97491784e+01
1.01200000e+00,-1.73584481e-02,1.42795611e-01,3.52442747e-02,-1.00095755e-01,-1.77172810e+01,0.00000000e+00,1.67034460e-01,2.95004512e-02,1.63693770e+02,2.89104422e+01
1.01400000e+00,-1.70812000e-02,1.34409919e-01,3.50484985e-02,-9.55583712e-02,-1.77172810e+01,0.00000000e+00,1.68909679e-01,3.01321434e-02,1.65531486e+02,2.95295005e+01
1.01600000e+00,-1.68209666e-02,1.25787074e-01,3.48624130e-02,-9.04634303e-02,-1.77172810e+01,0.00000000e+00,1.70416692e-01,3.04028752e-02,1.67008358e+02,2.97948177e+01
1.01800000e+00,-1.65781406e-02,1.17030868e-01,3.46866546e-02,-8.53537380e-02,-1.77172810e+01,0.00000000e+00,1.70008031e-01,2.99099137e-02,1.66607870e+02,2.93117154e+01
1.02000000e+00,-1.63528847e-02,1.08212213e-01,3.45208634e-02,-8.04460515e-02,-1.77172810e+01,0.00000000e+00,1.70001181e-01,2.97400137e-02,1.66601157e+02,2.91452134e+01
1.02200000e+00,-1.61462142e-02,9.80099737e-02,3.43671023e-02,-7.21909385e-02,-1.77172810e+01,0.00000000e+00,2.00611815e-01,3.67135970e-02,1.96599578e+02,3.59793251e+01
1.02400000e+00,-1.59609004e-02,8.77243055e-02,3.42319087e-02,-6.42218264e-02,-1.77172810e+01,0.00000000e+00,1.70394226e-01,2.89428139e-02,1.66986342e+02,2.83639576e+01
1.02600000e+00,-1.57945397e-02,7.86045224e-02,3.41079108e-02,-5.97088804e-02,-1.77172810e+01,0.00000000e+00,1.71973031e-01,2.92801446e-02,1.68533571e+02,2.86945417e+01
1.02800000e+00,-1.56466239e-02,6.92723599e-02,3.39935045e-02,-5.45491564e-02,-1.77172810e+01,0.00000000e+00,1.74111563e-01,3.01349187e-02,1.70629332e+02,2.95322203e+01
1.03000000e+00,-1.55175839e-02,5.97396755e-02,3.38901308e-02,-4.87644774e-02,-1.77172810e+01,0.00000000e+00,1.75566512e-01,3.04419129e-02,1.72055182e+02,2.98330747e+01
1.03200000e+00,-1.54076732e-02,5.01950119e-02,3.37981772e-02,-4.33837945e-02,-1.77172810e+01,0.00000000e+00,1.73455200e-01,2.91532924e-02,1.69986096e+02,2.85702266e+01
1.03400000e+00,-1.53168143e-02,4.06346552e-02,3.37164042e-02,-3.82902194e-02,-1.77172810e+01,0.00000000e+00,1.75152611e-01,2.97204160e-02,1.71649559e+02,2.91260077e+01
1.03600000e+00,-1.52452605e-02,3.08854216e-02,3.36454132e-02,-3.26012968e-02,-1.77172810e+01,0.00000000e+00,1.77244985e-01,3.02992305e-02,1.73700085e+02,2.96932459e+01
1.03800000e+00,-1.51933060e-02,2.10862009e-02,3.35859067e-02,-2.70508976e-02,-1.77172810e+01,0.00000000e+00,1.75856489e-01,2.93423209e-02,1.72339359e+02,2.87554744e+01
1.04000000e+00,-1.51608778e-02,1.13438055e-02,3.35368360e-02,-2.20608494e-02,-1.77172810e+01,0.00000000e+00,1.75612639e-01,2.90508988e-02,1.72100386e+02,2.84698808e+01
1.04200000e+00,-1.51488620e-02,2.04596388e-04,3.35000551e-02,-1.34836363e-02,-1.77172810e+01,0.00000000e+00,2.08354673e-01,3.68162445e-02,2.04187579e+02,3.60799196e+01
1.04400000e+00,-1.51600953e-02,-1.09883815e-02,3.34828284e-02,-5.01568537e-03,-1.77172810e+01,0.00000000e+00,1.76913253e-01,2.87929722e-02,1.73374988e+02,2.82171127e+01
1.04600000e+00,-1.51919724e-02,-2.09166746e-02,3.34776198e-02,-1.06295064e-04,-1.77172810e+01,0.00000000e+00,1.79022153e-01,2.93374112e-02,1.75441710e+02,2.87506630e+01
1.04800000e+00,-1.52438527e-02,-3.09810051e-02,3.34827654e-02,5.34624317e-03,-1.77172810e+01,0.00000000e+00,1.80474593e-01,2.99382043e-02,1.76865101e+02,2.93394402e+01
1.05000000e+00,-1.53159800e-02,-4.11707208e-02,3.34993746e-02,1.13533792e-02,-1.77172810e+01,0.00000000e+00,1.82499376e-01,3.05228252e-02,1.78849389e+02,2.99123687e+01
1.05200000e+00,-1.54085109e-02,-5.13234339e-02,3.35279414e-02,1.70043919e-02,-1.77172810e+01,0.00000000e+00,1.80323703e-01,2.92291189e-02,1.76717229e+02,2.86445365e+01
1.05400000e+00,-1.55212134e-02,-6.13856636e-02,3.35670518e-02,2.21449304e-02,-1.77172810e+01,0.00000000e+00,1.81263999e-01,2.95051288e-02,1.77638719e+02,2.89150262e+01
1.05600000e+00,-1.56541020e-02,-7.15205735e-02,3.36167325e-02,2.76024543e-02,-1.77172810e+01,0.00000000e+00,1.83065554e-01,2.99632436e-02,1.79404243e+02,2.93639788e+01
1.05800000e+00,-1.58072924e-02,-8.16504965e-02,3.36773835e-02,3.29428226e-02,-1.77172810e+01,0.00000000e+00,1.82356579e-01,2.93436406e-02,1.78709448e+02,2.87567678e+01
1.06000000e+00,-1.59806319e-02,-9.16722930e-02,3.37481539e-02,3.77583873e-02,-1.77172810e+01,0.00000000e+00,1.81912966e-01,2.89607868e-02,1.78274707e+02,2.83815710e+01
1.06200000e+00,-1.61748987e-02,-1.03069715e-01,3.38307093e-02,4.60117955e-02,-1.77172810e+01,0.00000000e+00,2.16042564e-01,3.66747423e-02,2.11721712e+02,3.59412475e+01
1.06400000e+00,-1.63928243e-02,-1.14337463e-01,3.39318244e-02,5.37005142e-02,-1.77172810e+01,0.00000000e+00,1.80613723e-01,2.79162422e-02,1.77001449e+02,2.73579174e+01
1.06600000e+00,-1.66312458e-02,-1.24101053e-01,3.40428876e-02,5.74538761e-02,-1.77172810e+01,0.00000000e+00,1.82800869e-01,2.85715897e-02,1.79144852e+02,2.80001579e+01
1.06800000e+00,-1.68892593e-02,-1.33910905e-01,3.41619276e-02,6.16387953e-02,-1.77172810e+01,0.00000000e+00,1.83760959e-01,2.89904521e-02,1.80085740e+02,2.84106430e+01
1.07000000e+00,-1.71669094e-02,-1.43750748e-01,3.42897269e-02,6.62497890e-02,-1.77172810e+01,0.00000000e+00,1.85728082e-01,2.96466456e-02,1.82013521e+02,2.90537127e+01
1.07200000e+00,-1.74641890e-02,-1.53480676e-01,3.44266664e-02,7.04702609e-02,-1.77172810e+01,0.00000000e+00,1.83579403e-01,2.83645618e-02,1.79907815e+02,2.77972706e+01
1.07400000e+00,-1.77806808e-02,-1.62983726e-01,3.45710408e-02,7.38401208e-02,-1.77172810e+01,0.00000000e+00,1.82971249e-01,2.80660574e-02,1.79311824e+02,2.75047363e+01
1.07600000e+00,-1.81161031e-02,-1.72455491e-01,3.47221574e-02,7.74057468e-02,-1.77172810e+01,0.00000000e+00,1.85547905e-01,2.89899533e-02,1.81836947e+02,2.84101543e+01
1.07800000e+00,-1.84704893e-02,-1.81906991e-01,3.48807738e-02,8.11364561e-02,-1.77172810e+01,0.00000000e+00,1.85351978e-01,2.86376093e-02,1.81644938e+02,2.80648571e+01
1.08000000e+00,-1.88436348e-02,-1.91214136e-01,3.50464567e-02,8.44973996e-02,-1.77172810e+01,0.00000000e+00,1.85182712e-01,2.84491126e-02,1.81479058e+02,2.78801304e+01
1.08200000e+00,-1.92361465e-02,-2.01722281e-01,3.52209206e-02,9.10935983e-02,-1.77172810e+01,0.00000000e+00,2.16579174e-01,3.56754162e-02,2.12247591e+02,3.49619078e+01
1.08400000e+00,-1.96504067e-02,-2.12054565e-01,3.54105480e-02,9.72654751e-02,-1.77172810e+01,0.00000000e+00,1.84410895e-01,2.78263201e-02,1.80722677e+02,2.72697937e+01
1.08600000e+00,-2.00833977e-02,-2.20936214e-01,3.56075580e-02,9.98008064e-02,-1.77172810e+01,0.00000000e+00,1.86180044e-01,2.83227327e-02,1.82456443e+02,2.77562781e+01
1.08800000e+00,-2.05340905e-02,-2.29726285e-01,3.58098160e-02,1.02433337e-01,-1.77172810e+01,0.00000000e+00,1.85914090e-01,2.83181970e-02,1.82195808e+02,2.77518331e+01
1.09000000e+00,-2.10022575e-02,-2.38448363e-01,3.60175148e-02,1.05400962e-01,-1.77172810e+01,0.00000000e+00,1.88377419e-01,2.93216545e-02,1.84609871e+02,2.87352214e+01
1.09200000e+00,-2.14877891e-02,-2.47028271e-01,3.62312970e-02,1.08184331e-01,-1.77172810e+01,0.00000000e+00,1.86520233e-01,2.82356287e-02,1.82789829e+02,2.76709161e+01
1.09400000e+00,-2.19901894e-02,-2.55336492e-01,3.64497440e-02,1.10205673e-01,-1.77172810e+01,0.00000000e+00,1.86095993e-01,2.80333766e-02,1.82374074e+02,2.74727091e+01
1.09600000e+00,-2.25090426e-02,-2.63505958e-01,3.66721163e-02,1.12222015e-01,-1.77172810e+01,0.00000000e+00,1.87480029e-01,2.85420092e-02,1.83730429e+02,2.79711690e+01
1.09800000e+00,-2.30441403e-02,-2.71566017e-01,3.68986931e-02,1.14329868e-01,-1.77172810e+01,0.00000000e+00,1.87874605e-01,2.85482696e-02,1.84117113e+02,2.79773042e+01
1.10000000e+00,-2.35951866e-02,-2.79446068e-01,3.71292834e-02,1.16209109e-01,-1.77172810e+01,0.00000000e+00,1.87739747e-01,2.83907777e-02,1.83984952e+02,2.78229621e+01
1.10200000e+00,-2.41626216e-02,-2.88371563e-01,3.73655299e-02,1.21088435e-01,-1.77172810e+01,0.00000000e+00,2.16901100e-01,3.51813862e-02,2.12563078e+02,3.44777585e+01
1.10400000e+00,-2.47485006e-02,-2.97038747e-01,3.76133569e-02,1.25547828e-01,-1.77172810e+01,0.00000000e+00,1.86449116e-01,2.78610693e-02,1.82720133e+02,2.73038479e+01
1.10600000e+00,-2.53498310e-02,-3.04287634e-01,3.78655132e-02,1.26695409e-01,-1.77172810e+01,0.00000000e+00,1.88638476e-01,2.85896778e-02,1.84865707e+02,2.80178843e+01
1.10800000e+00,-2.59655850e-02,-3.11437237e-01,3.81203497e-02,1.28159643e-01,-1.77172810e+01,0.00000000e+00,1.89126376e-01,2.88891888e-02,1.85343849e+02,2.83114051e+01
1.11000000e+00,-2.65954972e-02,-3.18462652e-01,3.83783642e-02,1.29942573e-01,-1.77172810e+01,0.00000000e+00,1.90849930e-01,2.96265198e-02,1.87032932e+02,2.90339894e+01
1.11200000e+00,-2.72393007e-02,-3.25285799e-01,3.86399917e-02,1.31533190e-01,-1.77172810e+01,0.00000000e+00,1.89627386e-01,2.88585652e-02,1.85834838e+02,2.82813939e+01
1.11400000e+00,-2.78964493e-02,-3.31822302e-01,3.89041233e-02,1.32563332e-01,-1.77172810e+01,0.00000000e+00,1.89489452e-01,2.88269789e-02,1.85699663e+02,2.82504393e+01
1.11600000e+00,-2.85664426e-02,-3.38137844e-01,3.91701500e-02,1.33450894e-01,-1.77172810e+01,0.00000000e+00,1.89907544e-01,2.89389594e-02,1.86109393e+02,2.83601802e+01
1.11800000e+00,-2.92488431e-02,-3.44217100e-01,3.94377609e-02,1.34089521e-01,-1.77172810e+01,0.00000000e+00,1.89513679e-01,2.86864774e-02,1.85723406e+02,2.81127478e+01
1.12000000e+00,-2.99431422e-02,-3.50043125e-01,3.97063334e-02,1.34466159e-01,-1.77172810e+01,0.00000000e+00,1.89634001e-01,2.87725579e-02,1.85841321e+02,2.81971067e+01
1.12200000e+00,-3.06494839e-02,-3.56571591e-01,3.99771998e-02,1.37203788e-01,-1.77172810e+01,0.00000000e+00,2.11668414e-01,3.40283626e-02,2.07435045e+02,3.33477953e+01
1.12400000e+00,-3.13692121e-02,-3.62775439e-01,4.02548065e-02,1.39428611e-01,-1.77172810e+01,0.00000000e+00,1.87896969e-01,2.80914547e-02,1.84139030e+02,2.75296256e+01
1.12600000e+00,-3.20997666e-02,-3.67750767e-01,4.05330472e-02,1.38853027e-01,-1.77172810e+01,0.00000000e+00,1.88904484e-01,2.85480404e-02,1.85126394e+02,2.79770796e+01
1.12800000e+00,-3.28400761e-02,-3.72517441e-01,4.08103133e-02,1.38419508e-01,-1.77172810e+01,0.00000000e+00,1.89044971e-01,2.87859242e-02,1.85264071e+02,2.82102057e+01
1.13000000e+00,-3.35896916e-02,-3.77066959e-01,4.10868083e-02,1.38110687e-01,-1.77172810e+01,0.00000000e+00,1.89930724e-01,2.92049149e-02,1.86132109e+02,2.86208166e+01
1.13200000e+00,-3.43481775e-02,-3.81366796e-01,4.13626610e-02,1.37659185e-01,-1.77172810e+01,0.00000000e+00,1.89384577e-01,2.88806643e-02,1.85596885e+02,2.83030510e+01
1.13400000e+00,-3.51149714e-02,-3.85385556e-01,4.16372849e-02,1.36967481e-01,-1.77172810e+01,0.00000000e+00,1.89605656e-01,2.90933312e-02,1.85813543e+02,2.85114645e+01
1.13600000e+00,-3.58895413e-02,-3.89136832e-01,4.19104517e-02,1.36157069e-01,-1.77172810e+01,0.00000000e+00,1.89441702e-01,2.90220489e-02,1.85652868e+02,2.84416079e+01
1.13800000e+00,-3.66713336e-02,-3.92610461e-01,4.21817700e-02,1.35131792e-01,-1.77172810e+01,0.00000000e+00,1.89485399e-01,2.90303321e-02,1.85695691e+02,2.84497255e+01
1.14000000e+00,-3.74598020e-02,-3.95812272e-01,4.24508859e-02,1.33966982e-01,-1.77172810e+01,0.00000000e+00,1.89513255e-01,2.91140899e-02,1.85722990e+02,2.85318081e+01
1.14200000e+00,-3.82547493e-02,-3.99263943e-01,4.27184779e-02,1.34061999e-01,-1.77172810e+01,0.00000000e+00,2.01799759e-01,3.20571255e-02,1.97763764e+02,3.14159830e+01
1.14400000e+00,-3.90565969e-02,-4.02324403e-01,4.29867516e-02,1.33583863e-01,-1.77172810e+01,0.00000000e+00,1.86903851e-01,2.82942250e-02,1.83165774e+02,2.77283405e+01
1.14600000e+00,-3.98634667e-02,-4.04514551e-01,4.32516930e-02,1.31425353e-01,-1.77172810e+01,0.00000000e+00,1.88040505e-01,2.89094183e-02,1.84279695e+02,2.83312299e+01
1.14800000e+00,-4.06744978e-02,-4.06468810e-01,4.35125647e-02,1.29434386e-01,-1.77172810e+01,0.00000000e+00,1.88004243e-01,2.90193757e-02,1.84244158e+02,2.84389882e+01
1.15000000e+00,-4.14891694e-02,-4.08164358e-01,4.37694875e-02,1.27528816e-01,-1.77172810e+01,0.00000000e+00,1.88638411e-01,2.94564962e-02,1.84865642e+02,2.88673663e+01
1.15200000e+00,-4.23069499e-02,-4.09551823e-01,4.40225492e-02,1.25427069e-01,-1.77172810e+01,0.00000000e+00,1.87474996e-01,2.89699304e-02,1.83725496e+02,2.83905318e+01
1.15400000e+00,-4.31271393e-02,-4.10583077e-01,4.42709263e-02,1.22921174e-01,-1.77172810e+01,0.00000000e+00,1.87005693e-01,2.89640253e-02,1.83265579e+02,2.83847448e+01
1.15600000e+00,-4.39490440e-02,-4.11257056e-01,4.45139907e-02,1.20050565e-01,-1.77172810e+01,0.00000000e+00,1.85832830e-01,2.85527636e-02,1.82116174e+02,2.79817083e+01
1.15800000e+00,-4.47719656e-02,-4.11628262e-01,4.47510447e-02,1.17054157e-01,-1.77172810e+01,0.00000000e+00,1.86646774e-01,2.90398652e-02,1.82913839e+02,2.84590679e+01
1.16000000e+00,-4.55954115e-02,-4.11781102e-01,4.49824113e-02,1.14363715e-01,-1.77172810e+01,0.00000000e+00,1.87451427e-01,2.95266289e-02,1.83702398e+02,2.89360964e+01
1.16200000e+00,-4.64190285e-02,-4.11841697e-01,4.52088653e-02,1.12221696e-01,-1.77172810e+01,0.00000000e+00,1.91214414e-01,3.05154396e-02,1.87390126e+02,2.99051308e+01
1.16400000e+00,-4.72425292e-02,-4.11528782e-01,4.54310467e-02,1.09702606e-01,-1.77172810e+01,0.00000000e+00,1.85446710e-01,2.90534823e-02,1.81737775e+02,2.84724126e+01
1.16600000e+00,-4.80648226e-02,-4.10734352e-01,4.56473221e-02,1.06653099e-01,-1.77172810e+01,0.00000000e+00,1.86678389e-01,2.97123348e-02,1.82944822e+02,2.91180881e+01
1.16800000e+00,-4.88852899e-02,-4.09674880e-01,4.58577104e-02,1.03680614e-01,-1.77172810e+01,0.00000000e+00,1.85955178e-01,2.95168974e-02,1.82236075e+02,2.89265594e+01
1.17000000e+00,-4.97032937e-02,-4.08272780e-01,4.60618834e-02,1.00466408e-01,-1.77172810e+01,0.00000000e+00,1.85355159e-01,2.94979388e-02,1.81648056e+02,2.89079800e+01
1.17200000e+00,-5.05181664e-02,-4.06548806e-01,4.62594664e-02,9.70876694e-02,-1.77172810e+01,0.00000000e+00,1.85092673e-01,2.94551735e-02,1.81390820e+02,2.88660700e+01
1.17400000e+00,-5.13293067e-02,-4.04551499e-01,4.64502442e-02,9.37241766e-02,-1.77172810e+01,0.00000000e+00,1.85597633e-01,2.98038654e-02,1.81885680e+02,2.92077881e+01
1.17600000e+00,-5.21362112e-02,-4.02312411e-01,4.66345473e-02,9.06370403e-02,-1.77172810e+01,0.00000000e+00,1.86038849e-01,3.02998202e-02,1.82318072e+02,2.96938238e+01
1.17800000e+00,-5.29383585e-02,-3.99776535e-01,4.68127697e-02,8.75159748e-02,-1.77172810e+01,0.00000000e+00,1.85220730e-01,2.99884969e-02,1.81516315e+02,2.93887270e+01
1.18000000e+00,-5.37351154e-02,-3.96937746e-01,4.69845340e-02,8.42790874e-02,-1.77172810e+01,0.00000000e+00,1.85476149e-01,3.03034213e-02,1.81766626e+02,2.96973529e+01
1.18200000e+00,-5.45258384e-02,-3.93692389e-01,4.71494737e-02,8.04237446e-02,-1.77172810e+01,0.00000000e+00,1.82188039e-01,2.89274631e-02,1.78544278e+02,2.83489138e+01
1.18400000e+00,-5.53096324e-02,-3.90068190e-01,4.73059505e-02,7.61507550e-02,-1.77172810e+01,0.00000000e+00,1.83036598e-01,2.96521023e-02,1.79375866e+02,2.90590603e+01
1.18600000e+00,-5.60859386e-02,-3.86185169e-01,4.74542356e-02,7.21161318e-02,-1.77172810e+01,0.00000000e+00,1.82492895e-01,2.96412698e-02,1.78843037e+02,2.90484444e+01
1.18800000e+00,-5.68541606e-02,-3.81983398e-01,4.75943106e-02,6.79248695e-02,-1.77172810e+01,0.00000000e+00,1.81876380e-01,2.95251206e-02,1.78238852e+02,2.89346182e+01
1.19000000e+00,-5.76136672e-02,-3.77474089e-01,4.77258802e-02,6.36511563e-02,-1.77172810e+01,0.00000000e+00,1.81524783e-01,2.96579086e-02,1.77894287e+02,2.90647504e+01
1.19200000e+00,-5.83638756e-02,-3.72692832e-01,4.78490075e-02,5.95158382e-02,-1.77172810e+01,0.00000000e+00,1.81665209e-01,2.99932126e-02,1.78031905e+02,2.93933483e+01
1.19400000e+00,-5.91042434e-02,-3.67618891e-01,4.79639212e-02,5.53471328e-02,-1.77172810e+01,0.00000000e+00,1.80749822e-01,2.97536717e-02,1.77134825e+02,2.91585983e+01
1.19600000e+00,-5.98341466e-02,-3.62238133e-01,4.80702978e-02,5.10310966e-02,-1.77172810e+01,0.00000000e+00,1.80475856e-01,2.98376939e-02,1.76866339e+02,2.92409400e+01
1.19800000e+00,-6.05529947e-02,-3.56555587e-01,4.81679549e-02,4.65789580e-02,-1.77172810e+01,0.00000000e+00,1.79588995e-01,2.96093008e-02,1.75997215e+02,2.90171148e+01
1.20000000e+00,-6.12601596e-02,-3.50558978e-01,4.82565116e-02,4.19736787e-02,-1.77172810e+01,0.00000000e+00,1.78934050e-01,2.96446388e-02,1.75355369e+02,2.90517460e+01
1.20200000e+00,-6.19548811e-02,-3.44038222e-01,4.83351362e-02,3.62984576e-02,-1.77172810e+01,0.00000000e+00,1.73038388e-01,2.74779850e-02,1.69577620e+02,2.69284253e+01
1.20400000e+00,-6.26361862e-02,-3.37327991e-01,4.84019562e-02,3.09993517e-02,-1.77172810e+01,0.00000000e+00,1.80095843e-01,3.05319202e-02,1.76493926e+02,2.99212818e+01
1.20600000e+00,-6.33041990e-02,-3.30626619e-01,4.84599544e-02,2.69313186e-02,-1.77172810e+01,0.00000000e+00,1.78725671e-01,3.01464959e-02,1.75151158e+02,2.95435660e+01
1.20800000e+00,-6.39584891e-02,-3.23619933e-01,4.85095394e-02,2.26501005e-02,-1.77172810e+01,0.00000000e+00,1.78331029e-01,3.01570263e-02,1.74764408e+02,2.95538858e+01
1.21000000e+00,-6.45985181e-02,-3.16372229e-01,4.85506310e-02,1.84832616e-02,-1.77172810e+01,0.00000000e+00,1.78347876e-01,3.04469982e-02,1.74780919e+02,2.98380583e+01
1.21200000e+00,-6.52238402e-02,-3.08917907e-01,4.85836300e-02,1.45527810e-02,-1.77172810e+01,0.00000000e+00,1.78637860e-01,3.07019034e-02,1.75065103e+02,3.00878653e+01
1.21400000e+00,-6.58340200e-02,-3.01209031e-01,4.86087645e-02,1.05058994e-02,-1.77172810e+01,0.00000000e+00,1.77411967e-01,3.02401997e-02,1.73863728e+02,2.96353957e+01
1.21600000e+00,-6.64285325e-02,-2.93284416e-01,4.86257570e-02,6.61410367e-03,-1.77172810e+01,0.00000000e+00,1.78482027e-01,3.10533443e-02,1.74912387e+02,3.04322774e+01
1.21800000e+00,-6.70070340e-02,-2.85174386e-01,4.86354239e-02,3.02670267e-03,-1.77172810e+01,0.00000000e+00,1.77834693e-01,3.08943881e-02,1.74277999e+02,3.02765004e+01
1.22000000e+00,-6.75690327e-02,-2.76768301e-01,4.86376349e-02,-9.04013799e-04,-1.77172810e+01,0.00000000e+00,1.76185853e-01,3.03374516e-02,1.72662136e+02,2.97307026e+01
1.22200000e+00,-6.81132756e-02,-2.67114822e-01,4.86296015e-02,-8.14378521e-03,-1.77172810e+01,0.00000000e+00,1.53167127e-01,2.39397418e-02,1.50103785e+02,2.34609469e+01
1.22400000e+00,-6.86374478e-02,-2.57395045e-01,4.86055948e-02,-1.45814556e-02,-1.77172810e+01,0.00000000e+00,1.78956664e-01,3.19899180e-02,1.75377530e+02,3.13501196e+01
1.22600000e+00,-6.91433302e-02,-2.48386896e-01,4.85732245e-02,-1.80959376e-02,-1.77172810e+01,0.00000000e+00,1.73961977e-01,3.00305844e-02,1.70482737e+02,2.94299727e+01
1.22800000e+00,-6.96307284e-02,-2.38978235e-01,4.85326619e-02,-2.24340297e-02,-1.77172810e+01,0.00000000e+00,1.73614803e-01,3.02049968e-02,1.70142507e+02,2.96008968e+01
1.23000000e+00,-7.00991301e-02,-2.29400009e-01,4.84836343e-02,-2.65533851e-02,-1.77172810e+01,0.00000000e+00,1.73862363e-01,3.04213710e-02,1.70385115e+02,2.98129436e+01
1.23200000e+00,-7.05483035e-02,-2.19784393e-01,4.84269605e-02,-2.99045955e-02,-1.77172810e+01,0.00000000e+00,1.76447120e-01,3.17378278e-02,1.72918177e+02,3.11030712e+01
1.23400000e+00,-7.09781910e-02,-2.10053838e-01,4.83642734e-02,-3.28695546e-02,-1.77172810e+01,0.00000000e+00,1.74725347e-01,3.11437347e-02,1.71230840e+02,3.05208600e+01
1.23600000e+00,-7.13883522e-02,-2.00073401e-01,4.82952467e-02,-3.61879223e-02,-1.77172810e+01,0.00000000e+00,1.73996889e-01,3.08987550e-02,1.70516951e+02,3.02807799e+01
1.23800000e+00,-7.17783287e-02,-1.89859051e-01,4.82193204e-02,-3.98081322e-02,-1.77172810e+01,0.00000000e+00,1.72484416e-01,3.04031504e-02,1.69034728e+02,2.97950874e+01
1.24000000e+00,-7.21476591e-02,-1.79450718e-01,4.81359956e-02,-4.34561433e-02,-1.77172810e+01,0.00000000e+00,1.72521373e-01,3.07228786e-02,1.69070945e+02,3.01084210e+01
1.24200000e+00,-7.24949058e-02,-1.67203840e-01,4.80418175e-02,-5.26208739e-02,-1.77172810e+01,0.00000000e+00,1.32404727e-01,1.86919738e-02,1.29756633e+02,1.83181344e+01
1.24400000e+00,-7.28164396e-02,-1.54904565e-01,4.79258524e-02,-6.12758126e-02,-1.77172810e+01,0.00000000e+00,1.73974283e-01,3.16316448e-02,1.70494798e+02,3.09990119e+01
1.24600000e+00,-7.31155655e-02,-1.44167518e-01,4.78006095e-02,-6.40882697e-02,-1.77172810e+01,0.00000000e+00,1.71395323e-01,3.07775310e-02,1.67967416e+02,3.01619804e+01
1.24800000e+00,-7.33929744e-02,-1.33227621e-01,4.76693054e-02,-6.71915409e-02,-1.77172810e+01,0.00000000e+00,1.71543388e-01,3.08349251e-02,1.68112520e+02,3.02182266e+01
1.25000000e+00,-7.36483996e-02,-1.22173091e-01,4.75318902e-02,-7.02245498e-02,-1.77172810e+01,0.00000000e+00,1.70846758e-01,3.07299416e-02,1.67429822e+02,3.01153428e+01
1.25200000e+00,-7.38816849e-02,-1.11145823e-01,4.73889767e-02,-7.24034438e-02,-1.77172810e+01,0.00000000e+00,1.74129944e-01,3.24245575e-02,1.70647345e+02,3.17760663e+01
1.25400000e+00,-7.40929688e-02,-1.00097501e-01,4.72425025e-02,-7.42432022e-02,-1.77172810e+01,0.00000000e+00,1.72124494e-01,3.12332192e-02,1.68682004e+02,3.06085548e+01
1.25600000e+00,-7.42819477e-02,-8.88583320e-02,4.70916962e-02,-7.65444825e-02,-1.77172810e+01,0.00000000e+00,1.71258807e-01,3.12413319e-02,1.67833630e+02,3.06165053e+01
1.25800000e+00,-7.44483614e-02,-7.75580197e-02,4.69365142e-02,-7.85613128e-02,-1.77172810e+01,0.00000000e+00,1.72100356e-01,3.16094457e-02,1.68658349e+02,3.09772568e+01
1.26000000e+00,-7.45921151e-02,-6.61607123e-02,4.67773838e-02,-8.06787531e-02,-1.77172810e+01,0.00000000e+00,1.70212165e-01,3.08036417e-02,1.66807922e+02,3.01875689e+01
1.26200000e+00,-7.47114794e-02,-5.24763349e-02,4.66092238e-02,-8.96582327e-02,-1.77172810e+01,0.00000000e+00,1.19684885e-01,1.69685636e-02,1.17291187e+02,1.66291923e+01
1.26400000e+00,-7.48020689e-02,-3.88645205e-02,4.64193391e-02,-9.77561713e-02,-1.77172810e+01,0.00000000e+00,1.72705900e-01,3.23870468e-02,1.69251782e+02,3.17393058e+01
1.26600000e+00,-7.48683439e-02,-2.73621332e-02,4.62227949e-02,-9.89608731e-02,-1.77172810e+01,0.00000000e+00,1.69564374e-01,3.11571218e-02,1.66173086e+02,3.05339793e+01
1.26800000e+00,-7.49114587e-02,-1.57716609e-02,4.60233581e-02,-1.00371799e-01,-1.77172810e+01,0.00000000e+00,1.71046928e-01,3.16698909e-02,1.67625989e+02,3.10364930e+01
1.27000000e+00,-7.49314179e-02,-4.16230101e-03,4.58213341e-02,-1.01743194e-01,-1.77172810e+01,0.00000000e+00,1.69333238e-01,3.09520124e-02,1.65946573e+02,3.03329722e+01
1.27200000e+00,-7.49280868e-02,7.47873044e-03,4.56164429e-02,-1.03028228e-01,-1.77172810e+01,0.00000000e+00,1.70327229e-01,3.15590363e-02,1.66920684e+02,3.09278555e+01
1.27400000e+00,-7.49014827e-02,1.91501926e-02,4.54091668e-02,-1.04394716e-01,-1.77172810e+01,0.00000000e+00,1.68452514e-01,3.04854299e-02,1.65083464e+02,2.98757213e+01
1.27600000e+00,-7.48514275e-02,3.09094199e-02,4.51986497e-02,-1.06082766e-01,-1.77172810e+01,0.00000000e+00,1.67915754e-01,3.05840416e-02,1.64557439e+02,2.99723607e+01
1.27800000e+00,-7.47779110e-02,4.25696403e-02,4.49853363e-02,-1.07020148e-01,-1.77172810e+01,0.00000000e+00,1.70213653e-01,3.17568189e-02,1.66809380e+02,3.11216825e+01
1.28000000e+00,-7.46812405e-02,5.40925833e-02,4.47710054e-02,-1.07303141e-01,-1.77172810e+01,0.00000000e+00,1.70381483e-01,3.16515383e-02,1.66973853e+02,3.10185075e+01
1.28200000e+00,-7.45598371e-02,6.81707936e-02,4.45508628e-02,-1.15476339e-01,-1.77172810e+01,0.00000000e+00,1.09566740e-01,1.48830370e-02,1.07375405e+02,1.45853762e+01
1.28400000e+00,-7.44086734e-02,8.20748480e-02,4.43096726e-02,-1.22791428e-01,-1.77172810e+01,0.00000000e+00,1.73277552e-01,3.31123301e-02,1.69812001e+02,3.24500835e+01
1.28600000e+00,-7.42332636e-02,9.33901559e-02,4.40650008e-02,-1.22151370e-01,-1.77172810e+01,0.00000000e+00,1.68672920e-01,3.12309990e-02,1.65299462e+02,3.06063790e+01
1.28800000e+00,-7.40350633e-02,1.04779737e-01,4.38207440e-02,-1.21995982e-01,-1.77172810e+01,0.00000000e+00,1.69970631e-01,3.17460502e-02,1.66571219e+02,3.11111292e+01
1.29000000e+00,-7.38142000e-02,1.16086215e-01,4.35771036e-02,-1.21710460e-01,-1.77172810e+01,0.00000000e+00,1.68858006e-01,3.11559507e-02,1.65480846e+02,3.05328317e+01
1.29200000e+00,-7.35707782e-02,1.27302989e-01,4.33340157e-02,-1.21254648e-01,-1.77172810e+01,0.00000000e+00,1.70125572e-01,3.17560846e-02,1.66723060e+02,3.11209629e+01
1.29400000e+00,-7.33050331e-02,1.38452196e-01,4.30920692e-02,-1.20822528e-01,-1.77172810e+01,0.00000000e+00,1.68312968e-01,3.07603516e-02,1.64946708e+02,3.01451446e+01
1.29600000e+00,-7.30170008e-02,1.49554422e-01,4.28506481e-02,-1.20506594e-01,-1.77172810e+01,0.00000000e+00,1.68917550e-01,3.11672323e-02,1.65539199e+02,3.05438876e+01
1.29800000e+00,-7.27069349e-02,1.60477531e-01,4.26103912e-02,-1.19668138e-01,-1.77172810e+01,0.00000000e+00,1.70012013e-01,3.15135941e-02,1.66611773e+02,3.08833222e+01
1.30000000e+00,-7.23751945e-02,1.71244905e-01,4.23721576e-02,-1.18556696e-01,-1.77172810e+01,0.00000000e+00,1.69892593e-01,3.13994466e-02,1.66494741e+02,3.07714576e+01
1.30200000e+00,-7.20203450e-02,1.84427440e-01,4.21310386e-02,-1.25132834e-01,-1.77172810e+01,0.00000000e+00,1.10729855e-01,1.50345309e-02,1.08515258e+02,1.47338403e+01
1.30400000e+00,-7.16377519e-02,1.97209343e-01,4.18727111e-02,-1.30082632e-01,-1.77172810e+01,0.00000000e+00,1.76187136e-01,3.44473878e-02,1.72663393e+02,3.37584400e+01
1.30600000e+00,-7.12333085e-02,2.07290026e-01,4.16161503e-02,-1.26869576e-01,-1.77172810e+01,0.00000000e+00,1.70589552e-01,3.18003868e-02,1.67177761e+02,3.11643791e+01
1.30800000e+00,-7.08085272e-02,2.17467505e-01,4.13644101e-02,-1.24890417e-01,-1.77172810e+01,0.00000000e+00,1.70499321e-01,3.14969902e-02,1.67089335e+02,3.08670504e+01
1.31000000e+00,-7.03635244e-02,2.27516193e-01,4.11164770e-02,-1.23078785e-01,-1.77172810e+01,0.00000000e+00,1.70007444e-01,3.10938052e-02,1.66607295e+02,3.04719291e+01
1.31200000e+00,-6.98986402e-02,2.37298285e-01,4.08724973e-02,-1.20663819e-01,-1.77172810e+01,0.00000000e+00,1.72974210e-01,3.24139561e-02,1.69514726e+02,3.17656770e+01
1.31400000e+00,-6.94144585e-02,2.46889531e-01,4.06339561e-02,-1.18047226e-01,-1.77172810e+01,0.00000000e+00,1.70553640e-01,3.11751114e-02,1.67142568e+02,3.05516092e+01
1.31600000e+00,-6.89111187e-02,2.56425803e-01,4.03999411e-02,-1.15981519e-01,-1.77172810e+01,0.00000000e+00,1.70188922e-01,3.09224889e-02,1.66785144e+02,3.03040391e+01
1.31800000e+00,-6.83889004e-02,2.65744302e-01,4.01702220e-02,-1.13627825e-01,-1.77172810e+01,0.00000000e+00,1.71417648e-01,3.14505121e-02,1.67989296e+02,3.08215019e+01
1.32000000e+00,-6.78482984e-02,2.74827563e-01,3.99456219e-02,-1.10985993e-01,-1.77172810e+01,0.00000000e+00,1.71309936e-01,3.12053477e-02,1.67883738e+02,3.05812407e+01
1.32200000e+00,-6.72882610e-02,2.85904492e-01,3.97214347e-02,-1.15608118e-01,-1.77172810e+01,0.00000000e+00,1.20301546e-01,1.58840937e-02,1.17895515e+02,1.55664118e+01
1.32400000e+00,-6.67049400e-02,2.96592042e-01,3.94839164e-02,-1.19140506e-01,-1.77172810e+01,0.00000000e+00,1.75693888e-01,3.31559678e-02,1.72180010e+02,3.24928484e+01
1.32600000e+00,-6.61034487e-02,3.04945862e-01,3.92496184e-02,-1.15554705e-01,-1.77172810e+01,0.00000000e+00,1.69958371e-01,3.04888448e-02,1.66559204e+02,2.98790679e+01
1.32800000e+00,-6.54852007e-02,3.13233522e-01,3.90211704e-02,-1.12759650e-01,-1.77172810e+01,0.00000000e+00,1.72227079e-01,3.11687506e-02,1.68782538e+02,3.05453756e+01
1.33000000e+00,-6.48506792e-02,3.21274300e-01,3.87986780e-02,-1.09817293e-01,-1.77172810e+01,0.00000000e+00,1.70580447e-01,3.04789487e-02,1.67168838e+02,2.98693697e+01
1.33200000e+00,-6.42003055e-02,3.29012167e-01,3.85822719e-02,-1.06318963e-01,-1.77172810e+01,0.00000000e+00,1.74028080e-01,3.20252720e-02,1.70547518e+02,3.13847666e+01
1.33400000e+00,-6.35348402e-02,3.36435596e-01,3.83736514e-02,-1.02446692e-01,-1.77172810e+01,0.00000000e+00,1.72526032e-01,3.09641807e-02,1.69075511e+02,3.03448971e+01
1.33600000e+00,-6.28546750e-02,3.43691102e-01,3.81722179e-02,-9.89753062e-02,-1.77172810e+01,0.00000000e+00,1.72429405e-01,3.08946393e-02,1.68980817e+02,3.02767466e+01
1.33800000e+00,-6.21603061e-02,3.50601067e-01,3.79781127e-02,-9.49602262e-02,-1.77172810e+01,0.00000000e+00,1.74960588e-01,3.18265331e-02,1.71461377e+02,3.11900024e+01
1.34000000e+00,-6.14525291e-02,3.57123494e-01,3.77927294e-02,-9.04166316e-02,-1.77172810e+01,0.00000000e+00,1.75734206e-01,3.17373069e-02,1.72219522e+02,3.11025608e+01
1.34200000e+00,-6.07307669e-02,3.65213764e-01,3.76121668e-02,-9.22911405e-02,-1.77172810e+01,0.00000000e+00,1.32463013e-01,1.80968679e-02,1.29813752e+02,1.77349305e+01
1.34400000e+00,-5.99919043e-02,3.72958827e-01,3.74239730e-02,-9.35540145e-02,-1.77172810e+01,0.00000000e+00,1.77803657e-01,3.27537547e-02,1.74247584e+02,3.20986796e+01
1.34600000e+00,-5.92403219e-02,3.78618472e-01,3.72422682e-02,-8.83410974e-02,-1.77172810e+01,0.00000000e+00,1.75081472e-01,3.14277794e-02,1.71579843e+02,3.07992238e+01
1.34800000e+00,-5.84775206e-02,3.84142746e-01,3.70701263e-02,-8.38515498e-02,-1.77172810e+01,0.00000000e+00,1.74762667e-01,3.09876310e-02,1.71267414e+02,3.03678784e+01
1.35000000e+00,-5.77038753e-02,3.89480430e-01,3.69065023e-02,-7.99015459e-02,-1.77172810e+01,0.00000000e+00,1.73147983e-01,3.00598627e-02,1.69685023e+02,2.94586654e+01
1.35200000e+00,-5.69198615e-02,3.94424297e-01,3.67508867e-02,-7.54017655e-02,-1.77172810e+01,0.00000000e+00,1.77585649e-01,3.19175955e-02,1.74033936e+02,3.12792436e+01
1.35400000e+00,-5.61264337e-02,3.98984750e-01,3.66051681e-02,-7.04927024e-02,-1.77172810e+01,0.00000000e+00,1.75649075e-01,3.07087027e-02,1.72136094e+02,3.00945286e+01
1.35600000e+00,-5.53240704e-02,4.03323344e-01,3.64686568e-02,-6.59722173e-02,-1.77172810e+01,0.00000000e+00,1.76237947e-01,3.09051276e-02,1.72713188e+02,3.02870250e+01
1.35800000e+00,-5.45133860e-02,4.07293455e-01,3.63415109e-02,-6.11042113e-02,-1.77172810e+01,0.00000000e+00,1.77658175e-01,3.12545540e-02,1.74105012e+02,3.06294629e+01
1.36000000e+00,-5.36951340e-02,4.10907477e-01,3.62243605e-02,-5.60554950e-02,-1.77172810e+01,0.00000000e+00,1.77894172e-01,3.11150163e-02,1.74336289e+02,3.04927160e+01
1.36200000e+00,-5.28690989e-02,4.15507324e-01,3.61141060e-02,-5.57803973e-02,-1.77172810e+01,0.00000000e+00,1.47896120e-01,2.10764578e-02,1.44938198e+02,2.06549287e+01
1.36400000e+00,-5.20334274e-02,4.19623204e-01,3.60018724e-02,-5.45555009e-02,-1.77172810e+01,0.00000000e+00,1.82400417e-01,3.29485857e-02,1.78752408e+02,3.22896140e+01
1.36600000e+00,-5.11916759e-02,4.22134348e-01,3.58991113e-02,-4.84899795e-02,-1.77172810e+01,0.00000000e+00,1.78533319e-01,3.10875435e-02,1.74962652e+02,3.04657926e+01
1.36800000e+00,-5.03450248e-02,4.24443282e-01,3.58075156e-02,-4.30198551e-02,-1.77172810e+01,0.00000000e+00,1.80223813e-01,3.15657978e-02,1.76619337e+02,3.09344818e+01
1.37000000e+00,-4.94941650e-02,4.26358848e-01,3.57272115e-02,-3.72802329e-02,-1.77172810e+01,0.00000000e+00,1.80787545e-01,3.15361588e-02,1.77171795e+02,3.09054356e+01
1.37200000e+00,-4.86398530e-02,4.27879005e-01,3.56585883e-02,-3.12502202e-02,-1.77172810e+01,0.00000000e+00,1.82495989e-01,3.20748711e-02,1.78846069e+02,3.14333737e+01
1.37400000e+00,-4.77828627e-02,4.29078603e-01,3.56021556e-02,-2.53028276e-02,-1.77172810e+01,0.00000000e+00,1.81287375e-01,3.12796442e-02,1.77661627e+02,3.06540513e+01
1.37600000e+00,-4.69236913e-02,4.30049133e-01,3.55570175e-02,-1.98944920e-02,-1.77172810e+01,0.00000000e+00,1.80839188e-01,3.08766754e-02,1.77222405e+02,3.02591419e+01
1.37800000e+00,-4.60628585e-02,4.30731261e-01,3.55224192e-02,-1.47237533e-02,-1.77172810e+01,0.00000000e+00,1.81002351e-01,3.07293829e-02,1.77382304e+02,3.01147952e+01
1.38000000e+00,-4.52009527e-02,4.31133876e-01,3.54979513e-02,-9.80983804e-03,-1.77172810e+01,0.00000000e+00,1.80336506e-01,3.03006161e-02,1.76729776e+02,2.96946038e+01
1.38200000e+00,-4.43381148e-02,4.31848730e-01,3.54812273e-02,-7.82434463e-03,-1.77172810e+01,0.00000000e+00,1.66664923e-01,2.45575479e-02,1.63331624e+02,2.40663970e+01
1.38400000e+00,-4.34738294e-02,4.32156182e-01,3.54670031e-02,-5.31530469e-03,-1.77172810e+01,0.00000000e+00,1.82803400e-01,3.13786392e-02,1.79147332e+02,3.07510664e+01
1.38600000e+00,-4.26101113e-02,4.31531864e-01,3.54619031e-02,9.91907066e-05,-1.77172810e+01,0.00000000e+00,1.81384742e-01,3.06465601e-02,1.77757047e+02,3.00336288e+01
1.38800000e+00,-4.17478942e-02,4.30619101e-01,3.54672182e-02,5.24108167e-03,-1.77172810e+01,0.00000000e+00,1.82501626e-01,3.08119466e-02,1.78851594e+02,3.01957077e+01
1.39000000e+00,-4.08878609e-02,4.29367247e-01,3.54828048e-02,1.02889968e-02,-1.77172810e+01,0.00000000e+00,1.82282818e-01,3.04694879e-02,1.78637161e+02,2.98600981e+01
1.39200000e+00,-4.00306577e-02,4.27766753e-01,3.55084398e-02,1.54353776e-02,-1.77172810e+01,0.00000000e+00,1.83644585e-01,3.10531835e-02,1.79971694e+02,3.04321198e+01
1.39400000e+00,-3.91770770e-02,4.25741737e-01,3.55448514e-02,2.10392896e-02,-1.77172810e+01,0.00000000e+00,1.85226775e-01,3.14796013e-02,1.81522240e+02,3.08500093e+01
1.39600000e+00,-3.83279571e-02,4.23317187e-01,3.55927310e-02,2.68441884e-02,-1.77172810e+01,0.00000000e+00,1.86039403e-01,3.15410869e-02,1.82318614e+02,3.09102651e+01
1.39800000e+00,-3.74840101e-02,4.20589796e-01,3.56520681e-02,3.24091785e-02,-1.77172810e+01,0.00000000e+00,1.85403048e-01,3.10584945e-02,1.81694987e+02,3.04373246e+01
1.40000000e+00,-3.66457537e-02,4.17628705e-01,3.57220223e-02,3.74561972e-02,-1.77172810e+01,0.00000000e+00,1.84645500e-01,3.05517025e-02,1.80952590e+02,2.99406684e+01
1.40200000e+00,-3.58135365e-02,4.14605800e-01,3.58009329e-02,4.10633330e-02,-1.77172810e+01,0.00000000e+00,1.80041449e-01,2.81472756e-02,1.76440620e+02,2.75843301e+01
1.40400000e+00,-3.49875373e-02,4.11272697e-01,3.58862867e-02,4.46869033e-02,-1.77172810e+01,0.00000000e+00,1.85138072e-01,3.07068151e-02,1.81435310e+02,3.00926788e+01
1.40600000e+00,-3.41687615e-02,4.07466002e-01,3.59803207e-02,4.92707447e-02,-1.77172810e+01,0.00000000e+00,1.84408737e-01,3.02953184e-02,1.80720562e+02,2.96894121e+01
1.40800000e+00,-3.33578443e-02,4.03402803e-01,3.60831956e-02,5.35934756e-02,-1.77172810e+01,0.00000000e+00,1.84495790e-01,3.03039390e-02,1.80805874e+02,2.96978602e+01
1.41000000e+00,-3.25553636e-02,3.99019587e-01,3.61946733e-02,5.78841744e-02,-1.77172810e+01,0.00000000e+00,1.85318166e-01,3.03855858e-02,1.81611803e+02,2.97778740e+01
1.41200000e+00,-3.17620018e-02,3.94282738e-01,3.63148139e-02,6.22973681e-02,-1.77172810e+01,0.00000000e+00,1.86263717e-01,3.07309006e-02,1.82538443e+02,3.01162826e+01
1.41400000e+00,-3.09784058e-02,3.89286138e-01,3.64437000e-02,6.64664514e-02,-1.77172810e+01,0.00000000e+00,1.84970902e-01,3.00555692e-02,1.81271484e+02,2.94544578e+01
1.41600000e+00,-3.02050142e-02,3.84054110e-01,3.65804184e-02,7.02435337e-02,-1.77172810e+01,0.00000000e+00,1.85430481e-01,3.01018570e-02,1.81721872e+02,2.94998198e+01
1.41800000e+00,-2.94423867e-02,3.78526122e-01,3.67246164e-02,7.39340328e-02,-1.77172810e+01,0.00000000e+00,1.85638815e-01,3.00783133e-02,1.81926039e+02,2.94767470e+01
1.42000000e+00,-2.86910783e-02,3.72745168e-01,3.68759761e-02,7.73569685e-02,-1.77172810e+01,0.00000000e+00,1.85185036e-01,2.97550439e-02,1.81481335e+02,2.91599430e+01
1.42200000e+00,-2.79515448e-02,3.66756034e-01,3.70336493e-02,8.01876071e-02,-1.77172810e+01,0.00000000e+00,1.84442122e-01,2.90591205e-02,1.80753280e+02,2.84779381e+01
1.42400000e+00,-2.72242007e-02,3.60547164e-01,3.71965726e-02,8.27872661e-02,-1.77172810e+01,0.00000000e+00,1.84356992e-01,2.95019249e-02,1.80669852e+02,2.89118864e+01
1.42600000e+00,-2.65095391e-02,3.54064012e-01,3.73649297e-02,8.55838351e-02,-1.77172810e+01,0.00000000e+00,1.84991162e-01,2.97118092e-02,1.81291339e+02,2.91175730e+01
1.42800000e+00,-2.58081321e-02,3.47299715e-01,3.75389029e-02,8.83728741e-02,-1.77172810e+01,0.00000000e+00,1.85173371e-01,2.97335076e-02,1.81469904e+02,2.91388375e+01
1.43000000e+00,-2.51204741e-02,3.40334638e-01,3.77181834e-02,9.08052766e-02,-1.77172810e+01,0.00000000e+00,1.84040999e-01,2.92183089e-02,1.80360179e+02,2.86339428e+01
1.43200000e+00,-2.44469097e-02,3.33195304e-01,3.79018068e-02,9.27620107e-02,-1.77172810e+01,0.00000000e+00,1.83717815e-01,2.89965768e-02,1.80043459e+02,2.84166452e+01
1.43400000e+00,-2.37878462e-02,3.25825898e-01,3.80891361e-02,9.45757678e-02,-1.77172810e+01,0.00000000e+00,1.84007168e-01,2.91850761e-02,1.80327025e+02,2.86013746e+01
1.43600000e+00,-2.31437625e-02,3.18221870e-01,3.82800310e-02,9.62711113e-02,-1.77172810e+01,0.00000000e+00,1.83911577e-01,2.90200221e-02,1.80233345e+02,2.84396216e+01
1.43800000e+00,-2.25151081e-02,3.10393859e-01,3.84741032e-02,9.77904024e-02,-1.77172810e+01,0.00000000e+00,1.84077376e-01,2.90921634e-02,1.80395829e+02,2.85103201e+01
1.44000000e+00,-2.19023257e-02,3.02358013e-01,3.86710661e-02,9.91199707e-02,-1.77172810e+01,0.00000000e+00,1.83733165e-01,2.89026050e-02,1.80058502e+02,2.83245529e+01
1.44200000e+00,-2.13059425e-02,2.93922519e-01,3.88707990e-02,1.00773447e-01,-1.77172810e+01,0.00000000e+00,1.88513638e-01,3.00567693e-02,1.84743365e+02,2.94556339e+01
1.44400000e+00,-2.07267480e-02,2.85318465e-01,3.90739937e-02,1.02177719e-01,-1.77172810e+01,0.00000000e+00,1.82908558e-01,2.86691325e-02,1.79250387e+02,2.80957498e+01
1.44600000e+00,-2.01646452e-02,2.76749549e-01,3.92789978e-02,1.02813897e-01,-1.77172810e+01,0.00000000e+00,1.83069118e-01,2.87371351e-02,1.79407736e+02,2.81623924e+01
1.44800000e+00,-1.96198589e-02,2.68017001e-01,3.94850946e-02,1.03218089e-01,-1.77172810e+01,0.00000000e+00,1.82249384e-01,2.84764281e-02,1.78604397e+02,2.79068996e+01
1.45000000e+00,-1.90926903e-02,2.59114731e-01,3.96917741e-02,1.03478236e-01,-1.77172810e+01,0.00000000e+00,1.82695498e-01,2.87299404e-02,1.79041588e+02,2.81553416e+01
1.45200000e+00,-1.85835144e-02,2.50040839e-01,3.98989118e-02,1.03594874e-01,-1.77172810e+01,0.00000000e+00,1.82066220e-01,2.84710385e-02,1.78424896e+02,2.79016177e+01
1.45400000e+00,-1.80926300e-02,2.40812376e-01,4.01060172e-02,1.03506950e-01,-1.77172810e+01,0.00000000e+00,1.82262666e-01,2.85964655e-02,1.78617413e+02,2.80245362e+01
1.45600000e+00,-1.76203818e-02,2.31408477e-01,4.03129005e-02,1.03360329e-01,-1.77172810e+01,0.00000000e+00,1.82272351e-01,2.86434339e-02,1.78626904e+02,2.80705653e+01
1.45800000e+00,-1.71670761e-02,2.21884562e-01,4.05192599e-02,1.02915833e-01,-1.77172810e+01,0.00000000e+00,1.81327829e-01,2.82661713e-02,1.77701273e+02,2.77008479e+01
1.46000000e+00,-1.67329073e-02,2.12265081e-01,4.07243257e-02,1.02114241e-01,-1.77172810e+01,0.00000000e+00,1.80922050e-01,2.81871530e-02,1.77303609e+02,2.76234099e+01
1.46200000e+00,-1.63184362e-02,2.02015079e-01,4.09287729e-02,1.02896439e-01,-1.77172810e+01,0.00000000e+00,1.92636941e-01,3.18825267e-02,1.88784202e+02,3.12448762e+01
1.46400000e+00,-1.59249093e-02,1.91671512e-01,4.11357277e-02,1.03403126e-01,-1.77172810e+01,0.00000000e+00,1.79853075e-01,2.79040299e-02,1.76256014e+02,2.73459493e+01
1.46600000e+00,-1.55514897e-02,1.81718609e-01,4.13411294e-02,1.02025928e-01,-1.77172810e+01,0.00000000e+00,1.80419350e-01,2.82222554e-02,1.76810963e+02,2.76578103e+01
1.46800000e+00,-1.51981545e-02,1.71586296e-01,4.15439884e-02,1.00884221e-01,-1.77172810e+01,0.00000000e+00,1.81119796e-01,2.86886103e-02,1.77497400e+02,2.81148381e+01
1.47000000e+00,-1.48652507e-02,1.61294783e-01,4.17447950e-02,9.99355521e-02,-1.77172810e+01,0.00000000e+00,1.81379936e-01,2.89147017e-02,1.77752337e+02,2.83364077e+01
1.47200000e+00,-1.45530168e-02,1.50941152e-01,4.19435173e-02,9.86669133e-02,-1.77172810e+01,0.00000000e+00,1.79980210e-01,2.83013512e-02,1.76380606e+02,2.77353241e+01
1.47400000e+00,-1.42614796e-02,1.40597128e-01,4.21390644e-02,9.68009932e-02,-1.77172810e+01,0.00000000e+00,1.78733335e-01,2.79410897e-02,1.75158669e+02,2.73822679e+01
1.47600000e+00,-1.39906813e-02,1.30173676e-01,4.23306875e-02,9.48844766e-02,-1.77172810e+01,0.00000000e+00,1.79583191e-01,2.84697039e-02,1.75991527e+02,2.79003099e+01
1.47800000e+00,-1.37408674e-02,1.19626479e-01,4.25187162e-02,9.31388094e-02,-1.77172810e+01,0.00000000e+00,1.79542648e-01,2.85690256e-02,1.75951795e+02,2.79976451e+01
1.48000000e+00,-1.35122296e-02,1.08997910e-01,4.27032182e-02,9.13563174e-02,-1.77172810e+01,0.00000000e+00,1.79574878e-01,2.86567077e-02,1.75983380e+02,2.80835736e+01
1.48200000e+00,-1.33054798e-02,9.74634672e-02,4.28860317e-02,9.24087329e-02,-1.77172810e+01,0.00000000e+00,1.98976848e-01,3.47806213e-02,1.94997312e+02,3.40850089e+01
1.48400000e+00,-1.31223556e-02,8.59591850e-02,4.30725028e-02,9.29358811e-02,-1.77172810e+01,0.00000000e+00,1.77327049e-01,2.78198835e-02,1.73780508e+02,2.72634858e+01
1.48600000e+00,-1.29611067e-02,7.52593359e-02,4.32557300e-02,9.03953914e-02,-1.77172810e+01,0.00000000e+00,1.78819511e-01,2.86044775e-02,1.75243121e+02,2.80323880e+01
1.48800000e+00,-1.28214206e-02,6.44060138e-02,4.34344184e-02,8.83559949e-02,-1.77172810e+01,0.00000000e+00,1.79728798e-01,2.91278059e-02,1.76134222e+02,2.85452498e+01
1.49000000e+00,-1.27035721e-02,5.34185338e-02,4.36094714e-02,8.67926414e-02,-1.77172810e+01,0.00000000e+00,1.80947648e-01,2.98544454e-02,1.77328695e+02,2.92573565e+01
1.49200000e+00,-1.26077161e-02,4.24765296e-02,4.37813148e-02,8.48180654e-02,-1.77172810e+01,0.00000000e+00,1.77838830e-01,2.85108509e-02,1.74282053e+02,2.79406338e+01
1.49400000e+00,-1.25335886e-02,3.16506565e-02,4.39483019e-02,8.21808401e-02,-1.77172810e+01,0.00000000e+00,1.77584663e-01,2.87031777e-02,1.74032969e+02,2.81291142e+01
1.49600000e+00,-1.24811444e-02,2.07783750e-02,4.41101782e-02,7.97536181e-02,-1.77172810e+01,0.00000000e+00,1.78450843e-01,2.91839143e-02,1.74881827e+02,2.86002360e+01
1.49800000e+00,-1.24504723e-02,9.91019773e-03,4.42672525e-02,7.72306406e-02,-1.77172810e+01,0.00000000e+00,1.77193944e-01,2.87275718e-02,1.73650065e+02,2.81530204e+01
1.50000000e+00,-1.24414298e-02,-8.47277144e-04,4.44187654e-02,7.42047697e-02,-1.77172810e+01,0.00000000e+00,1.75746215e-01,2.83459907e-02,1.72231291e+02,2.77790709e+01
1.50200000e+00,-1.24545578e-02,-1.26491682e-02,4.45665152e-02,7.48437150e-02,-1.77172810e+01,0.00000000e+00,2.01659679e-01,3.66313664e-02,1.97626485e+02,3.58987391e+01
1.50400000e+00,-1.24919469e-02,-2.43316187e-02,4.47177920e-02,7.49606145e-02,-1.77172810e+01,0.00000000e+00,1.73211073e-01,2.74656772e-02,1.69746852e+02,2.69163637e+01
1.50600000e+00,-1.25510778e-02,-3.48044754e-02,4.48635171e-02,7.08169462e-02,-1.77172810e+01,0.00000000e+00,1.73834658e-01,2.78983198e-02,1.70357965e+02,2.73403534e+01
1.50800000e+00,-1.26311871e-02,-4.53108030e-02,4.50013233e-02,6.70685141e-02,-1.77172810e+01,0.00000000e+00,1.74604294e-01,2.84937069e-02,1.71112208e+02,2.79238328e+01
1.51000000e+00,-1.27323890e-02,-5.59191505e-02,4.51323585e-02,6.41710804e-02,-1.77172810e+01,0.00000000e+00,1.77001545e-01,2.98730259e-02,1.73461514e+02,2.92755654e+01
1.51200000e+00,-1.28548154e-02,-6.64551525e-02,4.52579642e-02,6.12085245e-02,-1.77172810e+01,0.00000000e+00,1.73869954e-01,2.85375689e-02,1.70392555e+02,2.79668175e+01
1.51400000e+00,-1.29980278e-02,-7.67183544e-02,4.53765440e-02,5.72731708e-02,-1.77172810e+01,0.00000000e+00,1.71753962e-01,2.80020879e-02,1.68318883e+02,2.74420461e+01
1.51600000e+00,-1.31616347e-02,-8.69003832e-02,4.54871023e-02,5.34059933e-02,-1.77172810e+01,0.00000000e+00,1.73267210e-01,2.88402389e-02,1.69801866e+02,2.82634341e+01
1.51800000e+00,-1.33456025e-02,-9.70422737e-02,4.55902947e-02,4.97289034e-02,-1.77172810e+01,0.00000000e+00,1.72276317e-01,2.85499773e-02,1.68830790e+02,2.79789778e+01
1.52000000e+00,-1.35496884e-02,-1.07010979e-01,4.56857788e-02,4.56931906e-02,-1.77172810e+01,0.00000000e+00,1.70845526e-01,2.82255167e-02,1.67428615e+02,2.76610063e+01
1.52200000e+00,-1.37743469e-02,-1.18030294e-01,4.57759270e-02,4.59460476e-02,-1.77172810e+01,0.00000000e+00,1.98616780e-01,3.76809798e-02,1.94644445e+02,3.69273602e+01
1.52400000e+00,-1.40217057e-02,-1.28893957e-01,4.58693416e-02,4.58671981e-02,-1.77172810e+01,0.00000000e+00,1.69181521e-01,2.76620925e-02,1.65797891e+02,2.71088507e+01
1.52600000e+00,-1.42890038e-02,-1.38379269e-01,4.59561492e-02,4.09188683e-02,-1.77172810e+01,0.00000000e+00,1.68551563e-01,2.75859553e-02,1.65180532e+02,2.70342362e+01
1.52800000e+00,-1.45751819e-02,-1.47803203e-01,4.60332396e-02,3.63041913e-02,-1.77172810e+01,0.00000000e+00,1.70044999e-01,2.84744970e-02,1.66644099e+02,2.79050071e+01
1.53000000e+00,-1.48802823e-02,-1.57325730e-01,4.61021866e-02,3.29202344e-02,-1.77172810e+01,0.00000000e+00,1.73307291e-01,3.02692288e-02,1.69841146e+02,2.96638443e+01
1.53200000e+00,-1.52043795e-02,-1.66690323e-01,4.61648699e-02,2.94605098e-02,-1.77172810e+01,0.00000000e+00,1.68961606e-01,2.84062967e-02,1.65582374e+02,2.78381707e+01
1.53400000e+00,-1.55467644e-02,-1.75636164e-01,4.62191760e-02,2.47219710e-02,-1.77172810e+01,0.00000000e+00,1.66280409e-01,2.76644599e-02,1.62954801e+02,2.71111707e+01
1.53600000e+00,-1.59068367e-02,-1.84450813e-01,4.62639471e-02,2.02672821e-02,-1.77172810e+01,0.00000000e+00,1.68799459e-01,2.90679639e-02,1.65423470e+02,2.84866046e+01
1.53800000e+00,-1.62845347e-02,-1.93215954e-01,4.63006110e-02,1.63613423e-02,-1.77172810e+01,0.00000000e+00,1.68170876e-01,2.88702419e-02,1.64807459e+02,2.82928371e+01
1.54000000e+00,-1.66795329e-02,-2.01729670e-01,4.63291292e-02,1.20604789e-02,-1.77172810e+01,0.00000000e+00,1.66113818e-01,2.82814749e-02,1.62791542e+02,2.77158454e+01
1.54200000e+00,-1.70920674e-02,-2.11164299e-01,4.63517576e-02,1.21159725e-02,-1.77172810e+01,0.00000000e+00,1.93020779e-01,3.80471771e-02,1.89160363e+02,3.72862335e+01
1.54400000e+00,-1.75240627e-02,-2.20407873e-01,4.63774805e-02,1.20029764e-02,-1.77172810e+01,0.00000000e+00,1.65136393e-01,2.79639535e-02,1.61833665e+02,2.74046744e+01
1.54600000e+00,-1.79727543e-02,-2.28234724e-01,4.63963906e-02,6.82204950e-03,-1.77172810e+01,0.00000000e+00,1.63546353e-01,2.74386773e-02,1.60275426e+02,2.68899037e+01
1.54800000e+00,-1.84368892e-02,-2.35892916e-01,4.64048734e-02,1.79826161e-03,-1.77172810e+01,0.00000000e+00,1.64952866e-01,2.83080135e-02,1.61653809e+02,2.77418532e+01
1.55000000e+00,-1.89163653e-02,-2.43610086e-01,4.64045186e-02,-1.82329411e-03,-1.77172810e+01,0.00000000e+00,1.68807216e-01,3.03830705e-02,1.65431072e+02,2.97754091e+01
1.55200000e+00,-1.94111919e-02,-2.51120941e-01,4.63976001e-02,-5.41497839e-03,-1.77172810e+01,0.00000000e+00,1.64140182e-01,2.83621657e-02,1.60857378e+02,2.77949224e+01
1.55400000e+00,-1.99205327e-02,-2.58157237e-01,4.63820374e-02,-1.02384041e-02,-1.77172810e+01,0.00000000e+00,1.61846937e-01,2.77773427e-02,1.58609999e+02,2.72217958e+01
1.55600000e+00,-2.04436952e-02,-2.65004989e-01,4.63568792e-02,-1.47128935e-02,-1.77172810e+01,0.00000000e+00,1.63977164e-01,2.90605540e-02,1.60697621e+02,2.84793429e+01
1.55800000e+00,-2.09804696e-02,-2.71728191e-01,4.63235341e-02,-1.86650696e-02,-1.77172810e+01,0.00000000e+00,1.63290756e-01,2.88276430e-02,1.60024941e+02,2.82510901e+01
1.56000000e+00,-2.15304023e-02,-2.78142862e-01,4.62819902e-02,-2.29602109e-02,-1.77172810e+01,0.00000000e+00,1.61230436e-01,2.82830410e-02,1.58005827e+02,2.77173802e+01
1.56200000e+00,-2.20935492e-02,-2.85319662e-01,4.62345396e-02,-2.29864438e-02,-1.77172810e+01,0.00000000e+00,1.85668818e-01,3.77209256e-02,1.81955441e+02,3.69665071e+01
1.56400000e+00,-2.26715556e-02,-2.92308547e-01,4.61900897e-02,-2.29444714e-02,-1.77172810e+01,0.00000000e+00,1.61527693e-01,2.83620827e-02,1.58297139e+02,2.77948410e+01
1.56600000e+00,-2.32619129e-02,-2.97991784e-01,4.61396361e-02,-2.75906609e-02,-1.77172810e+01,0.00000000e+00,1.59955103e-01,2.78102537e-02,1.56756001e+02,2.72540486e+01
1.56800000e+00,-2.38633829e-02,-3.03465279e-01,4.60798726e-02,-3.20185452e-02,-1.77172810e+01,0.00000000e+00,1.61514128e-01,2.87367994e-02,1.58283845e+02,2.81620634e+01
1.57000000e+00,-2.44757979e-02,-3.08974627e-01,4.60125789e-02,-3.49211562e-02,-1.77172810e+01,0.00000000e+00,1.65769832e-01,3.09169999e-02,1.62454435e+02,3.02986599e+01
1.57200000e+00,-2.50991334e-02,-3.14261945e-01,4.59402861e-02,-3.76766188e-02,-1.77172810e+01,0.00000000e+00,1.61392334e-01,2.89433890e-02,1.58164487e+02,2.83645212e+01
1.57400000e+00,-2.57325068e-02,-3.19040949e-01,4.58610837e-02,-4.16150334e-02,-1.77172810e+01,0.00000000e+00,1.59042487e-01,2.83224067e-02,1.55861637e+02,2.77559586e+01
1.57600000e+00,-2.63751556e-02,-3.23607657e-01,4.57741160e-02,-4.51184510e-02,-1.77172810e+01,0.00000000e+00,1.61659017e-01,2.97337342e-02,1.58425837e+02,2.91390595e+01
1.57800000e+00,-2.70268299e-02,-3.28013049e-01,4.56809754e-02,-4.80735751e-02,-1.77172810e+01,0.00000000e+00,1.60574560e-01,2.93414028e-02,1.57363069e+02,2.87545748e+01
1.58000000e+00,-2.76869741e-02,-3.32067914e-01,4.55815820e-02,-5.13881920e-02,-1.77172810e+01,0.00000000e+00,1.58840239e-01,2.88384927e-02,1.55663434e+02,2.82617228e+01
1.58200000e+00,-2.83554311e-02,-3.36617032e-01,4.54777690e-02,-5.11838251e-02,-1.77172810e+01,0.00000000e+00,1.77563103e-01,3.65798735e-02,1.74011841e+02,3.58482760e+01
1.58400000e+00,-2.90332934e-02,-3.40942954e-01,4.53768586e-02,-5.09613209e-02,-1.77172810e+01,0.00000000e+00,1.59139419e-01,2.87318107e-02,1.55956630e+02,2.81571745e+01
1.58600000e+00,-2.97184784e-02,-3.44182201e-01,4.52713362e-02,-5.46198396e-02,-1.77172810e+01,0.00000000e+00,1.57750276e-01,2.82843237e-02,1.54595270e+02,2.77186373e+01
1.58800000e+00,-3.04098734e-02,-3.47198143e-01,4.51585823e-02,-5.79738629e-02,-1.77172810e+01,0.00000000e+00,1.59553039e-01,2.92113045e-02,1.56361978e+02,2.86270784e+01
1.59000000e+00,-3.11072501e-02,-3.50182801e-01,4.50403217e-02,-6.00066663e-02,-1.77172810e+01,0.00000000e+00,1.62699946e-01,3.08895662e-02,1.59445947e+02,3.02717749e+01
1.59200000e+00,-3.18103968e-02,-3.52855785e-01,4.49184808e-02,-6.21515772e-02,-1.77172810e+01,0.00000000e+00,1.57998674e-01,2.88026785e-02,1.54838700e+02,2.82266249e+01
1.59400000e+00,-3.25183456e-02,-3.55037336e-01,4.47910748e-02,-6.52572179e-02,-1.77172810e+01,0.00000000e+00,1.56986516e-01,2.86922509e-02,1.53846785e+02,2.81184059e+01
1.59600000e+00,-3.32304250e-02,-3.57037251e-01,4.46578822e-02,-6.77175879e-02,-1.77172810e+01,0.00000000e+00,1.59559024e-01,2.99679204e-02,1.56367843e+02,2.93685620e+01
1.59800000e+00,-3.39463720e-02,-3.58853331e-01,4.45205347e-02,-6.96826353e-02,-1.77172810e+01,0.00000000e+00,1.58527594e-01,2.95365036e-02,1.55357043e+02,2.89457735e+01
1.60000000e+00,-3.46656188e-02,-3.60340087e-01,4.43790517e-02,-7.17975441e-02,-1.77172810e+01,0.00000000e+00,1.57728731e-01,2.94521070e-02,1.54574156e+02,2.88630649e+01
1.60200000e+00,-3.53880147e-02,-3.62250227e-01,4.42355764e-02,-7.05651844e-02,-1.77172810e+01,0.00000000e+00,1.74311050e-01,3.63574111e-02,1.70824829e+02,3.56302629e+01
1.60400000e+00,-3.61144874e-02,-3.63961933e-01,4.40968692e-02,-6.92152829e-02,-1.77172810e+01,0.00000000e+00,1.59014182e-01,2.94996856e-02,1.55833898e+02,2.89096919e+01
1.60600000e+00,-3.68432131e-02,-3.64699771e-01,4.39564395e-02,-7.12787320e-02,-1.77172810e+01,0.00000000e+00,1.57499864e-01,2.89929852e-02,1.54349866e+02,2.84131255e+01
1.60800000e+00,-3.75731222e-02,-3.65191224e-01,4.38119216e-02,-7.30912563e-02,-1.77172810e+01,0.00000000e+00,1.59213165e-01,2.98207233e-02,1.56028901e+02,2.92243088e+01
1.61000000e+00,-3.83039069e-02,-3.65575921e-01,4.36646899e-02,-7.39808162e-02,-1.77172810e+01,0.00000000e+00,1.60969221e-01,3.07203859e-02,1.57749836e+02,3.01059782e+01
1.61200000e+00,-3.90352084e-02,-3.65634423e-01,4.35158607e-02,-7.50766591e-02,-1.77172810e+01,0.00000000e+00,1.57560040e-01,2.91754760e-02,1.54408839e+02,2.85919664e+01
1.61400000e+00,-3.97661825e-02,-3.65299873e-01,4.33640623e-02,-7.66538473e-02,-1.77172810e+01,0.00000000e+00,1.57752984e-01,2.94938581e-02,1.54597925e+02,2.89039809e+01
1.61600000e+00,-4.04963066e-02,-3.64813355e-01,4.32097320e-02,-7.75010903e-02,-1.77172810e+01,0.00000000e+00,1.59971102e-01,3.04875776e-02,1.56771680e+02,2.98778260e+01
1.61800000e+00,-4.12252737e-02,-3.64083564e-01,4.30541670e-02,-7.81847073e-02,-1.77172810e+01,0.00000000e+00,1.58021758e-01,2.96153033e-02,1.54861323e+02,2.90229972e+01
1.62000000e+00,-4.19524091e-02,-3.63006261e-01,4.28968169e-02,-7.91327312e-02,-1.77172810e+01,0.00000000e+00,1.57790705e-01,2.97082015e-02,1.54634891e+02,2.91140375e+01
1.62200000e+00,-4.26773979e-02,-3.62077680e-01,4.27391438e-02,-7.78195839e-02,-1.77172810e+01,0.00000000e+00,1.67419421e-01,3.41360155e-02,1.64071033e+02,3.34532952e+01
1.62400000e+00,-4.34006259e-02,-3.61008151e-01,4.25857750e-02,-7.61516565e-02,-1.77172810e+01,0.00000000e+00,1.60404827e-01,3.02328609e-02,1.57196731e+02,2.96282037e+01
1.62600000e+00,-4.41210049e-02,-3.59300269e-01,4.24331290e-02,-7.65958031e-02,-1.77172810e+01,0.00000000e+00,1.58390133e-01,2.94848432e-02,1.55222330e+02,2.88951463e+01
1.62800000e+00,-4.48376569e-02,-3.57337358e-01,4.22794839e-02,-7.69018931e-02,-1.77172810e+01,0.00000000e+00,1.60303644e-01,3.03033339e-02,1.57097571e+02,2.96972673e+01
1.63000000e+00,-4.55502942e-02,-3.55284151e-01,4.21260772e-02,-7.63744391e-02,-1.77172810e+01,0.00000000e+00,1.62105937e-01,3.10151386e-02,1.58863818e+02,3.03948359e+01
1.63200000e+00,-4.62586428e-02,-3.53004894e-01,4.19740759e-02,-7.57122691e-02,-1.77172810e+01,0.00000000e+00,1.60812931e-01,3.03686532e-02,1.57596672e+02,2.97612802e+01
1.63400000e+00,-4.69621236e-02,-3.50440367e-01,4.18231802e-02,-7.51219207e-02,-1.77172810e+01,0.00000000e+00,1.61192976e-01,3.06486039e-02,1.57969117e+02,3.00356318e+01
1.63600000e+00,-4.76602647e-02,-3.47666443e-01,4.16737570e-02,-7.42784427e-02,-1.77172810e+01,0.00000000e+00,1.61630154e-01,3.06861761e-02,1.58397551e+02,3.00724526e+01
1.63800000e+00,-4.83526326e-02,-3.44657388e-01,4.15260903e-02,-7.33991207e-02,-1.77172810e+01,0.00000000e+00,1.61362690e-01,3.05125245e-02,1.58135436e+02,2.99022740e+01
1.64000000e+00,-4.90387439e-02,-3.41422754e-01,4.13802684e-02,-7.23580342e-02,-1.77172810e+01,0.00000000e+00,1.61972944e-01,3.08170046e-02,1.58733485e+02,3.02006645e+01
1.64200000e+00,-4.97182861e-02,-3.38131854e-01,4.12373974e-02,-7.02083337e-02,-1.77172810e+01,0.00000000e+00,1.65608670e-01,3.26346522e-02,1.62296497e+02,3.19819591e+01
1.64400000e+00,-5.03911336e-02,-3.34634525e-01,4.10993860e-02,-6.81322128e-02,-1.77172810e+01,0.00000000e+00,1.62655815e-01,3.04644202e-02,1.59402699e+02,2.98551318e+01
1.64600000e+00,-5.10565765e-02,-3.30765672e-01,4.09642127e-02,-6.70397079e-02,-1.77172810e+01,0.00000000e+00,1.62374945e-01,3.03764908e-02,1.59127446e+02,2.97689610e+01
1.64800000e+00,-5.17140680e-02,-3.26704296e-01,4.08313696e-02,-6.57334752e-02,-1.77172810e+01,0.00000000e+00,1.63540844e-01,3.07227545e-02,1.60270027e+02,3.01082994e+01
1.65000000e+00,-5.23632845e-02,-3.22479244e-01,4.07014687e-02,-6.41424798e-02,-1.77172810e+01,0.00000000e+00,1.63867094e-01,3.07879964e-02,1.60589752e+02,3.01722365e+01
1.65200000e+00,-5.30038475e-02,-3.18048009e-01,4.05748447e-02,-6.24839265e-02,-1.77172810e+01,0.00000000e+00,1.63969925e-01,3.06829893e-02,1.60690527e+02,3.00693295e+01
1.65400000e+00,-5.36353306e-02,-3.13397890e-01,4.04515159e-02,-6.08510740e-02,-1.77172810e+01,0.00000000e+00,1.63926169e-01,3.05571972e-02,1.60647645e+02,2.99460532e+01
1.65600000e+00,-5.42572863e-02,-3.08518693e-01,4.03313968e-02,-5.92836952e-02,-1.77172810e+01,0.00000000e+00,1.63713897e-01,3.03733151e-02,1.60439619e+02,2.97658488e+01
1.65800000e+00,-5.48692667e-02,-3.03431415e-01,4.02144022e-02,-5.76846293e-02,-1.77172810e+01,0.00000000e+00,1.64080275e-01,3.04559313e-02,1.60798670e+02,2.98468126e+01
1.66000000e+00,-5.54709113e-02,-2.98193068e-01,4.01008394e-02,-5.58139916e-02,-1.77172810e+01,0.00000000e+00,1.65116506e-01,3.07803750e-02,1.61814175e+02,3.01647675e+01
1.66200000e+00,-5.60619825e-02,-2.92870032e-01,3.99915530e-02,-5.33333787e-02,-1.77172810e+01,0.00000000e+00,1.66948078e-01,3.15791906e-02,1.63609117e+02,3.09476068e+01
1.66400000e+00,-5.66423135e-02,-2.87430221e-01,3.98876028e-02,-5.07072728e-02,-1.77172810e+01,0.00000000e+00,1.67147251e-01,3.09361561e-02,1.63804306e+02,3.03174330e+01
1.66600000e+00,-5.72115592e-02,-2.81774170e-01,3.97884436e-02,-4.85014485e-02,-1.77172810e+01,0.00000000e+00,1.66564939e-01,3.05544425e-02,1.63233640e+02,2.99433536e+01
1.66800000e+00,-5.77692718e-02,-2.75910468e-01,3.96934981e-02,-4.64440646e-02,-1.77172810e+01,0.00000000e+00,1.66871591e-01,3.04881034e-02,1.63534159e+02,2.98783413e+01
1.67000000e+00,-5.83150823e-02,-2.69868633e-01,3.96026331e-02,-4.44381062e-02,-1.77172810e+01,0.00000000e+00,1.66882549e-01,3.03158672e-02,1.63544898e+02,2.97095498e+01
1.67200000e+00,-5.88486611e-02,-2.63699059e-01,3.95158748e-02,-4.22384534e-02,-1.77172810e+01,0.00000000e+00,1.68267586e-01,3.07698634e-02,1.64902234e+02,3.01544662e+01
1.67400000e+00,-5.93698531e-02,-2.57491282e-01,3.94340718e-02,-3.94501566e-02,-1.77172810e+01,0.00000000e+00,1.70269777e-01,3.14334788e-02,1.66864381e+02,3.08048092e+01
1.67600000e+00,-5.98785768e-02,-2.51209333e-01,3.93582861e-02,-3.63439176e-02,-1.77172810e+01,0.00000000e+00,1.70712779e-01,3.13276882e-02,1.67298523e+02,3.07011344e+01
1.67800000e+00,-6.03746003e-02,-2.44792213e-01,3.92887082e-02,-3.32195832e-02,-1.77172810e+01,0.00000000e+00,1.71186470e-01,3.13707946e-02,1.67762741e+02,3.07433787e+01
1.68000000e+00,-6.08576459e-02,-2.38225472e-01,3.92254054e-02,-3.00988519e-02,-1.77172810e+01,0.00000000e+00,1.71186464e-01,3.12284126e-02,1.67762735e+02,3.06038444e+01
1.68200000e+00,-6.13273820e-02,-2.31478421e-01,3.91682322e-02,-2.70989418e-02,-1.77172810e+01,0.00000000e+00,1.70835080e-01,3.10342801e-02,1.67418378e+02,3.04135945e+01
1.68400000e+00,-6.17835261e-02,-2.24681119e-01,3.91171692e-02,-2.38597621e-02,-1.77172810e+01,0.00000000e+00,1.73763644e-01,3.16564132e-02,1.70288371e+02,3.10232849e+01
1.68600000e+00,-6.22260666e-02,-2.17824038e-01,3.90728658e-02,-2.05115980e-02,-1.77172810e+01,0.00000000e+00,1.73078655e-01,3.11983537e-02,1.69617082e+02,3.05743867e+01
1.68800000e+00,-6.26547069e-02,-2.10793973e-01,3.90349376e-02,-1.74411893e-02,-1.77172810e+01,0.00000000e+00,1.73249155e-01,3.10179579e-02,1.69784172e+02,3.03975987e+01
1.69000000e+00,-6.30691518e-02,-2.03627952e-01,3.90029832e-02,-1.45474880e-02,-1.77172810e+01,0.00000000e+00,1.73314100e-01,3.07806002e-02,1.69847818e+02,3.01649882e+01
1.69200000e+00,-6.34691731e-02,-1.96393521e-01,3.89768244e-02,-1.15386463e-02,-1.77172810e+01,0.00000000e+00,1.74945623e-01,3.12210697e-02,1.71446710e+02,3.05966483e+01
1.69400000e+00,-6.38547202e-02,-1.89150524e-01,3.89570704e-02,-8.16725186e-03,-1.77172810e+01,0.00000000e+00,1.76290787e-01,3.15120224e-02,1.72764972e+02,3.08817820e+01
1.69600000e+00,-6.42257340e-02,-1.81845754e-01,3.89441838e-02,-4.75325434e-03,-1.77172810e+01,0.00000000e+00,1.76560612e-01,3.12906769e-02,1.73029399e+02,3.06648634e+01
1.69800000e+00,-6.45820333e-02,-1.74436125e-01,3.89378714e-02,-1.61819201e-03,-1.77172810e+01,0.00000000e+00,1.76779207e-01,3.09162156e-02,1.73243622e+02,3.02978913e+01
1.70000000e+00,-6.49234017e-02,-1.66911207e-01,3.89375369e-02,1.25560874e-03,-1.77172810e+01,0.00000000e+00,1.76683961e-01,3.07406261e-02,1.73150282e+02,3.01258136e+01
1.70200000e+00,-6.52494726e-02,-1.59077984e-01,3.89424400e-02,3.44880330e-03,-1.77172810e+01,0.00000000e+00,1.72268362e-01,2.94936505e-02,1.68822995e+02,2.89037775e+01
1.70400000e+00,-6.55597705e-02,-1.51330065e-01,3.89518368e-02,6.39885782e-03,-1.77172810e+01,0.00000000e+00,1.81242389e-01,3.23416801e-02,1.77617541e+02,3.16948465e+01
1.70600000e+00,-6.58549688e-02,-1.43846034e-01,3.89687782e-02,1.04630369e-02,-1.77172810e+01,0.00000000e+00,1.80874999e-01,3.18547104e-02,1.77257499e+02,3.12176162e+01
1.70800000e+00,-6.61350678e-02,-1.36231839e-01,3.89933738e-02,1.40545608e-02,-1.77172810e+01,0.00000000e+00,1.80518285e-01,3.13832149e-02,1.76907920e+02,3.07555506e+01
1.71000000e+00,-6.63998194e-02,-1.28502491e-01,3.90247145e-02,1.72231912e-02,-1.77172810e+01,0.00000000e+00,1.80376909e-01,3.10105096e-02,1.76769371e+02,3.03902994e+01
1.71200000e+00,-6.66490659e-02,-1.20755248e-01,3.90622905e-02,2.04278162e-02,-1.77172810e+01,0.00000000e+00,1.82166447e-01,3.15111705e-02,1.78523119e+02,3.08809470e+01
1.71400000e+00,-6.68828060e-02,-1.12956449e-01,3.91062999e-02,2.34436805e-02,-1.77172810e+01,0.00000000e+00,1.81112007e-01,3.06758838e-02,1.77489767e+02,3.00623661e+01
1.71600000e+00,-6.71008275e-02,-1.05061339e-01,3.91558066e-02,2.60715298e-02,-1.77172810e+01,0.00000000e+00,1.81727856e-01,3.07663813e-02,1.78093299e+02,3.01510536e+01
1.71800000e+00,-6.73030981e-02,-9.72363410e-02,3.92109556e-02,2.92537359e-02,-1.77172810e+01,0.00000000e+00,1.84433605e-01,3.19170367e-02,1.80744933e+02,3.12786960e+01
1.72000000e+00,-6.74898292e-02,-8.94958964e-02,3.92730898e-02,3.28383134e-02,-1.77172810e+01,0.00000000e+00,1.85259569e-01,3.16982425e-02,1.81554378e+02,3.10642776e+01
1.72200000e+00,-6.76607728e-02,-8.12922110e-02,3.93409692e-02,3.44136226e-02,-1.77172810e+01,0.00000000e+00,1.75037203e-01,2.77956511e-02,1.71536459e+02,2.72397381e+01
1.72400000e+00,-6.78150413e-02,-7.31533983e-02,3.94110438e-02,3.64379732e-02,-1.77172810e+01,0.00000000e+00,1.88068750e-01,3.27403783e-02,1.84307375e+02,3.20855708e+01
1.72600000e+00,-6.79536707e-02,-6.54409679e-02,3.94878730e-02,4.01901057e-02,-1.77172810e+01,0.00000000e+00,1.86163632e-01,3.15304102e-02,1.82440359e+02,3.08998020e+01
1.72800000e+00,-6.80767741e-02,-5.76819004e-02,3.95715394e-02,4.35451060e-02,-1.77172810e+01,0.00000000e+00,1.88015639e-01,3.20249795e-02,1.84255326e+02,3.13844799e+01
1.73000000e+00,-6.81844303e-02,-4.99708692e-02,3.96620350e-02,4.68725136e-02,-1.77172810e+01,0.00000000e+00,1.88196399e-01,3.16003825e-02,1.84432471e+02,3.09683749e+01
1.73200000e+00,-6.82767112e-02,-4.23403148e-02,3.97591435e-02,5.03708446e-02,-1.77172810e+01,0.00000000e+00,1.90680749e-01,3.25211017e-02,1.86867134e+02,3.18706796e+01
1.73400000e+00,-6.83538080e-02,-3.47343711e-02,3.98634657e-02,5.37901451e-02,-1.77172810e+01,0.00000000e+00,1.89431801e-01,3.15820676e-02,1.85643165e+02,3.09504262e+01
1.73600000e+00,-6.84156003e-02,-2.70558888e-02,3.99738803e-02,5.65739020e-02,-1.77172810e+01,0.00000000e+00,1.89521475e-01,3.13436732e-02,1.85731046e+02,3.07167997e+01
1.73800000e+00,-6.84621134e-02,-1.95002534e-02,4.00899052e-02,5.95735433e-02,-1.77172810e+01,0.00000000e+00,1.92713120e-01,3.21997846e-02,1.88858858e+02,3.15557889e+01
1.74000000e+00,-6.84936947e-02,-1.20846964e-02,4.02124057e-02,6.29200557e-02,-1.77172810e+01,0.00000000e+00,1.93082826e-01,3.22453881e-02,1.89221169e+02,3.16004803e+01
1.74200000e+00,-6.85099520e-02,-3.91883701e-03,4.03394939e-02,6.31297367e-02,-1.77172810e+01,0.00000000e+00,1.75345551e-01,2.57966162e-02,1.71838640e+02,2.52806839e+01
1.74400000e+00,-6.85094558e-02,4.11844293e-03,4.04652279e-02,6.37939161e-02,-1.77172810e+01,0.00000000e+00,1.96117351e-01,3.33792152e-02,1.92195004e+02,3.27116309e+01
1.74600000e+00,-6.84940042e-02,1.13667198e-02,4.05965909e-02,6.73398862e-02,-1.77172810e+01,0.00000000e+00,1.93685772e-01,3.20316197e-02,1.89812056e+02,3.13909873e+01
1.74800000e+00,-6.84639374e-02,1.86922631e-02,4.07340933e-02,7.01447189e-02,-1.77172810e+01,0.00000000e+00,1.94096329e-01,3.20188467e-02,1.90214403e+02,3.13784697e+01
1.75000000e+00,-6.84192006e-02,2.60696320e-02,4.08767320e-02,7.22931126e-02,-1.77172810e+01,0.00000000e+00,1.92139553e-01,3.08565641e-02,1.88296762e+02,3.02394328e+01
1.75200000e+00,-6.83596901e-02,3.34002697e-02,4.10232210e-02,7.43742718e-02,-1.77172810e+01,0.00000000e+00,1.94732602e-01,3.20862144e-02,1.90837950e+02,3.14444901e+01
1.75400000e+00,-6.82857229e-02,4.05459252e-02,4.11744941e-02,7.68528775e-02,-1.77172810e+01,0.00000000e+00,1.95887535e-01,3.19058790e-02,1.91969784e+02,3.12677614e+01
1.75600000e+00,-6.81975208e-02,4.76698538e-02,4.13302125e-02,7.87015374e-02,-1.77172810e+01,0.00000000e+00,1.94549306e-01,3.09855907e-02,1.90658320e+02,3.03658789e+01
1.75800000e+00,-6.80950812e-02,5.47371503e-02,4.14892129e-02,8.04191337e-02,-1.77172810e+01,0.00000000e+00,1.96403614e-01,3.18572678e-02,1.92475541e+02,3.12201224e+01
1.76000000e+00,-6.79786832e-02,6.16380343e-02,4.16520958e-02,8.24468544e-02,-1.77172810e+01,0.00000000e+00,1.97515998e-01,3.18683975e-02,1.93565678e+02,3.12310295e+01
1.76200000e+00,-6.78480417e-02,6.92699310e-02,4.18167006e-02,8.10255179e-02,-1.77172810e+01,0.00000000e+00,1.78285387e-01,2.48529594e-02,1.74719680e+02,2.43559003e+01
1.76400000e+00,-6.77016720e-02,7.67991161e-02,4.19763621e-02,7.98503124e-02,-1.77172810e+01,0.00000000e+00,1.98753200e-01,3.26140901e-02,1.94778136e+02,3.19618083e+01
1.76600000e+00,-6.75413966e-02,8.35013324e-02,4.21380733e-02,8.16322048e-02,-1.77172810e+01,0.00000000e+00,1.96328336e-01,3.12901075e-02,1.92401769e+02,3.06643054e+01
1.76800000e+00,-6.73676563e-02,9.02190862e-02,4.23024472e-02,8.27484804e-02,-1.77172810e+01,0.00000000e+00,1.96999344e-01,3.14513263e-02,1.93059357e+02,3.08222998e+01
1.77000000e+00,-6.71805367e-02,9.69121583e-02,4.24686542e-02,8.32453191e-02,-1.77172810e+01,0.00000000e+00,1.95404844e-01,3.02270575e-02,1.91496747e+02,2.96225164e+01
1.77200000e+00,-6.69800401e-02,1.03556522e-01,4.26351201e-02,8.32797245e-02,-1.77172810e+01,0.00000000e+00,1.96528052e-01,3.07184967e-02,1.92597491e+02,3.01041268e+01
1.77400000e+00,-6.67664165e-02,1.10042053e-01,4.28018784e-02,8.34720120e-02,-1.77172810e+01,0.00000000e+00,1.97399065e-01,3.07965971e-02,1.93451083e+02,3.01806652e+01
1.77600000e+00,-6.65399434e-02,1.16420376e-01,4.29688406e-02,8.34129212e-02,-1.77172810e+01,0.00000000e+00,1.97210519e-01,3.04293634e-02,1.93266309e+02,2.98207761e+01
1.77800000e+00,-6.63008332e-02,1.22651400e-01,4.31355234e-02,8.33437274e-02,-1.77172810e+01,0.00000000e+00,1.98914734e-01,3.10135673e-02,1.94936439e+02,3.03932959e+01
1.78000000e+00,-6.60494984e-02,1.28641460e-01,4.33025274e-02,8.37423621e-02,-1.77172810e+01,0.00000000e+00,2.00814110e-01,3.16497842e-02,1.96797827e+02,3.10167885e+01
1.78200000e+00,-6.57858840e-02,1.35206551e-01,4.34685587e-02,8.12403164e-02,-1.77172810e+01,0.00000000e+00,1.83351680e-01,2.51628161e-02,1.79684646e+02,2.46595597e+01
1.78400000e+00,-6.55087670e-02,1.41629574e-01,4.36277824e-02,7.91784651e-02,-1.77172810e+01,0.00000000e+00,2.01899052e-01,3.28025442e-02,1.97861071e+02,3.21464934e+01
1.78600000e+00,-6.52199224e-02,1.47217515e-01,4.37873471e-02,8.02282206e-02,-1.77172810e+01,0.00000000e+00,2.00530194e-01,3.19215400e-02,1.96519590e+02,3.12831092e+01
1.78800000e+00,-6.49199145e-02,1.52779079e-01,4.39481706e-02,8.04911007e-02,-1.77172810e+01,0.00000000e+00,2.00089127e-01,3.13804896e-02,1.96087344e+02,3.07528799e+01
1.79000000e+00,-6.46088105e-02,1.58334006e-01,4.41086874e-02,7.98178887e-02,-1.77172810e+01,0.00000000e+00,1.98168294e-01,3.01861810e-02,1.94204928e+02,2.95824573e+01
1.79200000e+00,-6.42866499e-02,1.63781838e-01,4.42672644e-02,7.88781019e-02,-1.77172810e+01,0.00000000e+00,1.99984176e-01,3.10479197e-02,1.95984493e+02,3.04269613e+01
1.79400000e+00,-6.39538377e-02,1.68997850e-01,4.44244951e-02,7.83812129e-02,-1.77172810e+01,0.00000000e+00,2.00889921e-01,3.13406537e-02,1.96872123e+02,3.07138406e+01
1.79600000e+00,-6.36107289e-02,1.74108269e-01,4.45805051e-02,7.74581421e-02,-1.77172810e+01,0.00000000e+00,1.99671560e-01,3.03765421e-02,1.95678129e+02,2.97690113e+01
1.79800000e+00,-6.32574504e-02,1.79150008e-01,4.47339752e-02,7.60064510e-02,-1.77172810e+01,0.00000000e+00,1.99631578e-01,3.04509121e-02,1.95638946e+02,2.98418938e+01
1.80000000e+00,-6.28942542e-02,1.84003725e-01,4.48846535e-02,7.47386150e-02,-1.77172810e+01,0.00000000e+00,2.01120217e-01,3.09782538e-02,1.97097813e+02,3.03586888e+01
1.80200000e+00,-6.25210828e-02,1.89386472e-01,4.50310819e-02,7.06995392e-02,-1.77172810e+01,0.00000000e+00,1.84244356e-01,2.48445035e-02,1.80559469e+02,2.43476135e+01
1.80400000e+00,-6.21367986e-02,1.94633722e-01,4.51676925e-02,6.70213964e-02,-1.77172810e+01,0.00000000e+00,2.01171905e-01,3.19329652e-02,1.97148467e+02,3.12943058e+01
1.80600000e+00,-6.17430723e-02,1.99094528e-01,4.53010687e-02,6.61950177e-02,-1.77172810e+01,0.00000000e+00,1.99425548e-01,3.10211701e-02,1.95437037e+02,3.04007467e+01
1.80800000e+00,-6.13404684e-02,2.03483519e-01,4.54321153e-02,6.48328380e-02,-1.77172810e+01,0.00000000e+00,1.99581528e-01,3.09960757e-02,1.95589897e+02,3.03761542e+01
1.81000000e+00,-6.09291291e-02,2.07886064e-01,4.55597132e-02,6.24405323e-02,-1.77172810e+01,0.00000000e+00,1.95768776e-01,2.90420609e-02,1.91853401e+02,2.84612197e+01
1.81200000e+00,-6.05089656e-02,2.12226467e-01,4.56815279e-02,5.95238943e-02,-1.77172810e+01,0.00000000e+00,1.97621637e-01,3.00707741e-02,1.93669204e+02,2.94693586e+01
1.81400000e+00,-6.00804441e-02,2.16235718e-01,4.57983896e-02,5.74783645e-02,-1.77172810e+01,0.00000000e+00,2.00025383e-01,3.10383560e-02,1.96024875e+02,3.04175888e+01
1.81600000e+00,-5.96441425e-02,2.20065366e-01,4.59113896e-02,5.53552825e-02,-1.77172810e+01,0.00000000e+00,1.98272498e-01,3.00702189e-02,1.94307048e+02,2.94688145e+01
1.81800000e+00,-5.92002615e-02,2.23776614e-01,4.60196055e-02,5.29243531e-02,-1.77172810e+01,0.00000000e+00,1.99183844e-01,3.05477965e-02,1.95200167e+02,2.99368405e+01
1.82000000e+00,-5.87492037e-02,2.27236276e-01,4.61233193e-02,5.08417221e-02,-1.77172810e+01,0.00000000e+00,2.00483619e-01,3.09503314e-02,1.96473946e+02,3.03313248e+01
1.82200000e+00,-5.82910229e-02,2.31136214e-01,4.62213127e-02,4.62698906e-02,-1.77172810e+01,0.00000000e+00,1.85170632e-01,2.54644578e-02,1.81467219e+02,2.49551687e+01
1.82400000e+00,-5.78247756e-02,2.34861138e-01,4.63087000e-02,4.21495087e-02,-1.77172810e+01,0.00000000e+00,2.00783345e-01,3.20248669e-02,1.96767678e+02,3.13843696e+01
1.82600000e+00,-5.73520573e-02,2.37867661e-01,4.63915948e-02,4.05551043e-02,-1.77172810e+01,0.00000000e+00,1.98111065e-01,3.08854824e-02,1.94148844e+02,3.02677728e+01
1.82800000e+00,-5.68733364e-02,2.40827027e-01,4.64705240e-02,3.83660640e-02,-1.77172810e+01,0.00000000e+00,1.97989535e-01,3.08903716e-02,1.94029744e+02,3.02725642e+01
1.83000000e+00,-5.63887721e-02,2.43752026e-01,4.65445045e-02,3.53452749e-02,-1.77172810e+01,0.00000000e+00,1.94970398e-01,2.92464499e-02,1.91070990e+02,2.86615209e+01
1.83200000e+00,-5.58984294e-02,2.46525409e-01,4.66118191e-02,3.21955761e-02,-1.77172810e+01,0.00000000e+00,1.97541191e-01,3.07173317e-02,1.93590368e+02,3.01029850e+01
1.83400000e+00,-5.54028695e-02,2.49000181e-01,4.66737450e-02,2.97331302e-02,-1.77172810e+01,0.00000000e+00,1.97912993e-01,3.07784664e-02,1.93954733e+02,3.01628971e+01
1.83600000e+00,-5.49025153e-02,2.51344996e-01,4.67305541e-02,2.69744449e-02,-1.77172810e+01,0.00000000e+00,1.96503023e-01,3.01777654e-02,1.92572962e+02,2.95742101e+01
1.83800000e+00,-5.43975890e-02,2.53540729e-01,4.67816157e-02,2.41752352e-02,-1.77172810e+01,0.00000000e+00,1.97283923e-01,3.07675292e-02,1.93338245e+02,3.01521786e+01
1.84000000e+00,-5.38885313e-02,2.55468148e-01,4.68275726e-02,2.18522686e-02,-1.77172810e+01,0.00000000e+00,1.98625295e-01,3.12440298e-02,1.94652789e+02,3.06191492e+01
1.84200000e+00,-5.33755712e-02,2.57613308e-01,4.68678776e-02,1.78087779e-02,-1.77172810e+01,0.00000000e+00,1.88016736e-01,2.72151132e-02,1.84256401e+02,2.66708109e+01
1.84400000e+00,-5.28581725e-02,2.59616802e-01,4.68990050e-02,1.40610649e-02,-1.77172810e+01,0.00000000e+00,1.97720837e-01,3.19111678e-02,1.93766421e+02,3.12729445e+01
1.84600000e+00,-5.23374405e-02,2.61115497e-01,4.69252994e-02,1.20795687e-02,-1.77172810e+01,0.00000000e+00,1.95567808e-01,3.09607141e-02,1.91656452e+02,3.03414998e+01
1.84800000e+00,-5.18137537e-02,2.62549382e-01,4.69469690e-02,9.56662636e-03,-1.77172810e+01,0.00000000e+00,1.94966230e-01,3.08276346e-02,1.91066905e+02,3.02110819e+01
1.85000000e+00,-5.12872903e-02,2.63912281e-01,4.69632295e-02,6.54911929e-03,-1.77172810e+01,0.00000000e+00,1.92934458e-01,2.99260338e-02,1.89075769e+02,2.93275131e+01
1.85200000e+00,-5.07582678e-02,2.65030346e-01,4.69734911e-02,4.02002483e-03,-1.77172810e+01,0.00000000e+00,1.96373700e-01,3.18686306e-02,1.92446226e+02,3.12312580e+01
1.85400000e+00,-5.02273374e-02,2.65895768e-01,4.69796157e-02,1.95007266e-03,-1.77172810e+01,0.00000000e+00,1.94507465e-01,3.08993053e-02,1.90617316e+02,3.02813192e+01
1.85600000e+00,-4.96947233e-02,2.66703425e-01,4.69808647e-02,-7.59870716e-04,-1.77172810e+01,0.00000000e+00,1.93379020e-01,3.05281546e-02,1.89511439e+02,2.99175915e+01
1.85800000e+00,-4.91606415e-02,2.67334436e-01,4.69766911e-02,-3.29757048e-03,-1.77172810e+01,0.00000000e+00,1.94278107e-01,3.12559657e-02,1.90392544e+02,3.06308464e+01
1.86000000e+00,-4.86255006e-02,2.67792767e-01,4.69677071e-02,-5.78628672e-03,-1.77172810e+01,0.00000000e+00,1.93047504e-01,3.06191119e-02,1.89186554e+02,3.00067296e+01
1.86200000e+00,-4.80893991e-02,2.68357946e-01,4.69527055e-02,-9.53538453e-03,-1.77172810e+01,0.00000000e+00,1.87407151e-01,2.85903918e-02,1.83659008e+02,2.80185840e+01
1.86400000e+00,-4.75521845e-02,2.68749711e-01,4.69299336e-02,-1.27325252e-02,-1.77172810e+01,0.00000000e+00,1.92716338e-01,3.17466501e-02,1.88862012e+02,3.11117171e+01
1.86600000e+00,-4.70146163e-02,2.68817471e-01,4.69025165e-02,-1.48181880e-02,-1.77172810e+01,0.00000000e+00,1.90590225e-01,3.08850147e-02,1.86778421e+02,3.02673144e+01
1.86800000e+00,-4.64769501e-02,2.68831997e-01,4.68703039e-02,-1.74392468e-02,-1.77172810e+01,0.00000000e+00,1.89571334e-01,3.05778868e-02,1.85779907e+02,2.99663291e+01
1.87000000e+00,-4.59393361e-02,2.68774921e-01,4.68324628e-02,-2.05052142e-02,-1.77172810e+01,0.00000000e+00,1.87874462e-01,2.98983015e-02,1.84116973e+02,2.93003355e+01
1.87200000e+00,-4.54019459e-02,2.68574604e-01,4.67882923e-02,-2.35573338e-02,-1.77172810e+01,0.00000000e+00,1.88530977e-01,3.05451422e-02,1.84760357e+02,2.99342394e+01
1.87400000e+00,-4.48651505e-02,2.68205032e-01,4.67383809e-02,-2.63883242e-02,-1.77172810e+01,0.00000000e+00,1.87446056e-01,3.02922919e-02,1.83697135e+02,2.96864460e+01
1.87600000e+00,-4.43291392e-02,2.67815375e-01,4.66823412e-02,-2.98160248e-02,-1.77172810e+01,0.00000000e+00,1.84623087e-01,2.92139214e-02,1.80930625e+02,2.86296430e+01
1.87800000e+00,-4.37939682e-02,2.67306865e-01,4.66191326e-02,-3.32201493e-02,-1.77172810e+01,0.00000000e+00,1.85852725e-01,3.02529401e-02,1.82135670e+02,2.96478813e+01
1.88000000e+00,-4.32600593e-02,2.66576910e-01,4.65497743e-02,-3.61537537e-02,-1.77172810e+01,0.00000000e+00,1.85436358e-01,3.01036516e-02,1.81727630e+02,2.95015786e+01
1.88200000e+00,-4.27276614e-02,2.65845703e-01,4.64740588e-02,-3.97753714e-02,-1.77172810e+01,0.00000000e+00,1.81532759e-01,2.87020250e-02,1.77902104e+02,2.81279845e+01
1.88400000e+00,-4.21967162e-02,2.65054931e-01,4.63906249e-02,-4.34688218e-02,-1.77172810e+01,0.00000000e+00,1.82490977e-01,2.98352687e-02,1.78841158e+02,2.92385633e+01
1.88600000e+00,-4.16675715e-02,2.64069478e-01,4.63005612e-02,-4.65957939e-02,-1.77172810e+01,0.00000000e+00,1.81758423e-01,2.97636770e-02,1.78123254e+02,2.91684034e+01
1.88800000e+00,-4.11405542e-02,2.62910153e-01,4.62044436e-02,-4.94200733e-02,-1.77172810e+01,0.00000000e+00,1.82247166e-01,3.03345047e-02,1.78602223e+02,2.97278146e+01
1.89000000e+00,-4.06159962e-02,2.61652910e-01,4.61028125e-02,-5.23469211e-02,-1.77172810e+01,0.00000000e+00,1.79759234e-01,2.94043376e-02,1.76164049e+02,2.88162509e+01
1.89200000e+00,-4.00939883e-02,2.60327069e-01,4.59949270e-02,-5.54670836e-02,-1.77172810e+01,0.00000000e+00,1.79583525e-01,2.97759173e-02,1.75991854e+02,2.91803990e+01
1.89400000e+00,-3.95748229e-02,2.58798752e-01,4.58813051e-02,-5.80459109e-02,-1.77172810e+01,0.00000000e+00,1.80246415e-01,3.03793811e-02,1.76641487e+02,2.97717935e+01
1.89600000e+00,-3.90588924e-02,2.57121806e-01,4.57628596e-02,-6.04503318e-02,-1.77172810e+01,0.00000000e+00,1.78838112e-01,2.99737495e-02,1.75261349e+02,2.93742745e+01
1.89800000e+00,-3.85463750e-02,2.55385798e-01,4.56393751e-02,-6.30476679e-02,-1.77172810e+01,0.00000000e+00,1.77435647e-01,2.97991000e-02,1.73886934e+02,2.92031180e+01
1.90000000e+00,-3.80374208e-02,2.53542503e-01,4.55107178e-02,-6.55717543e-02,-1.77172810e+01,0.00000000e+00,1.77183019e-01,2.99447503e-02,1.73639359e+02,2.93458553e+01
1.90200000e+00,-3.75322851e-02,2.51579111e-01,4.53771171e-02,-6.80523515e-02,-1.77172810e+01,0.00000000e+00,1.76110442e-01,2.97005287e-02,1.72588234e+02,2.91065181e+01
1.90400000e+00,-3.70311454e-02,2.49554135e-01,4.52384439e-02,-7.06296457e-02,-1.77172810e+01,0.00000000e+00,1.74522927e-01,2.95447269e-02,1.71032468e+02,2.89538324e+01
1.90600000e+00,-3.65341194e-02,2.47452842e-01,4.50946309e-02,-7.31583882e-02,-1.77172810e+01,0.00000000e+00,1.73827905e-01,2.95980340e-02,1.70351347e+02,2.90060734e+01
1.90800000e+00,-3.60413914e-02,2.45265483e-01,4.49458071e-02,-7.56920565e-02,-1.77172810e+01,0.00000000e+00,1.72502902e-01,2.93228053e-02,1.69052844e+02,2.87363492e+01
1.91000000e+00,-3.55531095e-02,2.43000203e-01,4.47918404e-02,-7.82591988e-02,-1.77172810e+01,0.00000000e+00,1.71653565e-01,2.93088738e-02,1.68220494e+02,2.87226963e+01
1.91200000e+00,-3.50695063e-02,2.40561351e-01,4.46330766e-02,-8.03668743e-02,-1.77172810e+01,0.00000000e+00,1.72601249e-01,3.00613379e-02,1.69149224e+02,2.94601112e+01
1.91400000e+00,-3.45909722e-02,2.37960263e-01,4.44705959e-02,-8.21401020e-02,-1.77172810e+01,0.00000000e+00,1.71527619e-01,2.97794777e-02,1.68097066e+02,2.91838882e+01
1.91600000e+00,-3.41177182e-02,2.35279682e-01,4.43045067e-02,-8.39276312e-02,-1.77172810e+01,0.00000000e+00,1.70584602e-01,2.97947873e-02,1.67172910e+02,2.91988916e+01
1.91800000e+00,-3.36499332e-02,2.32479548e-01,4.41350743e-02,-8.54317440e-02,-1.77172810e+01,0.00000000e+00,1.70491296e-01,3.01329666e-02,1.67081470e+02,2.95303073e+01
1.92000000e+00,-3.31878594e-02,2.29590442e-01,4.39627920e-02,-8.69173796e-02,-1.77172810e+01,0.00000000e+00,1.68879814e-01,2.95880327e-02,1.65502218e+02,2.89962720e+01
1.92200000e+00,-3.27315900e-02,2.26673475e-01,4.37872398e-02,-8.86503916e-02,-1.77172810e+01,0.00000000e+00,1.67405831e-01,2.93636352e-02,1.64057715e+02,2.87763625e+01
1.92400000e+00,-3.22812282e-02,2.23662429e-01,4.36082675e-02,-9.02679294e-02,-1.77172810e+01,0.00000000e+00,1.67389561e-01,2.95754207e-02,1.64041770e+02,2.89839123e+01
1.92600000e+00,-3.18370399e-02,2.20501897e-01,4.34264079e-02,-9.15258393e-02,-1.77172810e+01,0.00000000e+00,1.67260092e-01,2.98592355e-02,1.63914890e+02,2.92620507e+01
1.92800000e+00,-3.13992812e-02,2.17250432e-01,4.32422404e-02,-9.26692700e-02,-1.77172810e+01,0.00000000e+00,1.65927642e-01,2.95530719e-02,1.62609089e+02,2.89620105e+01
1.93000000e+00,-3.09681017e-02,2.13903776e-01,4.30558274e-02,-9.36678546e-02,-1.77172810e+01,0.00000000e+00,1.65951072e-01,2.98974017e-02,1.62632051e+02,2.92994537e+01
1.93200000e+00,-3.05437358e-02,2.10452610e-01,4.28677058e-02,-9.44613008e-02,-1.77172810e+01,0.00000000e+00,1.64891496e-01,2.97152334e-02,1.61593666e+02,2.91209288e+01
1.93400000e+00,-3.01263195e-02,2.06959093e-01,4.26779137e-02,-9.53574596e-02,-1.77172810e+01,0.00000000e+00,1.63518991e-01,2.94110311e-02,1.60248611e+02,2.88228105e+01
1.93600000e+00,-2.97159199e-02,2.03434816e-01,4.24862119e-02,-9.63496833e-02,-1.77172810e+01,0.00000000e+00,1.62245690e-01,2.92401363e-02,1.59000777e+02,2.86553335e+01
1.93800000e+00,-2.93126164e-02,1.99856295e-01,4.22925294e-02,-9.73203658e-02,-1.77172810e+01,0.00000000e+00,1.61479726e-01,2.91799580e-02,1.58250132e+02,2.85963588e+01
1.94000000e+00,-2.89165433e-02,1.96204922e-01,4.20970195e-02,-9.81574231e-02,-1.77172810e+01,0.00000000e+00,1.60699918e-01,2.92416708e-02,1.57485920e+02,2.86568374e+01
1.94200000e+00,-2.85278682e-02,1.92446237e-01,4.19001397e-02,-9.86344138e-02,-1.77172810e+01,0.00000000e+00,1.60799252e-01,2.96547119e-02,1.57583267e+02,2.90616176e+01
1.94400000e+00,-2.81468472e-02,1.88554324e-01,4.17026571e-02,-9.88485785e-02,-1.77172810e+01,0.00000000e+00,1.60686906e-01,2.95113123e-02,1.57473168e+02,2.89210861e+01
1.94600000e+00,-2.77736748e-02,1.84626569e-01,4.15046118e-02,-9.92632071e-02,-1.77172810e+01,0.00000000e+00,1.58574407e-01,2.89511581e-02,1.55402919e+02,2.83721349e+01
1.94800000e+00,-2.74083788e-02,1.80641986e-01,4.13056375e-02,-9.96279838e-02,-1.77172810e+01,0.00000000e+00,1.59016688e-01,2.93318854e-02,1.55836354e+02,2.87452477e+01
1.95000000e+00,-2.70512105e-02,1.76501982e-01,4.11064703e-02,-9.94371688e-02,-1.77172810e+01,0.00000000e+00,1.59273711e-01,2.98327848e-02,1.56088236e+02,2.92361291e+01
1.95200000e+00,-2.67024062e-02,1.72308988e-01,4.09079513e-02,-9.91527172e-02,-1.77172810e+01,0.00000000e+00,1.57390386e-01,2.92446853e-02,1.54242579e+02,2.86597916e+01
1.95400000e+00,-2.63619565e-02,1.68143120e-01,4.07096505e-02,-9.91816493e-02,-1.77172810e+01,0.00000000e+00,1.55843685e-01,2.88917032e-02,1.52726811e+02,2.83138692e+01
1.95600000e+00,-2.60298792e-02,1.63909100e-01,4.05113535e-02,-9.90173226e-02,-1.77172810e+01,0.00000000e+00,1.56254888e-01,2.93670274e-02,1.53129790e+02,2.87796869e+01
1.95800000e+00,-2.57063891e-02,1.59571625e-01,4.03138169e-02,-9.84994554e-02,-1.77172810e+01,0.00000000e+00,1.55602756e-01,2.93513867e-02,1.52490701e+02,2.87643589e+01
1.96000000e+00,-2.53916132e-02,1.55203417e-01,4.01173589e-02,-9.79767414e-02,-1.77172810e+01,0.00000000e+00,1.54385609e-01,2.90963259e-02,1.51297896e+02,2.85143994e+01
1.96200000e+00,-2.50856414e-02,1.50736126e-01,3.99221540e-02,-9.70879648e-02,-1.77172810e+01,0.00000000e+00,1.55402229e-01,2.98405828e-02,1.52294184e+02,2.92437711e+01
1.96400000e+00,-2.47887567e-02,1.46136834e-01,3.97291581e-02,-9.59726039e-02,-1.77172810e+01,0.00000000e+00,1.55027832e-01,2.92957366e-02,1.51927275e+02,2.87098218e+01
1.96600000e+00,-2.45010880e-02,1.41546689e-01,3.95379574e-02,-9.53164668e-02,-1.77172810e+01,0.00000000e+00,1.52821412e-01,2.86032237e-02,1.49764984e+02,2.80311593e+01
1.96800000e+00,-2.42225985e-02,1.36913711e-01,3.93479475e-02,-9.45775263e-02,-1.77172810e+01,0.00000000e+00,1.53736530e-01,2.91978440e-02,1.50661800e+02,2.86138871e+01
1.97000000e+00,-2.39535542e-02,1.32099248e-01,3.91601634e-02,-9.30644703e-02,-1.77172810e+01,0.00000000e+00,1.54846432e-01,2.99592707e-02,1.51749503e+02,2.93600853e+01
1.97200000e+00,-2.36942290e-02,1.27243519e-01,3.89757474e-02,-9.14647450e-02,-1.77172810e+01,0.00000000e+00,1.52563983e-01,2.91156124e-02,1.49512704e+02,2.85333002e+01
1.97400000e+00,-2.34445301e-02,1.22462793e-01,3.87940141e-02,-9.03005651e-02,-1.77172810e+01,0.00000000e+00,1.51035903e-01,2.87849530e-02,1.48015185e+02,2.82092539e+01
1.97600000e+00,-2.32044249e-02,1.17611480e-01,3.86147413e-02,-8.88421986e-02,-1.77172810e+01,0.00000000e+00,1.52233685e-01,2.94764643e-02,1.49189011e+02,2.88869350e+01
1.97800000e+00,-2.29741421e-02,1.12673263e-01,3.84388491e-02,-8.70780404e-02,-1.77172810e+01,0.00000000e+00,1.51166609e-01,2.91748042e-02,1.48143277e+02,2.85913082e+01
1.98000000e+00,-2.27537295e-02,1.07738508e-01,3.82663682e-02,-8.54052607e-02,-1.77172810e+01,0.00000000e+00,1.50333360e-01,2.90375755e-02,1.47326693e+02,2.84568240e+01
1.98200000e+00,-2.25432234e-02,1.02750751e-01,3.80973882e-02,-8.34923505e-02,-1.77172810e+01,0.00000000e+00,1.50666425e-01,2.94366914e-02,1.47653096e+02,2.88479576e+01
1.98400000e+00,-2.23427763e-02,9.76883852e-02,3.79323923e-02,-8.15892119e-02,-1.77172810e+01,0.00000000e+00,1.50419837e-01,2.87805447e-02,1.47411440e+02,2.82049338e+01
1.98600000e+00,-2.21524741e-02,9.26196529e-02,3.77707668e-02,-8.00828810e-02,-1.77172810e+01,0.00000000e+00,1.49240989e-01,2.83722640e-02,1.46256170e+02,2.78048187e+01
1.98800000e+00,-2.19723674e-02,8.74462569e-02,3.76123180e-02,-7.81907417e-02,-1.77172810e+01,0.00000000e+00,1.51374341e-01,2.93633009e-02,1.48346855e+02,2.87760349e+01
1.99000000e+00,-2.18028493e-02,8.20325703e-02,3.74587496e-02,-7.51799904e-02,-1.77172810e+01,0.00000000e+00,1.53450185e-01,3.04997006e-02,1.50381181e+02,2.98897066e+01
1.99200000e+00,-2.16442546e-02,7.65927742e-02,3.73116447e-02,-7.20992376e-02,-1.77172810e+01,0.00000000e+00,1.50667471e-01,2.92987558e-02,1.47654122e+02,2.87127807e+01
1.99400000e+00,-2.14963882e-02,7.12878875e-02,3.71698899e-02,-6.97126340e-02,-1.77172810e+01,0.00000000e+00,1.49068927e-01,2.88391761e-02,1.46087549e+02,2.82623926e+01
1.99600000e+00,-2.13591222e-02,6.59542195e-02,3.70329260e-02,-6.71282118e-02,-1.77172810e+01,0.00000000e+00,1.50197804e-01,2.95173099e-02,1.47193848e+02,2.89269637e+01
1.99800000e+00,-2.12326218e-02,6.05448622e-02,3.69015881e-02,-6.42272365e-02,-1.77172810e+01,0.00000000e+00,1.49782854e-01,2.93148048e-02,1.46787197e+02,2.87285087e+01
2.00000000e+00,-2.11169357e-02,5.51460906e-02,3.67759590e-02,-6.14133324e-02,-1.77172810e+01,0.00000000e+00,1.48984012e-01,2.91539239e-02,1.46004332e+02,2.85708454e+01
2.00200000e+00,-2.10120388e-02,4.97452713e-02,3.66559876e-02,-5.85201559e-02,-1.77172810e+01,0.00000000e+00,1.48952382e-01,2.93086446e-02,1.45973334e+02,2.87224717e+01
2.00400000e+00,-2.09179721e-02,4.43181523e-02,3.65417323e-02,-5.58460604e-02,-1.77172810e+01,0.00000000e+00,1.48808537e-01,2.85297140e-02,1.45832366e+02,2.79591197e+01
2.00600000e+00,-2.08347440e-02,3.89243732e-02,3.64322102e-02,-5.37616769e-02,-1.77172810e+01,0.00000000e+00,1.47471828e-01,2.79134924e-02,1.44522391e+02,2.73552226e+01
2.00800000e+00,-2.07623471e-02,3.34218903e-02,3.63269797e-02,-5.12362408e-02,-1.77172810e+01,0.00000000e+00,1.50735409e-01,2.93042190e-02,1.47720701e+02,2.87181346e+01
2.01000000e+00,-2.07012645e-02,2.76072866e-02,3.62282822e-02,-4.71855911e-02,-1.77172810e+01,0.00000000e+00,1.54243116e-01,3.09723804e-02,1.51158254e+02,3.03529328e+01
2.01200000e+00,-2.06519430e-02,2.17552137e-02,3.61383371e-02,-4.29853251e-02,-1.77172810e+01,0.00000000e+00,1.51184287e-01,2.94879643e-02,1.48160601e+02,2.88982050e+01
2.01400000e+00,-2.06141107e-02,1.61026513e-02,3.60556952e-02,-3.97534920e-02,-1.77172810e+01,0.00000000e+00,1.49249072e-01,2.88202199e-02,1.46264091e+02,2.82438155e+01
2.01600000e+00,-2.05875419e-02,1.04357280e-02,3.59794483e-02,-3.63338512e-02,-1.77172810e+01,0.00000000e+00,1.51279969e-01,2.97719182e-02,1.48254369e+02,2.91764798e+01
2.01800000e+00,-2.05724359e-02,4.66651115e-03,3.59106845e-02,-3.24271712e-02,-1.77172810e+01,0.00000000e+00,1.51492556e-01,2.97426886e-02,1.48462705e+02,2.91478348e+01
2.02000000e+00,-2.05688372e-02,-1.04471005e-03,3.58495549e-02,-2.87976500e-02,-1.77172810e+01,0.00000000e+00,1.49871980e-01,2.91013129e-02,1.46874541e+02,2.85192867e+01
2.02200000e+00,-2.05765756e-02,-6.69719471e-03,3.57953925e-02,-2.53201711e-02,-1.77172810e+01,0.00000000e+00,1.50160153e-01,2.93447757e-02,1.47156950e+02,2.87578801e+01
2.02400000e+00,-2.05956390e-02,-1.23691275e-02,3.57481578e-02,-2.20172006e-02,-1.77172810e+01,0.00000000e+00,1.50458913e-01,2.86661513e-02,1.47449735e+02,2.80928283e+01
2.02600000e+00,-2.06260579e-02,-1.80496480e-02,3.57070849e-02,-1.90724941e-02,-1.77172810e+01,0.00000000e+00,1.50585955e-01,2.85328946e-02,1.47574236e+02,2.79622367e+01
2.02800000e+00,-2.06679066e-02,-2.38337869e-02,3.56721360e-02,-1.57255492e-02,-1.77172810e+01,0.00000000e+00,1.53198355e-01,2.94592188e-02,1.50134388e+02,2.88700344e+01
2.03000000e+00,-2.07215645e-02,-2.98751438e-02,3.56450672e-02,-1.10520034e-02,-1.77172810e+01,0.00000000e+00,1.57010032e-01,3.12769734e-02,1.53869831e+02,3.06514339e+01
2.03200000e+00,-2.07874112e-02,-3.59225383e-02,3.56279905e-02,-6.28466154e-03,-1.77172810e+01,0.00000000e+00,1.53852077e-01,2.96296497e-02,1.50775036e+02,2.90370567e+01
2.03400000e+00,-2.08650858e-02,-4.17166597e-02,3.56191181e-02,-2.73280973e-03,-1.77172810e+01,0.00000000e+00,1.51701997e-01,2.87114742e-02,1.48667957e+02,2.81372447e+01
2.03600000e+00,-2.09542710e-02,-4.75004406e-02,3.56171437e-02,9.45613263e-04,-1.77172810e+01,0.00000000e+00,1.54315011e-01,2.98910771e-02,1.51228711e+02,2.92932556e+01
2.03800000e+00,-2.10551552e-02,-5.33857436e-02,3.56232691e-02,5.17677443e-03,-1.77172810e+01,0.00000000e+00,1.54873832e-01,2.98786948e-02,1.51776356e+02,2.92811209e+01
2.04000000e+00,-2.11677688e-02,-5.92033688e-02,3.56376595e-02,9.12102649e-03,-1.77172810e+01,0.00000000e+00,1.53629008e-01,2.93077646e-02,1.50556428e+02,2.87216093e+01
2.04200000e+00,-2.12919154e-02,-6.49410292e-02,3.56596127e-02,1.28545241e-02,-1.77172810e+01,0.00000000e+00,1.53995281e-01,2.94661679e-02,1.50915376e+02,2.88768445e+01
2.04400000e+00,-2.14275122e-02,-7.06475797e-02,3.56888625e-02,1.62654341e-02,-1.77172810e+01,0.00000000e+00,1.53985639e-01,2.86709928e-02,1.50905926e+02,2.80975729e+01
2.04600000e+00,-2.15744647e-02,-7.62925883e-02,3.57242694e-02,1.90688902e-02,-1.77172810e+01,0.00000000e+00,1.53733731e-01,2.82405289e-02,1.50659056e+02,2.76757183e+01
2.04800000e+00,-2.17327132e-02,-8.19834801e-02,3.57652689e-02,2.20686088e-02,-1.77172810e+01,0.00000000e+00,1.56326519e-01,2.91403506e-02,1.53199988e+02,2.85575436e+01
2.05000000e+00,-2.19025780e-02,-8.79434604e-02,3.58135245e-02,2.65391145e-02,-1.77172810e+01,0.00000000e+00,1.61384191e-01,3.13949689e-02,1.58156508e+02,3.07670695e+01
2.05200000e+00,-2.20845351e-02,-9.39755264e-02,3.58717294e-02,3.14656593e-02,-1.77172810e+01,0.00000000e+00,1.59471559e-01,3.01786346e-02,1.56282128e+02,2.95750619e+01
2.05400000e+00,-2.22783389e-02,-9.97958172e-02,3.59387284e-02,3.54041318e-02,-1.77172810e+01,0.00000000e+00,1.57993751e-01,2.94150560e-02,1.54833875e+02,2.88267549e+01
2.05600000e+00,-2.24836956e-02,-1.05582006e-01,3.60133740e-02,3.93846048e-02,-1.77172810e+01,0.00000000e+00,1.60327540e-01,3.03718642e-02,1.57120989e+02,2.97644269e+01
2.05800000e+00,-2.27006922e-02,-1.11406045e-01,3.60964722e-02,4.36732699e-02,-1.77172810e+01,0.00000000e+00,1.60625791e-01,3.01788965e-02,1.57413275e+02,2.95753186e+01
2.06000000e+00,-2.29292400e-02,-1.17110414e-01,3.61877505e-02,4.74871848e-02,-1.77172810e+01,0.00000000e+00,1.59373473e-01,2.95041556e-02,1.56186003e+02,2.89140725e+01
2.06200000e+00,-2.31690528e-02,-1.22693164e-01,3.62861843e-02,5.09461080e-02,-1.77172810e+01,0.00000000e+00,1.59718703e-01,2.95729760e-02,1.56524329e+02,2.89815165e+01
2.06400000e+00,-2.34199511e-02,-1.28183688e-01,3.63911958e-02,5.38964071e-02,-1.77172810e+01,0.00000000e+00,1.59244044e-01,2.85852962e-02,1.56059163e+02,2.80135903e+01
2.06600000e+00,-2.36817065e-02,-1.33552668e-01,3.65012684e-02,5.60944700e-02,-1.77172810e+01,0.00000000e+00,1.58993315e-01,2.81503474e-02,1.55813448e+02,2.75873404e+01
2.06800000e+00,-2.39541796e-02,-1.38948364e-01,3.66157120e-02,5.85000065e-02,-1.77172810e+01,0.00000000e+00,1.62070704e-01,2.91833540e-02,1.58829290e+02,2.85996869e+01
2.07000000e+00,-2.42376593e-02,-1.44583147e-01,3.67362101e-02,6.23179189e-02,-1.77172810e+01,0.00000000e+00,1.66871471e-01,3.12856388e-02,1.63534042e+02,3.06599260e+01
2.07200000e+00,-2.45325206e-02,-1.50230504e-01,3.68651640e-02,6.64063093e-02,-1.77172810e+01,0.00000000e+00,1.64748323e-01,2.99335452e-02,1.61453357e+02,2.93348743e+01
2.07400000e+00,-2.48384084e-02,-1.55618431e-01,3.70011041e-02,6.93978710e-02,-1.77172810e+01,0.00000000e+00,1.63284166e-01,2.91763171e-02,1.60018482e+02,2.85927907e+01
2.07600000e+00,-2.51549691e-02,-1.60968473e-01,3.71428382e-02,7.25134109e-02,-1.77172810e+01,0.00000000e+00,1.66425476e-01,3.03950538e-02,1.63096966e+02,2.97871527e+01
2.07800000e+00,-2.54823076e-02,-1.66356448e-01,3.72913930e-02,7.59818745e-02,-1.77172810e+01,0.00000000e+00,1.66820666e-01,3.01278857e-02,1.63484252e+02,2.95253280e+01
2.08000000e+00,-2.58202964e-02,-1.71596716e-01,3.74464118e-02,7.89196839e-02,-1.77172810e+01,0.00000000e+00,1.65711532e-01,2.95014182e-02,1.62397301e+02,2.89113899e+01
2.08200000e+00,-2.61686102e-02,-1.76710640e-01,3.76068838e-02,8.15755624e-02,-1.77172810e+01,0.00000000e+00,1.66690815e-01,2.97642833e-02,1.63356999e+02,2.91689977e+01
2.08400000e+00,-2.65270893e-02,-1.81750132e-01,3.77725190e-02,8.39388614e-02,-1.77172810e+01,0.00000000e+00,1.66877965e-01,2.91229015e-02,1.63540405e+02,2.85404435e+01
2.08600000e+00,-2.68955326e-02,-1.86672419e-01,3.79422570e-02,8.57288468e-02,-1.77172810e+01,0.00000000e+00,1.66939567e-01,2.88026207e-02,1.63600775e+02,2.82265683e+01
2.08800000e+00,-2.72737811e-02,-1.91597818e-01,3.81155787e-02,8.77351825e-02,-1.77172810e+01,0.00000000e+00,1.70018404e-01,2.98238627e-02,1.66618036e+02,2.92273855e+01
2.09000000e+00,-2.76620308e-02,-1.96683550e-01,3.82939316e-02,9.08422104e-02,-1.77172810e+01,0.00000000e+00,1.73834902e-01,3.13665886e-02,1.70358204e+02,3.07392568e+01
2.09200000e+00,-2.80604764e-02,-2.01711027e-01,3.84789588e-02,9.39662921e-02,-1.77172810e+01,0.00000000e+00,1.71889006e-01,3.01226186e-02,1.68451226e+02,2.95201663e+01
2.09400000e+00,-2.84686962e-02,-2.06470506e-01,3.86691128e-02,9.60644952e-02,-1.77172810e+01,0.00000000e+00,1.70885337e-01,2.94840100e-02,1.67467630e+02,2.88943298e+01
2.09600000e+00,-2.88863288e-02,-2.11185485e-01,3.88633339e-02,9.83383290e-02,-1.77172810e+01,0.00000000e+00,1.74239263e-01,3.07678725e-02,1.70754477e+02,3.01525150e+01
2.09800000e+00,-2.93134273e-02,-2.15884169e-01,3.90625876e-02,1.00794529e-01,-1.77172810e+01,0.00000000e+00,1.73971769e-01,3.01503938e-02,1.70492333e+02,2.95473860e+01
2.10000000e+00,-2.97497397e-02,-2.20394177e-01,3.92660776e-02,1.02599091e-01,-1.77172810e+01,0.00000000e+00,1.73373609e-01,2.96900066e-02,1.69906137e+02,2.90962065e+01
2.10200000e+00,-3.01949001e-02,-2.24748332e-01,3.94727578e-02,1.04064328e-01,-1.77172810e+01,0.00000000e+00,1.73946009e-01,2.97328024e-02,1.70467089e+02,2.91381464e+01
2.10400000e+00,-3.06486546e-02,-2.28984897e-01,3.96821259e-02,1.05216042e-01,-1.77172810e+01,0.00000000e+00,1.74312576e-01,2.93305141e-02,1.70826325e+02,2.87439039e+01
2.10600000e+00,-3.11107497e-02,-2.33086589e-01,3.98933547e-02,1.05966865e-01,-1.77172810e+01,0.00000000e+00,1.74549752e-01,2.91927598e-02,1.71058757e+02,2.86089046e+01
2.10800000e+00,-3.15809748e-02,-2.37149036e-01,4.01061041e-02,1.06883887e-01,-1.77172810e+01,0.00000000e+00,1.77217575e-01,2.99829617e-02,1.73673223e+02,2.93833025e+01
2.11000000e+00,-3.20593757e-02,-2.41256230e-01,4.03213248e-02,1.08452664e-01,-1.77172810e+01,0.00000000e+00,1.79483915e-01,3.08676617e-02,1.75894237e+02,3.02503085e+01
2.11200000e+00,-3.25459243e-02,-2.45250248e-01,4.05398340e-02,1.09900308e-01,-1.77172810e+01,0.00000000e+00,1.78528319e-01,3.00402012e-02,1.74957753e+02,2.94393972e+01
2.11400000e+00,-3.30402164e-02,-2.49003898e-01,4.07604252e-02,1.10596896e-01,-1.77172810e+01,0.00000000e+00,1.77886711e-01,2.96060046e-02,1.74328977e+02,2.90138846e+01
2.11600000e+00,-3.35418788e-02,-2.52666032e-01,4.09822365e-02,1.11315882e-01,-1.77172810e+01,0.00000000e+00,1.80470115e-01,3.04038349e-02,1.76860713e+02,2.97957582e+01
2.11800000e+00,-3.40508476e-02,-2.56278750e-01,4.12057957e-02,1.12195340e-01,-1.77172810e+01,0.00000000e+00,1.80872007e-01,3.02618277e-02,1.77254567e+02,2.96565912e+01
2.12000000e+00,-3.45668691e-02,-2.59704325e-01,4.14307065e-02,1.12607760e-01,-1.77172810e+01,0.00000000e+00,1.80295344e-01,2.97446091e-02,1.76689437e+02,2.91497169e+01
2.12200000e+00,-3.50895544e-02,-2.62964129e-01,4.16560200e-02,1.12710041e-01,-1.77172810e+01,0.00000000e+00,1.81251836e-01,2.99326818e-02,1.77626799e+02,2.93340282e+01
2.12400000e+00,-3.56186329e-02,-2.66084860e-01,4.18813636e-02,1.12537805e-01,-1.77172810e+01,0.00000000e+00,1.81351716e-01,2.94903489e-02,1.77724682e+02,2.89005419e+01
2.12600000e+00,-3.61537546e-02,-2.68996759e-01,4.21058097e-02,1.11823314e-01,-1.77172810e+01,0.00000000e+00,1.80728281e-01,2.91153835e-02,1.77113715e+02,2.85330758e+01
2.12800000e+00,-3.66945129e-02,-2.71748110e-01,4.23284973e-02,1.10869490e-01,-1.77172810e+01,0.00000000e+00,1.82003194e-01,2.93065023e-02,1.78363131e+02,2.87203723e+01
2.13000000e+00,-3.72407298e-02,-2.74473540e-01,4.25495705e-02,1.10339912e-01,-1.77172810e+01,0.00000000e+00,1.84570392e-01,3.03219701e-02,1.80878984e+02,2.97155307e+01
2.13200000e+00,-3.77923270e-02,-2.77078989e-01,4.27698465e-02,1.09794615e-01,-1.77172810e+01,0.00000000e+00,1.83691579e-01,2.95883510e-02,1.80017747e+02,2.89965840e+01
2.13400000e+00,-3.83488627e-02,-2.79409952e-01,4.29882235e-02,1.08461169e-01,-1.77172810e+01,0.00000000e+00,1.82689831e-01,2.89801066e-02,1.79036034e+02,2.84005044e+01
2.13600000e+00,-3.89098707e-02,-2.81596731e-01,4.32036440e-02,1.07057056e-01,-1.77172810e+01,0.00000000e+00,1.84893112e-01,2.97483761e-02,1.81195250e+02,2.91534086e+01
2.13800000e+00,-3.94752148e-02,-2.83731275e-01,4.34166664e-02,1.05974977e-01,-1.77172810e+01,0.00000000e+00,1.86075495e-01,2.99608214e-02,1.82353985e+02,2.93616050e+01
2.14000000e+00,-4.00446790e-02,-2.85690644e-01,4.36273437e-02,1.04592600e-01,-1.77172810e+01,0.00000000e+00,1.85440260e-01,2.94195377e-02,1.81731454e+02,2.88311469e+01
2.14200000e+00,-4.06178453e-02,-2.87451872e-01,4.38348047e-02,1.02862051e-01,-1.77172810e+01,0.00000000e+00,1.86117087e-01,2.95270822e-02,1.82394746e+02,2.89365405e+01
2.14400000e+00,-4.11943771e-02,-2.89049014e-01,4.40386906e-02,1.00979503e-01,-1.77172810e+01,0.00000000e+00,1.86305746e-01,2.93925099e-02,1.82579631e+02,2.88046597e+01
2.14600000e+00,-4.17739278e-02,-2.90475814e-01,4.42386598e-02,9.90025865e-02,-1.77172810e+01,0.00000000e+00,1.86861745e-01,2.96154837e-02,1.83124510e+02,2.90231740e+01
2.14800000e+00,-4.23561811e-02,-2.91753663e-01,4.44346595e-02,9.69635354e-02,-1.77172810e+01,0.00000000e+00,1.87572933e-01,2.95429076e-02,1.83821474e+02,2.89520494e+01
2.15000000e+00,-4.29408547e-02,-2.92899942e-01,4.46264946e-02,9.48955010e-02,-1.77172810e+01,0.00000000e+00,1.88555384e-01,2.98295519e-02,1.84784276e+02,2.92329609e+01
2.15200000e+00,-4.35276625e-02,-2.93868732e-01,4.48141474e-02,9.26863065e-02,-1.77172810e+01,0.00000000e+00,1.88211642e-01,2.95155603e-02,1.84447409e+02,2.89252491e+01
2.15400000e+00,-4.41162220e-02,-2.94676131e-01,4.49971923e-02,9.04057365e-02,-1.77172810e+01,0.00000000e+00,1.89585315e-01,2.99421773e-02,1.85793609e+02,2.93433337e+01
2.15600000e+00,-4.47063039e-02,-2.95388870e-01,4.51759212e-02,8.83514102e-02,-1.77172810e+01,0.00000000e+00,1.90813694e-01,3.02466234e-02,1.86997420e+02,2.96416909e+01
2.15800000e+00,-4.52977195e-02,-2.96014641e-01,4.53507470e-02,8.65207576e-02,-1.77172810e+01,0.00000000e+00,1.92378393e-01,3.06621860e-02,1.88530825e+02,3.00489423e+01
2.16000000e+00,-4.58902980e-02,-2.96543778e-01,4.55221282e-02,8.48760575e-02,-1.77172810e+01,0.00000000e+00,1.93390762e-01,3.08824459e-02,1.89522947e+02,3.02647970e+01
2.16200000e+00,-4.64838255e-02,-2.96969175e-01,4.56903466e-02,8.33743724e-02,-1.77172810e+01,0.00000000e+00,1.94797578e-01,3.12033126e-02,1.90901627e+02,3.05792463e+01
2.16400000e+00,-4.70780554e-02,-2.97215646e-01,4.58555261e-02,8.17233525e-02,-1.77172810e+01,0.00000000e+00,1.94059392e-01,3.08056033e-02,1.90178204e+02,3.01894912e+01
2.16600000e+00,-4.76725389e-02,-2.97238361e-01,4.60170869e-02,7.98427114e-02,-1.77172810e+01,0.00000000e+00,1.94421715e-01,3.09529082e-02,1.90533281e+02,3.03338501e+01
2.16800000e+00,-4.82668901e-02,-2.97082931e-01,4.61748623e-02,7.79101382e-02,-1.77172810e+01,0.00000000e+00,1.94748997e-01,3.09227707e-02,1.90854017e+02,3.03043153e+01
2.17000000e+00,-4.88607657e-02,-2.96770095e-01,4.63287207e-02,7.59674569e-02,-1.77172810e+01,0.00000000e+00,1.95592663e-01,3.11522899e-02,1.91680810e+02,3.05292441e+01
2.17200000e+00,-4.94538599e-02,-2.96291403e-01,4.64786898e-02,7.39613086e-02,-1.77172810e+01,0.00000000e+00,1.95716820e-01,3.10045974e-02,1.91802483e+02,3.03845055e+01
2.17400000e+00,-5.00458196e-02,-2.95645197e-01,4.66245175e-02,7.18823936e-02,-1.77172810e+01,0.00000000e+00,1.96513167e-01,3.12087327e-02,1.92582904e+02,3.05845580e+01
2.17600000e+00,-5.06363115e-02,-2.94805252e-01,4.67660852e-02,6.96022494e-02,-1.77172810e+01,0.00000000e+00,1.96013243e-01,3.07853533e-02,1.92092979e+02,3.01696463e+01
2.17800000e+00,-5.12248961e-02,-2.93748570e-01,4.69027197e-02,6.70119130e-02,-1.77172810e+01,0.00000000e+00,1.96257569e-01,3.07538800e-02,1.92332417e+02,3.01388024e+01
2.18000000e+00,-5.18112164e-02,-2.92557722e-01,4.70341668e-02,6.44724830e-02,-1.77172810e+01,0.00000000e+00,1.97669230e-01,3.10810394e-02,1.93715846e+02,3.04594186e+01
2.18200000e+00,-5.23950104e-02,-2.91192002e-01,4.71605456e-02,6.18370377e-02,-1.77172810e+01,0.00000000e+00,1.96942329e-01,3.07339322e-02,1.93003483e+02,3.01192535e+01
2.18400000e+00,-5.29757629e-02,-2.89494091e-01,4.72811060e-02,5.85882631e-02,-1.77172810e+01,0.00000000e+00,1.94654291e-01,2.99671602e-02,1.90761205e+02,2.93678170e+01
2.18600000e+00,-5.35528402e-02,-2.87576293e-01,4.73948284e-02,5.52341256e-02,-1.77172810e+01,0.00000000e+00,1.96522796e-01,3.06766458e-02,1.92592340e+02,3.00631129e+01
2.18800000e+00,-5.41259560e-02,-2.85490444e-01,4.75020324e-02,5.18647842e-02,-1.77172810e+01,0.00000000e+00,1.95414210e-01,3.00897282e-02,1.91505925e+02,2.94879337e+01
2.19000000e+00,-5.46946278e-02,-2.83143383e-01,4.76019967e-02,4.80592858e-02,-1.77172810e+01,0.00000000e+00,1.95070591e-01,2.99054946e-02,1.91169179e+02,2.93073847e+01
2.19200000e+00,-5.52584077e-02,-2.80613507e-01,4.76943021e-02,4.43027297e-02,-1.77172810e+01,0.00000000e+00,1.95754825e-01,3.03258793e-02,1.91839728e+02,2.97193617e+01
2.19400000e+00,-5.58169830e-02,-2.77935388e-01,4.77793105e-02,4.07005327e-02,-1.77172810e+01,0.00000000e+00,1.96177177e-01,3.03524036e-02,1.92253634e+02,2.97453555e+01
2.19600000e+00,-5.63700532e-02,-2.75113178e-01,4.78571428e-02,3.71561420e-02,-1.77172810e+01,0.00000000e+00,1.96914086e-01,3.05598602e-02,1.92975804e+02,2.99486630e+01
2.19800000e+00,-5.69173608e-02,-2.72178533e-01,4.79281186e-02,3.38868639e-02,-1.77172810e+01,0.00000000e+00,1.98029608e-01,3.10326212e-02,1.94069016e+02,3.04119688e+01
2.20000000e+00,-5.74586647e-02,-2.69090015e-01,4.79927228e-02,3.06663289e-02,-1.77172810e+01,0.00000000e+00,1.97749742e-01,3.07557574e-02,1.93794748e+02,3.01406422e+01
2.20200000e+00,-5.79936054e-02,-2.65828401e-01,4.80507511e-02,2.73966440e-02,-1.77172810e+01,0.00000000e+00,1.98364894e-01,3.10137019e-02,1.94397596e+02,3.03934279e+01
2.20400000e+00,-5.85217963e-02,-2.62293837e-01,4.81021485e-02,2.38856695e-02,-1.77172810e+01,0.00000000e+00,1.95697546e-01,3.03241010e-02,1.91783595e+02,2.97176190e+01
2.20600000e+00,-5.90426563e-02,-2.58572586e-01,4.81463988e-02,2.05321005e-02,-1.77172810e+01,0.00000000e+00,1.98269640e-01,3.14087482e-02,1.94304247e+02,3.07805732e+01
2.20800000e+00,-5.95560485e-02,-2.54794122e-01,4.81846419e-02,1.77259877e-02,-1.77172810e+01,0.00000000e+00,1.98566917e-01,3.15289968e-02,1.94595579e+02,3.08984169e+01
2.21000000e+00,-6.00617108e-02,-2.50832756e-01,4.82172560e-02,1.48498856e-02,-1.77172810e+01,0.00000000e+00,1.98139579e-01,3.13095904e-02,1.94176788e+02,3.06833986e+01
2.21200000e+00,-6.05592599e-02,-2.46691972e-01,4.82440126e-02,1.19306436e-02,-1.77172810e+01,0.00000000e+00,1.98452819e-01,3.14778711e-02,1.94483763e+02,3.08483137e+01
2.21400000e+00,-6.10483715e-02,-2.42390385e-01,4.82649850e-02,9.02104374e-03,-1.77172810e+01,0.00000000e+00,1.98392221e-01,3.13609691e-02,1.94424376e+02,3.07337498e+01
2.21600000e+00,-6.15286780e-02,-2.37873579e-01,4.82798402e-02,5.72651075e-03,-1.77172810e+01,0.00000000e+00,1.97362857e-01,3.06924183e-02,1.93415600e+02,3.00785699e+01
2.21800000e+00,-6.19997196e-02,-2.33137391e-01,4.82877041e-02,2.15152608e-03,-1.77172810e+01,0.00000000e+00,1.97130282e-01,3.07849998e-02,1.93187677e+02,3.01692998e+01
2.22000000e+00,-6.24611404e-02,-2.28270474e-01,4.82886818e-02,-1.07022137e-03,-1.77172810e+01,0.00000000e+00,1.98094588e-01,3.14366177e-02,1.94132696e+02,3.08078853e+01
2.22200000e+00,-6.29127386e-02,-2.23309245e-01,4.82836919e-02,-3.88891079e-03,-1.77172810e+01,0.00000000e+00,1.98633157e-01,3.16250538e-02,1.94660494e+02,3.09925528e+01
2.22400000e+00,-6.33542371e-02,-2.18137588e-01,4.82731791e-02,-6.62810639e-03,-1.77172810e+01,0.00000000e+00,1.96802398e-01,3.15895734e-02,1.92866350e+02,3.09577819e+01
2.22600000e+00,-6.37851625e-02,-2.12776321e-01,4.82571972e-02,-9.34077445e-03,-1.77172810e+01,0.00000000e+00,1.97742070e-01,3.16590164e-02,1.93787229e+02,3.10258361e+01
2.22800000e+00,-6.42052224e-02,-2.07235174e-01,4.82356412e-02,-1.23156246e-02,-1.77172810e+01,0.00000000e+00,1.96050574e-01,3.10096317e-02,1.92129562e+02,3.03894391e+01
2.23000000e+00,-6.46138874e-02,-2.01370378e-01,4.82073874e-02,-1.61113790e-02,-1.77172810e+01,0.00000000e+00,1.93538975e-01,2.98970532e-02,1.89668195e+02,2.92991121e+01
2.23200000e+00,-6.50105404e-02,-1.95260176e-01,4.81709393e-02,-2.02918045e-02,-1.77172810e+01,0.00000000e+00,1.93578912e-01,3.01518624e-02,1.89707334e+02,2.95488251e+01
2.23400000e+00,-6.53948748e-02,-1.89069955e-01,4.81265302e-02,-2.40072027e-02,-1.77172810e+01,0.00000000e+00,1.94831815e-01,3.08112660e-02,1.90935179e+02,3.01950407e+01
2.23600000e+00,-6.57667172e-02,-1.82725295e-01,4.80748939e-02,-2.77473795e-02,-1.77172810e+01,0.00000000e+00,1.93031261e-01,3.00275644e-02,1.89170635e+02,2.94270131e+01
2.23800000e+00,-6.61256152e-02,-1.76139514e-01,4.80152608e-02,-3.19072822e-02,-1.77172810e+01,0.00000000e+00,1.92153959e-01,2.98467597e-02,1.88310880e+02,2.92498245e+01
2.24000000e+00,-6.64712104e-02,-1.69456454e-01,4.79474856e-02,-3.57359555e-02,-1.77172810e+01,0.00000000e+00,1.93606575e-01,3.06276101e-02,1.89734444e+02,3.00150579e+01
2.24200000e+00,-6.68034310e-02,-1.62758392e-01,4.78727325e-02,-3.89414466e-02,-1.77172810e+01,0.00000000e+00,1.94542743e-01,3.10493693e-02,1.90651889e+02,3.04283820e+01
2.24400000e+00,-6.71221494e-02,-1.55918427e-01,4.77919576e-02,-4.17903674e-02,-1.77172810e+01,0.00000000e+00,1.92920186e-01,3.12618391e-02,1.89061782e+02,3.06366024e+01
2.24600000e+00,-6.74270047e-02,-1.48928346e-01,4.77057331e-02,-4.43962155e-02,-1.77172810e+01,0.00000000e+00,1.93552045e-01,3.14374807e-02,1.89681004e+02,3.08087311e+01
2.24800000e+00,-6.77177898e-02,-1.41828923e-01,4.76144223e-02,-4.69277636e-02,-1.77172810e+01,0.00000000e+00,1.92767775e-01,3.12883789e-02,1.88912420e+02,3.06626113e+01
2.25000000e+00,-6.79941465e-02,-1.34468732e-01,4.75175994e-02,-5.00932458e-02,-1.77172810e+01,0.00000000e+00,1.89744371e-01,2.99697448e-02,1.85949484e+02,2.93703499e+01
2.25200000e+00,-6.82555104e-02,-1.26876997e-01,4.74137840e-02,-5.36566225e-02,-1.77172810e+01,0.00000000e+00,1.89521695e-01,3.03063712e-02,1.85731261e+02,2.97002438e+01
2.25400000e+00,-6.85016494e-02,-1.19277617e-01,4.73034615e-02,-5.64872046e-02,-1.77172810e+01,0.00000000e+00,1.91606106e-01,3.13515063e-02,1.87773984e+02,3.07244761e+01
2.25600000e+00,-6.87325748e-02,-1.11609104e-01,4.71879746e-02,-5.91086342e-02,-1.77172810e+01,0.00000000e+00,1.89822488e-01,3.05814270e-02,1.86026038e+02,2.99697984e+01
2.25800000e+00,-6.89480322e-02,-1.03860209e-01,4.70672140e-02,-6.14494945e-02,-1.77172810e+01,0.00000000e+00,1.91518314e-01,3.17689447e-02,1.87687948e+02,3.11335658e+01
2.26000000e+00,-6.91480177e-02,-9.61144294e-02,4.69425221e-02,-6.32721966e-02,-1.77172810e+01,0.00000000e+00,1.91559383e-01,3.14916421e-02,1.87728195e+02,3.08618092e+01
2.26200000e+00,-6.93324471e-02,-8.83043296e-02,4.68141438e-02,-6.50671292e-02,-1.77172810e+01,0.00000000e+00,1.91552704e-01,3.16445841e-02,1.87721650e+02,3.10116924e+01
2.26400000e+00,-6.95011273e-02,-8.03326605e-02,4.66823704e-02,-6.66868043e-02,-1.77172810e+01,0.00000000e+00,1.89193280e-01,3.16719292e-02,1.85409414e+02,3.10384906e+01
2.26600000e+00,-6.96537112e-02,-7.22612903e-02,4.65475687e-02,-6.80483423e-02,-1.77172810e+01,0.00000000e+00,1.90501521e-01,3.19944230e-02,1.86691490e+02,3.13545345e+01
2.26800000e+00,-6.97901068e-02,-6.40915060e-02,4.64101077e-02,-6.95139108e-02,-1.77172810e+01,0.00000000e+00,1.88040210e-01,3.12577532e-02,1.84279406e+02,3.06325981e+01
2.27000000e+00,-6.99098821e-02,-5.56290114e-02,4.62688449e-02,-7.19815283e-02,-1.77172810e+01,0.00000000e+00,1.84673730e-01,2.96902290e-02,1.80980255e+02,2.90964245e+01
2.27200000e+00,-7.00125563e-02,-4.70666657e-02,4.61221453e-02,-7.45036178e-02,-1.77172810e+01,0.00000000e+00,1.86580150e-01,3.09349624e-02,1.82848547e+02,3.03162631e+01
2.27400000e+00,-7.00982088e-02,-3.85943861e-02,4.59714856e-02,-7.60431158e-02,-1.77172810e+01,0.00000000e+00,1.87512153e-01,3.15381363e-02,1.83761910e+02,3.09073735e+01
2.27600000e+00,-7.01668944e-02,-3.00629190e-02,4.58180205e-02,-7.75110653e-02,-1.77172810e+01,0.00000000e+00,1.85792502e-01,3.08664697e-02,1.82076651e+02,3.02491403e+01
2.27800000e+00,-7.02184241e-02,-2.14768405e-02,4.56615370e-02,-7.88355716e-02,-1.77172810e+01,0.00000000e+00,1.86691768e-01,3.16162725e-02,1.82957933e+02,3.09839471e+01
2.28000000e+00,-7.02528034e-02,-1.28932851e-02,4.55028363e-02,-7.99229248e-02,-1.77172810e+01,0.00000000e+00,1.86167104e-01,3.11379591e-02,1.82443761e+02,3.05152000e+01
2.28200000e+00,-7.02699181e-02,-4.19099175e-03,4.53415849e-02,-8.14007345e-02,-1.77172810e+01,0.00000000e+00,1.84092284e-01,3.05669186e-02,1.80410438e+02,2.99555802e+01
2.28400000e+00,-7.02694805e-02,4.64158011e-03,4.51774157e-02,-8.26051917e-02,-1.77172810e+01,0.00000000e+00,1.83155267e-01,3.14777571e-02,1.79492162e+02,3.08482020e+01
2.28600000e+00,-7.02513504e-02,1.34761858e-02,4.50114678e-02,-8.33542180e-02,-1.77172810e+01,0.00000000e+00,1.83932866e-01,3.12861012e-02,1.80254209e+02,3.06603791e+01
2.28800000e+00,-7.02154815e-02,2.24522712e-02,4.48435815e-02,-8.47291089e-02,-1.77172810e+01,0.00000000e+00,1.79592850e-01,2.99247097e-02,1.76000993e+02,2.93262155e+01
2.29000000e+00,-7.01614206e-02,3.16093924e-02,4.46721147e-02,-8.67589093e-02,-1.77172810e+01,0.00000000e+00,1.79298600e-01,2.96673126e-02,1.75712628e+02,2.90739663e+01
2.29200000e+00,-7.00891615e-02,4.05900733e-02,4.44972330e-02,-8.77581070e-02,-1.77172810e+01,0.00000000e+00,1.83162819e-01,3.18386718e-02,1.79499562e+02,3.12018984e+01
2.29400000e+00,-6.99991937e-02,4.93706041e-02,4.43218061e-02,-8.76717157e-02,-1.77172810e+01,0.00000000e+00,1.83277015e-01,3.16953192e-02,1.79611475e+02,3.10614129e+01
2.29600000e+00,-6.98916288e-02,5.82266909e-02,4.41462677e-02,-8.80030284e-02,-1.77172810e+01,0.00000000e+00,1.80555209e-01,3.07112208e-02,1.76944105e+02,3.00969964e+01
2.29800000e+00,-6.97662298e-02,6.71685951e-02,4.39696035e-02,-8.86200289e-02,-1.77172810e+01,0.00000000e+00,1.80284538e-01,3.08435513e-02,1.76678847e+02,3.02266802e+01
2.30000000e+00,-6.96229576e-02,7.61055828e-02,4.37918759e-02,-8.91045511e-02,-1.77172810e+01,0.00000000e+00,1.79536996e-01,3.07355954e-02,1.75946256e+02,3.01208835e+01
2.30200000e+00,-6.94617912e-02,8.50668564e-02,4.36131306e-02,-8.96711220e-02,-1.77172810e+01,0.00000000e+00,1.78437948e-01,3.04161996e-02,1.74869189e+02,2.98078756e+01
2.30400000e+00,-6.92826969e-02,9.40181404e-02,4.34334561e-02,-8.98406897e-02,-1.77172810e+01,0.00000000e+00,1.78345004e-01,3.13123632e-02,1.74778104e+02,3.06861159e+01
2.30600000e+00,-6.90857674e-02,1.02896370e-01,4.32541205e-02,-8.94812225e-02,-1.77172810e+01,0.00000000e+00,1.78573742e-01,3.12703099e-02,1.75002267e+02,3.06449038e+01
2.30800000e+00,-6.88710612e-02,1.11849897e-01,4.30752031e-02,-8.96137590e-02,-1.77172810e+01,0.00000000e+00,1.74869184e-01,3.00240321e-02,1.71371800e+02,2.94235515e+01
2.31000000e+00,-6.86383132e-02,1.20885357e-01,4.28953466e-02,-9.02246137e-02,-1.77172810e+01,0.00000000e+00,1.74796153e-01,3.00096381e-02,1.71300230e+02,2.94094453e+01
2.31200000e+00,-6.83876057e-02,1.29791992e-01,4.27146050e-02,-9.03850884e-02,-1.77172810e+01,0.00000000e+00,1.75869342e-01,3.07112974e-02,1.72351955e+02,3.00970715e+01
2.31400000e+00,-6.81192256e-02,1.38578101e-01,4.25341604e-02,-9.00143623e-02,-1.77172810e+01,0.00000000e+00,1.75457578e-01,3.08667183e-02,1.71948426e+02,3.02493839e+01
2.31600000e+00,-6.78333501e-02,1.47278940e-01,4.23547179e-02,-8.93880708e-02,-1.77172810e+01,0.00000000e+00,1.75563796e-01,3.09911440e-02,1.72052520e+02,3.03713211e+01
2.31800000e+00,-6.75301996e-02,1.55845069e-01,4.21768488e-02,-8.84009013e-02,-1.77172810e+01,0.00000000e+00,1.76165747e-01,3.13697328e-02,1.72642432e+02,3.07423382e+01
2.32000000e+00,-6.72100408e-02,1.64304673e-01,4.20012172e-02,-8.72593885e-02,-1.77172810e+01,0.00000000e+00,1.75474046e-01,3.10637310e-02,1.71964565e+02,3.04424564e+01
2.32200000e+00,-6.68730270e-02,1.72695150e-01,4.18277893e-02,-8.61507508e-02,-1.77172810e+01,0.00000000e+00,1.75064241e-01,3.10525284e-02,1.71562956e+02,3.04314778e+01
2.32400000e+00,-6.65193391e-02,1.80967418e-01,4.16570407e-02,-8.44025524e-02,-1.77172810e+01,0.00000000e+00,1.75382866e-01,3.21616094e-02,1.71875209e+02,3.15183772e+01
2.32600000e+00,-6.61492520e-02,1.89097724e-01,4.14905085e-02,-8.21603186e-02,-1.77172810e+01,0.00000000e+00,1.75393682e-01,3.18506786e-02,1.71885809e+02,3.12136651e+01
2.32800000e+00,-6.57629525e-02,1.97221507e-01,4.13280486e-02,-8.04441954e-02,-1.77172810e+01,0.00000000e+00,1.72414922e-01,3.08244573e-02,1.68966624e+02,3.02079682e+01
2.33000000e+00,-6.53603210e-02,2.05412785e-01,4.11681688e-02,-7.95722493e-02,-1.77172810e+01,0.00000000e+00,1.70563123e-01,2.98499385e-02,1.67151860e+02,2.92529398e+01
2.33200000e+00,-6.49414303e-02,2.13410685e-01,4.10100148e-02,-7.83175261e-02,-1.77172810e+01,0.00000000e+00,1.73547057e-01,3.14015682e-02,1.70076116e+02,3.07735368e+01
2.33400000e+00,-6.45068907e-02,2.21089858e-01,4.08556863e-02,-7.58816043e-02,-1.77172810e+01,0.00000000e+00,1.74495161e-01,3.21078655e-02,1.71005258e+02,3.14657082e+01
2.33600000e+00,-6.40571220e-02,2.28692385e-01,4.07063427e-02,-7.36641722e-02,-1.77172810e+01,0.00000000e+00,1.71697490e-01,3.07286224e-02,1.68263540e+02,3.01140499e+01
2.33800000e+00,-6.35921615e-02,2.36234376e-01,4.05608025e-02,-7.17873328e-02,-1.77172810e+01,0.00000000e+00,1.72145031e-01,3.11843165e-02,1.68702130e+02,3.05606301e+01
2.34000000e+00,-6.31122953e-02,2.43610126e-01,4.04193180e-02,-6.97235525e-02,-1.77172810e+01,0.00000000e+00,1.71695018e-01,3.09180378e-02,1.68261118e+02,3.02996771e+01
2.34200000e+00,-6.26178110e-02,2.50850983e-01,4.02819188e-02,-6.76440334e-02,-1.77172810e+01,0.00000000e+00,1.71290163e-01,3.10202317e-02,1.67864360e+02,3.03998271e+01
2.34400000e+00,-6.21090217e-02,2.57896339e-01,4.01491511e-02,-6.49508425e-02,-1.77172810e+01,0.00000000e+00,1.72138927e-01,3.20154390e-02,1.68696148e+02,3.13751302e+01
2.34600000e+00,-6.15864027e-02,2.64676010e-01,4.00225119e-02,-6.16629176e-02,-1.77172810e+01,0.00000000e+00,1.73260088e-01,3.20863345e-02,1.69794886e+02,3.14446078e+01
2.34800000e+00,-6.10503342e-02,2.71430936e-01,3.99019983e-02,-5.91264364e-02,-1.77172810e+01,0.00000000e+00,1.68368495e-01,3.02648476e-02,1.65001125e+02,2.96595506e+01
2.35000000e+00,-6.05006277e-02,2.78262872e-01,3.97853035e-02,-5.76438873e-02,-1.77172810e+01,0.00000000e+00,1.67001094e-01,2.97067865e-02,1.63661073e+02,2.91126508e+01
2.35200000e+00,-5.99374320e-02,2.84870884e-01,3.96716802e-02,-5.57752713e-02,-1.77172810e+01,0.00000000e+00,1.69030716e-01,3.09122042e-02,1.65650102e+02,3.02939601e+01
2.35400000e+00,-5.93613344e-02,2.91193523e-01,3.95626463e-02,-5.32409087e-02,-1.77172810e+01,0.00000000e+00,1.68992620e-01,3.09473997e-02,1.65612768e+02,3.03284517e+01
2.35600000e+00,-5.87727722e-02,2.97344645e-01,3.94587146e-02,-5.07095943e-02,-1.77172810e+01,0.00000000e+00,1.68259244e-01,3.07562911e-02,1.64894059e+02,3.01411653e+01
2.35800000e+00,-5.81721021e-02,3.03276314e-01,3.93599345e-02,-4.79885209e-02,-1.77172810e+01,0.00000000e+00,1.69241621e-01,3.12035125e-02,1.65856788e+02,3.05794422e+01
2.36000000e+00,-5.75598529e-02,3.08929139e-01,3.92669916e-02,-4.49208255e-02,-1.77172810e+01,0.00000000e+00,1.69800374e-01,3.13498374e-02,1.66404366e+02,3.07228406e+01
2.36200000e+00,-5.69365477e-02,3.14338818e-01,3.91803664e-02,-4.16802014e-02,-1.77172810e+01,0.00000000e+00,1.69857344e-01,3.14414270e-02,1.66460197e+02,3.08125984e+01
2.36400000e+00,-5.63026310e-02,3.19548382e-01,3.91004538e-02,-3.81650215e-02,-1.77172810e+01,0.00000000e+00,1.69323073e-01,3.18105622e-02,1.65936612e+02,3.11743510e+01
2.36600000e+00,-5.56584729e-02,3.24579810e-01,3.90276348e-02,-3.47571531e-02,-1.77172810e+01,0.00000000e+00,1.68782144e-01,3.11107198e-02,1.65406501e+02,3.04885055e+01
2.36800000e+00,-5.50043750e-02,3.29516455e-01,3.89609847e-02,-3.20100633e-02,-1.77172810e+01,0.00000000e+00,1.66218459e-01,3.03272033e-02,1.62894090e+02,2.97206592e+01
2.37000000e+00,-5.43405300e-02,3.34268738e-01,3.88995155e-02,-2.93815678e-02,-1.77172810e+01,0.00000000e+00,1.67690720e-01,3.07729361e-02,1.64336906e+02,3.01574774e+01
2.37200000e+00,-5.36674713e-02,3.38764141e-01,3.88435249e-02,-2.66532333e-02,-1.77172810e+01,0.00000000e+00,1.66745146e-01,3.04556471e-02,1.63410243e+02,2.98465341e+01
2.37400000e+00,-5.29856229e-02,3.43035360e-01,3.87929613e-02,-2.38368332e-02,-1.77172810e+01,0.00000000e+00,1.67380825e-01,3.08844329e-02,1.64033208e+02,3.02667443e+01
2.37600000e+00,-5.22954608e-02,3.47110160e-01,3.87480796e-02,-2.11674385e-02,-1.77172810e+01,0.00000000e+00,1.65717671e-01,3.00818261e-02,1.62403317e+02,2.94801896e+01
2.37800000e+00,-5.15973119e-02,3.50990456e-01,3.87081553e-02,-1.87023970e-02,-1.77172810e+01,0.00000000e+00,1.66242724e-01,3.03974766e-02,1.62917870e+02,2.97895271e+01
2.38000000e+00,-5.08916768e-02,3.54604022e-01,3.86733888e-02,-1.60591735e-02,-1.77172810e+01,0.00000000e+00,1.66205069e-01,3.04050870e-02,1.62880968e+02,2.97969852e+01
2.38200000e+00,-5.01790315e-02,3.58014118e-01,3.86437926e-02,-1.36048696e-02,-1.77172810e+01,0.00000000e+00,1.65193811e-01,2.99576246e-02,1.61889935e+02,2.93584721e+01
2.38400000e+00,-4.94597434e-02,3.61239655e-01,3.86189363e-02,-1.12000143e-02,-1.77172810e+01,0.00000000e+00,1.64659274e-01,3.02648247e-02,1.61366089e+02,2.96595282e+01
2.38600000e+00,-4.87343108e-02,3.64108302e-01,3.85993364e-02,-8.27949530e-03,-1.77172810e+01,0.00000000e+00,1.67623550e-01,3.10108606e-02,1.64271079e+02,3.03906434e+01
2.38800000e+00,-4.80035307e-02,3.66646199e-01,3.85859253e-02,-5.19854652e-03,-1.77172810e+01,0.00000000e+00,1.66432915e-01,3.05811235e-02,1.63104256e+02,2.99695011e+01
2.39000000e+00,-4.72678273e-02,3.69032178e-01,3.85782073e-02,-2.61989800e-03,-1.77172810e+01,0.00000000e+00,1.65177590e-01,2.99444123e-02,1.61874038e+02,2.93455241e+01
2.39200000e+00,-4.65275970e-02,3.71125573e-01,3.85755828e-02,1.64301706e-04,-1.77172810e+01,0.00000000e+00,1.67235953e-01,3.10077590e-02,1.63891234e+02,3.03876038e+01
2.39400000e+00,-4.57835866e-02,3.72826623e-01,3.85792903e-02,3.58710504e-03,-1.77172810e+01,0.00000000e+00,1.68279288e-01,3.12887595e-02,1.64913702e+02,3.06629843e+01
2.39600000e+00,-4.50364764e-02,3.74248861e-01,3.85899029e-02,6.96738054e-03,-1.77172810e+01,0.00000000e+00,1.67658136e-01,3.09322504e-02,1.64304973e+02,3.03136054e+01
2.39800000e+00,-4.42867551e-02,3.75425142e-01,3.86070860e-02,1.02369166e-02,-1.77172810e+01,0.00000000e+00,1.67911471e-01,3.10795387e-02,1.64553242e+02,3.04579479e+01
2.40000000e+00,-4.35349834e-02,3.76290178e-01,3.86309650e-02,1.36781699e-02,-1.77172810e+01,0.00000000e+00,1.68797960e-01,3.13254084e-02,1.65422001e+02,3.06989002e+01
2.40200000e+00,-4.27817404e-02,3.76936300e-01,3.86615552e-02,1.67543274e-02,-1.77172810e+01,0.00000000e+00,1.66880688e-01,3.03555822e-02,1.63543074e+02,2.97484706e+01
2.40400000e+00,-4.20273469e-02,3.77419409e-01,3.86977741e-02,1.95181082e-02,-1.77172810e+01,0.00000000e+00,1.66450975e-01,3.07203643e-02,1.63121955e+02,3.01059570e+01
2.40600000e+00,-4.12723082e-02,3.77534332e-01,3.87399454e-02,2.27584871e-02,-1.77172810e+01,0.00000000e+00,1.69321433e-01,3.14149275e-02,1.65935004e+02,3.07866290e+01
2.40800000e+00,-4.05174393e-02,3.77304563e-01,3.87888561e-02,2.60710820e-02,-1.77172810e+01,0.00000000e+00,1.68342498e-01,3.09404331e-02,1.64975648e+02,3.03216244e+01
2.41000000e+00,-3.97632084e-02,3.76897072e-01,3.88438774e-02,2.88551565e-02,-1.77172810e+01,0.00000000e+00,1.67315788e-01,3.03829890e-02,1.63969472e+02,2.97753292e+01
2.41200000e+00,-3.90100204e-02,3.76235515e-01,3.89041805e-02,3.14948789e-02,-1.77172810e+01,0.00000000e+00,1.68128408e-01,3.07225271e-02,1.64765840e+02,3.01080766e+01
2.41400000e+00,-3.82584781e-02,3.75256410e-01,3.89699295e-02,3.42435985e-02,-1.77172810e+01,0.00000000e+00,1.68597218e-01,3.07045749e-02,1.65225274e+02,3.00904834e+01
2.41600000e+00,-3.75091887e-02,3.73986534e-01,3.90411298e-02,3.69546717e-02,-1.77172810e+01,0.00000000e+00,1.68801314e-01,3.07441148e-02,1.65425287e+02,3.01292325e+01
2.41800000e+00,-3.67627151e-02,3.72442011e-01,3.91177374e-02,3.96495638e-02,-1.77172810e+01,0.00000000e+00,1.68915185e-01,3.07789487e-02,1.65536881e+02,3.01633697e+01
2.42000000e+00,-3.60196067e-02,3.70618384e-01,3.91997155e-02,4.23256147e-02,-1.77172810e+01,0.00000000e+00,1.69249815e-01,3.08205852e-02,1.65864819e+02,3.02041735e+01
2.42200000e+00,-3.52804194e-02,3.68528039e-01,3.92869417e-02,4.48543938e-02,-1.77172810e+01,0.00000000e+00,1.69105141e-01,3.05933827e-02,1.65723038e+02,2.99815151e+01
2.42400000e+00,-3.45456289e-02,3.66236104e-01,3.93788798e-02,4.70032154e-02,-1.77172810e+01,0.00000000e+00,1.67952874e-01,3.01534841e-02,1.64593817e+02,2.95504145e+01
2.42600000e+00,-3.38156214e-02,3.63724510e-01,3.94747675e-02,4.88715095e-02,-1.77172810e+01,0.00000000e+00,1.68268714e-01,3.01407697e-02,1.64903340e+02,2.95379543e+01
2.42800000e+00,-3.30909313e-02,3.60912313e-01,3.95743855e-02,5.07692891e-02,-1.77172810e+01,0.00000000e+00,1.69050044e-01,3.03569204e-02,1.65669043e+02,2.97497820e+01
2.43000000e+00,-3.23721628e-02,3.57814112e-01,3.96778350e-02,5.26526031e-02,-1.77172810e+01,0.00000000e+00,1.69071914e-01,3.02574114e-02,1.65690476e+02,2.96522631e+01
2.43200000e+00,-3.16598593e-02,3.54439190e-01,3.97849946e-02,5.45339264e-02,-1.77172810e+01,0.00000000e+00,1.69687965e-01,3.05050701e-02,1.66294206e+02,2.98949687e+01
2.43400000e+00,-3.09545985e-02,3.50775541e-01,3.98960152e-02,5.64819219e-02,-1.77172810e+01,0.00000000e+00,1.70046733e-01,3.05551604e-02,1.66645799e+02,2.99440572e+01
2.43600000e+00,-3.02569424e-02,3.46834063e-01,4.00109008e-02,5.83977870e-02,-1.77172810e+01,0.00000000e+00,1.70469020e-01,3.06009661e-02,1.67059640e+02,2.99889468e+01
2.43800000e+00,-2.95674151e-02,3.42663370e-01,4.01294372e-02,6.00599315e-02,-1.77172810e+01,0.00000000e+00,1.69757177e-01,3.01912278e-02,1.66362033e+02,2.95874032e+01
2.44000000e+00,-2.88864206e-02,3.38295227e-01,4.02508998e-02,6.13610347e-02,-1.77172810e+01,0.00000000e+00,1.69506096e-01,3.00161098e-02,1.66115974e+02,2.94157876e+01
2.44200000e+00,-2.82143810e-02,3.33706890e-01,4.03747250e-02,6.24277632e-02,-1.77172810e+01,0.00000000e+00,1.69397920e-01,2.98757179e-02,1.66009961e+02,2.92782035e+01
2.44400000e+00,-2.75517534e-02,3.28878022e-01,4.05004602e-02,6.32684905e-02,-1.77172810e+01,0.00000000e+00,1.69697917e-01,2.97209956e-02,1.66303959e+02,2.91265757e+01
2.44600000e+00,-2.68990331e-02,3.23802922e-01,4.06277433e-02,6.40256224e-02,-1.77172810e+01,0.00000000e+00,1.69802816e-01,2.98817793e-02,1.66406760e+02,2.92841437e+01
2.44800000e+00,-2.62567186e-02,3.18462434e-01,4.07565920e-02,6.48266588e-02,-1.77172810e+01,0.00000000e+00,1.70634372e-01,2.99968954e-02,1.67221684e+02,2.93969575e+01
2.45000000e+00,-2.56253765e-02,3.12832268e-01,4.08871095e-02,6.57170829e-02,-1.77172810e+01,0.00000000e+00,1.71395204e-01,3.02555052e-02,1.67967300e+02,2.96503951e+01
2.45200000e+00,-2.50055553e-02,3.06953500e-01,4.10194538e-02,6.65978457e-02,-1.77172810e+01,0.00000000e+00,1.71359929e-01,3.01653080e-02,1.67932731e+02,2.95620018e+01
2.45400000e+00,-2.43977015e-02,3.00866286e-01,4.11533691e-02,6.72809354e-02,-1.77172810e+01,0.00000000e+00,1.71279274e-01,3.00316031e-02,1.67853689e+02,2.94309710e+01
2.45600000e+00,-2.38022228e-02,2.94580066e-01,4.12884162e-02,6.77219839e-02,-1.77172810e+01,0.00000000e+00,1.71123562e-01,2.98499893e-02,1.67701091e+02,2.92529895e+01
2.45800000e+00,-2.32194907e-02,2.88129625e-01,4.14239973e-02,6.77734505e-02,-1.77172810e+01,0.00000000e+00,1.70333476e-01,2.94075017e-02,1.66926807e+02,2.88193516e+01
2.46000000e+00,-2.26498346e-02,2.81483733e-01,4.15594028e-02,6.76641617e-02,-1.77172810e+01,0.00000000e+00,1.71013517e-01,2.97060575e-02,1.67593247e+02,2.91119363e+01
2.46200000e+00,-2.20937294e-02,2.74577298e-01,4.16947386e-02,6.76818788e-02,-1.77172810e+01,0.00000000e+00,1.71854028e-01,2.98674211e-02,1.68416947e+02,2.92700726e+01
2.46400000e+00,-2.15517089e-02,2.67395648e-01,4.18300879e-02,6.76358869e-02,-1.77172810e+01,0.00000000e+00,1.72990798e-01,2.97656943e-02,1.69530982e+02,2.91703804e+01
2.46600000e+00,-2.10242313e-02,2.60087300e-01,4.19649341e-02,6.70678216e-02,-1.77172810e+01,0.00000000e+00,1.70478813e-01,2.89643993e-02,1.67069236e+02,2.83851113e+01
2.46800000e+00,-2.05114762e-02,2.52604210e-01,4.20983147e-02,6.64330999e-02,-1.77172810e+01,0.00000000e+00,1.72858037e-01,2.98166343e-02,1.69400876e+02,2.92203016e+01
2.47000000e+00,-2.00139985e-02,2.44845118e-01,4.22308691e-02,6.61023594e-02,-1.77172810e+01,0.00000000e+00,1.72835651e-01,2.97919470e-02,1.69378938e+02,2.91961081e+01
2.47200000e+00,-1.95321914e-02,2.36942650e-01,4.23625404e-02,6.54960652e-02,-1.77172810e+01,0.00000000e+00,1.72243035e-01,2.94265664e-02,1.68798174e+02,2.88380350e+01
2.47400000e+00,-1.90662912e-02,2.28945221e-01,4.24925083e-02,6.43722721e-02,-1.77172810e+01,0.00000000e+00,1.71218796e-01,2.88918025e-02,1.67794420e+02,2.83139664e+01
2.47600000e+00,-1.86165282e-02,2.20771264e-01,4.26200108e-02,6.32204061e-02,-1.77172810e+01,0.00000000e+00,1.72663328e-01,2.95502946e-02,1.69210062e+02,2.89592887e+01
2.47800000e+00,-1.81833608e-02,2.12365292e-01,4.27455357e-02,6.22871638e-02,-1.77172810e+01,0.00000000e+00,1.73070095e-01,2.95303893e-02,1.69608693e+02,2.89397815e+01
2.48000000e+00,-1.77671763e-02,2.03795424e-01,4.28690705e-02,6.12204490e-02,-1.77172810e+01,0.00000000e+00,1.73060867e-01,2.94470379e-02,1.69599649e+02,2.88580972e+01
2.48200000e+00,-1.73682609e-02,1.95102950e-01,4.29902684e-02,5.99301366e-02,-1.77172810e+01,0.00000000e+00,1.72643185e-01,2.92347051e-02,1.69190321e+02,2.86500110e+01
2.48400000e+00,-1.69868735e-02,1.86246964e-01,4.31085967e-02,5.83483426e-02,-1.77172810e+01,0.00000000e+00,1.73732371e-01,2.90048832e-02,1.70257723e+02,2.84247856e+01
2.48600000e+00,-1.66233234e-02,1.77315347e-01,4.32233210e-02,5.62553585e-02,-1.77172810e+01,0.00000000e+00,1.71406203e-01,2.83264131e-02,1.67978079e+02,2.77598849e+01
2.48800000e+00,-1.62776705e-02,1.68296061e-01,4.33334972e-02,5.39810220e-02,-1.77172810e+01,0.00000000e+00,1.72922688e-01,2.87825720e-02,1.69464234e+02,2.82069206e+01
2.49000000e+00,-1.59503058e-02,1.59026834e-01,4.34396250e-02,5.22766079e-02,-1.77172810e+01,0.00000000e+00,1.74536599e-01,2.96750406e-02,1.71045867e+02,2.90815398e+01
2.49200000e+00,-1.56416590e-02,1.49613968e-01,4.35426834e-02,5.06918765e-02,-1.77172810e+01,0.00000000e+00,1.73721202e-01,2.91816228e-02,1.70246778e+02,2.85979904e+01
2.49400000e+00,-1.53518606e-02,1.40185215e-01,4.36419901e-02,4.85035506e-02,-1.77172810e+01,0.00000000e+00,1.72503657e-01,2.85508092e-02,1.69053584e+02,2.79797930e+01
2.49600000e+00,-1.50809661e-02,1.30684468e-01,4.37365695e-02,4.61230621e-02,-1.77172810e+01,0.00000000e+00,1.73153446e-01,2.89143775e-02,1.69690377e+02,2.83360900e+01
2.49800000e+00,-1.48292239e-02,1.21031915e-01,4.38266263e-02,4.39583957e-02,-1.77172810e+01,0.00000000e+00,1.73956628e-01,2.91333664e-02,1.70477496e+02,2.85506991e+01
2.50000000e+00,-1.45969115e-02,1.11269792e-01,4.39123770e-02,4.17545714e-02,-1.77172810e+01,0.00000000e+00,1.73777557e-01,2.89555701e-02,1.70302006e+02,2.83764587e+01
2.50200000e+00,-1.43841814e-02,1.01452616e-01,4.39935007e-02,3.93349467e-02,-1.77172810e+01,0.00000000e+00,1.73466476e-01,2.87972657e-02,1.69997147e+02,2.82213204e+01
2.50400000e+00,-1.41911307e-02,9.15908892e-02,4.40693913e-02,3.64271664e-02,-1.77172810e+01,0.00000000e+00,1.73202455e-01,2.80404802e-02,1.69738406e+02,2.74796706e+01
2.50600000e+00,-1.40178137e-02,8.17354745e-02,4.41388560e-02,3.29894535e-02,-1.77172810e+01,0.00000000e+00,1.71863872e-01,2.77855556e-02,1.68426594e+02,2.72298444e+01
2.50800000e+00,-1.38642402e-02,7.18029689e-02,4.42014315e-02,2.96752490e-02,-1.77172810e+01,0.00000000e+00,1.73709805e-01,2.83905069e-02,1.70235609e+02,2.78226968e+01
2.51000000e+00,-1.37307313e-02,6.16762267e-02,4.42580275e-02,2.70666610e-02,-1.77172810e+01,0.00000000e+00,1.75271587e-01,2.93486214e-02,1.71766155e+02,2.87616490e+01
2.51200000e+00,-1.36176080e-02,5.14404204e-02,4.43099603e-02,2.48512487e-02,-1.77172810e+01,0.00000000e+00,1.75293136e-01,2.92908711e-02,1.71787273e+02,2.87050537e+01
2.51400000e+00,-1.35249294e-02,4.12648834e-02,4.43570504e-02,2.20627875e-02,-1.77172810e+01,0.00000000e+00,1.73065051e-01,2.82141290e-02,1.69603750e+02,2.76498464e+01
2.51600000e+00,-1.34524998e-02,3.11624822e-02,4.43978665e-02,1.87569720e-02,-1.77172810e+01,0.00000000e+00,1.72951659e-01,2.82646031e-02,1.69492626e+02,2.76993110e+01
2.51800000e+00,-1.34003374e-02,2.09732933e-02,4.44322782e-02,1.57510143e-02,-1.77172810e+01,0.00000000e+00,1.74625754e-01,2.88939567e-02,1.71133239e+02,2.83160776e+01
2.52000000e+00,-1.33686390e-02,1.07355384e-02,4.44609231e-02,1.28239876e-02,-1.77172810e+01,0.00000000e+00,1.73785924e-01,2.84723669e-02,1.70310206e+02,2.79029195e+01
2.52200000e+00,-1.33573677e-02,5.39002793e-04,4.44834120e-02,9.65372533e-03,-1.77172810e+01,0.00000000e+00,1.73528929e-01,2.84168213e-02,1.70058350e+02,2.78484849e+01
2.52400000e+00,-1.33664675e-02,-9.63436107e-03,4.44992523e-02,6.05488619e-03,-1.77172810e+01,0.00000000e+00,1.73277203e-01,2.75968275e-02,1.69811659e+02,2.70448910e+01
2.52600000e+00,-1.33958884e-02,-1.97825282e-02,4.45074690e-02,2.21233359e-03,-1.77172810e+01,0.00000000e+00,1.73138881e-01,2.79185936e-02,1.69676103e+02,2.73602218e+01
2.52800000e+00,-1.34456202e-02,-2.99646470e-02,4.45083237e-02,-1.29718885e-03,-1.77172810e+01,0.00000000e+00,1.74435041e-01,2.82985364e-02,1.70946340e+02,2.77325656e+01
2.53000000e+00,-1.35158279e-02,-4.02682192e-02,4.45028009e-02,-4.02590352e-03,-1.77172810e+01,0.00000000e+00,1.76508097e-01,2.95508159e-02,1.72977935e+02,2.89597995e+01
2.53200000e+00,-1.36067397e-02,-5.06416990e-02,4.44926350e-02,-6.13219326e-03,-1.77172810e+01,0.00000000e+00,1.76768384e-01,2.95913474e-02,1.73233016e+02,2.89995205e+01
2.53400000e+00,-1.37182722e-02,-6.08314600e-02,4.44777637e-02,-9.00104820e-03,-1.77172810e+01,0.00000000e+00,1.73083712e-01,2.79300097e-02,1.69622038e+02,2.73714095e+01
2.53600000e+00,-1.38499421e-02,-7.08359632e-02,4.44561995e-02,-1.25168671e-02,-1.77172810e+01,0.00000000e+00,1.73473412e-01,2.82040170e-02,1.70003944e+02,2.76399367e+01
2.53800000e+00,-1.40016761e-02,-8.09305059e-02,4.44282012e-02,-1.52752214e-02,-1.77172810e+01,0.00000000e+00,1.76385270e-01,2.94811417e-02,1.72857565e+02,2.88915188e+01
2.54000000e+00,-1.41736742e-02,-9.10402060e-02,4.43953257e-02,-1.76930349e-02,-1.77172810e+01,0.00000000e+00,1.75190293e-01,2.88727965e-02,1.71686487e+02,2.82953405e+01
2.54200000e+00,-1.43657399e-02,-1.01004394e-01,4.43571834e-02,-2.04793019e-02,-1.77172810e+01,0.00000000e+00,1.74512157e-01,2.86543931e-02,1.71021914e+02,2.80813052e+01
2.54400000e+00,-1.45776172e-02,-1.10856674e-01,4.43130683e-02,-2.37757321e-02,-1.77172810e+01,0.00000000e+00,1.74264647e-01,2.77402301e-02,1.70779354e+02,2.71854255e+01
2.54600000e+00,-1.48091030e-02,-1.20613544e-01,4.42619448e-02,-2.72756984e-02,-1.77172810e+01,0.00000000e+00,1.74132471e-01,2.81555951e-02,1.70649822e+02,2.75924832e+01
2.54800000e+00,-1.50600429e-02,-1.30327805e-01,4.42042382e-02,-3.03666826e-02,-1.77172810e+01,0.00000000e+00,1.75277804e-01,2.85175337e-02,1.71772248e+02,2.79471830e+01
2.55000000e+00,-1.53304609e-02,-1.40112073e-01,4.41411199e-02,-3.24950835e-02,-1.77172810e+01,0.00000000e+00,1.77936027e-01,3.00868633e-02,1.74377307e+02,2.94851261e+01
2.55200000e+00,-1.56205029e-02,-1.49913841e-01,4.40747742e-02,-3.38489892e-02,-1.77172810e+01,0.00000000e+00,1.78014331e-01,3.00489738e-02,1.74454044e+02,2.94479944e+01
2.55400000e+00,-1.59299068e-02,-1.59401455e-01,4.40050417e-02,-3.62260466e-02,-1.77172810e+01,0.00000000e+00,1.73081761e-01,2.78404794e-02,1.69620125e+02,2.72836698e+01
2.55600000e+00,-1.62579007e-02,-1.68577083e-01,4.39293067e-02,-3.94480220e-02,-1.77172810e+01,0.00000000e+00,1.73364009e-01,2.81686365e-02,1.69896728e+02,2.76052638e+01
2.55800000e+00,-1.66042372e-02,-1.77785836e-01,4.38478390e-02,-4.17861181e-02,-1.77172810e+01,0.00000000e+00,1.76645569e-01,2.95804105e-02,1.73112658e+02,2.89888023e+01
2.56000000e+00,-1.69690011e-02,-1.86930166e-01,4.37623779e-02,-4.38007104e-02,-1.77172810e+01,0.00000000e+00,1.74798770e-01,2.87263554e-02,1.71302795e+02,2.81518283e+01
2.56200000e+00,-1.73517782e-02,-1.95804999e-01,4.36722711e-02,-4.63628041e-02,-1.77172810e+01,0.00000000e+00,1.73436453e-01,2.83035027e-02,1.69967724e+02,2.77374327e+01
2.56400000e+00,-1.77521090e-02,-2.04511699e-01,4.35766525e-02,-4.93360831e-02,-1.77172810e+01,0.00000000e+00,1.74102363e-01,2.77278598e-02,1.70620316e+02,2.71733026e+01
2.56600000e+00,-1.81697347e-02,-2.13082973e-01,4.34749332e-02,-5.22996874e-02,-1.77172810e+01,0.00000000e+00,1.73645979e-01,2.81797403e-02,1.70173060e+02,2.76161455e+01
2.56800000e+00,-1.86043706e-02,-2.21548746e-01,4.33678091e-02,-5.47303229e-02,-1.77172810e+01,0.00000000e+00,1.75150549e-01,2.86945581e-02,1.71647538e+02,2.81206669e+01
2.57000000e+00,-1.90559178e-02,-2.29996569e-01,4.32566066e-02,-5.62690426e-02,-1.77172810e+01,0.00000000e+00,1.76878155e-01,2.98937232e-02,1.73340592e+02,2.92958487e+01
2.57200000e+00,-1.95242888e-02,-2.38342295e-01,4.31431336e-02,-5.72067937e-02,-1.77172810e+01,0.00000000e+00,1.76554052e-01,2.97942692e-02,1.73022971e+02,2.91983838e+01
2.57400000e+00,-2.00090268e-02,-2.46297869e-01,4.30271088e-02,-5.91503249e-02,-1.77172810e+01,0.00000000e+00,1.71685524e-01,2.76174974e-02,1.68251814e+02,2.70651474e+01
2.57600000e+00,-2.05092460e-02,-2.53902162e-01,4.29060733e-02,-6.17823838e-02,-1.77172810e+01,0.00000000e+00,1.72397832e-01,2.81772570e-02,1.68949876e+02,2.76137118e+01
2.57800000e+00,-2.10246133e-02,-2.61473178e-01,4.27806041e-02,-6.34774317e-02,-1.77172810e+01,0.00000000e+00,1.75084150e-01,2.94058202e-02,1.71582467e+02,2.88177038e+01
2.58000000e+00,-2.15550359e-02,-2.68889927e-01,4.26523343e-02,-6.49163696e-02,-1.77172810e+01,0.00000000e+00,1.73092505e-01,2.85321267e-02,1.69630655e+02,2.79614842e+01
2.58200000e+00,-2.20999696e-02,-2.76001583e-01,4.25206991e-02,-6.67144515e-02,-1.77172810e+01,0.00000000e+00,1.72374161e-01,2.84646617e-02,1.68926678e+02,2.78953684e+01
2.58400000e+00,-2.26589410e-02,-2.82961353e-01,4.23853873e-02,-6.86463433e-02,-1.77172810e+01,0.00000000e+00,1.74077917e-01,2.80587256e-02,1.70596358e+02,2.74975511e+01
2.58600000e+00,-2.32316847e-02,-2.89725754e-01,4.22460889e-02,-7.06154572e-02,-1.77172810e+01,0.00000000e+00,1.72456509e-01,2.81883532e-02,1.69007379e+02,2.76245861e+01
2.58800000e+00,-2.38176877e-02,-2.96255674e-01,4.21031370e-02,-7.22673734e-02,-1.77172810e+01,0.00000000e+00,1.73355700e-01,2.85210096e-02,1.69888586e+02,2.79505894e+01
2.59000000e+00,-2.44166517e-02,-3.02702046e-01,4.19576149e-02,-7.30262058e-02,-1.77172810e+01,0.00000000e+00,1.75367377e-01,2.98554516e-02,1.71860029e+02,2.92583425e+01
2.59200000e+00,-2.50284245e-02,-3.09041396e-01,4.18115816e-02,-7.29609153e-02,-1.77172810e+01,0.00000000e+00,1.75822935e-01,3.00422179e-02,1.72306476e+02,2.94413735e+01
2.59400000e+00,-2.56525583e-02,-3.14992190e-01,4.16652628e-02,-7.36582413e-02,-1.77172810e+01,0.00000000e+00,1.71358141e-01,2.80458537e-02,1.67930978e+02,2.74849366e+01
2.59600000e+00,-2.62881683e-02,-3.20605576e-01,4.15167205e-02,-7.46977194e-02,-1.77172810e+01,0.00000000e+00,1.73104299e-01,2.91123373e-02,1.69642213e+02,2.85300905e+01
2.59800000e+00,-2.69349470e-02,-3.26168550e-01,4.13671914e-02,-7.46580560e-02,-1.77172810e+01,0.00000000e+00,1.75437224e-01,3.00974147e-02,1.71928480e+02,2.94954664e+01
2.60000000e+00,-2.75926884e-02,-3.31500365e-01,4.12181599e-02,-7.45110518e-02,-1.77172810e+01,0.00000000e+00,1.73050008e-01,2.91246274e-02,1.69589007e+02,2.85421348e+01
2.60200000e+00,-2.82606910e-02,-3.36446012e-01,4.10688144e-02,-7.48631749e-02,-1.77172810e+01,0.00000000e+00,1.71846150e-01,2.88365273e-02,1.68409227e+02,2.82597967e+01
2.60400000e+00,-2.89383965e-02,-3.41277757e-01,4.09188379e-02,-7.50191512e-02,-1.77172810e+01,0.00000000e+00,1.75901083e-01,2.93221897e-02,1.72383061e+02,2.87357459e+01
2.60600000e+00,-2.96256441e-02,-3.45872750e-01,4.07687239e-02,-7.51959229e-02,-1.77172810e+01,0.00000000e+00,1.71904914e-01,2.85784599e-02,1.68466816e+02,2.80068907e+01
2.60800000e+00,-3.03216579e-02,-3.50123388e-01,4.06181122e-02,-7.52858437e-02,-1.77172810e+01,0.00000000e+00,1.73518740e-01,2.92894200e-02,1.70048365e+02,2.87036316e+01
2.61000000e+00,-3.10260705e-02,-3.54273165e-01,4.04682630e-02,-7.43522407e-02,-1.77172810e+01,0.00000000e+00,1.75281358e-01,3.05124727e-02,1.71775730e+02,2.99022232e+01
2.61200000e+00,-3.17386041e-02,-3.58203191e-01,4.03209842e-02,-7.29972320e-02,-1.77172810e+01,0.00000000e+00,1.74184073e-01,2.99629710e-02,1.70700391e+02,2.93637116e+01
2.61400000e+00,-3.24585914e-02,-3.61695516e-01,4.01757342e-02,-7.24518407e-02,-1.77172810e+01,0.00000000e+00,1.70916259e-01,2.86052807e-02,1.67497934e+02,2.80331751e+01
2.61600000e+00,-3.31851804e-02,-3.64879230e-01,4.00311726e-02,-7.19128033e-02,-1.77172810e+01,0.00000000e+00,1.72890967e-01,2.97429781e-02,1.69433148e+02,2.91481185e+01
2.61800000e+00,-3.39180011e-02,-3.67902176e-01,3.98885314e-02,-7.07012218e-02,-1.77172810e+01,0.00000000e+00,1.73129245e-01,2.98126949e-02,1.69666660e+02,2.92164410e+01
2.62000000e+00,-3.46565759e-02,-3.70605343e-01,3.97482494e-02,-6.96671473e-02,-1.77172810e+01,0.00000000e+00,1.71436450e-01,2.91695308e-02,1.68007721e+02,2.85861402e+01
2.62200000e+00,-3.54002332e-02,-3.73024621e-01,3.96099598e-02,-6.84876515e-02,-1.77172810e+01,0.00000000e+00,1.72556184e-01,2.99199512e-02,1.69105061e+02,2.93215522e+01
2.62400000e+00,-3.61486367e-02,-3.75387372e-01,3.94746745e-02,-6.67445587e-02,-1.77172810e+01,0.00000000e+00,1.76215369e-01,3.01585674e-02,1.72691062e+02,2.95553961e+01
2.62600000e+00,-3.69015339e-02,-3.77376911e-01,3.93425837e-02,-6.55981745e-02,-1.77172810e+01,0.00000000e+00,1.69972663e-01,2.84781869e-02,1.66573209e+02,2.79086232e+01
2.62800000e+00,-3.76578237e-02,-3.78885572e-01,3.92119952e-02,-6.48816765e-02,-1.77172810e+01,0.00000000e+00,1.71146046e-01,2.90694325e-02,1.67723125e+02,2.84880438e+01
2.63000000e+00,-3.84169847e-02,-3.80257000e-01,3.90836470e-02,-6.32803289e-02,-1.77172810e+01,0.00000000e+00,1.72957455e-01,3.01515555e-02,1.69498306e+02,2.95485244e+01
2.63200000e+00,-3.91786681e-02,-3.81353028e-01,3.89589790e-02,-6.15213597e-02,-1.77172810e+01,0.00000000e+00,1.70923726e-01,2.92214109e-02,1.67505251e+02,2.86369826e+01
2.63400000e+00,-3.99421074e-02,-3.82014942e-01,3.88371355e-02,-6.04012973e-02,-1.77172810e+01,0.00000000e+00,1.69042532e-01,2.86359374e-02,1.65661681e+02,2.80632187e+01
2.63600000e+00,-4.07065678e-02,-3.82436717e-01,3.87176505e-02,-5.88663049e-02,-1.77172810e+01,0.00000000e+00,1.71551048e-01,2.99211189e-02,1.68120027e+02,2.93226965e+01
2.63800000e+00,-4.14717702e-02,-3.82732484e-01,3.86022381e-02,-5.64797204e-02,-1.77172810e+01,0.00000000e+00,1.72343257e-01,3.02576086e-02,1.68896392e+02,2.96524564e+01
2.64000000e+00,-4.22373044e-02,-3.82738351e-01,3.84917277e-02,-5.40989315e-02,-1.77172810e+01,0.00000000e+00,1.71025856e-01,2.97500825e-02,1.67605339e+02,2.91550809e+01
2.64200000e+00,-4.30025197e-02,-3.82438352e-01,3.83858330e-02,-5.17322965e-02,-1.77172810e+01,0.00000000e+00,1.71443673e-01,3.00756810e-02,1.68014799e+02,2.94741673e+01
2.64400000e+00,-4.37669974e-02,-3.82047769e-01,3.82851316e-02,-4.88661615e-02,-1.77172810e+01,0.00000000e+00,1.75151431e-01,3.06535470e-02,1.71648402e+02,3.00404760e+01
2.64600000e+00,-4.45305010e-02,-3.81342584e-01,3.81901892e-02,-4.62685783e-02,-1.77172810e+01,0.00000000e+00,1.70327354e-01,2.93752195e-02,1.66920807e+02,2.87877151e+01
2.64800000e+00,-4.52921109e-02,-3.80252135e-01,3.80999859e-02,-4.37780431e-02,-1.77172810e+01,0.00000000e+00,1.72370430e-01,3.02990387e-02,1.68923021e+02,2.96930580e+01
2.65000000e+00,-4.60513926e-02,-3.78986286e-01,3.80154492e-02,-4.07294204e-02,-1.77172810e+01,0.00000000e+00,1.72431941e-01,3.04246467e-02,1.68983302e+02,2.98161538e+01
2.65200000e+00,-4.68078397e-02,-3.77395891e-01,3.79369608e-02,-3.78419443e-02,-1.77172810e+01,0.00000000e+00,1.70967968e-01,2.98474532e-02,1.67548608e+02,2.92505042e+01
2.65400000e+00,-4.75607287e-02,-3.75434266e-01,3.78638212e-02,-3.53446287e-02,-1.77172810e+01,0.00000000e+00,1.69911059e-01,2.95001757e-02,1.66512837e+02,2.89101722e+01
2.65600000e+00,-4.83094063e-02,-3.73216948e-01,3.77957180e-02,-3.26436799e-02,-1.77172810e+01,0.00000000e+00,1.71113707e-01,3.01765335e-02,1.67691433e+02,2.95730029e+01
2.65800000e+00,-4.90534337e-02,-3.70755388e-01,3.77333884e-02,-2.97298899e-02,-1.77172810e+01,0.00000000e+00,1.70287297e-01,2.98566803e-02,1.66881551e+02,2.92595467e+01
2.66000000e+00,-4.97922391e-02,-3.68010734e-01,3.76767465e-02,-2.68940993e-02,-1.77172810e+01,0.00000000e+00,1.70540640e-01,2.99307454e-02,1.67129827e+02,2.93321305e+01
2.66200000e+00,-5.05253131e-02,-3.65020905e-01,3.76258929e-02,-2.39370196e-02,-1.77172810e+01,0.00000000e+00,1.70554509e-01,3.00374207e-02,1.67143418e+02,2.94366722e+01
2.66400000e+00,-5.12522381e-02,-3.61904179e-01,3.75813629e-02,-2.04332497e-02,-1.77172810e+01,0.00000000e+00,1.73522222e-01,3.10132696e-02,1.70051777e+02,3.03930042e+01
2.66600000e+00,-5.19727720e-02,-3.58550660e-01,3.75442023e-02,-1.68658791e-02,-1.77172810e+01,0.00000000e+00,1.70916556e-01,3.01163196e-02,1.67498225e+02,2.95139932e+01
2.66800000e+00,-5.26862375e-02,-3.54892253e-01,3.75138036e-02,-1.34421496e-02,-1.77172810e+01,0.00000000e+00,1.72236823e-01,3.06669795e-02,1.68792086e+02,3.00536399e+01
2.67000000e+00,-5.33922306e-02,-3.51068323e-01,3.74907096e-02,-9.60463397e-03,-1.77172810e+01,0.00000000e+00,1.72827440e-01,3.09503187e-02,1.69370891e+02,3.03313123e+01
2.67200000e+00,-5.40903151e-02,-3.46950848e-01,3.74752319e-02,-5.99680888e-03,-1.77172810e+01,0.00000000e+00,1.71092614e-01,3.01612248e-02,1.67670762e+02,2.95580003e+01
2.67400000e+00,-5.47797960e-02,-3.42476346e-01,3.74663643e-02,-2.92598868e-03,-1.77172810e+01,0.00000000e+00,1.70131139e-01,2.98092006e-02,1.66728516e+02,2.92130166e+01
2.67600000e+00,-5.54600569e-02,-3.37756588e-01,3.74635605e-02,1.93557688e-04,-1.77172810e+01,0.00000000e+00,1.70933934e-01,3.02582515e-02,1.67515255e+02,2.96530865e+01
2.67800000e+00,-5.61306902e-02,-3.32838622e-01,3.74672670e-02,3.50578773e-03,-1.77172810e+01,0.00000000e+00,1.70994020e-01,3.02175841e-02,1.67574140e+02,2.96132324e+01
2.68000000e+00,-5.67912445e-02,-3.27670211e-01,3.74775191e-02,6.72115780e-03,-1.77172810e+01,0.00000000e+00,1.70494874e-01,3.00682655e-02,1.67084976e+02,2.94669002e+01
2.68200000e+00,-5.74411995e-02,-3.22244492e-01,3.74941123e-02,9.87749736e-03,-1.77172810e+01,0.00000000e+00,1.70309157e-01,3.01160974e-02,1.66902974e+02,2.95137755e+01
2.68400000e+00,-5.80800724e-02,-3.16593750e-01,3.75171784e-02,1.32578601e-02,-1.77172810e+01,0.00000000e+00,1.70474908e-01,3.05700906e-02,1.67065409e+02,2.99586888e+01
2.68600000e+00,-5.87074831e-02,-3.10805907e-01,3.75473140e-02,1.68936427e-02,-1.77172810e+01,0.00000000e+00,1.72250771e-01,3.06937975e-02,1.68805755e+02,3.00799215e+01
2.68800000e+00,-5.93232188e-02,-3.04902227e-01,3.75848604e-02,2.06905897e-02,-1.77172810e+01,0.00000000e+00,1.72818470e-01,3.09604784e-02,1.69362101e+02,3.03412688e+01
2.69000000e+00,-5.99269680e-02,-2.98812514e-01,3.76301246e-02,2.45599485e-02,-1.77172810e+01,0.00000000e+00,1.72856991e-01,3.09088680e-02,1.69399851e+02,3.02906907e+01
2.69200000e+00,-6.05182980e-02,-2.92466573e-01,3.76828965e-02,2.81238049e-02,-1.77172810e+01,0.00000000e+00,1.71683957e-01,3.03931263e-02,1.68250278e+02,2.97852638e+01
2.69400000e+00,-6.10966533e-02,-2.85849185e-01,3.77423649e-02,3.13053141e-02,-1.77172810e+01,0.00000000e+00,1.71262128e-01,3.01899609e-02,1.67836886e+02,2.95861617e+01
2.69600000e+00,-6.16615549e-02,-2.79021958e-01,3.78080096e-02,3.43245672e-02,-1.77172810e+01,0.00000000e+00,1.71419748e-01,3.01450902e-02,1.67991353e+02,2.95421884e+01
2.69800000e+00,-6.22126470e-02,-2.72053502e-01,3.78797792e-02,3.75177713e-02,-1.77172810e+01,0.00000000e+00,1.72489071e-01,3.06563387e-02,1.69039290e+02,3.00432119e+01
2.70000000e+00,-6.27497024e-02,-2.64985335e-01,3.79583585e-02,4.11276575e-02,-1.77172810e+01,0.00000000e+00,1.73502671e-01,3.11305163e-02,1.70032618e+02,3.05079060e+01
2.70200000e+00,-6.32724954e-02,-2.57777842e-01,3.80443733e-02,4.48627568e-02,-1.77172810e+01,0.00000000e+00,1.73530372e-01,3.10405049e-02,1.70059764e+02,3.04196948e+01
2.70400000e+00,-6.37805099e-02,-2.50114512e-01,3.81372918e-02,4.78213578e-02,-1.77172810e+01,0.00000000e+00,1.67028835e-01,2.96320828e-02,1.63688259e+02,2.90394412e+01
2.70600000e+00,-6.42728656e-02,-2.42319395e-01,3.82356751e-02,5.08044256e-02,-1.77172810e+01,0.00000000e+00,1.74502206e-01,3.12312895e-02,1.71012162e+02,3.06066637e+01
2.70800000e+00,-6.47498621e-02,-2.34636257e-01,3.83408422e-02,5.42865000e-02,-1.77172810e+01,0.00000000e+00,1.73570531e-01,3.08282849e-02,1.70099121e+02,3.02117192e+01
2.71000000e+00,-6.52113389e-02,-2.26845541e-01,3.84529163e-02,5.79113624e-02,-1.77172810e+01,0.00000000e+00,1.75787379e-01,3.16896785e-02,1.72271632e+02,3.10558849e+01
2.71200000e+00,-6.56571800e-02,-2.18958453e-01,3.85725916e-02,6.16921329e-02,-1.77172810e+01,0.00000000e+00,1.74990119e-01,3.13249286e-02,1.71490316e+02,3.06984300e+01
2.71400000e+00,-6.60870532e-02,-2.10892121e-01,3.86995073e-02,6.52066421e-02,-1.77172810e+01,0.00000000e+00,1.75140938e-01,3.13106621e-02,1.71638119e+02,3.06844489e+01
2.71600000e+00,-6.65006606e-02,-2.02693959e-01,3.88333010e-02,6.85454001e-02,-1.77172810e+01,0.00000000e+00,1.75319374e-01,3.11457809e-02,1.71812987e+02,3.05228653e+01
2.71800000e+00,-6.68977187e-02,-1.94330223e-01,3.89734684e-02,7.15535052e-02,-1.77172810e+01,0.00000000e+00,1.74547181e-01,3.08156046e-02,1.71056238e+02,3.01992925e+01
2.72000000e+00,-6.72779317e-02,-1.85891788e-01,3.91195897e-02,7.46736614e-02,-1.77172810e+01,0.00000000e+00,1.76712126e-01,3.15884907e-02,1.73177883e+02,3.09567209e+01
2.72200000e+00,-6.76412847e-02,-1.77451667e-01,3.92724080e-02,7.81612153e-02,-1.77172810e+01,0.00000000e+00,1.77508323e-01,3.18036681e-02,1.73958156e+02,3.11675948e+01
2.72400000e+00,-6.79873664e-02,-1.68453634e-01,3.94314591e-02,8.04858183e-02,-1.77172810e+01,0.00000000e+00,1.66536379e-01,2.93735571e-02,1.63205652e+02,2.87860860e+01
2.72600000e+00,-6.83150125e-02,-1.59325495e-01,3.95942172e-02,8.26091685e-02,-1.77172810e+01,0.00000000e+00,1.77180554e-01,3.16130205e-02,1.73636942e+02,3.09807601e+01
2.72800000e+00,-6.86248803e-02,-1.50515286e-01,3.97624654e-02,8.55868126e-02,-1.77172810e+01,0.00000000e+00,1.76530946e-01,3.14058392e-02,1.73000327e+02,3.07777224e+01
2.73000000e+00,-6.89170032e-02,-1.41599479e-01,3.99363901e-02,8.83030026e-02,-1.77172810e+01,0.00000000e+00,1.77134050e-01,3.13115688e-02,1.73591369e+02,3.06853374e+01
2.73200000e+00,-6.91912028e-02,-1.32570564e-01,4.01154040e-02,9.06091246e-02,-1.77172810e+01,0.00000000e+00,1.76162989e-01,3.07998574e-02,1.72639729e+02,3.01838603e+01
2.73400000e+00,-6.94472250e-02,-1.23450890e-01,4.02987032e-02,9.27302007e-02,-1.77172810e+01,0.00000000e+00,1.77140456e-01,3.11841638e-02,1.73597647e+02,3.05604805e+01
2.73600000e+00,-6.96849625e-02,-1.14265325e-01,4.04862132e-02,9.46839123e-02,-1.77172810e+01,0.00000000e+00,1.76601423e-01,3.07155938e-02,1.73069394e+02,3.01012820e+01
2.73800000e+00,-6.99042125e-02,-1.04969136e-01,4.06771209e-02,9.61606883e-02,-1.77172810e+01,0.00000000e+00,1.76383133e-01,3.04551722e-02,1.72855470e+02,2.98460687e+01
2.74000000e+00,-7.01047760e-02,-9.55784069e-02,4.08706277e-02,9.72952007e-02,-1.77172810e+01,0.00000000e+00,1.76067794e-01,3.02731364e-02,1.72546438e+02,2.96676737e+01
2.74200000e+00,-7.02865136e-02,-8.61688231e-02,4.10663206e-02,9.84580880e-02,-1.77172810e+01,0.00000000e+00,1.77464563e-01,3.07938424e-02,1.73915272e+02,3.01779656e+01
2.74400000e+00,-7.04491152e-02,-7.62551552e-02,4.12638368e-02,9.86861506e-02,-1.77172810e+01,0.00000000e+00,1.65655783e-01,2.85928593e-02,1.62342667e+02,2.80210021e+01
2.74600000e+00,-7.05916607e-02,-6.65311515e-02,4.14616961e-02,9.98603246e-02,-1.77172810e+01,0.00000000e+00,1.83100823e-01,3.30621888e-02,1.79438807e+02,3.24009450e+01
2.74800000e+00,-7.07156174e-02,-5.73735552e-02,4.16641770e-02,1.02382839e-01,-1.77172810e+01,0.00000000e+00,1.79940280e-01,3.17111593e-02,1.76341474e+02,3.10769361e+01
2.75000000e+00,-7.08210186e-02,-4.80115671e-02,4.18704705e-02,1.03769991e-01,-1.77172810e+01,0.00000000e+00,1.79223292e-01,3.09731434e-02,1.75638826e+02,3.03536805e+01
2.75200000e+00,-7.09076055e-02,-3.85623294e-02,4.20788363e-02,1.04526270e-01,-1.77172810e+01,0.00000000e+00,1.78646836e-01,3.06842840e-02,1.75073899e+02,3.00705983e+01
2.75400000e+00,-7.09753364e-02,-2.92158370e-02,4.22888392e-02,1.05677870e-01,-1.77172810e+01,0.00000000e+00,1.82215424e-01,3.21025380e-02,1.78571115e+02,3.14604873e+01
2.75600000e+00,-7.10245405e-02,-1.99767686e-02,4.25016966e-02,1.07052624e-01,-1.77172810e+01,0.00000000e+00,1.81596380e-01,3.14561546e-02,1.77964453e+02,3.08270315e+01
2.75800000e+00,-7.10551970e-02,-1.06678988e-02,4.27166292e-02,1.07796661e-01,-1.77172810e+01,0.00000000e+00,1.80872554e-01,3.10853721e-02,1.77255103e+02,3.04636647e+01
2.76000000e+00,-7.10672501e-02,-1.41607729e-03,4.29328951e-02,1.08558576e-01,-1.77172810e+01,0.00000000e+00,1.83065728e-01,3.18023569e-02,1.79404413e+02,3.11663098e+01
2.76200000e+00,-7.10609272e-02,7.73686560e-03,4.31509334e-02,1.09425358e-01,-1.77172810e+01,0.00000000e+00,1.83168838e-01,3.16165942e-02,1.79505461e+02,3.09842623e+01
2.76400000e+00,-7.10358741e-02,1.75325289e-02,4.33693901e-02,1.08482671e-01,-1.77172810e+01,0.00000000e+00,1.67881642e-01,2.83165220e-02,1.64524009e+02,2.77501915e+01
2.76600000e+00,-7.09909145e-02,2.71521159e-02,4.35853456e-02,1.08262079e-01,-1.77172810e+01,0.00000000e+00,1.86956642e-01,3.34411921e-02,1.83217509e+02,3.27723683e+01
2.76800000e+00,-7.09277109e-02,3.61037977e-02,4.38033929e-02,1.09473257e-01,-1.77172810e+01,0.00000000e+00,1.83009190e-01,3.16326835e-02,1.79349006e+02,3.10000298e+01
2.77000000e+00,-7.08464289e-02,4.51610572e-02,4.40225366e-02,1.09631465e-01,-1.77172810e+01,0.00000000e+00,1.83863085e-01,3.15439869e-02,1.80185824e+02,3.09131071e+01
2.77200000e+00,-7.07471269e-02,5.41280378e-02,4.42418390e-02,1.09669999e-01,-1.77172810e+01,0.00000000e+00,1.84344789e-01,3.16947641e-02,1.80657894e+02,3.10608688e+01
2.77400000e+00,-7.06300525e-02,6.28914934e-02,4.44616032e-02,1.10288392e-01,-1.77172810e+01,0.00000000e+00,1.87699212e-01,3.30748857e-02,1.83945228e+02,3.24133880e+01
2.77600000e+00,-7.04956113e-02,7.15794058e-02,4.46828120e-02,1.10636040e-01,-1.77172810e+01,0.00000000e+00,1.85047892e-01,3.14422246e-02,1.81346934e+02,3.08133801e+01
2.77800000e+00,-7.03436982e-02,8.03222322e-02,4.49034671e-02,1.09963314e-01,-1.77172810e+01,0.00000000e+00,1.85211641e-01,3.12485922e-02,1.81507408e+02,3.06236204e+01
2.78000000e+00,-7.01744256e-02,8.89101917e-02,4.51227789e-02,1.09460990e-01,-1.77172810e+01,0.00000000e+00,1.87320123e-01,3.21134515e-02,1.83573721e+02,3.14711824e+01
2.78200000e+00,-6.99882228e-02,9.72502169e-02,4.53416911e-02,1.09528677e-01,-1.77172810e+01,0.00000000e+00,1.89519397e-01,3.27577827e-02,1.85729009e+02,3.21026270e+01
2.78400000e+00,-6.97850412e-02,1.06165593e-01,4.55597813e-02,1.07928134e-01,-1.77172810e+01,0.00000000e+00,1.72252515e-01,2.89237875e-02,1.68807464e+02,2.83453117e+01
2.78600000e+00,-6.95636876e-02,1.14890239e-01,4.57737376e-02,1.06828375e-01,-1.77172810e+01,0.00000000e+00,1.92206108e-01,3.41153564e-02,1.88361986e+02,3.34330493e+01
2.78800000e+00,-6.93259000e-02,1.22985207e-01,4.59876629e-02,1.06580895e-01,-1.77172810e+01,0.00000000e+00,1.85057974e-01,3.10182183e-02,1.81356814e+02,3.03978539e+01
2.79000000e+00,-6.90716351e-02,1.31247653e-01,4.61989762e-02,1.04706015e-01,-1.77172810e+01,0.00000000e+00,1.86250812e-01,3.10020734e-02,1.82525795e+02,3.03820319e+01
2.79200000e+00,-6.88009814e-02,1.39402051e-01,4.64061988e-02,1.02398997e-01,-1.77172810e+01,0.00000000e+00,1.85406641e-01,3.04080864e-02,1.81698509e+02,2.97999247e+01
2.79400000e+00,-6.85141800e-02,1.47326733e-01,4.66088719e-02,1.00541473e-01,-1.77172810e+01,0.00000000e+00,1.89310100e-01,3.22359614e-02,1.85523898e+02,3.15912422e+01
2.79600000e+00,-6.82118255e-02,1.55024985e-01,4.68085732e-02,9.89966515e-02,-1.77172810e+01,0.00000000e+00,1.88260912e-01,3.13503013e-02,1.84495694e+02,3.07232953e+01
2.79800000e+00,-6.78941535e-02,1.62613183e-01,4.70046021e-02,9.70672330e-02,-1.77172810e+01,0.00000000e+00,1.89319651e-01,3.17095346e-02,1.85533258e+02,3.10753439e+01
2.80000000e+00,-6.75615239e-02,1.69974570e-01,4.71969973e-02,9.53705926e-02,-1.77172810e+01,0.00000000e+00,1.90875758e-01,3.21144632e-02,1.87058243e+02,3.14721740e+01
2.80200000e+00,-6.72143494e-02,1.77194663e-01,4.73859088e-02,9.34105014e-02,-1.77172810e+01,0.00000000e+00,1.89816737e-01,3.14271713e-02,1.86020402e+02,3.07986279e+01
2.80400000e+00,-6.68523271e-02,1.85042010e-01,4.75693673e-02,8.95426189e-02,-1.77172810e+01,0.00000000e+00,1.73294373e-01,2.83734627e-02,1.69828485e+02,2.78059935e+01
2.80600000e+00,-6.64744783e-02,1.92443948e-01,4.77450699e-02,8.71602569e-02,-1.77172810e+01,0.00000000e+00,1.97171970e-01,3.47976650e-02,1.93228531e+02,3.41017117e+01
2.80800000e+00,-6.60831050e-02,1.99015315e-01,4.79189599e-02,8.62052164e-02,-1.77172810e+01,0.00000000e+00,1.89534188e-01,3.16180027e-02,1.85743505e+02,3.09856427e+01
2.81000000e+00,-6.56782982e-02,2.05764899e-01,4.80886535e-02,8.33944333e-02,-1.77172810e+01,0.00000000e+00,1.89730642e-01,3.11459871e-02,1.85936029e+02,3.05230673e+01
2.81200000e+00,-6.52601752e-02,2.12319896e-01,4.82523824e-02,8.03508121e-02,-1.77172810e+01,0.00000000e+00,1.90694820e-01,3.13644227e-02,1.86880924e+02,3.07371342e+01
2.81400000e+00,-6.48292170e-02,2.18577440e-01,4.84103398e-02,7.77318128e-02,-1.77172810e+01,0.00000000e+00,1.93189085e-01,3.22640425e-02,1.89325304e+02,3.16187617e+01
2.81600000e+00,-6.43859639e-02,2.24687218e-01,4.85630638e-02,7.47441728e-02,-1.77172810e+01,0.00000000e+00,1.90554240e-01,3.08099406e-02,1.86743155e+02,3.01937417e+01
2.81800000e+00,-6.39305448e-02,2.30681929e-01,4.87090213e-02,7.13137169e-02,-1.77172810e+01,0.00000000e+00,1.92184844e-01,3.15445234e-02,1.88341147e+02,3.09136329e+01
2.82000000e+00,-6.34634529e-02,2.36351614e-01,4.88487257e-02,6.84938289e-02,-1.77172810e+01,0.00000000e+00,1.94359623e-01,3.22922941e-02,1.90472431e+02,3.16464482e+01
2.82200000e+00,-6.29852927e-02,2.41789832e-01,4.89829460e-02,6.55979774e-02,-1.77172810e+01,0.00000000e+00,1.93712537e-01,3.15779487e-02,1.89838286e+02,3.09463897e+01
2.82400000e+00,-6.24958004e-02,2.47967714e-01,4.91094898e-02,6.02607130e-02,-1.77172810e+01,0.00000000e+00,1.73103929e-01,2.73504408e-02,1.69641850e+02,2.68034320e+01
2.82600000e+00,-6.19936887e-02,2.53745339e-01,4.92248453e-02,5.62077525e-02,-1.77172810e+01,0.00000000e+00,1.98991804e-01,3.44406062e-02,1.95011968e+02,3.37517941e+01
2.82800000e+00,-6.14814355e-02,2.58598327e-01,4.93353786e-02,5.37414548e-02,-1.77172810e+01,0.00000000e+00,1.90548026e-01,3.08395214e-02,1.86737065e+02,3.02227309e+01
2.83000000e+00,-6.09592304e-02,2.63548747e-01,4.94388348e-02,4.98107782e-02,-1.77172810e+01,0.00000000e+00,1.92472631e-01,3.15163111e-02,1.88623178e+02,3.08859849e+01
2.83200000e+00,-6.04274503e-02,2.68184457e-01,4.95348414e-02,4.62096178e-02,-1.77172810e+01,0.00000000e+00,1.93580008e-01,3.16698039e-02,1.89708408e+02,3.10364079e+01
2.83400000e+00,-5.98866731e-02,2.72549410e-01,4.96237551e-02,4.27311545e-02,-1.77172810e+01,0.00000000e+00,1.94402975e-01,3.19023029e-02,1.90514915e+02,3.12642569e+01
2.83600000e+00,-5.93373350e-02,2.76790931e-01,4.97054153e-02,3.87267606e-02,-1.77172810e+01,0.00000000e+00,1.91997213e-01,3.06840843e-02,1.88157269e+02,3.00704026e+01
2.83800000e+00,-5.87795954e-02,2.80903400e-01,4.97783541e-02,3.42604478e-02,-1.77172810e+01,0.00000000e+00,1.92882570e-01,3.10387754e-02,1.89024919e+02,3.04179999e+01
2.84000000e+00,-5.82139008e-02,2.84746815e-01,4.98425682e-02,2.99606646e-02,-1.77172810e+01,0.00000000e+00,1.93682242e-01,3.11271226e-02,1.89808597e+02,3.05045801e+01
2.84200000e+00,-5.76407433e-02,2.88387570e-01,4.98980439e-02,2.54315434e-02,-1.77172810e+01,0.00000000e+00,1.92954311e-01,3.06384600e-02,1.89095225e+02,3.00256908e+01
2.84400000e+00,-5.70598464e-02,2.92784434e-01,4.99426507e-02,1.84372809e-02,-1.77172810e+01,0.00000000e+00,1.71288806e-01,2.60190651e-02,1.67863030e+02,2.54986838e+01
2.84600000e+00,-5.64698563e-02,2.96805320e-01,4.99725241e-02,1.25392664e-02,-1.77172810e+01,0.00000000e+00,1.96941705e-01,3.29850198e-02,1.93002871e+02,3.23253194e+01
2.84800000e+00,-5.58733830e-02,2.99689398e-01,4.99945306e-02,9.22546151e-03,-1.77172810e+01,0.00000000e+00,1.92995499e-01,3.14760169e-02,1.89135589e+02,3.08464965e+01
2.85000000e+00,-5.52711321e-02,3.02523389e-01,5.00088355e-02,5.02604498e-03,-1.77172810e+01,0.00000000e+00,1.93207498e-01,3.11482474e-02,1.89343348e+02,3.05252824e+01
2.85200000e+00,-5.46634249e-02,3.05154233e-01,5.00144498e-02,5.49132404e-04,-1.77172810e+01,0.00000000e+00,1.92792498e-01,3.09033841e-02,1.88936648e+02,3.02853164e+01
2.85400000e+00,-5.40507120e-02,3.07489709e-01,5.00113065e-02,-3.51603943e-03,-1.77172810e+01,0.00000000e+00,1.95117531e-01,3.20097326e-02,1.91215181e+02,3.13695380e+01
2.85600000e+00,-5.34336032e-02,3.09619433e-01,5.00002888e-02,-7.72641442e-03,-1.77172810e+01,0.00000000e+00,1.92571454e-01,3.05844897e-02,1.88720025e+02,2.99727999e+01
2.85800000e+00,-5.28122910e-02,3.11664136e-01,4.99799051e-02,-1.26803756e-02,-1.77172810e+01,0.00000000e+00,1.92040771e-01,3.04218372e-02,1.88199956e+02,2.98134004e+01
2.86000000e+00,-5.21871293e-02,3.13434876e-01,4.99497633e-02,-1.73403810e-02,-1.77172810e+01,0.00000000e+00,1.93877361e-01,3.11603950e-02,1.89999814e+02,3.05371871e+01
2.86200000e+00,-5.15587307e-02,3.14936830e-01,4.99106710e-02,-2.18092055e-02,-1.77172810e+01,0.00000000e+00,1.93198056e-01,3.07690806e-02,1.89334095e+02,3.01536990e+01
2.86400000e+00,-5.09269002e-02,3.17161427e-01,4.98607754e-02,-2.89042658e-02,-1.77172810e+01,0.00000000e+00,1.71841285e-01,2.55792051e-02,1.68404459e+02,2.50676210e+01
2.86600000e+00,-5.02902473e-02,3.19142562e-01,4.97953514e-02,-3.55534181e-02,-1.77172810e+01,0.00000000e+00,1.93699468e-01,3.16146875e-02,1.89825479e+02,3.09823937e+01
2.86800000e+00,-4.96510155e-02,3.20095518e-01,4.97201616e-02,-3.98028996e-02,-1.77172810e+01,0.00000000e+00,1.90652735e-01,3.05103701e-02,1.86839681e+02,2.99001627e+01
2.87000000e+00,-4.90099178e-02,3.20969613e-01,4.96357461e-02,-4.46428450e-02,-1.77172810e+01,0.00000000e+00,1.90312513e-01,3.02566727e-02,1.86506262e+02,2.96515392e+01
2.87200000e+00,-4.83672401e-02,3.21689002e-01,4.95413615e-02,-4.98258131e-02,-1.77172810e+01,0.00000000e+00,1.89024451e-01,2.96576107e-02,1.85243962e+02,2.90644585e+01
2.87400000e+00,-4.77233744e-02,3.22089560e-01,4.94368570e-02,-5.43876779e-02,-1.77172810e+01,0.00000000e+00,1.92508688e-01,3.14130581e-02,1.88658515e+02,3.07847969e+01
2.87600000e+00,-4.70790819e-02,3.22190204e-01,4.93240976e-02,-5.85193629e-02,-1.77172810e+01,0.00000000e+00,1.90773582e-01,3.04011002e-02,1.86958110e+02,2.97930782e+01
2.87800000e+00,-4.64347161e-02,3.22137009e-01,4.92025812e-02,-6.29486081e-02,-1.77172810e+01,0.00000000e+00,1.90843310e-01,3.06167114e-02,1.87026443e+02,3.00043772e+01
2.88000000e+00,-4.57907046e-02,3.21827731e-01,4.90724869e-02,-6.71022227e-02,-1.77172810e+01,0.00000000e+00,1.91499254e-01,3.07955133e-02,1.87669269e+02,3.01796030e+01
2.88200000e+00,-4.51475801e-02,3.21256188e-01,4.89343077e-02,-7.10527227e-02,-1.77172810e+01,0.00000000e+00,1.91719584e-01,3.08472727e-02,1.87885192e+02,3.02303273e+01
2.88400000e+00,-4.45053659e-02,3.21155495e-01,4.87869763e-02,-7.69524003e-02,-1.77172810e+01,0.00000000e+00,1.75252956e-01,2.64958465e-02,1.71747897e+02,2.59659296e+01
2.88600000e+00,-4.38631023e-02,3.20838561e-01,4.86267742e-02,-8.24381721e-02,-1.77172810e+01,0.00000000e+00,1.91529407e-01,3.14897716e-02,1.87698818e+02,3.08599762e+01
2.88800000e+00,-4.32225779e-02,3.19672263e-01,4.84587630e-02,-8.56151276e-02,-1.77172810e+01,0.00000000e+00,1.89866860e-01,3.11033189e-02,1.86069523e+02,3.04812525e+01
2.89000000e+00,-4.25845047e-02,3.18368807e-01,4.82841430e-02,-8.90481962e-02,-1.77172810e+01,0.00000000e+00,1.89520484e-01,3.07041161e-02,1.85730074e+02,3.00900338e+01
2.89200000e+00,-4.19492214e-02,3.16887231e-01,4.81024363e-02,-9.26820113e-02,-1.77172810e+01,0.00000000e+00,1.88837123e-01,3.04238444e-02,1.85060381e+02,2.98153675e+01
2.89400000e+00,-4.13171460e-02,3.15120343e-01,4.79138029e-02,-9.57339548e-02,-1.77172810e+01,0.00000000e+00,1.91020725e-01,3.16573237e-02,1.87200310e+02,3.10241772e+01
2.89600000e+00,-4.06888983e-02,3.13116107e-01,4.77196826e-02,-9.85128358e-02,-1.77172810e+01,0.00000000e+00,1.89246643e-01,3.07207707e-02,1.85461710e+02,3.01063553e+01
2.89800000e+00,-4.00647542e-02,3.11002843e-01,4.75195053e-02,-1.01661015e-01,-1.77172810e+01,0.00000000e+00,1.88464834e-01,3.05974844e-02,1.84695537e+02,2.99855347e+01
2.90000000e+00,-3.94450329e-02,3.08670625e-01,4.73132143e-02,-1.04545579e-01,-1.77172810e+01,0.00000000e+00,1.89294734e-01,3.09806103e-02,1.85508839e+02,3.03609981e+01
2.90200000e+00,-3.88302225e-02,3.06112245e-01,4.71014921e-02,-1.07176542e-01,-1.77172810e+01,0.00000000e+00,1.88720483e-01,3.08284081e-02,1.84946073e+02,3.02118400e+01
2.90400000e+00,-3.82204286e-02,3.03786765e-01,4.68835000e-02,-1.11319451e-01,-1.77172810e+01,0.00000000e+00,1.78864624e-01,2.74970994e-02,1.75287331e+02,2.69471574e+01
2.90600000e+00,-3.76151134e-02,3.01404338e-01,4.66560163e-02,-1.15759444e-01,-1.77172810e+01,0.00000000e+00,1.85100621e-01,2.98818318e-02,1.81398608e+02,2.92841952e+01
2.90800000e+00,-3.70150710e-02,2.98632429e-01,4.64210857e-02,-1.19264287e-01,-1.77172810e+01,0.00000000e+00,1.83056189e-01,2.91257547e-02,1.79395065e+02,2.85432396e+01
2.91000000e+00,-3.64206039e-02,2.95830201e-01,4.61786147e-02,-1.23285757e-01,-1.77172810e+01,0.00000000e+00,1.80944885e-01,2.84526558e-02,1.77325987e+02,2.78836026e+01
2.91200000e+00,-3.58318000e-02,2.92953263e-01,4.59277935e-02,-1.27530974e-01,-1.77172810e+01,0.00000000e+00,1.79983735e-01,2.82995268e-02,1.76384061e+02,2.77335363e+01
2.91400000e+00,-3.52489647e-02,2.89815552e-01,4.56689792e-02,-1.31043742e-01,-1.77172810e+01,0.00000000e+00,1.82268076e-01,2.96218643e-02,1.78622715e+02,2.90294270e+01
2.91600000e+00,-3.46726790e-02,2.86466051e-01,4.54038704e-02,-1.34178713e-01,-1.77172810e+01,0.00000000e+00,1.80214706e-01,2.87150291e-02,1.76610412e+02,2.81407285e+01
2.91800000e+00,-3.41031579e-02,2.83030482e-01,4.51321015e-02,-1.37557939e-01,-1.77172810e+01,0.00000000e+00,1.79616159e-01,2.87223239e-02,1.76023835e+02,2.81478774e+01
2.92000000e+00,-3.35406514e-02,2.79453375e-01,4.48537659e-02,-1.40746212e-01,-1.77172810e+01,0.00000000e+00,1.78915683e-01,2.87195314e-02,1.75337369e+02,2.81451408e+01
2.92200000e+00,-3.29854608e-02,2.75701693e-01,4.45693232e-02,-1.43624664e-01,-1.77172810e+01,0.00000000e+00,1.79148180e-01,2.89674964e-02,1.75565216e+02,2.83881465e+01
2.92400000e+00,-3.24379769e-02,2.71751636e-01,4.42793595e-02,-1.46364817e-01,-1.77172810e+01,0.00000000e+00,1.79065914e-01,2.85966972e-02,1.75484596e+02,2.80247633e+01
2.92600000e+00,-3.18985082e-02,2.67720596e-01,4.39838500e-02,-1.49125786e-01,-1.77172810e+01,0.00000000e+00,1.76620258e-01,2.85027799e-02,1.73087853e+02,2.79327243e+01
2.92800000e+00,-3.13671614e-02,2.63589205e-01,4.36831044e-02,-1.51514689e-01,-1.77172810e+01,0.00000000e+00,1.77056618e-01,2.89490456e-02,1.73515486e+02,2.83700647e+01
2.93000000e+00,-3.08442746e-02,2.59273027e-01,4.33780550e-02,-1.53508064e-01,-1.77172810e+01,0.00000000e+00,1.76652238e-01,2.88980321e-02,1.73119193e+02,2.83200715e+01
2.93200000e+00,-3.03301388e-02,2.54852630e-01,4.30691046e-02,-1.55452809e-01,-1.77172810e+01,0.00000000e+00,1.75276941e-01,2.86105546e-02,1.71771402e+02,2.80383435e+01
2.93400000e+00,-2.98249460e-02,2.50309412e-01,4.27563989e-02,-1.57164908e-01,-1.77172810e+01,0.00000000e+00,1.75379781e-01,2.89403667e-02,1.71872186e+02,2.83615594e+01
2.93600000e+00,-2.93290061e-02,2.45608707e-01,4.24406819e-02,-1.58521664e-01,-1.77172810e+01,0.00000000e+00,1.74889402e-01,2.89059623e-02,1.71391614e+02,2.83278431e+01
2.93800000e+00,-2.88426351e-02,2.40722171e-01,4.21226687e-02,-1.59343845e-01,-1.77172810e+01,0.00000000e+00,1.75731996e-01,2.96085326e-02,1.72217356e+02,2.90163619e+01
2.94000000e+00,-2.83662341e-02,2.35660587e-01,4.18036532e-02,-1.59646033e-01,-1.77172810e+01,0.00000000e+00,1.75070248e-01,2.95418244e-02,1.71568843e+02,2.89509879e+01
2.94200000e+00,-2.79000641e-02,2.30491844e-01,4.14841673e-02,-1.59824053e-01,-1.77172810e+01,0.00000000e+00,1.74409538e-01,2.94128328e-02,1.70921348e+02,2.88245762e+01
2.94400000e+00,-2.74446062e-02,2.24813939e-01,4.11651421e-02,-1.58824576e-01,-1.77172810e+01,0.00000000e+00,1.83227416e-01,3.15573878e-02,1.79562868e+02,3.09262401e+01
2.94600000e+00,-2.70008550e-02,2.19066119e-01,4.08488556e-02,-1.57845049e-01,-1.77172810e+01,0.00000000e+00,1.72396819e-01,2.89185637e-02,1.68948882e+02,2.83401925e+01
2.94800000e+00,-2.65681375e-02,2.13624603e-01,4.05331585e-02,-1.57770573e-01,-1.77172810e+01,0.00000000e+00,1.72515421e-01,2.92066931e-02,1.69065113e+02,2.86225592e+01
2.95000000e+00,-2.61464695e-02,2.08013735e-01,4.02181384e-02,-1.57148644e-01,-1.77172810e+01,0.00000000e+00,1.72889161e-01,2.96174241e-02,1.69431378e+02,2.90250756e+01
2.95200000e+00,-2.57361866e-02,2.02246938e-01,3.99048959e-02,-1.56028789e-01,-1.77172810e+01,0.00000000e+00,1.72786373e-01,2.98039227e-02,1.69330646e+02,2.92078443e+01
2.95400000e+00,-2.53375024e-02,1.96449118e-01,3.95939562e-02,-1.55009428e-01,-1.77172810e+01,0.00000000e+00,1.70335810e-01,2.89618310e-02,1.66929094e+02,2.83825944e+01
2.95600000e+00,-2.49503721e-02,1.90678254e-01,3.92846621e-02,-1.54284125e-01,-1.77172810e+01,0.00000000e+00,1.68972683e-01,2.87445492e-02,1.65593229e+02,2.81696583e+01
2.95800000e+00,-2.45748210e-02,1.84860020e-01,3.89768802e-02,-1.53468028e-01,-1.77172810e+01,0.00000000e+00,1.68353318e-01,2.87123982e-02,1.64986251e+02,2.81381502e+01
2.96000000e+00,-2.42109905e-02,1.78954056e-01,3.86709536e-02,-1.52406594e-01,-1.77172810e+01,0.00000000e+00,1.68028604e-01,2.88220623e-02,1.64668032e+02,2.82456210e+01
2.96200000e+00,-2.38590681e-02,1.72953050e-01,3.83674762e-02,-1.51011677e-01,-1.77172810e+01,0.00000000e+00,1.67676923e-01,2.89782948e-02,1.64323384e+02,2.83987289e+01
2.96400000e+00,-2.35197198e-02,1.66139949e-01,3.80683135e-02,-1.47507071e-01,-1.77172810e+01,0.00000000e+00,1.84208178e-01,3.28217608e-02,1.80524014e+02,3.21653256e+01
2.96600000e+00,-2.31945460e-02,1.59270274e-01,3.77774472e-02,-1.44003419e-01,-1.77172810e+01,0.00000000e+00,1.66315398e-01,2.85590734e-02,1.62989090e+02,2.79878919e+01
2.96800000e+00,-2.28822119e-02,1.53040664e-01,3.74911932e-02,-1.42159609e-01,-1.77172810e+01,0.00000000e+00,1.66676575e-01,2.89281032e-02,1.63343044e+02,2.83495411e+01
2.97000000e+00,-2.25824593e-02,1.46697243e-01,3.72091607e-02,-1.39787893e-01,-1.77172810e+01,0.00000000e+00,1.66502061e-01,2.92633107e-02,1.63172019e+02,2.86780444e+01
2.97200000e+00,-2.22954849e-02,1.40260963e-01,3.69323474e-02,-1.36957657e-01,-1.77172810e+01,0.00000000e+00,1.66477600e-01,2.94939627e-02,1.63148048e+02,2.89040834e+01
2.97400000e+00,-2.20214036e-02,1.33842358e-01,3.66612367e-02,-1.34267418e-01,-1.77172810e+01,0.00000000e+00,1.63825335e-01,2.85810112e-02,1.60548828e+02,2.80093910e+01
2.97600000e+00,-2.17601080e-02,1.27434959e-01,3.63952570e-02,-1.31608291e-01,-1.77172810e+01,0.00000000e+00,1.64056647e-01,2.90476429e-02,1.60775514e+02,2.84666901e+01
2.97800000e+00,-2.15117107e-02,1.20957248e-01,3.61350440e-02,-1.28588575e-01,-1.77172810e+01,0.00000000e+00,1.63414208e-01,2.89649319e-02,1.60145923e+02,2.83856333e+01
2.98000000e+00,-2.12762655e-02,1.14499730e-01,3.58808326e-02,-1.25674020e-01,-1.77172810e+01,0.00000000e+00,1.61636355e-01,2.84625390e-02,1.58403628e+02,2.78932882e+01
2.98200000e+00,-2.10536881e-02,1.08077696e-01,3.56322855e-02,-1.22853037e-01,-1.77172810e+01,0.00000000e+00,1.60741902e-01,2.84123130e-02,1.57527064e+02,2.78440667e+01
2.98400000e+00,-2.08446581e-02,1.00600682e-01,3.53912935e-02,-1.17222787e-01,-1.77172810e+01,0.00000000e+00,1.84552965e-01,3.40129961e-02,1.80861906e+02,3.33327362e+01
2.98600000e+00,-2.06513096e-02,9.30873394e-02,3.51633936e-02,-1.11593486e-01,-1.77172810e+01,0.00000000e+00,1.59980408e-01,2.80820776e-02,1.56780799e+02,2.75204361e+01
2.98800000e+00,-2.04716520e-02,8.65590562e-02,3.49432316e-02,-1.08495951e-01,-1.77172810e+01,0.00000000e+00,1.60041543e-01,2.83830644e-02,1.56840712e+02,2.78154031e+01
2.99000000e+00,-2.03051191e-02,7.99621159e-02,3.47297700e-02,-1.04858093e-01,-1.77172810e+01,0.00000000e+00,1.60198412e-01,2.89098325e-02,1.56994444e+02,2.83316358e+01
2.99200000e+00,-2.01518599e-02,7.32807061e-02,3.45241967e-02,-1.00624185e-01,-1.77172810e+01,0.00000000e+00,1.60737073e-01,2.93388032e-02,1.57522332e+02,2.87520272e+01
2.99400000e+00,-2.00119410e-02,6.66821636e-02,3.43270456e-02,-9.67317115e-02,-1.77172810e+01,0.00000000e+00,1.57092714e-01,2.79098470e-02,1.53950860e+02,2.73516501e+01
2.99600000e+00,-1.98850557e-02,6.01968979e-02,3.41370251e-02,-9.32063884e-02,-1.77172810e+01,0.00000000e+00,1.57027852e-01,2.82952901e-02,1.53887295e+02,2.77293843e+01
2.99800000e+00,-1.97712187e-02,5.36137427e-02,3.39546904e-02,-8.89757077e-02,-1.77172810e+01,0.00000000e+00,1.58424086e-01,2.91282506e-02,1.55255605e+02,2.85456856e+01
3.00000000e+00,-1.96706104e-02,4.70161272e-02,3.37812656e-02,-8.45300146e-02,-1.77172810e+01,0.00000000e+00,1.56517443e-01,2.84970043e-02,1.53387094e+02,2.79270642e+01
